nohup: 忽略输入
1.9.0+cu111
cuda
Namespace(CVX_iterations=20, alg='FedKD', batch_size=64, beta=0.5, clip_grad=None, clock_frequency=array([3558535.2933062 , 3442657.47973045, 5698224.28494584,
       9087014.65110235, 5083969.39107156, 9552150.21231816,
       3239585.48573371, 1760245.04209194, 3466135.21986454,
       6090486.86182319]), code_len=32, dataset='FMNIST', duration_round=1000000, energy_threshold=1000000.0, eval_only=False, gamma=0.05, is_allocation=True, lam=0.5, lambda2=0.05, local_ep=5, log_frq=5, loss_F='MSE', lr=0.001, lr_sh_rate=10, method_Bandwidth='CVX', method_Frequency='CVX', method_Teacher='IL', method_tier='Random', model='CNN', num_classes=10, num_clients=10, num_epochs=50, num_tiers=1, part=0.1, sample_method='Dirichlet', sampling_rate=1, save_model=True, seed=0, std=2, temp=1, tol=0.001, total_bandwidth=1e+30, transmit_power=0.5, upload_model=True, use_lrschd=False)
idx_batch [6260, 4975, 5977, 6056, 4360, 6274, 5714, 6651, 5615, 8118]
idx_batch_test [1040, 826, 999, 1008, 728, 1046, 952, 1107, 936, 1358]
min_size 728
Loaders_test[0] is empty: False
Loaders_test[1] is empty: False
Loaders_test[2] is empty: False
Loaders_test[3] is empty: False
Loaders_test[4] is empty: False
Loaders_test[5] is empty: False
Loaders_test[6] is empty: False
Loaders_test[7] is empty: False
Loaders_test[8] is empty: False
Loaders_test[9] is empty: False
Length of Loaders_test[0]: 208
Length of Loaders_test[1]: 165
Length of Loaders_test[2]: 199
Length of Loaders_test[3]: 201
Length of Loaders_test[4]: 145
Length of Loaders_test[5]: 209
Length of Loaders_test[6]: 190
Length of Loaders_test[7]: 221
Length of Loaders_test[8]: 187
Length of Loaders_test[9]: 271
Length of global_loader_test: 195
len(Loaders_train) 9
Client 0 data distribution:
[114, 17, 0, 87, 16, 9, 151, 52, 130, 0]
Client 1 data distribution:
[5, 1, 29, 8, 127, 62, 195, 3, 15, 3]
Client 2 data distribution:
[4, 62, 35, 111, 8, 175, 4, 162, 3, 12]
Client 3 data distribution:
[13, 174, 161, 18, 30, 12, 111, 50, 7, 0]
Client 4 data distribution:
[163, 0, 5, 2, 106, 9, 5, 20, 65, 9]
Client 5 data distribution:
[26, 82, 257, 73, 138, 0, 0, 0, 0, 0]
Client 6 data distribution:
[2, 14, 8, 18, 26, 140, 27, 164, 113, 0]
Client 7 data distribution:
[6, 47, 7, 157, 95, 3, 22, 68, 162, 73]
Client 8 data distribution:
[184, 58, 15, 19, 6, 21, 53, 0, 18, 138]
Client 9 data distribution:
[17, 73, 57, 65, 5, 128, 10, 36, 43, 334]
Checkpoint dir: ./checkpoint/FMNIST/
CNN
# model parameters: 15722
variances:  [0.3629149589082665, 0.9576674269987132, 0.9123420069588598, 0.40690338404331317, 0.9669374111845102, 0.03584113952107326, 0.2028165679319468, 0.898279142410506, 0.5010094081839137, 0.830163557570702]
h:  [6.56940601e-01 4.66598392e+00 2.06875696e-02 2.27516770e-01
 4.23827610e-02 1.80223614e-03 3.71238945e-01 7.83039553e+00
 4.73291080e-02 6.91287424e-01]
Random
tiered_clients:  {1: [7, 3, 0, 8, 9, 5, 4, 1, 2, 6]}

 | Global Training Round : 1 |

xi_k [0.50906779 0.50147487 0.53530665 0.52725283 0.48547925 0.50708039
 0.49874449 0.52900036 0.50202157 0.52139812]
max_exp: -1.0
coe: 10
Regulation [0.8 0.8 0.8 0.8 0.8 0.8 0.8 0.8 0.8 0.8]
Solver status: optimal_inaccurate
b_new: [1. 1. 1. 1. 1. 1. 1. 1. 1. 1.]
Iter 0: obj=50.7683, best_obj=50.7683, ||b_new-b_prev||₂=2.846050
xi_k [0.50906779 0.50147487 0.53530665 0.52725283 0.48547925 0.50708039
 0.49874449 0.52900036 0.50202157 0.52139812]
max_exp: -1.0
coe: 10
Regulation [-1. -1. -1. -1. -1. -1. -1. -1. -1. -1.]
Solver status: optimal_inaccurate
b_new: [1. 1. 1. 1. 1. 1. 1. 1. 1. 1.]
Iter 1: obj=51.6683, best_obj=51.6683, ||b_new-b_prev||₂=0.000000
Converged.
Final b: [1. 1. 1. 1. 1. 1. 1. 1. 1. 1.]
<class 'numpy.ndarray'>
b_float: [1. 1. 1. 1. 1. 1. 1. 1. 1. 1.]
b: [1 1 1 1 1 1 1 1 1 1]
active_clients:  [0, 1, 2, 3, 4, 5, 6, 7, 8, 9]
Client 0's s_k are:[0 0 0 0 0 0 0 0 0 0]
Client 1's s_k are:[0 0 0 0 0 0 0 0 0 0]
Client 2's s_k are:[0 0 0 0 0 0 0 0 0 0]
Client 3's s_k are:[0 0 0 0 0 0 0 0 0 0]
Client 4's s_k are:[0 0 0 0 0 0 0 0 0 0]
Client 5's s_k are:[0 0 0 0 0 0 0 0 0 0]
Client 6's s_k are:[0 0 0 0 0 0 0 0 0 0]
Client 7's s_k are:[0 0 0 0 0 0 0 0 0 0]
Client 8's s_k are:[0 0 0 0 0 0 0 0 0 0]
Client 9's s_k are:[0 0 0 0 0 0 0 0 0 0]
| Global Round : 1 | Client :0 | Local Epoch : 0 | [64/626 (11%)]	Loss1: 5.950448 Loss2: 0.000000 
| Global Round : 1 | Client :0 | Local Epoch : 1 | [64/626 (11%)]	Loss1: 5.884149 Loss2: 0.000000 
| Global Round : 1 | Client :0 | Local Epoch : 2 | [64/626 (11%)]	Loss1: 5.870992 Loss2: 0.000000 
| Global Round : 1 | Client :0 | Local Epoch : 3 | [64/626 (11%)]	Loss1: 5.868040 Loss2: 0.000000 
| Global Round : 1 | Client :0 | Local Epoch : 4 | [64/626 (11%)]	Loss1: 5.859803 Loss2: 0.000000 
| Global Round : 1 | Client :1 | Local Epoch : 0 | [64/497 (14%)]	Loss1: 5.965695 Loss2: 0.000000 
| Global Round : 1 | Client :1 | Local Epoch : 1 | [64/497 (14%)]	Loss1: 5.891061 Loss2: 0.000000 
| Global Round : 1 | Client :1 | Local Epoch : 2 | [64/497 (14%)]	Loss1: 5.882717 Loss2: 0.000000 
| Global Round : 1 | Client :1 | Local Epoch : 3 | [64/497 (14%)]	Loss1: 5.874964 Loss2: 0.000000 
| Global Round : 1 | Client :1 | Local Epoch : 4 | [64/497 (14%)]	Loss1: 5.869007 Loss2: 0.000000 
| Global Round : 1 | Client :2 | Local Epoch : 0 | [64/597 (11%)]	Loss1: 5.959173 Loss2: 0.000000 
| Global Round : 1 | Client :2 | Local Epoch : 1 | [64/597 (11%)]	Loss1: 5.882852 Loss2: 0.000000 
| Global Round : 1 | Client :2 | Local Epoch : 2 | [64/597 (11%)]	Loss1: 5.869213 Loss2: 0.000000 
| Global Round : 1 | Client :2 | Local Epoch : 3 | [64/597 (11%)]	Loss1: 5.863506 Loss2: 0.000000 
| Global Round : 1 | Client :2 | Local Epoch : 4 | [64/597 (11%)]	Loss1: 5.863403 Loss2: 0.000000 
| Global Round : 1 | Client :3 | Local Epoch : 0 | [64/605 (11%)]	Loss1: 5.951374 Loss2: 0.000000 
| Global Round : 1 | Client :3 | Local Epoch : 1 | [64/605 (11%)]	Loss1: 5.884862 Loss2: 0.000000 
| Global Round : 1 | Client :3 | Local Epoch : 2 | [64/605 (11%)]	Loss1: 5.871634 Loss2: 0.000000 
| Global Round : 1 | Client :3 | Local Epoch : 3 | [64/605 (11%)]	Loss1: 5.864225 Loss2: 0.000000 
| Global Round : 1 | Client :3 | Local Epoch : 4 | [64/605 (11%)]	Loss1: 5.863125 Loss2: 0.000000 
| Global Round : 1 | Client :4 | Local Epoch : 0 | [64/436 (17%)]	Loss1: 5.941450 Loss2: 0.000000 
| Global Round : 1 | Client :4 | Local Epoch : 1 | [64/436 (17%)]	Loss1: 5.874865 Loss2: 0.000000 
| Global Round : 1 | Client :4 | Local Epoch : 2 | [64/436 (17%)]	Loss1: 5.871264 Loss2: 0.000000 
| Global Round : 1 | Client :4 | Local Epoch : 3 | [64/436 (17%)]	Loss1: 5.866931 Loss2: 0.000000 
| Global Round : 1 | Client :4 | Local Epoch : 4 | [64/436 (17%)]	Loss1: 5.862439 Loss2: 0.000000 
| Global Round : 1 | Client :5 | Local Epoch : 0 | [64/627 (11%)]	Loss1: 5.945651 Loss2: 0.000000 
| Global Round : 1 | Client :5 | Local Epoch : 1 | [64/627 (11%)]	Loss1: 5.875280 Loss2: 0.000000 
| Global Round : 1 | Client :5 | Local Epoch : 2 | [64/627 (11%)]	Loss1: 5.867864 Loss2: 0.000000 
| Global Round : 1 | Client :5 | Local Epoch : 3 | [64/627 (11%)]	Loss1: 5.864849 Loss2: 0.000000 
| Global Round : 1 | Client :5 | Local Epoch : 4 | [64/627 (11%)]	Loss1: 5.866071 Loss2: 0.000000 
| Global Round : 1 | Client :6 | Local Epoch : 0 | [64/571 (12%)]	Loss1: 5.975156 Loss2: 0.000000 
| Global Round : 1 | Client :6 | Local Epoch : 1 | [64/571 (12%)]	Loss1: 5.882180 Loss2: 0.000000 
| Global Round : 1 | Client :6 | Local Epoch : 2 | [64/571 (12%)]	Loss1: 5.873562 Loss2: 0.000000 
| Global Round : 1 | Client :6 | Local Epoch : 3 | [64/571 (12%)]	Loss1: 5.868979 Loss2: 0.000000 
| Global Round : 1 | Client :6 | Local Epoch : 4 | [64/571 (12%)]	Loss1: 5.863290 Loss2: 0.000000 
| Global Round : 1 | Client :7 | Local Epoch : 0 | [64/665 (10%)]	Loss1: 5.930214 Loss2: 0.000000 
| Global Round : 1 | Client :7 | Local Epoch : 1 | [64/665 (10%)]	Loss1: 5.871213 Loss2: 0.000000 
| Global Round : 1 | Client :7 | Local Epoch : 2 | [64/665 (10%)]	Loss1: 5.863698 Loss2: 0.000000 
| Global Round : 1 | Client :7 | Local Epoch : 3 | [64/665 (10%)]	Loss1: 5.860884 Loss2: 0.000000 
| Global Round : 1 | Client :7 | Local Epoch : 4 | [64/665 (10%)]	Loss1: 5.859858 Loss2: 0.000000 
| Global Round : 1 | Client :8 | Local Epoch : 0 | [64/561 (12%)]	Loss1: 5.934785 Loss2: 0.000000 
| Global Round : 1 | Client :8 | Local Epoch : 1 | [64/561 (12%)]	Loss1: 5.871967 Loss2: 0.000000 
| Global Round : 1 | Client :8 | Local Epoch : 2 | [64/561 (12%)]	Loss1: 5.864967 Loss2: 0.000000 
| Global Round : 1 | Client :8 | Local Epoch : 3 | [64/561 (12%)]	Loss1: 5.864746 Loss2: 0.000000 
| Global Round : 1 | Client :8 | Local Epoch : 4 | [64/561 (12%)]	Loss1: 5.858510 Loss2: 0.000000 
| Global Round : 1 | Client :9 | Local Epoch : 0 | [64/811 (8%)]	Loss1: 5.940648 Loss2: 0.000000 
| Global Round : 1 | Client :9 | Local Epoch : 0 | [704/811 (92%)]	Loss1: 5.869736 Loss2: 0.000000 
| Global Round : 1 | Client :9 | Local Epoch : 1 | [64/811 (8%)]	Loss1: 5.868392 Loss2: 0.000000 
| Global Round : 1 | Client :9 | Local Epoch : 1 | [704/811 (92%)]	Loss1: 5.862127 Loss2: 0.000000 
| Global Round : 1 | Client :9 | Local Epoch : 2 | [64/811 (8%)]	Loss1: 5.862267 Loss2: 0.000000 
| Global Round : 1 | Client :9 | Local Epoch : 2 | [704/811 (92%)]	Loss1: 5.857371 Loss2: 0.000000 
| Global Round : 1 | Client :9 | Local Epoch : 3 | [64/811 (8%)]	Loss1: 5.856767 Loss2: 0.000000 
| Global Round : 1 | Client :9 | Local Epoch : 3 | [704/811 (92%)]	Loss1: 5.855055 Loss2: 0.000000 
| Global Round : 1 | Client :9 | Local Epoch : 4 | [64/811 (8%)]	Loss1: 5.855083 Loss2: 0.000000 
| Global Round : 1 | Client :9 | Local Epoch : 4 | [704/811 (92%)]	Loss1: 5.849477 Loss2: 0.000000 
<frozen importlib._bootstrap>:219: RuntimeWarning: scipy._lib.messagestream.MessageStream size changed, may indicate binary incompatibility. Expected 56 from C header, got 64 from PyObject
/home/gyh/anaconda3/envs/pt_38py_env/lib/python3.8/site-packages/torchvision/datasets/mnist.py:498: UserWarning: The given NumPy array is not writeable, and PyTorch does not support non-writeable tensors. This means you can write to the underlying (supposedly non-writeable) NumPy array using the tensor. You may want to copy the array to protect its data or make it writeable before converting it to a tensor. This type of warning will be suppressed for the rest of this program. (Triggered internally at  /pytorch/torch/csrc/utils/tensor_numpy.cpp:180.)
  return torch.from_numpy(parsed.astype(m[2], copy=False)).view(*s)
/home/gyh/anaconda3/envs/pt_38py_env/lib/python3.8/site-packages/torch/nn/functional.py:718: UserWarning: Named tensors and all their associated APIs are an experimental feature and subject to change. Please do not use them for anything important until they are released as stable. (Triggered internally at  /pytorch/c10/core/TensorImpl.h:1156.)
  return torch.max_pool2d(input, kernel_size, stride, padding, dilation, ceil_mode)
/home/gyh/anaconda3/envs/pt_38py_env/lib/python3.8/site-packages/cvxpy/problems/problem.py:1407: UserWarning: Solution may be inaccurate. Try another solver, adjusting the solver settings, or solve with verbose=True for more information.
  warnings.warn(
average loss:   5.8531173702648704
average local test accuracy: 0.6917968749999999
average global test accuracy:  0.31614583333333335

 | Global Training Round : 2 |

xi_k [0.4927181  0.48316093 0.51617172 0.5091203  0.47191217 0.49177866
 0.47978735 0.51498838 0.48823499 0.50608291]
max_exp: -1.0
coe: 10
Regulation [0.8 0.8 0.8 0.8 0.8 0.8 0.8 0.8 0.8 0.8]
Solver status: optimal_inaccurate
b_new: [1. 1. 1. 1. 1. 1. 1. 1. 1. 1.]
Iter 0: obj=49.1396, best_obj=49.1396, ||b_new-b_prev||₂=2.846050
xi_k [0.4927181  0.48316093 0.51617172 0.5091203  0.47191217 0.49177866
 0.47978735 0.51498838 0.48823499 0.50608291]
max_exp: -1.0
coe: 10
Regulation [-1. -1. -1. -1. -1. -1. -1. -1. -1. -1.]
Solver status: optimal_inaccurate
b_new: [1. 1. 1. 1. 1. 1. 1. 1. 1. 1.]
Iter 1: obj=50.0396, best_obj=50.0396, ||b_new-b_prev||₂=0.000000
Converged.
Final b: [1. 1. 1. 1. 1. 1. 1. 1. 1. 1.]
<class 'numpy.ndarray'>
b_float: [1. 1. 1. 1. 1. 1. 1. 1. 1. 1.]
b: [1 1 1 1 1 1 1 1 1 1]
active_clients:  [0, 1, 2, 3, 4, 5, 6, 7, 8, 9]
Client 0's s_k are:[0 0 0 0 0 0 0 0 0 0]
Client 1's s_k are:[0 0 0 0 0 0 0 0 0 0]
Client 2's s_k are:[0 0 0 0 0 0 0 0 0 0]
Client 3's s_k are:[0 0 0 0 0 0 0 0 0 0]
Client 4's s_k are:[0 0 0 0 0 0 0 0 0 0]
Client 5's s_k are:[0 0 0 0 0 0 0 0 0 0]
Client 6's s_k are:[0 0 0 0 0 0 0 0 0 0]
Client 7's s_k are:[0 0 0 0 0 0 0 0 0 0]
Client 8's s_k are:[0 0 0 0 0 0 0 0 0 0]
Client 9's s_k are:[0 0 0 0 0 0 0 0 0 0]
| Global Round : 2 | Client :0 | Local Epoch : 0 | [64/626 (11%)]	Loss1: 5.859579 Loss2: 0.000000 
| Global Round : 2 | Client :0 | Local Epoch : 1 | [64/626 (11%)]	Loss1: 5.857691 Loss2: 0.000000 
| Global Round : 2 | Client :0 | Local Epoch : 2 | [64/626 (11%)]	Loss1: 5.856670 Loss2: 0.000000 
| Global Round : 2 | Client :0 | Local Epoch : 3 | [64/626 (11%)]	Loss1: 5.854839 Loss2: 0.000000 
| Global Round : 2 | Client :0 | Local Epoch : 4 | [64/626 (11%)]	Loss1: 5.854890 Loss2: 0.000000 
| Global Round : 2 | Client :1 | Local Epoch : 0 | [64/497 (14%)]	Loss1: 5.866461 Loss2: 0.000000 
| Global Round : 2 | Client :1 | Local Epoch : 1 | [64/497 (14%)]	Loss1: 5.860400 Loss2: 0.000000 
| Global Round : 2 | Client :1 | Local Epoch : 2 | [64/497 (14%)]	Loss1: 5.858856 Loss2: 0.000000 
| Global Round : 2 | Client :1 | Local Epoch : 3 | [64/497 (14%)]	Loss1: 5.859788 Loss2: 0.000000 
| Global Round : 2 | Client :1 | Local Epoch : 4 | [64/497 (14%)]	Loss1: 5.857501 Loss2: 0.000000 
| Global Round : 2 | Client :2 | Local Epoch : 0 | [64/597 (11%)]	Loss1: 5.860958 Loss2: 0.000000 
| Global Round : 2 | Client :2 | Local Epoch : 1 | [64/597 (11%)]	Loss1: 5.857892 Loss2: 0.000000 
| Global Round : 2 | Client :2 | Local Epoch : 2 | [64/597 (11%)]	Loss1: 5.855742 Loss2: 0.000000 
| Global Round : 2 | Client :2 | Local Epoch : 3 | [64/597 (11%)]	Loss1: 5.852503 Loss2: 0.000000 
| Global Round : 2 | Client :2 | Local Epoch : 4 | [64/597 (11%)]	Loss1: 5.853418 Loss2: 0.000000 
| Global Round : 2 | Client :3 | Local Epoch : 0 | [64/605 (11%)]	Loss1: 5.862113 Loss2: 0.000000 
| Global Round : 2 | Client :3 | Local Epoch : 1 | [64/605 (11%)]	Loss1: 5.857960 Loss2: 0.000000 
| Global Round : 2 | Client :3 | Local Epoch : 2 | [64/605 (11%)]	Loss1: 5.857065 Loss2: 0.000000 
| Global Round : 2 | Client :3 | Local Epoch : 3 | [64/605 (11%)]	Loss1: 5.853762 Loss2: 0.000000 
| Global Round : 2 | Client :3 | Local Epoch : 4 | [64/605 (11%)]	Loss1: 5.854819 Loss2: 0.000000 
| Global Round : 2 | Client :4 | Local Epoch : 0 | [64/436 (17%)]	Loss1: 5.861255 Loss2: 0.000000 
| Global Round : 2 | Client :4 | Local Epoch : 1 | [64/436 (17%)]	Loss1: 5.858212 Loss2: 0.000000 
| Global Round : 2 | Client :4 | Local Epoch : 2 | [64/436 (17%)]	Loss1: 5.856409 Loss2: 0.000000 
| Global Round : 2 | Client :4 | Local Epoch : 3 | [64/436 (17%)]	Loss1: 5.853086 Loss2: 0.000000 
| Global Round : 2 | Client :4 | Local Epoch : 4 | [64/436 (17%)]	Loss1: 5.851211 Loss2: 0.000000 
| Global Round : 2 | Client :5 | Local Epoch : 0 | [64/627 (11%)]	Loss1: 5.858803 Loss2: 0.000000 
| Global Round : 2 | Client :5 | Local Epoch : 1 | [64/627 (11%)]	Loss1: 5.855627 Loss2: 0.000000 
| Global Round : 2 | Client :5 | Local Epoch : 2 | [64/627 (11%)]	Loss1: 5.853588 Loss2: 0.000000 
| Global Round : 2 | Client :5 | Local Epoch : 3 | [64/627 (11%)]	Loss1: 5.852253 Loss2: 0.000000 
| Global Round : 2 | Client :5 | Local Epoch : 4 | [64/627 (11%)]	Loss1: 5.851758 Loss2: 0.000000 
| Global Round : 2 | Client :6 | Local Epoch : 0 | [64/571 (12%)]	Loss1: 5.862966 Loss2: 0.000000 
| Global Round : 2 | Client :6 | Local Epoch : 1 | [64/571 (12%)]	Loss1: 5.863117 Loss2: 0.000000 
| Global Round : 2 | Client :6 | Local Epoch : 2 | [64/571 (12%)]	Loss1: 5.855955 Loss2: 0.000000 
| Global Round : 2 | Client :6 | Local Epoch : 3 | [64/571 (12%)]	Loss1: 5.857151 Loss2: 0.000000 
| Global Round : 2 | Client :6 | Local Epoch : 4 | [64/571 (12%)]	Loss1: 5.853755 Loss2: 0.000000 
| Global Round : 2 | Client :7 | Local Epoch : 0 | [64/665 (10%)]	Loss1: 5.856361 Loss2: 0.000000 
| Global Round : 2 | Client :7 | Local Epoch : 1 | [64/665 (10%)]	Loss1: 5.856859 Loss2: 0.000000 
| Global Round : 2 | Client :7 | Local Epoch : 2 | [64/665 (10%)]	Loss1: 5.852942 Loss2: 0.000000 
| Global Round : 2 | Client :7 | Local Epoch : 3 | [64/665 (10%)]	Loss1: 5.850534 Loss2: 0.000000 
| Global Round : 2 | Client :7 | Local Epoch : 4 | [64/665 (10%)]	Loss1: 5.852802 Loss2: 0.000000 
| Global Round : 2 | Client :8 | Local Epoch : 0 | [64/561 (12%)]	Loss1: 5.855900 Loss2: 0.000000 
| Global Round : 2 | Client :8 | Local Epoch : 1 | [64/561 (12%)]	Loss1: 5.856027 Loss2: 0.000000 
| Global Round : 2 | Client :8 | Local Epoch : 2 | [64/561 (12%)]	Loss1: 5.853917 Loss2: 0.000000 
| Global Round : 2 | Client :8 | Local Epoch : 3 | [64/561 (12%)]	Loss1: 5.851384 Loss2: 0.000000 
| Global Round : 2 | Client :8 | Local Epoch : 4 | [64/561 (12%)]	Loss1: 5.848016 Loss2: 0.000000 
| Global Round : 2 | Client :9 | Local Epoch : 0 | [64/811 (8%)]	Loss1: 5.854194 Loss2: 0.000000 
| Global Round : 2 | Client :9 | Local Epoch : 0 | [704/811 (92%)]	Loss1: 5.851277 Loss2: 0.000000 
| Global Round : 2 | Client :9 | Local Epoch : 1 | [64/811 (8%)]	Loss1: 5.848913 Loss2: 0.000000 
| Global Round : 2 | Client :9 | Local Epoch : 1 | [704/811 (92%)]	Loss1: 5.850631 Loss2: 0.000000 
| Global Round : 2 | Client :9 | Local Epoch : 2 | [64/811 (8%)]	Loss1: 5.847922 Loss2: 0.000000 
| Global Round : 2 | Client :9 | Local Epoch : 2 | [704/811 (92%)]	Loss1: 5.850870 Loss2: 0.000000 
| Global Round : 2 | Client :9 | Local Epoch : 3 | [64/811 (8%)]	Loss1: 5.849044 Loss2: 0.000000 
| Global Round : 2 | Client :9 | Local Epoch : 3 | [704/811 (92%)]	Loss1: 5.849447 Loss2: 0.000000 
| Global Round : 2 | Client :9 | Local Epoch : 4 | [64/811 (8%)]	Loss1: 5.849503 Loss2: 0.000000 
| Global Round : 2 | Client :9 | Local Epoch : 4 | [704/811 (92%)]	Loss1: 5.847472 Loss2: 0.000000 
average loss:   5.847925744454066
average local test accuracy: 0.7865885416666666
average global test accuracy:  0.4333333333333333

 | Global Training Round : 3 |

xi_k [0.49187125 0.48235797 0.51508722 0.50892088 0.47058305 0.49077767
 0.47914751 0.51399102 0.4874117  0.50531948]
max_exp: -1.0
coe: 10
Regulation [0.8 0.8 0.8 0.8 0.8 0.8 0.8 0.8 0.8 0.8]
Solver status: optimal_inaccurate
b_new: [1. 1. 1. 1. 1. 1. 1. 1. 1. 1.]
Iter 0: obj=49.0547, best_obj=49.0547, ||b_new-b_prev||₂=2.846050
xi_k [0.49187125 0.48235797 0.51508722 0.50892088 0.47058305 0.49077767
 0.47914751 0.51399102 0.4874117  0.50531948]
max_exp: -1.0
coe: 10
Regulation [-1. -1. -1. -1. -1. -1. -1. -1. -1. -1.]
Solver status: optimal_inaccurate
b_new: [1. 1. 1. 1. 1. 1. 1. 1. 1. 1.]
Iter 1: obj=49.9547, best_obj=49.9547, ||b_new-b_prev||₂=0.000000
Converged.
Final b: [1. 1. 1. 1. 1. 1. 1. 1. 1. 1.]
<class 'numpy.ndarray'>
b_float: [1. 1. 1. 1. 1. 1. 1. 1. 1. 1.]
b: [1 1 1 1 1 1 1 1 1 1]
active_clients:  [0, 1, 2, 3, 4, 5, 6, 7, 8, 9]
Client 0's s_k are:[0 0 0 0 0 0 0 0 0 0]
Client 1's s_k are:[0 0 0 0 0 0 0 0 0 0]
Client 2's s_k are:[0 0 0 0 0 0 0 0 0 0]
Client 3's s_k are:[0 0 0 0 0 0 0 0 0 0]
Client 4's s_k are:[0 0 0 0 0 0 0 0 0 0]
Client 5's s_k are:[0 0 0 0 0 0 0 0 0 0]
Client 6's s_k are:[0 0 0 0 0 0 0 0 0 0]
Client 7's s_k are:[0 0 0 0 0 0 0 0 0 0]
Client 8's s_k are:[0 0 0 0 0 0 0 0 0 0]
Client 9's s_k are:[0 0 0 0 0 0 0 0 0 0]
| Global Round : 3 | Client :0 | Local Epoch : 0 | [64/626 (11%)]	Loss1: 5.854693 Loss2: 0.000000 
| Global Round : 3 | Client :0 | Local Epoch : 1 | [64/626 (11%)]	Loss1: 5.853456 Loss2: 0.000000 
| Global Round : 3 | Client :0 | Local Epoch : 2 | [64/626 (11%)]	Loss1: 5.850485 Loss2: 0.000000 
| Global Round : 3 | Client :0 | Local Epoch : 3 | [64/626 (11%)]	Loss1: 5.851985 Loss2: 0.000000 
| Global Round : 3 | Client :0 | Local Epoch : 4 | [64/626 (11%)]	Loss1: 5.849319 Loss2: 0.000000 
| Global Round : 3 | Client :1 | Local Epoch : 0 | [64/497 (14%)]	Loss1: 5.856736 Loss2: 0.000000 
| Global Round : 3 | Client :1 | Local Epoch : 1 | [64/497 (14%)]	Loss1: 5.854916 Loss2: 0.000000 
| Global Round : 3 | Client :1 | Local Epoch : 2 | [64/497 (14%)]	Loss1: 5.855096 Loss2: 0.000000 
| Global Round : 3 | Client :1 | Local Epoch : 3 | [64/497 (14%)]	Loss1: 5.854350 Loss2: 0.000000 
| Global Round : 3 | Client :1 | Local Epoch : 4 | [64/497 (14%)]	Loss1: 5.850514 Loss2: 0.000000 
| Global Round : 3 | Client :2 | Local Epoch : 0 | [64/597 (11%)]	Loss1: 5.849409 Loss2: 0.000000 
| Global Round : 3 | Client :2 | Local Epoch : 1 | [64/597 (11%)]	Loss1: 5.849149 Loss2: 0.000000 
| Global Round : 3 | Client :2 | Local Epoch : 2 | [64/597 (11%)]	Loss1: 5.848458 Loss2: 0.000000 
| Global Round : 3 | Client :2 | Local Epoch : 3 | [64/597 (11%)]	Loss1: 5.845990 Loss2: 0.000000 
| Global Round : 3 | Client :2 | Local Epoch : 4 | [64/597 (11%)]	Loss1: 5.846891 Loss2: 0.000000 
| Global Round : 3 | Client :3 | Local Epoch : 0 | [64/605 (11%)]	Loss1: 5.853925 Loss2: 0.000000 
| Global Round : 3 | Client :3 | Local Epoch : 1 | [64/605 (11%)]	Loss1: 5.848900 Loss2: 0.000000 
| Global Round : 3 | Client :3 | Local Epoch : 2 | [64/605 (11%)]	Loss1: 5.850586 Loss2: 0.000000 
| Global Round : 3 | Client :3 | Local Epoch : 3 | [64/605 (11%)]	Loss1: 5.850414 Loss2: 0.000000 
| Global Round : 3 | Client :3 | Local Epoch : 4 | [64/605 (11%)]	Loss1: 5.849900 Loss2: 0.000000 
| Global Round : 3 | Client :4 | Local Epoch : 0 | [64/436 (17%)]	Loss1: 5.852718 Loss2: 0.000000 
| Global Round : 3 | Client :4 | Local Epoch : 1 | [64/436 (17%)]	Loss1: 5.852221 Loss2: 0.000000 
| Global Round : 3 | Client :4 | Local Epoch : 2 | [64/436 (17%)]	Loss1: 5.850401 Loss2: 0.000000 
| Global Round : 3 | Client :4 | Local Epoch : 3 | [64/436 (17%)]	Loss1: 5.848493 Loss2: 0.000000 
| Global Round : 3 | Client :4 | Local Epoch : 4 | [64/436 (17%)]	Loss1: 5.847412 Loss2: 0.000000 
| Global Round : 3 | Client :5 | Local Epoch : 0 | [64/627 (11%)]	Loss1: 5.851737 Loss2: 0.000000 
| Global Round : 3 | Client :5 | Local Epoch : 1 | [64/627 (11%)]	Loss1: 5.851741 Loss2: 0.000000 
| Global Round : 3 | Client :5 | Local Epoch : 2 | [64/627 (11%)]	Loss1: 5.849449 Loss2: 0.000000 
| Global Round : 3 | Client :5 | Local Epoch : 3 | [64/627 (11%)]	Loss1: 5.848645 Loss2: 0.000000 
| Global Round : 3 | Client :5 | Local Epoch : 4 | [64/627 (11%)]	Loss1: 5.847347 Loss2: 0.000000 
| Global Round : 3 | Client :6 | Local Epoch : 0 | [64/571 (12%)]	Loss1: 5.852891 Loss2: 0.000000 
| Global Round : 3 | Client :6 | Local Epoch : 1 | [64/571 (12%)]	Loss1: 5.853296 Loss2: 0.000000 
| Global Round : 3 | Client :6 | Local Epoch : 2 | [64/571 (12%)]	Loss1: 5.849954 Loss2: 0.000000 
| Global Round : 3 | Client :6 | Local Epoch : 3 | [64/571 (12%)]	Loss1: 5.853407 Loss2: 0.000000 
| Global Round : 3 | Client :6 | Local Epoch : 4 | [64/571 (12%)]	Loss1: 5.851518 Loss2: 0.000000 
| Global Round : 3 | Client :7 | Local Epoch : 0 | [64/665 (10%)]	Loss1: 5.851022 Loss2: 0.000000 
| Global Round : 3 | Client :7 | Local Epoch : 1 | [64/665 (10%)]	Loss1: 5.850120 Loss2: 0.000000 
| Global Round : 3 | Client :7 | Local Epoch : 2 | [64/665 (10%)]	Loss1: 5.847672 Loss2: 0.000000 
| Global Round : 3 | Client :7 | Local Epoch : 3 | [64/665 (10%)]	Loss1: 5.849010 Loss2: 0.000000 
| Global Round : 3 | Client :7 | Local Epoch : 4 | [64/665 (10%)]	Loss1: 5.847505 Loss2: 0.000000 
| Global Round : 3 | Client :8 | Local Epoch : 0 | [64/561 (12%)]	Loss1: 5.850299 Loss2: 0.000000 
| Global Round : 3 | Client :8 | Local Epoch : 1 | [64/561 (12%)]	Loss1: 5.848637 Loss2: 0.000000 
| Global Round : 3 | Client :8 | Local Epoch : 2 | [64/561 (12%)]	Loss1: 5.852137 Loss2: 0.000000 
| Global Round : 3 | Client :8 | Local Epoch : 3 | [64/561 (12%)]	Loss1: 5.848106 Loss2: 0.000000 
| Global Round : 3 | Client :8 | Local Epoch : 4 | [64/561 (12%)]	Loss1: 5.847553 Loss2: 0.000000 
| Global Round : 3 | Client :9 | Local Epoch : 0 | [64/811 (8%)]	Loss1: 5.847263 Loss2: 0.000000 
| Global Round : 3 | Client :9 | Local Epoch : 0 | [704/811 (92%)]	Loss1: 5.846960 Loss2: 0.000000 
| Global Round : 3 | Client :9 | Local Epoch : 1 | [64/811 (8%)]	Loss1: 5.846596 Loss2: 0.000000 
| Global Round : 3 | Client :9 | Local Epoch : 1 | [704/811 (92%)]	Loss1: 5.847702 Loss2: 0.000000 
| Global Round : 3 | Client :9 | Local Epoch : 2 | [64/811 (8%)]	Loss1: 5.846401 Loss2: 0.000000 
| Global Round : 3 | Client :9 | Local Epoch : 2 | [704/811 (92%)]	Loss1: 5.846591 Loss2: 0.000000 
| Global Round : 3 | Client :9 | Local Epoch : 3 | [64/811 (8%)]	Loss1: 5.847613 Loss2: 0.000000 
| Global Round : 3 | Client :9 | Local Epoch : 3 | [704/811 (92%)]	Loss1: 5.846118 Loss2: 0.000000 
| Global Round : 3 | Client :9 | Local Epoch : 4 | [64/811 (8%)]	Loss1: 5.846274 Loss2: 0.000000 
| Global Round : 3 | Client :9 | Local Epoch : 4 | [704/811 (92%)]	Loss1: 5.845375 Loss2: 0.000000 
average loss:   5.8456641203070445
average local test accuracy: 0.8184895833333334
average global test accuracy:  0.4446614583333333

 | Global Training Round : 4 |

xi_k [0.49145744 0.48199342 0.51468898 0.50851374 0.47025377 0.49044419
 0.47866205 0.51369564 0.48713235 0.50503501]
max_exp: -1.0
coe: 10
Regulation [0.8 0.8 0.8 0.8 0.8 0.8 0.8 0.8 0.8 0.8]
Solver status: optimal_inaccurate
b_new: [1. 1. 1. 1. 1. 1. 1. 1. 1. 1.]
Iter 0: obj=49.0188, best_obj=49.0188, ||b_new-b_prev||₂=2.846050
xi_k [0.49145744 0.48199342 0.51468898 0.50851374 0.47025377 0.49044419
 0.47866205 0.51369564 0.48713235 0.50503501]
max_exp: -1.0
coe: 10
Regulation [-1. -1. -1. -1. -1. -1. -1. -1. -1. -1.]
Solver status: optimal_inaccurate
b_new: [1. 1. 1. 1. 1. 1. 1. 1. 1. 1.]
Iter 1: obj=49.9188, best_obj=49.9188, ||b_new-b_prev||₂=0.000000
Converged.
Final b: [1. 1. 1. 1. 1. 1. 1. 1. 1. 1.]
<class 'numpy.ndarray'>
b_float: [1. 1. 1. 1. 1. 1. 1. 1. 1. 1.]
b: [1 1 1 1 1 1 1 1 1 1]
active_clients:  [0, 1, 2, 3, 4, 5, 6, 7, 8, 9]
Client 0's s_k are:[0 0 0 0 0 0 0 0 0 0]
Client 1's s_k are:[0 0 0 0 0 0 0 0 0 0]
Client 2's s_k are:[0 0 0 0 0 0 0 0 0 0]
Client 3's s_k are:[0 0 0 0 0 0 0 0 0 0]
Client 4's s_k are:[0 0 0 0 0 0 0 0 0 0]
Client 5's s_k are:[0 0 0 0 0 0 0 0 0 0]
Client 6's s_k are:[0 0 0 0 0 0 0 0 0 0]
Client 7's s_k are:[0 0 0 0 0 0 0 0 0 0]
Client 8's s_k are:[0 0 0 0 0 0 0 0 0 0]
Client 9's s_k are:[0 0 0 0 0 0 0 0 0 0]
| Global Round : 4 | Client :0 | Local Epoch : 0 | [64/626 (11%)]	Loss1: 5.848633 Loss2: 0.000000 
| Global Round : 4 | Client :0 | Local Epoch : 1 | [64/626 (11%)]	Loss1: 5.849817 Loss2: 0.000000 
| Global Round : 4 | Client :0 | Local Epoch : 2 | [64/626 (11%)]	Loss1: 5.851568 Loss2: 0.000000 
| Global Round : 4 | Client :0 | Local Epoch : 3 | [64/626 (11%)]	Loss1: 5.851304 Loss2: 0.000000 
| Global Round : 4 | Client :0 | Local Epoch : 4 | [64/626 (11%)]	Loss1: 5.848596 Loss2: 0.000000 
| Global Round : 4 | Client :1 | Local Epoch : 0 | [64/497 (14%)]	Loss1: 5.851500 Loss2: 0.000000 
| Global Round : 4 | Client :1 | Local Epoch : 1 | [64/497 (14%)]	Loss1: 5.852149 Loss2: 0.000000 
| Global Round : 4 | Client :1 | Local Epoch : 2 | [64/497 (14%)]	Loss1: 5.851080 Loss2: 0.000000 
| Global Round : 4 | Client :1 | Local Epoch : 3 | [64/497 (14%)]	Loss1: 5.850511 Loss2: 0.000000 
| Global Round : 4 | Client :1 | Local Epoch : 4 | [64/497 (14%)]	Loss1: 5.852512 Loss2: 0.000000 
| Global Round : 4 | Client :2 | Local Epoch : 0 | [64/597 (11%)]	Loss1: 5.847034 Loss2: 0.000000 
| Global Round : 4 | Client :2 | Local Epoch : 1 | [64/597 (11%)]	Loss1: 5.846712 Loss2: 0.000000 
| Global Round : 4 | Client :2 | Local Epoch : 2 | [64/597 (11%)]	Loss1: 5.845036 Loss2: 0.000000 
| Global Round : 4 | Client :2 | Local Epoch : 3 | [64/597 (11%)]	Loss1: 5.847079 Loss2: 0.000000 
| Global Round : 4 | Client :2 | Local Epoch : 4 | [64/597 (11%)]	Loss1: 5.843091 Loss2: 0.000000 
| Global Round : 4 | Client :3 | Local Epoch : 0 | [64/605 (11%)]	Loss1: 5.848941 Loss2: 0.000000 
| Global Round : 4 | Client :3 | Local Epoch : 1 | [64/605 (11%)]	Loss1: 5.848216 Loss2: 0.000000 
| Global Round : 4 | Client :3 | Local Epoch : 2 | [64/605 (11%)]	Loss1: 5.850383 Loss2: 0.000000 
| Global Round : 4 | Client :3 | Local Epoch : 3 | [64/605 (11%)]	Loss1: 5.849400 Loss2: 0.000000 
| Global Round : 4 | Client :3 | Local Epoch : 4 | [64/605 (11%)]	Loss1: 5.847289 Loss2: 0.000000 
| Global Round : 4 | Client :4 | Local Epoch : 0 | [64/436 (17%)]	Loss1: 5.849246 Loss2: 0.000000 
| Global Round : 4 | Client :4 | Local Epoch : 1 | [64/436 (17%)]	Loss1: 5.847904 Loss2: 0.000000 
| Global Round : 4 | Client :4 | Local Epoch : 2 | [64/436 (17%)]	Loss1: 5.847028 Loss2: 0.000000 
| Global Round : 4 | Client :4 | Local Epoch : 3 | [64/436 (17%)]	Loss1: 5.847574 Loss2: 0.000000 
| Global Round : 4 | Client :4 | Local Epoch : 4 | [64/436 (17%)]	Loss1: 5.845523 Loss2: 0.000000 
| Global Round : 4 | Client :5 | Local Epoch : 0 | [64/627 (11%)]	Loss1: 5.846824 Loss2: 0.000000 
| Global Round : 4 | Client :5 | Local Epoch : 1 | [64/627 (11%)]	Loss1: 5.848162 Loss2: 0.000000 
| Global Round : 4 | Client :5 | Local Epoch : 2 | [64/627 (11%)]	Loss1: 5.847058 Loss2: 0.000000 
| Global Round : 4 | Client :5 | Local Epoch : 3 | [64/627 (11%)]	Loss1: 5.847825 Loss2: 0.000000 
| Global Round : 4 | Client :5 | Local Epoch : 4 | [64/627 (11%)]	Loss1: 5.847785 Loss2: 0.000000 
| Global Round : 4 | Client :6 | Local Epoch : 0 | [64/571 (12%)]	Loss1: 5.848708 Loss2: 0.000000 
| Global Round : 4 | Client :6 | Local Epoch : 1 | [64/571 (12%)]	Loss1: 5.848336 Loss2: 0.000000 
| Global Round : 4 | Client :6 | Local Epoch : 2 | [64/571 (12%)]	Loss1: 5.848623 Loss2: 0.000000 
| Global Round : 4 | Client :6 | Local Epoch : 3 | [64/571 (12%)]	Loss1: 5.849176 Loss2: 0.000000 
| Global Round : 4 | Client :6 | Local Epoch : 4 | [64/571 (12%)]	Loss1: 5.845831 Loss2: 0.000000 
| Global Round : 4 | Client :7 | Local Epoch : 0 | [64/665 (10%)]	Loss1: 5.847697 Loss2: 0.000000 
| Global Round : 4 | Client :7 | Local Epoch : 1 | [64/665 (10%)]	Loss1: 5.847562 Loss2: 0.000000 
| Global Round : 4 | Client :7 | Local Epoch : 2 | [64/665 (10%)]	Loss1: 5.847380 Loss2: 0.000000 
| Global Round : 4 | Client :7 | Local Epoch : 3 | [64/665 (10%)]	Loss1: 5.845848 Loss2: 0.000000 
| Global Round : 4 | Client :7 | Local Epoch : 4 | [64/665 (10%)]	Loss1: 5.848267 Loss2: 0.000000 
| Global Round : 4 | Client :8 | Local Epoch : 0 | [64/561 (12%)]	Loss1: 5.845857 Loss2: 0.000000 
| Global Round : 4 | Client :8 | Local Epoch : 1 | [64/561 (12%)]	Loss1: 5.846382 Loss2: 0.000000 
| Global Round : 4 | Client :8 | Local Epoch : 2 | [64/561 (12%)]	Loss1: 5.847518 Loss2: 0.000000 
| Global Round : 4 | Client :8 | Local Epoch : 3 | [64/561 (12%)]	Loss1: 5.846315 Loss2: 0.000000 
| Global Round : 4 | Client :8 | Local Epoch : 4 | [64/561 (12%)]	Loss1: 5.846876 Loss2: 0.000000 
| Global Round : 4 | Client :9 | Local Epoch : 0 | [64/811 (8%)]	Loss1: 5.845912 Loss2: 0.000000 
| Global Round : 4 | Client :9 | Local Epoch : 0 | [704/811 (92%)]	Loss1: 5.846925 Loss2: 0.000000 
| Global Round : 4 | Client :9 | Local Epoch : 1 | [64/811 (8%)]	Loss1: 5.847789 Loss2: 0.000000 
| Global Round : 4 | Client :9 | Local Epoch : 1 | [704/811 (92%)]	Loss1: 5.845434 Loss2: 0.000000 
| Global Round : 4 | Client :9 | Local Epoch : 2 | [64/811 (8%)]	Loss1: 5.844831 Loss2: 0.000000 
| Global Round : 4 | Client :9 | Local Epoch : 2 | [704/811 (92%)]	Loss1: 5.844894 Loss2: 0.000000 
| Global Round : 4 | Client :9 | Local Epoch : 3 | [64/811 (8%)]	Loss1: 5.845409 Loss2: 0.000000 
| Global Round : 4 | Client :9 | Local Epoch : 3 | [704/811 (92%)]	Loss1: 5.841937 Loss2: 0.000000 
| Global Round : 4 | Client :9 | Local Epoch : 4 | [64/811 (8%)]	Loss1: 5.843956 Loss2: 0.000000 
| Global Round : 4 | Client :9 | Local Epoch : 4 | [704/811 (92%)]	Loss1: 5.844022 Loss2: 0.000000 
average loss:   5.844219293310529
average local test accuracy: 0.8268229166666666
average global test accuracy:  0.4455729166666667

 | Global Training Round : 5 |

xi_k [0.49134442 0.48159746 0.51460182 0.50823155 0.46985759 0.49024241
 0.47837351 0.51336966 0.48703726 0.50488896]
max_exp: -1.0
coe: 10
Regulation [0.8 0.8 0.8 0.8 0.8 0.8 0.8 0.8 0.8 0.8]
Solver status: optimal_inaccurate
b_new: [1. 1. 1. 1. 1. 1. 1. 1. 1. 1.]
Iter 0: obj=48.9954, best_obj=48.9954, ||b_new-b_prev||₂=2.846050
xi_k [0.49134442 0.48159746 0.51460182 0.50823155 0.46985759 0.49024241
 0.47837351 0.51336966 0.48703726 0.50488896]
max_exp: -1.0
coe: 10
Regulation [-1. -1. -1. -1. -1. -1. -1. -1. -1. -1.]
Solver status: optimal_inaccurate
b_new: [1. 1. 1. 1. 1. 1. 1. 1. 1. 1.]
Iter 1: obj=49.8954, best_obj=49.8954, ||b_new-b_prev||₂=0.000000
Converged.
Final b: [1. 1. 1. 1. 1. 1. 1. 1. 1. 1.]
<class 'numpy.ndarray'>
b_float: [1. 1. 1. 1. 1. 1. 1. 1. 1. 1.]
b: [1 1 1 1 1 1 1 1 1 1]
active_clients:  [0, 1, 2, 3, 4, 5, 6, 7, 8, 9]
Client 0's s_k are:[0 0 0 0 0 0 0 0 0 0]
Client 1's s_k are:[0 0 0 0 0 0 0 0 0 0]
Client 2's s_k are:[0 0 0 0 0 0 0 0 0 0]
Client 3's s_k are:[0 0 0 0 0 0 0 0 0 0]
Client 4's s_k are:[0 0 0 0 0 0 0 0 0 0]
Client 5's s_k are:[0 0 0 0 0 0 0 0 0 0]
Client 6's s_k are:[0 0 0 0 0 0 0 0 0 0]
Client 7's s_k are:[0 0 0 0 0 0 0 0 0 0]
Client 8's s_k are:[0 0 0 0 0 0 0 0 0 0]
Client 9's s_k are:[0 0 0 0 0 0 0 0 0 0]
| Global Round : 5 | Client :0 | Local Epoch : 0 | [64/626 (11%)]	Loss1: 5.848990 Loss2: 0.000000 
| Global Round : 5 | Client :0 | Local Epoch : 1 | [64/626 (11%)]	Loss1: 5.846741 Loss2: 0.000000 
| Global Round : 5 | Client :0 | Local Epoch : 2 | [64/626 (11%)]	Loss1: 5.846768 Loss2: 0.000000 
| Global Round : 5 | Client :0 | Local Epoch : 3 | [64/626 (11%)]	Loss1: 5.849484 Loss2: 0.000000 
| Global Round : 5 | Client :0 | Local Epoch : 4 | [64/626 (11%)]	Loss1: 5.849802 Loss2: 0.000000 
| Global Round : 5 | Client :1 | Local Epoch : 0 | [64/497 (14%)]	Loss1: 5.851374 Loss2: 0.000000 
| Global Round : 5 | Client :1 | Local Epoch : 1 | [64/497 (14%)]	Loss1: 5.852191 Loss2: 0.000000 
| Global Round : 5 | Client :1 | Local Epoch : 2 | [64/497 (14%)]	Loss1: 5.850872 Loss2: 0.000000 
| Global Round : 5 | Client :1 | Local Epoch : 3 | [64/497 (14%)]	Loss1: 5.849493 Loss2: 0.000000 
| Global Round : 5 | Client :1 | Local Epoch : 4 | [64/497 (14%)]	Loss1: 5.850175 Loss2: 0.000000 
| Global Round : 5 | Client :2 | Local Epoch : 0 | [64/597 (11%)]	Loss1: 5.846996 Loss2: 0.000000 
| Global Round : 5 | Client :2 | Local Epoch : 1 | [64/597 (11%)]	Loss1: 5.844623 Loss2: 0.000000 
| Global Round : 5 | Client :2 | Local Epoch : 2 | [64/597 (11%)]	Loss1: 5.845261 Loss2: 0.000000 
| Global Round : 5 | Client :2 | Local Epoch : 3 | [64/597 (11%)]	Loss1: 5.842690 Loss2: 0.000000 
| Global Round : 5 | Client :2 | Local Epoch : 4 | [64/597 (11%)]	Loss1: 5.842008 Loss2: 0.000000 
| Global Round : 5 | Client :3 | Local Epoch : 0 | [64/605 (11%)]	Loss1: 5.848054 Loss2: 0.000000 
| Global Round : 5 | Client :3 | Local Epoch : 1 | [64/605 (11%)]	Loss1: 5.847545 Loss2: 0.000000 
| Global Round : 5 | Client :3 | Local Epoch : 2 | [64/605 (11%)]	Loss1: 5.848336 Loss2: 0.000000 
| Global Round : 5 | Client :3 | Local Epoch : 3 | [64/605 (11%)]	Loss1: 5.846912 Loss2: 0.000000 
| Global Round : 5 | Client :3 | Local Epoch : 4 | [64/605 (11%)]	Loss1: 5.847019 Loss2: 0.000000 
| Global Round : 5 | Client :4 | Local Epoch : 0 | [64/436 (17%)]	Loss1: 5.847090 Loss2: 0.000000 
| Global Round : 5 | Client :4 | Local Epoch : 1 | [64/436 (17%)]	Loss1: 5.846551 Loss2: 0.000000 
| Global Round : 5 | Client :4 | Local Epoch : 2 | [64/436 (17%)]	Loss1: 5.846883 Loss2: 0.000000 
| Global Round : 5 | Client :4 | Local Epoch : 3 | [64/436 (17%)]	Loss1: 5.845636 Loss2: 0.000000 
| Global Round : 5 | Client :4 | Local Epoch : 4 | [64/436 (17%)]	Loss1: 5.844666 Loss2: 0.000000 
| Global Round : 5 | Client :5 | Local Epoch : 0 | [64/627 (11%)]	Loss1: 5.845234 Loss2: 0.000000 
| Global Round : 5 | Client :5 | Local Epoch : 1 | [64/627 (11%)]	Loss1: 5.845786 Loss2: 0.000000 
| Global Round : 5 | Client :5 | Local Epoch : 2 | [64/627 (11%)]	Loss1: 5.845006 Loss2: 0.000000 
| Global Round : 5 | Client :5 | Local Epoch : 3 | [64/627 (11%)]	Loss1: 5.844623 Loss2: 0.000000 
| Global Round : 5 | Client :5 | Local Epoch : 4 | [64/627 (11%)]	Loss1: 5.846507 Loss2: 0.000000 
| Global Round : 5 | Client :6 | Local Epoch : 0 | [64/571 (12%)]	Loss1: 5.845844 Loss2: 0.000000 
| Global Round : 5 | Client :6 | Local Epoch : 1 | [64/571 (12%)]	Loss1: 5.845949 Loss2: 0.000000 
| Global Round : 5 | Client :6 | Local Epoch : 2 | [64/571 (12%)]	Loss1: 5.846618 Loss2: 0.000000 
| Global Round : 5 | Client :6 | Local Epoch : 3 | [64/571 (12%)]	Loss1: 5.845736 Loss2: 0.000000 
| Global Round : 5 | Client :6 | Local Epoch : 4 | [64/571 (12%)]	Loss1: 5.845792 Loss2: 0.000000 
| Global Round : 5 | Client :7 | Local Epoch : 0 | [64/665 (10%)]	Loss1: 5.847443 Loss2: 0.000000 
| Global Round : 5 | Client :7 | Local Epoch : 1 | [64/665 (10%)]	Loss1: 5.842639 Loss2: 0.000000 
| Global Round : 5 | Client :7 | Local Epoch : 2 | [64/665 (10%)]	Loss1: 5.846265 Loss2: 0.000000 
| Global Round : 5 | Client :7 | Local Epoch : 3 | [64/665 (10%)]	Loss1: 5.844379 Loss2: 0.000000 
| Global Round : 5 | Client :7 | Local Epoch : 4 | [64/665 (10%)]	Loss1: 5.845527 Loss2: 0.000000 
| Global Round : 5 | Client :8 | Local Epoch : 0 | [64/561 (12%)]	Loss1: 5.845833 Loss2: 0.000000 
| Global Round : 5 | Client :8 | Local Epoch : 1 | [64/561 (12%)]	Loss1: 5.846855 Loss2: 0.000000 
| Global Round : 5 | Client :8 | Local Epoch : 2 | [64/561 (12%)]	Loss1: 5.842796 Loss2: 0.000000 
| Global Round : 5 | Client :8 | Local Epoch : 3 | [64/561 (12%)]	Loss1: 5.844750 Loss2: 0.000000 
| Global Round : 5 | Client :8 | Local Epoch : 4 | [64/561 (12%)]	Loss1: 5.845149 Loss2: 0.000000 
| Global Round : 5 | Client :9 | Local Epoch : 0 | [64/811 (8%)]	Loss1: 5.844721 Loss2: 0.000000 
| Global Round : 5 | Client :9 | Local Epoch : 0 | [704/811 (92%)]	Loss1: 5.844753 Loss2: 0.000000 
| Global Round : 5 | Client :9 | Local Epoch : 1 | [64/811 (8%)]	Loss1: 5.844149 Loss2: 0.000000 
| Global Round : 5 | Client :9 | Local Epoch : 1 | [704/811 (92%)]	Loss1: 5.845459 Loss2: 0.000000 
| Global Round : 5 | Client :9 | Local Epoch : 2 | [64/811 (8%)]	Loss1: 5.843933 Loss2: 0.000000 
| Global Round : 5 | Client :9 | Local Epoch : 2 | [704/811 (92%)]	Loss1: 5.843864 Loss2: 0.000000 
| Global Round : 5 | Client :9 | Local Epoch : 3 | [64/811 (8%)]	Loss1: 5.843126 Loss2: 0.000000 
| Global Round : 5 | Client :9 | Local Epoch : 3 | [704/811 (92%)]	Loss1: 5.841573 Loss2: 0.000000 
| Global Round : 5 | Client :9 | Local Epoch : 4 | [64/811 (8%)]	Loss1: 5.843204 Loss2: 0.000000 
| Global Round : 5 | Client :9 | Local Epoch : 4 | [704/811 (92%)]	Loss1: 5.842742 Loss2: 0.000000 
average loss:   5.843248091273837
average local test accuracy: 0.833203125
average global test accuracy:  0.4640625

 | Global Training Round : 6 |

xi_k [0.49110113 0.48142546 0.51434317 0.50817697 0.46970164 0.48999806
 0.47821785 0.51320035 0.4868619  0.50478238]
max_exp: -1.0
coe: 10
Regulation [0.8 0.8 0.8 0.8 0.8 0.8 0.8 0.8 0.8 0.8]
Solver status: optimal_inaccurate
b_new: [1. 1. 1. 1. 1. 1. 1. 1. 1. 1.]
Iter 0: obj=48.9781, best_obj=48.9781, ||b_new-b_prev||₂=2.846050
xi_k [0.49110113 0.48142546 0.51434317 0.50817697 0.46970164 0.48999806
 0.47821785 0.51320035 0.4868619  0.50478238]
max_exp: -1.0
coe: 10
Regulation [-1. -1. -1. -1. -1. -1. -1. -1. -1. -1.]
Solver status: optimal_inaccurate
b_new: [1. 1. 1. 1. 1. 1. 1. 1. 1. 1.]
Iter 1: obj=49.8781, best_obj=49.8781, ||b_new-b_prev||₂=0.000000
Converged.
Final b: [1. 1. 1. 1. 1. 1. 1. 1. 1. 1.]
<class 'numpy.ndarray'>
b_float: [1. 1. 1. 1. 1. 1. 1. 1. 1. 1.]
b: [1 1 1 1 1 1 1 1 1 1]
active_clients:  [0, 1, 2, 3, 4, 5, 6, 7, 8, 9]
Client 0's s_k are:[0 0 0 0 0 0 0 0 0 0]
Client 1's s_k are:[0 0 0 0 0 0 0 0 0 0]
Client 2's s_k are:[0 0 0 0 0 0 0 0 0 0]
Client 3's s_k are:[0 0 0 0 0 0 0 0 0 0]
Client 4's s_k are:[0 0 0 0 0 0 0 0 0 0]
Client 5's s_k are:[0 0 0 0 0 0 0 0 0 0]
Client 6's s_k are:[0 0 0 0 0 0 0 0 0 0]
Client 7's s_k are:[0 0 0 0 0 0 0 0 0 0]
Client 8's s_k are:[0 0 0 0 0 0 0 0 0 0]
Client 9's s_k are:[0 0 0 0 0 0 0 0 0 0]
| Global Round : 6 | Client :0 | Local Epoch : 0 | [64/626 (11%)]	Loss1: 5.848119 Loss2: 0.000000 
| Global Round : 6 | Client :0 | Local Epoch : 1 | [64/626 (11%)]	Loss1: 5.848806 Loss2: 0.000000 
| Global Round : 6 | Client :0 | Local Epoch : 2 | [64/626 (11%)]	Loss1: 5.846965 Loss2: 0.000000 
| Global Round : 6 | Client :0 | Local Epoch : 3 | [64/626 (11%)]	Loss1: 5.845386 Loss2: 0.000000 
| Global Round : 6 | Client :0 | Local Epoch : 4 | [64/626 (11%)]	Loss1: 5.844791 Loss2: 0.000000 
| Global Round : 6 | Client :1 | Local Epoch : 0 | [64/497 (14%)]	Loss1: 5.847621 Loss2: 0.000000 
| Global Round : 6 | Client :1 | Local Epoch : 1 | [64/497 (14%)]	Loss1: 5.847703 Loss2: 0.000000 
| Global Round : 6 | Client :1 | Local Epoch : 2 | [64/497 (14%)]	Loss1: 5.851214 Loss2: 0.000000 
| Global Round : 6 | Client :1 | Local Epoch : 3 | [64/497 (14%)]	Loss1: 5.848819 Loss2: 0.000000 
| Global Round : 6 | Client :1 | Local Epoch : 4 | [64/497 (14%)]	Loss1: 5.847014 Loss2: 0.000000 
| Global Round : 6 | Client :2 | Local Epoch : 0 | [64/597 (11%)]	Loss1: 5.844485 Loss2: 0.000000 
| Global Round : 6 | Client :2 | Local Epoch : 1 | [64/597 (11%)]	Loss1: 5.844217 Loss2: 0.000000 
| Global Round : 6 | Client :2 | Local Epoch : 2 | [64/597 (11%)]	Loss1: 5.843945 Loss2: 0.000000 
| Global Round : 6 | Client :2 | Local Epoch : 3 | [64/597 (11%)]	Loss1: 5.842641 Loss2: 0.000000 
| Global Round : 6 | Client :2 | Local Epoch : 4 | [64/597 (11%)]	Loss1: 5.842989 Loss2: 0.000000 
| Global Round : 6 | Client :3 | Local Epoch : 0 | [64/605 (11%)]	Loss1: 5.847703 Loss2: 0.000000 
| Global Round : 6 | Client :3 | Local Epoch : 1 | [64/605 (11%)]	Loss1: 5.846807 Loss2: 0.000000 
| Global Round : 6 | Client :3 | Local Epoch : 2 | [64/605 (11%)]	Loss1: 5.845052 Loss2: 0.000000 
| Global Round : 6 | Client :3 | Local Epoch : 3 | [64/605 (11%)]	Loss1: 5.846570 Loss2: 0.000000 
| Global Round : 6 | Client :3 | Local Epoch : 4 | [64/605 (11%)]	Loss1: 5.844895 Loss2: 0.000000 
| Global Round : 6 | Client :4 | Local Epoch : 0 | [64/436 (17%)]	Loss1: 5.845129 Loss2: 0.000000 
| Global Round : 6 | Client :4 | Local Epoch : 1 | [64/436 (17%)]	Loss1: 5.846164 Loss2: 0.000000 
| Global Round : 6 | Client :4 | Local Epoch : 2 | [64/436 (17%)]	Loss1: 5.845729 Loss2: 0.000000 
| Global Round : 6 | Client :4 | Local Epoch : 3 | [64/436 (17%)]	Loss1: 5.842361 Loss2: 0.000000 
| Global Round : 6 | Client :4 | Local Epoch : 4 | [64/436 (17%)]	Loss1: 5.842861 Loss2: 0.000000 
| Global Round : 6 | Client :5 | Local Epoch : 0 | [64/627 (11%)]	Loss1: 5.843496 Loss2: 0.000000 
| Global Round : 6 | Client :5 | Local Epoch : 1 | [64/627 (11%)]	Loss1: 5.845741 Loss2: 0.000000 
| Global Round : 6 | Client :5 | Local Epoch : 2 | [64/627 (11%)]	Loss1: 5.844800 Loss2: 0.000000 
| Global Round : 6 | Client :5 | Local Epoch : 3 | [64/627 (11%)]	Loss1: 5.844469 Loss2: 0.000000 
| Global Round : 6 | Client :5 | Local Epoch : 4 | [64/627 (11%)]	Loss1: 5.847250 Loss2: 0.000000 
| Global Round : 6 | Client :6 | Local Epoch : 0 | [64/571 (12%)]	Loss1: 5.846612 Loss2: 0.000000 
| Global Round : 6 | Client :6 | Local Epoch : 1 | [64/571 (12%)]	Loss1: 5.847500 Loss2: 0.000000 
| Global Round : 6 | Client :6 | Local Epoch : 2 | [64/571 (12%)]	Loss1: 5.843382 Loss2: 0.000000 
| Global Round : 6 | Client :6 | Local Epoch : 3 | [64/571 (12%)]	Loss1: 5.843791 Loss2: 0.000000 
| Global Round : 6 | Client :6 | Local Epoch : 4 | [64/571 (12%)]	Loss1: 5.845275 Loss2: 0.000000 
| Global Round : 6 | Client :7 | Local Epoch : 0 | [64/665 (10%)]	Loss1: 5.846429 Loss2: 0.000000 
| Global Round : 6 | Client :7 | Local Epoch : 1 | [64/665 (10%)]	Loss1: 5.847483 Loss2: 0.000000 
| Global Round : 6 | Client :7 | Local Epoch : 2 | [64/665 (10%)]	Loss1: 5.844567 Loss2: 0.000000 
| Global Round : 6 | Client :7 | Local Epoch : 3 | [64/665 (10%)]	Loss1: 5.843869 Loss2: 0.000000 
| Global Round : 6 | Client :7 | Local Epoch : 4 | [64/665 (10%)]	Loss1: 5.843622 Loss2: 0.000000 
| Global Round : 6 | Client :8 | Local Epoch : 0 | [64/561 (12%)]	Loss1: 5.845048 Loss2: 0.000000 
| Global Round : 6 | Client :8 | Local Epoch : 1 | [64/561 (12%)]	Loss1: 5.845399 Loss2: 0.000000 
| Global Round : 6 | Client :8 | Local Epoch : 2 | [64/561 (12%)]	Loss1: 5.843724 Loss2: 0.000000 
| Global Round : 6 | Client :8 | Local Epoch : 3 | [64/561 (12%)]	Loss1: 5.845907 Loss2: 0.000000 
| Global Round : 6 | Client :8 | Local Epoch : 4 | [64/561 (12%)]	Loss1: 5.844499 Loss2: 0.000000 
| Global Round : 6 | Client :9 | Local Epoch : 0 | [64/811 (8%)]	Loss1: 5.845095 Loss2: 0.000000 
| Global Round : 6 | Client :9 | Local Epoch : 0 | [704/811 (92%)]	Loss1: 5.844169 Loss2: 0.000000 
| Global Round : 6 | Client :9 | Local Epoch : 1 | [64/811 (8%)]	Loss1: 5.844435 Loss2: 0.000000 
| Global Round : 6 | Client :9 | Local Epoch : 1 | [704/811 (92%)]	Loss1: 5.844250 Loss2: 0.000000 
| Global Round : 6 | Client :9 | Local Epoch : 2 | [64/811 (8%)]	Loss1: 5.843412 Loss2: 0.000000 
| Global Round : 6 | Client :9 | Local Epoch : 2 | [704/811 (92%)]	Loss1: 5.842204 Loss2: 0.000000 
| Global Round : 6 | Client :9 | Local Epoch : 3 | [64/811 (8%)]	Loss1: 5.843523 Loss2: 0.000000 
| Global Round : 6 | Client :9 | Local Epoch : 3 | [704/811 (92%)]	Loss1: 5.843579 Loss2: 0.000000 
| Global Round : 6 | Client :9 | Local Epoch : 4 | [64/811 (8%)]	Loss1: 5.842797 Loss2: 0.000000 
| Global Round : 6 | Client :9 | Local Epoch : 4 | [704/811 (92%)]	Loss1: 5.843021 Loss2: 0.000000 
average loss:   5.84259565858614
average local test accuracy: 0.8330729166666668
average global test accuracy:  0.500390625

 | Global Training Round : 7 |

xi_k [0.4909776  0.48125511 0.51428067 0.50798608 0.46968569 0.48986775
 0.47814134 0.51318601 0.48677245 0.50469555]
max_exp: -1.0
coe: 10
Regulation [0.8 0.8 0.8 0.8 0.8 0.8 0.8 0.8 0.8 0.8]
Solver status: optimal_inaccurate
b_new: [1. 1. 1. 1. 1. 1. 1. 1. 1. 1.]
Iter 0: obj=48.9685, best_obj=48.9685, ||b_new-b_prev||₂=2.846050
xi_k [0.4909776  0.48125511 0.51428067 0.50798608 0.46968569 0.48986775
 0.47814134 0.51318601 0.48677245 0.50469555]
max_exp: -1.0
coe: 10
Regulation [-1. -1. -1. -1. -1. -1. -1. -1. -1. -1.]
Solver status: optimal_inaccurate
b_new: [1. 1. 1. 1. 1. 1. 1. 1. 1. 1.]
Iter 1: obj=49.8685, best_obj=49.8685, ||b_new-b_prev||₂=0.000000
Converged.
Final b: [1. 1. 1. 1. 1. 1. 1. 1. 1. 1.]
<class 'numpy.ndarray'>
b_float: [1. 1. 1. 1. 1. 1. 1. 1. 1. 1.]
b: [1 1 1 1 1 1 1 1 1 1]
active_clients:  [0, 1, 2, 3, 4, 5, 6, 7, 8, 9]
Client 0's s_k are:[0 0 0 0 0 0 0 0 0 0]
Client 1's s_k are:[0 0 0 0 0 0 0 0 0 0]
Client 2's s_k are:[0 0 0 0 0 0 0 0 0 0]
Client 3's s_k are:[0 0 0 0 0 0 0 0 0 0]
Client 4's s_k are:[0 0 0 0 0 0 0 0 0 0]
Client 5's s_k are:[0 0 0 0 0 0 0 0 0 0]
Client 6's s_k are:[0 0 0 0 0 0 0 0 0 0]
Client 7's s_k are:[0 0 0 0 0 0 0 0 0 0]
Client 8's s_k are:[0 0 0 0 0 0 0 0 0 0]
Client 9's s_k are:[0 0 0 0 0 0 0 0 0 0]
| Global Round : 7 | Client :0 | Local Epoch : 0 | [64/626 (11%)]	Loss1: 5.847519 Loss2: 0.000000 
| Global Round : 7 | Client :0 | Local Epoch : 1 | [64/626 (11%)]	Loss1: 5.847368 Loss2: 0.000000 
| Global Round : 7 | Client :0 | Local Epoch : 2 | [64/626 (11%)]	Loss1: 5.846622 Loss2: 0.000000 
| Global Round : 7 | Client :0 | Local Epoch : 3 | [64/626 (11%)]	Loss1: 5.845752 Loss2: 0.000000 
| Global Round : 7 | Client :0 | Local Epoch : 4 | [64/626 (11%)]	Loss1: 5.845623 Loss2: 0.000000 
| Global Round : 7 | Client :1 | Local Epoch : 0 | [64/497 (14%)]	Loss1: 5.847213 Loss2: 0.000000 
| Global Round : 7 | Client :1 | Local Epoch : 1 | [64/497 (14%)]	Loss1: 5.848807 Loss2: 0.000000 
| Global Round : 7 | Client :1 | Local Epoch : 2 | [64/497 (14%)]	Loss1: 5.847904 Loss2: 0.000000 
| Global Round : 7 | Client :1 | Local Epoch : 3 | [64/497 (14%)]	Loss1: 5.850439 Loss2: 0.000000 
| Global Round : 7 | Client :1 | Local Epoch : 4 | [64/497 (14%)]	Loss1: 5.846360 Loss2: 0.000000 
| Global Round : 7 | Client :2 | Local Epoch : 0 | [64/597 (11%)]	Loss1: 5.843504 Loss2: 0.000000 
| Global Round : 7 | Client :2 | Local Epoch : 1 | [64/597 (11%)]	Loss1: 5.842473 Loss2: 0.000000 
| Global Round : 7 | Client :2 | Local Epoch : 2 | [64/597 (11%)]	Loss1: 5.842033 Loss2: 0.000000 
| Global Round : 7 | Client :2 | Local Epoch : 3 | [64/597 (11%)]	Loss1: 5.842833 Loss2: 0.000000 
| Global Round : 7 | Client :2 | Local Epoch : 4 | [64/597 (11%)]	Loss1: 5.842188 Loss2: 0.000000 
| Global Round : 7 | Client :3 | Local Epoch : 0 | [64/605 (11%)]	Loss1: 5.845376 Loss2: 0.000000 
| Global Round : 7 | Client :3 | Local Epoch : 1 | [64/605 (11%)]	Loss1: 5.845930 Loss2: 0.000000 
| Global Round : 7 | Client :3 | Local Epoch : 2 | [64/605 (11%)]	Loss1: 5.846066 Loss2: 0.000000 
| Global Round : 7 | Client :3 | Local Epoch : 3 | [64/605 (11%)]	Loss1: 5.846553 Loss2: 0.000000 
| Global Round : 7 | Client :3 | Local Epoch : 4 | [64/605 (11%)]	Loss1: 5.845415 Loss2: 0.000000 
| Global Round : 7 | Client :4 | Local Epoch : 0 | [64/436 (17%)]	Loss1: 5.843709 Loss2: 0.000000 
| Global Round : 7 | Client :4 | Local Epoch : 1 | [64/436 (17%)]	Loss1: 5.845656 Loss2: 0.000000 
| Global Round : 7 | Client :4 | Local Epoch : 2 | [64/436 (17%)]	Loss1: 5.844471 Loss2: 0.000000 
| Global Round : 7 | Client :4 | Local Epoch : 3 | [64/436 (17%)]	Loss1: 5.844720 Loss2: 0.000000 
| Global Round : 7 | Client :4 | Local Epoch : 4 | [64/436 (17%)]	Loss1: 5.843001 Loss2: 0.000000 
| Global Round : 7 | Client :5 | Local Epoch : 0 | [64/627 (11%)]	Loss1: 5.842131 Loss2: 0.000000 
| Global Round : 7 | Client :5 | Local Epoch : 1 | [64/627 (11%)]	Loss1: 5.844224 Loss2: 0.000000 
| Global Round : 7 | Client :5 | Local Epoch : 2 | [64/627 (11%)]	Loss1: 5.846868 Loss2: 0.000000 
| Global Round : 7 | Client :5 | Local Epoch : 3 | [64/627 (11%)]	Loss1: 5.843728 Loss2: 0.000000 
| Global Round : 7 | Client :5 | Local Epoch : 4 | [64/627 (11%)]	Loss1: 5.843552 Loss2: 0.000000 
| Global Round : 7 | Client :6 | Local Epoch : 0 | [64/571 (12%)]	Loss1: 5.845481 Loss2: 0.000000 
| Global Round : 7 | Client :6 | Local Epoch : 1 | [64/571 (12%)]	Loss1: 5.845427 Loss2: 0.000000 
| Global Round : 7 | Client :6 | Local Epoch : 2 | [64/571 (12%)]	Loss1: 5.844223 Loss2: 0.000000 
| Global Round : 7 | Client :6 | Local Epoch : 3 | [64/571 (12%)]	Loss1: 5.845795 Loss2: 0.000000 
| Global Round : 7 | Client :6 | Local Epoch : 4 | [64/571 (12%)]	Loss1: 5.845584 Loss2: 0.000000 
| Global Round : 7 | Client :7 | Local Epoch : 0 | [64/665 (10%)]	Loss1: 5.845342 Loss2: 0.000000 
| Global Round : 7 | Client :7 | Local Epoch : 1 | [64/665 (10%)]	Loss1: 5.845706 Loss2: 0.000000 
| Global Round : 7 | Client :7 | Local Epoch : 2 | [64/665 (10%)]	Loss1: 5.844759 Loss2: 0.000000 
| Global Round : 7 | Client :7 | Local Epoch : 3 | [64/665 (10%)]	Loss1: 5.844381 Loss2: 0.000000 
| Global Round : 7 | Client :7 | Local Epoch : 4 | [64/665 (10%)]	Loss1: 5.844259 Loss2: 0.000000 
| Global Round : 7 | Client :8 | Local Epoch : 0 | [64/561 (12%)]	Loss1: 5.843945 Loss2: 0.000000 
| Global Round : 7 | Client :8 | Local Epoch : 1 | [64/561 (12%)]	Loss1: 5.844442 Loss2: 0.000000 
| Global Round : 7 | Client :8 | Local Epoch : 2 | [64/561 (12%)]	Loss1: 5.844111 Loss2: 0.000000 
| Global Round : 7 | Client :8 | Local Epoch : 3 | [64/561 (12%)]	Loss1: 5.842474 Loss2: 0.000000 
| Global Round : 7 | Client :8 | Local Epoch : 4 | [64/561 (12%)]	Loss1: 5.842652 Loss2: 0.000000 
| Global Round : 7 | Client :9 | Local Epoch : 0 | [64/811 (8%)]	Loss1: 5.841396 Loss2: 0.000000 
| Global Round : 7 | Client :9 | Local Epoch : 0 | [704/811 (92%)]	Loss1: 5.841987 Loss2: 0.000000 
| Global Round : 7 | Client :9 | Local Epoch : 1 | [64/811 (8%)]	Loss1: 5.842720 Loss2: 0.000000 
| Global Round : 7 | Client :9 | Local Epoch : 1 | [704/811 (92%)]	Loss1: 5.842631 Loss2: 0.000000 
| Global Round : 7 | Client :9 | Local Epoch : 2 | [64/811 (8%)]	Loss1: 5.842365 Loss2: 0.000000 
| Global Round : 7 | Client :9 | Local Epoch : 2 | [704/811 (92%)]	Loss1: 5.843629 Loss2: 0.000000 
| Global Round : 7 | Client :9 | Local Epoch : 3 | [64/811 (8%)]	Loss1: 5.843537 Loss2: 0.000000 
| Global Round : 7 | Client :9 | Local Epoch : 3 | [704/811 (92%)]	Loss1: 5.841377 Loss2: 0.000000 
| Global Round : 7 | Client :9 | Local Epoch : 4 | [64/811 (8%)]	Loss1: 5.843748 Loss2: 0.000000 
| Global Round : 7 | Client :9 | Local Epoch : 4 | [704/811 (92%)]	Loss1: 5.843228 Loss2: 0.000000 
average loss:   5.842082505907332
average local test accuracy: 0.8438802083333332
average global test accuracy:  0.4677083333333333

 | Global Training Round : 8 |

xi_k [0.49090126 0.48110123 0.51420329 0.50786754 0.46956664 0.48975274
 0.47806471 0.51311185 0.48667605 0.50462993]
max_exp: -1.0
coe: 10
Regulation [0.8 0.8 0.8 0.8 0.8 0.8 0.8 0.8 0.8 0.8]
Solver status: optimal_inaccurate
b_new: [1. 1. 1. 1. 1. 1. 1. 1. 1. 1.]
Iter 0: obj=48.9588, best_obj=48.9588, ||b_new-b_prev||₂=2.846050
xi_k [0.49090126 0.48110123 0.51420329 0.50786754 0.46956664 0.48975274
 0.47806471 0.51311185 0.48667605 0.50462993]
max_exp: -1.0
coe: 10
Regulation [-1. -1. -1. -1. -1. -1. -1. -1. -1. -1.]
Solver status: optimal_inaccurate
b_new: [1. 1. 1. 1. 1. 1. 1. 1. 1. 1.]
Iter 1: obj=49.8588, best_obj=49.8588, ||b_new-b_prev||₂=0.000000
Converged.
Final b: [1. 1. 1. 1. 1. 1. 1. 1. 1. 1.]
<class 'numpy.ndarray'>
b_float: [1. 1. 1. 1. 1. 1. 1. 1. 1. 1.]
b: [1 1 1 1 1 1 1 1 1 1]
active_clients:  [0, 1, 2, 3, 4, 5, 6, 7, 8, 9]
Client 0's s_k are:[0 0 0 0 0 0 0 0 0 0]
Client 1's s_k are:[0 0 0 0 0 0 0 0 0 0]
Client 2's s_k are:[0 0 0 0 0 0 0 0 0 0]
Client 3's s_k are:[0 0 0 0 0 0 0 0 0 0]
Client 4's s_k are:[0 0 0 0 0 0 0 0 0 0]
Client 5's s_k are:[0 0 0 0 0 0 0 0 0 0]
Client 6's s_k are:[0 0 0 0 0 0 0 0 0 0]
Client 7's s_k are:[0 0 0 0 0 0 0 0 0 0]
Client 8's s_k are:[0 0 0 0 0 0 0 0 0 0]
Client 9's s_k are:[0 0 0 0 0 0 0 0 0 0]
| Global Round : 8 | Client :0 | Local Epoch : 0 | [64/626 (11%)]	Loss1: 5.845759 Loss2: 0.000000 
| Global Round : 8 | Client :0 | Local Epoch : 1 | [64/626 (11%)]	Loss1: 5.845088 Loss2: 0.000000 
| Global Round : 8 | Client :0 | Local Epoch : 2 | [64/626 (11%)]	Loss1: 5.846443 Loss2: 0.000000 
| Global Round : 8 | Client :0 | Local Epoch : 3 | [64/626 (11%)]	Loss1: 5.846977 Loss2: 0.000000 
| Global Round : 8 | Client :0 | Local Epoch : 4 | [64/626 (11%)]	Loss1: 5.846561 Loss2: 0.000000 
| Global Round : 8 | Client :1 | Local Epoch : 0 | [64/497 (14%)]	Loss1: 5.847140 Loss2: 0.000000 
| Global Round : 8 | Client :1 | Local Epoch : 1 | [64/497 (14%)]	Loss1: 5.846829 Loss2: 0.000000 
| Global Round : 8 | Client :1 | Local Epoch : 2 | [64/497 (14%)]	Loss1: 5.849235 Loss2: 0.000000 
| Global Round : 8 | Client :1 | Local Epoch : 3 | [64/497 (14%)]	Loss1: 5.847200 Loss2: 0.000000 
| Global Round : 8 | Client :1 | Local Epoch : 4 | [64/497 (14%)]	Loss1: 5.846169 Loss2: 0.000000 
| Global Round : 8 | Client :2 | Local Epoch : 0 | [64/597 (11%)]	Loss1: 5.843083 Loss2: 0.000000 
| Global Round : 8 | Client :2 | Local Epoch : 1 | [64/597 (11%)]	Loss1: 5.842626 Loss2: 0.000000 
| Global Round : 8 | Client :2 | Local Epoch : 2 | [64/597 (11%)]	Loss1: 5.842485 Loss2: 0.000000 
| Global Round : 8 | Client :2 | Local Epoch : 3 | [64/597 (11%)]	Loss1: 5.844126 Loss2: 0.000000 
| Global Round : 8 | Client :2 | Local Epoch : 4 | [64/597 (11%)]	Loss1: 5.841941 Loss2: 0.000000 
| Global Round : 8 | Client :3 | Local Epoch : 0 | [64/605 (11%)]	Loss1: 5.845586 Loss2: 0.000000 
| Global Round : 8 | Client :3 | Local Epoch : 1 | [64/605 (11%)]	Loss1: 5.843957 Loss2: 0.000000 
| Global Round : 8 | Client :3 | Local Epoch : 2 | [64/605 (11%)]	Loss1: 5.845963 Loss2: 0.000000 
| Global Round : 8 | Client :3 | Local Epoch : 3 | [64/605 (11%)]	Loss1: 5.844650 Loss2: 0.000000 
| Global Round : 8 | Client :3 | Local Epoch : 4 | [64/605 (11%)]	Loss1: 5.845621 Loss2: 0.000000 
| Global Round : 8 | Client :4 | Local Epoch : 0 | [64/436 (17%)]	Loss1: 5.844375 Loss2: 0.000000 
| Global Round : 8 | Client :4 | Local Epoch : 1 | [64/436 (17%)]	Loss1: 5.843566 Loss2: 0.000000 
| Global Round : 8 | Client :4 | Local Epoch : 2 | [64/436 (17%)]	Loss1: 5.844712 Loss2: 0.000000 
| Global Round : 8 | Client :4 | Local Epoch : 3 | [64/436 (17%)]	Loss1: 5.842864 Loss2: 0.000000 
| Global Round : 8 | Client :4 | Local Epoch : 4 | [64/436 (17%)]	Loss1: 5.844455 Loss2: 0.000000 
| Global Round : 8 | Client :5 | Local Epoch : 0 | [64/627 (11%)]	Loss1: 5.843362 Loss2: 0.000000 
| Global Round : 8 | Client :5 | Local Epoch : 1 | [64/627 (11%)]	Loss1: 5.845245 Loss2: 0.000000 
| Global Round : 8 | Client :5 | Local Epoch : 2 | [64/627 (11%)]	Loss1: 5.843865 Loss2: 0.000000 
| Global Round : 8 | Client :5 | Local Epoch : 3 | [64/627 (11%)]	Loss1: 5.843447 Loss2: 0.000000 
| Global Round : 8 | Client :5 | Local Epoch : 4 | [64/627 (11%)]	Loss1: 5.842374 Loss2: 0.000000 
| Global Round : 8 | Client :6 | Local Epoch : 0 | [64/571 (12%)]	Loss1: 5.843696 Loss2: 0.000000 
| Global Round : 8 | Client :6 | Local Epoch : 1 | [64/571 (12%)]	Loss1: 5.843833 Loss2: 0.000000 
| Global Round : 8 | Client :6 | Local Epoch : 2 | [64/571 (12%)]	Loss1: 5.843459 Loss2: 0.000000 
| Global Round : 8 | Client :6 | Local Epoch : 3 | [64/571 (12%)]	Loss1: 5.842943 Loss2: 0.000000 
| Global Round : 8 | Client :6 | Local Epoch : 4 | [64/571 (12%)]	Loss1: 5.843060 Loss2: 0.000000 
| Global Round : 8 | Client :7 | Local Epoch : 0 | [64/665 (10%)]	Loss1: 5.844159 Loss2: 0.000000 
| Global Round : 8 | Client :7 | Local Epoch : 1 | [64/665 (10%)]	Loss1: 5.843881 Loss2: 0.000000 
| Global Round : 8 | Client :7 | Local Epoch : 2 | [64/665 (10%)]	Loss1: 5.844051 Loss2: 0.000000 
| Global Round : 8 | Client :7 | Local Epoch : 3 | [64/665 (10%)]	Loss1: 5.845114 Loss2: 0.000000 
| Global Round : 8 | Client :7 | Local Epoch : 4 | [64/665 (10%)]	Loss1: 5.843923 Loss2: 0.000000 
| Global Round : 8 | Client :8 | Local Epoch : 0 | [64/561 (12%)]	Loss1: 5.843908 Loss2: 0.000000 
| Global Round : 8 | Client :8 | Local Epoch : 1 | [64/561 (12%)]	Loss1: 5.845404 Loss2: 0.000000 
| Global Round : 8 | Client :8 | Local Epoch : 2 | [64/561 (12%)]	Loss1: 5.844830 Loss2: 0.000000 
| Global Round : 8 | Client :8 | Local Epoch : 3 | [64/561 (12%)]	Loss1: 5.842906 Loss2: 0.000000 
| Global Round : 8 | Client :8 | Local Epoch : 4 | [64/561 (12%)]	Loss1: 5.844808 Loss2: 0.000000 
| Global Round : 8 | Client :9 | Local Epoch : 0 | [64/811 (8%)]	Loss1: 5.843393 Loss2: 0.000000 
| Global Round : 8 | Client :9 | Local Epoch : 0 | [704/811 (92%)]	Loss1: 5.842705 Loss2: 0.000000 
| Global Round : 8 | Client :9 | Local Epoch : 1 | [64/811 (8%)]	Loss1: 5.842365 Loss2: 0.000000 
| Global Round : 8 | Client :9 | Local Epoch : 1 | [704/811 (92%)]	Loss1: 5.842407 Loss2: 0.000000 
| Global Round : 8 | Client :9 | Local Epoch : 2 | [64/811 (8%)]	Loss1: 5.842235 Loss2: 0.000000 
| Global Round : 8 | Client :9 | Local Epoch : 2 | [704/811 (92%)]	Loss1: 5.842672 Loss2: 0.000000 
| Global Round : 8 | Client :9 | Local Epoch : 3 | [64/811 (8%)]	Loss1: 5.842212 Loss2: 0.000000 
| Global Round : 8 | Client :9 | Local Epoch : 3 | [704/811 (92%)]	Loss1: 5.842215 Loss2: 0.000000 
| Global Round : 8 | Client :9 | Local Epoch : 4 | [64/811 (8%)]	Loss1: 5.843948 Loss2: 0.000000 
| Global Round : 8 | Client :9 | Local Epoch : 4 | [704/811 (92%)]	Loss1: 5.841682 Loss2: 0.000000 
average loss:   5.841654223544257
average local test accuracy: 0.8475260416666666
average global test accuracy:  0.4826822916666666

 | Global Training Round : 9 |

xi_k [0.49080779 0.48101985 0.51421846 0.50768568 0.46949615 0.48971503
 0.4780047  0.51300285 0.48655685 0.50462487]
max_exp: -1.0
coe: 10
Regulation [0.8 0.8 0.8 0.8 0.8 0.8 0.8 0.8 0.8 0.8]
Solver status: optimal_inaccurate
b_new: [1. 1. 1. 1. 1. 1. 1. 1. 1. 1.]
Iter 0: obj=48.9513, best_obj=48.9513, ||b_new-b_prev||₂=2.846050
xi_k [0.49080779 0.48101985 0.51421846 0.50768568 0.46949615 0.48971503
 0.4780047  0.51300285 0.48655685 0.50462487]
max_exp: -1.0
coe: 10
Regulation [-1. -1. -1. -1. -1. -1. -1. -1. -1. -1.]
Solver status: optimal_inaccurate
b_new: [1. 1. 1. 1. 1. 1. 1. 1. 1. 1.]
Iter 1: obj=49.8513, best_obj=49.8513, ||b_new-b_prev||₂=0.000000
Converged.
Final b: [1. 1. 1. 1. 1. 1. 1. 1. 1. 1.]
<class 'numpy.ndarray'>
b_float: [1. 1. 1. 1. 1. 1. 1. 1. 1. 1.]
b: [1 1 1 1 1 1 1 1 1 1]
active_clients:  [0, 1, 2, 3, 4, 5, 6, 7, 8, 9]
Client 0's s_k are:[0 0 0 0 0 0 0 0 0 0]
Client 1's s_k are:[0 0 0 0 0 0 0 0 0 0]
Client 2's s_k are:[0 0 0 0 0 0 0 0 0 0]
Client 3's s_k are:[0 0 0 0 0 0 0 0 0 0]
Client 4's s_k are:[0 0 0 0 0 0 0 0 0 0]
Client 5's s_k are:[0 0 0 0 0 0 0 0 0 0]
Client 6's s_k are:[0 0 0 0 0 0 0 0 0 0]
Client 7's s_k are:[0 0 0 0 0 0 0 0 0 0]
Client 8's s_k are:[0 0 0 0 0 0 0 0 0 0]
Client 9's s_k are:[0 0 0 0 0 0 0 0 0 0]
| Global Round : 9 | Client :0 | Local Epoch : 0 | [64/626 (11%)]	Loss1: 5.845336 Loss2: 0.000000 
| Global Round : 9 | Client :0 | Local Epoch : 1 | [64/626 (11%)]	Loss1: 5.846273 Loss2: 0.000000 
| Global Round : 9 | Client :0 | Local Epoch : 2 | [64/626 (11%)]	Loss1: 5.843580 Loss2: 0.000000 
| Global Round : 9 | Client :0 | Local Epoch : 3 | [64/626 (11%)]	Loss1: 5.844759 Loss2: 0.000000 
| Global Round : 9 | Client :0 | Local Epoch : 4 | [64/626 (11%)]	Loss1: 5.846674 Loss2: 0.000000 
| Global Round : 9 | Client :1 | Local Epoch : 0 | [64/497 (14%)]	Loss1: 5.846455 Loss2: 0.000000 
| Global Round : 9 | Client :1 | Local Epoch : 1 | [64/497 (14%)]	Loss1: 5.846277 Loss2: 0.000000 
| Global Round : 9 | Client :1 | Local Epoch : 2 | [64/497 (14%)]	Loss1: 5.846059 Loss2: 0.000000 
| Global Round : 9 | Client :1 | Local Epoch : 3 | [64/497 (14%)]	Loss1: 5.845836 Loss2: 0.000000 
| Global Round : 9 | Client :1 | Local Epoch : 4 | [64/497 (14%)]	Loss1: 5.846296 Loss2: 0.000000 
| Global Round : 9 | Client :2 | Local Epoch : 0 | [64/597 (11%)]	Loss1: 5.842485 Loss2: 0.000000 
| Global Round : 9 | Client :2 | Local Epoch : 1 | [64/597 (11%)]	Loss1: 5.842545 Loss2: 0.000000 
| Global Round : 9 | Client :2 | Local Epoch : 2 | [64/597 (11%)]	Loss1: 5.842807 Loss2: 0.000000 
| Global Round : 9 | Client :2 | Local Epoch : 3 | [64/597 (11%)]	Loss1: 5.841463 Loss2: 0.000000 
| Global Round : 9 | Client :2 | Local Epoch : 4 | [64/597 (11%)]	Loss1: 5.843494 Loss2: 0.000000 
| Global Round : 9 | Client :3 | Local Epoch : 0 | [64/605 (11%)]	Loss1: 5.842443 Loss2: 0.000000 
| Global Round : 9 | Client :3 | Local Epoch : 1 | [64/605 (11%)]	Loss1: 5.843929 Loss2: 0.000000 
| Global Round : 9 | Client :3 | Local Epoch : 2 | [64/605 (11%)]	Loss1: 5.845862 Loss2: 0.000000 
| Global Round : 9 | Client :3 | Local Epoch : 3 | [64/605 (11%)]	Loss1: 5.844544 Loss2: 0.000000 
| Global Round : 9 | Client :3 | Local Epoch : 4 | [64/605 (11%)]	Loss1: 5.843029 Loss2: 0.000000 
| Global Round : 9 | Client :4 | Local Epoch : 0 | [64/436 (17%)]	Loss1: 5.843798 Loss2: 0.000000 
| Global Round : 9 | Client :4 | Local Epoch : 1 | [64/436 (17%)]	Loss1: 5.843040 Loss2: 0.000000 
| Global Round : 9 | Client :4 | Local Epoch : 2 | [64/436 (17%)]	Loss1: 5.841864 Loss2: 0.000000 
| Global Round : 9 | Client :4 | Local Epoch : 3 | [64/436 (17%)]	Loss1: 5.842555 Loss2: 0.000000 
| Global Round : 9 | Client :4 | Local Epoch : 4 | [64/436 (17%)]	Loss1: 5.842348 Loss2: 0.000000 
| Global Round : 9 | Client :5 | Local Epoch : 0 | [64/627 (11%)]	Loss1: 5.844072 Loss2: 0.000000 
| Global Round : 9 | Client :5 | Local Epoch : 1 | [64/627 (11%)]	Loss1: 5.843719 Loss2: 0.000000 
| Global Round : 9 | Client :5 | Local Epoch : 2 | [64/627 (11%)]	Loss1: 5.843936 Loss2: 0.000000 
| Global Round : 9 | Client :5 | Local Epoch : 3 | [64/627 (11%)]	Loss1: 5.843786 Loss2: 0.000000 
| Global Round : 9 | Client :5 | Local Epoch : 4 | [64/627 (11%)]	Loss1: 5.842893 Loss2: 0.000000 
| Global Round : 9 | Client :6 | Local Epoch : 0 | [64/571 (12%)]	Loss1: 5.843963 Loss2: 0.000000 
| Global Round : 9 | Client :6 | Local Epoch : 1 | [64/571 (12%)]	Loss1: 5.844088 Loss2: 0.000000 
| Global Round : 9 | Client :6 | Local Epoch : 2 | [64/571 (12%)]	Loss1: 5.844205 Loss2: 0.000000 
| Global Round : 9 | Client :6 | Local Epoch : 3 | [64/571 (12%)]	Loss1: 5.842807 Loss2: 0.000000 
| Global Round : 9 | Client :6 | Local Epoch : 4 | [64/571 (12%)]	Loss1: 5.843104 Loss2: 0.000000 
| Global Round : 9 | Client :7 | Local Epoch : 0 | [64/665 (10%)]	Loss1: 5.841702 Loss2: 0.000000 
| Global Round : 9 | Client :7 | Local Epoch : 1 | [64/665 (10%)]	Loss1: 5.842231 Loss2: 0.000000 
| Global Round : 9 | Client :7 | Local Epoch : 2 | [64/665 (10%)]	Loss1: 5.842136 Loss2: 0.000000 
| Global Round : 9 | Client :7 | Local Epoch : 3 | [64/665 (10%)]	Loss1: 5.843153 Loss2: 0.000000 
| Global Round : 9 | Client :7 | Local Epoch : 4 | [64/665 (10%)]	Loss1: 5.842186 Loss2: 0.000000 
| Global Round : 9 | Client :8 | Local Epoch : 0 | [64/561 (12%)]	Loss1: 5.844240 Loss2: 0.000000 
| Global Round : 9 | Client :8 | Local Epoch : 1 | [64/561 (12%)]	Loss1: 5.842610 Loss2: 0.000000 
| Global Round : 9 | Client :8 | Local Epoch : 2 | [64/561 (12%)]	Loss1: 5.840908 Loss2: 0.000000 
| Global Round : 9 | Client :8 | Local Epoch : 3 | [64/561 (12%)]	Loss1: 5.842919 Loss2: 0.000000 
| Global Round : 9 | Client :8 | Local Epoch : 4 | [64/561 (12%)]	Loss1: 5.842830 Loss2: 0.000000 
| Global Round : 9 | Client :9 | Local Epoch : 0 | [64/811 (8%)]	Loss1: 5.842235 Loss2: 0.000000 
| Global Round : 9 | Client :9 | Local Epoch : 0 | [704/811 (92%)]	Loss1: 5.842056 Loss2: 0.000000 
| Global Round : 9 | Client :9 | Local Epoch : 1 | [64/811 (8%)]	Loss1: 5.841348 Loss2: 0.000000 
| Global Round : 9 | Client :9 | Local Epoch : 1 | [704/811 (92%)]	Loss1: 5.841253 Loss2: 0.000000 
| Global Round : 9 | Client :9 | Local Epoch : 2 | [64/811 (8%)]	Loss1: 5.842674 Loss2: 0.000000 
| Global Round : 9 | Client :9 | Local Epoch : 2 | [704/811 (92%)]	Loss1: 5.841532 Loss2: 0.000000 
| Global Round : 9 | Client :9 | Local Epoch : 3 | [64/811 (8%)]	Loss1: 5.841428 Loss2: 0.000000 
| Global Round : 9 | Client :9 | Local Epoch : 3 | [704/811 (92%)]	Loss1: 5.841494 Loss2: 0.000000 
| Global Round : 9 | Client :9 | Local Epoch : 4 | [64/811 (8%)]	Loss1: 5.842319 Loss2: 0.000000 
| Global Round : 9 | Client :9 | Local Epoch : 4 | [704/811 (92%)]	Loss1: 5.843177 Loss2: 0.000000 
average loss:   5.841229267877246
average local test accuracy: 0.8592447916666668
average global test accuracy:  0.5377604166666667

 | Global Training Round : 10 |

xi_k [0.49066673 0.48091671 0.51413108 0.50767863 0.46935319 0.48960799
 0.47793279 0.51296954 0.48654401 0.50456251]
max_exp: -1.0
coe: 10
Regulation [0.8 0.8 0.8 0.8 0.8 0.8 0.8 0.8 0.8 0.8]
Solver status: optimal_inaccurate
b_new: [1. 1. 1. 1. 1. 1. 1. 1. 1. 1.]
Iter 0: obj=48.9436, best_obj=48.9436, ||b_new-b_prev||₂=2.846050
xi_k [0.49066673 0.48091671 0.51413108 0.50767863 0.46935319 0.48960799
 0.47793279 0.51296954 0.48654401 0.50456251]
max_exp: -1.0
coe: 10
Regulation [-1. -1. -1. -1. -1. -1. -1. -1. -1. -1.]
Solver status: optimal_inaccurate
b_new: [1. 1. 1. 1. 1. 1. 1. 1. 1. 1.]
Iter 1: obj=49.8436, best_obj=49.8436, ||b_new-b_prev||₂=0.000000
Converged.
Final b: [1. 1. 1. 1. 1. 1. 1. 1. 1. 1.]
<class 'numpy.ndarray'>
b_float: [1. 1. 1. 1. 1. 1. 1. 1. 1. 1.]
b: [1 1 1 1 1 1 1 1 1 1]
active_clients:  [0, 1, 2, 3, 4, 5, 6, 7, 8, 9]
Client 0's s_k are:[0 0 0 0 0 0 0 0 0 0]
Client 1's s_k are:[0 0 0 0 0 0 0 0 0 0]
Client 2's s_k are:[0 0 0 0 0 0 0 0 0 0]
Client 3's s_k are:[0 0 0 0 0 0 0 0 0 0]
Client 4's s_k are:[0 0 0 0 0 0 0 0 0 0]
Client 5's s_k are:[0 0 0 0 0 0 0 0 0 0]
Client 6's s_k are:[0 0 0 0 0 0 0 0 0 0]
Client 7's s_k are:[0 0 0 0 0 0 0 0 0 0]
Client 8's s_k are:[0 0 0 0 0 0 0 0 0 0]
Client 9's s_k are:[0 0 0 0 0 0 0 0 0 0]
| Global Round : 10 | Client :0 | Local Epoch : 0 | [64/626 (11%)]	Loss1: 5.842957 Loss2: 0.000000 
| Global Round : 10 | Client :0 | Local Epoch : 1 | [64/626 (11%)]	Loss1: 5.845625 Loss2: 0.000000 
| Global Round : 10 | Client :0 | Local Epoch : 2 | [64/626 (11%)]	Loss1: 5.844484 Loss2: 0.000000 
| Global Round : 10 | Client :0 | Local Epoch : 3 | [64/626 (11%)]	Loss1: 5.845619 Loss2: 0.000000 
| Global Round : 10 | Client :0 | Local Epoch : 4 | [64/626 (11%)]	Loss1: 5.845676 Loss2: 0.000000 
| Global Round : 10 | Client :1 | Local Epoch : 0 | [64/497 (14%)]	Loss1: 5.844693 Loss2: 0.000000 
| Global Round : 10 | Client :1 | Local Epoch : 1 | [64/497 (14%)]	Loss1: 5.843307 Loss2: 0.000000 
| Global Round : 10 | Client :1 | Local Epoch : 2 | [64/497 (14%)]	Loss1: 5.845844 Loss2: 0.000000 
| Global Round : 10 | Client :1 | Local Epoch : 3 | [64/497 (14%)]	Loss1: 5.846947 Loss2: 0.000000 
| Global Round : 10 | Client :1 | Local Epoch : 4 | [64/497 (14%)]	Loss1: 5.845207 Loss2: 0.000000 
| Global Round : 10 | Client :2 | Local Epoch : 0 | [64/597 (11%)]	Loss1: 5.841094 Loss2: 0.000000 
| Global Round : 10 | Client :2 | Local Epoch : 1 | [64/597 (11%)]	Loss1: 5.841980 Loss2: 0.000000 
| Global Round : 10 | Client :2 | Local Epoch : 2 | [64/597 (11%)]	Loss1: 5.841315 Loss2: 0.000000 
| Global Round : 10 | Client :2 | Local Epoch : 3 | [64/597 (11%)]	Loss1: 5.841429 Loss2: 0.000000 
| Global Round : 10 | Client :2 | Local Epoch : 4 | [64/597 (11%)]	Loss1: 5.841493 Loss2: 0.000000 
| Global Round : 10 | Client :3 | Local Epoch : 0 | [64/605 (11%)]	Loss1: 5.843870 Loss2: 0.000000 
| Global Round : 10 | Client :3 | Local Epoch : 1 | [64/605 (11%)]	Loss1: 5.844263 Loss2: 0.000000 
| Global Round : 10 | Client :3 | Local Epoch : 2 | [64/605 (11%)]	Loss1: 5.845867 Loss2: 0.000000 
| Global Round : 10 | Client :3 | Local Epoch : 3 | [64/605 (11%)]	Loss1: 5.844179 Loss2: 0.000000 
| Global Round : 10 | Client :3 | Local Epoch : 4 | [64/605 (11%)]	Loss1: 5.845202 Loss2: 0.000000 
| Global Round : 10 | Client :4 | Local Epoch : 0 | [64/436 (17%)]	Loss1: 5.842509 Loss2: 0.000000 
| Global Round : 10 | Client :4 | Local Epoch : 1 | [64/436 (17%)]	Loss1: 5.842945 Loss2: 0.000000 
| Global Round : 10 | Client :4 | Local Epoch : 2 | [64/436 (17%)]	Loss1: 5.843796 Loss2: 0.000000 
| Global Round : 10 | Client :4 | Local Epoch : 3 | [64/436 (17%)]	Loss1: 5.841670 Loss2: 0.000000 
| Global Round : 10 | Client :4 | Local Epoch : 4 | [64/436 (17%)]	Loss1: 5.842629 Loss2: 0.000000 
| Global Round : 10 | Client :5 | Local Epoch : 0 | [64/627 (11%)]	Loss1: 5.842857 Loss2: 0.000000 
| Global Round : 10 | Client :5 | Local Epoch : 1 | [64/627 (11%)]	Loss1: 5.842039 Loss2: 0.000000 
| Global Round : 10 | Client :5 | Local Epoch : 2 | [64/627 (11%)]	Loss1: 5.843032 Loss2: 0.000000 
| Global Round : 10 | Client :5 | Local Epoch : 3 | [64/627 (11%)]	Loss1: 5.842192 Loss2: 0.000000 
| Global Round : 10 | Client :5 | Local Epoch : 4 | [64/627 (11%)]	Loss1: 5.843176 Loss2: 0.000000 
| Global Round : 10 | Client :6 | Local Epoch : 0 | [64/571 (12%)]	Loss1: 5.843655 Loss2: 0.000000 
| Global Round : 10 | Client :6 | Local Epoch : 1 | [64/571 (12%)]	Loss1: 5.845435 Loss2: 0.000000 
| Global Round : 10 | Client :6 | Local Epoch : 2 | [64/571 (12%)]	Loss1: 5.844025 Loss2: 0.000000 
| Global Round : 10 | Client :6 | Local Epoch : 3 | [64/571 (12%)]	Loss1: 5.842827 Loss2: 0.000000 
| Global Round : 10 | Client :6 | Local Epoch : 4 | [64/571 (12%)]	Loss1: 5.842137 Loss2: 0.000000 
| Global Round : 10 | Client :7 | Local Epoch : 0 | [64/665 (10%)]	Loss1: 5.841865 Loss2: 0.000000 
| Global Round : 10 | Client :7 | Local Epoch : 1 | [64/665 (10%)]	Loss1: 5.843830 Loss2: 0.000000 
| Global Round : 10 | Client :7 | Local Epoch : 2 | [64/665 (10%)]	Loss1: 5.845411 Loss2: 0.000000 
| Global Round : 10 | Client :7 | Local Epoch : 3 | [64/665 (10%)]	Loss1: 5.842311 Loss2: 0.000000 
| Global Round : 10 | Client :7 | Local Epoch : 4 | [64/665 (10%)]	Loss1: 5.841789 Loss2: 0.000000 
| Global Round : 10 | Client :8 | Local Epoch : 0 | [64/561 (12%)]	Loss1: 5.844136 Loss2: 0.000000 
| Global Round : 10 | Client :8 | Local Epoch : 1 | [64/561 (12%)]	Loss1: 5.844947 Loss2: 0.000000 
| Global Round : 10 | Client :8 | Local Epoch : 2 | [64/561 (12%)]	Loss1: 5.842139 Loss2: 0.000000 
| Global Round : 10 | Client :8 | Local Epoch : 3 | [64/561 (12%)]	Loss1: 5.842472 Loss2: 0.000000 
| Global Round : 10 | Client :8 | Local Epoch : 4 | [64/561 (12%)]	Loss1: 5.842886 Loss2: 0.000000 
| Global Round : 10 | Client :9 | Local Epoch : 0 | [64/811 (8%)]	Loss1: 5.843749 Loss2: 0.000000 
| Global Round : 10 | Client :9 | Local Epoch : 0 | [704/811 (92%)]	Loss1: 5.841691 Loss2: 0.000000 
| Global Round : 10 | Client :9 | Local Epoch : 1 | [64/811 (8%)]	Loss1: 5.843894 Loss2: 0.000000 
| Global Round : 10 | Client :9 | Local Epoch : 1 | [704/811 (92%)]	Loss1: 5.842587 Loss2: 0.000000 
| Global Round : 10 | Client :9 | Local Epoch : 2 | [64/811 (8%)]	Loss1: 5.841582 Loss2: 0.000000 
| Global Round : 10 | Client :9 | Local Epoch : 2 | [704/811 (92%)]	Loss1: 5.840999 Loss2: 0.000000 
| Global Round : 10 | Client :9 | Local Epoch : 3 | [64/811 (8%)]	Loss1: 5.843193 Loss2: 0.000000 
| Global Round : 10 | Client :9 | Local Epoch : 3 | [704/811 (92%)]	Loss1: 5.841560 Loss2: 0.000000 
| Global Round : 10 | Client :9 | Local Epoch : 4 | [64/811 (8%)]	Loss1: 5.840258 Loss2: 0.000000 
| Global Round : 10 | Client :9 | Local Epoch : 4 | [704/811 (92%)]	Loss1: 5.841606 Loss2: 0.000000 
average loss:   5.840849655658479
average local test accuracy: 0.848828125
average global test accuracy:  0.5139322916666667

 | Global Training Round : 11 |

xi_k [0.49059957 0.48094996 0.5140965  0.50757294 0.46936487 0.48954029
 0.47789011 0.51292984 0.48644049 0.50454335]
max_exp: -1.0
coe: 10
Regulation [0.8 0.8 0.8 0.8 0.8 0.8 0.8 0.8 0.8 0.8]
Solver status: optimal_inaccurate
b_new: [1. 1. 1. 1. 1. 1. 1. 1. 1. 1.]
Iter 0: obj=48.9393, best_obj=48.9393, ||b_new-b_prev||₂=2.846050
xi_k [0.49059957 0.48094996 0.5140965  0.50757294 0.46936487 0.48954029
 0.47789011 0.51292984 0.48644049 0.50454335]
max_exp: -1.0
coe: 10
Regulation [-1. -1. -1. -1. -1. -1. -1. -1. -1. -1.]
Solver status: optimal_inaccurate
b_new: [1. 1. 1. 1. 1. 1. 1. 1. 1. 1.]
Iter 1: obj=49.8393, best_obj=49.8393, ||b_new-b_prev||₂=0.000000
Converged.
Final b: [1. 1. 1. 1. 1. 1. 1. 1. 1. 1.]
<class 'numpy.ndarray'>
b_float: [1. 1. 1. 1. 1. 1. 1. 1. 1. 1.]
b: [1 1 1 1 1 1 1 1 1 1]
active_clients:  [0, 1, 2, 3, 4, 5, 6, 7, 8, 9]
Client 0's s_k are:[0 0 0 0 0 0 0 0 0 0]
Client 1's s_k are:[0 0 0 0 0 0 0 0 0 0]
Client 2's s_k are:[0 0 0 0 0 0 0 0 0 0]
Client 3's s_k are:[0 0 0 0 0 0 0 0 0 0]
Client 4's s_k are:[0 0 0 0 0 0 0 0 0 0]
Client 5's s_k are:[0 0 0 0 0 0 0 0 0 0]
Client 6's s_k are:[0 0 0 0 0 0 0 0 0 0]
Client 7's s_k are:[0 0 0 0 0 0 0 0 0 0]
Client 8's s_k are:[0 0 0 0 0 0 0 0 0 0]
Client 9's s_k are:[0 0 0 0 0 0 0 0 0 0]
| Global Round : 11 | Client :0 | Local Epoch : 0 | [64/626 (11%)]	Loss1: 5.845075 Loss2: 0.000000 
| Global Round : 11 | Client :0 | Local Epoch : 1 | [64/626 (11%)]	Loss1: 5.843994 Loss2: 0.000000 
| Global Round : 11 | Client :0 | Local Epoch : 2 | [64/626 (11%)]	Loss1: 5.843063 Loss2: 0.000000 
| Global Round : 11 | Client :0 | Local Epoch : 3 | [64/626 (11%)]	Loss1: 5.844973 Loss2: 0.000000 
| Global Round : 11 | Client :0 | Local Epoch : 4 | [64/626 (11%)]	Loss1: 5.843554 Loss2: 0.000000 
| Global Round : 11 | Client :1 | Local Epoch : 0 | [64/497 (14%)]	Loss1: 5.845731 Loss2: 0.000000 
| Global Round : 11 | Client :1 | Local Epoch : 1 | [64/497 (14%)]	Loss1: 5.845843 Loss2: 0.000000 
| Global Round : 11 | Client :1 | Local Epoch : 2 | [64/497 (14%)]	Loss1: 5.846480 Loss2: 0.000000 
| Global Round : 11 | Client :1 | Local Epoch : 3 | [64/497 (14%)]	Loss1: 5.846114 Loss2: 0.000000 
| Global Round : 11 | Client :1 | Local Epoch : 4 | [64/497 (14%)]	Loss1: 5.844619 Loss2: 0.000000 
| Global Round : 11 | Client :2 | Local Epoch : 0 | [64/597 (11%)]	Loss1: 5.841678 Loss2: 0.000000 
| Global Round : 11 | Client :2 | Local Epoch : 1 | [64/597 (11%)]	Loss1: 5.840955 Loss2: 0.000000 
| Global Round : 11 | Client :2 | Local Epoch : 2 | [64/597 (11%)]	Loss1: 5.841127 Loss2: 0.000000 
| Global Round : 11 | Client :2 | Local Epoch : 3 | [64/597 (11%)]	Loss1: 5.841284 Loss2: 0.000000 
| Global Round : 11 | Client :2 | Local Epoch : 4 | [64/597 (11%)]	Loss1: 5.842067 Loss2: 0.000000 
| Global Round : 11 | Client :3 | Local Epoch : 0 | [64/605 (11%)]	Loss1: 5.845162 Loss2: 0.000000 
| Global Round : 11 | Client :3 | Local Epoch : 1 | [64/605 (11%)]	Loss1: 5.843722 Loss2: 0.000000 
| Global Round : 11 | Client :3 | Local Epoch : 2 | [64/605 (11%)]	Loss1: 5.842597 Loss2: 0.000000 
| Global Round : 11 | Client :3 | Local Epoch : 3 | [64/605 (11%)]	Loss1: 5.844209 Loss2: 0.000000 
| Global Round : 11 | Client :3 | Local Epoch : 4 | [64/605 (11%)]	Loss1: 5.843153 Loss2: 0.000000 
| Global Round : 11 | Client :4 | Local Epoch : 0 | [64/436 (17%)]	Loss1: 5.841231 Loss2: 0.000000 
| Global Round : 11 | Client :4 | Local Epoch : 1 | [64/436 (17%)]	Loss1: 5.844217 Loss2: 0.000000 
| Global Round : 11 | Client :4 | Local Epoch : 2 | [64/436 (17%)]	Loss1: 5.843141 Loss2: 0.000000 
| Global Round : 11 | Client :4 | Local Epoch : 3 | [64/436 (17%)]	Loss1: 5.842810 Loss2: 0.000000 
| Global Round : 11 | Client :4 | Local Epoch : 4 | [64/436 (17%)]	Loss1: 5.841814 Loss2: 0.000000 
| Global Round : 11 | Client :5 | Local Epoch : 0 | [64/627 (11%)]	Loss1: 5.842116 Loss2: 0.000000 
| Global Round : 11 | Client :5 | Local Epoch : 1 | [64/627 (11%)]	Loss1: 5.843628 Loss2: 0.000000 
| Global Round : 11 | Client :5 | Local Epoch : 2 | [64/627 (11%)]	Loss1: 5.840438 Loss2: 0.000000 
| Global Round : 11 | Client :5 | Local Epoch : 3 | [64/627 (11%)]	Loss1: 5.842720 Loss2: 0.000000 
| Global Round : 11 | Client :5 | Local Epoch : 4 | [64/627 (11%)]	Loss1: 5.840959 Loss2: 0.000000 
| Global Round : 11 | Client :6 | Local Epoch : 0 | [64/571 (12%)]	Loss1: 5.842258 Loss2: 0.000000 
| Global Round : 11 | Client :6 | Local Epoch : 1 | [64/571 (12%)]	Loss1: 5.842168 Loss2: 0.000000 
| Global Round : 11 | Client :6 | Local Epoch : 2 | [64/571 (12%)]	Loss1: 5.842558 Loss2: 0.000000 
| Global Round : 11 | Client :6 | Local Epoch : 3 | [64/571 (12%)]	Loss1: 5.844113 Loss2: 0.000000 
| Global Round : 11 | Client :6 | Local Epoch : 4 | [64/571 (12%)]	Loss1: 5.842308 Loss2: 0.000000 
| Global Round : 11 | Client :7 | Local Epoch : 0 | [64/665 (10%)]	Loss1: 5.844279 Loss2: 0.000000 
| Global Round : 11 | Client :7 | Local Epoch : 1 | [64/665 (10%)]	Loss1: 5.844354 Loss2: 0.000000 
| Global Round : 11 | Client :7 | Local Epoch : 2 | [64/665 (10%)]	Loss1: 5.841353 Loss2: 0.000000 
| Global Round : 11 | Client :7 | Local Epoch : 3 | [64/665 (10%)]	Loss1: 5.843655 Loss2: 0.000000 
| Global Round : 11 | Client :7 | Local Epoch : 4 | [64/665 (10%)]	Loss1: 5.844854 Loss2: 0.000000 
| Global Round : 11 | Client :8 | Local Epoch : 0 | [64/561 (12%)]	Loss1: 5.842698 Loss2: 0.000000 
| Global Round : 11 | Client :8 | Local Epoch : 1 | [64/561 (12%)]	Loss1: 5.845058 Loss2: 0.000000 
| Global Round : 11 | Client :8 | Local Epoch : 2 | [64/561 (12%)]	Loss1: 5.842803 Loss2: 0.000000 
| Global Round : 11 | Client :8 | Local Epoch : 3 | [64/561 (12%)]	Loss1: 5.842644 Loss2: 0.000000 
| Global Round : 11 | Client :8 | Local Epoch : 4 | [64/561 (12%)]	Loss1: 5.841194 Loss2: 0.000000 
| Global Round : 11 | Client :9 | Local Epoch : 0 | [64/811 (8%)]	Loss1: 5.840652 Loss2: 0.000000 
| Global Round : 11 | Client :9 | Local Epoch : 0 | [704/811 (92%)]	Loss1: 5.841438 Loss2: 0.000000 
| Global Round : 11 | Client :9 | Local Epoch : 1 | [64/811 (8%)]	Loss1: 5.842331 Loss2: 0.000000 
| Global Round : 11 | Client :9 | Local Epoch : 1 | [704/811 (92%)]	Loss1: 5.841836 Loss2: 0.000000 
| Global Round : 11 | Client :9 | Local Epoch : 2 | [64/811 (8%)]	Loss1: 5.841573 Loss2: 0.000000 
| Global Round : 11 | Client :9 | Local Epoch : 2 | [704/811 (92%)]	Loss1: 5.841221 Loss2: 0.000000 
| Global Round : 11 | Client :9 | Local Epoch : 3 | [64/811 (8%)]	Loss1: 5.841015 Loss2: 0.000000 
| Global Round : 11 | Client :9 | Local Epoch : 3 | [704/811 (92%)]	Loss1: 5.841085 Loss2: 0.000000 
| Global Round : 11 | Client :9 | Local Epoch : 4 | [64/811 (8%)]	Loss1: 5.840567 Loss2: 0.000000 
| Global Round : 11 | Client :9 | Local Epoch : 4 | [704/811 (92%)]	Loss1: 5.841818 Loss2: 0.000000 
average loss:   5.840619318920469
average local test accuracy: 0.8549479166666668
average global test accuracy:  0.5733072916666667

 | Global Training Round : 12 |

xi_k [0.49054849 0.48081598 0.51404495 0.50753372 0.46932376 0.4895303
 0.4779082  0.51291775 0.48638233 0.50450982]
max_exp: -1.0
coe: 10
Regulation [0.8 0.8 0.8 0.8 0.8 0.8 0.8 0.8 0.8 0.8]
Solver status: optimal_inaccurate
b_new: [1. 1. 1. 1. 1. 1. 1. 1. 1. 1.]
Iter 0: obj=48.9352, best_obj=48.9352, ||b_new-b_prev||₂=2.846050
xi_k [0.49054849 0.48081598 0.51404495 0.50753372 0.46932376 0.4895303
 0.4779082  0.51291775 0.48638233 0.50450982]
max_exp: -1.0
coe: 10
Regulation [-1. -1. -1. -1. -1. -1. -1. -1. -1. -1.]
Solver status: optimal_inaccurate
b_new: [1. 1. 1. 1. 1. 1. 1. 1. 1. 1.]
Iter 1: obj=49.8352, best_obj=49.8352, ||b_new-b_prev||₂=0.000000
Converged.
Final b: [1. 1. 1. 1. 1. 1. 1. 1. 1. 1.]
<class 'numpy.ndarray'>
b_float: [1. 1. 1. 1. 1. 1. 1. 1. 1. 1.]
b: [1 1 1 1 1 1 1 1 1 1]
active_clients:  [0, 1, 2, 3, 4, 5, 6, 7, 8, 9]
Client 0's s_k are:[0 0 0 0 0 0 0 0 0 0]
Client 1's s_k are:[0 0 0 0 0 0 0 0 0 0]
Client 2's s_k are:[0 0 0 0 0 0 0 0 0 0]
Client 3's s_k are:[0 0 0 0 0 0 0 0 0 0]
Client 4's s_k are:[0 0 0 0 0 0 0 0 0 0]
Client 5's s_k are:[0 0 0 0 0 0 0 0 0 0]
Client 6's s_k are:[0 0 0 0 0 0 0 0 0 0]
Client 7's s_k are:[0 0 0 0 0 0 0 0 0 0]
Client 8's s_k are:[0 0 0 0 0 0 0 0 0 0]
Client 9's s_k are:[0 0 0 0 0 0 0 0 0 0]
| Global Round : 12 | Client :0 | Local Epoch : 0 | [64/626 (11%)]	Loss1: 5.845087 Loss2: 0.000000 
| Global Round : 12 | Client :0 | Local Epoch : 1 | [64/626 (11%)]	Loss1: 5.843698 Loss2: 0.000000 
| Global Round : 12 | Client :0 | Local Epoch : 2 | [64/626 (11%)]	Loss1: 5.845280 Loss2: 0.000000 
| Global Round : 12 | Client :0 | Local Epoch : 3 | [64/626 (11%)]	Loss1: 5.844007 Loss2: 0.000000 
| Global Round : 12 | Client :0 | Local Epoch : 4 | [64/626 (11%)]	Loss1: 5.843180 Loss2: 0.000000 
| Global Round : 12 | Client :1 | Local Epoch : 0 | [64/497 (14%)]	Loss1: 5.843678 Loss2: 0.000000 
| Global Round : 12 | Client :1 | Local Epoch : 1 | [64/497 (14%)]	Loss1: 5.844889 Loss2: 0.000000 
| Global Round : 12 | Client :1 | Local Epoch : 2 | [64/497 (14%)]	Loss1: 5.843971 Loss2: 0.000000 
| Global Round : 12 | Client :1 | Local Epoch : 3 | [64/497 (14%)]	Loss1: 5.845507 Loss2: 0.000000 
| Global Round : 12 | Client :1 | Local Epoch : 4 | [64/497 (14%)]	Loss1: 5.843305 Loss2: 0.000000 
| Global Round : 12 | Client :2 | Local Epoch : 0 | [64/597 (11%)]	Loss1: 5.841575 Loss2: 0.000000 
| Global Round : 12 | Client :2 | Local Epoch : 1 | [64/597 (11%)]	Loss1: 5.841265 Loss2: 0.000000 
| Global Round : 12 | Client :2 | Local Epoch : 2 | [64/597 (11%)]	Loss1: 5.842904 Loss2: 0.000000 
| Global Round : 12 | Client :2 | Local Epoch : 3 | [64/597 (11%)]	Loss1: 5.840702 Loss2: 0.000000 
| Global Round : 12 | Client :2 | Local Epoch : 4 | [64/597 (11%)]	Loss1: 5.842415 Loss2: 0.000000 
| Global Round : 12 | Client :3 | Local Epoch : 0 | [64/605 (11%)]	Loss1: 5.843675 Loss2: 0.000000 
| Global Round : 12 | Client :3 | Local Epoch : 1 | [64/605 (11%)]	Loss1: 5.844217 Loss2: 0.000000 
| Global Round : 12 | Client :3 | Local Epoch : 2 | [64/605 (11%)]	Loss1: 5.844784 Loss2: 0.000000 
| Global Round : 12 | Client :3 | Local Epoch : 3 | [64/605 (11%)]	Loss1: 5.844239 Loss2: 0.000000 
| Global Round : 12 | Client :3 | Local Epoch : 4 | [64/605 (11%)]	Loss1: 5.843632 Loss2: 0.000000 
| Global Round : 12 | Client :4 | Local Epoch : 0 | [64/436 (17%)]	Loss1: 5.841114 Loss2: 0.000000 
| Global Round : 12 | Client :4 | Local Epoch : 1 | [64/436 (17%)]	Loss1: 5.842014 Loss2: 0.000000 
| Global Round : 12 | Client :4 | Local Epoch : 2 | [64/436 (17%)]	Loss1: 5.841050 Loss2: 0.000000 
| Global Round : 12 | Client :4 | Local Epoch : 3 | [64/436 (17%)]	Loss1: 5.840757 Loss2: 0.000000 
| Global Round : 12 | Client :4 | Local Epoch : 4 | [64/436 (17%)]	Loss1: 5.840779 Loss2: 0.000000 
| Global Round : 12 | Client :5 | Local Epoch : 0 | [64/627 (11%)]	Loss1: 5.841046 Loss2: 0.000000 
| Global Round : 12 | Client :5 | Local Epoch : 1 | [64/627 (11%)]	Loss1: 5.843176 Loss2: 0.000000 
| Global Round : 12 | Client :5 | Local Epoch : 2 | [64/627 (11%)]	Loss1: 5.841378 Loss2: 0.000000 
| Global Round : 12 | Client :5 | Local Epoch : 3 | [64/627 (11%)]	Loss1: 5.842294 Loss2: 0.000000 
| Global Round : 12 | Client :5 | Local Epoch : 4 | [64/627 (11%)]	Loss1: 5.842495 Loss2: 0.000000 
| Global Round : 12 | Client :6 | Local Epoch : 0 | [64/571 (12%)]	Loss1: 5.842975 Loss2: 0.000000 
| Global Round : 12 | Client :6 | Local Epoch : 1 | [64/571 (12%)]	Loss1: 5.843495 Loss2: 0.000000 
| Global Round : 12 | Client :6 | Local Epoch : 2 | [64/571 (12%)]	Loss1: 5.843009 Loss2: 0.000000 
| Global Round : 12 | Client :6 | Local Epoch : 3 | [64/571 (12%)]	Loss1: 5.842565 Loss2: 0.000000 
| Global Round : 12 | Client :6 | Local Epoch : 4 | [64/571 (12%)]	Loss1: 5.842411 Loss2: 0.000000 
| Global Round : 12 | Client :7 | Local Epoch : 0 | [64/665 (10%)]	Loss1: 5.842967 Loss2: 0.000000 
| Global Round : 12 | Client :7 | Local Epoch : 1 | [64/665 (10%)]	Loss1: 5.843655 Loss2: 0.000000 
| Global Round : 12 | Client :7 | Local Epoch : 2 | [64/665 (10%)]	Loss1: 5.842653 Loss2: 0.000000 
| Global Round : 12 | Client :7 | Local Epoch : 3 | [64/665 (10%)]	Loss1: 5.841587 Loss2: 0.000000 
| Global Round : 12 | Client :7 | Local Epoch : 4 | [64/665 (10%)]	Loss1: 5.841930 Loss2: 0.000000 
| Global Round : 12 | Client :8 | Local Epoch : 0 | [64/561 (12%)]	Loss1: 5.841781 Loss2: 0.000000 
| Global Round : 12 | Client :8 | Local Epoch : 1 | [64/561 (12%)]	Loss1: 5.841970 Loss2: 0.000000 
| Global Round : 12 | Client :8 | Local Epoch : 2 | [64/561 (12%)]	Loss1: 5.842686 Loss2: 0.000000 
| Global Round : 12 | Client :8 | Local Epoch : 3 | [64/561 (12%)]	Loss1: 5.842407 Loss2: 0.000000 
| Global Round : 12 | Client :8 | Local Epoch : 4 | [64/561 (12%)]	Loss1: 5.841479 Loss2: 0.000000 
| Global Round : 12 | Client :9 | Local Epoch : 0 | [64/811 (8%)]	Loss1: 5.841192 Loss2: 0.000000 
| Global Round : 12 | Client :9 | Local Epoch : 0 | [704/811 (92%)]	Loss1: 5.840598 Loss2: 0.000000 
| Global Round : 12 | Client :9 | Local Epoch : 1 | [64/811 (8%)]	Loss1: 5.840831 Loss2: 0.000000 
| Global Round : 12 | Client :9 | Local Epoch : 1 | [704/811 (92%)]	Loss1: 5.841587 Loss2: 0.000000 
| Global Round : 12 | Client :9 | Local Epoch : 2 | [64/811 (8%)]	Loss1: 5.840251 Loss2: 0.000000 
| Global Round : 12 | Client :9 | Local Epoch : 2 | [704/811 (92%)]	Loss1: 5.840487 Loss2: 0.000000 
| Global Round : 12 | Client :9 | Local Epoch : 3 | [64/811 (8%)]	Loss1: 5.842050 Loss2: 0.000000 
| Global Round : 12 | Client :9 | Local Epoch : 3 | [704/811 (92%)]	Loss1: 5.841943 Loss2: 0.000000 
| Global Round : 12 | Client :9 | Local Epoch : 4 | [64/811 (8%)]	Loss1: 5.842873 Loss2: 0.000000 
| Global Round : 12 | Client :9 | Local Epoch : 4 | [704/811 (92%)]	Loss1: 5.841547 Loss2: 0.000000 
average loss:   5.840448988997747
average local test accuracy: 0.8571614583333333
average global test accuracy:  0.5638020833333334

 | Global Training Round : 13 |

xi_k [0.49051218 0.48074073 0.51406331 0.50746416 0.46930264 0.48947562
 0.47780981 0.5128861  0.48638074 0.50449266]
max_exp: -1.0
coe: 10
Regulation [0.8 0.8 0.8 0.8 0.8 0.8 0.8 0.8 0.8 0.8]
Solver status: optimal_inaccurate
b_new: [1. 1. 1. 1. 1. 1. 1. 1. 1. 1.]
Iter 0: obj=48.9313, best_obj=48.9313, ||b_new-b_prev||₂=2.846050
xi_k [0.49051218 0.48074073 0.51406331 0.50746416 0.46930264 0.48947562
 0.47780981 0.5128861  0.48638074 0.50449266]
max_exp: -1.0
coe: 10
Regulation [-1. -1. -1. -1. -1. -1. -1. -1. -1. -1.]
Solver status: optimal_inaccurate
b_new: [1. 1. 1. 1. 1. 1. 1. 1. 1. 1.]
Iter 1: obj=49.8313, best_obj=49.8313, ||b_new-b_prev||₂=0.000000
Converged.
Final b: [1. 1. 1. 1. 1. 1. 1. 1. 1. 1.]
<class 'numpy.ndarray'>
b_float: [1. 1. 1. 1. 1. 1. 1. 1. 1. 1.]
b: [1 1 1 1 1 1 1 1 1 1]
active_clients:  [0, 1, 2, 3, 4, 5, 6, 7, 8, 9]
Client 0's s_k are:[0 0 0 0 0 0 0 0 0 0]
Client 1's s_k are:[0 0 0 0 0 0 0 0 0 0]
Client 2's s_k are:[0 0 0 0 0 0 0 0 0 0]
Client 3's s_k are:[0 0 0 0 0 0 0 0 0 0]
Client 4's s_k are:[0 0 0 0 0 0 0 0 0 0]
Client 5's s_k are:[0 0 0 0 0 0 0 0 0 0]
Client 6's s_k are:[0 0 0 0 0 0 0 0 0 0]
Client 7's s_k are:[0 0 0 0 0 0 0 0 0 0]
Client 8's s_k are:[0 0 0 0 0 0 0 0 0 0]
Client 9's s_k are:[0 0 0 0 0 0 0 0 0 0]
| Global Round : 13 | Client :0 | Local Epoch : 0 | [64/626 (11%)]	Loss1: 5.844083 Loss2: 0.000000 
| Global Round : 13 | Client :0 | Local Epoch : 1 | [64/626 (11%)]	Loss1: 5.846128 Loss2: 0.000000 
| Global Round : 13 | Client :0 | Local Epoch : 2 | [64/626 (11%)]	Loss1: 5.842519 Loss2: 0.000000 
| Global Round : 13 | Client :0 | Local Epoch : 3 | [64/626 (11%)]	Loss1: 5.844213 Loss2: 0.000000 
| Global Round : 13 | Client :0 | Local Epoch : 4 | [64/626 (11%)]	Loss1: 5.843220 Loss2: 0.000000 
| Global Round : 13 | Client :1 | Local Epoch : 0 | [64/497 (14%)]	Loss1: 5.846311 Loss2: 0.000000 
| Global Round : 13 | Client :1 | Local Epoch : 1 | [64/497 (14%)]	Loss1: 5.846064 Loss2: 0.000000 
| Global Round : 13 | Client :1 | Local Epoch : 2 | [64/497 (14%)]	Loss1: 5.844751 Loss2: 0.000000 
| Global Round : 13 | Client :1 | Local Epoch : 3 | [64/497 (14%)]	Loss1: 5.843410 Loss2: 0.000000 
| Global Round : 13 | Client :1 | Local Epoch : 4 | [64/497 (14%)]	Loss1: 5.844816 Loss2: 0.000000 
| Global Round : 13 | Client :2 | Local Epoch : 0 | [64/597 (11%)]	Loss1: 5.839977 Loss2: 0.000000 
| Global Round : 13 | Client :2 | Local Epoch : 1 | [64/597 (11%)]	Loss1: 5.841403 Loss2: 0.000000 
| Global Round : 13 | Client :2 | Local Epoch : 2 | [64/597 (11%)]	Loss1: 5.841548 Loss2: 0.000000 
| Global Round : 13 | Client :2 | Local Epoch : 3 | [64/597 (11%)]	Loss1: 5.840547 Loss2: 0.000000 
| Global Round : 13 | Client :2 | Local Epoch : 4 | [64/597 (11%)]	Loss1: 5.842457 Loss2: 0.000000 
| Global Round : 13 | Client :3 | Local Epoch : 0 | [64/605 (11%)]	Loss1: 5.842459 Loss2: 0.000000 
| Global Round : 13 | Client :3 | Local Epoch : 1 | [64/605 (11%)]	Loss1: 5.843598 Loss2: 0.000000 
| Global Round : 13 | Client :3 | Local Epoch : 2 | [64/605 (11%)]	Loss1: 5.842448 Loss2: 0.000000 
| Global Round : 13 | Client :3 | Local Epoch : 3 | [64/605 (11%)]	Loss1: 5.842768 Loss2: 0.000000 
| Global Round : 13 | Client :3 | Local Epoch : 4 | [64/605 (11%)]	Loss1: 5.842569 Loss2: 0.000000 
| Global Round : 13 | Client :4 | Local Epoch : 0 | [64/436 (17%)]	Loss1: 5.840799 Loss2: 0.000000 
| Global Round : 13 | Client :4 | Local Epoch : 1 | [64/436 (17%)]	Loss1: 5.841177 Loss2: 0.000000 
| Global Round : 13 | Client :4 | Local Epoch : 2 | [64/436 (17%)]	Loss1: 5.842567 Loss2: 0.000000 
| Global Round : 13 | Client :4 | Local Epoch : 3 | [64/436 (17%)]	Loss1: 5.840937 Loss2: 0.000000 
| Global Round : 13 | Client :4 | Local Epoch : 4 | [64/436 (17%)]	Loss1: 5.842031 Loss2: 0.000000 
| Global Round : 13 | Client :5 | Local Epoch : 0 | [64/627 (11%)]	Loss1: 5.840651 Loss2: 0.000000 
| Global Round : 13 | Client :5 | Local Epoch : 1 | [64/627 (11%)]	Loss1: 5.842125 Loss2: 0.000000 
| Global Round : 13 | Client :5 | Local Epoch : 2 | [64/627 (11%)]	Loss1: 5.842820 Loss2: 0.000000 
| Global Round : 13 | Client :5 | Local Epoch : 3 | [64/627 (11%)]	Loss1: 5.842955 Loss2: 0.000000 
| Global Round : 13 | Client :5 | Local Epoch : 4 | [64/627 (11%)]	Loss1: 5.840855 Loss2: 0.000000 
| Global Round : 13 | Client :6 | Local Epoch : 0 | [64/571 (12%)]	Loss1: 5.841306 Loss2: 0.000000 
| Global Round : 13 | Client :6 | Local Epoch : 1 | [64/571 (12%)]	Loss1: 5.840848 Loss2: 0.000000 
| Global Round : 13 | Client :6 | Local Epoch : 2 | [64/571 (12%)]	Loss1: 5.842096 Loss2: 0.000000 
| Global Round : 13 | Client :6 | Local Epoch : 3 | [64/571 (12%)]	Loss1: 5.841715 Loss2: 0.000000 
| Global Round : 13 | Client :6 | Local Epoch : 4 | [64/571 (12%)]	Loss1: 5.842595 Loss2: 0.000000 
| Global Round : 13 | Client :7 | Local Epoch : 0 | [64/665 (10%)]	Loss1: 5.841161 Loss2: 0.000000 
| Global Round : 13 | Client :7 | Local Epoch : 1 | [64/665 (10%)]	Loss1: 5.844012 Loss2: 0.000000 
| Global Round : 13 | Client :7 | Local Epoch : 2 | [64/665 (10%)]	Loss1: 5.842506 Loss2: 0.000000 
| Global Round : 13 | Client :7 | Local Epoch : 3 | [64/665 (10%)]	Loss1: 5.843102 Loss2: 0.000000 
| Global Round : 13 | Client :7 | Local Epoch : 4 | [64/665 (10%)]	Loss1: 5.841608 Loss2: 0.000000 
| Global Round : 13 | Client :8 | Local Epoch : 0 | [64/561 (12%)]	Loss1: 5.843077 Loss2: 0.000000 
| Global Round : 13 | Client :8 | Local Epoch : 1 | [64/561 (12%)]	Loss1: 5.842869 Loss2: 0.000000 
| Global Round : 13 | Client :8 | Local Epoch : 2 | [64/561 (12%)]	Loss1: 5.843259 Loss2: 0.000000 
| Global Round : 13 | Client :8 | Local Epoch : 3 | [64/561 (12%)]	Loss1: 5.842215 Loss2: 0.000000 
| Global Round : 13 | Client :8 | Local Epoch : 4 | [64/561 (12%)]	Loss1: 5.840832 Loss2: 0.000000 
| Global Round : 13 | Client :9 | Local Epoch : 0 | [64/811 (8%)]	Loss1: 5.840494 Loss2: 0.000000 
| Global Round : 13 | Client :9 | Local Epoch : 0 | [704/811 (92%)]	Loss1: 5.842454 Loss2: 0.000000 
| Global Round : 13 | Client :9 | Local Epoch : 1 | [64/811 (8%)]	Loss1: 5.842156 Loss2: 0.000000 
| Global Round : 13 | Client :9 | Local Epoch : 1 | [704/811 (92%)]	Loss1: 5.841742 Loss2: 0.000000 
| Global Round : 13 | Client :9 | Local Epoch : 2 | [64/811 (8%)]	Loss1: 5.840559 Loss2: 0.000000 
| Global Round : 13 | Client :9 | Local Epoch : 2 | [704/811 (92%)]	Loss1: 5.841325 Loss2: 0.000000 
| Global Round : 13 | Client :9 | Local Epoch : 3 | [64/811 (8%)]	Loss1: 5.841496 Loss2: 0.000000 
| Global Round : 13 | Client :9 | Local Epoch : 3 | [704/811 (92%)]	Loss1: 5.840475 Loss2: 0.000000 
| Global Round : 13 | Client :9 | Local Epoch : 4 | [64/811 (8%)]	Loss1: 5.840260 Loss2: 0.000000 
| Global Round : 13 | Client :9 | Local Epoch : 4 | [704/811 (92%)]	Loss1: 5.842497 Loss2: 0.000000 
average loss:   5.840181693898307
average local test accuracy: 0.8479166666666668
average global test accuracy:  0.5946614583333334

 | Global Training Round : 14 |

xi_k [0.49044285 0.48067472 0.51405537 0.50740283 0.46926118 0.48944401
 0.47782304 0.51282525 0.48635397 0.50447716]
max_exp: -1.0
coe: 10
Regulation [0.8 0.8 0.8 0.8 0.8 0.8 0.8 0.8 0.8 0.8]
Solver status: optimal_inaccurate
b_new: [1. 1. 1. 1. 1. 1. 1. 1. 1. 1.]
Iter 0: obj=48.9276, best_obj=48.9276, ||b_new-b_prev||₂=2.846050
xi_k [0.49044285 0.48067472 0.51405537 0.50740283 0.46926118 0.48944401
 0.47782304 0.51282525 0.48635397 0.50447716]
max_exp: -1.0
coe: 10
Regulation [-1. -1. -1. -1. -1. -1. -1. -1. -1. -1.]
Solver status: optimal_inaccurate
b_new: [1. 1. 1. 1. 1. 1. 1. 1. 1. 1.]
Iter 1: obj=49.8276, best_obj=49.8276, ||b_new-b_prev||₂=0.000000
Converged.
Final b: [1. 1. 1. 1. 1. 1. 1. 1. 1. 1.]
<class 'numpy.ndarray'>
b_float: [1. 1. 1. 1. 1. 1. 1. 1. 1. 1.]
b: [1 1 1 1 1 1 1 1 1 1]
active_clients:  [0, 1, 2, 3, 4, 5, 6, 7, 8, 9]
Client 0's s_k are:[0 0 0 0 0 0 0 0 0 0]
Client 1's s_k are:[0 0 0 0 0 0 0 0 0 0]
Client 2's s_k are:[0 0 0 0 0 0 0 0 0 0]
Client 3's s_k are:[0 0 0 0 0 0 0 0 0 0]
Client 4's s_k are:[0 0 0 0 0 0 0 0 0 0]
Client 5's s_k are:[0 0 0 0 0 0 0 0 0 0]
Client 6's s_k are:[0 0 0 0 0 0 0 0 0 0]
Client 7's s_k are:[0 0 0 0 0 0 0 0 0 0]
Client 8's s_k are:[0 0 0 0 0 0 0 0 0 0]
Client 9's s_k are:[0 0 0 0 0 0 0 0 0 0]
| Global Round : 14 | Client :0 | Local Epoch : 0 | [64/626 (11%)]	Loss1: 5.843130 Loss2: 0.000000 
| Global Round : 14 | Client :0 | Local Epoch : 1 | [64/626 (11%)]	Loss1: 5.843615 Loss2: 0.000000 
| Global Round : 14 | Client :0 | Local Epoch : 2 | [64/626 (11%)]	Loss1: 5.843292 Loss2: 0.000000 
| Global Round : 14 | Client :0 | Local Epoch : 3 | [64/626 (11%)]	Loss1: 5.844398 Loss2: 0.000000 
| Global Round : 14 | Client :0 | Local Epoch : 4 | [64/626 (11%)]	Loss1: 5.841588 Loss2: 0.000000 
| Global Round : 14 | Client :1 | Local Epoch : 0 | [64/497 (14%)]	Loss1: 5.844051 Loss2: 0.000000 
| Global Round : 14 | Client :1 | Local Epoch : 1 | [64/497 (14%)]	Loss1: 5.843784 Loss2: 0.000000 
| Global Round : 14 | Client :1 | Local Epoch : 2 | [64/497 (14%)]	Loss1: 5.845514 Loss2: 0.000000 
| Global Round : 14 | Client :1 | Local Epoch : 3 | [64/497 (14%)]	Loss1: 5.844661 Loss2: 0.000000 
| Global Round : 14 | Client :1 | Local Epoch : 4 | [64/497 (14%)]	Loss1: 5.843574 Loss2: 0.000000 
| Global Round : 14 | Client :2 | Local Epoch : 0 | [64/597 (11%)]	Loss1: 5.841695 Loss2: 0.000000 
| Global Round : 14 | Client :2 | Local Epoch : 1 | [64/597 (11%)]	Loss1: 5.840362 Loss2: 0.000000 
| Global Round : 14 | Client :2 | Local Epoch : 2 | [64/597 (11%)]	Loss1: 5.840704 Loss2: 0.000000 
| Global Round : 14 | Client :2 | Local Epoch : 3 | [64/597 (11%)]	Loss1: 5.841905 Loss2: 0.000000 
| Global Round : 14 | Client :2 | Local Epoch : 4 | [64/597 (11%)]	Loss1: 5.842899 Loss2: 0.000000 
| Global Round : 14 | Client :3 | Local Epoch : 0 | [64/605 (11%)]	Loss1: 5.841677 Loss2: 0.000000 
| Global Round : 14 | Client :3 | Local Epoch : 1 | [64/605 (11%)]	Loss1: 5.842892 Loss2: 0.000000 
| Global Round : 14 | Client :3 | Local Epoch : 2 | [64/605 (11%)]	Loss1: 5.843571 Loss2: 0.000000 
| Global Round : 14 | Client :3 | Local Epoch : 3 | [64/605 (11%)]	Loss1: 5.842042 Loss2: 0.000000 
| Global Round : 14 | Client :3 | Local Epoch : 4 | [64/605 (11%)]	Loss1: 5.842231 Loss2: 0.000000 
| Global Round : 14 | Client :4 | Local Epoch : 0 | [64/436 (17%)]	Loss1: 5.840375 Loss2: 0.000000 
| Global Round : 14 | Client :4 | Local Epoch : 1 | [64/436 (17%)]	Loss1: 5.841139 Loss2: 0.000000 
| Global Round : 14 | Client :4 | Local Epoch : 2 | [64/436 (17%)]	Loss1: 5.843157 Loss2: 0.000000 
| Global Round : 14 | Client :4 | Local Epoch : 3 | [64/436 (17%)]	Loss1: 5.842889 Loss2: 0.000000 
| Global Round : 14 | Client :4 | Local Epoch : 4 | [64/436 (17%)]	Loss1: 5.841127 Loss2: 0.000000 
| Global Round : 14 | Client :5 | Local Epoch : 0 | [64/627 (11%)]	Loss1: 5.841888 Loss2: 0.000000 
| Global Round : 14 | Client :5 | Local Epoch : 1 | [64/627 (11%)]	Loss1: 5.841380 Loss2: 0.000000 
| Global Round : 14 | Client :5 | Local Epoch : 2 | [64/627 (11%)]	Loss1: 5.841160 Loss2: 0.000000 
| Global Round : 14 | Client :5 | Local Epoch : 3 | [64/627 (11%)]	Loss1: 5.841261 Loss2: 0.000000 
| Global Round : 14 | Client :5 | Local Epoch : 4 | [64/627 (11%)]	Loss1: 5.841746 Loss2: 0.000000 
| Global Round : 14 | Client :6 | Local Epoch : 0 | [64/571 (12%)]	Loss1: 5.842449 Loss2: 0.000000 
| Global Round : 14 | Client :6 | Local Epoch : 1 | [64/571 (12%)]	Loss1: 5.842798 Loss2: 0.000000 
| Global Round : 14 | Client :6 | Local Epoch : 2 | [64/571 (12%)]	Loss1: 5.843226 Loss2: 0.000000 
| Global Round : 14 | Client :6 | Local Epoch : 3 | [64/571 (12%)]	Loss1: 5.841579 Loss2: 0.000000 
| Global Round : 14 | Client :6 | Local Epoch : 4 | [64/571 (12%)]	Loss1: 5.842554 Loss2: 0.000000 
| Global Round : 14 | Client :7 | Local Epoch : 0 | [64/665 (10%)]	Loss1: 5.841745 Loss2: 0.000000 
| Global Round : 14 | Client :7 | Local Epoch : 1 | [64/665 (10%)]	Loss1: 5.841959 Loss2: 0.000000 
| Global Round : 14 | Client :7 | Local Epoch : 2 | [64/665 (10%)]	Loss1: 5.841295 Loss2: 0.000000 
| Global Round : 14 | Client :7 | Local Epoch : 3 | [64/665 (10%)]	Loss1: 5.842456 Loss2: 0.000000 
| Global Round : 14 | Client :7 | Local Epoch : 4 | [64/665 (10%)]	Loss1: 5.842758 Loss2: 0.000000 
| Global Round : 14 | Client :8 | Local Epoch : 0 | [64/561 (12%)]	Loss1: 5.842548 Loss2: 0.000000 
| Global Round : 14 | Client :8 | Local Epoch : 1 | [64/561 (12%)]	Loss1: 5.842007 Loss2: 0.000000 
| Global Round : 14 | Client :8 | Local Epoch : 2 | [64/561 (12%)]	Loss1: 5.842030 Loss2: 0.000000 
| Global Round : 14 | Client :8 | Local Epoch : 3 | [64/561 (12%)]	Loss1: 5.841609 Loss2: 0.000000 
| Global Round : 14 | Client :8 | Local Epoch : 4 | [64/561 (12%)]	Loss1: 5.842304 Loss2: 0.000000 
| Global Round : 14 | Client :9 | Local Epoch : 0 | [64/811 (8%)]	Loss1: 5.839872 Loss2: 0.000000 
| Global Round : 14 | Client :9 | Local Epoch : 0 | [704/811 (92%)]	Loss1: 5.839484 Loss2: 0.000000 
| Global Round : 14 | Client :9 | Local Epoch : 1 | [64/811 (8%)]	Loss1: 5.840882 Loss2: 0.000000 
| Global Round : 14 | Client :9 | Local Epoch : 1 | [704/811 (92%)]	Loss1: 5.840487 Loss2: 0.000000 
| Global Round : 14 | Client :9 | Local Epoch : 2 | [64/811 (8%)]	Loss1: 5.841360 Loss2: 0.000000 
| Global Round : 14 | Client :9 | Local Epoch : 2 | [704/811 (92%)]	Loss1: 5.839836 Loss2: 0.000000 
| Global Round : 14 | Client :9 | Local Epoch : 3 | [64/811 (8%)]	Loss1: 5.840950 Loss2: 0.000000 
| Global Round : 14 | Client :9 | Local Epoch : 3 | [704/811 (92%)]	Loss1: 5.841212 Loss2: 0.000000 
| Global Round : 14 | Client :9 | Local Epoch : 4 | [64/811 (8%)]	Loss1: 5.840575 Loss2: 0.000000 
| Global Round : 14 | Client :9 | Local Epoch : 4 | [704/811 (92%)]	Loss1: 5.839939 Loss2: 0.000000 
average loss:   5.8400139616027715
average local test accuracy: 0.8475260416666668
average global test accuracy:  0.5421875

 | Global Training Round : 15 |

xi_k [0.49039236 0.48064744 0.51402359 0.50737482 0.46924164 0.48942766
 0.47780023 0.51281689 0.48628293 0.50444955]
max_exp: -1.0
coe: 10
Regulation [0.8 0.8 0.8 0.8 0.8 0.8 0.8 0.8 0.8 0.8]
Solver status: optimal_inaccurate
b_new: [1. 1. 1. 1. 1. 1. 1. 1. 1. 1.]
Iter 0: obj=48.9246, best_obj=48.9246, ||b_new-b_prev||₂=2.846050
xi_k [0.49039236 0.48064744 0.51402359 0.50737482 0.46924164 0.48942766
 0.47780023 0.51281689 0.48628293 0.50444955]
max_exp: -1.0
coe: 10
Regulation [-1. -1. -1. -1. -1. -1. -1. -1. -1. -1.]
Solver status: optimal_inaccurate
b_new: [1. 1. 1. 1. 1. 1. 1. 1. 1. 1.]
Iter 1: obj=49.8246, best_obj=49.8246, ||b_new-b_prev||₂=0.000000
Converged.
Final b: [1. 1. 1. 1. 1. 1. 1. 1. 1. 1.]
<class 'numpy.ndarray'>
b_float: [1. 1. 1. 1. 1. 1. 1. 1. 1. 1.]
b: [1 1 1 1 1 1 1 1 1 1]
active_clients:  [0, 1, 2, 3, 4, 5, 6, 7, 8, 9]
Client 0's s_k are:[0 0 0 0 0 0 0 0 0 0]
Client 1's s_k are:[0 0 0 0 0 0 0 0 0 0]
Client 2's s_k are:[0 0 0 0 0 0 0 0 0 0]
Client 3's s_k are:[0 0 0 0 0 0 0 0 0 0]
Client 4's s_k are:[0 0 0 0 0 0 0 0 0 0]
Client 5's s_k are:[0 0 0 0 0 0 0 0 0 0]
Client 6's s_k are:[0 0 0 0 0 0 0 0 0 0]
Client 7's s_k are:[0 0 0 0 0 0 0 0 0 0]
Client 8's s_k are:[0 0 0 0 0 0 0 0 0 0]
Client 9's s_k are:[0 0 0 0 0 0 0 0 0 0]
| Global Round : 15 | Client :0 | Local Epoch : 0 | [64/626 (11%)]	Loss1: 5.842951 Loss2: 0.000000 
| Global Round : 15 | Client :0 | Local Epoch : 1 | [64/626 (11%)]	Loss1: 5.844137 Loss2: 0.000000 
| Global Round : 15 | Client :0 | Local Epoch : 2 | [64/626 (11%)]	Loss1: 5.840892 Loss2: 0.000000 
| Global Round : 15 | Client :0 | Local Epoch : 3 | [64/626 (11%)]	Loss1: 5.843351 Loss2: 0.000000 
| Global Round : 15 | Client :0 | Local Epoch : 4 | [64/626 (11%)]	Loss1: 5.842741 Loss2: 0.000000 
| Global Round : 15 | Client :1 | Local Epoch : 0 | [64/497 (14%)]	Loss1: 5.845227 Loss2: 0.000000 
| Global Round : 15 | Client :1 | Local Epoch : 1 | [64/497 (14%)]	Loss1: 5.844152 Loss2: 0.000000 
| Global Round : 15 | Client :1 | Local Epoch : 2 | [64/497 (14%)]	Loss1: 5.845128 Loss2: 0.000000 
| Global Round : 15 | Client :1 | Local Epoch : 3 | [64/497 (14%)]	Loss1: 5.845801 Loss2: 0.000000 
| Global Round : 15 | Client :1 | Local Epoch : 4 | [64/497 (14%)]	Loss1: 5.846893 Loss2: 0.000000 
| Global Round : 15 | Client :2 | Local Epoch : 0 | [64/597 (11%)]	Loss1: 5.840575 Loss2: 0.000000 
| Global Round : 15 | Client :2 | Local Epoch : 1 | [64/597 (11%)]	Loss1: 5.841768 Loss2: 0.000000 
| Global Round : 15 | Client :2 | Local Epoch : 2 | [64/597 (11%)]	Loss1: 5.842595 Loss2: 0.000000 
| Global Round : 15 | Client :2 | Local Epoch : 3 | [64/597 (11%)]	Loss1: 5.840565 Loss2: 0.000000 
| Global Round : 15 | Client :2 | Local Epoch : 4 | [64/597 (11%)]	Loss1: 5.841848 Loss2: 0.000000 
| Global Round : 15 | Client :3 | Local Epoch : 0 | [64/605 (11%)]	Loss1: 5.842781 Loss2: 0.000000 
| Global Round : 15 | Client :3 | Local Epoch : 1 | [64/605 (11%)]	Loss1: 5.841935 Loss2: 0.000000 
| Global Round : 15 | Client :3 | Local Epoch : 2 | [64/605 (11%)]	Loss1: 5.841975 Loss2: 0.000000 
| Global Round : 15 | Client :3 | Local Epoch : 3 | [64/605 (11%)]	Loss1: 5.842474 Loss2: 0.000000 
| Global Round : 15 | Client :3 | Local Epoch : 4 | [64/605 (11%)]	Loss1: 5.842506 Loss2: 0.000000 
| Global Round : 15 | Client :4 | Local Epoch : 0 | [64/436 (17%)]	Loss1: 5.840669 Loss2: 0.000000 
| Global Round : 15 | Client :4 | Local Epoch : 1 | [64/436 (17%)]	Loss1: 5.840684 Loss2: 0.000000 
| Global Round : 15 | Client :4 | Local Epoch : 2 | [64/436 (17%)]	Loss1: 5.842599 Loss2: 0.000000 
| Global Round : 15 | Client :4 | Local Epoch : 3 | [64/436 (17%)]	Loss1: 5.843228 Loss2: 0.000000 
| Global Round : 15 | Client :4 | Local Epoch : 4 | [64/436 (17%)]	Loss1: 5.840211 Loss2: 0.000000 
| Global Round : 15 | Client :5 | Local Epoch : 0 | [64/627 (11%)]	Loss1: 5.841831 Loss2: 0.000000 
| Global Round : 15 | Client :5 | Local Epoch : 1 | [64/627 (11%)]	Loss1: 5.842376 Loss2: 0.000000 
| Global Round : 15 | Client :5 | Local Epoch : 2 | [64/627 (11%)]	Loss1: 5.842945 Loss2: 0.000000 
| Global Round : 15 | Client :5 | Local Epoch : 3 | [64/627 (11%)]	Loss1: 5.841485 Loss2: 0.000000 
| Global Round : 15 | Client :5 | Local Epoch : 4 | [64/627 (11%)]	Loss1: 5.840656 Loss2: 0.000000 
| Global Round : 15 | Client :6 | Local Epoch : 0 | [64/571 (12%)]	Loss1: 5.842570 Loss2: 0.000000 
| Global Round : 15 | Client :6 | Local Epoch : 1 | [64/571 (12%)]	Loss1: 5.842797 Loss2: 0.000000 
| Global Round : 15 | Client :6 | Local Epoch : 2 | [64/571 (12%)]	Loss1: 5.841958 Loss2: 0.000000 
| Global Round : 15 | Client :6 | Local Epoch : 3 | [64/571 (12%)]	Loss1: 5.841521 Loss2: 0.000000 
| Global Round : 15 | Client :6 | Local Epoch : 4 | [64/571 (12%)]	Loss1: 5.842492 Loss2: 0.000000 
| Global Round : 15 | Client :7 | Local Epoch : 0 | [64/665 (10%)]	Loss1: 5.841280 Loss2: 0.000000 
| Global Round : 15 | Client :7 | Local Epoch : 1 | [64/665 (10%)]	Loss1: 5.841663 Loss2: 0.000000 
| Global Round : 15 | Client :7 | Local Epoch : 2 | [64/665 (10%)]	Loss1: 5.841853 Loss2: 0.000000 
| Global Round : 15 | Client :7 | Local Epoch : 3 | [64/665 (10%)]	Loss1: 5.842393 Loss2: 0.000000 
| Global Round : 15 | Client :7 | Local Epoch : 4 | [64/665 (10%)]	Loss1: 5.841166 Loss2: 0.000000 
| Global Round : 15 | Client :8 | Local Epoch : 0 | [64/561 (12%)]	Loss1: 5.840952 Loss2: 0.000000 
| Global Round : 15 | Client :8 | Local Epoch : 1 | [64/561 (12%)]	Loss1: 5.839773 Loss2: 0.000000 
| Global Round : 15 | Client :8 | Local Epoch : 2 | [64/561 (12%)]	Loss1: 5.841993 Loss2: 0.000000 
| Global Round : 15 | Client :8 | Local Epoch : 3 | [64/561 (12%)]	Loss1: 5.840943 Loss2: 0.000000 
| Global Round : 15 | Client :8 | Local Epoch : 4 | [64/561 (12%)]	Loss1: 5.841121 Loss2: 0.000000 
| Global Round : 15 | Client :9 | Local Epoch : 0 | [64/811 (8%)]	Loss1: 5.842611 Loss2: 0.000000 
| Global Round : 15 | Client :9 | Local Epoch : 0 | [704/811 (92%)]	Loss1: 5.840843 Loss2: 0.000000 
| Global Round : 15 | Client :9 | Local Epoch : 1 | [64/811 (8%)]	Loss1: 5.839946 Loss2: 0.000000 
| Global Round : 15 | Client :9 | Local Epoch : 1 | [704/811 (92%)]	Loss1: 5.841459 Loss2: 0.000000 
| Global Round : 15 | Client :9 | Local Epoch : 2 | [64/811 (8%)]	Loss1: 5.840603 Loss2: 0.000000 
| Global Round : 15 | Client :9 | Local Epoch : 2 | [704/811 (92%)]	Loss1: 5.841136 Loss2: 0.000000 
| Global Round : 15 | Client :9 | Local Epoch : 3 | [64/811 (8%)]	Loss1: 5.841508 Loss2: 0.000000 
| Global Round : 15 | Client :9 | Local Epoch : 3 | [704/811 (92%)]	Loss1: 5.841053 Loss2: 0.000000 
| Global Round : 15 | Client :9 | Local Epoch : 4 | [64/811 (8%)]	Loss1: 5.840960 Loss2: 0.000000 
| Global Round : 15 | Client :9 | Local Epoch : 4 | [704/811 (92%)]	Loss1: 5.841125 Loss2: 0.000000 
average loss:   5.8397770342940385
average local test accuracy: 0.86328125
average global test accuracy:  0.54609375

 | Global Training Round : 16 |

xi_k [0.49040324 0.48057266 0.51400704 0.50732411 0.46926631 0.48939097
 0.47774105 0.51277758 0.48628603 0.50443607]
max_exp: -1.0
coe: 10
Regulation [0.8 0.8 0.8 0.8 0.8 0.8 0.8 0.8 0.8 0.8]
Solver status: optimal_inaccurate
b_new: [1. 1. 1. 1. 1. 1. 1. 1. 1. 1.]
Iter 0: obj=48.9221, best_obj=48.9221, ||b_new-b_prev||₂=2.846050
xi_k [0.49040324 0.48057266 0.51400704 0.50732411 0.46926631 0.48939097
 0.47774105 0.51277758 0.48628603 0.50443607]
max_exp: -1.0
coe: 10
Regulation [-1. -1. -1. -1. -1. -1. -1. -1. -1. -1.]
Solver status: optimal_inaccurate
b_new: [1. 1. 1. 1. 1. 1. 1. 1. 1. 1.]
Iter 1: obj=49.8221, best_obj=49.8221, ||b_new-b_prev||₂=0.000000
Converged.
Final b: [1. 1. 1. 1. 1. 1. 1. 1. 1. 1.]
<class 'numpy.ndarray'>
b_float: [1. 1. 1. 1. 1. 1. 1. 1. 1. 1.]
b: [1 1 1 1 1 1 1 1 1 1]
active_clients:  [0, 1, 2, 3, 4, 5, 6, 7, 8, 9]
Client 0's s_k are:[0 0 0 0 0 0 0 0 0 0]
Client 1's s_k are:[0 0 0 0 0 0 0 0 0 0]
Client 2's s_k are:[0 0 0 0 0 0 0 0 0 0]
Client 3's s_k are:[0 0 0 0 0 0 0 0 0 0]
Client 4's s_k are:[0 0 0 0 0 0 0 0 0 0]
Client 5's s_k are:[0 0 0 0 0 0 0 0 0 0]
Client 6's s_k are:[0 0 0 0 0 0 0 0 0 0]
Client 7's s_k are:[0 0 0 0 0 0 0 0 0 0]
Client 8's s_k are:[0 0 0 0 0 0 0 0 0 0]
Client 9's s_k are:[0 0 0 0 0 0 0 0 0 0]
| Global Round : 16 | Client :0 | Local Epoch : 0 | [64/626 (11%)]	Loss1: 5.842935 Loss2: 0.000000 
| Global Round : 16 | Client :0 | Local Epoch : 1 | [64/626 (11%)]	Loss1: 5.843670 Loss2: 0.000000 
| Global Round : 16 | Client :0 | Local Epoch : 2 | [64/626 (11%)]	Loss1: 5.842951 Loss2: 0.000000 
| Global Round : 16 | Client :0 | Local Epoch : 3 | [64/626 (11%)]	Loss1: 5.842683 Loss2: 0.000000 
| Global Round : 16 | Client :0 | Local Epoch : 4 | [64/626 (11%)]	Loss1: 5.844056 Loss2: 0.000000 
| Global Round : 16 | Client :1 | Local Epoch : 0 | [64/497 (14%)]	Loss1: 5.843408 Loss2: 0.000000 
| Global Round : 16 | Client :1 | Local Epoch : 1 | [64/497 (14%)]	Loss1: 5.843875 Loss2: 0.000000 
| Global Round : 16 | Client :1 | Local Epoch : 2 | [64/497 (14%)]	Loss1: 5.842649 Loss2: 0.000000 
| Global Round : 16 | Client :1 | Local Epoch : 3 | [64/497 (14%)]	Loss1: 5.844002 Loss2: 0.000000 
| Global Round : 16 | Client :1 | Local Epoch : 4 | [64/497 (14%)]	Loss1: 5.844016 Loss2: 0.000000 
| Global Round : 16 | Client :2 | Local Epoch : 0 | [64/597 (11%)]	Loss1: 5.839997 Loss2: 0.000000 
| Global Round : 16 | Client :2 | Local Epoch : 1 | [64/597 (11%)]	Loss1: 5.841036 Loss2: 0.000000 
| Global Round : 16 | Client :2 | Local Epoch : 2 | [64/597 (11%)]	Loss1: 5.841321 Loss2: 0.000000 
| Global Round : 16 | Client :2 | Local Epoch : 3 | [64/597 (11%)]	Loss1: 5.841420 Loss2: 0.000000 
| Global Round : 16 | Client :2 | Local Epoch : 4 | [64/597 (11%)]	Loss1: 5.841409 Loss2: 0.000000 
| Global Round : 16 | Client :3 | Local Epoch : 0 | [64/605 (11%)]	Loss1: 5.841699 Loss2: 0.000000 
| Global Round : 16 | Client :3 | Local Epoch : 1 | [64/605 (11%)]	Loss1: 5.840320 Loss2: 0.000000 
| Global Round : 16 | Client :3 | Local Epoch : 2 | [64/605 (11%)]	Loss1: 5.843691 Loss2: 0.000000 
| Global Round : 16 | Client :3 | Local Epoch : 3 | [64/605 (11%)]	Loss1: 5.843208 Loss2: 0.000000 
| Global Round : 16 | Client :3 | Local Epoch : 4 | [64/605 (11%)]	Loss1: 5.840243 Loss2: 0.000000 
| Global Round : 16 | Client :4 | Local Epoch : 0 | [64/436 (17%)]	Loss1: 5.841267 Loss2: 0.000000 
| Global Round : 16 | Client :4 | Local Epoch : 1 | [64/436 (17%)]	Loss1: 5.841992 Loss2: 0.000000 
| Global Round : 16 | Client :4 | Local Epoch : 2 | [64/436 (17%)]	Loss1: 5.841715 Loss2: 0.000000 
| Global Round : 16 | Client :4 | Local Epoch : 3 | [64/436 (17%)]	Loss1: 5.841819 Loss2: 0.000000 
| Global Round : 16 | Client :4 | Local Epoch : 4 | [64/436 (17%)]	Loss1: 5.841474 Loss2: 0.000000 
| Global Round : 16 | Client :5 | Local Epoch : 0 | [64/627 (11%)]	Loss1: 5.840215 Loss2: 0.000000 
| Global Round : 16 | Client :5 | Local Epoch : 1 | [64/627 (11%)]	Loss1: 5.840635 Loss2: 0.000000 
| Global Round : 16 | Client :5 | Local Epoch : 2 | [64/627 (11%)]	Loss1: 5.842922 Loss2: 0.000000 
| Global Round : 16 | Client :5 | Local Epoch : 3 | [64/627 (11%)]	Loss1: 5.841798 Loss2: 0.000000 
| Global Round : 16 | Client :5 | Local Epoch : 4 | [64/627 (11%)]	Loss1: 5.841606 Loss2: 0.000000 
| Global Round : 16 | Client :6 | Local Epoch : 0 | [64/571 (12%)]	Loss1: 5.842639 Loss2: 0.000000 
| Global Round : 16 | Client :6 | Local Epoch : 1 | [64/571 (12%)]	Loss1: 5.842151 Loss2: 0.000000 
| Global Round : 16 | Client :6 | Local Epoch : 2 | [64/571 (12%)]	Loss1: 5.840518 Loss2: 0.000000 
| Global Round : 16 | Client :6 | Local Epoch : 3 | [64/571 (12%)]	Loss1: 5.841412 Loss2: 0.000000 
| Global Round : 16 | Client :6 | Local Epoch : 4 | [64/571 (12%)]	Loss1: 5.841398 Loss2: 0.000000 
| Global Round : 16 | Client :7 | Local Epoch : 0 | [64/665 (10%)]	Loss1: 5.842826 Loss2: 0.000000 
| Global Round : 16 | Client :7 | Local Epoch : 1 | [64/665 (10%)]	Loss1: 5.841685 Loss2: 0.000000 
| Global Round : 16 | Client :7 | Local Epoch : 2 | [64/665 (10%)]	Loss1: 5.842712 Loss2: 0.000000 
| Global Round : 16 | Client :7 | Local Epoch : 3 | [64/665 (10%)]	Loss1: 5.841396 Loss2: 0.000000 
| Global Round : 16 | Client :7 | Local Epoch : 4 | [64/665 (10%)]	Loss1: 5.841466 Loss2: 0.000000 
| Global Round : 16 | Client :8 | Local Epoch : 0 | [64/561 (12%)]	Loss1: 5.842735 Loss2: 0.000000 
| Global Round : 16 | Client :8 | Local Epoch : 1 | [64/561 (12%)]	Loss1: 5.843408 Loss2: 0.000000 
| Global Round : 16 | Client :8 | Local Epoch : 2 | [64/561 (12%)]	Loss1: 5.842468 Loss2: 0.000000 
| Global Round : 16 | Client :8 | Local Epoch : 3 | [64/561 (12%)]	Loss1: 5.841751 Loss2: 0.000000 
| Global Round : 16 | Client :8 | Local Epoch : 4 | [64/561 (12%)]	Loss1: 5.840955 Loss2: 0.000000 
| Global Round : 16 | Client :9 | Local Epoch : 0 | [64/811 (8%)]	Loss1: 5.840354 Loss2: 0.000000 
| Global Round : 16 | Client :9 | Local Epoch : 0 | [704/811 (92%)]	Loss1: 5.840134 Loss2: 0.000000 
| Global Round : 16 | Client :9 | Local Epoch : 1 | [64/811 (8%)]	Loss1: 5.842768 Loss2: 0.000000 
| Global Round : 16 | Client :9 | Local Epoch : 1 | [704/811 (92%)]	Loss1: 5.841052 Loss2: 0.000000 
| Global Round : 16 | Client :9 | Local Epoch : 2 | [64/811 (8%)]	Loss1: 5.840379 Loss2: 0.000000 
| Global Round : 16 | Client :9 | Local Epoch : 2 | [704/811 (92%)]	Loss1: 5.841458 Loss2: 0.000000 
| Global Round : 16 | Client :9 | Local Epoch : 3 | [64/811 (8%)]	Loss1: 5.839979 Loss2: 0.000000 
| Global Round : 16 | Client :9 | Local Epoch : 3 | [704/811 (92%)]	Loss1: 5.841216 Loss2: 0.000000 
| Global Round : 16 | Client :9 | Local Epoch : 4 | [64/811 (8%)]	Loss1: 5.840557 Loss2: 0.000000 
| Global Round : 16 | Client :9 | Local Epoch : 4 | [704/811 (92%)]	Loss1: 5.840790 Loss2: 0.000000 
average loss:   5.8396328724755175
average local test accuracy: 0.8545572916666668
average global test accuracy:  0.5544270833333333

 | Global Training Round : 17 |

xi_k [0.49034347 0.48054032 0.51396185 0.50727845 0.46925354 0.48935008
 0.47777    0.51272787 0.48624177 0.50443462]
max_exp: -1.0
coe: 10
Regulation [0.8 0.8 0.8 0.8 0.8 0.8 0.8 0.8 0.8 0.8]
Solver status: optimal_inaccurate
b_new: [1. 1. 1. 1. 1. 1. 1. 1. 1. 1.]
Iter 0: obj=48.9190, best_obj=48.9190, ||b_new-b_prev||₂=2.846050
xi_k [0.49034347 0.48054032 0.51396185 0.50727845 0.46925354 0.48935008
 0.47777    0.51272787 0.48624177 0.50443462]
max_exp: -1.0
coe: 10
Regulation [-1. -1. -1. -1. -1. -1. -1. -1. -1. -1.]
Solver status: optimal_inaccurate
b_new: [1. 1. 1. 1. 1. 1. 1. 1. 1. 1.]
Iter 1: obj=49.8190, best_obj=49.8190, ||b_new-b_prev||₂=0.000000
Converged.
Final b: [1. 1. 1. 1. 1. 1. 1. 1. 1. 1.]
<class 'numpy.ndarray'>
b_float: [1. 1. 1. 1. 1. 1. 1. 1. 1. 1.]
b: [1 1 1 1 1 1 1 1 1 1]
active_clients:  [0, 1, 2, 3, 4, 5, 6, 7, 8, 9]
Client 0's s_k are:[0 0 0 0 0 0 0 0 0 0]
Client 1's s_k are:[0 0 0 0 0 0 0 0 0 0]
Client 2's s_k are:[0 0 0 0 0 0 0 0 0 0]
Client 3's s_k are:[0 0 0 0 0 0 0 0 0 0]
Client 4's s_k are:[0 0 0 0 0 0 0 0 0 0]
Client 5's s_k are:[0 0 0 0 0 0 0 0 0 0]
Client 6's s_k are:[0 0 0 0 0 0 0 0 0 0]
Client 7's s_k are:[0 0 0 0 0 0 0 0 0 0]
Client 8's s_k are:[0 0 0 0 0 0 0 0 0 0]
Client 9's s_k are:[0 0 0 0 0 0 0 0 0 0]
| Global Round : 17 | Client :0 | Local Epoch : 0 | [64/626 (11%)]	Loss1: 5.842594 Loss2: 0.000000 
| Global Round : 17 | Client :0 | Local Epoch : 1 | [64/626 (11%)]	Loss1: 5.841771 Loss2: 0.000000 
| Global Round : 17 | Client :0 | Local Epoch : 2 | [64/626 (11%)]	Loss1: 5.842710 Loss2: 0.000000 
| Global Round : 17 | Client :0 | Local Epoch : 3 | [64/626 (11%)]	Loss1: 5.842601 Loss2: 0.000000 
| Global Round : 17 | Client :0 | Local Epoch : 4 | [64/626 (11%)]	Loss1: 5.842691 Loss2: 0.000000 
| Global Round : 17 | Client :1 | Local Epoch : 0 | [64/497 (14%)]	Loss1: 5.844262 Loss2: 0.000000 
| Global Round : 17 | Client :1 | Local Epoch : 1 | [64/497 (14%)]	Loss1: 5.843512 Loss2: 0.000000 
| Global Round : 17 | Client :1 | Local Epoch : 2 | [64/497 (14%)]	Loss1: 5.843708 Loss2: 0.000000 
| Global Round : 17 | Client :1 | Local Epoch : 3 | [64/497 (14%)]	Loss1: 5.842347 Loss2: 0.000000 
| Global Round : 17 | Client :1 | Local Epoch : 4 | [64/497 (14%)]	Loss1: 5.842962 Loss2: 0.000000 
| Global Round : 17 | Client :2 | Local Epoch : 0 | [64/597 (11%)]	Loss1: 5.840675 Loss2: 0.000000 
| Global Round : 17 | Client :2 | Local Epoch : 1 | [64/597 (11%)]	Loss1: 5.839584 Loss2: 0.000000 
| Global Round : 17 | Client :2 | Local Epoch : 2 | [64/597 (11%)]	Loss1: 5.841426 Loss2: 0.000000 
| Global Round : 17 | Client :2 | Local Epoch : 3 | [64/597 (11%)]	Loss1: 5.841112 Loss2: 0.000000 
| Global Round : 17 | Client :2 | Local Epoch : 4 | [64/597 (11%)]	Loss1: 5.841033 Loss2: 0.000000 
| Global Round : 17 | Client :3 | Local Epoch : 0 | [64/605 (11%)]	Loss1: 5.843109 Loss2: 0.000000 
| Global Round : 17 | Client :3 | Local Epoch : 1 | [64/605 (11%)]	Loss1: 5.842332 Loss2: 0.000000 
| Global Round : 17 | Client :3 | Local Epoch : 2 | [64/605 (11%)]	Loss1: 5.842646 Loss2: 0.000000 
| Global Round : 17 | Client :3 | Local Epoch : 3 | [64/605 (11%)]	Loss1: 5.842985 Loss2: 0.000000 
| Global Round : 17 | Client :3 | Local Epoch : 4 | [64/605 (11%)]	Loss1: 5.841377 Loss2: 0.000000 
| Global Round : 17 | Client :4 | Local Epoch : 0 | [64/436 (17%)]	Loss1: 5.839783 Loss2: 0.000000 
| Global Round : 17 | Client :4 | Local Epoch : 1 | [64/436 (17%)]	Loss1: 5.840569 Loss2: 0.000000 
| Global Round : 17 | Client :4 | Local Epoch : 2 | [64/436 (17%)]	Loss1: 5.841156 Loss2: 0.000000 
| Global Round : 17 | Client :4 | Local Epoch : 3 | [64/436 (17%)]	Loss1: 5.842426 Loss2: 0.000000 
| Global Round : 17 | Client :4 | Local Epoch : 4 | [64/436 (17%)]	Loss1: 5.839800 Loss2: 0.000000 
| Global Round : 17 | Client :5 | Local Epoch : 0 | [64/627 (11%)]	Loss1: 5.840176 Loss2: 0.000000 
| Global Round : 17 | Client :5 | Local Epoch : 1 | [64/627 (11%)]	Loss1: 5.841198 Loss2: 0.000000 
| Global Round : 17 | Client :5 | Local Epoch : 2 | [64/627 (11%)]	Loss1: 5.841709 Loss2: 0.000000 
| Global Round : 17 | Client :5 | Local Epoch : 3 | [64/627 (11%)]	Loss1: 5.841104 Loss2: 0.000000 
| Global Round : 17 | Client :5 | Local Epoch : 4 | [64/627 (11%)]	Loss1: 5.840844 Loss2: 0.000000 
| Global Round : 17 | Client :6 | Local Epoch : 0 | [64/571 (12%)]	Loss1: 5.840932 Loss2: 0.000000 
| Global Round : 17 | Client :6 | Local Epoch : 1 | [64/571 (12%)]	Loss1: 5.841915 Loss2: 0.000000 
| Global Round : 17 | Client :6 | Local Epoch : 2 | [64/571 (12%)]	Loss1: 5.842440 Loss2: 0.000000 
| Global Round : 17 | Client :6 | Local Epoch : 3 | [64/571 (12%)]	Loss1: 5.841492 Loss2: 0.000000 
| Global Round : 17 | Client :6 | Local Epoch : 4 | [64/571 (12%)]	Loss1: 5.841424 Loss2: 0.000000 
| Global Round : 17 | Client :7 | Local Epoch : 0 | [64/665 (10%)]	Loss1: 5.842080 Loss2: 0.000000 
| Global Round : 17 | Client :7 | Local Epoch : 1 | [64/665 (10%)]	Loss1: 5.841465 Loss2: 0.000000 
| Global Round : 17 | Client :7 | Local Epoch : 2 | [64/665 (10%)]	Loss1: 5.843242 Loss2: 0.000000 
| Global Round : 17 | Client :7 | Local Epoch : 3 | [64/665 (10%)]	Loss1: 5.841178 Loss2: 0.000000 
| Global Round : 17 | Client :7 | Local Epoch : 4 | [64/665 (10%)]	Loss1: 5.840522 Loss2: 0.000000 
| Global Round : 17 | Client :8 | Local Epoch : 0 | [64/561 (12%)]	Loss1: 5.841525 Loss2: 0.000000 
| Global Round : 17 | Client :8 | Local Epoch : 1 | [64/561 (12%)]	Loss1: 5.841840 Loss2: 0.000000 
| Global Round : 17 | Client :8 | Local Epoch : 2 | [64/561 (12%)]	Loss1: 5.841194 Loss2: 0.000000 
| Global Round : 17 | Client :8 | Local Epoch : 3 | [64/561 (12%)]	Loss1: 5.841019 Loss2: 0.000000 
| Global Round : 17 | Client :8 | Local Epoch : 4 | [64/561 (12%)]	Loss1: 5.842569 Loss2: 0.000000 
| Global Round : 17 | Client :9 | Local Epoch : 0 | [64/811 (8%)]	Loss1: 5.840810 Loss2: 0.000000 
| Global Round : 17 | Client :9 | Local Epoch : 0 | [704/811 (92%)]	Loss1: 5.841218 Loss2: 0.000000 
| Global Round : 17 | Client :9 | Local Epoch : 1 | [64/811 (8%)]	Loss1: 5.841258 Loss2: 0.000000 
| Global Round : 17 | Client :9 | Local Epoch : 1 | [704/811 (92%)]	Loss1: 5.841912 Loss2: 0.000000 
| Global Round : 17 | Client :9 | Local Epoch : 2 | [64/811 (8%)]	Loss1: 5.841357 Loss2: 0.000000 
| Global Round : 17 | Client :9 | Local Epoch : 2 | [704/811 (92%)]	Loss1: 5.839508 Loss2: 0.000000 
| Global Round : 17 | Client :9 | Local Epoch : 3 | [64/811 (8%)]	Loss1: 5.841675 Loss2: 0.000000 
| Global Round : 17 | Client :9 | Local Epoch : 3 | [704/811 (92%)]	Loss1: 5.840850 Loss2: 0.000000 
| Global Round : 17 | Client :9 | Local Epoch : 4 | [64/811 (8%)]	Loss1: 5.840488 Loss2: 0.000000 
| Global Round : 17 | Client :9 | Local Epoch : 4 | [704/811 (92%)]	Loss1: 5.841058 Loss2: 0.000000 
average loss:   5.839547215000031
average local test accuracy: 0.8595052083333334
average global test accuracy:  0.5734375

 | Global Training Round : 18 |

xi_k [0.49033    0.4804797  0.51394475 0.50725509 0.46921993 0.48935221
 0.47768641 0.51275231 0.48623681 0.50442273]
max_exp: -1.0
coe: 10
Regulation [0.8 0.8 0.8 0.8 0.8 0.8 0.8 0.8 0.8 0.8]
Solver status: optimal_inaccurate
b_new: [1. 1. 1. 1. 1. 1. 1. 1. 1. 1.]
Iter 0: obj=48.9168, best_obj=48.9168, ||b_new-b_prev||₂=2.846050
xi_k [0.49033    0.4804797  0.51394475 0.50725509 0.46921993 0.48935221
 0.47768641 0.51275231 0.48623681 0.50442273]
max_exp: -1.0
coe: 10
Regulation [-1. -1. -1. -1. -1. -1. -1. -1. -1. -1.]
Solver status: optimal_inaccurate
b_new: [1. 1. 1. 1. 1. 1. 1. 1. 1. 1.]
Iter 1: obj=49.8168, best_obj=49.8168, ||b_new-b_prev||₂=0.000000
Converged.
Final b: [1. 1. 1. 1. 1. 1. 1. 1. 1. 1.]
<class 'numpy.ndarray'>
b_float: [1. 1. 1. 1. 1. 1. 1. 1. 1. 1.]
b: [1 1 1 1 1 1 1 1 1 1]
active_clients:  [0, 1, 2, 3, 4, 5, 6, 7, 8, 9]
Client 0's s_k are:[0 0 0 0 0 0 0 0 0 0]
Client 1's s_k are:[0 0 0 0 0 0 0 0 0 0]
Client 2's s_k are:[0 0 0 0 0 0 0 0 0 0]
Client 3's s_k are:[0 0 0 0 0 0 0 0 0 0]
Client 4's s_k are:[0 0 0 0 0 0 0 0 0 0]
Client 5's s_k are:[0 0 0 0 0 0 0 0 0 0]
Client 6's s_k are:[0 0 0 0 0 0 0 0 0 0]
Client 7's s_k are:[0 0 0 0 0 0 0 0 0 0]
Client 8's s_k are:[0 0 0 0 0 0 0 0 0 0]
Client 9's s_k are:[0 0 0 0 0 0 0 0 0 0]
| Global Round : 18 | Client :0 | Local Epoch : 0 | [64/626 (11%)]	Loss1: 5.842319 Loss2: 0.000000 
| Global Round : 18 | Client :0 | Local Epoch : 1 | [64/626 (11%)]	Loss1: 5.843001 Loss2: 0.000000 
| Global Round : 18 | Client :0 | Local Epoch : 2 | [64/626 (11%)]	Loss1: 5.842519 Loss2: 0.000000 
| Global Round : 18 | Client :0 | Local Epoch : 3 | [64/626 (11%)]	Loss1: 5.842014 Loss2: 0.000000 
| Global Round : 18 | Client :0 | Local Epoch : 4 | [64/626 (11%)]	Loss1: 5.841919 Loss2: 0.000000 
| Global Round : 18 | Client :1 | Local Epoch : 0 | [64/497 (14%)]	Loss1: 5.840800 Loss2: 0.000000 
| Global Round : 18 | Client :1 | Local Epoch : 1 | [64/497 (14%)]	Loss1: 5.842799 Loss2: 0.000000 
| Global Round : 18 | Client :1 | Local Epoch : 2 | [64/497 (14%)]	Loss1: 5.842758 Loss2: 0.000000 
| Global Round : 18 | Client :1 | Local Epoch : 3 | [64/497 (14%)]	Loss1: 5.842887 Loss2: 0.000000 
| Global Round : 18 | Client :1 | Local Epoch : 4 | [64/497 (14%)]	Loss1: 5.843437 Loss2: 0.000000 
| Global Round : 18 | Client :2 | Local Epoch : 0 | [64/597 (11%)]	Loss1: 5.840530 Loss2: 0.000000 
| Global Round : 18 | Client :2 | Local Epoch : 1 | [64/597 (11%)]	Loss1: 5.840088 Loss2: 0.000000 
| Global Round : 18 | Client :2 | Local Epoch : 2 | [64/597 (11%)]	Loss1: 5.840919 Loss2: 0.000000 
| Global Round : 18 | Client :2 | Local Epoch : 3 | [64/597 (11%)]	Loss1: 5.840037 Loss2: 0.000000 
| Global Round : 18 | Client :2 | Local Epoch : 4 | [64/597 (11%)]	Loss1: 5.840098 Loss2: 0.000000 
| Global Round : 18 | Client :3 | Local Epoch : 0 | [64/605 (11%)]	Loss1: 5.842168 Loss2: 0.000000 
| Global Round : 18 | Client :3 | Local Epoch : 1 | [64/605 (11%)]	Loss1: 5.842080 Loss2: 0.000000 
| Global Round : 18 | Client :3 | Local Epoch : 2 | [64/605 (11%)]	Loss1: 5.843452 Loss2: 0.000000 
| Global Round : 18 | Client :3 | Local Epoch : 3 | [64/605 (11%)]	Loss1: 5.842044 Loss2: 0.000000 
| Global Round : 18 | Client :3 | Local Epoch : 4 | [64/605 (11%)]	Loss1: 5.840979 Loss2: 0.000000 
| Global Round : 18 | Client :4 | Local Epoch : 0 | [64/436 (17%)]	Loss1: 5.841534 Loss2: 0.000000 
| Global Round : 18 | Client :4 | Local Epoch : 1 | [64/436 (17%)]	Loss1: 5.841631 Loss2: 0.000000 
| Global Round : 18 | Client :4 | Local Epoch : 2 | [64/436 (17%)]	Loss1: 5.840144 Loss2: 0.000000 
| Global Round : 18 | Client :4 | Local Epoch : 3 | [64/436 (17%)]	Loss1: 5.840095 Loss2: 0.000000 
| Global Round : 18 | Client :4 | Local Epoch : 4 | [64/436 (17%)]	Loss1: 5.841965 Loss2: 0.000000 
| Global Round : 18 | Client :5 | Local Epoch : 0 | [64/627 (11%)]	Loss1: 5.840695 Loss2: 0.000000 
| Global Round : 18 | Client :5 | Local Epoch : 1 | [64/627 (11%)]	Loss1: 5.840283 Loss2: 0.000000 
| Global Round : 18 | Client :5 | Local Epoch : 2 | [64/627 (11%)]	Loss1: 5.840184 Loss2: 0.000000 
| Global Round : 18 | Client :5 | Local Epoch : 3 | [64/627 (11%)]	Loss1: 5.840789 Loss2: 0.000000 
| Global Round : 18 | Client :5 | Local Epoch : 4 | [64/627 (11%)]	Loss1: 5.840898 Loss2: 0.000000 
| Global Round : 18 | Client :6 | Local Epoch : 0 | [64/571 (12%)]	Loss1: 5.842682 Loss2: 0.000000 
| Global Round : 18 | Client :6 | Local Epoch : 1 | [64/571 (12%)]	Loss1: 5.841667 Loss2: 0.000000 
| Global Round : 18 | Client :6 | Local Epoch : 2 | [64/571 (12%)]	Loss1: 5.841020 Loss2: 0.000000 
| Global Round : 18 | Client :6 | Local Epoch : 3 | [64/571 (12%)]	Loss1: 5.841429 Loss2: 0.000000 
| Global Round : 18 | Client :6 | Local Epoch : 4 | [64/571 (12%)]	Loss1: 5.840626 Loss2: 0.000000 
| Global Round : 18 | Client :7 | Local Epoch : 0 | [64/665 (10%)]	Loss1: 5.842023 Loss2: 0.000000 
| Global Round : 18 | Client :7 | Local Epoch : 1 | [64/665 (10%)]	Loss1: 5.842859 Loss2: 0.000000 
| Global Round : 18 | Client :7 | Local Epoch : 2 | [64/665 (10%)]	Loss1: 5.841902 Loss2: 0.000000 
| Global Round : 18 | Client :7 | Local Epoch : 3 | [64/665 (10%)]	Loss1: 5.840895 Loss2: 0.000000 
| Global Round : 18 | Client :7 | Local Epoch : 4 | [64/665 (10%)]	Loss1: 5.843861 Loss2: 0.000000 
| Global Round : 18 | Client :8 | Local Epoch : 0 | [64/561 (12%)]	Loss1: 5.841677 Loss2: 0.000000 
| Global Round : 18 | Client :8 | Local Epoch : 1 | [64/561 (12%)]	Loss1: 5.841179 Loss2: 0.000000 
| Global Round : 18 | Client :8 | Local Epoch : 2 | [64/561 (12%)]	Loss1: 5.842376 Loss2: 0.000000 
| Global Round : 18 | Client :8 | Local Epoch : 3 | [64/561 (12%)]	Loss1: 5.841611 Loss2: 0.000000 
| Global Round : 18 | Client :8 | Local Epoch : 4 | [64/561 (12%)]	Loss1: 5.840475 Loss2: 0.000000 
| Global Round : 18 | Client :9 | Local Epoch : 0 | [64/811 (8%)]	Loss1: 5.840663 Loss2: 0.000000 
| Global Round : 18 | Client :9 | Local Epoch : 0 | [704/811 (92%)]	Loss1: 5.840520 Loss2: 0.000000 
| Global Round : 18 | Client :9 | Local Epoch : 1 | [64/811 (8%)]	Loss1: 5.841342 Loss2: 0.000000 
| Global Round : 18 | Client :9 | Local Epoch : 1 | [704/811 (92%)]	Loss1: 5.841057 Loss2: 0.000000 
| Global Round : 18 | Client :9 | Local Epoch : 2 | [64/811 (8%)]	Loss1: 5.841209 Loss2: 0.000000 
| Global Round : 18 | Client :9 | Local Epoch : 2 | [704/811 (92%)]	Loss1: 5.842177 Loss2: 0.000000 
| Global Round : 18 | Client :9 | Local Epoch : 3 | [64/811 (8%)]	Loss1: 5.839503 Loss2: 0.000000 
| Global Round : 18 | Client :9 | Local Epoch : 3 | [704/811 (92%)]	Loss1: 5.840630 Loss2: 0.000000 
| Global Round : 18 | Client :9 | Local Epoch : 4 | [64/811 (8%)]	Loss1: 5.840884 Loss2: 0.000000 
| Global Round : 18 | Client :9 | Local Epoch : 4 | [704/811 (92%)]	Loss1: 5.839638 Loss2: 0.000000 
average loss:   5.839427029935139
average local test accuracy: 0.8651041666666668
average global test accuracy:  0.5916666666666667

 | Global Training Round : 19 |

xi_k [0.49031319 0.48042594 0.51394738 0.5072346  0.46925303 0.48931665
 0.47770515 0.51272913 0.48619207 0.50443601]
max_exp: -1.0
coe: 10
Regulation [0.8 0.8 0.8 0.8 0.8 0.8 0.8 0.8 0.8 0.8]
Solver status: optimal_inaccurate
b_new: [1. 1. 1. 1. 1. 1. 1. 1. 1. 1.]
Iter 0: obj=48.9155, best_obj=48.9155, ||b_new-b_prev||₂=2.846050
xi_k [0.49031319 0.48042594 0.51394738 0.5072346  0.46925303 0.48931665
 0.47770515 0.51272913 0.48619207 0.50443601]
max_exp: -1.0
coe: 10
Regulation [-1. -1. -1. -1. -1. -1. -1. -1. -1. -1.]
Solver status: optimal_inaccurate
b_new: [1. 1. 1. 1. 1. 1. 1. 1. 1. 1.]
Iter 1: obj=49.8155, best_obj=49.8155, ||b_new-b_prev||₂=0.000000
Converged.
Final b: [1. 1. 1. 1. 1. 1. 1. 1. 1. 1.]
<class 'numpy.ndarray'>
b_float: [1. 1. 1. 1. 1. 1. 1. 1. 1. 1.]
b: [1 1 1 1 1 1 1 1 1 1]
active_clients:  [0, 1, 2, 3, 4, 5, 6, 7, 8, 9]
Client 0's s_k are:[0 0 0 0 0 0 0 0 0 0]
Client 1's s_k are:[0 0 0 0 0 0 0 0 0 0]
Client 2's s_k are:[0 0 0 0 0 0 0 0 0 0]
Client 3's s_k are:[0 0 0 0 0 0 0 0 0 0]
Client 4's s_k are:[0 0 0 0 0 0 0 0 0 0]
Client 5's s_k are:[0 0 0 0 0 0 0 0 0 0]
Client 6's s_k are:[0 0 0 0 0 0 0 0 0 0]
Client 7's s_k are:[0 0 0 0 0 0 0 0 0 0]
Client 8's s_k are:[0 0 0 0 0 0 0 0 0 0]
Client 9's s_k are:[0 0 0 0 0 0 0 0 0 0]
| Global Round : 19 | Client :0 | Local Epoch : 0 | [64/626 (11%)]	Loss1: 5.841433 Loss2: 0.000000 
| Global Round : 19 | Client :0 | Local Epoch : 1 | [64/626 (11%)]	Loss1: 5.842847 Loss2: 0.000000 
| Global Round : 19 | Client :0 | Local Epoch : 2 | [64/626 (11%)]	Loss1: 5.842879 Loss2: 0.000000 
| Global Round : 19 | Client :0 | Local Epoch : 3 | [64/626 (11%)]	Loss1: 5.843135 Loss2: 0.000000 
| Global Round : 19 | Client :0 | Local Epoch : 4 | [64/626 (11%)]	Loss1: 5.841098 Loss2: 0.000000 
| Global Round : 19 | Client :1 | Local Epoch : 0 | [64/497 (14%)]	Loss1: 5.842876 Loss2: 0.000000 
| Global Round : 19 | Client :1 | Local Epoch : 1 | [64/497 (14%)]	Loss1: 5.843146 Loss2: 0.000000 
| Global Round : 19 | Client :1 | Local Epoch : 2 | [64/497 (14%)]	Loss1: 5.842509 Loss2: 0.000000 
| Global Round : 19 | Client :1 | Local Epoch : 3 | [64/497 (14%)]	Loss1: 5.843531 Loss2: 0.000000 
| Global Round : 19 | Client :1 | Local Epoch : 4 | [64/497 (14%)]	Loss1: 5.844076 Loss2: 0.000000 
| Global Round : 19 | Client :2 | Local Epoch : 0 | [64/597 (11%)]	Loss1: 5.840831 Loss2: 0.000000 
| Global Round : 19 | Client :2 | Local Epoch : 1 | [64/597 (11%)]	Loss1: 5.839981 Loss2: 0.000000 
| Global Round : 19 | Client :2 | Local Epoch : 2 | [64/597 (11%)]	Loss1: 5.840915 Loss2: 0.000000 
| Global Round : 19 | Client :2 | Local Epoch : 3 | [64/597 (11%)]	Loss1: 5.840291 Loss2: 0.000000 
| Global Round : 19 | Client :2 | Local Epoch : 4 | [64/597 (11%)]	Loss1: 5.842196 Loss2: 0.000000 
| Global Round : 19 | Client :3 | Local Epoch : 0 | [64/605 (11%)]	Loss1: 5.841892 Loss2: 0.000000 
| Global Round : 19 | Client :3 | Local Epoch : 1 | [64/605 (11%)]	Loss1: 5.843118 Loss2: 0.000000 
| Global Round : 19 | Client :3 | Local Epoch : 2 | [64/605 (11%)]	Loss1: 5.842058 Loss2: 0.000000 
| Global Round : 19 | Client :3 | Local Epoch : 3 | [64/605 (11%)]	Loss1: 5.841204 Loss2: 0.000000 
| Global Round : 19 | Client :3 | Local Epoch : 4 | [64/605 (11%)]	Loss1: 5.841819 Loss2: 0.000000 
| Global Round : 19 | Client :4 | Local Epoch : 0 | [64/436 (17%)]	Loss1: 5.840980 Loss2: 0.000000 
| Global Round : 19 | Client :4 | Local Epoch : 1 | [64/436 (17%)]	Loss1: 5.840838 Loss2: 0.000000 
| Global Round : 19 | Client :4 | Local Epoch : 2 | [64/436 (17%)]	Loss1: 5.840167 Loss2: 0.000000 
| Global Round : 19 | Client :4 | Local Epoch : 3 | [64/436 (17%)]	Loss1: 5.841283 Loss2: 0.000000 
| Global Round : 19 | Client :4 | Local Epoch : 4 | [64/436 (17%)]	Loss1: 5.839765 Loss2: 0.000000 
| Global Round : 19 | Client :5 | Local Epoch : 0 | [64/627 (11%)]	Loss1: 5.840123 Loss2: 0.000000 
| Global Round : 19 | Client :5 | Local Epoch : 1 | [64/627 (11%)]	Loss1: 5.841293 Loss2: 0.000000 
| Global Round : 19 | Client :5 | Local Epoch : 2 | [64/627 (11%)]	Loss1: 5.840456 Loss2: 0.000000 
| Global Round : 19 | Client :5 | Local Epoch : 3 | [64/627 (11%)]	Loss1: 5.840063 Loss2: 0.000000 
| Global Round : 19 | Client :5 | Local Epoch : 4 | [64/627 (11%)]	Loss1: 5.840621 Loss2: 0.000000 
| Global Round : 19 | Client :6 | Local Epoch : 0 | [64/571 (12%)]	Loss1: 5.841034 Loss2: 0.000000 
| Global Round : 19 | Client :6 | Local Epoch : 1 | [64/571 (12%)]	Loss1: 5.841375 Loss2: 0.000000 
| Global Round : 19 | Client :6 | Local Epoch : 2 | [64/571 (12%)]	Loss1: 5.841062 Loss2: 0.000000 
| Global Round : 19 | Client :6 | Local Epoch : 3 | [64/571 (12%)]	Loss1: 5.840067 Loss2: 0.000000 
| Global Round : 19 | Client :6 | Local Epoch : 4 | [64/571 (12%)]	Loss1: 5.841561 Loss2: 0.000000 
| Global Round : 19 | Client :7 | Local Epoch : 0 | [64/665 (10%)]	Loss1: 5.841696 Loss2: 0.000000 
| Global Round : 19 | Client :7 | Local Epoch : 1 | [64/665 (10%)]	Loss1: 5.839908 Loss2: 0.000000 
| Global Round : 19 | Client :7 | Local Epoch : 2 | [64/665 (10%)]	Loss1: 5.841859 Loss2: 0.000000 
| Global Round : 19 | Client :7 | Local Epoch : 3 | [64/665 (10%)]	Loss1: 5.841440 Loss2: 0.000000 
| Global Round : 19 | Client :7 | Local Epoch : 4 | [64/665 (10%)]	Loss1: 5.842535 Loss2: 0.000000 
| Global Round : 19 | Client :8 | Local Epoch : 0 | [64/561 (12%)]	Loss1: 5.840666 Loss2: 0.000000 
| Global Round : 19 | Client :8 | Local Epoch : 1 | [64/561 (12%)]	Loss1: 5.841656 Loss2: 0.000000 
| Global Round : 19 | Client :8 | Local Epoch : 2 | [64/561 (12%)]	Loss1: 5.841484 Loss2: 0.000000 
| Global Round : 19 | Client :8 | Local Epoch : 3 | [64/561 (12%)]	Loss1: 5.841556 Loss2: 0.000000 
| Global Round : 19 | Client :8 | Local Epoch : 4 | [64/561 (12%)]	Loss1: 5.840402 Loss2: 0.000000 
| Global Round : 19 | Client :9 | Local Epoch : 0 | [64/811 (8%)]	Loss1: 5.839887 Loss2: 0.000000 
| Global Round : 19 | Client :9 | Local Epoch : 0 | [704/811 (92%)]	Loss1: 5.839472 Loss2: 0.000000 
| Global Round : 19 | Client :9 | Local Epoch : 1 | [64/811 (8%)]	Loss1: 5.840895 Loss2: 0.000000 
| Global Round : 19 | Client :9 | Local Epoch : 1 | [704/811 (92%)]	Loss1: 5.842082 Loss2: 0.000000 
| Global Round : 19 | Client :9 | Local Epoch : 2 | [64/811 (8%)]	Loss1: 5.840429 Loss2: 0.000000 
| Global Round : 19 | Client :9 | Local Epoch : 2 | [704/811 (92%)]	Loss1: 5.840629 Loss2: 0.000000 
| Global Round : 19 | Client :9 | Local Epoch : 3 | [64/811 (8%)]	Loss1: 5.841468 Loss2: 0.000000 
| Global Round : 19 | Client :9 | Local Epoch : 3 | [704/811 (92%)]	Loss1: 5.840620 Loss2: 0.000000 
| Global Round : 19 | Client :9 | Local Epoch : 4 | [64/811 (8%)]	Loss1: 5.840975 Loss2: 0.000000 
| Global Round : 19 | Client :9 | Local Epoch : 4 | [704/811 (92%)]	Loss1: 5.841274 Loss2: 0.000000 
average loss:   5.8393800376332
average local test accuracy: 0.8578125
average global test accuracy:  0.5579427083333334

 | Global Training Round : 20 |

xi_k [0.49027963 0.48039738 0.51391703 0.50722582 0.4692243  0.48936985
 0.47770837 0.51271244 0.48620457 0.50439592]
max_exp: -1.0
coe: 10
Regulation [0.8 0.8 0.8 0.8 0.8 0.8 0.8 0.8 0.8 0.8]
Solver status: optimal_inaccurate
b_new: [1. 1. 1. 1. 1. 1. 1. 1. 1. 1.]
Iter 0: obj=48.9144, best_obj=48.9144, ||b_new-b_prev||₂=2.846050
xi_k [0.49027963 0.48039738 0.51391703 0.50722582 0.4692243  0.48936985
 0.47770837 0.51271244 0.48620457 0.50439592]
max_exp: -1.0
coe: 10
Regulation [-1. -1. -1. -1. -1. -1. -1. -1. -1. -1.]
Solver status: optimal_inaccurate
b_new: [1. 1. 1. 1. 1. 1. 1. 1. 1. 1.]
Iter 1: obj=49.8144, best_obj=49.8144, ||b_new-b_prev||₂=0.000000
Converged.
Final b: [1. 1. 1. 1. 1. 1. 1. 1. 1. 1.]
<class 'numpy.ndarray'>
b_float: [1. 1. 1. 1. 1. 1. 1. 1. 1. 1.]
b: [1 1 1 1 1 1 1 1 1 1]
active_clients:  [0, 1, 2, 3, 4, 5, 6, 7, 8, 9]
Client 0's s_k are:[0 0 0 0 0 0 0 0 0 0]
Client 1's s_k are:[0 0 0 0 0 0 0 0 0 0]
Client 2's s_k are:[0 0 0 0 0 0 0 0 0 0]
Client 3's s_k are:[0 0 0 0 0 0 0 0 0 0]
Client 4's s_k are:[0 0 0 0 0 0 0 0 0 0]
Client 5's s_k are:[0 0 0 0 0 0 0 0 0 0]
Client 6's s_k are:[0 0 0 0 0 0 0 0 0 0]
Client 7's s_k are:[0 0 0 0 0 0 0 0 0 0]
Client 8's s_k are:[0 0 0 0 0 0 0 0 0 0]
Client 9's s_k are:[0 0 0 0 0 0 0 0 0 0]
| Global Round : 20 | Client :0 | Local Epoch : 0 | [64/626 (11%)]	Loss1: 5.843050 Loss2: 0.000000 
| Global Round : 20 | Client :0 | Local Epoch : 1 | [64/626 (11%)]	Loss1: 5.842692 Loss2: 0.000000 
| Global Round : 20 | Client :0 | Local Epoch : 2 | [64/626 (11%)]	Loss1: 5.841782 Loss2: 0.000000 
| Global Round : 20 | Client :0 | Local Epoch : 3 | [64/626 (11%)]	Loss1: 5.842032 Loss2: 0.000000 
| Global Round : 20 | Client :0 | Local Epoch : 4 | [64/626 (11%)]	Loss1: 5.841625 Loss2: 0.000000 
| Global Round : 20 | Client :1 | Local Epoch : 0 | [64/497 (14%)]	Loss1: 5.844818 Loss2: 0.000000 
| Global Round : 20 | Client :1 | Local Epoch : 1 | [64/497 (14%)]	Loss1: 5.841166 Loss2: 0.000000 
| Global Round : 20 | Client :1 | Local Epoch : 2 | [64/497 (14%)]	Loss1: 5.843211 Loss2: 0.000000 
| Global Round : 20 | Client :1 | Local Epoch : 3 | [64/497 (14%)]	Loss1: 5.842874 Loss2: 0.000000 
| Global Round : 20 | Client :1 | Local Epoch : 4 | [64/497 (14%)]	Loss1: 5.843700 Loss2: 0.000000 
| Global Round : 20 | Client :2 | Local Epoch : 0 | [64/597 (11%)]	Loss1: 5.841173 Loss2: 0.000000 
| Global Round : 20 | Client :2 | Local Epoch : 1 | [64/597 (11%)]	Loss1: 5.841512 Loss2: 0.000000 
| Global Round : 20 | Client :2 | Local Epoch : 2 | [64/597 (11%)]	Loss1: 5.839626 Loss2: 0.000000 
| Global Round : 20 | Client :2 | Local Epoch : 3 | [64/597 (11%)]	Loss1: 5.840307 Loss2: 0.000000 
| Global Round : 20 | Client :2 | Local Epoch : 4 | [64/597 (11%)]	Loss1: 5.839865 Loss2: 0.000000 
| Global Round : 20 | Client :3 | Local Epoch : 0 | [64/605 (11%)]	Loss1: 5.841245 Loss2: 0.000000 
| Global Round : 20 | Client :3 | Local Epoch : 1 | [64/605 (11%)]	Loss1: 5.841596 Loss2: 0.000000 
| Global Round : 20 | Client :3 | Local Epoch : 2 | [64/605 (11%)]	Loss1: 5.840178 Loss2: 0.000000 
| Global Round : 20 | Client :3 | Local Epoch : 3 | [64/605 (11%)]	Loss1: 5.840800 Loss2: 0.000000 
| Global Round : 20 | Client :3 | Local Epoch : 4 | [64/605 (11%)]	Loss1: 5.842812 Loss2: 0.000000 
| Global Round : 20 | Client :4 | Local Epoch : 0 | [64/436 (17%)]	Loss1: 5.841509 Loss2: 0.000000 
| Global Round : 20 | Client :4 | Local Epoch : 1 | [64/436 (17%)]	Loss1: 5.840892 Loss2: 0.000000 
| Global Round : 20 | Client :4 | Local Epoch : 2 | [64/436 (17%)]	Loss1: 5.840873 Loss2: 0.000000 
| Global Round : 20 | Client :4 | Local Epoch : 3 | [64/436 (17%)]	Loss1: 5.841010 Loss2: 0.000000 
| Global Round : 20 | Client :4 | Local Epoch : 4 | [64/436 (17%)]	Loss1: 5.841021 Loss2: 0.000000 
| Global Round : 20 | Client :5 | Local Epoch : 0 | [64/627 (11%)]	Loss1: 5.840646 Loss2: 0.000000 
| Global Round : 20 | Client :5 | Local Epoch : 1 | [64/627 (11%)]	Loss1: 5.839752 Loss2: 0.000000 
| Global Round : 20 | Client :5 | Local Epoch : 2 | [64/627 (11%)]	Loss1: 5.840422 Loss2: 0.000000 
| Global Round : 20 | Client :5 | Local Epoch : 3 | [64/627 (11%)]	Loss1: 5.841377 Loss2: 0.000000 
| Global Round : 20 | Client :5 | Local Epoch : 4 | [64/627 (11%)]	Loss1: 5.840562 Loss2: 0.000000 
| Global Round : 20 | Client :6 | Local Epoch : 0 | [64/571 (12%)]	Loss1: 5.840414 Loss2: 0.000000 
| Global Round : 20 | Client :6 | Local Epoch : 1 | [64/571 (12%)]	Loss1: 5.840755 Loss2: 0.000000 
| Global Round : 20 | Client :6 | Local Epoch : 2 | [64/571 (12%)]	Loss1: 5.840549 Loss2: 0.000000 
| Global Round : 20 | Client :6 | Local Epoch : 3 | [64/571 (12%)]	Loss1: 5.841266 Loss2: 0.000000 
| Global Round : 20 | Client :6 | Local Epoch : 4 | [64/571 (12%)]	Loss1: 5.840650 Loss2: 0.000000 
| Global Round : 20 | Client :7 | Local Epoch : 0 | [64/665 (10%)]	Loss1: 5.841608 Loss2: 0.000000 
| Global Round : 20 | Client :7 | Local Epoch : 1 | [64/665 (10%)]	Loss1: 5.842108 Loss2: 0.000000 
| Global Round : 20 | Client :7 | Local Epoch : 2 | [64/665 (10%)]	Loss1: 5.842169 Loss2: 0.000000 
| Global Round : 20 | Client :7 | Local Epoch : 3 | [64/665 (10%)]	Loss1: 5.840577 Loss2: 0.000000 
| Global Round : 20 | Client :7 | Local Epoch : 4 | [64/665 (10%)]	Loss1: 5.840929 Loss2: 0.000000 
| Global Round : 20 | Client :8 | Local Epoch : 0 | [64/561 (12%)]	Loss1: 5.841271 Loss2: 0.000000 
| Global Round : 20 | Client :8 | Local Epoch : 1 | [64/561 (12%)]	Loss1: 5.841598 Loss2: 0.000000 
| Global Round : 20 | Client :8 | Local Epoch : 2 | [64/561 (12%)]	Loss1: 5.840582 Loss2: 0.000000 
| Global Round : 20 | Client :8 | Local Epoch : 3 | [64/561 (12%)]	Loss1: 5.841541 Loss2: 0.000000 
| Global Round : 20 | Client :8 | Local Epoch : 4 | [64/561 (12%)]	Loss1: 5.841210 Loss2: 0.000000 
| Global Round : 20 | Client :9 | Local Epoch : 0 | [64/811 (8%)]	Loss1: 5.839507 Loss2: 0.000000 
| Global Round : 20 | Client :9 | Local Epoch : 0 | [704/811 (92%)]	Loss1: 5.841091 Loss2: 0.000000 
| Global Round : 20 | Client :9 | Local Epoch : 1 | [64/811 (8%)]	Loss1: 5.840739 Loss2: 0.000000 
| Global Round : 20 | Client :9 | Local Epoch : 1 | [704/811 (92%)]	Loss1: 5.841109 Loss2: 0.000000 
| Global Round : 20 | Client :9 | Local Epoch : 2 | [64/811 (8%)]	Loss1: 5.840319 Loss2: 0.000000 
| Global Round : 20 | Client :9 | Local Epoch : 2 | [704/811 (92%)]	Loss1: 5.839799 Loss2: 0.000000 
| Global Round : 20 | Client :9 | Local Epoch : 3 | [64/811 (8%)]	Loss1: 5.840047 Loss2: 0.000000 
| Global Round : 20 | Client :9 | Local Epoch : 3 | [704/811 (92%)]	Loss1: 5.840499 Loss2: 0.000000 
| Global Round : 20 | Client :9 | Local Epoch : 4 | [64/811 (8%)]	Loss1: 5.840312 Loss2: 0.000000 
| Global Round : 20 | Client :9 | Local Epoch : 4 | [704/811 (92%)]	Loss1: 5.841789 Loss2: 0.000000 
average loss:   5.839207908785532
average local test accuracy: 0.8587239583333334
average global test accuracy:  0.5864583333333334

 | Global Training Round : 21 |

xi_k [0.49024325 0.48037473 0.51393312 0.50719583 0.46918569 0.48928674
 0.47763267 0.51271884 0.48615931 0.50438875]
max_exp: -1.0
coe: 10
Regulation [0.8 0.8 0.8 0.8 0.8 0.8 0.8 0.8 0.8 0.8]
Solver status: optimal_inaccurate
b_new: [1. 1. 1. 1. 1. 1. 1. 1. 1. 1.]
Iter 0: obj=48.9112, best_obj=48.9112, ||b_new-b_prev||₂=2.846050
xi_k [0.49024325 0.48037473 0.51393312 0.50719583 0.46918569 0.48928674
 0.47763267 0.51271884 0.48615931 0.50438875]
max_exp: -1.0
coe: 10
Regulation [-1. -1. -1. -1. -1. -1. -1. -1. -1. -1.]
Solver status: optimal_inaccurate
b_new: [1. 1. 1. 1. 1. 1. 1. 1. 1. 1.]
Iter 1: obj=49.8112, best_obj=49.8112, ||b_new-b_prev||₂=0.000000
Converged.
Final b: [1. 1. 1. 1. 1. 1. 1. 1. 1. 1.]
<class 'numpy.ndarray'>
b_float: [1. 1. 1. 1. 1. 1. 1. 1. 1. 1.]
b: [1 1 1 1 1 1 1 1 1 1]
active_clients:  [0, 1, 2, 3, 4, 5, 6, 7, 8, 9]
Client 0's s_k are:[0 0 0 0 0 0 0 0 0 0]
Client 1's s_k are:[0 0 0 0 0 0 0 0 0 0]
Client 2's s_k are:[0 0 0 0 0 0 0 0 0 0]
Client 3's s_k are:[0 0 0 0 0 0 0 0 0 0]
Client 4's s_k are:[0 0 0 0 0 0 0 0 0 0]
Client 5's s_k are:[0 0 0 0 0 0 0 0 0 0]
Client 6's s_k are:[0 0 0 0 0 0 0 0 0 0]
Client 7's s_k are:[0 0 0 0 0 0 0 0 0 0]
Client 8's s_k are:[0 0 0 0 0 0 0 0 0 0]
Client 9's s_k are:[0 0 0 0 0 0 0 0 0 0]
| Global Round : 21 | Client :0 | Local Epoch : 0 | [64/626 (11%)]	Loss1: 5.842628 Loss2: 0.000000 
| Global Round : 21 | Client :0 | Local Epoch : 1 | [64/626 (11%)]	Loss1: 5.842671 Loss2: 0.000000 
| Global Round : 21 | Client :0 | Local Epoch : 2 | [64/626 (11%)]	Loss1: 5.843664 Loss2: 0.000000 
| Global Round : 21 | Client :0 | Local Epoch : 3 | [64/626 (11%)]	Loss1: 5.841536 Loss2: 0.000000 
| Global Round : 21 | Client :0 | Local Epoch : 4 | [64/626 (11%)]	Loss1: 5.842100 Loss2: 0.000000 
| Global Round : 21 | Client :1 | Local Epoch : 0 | [64/497 (14%)]	Loss1: 5.843163 Loss2: 0.000000 
| Global Round : 21 | Client :1 | Local Epoch : 1 | [64/497 (14%)]	Loss1: 5.844835 Loss2: 0.000000 
| Global Round : 21 | Client :1 | Local Epoch : 2 | [64/497 (14%)]	Loss1: 5.842607 Loss2: 0.000000 
| Global Round : 21 | Client :1 | Local Epoch : 3 | [64/497 (14%)]	Loss1: 5.842384 Loss2: 0.000000 
| Global Round : 21 | Client :1 | Local Epoch : 4 | [64/497 (14%)]	Loss1: 5.842883 Loss2: 0.000000 
| Global Round : 21 | Client :2 | Local Epoch : 0 | [64/597 (11%)]	Loss1: 5.839821 Loss2: 0.000000 
| Global Round : 21 | Client :2 | Local Epoch : 1 | [64/597 (11%)]	Loss1: 5.840707 Loss2: 0.000000 
| Global Round : 21 | Client :2 | Local Epoch : 2 | [64/597 (11%)]	Loss1: 5.840584 Loss2: 0.000000 
| Global Round : 21 | Client :2 | Local Epoch : 3 | [64/597 (11%)]	Loss1: 5.840429 Loss2: 0.000000 
| Global Round : 21 | Client :2 | Local Epoch : 4 | [64/597 (11%)]	Loss1: 5.840177 Loss2: 0.000000 
| Global Round : 21 | Client :3 | Local Epoch : 0 | [64/605 (11%)]	Loss1: 5.841091 Loss2: 0.000000 
| Global Round : 21 | Client :3 | Local Epoch : 1 | [64/605 (11%)]	Loss1: 5.841829 Loss2: 0.000000 
| Global Round : 21 | Client :3 | Local Epoch : 2 | [64/605 (11%)]	Loss1: 5.840858 Loss2: 0.000000 
| Global Round : 21 | Client :3 | Local Epoch : 3 | [64/605 (11%)]	Loss1: 5.842375 Loss2: 0.000000 
| Global Round : 21 | Client :3 | Local Epoch : 4 | [64/605 (11%)]	Loss1: 5.841596 Loss2: 0.000000 
| Global Round : 21 | Client :4 | Local Epoch : 0 | [64/436 (17%)]	Loss1: 5.840475 Loss2: 0.000000 
| Global Round : 21 | Client :4 | Local Epoch : 1 | [64/436 (17%)]	Loss1: 5.839817 Loss2: 0.000000 
| Global Round : 21 | Client :4 | Local Epoch : 2 | [64/436 (17%)]	Loss1: 5.841813 Loss2: 0.000000 
| Global Round : 21 | Client :4 | Local Epoch : 3 | [64/436 (17%)]	Loss1: 5.840652 Loss2: 0.000000 
| Global Round : 21 | Client :4 | Local Epoch : 4 | [64/436 (17%)]	Loss1: 5.839838 Loss2: 0.000000 
| Global Round : 21 | Client :5 | Local Epoch : 0 | [64/627 (11%)]	Loss1: 5.841571 Loss2: 0.000000 
| Global Round : 21 | Client :5 | Local Epoch : 1 | [64/627 (11%)]	Loss1: 5.841433 Loss2: 0.000000 
| Global Round : 21 | Client :5 | Local Epoch : 2 | [64/627 (11%)]	Loss1: 5.840677 Loss2: 0.000000 
| Global Round : 21 | Client :5 | Local Epoch : 3 | [64/627 (11%)]	Loss1: 5.840431 Loss2: 0.000000 
| Global Round : 21 | Client :5 | Local Epoch : 4 | [64/627 (11%)]	Loss1: 5.841022 Loss2: 0.000000 
| Global Round : 21 | Client :6 | Local Epoch : 0 | [64/571 (12%)]	Loss1: 5.841399 Loss2: 0.000000 
| Global Round : 21 | Client :6 | Local Epoch : 1 | [64/571 (12%)]	Loss1: 5.842187 Loss2: 0.000000 
| Global Round : 21 | Client :6 | Local Epoch : 2 | [64/571 (12%)]	Loss1: 5.841160 Loss2: 0.000000 
| Global Round : 21 | Client :6 | Local Epoch : 3 | [64/571 (12%)]	Loss1: 5.842700 Loss2: 0.000000 
| Global Round : 21 | Client :6 | Local Epoch : 4 | [64/571 (12%)]	Loss1: 5.841480 Loss2: 0.000000 
| Global Round : 21 | Client :7 | Local Epoch : 0 | [64/665 (10%)]	Loss1: 5.841572 Loss2: 0.000000 
| Global Round : 21 | Client :7 | Local Epoch : 1 | [64/665 (10%)]	Loss1: 5.840851 Loss2: 0.000000 
| Global Round : 21 | Client :7 | Local Epoch : 2 | [64/665 (10%)]	Loss1: 5.840258 Loss2: 0.000000 
| Global Round : 21 | Client :7 | Local Epoch : 3 | [64/665 (10%)]	Loss1: 5.841894 Loss2: 0.000000 
| Global Round : 21 | Client :7 | Local Epoch : 4 | [64/665 (10%)]	Loss1: 5.840425 Loss2: 0.000000 
| Global Round : 21 | Client :8 | Local Epoch : 0 | [64/561 (12%)]	Loss1: 5.840932 Loss2: 0.000000 
| Global Round : 21 | Client :8 | Local Epoch : 1 | [64/561 (12%)]	Loss1: 5.841501 Loss2: 0.000000 
| Global Round : 21 | Client :8 | Local Epoch : 2 | [64/561 (12%)]	Loss1: 5.840769 Loss2: 0.000000 
| Global Round : 21 | Client :8 | Local Epoch : 3 | [64/561 (12%)]	Loss1: 5.840103 Loss2: 0.000000 
| Global Round : 21 | Client :8 | Local Epoch : 4 | [64/561 (12%)]	Loss1: 5.839942 Loss2: 0.000000 
| Global Round : 21 | Client :9 | Local Epoch : 0 | [64/811 (8%)]	Loss1: 5.839988 Loss2: 0.000000 
| Global Round : 21 | Client :9 | Local Epoch : 0 | [704/811 (92%)]	Loss1: 5.839198 Loss2: 0.000000 
| Global Round : 21 | Client :9 | Local Epoch : 1 | [64/811 (8%)]	Loss1: 5.840638 Loss2: 0.000000 
| Global Round : 21 | Client :9 | Local Epoch : 1 | [704/811 (92%)]	Loss1: 5.840264 Loss2: 0.000000 
| Global Round : 21 | Client :9 | Local Epoch : 2 | [64/811 (8%)]	Loss1: 5.840716 Loss2: 0.000000 
| Global Round : 21 | Client :9 | Local Epoch : 2 | [704/811 (92%)]	Loss1: 5.840539 Loss2: 0.000000 
| Global Round : 21 | Client :9 | Local Epoch : 3 | [64/811 (8%)]	Loss1: 5.840648 Loss2: 0.000000 
| Global Round : 21 | Client :9 | Local Epoch : 3 | [704/811 (92%)]	Loss1: 5.840493 Loss2: 0.000000 
| Global Round : 21 | Client :9 | Local Epoch : 4 | [64/811 (8%)]	Loss1: 5.839954 Loss2: 0.000000 
| Global Round : 21 | Client :9 | Local Epoch : 4 | [704/811 (92%)]	Loss1: 5.839756 Loss2: 0.000000 
average loss:   5.839117215133848
average local test accuracy: 0.857421875
average global test accuracy:  0.5657552083333334

 | Global Training Round : 22 |

xi_k [0.49023049 0.48033839 0.51388541 0.50716968 0.469182   0.48926485
 0.47763842 0.5127063  0.48614992 0.50440588]
max_exp: -1.0
coe: 10
Regulation [0.8 0.8 0.8 0.8 0.8 0.8 0.8 0.8 0.8 0.8]
Solver status: optimal_inaccurate
b_new: [1. 1. 1. 1. 1. 1. 1. 1. 1. 1.]
Iter 0: obj=48.9097, best_obj=48.9097, ||b_new-b_prev||₂=2.846050
xi_k [0.49023049 0.48033839 0.51388541 0.50716968 0.469182   0.48926485
 0.47763842 0.5127063  0.48614992 0.50440588]
max_exp: -1.0
coe: 10
Regulation [-1. -1. -1. -1. -1. -1. -1. -1. -1. -1.]
Solver status: optimal_inaccurate
b_new: [1. 1. 1. 1. 1. 1. 1. 1. 1. 1.]
Iter 1: obj=49.8097, best_obj=49.8097, ||b_new-b_prev||₂=0.000000
Converged.
Final b: [1. 1. 1. 1. 1. 1. 1. 1. 1. 1.]
<class 'numpy.ndarray'>
b_float: [1. 1. 1. 1. 1. 1. 1. 1. 1. 1.]
b: [1 1 1 1 1 1 1 1 1 1]
active_clients:  [0, 1, 2, 3, 4, 5, 6, 7, 8, 9]
Client 0's s_k are:[0 0 0 0 0 0 0 0 0 0]
Client 1's s_k are:[0 0 0 0 0 0 0 0 0 0]
Client 2's s_k are:[0 0 0 0 0 0 0 0 0 0]
Client 3's s_k are:[0 0 0 0 0 0 0 0 0 0]
Client 4's s_k are:[0 0 0 0 0 0 0 0 0 0]
Client 5's s_k are:[0 0 0 0 0 0 0 0 0 0]
Client 6's s_k are:[0 0 0 0 0 0 0 0 0 0]
Client 7's s_k are:[0 0 0 0 0 0 0 0 0 0]
Client 8's s_k are:[0 0 0 0 0 0 0 0 0 0]
Client 9's s_k are:[0 0 0 0 0 0 0 0 0 0]
| Global Round : 22 | Client :0 | Local Epoch : 0 | [64/626 (11%)]	Loss1: 5.842319 Loss2: 0.000000 
| Global Round : 22 | Client :0 | Local Epoch : 1 | [64/626 (11%)]	Loss1: 5.843011 Loss2: 0.000000 
| Global Round : 22 | Client :0 | Local Epoch : 2 | [64/626 (11%)]	Loss1: 5.842376 Loss2: 0.000000 
| Global Round : 22 | Client :0 | Local Epoch : 3 | [64/626 (11%)]	Loss1: 5.843417 Loss2: 0.000000 
| Global Round : 22 | Client :0 | Local Epoch : 4 | [64/626 (11%)]	Loss1: 5.843176 Loss2: 0.000000 
| Global Round : 22 | Client :1 | Local Epoch : 0 | [64/497 (14%)]	Loss1: 5.842477 Loss2: 0.000000 
| Global Round : 22 | Client :1 | Local Epoch : 1 | [64/497 (14%)]	Loss1: 5.842155 Loss2: 0.000000 
| Global Round : 22 | Client :1 | Local Epoch : 2 | [64/497 (14%)]	Loss1: 5.841801 Loss2: 0.000000 
| Global Round : 22 | Client :1 | Local Epoch : 3 | [64/497 (14%)]	Loss1: 5.844366 Loss2: 0.000000 
| Global Round : 22 | Client :1 | Local Epoch : 4 | [64/497 (14%)]	Loss1: 5.842281 Loss2: 0.000000 
| Global Round : 22 | Client :2 | Local Epoch : 0 | [64/597 (11%)]	Loss1: 5.839864 Loss2: 0.000000 
| Global Round : 22 | Client :2 | Local Epoch : 1 | [64/597 (11%)]	Loss1: 5.840143 Loss2: 0.000000 
| Global Round : 22 | Client :2 | Local Epoch : 2 | [64/597 (11%)]	Loss1: 5.841946 Loss2: 0.000000 
| Global Round : 22 | Client :2 | Local Epoch : 3 | [64/597 (11%)]	Loss1: 5.840455 Loss2: 0.000000 
| Global Round : 22 | Client :2 | Local Epoch : 4 | [64/597 (11%)]	Loss1: 5.841351 Loss2: 0.000000 
| Global Round : 22 | Client :3 | Local Epoch : 0 | [64/605 (11%)]	Loss1: 5.842093 Loss2: 0.000000 
| Global Round : 22 | Client :3 | Local Epoch : 1 | [64/605 (11%)]	Loss1: 5.842916 Loss2: 0.000000 
| Global Round : 22 | Client :3 | Local Epoch : 2 | [64/605 (11%)]	Loss1: 5.840927 Loss2: 0.000000 
| Global Round : 22 | Client :3 | Local Epoch : 3 | [64/605 (11%)]	Loss1: 5.840671 Loss2: 0.000000 
| Global Round : 22 | Client :3 | Local Epoch : 4 | [64/605 (11%)]	Loss1: 5.842142 Loss2: 0.000000 
| Global Round : 22 | Client :4 | Local Epoch : 0 | [64/436 (17%)]	Loss1: 5.840961 Loss2: 0.000000 
| Global Round : 22 | Client :4 | Local Epoch : 1 | [64/436 (17%)]	Loss1: 5.841929 Loss2: 0.000000 
| Global Round : 22 | Client :4 | Local Epoch : 2 | [64/436 (17%)]	Loss1: 5.839880 Loss2: 0.000000 
| Global Round : 22 | Client :4 | Local Epoch : 3 | [64/436 (17%)]	Loss1: 5.839632 Loss2: 0.000000 
| Global Round : 22 | Client :4 | Local Epoch : 4 | [64/436 (17%)]	Loss1: 5.841454 Loss2: 0.000000 
| Global Round : 22 | Client :5 | Local Epoch : 0 | [64/627 (11%)]	Loss1: 5.841184 Loss2: 0.000000 
| Global Round : 22 | Client :5 | Local Epoch : 1 | [64/627 (11%)]	Loss1: 5.839972 Loss2: 0.000000 
| Global Round : 22 | Client :5 | Local Epoch : 2 | [64/627 (11%)]	Loss1: 5.840221 Loss2: 0.000000 
| Global Round : 22 | Client :5 | Local Epoch : 3 | [64/627 (11%)]	Loss1: 5.839536 Loss2: 0.000000 
| Global Round : 22 | Client :5 | Local Epoch : 4 | [64/627 (11%)]	Loss1: 5.839737 Loss2: 0.000000 
| Global Round : 22 | Client :6 | Local Epoch : 0 | [64/571 (12%)]	Loss1: 5.840632 Loss2: 0.000000 
| Global Round : 22 | Client :6 | Local Epoch : 1 | [64/571 (12%)]	Loss1: 5.841549 Loss2: 0.000000 
| Global Round : 22 | Client :6 | Local Epoch : 2 | [64/571 (12%)]	Loss1: 5.840837 Loss2: 0.000000 
| Global Round : 22 | Client :6 | Local Epoch : 3 | [64/571 (12%)]	Loss1: 5.842149 Loss2: 0.000000 
| Global Round : 22 | Client :6 | Local Epoch : 4 | [64/571 (12%)]	Loss1: 5.841251 Loss2: 0.000000 
| Global Round : 22 | Client :7 | Local Epoch : 0 | [64/665 (10%)]	Loss1: 5.840308 Loss2: 0.000000 
| Global Round : 22 | Client :7 | Local Epoch : 1 | [64/665 (10%)]	Loss1: 5.841993 Loss2: 0.000000 
| Global Round : 22 | Client :7 | Local Epoch : 2 | [64/665 (10%)]	Loss1: 5.841207 Loss2: 0.000000 
| Global Round : 22 | Client :7 | Local Epoch : 3 | [64/665 (10%)]	Loss1: 5.840932 Loss2: 0.000000 
| Global Round : 22 | Client :7 | Local Epoch : 4 | [64/665 (10%)]	Loss1: 5.841844 Loss2: 0.000000 
| Global Round : 22 | Client :8 | Local Epoch : 0 | [64/561 (12%)]	Loss1: 5.840438 Loss2: 0.000000 
| Global Round : 22 | Client :8 | Local Epoch : 1 | [64/561 (12%)]	Loss1: 5.841827 Loss2: 0.000000 
| Global Round : 22 | Client :8 | Local Epoch : 2 | [64/561 (12%)]	Loss1: 5.841412 Loss2: 0.000000 
| Global Round : 22 | Client :8 | Local Epoch : 3 | [64/561 (12%)]	Loss1: 5.840309 Loss2: 0.000000 
| Global Round : 22 | Client :8 | Local Epoch : 4 | [64/561 (12%)]	Loss1: 5.841051 Loss2: 0.000000 
| Global Round : 22 | Client :9 | Local Epoch : 0 | [64/811 (8%)]	Loss1: 5.840241 Loss2: 0.000000 
| Global Round : 22 | Client :9 | Local Epoch : 0 | [704/811 (92%)]	Loss1: 5.840846 Loss2: 0.000000 
| Global Round : 22 | Client :9 | Local Epoch : 1 | [64/811 (8%)]	Loss1: 5.841043 Loss2: 0.000000 
| Global Round : 22 | Client :9 | Local Epoch : 1 | [704/811 (92%)]	Loss1: 5.842324 Loss2: 0.000000 
| Global Round : 22 | Client :9 | Local Epoch : 2 | [64/811 (8%)]	Loss1: 5.840365 Loss2: 0.000000 
| Global Round : 22 | Client :9 | Local Epoch : 2 | [704/811 (92%)]	Loss1: 5.841320 Loss2: 0.000000 
| Global Round : 22 | Client :9 | Local Epoch : 3 | [64/811 (8%)]	Loss1: 5.840015 Loss2: 0.000000 
| Global Round : 22 | Client :9 | Local Epoch : 3 | [704/811 (92%)]	Loss1: 5.840859 Loss2: 0.000000 
| Global Round : 22 | Client :9 | Local Epoch : 4 | [64/811 (8%)]	Loss1: 5.840430 Loss2: 0.000000 
| Global Round : 22 | Client :9 | Local Epoch : 4 | [704/811 (92%)]	Loss1: 5.840074 Loss2: 0.000000 
average loss:   5.839096787827356
average local test accuracy: 0.8537760416666668
average global test accuracy:  0.5333333333333333

 | Global Training Round : 23 |

xi_k [0.49026368 0.48033055 0.51389078 0.50713289 0.46921751 0.48928727
 0.47763518 0.51269636 0.48611814 0.5043871 ]
max_exp: -1.0
coe: 10
Regulation [0.8 0.8 0.8 0.8 0.8 0.8 0.8 0.8 0.8 0.8]
Solver status: optimal_inaccurate
b_new: [1. 1. 1. 1. 1. 1. 1. 1. 1. 1.]
Iter 0: obj=48.9096, best_obj=48.9096, ||b_new-b_prev||₂=2.846050
xi_k [0.49026368 0.48033055 0.51389078 0.50713289 0.46921751 0.48928727
 0.47763518 0.51269636 0.48611814 0.5043871 ]
max_exp: -1.0
coe: 10
Regulation [-1. -1. -1. -1. -1. -1. -1. -1. -1. -1.]
Solver status: optimal_inaccurate
b_new: [1. 1. 1. 1. 1. 1. 1. 1. 1. 1.]
Iter 1: obj=49.8096, best_obj=49.8096, ||b_new-b_prev||₂=0.000000
Converged.
Final b: [1. 1. 1. 1. 1. 1. 1. 1. 1. 1.]
<class 'numpy.ndarray'>
b_float: [1. 1. 1. 1. 1. 1. 1. 1. 1. 1.]
b: [1 1 1 1 1 1 1 1 1 1]
active_clients:  [0, 1, 2, 3, 4, 5, 6, 7, 8, 9]
Client 0's s_k are:[0 0 0 0 0 0 0 0 0 0]
Client 1's s_k are:[0 0 0 0 0 0 0 0 0 0]
Client 2's s_k are:[0 0 0 0 0 0 0 0 0 0]
Client 3's s_k are:[0 0 0 0 0 0 0 0 0 0]
Client 4's s_k are:[0 0 0 0 0 0 0 0 0 0]
Client 5's s_k are:[0 0 0 0 0 0 0 0 0 0]
Client 6's s_k are:[0 0 0 0 0 0 0 0 0 0]
Client 7's s_k are:[0 0 0 0 0 0 0 0 0 0]
Client 8's s_k are:[0 0 0 0 0 0 0 0 0 0]
Client 9's s_k are:[0 0 0 0 0 0 0 0 0 0]
| Global Round : 23 | Client :0 | Local Epoch : 0 | [64/626 (11%)]	Loss1: 5.842338 Loss2: 0.000000 
| Global Round : 23 | Client :0 | Local Epoch : 1 | [64/626 (11%)]	Loss1: 5.843450 Loss2: 0.000000 
| Global Round : 23 | Client :0 | Local Epoch : 2 | [64/626 (11%)]	Loss1: 5.842907 Loss2: 0.000000 
| Global Round : 23 | Client :0 | Local Epoch : 3 | [64/626 (11%)]	Loss1: 5.841125 Loss2: 0.000000 
| Global Round : 23 | Client :0 | Local Epoch : 4 | [64/626 (11%)]	Loss1: 5.841780 Loss2: 0.000000 
| Global Round : 23 | Client :1 | Local Epoch : 0 | [64/497 (14%)]	Loss1: 5.844119 Loss2: 0.000000 
| Global Round : 23 | Client :1 | Local Epoch : 1 | [64/497 (14%)]	Loss1: 5.842432 Loss2: 0.000000 
| Global Round : 23 | Client :1 | Local Epoch : 2 | [64/497 (14%)]	Loss1: 5.840942 Loss2: 0.000000 
| Global Round : 23 | Client :1 | Local Epoch : 3 | [64/497 (14%)]	Loss1: 5.843414 Loss2: 0.000000 
| Global Round : 23 | Client :1 | Local Epoch : 4 | [64/497 (14%)]	Loss1: 5.842758 Loss2: 0.000000 
| Global Round : 23 | Client :2 | Local Epoch : 0 | [64/597 (11%)]	Loss1: 5.840364 Loss2: 0.000000 
| Global Round : 23 | Client :2 | Local Epoch : 1 | [64/597 (11%)]	Loss1: 5.840425 Loss2: 0.000000 
| Global Round : 23 | Client :2 | Local Epoch : 2 | [64/597 (11%)]	Loss1: 5.840178 Loss2: 0.000000 
| Global Round : 23 | Client :2 | Local Epoch : 3 | [64/597 (11%)]	Loss1: 5.839787 Loss2: 0.000000 
| Global Round : 23 | Client :2 | Local Epoch : 4 | [64/597 (11%)]	Loss1: 5.840597 Loss2: 0.000000 
| Global Round : 23 | Client :3 | Local Epoch : 0 | [64/605 (11%)]	Loss1: 5.840493 Loss2: 0.000000 
| Global Round : 23 | Client :3 | Local Epoch : 1 | [64/605 (11%)]	Loss1: 5.841162 Loss2: 0.000000 
| Global Round : 23 | Client :3 | Local Epoch : 2 | [64/605 (11%)]	Loss1: 5.841404 Loss2: 0.000000 
| Global Round : 23 | Client :3 | Local Epoch : 3 | [64/605 (11%)]	Loss1: 5.841589 Loss2: 0.000000 
| Global Round : 23 | Client :3 | Local Epoch : 4 | [64/605 (11%)]	Loss1: 5.840818 Loss2: 0.000000 
| Global Round : 23 | Client :4 | Local Epoch : 0 | [64/436 (17%)]	Loss1: 5.840684 Loss2: 0.000000 
| Global Round : 23 | Client :4 | Local Epoch : 1 | [64/436 (17%)]	Loss1: 5.840557 Loss2: 0.000000 
| Global Round : 23 | Client :4 | Local Epoch : 2 | [64/436 (17%)]	Loss1: 5.840230 Loss2: 0.000000 
| Global Round : 23 | Client :4 | Local Epoch : 3 | [64/436 (17%)]	Loss1: 5.839868 Loss2: 0.000000 
| Global Round : 23 | Client :4 | Local Epoch : 4 | [64/436 (17%)]	Loss1: 5.841167 Loss2: 0.000000 
| Global Round : 23 | Client :5 | Local Epoch : 0 | [64/627 (11%)]	Loss1: 5.841042 Loss2: 0.000000 
| Global Round : 23 | Client :5 | Local Epoch : 1 | [64/627 (11%)]	Loss1: 5.840103 Loss2: 0.000000 
| Global Round : 23 | Client :5 | Local Epoch : 2 | [64/627 (11%)]	Loss1: 5.840160 Loss2: 0.000000 
| Global Round : 23 | Client :5 | Local Epoch : 3 | [64/627 (11%)]	Loss1: 5.839659 Loss2: 0.000000 
| Global Round : 23 | Client :5 | Local Epoch : 4 | [64/627 (11%)]	Loss1: 5.840129 Loss2: 0.000000 
| Global Round : 23 | Client :6 | Local Epoch : 0 | [64/571 (12%)]	Loss1: 5.841533 Loss2: 0.000000 
| Global Round : 23 | Client :6 | Local Epoch : 1 | [64/571 (12%)]	Loss1: 5.841084 Loss2: 0.000000 
| Global Round : 23 | Client :6 | Local Epoch : 2 | [64/571 (12%)]	Loss1: 5.840860 Loss2: 0.000000 
| Global Round : 23 | Client :6 | Local Epoch : 3 | [64/571 (12%)]	Loss1: 5.841246 Loss2: 0.000000 
| Global Round : 23 | Client :6 | Local Epoch : 4 | [64/571 (12%)]	Loss1: 5.841274 Loss2: 0.000000 
| Global Round : 23 | Client :7 | Local Epoch : 0 | [64/665 (10%)]	Loss1: 5.842085 Loss2: 0.000000 
| Global Round : 23 | Client :7 | Local Epoch : 1 | [64/665 (10%)]	Loss1: 5.841226 Loss2: 0.000000 
| Global Round : 23 | Client :7 | Local Epoch : 2 | [64/665 (10%)]	Loss1: 5.840667 Loss2: 0.000000 
| Global Round : 23 | Client :7 | Local Epoch : 3 | [64/665 (10%)]	Loss1: 5.841348 Loss2: 0.000000 
| Global Round : 23 | Client :7 | Local Epoch : 4 | [64/665 (10%)]	Loss1: 5.842169 Loss2: 0.000000 
| Global Round : 23 | Client :8 | Local Epoch : 0 | [64/561 (12%)]	Loss1: 5.840038 Loss2: 0.000000 
| Global Round : 23 | Client :8 | Local Epoch : 1 | [64/561 (12%)]	Loss1: 5.841163 Loss2: 0.000000 
| Global Round : 23 | Client :8 | Local Epoch : 2 | [64/561 (12%)]	Loss1: 5.840382 Loss2: 0.000000 
| Global Round : 23 | Client :8 | Local Epoch : 3 | [64/561 (12%)]	Loss1: 5.841335 Loss2: 0.000000 
| Global Round : 23 | Client :8 | Local Epoch : 4 | [64/561 (12%)]	Loss1: 5.841228 Loss2: 0.000000 
| Global Round : 23 | Client :9 | Local Epoch : 0 | [64/811 (8%)]	Loss1: 5.840071 Loss2: 0.000000 
| Global Round : 23 | Client :9 | Local Epoch : 0 | [704/811 (92%)]	Loss1: 5.840657 Loss2: 0.000000 
| Global Round : 23 | Client :9 | Local Epoch : 1 | [64/811 (8%)]	Loss1: 5.839827 Loss2: 0.000000 
| Global Round : 23 | Client :9 | Local Epoch : 1 | [704/811 (92%)]	Loss1: 5.840898 Loss2: 0.000000 
| Global Round : 23 | Client :9 | Local Epoch : 2 | [64/811 (8%)]	Loss1: 5.840462 Loss2: 0.000000 
| Global Round : 23 | Client :9 | Local Epoch : 2 | [704/811 (92%)]	Loss1: 5.839993 Loss2: 0.000000 
| Global Round : 23 | Client :9 | Local Epoch : 3 | [64/811 (8%)]	Loss1: 5.841029 Loss2: 0.000000 
| Global Round : 23 | Client :9 | Local Epoch : 3 | [704/811 (92%)]	Loss1: 5.840017 Loss2: 0.000000 
| Global Round : 23 | Client :9 | Local Epoch : 4 | [64/811 (8%)]	Loss1: 5.841239 Loss2: 0.000000 
| Global Round : 23 | Client :9 | Local Epoch : 4 | [704/811 (92%)]	Loss1: 5.841184 Loss2: 0.000000 
average loss:   5.838993265515283
average local test accuracy: 0.8549479166666668
average global test accuracy:  0.5729166666666666

 | Global Training Round : 24 |

xi_k [0.49021717 0.48029561 0.51389064 0.50712618 0.46917236 0.48926062
 0.47763609 0.51268405 0.48612338 0.50436716]
max_exp: -1.0
coe: 10
Regulation [0.8 0.8 0.8 0.8 0.8 0.8 0.8 0.8 0.8 0.8]
Solver status: optimal_inaccurate
b_new: [1. 1. 1. 1. 1. 1. 1. 1. 1. 1.]
Iter 0: obj=48.9077, best_obj=48.9077, ||b_new-b_prev||₂=2.846050
xi_k [0.49021717 0.48029561 0.51389064 0.50712618 0.46917236 0.48926062
 0.47763609 0.51268405 0.48612338 0.50436716]
max_exp: -1.0
coe: 10
Regulation [-1. -1. -1. -1. -1. -1. -1. -1. -1. -1.]
Solver status: optimal_inaccurate
b_new: [1. 1. 1. 1. 1. 1. 1. 1. 1. 1.]
Iter 1: obj=49.8077, best_obj=49.8077, ||b_new-b_prev||₂=0.000000
Converged.
Final b: [1. 1. 1. 1. 1. 1. 1. 1. 1. 1.]
<class 'numpy.ndarray'>
b_float: [1. 1. 1. 1. 1. 1. 1. 1. 1. 1.]
b: [1 1 1 1 1 1 1 1 1 1]
active_clients:  [0, 1, 2, 3, 4, 5, 6, 7, 8, 9]
Client 0's s_k are:[0 0 0 0 0 0 0 0 0 0]
Client 1's s_k are:[0 0 0 0 0 0 0 0 0 0]
Client 2's s_k are:[0 0 0 0 0 0 0 0 0 0]
Client 3's s_k are:[0 0 0 0 0 0 0 0 0 0]
Client 4's s_k are:[0 0 0 0 0 0 0 0 0 0]
Client 5's s_k are:[0 0 0 0 0 0 0 0 0 0]
Client 6's s_k are:[0 0 0 0 0 0 0 0 0 0]
Client 7's s_k are:[0 0 0 0 0 0 0 0 0 0]
Client 8's s_k are:[0 0 0 0 0 0 0 0 0 0]
Client 9's s_k are:[0 0 0 0 0 0 0 0 0 0]
| Global Round : 24 | Client :0 | Local Epoch : 0 | [64/626 (11%)]	Loss1: 5.841470 Loss2: 0.000000 
| Global Round : 24 | Client :0 | Local Epoch : 1 | [64/626 (11%)]	Loss1: 5.841962 Loss2: 0.000000 
| Global Round : 24 | Client :0 | Local Epoch : 2 | [64/626 (11%)]	Loss1: 5.842266 Loss2: 0.000000 
| Global Round : 24 | Client :0 | Local Epoch : 3 | [64/626 (11%)]	Loss1: 5.840648 Loss2: 0.000000 
| Global Round : 24 | Client :0 | Local Epoch : 4 | [64/626 (11%)]	Loss1: 5.842097 Loss2: 0.000000 
| Global Round : 24 | Client :1 | Local Epoch : 0 | [64/497 (14%)]	Loss1: 5.842519 Loss2: 0.000000 
| Global Round : 24 | Client :1 | Local Epoch : 1 | [64/497 (14%)]	Loss1: 5.842300 Loss2: 0.000000 
| Global Round : 24 | Client :1 | Local Epoch : 2 | [64/497 (14%)]	Loss1: 5.841931 Loss2: 0.000000 
| Global Round : 24 | Client :1 | Local Epoch : 3 | [64/497 (14%)]	Loss1: 5.841827 Loss2: 0.000000 
| Global Round : 24 | Client :1 | Local Epoch : 4 | [64/497 (14%)]	Loss1: 5.842242 Loss2: 0.000000 
| Global Round : 24 | Client :2 | Local Epoch : 0 | [64/597 (11%)]	Loss1: 5.839672 Loss2: 0.000000 
| Global Round : 24 | Client :2 | Local Epoch : 1 | [64/597 (11%)]	Loss1: 5.840690 Loss2: 0.000000 
| Global Round : 24 | Client :2 | Local Epoch : 2 | [64/597 (11%)]	Loss1: 5.840716 Loss2: 0.000000 
| Global Round : 24 | Client :2 | Local Epoch : 3 | [64/597 (11%)]	Loss1: 5.840302 Loss2: 0.000000 
| Global Round : 24 | Client :2 | Local Epoch : 4 | [64/597 (11%)]	Loss1: 5.840997 Loss2: 0.000000 
| Global Round : 24 | Client :3 | Local Epoch : 0 | [64/605 (11%)]	Loss1: 5.841678 Loss2: 0.000000 
| Global Round : 24 | Client :3 | Local Epoch : 1 | [64/605 (11%)]	Loss1: 5.841911 Loss2: 0.000000 
| Global Round : 24 | Client :3 | Local Epoch : 2 | [64/605 (11%)]	Loss1: 5.841650 Loss2: 0.000000 
| Global Round : 24 | Client :3 | Local Epoch : 3 | [64/605 (11%)]	Loss1: 5.841496 Loss2: 0.000000 
| Global Round : 24 | Client :3 | Local Epoch : 4 | [64/605 (11%)]	Loss1: 5.841342 Loss2: 0.000000 
| Global Round : 24 | Client :4 | Local Epoch : 0 | [64/436 (17%)]	Loss1: 5.839520 Loss2: 0.000000 
| Global Round : 24 | Client :4 | Local Epoch : 1 | [64/436 (17%)]	Loss1: 5.841677 Loss2: 0.000000 
| Global Round : 24 | Client :4 | Local Epoch : 2 | [64/436 (17%)]	Loss1: 5.840450 Loss2: 0.000000 
| Global Round : 24 | Client :4 | Local Epoch : 3 | [64/436 (17%)]	Loss1: 5.841150 Loss2: 0.000000 
| Global Round : 24 | Client :4 | Local Epoch : 4 | [64/436 (17%)]	Loss1: 5.840288 Loss2: 0.000000 
| Global Round : 24 | Client :5 | Local Epoch : 0 | [64/627 (11%)]	Loss1: 5.840069 Loss2: 0.000000 
| Global Round : 24 | Client :5 | Local Epoch : 1 | [64/627 (11%)]	Loss1: 5.840411 Loss2: 0.000000 
| Global Round : 24 | Client :5 | Local Epoch : 2 | [64/627 (11%)]	Loss1: 5.840619 Loss2: 0.000000 
| Global Round : 24 | Client :5 | Local Epoch : 3 | [64/627 (11%)]	Loss1: 5.840127 Loss2: 0.000000 
| Global Round : 24 | Client :5 | Local Epoch : 4 | [64/627 (11%)]	Loss1: 5.840569 Loss2: 0.000000 
| Global Round : 24 | Client :6 | Local Epoch : 0 | [64/571 (12%)]	Loss1: 5.840364 Loss2: 0.000000 
| Global Round : 24 | Client :6 | Local Epoch : 1 | [64/571 (12%)]	Loss1: 5.841002 Loss2: 0.000000 
| Global Round : 24 | Client :6 | Local Epoch : 2 | [64/571 (12%)]	Loss1: 5.840773 Loss2: 0.000000 
| Global Round : 24 | Client :6 | Local Epoch : 3 | [64/571 (12%)]	Loss1: 5.840388 Loss2: 0.000000 
| Global Round : 24 | Client :6 | Local Epoch : 4 | [64/571 (12%)]	Loss1: 5.840454 Loss2: 0.000000 
| Global Round : 24 | Client :7 | Local Epoch : 0 | [64/665 (10%)]	Loss1: 5.841264 Loss2: 0.000000 
| Global Round : 24 | Client :7 | Local Epoch : 1 | [64/665 (10%)]	Loss1: 5.840518 Loss2: 0.000000 
| Global Round : 24 | Client :7 | Local Epoch : 2 | [64/665 (10%)]	Loss1: 5.841568 Loss2: 0.000000 
| Global Round : 24 | Client :7 | Local Epoch : 3 | [64/665 (10%)]	Loss1: 5.842457 Loss2: 0.000000 
| Global Round : 24 | Client :7 | Local Epoch : 4 | [64/665 (10%)]	Loss1: 5.840675 Loss2: 0.000000 
| Global Round : 24 | Client :8 | Local Epoch : 0 | [64/561 (12%)]	Loss1: 5.841040 Loss2: 0.000000 
| Global Round : 24 | Client :8 | Local Epoch : 1 | [64/561 (12%)]	Loss1: 5.841389 Loss2: 0.000000 
| Global Round : 24 | Client :8 | Local Epoch : 2 | [64/561 (12%)]	Loss1: 5.840478 Loss2: 0.000000 
| Global Round : 24 | Client :8 | Local Epoch : 3 | [64/561 (12%)]	Loss1: 5.841067 Loss2: 0.000000 
| Global Round : 24 | Client :8 | Local Epoch : 4 | [64/561 (12%)]	Loss1: 5.841322 Loss2: 0.000000 
| Global Round : 24 | Client :9 | Local Epoch : 0 | [64/811 (8%)]	Loss1: 5.839589 Loss2: 0.000000 
| Global Round : 24 | Client :9 | Local Epoch : 0 | [704/811 (92%)]	Loss1: 5.840184 Loss2: 0.000000 
| Global Round : 24 | Client :9 | Local Epoch : 1 | [64/811 (8%)]	Loss1: 5.840145 Loss2: 0.000000 
| Global Round : 24 | Client :9 | Local Epoch : 1 | [704/811 (92%)]	Loss1: 5.839893 Loss2: 0.000000 
| Global Round : 24 | Client :9 | Local Epoch : 2 | [64/811 (8%)]	Loss1: 5.839809 Loss2: 0.000000 
| Global Round : 24 | Client :9 | Local Epoch : 2 | [704/811 (92%)]	Loss1: 5.839899 Loss2: 0.000000 
| Global Round : 24 | Client :9 | Local Epoch : 3 | [64/811 (8%)]	Loss1: 5.840447 Loss2: 0.000000 
| Global Round : 24 | Client :9 | Local Epoch : 3 | [704/811 (92%)]	Loss1: 5.839466 Loss2: 0.000000 
| Global Round : 24 | Client :9 | Local Epoch : 4 | [64/811 (8%)]	Loss1: 5.841441 Loss2: 0.000000 
| Global Round : 24 | Client :9 | Local Epoch : 4 | [704/811 (92%)]	Loss1: 5.841145 Loss2: 0.000000 
average loss:   5.83894509667442
average local test accuracy: 0.8587239583333334
average global test accuracy:  0.576171875

 | Global Training Round : 25 |

xi_k [0.49017673 0.48029941 0.51388229 0.5071265  0.46919685 0.489259
 0.47758846 0.51265041 0.4861133  0.50435405]
max_exp: -1.0
coe: 10
Regulation [0.8 0.8 0.8 0.8 0.8 0.8 0.8 0.8 0.8 0.8]
Solver status: optimal_inaccurate
b_new: [1. 1. 1. 1. 1. 1. 1. 1. 1. 1.]
Iter 0: obj=48.9065, best_obj=48.9065, ||b_new-b_prev||₂=2.846050
xi_k [0.49017673 0.48029941 0.51388229 0.5071265  0.46919685 0.489259
 0.47758846 0.51265041 0.4861133  0.50435405]
max_exp: -1.0
coe: 10
Regulation [-1. -1. -1. -1. -1. -1. -1. -1. -1. -1.]
Solver status: optimal_inaccurate
b_new: [1. 1. 1. 1. 1. 1. 1. 1. 1. 1.]
Iter 1: obj=49.8065, best_obj=49.8065, ||b_new-b_prev||₂=0.000000
Converged.
Final b: [1. 1. 1. 1. 1. 1. 1. 1. 1. 1.]
<class 'numpy.ndarray'>
b_float: [1. 1. 1. 1. 1. 1. 1. 1. 1. 1.]
b: [1 1 1 1 1 1 1 1 1 1]
active_clients:  [0, 1, 2, 3, 4, 5, 6, 7, 8, 9]
Client 0's s_k are:[0 0 0 0 0 0 0 0 0 0]
Client 1's s_k are:[0 0 0 0 0 0 0 0 0 0]
Client 2's s_k are:[0 0 0 0 0 0 0 0 0 0]
Client 3's s_k are:[0 0 0 0 0 0 0 0 0 0]
Client 4's s_k are:[0 0 0 0 0 0 0 0 0 0]
Client 5's s_k are:[0 0 0 0 0 0 0 0 0 0]
Client 6's s_k are:[0 0 0 0 0 0 0 0 0 0]
Client 7's s_k are:[0 0 0 0 0 0 0 0 0 0]
Client 8's s_k are:[0 0 0 0 0 0 0 0 0 0]
Client 9's s_k are:[0 0 0 0 0 0 0 0 0 0]
| Global Round : 25 | Client :0 | Local Epoch : 0 | [64/626 (11%)]	Loss1: 5.841441 Loss2: 0.000000 
| Global Round : 25 | Client :0 | Local Epoch : 1 | [64/626 (11%)]	Loss1: 5.840907 Loss2: 0.000000 
| Global Round : 25 | Client :0 | Local Epoch : 2 | [64/626 (11%)]	Loss1: 5.841547 Loss2: 0.000000 
| Global Round : 25 | Client :0 | Local Epoch : 3 | [64/626 (11%)]	Loss1: 5.841417 Loss2: 0.000000 
| Global Round : 25 | Client :0 | Local Epoch : 4 | [64/626 (11%)]	Loss1: 5.841976 Loss2: 0.000000 
| Global Round : 25 | Client :1 | Local Epoch : 0 | [64/497 (14%)]	Loss1: 5.841585 Loss2: 0.000000 
| Global Round : 25 | Client :1 | Local Epoch : 1 | [64/497 (14%)]	Loss1: 5.842307 Loss2: 0.000000 
| Global Round : 25 | Client :1 | Local Epoch : 2 | [64/497 (14%)]	Loss1: 5.841299 Loss2: 0.000000 
| Global Round : 25 | Client :1 | Local Epoch : 3 | [64/497 (14%)]	Loss1: 5.841378 Loss2: 0.000000 
| Global Round : 25 | Client :1 | Local Epoch : 4 | [64/497 (14%)]	Loss1: 5.841928 Loss2: 0.000000 
| Global Round : 25 | Client :2 | Local Epoch : 0 | [64/597 (11%)]	Loss1: 5.840644 Loss2: 0.000000 
| Global Round : 25 | Client :2 | Local Epoch : 1 | [64/597 (11%)]	Loss1: 5.839903 Loss2: 0.000000 
| Global Round : 25 | Client :2 | Local Epoch : 2 | [64/597 (11%)]	Loss1: 5.840345 Loss2: 0.000000 
| Global Round : 25 | Client :2 | Local Epoch : 3 | [64/597 (11%)]	Loss1: 5.840836 Loss2: 0.000000 
| Global Round : 25 | Client :2 | Local Epoch : 4 | [64/597 (11%)]	Loss1: 5.840487 Loss2: 0.000000 
| Global Round : 25 | Client :3 | Local Epoch : 0 | [64/605 (11%)]	Loss1: 5.840327 Loss2: 0.000000 
| Global Round : 25 | Client :3 | Local Epoch : 1 | [64/605 (11%)]	Loss1: 5.840717 Loss2: 0.000000 
| Global Round : 25 | Client :3 | Local Epoch : 2 | [64/605 (11%)]	Loss1: 5.840176 Loss2: 0.000000 
| Global Round : 25 | Client :3 | Local Epoch : 3 | [64/605 (11%)]	Loss1: 5.841732 Loss2: 0.000000 
| Global Round : 25 | Client :3 | Local Epoch : 4 | [64/605 (11%)]	Loss1: 5.840543 Loss2: 0.000000 
| Global Round : 25 | Client :4 | Local Epoch : 0 | [64/436 (17%)]	Loss1: 5.841534 Loss2: 0.000000 
| Global Round : 25 | Client :4 | Local Epoch : 1 | [64/436 (17%)]	Loss1: 5.840055 Loss2: 0.000000 
| Global Round : 25 | Client :4 | Local Epoch : 2 | [64/436 (17%)]	Loss1: 5.839750 Loss2: 0.000000 
| Global Round : 25 | Client :4 | Local Epoch : 3 | [64/436 (17%)]	Loss1: 5.840915 Loss2: 0.000000 
| Global Round : 25 | Client :4 | Local Epoch : 4 | [64/436 (17%)]	Loss1: 5.840079 Loss2: 0.000000 
| Global Round : 25 | Client :5 | Local Epoch : 0 | [64/627 (11%)]	Loss1: 5.839440 Loss2: 0.000000 
| Global Round : 25 | Client :5 | Local Epoch : 1 | [64/627 (11%)]	Loss1: 5.840499 Loss2: 0.000000 
| Global Round : 25 | Client :5 | Local Epoch : 2 | [64/627 (11%)]	Loss1: 5.840387 Loss2: 0.000000 
| Global Round : 25 | Client :5 | Local Epoch : 3 | [64/627 (11%)]	Loss1: 5.840865 Loss2: 0.000000 
| Global Round : 25 | Client :5 | Local Epoch : 4 | [64/627 (11%)]	Loss1: 5.841266 Loss2: 0.000000 
| Global Round : 25 | Client :6 | Local Epoch : 0 | [64/571 (12%)]	Loss1: 5.840184 Loss2: 0.000000 
| Global Round : 25 | Client :6 | Local Epoch : 1 | [64/571 (12%)]	Loss1: 5.841381 Loss2: 0.000000 
| Global Round : 25 | Client :6 | Local Epoch : 2 | [64/571 (12%)]	Loss1: 5.841033 Loss2: 0.000000 
| Global Round : 25 | Client :6 | Local Epoch : 3 | [64/571 (12%)]	Loss1: 5.841675 Loss2: 0.000000 
| Global Round : 25 | Client :6 | Local Epoch : 4 | [64/571 (12%)]	Loss1: 5.839860 Loss2: 0.000000 
| Global Round : 25 | Client :7 | Local Epoch : 0 | [64/665 (10%)]	Loss1: 5.841345 Loss2: 0.000000 
| Global Round : 25 | Client :7 | Local Epoch : 1 | [64/665 (10%)]	Loss1: 5.840919 Loss2: 0.000000 
| Global Round : 25 | Client :7 | Local Epoch : 2 | [64/665 (10%)]	Loss1: 5.842686 Loss2: 0.000000 
| Global Round : 25 | Client :7 | Local Epoch : 3 | [64/665 (10%)]	Loss1: 5.841854 Loss2: 0.000000 
| Global Round : 25 | Client :7 | Local Epoch : 4 | [64/665 (10%)]	Loss1: 5.841062 Loss2: 0.000000 
| Global Round : 25 | Client :8 | Local Epoch : 0 | [64/561 (12%)]	Loss1: 5.840871 Loss2: 0.000000 
| Global Round : 25 | Client :8 | Local Epoch : 1 | [64/561 (12%)]	Loss1: 5.841182 Loss2: 0.000000 
| Global Round : 25 | Client :8 | Local Epoch : 2 | [64/561 (12%)]	Loss1: 5.841115 Loss2: 0.000000 
| Global Round : 25 | Client :8 | Local Epoch : 3 | [64/561 (12%)]	Loss1: 5.840198 Loss2: 0.000000 
| Global Round : 25 | Client :8 | Local Epoch : 4 | [64/561 (12%)]	Loss1: 5.841276 Loss2: 0.000000 
| Global Round : 25 | Client :9 | Local Epoch : 0 | [64/811 (8%)]	Loss1: 5.840259 Loss2: 0.000000 
| Global Round : 25 | Client :9 | Local Epoch : 0 | [704/811 (92%)]	Loss1: 5.840639 Loss2: 0.000000 
| Global Round : 25 | Client :9 | Local Epoch : 1 | [64/811 (8%)]	Loss1: 5.840618 Loss2: 0.000000 
| Global Round : 25 | Client :9 | Local Epoch : 1 | [704/811 (92%)]	Loss1: 5.841424 Loss2: 0.000000 
| Global Round : 25 | Client :9 | Local Epoch : 2 | [64/811 (8%)]	Loss1: 5.841243 Loss2: 0.000000 
| Global Round : 25 | Client :9 | Local Epoch : 2 | [704/811 (92%)]	Loss1: 5.839757 Loss2: 0.000000 
| Global Round : 25 | Client :9 | Local Epoch : 3 | [64/811 (8%)]	Loss1: 5.839676 Loss2: 0.000000 
| Global Round : 25 | Client :9 | Local Epoch : 3 | [704/811 (92%)]	Loss1: 5.839942 Loss2: 0.000000 
| Global Round : 25 | Client :9 | Local Epoch : 4 | [64/811 (8%)]	Loss1: 5.841098 Loss2: 0.000000 
| Global Round : 25 | Client :9 | Local Epoch : 4 | [704/811 (92%)]	Loss1: 5.841172 Loss2: 0.000000 
average loss:   5.83893156197336
average local test accuracy: 0.8618489583333332
average global test accuracy:  0.5765625000000001

 | Global Training Round : 26 |

xi_k [0.49020876 0.48030196 0.51387862 0.50707343 0.46915849 0.48927528
 0.47761196 0.51265836 0.4861255  0.50437423]
max_exp: -1.0
coe: 10
Regulation [0.8 0.8 0.8 0.8 0.8 0.8 0.8 0.8 0.8 0.8]
Solver status: optimal_inaccurate
b_new: [1. 1. 1. 1. 1. 1. 1. 1. 1. 1.]
Iter 0: obj=48.9067, best_obj=48.9067, ||b_new-b_prev||₂=2.846050
xi_k [0.49020876 0.48030196 0.51387862 0.50707343 0.46915849 0.48927528
 0.47761196 0.51265836 0.4861255  0.50437423]
max_exp: -1.0
coe: 10
Regulation [-1. -1. -1. -1. -1. -1. -1. -1. -1. -1.]
Solver status: optimal_inaccurate
b_new: [1. 1. 1. 1. 1. 1. 1. 1. 1. 1.]
Iter 1: obj=49.8067, best_obj=49.8067, ||b_new-b_prev||₂=0.000000
Converged.
Final b: [1. 1. 1. 1. 1. 1. 1. 1. 1. 1.]
<class 'numpy.ndarray'>
b_float: [1. 1. 1. 1. 1. 1. 1. 1. 1. 1.]
b: [1 1 1 1 1 1 1 1 1 1]
active_clients:  [0, 1, 2, 3, 4, 5, 6, 7, 8, 9]
Client 0's s_k are:[0 0 0 0 0 0 0 0 0 0]
Client 1's s_k are:[0 0 0 0 0 0 0 0 0 0]
Client 2's s_k are:[0 0 0 0 0 0 0 0 0 0]
Client 3's s_k are:[0 0 0 0 0 0 0 0 0 0]
Client 4's s_k are:[0 0 0 0 0 0 0 0 0 0]
Client 5's s_k are:[0 0 0 0 0 0 0 0 0 0]
Client 6's s_k are:[0 0 0 0 0 0 0 0 0 0]
Client 7's s_k are:[0 0 0 0 0 0 0 0 0 0]
Client 8's s_k are:[0 0 0 0 0 0 0 0 0 0]
Client 9's s_k are:[0 0 0 0 0 0 0 0 0 0]
| Global Round : 26 | Client :0 | Local Epoch : 0 | [64/626 (11%)]	Loss1: 5.843414 Loss2: 0.000000 
| Global Round : 26 | Client :0 | Local Epoch : 1 | [64/626 (11%)]	Loss1: 5.841259 Loss2: 0.000000 
| Global Round : 26 | Client :0 | Local Epoch : 2 | [64/626 (11%)]	Loss1: 5.841280 Loss2: 0.000000 
| Global Round : 26 | Client :0 | Local Epoch : 3 | [64/626 (11%)]	Loss1: 5.842417 Loss2: 0.000000 
| Global Round : 26 | Client :0 | Local Epoch : 4 | [64/626 (11%)]	Loss1: 5.842118 Loss2: 0.000000 
| Global Round : 26 | Client :1 | Local Epoch : 0 | [64/497 (14%)]	Loss1: 5.843887 Loss2: 0.000000 
| Global Round : 26 | Client :1 | Local Epoch : 1 | [64/497 (14%)]	Loss1: 5.842728 Loss2: 0.000000 
| Global Round : 26 | Client :1 | Local Epoch : 2 | [64/497 (14%)]	Loss1: 5.841297 Loss2: 0.000000 
| Global Round : 26 | Client :1 | Local Epoch : 3 | [64/497 (14%)]	Loss1: 5.842946 Loss2: 0.000000 
| Global Round : 26 | Client :1 | Local Epoch : 4 | [64/497 (14%)]	Loss1: 5.842891 Loss2: 0.000000 
| Global Round : 26 | Client :2 | Local Epoch : 0 | [64/597 (11%)]	Loss1: 5.839851 Loss2: 0.000000 
| Global Round : 26 | Client :2 | Local Epoch : 1 | [64/597 (11%)]	Loss1: 5.840650 Loss2: 0.000000 
| Global Round : 26 | Client :2 | Local Epoch : 2 | [64/597 (11%)]	Loss1: 5.840868 Loss2: 0.000000 
| Global Round : 26 | Client :2 | Local Epoch : 3 | [64/597 (11%)]	Loss1: 5.840684 Loss2: 0.000000 
| Global Round : 26 | Client :2 | Local Epoch : 4 | [64/597 (11%)]	Loss1: 5.841660 Loss2: 0.000000 
| Global Round : 26 | Client :3 | Local Epoch : 0 | [64/605 (11%)]	Loss1: 5.841711 Loss2: 0.000000 
| Global Round : 26 | Client :3 | Local Epoch : 1 | [64/605 (11%)]	Loss1: 5.840561 Loss2: 0.000000 
| Global Round : 26 | Client :3 | Local Epoch : 2 | [64/605 (11%)]	Loss1: 5.840425 Loss2: 0.000000 
| Global Round : 26 | Client :3 | Local Epoch : 3 | [64/605 (11%)]	Loss1: 5.841169 Loss2: 0.000000 
| Global Round : 26 | Client :3 | Local Epoch : 4 | [64/605 (11%)]	Loss1: 5.840105 Loss2: 0.000000 
| Global Round : 26 | Client :4 | Local Epoch : 0 | [64/436 (17%)]	Loss1: 5.840267 Loss2: 0.000000 
| Global Round : 26 | Client :4 | Local Epoch : 1 | [64/436 (17%)]	Loss1: 5.841623 Loss2: 0.000000 
| Global Round : 26 | Client :4 | Local Epoch : 2 | [64/436 (17%)]	Loss1: 5.841068 Loss2: 0.000000 
| Global Round : 26 | Client :4 | Local Epoch : 3 | [64/436 (17%)]	Loss1: 5.839998 Loss2: 0.000000 
| Global Round : 26 | Client :4 | Local Epoch : 4 | [64/436 (17%)]	Loss1: 5.841226 Loss2: 0.000000 
| Global Round : 26 | Client :5 | Local Epoch : 0 | [64/627 (11%)]	Loss1: 5.840505 Loss2: 0.000000 
| Global Round : 26 | Client :5 | Local Epoch : 1 | [64/627 (11%)]	Loss1: 5.840562 Loss2: 0.000000 
| Global Round : 26 | Client :5 | Local Epoch : 2 | [64/627 (11%)]	Loss1: 5.840692 Loss2: 0.000000 
| Global Round : 26 | Client :5 | Local Epoch : 3 | [64/627 (11%)]	Loss1: 5.839994 Loss2: 0.000000 
| Global Round : 26 | Client :5 | Local Epoch : 4 | [64/627 (11%)]	Loss1: 5.840164 Loss2: 0.000000 
| Global Round : 26 | Client :6 | Local Epoch : 0 | [64/571 (12%)]	Loss1: 5.840296 Loss2: 0.000000 
| Global Round : 26 | Client :6 | Local Epoch : 1 | [64/571 (12%)]	Loss1: 5.840491 Loss2: 0.000000 
| Global Round : 26 | Client :6 | Local Epoch : 2 | [64/571 (12%)]	Loss1: 5.839889 Loss2: 0.000000 
| Global Round : 26 | Client :6 | Local Epoch : 3 | [64/571 (12%)]	Loss1: 5.841595 Loss2: 0.000000 
| Global Round : 26 | Client :6 | Local Epoch : 4 | [64/571 (12%)]	Loss1: 5.839517 Loss2: 0.000000 
| Global Round : 26 | Client :7 | Local Epoch : 0 | [64/665 (10%)]	Loss1: 5.841211 Loss2: 0.000000 
| Global Round : 26 | Client :7 | Local Epoch : 1 | [64/665 (10%)]	Loss1: 5.841889 Loss2: 0.000000 
| Global Round : 26 | Client :7 | Local Epoch : 2 | [64/665 (10%)]	Loss1: 5.839879 Loss2: 0.000000 
| Global Round : 26 | Client :7 | Local Epoch : 3 | [64/665 (10%)]	Loss1: 5.840627 Loss2: 0.000000 
| Global Round : 26 | Client :7 | Local Epoch : 4 | [64/665 (10%)]	Loss1: 5.840044 Loss2: 0.000000 
| Global Round : 26 | Client :8 | Local Epoch : 0 | [64/561 (12%)]	Loss1: 5.841632 Loss2: 0.000000 
| Global Round : 26 | Client :8 | Local Epoch : 1 | [64/561 (12%)]	Loss1: 5.841613 Loss2: 0.000000 
| Global Round : 26 | Client :8 | Local Epoch : 2 | [64/561 (12%)]	Loss1: 5.840536 Loss2: 0.000000 
| Global Round : 26 | Client :8 | Local Epoch : 3 | [64/561 (12%)]	Loss1: 5.841077 Loss2: 0.000000 
| Global Round : 26 | Client :8 | Local Epoch : 4 | [64/561 (12%)]	Loss1: 5.841439 Loss2: 0.000000 
| Global Round : 26 | Client :9 | Local Epoch : 0 | [64/811 (8%)]	Loss1: 5.841652 Loss2: 0.000000 
| Global Round : 26 | Client :9 | Local Epoch : 0 | [704/811 (92%)]	Loss1: 5.840850 Loss2: 0.000000 
| Global Round : 26 | Client :9 | Local Epoch : 1 | [64/811 (8%)]	Loss1: 5.840796 Loss2: 0.000000 
| Global Round : 26 | Client :9 | Local Epoch : 1 | [704/811 (92%)]	Loss1: 5.840869 Loss2: 0.000000 
| Global Round : 26 | Client :9 | Local Epoch : 2 | [64/811 (8%)]	Loss1: 5.840516 Loss2: 0.000000 
| Global Round : 26 | Client :9 | Local Epoch : 2 | [704/811 (92%)]	Loss1: 5.839986 Loss2: 0.000000 
| Global Round : 26 | Client :9 | Local Epoch : 3 | [64/811 (8%)]	Loss1: 5.841273 Loss2: 0.000000 
| Global Round : 26 | Client :9 | Local Epoch : 3 | [704/811 (92%)]	Loss1: 5.839794 Loss2: 0.000000 
| Global Round : 26 | Client :9 | Local Epoch : 4 | [64/811 (8%)]	Loss1: 5.840078 Loss2: 0.000000 
| Global Round : 26 | Client :9 | Local Epoch : 4 | [704/811 (92%)]	Loss1: 5.840305 Loss2: 0.000000 
average loss:   5.838868473768234
average local test accuracy: 0.8569010416666668
average global test accuracy:  0.5796875000000001

 | Global Training Round : 27 |

xi_k [0.49015242 0.48022965 0.51387083 0.50708794 0.46915975 0.48926121
 0.4775742  0.51268348 0.486083   0.50435403]
max_exp: -1.0
coe: 10
Regulation [0.8 0.8 0.8 0.8 0.8 0.8 0.8 0.8 0.8 0.8]
Solver status: optimal_inaccurate
b_new: [1. 1. 1. 1. 1. 1. 1. 1. 1. 1.]
Iter 0: obj=48.9046, best_obj=48.9046, ||b_new-b_prev||₂=2.846050
xi_k [0.49015242 0.48022965 0.51387083 0.50708794 0.46915975 0.48926121
 0.4775742  0.51268348 0.486083   0.50435403]
max_exp: -1.0
coe: 10
Regulation [-1. -1. -1. -1. -1. -1. -1. -1. -1. -1.]
Solver status: optimal_inaccurate
b_new: [1. 1. 1. 1. 1. 1. 1. 1. 1. 1.]
Iter 1: obj=49.8046, best_obj=49.8046, ||b_new-b_prev||₂=0.000000
Converged.
Final b: [1. 1. 1. 1. 1. 1. 1. 1. 1. 1.]
<class 'numpy.ndarray'>
b_float: [1. 1. 1. 1. 1. 1. 1. 1. 1. 1.]
b: [1 1 1 1 1 1 1 1 1 1]
active_clients:  [0, 1, 2, 3, 4, 5, 6, 7, 8, 9]
Client 0's s_k are:[0 0 0 0 0 0 0 0 0 0]
Client 1's s_k are:[0 0 0 0 0 0 0 0 0 0]
Client 2's s_k are:[0 0 0 0 0 0 0 0 0 0]
Client 3's s_k are:[0 0 0 0 0 0 0 0 0 0]
Client 4's s_k are:[0 0 0 0 0 0 0 0 0 0]
Client 5's s_k are:[0 0 0 0 0 0 0 0 0 0]
Client 6's s_k are:[0 0 0 0 0 0 0 0 0 0]
Client 7's s_k are:[0 0 0 0 0 0 0 0 0 0]
Client 8's s_k are:[0 0 0 0 0 0 0 0 0 0]
Client 9's s_k are:[0 0 0 0 0 0 0 0 0 0]
| Global Round : 27 | Client :0 | Local Epoch : 0 | [64/626 (11%)]	Loss1: 5.840755 Loss2: 0.000000 
| Global Round : 27 | Client :0 | Local Epoch : 1 | [64/626 (11%)]	Loss1: 5.841503 Loss2: 0.000000 
| Global Round : 27 | Client :0 | Local Epoch : 2 | [64/626 (11%)]	Loss1: 5.841575 Loss2: 0.000000 
| Global Round : 27 | Client :0 | Local Epoch : 3 | [64/626 (11%)]	Loss1: 5.841468 Loss2: 0.000000 
| Global Round : 27 | Client :0 | Local Epoch : 4 | [64/626 (11%)]	Loss1: 5.840731 Loss2: 0.000000 
| Global Round : 27 | Client :1 | Local Epoch : 0 | [64/497 (14%)]	Loss1: 5.841907 Loss2: 0.000000 
| Global Round : 27 | Client :1 | Local Epoch : 1 | [64/497 (14%)]	Loss1: 5.840965 Loss2: 0.000000 
| Global Round : 27 | Client :1 | Local Epoch : 2 | [64/497 (14%)]	Loss1: 5.842022 Loss2: 0.000000 
| Global Round : 27 | Client :1 | Local Epoch : 3 | [64/497 (14%)]	Loss1: 5.842423 Loss2: 0.000000 
| Global Round : 27 | Client :1 | Local Epoch : 4 | [64/497 (14%)]	Loss1: 5.841174 Loss2: 0.000000 
| Global Round : 27 | Client :2 | Local Epoch : 0 | [64/597 (11%)]	Loss1: 5.840456 Loss2: 0.000000 
| Global Round : 27 | Client :2 | Local Epoch : 1 | [64/597 (11%)]	Loss1: 5.840192 Loss2: 0.000000 
| Global Round : 27 | Client :2 | Local Epoch : 2 | [64/597 (11%)]	Loss1: 5.840430 Loss2: 0.000000 
| Global Round : 27 | Client :2 | Local Epoch : 3 | [64/597 (11%)]	Loss1: 5.839942 Loss2: 0.000000 
| Global Round : 27 | Client :2 | Local Epoch : 4 | [64/597 (11%)]	Loss1: 5.840528 Loss2: 0.000000 
| Global Round : 27 | Client :3 | Local Epoch : 0 | [64/605 (11%)]	Loss1: 5.841144 Loss2: 0.000000 
| Global Round : 27 | Client :3 | Local Epoch : 1 | [64/605 (11%)]	Loss1: 5.840228 Loss2: 0.000000 
| Global Round : 27 | Client :3 | Local Epoch : 2 | [64/605 (11%)]	Loss1: 5.841452 Loss2: 0.000000 
| Global Round : 27 | Client :3 | Local Epoch : 3 | [64/605 (11%)]	Loss1: 5.841199 Loss2: 0.000000 
| Global Round : 27 | Client :3 | Local Epoch : 4 | [64/605 (11%)]	Loss1: 5.840866 Loss2: 0.000000 
| Global Round : 27 | Client :4 | Local Epoch : 0 | [64/436 (17%)]	Loss1: 5.840195 Loss2: 0.000000 
| Global Round : 27 | Client :4 | Local Epoch : 1 | [64/436 (17%)]	Loss1: 5.840926 Loss2: 0.000000 
| Global Round : 27 | Client :4 | Local Epoch : 2 | [64/436 (17%)]	Loss1: 5.839246 Loss2: 0.000000 
| Global Round : 27 | Client :4 | Local Epoch : 3 | [64/436 (17%)]	Loss1: 5.840718 Loss2: 0.000000 
| Global Round : 27 | Client :4 | Local Epoch : 4 | [64/436 (17%)]	Loss1: 5.840507 Loss2: 0.000000 
| Global Round : 27 | Client :5 | Local Epoch : 0 | [64/627 (11%)]	Loss1: 5.839976 Loss2: 0.000000 
| Global Round : 27 | Client :5 | Local Epoch : 1 | [64/627 (11%)]	Loss1: 5.840477 Loss2: 0.000000 
| Global Round : 27 | Client :5 | Local Epoch : 2 | [64/627 (11%)]	Loss1: 5.840502 Loss2: 0.000000 
| Global Round : 27 | Client :5 | Local Epoch : 3 | [64/627 (11%)]	Loss1: 5.840202 Loss2: 0.000000 
| Global Round : 27 | Client :5 | Local Epoch : 4 | [64/627 (11%)]	Loss1: 5.840835 Loss2: 0.000000 
| Global Round : 27 | Client :6 | Local Epoch : 0 | [64/571 (12%)]	Loss1: 5.839595 Loss2: 0.000000 
| Global Round : 27 | Client :6 | Local Epoch : 1 | [64/571 (12%)]	Loss1: 5.841631 Loss2: 0.000000 
| Global Round : 27 | Client :6 | Local Epoch : 2 | [64/571 (12%)]	Loss1: 5.841087 Loss2: 0.000000 
| Global Round : 27 | Client :6 | Local Epoch : 3 | [64/571 (12%)]	Loss1: 5.840014 Loss2: 0.000000 
| Global Round : 27 | Client :6 | Local Epoch : 4 | [64/571 (12%)]	Loss1: 5.842103 Loss2: 0.000000 
| Global Round : 27 | Client :7 | Local Epoch : 0 | [64/665 (10%)]	Loss1: 5.841081 Loss2: 0.000000 
| Global Round : 27 | Client :7 | Local Epoch : 1 | [64/665 (10%)]	Loss1: 5.840863 Loss2: 0.000000 
| Global Round : 27 | Client :7 | Local Epoch : 2 | [64/665 (10%)]	Loss1: 5.840554 Loss2: 0.000000 
| Global Round : 27 | Client :7 | Local Epoch : 3 | [64/665 (10%)]	Loss1: 5.840467 Loss2: 0.000000 
| Global Round : 27 | Client :7 | Local Epoch : 4 | [64/665 (10%)]	Loss1: 5.840302 Loss2: 0.000000 
| Global Round : 27 | Client :8 | Local Epoch : 0 | [64/561 (12%)]	Loss1: 5.839672 Loss2: 0.000000 
| Global Round : 27 | Client :8 | Local Epoch : 1 | [64/561 (12%)]	Loss1: 5.839962 Loss2: 0.000000 
| Global Round : 27 | Client :8 | Local Epoch : 2 | [64/561 (12%)]	Loss1: 5.840209 Loss2: 0.000000 
| Global Round : 27 | Client :8 | Local Epoch : 3 | [64/561 (12%)]	Loss1: 5.839822 Loss2: 0.000000 
| Global Round : 27 | Client :8 | Local Epoch : 4 | [64/561 (12%)]	Loss1: 5.840854 Loss2: 0.000000 
| Global Round : 27 | Client :9 | Local Epoch : 0 | [64/811 (8%)]	Loss1: 5.839482 Loss2: 0.000000 
| Global Round : 27 | Client :9 | Local Epoch : 0 | [704/811 (92%)]	Loss1: 5.840255 Loss2: 0.000000 
| Global Round : 27 | Client :9 | Local Epoch : 1 | [64/811 (8%)]	Loss1: 5.840728 Loss2: 0.000000 
| Global Round : 27 | Client :9 | Local Epoch : 1 | [704/811 (92%)]	Loss1: 5.840203 Loss2: 0.000000 
| Global Round : 27 | Client :9 | Local Epoch : 2 | [64/811 (8%)]	Loss1: 5.841161 Loss2: 0.000000 
| Global Round : 27 | Client :9 | Local Epoch : 2 | [704/811 (92%)]	Loss1: 5.840106 Loss2: 0.000000 
| Global Round : 27 | Client :9 | Local Epoch : 3 | [64/811 (8%)]	Loss1: 5.840584 Loss2: 0.000000 
| Global Round : 27 | Client :9 | Local Epoch : 3 | [704/811 (92%)]	Loss1: 5.840162 Loss2: 0.000000 
| Global Round : 27 | Client :9 | Local Epoch : 4 | [64/811 (8%)]	Loss1: 5.841480 Loss2: 0.000000 
| Global Round : 27 | Client :9 | Local Epoch : 4 | [704/811 (92%)]	Loss1: 5.840168 Loss2: 0.000000 
average loss:   5.838741543141623
average local test accuracy: 0.8602864583333332
average global test accuracy:  0.5566406249999999

 | Global Training Round : 28 |

xi_k [0.49013053 0.4802416  0.51385412 0.50707655 0.46916502 0.48923408
 0.47760716 0.51264795 0.48608073 0.5043601 ]
max_exp: -1.0
coe: 10
Regulation [0.8 0.8 0.8 0.8 0.8 0.8 0.8 0.8 0.8 0.8]
Solver status: optimal_inaccurate
b_new: [1. 1. 1. 1. 1. 1. 1. 1. 1. 1.]
Iter 0: obj=48.9040, best_obj=48.9040, ||b_new-b_prev||₂=2.846050
xi_k [0.49013053 0.4802416  0.51385412 0.50707655 0.46916502 0.48923408
 0.47760716 0.51264795 0.48608073 0.5043601 ]
max_exp: -1.0
coe: 10
Regulation [-1. -1. -1. -1. -1. -1. -1. -1. -1. -1.]
Solver status: optimal_inaccurate
b_new: [1. 1. 1. 1. 1. 1. 1. 1. 1. 1.]
Iter 1: obj=49.8040, best_obj=49.8040, ||b_new-b_prev||₂=0.000000
Converged.
Final b: [1. 1. 1. 1. 1. 1. 1. 1. 1. 1.]
<class 'numpy.ndarray'>
b_float: [1. 1. 1. 1. 1. 1. 1. 1. 1. 1.]
b: [1 1 1 1 1 1 1 1 1 1]
active_clients:  [0, 1, 2, 3, 4, 5, 6, 7, 8, 9]
Client 0's s_k are:[0 0 0 0 0 0 0 0 0 0]
Client 1's s_k are:[0 0 0 0 0 0 0 0 0 0]
Client 2's s_k are:[0 0 0 0 0 0 0 0 0 0]
Client 3's s_k are:[0 0 0 0 0 0 0 0 0 0]
Client 4's s_k are:[0 0 0 0 0 0 0 0 0 0]
Client 5's s_k are:[0 0 0 0 0 0 0 0 0 0]
Client 6's s_k are:[0 0 0 0 0 0 0 0 0 0]
Client 7's s_k are:[0 0 0 0 0 0 0 0 0 0]
Client 8's s_k are:[0 0 0 0 0 0 0 0 0 0]
Client 9's s_k are:[0 0 0 0 0 0 0 0 0 0]
| Global Round : 28 | Client :0 | Local Epoch : 0 | [64/626 (11%)]	Loss1: 5.841845 Loss2: 0.000000 
| Global Round : 28 | Client :0 | Local Epoch : 1 | [64/626 (11%)]	Loss1: 5.843328 Loss2: 0.000000 
| Global Round : 28 | Client :0 | Local Epoch : 2 | [64/626 (11%)]	Loss1: 5.841969 Loss2: 0.000000 
| Global Round : 28 | Client :0 | Local Epoch : 3 | [64/626 (11%)]	Loss1: 5.841405 Loss2: 0.000000 
| Global Round : 28 | Client :0 | Local Epoch : 4 | [64/626 (11%)]	Loss1: 5.842209 Loss2: 0.000000 
| Global Round : 28 | Client :1 | Local Epoch : 0 | [64/497 (14%)]	Loss1: 5.841665 Loss2: 0.000000 
| Global Round : 28 | Client :1 | Local Epoch : 1 | [64/497 (14%)]	Loss1: 5.841206 Loss2: 0.000000 
| Global Round : 28 | Client :1 | Local Epoch : 2 | [64/497 (14%)]	Loss1: 5.840696 Loss2: 0.000000 
| Global Round : 28 | Client :1 | Local Epoch : 3 | [64/497 (14%)]	Loss1: 5.841165 Loss2: 0.000000 
| Global Round : 28 | Client :1 | Local Epoch : 4 | [64/497 (14%)]	Loss1: 5.842566 Loss2: 0.000000 
| Global Round : 28 | Client :2 | Local Epoch : 0 | [64/597 (11%)]	Loss1: 5.839361 Loss2: 0.000000 
| Global Round : 28 | Client :2 | Local Epoch : 1 | [64/597 (11%)]	Loss1: 5.840316 Loss2: 0.000000 
| Global Round : 28 | Client :2 | Local Epoch : 2 | [64/597 (11%)]	Loss1: 5.840827 Loss2: 0.000000 
| Global Round : 28 | Client :2 | Local Epoch : 3 | [64/597 (11%)]	Loss1: 5.839312 Loss2: 0.000000 
| Global Round : 28 | Client :2 | Local Epoch : 4 | [64/597 (11%)]	Loss1: 5.839751 Loss2: 0.000000 
| Global Round : 28 | Client :3 | Local Epoch : 0 | [64/605 (11%)]	Loss1: 5.840977 Loss2: 0.000000 
| Global Round : 28 | Client :3 | Local Epoch : 1 | [64/605 (11%)]	Loss1: 5.840795 Loss2: 0.000000 
| Global Round : 28 | Client :3 | Local Epoch : 2 | [64/605 (11%)]	Loss1: 5.841063 Loss2: 0.000000 
| Global Round : 28 | Client :3 | Local Epoch : 3 | [64/605 (11%)]	Loss1: 5.841349 Loss2: 0.000000 
| Global Round : 28 | Client :3 | Local Epoch : 4 | [64/605 (11%)]	Loss1: 5.840166 Loss2: 0.000000 
| Global Round : 28 | Client :4 | Local Epoch : 0 | [64/436 (17%)]	Loss1: 5.839551 Loss2: 0.000000 
| Global Round : 28 | Client :4 | Local Epoch : 1 | [64/436 (17%)]	Loss1: 5.840215 Loss2: 0.000000 
| Global Round : 28 | Client :4 | Local Epoch : 2 | [64/436 (17%)]	Loss1: 5.842023 Loss2: 0.000000 
| Global Round : 28 | Client :4 | Local Epoch : 3 | [64/436 (17%)]	Loss1: 5.841006 Loss2: 0.000000 
| Global Round : 28 | Client :4 | Local Epoch : 4 | [64/436 (17%)]	Loss1: 5.839862 Loss2: 0.000000 
| Global Round : 28 | Client :5 | Local Epoch : 0 | [64/627 (11%)]	Loss1: 5.839499 Loss2: 0.000000 
| Global Round : 28 | Client :5 | Local Epoch : 1 | [64/627 (11%)]	Loss1: 5.840325 Loss2: 0.000000 
| Global Round : 28 | Client :5 | Local Epoch : 2 | [64/627 (11%)]	Loss1: 5.839804 Loss2: 0.000000 
| Global Round : 28 | Client :5 | Local Epoch : 3 | [64/627 (11%)]	Loss1: 5.840242 Loss2: 0.000000 
| Global Round : 28 | Client :5 | Local Epoch : 4 | [64/627 (11%)]	Loss1: 5.840223 Loss2: 0.000000 
| Global Round : 28 | Client :6 | Local Epoch : 0 | [64/571 (12%)]	Loss1: 5.840342 Loss2: 0.000000 
| Global Round : 28 | Client :6 | Local Epoch : 1 | [64/571 (12%)]	Loss1: 5.840599 Loss2: 0.000000 
| Global Round : 28 | Client :6 | Local Epoch : 2 | [64/571 (12%)]	Loss1: 5.840982 Loss2: 0.000000 
| Global Round : 28 | Client :6 | Local Epoch : 3 | [64/571 (12%)]	Loss1: 5.841129 Loss2: 0.000000 
| Global Round : 28 | Client :6 | Local Epoch : 4 | [64/571 (12%)]	Loss1: 5.839998 Loss2: 0.000000 
| Global Round : 28 | Client :7 | Local Epoch : 0 | [64/665 (10%)]	Loss1: 5.840122 Loss2: 0.000000 
| Global Round : 28 | Client :7 | Local Epoch : 1 | [64/665 (10%)]	Loss1: 5.840721 Loss2: 0.000000 
| Global Round : 28 | Client :7 | Local Epoch : 2 | [64/665 (10%)]	Loss1: 5.841546 Loss2: 0.000000 
| Global Round : 28 | Client :7 | Local Epoch : 3 | [64/665 (10%)]	Loss1: 5.841212 Loss2: 0.000000 
| Global Round : 28 | Client :7 | Local Epoch : 4 | [64/665 (10%)]	Loss1: 5.839475 Loss2: 0.000000 
| Global Round : 28 | Client :8 | Local Epoch : 0 | [64/561 (12%)]	Loss1: 5.840391 Loss2: 0.000000 
| Global Round : 28 | Client :8 | Local Epoch : 1 | [64/561 (12%)]	Loss1: 5.839940 Loss2: 0.000000 
| Global Round : 28 | Client :8 | Local Epoch : 2 | [64/561 (12%)]	Loss1: 5.840481 Loss2: 0.000000 
| Global Round : 28 | Client :8 | Local Epoch : 3 | [64/561 (12%)]	Loss1: 5.840360 Loss2: 0.000000 
| Global Round : 28 | Client :8 | Local Epoch : 4 | [64/561 (12%)]	Loss1: 5.840945 Loss2: 0.000000 
| Global Round : 28 | Client :9 | Local Epoch : 0 | [64/811 (8%)]	Loss1: 5.840056 Loss2: 0.000000 
| Global Round : 28 | Client :9 | Local Epoch : 0 | [704/811 (92%)]	Loss1: 5.841476 Loss2: 0.000000 
| Global Round : 28 | Client :9 | Local Epoch : 1 | [64/811 (8%)]	Loss1: 5.839590 Loss2: 0.000000 
| Global Round : 28 | Client :9 | Local Epoch : 1 | [704/811 (92%)]	Loss1: 5.840904 Loss2: 0.000000 
| Global Round : 28 | Client :9 | Local Epoch : 2 | [64/811 (8%)]	Loss1: 5.840023 Loss2: 0.000000 
| Global Round : 28 | Client :9 | Local Epoch : 2 | [704/811 (92%)]	Loss1: 5.840959 Loss2: 0.000000 
| Global Round : 28 | Client :9 | Local Epoch : 3 | [64/811 (8%)]	Loss1: 5.839795 Loss2: 0.000000 
| Global Round : 28 | Client :9 | Local Epoch : 3 | [704/811 (92%)]	Loss1: 5.839899 Loss2: 0.000000 
| Global Round : 28 | Client :9 | Local Epoch : 4 | [64/811 (8%)]	Loss1: 5.840051 Loss2: 0.000000 
| Global Round : 28 | Client :9 | Local Epoch : 4 | [704/811 (92%)]	Loss1: 5.840862 Loss2: 0.000000 
average loss:   5.838764567204884
average local test accuracy: 0.8694010416666668
average global test accuracy:  0.5690104166666666

 | Global Training Round : 29 |

xi_k [0.49016112 0.48023672 0.5138462  0.50707184 0.46918146 0.48923817
 0.47756524 0.51267089 0.48609039 0.50433028]
max_exp: -1.0
coe: 10
Regulation [0.8 0.8 0.8 0.8 0.8 0.8 0.8 0.8 0.8 0.8]
Solver status: optimal_inaccurate
b_new: [1. 1. 1. 1. 1. 1. 1. 1. 1. 1.]
Iter 0: obj=48.9039, best_obj=48.9039, ||b_new-b_prev||₂=2.846050
xi_k [0.49016112 0.48023672 0.5138462  0.50707184 0.46918146 0.48923817
 0.47756524 0.51267089 0.48609039 0.50433028]
max_exp: -1.0
coe: 10
Regulation [-1. -1. -1. -1. -1. -1. -1. -1. -1. -1.]
Solver status: optimal_inaccurate
b_new: [1. 1. 1. 1. 1. 1. 1. 1. 1. 1.]
Iter 1: obj=49.8039, best_obj=49.8039, ||b_new-b_prev||₂=0.000000
Converged.
Final b: [1. 1. 1. 1. 1. 1. 1. 1. 1. 1.]
<class 'numpy.ndarray'>
b_float: [1. 1. 1. 1. 1. 1. 1. 1. 1. 1.]
b: [1 1 1 1 1 1 1 1 1 1]
active_clients:  [0, 1, 2, 3, 4, 5, 6, 7, 8, 9]
Client 0's s_k are:[0 0 0 0 0 0 0 0 0 0]
Client 1's s_k are:[0 0 0 0 0 0 0 0 0 0]
Client 2's s_k are:[0 0 0 0 0 0 0 0 0 0]
Client 3's s_k are:[0 0 0 0 0 0 0 0 0 0]
Client 4's s_k are:[0 0 0 0 0 0 0 0 0 0]
Client 5's s_k are:[0 0 0 0 0 0 0 0 0 0]
Client 6's s_k are:[0 0 0 0 0 0 0 0 0 0]
Client 7's s_k are:[0 0 0 0 0 0 0 0 0 0]
Client 8's s_k are:[0 0 0 0 0 0 0 0 0 0]
Client 9's s_k are:[0 0 0 0 0 0 0 0 0 0]
| Global Round : 29 | Client :0 | Local Epoch : 0 | [64/626 (11%)]	Loss1: 5.841896 Loss2: 0.000000 
| Global Round : 29 | Client :0 | Local Epoch : 1 | [64/626 (11%)]	Loss1: 5.842496 Loss2: 0.000000 
| Global Round : 29 | Client :0 | Local Epoch : 2 | [64/626 (11%)]	Loss1: 5.840722 Loss2: 0.000000 
| Global Round : 29 | Client :0 | Local Epoch : 3 | [64/626 (11%)]	Loss1: 5.841157 Loss2: 0.000000 
| Global Round : 29 | Client :0 | Local Epoch : 4 | [64/626 (11%)]	Loss1: 5.840851 Loss2: 0.000000 
| Global Round : 29 | Client :1 | Local Epoch : 0 | [64/497 (14%)]	Loss1: 5.841761 Loss2: 0.000000 
| Global Round : 29 | Client :1 | Local Epoch : 1 | [64/497 (14%)]	Loss1: 5.841406 Loss2: 0.000000 
| Global Round : 29 | Client :1 | Local Epoch : 2 | [64/497 (14%)]	Loss1: 5.841194 Loss2: 0.000000 
| Global Round : 29 | Client :1 | Local Epoch : 3 | [64/497 (14%)]	Loss1: 5.841826 Loss2: 0.000000 
| Global Round : 29 | Client :1 | Local Epoch : 4 | [64/497 (14%)]	Loss1: 5.842979 Loss2: 0.000000 
| Global Round : 29 | Client :2 | Local Epoch : 0 | [64/597 (11%)]	Loss1: 5.839871 Loss2: 0.000000 
| Global Round : 29 | Client :2 | Local Epoch : 1 | [64/597 (11%)]	Loss1: 5.840511 Loss2: 0.000000 
| Global Round : 29 | Client :2 | Local Epoch : 2 | [64/597 (11%)]	Loss1: 5.840708 Loss2: 0.000000 
| Global Round : 29 | Client :2 | Local Epoch : 3 | [64/597 (11%)]	Loss1: 5.840472 Loss2: 0.000000 
| Global Round : 29 | Client :2 | Local Epoch : 4 | [64/597 (11%)]	Loss1: 5.839392 Loss2: 0.000000 
| Global Round : 29 | Client :3 | Local Epoch : 0 | [64/605 (11%)]	Loss1: 5.841198 Loss2: 0.000000 
| Global Round : 29 | Client :3 | Local Epoch : 1 | [64/605 (11%)]	Loss1: 5.841031 Loss2: 0.000000 
| Global Round : 29 | Client :3 | Local Epoch : 2 | [64/605 (11%)]	Loss1: 5.840760 Loss2: 0.000000 
| Global Round : 29 | Client :3 | Local Epoch : 3 | [64/605 (11%)]	Loss1: 5.840741 Loss2: 0.000000 
| Global Round : 29 | Client :3 | Local Epoch : 4 | [64/605 (11%)]	Loss1: 5.840897 Loss2: 0.000000 
| Global Round : 29 | Client :4 | Local Epoch : 0 | [64/436 (17%)]	Loss1: 5.840284 Loss2: 0.000000 
| Global Round : 29 | Client :4 | Local Epoch : 1 | [64/436 (17%)]	Loss1: 5.840869 Loss2: 0.000000 
| Global Round : 29 | Client :4 | Local Epoch : 2 | [64/436 (17%)]	Loss1: 5.840918 Loss2: 0.000000 
| Global Round : 29 | Client :4 | Local Epoch : 3 | [64/436 (17%)]	Loss1: 5.839733 Loss2: 0.000000 
| Global Round : 29 | Client :4 | Local Epoch : 4 | [64/436 (17%)]	Loss1: 5.839204 Loss2: 0.000000 
| Global Round : 29 | Client :5 | Local Epoch : 0 | [64/627 (11%)]	Loss1: 5.840853 Loss2: 0.000000 
| Global Round : 29 | Client :5 | Local Epoch : 1 | [64/627 (11%)]	Loss1: 5.840337 Loss2: 0.000000 
| Global Round : 29 | Client :5 | Local Epoch : 2 | [64/627 (11%)]	Loss1: 5.839599 Loss2: 0.000000 
| Global Round : 29 | Client :5 | Local Epoch : 3 | [64/627 (11%)]	Loss1: 5.840089 Loss2: 0.000000 
| Global Round : 29 | Client :5 | Local Epoch : 4 | [64/627 (11%)]	Loss1: 5.840129 Loss2: 0.000000 
| Global Round : 29 | Client :6 | Local Epoch : 0 | [64/571 (12%)]	Loss1: 5.840182 Loss2: 0.000000 
| Global Round : 29 | Client :6 | Local Epoch : 1 | [64/571 (12%)]	Loss1: 5.840663 Loss2: 0.000000 
| Global Round : 29 | Client :6 | Local Epoch : 2 | [64/571 (12%)]	Loss1: 5.839982 Loss2: 0.000000 
| Global Round : 29 | Client :6 | Local Epoch : 3 | [64/571 (12%)]	Loss1: 5.841127 Loss2: 0.000000 
| Global Round : 29 | Client :6 | Local Epoch : 4 | [64/571 (12%)]	Loss1: 5.840605 Loss2: 0.000000 
| Global Round : 29 | Client :7 | Local Epoch : 0 | [64/665 (10%)]	Loss1: 5.842552 Loss2: 0.000000 
| Global Round : 29 | Client :7 | Local Epoch : 1 | [64/665 (10%)]	Loss1: 5.841366 Loss2: 0.000000 
| Global Round : 29 | Client :7 | Local Epoch : 2 | [64/665 (10%)]	Loss1: 5.841018 Loss2: 0.000000 
| Global Round : 29 | Client :7 | Local Epoch : 3 | [64/665 (10%)]	Loss1: 5.841066 Loss2: 0.000000 
| Global Round : 29 | Client :7 | Local Epoch : 4 | [64/665 (10%)]	Loss1: 5.841289 Loss2: 0.000000 
| Global Round : 29 | Client :8 | Local Epoch : 0 | [64/561 (12%)]	Loss1: 5.840324 Loss2: 0.000000 
| Global Round : 29 | Client :8 | Local Epoch : 1 | [64/561 (12%)]	Loss1: 5.839673 Loss2: 0.000000 
| Global Round : 29 | Client :8 | Local Epoch : 2 | [64/561 (12%)]	Loss1: 5.841456 Loss2: 0.000000 
| Global Round : 29 | Client :8 | Local Epoch : 3 | [64/561 (12%)]	Loss1: 5.840410 Loss2: 0.000000 
| Global Round : 29 | Client :8 | Local Epoch : 4 | [64/561 (12%)]	Loss1: 5.841488 Loss2: 0.000000 
| Global Round : 29 | Client :9 | Local Epoch : 0 | [64/811 (8%)]	Loss1: 5.839911 Loss2: 0.000000 
| Global Round : 29 | Client :9 | Local Epoch : 0 | [704/811 (92%)]	Loss1: 5.840816 Loss2: 0.000000 
| Global Round : 29 | Client :9 | Local Epoch : 1 | [64/811 (8%)]	Loss1: 5.839487 Loss2: 0.000000 
| Global Round : 29 | Client :9 | Local Epoch : 1 | [704/811 (92%)]	Loss1: 5.841081 Loss2: 0.000000 
| Global Round : 29 | Client :9 | Local Epoch : 2 | [64/811 (8%)]	Loss1: 5.840578 Loss2: 0.000000 
| Global Round : 29 | Client :9 | Local Epoch : 2 | [704/811 (92%)]	Loss1: 5.840495 Loss2: 0.000000 
| Global Round : 29 | Client :9 | Local Epoch : 3 | [64/811 (8%)]	Loss1: 5.839471 Loss2: 0.000000 
| Global Round : 29 | Client :9 | Local Epoch : 3 | [704/811 (92%)]	Loss1: 5.841252 Loss2: 0.000000 
| Global Round : 29 | Client :9 | Local Epoch : 4 | [64/811 (8%)]	Loss1: 5.840071 Loss2: 0.000000 
| Global Round : 29 | Client :9 | Local Epoch : 4 | [704/811 (92%)]	Loss1: 5.840147 Loss2: 0.000000 
average loss:   5.838662158780627
average local test accuracy: 0.8638020833333332
average global test accuracy:  0.5494791666666667

 | Global Training Round : 30 |

xi_k [0.49012629 0.48022561 0.5138352  0.50703322 0.46916658 0.48923422
 0.47757264 0.51262635 0.48609892 0.50434469]
max_exp: -1.0
coe: 10
Regulation [0.8 0.8 0.8 0.8 0.8 0.8 0.8 0.8 0.8 0.8]
Solver status: optimal_inaccurate
b_new: [1. 1. 1. 1. 1. 1. 1. 1. 1. 1.]
Iter 0: obj=48.9026, best_obj=48.9026, ||b_new-b_prev||₂=2.846050
xi_k [0.49012629 0.48022561 0.5138352  0.50703322 0.46916658 0.48923422
 0.47757264 0.51262635 0.48609892 0.50434469]
max_exp: -1.0
coe: 10
Regulation [-1. -1. -1. -1. -1. -1. -1. -1. -1. -1.]
Solver status: optimal_inaccurate
b_new: [1. 1. 1. 1. 1. 1. 1. 1. 1. 1.]
Iter 1: obj=49.8026, best_obj=49.8026, ||b_new-b_prev||₂=0.000000
Converged.
Final b: [1. 1. 1. 1. 1. 1. 1. 1. 1. 1.]
<class 'numpy.ndarray'>
b_float: [1. 1. 1. 1. 1. 1. 1. 1. 1. 1.]
b: [1 1 1 1 1 1 1 1 1 1]
active_clients:  [0, 1, 2, 3, 4, 5, 6, 7, 8, 9]
Client 0's s_k are:[0 0 0 0 0 0 0 0 0 0]
Client 1's s_k are:[0 0 0 0 0 0 0 0 0 0]
Client 2's s_k are:[0 0 0 0 0 0 0 0 0 0]
Client 3's s_k are:[0 0 0 0 0 0 0 0 0 0]
Client 4's s_k are:[0 0 0 0 0 0 0 0 0 0]
Client 5's s_k are:[0 0 0 0 0 0 0 0 0 0]
Client 6's s_k are:[0 0 0 0 0 0 0 0 0 0]
Client 7's s_k are:[0 0 0 0 0 0 0 0 0 0]
Client 8's s_k are:[0 0 0 0 0 0 0 0 0 0]
Client 9's s_k are:[0 0 0 0 0 0 0 0 0 0]
| Global Round : 30 | Client :0 | Local Epoch : 0 | [64/626 (11%)]	Loss1: 5.841524 Loss2: 0.000000 
| Global Round : 30 | Client :0 | Local Epoch : 1 | [64/626 (11%)]	Loss1: 5.842945 Loss2: 0.000000 
| Global Round : 30 | Client :0 | Local Epoch : 2 | [64/626 (11%)]	Loss1: 5.841771 Loss2: 0.000000 
| Global Round : 30 | Client :0 | Local Epoch : 3 | [64/626 (11%)]	Loss1: 5.841348 Loss2: 0.000000 
| Global Round : 30 | Client :0 | Local Epoch : 4 | [64/626 (11%)]	Loss1: 5.842082 Loss2: 0.000000 
| Global Round : 30 | Client :1 | Local Epoch : 0 | [64/497 (14%)]	Loss1: 5.841748 Loss2: 0.000000 
| Global Round : 30 | Client :1 | Local Epoch : 1 | [64/497 (14%)]	Loss1: 5.841730 Loss2: 0.000000 
| Global Round : 30 | Client :1 | Local Epoch : 2 | [64/497 (14%)]	Loss1: 5.841445 Loss2: 0.000000 
| Global Round : 30 | Client :1 | Local Epoch : 3 | [64/497 (14%)]	Loss1: 5.841327 Loss2: 0.000000 
| Global Round : 30 | Client :1 | Local Epoch : 4 | [64/497 (14%)]	Loss1: 5.842650 Loss2: 0.000000 
| Global Round : 30 | Client :2 | Local Epoch : 0 | [64/597 (11%)]	Loss1: 5.839304 Loss2: 0.000000 
| Global Round : 30 | Client :2 | Local Epoch : 1 | [64/597 (11%)]	Loss1: 5.840227 Loss2: 0.000000 
| Global Round : 30 | Client :2 | Local Epoch : 2 | [64/597 (11%)]	Loss1: 5.839412 Loss2: 0.000000 
| Global Round : 30 | Client :2 | Local Epoch : 3 | [64/597 (11%)]	Loss1: 5.841445 Loss2: 0.000000 
| Global Round : 30 | Client :2 | Local Epoch : 4 | [64/597 (11%)]	Loss1: 5.839578 Loss2: 0.000000 
| Global Round : 30 | Client :3 | Local Epoch : 0 | [64/605 (11%)]	Loss1: 5.840735 Loss2: 0.000000 
| Global Round : 30 | Client :3 | Local Epoch : 1 | [64/605 (11%)]	Loss1: 5.840211 Loss2: 0.000000 
| Global Round : 30 | Client :3 | Local Epoch : 2 | [64/605 (11%)]	Loss1: 5.840600 Loss2: 0.000000 
| Global Round : 30 | Client :3 | Local Epoch : 3 | [64/605 (11%)]	Loss1: 5.840065 Loss2: 0.000000 
| Global Round : 30 | Client :3 | Local Epoch : 4 | [64/605 (11%)]	Loss1: 5.840454 Loss2: 0.000000 
| Global Round : 30 | Client :4 | Local Epoch : 0 | [64/436 (17%)]	Loss1: 5.840160 Loss2: 0.000000 
| Global Round : 30 | Client :4 | Local Epoch : 1 | [64/436 (17%)]	Loss1: 5.840714 Loss2: 0.000000 
| Global Round : 30 | Client :4 | Local Epoch : 2 | [64/436 (17%)]	Loss1: 5.841001 Loss2: 0.000000 
| Global Round : 30 | Client :4 | Local Epoch : 3 | [64/436 (17%)]	Loss1: 5.840848 Loss2: 0.000000 
| Global Round : 30 | Client :4 | Local Epoch : 4 | [64/436 (17%)]	Loss1: 5.839274 Loss2: 0.000000 
| Global Round : 30 | Client :5 | Local Epoch : 0 | [64/627 (11%)]	Loss1: 5.839753 Loss2: 0.000000 
| Global Round : 30 | Client :5 | Local Epoch : 1 | [64/627 (11%)]	Loss1: 5.839733 Loss2: 0.000000 
| Global Round : 30 | Client :5 | Local Epoch : 2 | [64/627 (11%)]	Loss1: 5.839666 Loss2: 0.000000 
| Global Round : 30 | Client :5 | Local Epoch : 3 | [64/627 (11%)]	Loss1: 5.840776 Loss2: 0.000000 
| Global Round : 30 | Client :5 | Local Epoch : 4 | [64/627 (11%)]	Loss1: 5.839362 Loss2: 0.000000 
| Global Round : 30 | Client :6 | Local Epoch : 0 | [64/571 (12%)]	Loss1: 5.841410 Loss2: 0.000000 
| Global Round : 30 | Client :6 | Local Epoch : 1 | [64/571 (12%)]	Loss1: 5.840620 Loss2: 0.000000 
| Global Round : 30 | Client :6 | Local Epoch : 2 | [64/571 (12%)]	Loss1: 5.840415 Loss2: 0.000000 
| Global Round : 30 | Client :6 | Local Epoch : 3 | [64/571 (12%)]	Loss1: 5.841691 Loss2: 0.000000 
| Global Round : 30 | Client :6 | Local Epoch : 4 | [64/571 (12%)]	Loss1: 5.839638 Loss2: 0.000000 
| Global Round : 30 | Client :7 | Local Epoch : 0 | [64/665 (10%)]	Loss1: 5.840725 Loss2: 0.000000 
| Global Round : 30 | Client :7 | Local Epoch : 1 | [64/665 (10%)]	Loss1: 5.841462 Loss2: 0.000000 
| Global Round : 30 | Client :7 | Local Epoch : 2 | [64/665 (10%)]	Loss1: 5.839737 Loss2: 0.000000 
| Global Round : 30 | Client :7 | Local Epoch : 3 | [64/665 (10%)]	Loss1: 5.841418 Loss2: 0.000000 
| Global Round : 30 | Client :7 | Local Epoch : 4 | [64/665 (10%)]	Loss1: 5.840646 Loss2: 0.000000 
| Global Round : 30 | Client :8 | Local Epoch : 0 | [64/561 (12%)]	Loss1: 5.840559 Loss2: 0.000000 
| Global Round : 30 | Client :8 | Local Epoch : 1 | [64/561 (12%)]	Loss1: 5.840927 Loss2: 0.000000 
| Global Round : 30 | Client :8 | Local Epoch : 2 | [64/561 (12%)]	Loss1: 5.840365 Loss2: 0.000000 
| Global Round : 30 | Client :8 | Local Epoch : 3 | [64/561 (12%)]	Loss1: 5.839822 Loss2: 0.000000 
| Global Round : 30 | Client :8 | Local Epoch : 4 | [64/561 (12%)]	Loss1: 5.839616 Loss2: 0.000000 
| Global Round : 30 | Client :9 | Local Epoch : 0 | [64/811 (8%)]	Loss1: 5.840103 Loss2: 0.000000 
| Global Round : 30 | Client :9 | Local Epoch : 0 | [704/811 (92%)]	Loss1: 5.840458 Loss2: 0.000000 
| Global Round : 30 | Client :9 | Local Epoch : 1 | [64/811 (8%)]	Loss1: 5.840518 Loss2: 0.000000 
| Global Round : 30 | Client :9 | Local Epoch : 1 | [704/811 (92%)]	Loss1: 5.840454 Loss2: 0.000000 
| Global Round : 30 | Client :9 | Local Epoch : 2 | [64/811 (8%)]	Loss1: 5.840137 Loss2: 0.000000 
| Global Round : 30 | Client :9 | Local Epoch : 2 | [704/811 (92%)]	Loss1: 5.840445 Loss2: 0.000000 
| Global Round : 30 | Client :9 | Local Epoch : 3 | [64/811 (8%)]	Loss1: 5.839762 Loss2: 0.000000 
| Global Round : 30 | Client :9 | Local Epoch : 3 | [704/811 (92%)]	Loss1: 5.839639 Loss2: 0.000000 
| Global Round : 30 | Client :9 | Local Epoch : 4 | [64/811 (8%)]	Loss1: 5.840889 Loss2: 0.000000 
| Global Round : 30 | Client :9 | Local Epoch : 4 | [704/811 (92%)]	Loss1: 5.840500 Loss2: 0.000000 
average loss:   5.838649127464446
average local test accuracy: 0.8622395833333332
average global test accuracy:  0.580078125

 | Global Training Round : 31 |

xi_k [0.49013987 0.48019192 0.51382363 0.50704384 0.46913857 0.48924038
 0.47755641 0.51266314 0.48606424 0.50433867]
max_exp: -1.0
coe: 10
Regulation [0.8 0.8 0.8 0.8 0.8 0.8 0.8 0.8 0.8 0.8]
Solver status: optimal_inaccurate
b_new: [1. 1. 1. 1. 1. 1. 1. 1. 1. 1.]
Iter 0: obj=48.9020, best_obj=48.9020, ||b_new-b_prev||₂=2.846050
xi_k [0.49013987 0.48019192 0.51382363 0.50704384 0.46913857 0.48924038
 0.47755641 0.51266314 0.48606424 0.50433867]
max_exp: -1.0
coe: 10
Regulation [-1. -1. -1. -1. -1. -1. -1. -1. -1. -1.]
Solver status: optimal_inaccurate
b_new: [1. 1. 1. 1. 1. 1. 1. 1. 1. 1.]
Iter 1: obj=49.8020, best_obj=49.8020, ||b_new-b_prev||₂=0.000000
Converged.
Final b: [1. 1. 1. 1. 1. 1. 1. 1. 1. 1.]
<class 'numpy.ndarray'>
b_float: [1. 1. 1. 1. 1. 1. 1. 1. 1. 1.]
b: [1 1 1 1 1 1 1 1 1 1]
active_clients:  [0, 1, 2, 3, 4, 5, 6, 7, 8, 9]
Client 0's s_k are:[0 0 0 0 0 0 0 0 0 0]
Client 1's s_k are:[0 0 0 0 0 0 0 0 0 0]
Client 2's s_k are:[0 0 0 0 0 0 0 0 0 0]
Client 3's s_k are:[0 0 0 0 0 0 0 0 0 0]
Client 4's s_k are:[0 0 0 0 0 0 0 0 0 0]
Client 5's s_k are:[0 0 0 0 0 0 0 0 0 0]
Client 6's s_k are:[0 0 0 0 0 0 0 0 0 0]
Client 7's s_k are:[0 0 0 0 0 0 0 0 0 0]
Client 8's s_k are:[0 0 0 0 0 0 0 0 0 0]
Client 9's s_k are:[0 0 0 0 0 0 0 0 0 0]
| Global Round : 31 | Client :0 | Local Epoch : 0 | [64/626 (11%)]	Loss1: 5.840755 Loss2: 0.000000 
| Global Round : 31 | Client :0 | Local Epoch : 1 | [64/626 (11%)]	Loss1: 5.841707 Loss2: 0.000000 
| Global Round : 31 | Client :0 | Local Epoch : 2 | [64/626 (11%)]	Loss1: 5.840823 Loss2: 0.000000 
| Global Round : 31 | Client :0 | Local Epoch : 3 | [64/626 (11%)]	Loss1: 5.841914 Loss2: 0.000000 
| Global Round : 31 | Client :0 | Local Epoch : 4 | [64/626 (11%)]	Loss1: 5.839807 Loss2: 0.000000 
| Global Round : 31 | Client :1 | Local Epoch : 0 | [64/497 (14%)]	Loss1: 5.840669 Loss2: 0.000000 
| Global Round : 31 | Client :1 | Local Epoch : 1 | [64/497 (14%)]	Loss1: 5.841305 Loss2: 0.000000 
| Global Round : 31 | Client :1 | Local Epoch : 2 | [64/497 (14%)]	Loss1: 5.840508 Loss2: 0.000000 
| Global Round : 31 | Client :1 | Local Epoch : 3 | [64/497 (14%)]	Loss1: 5.841197 Loss2: 0.000000 
| Global Round : 31 | Client :1 | Local Epoch : 4 | [64/497 (14%)]	Loss1: 5.842041 Loss2: 0.000000 
| Global Round : 31 | Client :2 | Local Epoch : 0 | [64/597 (11%)]	Loss1: 5.839602 Loss2: 0.000000 
| Global Round : 31 | Client :2 | Local Epoch : 1 | [64/597 (11%)]	Loss1: 5.839328 Loss2: 0.000000 
| Global Round : 31 | Client :2 | Local Epoch : 2 | [64/597 (11%)]	Loss1: 5.840059 Loss2: 0.000000 
| Global Round : 31 | Client :2 | Local Epoch : 3 | [64/597 (11%)]	Loss1: 5.839883 Loss2: 0.000000 
| Global Round : 31 | Client :2 | Local Epoch : 4 | [64/597 (11%)]	Loss1: 5.840515 Loss2: 0.000000 
| Global Round : 31 | Client :3 | Local Epoch : 0 | [64/605 (11%)]	Loss1: 5.841389 Loss2: 0.000000 
| Global Round : 31 | Client :3 | Local Epoch : 1 | [64/605 (11%)]	Loss1: 5.840686 Loss2: 0.000000 
| Global Round : 31 | Client :3 | Local Epoch : 2 | [64/605 (11%)]	Loss1: 5.839835 Loss2: 0.000000 
| Global Round : 31 | Client :3 | Local Epoch : 3 | [64/605 (11%)]	Loss1: 5.840235 Loss2: 0.000000 
| Global Round : 31 | Client :3 | Local Epoch : 4 | [64/605 (11%)]	Loss1: 5.840870 Loss2: 0.000000 
| Global Round : 31 | Client :4 | Local Epoch : 0 | [64/436 (17%)]	Loss1: 5.840033 Loss2: 0.000000 
| Global Round : 31 | Client :4 | Local Epoch : 1 | [64/436 (17%)]	Loss1: 5.840240 Loss2: 0.000000 
| Global Round : 31 | Client :4 | Local Epoch : 2 | [64/436 (17%)]	Loss1: 5.840424 Loss2: 0.000000 
| Global Round : 31 | Client :4 | Local Epoch : 3 | [64/436 (17%)]	Loss1: 5.840728 Loss2: 0.000000 
| Global Round : 31 | Client :4 | Local Epoch : 4 | [64/436 (17%)]	Loss1: 5.839843 Loss2: 0.000000 
| Global Round : 31 | Client :5 | Local Epoch : 0 | [64/627 (11%)]	Loss1: 5.839971 Loss2: 0.000000 
| Global Round : 31 | Client :5 | Local Epoch : 1 | [64/627 (11%)]	Loss1: 5.840070 Loss2: 0.000000 
| Global Round : 31 | Client :5 | Local Epoch : 2 | [64/627 (11%)]	Loss1: 5.840363 Loss2: 0.000000 
| Global Round : 31 | Client :5 | Local Epoch : 3 | [64/627 (11%)]	Loss1: 5.840747 Loss2: 0.000000 
| Global Round : 31 | Client :5 | Local Epoch : 4 | [64/627 (11%)]	Loss1: 5.840265 Loss2: 0.000000 
| Global Round : 31 | Client :6 | Local Epoch : 0 | [64/571 (12%)]	Loss1: 5.840791 Loss2: 0.000000 
| Global Round : 31 | Client :6 | Local Epoch : 1 | [64/571 (12%)]	Loss1: 5.840119 Loss2: 0.000000 
| Global Round : 31 | Client :6 | Local Epoch : 2 | [64/571 (12%)]	Loss1: 5.841242 Loss2: 0.000000 
| Global Round : 31 | Client :6 | Local Epoch : 3 | [64/571 (12%)]	Loss1: 5.841084 Loss2: 0.000000 
| Global Round : 31 | Client :6 | Local Epoch : 4 | [64/571 (12%)]	Loss1: 5.840744 Loss2: 0.000000 
| Global Round : 31 | Client :7 | Local Epoch : 0 | [64/665 (10%)]	Loss1: 5.839328 Loss2: 0.000000 
| Global Round : 31 | Client :7 | Local Epoch : 1 | [64/665 (10%)]	Loss1: 5.840789 Loss2: 0.000000 
| Global Round : 31 | Client :7 | Local Epoch : 2 | [64/665 (10%)]	Loss1: 5.841219 Loss2: 0.000000 
| Global Round : 31 | Client :7 | Local Epoch : 3 | [64/665 (10%)]	Loss1: 5.840737 Loss2: 0.000000 
| Global Round : 31 | Client :7 | Local Epoch : 4 | [64/665 (10%)]	Loss1: 5.841939 Loss2: 0.000000 
| Global Round : 31 | Client :8 | Local Epoch : 0 | [64/561 (12%)]	Loss1: 5.839235 Loss2: 0.000000 
| Global Round : 31 | Client :8 | Local Epoch : 1 | [64/561 (12%)]	Loss1: 5.841016 Loss2: 0.000000 
| Global Round : 31 | Client :8 | Local Epoch : 2 | [64/561 (12%)]	Loss1: 5.839924 Loss2: 0.000000 
| Global Round : 31 | Client :8 | Local Epoch : 3 | [64/561 (12%)]	Loss1: 5.840417 Loss2: 0.000000 
| Global Round : 31 | Client :8 | Local Epoch : 4 | [64/561 (12%)]	Loss1: 5.840003 Loss2: 0.000000 
| Global Round : 31 | Client :9 | Local Epoch : 0 | [64/811 (8%)]	Loss1: 5.839639 Loss2: 0.000000 
| Global Round : 31 | Client :9 | Local Epoch : 0 | [704/811 (92%)]	Loss1: 5.841226 Loss2: 0.000000 
| Global Round : 31 | Client :9 | Local Epoch : 1 | [64/811 (8%)]	Loss1: 5.840098 Loss2: 0.000000 
| Global Round : 31 | Client :9 | Local Epoch : 1 | [704/811 (92%)]	Loss1: 5.842285 Loss2: 0.000000 
| Global Round : 31 | Client :9 | Local Epoch : 2 | [64/811 (8%)]	Loss1: 5.840445 Loss2: 0.000000 
| Global Round : 31 | Client :9 | Local Epoch : 2 | [704/811 (92%)]	Loss1: 5.840190 Loss2: 0.000000 
| Global Round : 31 | Client :9 | Local Epoch : 3 | [64/811 (8%)]	Loss1: 5.839560 Loss2: 0.000000 
| Global Round : 31 | Client :9 | Local Epoch : 3 | [704/811 (92%)]	Loss1: 5.840479 Loss2: 0.000000 
| Global Round : 31 | Client :9 | Local Epoch : 4 | [64/811 (8%)]	Loss1: 5.840424 Loss2: 0.000000 
| Global Round : 31 | Client :9 | Local Epoch : 4 | [704/811 (92%)]	Loss1: 5.841045 Loss2: 0.000000 
average loss:   5.8386080934320175
average local test accuracy: 0.8592447916666668
average global test accuracy:  0.5391927083333333

 | Global Training Round : 32 |

xi_k [0.49012619 0.48018433 0.51383134 0.50702393 0.4691462  0.4891967
 0.4775511  0.51259051 0.48607191 0.50433201]
max_exp: -1.0
coe: 10
Regulation [0.8 0.8 0.8 0.8 0.8 0.8 0.8 0.8 0.8 0.8]
Solver status: optimal_inaccurate
b_new: [1. 1. 1. 1. 1. 1. 1. 1. 1. 1.]
Iter 0: obj=48.9005, best_obj=48.9005, ||b_new-b_prev||₂=2.846050
xi_k [0.49012619 0.48018433 0.51383134 0.50702393 0.4691462  0.4891967
 0.4775511  0.51259051 0.48607191 0.50433201]
max_exp: -1.0
coe: 10
Regulation [-1. -1. -1. -1. -1. -1. -1. -1. -1. -1.]
Solver status: optimal_inaccurate
b_new: [1. 1. 1. 1. 1. 1. 1. 1. 1. 1.]
Iter 1: obj=49.8005, best_obj=49.8005, ||b_new-b_prev||₂=0.000000
Converged.
Final b: [1. 1. 1. 1. 1. 1. 1. 1. 1. 1.]
<class 'numpy.ndarray'>
b_float: [1. 1. 1. 1. 1. 1. 1. 1. 1. 1.]
b: [1 1 1 1 1 1 1 1 1 1]
active_clients:  [0, 1, 2, 3, 4, 5, 6, 7, 8, 9]
Client 0's s_k are:[0 0 0 0 0 0 0 0 0 0]
Client 1's s_k are:[0 0 0 0 0 0 0 0 0 0]
Client 2's s_k are:[0 0 0 0 0 0 0 0 0 0]
Client 3's s_k are:[0 0 0 0 0 0 0 0 0 0]
Client 4's s_k are:[0 0 0 0 0 0 0 0 0 0]
Client 5's s_k are:[0 0 0 0 0 0 0 0 0 0]
Client 6's s_k are:[0 0 0 0 0 0 0 0 0 0]
Client 7's s_k are:[0 0 0 0 0 0 0 0 0 0]
Client 8's s_k are:[0 0 0 0 0 0 0 0 0 0]
Client 9's s_k are:[0 0 0 0 0 0 0 0 0 0]
| Global Round : 32 | Client :0 | Local Epoch : 0 | [64/626 (11%)]	Loss1: 5.841134 Loss2: 0.000000 
| Global Round : 32 | Client :0 | Local Epoch : 1 | [64/626 (11%)]	Loss1: 5.842485 Loss2: 0.000000 
| Global Round : 32 | Client :0 | Local Epoch : 2 | [64/626 (11%)]	Loss1: 5.840694 Loss2: 0.000000 
| Global Round : 32 | Client :0 | Local Epoch : 3 | [64/626 (11%)]	Loss1: 5.840670 Loss2: 0.000000 
| Global Round : 32 | Client :0 | Local Epoch : 4 | [64/626 (11%)]	Loss1: 5.841351 Loss2: 0.000000 
| Global Round : 32 | Client :1 | Local Epoch : 0 | [64/497 (14%)]	Loss1: 5.841130 Loss2: 0.000000 
| Global Round : 32 | Client :1 | Local Epoch : 1 | [64/497 (14%)]	Loss1: 5.841877 Loss2: 0.000000 
| Global Round : 32 | Client :1 | Local Epoch : 2 | [64/497 (14%)]	Loss1: 5.842336 Loss2: 0.000000 
| Global Round : 32 | Client :1 | Local Epoch : 3 | [64/497 (14%)]	Loss1: 5.842638 Loss2: 0.000000 
| Global Round : 32 | Client :1 | Local Epoch : 4 | [64/497 (14%)]	Loss1: 5.841413 Loss2: 0.000000 
| Global Round : 32 | Client :2 | Local Epoch : 0 | [64/597 (11%)]	Loss1: 5.839785 Loss2: 0.000000 
| Global Round : 32 | Client :2 | Local Epoch : 1 | [64/597 (11%)]	Loss1: 5.840185 Loss2: 0.000000 
| Global Round : 32 | Client :2 | Local Epoch : 2 | [64/597 (11%)]	Loss1: 5.840139 Loss2: 0.000000 
| Global Round : 32 | Client :2 | Local Epoch : 3 | [64/597 (11%)]	Loss1: 5.840627 Loss2: 0.000000 
| Global Round : 32 | Client :2 | Local Epoch : 4 | [64/597 (11%)]	Loss1: 5.840402 Loss2: 0.000000 
| Global Round : 32 | Client :3 | Local Epoch : 0 | [64/605 (11%)]	Loss1: 5.840500 Loss2: 0.000000 
| Global Round : 32 | Client :3 | Local Epoch : 1 | [64/605 (11%)]	Loss1: 5.841718 Loss2: 0.000000 
| Global Round : 32 | Client :3 | Local Epoch : 2 | [64/605 (11%)]	Loss1: 5.840632 Loss2: 0.000000 
| Global Round : 32 | Client :3 | Local Epoch : 3 | [64/605 (11%)]	Loss1: 5.840293 Loss2: 0.000000 
| Global Round : 32 | Client :3 | Local Epoch : 4 | [64/605 (11%)]	Loss1: 5.839922 Loss2: 0.000000 
| Global Round : 32 | Client :4 | Local Epoch : 0 | [64/436 (17%)]	Loss1: 5.840093 Loss2: 0.000000 
| Global Round : 32 | Client :4 | Local Epoch : 1 | [64/436 (17%)]	Loss1: 5.839875 Loss2: 0.000000 
| Global Round : 32 | Client :4 | Local Epoch : 2 | [64/436 (17%)]	Loss1: 5.840754 Loss2: 0.000000 
| Global Round : 32 | Client :4 | Local Epoch : 3 | [64/436 (17%)]	Loss1: 5.841088 Loss2: 0.000000 
| Global Round : 32 | Client :4 | Local Epoch : 4 | [64/436 (17%)]	Loss1: 5.840773 Loss2: 0.000000 
| Global Round : 32 | Client :5 | Local Epoch : 0 | [64/627 (11%)]	Loss1: 5.839889 Loss2: 0.000000 
| Global Round : 32 | Client :5 | Local Epoch : 1 | [64/627 (11%)]	Loss1: 5.840364 Loss2: 0.000000 
| Global Round : 32 | Client :5 | Local Epoch : 2 | [64/627 (11%)]	Loss1: 5.839931 Loss2: 0.000000 
| Global Round : 32 | Client :5 | Local Epoch : 3 | [64/627 (11%)]	Loss1: 5.840294 Loss2: 0.000000 
| Global Round : 32 | Client :5 | Local Epoch : 4 | [64/627 (11%)]	Loss1: 5.840234 Loss2: 0.000000 
| Global Round : 32 | Client :6 | Local Epoch : 0 | [64/571 (12%)]	Loss1: 5.840620 Loss2: 0.000000 
| Global Round : 32 | Client :6 | Local Epoch : 1 | [64/571 (12%)]	Loss1: 5.839663 Loss2: 0.000000 
| Global Round : 32 | Client :6 | Local Epoch : 2 | [64/571 (12%)]	Loss1: 5.840858 Loss2: 0.000000 
| Global Round : 32 | Client :6 | Local Epoch : 3 | [64/571 (12%)]	Loss1: 5.840364 Loss2: 0.000000 
| Global Round : 32 | Client :6 | Local Epoch : 4 | [64/571 (12%)]	Loss1: 5.841251 Loss2: 0.000000 
| Global Round : 32 | Client :7 | Local Epoch : 0 | [64/665 (10%)]	Loss1: 5.839900 Loss2: 0.000000 
| Global Round : 32 | Client :7 | Local Epoch : 1 | [64/665 (10%)]	Loss1: 5.840741 Loss2: 0.000000 
| Global Round : 32 | Client :7 | Local Epoch : 2 | [64/665 (10%)]	Loss1: 5.841053 Loss2: 0.000000 
| Global Round : 32 | Client :7 | Local Epoch : 3 | [64/665 (10%)]	Loss1: 5.840543 Loss2: 0.000000 
| Global Round : 32 | Client :7 | Local Epoch : 4 | [64/665 (10%)]	Loss1: 5.840214 Loss2: 0.000000 
| Global Round : 32 | Client :8 | Local Epoch : 0 | [64/561 (12%)]	Loss1: 5.841200 Loss2: 0.000000 
| Global Round : 32 | Client :8 | Local Epoch : 1 | [64/561 (12%)]	Loss1: 5.840070 Loss2: 0.000000 
| Global Round : 32 | Client :8 | Local Epoch : 2 | [64/561 (12%)]	Loss1: 5.840967 Loss2: 0.000000 
| Global Round : 32 | Client :8 | Local Epoch : 3 | [64/561 (12%)]	Loss1: 5.840465 Loss2: 0.000000 
| Global Round : 32 | Client :8 | Local Epoch : 4 | [64/561 (12%)]	Loss1: 5.840711 Loss2: 0.000000 
| Global Round : 32 | Client :9 | Local Epoch : 0 | [64/811 (8%)]	Loss1: 5.841049 Loss2: 0.000000 
| Global Round : 32 | Client :9 | Local Epoch : 0 | [704/811 (92%)]	Loss1: 5.841248 Loss2: 0.000000 
| Global Round : 32 | Client :9 | Local Epoch : 1 | [64/811 (8%)]	Loss1: 5.840573 Loss2: 0.000000 
| Global Round : 32 | Client :9 | Local Epoch : 1 | [704/811 (92%)]	Loss1: 5.840126 Loss2: 0.000000 
| Global Round : 32 | Client :9 | Local Epoch : 2 | [64/811 (8%)]	Loss1: 5.839677 Loss2: 0.000000 
| Global Round : 32 | Client :9 | Local Epoch : 2 | [704/811 (92%)]	Loss1: 5.840412 Loss2: 0.000000 
| Global Round : 32 | Client :9 | Local Epoch : 3 | [64/811 (8%)]	Loss1: 5.839267 Loss2: 0.000000 
| Global Round : 32 | Client :9 | Local Epoch : 3 | [704/811 (92%)]	Loss1: 5.839914 Loss2: 0.000000 
| Global Round : 32 | Client :9 | Local Epoch : 4 | [64/811 (8%)]	Loss1: 5.839786 Loss2: 0.000000 
| Global Round : 32 | Client :9 | Local Epoch : 4 | [704/811 (92%)]	Loss1: 5.839830 Loss2: 0.000000 
average loss:   5.838629888144751
average local test accuracy: 0.8536458333333332
average global test accuracy:  0.5856770833333333

 | Global Training Round : 33 |

xi_k [0.49013029 0.48017308 0.51382081 0.50702906 0.46914051 0.48921531
 0.4775632  0.51263629 0.48607187 0.5043053 ]
max_exp: -1.0
coe: 10
Regulation [0.8 0.8 0.8 0.8 0.8 0.8 0.8 0.8 0.8 0.8]
Solver status: optimal_inaccurate
b_new: [1. 1. 1. 1. 1. 1. 1. 1. 1. 1.]
Iter 0: obj=48.9009, best_obj=48.9009, ||b_new-b_prev||₂=2.846050
xi_k [0.49013029 0.48017308 0.51382081 0.50702906 0.46914051 0.48921531
 0.4775632  0.51263629 0.48607187 0.5043053 ]
max_exp: -1.0
coe: 10
Regulation [-1. -1. -1. -1. -1. -1. -1. -1. -1. -1.]
Solver status: optimal_inaccurate
b_new: [1. 1. 1. 1. 1. 1. 1. 1. 1. 1.]
Iter 1: obj=49.8009, best_obj=49.8009, ||b_new-b_prev||₂=0.000000
Converged.
Final b: [1. 1. 1. 1. 1. 1. 1. 1. 1. 1.]
<class 'numpy.ndarray'>
b_float: [1. 1. 1. 1. 1. 1. 1. 1. 1. 1.]
b: [1 1 1 1 1 1 1 1 1 1]
active_clients:  [0, 1, 2, 3, 4, 5, 6, 7, 8, 9]
Client 0's s_k are:[0 0 0 0 0 0 0 0 0 0]
Client 1's s_k are:[0 0 0 0 0 0 0 0 0 0]
Client 2's s_k are:[0 0 0 0 0 0 0 0 0 0]
Client 3's s_k are:[0 0 0 0 0 0 0 0 0 0]
Client 4's s_k are:[0 0 0 0 0 0 0 0 0 0]
Client 5's s_k are:[0 0 0 0 0 0 0 0 0 0]
Client 6's s_k are:[0 0 0 0 0 0 0 0 0 0]
Client 7's s_k are:[0 0 0 0 0 0 0 0 0 0]
Client 8's s_k are:[0 0 0 0 0 0 0 0 0 0]
Client 9's s_k are:[0 0 0 0 0 0 0 0 0 0]
| Global Round : 33 | Client :0 | Local Epoch : 0 | [64/626 (11%)]	Loss1: 5.840885 Loss2: 0.000000 
| Global Round : 33 | Client :0 | Local Epoch : 1 | [64/626 (11%)]	Loss1: 5.841043 Loss2: 0.000000 
| Global Round : 33 | Client :0 | Local Epoch : 2 | [64/626 (11%)]	Loss1: 5.840899 Loss2: 0.000000 
| Global Round : 33 | Client :0 | Local Epoch : 3 | [64/626 (11%)]	Loss1: 5.841106 Loss2: 0.000000 
| Global Round : 33 | Client :0 | Local Epoch : 4 | [64/626 (11%)]	Loss1: 5.841526 Loss2: 0.000000 
| Global Round : 33 | Client :1 | Local Epoch : 0 | [64/497 (14%)]	Loss1: 5.841018 Loss2: 0.000000 
| Global Round : 33 | Client :1 | Local Epoch : 1 | [64/497 (14%)]	Loss1: 5.840620 Loss2: 0.000000 
| Global Round : 33 | Client :1 | Local Epoch : 2 | [64/497 (14%)]	Loss1: 5.842003 Loss2: 0.000000 
| Global Round : 33 | Client :1 | Local Epoch : 3 | [64/497 (14%)]	Loss1: 5.840940 Loss2: 0.000000 
| Global Round : 33 | Client :1 | Local Epoch : 4 | [64/497 (14%)]	Loss1: 5.842557 Loss2: 0.000000 
| Global Round : 33 | Client :2 | Local Epoch : 0 | [64/597 (11%)]	Loss1: 5.839677 Loss2: 0.000000 
| Global Round : 33 | Client :2 | Local Epoch : 1 | [64/597 (11%)]	Loss1: 5.841024 Loss2: 0.000000 
| Global Round : 33 | Client :2 | Local Epoch : 2 | [64/597 (11%)]	Loss1: 5.840890 Loss2: 0.000000 
| Global Round : 33 | Client :2 | Local Epoch : 3 | [64/597 (11%)]	Loss1: 5.839208 Loss2: 0.000000 
| Global Round : 33 | Client :2 | Local Epoch : 4 | [64/597 (11%)]	Loss1: 5.839963 Loss2: 0.000000 
| Global Round : 33 | Client :3 | Local Epoch : 0 | [64/605 (11%)]	Loss1: 5.841064 Loss2: 0.000000 
| Global Round : 33 | Client :3 | Local Epoch : 1 | [64/605 (11%)]	Loss1: 5.840841 Loss2: 0.000000 
| Global Round : 33 | Client :3 | Local Epoch : 2 | [64/605 (11%)]	Loss1: 5.840152 Loss2: 0.000000 
| Global Round : 33 | Client :3 | Local Epoch : 3 | [64/605 (11%)]	Loss1: 5.841308 Loss2: 0.000000 
| Global Round : 33 | Client :3 | Local Epoch : 4 | [64/605 (11%)]	Loss1: 5.840386 Loss2: 0.000000 
| Global Round : 33 | Client :4 | Local Epoch : 0 | [64/436 (17%)]	Loss1: 5.839443 Loss2: 0.000000 
| Global Round : 33 | Client :4 | Local Epoch : 1 | [64/436 (17%)]	Loss1: 5.839840 Loss2: 0.000000 
| Global Round : 33 | Client :4 | Local Epoch : 2 | [64/436 (17%)]	Loss1: 5.839860 Loss2: 0.000000 
| Global Round : 33 | Client :4 | Local Epoch : 3 | [64/436 (17%)]	Loss1: 5.839705 Loss2: 0.000000 
| Global Round : 33 | Client :4 | Local Epoch : 4 | [64/436 (17%)]	Loss1: 5.840708 Loss2: 0.000000 
| Global Round : 33 | Client :5 | Local Epoch : 0 | [64/627 (11%)]	Loss1: 5.840508 Loss2: 0.000000 
| Global Round : 33 | Client :5 | Local Epoch : 1 | [64/627 (11%)]	Loss1: 5.839818 Loss2: 0.000000 
| Global Round : 33 | Client :5 | Local Epoch : 2 | [64/627 (11%)]	Loss1: 5.840141 Loss2: 0.000000 
| Global Round : 33 | Client :5 | Local Epoch : 3 | [64/627 (11%)]	Loss1: 5.840478 Loss2: 0.000000 
| Global Round : 33 | Client :5 | Local Epoch : 4 | [64/627 (11%)]	Loss1: 5.839974 Loss2: 0.000000 
| Global Round : 33 | Client :6 | Local Epoch : 0 | [64/571 (12%)]	Loss1: 5.841432 Loss2: 0.000000 
| Global Round : 33 | Client :6 | Local Epoch : 1 | [64/571 (12%)]	Loss1: 5.840501 Loss2: 0.000000 
| Global Round : 33 | Client :6 | Local Epoch : 2 | [64/571 (12%)]	Loss1: 5.839981 Loss2: 0.000000 
| Global Round : 33 | Client :6 | Local Epoch : 3 | [64/571 (12%)]	Loss1: 5.840765 Loss2: 0.000000 
| Global Round : 33 | Client :6 | Local Epoch : 4 | [64/571 (12%)]	Loss1: 5.839841 Loss2: 0.000000 
| Global Round : 33 | Client :7 | Local Epoch : 0 | [64/665 (10%)]	Loss1: 5.840681 Loss2: 0.000000 
| Global Round : 33 | Client :7 | Local Epoch : 1 | [64/665 (10%)]	Loss1: 5.841256 Loss2: 0.000000 
| Global Round : 33 | Client :7 | Local Epoch : 2 | [64/665 (10%)]	Loss1: 5.841136 Loss2: 0.000000 
| Global Round : 33 | Client :7 | Local Epoch : 3 | [64/665 (10%)]	Loss1: 5.840934 Loss2: 0.000000 
| Global Round : 33 | Client :7 | Local Epoch : 4 | [64/665 (10%)]	Loss1: 5.842416 Loss2: 0.000000 
| Global Round : 33 | Client :8 | Local Epoch : 0 | [64/561 (12%)]	Loss1: 5.840699 Loss2: 0.000000 
| Global Round : 33 | Client :8 | Local Epoch : 1 | [64/561 (12%)]	Loss1: 5.839771 Loss2: 0.000000 
| Global Round : 33 | Client :8 | Local Epoch : 2 | [64/561 (12%)]	Loss1: 5.840712 Loss2: 0.000000 
| Global Round : 33 | Client :8 | Local Epoch : 3 | [64/561 (12%)]	Loss1: 5.841408 Loss2: 0.000000 
| Global Round : 33 | Client :8 | Local Epoch : 4 | [64/561 (12%)]	Loss1: 5.840454 Loss2: 0.000000 
| Global Round : 33 | Client :9 | Local Epoch : 0 | [64/811 (8%)]	Loss1: 5.839805 Loss2: 0.000000 
| Global Round : 33 | Client :9 | Local Epoch : 0 | [704/811 (92%)]	Loss1: 5.839579 Loss2: 0.000000 
| Global Round : 33 | Client :9 | Local Epoch : 1 | [64/811 (8%)]	Loss1: 5.839442 Loss2: 0.000000 
| Global Round : 33 | Client :9 | Local Epoch : 1 | [704/811 (92%)]	Loss1: 5.839809 Loss2: 0.000000 
| Global Round : 33 | Client :9 | Local Epoch : 2 | [64/811 (8%)]	Loss1: 5.839567 Loss2: 0.000000 
| Global Round : 33 | Client :9 | Local Epoch : 2 | [704/811 (92%)]	Loss1: 5.839557 Loss2: 0.000000 
| Global Round : 33 | Client :9 | Local Epoch : 3 | [64/811 (8%)]	Loss1: 5.840502 Loss2: 0.000000 
| Global Round : 33 | Client :9 | Local Epoch : 3 | [704/811 (92%)]	Loss1: 5.839902 Loss2: 0.000000 
| Global Round : 33 | Client :9 | Local Epoch : 4 | [64/811 (8%)]	Loss1: 5.839530 Loss2: 0.000000 
| Global Round : 33 | Client :9 | Local Epoch : 4 | [704/811 (92%)]	Loss1: 5.839778 Loss2: 0.000000 
average loss:   5.838521086223542
average local test accuracy: 0.8524739583333334
average global test accuracy:  0.5800781249999999

 | Global Training Round : 34 |

xi_k [0.49010767 0.48016791 0.51382074 0.50704711 0.46913042 0.48919818
 0.47755021 0.51262189 0.48603821 0.50432815]
max_exp: -1.0
coe: 10
Regulation [0.8 0.8 0.8 0.8 0.8 0.8 0.8 0.8 0.8 0.8]
Solver status: optimal_inaccurate
b_new: [1. 1. 1. 1. 1. 1. 1. 1. 1. 1.]
Iter 0: obj=48.9001, best_obj=48.9001, ||b_new-b_prev||₂=2.846050
xi_k [0.49010767 0.48016791 0.51382074 0.50704711 0.46913042 0.48919818
 0.47755021 0.51262189 0.48603821 0.50432815]
max_exp: -1.0
coe: 10
Regulation [-1. -1. -1. -1. -1. -1. -1. -1. -1. -1.]
Solver status: optimal_inaccurate
b_new: [1. 1. 1. 1. 1. 1. 1. 1. 1. 1.]
Iter 1: obj=49.8001, best_obj=49.8001, ||b_new-b_prev||₂=0.000000
Converged.
Final b: [1. 1. 1. 1. 1. 1. 1. 1. 1. 1.]
<class 'numpy.ndarray'>
b_float: [1. 1. 1. 1. 1. 1. 1. 1. 1. 1.]
b: [1 1 1 1 1 1 1 1 1 1]
active_clients:  [0, 1, 2, 3, 4, 5, 6, 7, 8, 9]
Client 0's s_k are:[0 0 0 0 0 0 0 0 0 0]
Client 1's s_k are:[0 0 0 0 0 0 0 0 0 0]
Client 2's s_k are:[0 0 0 0 0 0 0 0 0 0]
Client 3's s_k are:[0 0 0 0 0 0 0 0 0 0]
Client 4's s_k are:[0 0 0 0 0 0 0 0 0 0]
Client 5's s_k are:[0 0 0 0 0 0 0 0 0 0]
Client 6's s_k are:[0 0 0 0 0 0 0 0 0 0]
Client 7's s_k are:[0 0 0 0 0 0 0 0 0 0]
Client 8's s_k are:[0 0 0 0 0 0 0 0 0 0]
Client 9's s_k are:[0 0 0 0 0 0 0 0 0 0]
| Global Round : 34 | Client :0 | Local Epoch : 0 | [64/626 (11%)]	Loss1: 5.841710 Loss2: 0.000000 
| Global Round : 34 | Client :0 | Local Epoch : 1 | [64/626 (11%)]	Loss1: 5.841676 Loss2: 0.000000 
| Global Round : 34 | Client :0 | Local Epoch : 2 | [64/626 (11%)]	Loss1: 5.842620 Loss2: 0.000000 
| Global Round : 34 | Client :0 | Local Epoch : 3 | [64/626 (11%)]	Loss1: 5.840962 Loss2: 0.000000 
| Global Round : 34 | Client :0 | Local Epoch : 4 | [64/626 (11%)]	Loss1: 5.841339 Loss2: 0.000000 
| Global Round : 34 | Client :1 | Local Epoch : 0 | [64/497 (14%)]	Loss1: 5.841301 Loss2: 0.000000 
| Global Round : 34 | Client :1 | Local Epoch : 1 | [64/497 (14%)]	Loss1: 5.841959 Loss2: 0.000000 
| Global Round : 34 | Client :1 | Local Epoch : 2 | [64/497 (14%)]	Loss1: 5.841649 Loss2: 0.000000 
| Global Round : 34 | Client :1 | Local Epoch : 3 | [64/497 (14%)]	Loss1: 5.841774 Loss2: 0.000000 
| Global Round : 34 | Client :1 | Local Epoch : 4 | [64/497 (14%)]	Loss1: 5.840410 Loss2: 0.000000 
| Global Round : 34 | Client :2 | Local Epoch : 0 | [64/597 (11%)]	Loss1: 5.839624 Loss2: 0.000000 
| Global Round : 34 | Client :2 | Local Epoch : 1 | [64/597 (11%)]	Loss1: 5.840341 Loss2: 0.000000 
| Global Round : 34 | Client :2 | Local Epoch : 2 | [64/597 (11%)]	Loss1: 5.839807 Loss2: 0.000000 
| Global Round : 34 | Client :2 | Local Epoch : 3 | [64/597 (11%)]	Loss1: 5.839501 Loss2: 0.000000 
| Global Round : 34 | Client :2 | Local Epoch : 4 | [64/597 (11%)]	Loss1: 5.840425 Loss2: 0.000000 
| Global Round : 34 | Client :3 | Local Epoch : 0 | [64/605 (11%)]	Loss1: 5.841135 Loss2: 0.000000 
| Global Round : 34 | Client :3 | Local Epoch : 1 | [64/605 (11%)]	Loss1: 5.841150 Loss2: 0.000000 
| Global Round : 34 | Client :3 | Local Epoch : 2 | [64/605 (11%)]	Loss1: 5.840413 Loss2: 0.000000 
| Global Round : 34 | Client :3 | Local Epoch : 3 | [64/605 (11%)]	Loss1: 5.840229 Loss2: 0.000000 
| Global Round : 34 | Client :3 | Local Epoch : 4 | [64/605 (11%)]	Loss1: 5.839895 Loss2: 0.000000 
| Global Round : 34 | Client :4 | Local Epoch : 0 | [64/436 (17%)]	Loss1: 5.841321 Loss2: 0.000000 
| Global Round : 34 | Client :4 | Local Epoch : 1 | [64/436 (17%)]	Loss1: 5.841167 Loss2: 0.000000 
| Global Round : 34 | Client :4 | Local Epoch : 2 | [64/436 (17%)]	Loss1: 5.840168 Loss2: 0.000000 
| Global Round : 34 | Client :4 | Local Epoch : 3 | [64/436 (17%)]	Loss1: 5.840412 Loss2: 0.000000 
| Global Round : 34 | Client :4 | Local Epoch : 4 | [64/436 (17%)]	Loss1: 5.839271 Loss2: 0.000000 
| Global Round : 34 | Client :5 | Local Epoch : 0 | [64/627 (11%)]	Loss1: 5.839902 Loss2: 0.000000 
| Global Round : 34 | Client :5 | Local Epoch : 1 | [64/627 (11%)]	Loss1: 5.840135 Loss2: 0.000000 
| Global Round : 34 | Client :5 | Local Epoch : 2 | [64/627 (11%)]	Loss1: 5.839710 Loss2: 0.000000 
| Global Round : 34 | Client :5 | Local Epoch : 3 | [64/627 (11%)]	Loss1: 5.839478 Loss2: 0.000000 
| Global Round : 34 | Client :5 | Local Epoch : 4 | [64/627 (11%)]	Loss1: 5.839665 Loss2: 0.000000 
| Global Round : 34 | Client :6 | Local Epoch : 0 | [64/571 (12%)]	Loss1: 5.840724 Loss2: 0.000000 
| Global Round : 34 | Client :6 | Local Epoch : 1 | [64/571 (12%)]	Loss1: 5.841335 Loss2: 0.000000 
| Global Round : 34 | Client :6 | Local Epoch : 2 | [64/571 (12%)]	Loss1: 5.840619 Loss2: 0.000000 
| Global Round : 34 | Client :6 | Local Epoch : 3 | [64/571 (12%)]	Loss1: 5.839503 Loss2: 0.000000 
| Global Round : 34 | Client :6 | Local Epoch : 4 | [64/571 (12%)]	Loss1: 5.840458 Loss2: 0.000000 
| Global Round : 34 | Client :7 | Local Epoch : 0 | [64/665 (10%)]	Loss1: 5.840543 Loss2: 0.000000 
| Global Round : 34 | Client :7 | Local Epoch : 1 | [64/665 (10%)]	Loss1: 5.841733 Loss2: 0.000000 
| Global Round : 34 | Client :7 | Local Epoch : 2 | [64/665 (10%)]	Loss1: 5.842346 Loss2: 0.000000 
| Global Round : 34 | Client :7 | Local Epoch : 3 | [64/665 (10%)]	Loss1: 5.839912 Loss2: 0.000000 
| Global Round : 34 | Client :7 | Local Epoch : 4 | [64/665 (10%)]	Loss1: 5.841047 Loss2: 0.000000 
| Global Round : 34 | Client :8 | Local Epoch : 0 | [64/561 (12%)]	Loss1: 5.840627 Loss2: 0.000000 
| Global Round : 34 | Client :8 | Local Epoch : 1 | [64/561 (12%)]	Loss1: 5.840694 Loss2: 0.000000 
| Global Round : 34 | Client :8 | Local Epoch : 2 | [64/561 (12%)]	Loss1: 5.839520 Loss2: 0.000000 
| Global Round : 34 | Client :8 | Local Epoch : 3 | [64/561 (12%)]	Loss1: 5.840932 Loss2: 0.000000 
| Global Round : 34 | Client :8 | Local Epoch : 4 | [64/561 (12%)]	Loss1: 5.839842 Loss2: 0.000000 
| Global Round : 34 | Client :9 | Local Epoch : 0 | [64/811 (8%)]	Loss1: 5.840493 Loss2: 0.000000 
| Global Round : 34 | Client :9 | Local Epoch : 0 | [704/811 (92%)]	Loss1: 5.840490 Loss2: 0.000000 
| Global Round : 34 | Client :9 | Local Epoch : 1 | [64/811 (8%)]	Loss1: 5.839923 Loss2: 0.000000 
| Global Round : 34 | Client :9 | Local Epoch : 1 | [704/811 (92%)]	Loss1: 5.840219 Loss2: 0.000000 
| Global Round : 34 | Client :9 | Local Epoch : 2 | [64/811 (8%)]	Loss1: 5.840747 Loss2: 0.000000 
| Global Round : 34 | Client :9 | Local Epoch : 2 | [704/811 (92%)]	Loss1: 5.839185 Loss2: 0.000000 
| Global Round : 34 | Client :9 | Local Epoch : 3 | [64/811 (8%)]	Loss1: 5.840988 Loss2: 0.000000 
| Global Round : 34 | Client :9 | Local Epoch : 3 | [704/811 (92%)]	Loss1: 5.839525 Loss2: 0.000000 
| Global Round : 34 | Client :9 | Local Epoch : 4 | [64/811 (8%)]	Loss1: 5.839517 Loss2: 0.000000 
| Global Round : 34 | Client :9 | Local Epoch : 4 | [704/811 (92%)]	Loss1: 5.839327 Loss2: 0.000000 
average loss:   5.8385018376320135
average local test accuracy: 0.8516927083333332
average global test accuracy:  0.5967447916666667

 | Global Training Round : 35 |

xi_k [0.49007937 0.48016537 0.51381735 0.50701901 0.46915841 0.48920017
 0.47758844 0.51260543 0.48603577 0.50433893]
max_exp: -1.0
coe: 10
Regulation [0.8 0.8 0.8 0.8 0.8 0.8 0.8 0.8 0.8 0.8]
Solver status: optimal_inaccurate
b_new: [1. 1. 1. 1. 1. 1. 1. 1. 1. 1.]
Iter 0: obj=48.9001, best_obj=48.9001, ||b_new-b_prev||₂=2.846050
xi_k [0.49007937 0.48016537 0.51381735 0.50701901 0.46915841 0.48920017
 0.47758844 0.51260543 0.48603577 0.50433893]
max_exp: -1.0
coe: 10
Regulation [-1. -1. -1. -1. -1. -1. -1. -1. -1. -1.]
Solver status: optimal_inaccurate
b_new: [1. 1. 1. 1. 1. 1. 1. 1. 1. 1.]
Iter 1: obj=49.8001, best_obj=49.8001, ||b_new-b_prev||₂=0.000000
Converged.
Final b: [1. 1. 1. 1. 1. 1. 1. 1. 1. 1.]
<class 'numpy.ndarray'>
b_float: [1. 1. 1. 1. 1. 1. 1. 1. 1. 1.]
b: [1 1 1 1 1 1 1 1 1 1]
active_clients:  [0, 1, 2, 3, 4, 5, 6, 7, 8, 9]
Client 0's s_k are:[0 0 0 0 0 0 0 0 0 0]
Client 1's s_k are:[0 0 0 0 0 0 0 0 0 0]
Client 2's s_k are:[0 0 0 0 0 0 0 0 0 0]
Client 3's s_k are:[0 0 0 0 0 0 0 0 0 0]
Client 4's s_k are:[0 0 0 0 0 0 0 0 0 0]
Client 5's s_k are:[0 0 0 0 0 0 0 0 0 0]
Client 6's s_k are:[0 0 0 0 0 0 0 0 0 0]
Client 7's s_k are:[0 0 0 0 0 0 0 0 0 0]
Client 8's s_k are:[0 0 0 0 0 0 0 0 0 0]
Client 9's s_k are:[0 0 0 0 0 0 0 0 0 0]
| Global Round : 35 | Client :0 | Local Epoch : 0 | [64/626 (11%)]	Loss1: 5.841159 Loss2: 0.000000 
| Global Round : 35 | Client :0 | Local Epoch : 1 | [64/626 (11%)]	Loss1: 5.841352 Loss2: 0.000000 
| Global Round : 35 | Client :0 | Local Epoch : 2 | [64/626 (11%)]	Loss1: 5.841486 Loss2: 0.000000 
| Global Round : 35 | Client :0 | Local Epoch : 3 | [64/626 (11%)]	Loss1: 5.840390 Loss2: 0.000000 
| Global Round : 35 | Client :0 | Local Epoch : 4 | [64/626 (11%)]	Loss1: 5.841054 Loss2: 0.000000 
| Global Round : 35 | Client :1 | Local Epoch : 0 | [64/497 (14%)]	Loss1: 5.841065 Loss2: 0.000000 
| Global Round : 35 | Client :1 | Local Epoch : 1 | [64/497 (14%)]	Loss1: 5.841947 Loss2: 0.000000 
| Global Round : 35 | Client :1 | Local Epoch : 2 | [64/497 (14%)]	Loss1: 5.842023 Loss2: 0.000000 
| Global Round : 35 | Client :1 | Local Epoch : 3 | [64/497 (14%)]	Loss1: 5.840974 Loss2: 0.000000 
| Global Round : 35 | Client :1 | Local Epoch : 4 | [64/497 (14%)]	Loss1: 5.841496 Loss2: 0.000000 
| Global Round : 35 | Client :2 | Local Epoch : 0 | [64/597 (11%)]	Loss1: 5.840745 Loss2: 0.000000 
| Global Round : 35 | Client :2 | Local Epoch : 1 | [64/597 (11%)]	Loss1: 5.839676 Loss2: 0.000000 
| Global Round : 35 | Client :2 | Local Epoch : 2 | [64/597 (11%)]	Loss1: 5.839926 Loss2: 0.000000 
| Global Round : 35 | Client :2 | Local Epoch : 3 | [64/597 (11%)]	Loss1: 5.839233 Loss2: 0.000000 
| Global Round : 35 | Client :2 | Local Epoch : 4 | [64/597 (11%)]	Loss1: 5.839855 Loss2: 0.000000 
| Global Round : 35 | Client :3 | Local Epoch : 0 | [64/605 (11%)]	Loss1: 5.840883 Loss2: 0.000000 
| Global Round : 35 | Client :3 | Local Epoch : 1 | [64/605 (11%)]	Loss1: 5.840084 Loss2: 0.000000 
| Global Round : 35 | Client :3 | Local Epoch : 2 | [64/605 (11%)]	Loss1: 5.840095 Loss2: 0.000000 
| Global Round : 35 | Client :3 | Local Epoch : 3 | [64/605 (11%)]	Loss1: 5.840374 Loss2: 0.000000 
| Global Round : 35 | Client :3 | Local Epoch : 4 | [64/605 (11%)]	Loss1: 5.840736 Loss2: 0.000000 
| Global Round : 35 | Client :4 | Local Epoch : 0 | [64/436 (17%)]	Loss1: 5.841129 Loss2: 0.000000 
| Global Round : 35 | Client :4 | Local Epoch : 1 | [64/436 (17%)]	Loss1: 5.840260 Loss2: 0.000000 
| Global Round : 35 | Client :4 | Local Epoch : 2 | [64/436 (17%)]	Loss1: 5.840012 Loss2: 0.000000 
| Global Round : 35 | Client :4 | Local Epoch : 3 | [64/436 (17%)]	Loss1: 5.840403 Loss2: 0.000000 
| Global Round : 35 | Client :4 | Local Epoch : 4 | [64/436 (17%)]	Loss1: 5.839555 Loss2: 0.000000 
| Global Round : 35 | Client :5 | Local Epoch : 0 | [64/627 (11%)]	Loss1: 5.840106 Loss2: 0.000000 
| Global Round : 35 | Client :5 | Local Epoch : 1 | [64/627 (11%)]	Loss1: 5.839527 Loss2: 0.000000 
| Global Round : 35 | Client :5 | Local Epoch : 2 | [64/627 (11%)]	Loss1: 5.840028 Loss2: 0.000000 
| Global Round : 35 | Client :5 | Local Epoch : 3 | [64/627 (11%)]	Loss1: 5.840253 Loss2: 0.000000 
| Global Round : 35 | Client :5 | Local Epoch : 4 | [64/627 (11%)]	Loss1: 5.840089 Loss2: 0.000000 
| Global Round : 35 | Client :6 | Local Epoch : 0 | [64/571 (12%)]	Loss1: 5.840939 Loss2: 0.000000 
| Global Round : 35 | Client :6 | Local Epoch : 1 | [64/571 (12%)]	Loss1: 5.838947 Loss2: 0.000000 
| Global Round : 35 | Client :6 | Local Epoch : 2 | [64/571 (12%)]	Loss1: 5.840403 Loss2: 0.000000 
| Global Round : 35 | Client :6 | Local Epoch : 3 | [64/571 (12%)]	Loss1: 5.839729 Loss2: 0.000000 
| Global Round : 35 | Client :6 | Local Epoch : 4 | [64/571 (12%)]	Loss1: 5.840413 Loss2: 0.000000 
| Global Round : 35 | Client :7 | Local Epoch : 0 | [64/665 (10%)]	Loss1: 5.840812 Loss2: 0.000000 
| Global Round : 35 | Client :7 | Local Epoch : 1 | [64/665 (10%)]	Loss1: 5.840343 Loss2: 0.000000 
| Global Round : 35 | Client :7 | Local Epoch : 2 | [64/665 (10%)]	Loss1: 5.840903 Loss2: 0.000000 
| Global Round : 35 | Client :7 | Local Epoch : 3 | [64/665 (10%)]	Loss1: 5.840818 Loss2: 0.000000 
| Global Round : 35 | Client :7 | Local Epoch : 4 | [64/665 (10%)]	Loss1: 5.840663 Loss2: 0.000000 
| Global Round : 35 | Client :8 | Local Epoch : 0 | [64/561 (12%)]	Loss1: 5.839386 Loss2: 0.000000 
| Global Round : 35 | Client :8 | Local Epoch : 1 | [64/561 (12%)]	Loss1: 5.840271 Loss2: 0.000000 
| Global Round : 35 | Client :8 | Local Epoch : 2 | [64/561 (12%)]	Loss1: 5.840471 Loss2: 0.000000 
| Global Round : 35 | Client :8 | Local Epoch : 3 | [64/561 (12%)]	Loss1: 5.839424 Loss2: 0.000000 
| Global Round : 35 | Client :8 | Local Epoch : 4 | [64/561 (12%)]	Loss1: 5.839218 Loss2: 0.000000 
| Global Round : 35 | Client :9 | Local Epoch : 0 | [64/811 (8%)]	Loss1: 5.839718 Loss2: 0.000000 
| Global Round : 35 | Client :9 | Local Epoch : 0 | [704/811 (92%)]	Loss1: 5.840037 Loss2: 0.000000 
| Global Round : 35 | Client :9 | Local Epoch : 1 | [64/811 (8%)]	Loss1: 5.840004 Loss2: 0.000000 
| Global Round : 35 | Client :9 | Local Epoch : 1 | [704/811 (92%)]	Loss1: 5.840617 Loss2: 0.000000 
| Global Round : 35 | Client :9 | Local Epoch : 2 | [64/811 (8%)]	Loss1: 5.839669 Loss2: 0.000000 
| Global Round : 35 | Client :9 | Local Epoch : 2 | [704/811 (92%)]	Loss1: 5.840032 Loss2: 0.000000 
| Global Round : 35 | Client :9 | Local Epoch : 3 | [64/811 (8%)]	Loss1: 5.839435 Loss2: 0.000000 
| Global Round : 35 | Client :9 | Local Epoch : 3 | [704/811 (92%)]	Loss1: 5.840410 Loss2: 0.000000 
| Global Round : 35 | Client :9 | Local Epoch : 4 | [64/811 (8%)]	Loss1: 5.839605 Loss2: 0.000000 
| Global Round : 35 | Client :9 | Local Epoch : 4 | [704/811 (92%)]	Loss1: 5.840497 Loss2: 0.000000 
average loss:   5.838523935722927
average local test accuracy: 0.8709635416666666
average global test accuracy:  0.5614583333333333

 | Global Training Round : 36 |

xi_k [0.49012054 0.48016443 0.51381434 0.50701491 0.46910603 0.48921683
 0.47756611 0.51261997 0.48607408 0.50434384]
max_exp: -1.0
coe: 10
Regulation [0.8 0.8 0.8 0.8 0.8 0.8 0.8 0.8 0.8 0.8]
Solver status: optimal_inaccurate
b_new: [1. 1. 1. 1. 1. 1. 1. 1. 1. 1.]
Iter 0: obj=48.9004, best_obj=48.9004, ||b_new-b_prev||₂=2.846050
xi_k [0.49012054 0.48016443 0.51381434 0.50701491 0.46910603 0.48921683
 0.47756611 0.51261997 0.48607408 0.50434384]
max_exp: -1.0
coe: 10
Regulation [-1. -1. -1. -1. -1. -1. -1. -1. -1. -1.]
Solver status: optimal_inaccurate
b_new: [1. 1. 1. 1. 1. 1. 1. 1. 1. 1.]
Iter 1: obj=49.8004, best_obj=49.8004, ||b_new-b_prev||₂=0.000000
Converged.
Final b: [1. 1. 1. 1. 1. 1. 1. 1. 1. 1.]
<class 'numpy.ndarray'>
b_float: [1. 1. 1. 1. 1. 1. 1. 1. 1. 1.]
b: [1 1 1 1 1 1 1 1 1 1]
active_clients:  [0, 1, 2, 3, 4, 5, 6, 7, 8, 9]
Client 0's s_k are:[0 0 0 0 0 0 0 0 0 0]
Client 1's s_k are:[0 0 0 0 0 0 0 0 0 0]
Client 2's s_k are:[0 0 0 0 0 0 0 0 0 0]
Client 3's s_k are:[0 0 0 0 0 0 0 0 0 0]
Client 4's s_k are:[0 0 0 0 0 0 0 0 0 0]
Client 5's s_k are:[0 0 0 0 0 0 0 0 0 0]
Client 6's s_k are:[0 0 0 0 0 0 0 0 0 0]
Client 7's s_k are:[0 0 0 0 0 0 0 0 0 0]
Client 8's s_k are:[0 0 0 0 0 0 0 0 0 0]
Client 9's s_k are:[0 0 0 0 0 0 0 0 0 0]
| Global Round : 36 | Client :0 | Local Epoch : 0 | [64/626 (11%)]	Loss1: 5.840984 Loss2: 0.000000 
| Global Round : 36 | Client :0 | Local Epoch : 1 | [64/626 (11%)]	Loss1: 5.840961 Loss2: 0.000000 
| Global Round : 36 | Client :0 | Local Epoch : 2 | [64/626 (11%)]	Loss1: 5.840253 Loss2: 0.000000 
| Global Round : 36 | Client :0 | Local Epoch : 3 | [64/626 (11%)]	Loss1: 5.841880 Loss2: 0.000000 
| Global Round : 36 | Client :0 | Local Epoch : 4 | [64/626 (11%)]	Loss1: 5.841073 Loss2: 0.000000 
| Global Round : 36 | Client :1 | Local Epoch : 0 | [64/497 (14%)]	Loss1: 5.842016 Loss2: 0.000000 
| Global Round : 36 | Client :1 | Local Epoch : 1 | [64/497 (14%)]	Loss1: 5.841451 Loss2: 0.000000 
| Global Round : 36 | Client :1 | Local Epoch : 2 | [64/497 (14%)]	Loss1: 5.839754 Loss2: 0.000000 
| Global Round : 36 | Client :1 | Local Epoch : 3 | [64/497 (14%)]	Loss1: 5.841295 Loss2: 0.000000 
| Global Round : 36 | Client :1 | Local Epoch : 4 | [64/497 (14%)]	Loss1: 5.839790 Loss2: 0.000000 
| Global Round : 36 | Client :2 | Local Epoch : 0 | [64/597 (11%)]	Loss1: 5.839592 Loss2: 0.000000 
| Global Round : 36 | Client :2 | Local Epoch : 1 | [64/597 (11%)]	Loss1: 5.839719 Loss2: 0.000000 
| Global Round : 36 | Client :2 | Local Epoch : 2 | [64/597 (11%)]	Loss1: 5.840162 Loss2: 0.000000 
| Global Round : 36 | Client :2 | Local Epoch : 3 | [64/597 (11%)]	Loss1: 5.840078 Loss2: 0.000000 
| Global Round : 36 | Client :2 | Local Epoch : 4 | [64/597 (11%)]	Loss1: 5.839406 Loss2: 0.000000 
| Global Round : 36 | Client :3 | Local Epoch : 0 | [64/605 (11%)]	Loss1: 5.840103 Loss2: 0.000000 
| Global Round : 36 | Client :3 | Local Epoch : 1 | [64/605 (11%)]	Loss1: 5.839675 Loss2: 0.000000 
| Global Round : 36 | Client :3 | Local Epoch : 2 | [64/605 (11%)]	Loss1: 5.840075 Loss2: 0.000000 
| Global Round : 36 | Client :3 | Local Epoch : 3 | [64/605 (11%)]	Loss1: 5.840627 Loss2: 0.000000 
| Global Round : 36 | Client :3 | Local Epoch : 4 | [64/605 (11%)]	Loss1: 5.840433 Loss2: 0.000000 
| Global Round : 36 | Client :4 | Local Epoch : 0 | [64/436 (17%)]	Loss1: 5.840219 Loss2: 0.000000 
| Global Round : 36 | Client :4 | Local Epoch : 1 | [64/436 (17%)]	Loss1: 5.839945 Loss2: 0.000000 
| Global Round : 36 | Client :4 | Local Epoch : 2 | [64/436 (17%)]	Loss1: 5.840401 Loss2: 0.000000 
| Global Round : 36 | Client :4 | Local Epoch : 3 | [64/436 (17%)]	Loss1: 5.839988 Loss2: 0.000000 
| Global Round : 36 | Client :4 | Local Epoch : 4 | [64/436 (17%)]	Loss1: 5.839527 Loss2: 0.000000 
| Global Round : 36 | Client :5 | Local Epoch : 0 | [64/627 (11%)]	Loss1: 5.839533 Loss2: 0.000000 
| Global Round : 36 | Client :5 | Local Epoch : 1 | [64/627 (11%)]	Loss1: 5.840020 Loss2: 0.000000 
| Global Round : 36 | Client :5 | Local Epoch : 2 | [64/627 (11%)]	Loss1: 5.840342 Loss2: 0.000000 
| Global Round : 36 | Client :5 | Local Epoch : 3 | [64/627 (11%)]	Loss1: 5.840588 Loss2: 0.000000 
| Global Round : 36 | Client :5 | Local Epoch : 4 | [64/627 (11%)]	Loss1: 5.839883 Loss2: 0.000000 
| Global Round : 36 | Client :6 | Local Epoch : 0 | [64/571 (12%)]	Loss1: 5.839704 Loss2: 0.000000 
| Global Round : 36 | Client :6 | Local Epoch : 1 | [64/571 (12%)]	Loss1: 5.841352 Loss2: 0.000000 
| Global Round : 36 | Client :6 | Local Epoch : 2 | [64/571 (12%)]	Loss1: 5.840149 Loss2: 0.000000 
| Global Round : 36 | Client :6 | Local Epoch : 3 | [64/571 (12%)]	Loss1: 5.840584 Loss2: 0.000000 
| Global Round : 36 | Client :6 | Local Epoch : 4 | [64/571 (12%)]	Loss1: 5.841440 Loss2: 0.000000 
| Global Round : 36 | Client :7 | Local Epoch : 0 | [64/665 (10%)]	Loss1: 5.840968 Loss2: 0.000000 
| Global Round : 36 | Client :7 | Local Epoch : 1 | [64/665 (10%)]	Loss1: 5.840985 Loss2: 0.000000 
| Global Round : 36 | Client :7 | Local Epoch : 2 | [64/665 (10%)]	Loss1: 5.842006 Loss2: 0.000000 
| Global Round : 36 | Client :7 | Local Epoch : 3 | [64/665 (10%)]	Loss1: 5.840161 Loss2: 0.000000 
| Global Round : 36 | Client :7 | Local Epoch : 4 | [64/665 (10%)]	Loss1: 5.840254 Loss2: 0.000000 
| Global Round : 36 | Client :8 | Local Epoch : 0 | [64/561 (12%)]	Loss1: 5.839921 Loss2: 0.000000 
| Global Round : 36 | Client :8 | Local Epoch : 1 | [64/561 (12%)]	Loss1: 5.839419 Loss2: 0.000000 
| Global Round : 36 | Client :8 | Local Epoch : 2 | [64/561 (12%)]	Loss1: 5.839674 Loss2: 0.000000 
| Global Round : 36 | Client :8 | Local Epoch : 3 | [64/561 (12%)]	Loss1: 5.840224 Loss2: 0.000000 
| Global Round : 36 | Client :8 | Local Epoch : 4 | [64/561 (12%)]	Loss1: 5.839505 Loss2: 0.000000 
| Global Round : 36 | Client :9 | Local Epoch : 0 | [64/811 (8%)]	Loss1: 5.839524 Loss2: 0.000000 
| Global Round : 36 | Client :9 | Local Epoch : 0 | [704/811 (92%)]	Loss1: 5.840154 Loss2: 0.000000 
| Global Round : 36 | Client :9 | Local Epoch : 1 | [64/811 (8%)]	Loss1: 5.840527 Loss2: 0.000000 
| Global Round : 36 | Client :9 | Local Epoch : 1 | [704/811 (92%)]	Loss1: 5.839836 Loss2: 0.000000 
| Global Round : 36 | Client :9 | Local Epoch : 2 | [64/811 (8%)]	Loss1: 5.839540 Loss2: 0.000000 
| Global Round : 36 | Client :9 | Local Epoch : 2 | [704/811 (92%)]	Loss1: 5.840397 Loss2: 0.000000 
| Global Round : 36 | Client :9 | Local Epoch : 3 | [64/811 (8%)]	Loss1: 5.840183 Loss2: 0.000000 
| Global Round : 36 | Client :9 | Local Epoch : 3 | [704/811 (92%)]	Loss1: 5.840426 Loss2: 0.000000 
| Global Round : 36 | Client :9 | Local Epoch : 4 | [64/811 (8%)]	Loss1: 5.840041 Loss2: 0.000000 
| Global Round : 36 | Client :9 | Local Epoch : 4 | [704/811 (92%)]	Loss1: 5.840086 Loss2: 0.000000 
average loss:   5.838509194245415
average local test accuracy: 0.8579427083333332
average global test accuracy:  0.5653645833333333

 | Global Training Round : 37 |

xi_k [0.49009655 0.48018027 0.51381255 0.50701438 0.46913498 0.4891853
 0.47756031 0.51260112 0.48604708 0.50430787]
max_exp: -1.0
coe: 10
Regulation [0.8 0.8 0.8 0.8 0.8 0.8 0.8 0.8 0.8 0.8]
Solver status: optimal_inaccurate
b_new: [1. 1. 1. 1. 1. 1. 1. 1. 1. 1.]
Iter 0: obj=48.8994, best_obj=48.8994, ||b_new-b_prev||₂=2.846050
xi_k [0.49009655 0.48018027 0.51381255 0.50701438 0.46913498 0.4891853
 0.47756031 0.51260112 0.48604708 0.50430787]
max_exp: -1.0
coe: 10
Regulation [-1. -1. -1. -1. -1. -1. -1. -1. -1. -1.]
Solver status: optimal_inaccurate
b_new: [1. 1. 1. 1. 1. 1. 1. 1. 1. 1.]
Iter 1: obj=49.7994, best_obj=49.7994, ||b_new-b_prev||₂=0.000000
Converged.
Final b: [1. 1. 1. 1. 1. 1. 1. 1. 1. 1.]
<class 'numpy.ndarray'>
b_float: [1. 1. 1. 1. 1. 1. 1. 1. 1. 1.]
b: [1 1 1 1 1 1 1 1 1 1]
active_clients:  [0, 1, 2, 3, 4, 5, 6, 7, 8, 9]
Client 0's s_k are:[0 0 0 0 0 0 0 0 0 0]
Client 1's s_k are:[0 0 0 0 0 0 0 0 0 0]
Client 2's s_k are:[0 0 0 0 0 0 0 0 0 0]
Client 3's s_k are:[0 0 0 0 0 0 0 0 0 0]
Client 4's s_k are:[0 0 0 0 0 0 0 0 0 0]
Client 5's s_k are:[0 0 0 0 0 0 0 0 0 0]
Client 6's s_k are:[0 0 0 0 0 0 0 0 0 0]
Client 7's s_k are:[0 0 0 0 0 0 0 0 0 0]
Client 8's s_k are:[0 0 0 0 0 0 0 0 0 0]
Client 9's s_k are:[0 0 0 0 0 0 0 0 0 0]
| Global Round : 37 | Client :0 | Local Epoch : 0 | [64/626 (11%)]	Loss1: 5.841188 Loss2: 0.000000 
| Global Round : 37 | Client :0 | Local Epoch : 1 | [64/626 (11%)]	Loss1: 5.841915 Loss2: 0.000000 
| Global Round : 37 | Client :0 | Local Epoch : 2 | [64/626 (11%)]	Loss1: 5.841312 Loss2: 0.000000 
| Global Round : 37 | Client :0 | Local Epoch : 3 | [64/626 (11%)]	Loss1: 5.841116 Loss2: 0.000000 
| Global Round : 37 | Client :0 | Local Epoch : 4 | [64/626 (11%)]	Loss1: 5.840335 Loss2: 0.000000 
| Global Round : 37 | Client :1 | Local Epoch : 0 | [64/497 (14%)]	Loss1: 5.842143 Loss2: 0.000000 
| Global Round : 37 | Client :1 | Local Epoch : 1 | [64/497 (14%)]	Loss1: 5.842128 Loss2: 0.000000 
| Global Round : 37 | Client :1 | Local Epoch : 2 | [64/497 (14%)]	Loss1: 5.841914 Loss2: 0.000000 
| Global Round : 37 | Client :1 | Local Epoch : 3 | [64/497 (14%)]	Loss1: 5.841939 Loss2: 0.000000 
| Global Round : 37 | Client :1 | Local Epoch : 4 | [64/497 (14%)]	Loss1: 5.843185 Loss2: 0.000000 
| Global Round : 37 | Client :2 | Local Epoch : 0 | [64/597 (11%)]	Loss1: 5.840171 Loss2: 0.000000 
| Global Round : 37 | Client :2 | Local Epoch : 1 | [64/597 (11%)]	Loss1: 5.840573 Loss2: 0.000000 
| Global Round : 37 | Client :2 | Local Epoch : 2 | [64/597 (11%)]	Loss1: 5.840103 Loss2: 0.000000 
| Global Round : 37 | Client :2 | Local Epoch : 3 | [64/597 (11%)]	Loss1: 5.839622 Loss2: 0.000000 
| Global Round : 37 | Client :2 | Local Epoch : 4 | [64/597 (11%)]	Loss1: 5.840481 Loss2: 0.000000 
| Global Round : 37 | Client :3 | Local Epoch : 0 | [64/605 (11%)]	Loss1: 5.841128 Loss2: 0.000000 
| Global Round : 37 | Client :3 | Local Epoch : 1 | [64/605 (11%)]	Loss1: 5.840748 Loss2: 0.000000 
| Global Round : 37 | Client :3 | Local Epoch : 2 | [64/605 (11%)]	Loss1: 5.840406 Loss2: 0.000000 
| Global Round : 37 | Client :3 | Local Epoch : 3 | [64/605 (11%)]	Loss1: 5.840760 Loss2: 0.000000 
| Global Round : 37 | Client :3 | Local Epoch : 4 | [64/605 (11%)]	Loss1: 5.840051 Loss2: 0.000000 
| Global Round : 37 | Client :4 | Local Epoch : 0 | [64/436 (17%)]	Loss1: 5.839748 Loss2: 0.000000 
| Global Round : 37 | Client :4 | Local Epoch : 1 | [64/436 (17%)]	Loss1: 5.839822 Loss2: 0.000000 
| Global Round : 37 | Client :4 | Local Epoch : 2 | [64/436 (17%)]	Loss1: 5.839372 Loss2: 0.000000 
| Global Round : 37 | Client :4 | Local Epoch : 3 | [64/436 (17%)]	Loss1: 5.839674 Loss2: 0.000000 
| Global Round : 37 | Client :4 | Local Epoch : 4 | [64/436 (17%)]	Loss1: 5.841354 Loss2: 0.000000 
| Global Round : 37 | Client :5 | Local Epoch : 0 | [64/627 (11%)]	Loss1: 5.840110 Loss2: 0.000000 
| Global Round : 37 | Client :5 | Local Epoch : 1 | [64/627 (11%)]	Loss1: 5.838953 Loss2: 0.000000 
| Global Round : 37 | Client :5 | Local Epoch : 2 | [64/627 (11%)]	Loss1: 5.840154 Loss2: 0.000000 
| Global Round : 37 | Client :5 | Local Epoch : 3 | [64/627 (11%)]	Loss1: 5.839735 Loss2: 0.000000 
| Global Round : 37 | Client :5 | Local Epoch : 4 | [64/627 (11%)]	Loss1: 5.839358 Loss2: 0.000000 
| Global Round : 37 | Client :6 | Local Epoch : 0 | [64/571 (12%)]	Loss1: 5.840716 Loss2: 0.000000 
| Global Round : 37 | Client :6 | Local Epoch : 1 | [64/571 (12%)]	Loss1: 5.840212 Loss2: 0.000000 
| Global Round : 37 | Client :6 | Local Epoch : 2 | [64/571 (12%)]	Loss1: 5.840126 Loss2: 0.000000 
| Global Round : 37 | Client :6 | Local Epoch : 3 | [64/571 (12%)]	Loss1: 5.841035 Loss2: 0.000000 
| Global Round : 37 | Client :6 | Local Epoch : 4 | [64/571 (12%)]	Loss1: 5.839832 Loss2: 0.000000 
| Global Round : 37 | Client :7 | Local Epoch : 0 | [64/665 (10%)]	Loss1: 5.840892 Loss2: 0.000000 
| Global Round : 37 | Client :7 | Local Epoch : 1 | [64/665 (10%)]	Loss1: 5.839904 Loss2: 0.000000 
| Global Round : 37 | Client :7 | Local Epoch : 2 | [64/665 (10%)]	Loss1: 5.841366 Loss2: 0.000000 
| Global Round : 37 | Client :7 | Local Epoch : 3 | [64/665 (10%)]	Loss1: 5.841272 Loss2: 0.000000 
| Global Round : 37 | Client :7 | Local Epoch : 4 | [64/665 (10%)]	Loss1: 5.839752 Loss2: 0.000000 
| Global Round : 37 | Client :8 | Local Epoch : 0 | [64/561 (12%)]	Loss1: 5.840020 Loss2: 0.000000 
| Global Round : 37 | Client :8 | Local Epoch : 1 | [64/561 (12%)]	Loss1: 5.841090 Loss2: 0.000000 
| Global Round : 37 | Client :8 | Local Epoch : 2 | [64/561 (12%)]	Loss1: 5.841096 Loss2: 0.000000 
| Global Round : 37 | Client :8 | Local Epoch : 3 | [64/561 (12%)]	Loss1: 5.840881 Loss2: 0.000000 
| Global Round : 37 | Client :8 | Local Epoch : 4 | [64/561 (12%)]	Loss1: 5.839853 Loss2: 0.000000 
| Global Round : 37 | Client :9 | Local Epoch : 0 | [64/811 (8%)]	Loss1: 5.839017 Loss2: 0.000000 
| Global Round : 37 | Client :9 | Local Epoch : 0 | [704/811 (92%)]	Loss1: 5.838902 Loss2: 0.000000 
| Global Round : 37 | Client :9 | Local Epoch : 1 | [64/811 (8%)]	Loss1: 5.840575 Loss2: 0.000000 
| Global Round : 37 | Client :9 | Local Epoch : 1 | [704/811 (92%)]	Loss1: 5.839615 Loss2: 0.000000 
| Global Round : 37 | Client :9 | Local Epoch : 2 | [64/811 (8%)]	Loss1: 5.841032 Loss2: 0.000000 
| Global Round : 37 | Client :9 | Local Epoch : 2 | [704/811 (92%)]	Loss1: 5.840035 Loss2: 0.000000 
| Global Round : 37 | Client :9 | Local Epoch : 3 | [64/811 (8%)]	Loss1: 5.840273 Loss2: 0.000000 
| Global Round : 37 | Client :9 | Local Epoch : 3 | [704/811 (92%)]	Loss1: 5.839214 Loss2: 0.000000 
| Global Round : 37 | Client :9 | Local Epoch : 4 | [64/811 (8%)]	Loss1: 5.839154 Loss2: 0.000000 
| Global Round : 37 | Client :9 | Local Epoch : 4 | [704/811 (92%)]	Loss1: 5.839705 Loss2: 0.000000 
average loss:   5.838527335590787
average local test accuracy: 0.84453125
average global test accuracy:  0.57578125

 | Global Training Round : 38 |

xi_k [0.49007461 0.48015444 0.51382175 0.5070298  0.46911951 0.48919397
 0.47756279 0.51263427 0.48605053 0.50428906]
max_exp: -1.0
coe: 10
Regulation [0.8 0.8 0.8 0.8 0.8 0.8 0.8 0.8 0.8 0.8]
Solver status: optimal_inaccurate
b_new: [1. 1. 1. 1. 1. 1. 1. 1. 1. 1.]
Iter 0: obj=48.8993, best_obj=48.8993, ||b_new-b_prev||₂=2.846050
xi_k [0.49007461 0.48015444 0.51382175 0.5070298  0.46911951 0.48919397
 0.47756279 0.51263427 0.48605053 0.50428906]
max_exp: -1.0
coe: 10
Regulation [-1. -1. -1. -1. -1. -1. -1. -1. -1. -1.]
Solver status: optimal_inaccurate
b_new: [1. 1. 1. 1. 1. 1. 1. 1. 1. 1.]
Iter 1: obj=49.7993, best_obj=49.7993, ||b_new-b_prev||₂=0.000000
Converged.
Final b: [1. 1. 1. 1. 1. 1. 1. 1. 1. 1.]
<class 'numpy.ndarray'>
b_float: [1. 1. 1. 1. 1. 1. 1. 1. 1. 1.]
b: [1 1 1 1 1 1 1 1 1 1]
active_clients:  [0, 1, 2, 3, 4, 5, 6, 7, 8, 9]
Client 0's s_k are:[0 0 0 0 0 0 0 0 0 0]
Client 1's s_k are:[0 0 0 0 0 0 0 0 0 0]
Client 2's s_k are:[0 0 0 0 0 0 0 0 0 0]
Client 3's s_k are:[0 0 0 0 0 0 0 0 0 0]
Client 4's s_k are:[0 0 0 0 0 0 0 0 0 0]
Client 5's s_k are:[0 0 0 0 0 0 0 0 0 0]
Client 6's s_k are:[0 0 0 0 0 0 0 0 0 0]
Client 7's s_k are:[0 0 0 0 0 0 0 0 0 0]
Client 8's s_k are:[0 0 0 0 0 0 0 0 0 0]
Client 9's s_k are:[0 0 0 0 0 0 0 0 0 0]
| Global Round : 38 | Client :0 | Local Epoch : 0 | [64/626 (11%)]	Loss1: 5.840503 Loss2: 0.000000 
| Global Round : 38 | Client :0 | Local Epoch : 1 | [64/626 (11%)]	Loss1: 5.841557 Loss2: 0.000000 
| Global Round : 38 | Client :0 | Local Epoch : 2 | [64/626 (11%)]	Loss1: 5.841428 Loss2: 0.000000 
| Global Round : 38 | Client :0 | Local Epoch : 3 | [64/626 (11%)]	Loss1: 5.841166 Loss2: 0.000000 
| Global Round : 38 | Client :0 | Local Epoch : 4 | [64/626 (11%)]	Loss1: 5.840968 Loss2: 0.000000 
| Global Round : 38 | Client :1 | Local Epoch : 0 | [64/497 (14%)]	Loss1: 5.840669 Loss2: 0.000000 
| Global Round : 38 | Client :1 | Local Epoch : 1 | [64/497 (14%)]	Loss1: 5.841642 Loss2: 0.000000 
| Global Round : 38 | Client :1 | Local Epoch : 2 | [64/497 (14%)]	Loss1: 5.841360 Loss2: 0.000000 
| Global Round : 38 | Client :1 | Local Epoch : 3 | [64/497 (14%)]	Loss1: 5.840951 Loss2: 0.000000 
| Global Round : 38 | Client :1 | Local Epoch : 4 | [64/497 (14%)]	Loss1: 5.840571 Loss2: 0.000000 
| Global Round : 38 | Client :2 | Local Epoch : 0 | [64/597 (11%)]	Loss1: 5.839833 Loss2: 0.000000 
| Global Round : 38 | Client :2 | Local Epoch : 1 | [64/597 (11%)]	Loss1: 5.840621 Loss2: 0.000000 
| Global Round : 38 | Client :2 | Local Epoch : 2 | [64/597 (11%)]	Loss1: 5.840271 Loss2: 0.000000 
| Global Round : 38 | Client :2 | Local Epoch : 3 | [64/597 (11%)]	Loss1: 5.839417 Loss2: 0.000000 
| Global Round : 38 | Client :2 | Local Epoch : 4 | [64/597 (11%)]	Loss1: 5.839356 Loss2: 0.000000 
| Global Round : 38 | Client :3 | Local Epoch : 0 | [64/605 (11%)]	Loss1: 5.839492 Loss2: 0.000000 
| Global Round : 38 | Client :3 | Local Epoch : 1 | [64/605 (11%)]	Loss1: 5.840912 Loss2: 0.000000 
| Global Round : 38 | Client :3 | Local Epoch : 2 | [64/605 (11%)]	Loss1: 5.840508 Loss2: 0.000000 
| Global Round : 38 | Client :3 | Local Epoch : 3 | [64/605 (11%)]	Loss1: 5.839603 Loss2: 0.000000 
| Global Round : 38 | Client :3 | Local Epoch : 4 | [64/605 (11%)]	Loss1: 5.839616 Loss2: 0.000000 
| Global Round : 38 | Client :4 | Local Epoch : 0 | [64/436 (17%)]	Loss1: 5.839663 Loss2: 0.000000 
| Global Round : 38 | Client :4 | Local Epoch : 1 | [64/436 (17%)]	Loss1: 5.840723 Loss2: 0.000000 
| Global Round : 38 | Client :4 | Local Epoch : 2 | [64/436 (17%)]	Loss1: 5.841316 Loss2: 0.000000 
| Global Round : 38 | Client :4 | Local Epoch : 3 | [64/436 (17%)]	Loss1: 5.840322 Loss2: 0.000000 
| Global Round : 38 | Client :4 | Local Epoch : 4 | [64/436 (17%)]	Loss1: 5.839797 Loss2: 0.000000 
| Global Round : 38 | Client :5 | Local Epoch : 0 | [64/627 (11%)]	Loss1: 5.839902 Loss2: 0.000000 
| Global Round : 38 | Client :5 | Local Epoch : 1 | [64/627 (11%)]	Loss1: 5.839599 Loss2: 0.000000 
| Global Round : 38 | Client :5 | Local Epoch : 2 | [64/627 (11%)]	Loss1: 5.839040 Loss2: 0.000000 
| Global Round : 38 | Client :5 | Local Epoch : 3 | [64/627 (11%)]	Loss1: 5.839272 Loss2: 0.000000 
| Global Round : 38 | Client :5 | Local Epoch : 4 | [64/627 (11%)]	Loss1: 5.839427 Loss2: 0.000000 
| Global Round : 38 | Client :6 | Local Epoch : 0 | [64/571 (12%)]	Loss1: 5.840277 Loss2: 0.000000 
| Global Round : 38 | Client :6 | Local Epoch : 1 | [64/571 (12%)]	Loss1: 5.840074 Loss2: 0.000000 
| Global Round : 38 | Client :6 | Local Epoch : 2 | [64/571 (12%)]	Loss1: 5.839664 Loss2: 0.000000 
| Global Round : 38 | Client :6 | Local Epoch : 3 | [64/571 (12%)]	Loss1: 5.840436 Loss2: 0.000000 
| Global Round : 38 | Client :6 | Local Epoch : 4 | [64/571 (12%)]	Loss1: 5.840537 Loss2: 0.000000 
| Global Round : 38 | Client :7 | Local Epoch : 0 | [64/665 (10%)]	Loss1: 5.840930 Loss2: 0.000000 
| Global Round : 38 | Client :7 | Local Epoch : 1 | [64/665 (10%)]	Loss1: 5.839690 Loss2: 0.000000 
| Global Round : 38 | Client :7 | Local Epoch : 2 | [64/665 (10%)]	Loss1: 5.839652 Loss2: 0.000000 
| Global Round : 38 | Client :7 | Local Epoch : 3 | [64/665 (10%)]	Loss1: 5.840155 Loss2: 0.000000 
| Global Round : 38 | Client :7 | Local Epoch : 4 | [64/665 (10%)]	Loss1: 5.840372 Loss2: 0.000000 
| Global Round : 38 | Client :8 | Local Epoch : 0 | [64/561 (12%)]	Loss1: 5.840528 Loss2: 0.000000 
| Global Round : 38 | Client :8 | Local Epoch : 1 | [64/561 (12%)]	Loss1: 5.841179 Loss2: 0.000000 
| Global Round : 38 | Client :8 | Local Epoch : 2 | [64/561 (12%)]	Loss1: 5.840132 Loss2: 0.000000 
| Global Round : 38 | Client :8 | Local Epoch : 3 | [64/561 (12%)]	Loss1: 5.839640 Loss2: 0.000000 
| Global Round : 38 | Client :8 | Local Epoch : 4 | [64/561 (12%)]	Loss1: 5.839753 Loss2: 0.000000 
| Global Round : 38 | Client :9 | Local Epoch : 0 | [64/811 (8%)]	Loss1: 5.840596 Loss2: 0.000000 
| Global Round : 38 | Client :9 | Local Epoch : 0 | [704/811 (92%)]	Loss1: 5.840286 Loss2: 0.000000 
| Global Round : 38 | Client :9 | Local Epoch : 1 | [64/811 (8%)]	Loss1: 5.841061 Loss2: 0.000000 
| Global Round : 38 | Client :9 | Local Epoch : 1 | [704/811 (92%)]	Loss1: 5.839930 Loss2: 0.000000 
| Global Round : 38 | Client :9 | Local Epoch : 2 | [64/811 (8%)]	Loss1: 5.839916 Loss2: 0.000000 
| Global Round : 38 | Client :9 | Local Epoch : 2 | [704/811 (92%)]	Loss1: 5.839851 Loss2: 0.000000 
| Global Round : 38 | Client :9 | Local Epoch : 3 | [64/811 (8%)]	Loss1: 5.839810 Loss2: 0.000000 
| Global Round : 38 | Client :9 | Local Epoch : 3 | [704/811 (92%)]	Loss1: 5.839584 Loss2: 0.000000 
| Global Round : 38 | Client :9 | Local Epoch : 4 | [64/811 (8%)]	Loss1: 5.839780 Loss2: 0.000000 
| Global Round : 38 | Client :9 | Local Epoch : 4 | [704/811 (92%)]	Loss1: 5.840233 Loss2: 0.000000 
average loss:   5.8384496927450575
average local test accuracy: 0.857421875
average global test accuracy:  0.5804687499999999

 | Global Training Round : 39 |

xi_k [0.49009372 0.48012401 0.5137969  0.50700442 0.4691392  0.48920098
 0.47757401 0.5125988  0.4860223  0.5043064 ]
max_exp: -1.0
coe: 10
Regulation [0.8 0.8 0.8 0.8 0.8 0.8 0.8 0.8 0.8 0.8]
Solver status: optimal_inaccurate
b_new: [1. 1. 1. 1. 1. 1. 1. 1. 1. 1.]
Iter 0: obj=48.8986, best_obj=48.8986, ||b_new-b_prev||₂=2.846050
xi_k [0.49009372 0.48012401 0.5137969  0.50700442 0.4691392  0.48920098
 0.47757401 0.5125988  0.4860223  0.5043064 ]
max_exp: -1.0
coe: 10
Regulation [-1. -1. -1. -1. -1. -1. -1. -1. -1. -1.]
Solver status: optimal_inaccurate
b_new: [1. 1. 1. 1. 1. 1. 1. 1. 1. 1.]
Iter 1: obj=49.7986, best_obj=49.7986, ||b_new-b_prev||₂=0.000000
Converged.
Final b: [1. 1. 1. 1. 1. 1. 1. 1. 1. 1.]
<class 'numpy.ndarray'>
b_float: [1. 1. 1. 1. 1. 1. 1. 1. 1. 1.]
b: [1 1 1 1 1 1 1 1 1 1]
active_clients:  [0, 1, 2, 3, 4, 5, 6, 7, 8, 9]
Client 0's s_k are:[0 0 0 0 0 0 0 0 0 0]
Client 1's s_k are:[0 0 0 0 0 0 0 0 0 0]
Client 2's s_k are:[0 0 0 0 0 0 0 0 0 0]
Client 3's s_k are:[0 0 0 0 0 0 0 0 0 0]
Client 4's s_k are:[0 0 0 0 0 0 0 0 0 0]
Client 5's s_k are:[0 0 0 0 0 0 0 0 0 0]
Client 6's s_k are:[0 0 0 0 0 0 0 0 0 0]
Client 7's s_k are:[0 0 0 0 0 0 0 0 0 0]
Client 8's s_k are:[0 0 0 0 0 0 0 0 0 0]
Client 9's s_k are:[0 0 0 0 0 0 0 0 0 0]
| Global Round : 39 | Client :0 | Local Epoch : 0 | [64/626 (11%)]	Loss1: 5.840532 Loss2: 0.000000 
| Global Round : 39 | Client :0 | Local Epoch : 1 | [64/626 (11%)]	Loss1: 5.841542 Loss2: 0.000000 
| Global Round : 39 | Client :0 | Local Epoch : 2 | [64/626 (11%)]	Loss1: 5.841177 Loss2: 0.000000 
| Global Round : 39 | Client :0 | Local Epoch : 3 | [64/626 (11%)]	Loss1: 5.839989 Loss2: 0.000000 
| Global Round : 39 | Client :0 | Local Epoch : 4 | [64/626 (11%)]	Loss1: 5.841997 Loss2: 0.000000 
| Global Round : 39 | Client :1 | Local Epoch : 0 | [64/497 (14%)]	Loss1: 5.841451 Loss2: 0.000000 
| Global Round : 39 | Client :1 | Local Epoch : 1 | [64/497 (14%)]	Loss1: 5.841908 Loss2: 0.000000 
| Global Round : 39 | Client :1 | Local Epoch : 2 | [64/497 (14%)]	Loss1: 5.840500 Loss2: 0.000000 
| Global Round : 39 | Client :1 | Local Epoch : 3 | [64/497 (14%)]	Loss1: 5.839939 Loss2: 0.000000 
| Global Round : 39 | Client :1 | Local Epoch : 4 | [64/497 (14%)]	Loss1: 5.841766 Loss2: 0.000000 
| Global Round : 39 | Client :2 | Local Epoch : 0 | [64/597 (11%)]	Loss1: 5.840086 Loss2: 0.000000 
| Global Round : 39 | Client :2 | Local Epoch : 1 | [64/597 (11%)]	Loss1: 5.841503 Loss2: 0.000000 
| Global Round : 39 | Client :2 | Local Epoch : 2 | [64/597 (11%)]	Loss1: 5.839597 Loss2: 0.000000 
| Global Round : 39 | Client :2 | Local Epoch : 3 | [64/597 (11%)]	Loss1: 5.838939 Loss2: 0.000000 
| Global Round : 39 | Client :2 | Local Epoch : 4 | [64/597 (11%)]	Loss1: 5.839211 Loss2: 0.000000 
| Global Round : 39 | Client :3 | Local Epoch : 0 | [64/605 (11%)]	Loss1: 5.840542 Loss2: 0.000000 
| Global Round : 39 | Client :3 | Local Epoch : 1 | [64/605 (11%)]	Loss1: 5.841196 Loss2: 0.000000 
| Global Round : 39 | Client :3 | Local Epoch : 2 | [64/605 (11%)]	Loss1: 5.839908 Loss2: 0.000000 
| Global Round : 39 | Client :3 | Local Epoch : 3 | [64/605 (11%)]	Loss1: 5.840786 Loss2: 0.000000 
| Global Round : 39 | Client :3 | Local Epoch : 4 | [64/605 (11%)]	Loss1: 5.840238 Loss2: 0.000000 
| Global Round : 39 | Client :4 | Local Epoch : 0 | [64/436 (17%)]	Loss1: 5.840680 Loss2: 0.000000 
| Global Round : 39 | Client :4 | Local Epoch : 1 | [64/436 (17%)]	Loss1: 5.839624 Loss2: 0.000000 
| Global Round : 39 | Client :4 | Local Epoch : 2 | [64/436 (17%)]	Loss1: 5.841039 Loss2: 0.000000 
| Global Round : 39 | Client :4 | Local Epoch : 3 | [64/436 (17%)]	Loss1: 5.841299 Loss2: 0.000000 
| Global Round : 39 | Client :4 | Local Epoch : 4 | [64/436 (17%)]	Loss1: 5.840614 Loss2: 0.000000 
| Global Round : 39 | Client :5 | Local Epoch : 0 | [64/627 (11%)]	Loss1: 5.839078 Loss2: 0.000000 
| Global Round : 39 | Client :5 | Local Epoch : 1 | [64/627 (11%)]	Loss1: 5.839168 Loss2: 0.000000 
| Global Round : 39 | Client :5 | Local Epoch : 2 | [64/627 (11%)]	Loss1: 5.840214 Loss2: 0.000000 
| Global Round : 39 | Client :5 | Local Epoch : 3 | [64/627 (11%)]	Loss1: 5.839054 Loss2: 0.000000 
| Global Round : 39 | Client :5 | Local Epoch : 4 | [64/627 (11%)]	Loss1: 5.839561 Loss2: 0.000000 
| Global Round : 39 | Client :6 | Local Epoch : 0 | [64/571 (12%)]	Loss1: 5.839634 Loss2: 0.000000 
| Global Round : 39 | Client :6 | Local Epoch : 1 | [64/571 (12%)]	Loss1: 5.840276 Loss2: 0.000000 
| Global Round : 39 | Client :6 | Local Epoch : 2 | [64/571 (12%)]	Loss1: 5.839752 Loss2: 0.000000 
| Global Round : 39 | Client :6 | Local Epoch : 3 | [64/571 (12%)]	Loss1: 5.841087 Loss2: 0.000000 
| Global Round : 39 | Client :6 | Local Epoch : 4 | [64/571 (12%)]	Loss1: 5.840289 Loss2: 0.000000 
| Global Round : 39 | Client :7 | Local Epoch : 0 | [64/665 (10%)]	Loss1: 5.839508 Loss2: 0.000000 
| Global Round : 39 | Client :7 | Local Epoch : 1 | [64/665 (10%)]	Loss1: 5.841082 Loss2: 0.000000 
| Global Round : 39 | Client :7 | Local Epoch : 2 | [64/665 (10%)]	Loss1: 5.840823 Loss2: 0.000000 
| Global Round : 39 | Client :7 | Local Epoch : 3 | [64/665 (10%)]	Loss1: 5.839970 Loss2: 0.000000 
| Global Round : 39 | Client :7 | Local Epoch : 4 | [64/665 (10%)]	Loss1: 5.839949 Loss2: 0.000000 
| Global Round : 39 | Client :8 | Local Epoch : 0 | [64/561 (12%)]	Loss1: 5.839976 Loss2: 0.000000 
| Global Round : 39 | Client :8 | Local Epoch : 1 | [64/561 (12%)]	Loss1: 5.840248 Loss2: 0.000000 
| Global Round : 39 | Client :8 | Local Epoch : 2 | [64/561 (12%)]	Loss1: 5.840436 Loss2: 0.000000 
| Global Round : 39 | Client :8 | Local Epoch : 3 | [64/561 (12%)]	Loss1: 5.839862 Loss2: 0.000000 
| Global Round : 39 | Client :8 | Local Epoch : 4 | [64/561 (12%)]	Loss1: 5.840241 Loss2: 0.000000 
| Global Round : 39 | Client :9 | Local Epoch : 0 | [64/811 (8%)]	Loss1: 5.839975 Loss2: 0.000000 
| Global Round : 39 | Client :9 | Local Epoch : 0 | [704/811 (92%)]	Loss1: 5.839567 Loss2: 0.000000 
| Global Round : 39 | Client :9 | Local Epoch : 1 | [64/811 (8%)]	Loss1: 5.839284 Loss2: 0.000000 
| Global Round : 39 | Client :9 | Local Epoch : 1 | [704/811 (92%)]	Loss1: 5.840753 Loss2: 0.000000 
| Global Round : 39 | Client :9 | Local Epoch : 2 | [64/811 (8%)]	Loss1: 5.840961 Loss2: 0.000000 
| Global Round : 39 | Client :9 | Local Epoch : 2 | [704/811 (92%)]	Loss1: 5.840136 Loss2: 0.000000 
| Global Round : 39 | Client :9 | Local Epoch : 3 | [64/811 (8%)]	Loss1: 5.840094 Loss2: 0.000000 
| Global Round : 39 | Client :9 | Local Epoch : 3 | [704/811 (92%)]	Loss1: 5.839363 Loss2: 0.000000 
| Global Round : 39 | Client :9 | Local Epoch : 4 | [64/811 (8%)]	Loss1: 5.840044 Loss2: 0.000000 
| Global Round : 39 | Client :9 | Local Epoch : 4 | [704/811 (92%)]	Loss1: 5.839884 Loss2: 0.000000 
average loss:   5.83847205230168
average local test accuracy: 0.852734375
average global test accuracy:  0.5694010416666667

 | Global Training Round : 40 |

xi_k [0.49009865 0.48015743 0.51381633 0.50700382 0.46909124 0.48920377
 0.47756125 0.51261879 0.48604783 0.50429401]
max_exp: -1.0
coe: 10
Regulation [0.8 0.8 0.8 0.8 0.8 0.8 0.8 0.8 0.8 0.8]
Solver status: optimal_inaccurate
b_new: [1. 1. 1. 1. 1. 1. 1. 1. 1. 1.]
Iter 0: obj=48.8989, best_obj=48.8989, ||b_new-b_prev||₂=2.846050
xi_k [0.49009865 0.48015743 0.51381633 0.50700382 0.46909124 0.48920377
 0.47756125 0.51261879 0.48604783 0.50429401]
max_exp: -1.0
coe: 10
Regulation [-1. -1. -1. -1. -1. -1. -1. -1. -1. -1.]
Solver status: optimal_inaccurate
b_new: [1. 1. 1. 1. 1. 1. 1. 1. 1. 1.]
Iter 1: obj=49.7989, best_obj=49.7989, ||b_new-b_prev||₂=0.000000
Converged.
Final b: [1. 1. 1. 1. 1. 1. 1. 1. 1. 1.]
<class 'numpy.ndarray'>
b_float: [1. 1. 1. 1. 1. 1. 1. 1. 1. 1.]
b: [1 1 1 1 1 1 1 1 1 1]
active_clients:  [0, 1, 2, 3, 4, 5, 6, 7, 8, 9]
Client 0's s_k are:[0 0 0 0 0 0 0 0 0 0]
Client 1's s_k are:[0 0 0 0 0 0 0 0 0 0]
Client 2's s_k are:[0 0 0 0 0 0 0 0 0 0]
Client 3's s_k are:[0 0 0 0 0 0 0 0 0 0]
Client 4's s_k are:[0 0 0 0 0 0 0 0 0 0]
Client 5's s_k are:[0 0 0 0 0 0 0 0 0 0]
Client 6's s_k are:[0 0 0 0 0 0 0 0 0 0]
Client 7's s_k are:[0 0 0 0 0 0 0 0 0 0]
Client 8's s_k are:[0 0 0 0 0 0 0 0 0 0]
Client 9's s_k are:[0 0 0 0 0 0 0 0 0 0]
| Global Round : 40 | Client :0 | Local Epoch : 0 | [64/626 (11%)]	Loss1: 5.841472 Loss2: 0.000000 
| Global Round : 40 | Client :0 | Local Epoch : 1 | [64/626 (11%)]	Loss1: 5.841749 Loss2: 0.000000 
| Global Round : 40 | Client :0 | Local Epoch : 2 | [64/626 (11%)]	Loss1: 5.841975 Loss2: 0.000000 
| Global Round : 40 | Client :0 | Local Epoch : 3 | [64/626 (11%)]	Loss1: 5.841053 Loss2: 0.000000 
| Global Round : 40 | Client :0 | Local Epoch : 4 | [64/626 (11%)]	Loss1: 5.841238 Loss2: 0.000000 
| Global Round : 40 | Client :1 | Local Epoch : 0 | [64/497 (14%)]	Loss1: 5.840262 Loss2: 0.000000 
| Global Round : 40 | Client :1 | Local Epoch : 1 | [64/497 (14%)]	Loss1: 5.841187 Loss2: 0.000000 
| Global Round : 40 | Client :1 | Local Epoch : 2 | [64/497 (14%)]	Loss1: 5.841323 Loss2: 0.000000 
| Global Round : 40 | Client :1 | Local Epoch : 3 | [64/497 (14%)]	Loss1: 5.842623 Loss2: 0.000000 
| Global Round : 40 | Client :1 | Local Epoch : 4 | [64/497 (14%)]	Loss1: 5.841489 Loss2: 0.000000 
| Global Round : 40 | Client :2 | Local Epoch : 0 | [64/597 (11%)]	Loss1: 5.840086 Loss2: 0.000000 
| Global Round : 40 | Client :2 | Local Epoch : 1 | [64/597 (11%)]	Loss1: 5.840015 Loss2: 0.000000 
| Global Round : 40 | Client :2 | Local Epoch : 2 | [64/597 (11%)]	Loss1: 5.839468 Loss2: 0.000000 
| Global Round : 40 | Client :2 | Local Epoch : 3 | [64/597 (11%)]	Loss1: 5.840013 Loss2: 0.000000 
| Global Round : 40 | Client :2 | Local Epoch : 4 | [64/597 (11%)]	Loss1: 5.839886 Loss2: 0.000000 
| Global Round : 40 | Client :3 | Local Epoch : 0 | [64/605 (11%)]	Loss1: 5.839266 Loss2: 0.000000 
| Global Round : 40 | Client :3 | Local Epoch : 1 | [64/605 (11%)]	Loss1: 5.840449 Loss2: 0.000000 
| Global Round : 40 | Client :3 | Local Epoch : 2 | [64/605 (11%)]	Loss1: 5.840594 Loss2: 0.000000 
| Global Round : 40 | Client :3 | Local Epoch : 3 | [64/605 (11%)]	Loss1: 5.840095 Loss2: 0.000000 
| Global Round : 40 | Client :3 | Local Epoch : 4 | [64/605 (11%)]	Loss1: 5.840911 Loss2: 0.000000 
| Global Round : 40 | Client :4 | Local Epoch : 0 | [64/436 (17%)]	Loss1: 5.839781 Loss2: 0.000000 
| Global Round : 40 | Client :4 | Local Epoch : 1 | [64/436 (17%)]	Loss1: 5.839930 Loss2: 0.000000 
| Global Round : 40 | Client :4 | Local Epoch : 2 | [64/436 (17%)]	Loss1: 5.839130 Loss2: 0.000000 
| Global Round : 40 | Client :4 | Local Epoch : 3 | [64/436 (17%)]	Loss1: 5.839871 Loss2: 0.000000 
| Global Round : 40 | Client :4 | Local Epoch : 4 | [64/436 (17%)]	Loss1: 5.839564 Loss2: 0.000000 
| Global Round : 40 | Client :5 | Local Epoch : 0 | [64/627 (11%)]	Loss1: 5.838974 Loss2: 0.000000 
| Global Round : 40 | Client :5 | Local Epoch : 1 | [64/627 (11%)]	Loss1: 5.839543 Loss2: 0.000000 
| Global Round : 40 | Client :5 | Local Epoch : 2 | [64/627 (11%)]	Loss1: 5.840047 Loss2: 0.000000 
| Global Round : 40 | Client :5 | Local Epoch : 3 | [64/627 (11%)]	Loss1: 5.839412 Loss2: 0.000000 
| Global Round : 40 | Client :5 | Local Epoch : 4 | [64/627 (11%)]	Loss1: 5.839680 Loss2: 0.000000 
| Global Round : 40 | Client :6 | Local Epoch : 0 | [64/571 (12%)]	Loss1: 5.840145 Loss2: 0.000000 
| Global Round : 40 | Client :6 | Local Epoch : 1 | [64/571 (12%)]	Loss1: 5.840902 Loss2: 0.000000 
| Global Round : 40 | Client :6 | Local Epoch : 2 | [64/571 (12%)]	Loss1: 5.839546 Loss2: 0.000000 
| Global Round : 40 | Client :6 | Local Epoch : 3 | [64/571 (12%)]	Loss1: 5.840575 Loss2: 0.000000 
| Global Round : 40 | Client :6 | Local Epoch : 4 | [64/571 (12%)]	Loss1: 5.840486 Loss2: 0.000000 
| Global Round : 40 | Client :7 | Local Epoch : 0 | [64/665 (10%)]	Loss1: 5.840487 Loss2: 0.000000 
| Global Round : 40 | Client :7 | Local Epoch : 1 | [64/665 (10%)]	Loss1: 5.840625 Loss2: 0.000000 
| Global Round : 40 | Client :7 | Local Epoch : 2 | [64/665 (10%)]	Loss1: 5.840030 Loss2: 0.000000 
| Global Round : 40 | Client :7 | Local Epoch : 3 | [64/665 (10%)]	Loss1: 5.841379 Loss2: 0.000000 
| Global Round : 40 | Client :7 | Local Epoch : 4 | [64/665 (10%)]	Loss1: 5.841086 Loss2: 0.000000 
| Global Round : 40 | Client :8 | Local Epoch : 0 | [64/561 (12%)]	Loss1: 5.840403 Loss2: 0.000000 
| Global Round : 40 | Client :8 | Local Epoch : 1 | [64/561 (12%)]	Loss1: 5.840482 Loss2: 0.000000 
| Global Round : 40 | Client :8 | Local Epoch : 2 | [64/561 (12%)]	Loss1: 5.840105 Loss2: 0.000000 
| Global Round : 40 | Client :8 | Local Epoch : 3 | [64/561 (12%)]	Loss1: 5.839950 Loss2: 0.000000 
| Global Round : 40 | Client :8 | Local Epoch : 4 | [64/561 (12%)]	Loss1: 5.839296 Loss2: 0.000000 
| Global Round : 40 | Client :9 | Local Epoch : 0 | [64/811 (8%)]	Loss1: 5.839970 Loss2: 0.000000 
| Global Round : 40 | Client :9 | Local Epoch : 0 | [704/811 (92%)]	Loss1: 5.839771 Loss2: 0.000000 
| Global Round : 40 | Client :9 | Local Epoch : 1 | [64/811 (8%)]	Loss1: 5.839572 Loss2: 0.000000 
| Global Round : 40 | Client :9 | Local Epoch : 1 | [704/811 (92%)]	Loss1: 5.839841 Loss2: 0.000000 
| Global Round : 40 | Client :9 | Local Epoch : 2 | [64/811 (8%)]	Loss1: 5.840243 Loss2: 0.000000 
| Global Round : 40 | Client :9 | Local Epoch : 2 | [704/811 (92%)]	Loss1: 5.840038 Loss2: 0.000000 
| Global Round : 40 | Client :9 | Local Epoch : 3 | [64/811 (8%)]	Loss1: 5.840243 Loss2: 0.000000 
| Global Round : 40 | Client :9 | Local Epoch : 3 | [704/811 (92%)]	Loss1: 5.840388 Loss2: 0.000000 
| Global Round : 40 | Client :9 | Local Epoch : 4 | [64/811 (8%)]	Loss1: 5.839265 Loss2: 0.000000 
| Global Round : 40 | Client :9 | Local Epoch : 4 | [704/811 (92%)]	Loss1: 5.840571 Loss2: 0.000000 
average loss:   5.8384387315454935
average local test accuracy: 0.860546875
average global test accuracy:  0.6182291666666666

 | Global Training Round : 41 |

xi_k [0.49008602 0.4801196  0.51380111 0.50700528 0.46909439 0.48920401
 0.47754929 0.5126206  0.48602101 0.50429946]
max_exp: -1.0
coe: 10
Regulation [0.8 0.8 0.8 0.8 0.8 0.8 0.8 0.8 0.8 0.8]
Solver status: optimal_inaccurate
b_new: [1. 1. 1. 1. 1. 1. 1. 1. 1. 1.]
Iter 0: obj=48.8980, best_obj=48.8980, ||b_new-b_prev||₂=2.846050
xi_k [0.49008602 0.4801196  0.51380111 0.50700528 0.46909439 0.48920401
 0.47754929 0.5126206  0.48602101 0.50429946]
max_exp: -1.0
coe: 10
Regulation [-1. -1. -1. -1. -1. -1. -1. -1. -1. -1.]
Solver status: optimal_inaccurate
b_new: [1. 1. 1. 1. 1. 1. 1. 1. 1. 1.]
Iter 1: obj=49.7980, best_obj=49.7980, ||b_new-b_prev||₂=0.000000
Converged.
Final b: [1. 1. 1. 1. 1. 1. 1. 1. 1. 1.]
<class 'numpy.ndarray'>
b_float: [1. 1. 1. 1. 1. 1. 1. 1. 1. 1.]
b: [1 1 1 1 1 1 1 1 1 1]
active_clients:  [0, 1, 2, 3, 4, 5, 6, 7, 8, 9]
Client 0's s_k are:[0 0 0 0 0 0 0 0 0 0]
Client 1's s_k are:[0 0 0 0 0 0 0 0 0 0]
Client 2's s_k are:[0 0 0 0 0 0 0 0 0 0]
Client 3's s_k are:[0 0 0 0 0 0 0 0 0 0]
Client 4's s_k are:[0 0 0 0 0 0 0 0 0 0]
Client 5's s_k are:[0 0 0 0 0 0 0 0 0 0]
Client 6's s_k are:[0 0 0 0 0 0 0 0 0 0]
Client 7's s_k are:[0 0 0 0 0 0 0 0 0 0]
Client 8's s_k are:[0 0 0 0 0 0 0 0 0 0]
Client 9's s_k are:[0 0 0 0 0 0 0 0 0 0]
| Global Round : 41 | Client :0 | Local Epoch : 0 | [64/626 (11%)]	Loss1: 5.841599 Loss2: 0.000000 
| Global Round : 41 | Client :0 | Local Epoch : 1 | [64/626 (11%)]	Loss1: 5.841311 Loss2: 0.000000 
| Global Round : 41 | Client :0 | Local Epoch : 2 | [64/626 (11%)]	Loss1: 5.840694 Loss2: 0.000000 
| Global Round : 41 | Client :0 | Local Epoch : 3 | [64/626 (11%)]	Loss1: 5.840497 Loss2: 0.000000 
| Global Round : 41 | Client :0 | Local Epoch : 4 | [64/626 (11%)]	Loss1: 5.840718 Loss2: 0.000000 
| Global Round : 41 | Client :1 | Local Epoch : 0 | [64/497 (14%)]	Loss1: 5.839807 Loss2: 0.000000 
| Global Round : 41 | Client :1 | Local Epoch : 1 | [64/497 (14%)]	Loss1: 5.841674 Loss2: 0.000000 
| Global Round : 41 | Client :1 | Local Epoch : 2 | [64/497 (14%)]	Loss1: 5.843208 Loss2: 0.000000 
| Global Round : 41 | Client :1 | Local Epoch : 3 | [64/497 (14%)]	Loss1: 5.840767 Loss2: 0.000000 
| Global Round : 41 | Client :1 | Local Epoch : 4 | [64/497 (14%)]	Loss1: 5.841618 Loss2: 0.000000 
| Global Round : 41 | Client :2 | Local Epoch : 0 | [64/597 (11%)]	Loss1: 5.839813 Loss2: 0.000000 
| Global Round : 41 | Client :2 | Local Epoch : 1 | [64/597 (11%)]	Loss1: 5.839977 Loss2: 0.000000 
| Global Round : 41 | Client :2 | Local Epoch : 2 | [64/597 (11%)]	Loss1: 5.839290 Loss2: 0.000000 
| Global Round : 41 | Client :2 | Local Epoch : 3 | [64/597 (11%)]	Loss1: 5.840192 Loss2: 0.000000 
| Global Round : 41 | Client :2 | Local Epoch : 4 | [64/597 (11%)]	Loss1: 5.839053 Loss2: 0.000000 
| Global Round : 41 | Client :3 | Local Epoch : 0 | [64/605 (11%)]	Loss1: 5.840264 Loss2: 0.000000 
| Global Round : 41 | Client :3 | Local Epoch : 1 | [64/605 (11%)]	Loss1: 5.841564 Loss2: 0.000000 
| Global Round : 41 | Client :3 | Local Epoch : 2 | [64/605 (11%)]	Loss1: 5.840234 Loss2: 0.000000 
| Global Round : 41 | Client :3 | Local Epoch : 3 | [64/605 (11%)]	Loss1: 5.840776 Loss2: 0.000000 
| Global Round : 41 | Client :3 | Local Epoch : 4 | [64/605 (11%)]	Loss1: 5.840225 Loss2: 0.000000 
| Global Round : 41 | Client :4 | Local Epoch : 0 | [64/436 (17%)]	Loss1: 5.840560 Loss2: 0.000000 
| Global Round : 41 | Client :4 | Local Epoch : 1 | [64/436 (17%)]	Loss1: 5.841076 Loss2: 0.000000 
| Global Round : 41 | Client :4 | Local Epoch : 2 | [64/436 (17%)]	Loss1: 5.840518 Loss2: 0.000000 
| Global Round : 41 | Client :4 | Local Epoch : 3 | [64/436 (17%)]	Loss1: 5.840082 Loss2: 0.000000 
| Global Round : 41 | Client :4 | Local Epoch : 4 | [64/436 (17%)]	Loss1: 5.839542 Loss2: 0.000000 
| Global Round : 41 | Client :5 | Local Epoch : 0 | [64/627 (11%)]	Loss1: 5.839433 Loss2: 0.000000 
| Global Round : 41 | Client :5 | Local Epoch : 1 | [64/627 (11%)]	Loss1: 5.839284 Loss2: 0.000000 
| Global Round : 41 | Client :5 | Local Epoch : 2 | [64/627 (11%)]	Loss1: 5.839710 Loss2: 0.000000 
| Global Round : 41 | Client :5 | Local Epoch : 3 | [64/627 (11%)]	Loss1: 5.839269 Loss2: 0.000000 
| Global Round : 41 | Client :5 | Local Epoch : 4 | [64/627 (11%)]	Loss1: 5.840408 Loss2: 0.000000 
| Global Round : 41 | Client :6 | Local Epoch : 0 | [64/571 (12%)]	Loss1: 5.839645 Loss2: 0.000000 
| Global Round : 41 | Client :6 | Local Epoch : 1 | [64/571 (12%)]	Loss1: 5.839794 Loss2: 0.000000 
| Global Round : 41 | Client :6 | Local Epoch : 2 | [64/571 (12%)]	Loss1: 5.840564 Loss2: 0.000000 
| Global Round : 41 | Client :6 | Local Epoch : 3 | [64/571 (12%)]	Loss1: 5.839597 Loss2: 0.000000 
| Global Round : 41 | Client :6 | Local Epoch : 4 | [64/571 (12%)]	Loss1: 5.839384 Loss2: 0.000000 
| Global Round : 41 | Client :7 | Local Epoch : 0 | [64/665 (10%)]	Loss1: 5.840456 Loss2: 0.000000 
| Global Round : 41 | Client :7 | Local Epoch : 1 | [64/665 (10%)]	Loss1: 5.840662 Loss2: 0.000000 
| Global Round : 41 | Client :7 | Local Epoch : 2 | [64/665 (10%)]	Loss1: 5.840598 Loss2: 0.000000 
| Global Round : 41 | Client :7 | Local Epoch : 3 | [64/665 (10%)]	Loss1: 5.839836 Loss2: 0.000000 
| Global Round : 41 | Client :7 | Local Epoch : 4 | [64/665 (10%)]	Loss1: 5.839709 Loss2: 0.000000 
| Global Round : 41 | Client :8 | Local Epoch : 0 | [64/561 (12%)]	Loss1: 5.839817 Loss2: 0.000000 
| Global Round : 41 | Client :8 | Local Epoch : 1 | [64/561 (12%)]	Loss1: 5.840722 Loss2: 0.000000 
| Global Round : 41 | Client :8 | Local Epoch : 2 | [64/561 (12%)]	Loss1: 5.839647 Loss2: 0.000000 
| Global Round : 41 | Client :8 | Local Epoch : 3 | [64/561 (12%)]	Loss1: 5.840375 Loss2: 0.000000 
| Global Round : 41 | Client :8 | Local Epoch : 4 | [64/561 (12%)]	Loss1: 5.840465 Loss2: 0.000000 
| Global Round : 41 | Client :9 | Local Epoch : 0 | [64/811 (8%)]	Loss1: 5.839723 Loss2: 0.000000 
| Global Round : 41 | Client :9 | Local Epoch : 0 | [704/811 (92%)]	Loss1: 5.839417 Loss2: 0.000000 
| Global Round : 41 | Client :9 | Local Epoch : 1 | [64/811 (8%)]	Loss1: 5.839913 Loss2: 0.000000 
| Global Round : 41 | Client :9 | Local Epoch : 1 | [704/811 (92%)]	Loss1: 5.840358 Loss2: 0.000000 
| Global Round : 41 | Client :9 | Local Epoch : 2 | [64/811 (8%)]	Loss1: 5.839293 Loss2: 0.000000 
| Global Round : 41 | Client :9 | Local Epoch : 2 | [704/811 (92%)]	Loss1: 5.840195 Loss2: 0.000000 
| Global Round : 41 | Client :9 | Local Epoch : 3 | [64/811 (8%)]	Loss1: 5.839691 Loss2: 0.000000 
| Global Round : 41 | Client :9 | Local Epoch : 3 | [704/811 (92%)]	Loss1: 5.839774 Loss2: 0.000000 
| Global Round : 41 | Client :9 | Local Epoch : 4 | [64/811 (8%)]	Loss1: 5.841314 Loss2: 0.000000 
| Global Round : 41 | Client :9 | Local Epoch : 4 | [704/811 (92%)]	Loss1: 5.840075 Loss2: 0.000000 
average loss:   5.838449464147053
average local test accuracy: 0.844921875
average global test accuracy:  0.5535156250000001

 | Global Training Round : 42 |

xi_k [0.49008979 0.48012936 0.51378625 0.50700947 0.46910967 0.4891912
 0.4775559  0.51260683 0.48605846 0.50431857]
max_exp: -1.0
coe: 10
Regulation [0.8 0.8 0.8 0.8 0.8 0.8 0.8 0.8 0.8 0.8]
Solver status: optimal_inaccurate
b_new: [1. 1. 1. 1. 1. 1. 1. 1. 1. 1.]
Iter 0: obj=48.8986, best_obj=48.8986, ||b_new-b_prev||₂=2.846050
xi_k [0.49008979 0.48012936 0.51378625 0.50700947 0.46910967 0.4891912
 0.4775559  0.51260683 0.48605846 0.50431857]
max_exp: -1.0
coe: 10
Regulation [-1. -1. -1. -1. -1. -1. -1. -1. -1. -1.]
Solver status: optimal_inaccurate
b_new: [1. 1. 1. 1. 1. 1. 1. 1. 1. 1.]
Iter 1: obj=49.7986, best_obj=49.7986, ||b_new-b_prev||₂=0.000000
Converged.
Final b: [1. 1. 1. 1. 1. 1. 1. 1. 1. 1.]
<class 'numpy.ndarray'>
b_float: [1. 1. 1. 1. 1. 1. 1. 1. 1. 1.]
b: [1 1 1 1 1 1 1 1 1 1]
active_clients:  [0, 1, 2, 3, 4, 5, 6, 7, 8, 9]
Client 0's s_k are:[0 0 0 0 0 0 0 0 0 0]
Client 1's s_k are:[0 0 0 0 0 0 0 0 0 0]
Client 2's s_k are:[0 0 0 0 0 0 0 0 0 0]
Client 3's s_k are:[0 0 0 0 0 0 0 0 0 0]
Client 4's s_k are:[0 0 0 0 0 0 0 0 0 0]
Client 5's s_k are:[0 0 0 0 0 0 0 0 0 0]
Client 6's s_k are:[0 0 0 0 0 0 0 0 0 0]
Client 7's s_k are:[0 0 0 0 0 0 0 0 0 0]
Client 8's s_k are:[0 0 0 0 0 0 0 0 0 0]
Client 9's s_k are:[0 0 0 0 0 0 0 0 0 0]
| Global Round : 42 | Client :0 | Local Epoch : 0 | [64/626 (11%)]	Loss1: 5.840784 Loss2: 0.000000 
| Global Round : 42 | Client :0 | Local Epoch : 1 | [64/626 (11%)]	Loss1: 5.841348 Loss2: 0.000000 
| Global Round : 42 | Client :0 | Local Epoch : 2 | [64/626 (11%)]	Loss1: 5.841931 Loss2: 0.000000 
| Global Round : 42 | Client :0 | Local Epoch : 3 | [64/626 (11%)]	Loss1: 5.840928 Loss2: 0.000000 
| Global Round : 42 | Client :0 | Local Epoch : 4 | [64/626 (11%)]	Loss1: 5.840994 Loss2: 0.000000 
| Global Round : 42 | Client :1 | Local Epoch : 0 | [64/497 (14%)]	Loss1: 5.840292 Loss2: 0.000000 
| Global Round : 42 | Client :1 | Local Epoch : 1 | [64/497 (14%)]	Loss1: 5.840394 Loss2: 0.000000 
| Global Round : 42 | Client :1 | Local Epoch : 2 | [64/497 (14%)]	Loss1: 5.841046 Loss2: 0.000000 
| Global Round : 42 | Client :1 | Local Epoch : 3 | [64/497 (14%)]	Loss1: 5.840505 Loss2: 0.000000 
| Global Round : 42 | Client :1 | Local Epoch : 4 | [64/497 (14%)]	Loss1: 5.841029 Loss2: 0.000000 
| Global Round : 42 | Client :2 | Local Epoch : 0 | [64/597 (11%)]	Loss1: 5.839953 Loss2: 0.000000 
| Global Round : 42 | Client :2 | Local Epoch : 1 | [64/597 (11%)]	Loss1: 5.840587 Loss2: 0.000000 
| Global Round : 42 | Client :2 | Local Epoch : 2 | [64/597 (11%)]	Loss1: 5.839330 Loss2: 0.000000 
| Global Round : 42 | Client :2 | Local Epoch : 3 | [64/597 (11%)]	Loss1: 5.839296 Loss2: 0.000000 
| Global Round : 42 | Client :2 | Local Epoch : 4 | [64/597 (11%)]	Loss1: 5.839583 Loss2: 0.000000 
| Global Round : 42 | Client :3 | Local Epoch : 0 | [64/605 (11%)]	Loss1: 5.840639 Loss2: 0.000000 
| Global Round : 42 | Client :3 | Local Epoch : 1 | [64/605 (11%)]	Loss1: 5.840636 Loss2: 0.000000 
| Global Round : 42 | Client :3 | Local Epoch : 2 | [64/605 (11%)]	Loss1: 5.840259 Loss2: 0.000000 
| Global Round : 42 | Client :3 | Local Epoch : 3 | [64/605 (11%)]	Loss1: 5.841003 Loss2: 0.000000 
| Global Round : 42 | Client :3 | Local Epoch : 4 | [64/605 (11%)]	Loss1: 5.841036 Loss2: 0.000000 
| Global Round : 42 | Client :4 | Local Epoch : 0 | [64/436 (17%)]	Loss1: 5.840646 Loss2: 0.000000 
| Global Round : 42 | Client :4 | Local Epoch : 1 | [64/436 (17%)]	Loss1: 5.840193 Loss2: 0.000000 
| Global Round : 42 | Client :4 | Local Epoch : 2 | [64/436 (17%)]	Loss1: 5.840136 Loss2: 0.000000 
| Global Round : 42 | Client :4 | Local Epoch : 3 | [64/436 (17%)]	Loss1: 5.839214 Loss2: 0.000000 
| Global Round : 42 | Client :4 | Local Epoch : 4 | [64/436 (17%)]	Loss1: 5.839940 Loss2: 0.000000 
| Global Round : 42 | Client :5 | Local Epoch : 0 | [64/627 (11%)]	Loss1: 5.839710 Loss2: 0.000000 
| Global Round : 42 | Client :5 | Local Epoch : 1 | [64/627 (11%)]	Loss1: 5.840046 Loss2: 0.000000 
| Global Round : 42 | Client :5 | Local Epoch : 2 | [64/627 (11%)]	Loss1: 5.839496 Loss2: 0.000000 
| Global Round : 42 | Client :5 | Local Epoch : 3 | [64/627 (11%)]	Loss1: 5.840126 Loss2: 0.000000 
| Global Round : 42 | Client :5 | Local Epoch : 4 | [64/627 (11%)]	Loss1: 5.839737 Loss2: 0.000000 
| Global Round : 42 | Client :6 | Local Epoch : 0 | [64/571 (12%)]	Loss1: 5.839318 Loss2: 0.000000 
| Global Round : 42 | Client :6 | Local Epoch : 1 | [64/571 (12%)]	Loss1: 5.840308 Loss2: 0.000000 
| Global Round : 42 | Client :6 | Local Epoch : 2 | [64/571 (12%)]	Loss1: 5.839457 Loss2: 0.000000 
| Global Round : 42 | Client :6 | Local Epoch : 3 | [64/571 (12%)]	Loss1: 5.839672 Loss2: 0.000000 
| Global Round : 42 | Client :6 | Local Epoch : 4 | [64/571 (12%)]	Loss1: 5.840156 Loss2: 0.000000 
| Global Round : 42 | Client :7 | Local Epoch : 0 | [64/665 (10%)]	Loss1: 5.839805 Loss2: 0.000000 
| Global Round : 42 | Client :7 | Local Epoch : 1 | [64/665 (10%)]	Loss1: 5.840176 Loss2: 0.000000 
| Global Round : 42 | Client :7 | Local Epoch : 2 | [64/665 (10%)]	Loss1: 5.840481 Loss2: 0.000000 
| Global Round : 42 | Client :7 | Local Epoch : 3 | [64/665 (10%)]	Loss1: 5.841293 Loss2: 0.000000 
| Global Round : 42 | Client :7 | Local Epoch : 4 | [64/665 (10%)]	Loss1: 5.840041 Loss2: 0.000000 
| Global Round : 42 | Client :8 | Local Epoch : 0 | [64/561 (12%)]	Loss1: 5.840629 Loss2: 0.000000 
| Global Round : 42 | Client :8 | Local Epoch : 1 | [64/561 (12%)]	Loss1: 5.840007 Loss2: 0.000000 
| Global Round : 42 | Client :8 | Local Epoch : 2 | [64/561 (12%)]	Loss1: 5.839506 Loss2: 0.000000 
| Global Round : 42 | Client :8 | Local Epoch : 3 | [64/561 (12%)]	Loss1: 5.839975 Loss2: 0.000000 
| Global Round : 42 | Client :8 | Local Epoch : 4 | [64/561 (12%)]	Loss1: 5.840425 Loss2: 0.000000 
| Global Round : 42 | Client :9 | Local Epoch : 0 | [64/811 (8%)]	Loss1: 5.840112 Loss2: 0.000000 
| Global Round : 42 | Client :9 | Local Epoch : 0 | [704/811 (92%)]	Loss1: 5.840577 Loss2: 0.000000 
| Global Round : 42 | Client :9 | Local Epoch : 1 | [64/811 (8%)]	Loss1: 5.839515 Loss2: 0.000000 
| Global Round : 42 | Client :9 | Local Epoch : 1 | [704/811 (92%)]	Loss1: 5.839726 Loss2: 0.000000 
| Global Round : 42 | Client :9 | Local Epoch : 2 | [64/811 (8%)]	Loss1: 5.840371 Loss2: 0.000000 
| Global Round : 42 | Client :9 | Local Epoch : 2 | [704/811 (92%)]	Loss1: 5.839758 Loss2: 0.000000 
| Global Round : 42 | Client :9 | Local Epoch : 3 | [64/811 (8%)]	Loss1: 5.840093 Loss2: 0.000000 
| Global Round : 42 | Client :9 | Local Epoch : 3 | [704/811 (92%)]	Loss1: 5.840229 Loss2: 0.000000 
| Global Round : 42 | Client :9 | Local Epoch : 4 | [64/811 (8%)]	Loss1: 5.839508 Loss2: 0.000000 
| Global Round : 42 | Client :9 | Local Epoch : 4 | [704/811 (92%)]	Loss1: 5.840102 Loss2: 0.000000 
average loss:   5.83842408719517
average local test accuracy: 0.8412760416666666
average global test accuracy:  0.572265625

 | Global Training Round : 43 |

xi_k [0.49009249 0.4801401  0.51378752 0.50704083 0.469067   0.48920004
 0.47753048 0.51261141 0.48603006 0.50429622]
max_exp: -1.0
coe: 10
Regulation [0.8 0.8 0.8 0.8 0.8 0.8 0.8 0.8 0.8 0.8]
Solver status: optimal_inaccurate
b_new: [1. 1. 1. 1. 1. 1. 1. 1. 1. 1.]
Iter 0: obj=48.8980, best_obj=48.8980, ||b_new-b_prev||₂=2.846050
xi_k [0.49009249 0.4801401  0.51378752 0.50704083 0.469067   0.48920004
 0.47753048 0.51261141 0.48603006 0.50429622]
max_exp: -1.0
coe: 10
Regulation [-1. -1. -1. -1. -1. -1. -1. -1. -1. -1.]
Solver status: optimal_inaccurate
b_new: [1. 1. 1. 1. 1. 1. 1. 1. 1. 1.]
Iter 1: obj=49.7980, best_obj=49.7980, ||b_new-b_prev||₂=0.000000
Converged.
Final b: [1. 1. 1. 1. 1. 1. 1. 1. 1. 1.]
<class 'numpy.ndarray'>
b_float: [1. 1. 1. 1. 1. 1. 1. 1. 1. 1.]
b: [1 1 1 1 1 1 1 1 1 1]
active_clients:  [0, 1, 2, 3, 4, 5, 6, 7, 8, 9]
Client 0's s_k are:[0 0 0 0 0 0 0 0 0 0]
Client 1's s_k are:[0 0 0 0 0 0 0 0 0 0]
Client 2's s_k are:[0 0 0 0 0 0 0 0 0 0]
Client 3's s_k are:[0 0 0 0 0 0 0 0 0 0]
Client 4's s_k are:[0 0 0 0 0 0 0 0 0 0]
Client 5's s_k are:[0 0 0 0 0 0 0 0 0 0]
Client 6's s_k are:[0 0 0 0 0 0 0 0 0 0]
Client 7's s_k are:[0 0 0 0 0 0 0 0 0 0]
Client 8's s_k are:[0 0 0 0 0 0 0 0 0 0]
Client 9's s_k are:[0 0 0 0 0 0 0 0 0 0]
| Global Round : 43 | Client :0 | Local Epoch : 0 | [64/626 (11%)]	Loss1: 5.841672 Loss2: 0.000000 
| Global Round : 43 | Client :0 | Local Epoch : 1 | [64/626 (11%)]	Loss1: 5.841254 Loss2: 0.000000 
| Global Round : 43 | Client :0 | Local Epoch : 2 | [64/626 (11%)]	Loss1: 5.840955 Loss2: 0.000000 
| Global Round : 43 | Client :0 | Local Epoch : 3 | [64/626 (11%)]	Loss1: 5.840717 Loss2: 0.000000 
| Global Round : 43 | Client :0 | Local Epoch : 4 | [64/626 (11%)]	Loss1: 5.841207 Loss2: 0.000000 
| Global Round : 43 | Client :1 | Local Epoch : 0 | [64/497 (14%)]	Loss1: 5.840256 Loss2: 0.000000 
| Global Round : 43 | Client :1 | Local Epoch : 1 | [64/497 (14%)]	Loss1: 5.841370 Loss2: 0.000000 
| Global Round : 43 | Client :1 | Local Epoch : 2 | [64/497 (14%)]	Loss1: 5.840503 Loss2: 0.000000 
| Global Round : 43 | Client :1 | Local Epoch : 3 | [64/497 (14%)]	Loss1: 5.840463 Loss2: 0.000000 
| Global Round : 43 | Client :1 | Local Epoch : 4 | [64/497 (14%)]	Loss1: 5.842246 Loss2: 0.000000 
| Global Round : 43 | Client :2 | Local Epoch : 0 | [64/597 (11%)]	Loss1: 5.840586 Loss2: 0.000000 
| Global Round : 43 | Client :2 | Local Epoch : 1 | [64/597 (11%)]	Loss1: 5.840294 Loss2: 0.000000 
| Global Round : 43 | Client :2 | Local Epoch : 2 | [64/597 (11%)]	Loss1: 5.839472 Loss2: 0.000000 
| Global Round : 43 | Client :2 | Local Epoch : 3 | [64/597 (11%)]	Loss1: 5.839312 Loss2: 0.000000 
| Global Round : 43 | Client :2 | Local Epoch : 4 | [64/597 (11%)]	Loss1: 5.840394 Loss2: 0.000000 
| Global Round : 43 | Client :3 | Local Epoch : 0 | [64/605 (11%)]	Loss1: 5.840966 Loss2: 0.000000 
| Global Round : 43 | Client :3 | Local Epoch : 1 | [64/605 (11%)]	Loss1: 5.841033 Loss2: 0.000000 
| Global Round : 43 | Client :3 | Local Epoch : 2 | [64/605 (11%)]	Loss1: 5.840062 Loss2: 0.000000 
| Global Round : 43 | Client :3 | Local Epoch : 3 | [64/605 (11%)]	Loss1: 5.840140 Loss2: 0.000000 
| Global Round : 43 | Client :3 | Local Epoch : 4 | [64/605 (11%)]	Loss1: 5.840810 Loss2: 0.000000 
| Global Round : 43 | Client :4 | Local Epoch : 0 | [64/436 (17%)]	Loss1: 5.840279 Loss2: 0.000000 
| Global Round : 43 | Client :4 | Local Epoch : 1 | [64/436 (17%)]	Loss1: 5.839373 Loss2: 0.000000 
| Global Round : 43 | Client :4 | Local Epoch : 2 | [64/436 (17%)]	Loss1: 5.839564 Loss2: 0.000000 
| Global Round : 43 | Client :4 | Local Epoch : 3 | [64/436 (17%)]	Loss1: 5.841609 Loss2: 0.000000 
| Global Round : 43 | Client :4 | Local Epoch : 4 | [64/436 (17%)]	Loss1: 5.841521 Loss2: 0.000000 
| Global Round : 43 | Client :5 | Local Epoch : 0 | [64/627 (11%)]	Loss1: 5.838762 Loss2: 0.000000 
| Global Round : 43 | Client :5 | Local Epoch : 1 | [64/627 (11%)]	Loss1: 5.839392 Loss2: 0.000000 
| Global Round : 43 | Client :5 | Local Epoch : 2 | [64/627 (11%)]	Loss1: 5.841138 Loss2: 0.000000 
| Global Round : 43 | Client :5 | Local Epoch : 3 | [64/627 (11%)]	Loss1: 5.839160 Loss2: 0.000000 
| Global Round : 43 | Client :5 | Local Epoch : 4 | [64/627 (11%)]	Loss1: 5.839910 Loss2: 0.000000 
| Global Round : 43 | Client :6 | Local Epoch : 0 | [64/571 (12%)]	Loss1: 5.840137 Loss2: 0.000000 
| Global Round : 43 | Client :6 | Local Epoch : 1 | [64/571 (12%)]	Loss1: 5.839452 Loss2: 0.000000 
| Global Round : 43 | Client :6 | Local Epoch : 2 | [64/571 (12%)]	Loss1: 5.839856 Loss2: 0.000000 
| Global Round : 43 | Client :6 | Local Epoch : 3 | [64/571 (12%)]	Loss1: 5.842144 Loss2: 0.000000 
| Global Round : 43 | Client :6 | Local Epoch : 4 | [64/571 (12%)]	Loss1: 5.839113 Loss2: 0.000000 
| Global Round : 43 | Client :7 | Local Epoch : 0 | [64/665 (10%)]	Loss1: 5.839513 Loss2: 0.000000 
| Global Round : 43 | Client :7 | Local Epoch : 1 | [64/665 (10%)]	Loss1: 5.839982 Loss2: 0.000000 
| Global Round : 43 | Client :7 | Local Epoch : 2 | [64/665 (10%)]	Loss1: 5.840579 Loss2: 0.000000 
| Global Round : 43 | Client :7 | Local Epoch : 3 | [64/665 (10%)]	Loss1: 5.840990 Loss2: 0.000000 
| Global Round : 43 | Client :7 | Local Epoch : 4 | [64/665 (10%)]	Loss1: 5.842034 Loss2: 0.000000 
| Global Round : 43 | Client :8 | Local Epoch : 0 | [64/561 (12%)]	Loss1: 5.839830 Loss2: 0.000000 
| Global Round : 43 | Client :8 | Local Epoch : 1 | [64/561 (12%)]	Loss1: 5.839842 Loss2: 0.000000 
| Global Round : 43 | Client :8 | Local Epoch : 2 | [64/561 (12%)]	Loss1: 5.839164 Loss2: 0.000000 
| Global Round : 43 | Client :8 | Local Epoch : 3 | [64/561 (12%)]	Loss1: 5.840230 Loss2: 0.000000 
| Global Round : 43 | Client :8 | Local Epoch : 4 | [64/561 (12%)]	Loss1: 5.839788 Loss2: 0.000000 
| Global Round : 43 | Client :9 | Local Epoch : 0 | [64/811 (8%)]	Loss1: 5.839515 Loss2: 0.000000 
| Global Round : 43 | Client :9 | Local Epoch : 0 | [704/811 (92%)]	Loss1: 5.840629 Loss2: 0.000000 
| Global Round : 43 | Client :9 | Local Epoch : 1 | [64/811 (8%)]	Loss1: 5.840229 Loss2: 0.000000 
| Global Round : 43 | Client :9 | Local Epoch : 1 | [704/811 (92%)]	Loss1: 5.840118 Loss2: 0.000000 
| Global Round : 43 | Client :9 | Local Epoch : 2 | [64/811 (8%)]	Loss1: 5.840170 Loss2: 0.000000 
| Global Round : 43 | Client :9 | Local Epoch : 2 | [704/811 (92%)]	Loss1: 5.839768 Loss2: 0.000000 
| Global Round : 43 | Client :9 | Local Epoch : 3 | [64/811 (8%)]	Loss1: 5.839396 Loss2: 0.000000 
| Global Round : 43 | Client :9 | Local Epoch : 3 | [704/811 (92%)]	Loss1: 5.839620 Loss2: 0.000000 
| Global Round : 43 | Client :9 | Local Epoch : 4 | [64/811 (8%)]	Loss1: 5.840443 Loss2: 0.000000 
| Global Round : 43 | Client :9 | Local Epoch : 4 | [704/811 (92%)]	Loss1: 5.840364 Loss2: 0.000000 
average loss:   5.83837469727274
average local test accuracy: 0.8434895833333332
average global test accuracy:  0.551171875

 | Global Training Round : 44 |

xi_k [0.49006084 0.48009724 0.5137948  0.50700589 0.46910902 0.48919405
 0.4775348  0.51259005 0.48601588 0.50431557]
max_exp: -1.0
coe: 10
Regulation [0.8 0.8 0.8 0.8 0.8 0.8 0.8 0.8 0.8 0.8]
Solver status: optimal_inaccurate
b_new: [1. 1. 1. 1. 1. 1. 1. 1. 1. 1.]
Iter 0: obj=48.8972, best_obj=48.8972, ||b_new-b_prev||₂=2.846050
xi_k [0.49006084 0.48009724 0.5137948  0.50700589 0.46910902 0.48919405
 0.4775348  0.51259005 0.48601588 0.50431557]
max_exp: -1.0
coe: 10
Regulation [-1. -1. -1. -1. -1. -1. -1. -1. -1. -1.]
Solver status: optimal_inaccurate
b_new: [1. 1. 1. 1. 1. 1. 1. 1. 1. 1.]
Iter 1: obj=49.7972, best_obj=49.7972, ||b_new-b_prev||₂=0.000000
Converged.
Final b: [1. 1. 1. 1. 1. 1. 1. 1. 1. 1.]
<class 'numpy.ndarray'>
b_float: [1. 1. 1. 1. 1. 1. 1. 1. 1. 1.]
b: [1 1 1 1 1 1 1 1 1 1]
active_clients:  [0, 1, 2, 3, 4, 5, 6, 7, 8, 9]
Client 0's s_k are:[0 0 0 0 0 0 0 0 0 0]
Client 1's s_k are:[0 0 0 0 0 0 0 0 0 0]
Client 2's s_k are:[0 0 0 0 0 0 0 0 0 0]
Client 3's s_k are:[0 0 0 0 0 0 0 0 0 0]
Client 4's s_k are:[0 0 0 0 0 0 0 0 0 0]
Client 5's s_k are:[0 0 0 0 0 0 0 0 0 0]
Client 6's s_k are:[0 0 0 0 0 0 0 0 0 0]
Client 7's s_k are:[0 0 0 0 0 0 0 0 0 0]
Client 8's s_k are:[0 0 0 0 0 0 0 0 0 0]
Client 9's s_k are:[0 0 0 0 0 0 0 0 0 0]
| Global Round : 44 | Client :0 | Local Epoch : 0 | [64/626 (11%)]	Loss1: 5.840750 Loss2: 0.000000 
| Global Round : 44 | Client :0 | Local Epoch : 1 | [64/626 (11%)]	Loss1: 5.841113 Loss2: 0.000000 
| Global Round : 44 | Client :0 | Local Epoch : 2 | [64/626 (11%)]	Loss1: 5.840342 Loss2: 0.000000 
| Global Round : 44 | Client :0 | Local Epoch : 3 | [64/626 (11%)]	Loss1: 5.841800 Loss2: 0.000000 
| Global Round : 44 | Client :0 | Local Epoch : 4 | [64/626 (11%)]	Loss1: 5.841104 Loss2: 0.000000 
| Global Round : 44 | Client :1 | Local Epoch : 0 | [64/497 (14%)]	Loss1: 5.841949 Loss2: 0.000000 
| Global Round : 44 | Client :1 | Local Epoch : 1 | [64/497 (14%)]	Loss1: 5.839822 Loss2: 0.000000 
| Global Round : 44 | Client :1 | Local Epoch : 2 | [64/497 (14%)]	Loss1: 5.840876 Loss2: 0.000000 
| Global Round : 44 | Client :1 | Local Epoch : 3 | [64/497 (14%)]	Loss1: 5.840661 Loss2: 0.000000 
| Global Round : 44 | Client :1 | Local Epoch : 4 | [64/497 (14%)]	Loss1: 5.841205 Loss2: 0.000000 
| Global Round : 44 | Client :2 | Local Epoch : 0 | [64/597 (11%)]	Loss1: 5.839740 Loss2: 0.000000 
| Global Round : 44 | Client :2 | Local Epoch : 1 | [64/597 (11%)]	Loss1: 5.839429 Loss2: 0.000000 
| Global Round : 44 | Client :2 | Local Epoch : 2 | [64/597 (11%)]	Loss1: 5.839528 Loss2: 0.000000 
| Global Round : 44 | Client :2 | Local Epoch : 3 | [64/597 (11%)]	Loss1: 5.839296 Loss2: 0.000000 
| Global Round : 44 | Client :2 | Local Epoch : 4 | [64/597 (11%)]	Loss1: 5.839346 Loss2: 0.000000 
| Global Round : 44 | Client :3 | Local Epoch : 0 | [64/605 (11%)]	Loss1: 5.841133 Loss2: 0.000000 
| Global Round : 44 | Client :3 | Local Epoch : 1 | [64/605 (11%)]	Loss1: 5.840570 Loss2: 0.000000 
| Global Round : 44 | Client :3 | Local Epoch : 2 | [64/605 (11%)]	Loss1: 5.839723 Loss2: 0.000000 
| Global Round : 44 | Client :3 | Local Epoch : 3 | [64/605 (11%)]	Loss1: 5.841617 Loss2: 0.000000 
| Global Round : 44 | Client :3 | Local Epoch : 4 | [64/605 (11%)]	Loss1: 5.840591 Loss2: 0.000000 
| Global Round : 44 | Client :4 | Local Epoch : 0 | [64/436 (17%)]	Loss1: 5.841128 Loss2: 0.000000 
| Global Round : 44 | Client :4 | Local Epoch : 1 | [64/436 (17%)]	Loss1: 5.840410 Loss2: 0.000000 
| Global Round : 44 | Client :4 | Local Epoch : 2 | [64/436 (17%)]	Loss1: 5.839610 Loss2: 0.000000 
| Global Round : 44 | Client :4 | Local Epoch : 3 | [64/436 (17%)]	Loss1: 5.842056 Loss2: 0.000000 
| Global Round : 44 | Client :4 | Local Epoch : 4 | [64/436 (17%)]	Loss1: 5.841177 Loss2: 0.000000 
| Global Round : 44 | Client :5 | Local Epoch : 0 | [64/627 (11%)]	Loss1: 5.840211 Loss2: 0.000000 
| Global Round : 44 | Client :5 | Local Epoch : 1 | [64/627 (11%)]	Loss1: 5.840332 Loss2: 0.000000 
| Global Round : 44 | Client :5 | Local Epoch : 2 | [64/627 (11%)]	Loss1: 5.839627 Loss2: 0.000000 
| Global Round : 44 | Client :5 | Local Epoch : 3 | [64/627 (11%)]	Loss1: 5.839564 Loss2: 0.000000 
| Global Round : 44 | Client :5 | Local Epoch : 4 | [64/627 (11%)]	Loss1: 5.839815 Loss2: 0.000000 
| Global Round : 44 | Client :6 | Local Epoch : 0 | [64/571 (12%)]	Loss1: 5.839485 Loss2: 0.000000 
| Global Round : 44 | Client :6 | Local Epoch : 1 | [64/571 (12%)]	Loss1: 5.840229 Loss2: 0.000000 
| Global Round : 44 | Client :6 | Local Epoch : 2 | [64/571 (12%)]	Loss1: 5.839698 Loss2: 0.000000 
| Global Round : 44 | Client :6 | Local Epoch : 3 | [64/571 (12%)]	Loss1: 5.840301 Loss2: 0.000000 
| Global Round : 44 | Client :6 | Local Epoch : 4 | [64/571 (12%)]	Loss1: 5.840543 Loss2: 0.000000 
| Global Round : 44 | Client :7 | Local Epoch : 0 | [64/665 (10%)]	Loss1: 5.840557 Loss2: 0.000000 
| Global Round : 44 | Client :7 | Local Epoch : 1 | [64/665 (10%)]	Loss1: 5.841007 Loss2: 0.000000 
| Global Round : 44 | Client :7 | Local Epoch : 2 | [64/665 (10%)]	Loss1: 5.840923 Loss2: 0.000000 
| Global Round : 44 | Client :7 | Local Epoch : 3 | [64/665 (10%)]	Loss1: 5.839882 Loss2: 0.000000 
| Global Round : 44 | Client :7 | Local Epoch : 4 | [64/665 (10%)]	Loss1: 5.840791 Loss2: 0.000000 
| Global Round : 44 | Client :8 | Local Epoch : 0 | [64/561 (12%)]	Loss1: 5.839969 Loss2: 0.000000 
| Global Round : 44 | Client :8 | Local Epoch : 1 | [64/561 (12%)]	Loss1: 5.840629 Loss2: 0.000000 
| Global Round : 44 | Client :8 | Local Epoch : 2 | [64/561 (12%)]	Loss1: 5.841287 Loss2: 0.000000 
| Global Round : 44 | Client :8 | Local Epoch : 3 | [64/561 (12%)]	Loss1: 5.841221 Loss2: 0.000000 
| Global Round : 44 | Client :8 | Local Epoch : 4 | [64/561 (12%)]	Loss1: 5.839522 Loss2: 0.000000 
| Global Round : 44 | Client :9 | Local Epoch : 0 | [64/811 (8%)]	Loss1: 5.840188 Loss2: 0.000000 
| Global Round : 44 | Client :9 | Local Epoch : 0 | [704/811 (92%)]	Loss1: 5.840509 Loss2: 0.000000 
| Global Round : 44 | Client :9 | Local Epoch : 1 | [64/811 (8%)]	Loss1: 5.839847 Loss2: 0.000000 
| Global Round : 44 | Client :9 | Local Epoch : 1 | [704/811 (92%)]	Loss1: 5.839269 Loss2: 0.000000 
| Global Round : 44 | Client :9 | Local Epoch : 2 | [64/811 (8%)]	Loss1: 5.839693 Loss2: 0.000000 
| Global Round : 44 | Client :9 | Local Epoch : 2 | [704/811 (92%)]	Loss1: 5.839295 Loss2: 0.000000 
| Global Round : 44 | Client :9 | Local Epoch : 3 | [64/811 (8%)]	Loss1: 5.839715 Loss2: 0.000000 
| Global Round : 44 | Client :9 | Local Epoch : 3 | [704/811 (92%)]	Loss1: 5.839639 Loss2: 0.000000 
| Global Round : 44 | Client :9 | Local Epoch : 4 | [64/811 (8%)]	Loss1: 5.839245 Loss2: 0.000000 
| Global Round : 44 | Client :9 | Local Epoch : 4 | [704/811 (92%)]	Loss1: 5.839833 Loss2: 0.000000 
average loss:   5.838349503203044
average local test accuracy: 0.8528645833333333
average global test accuracy:  0.5451822916666667

 | Global Training Round : 45 |

xi_k [0.49004658 0.48011266 0.51379175 0.50699655 0.46912346 0.48916719
 0.47753317 0.51261807 0.48604093 0.50429414]
max_exp: -1.0
coe: 10
Regulation [0.8 0.8 0.8 0.8 0.8 0.8 0.8 0.8 0.8 0.8]
Solver status: optimal_inaccurate
b_new: [1. 1. 1. 1. 1. 1. 1. 1. 1. 1.]
Iter 0: obj=48.8972, best_obj=48.8972, ||b_new-b_prev||₂=2.846050
xi_k [0.49004658 0.48011266 0.51379175 0.50699655 0.46912346 0.48916719
 0.47753317 0.51261807 0.48604093 0.50429414]
max_exp: -1.0
coe: 10
Regulation [-1. -1. -1. -1. -1. -1. -1. -1. -1. -1.]
Solver status: optimal_inaccurate
b_new: [1. 1. 1. 1. 1. 1. 1. 1. 1. 1.]
Iter 1: obj=49.7972, best_obj=49.7972, ||b_new-b_prev||₂=0.000000
Converged.
Final b: [1. 1. 1. 1. 1. 1. 1. 1. 1. 1.]
<class 'numpy.ndarray'>
b_float: [1. 1. 1. 1. 1. 1. 1. 1. 1. 1.]
b: [1 1 1 1 1 1 1 1 1 1]
active_clients:  [0, 1, 2, 3, 4, 5, 6, 7, 8, 9]
Client 0's s_k are:[0 0 0 0 0 0 0 0 0 0]
Client 1's s_k are:[0 0 0 0 0 0 0 0 0 0]
Client 2's s_k are:[0 0 0 0 0 0 0 0 0 0]
Client 3's s_k are:[0 0 0 0 0 0 0 0 0 0]
Client 4's s_k are:[0 0 0 0 0 0 0 0 0 0]
Client 5's s_k are:[0 0 0 0 0 0 0 0 0 0]
Client 6's s_k are:[0 0 0 0 0 0 0 0 0 0]
Client 7's s_k are:[0 0 0 0 0 0 0 0 0 0]
Client 8's s_k are:[0 0 0 0 0 0 0 0 0 0]
Client 9's s_k are:[0 0 0 0 0 0 0 0 0 0]
| Global Round : 45 | Client :0 | Local Epoch : 0 | [64/626 (11%)]	Loss1: 5.840771 Loss2: 0.000000 
| Global Round : 45 | Client :0 | Local Epoch : 1 | [64/626 (11%)]	Loss1: 5.840453 Loss2: 0.000000 
| Global Round : 45 | Client :0 | Local Epoch : 2 | [64/626 (11%)]	Loss1: 5.841071 Loss2: 0.000000 
| Global Round : 45 | Client :0 | Local Epoch : 3 | [64/626 (11%)]	Loss1: 5.840135 Loss2: 0.000000 
| Global Round : 45 | Client :0 | Local Epoch : 4 | [64/626 (11%)]	Loss1: 5.841300 Loss2: 0.000000 
| Global Round : 45 | Client :1 | Local Epoch : 0 | [64/497 (14%)]	Loss1: 5.841460 Loss2: 0.000000 
| Global Round : 45 | Client :1 | Local Epoch : 1 | [64/497 (14%)]	Loss1: 5.842569 Loss2: 0.000000 
| Global Round : 45 | Client :1 | Local Epoch : 2 | [64/497 (14%)]	Loss1: 5.840746 Loss2: 0.000000 
| Global Round : 45 | Client :1 | Local Epoch : 3 | [64/497 (14%)]	Loss1: 5.841701 Loss2: 0.000000 
| Global Round : 45 | Client :1 | Local Epoch : 4 | [64/497 (14%)]	Loss1: 5.840883 Loss2: 0.000000 
| Global Round : 45 | Client :2 | Local Epoch : 0 | [64/597 (11%)]	Loss1: 5.838903 Loss2: 0.000000 
| Global Round : 45 | Client :2 | Local Epoch : 1 | [64/597 (11%)]	Loss1: 5.839736 Loss2: 0.000000 
| Global Round : 45 | Client :2 | Local Epoch : 2 | [64/597 (11%)]	Loss1: 5.839964 Loss2: 0.000000 
| Global Round : 45 | Client :2 | Local Epoch : 3 | [64/597 (11%)]	Loss1: 5.839596 Loss2: 0.000000 
| Global Round : 45 | Client :2 | Local Epoch : 4 | [64/597 (11%)]	Loss1: 5.839645 Loss2: 0.000000 
| Global Round : 45 | Client :3 | Local Epoch : 0 | [64/605 (11%)]	Loss1: 5.840118 Loss2: 0.000000 
| Global Round : 45 | Client :3 | Local Epoch : 1 | [64/605 (11%)]	Loss1: 5.840495 Loss2: 0.000000 
| Global Round : 45 | Client :3 | Local Epoch : 2 | [64/605 (11%)]	Loss1: 5.840030 Loss2: 0.000000 
| Global Round : 45 | Client :3 | Local Epoch : 3 | [64/605 (11%)]	Loss1: 5.841047 Loss2: 0.000000 
| Global Round : 45 | Client :3 | Local Epoch : 4 | [64/605 (11%)]	Loss1: 5.840983 Loss2: 0.000000 
| Global Round : 45 | Client :4 | Local Epoch : 0 | [64/436 (17%)]	Loss1: 5.840781 Loss2: 0.000000 
| Global Round : 45 | Client :4 | Local Epoch : 1 | [64/436 (17%)]	Loss1: 5.841282 Loss2: 0.000000 
| Global Round : 45 | Client :4 | Local Epoch : 2 | [64/436 (17%)]	Loss1: 5.840707 Loss2: 0.000000 
| Global Round : 45 | Client :4 | Local Epoch : 3 | [64/436 (17%)]	Loss1: 5.840961 Loss2: 0.000000 
| Global Round : 45 | Client :4 | Local Epoch : 4 | [64/436 (17%)]	Loss1: 5.840770 Loss2: 0.000000 
| Global Round : 45 | Client :5 | Local Epoch : 0 | [64/627 (11%)]	Loss1: 5.840653 Loss2: 0.000000 
| Global Round : 45 | Client :5 | Local Epoch : 1 | [64/627 (11%)]	Loss1: 5.839380 Loss2: 0.000000 
| Global Round : 45 | Client :5 | Local Epoch : 2 | [64/627 (11%)]	Loss1: 5.840026 Loss2: 0.000000 
| Global Round : 45 | Client :5 | Local Epoch : 3 | [64/627 (11%)]	Loss1: 5.840321 Loss2: 0.000000 
| Global Round : 45 | Client :5 | Local Epoch : 4 | [64/627 (11%)]	Loss1: 5.840612 Loss2: 0.000000 
| Global Round : 45 | Client :6 | Local Epoch : 0 | [64/571 (12%)]	Loss1: 5.840539 Loss2: 0.000000 
| Global Round : 45 | Client :6 | Local Epoch : 1 | [64/571 (12%)]	Loss1: 5.841873 Loss2: 0.000000 
| Global Round : 45 | Client :6 | Local Epoch : 2 | [64/571 (12%)]	Loss1: 5.839471 Loss2: 0.000000 
| Global Round : 45 | Client :6 | Local Epoch : 3 | [64/571 (12%)]	Loss1: 5.840114 Loss2: 0.000000 
| Global Round : 45 | Client :6 | Local Epoch : 4 | [64/571 (12%)]	Loss1: 5.839586 Loss2: 0.000000 
| Global Round : 45 | Client :7 | Local Epoch : 0 | [64/665 (10%)]	Loss1: 5.840190 Loss2: 0.000000 
| Global Round : 45 | Client :7 | Local Epoch : 1 | [64/665 (10%)]	Loss1: 5.839478 Loss2: 0.000000 
| Global Round : 45 | Client :7 | Local Epoch : 2 | [64/665 (10%)]	Loss1: 5.840503 Loss2: 0.000000 
| Global Round : 45 | Client :7 | Local Epoch : 3 | [64/665 (10%)]	Loss1: 5.839933 Loss2: 0.000000 
| Global Round : 45 | Client :7 | Local Epoch : 4 | [64/665 (10%)]	Loss1: 5.840044 Loss2: 0.000000 
| Global Round : 45 | Client :8 | Local Epoch : 0 | [64/561 (12%)]	Loss1: 5.840304 Loss2: 0.000000 
| Global Round : 45 | Client :8 | Local Epoch : 1 | [64/561 (12%)]	Loss1: 5.840988 Loss2: 0.000000 
| Global Round : 45 | Client :8 | Local Epoch : 2 | [64/561 (12%)]	Loss1: 5.840232 Loss2: 0.000000 
| Global Round : 45 | Client :8 | Local Epoch : 3 | [64/561 (12%)]	Loss1: 5.839490 Loss2: 0.000000 
| Global Round : 45 | Client :8 | Local Epoch : 4 | [64/561 (12%)]	Loss1: 5.839708 Loss2: 0.000000 
| Global Round : 45 | Client :9 | Local Epoch : 0 | [64/811 (8%)]	Loss1: 5.839749 Loss2: 0.000000 
| Global Round : 45 | Client :9 | Local Epoch : 0 | [704/811 (92%)]	Loss1: 5.839316 Loss2: 0.000000 
| Global Round : 45 | Client :9 | Local Epoch : 1 | [64/811 (8%)]	Loss1: 5.840212 Loss2: 0.000000 
| Global Round : 45 | Client :9 | Local Epoch : 1 | [704/811 (92%)]	Loss1: 5.839246 Loss2: 0.000000 
| Global Round : 45 | Client :9 | Local Epoch : 2 | [64/811 (8%)]	Loss1: 5.839102 Loss2: 0.000000 
| Global Round : 45 | Client :9 | Local Epoch : 2 | [704/811 (92%)]	Loss1: 5.840687 Loss2: 0.000000 
| Global Round : 45 | Client :9 | Local Epoch : 3 | [64/811 (8%)]	Loss1: 5.839986 Loss2: 0.000000 
| Global Round : 45 | Client :9 | Local Epoch : 3 | [704/811 (92%)]	Loss1: 5.840246 Loss2: 0.000000 
| Global Round : 45 | Client :9 | Local Epoch : 4 | [64/811 (8%)]	Loss1: 5.839340 Loss2: 0.000000 
| Global Round : 45 | Client :9 | Local Epoch : 4 | [704/811 (92%)]	Loss1: 5.840767 Loss2: 0.000000 
average loss:   5.838331889368239
average local test accuracy: 0.8471354166666668
average global test accuracy:  0.5614583333333333

 | Global Training Round : 46 |

xi_k [0.49008579 0.4801071  0.51378129 0.50698734 0.46911232 0.48918418
 0.47753578 0.51259249 0.48601119 0.50429851]
max_exp: -1.0
coe: 10
Regulation [0.8 0.8 0.8 0.8 0.8 0.8 0.8 0.8 0.8 0.8]
Solver status: optimal_inaccurate
b_new: [1. 1. 1. 1. 1. 1. 1. 1. 1. 1.]
Iter 0: obj=48.8970, best_obj=48.8970, ||b_new-b_prev||₂=2.846050
xi_k [0.49008579 0.4801071  0.51378129 0.50698734 0.46911232 0.48918418
 0.47753578 0.51259249 0.48601119 0.50429851]
max_exp: -1.0
coe: 10
Regulation [-1. -1. -1. -1. -1. -1. -1. -1. -1. -1.]
Solver status: optimal_inaccurate
b_new: [1. 1. 1. 1. 1. 1. 1. 1. 1. 1.]
Iter 1: obj=49.7970, best_obj=49.7970, ||b_new-b_prev||₂=0.000000
Converged.
Final b: [1. 1. 1. 1. 1. 1. 1. 1. 1. 1.]
<class 'numpy.ndarray'>
b_float: [1. 1. 1. 1. 1. 1. 1. 1. 1. 1.]
b: [1 1 1 1 1 1 1 1 1 1]
active_clients:  [0, 1, 2, 3, 4, 5, 6, 7, 8, 9]
Client 0's s_k are:[0 0 0 0 0 0 0 0 0 0]
Client 1's s_k are:[0 0 0 0 0 0 0 0 0 0]
Client 2's s_k are:[0 0 0 0 0 0 0 0 0 0]
Client 3's s_k are:[0 0 0 0 0 0 0 0 0 0]
Client 4's s_k are:[0 0 0 0 0 0 0 0 0 0]
Client 5's s_k are:[0 0 0 0 0 0 0 0 0 0]
Client 6's s_k are:[0 0 0 0 0 0 0 0 0 0]
Client 7's s_k are:[0 0 0 0 0 0 0 0 0 0]
Client 8's s_k are:[0 0 0 0 0 0 0 0 0 0]
Client 9's s_k are:[0 0 0 0 0 0 0 0 0 0]
| Global Round : 46 | Client :0 | Local Epoch : 0 | [64/626 (11%)]	Loss1: 5.840690 Loss2: 0.000000 
| Global Round : 46 | Client :0 | Local Epoch : 1 | [64/626 (11%)]	Loss1: 5.840824 Loss2: 0.000000 
| Global Round : 46 | Client :0 | Local Epoch : 2 | [64/626 (11%)]	Loss1: 5.841212 Loss2: 0.000000 
| Global Round : 46 | Client :0 | Local Epoch : 3 | [64/626 (11%)]	Loss1: 5.842075 Loss2: 0.000000 
| Global Round : 46 | Client :0 | Local Epoch : 4 | [64/626 (11%)]	Loss1: 5.841684 Loss2: 0.000000 
| Global Round : 46 | Client :1 | Local Epoch : 0 | [64/497 (14%)]	Loss1: 5.839782 Loss2: 0.000000 
| Global Round : 46 | Client :1 | Local Epoch : 1 | [64/497 (14%)]	Loss1: 5.841097 Loss2: 0.000000 
| Global Round : 46 | Client :1 | Local Epoch : 2 | [64/497 (14%)]	Loss1: 5.841455 Loss2: 0.000000 
| Global Round : 46 | Client :1 | Local Epoch : 3 | [64/497 (14%)]	Loss1: 5.840124 Loss2: 0.000000 
| Global Round : 46 | Client :1 | Local Epoch : 4 | [64/497 (14%)]	Loss1: 5.840077 Loss2: 0.000000 
| Global Round : 46 | Client :2 | Local Epoch : 0 | [64/597 (11%)]	Loss1: 5.839581 Loss2: 0.000000 
| Global Round : 46 | Client :2 | Local Epoch : 1 | [64/597 (11%)]	Loss1: 5.839271 Loss2: 0.000000 
| Global Round : 46 | Client :2 | Local Epoch : 2 | [64/597 (11%)]	Loss1: 5.839893 Loss2: 0.000000 
| Global Round : 46 | Client :2 | Local Epoch : 3 | [64/597 (11%)]	Loss1: 5.841032 Loss2: 0.000000 
| Global Round : 46 | Client :2 | Local Epoch : 4 | [64/597 (11%)]	Loss1: 5.839269 Loss2: 0.000000 
| Global Round : 46 | Client :3 | Local Epoch : 0 | [64/605 (11%)]	Loss1: 5.840494 Loss2: 0.000000 
| Global Round : 46 | Client :3 | Local Epoch : 1 | [64/605 (11%)]	Loss1: 5.839593 Loss2: 0.000000 
| Global Round : 46 | Client :3 | Local Epoch : 2 | [64/605 (11%)]	Loss1: 5.840993 Loss2: 0.000000 
| Global Round : 46 | Client :3 | Local Epoch : 3 | [64/605 (11%)]	Loss1: 5.839937 Loss2: 0.000000 
| Global Round : 46 | Client :3 | Local Epoch : 4 | [64/605 (11%)]	Loss1: 5.838859 Loss2: 0.000000 
| Global Round : 46 | Client :4 | Local Epoch : 0 | [64/436 (17%)]	Loss1: 5.839569 Loss2: 0.000000 
| Global Round : 46 | Client :4 | Local Epoch : 1 | [64/436 (17%)]	Loss1: 5.838823 Loss2: 0.000000 
| Global Round : 46 | Client :4 | Local Epoch : 2 | [64/436 (17%)]	Loss1: 5.839232 Loss2: 0.000000 
| Global Round : 46 | Client :4 | Local Epoch : 3 | [64/436 (17%)]	Loss1: 5.839584 Loss2: 0.000000 
| Global Round : 46 | Client :4 | Local Epoch : 4 | [64/436 (17%)]	Loss1: 5.839432 Loss2: 0.000000 
| Global Round : 46 | Client :5 | Local Epoch : 0 | [64/627 (11%)]	Loss1: 5.839849 Loss2: 0.000000 
| Global Round : 46 | Client :5 | Local Epoch : 1 | [64/627 (11%)]	Loss1: 5.839557 Loss2: 0.000000 
| Global Round : 46 | Client :5 | Local Epoch : 2 | [64/627 (11%)]	Loss1: 5.840081 Loss2: 0.000000 
| Global Round : 46 | Client :5 | Local Epoch : 3 | [64/627 (11%)]	Loss1: 5.838840 Loss2: 0.000000 
| Global Round : 46 | Client :5 | Local Epoch : 4 | [64/627 (11%)]	Loss1: 5.839147 Loss2: 0.000000 
| Global Round : 46 | Client :6 | Local Epoch : 0 | [64/571 (12%)]	Loss1: 5.839622 Loss2: 0.000000 
| Global Round : 46 | Client :6 | Local Epoch : 1 | [64/571 (12%)]	Loss1: 5.839694 Loss2: 0.000000 
| Global Round : 46 | Client :6 | Local Epoch : 2 | [64/571 (12%)]	Loss1: 5.839860 Loss2: 0.000000 
| Global Round : 46 | Client :6 | Local Epoch : 3 | [64/571 (12%)]	Loss1: 5.839331 Loss2: 0.000000 
| Global Round : 46 | Client :6 | Local Epoch : 4 | [64/571 (12%)]	Loss1: 5.840597 Loss2: 0.000000 
| Global Round : 46 | Client :7 | Local Epoch : 0 | [64/665 (10%)]	Loss1: 5.841333 Loss2: 0.000000 
| Global Round : 46 | Client :7 | Local Epoch : 1 | [64/665 (10%)]	Loss1: 5.840547 Loss2: 0.000000 
| Global Round : 46 | Client :7 | Local Epoch : 2 | [64/665 (10%)]	Loss1: 5.840836 Loss2: 0.000000 
| Global Round : 46 | Client :7 | Local Epoch : 3 | [64/665 (10%)]	Loss1: 5.839596 Loss2: 0.000000 
| Global Round : 46 | Client :7 | Local Epoch : 4 | [64/665 (10%)]	Loss1: 5.840532 Loss2: 0.000000 
| Global Round : 46 | Client :8 | Local Epoch : 0 | [64/561 (12%)]	Loss1: 5.839164 Loss2: 0.000000 
| Global Round : 46 | Client :8 | Local Epoch : 1 | [64/561 (12%)]	Loss1: 5.839148 Loss2: 0.000000 
| Global Round : 46 | Client :8 | Local Epoch : 2 | [64/561 (12%)]	Loss1: 5.838771 Loss2: 0.000000 
| Global Round : 46 | Client :8 | Local Epoch : 3 | [64/561 (12%)]	Loss1: 5.839677 Loss2: 0.000000 
| Global Round : 46 | Client :8 | Local Epoch : 4 | [64/561 (12%)]	Loss1: 5.839716 Loss2: 0.000000 
| Global Round : 46 | Client :9 | Local Epoch : 0 | [64/811 (8%)]	Loss1: 5.839077 Loss2: 0.000000 
| Global Round : 46 | Client :9 | Local Epoch : 0 | [704/811 (92%)]	Loss1: 5.839884 Loss2: 0.000000 
| Global Round : 46 | Client :9 | Local Epoch : 1 | [64/811 (8%)]	Loss1: 5.839231 Loss2: 0.000000 
| Global Round : 46 | Client :9 | Local Epoch : 1 | [704/811 (92%)]	Loss1: 5.839645 Loss2: 0.000000 
| Global Round : 46 | Client :9 | Local Epoch : 2 | [64/811 (8%)]	Loss1: 5.840831 Loss2: 0.000000 
| Global Round : 46 | Client :9 | Local Epoch : 2 | [704/811 (92%)]	Loss1: 5.840495 Loss2: 0.000000 
| Global Round : 46 | Client :9 | Local Epoch : 3 | [64/811 (8%)]	Loss1: 5.840311 Loss2: 0.000000 
| Global Round : 46 | Client :9 | Local Epoch : 3 | [704/811 (92%)]	Loss1: 5.840568 Loss2: 0.000000 
| Global Round : 46 | Client :9 | Local Epoch : 4 | [64/811 (8%)]	Loss1: 5.839945 Loss2: 0.000000 
| Global Round : 46 | Client :9 | Local Epoch : 4 | [704/811 (92%)]	Loss1: 5.840450 Loss2: 0.000000 
average loss:   5.8382844595682055
average local test accuracy: 0.85390625
average global test accuracy:  0.5761718750000001

 | Global Training Round : 47 |

xi_k [0.49003897 0.480108   0.51377579 0.50698676 0.46909154 0.48918086
 0.47752599 0.51256612 0.48599625 0.50428374]
max_exp: -1.0
coe: 10
Regulation [0.8 0.8 0.8 0.8 0.8 0.8 0.8 0.8 0.8 0.8]
Solver status: optimal_inaccurate
b_new: [1. 1. 1. 1. 1. 1. 1. 1. 1. 1.]
Iter 0: obj=48.8955, best_obj=48.8955, ||b_new-b_prev||₂=2.846050
xi_k [0.49003897 0.480108   0.51377579 0.50698676 0.46909154 0.48918086
 0.47752599 0.51256612 0.48599625 0.50428374]
max_exp: -1.0
coe: 10
Regulation [-1. -1. -1. -1. -1. -1. -1. -1. -1. -1.]
Solver status: optimal_inaccurate
b_new: [1. 1. 1. 1. 1. 1. 1. 1. 1. 1.]
Iter 1: obj=49.7955, best_obj=49.7955, ||b_new-b_prev||₂=0.000000
Converged.
Final b: [1. 1. 1. 1. 1. 1. 1. 1. 1. 1.]
<class 'numpy.ndarray'>
b_float: [1. 1. 1. 1. 1. 1. 1. 1. 1. 1.]
b: [1 1 1 1 1 1 1 1 1 1]
active_clients:  [0, 1, 2, 3, 4, 5, 6, 7, 8, 9]
Client 0's s_k are:[0 0 0 0 0 0 0 0 0 0]
Client 1's s_k are:[0 0 0 0 0 0 0 0 0 0]
Client 2's s_k are:[0 0 0 0 0 0 0 0 0 0]
Client 3's s_k are:[0 0 0 0 0 0 0 0 0 0]
Client 4's s_k are:[0 0 0 0 0 0 0 0 0 0]
Client 5's s_k are:[0 0 0 0 0 0 0 0 0 0]
Client 6's s_k are:[0 0 0 0 0 0 0 0 0 0]
Client 7's s_k are:[0 0 0 0 0 0 0 0 0 0]
Client 8's s_k are:[0 0 0 0 0 0 0 0 0 0]
Client 9's s_k are:[0 0 0 0 0 0 0 0 0 0]
| Global Round : 47 | Client :0 | Local Epoch : 0 | [64/626 (11%)]	Loss1: 5.842017 Loss2: 0.000000 
| Global Round : 47 | Client :0 | Local Epoch : 1 | [64/626 (11%)]	Loss1: 5.842213 Loss2: 0.000000 
| Global Round : 47 | Client :0 | Local Epoch : 2 | [64/626 (11%)]	Loss1: 5.840534 Loss2: 0.000000 
| Global Round : 47 | Client :0 | Local Epoch : 3 | [64/626 (11%)]	Loss1: 5.840659 Loss2: 0.000000 
| Global Round : 47 | Client :0 | Local Epoch : 4 | [64/626 (11%)]	Loss1: 5.841402 Loss2: 0.000000 
| Global Round : 47 | Client :1 | Local Epoch : 0 | [64/497 (14%)]	Loss1: 5.840782 Loss2: 0.000000 
| Global Round : 47 | Client :1 | Local Epoch : 1 | [64/497 (14%)]	Loss1: 5.840609 Loss2: 0.000000 
| Global Round : 47 | Client :1 | Local Epoch : 2 | [64/497 (14%)]	Loss1: 5.840980 Loss2: 0.000000 
| Global Round : 47 | Client :1 | Local Epoch : 3 | [64/497 (14%)]	Loss1: 5.840866 Loss2: 0.000000 
| Global Round : 47 | Client :1 | Local Epoch : 4 | [64/497 (14%)]	Loss1: 5.841255 Loss2: 0.000000 
| Global Round : 47 | Client :2 | Local Epoch : 0 | [64/597 (11%)]	Loss1: 5.839326 Loss2: 0.000000 
| Global Round : 47 | Client :2 | Local Epoch : 1 | [64/597 (11%)]	Loss1: 5.839902 Loss2: 0.000000 
| Global Round : 47 | Client :2 | Local Epoch : 2 | [64/597 (11%)]	Loss1: 5.840378 Loss2: 0.000000 
| Global Round : 47 | Client :2 | Local Epoch : 3 | [64/597 (11%)]	Loss1: 5.838961 Loss2: 0.000000 
| Global Round : 47 | Client :2 | Local Epoch : 4 | [64/597 (11%)]	Loss1: 5.839931 Loss2: 0.000000 
| Global Round : 47 | Client :3 | Local Epoch : 0 | [64/605 (11%)]	Loss1: 5.840559 Loss2: 0.000000 
| Global Round : 47 | Client :3 | Local Epoch : 1 | [64/605 (11%)]	Loss1: 5.839925 Loss2: 0.000000 
| Global Round : 47 | Client :3 | Local Epoch : 2 | [64/605 (11%)]	Loss1: 5.840844 Loss2: 0.000000 
| Global Round : 47 | Client :3 | Local Epoch : 3 | [64/605 (11%)]	Loss1: 5.840703 Loss2: 0.000000 
| Global Round : 47 | Client :3 | Local Epoch : 4 | [64/605 (11%)]	Loss1: 5.840736 Loss2: 0.000000 
| Global Round : 47 | Client :4 | Local Epoch : 0 | [64/436 (17%)]	Loss1: 5.839528 Loss2: 0.000000 
| Global Round : 47 | Client :4 | Local Epoch : 1 | [64/436 (17%)]	Loss1: 5.839329 Loss2: 0.000000 
| Global Round : 47 | Client :4 | Local Epoch : 2 | [64/436 (17%)]	Loss1: 5.840226 Loss2: 0.000000 
| Global Round : 47 | Client :4 | Local Epoch : 3 | [64/436 (17%)]	Loss1: 5.840415 Loss2: 0.000000 
| Global Round : 47 | Client :4 | Local Epoch : 4 | [64/436 (17%)]	Loss1: 5.839474 Loss2: 0.000000 
| Global Round : 47 | Client :5 | Local Epoch : 0 | [64/627 (11%)]	Loss1: 5.839176 Loss2: 0.000000 
| Global Round : 47 | Client :5 | Local Epoch : 1 | [64/627 (11%)]	Loss1: 5.839700 Loss2: 0.000000 
| Global Round : 47 | Client :5 | Local Epoch : 2 | [64/627 (11%)]	Loss1: 5.839904 Loss2: 0.000000 
| Global Round : 47 | Client :5 | Local Epoch : 3 | [64/627 (11%)]	Loss1: 5.839659 Loss2: 0.000000 
| Global Round : 47 | Client :5 | Local Epoch : 4 | [64/627 (11%)]	Loss1: 5.839174 Loss2: 0.000000 
| Global Round : 47 | Client :6 | Local Epoch : 0 | [64/571 (12%)]	Loss1: 5.839821 Loss2: 0.000000 
| Global Round : 47 | Client :6 | Local Epoch : 1 | [64/571 (12%)]	Loss1: 5.841318 Loss2: 0.000000 
| Global Round : 47 | Client :6 | Local Epoch : 2 | [64/571 (12%)]	Loss1: 5.840364 Loss2: 0.000000 
| Global Round : 47 | Client :6 | Local Epoch : 3 | [64/571 (12%)]	Loss1: 5.840758 Loss2: 0.000000 
| Global Round : 47 | Client :6 | Local Epoch : 4 | [64/571 (12%)]	Loss1: 5.840212 Loss2: 0.000000 
| Global Round : 47 | Client :7 | Local Epoch : 0 | [64/665 (10%)]	Loss1: 5.841621 Loss2: 0.000000 
| Global Round : 47 | Client :7 | Local Epoch : 1 | [64/665 (10%)]	Loss1: 5.840505 Loss2: 0.000000 
| Global Round : 47 | Client :7 | Local Epoch : 2 | [64/665 (10%)]	Loss1: 5.841111 Loss2: 0.000000 
| Global Round : 47 | Client :7 | Local Epoch : 3 | [64/665 (10%)]	Loss1: 5.839614 Loss2: 0.000000 
| Global Round : 47 | Client :7 | Local Epoch : 4 | [64/665 (10%)]	Loss1: 5.840271 Loss2: 0.000000 
| Global Round : 47 | Client :8 | Local Epoch : 0 | [64/561 (12%)]	Loss1: 5.839869 Loss2: 0.000000 
| Global Round : 47 | Client :8 | Local Epoch : 1 | [64/561 (12%)]	Loss1: 5.839355 Loss2: 0.000000 
| Global Round : 47 | Client :8 | Local Epoch : 2 | [64/561 (12%)]	Loss1: 5.840402 Loss2: 0.000000 
| Global Round : 47 | Client :8 | Local Epoch : 3 | [64/561 (12%)]	Loss1: 5.841194 Loss2: 0.000000 
| Global Round : 47 | Client :8 | Local Epoch : 4 | [64/561 (12%)]	Loss1: 5.839507 Loss2: 0.000000 
| Global Round : 47 | Client :9 | Local Epoch : 0 | [64/811 (8%)]	Loss1: 5.840144 Loss2: 0.000000 
| Global Round : 47 | Client :9 | Local Epoch : 0 | [704/811 (92%)]	Loss1: 5.839856 Loss2: 0.000000 
| Global Round : 47 | Client :9 | Local Epoch : 1 | [64/811 (8%)]	Loss1: 5.840864 Loss2: 0.000000 
| Global Round : 47 | Client :9 | Local Epoch : 1 | [704/811 (92%)]	Loss1: 5.839494 Loss2: 0.000000 
| Global Round : 47 | Client :9 | Local Epoch : 2 | [64/811 (8%)]	Loss1: 5.839686 Loss2: 0.000000 
| Global Round : 47 | Client :9 | Local Epoch : 2 | [704/811 (92%)]	Loss1: 5.840160 Loss2: 0.000000 
| Global Round : 47 | Client :9 | Local Epoch : 3 | [64/811 (8%)]	Loss1: 5.839881 Loss2: 0.000000 
| Global Round : 47 | Client :9 | Local Epoch : 3 | [704/811 (92%)]	Loss1: 5.840398 Loss2: 0.000000 
| Global Round : 47 | Client :9 | Local Epoch : 4 | [64/811 (8%)]	Loss1: 5.839929 Loss2: 0.000000 
| Global Round : 47 | Client :9 | Local Epoch : 4 | [704/811 (92%)]	Loss1: 5.838837 Loss2: 0.000000 
average loss:   5.8383134537462205
average local test accuracy: 0.8532552083333332
average global test accuracy:  0.5841145833333334

 | Global Training Round : 48 |

xi_k [0.49007883 0.48010988 0.51379715 0.50699503 0.46906709 0.48919206
 0.47752238 0.51255809 0.48600805 0.50429539]
max_exp: -1.0
coe: 10
Regulation [0.8 0.8 0.8 0.8 0.8 0.8 0.8 0.8 0.8 0.8]
Solver status: optimal_inaccurate
b_new: [1. 1. 1. 1. 1. 1. 1. 1. 1. 1.]
Iter 0: obj=48.8962, best_obj=48.8962, ||b_new-b_prev||₂=2.846050
xi_k [0.49007883 0.48010988 0.51379715 0.50699503 0.46906709 0.48919206
 0.47752238 0.51255809 0.48600805 0.50429539]
max_exp: -1.0
coe: 10
Regulation [-1. -1. -1. -1. -1. -1. -1. -1. -1. -1.]
Solver status: optimal_inaccurate
b_new: [1. 1. 1. 1. 1. 1. 1. 1. 1. 1.]
Iter 1: obj=49.7962, best_obj=49.7962, ||b_new-b_prev||₂=0.000000
Converged.
Final b: [1. 1. 1. 1. 1. 1. 1. 1. 1. 1.]
<class 'numpy.ndarray'>
b_float: [1. 1. 1. 1. 1. 1. 1. 1. 1. 1.]
b: [1 1 1 1 1 1 1 1 1 1]
active_clients:  [0, 1, 2, 3, 4, 5, 6, 7, 8, 9]
Client 0's s_k are:[0 0 0 0 0 0 0 0 0 0]
Client 1's s_k are:[0 0 0 0 0 0 0 0 0 0]
Client 2's s_k are:[0 0 0 0 0 0 0 0 0 0]
Client 3's s_k are:[0 0 0 0 0 0 0 0 0 0]
Client 4's s_k are:[0 0 0 0 0 0 0 0 0 0]
Client 5's s_k are:[0 0 0 0 0 0 0 0 0 0]
Client 6's s_k are:[0 0 0 0 0 0 0 0 0 0]
Client 7's s_k are:[0 0 0 0 0 0 0 0 0 0]
Client 8's s_k are:[0 0 0 0 0 0 0 0 0 0]
Client 9's s_k are:[0 0 0 0 0 0 0 0 0 0]
| Global Round : 48 | Client :0 | Local Epoch : 0 | [64/626 (11%)]	Loss1: 5.841016 Loss2: 0.000000 
| Global Round : 48 | Client :0 | Local Epoch : 1 | [64/626 (11%)]	Loss1: 5.840441 Loss2: 0.000000 
| Global Round : 48 | Client :0 | Local Epoch : 2 | [64/626 (11%)]	Loss1: 5.840192 Loss2: 0.000000 
| Global Round : 48 | Client :0 | Local Epoch : 3 | [64/626 (11%)]	Loss1: 5.840914 Loss2: 0.000000 
| Global Round : 48 | Client :0 | Local Epoch : 4 | [64/626 (11%)]	Loss1: 5.839696 Loss2: 0.000000 
| Global Round : 48 | Client :1 | Local Epoch : 0 | [64/497 (14%)]	Loss1: 5.841251 Loss2: 0.000000 
| Global Round : 48 | Client :1 | Local Epoch : 1 | [64/497 (14%)]	Loss1: 5.840791 Loss2: 0.000000 
| Global Round : 48 | Client :1 | Local Epoch : 2 | [64/497 (14%)]	Loss1: 5.841540 Loss2: 0.000000 
| Global Round : 48 | Client :1 | Local Epoch : 3 | [64/497 (14%)]	Loss1: 5.841069 Loss2: 0.000000 
| Global Round : 48 | Client :1 | Local Epoch : 4 | [64/497 (14%)]	Loss1: 5.840199 Loss2: 0.000000 
| Global Round : 48 | Client :2 | Local Epoch : 0 | [64/597 (11%)]	Loss1: 5.839766 Loss2: 0.000000 
| Global Round : 48 | Client :2 | Local Epoch : 1 | [64/597 (11%)]	Loss1: 5.839773 Loss2: 0.000000 
| Global Round : 48 | Client :2 | Local Epoch : 2 | [64/597 (11%)]	Loss1: 5.838924 Loss2: 0.000000 
| Global Round : 48 | Client :2 | Local Epoch : 3 | [64/597 (11%)]	Loss1: 5.839401 Loss2: 0.000000 
| Global Round : 48 | Client :2 | Local Epoch : 4 | [64/597 (11%)]	Loss1: 5.839291 Loss2: 0.000000 
| Global Round : 48 | Client :3 | Local Epoch : 0 | [64/605 (11%)]	Loss1: 5.840387 Loss2: 0.000000 
| Global Round : 48 | Client :3 | Local Epoch : 1 | [64/605 (11%)]	Loss1: 5.840530 Loss2: 0.000000 
| Global Round : 48 | Client :3 | Local Epoch : 2 | [64/605 (11%)]	Loss1: 5.841444 Loss2: 0.000000 
| Global Round : 48 | Client :3 | Local Epoch : 3 | [64/605 (11%)]	Loss1: 5.840286 Loss2: 0.000000 
| Global Round : 48 | Client :3 | Local Epoch : 4 | [64/605 (11%)]	Loss1: 5.839796 Loss2: 0.000000 
| Global Round : 48 | Client :4 | Local Epoch : 0 | [64/436 (17%)]	Loss1: 5.838947 Loss2: 0.000000 
| Global Round : 48 | Client :4 | Local Epoch : 1 | [64/436 (17%)]	Loss1: 5.840538 Loss2: 0.000000 
| Global Round : 48 | Client :4 | Local Epoch : 2 | [64/436 (17%)]	Loss1: 5.839118 Loss2: 0.000000 
| Global Round : 48 | Client :4 | Local Epoch : 3 | [64/436 (17%)]	Loss1: 5.840862 Loss2: 0.000000 
| Global Round : 48 | Client :4 | Local Epoch : 4 | [64/436 (17%)]	Loss1: 5.840332 Loss2: 0.000000 
| Global Round : 48 | Client :5 | Local Epoch : 0 | [64/627 (11%)]	Loss1: 5.839046 Loss2: 0.000000 
| Global Round : 48 | Client :5 | Local Epoch : 1 | [64/627 (11%)]	Loss1: 5.840244 Loss2: 0.000000 
| Global Round : 48 | Client :5 | Local Epoch : 2 | [64/627 (11%)]	Loss1: 5.839485 Loss2: 0.000000 
| Global Round : 48 | Client :5 | Local Epoch : 3 | [64/627 (11%)]	Loss1: 5.839952 Loss2: 0.000000 
| Global Round : 48 | Client :5 | Local Epoch : 4 | [64/627 (11%)]	Loss1: 5.839883 Loss2: 0.000000 
| Global Round : 48 | Client :6 | Local Epoch : 0 | [64/571 (12%)]	Loss1: 5.839248 Loss2: 0.000000 
| Global Round : 48 | Client :6 | Local Epoch : 1 | [64/571 (12%)]	Loss1: 5.840557 Loss2: 0.000000 
| Global Round : 48 | Client :6 | Local Epoch : 2 | [64/571 (12%)]	Loss1: 5.839147 Loss2: 0.000000 
| Global Round : 48 | Client :6 | Local Epoch : 3 | [64/571 (12%)]	Loss1: 5.840188 Loss2: 0.000000 
| Global Round : 48 | Client :6 | Local Epoch : 4 | [64/571 (12%)]	Loss1: 5.839713 Loss2: 0.000000 
| Global Round : 48 | Client :7 | Local Epoch : 0 | [64/665 (10%)]	Loss1: 5.840780 Loss2: 0.000000 
| Global Round : 48 | Client :7 | Local Epoch : 1 | [64/665 (10%)]	Loss1: 5.839390 Loss2: 0.000000 
| Global Round : 48 | Client :7 | Local Epoch : 2 | [64/665 (10%)]	Loss1: 5.840749 Loss2: 0.000000 
| Global Round : 48 | Client :7 | Local Epoch : 3 | [64/665 (10%)]	Loss1: 5.839420 Loss2: 0.000000 
| Global Round : 48 | Client :7 | Local Epoch : 4 | [64/665 (10%)]	Loss1: 5.840323 Loss2: 0.000000 
| Global Round : 48 | Client :8 | Local Epoch : 0 | [64/561 (12%)]	Loss1: 5.840435 Loss2: 0.000000 
| Global Round : 48 | Client :8 | Local Epoch : 1 | [64/561 (12%)]	Loss1: 5.839672 Loss2: 0.000000 
| Global Round : 48 | Client :8 | Local Epoch : 2 | [64/561 (12%)]	Loss1: 5.839520 Loss2: 0.000000 
| Global Round : 48 | Client :8 | Local Epoch : 3 | [64/561 (12%)]	Loss1: 5.840654 Loss2: 0.000000 
| Global Round : 48 | Client :8 | Local Epoch : 4 | [64/561 (12%)]	Loss1: 5.839590 Loss2: 0.000000 
| Global Round : 48 | Client :9 | Local Epoch : 0 | [64/811 (8%)]	Loss1: 5.840971 Loss2: 0.000000 
| Global Round : 48 | Client :9 | Local Epoch : 0 | [704/811 (92%)]	Loss1: 5.839605 Loss2: 0.000000 
| Global Round : 48 | Client :9 | Local Epoch : 1 | [64/811 (8%)]	Loss1: 5.840576 Loss2: 0.000000 
| Global Round : 48 | Client :9 | Local Epoch : 1 | [704/811 (92%)]	Loss1: 5.839852 Loss2: 0.000000 
| Global Round : 48 | Client :9 | Local Epoch : 2 | [64/811 (8%)]	Loss1: 5.839886 Loss2: 0.000000 
| Global Round : 48 | Client :9 | Local Epoch : 2 | [704/811 (92%)]	Loss1: 5.840473 Loss2: 0.000000 
| Global Round : 48 | Client :9 | Local Epoch : 3 | [64/811 (8%)]	Loss1: 5.839955 Loss2: 0.000000 
| Global Round : 48 | Client :9 | Local Epoch : 3 | [704/811 (92%)]	Loss1: 5.840202 Loss2: 0.000000 
| Global Round : 48 | Client :9 | Local Epoch : 4 | [64/811 (8%)]	Loss1: 5.839084 Loss2: 0.000000 
| Global Round : 48 | Client :9 | Local Epoch : 4 | [704/811 (92%)]	Loss1: 5.840174 Loss2: 0.000000 
average loss:   5.838268616634702
average local test accuracy: 0.85546875
average global test accuracy:  0.5790364583333334

 | Global Training Round : 49 |

xi_k [0.49005125 0.48009353 0.51377851 0.50698526 0.46909539 0.48916661
 0.4775114  0.51256244 0.48600173 0.50427372]
max_exp: -1.0
coe: 10
Regulation [0.8 0.8 0.8 0.8 0.8 0.8 0.8 0.8 0.8 0.8]
Solver status: optimal_inaccurate
b_new: [1. 1. 1. 1. 1. 1. 1. 1. 1. 1.]
Iter 0: obj=48.8952, best_obj=48.8952, ||b_new-b_prev||₂=2.846050
xi_k [0.49005125 0.48009353 0.51377851 0.50698526 0.46909539 0.48916661
 0.4775114  0.51256244 0.48600173 0.50427372]
max_exp: -1.0
coe: 10
Regulation [-1. -1. -1. -1. -1. -1. -1. -1. -1. -1.]
Solver status: optimal_inaccurate
b_new: [1. 1. 1. 1. 1. 1. 1. 1. 1. 1.]
Iter 1: obj=49.7952, best_obj=49.7952, ||b_new-b_prev||₂=0.000000
Converged.
Final b: [1. 1. 1. 1. 1. 1. 1. 1. 1. 1.]
<class 'numpy.ndarray'>
b_float: [1. 1. 1. 1. 1. 1. 1. 1. 1. 1.]
b: [1 1 1 1 1 1 1 1 1 1]
active_clients:  [0, 1, 2, 3, 4, 5, 6, 7, 8, 9]
Client 0's s_k are:[0 0 0 0 0 0 0 0 0 0]
Client 1's s_k are:[0 0 0 0 0 0 0 0 0 0]
Client 2's s_k are:[0 0 0 0 0 0 0 0 0 0]
Client 3's s_k are:[0 0 0 0 0 0 0 0 0 0]
Client 4's s_k are:[0 0 0 0 0 0 0 0 0 0]
Client 5's s_k are:[0 0 0 0 0 0 0 0 0 0]
Client 6's s_k are:[0 0 0 0 0 0 0 0 0 0]
Client 7's s_k are:[0 0 0 0 0 0 0 0 0 0]
Client 8's s_k are:[0 0 0 0 0 0 0 0 0 0]
Client 9's s_k are:[0 0 0 0 0 0 0 0 0 0]
| Global Round : 49 | Client :0 | Local Epoch : 0 | [64/626 (11%)]	Loss1: 5.841350 Loss2: 0.000000 
| Global Round : 49 | Client :0 | Local Epoch : 1 | [64/626 (11%)]	Loss1: 5.840932 Loss2: 0.000000 
| Global Round : 49 | Client :0 | Local Epoch : 2 | [64/626 (11%)]	Loss1: 5.840544 Loss2: 0.000000 
| Global Round : 49 | Client :0 | Local Epoch : 3 | [64/626 (11%)]	Loss1: 5.839826 Loss2: 0.000000 
| Global Round : 49 | Client :0 | Local Epoch : 4 | [64/626 (11%)]	Loss1: 5.840369 Loss2: 0.000000 
| Global Round : 49 | Client :1 | Local Epoch : 0 | [64/497 (14%)]	Loss1: 5.841653 Loss2: 0.000000 
| Global Round : 49 | Client :1 | Local Epoch : 1 | [64/497 (14%)]	Loss1: 5.841704 Loss2: 0.000000 
| Global Round : 49 | Client :1 | Local Epoch : 2 | [64/497 (14%)]	Loss1: 5.841212 Loss2: 0.000000 
| Global Round : 49 | Client :1 | Local Epoch : 3 | [64/497 (14%)]	Loss1: 5.841354 Loss2: 0.000000 
| Global Round : 49 | Client :1 | Local Epoch : 4 | [64/497 (14%)]	Loss1: 5.841001 Loss2: 0.000000 
| Global Round : 49 | Client :2 | Local Epoch : 0 | [64/597 (11%)]	Loss1: 5.839514 Loss2: 0.000000 
| Global Round : 49 | Client :2 | Local Epoch : 1 | [64/597 (11%)]	Loss1: 5.840178 Loss2: 0.000000 
| Global Round : 49 | Client :2 | Local Epoch : 2 | [64/597 (11%)]	Loss1: 5.839678 Loss2: 0.000000 
| Global Round : 49 | Client :2 | Local Epoch : 3 | [64/597 (11%)]	Loss1: 5.839731 Loss2: 0.000000 
| Global Round : 49 | Client :2 | Local Epoch : 4 | [64/597 (11%)]	Loss1: 5.838879 Loss2: 0.000000 
| Global Round : 49 | Client :3 | Local Epoch : 0 | [64/605 (11%)]	Loss1: 5.838815 Loss2: 0.000000 
| Global Round : 49 | Client :3 | Local Epoch : 1 | [64/605 (11%)]	Loss1: 5.839369 Loss2: 0.000000 
| Global Round : 49 | Client :3 | Local Epoch : 2 | [64/605 (11%)]	Loss1: 5.839993 Loss2: 0.000000 
| Global Round : 49 | Client :3 | Local Epoch : 3 | [64/605 (11%)]	Loss1: 5.840942 Loss2: 0.000000 
| Global Round : 49 | Client :3 | Local Epoch : 4 | [64/605 (11%)]	Loss1: 5.839350 Loss2: 0.000000 
| Global Round : 49 | Client :4 | Local Epoch : 0 | [64/436 (17%)]	Loss1: 5.840684 Loss2: 0.000000 
| Global Round : 49 | Client :4 | Local Epoch : 1 | [64/436 (17%)]	Loss1: 5.840116 Loss2: 0.000000 
| Global Round : 49 | Client :4 | Local Epoch : 2 | [64/436 (17%)]	Loss1: 5.839935 Loss2: 0.000000 
| Global Round : 49 | Client :4 | Local Epoch : 3 | [64/436 (17%)]	Loss1: 5.839883 Loss2: 0.000000 
| Global Round : 49 | Client :4 | Local Epoch : 4 | [64/436 (17%)]	Loss1: 5.839540 Loss2: 0.000000 
| Global Round : 49 | Client :5 | Local Epoch : 0 | [64/627 (11%)]	Loss1: 5.839502 Loss2: 0.000000 
| Global Round : 49 | Client :5 | Local Epoch : 1 | [64/627 (11%)]	Loss1: 5.839498 Loss2: 0.000000 
| Global Round : 49 | Client :5 | Local Epoch : 2 | [64/627 (11%)]	Loss1: 5.840196 Loss2: 0.000000 
| Global Round : 49 | Client :5 | Local Epoch : 3 | [64/627 (11%)]	Loss1: 5.839477 Loss2: 0.000000 
| Global Round : 49 | Client :5 | Local Epoch : 4 | [64/627 (11%)]	Loss1: 5.839905 Loss2: 0.000000 
| Global Round : 49 | Client :6 | Local Epoch : 0 | [64/571 (12%)]	Loss1: 5.840167 Loss2: 0.000000 
| Global Round : 49 | Client :6 | Local Epoch : 1 | [64/571 (12%)]	Loss1: 5.840689 Loss2: 0.000000 
| Global Round : 49 | Client :6 | Local Epoch : 2 | [64/571 (12%)]	Loss1: 5.840133 Loss2: 0.000000 
| Global Round : 49 | Client :6 | Local Epoch : 3 | [64/571 (12%)]	Loss1: 5.840185 Loss2: 0.000000 
| Global Round : 49 | Client :6 | Local Epoch : 4 | [64/571 (12%)]	Loss1: 5.839756 Loss2: 0.000000 
| Global Round : 49 | Client :7 | Local Epoch : 0 | [64/665 (10%)]	Loss1: 5.839413 Loss2: 0.000000 
| Global Round : 49 | Client :7 | Local Epoch : 1 | [64/665 (10%)]	Loss1: 5.840391 Loss2: 0.000000 
| Global Round : 49 | Client :7 | Local Epoch : 2 | [64/665 (10%)]	Loss1: 5.840399 Loss2: 0.000000 
| Global Round : 49 | Client :7 | Local Epoch : 3 | [64/665 (10%)]	Loss1: 5.840936 Loss2: 0.000000 
| Global Round : 49 | Client :7 | Local Epoch : 4 | [64/665 (10%)]	Loss1: 5.839616 Loss2: 0.000000 
| Global Round : 49 | Client :8 | Local Epoch : 0 | [64/561 (12%)]	Loss1: 5.840174 Loss2: 0.000000 
| Global Round : 49 | Client :8 | Local Epoch : 1 | [64/561 (12%)]	Loss1: 5.839723 Loss2: 0.000000 
| Global Round : 49 | Client :8 | Local Epoch : 2 | [64/561 (12%)]	Loss1: 5.840089 Loss2: 0.000000 
| Global Round : 49 | Client :8 | Local Epoch : 3 | [64/561 (12%)]	Loss1: 5.839770 Loss2: 0.000000 
| Global Round : 49 | Client :8 | Local Epoch : 4 | [64/561 (12%)]	Loss1: 5.839945 Loss2: 0.000000 
| Global Round : 49 | Client :9 | Local Epoch : 0 | [64/811 (8%)]	Loss1: 5.840948 Loss2: 0.000000 
| Global Round : 49 | Client :9 | Local Epoch : 0 | [704/811 (92%)]	Loss1: 5.840317 Loss2: 0.000000 
| Global Round : 49 | Client :9 | Local Epoch : 1 | [64/811 (8%)]	Loss1: 5.839902 Loss2: 0.000000 
| Global Round : 49 | Client :9 | Local Epoch : 1 | [704/811 (92%)]	Loss1: 5.840627 Loss2: 0.000000 
| Global Round : 49 | Client :9 | Local Epoch : 2 | [64/811 (8%)]	Loss1: 5.841130 Loss2: 0.000000 
| Global Round : 49 | Client :9 | Local Epoch : 2 | [704/811 (92%)]	Loss1: 5.839353 Loss2: 0.000000 
| Global Round : 49 | Client :9 | Local Epoch : 3 | [64/811 (8%)]	Loss1: 5.840393 Loss2: 0.000000 
| Global Round : 49 | Client :9 | Local Epoch : 3 | [704/811 (92%)]	Loss1: 5.840155 Loss2: 0.000000 
| Global Round : 49 | Client :9 | Local Epoch : 4 | [64/811 (8%)]	Loss1: 5.840573 Loss2: 0.000000 
| Global Round : 49 | Client :9 | Local Epoch : 4 | [704/811 (92%)]	Loss1: 5.839970 Loss2: 0.000000 
average loss:   5.838221662763565
average local test accuracy: 0.8626302083333334
average global test accuracy:  0.5891927083333334

 | Global Training Round : 50 |

xi_k [0.49007463 0.48009393 0.51376047 0.50698908 0.46906783 0.48917012
 0.47752057 0.51256367 0.48599214 0.50428919]
max_exp: -1.0
coe: 10
Regulation [0.8 0.8 0.8 0.8 0.8 0.8 0.8 0.8 0.8 0.8]
Solver status: optimal_inaccurate
b_new: [1. 1. 1. 1. 1. 1. 1. 1. 1. 1.]
Iter 0: obj=48.8952, best_obj=48.8952, ||b_new-b_prev||₂=2.846050
xi_k [0.49007463 0.48009393 0.51376047 0.50698908 0.46906783 0.48917012
 0.47752057 0.51256367 0.48599214 0.50428919]
max_exp: -1.0
coe: 10
Regulation [-1. -1. -1. -1. -1. -1. -1. -1. -1. -1.]
Solver status: optimal_inaccurate
b_new: [1. 1. 1. 1. 1. 1. 1. 1. 1. 1.]
Iter 1: obj=49.7952, best_obj=49.7952, ||b_new-b_prev||₂=0.000000
Converged.
Final b: [1. 1. 1. 1. 1. 1. 1. 1. 1. 1.]
<class 'numpy.ndarray'>
b_float: [1. 1. 1. 1. 1. 1. 1. 1. 1. 1.]
b: [1 1 1 1 1 1 1 1 1 1]
active_clients:  [0, 1, 2, 3, 4, 5, 6, 7, 8, 9]
Client 0's s_k are:[0 0 0 0 0 0 0 0 0 0]
Client 1's s_k are:[0 0 0 0 0 0 0 0 0 0]
Client 2's s_k are:[0 0 0 0 0 0 0 0 0 0]
Client 3's s_k are:[0 0 0 0 0 0 0 0 0 0]
Client 4's s_k are:[0 0 0 0 0 0 0 0 0 0]
Client 5's s_k are:[0 0 0 0 0 0 0 0 0 0]
Client 6's s_k are:[0 0 0 0 0 0 0 0 0 0]
Client 7's s_k are:[0 0 0 0 0 0 0 0 0 0]
Client 8's s_k are:[0 0 0 0 0 0 0 0 0 0]
Client 9's s_k are:[0 0 0 0 0 0 0 0 0 0]
| Global Round : 50 | Client :0 | Local Epoch : 0 | [64/626 (11%)]	Loss1: 5.841589 Loss2: 0.000000 
| Global Round : 50 | Client :0 | Local Epoch : 1 | [64/626 (11%)]	Loss1: 5.840913 Loss2: 0.000000 
| Global Round : 50 | Client :0 | Local Epoch : 2 | [64/626 (11%)]	Loss1: 5.841310 Loss2: 0.000000 
| Global Round : 50 | Client :0 | Local Epoch : 3 | [64/626 (11%)]	Loss1: 5.840212 Loss2: 0.000000 
| Global Round : 50 | Client :0 | Local Epoch : 4 | [64/626 (11%)]	Loss1: 5.839989 Loss2: 0.000000 
| Global Round : 50 | Client :1 | Local Epoch : 0 | [64/497 (14%)]	Loss1: 5.840160 Loss2: 0.000000 
| Global Round : 50 | Client :1 | Local Epoch : 1 | [64/497 (14%)]	Loss1: 5.840126 Loss2: 0.000000 
| Global Round : 50 | Client :1 | Local Epoch : 2 | [64/497 (14%)]	Loss1: 5.841441 Loss2: 0.000000 
| Global Round : 50 | Client :1 | Local Epoch : 3 | [64/497 (14%)]	Loss1: 5.840057 Loss2: 0.000000 
| Global Round : 50 | Client :1 | Local Epoch : 4 | [64/497 (14%)]	Loss1: 5.840708 Loss2: 0.000000 
| Global Round : 50 | Client :2 | Local Epoch : 0 | [64/597 (11%)]	Loss1: 5.838623 Loss2: 0.000000 
| Global Round : 50 | Client :2 | Local Epoch : 1 | [64/597 (11%)]	Loss1: 5.839658 Loss2: 0.000000 
| Global Round : 50 | Client :2 | Local Epoch : 2 | [64/597 (11%)]	Loss1: 5.839741 Loss2: 0.000000 
| Global Round : 50 | Client :2 | Local Epoch : 3 | [64/597 (11%)]	Loss1: 5.839774 Loss2: 0.000000 
| Global Round : 50 | Client :2 | Local Epoch : 4 | [64/597 (11%)]	Loss1: 5.840115 Loss2: 0.000000 
| Global Round : 50 | Client :3 | Local Epoch : 0 | [64/605 (11%)]	Loss1: 5.840549 Loss2: 0.000000 
| Global Round : 50 | Client :3 | Local Epoch : 1 | [64/605 (11%)]	Loss1: 5.840161 Loss2: 0.000000 
| Global Round : 50 | Client :3 | Local Epoch : 2 | [64/605 (11%)]	Loss1: 5.840773 Loss2: 0.000000 
| Global Round : 50 | Client :3 | Local Epoch : 3 | [64/605 (11%)]	Loss1: 5.840790 Loss2: 0.000000 
| Global Round : 50 | Client :3 | Local Epoch : 4 | [64/605 (11%)]	Loss1: 5.839401 Loss2: 0.000000 
| Global Round : 50 | Client :4 | Local Epoch : 0 | [64/436 (17%)]	Loss1: 5.841055 Loss2: 0.000000 
| Global Round : 50 | Client :4 | Local Epoch : 1 | [64/436 (17%)]	Loss1: 5.839447 Loss2: 0.000000 
| Global Round : 50 | Client :4 | Local Epoch : 2 | [64/436 (17%)]	Loss1: 5.839846 Loss2: 0.000000 
| Global Round : 50 | Client :4 | Local Epoch : 3 | [64/436 (17%)]	Loss1: 5.839495 Loss2: 0.000000 
| Global Round : 50 | Client :4 | Local Epoch : 4 | [64/436 (17%)]	Loss1: 5.839078 Loss2: 0.000000 
| Global Round : 50 | Client :5 | Local Epoch : 0 | [64/627 (11%)]	Loss1: 5.839252 Loss2: 0.000000 
| Global Round : 50 | Client :5 | Local Epoch : 1 | [64/627 (11%)]	Loss1: 5.839761 Loss2: 0.000000 
| Global Round : 50 | Client :5 | Local Epoch : 2 | [64/627 (11%)]	Loss1: 5.839320 Loss2: 0.000000 
| Global Round : 50 | Client :5 | Local Epoch : 3 | [64/627 (11%)]	Loss1: 5.839442 Loss2: 0.000000 
| Global Round : 50 | Client :5 | Local Epoch : 4 | [64/627 (11%)]	Loss1: 5.839074 Loss2: 0.000000 
| Global Round : 50 | Client :6 | Local Epoch : 0 | [64/571 (12%)]	Loss1: 5.840058 Loss2: 0.000000 
| Global Round : 50 | Client :6 | Local Epoch : 1 | [64/571 (12%)]	Loss1: 5.840323 Loss2: 0.000000 
| Global Round : 50 | Client :6 | Local Epoch : 2 | [64/571 (12%)]	Loss1: 5.839523 Loss2: 0.000000 
| Global Round : 50 | Client :6 | Local Epoch : 3 | [64/571 (12%)]	Loss1: 5.839333 Loss2: 0.000000 
| Global Round : 50 | Client :6 | Local Epoch : 4 | [64/571 (12%)]	Loss1: 5.839210 Loss2: 0.000000 
| Global Round : 50 | Client :7 | Local Epoch : 0 | [64/665 (10%)]	Loss1: 5.841387 Loss2: 0.000000 
| Global Round : 50 | Client :7 | Local Epoch : 1 | [64/665 (10%)]	Loss1: 5.841691 Loss2: 0.000000 
| Global Round : 50 | Client :7 | Local Epoch : 2 | [64/665 (10%)]	Loss1: 5.839685 Loss2: 0.000000 
| Global Round : 50 | Client :7 | Local Epoch : 3 | [64/665 (10%)]	Loss1: 5.840450 Loss2: 0.000000 
| Global Round : 50 | Client :7 | Local Epoch : 4 | [64/665 (10%)]	Loss1: 5.839429 Loss2: 0.000000 
| Global Round : 50 | Client :8 | Local Epoch : 0 | [64/561 (12%)]	Loss1: 5.840527 Loss2: 0.000000 
| Global Round : 50 | Client :8 | Local Epoch : 1 | [64/561 (12%)]	Loss1: 5.839717 Loss2: 0.000000 
| Global Round : 50 | Client :8 | Local Epoch : 2 | [64/561 (12%)]	Loss1: 5.841078 Loss2: 0.000000 
| Global Round : 50 | Client :8 | Local Epoch : 3 | [64/561 (12%)]	Loss1: 5.839349 Loss2: 0.000000 
| Global Round : 50 | Client :8 | Local Epoch : 4 | [64/561 (12%)]	Loss1: 5.839916 Loss2: 0.000000 
| Global Round : 50 | Client :9 | Local Epoch : 0 | [64/811 (8%)]	Loss1: 5.838624 Loss2: 0.000000 
| Global Round : 50 | Client :9 | Local Epoch : 0 | [704/811 (92%)]	Loss1: 5.839527 Loss2: 0.000000 
| Global Round : 50 | Client :9 | Local Epoch : 1 | [64/811 (8%)]	Loss1: 5.840209 Loss2: 0.000000 
| Global Round : 50 | Client :9 | Local Epoch : 1 | [704/811 (92%)]	Loss1: 5.840159 Loss2: 0.000000 
| Global Round : 50 | Client :9 | Local Epoch : 2 | [64/811 (8%)]	Loss1: 5.839294 Loss2: 0.000000 
| Global Round : 50 | Client :9 | Local Epoch : 2 | [704/811 (92%)]	Loss1: 5.840785 Loss2: 0.000000 
| Global Round : 50 | Client :9 | Local Epoch : 3 | [64/811 (8%)]	Loss1: 5.839711 Loss2: 0.000000 
| Global Round : 50 | Client :9 | Local Epoch : 3 | [704/811 (92%)]	Loss1: 5.839302 Loss2: 0.000000 
| Global Round : 50 | Client :9 | Local Epoch : 4 | [64/811 (8%)]	Loss1: 5.839116 Loss2: 0.000000 
| Global Round : 50 | Client :9 | Local Epoch : 4 | [704/811 (92%)]	Loss1: 5.839698 Loss2: 0.000000 
/home/gyh/anaconda3/envs/pt_38py_env/lib/python3.8/site-packages/torch/distributed/distributed_c10d.py:151: UserWarning: torch.distributed.reduce_op is deprecated, please use torch.distributed.ReduceOp instead
  warnings.warn("torch.distributed.reduce_op is deprecated, please use "
average loss:   5.8382150248686475
average local test accuracy: 0.8545572916666668
average global test accuracy:  0.5397135416666667
Figures plotted successfully.
Training is completed.
running time: 3663.9460430145264 s 

Storage on cpu
-------------------------------------------------------------------------------
Total Tensors: 55285948 	Used Memory: 54.15M
-------------------------------------------------------------------------------

Storage on cuda:0
-------------------------------------------------------------------------------
Total Tensors: 345885 	Used Memory: 1.31M
The allocated memory on cuda:0: 5.54M
Memory differs due to the matrix alignment or invisible gradient buffer tensors
-------------------------------------------------------------------------------
Model is saved on: 
./checkpoint/FMNIST/8d791981fae9ce5d3c0cff2435d0563abc88cc34ed7aaa79153854decddca69d.pth
