nohup: 忽略输入
1.9.0+cu111
cuda
Namespace(CVX_iterations=20, alg='FedKD', batch_size=64, beta=0.1, clip_grad=None, clock_frequency=array([5927980.89104415, 2788225.45932436, 9144056.36733951,
       2874065.44136096, 4864686.63671104, 4502403.83771701,
       2690719.52528266, 3675693.13285919, 3896209.12991219,
       2411606.50024195]), code_len=32, dataset='FMNIST', duration_round=1000000, energy_threshold=1000000.0, eval_only=False, gamma=0.05, is_allocation=True, lam=0.5, lambda2=0.05, local_ep=5, log_frq=5, loss_F='MSE', lr=0.001, lr_sh_rate=10, method_Bandwidth='CVX', method_Frequency='CVX', method_Teacher='Greedy', method_tier='Random', model='CNN', num_classes=10, num_clients=10, num_epochs=50, num_tiers=1, part=0.1, sample_method='Dirichlet', sampling_rate=1, save_model=True, seed=0, std=2, temp=1, tol=0.001, total_bandwidth=1e+30, transmit_power=0.5, upload_model=True, use_lrschd=False)
idx_batch [2941, 5107, 8276, 9264, 5149, 6411, 7775, 5903, 6122, 3052]
idx_batch_test [488, 850, 1380, 1544, 857, 1067, 1296, 982, 1021, 515]
min_size 488
Loaders_test[0] is empty: False
Loaders_test[1] is empty: False
Loaders_test[2] is empty: False
Loaders_test[3] is empty: False
Loaders_test[4] is empty: False
Loaders_test[5] is empty: False
Loaders_test[6] is empty: False
Loaders_test[7] is empty: False
Loaders_test[8] is empty: False
Loaders_test[9] is empty: False
Length of Loaders_test[0]: 97
Length of Loaders_test[1]: 170
Length of Loaders_test[2]: 276
Length of Loaders_test[3]: 308
Length of Loaders_test[4]: 171
Length of Loaders_test[5]: 213
Length of Loaders_test[6]: 259
Length of Loaders_test[7]: 196
Length of Loaders_test[8]: 204
Length of Loaders_test[9]: 103
Length of global_loader_test: 195
len(Loaders_train) 4
Client 0 data distribution:
[107, 0, 0, 129, 0, 0, 1, 19, 0, 0]
Client 1 data distribution:
[0, 0, 0, 0, 369, 2, 57, 0, 19, 1]
Client 2 data distribution:
[0, 83, 0, 0, 0, 62, 133, 0, 490, 0]
Client 3 data distribution:
[0, 0, 73, 0, 0, 0, 0, 240, 0, 583]
Client 4 data distribution:
[200, 183, 0, 74, 7, 0, 28, 20, 0, 0]
Client 5 data distribution:
[2, 1, 518, 0, 9, 110, 0, 0, 0, 0]
Client 6 data distribution:
[0, 0, 0, 359, 4, 40, 365, 0, 0, 0]
Client 7 data distribution:
[0, 38, 0, 1, 147, 371, 0, 12, 5, 2]
Client 8 data distribution:
[248, 86, 0, 0, 0, 0, 0, 242, 0, 0]
Client 9 data distribution:
[1, 162, 1, 3, 0, 0, 2, 57, 27, 3]
Checkpoint dir: ./checkpoint/FMNIST/
CNN
# model parameters: 15722
variances:  [0.03584113952107326, 0.2028165679319468, 0.898279142410506, 0.5010094081839137, 0.830163557570702, 0.1882718122569691, 0.4371349234253209, 0.5745712292211937, 0.6277265575486621, 0.4016411224944867]
h:  [0.03255281 0.23255047 0.80611197 0.30768881 2.83598399 0.59955194
 0.07170732 0.86647262 0.33316328 0.92644117]
Random
tiered_clients:  {1: [4, 0, 3, 2, 8, 7, 6, 5, 9, 1]}

 | Global Training Round : 1 |

xi_k [0.47661404 0.47651224 0.50662705 0.5238838  0.542795   0.54194526
 0.53969296 0.53661638 0.51411277 0.4567568 ]
max_exp: -1.0
coe: 10
Regulation [0.8 0.8 0.8 0.8 0.8 0.8 0.8 0.8 0.8 0.8]
Solver status: optimal_inaccurate
b_new: [1. 1. 1. 1. 1. 1. 1. 1. 1. 1.]
Iter 0: obj=50.7556, best_obj=50.7556, ||b_new-b_prev||₂=2.846050
xi_k [0.47661404 0.47651224 0.50662705 0.5238838  0.542795   0.54194526
 0.53969296 0.53661638 0.51411277 0.4567568 ]
max_exp: -1.0
coe: 10
Regulation [-1. -1. -1. -1. -1. -1. -1. -1. -1. -1.]
Solver status: optimal_inaccurate
b_new: [1. 1. 1. 1. 1. 1. 1. 1. 1. 1.]
Iter 1: obj=51.6556, best_obj=51.6556, ||b_new-b_prev||₂=0.000000
Converged.
Final b: [1. 1. 1. 1. 1. 1. 1. 1. 1. 1.]
<class 'numpy.ndarray'>
b_float: [1. 1. 1. 1. 1. 1. 1. 1. 1. 1.]
b: [1 1 1 1 1 1 1 1 1 1]
active_clients:  [0, 1, 2, 3, 4, 5, 6, 7, 8, 9]
Client 0's s_k are:[0 1 1 1 1 1 1 1 1 1]
Client 1's s_k are:[1 0 1 1 1 1 1 1 1 1]
Client 2's s_k are:[1 1 0 1 1 1 1 1 1 1]
Client 3's s_k are:[1 1 1 0 1 1 1 1 1 1]
Client 4's s_k are:[1 1 1 1 0 1 1 1 1 1]
Client 5's s_k are:[1 1 1 1 1 0 1 1 1 1]
Client 6's s_k are:[1 1 1 1 1 1 0 1 1 1]
Client 7's s_k are:[1 1 1 1 1 1 1 0 1 1]
Client 8's s_k are:[1 1 1 1 1 1 1 1 0 1]
Client 9's s_k are:[1 1 1 1 1 1 1 1 1 0]
| Global Round : 1 | Client :0 | Local Epoch : 0 | [64/294 (25%)]	Loss1: 5.919898 Loss2: 0.000041 
| Global Round : 1 | Client :0 | Local Epoch : 1 | [64/294 (25%)]	Loss1: 5.872760 Loss2: 0.000143 
| Global Round : 1 | Client :0 | Local Epoch : 2 | [64/294 (25%)]	Loss1: 5.862669 Loss2: 0.000176 
| Global Round : 1 | Client :0 | Local Epoch : 3 | [64/294 (25%)]	Loss1: 5.858928 Loss2: 0.000119 
| Global Round : 1 | Client :0 | Local Epoch : 4 | [64/294 (25%)]	Loss1: 5.857299 Loss2: 0.000138 
| Global Round : 1 | Client :1 | Local Epoch : 0 | [64/510 (14%)]	Loss1: 5.892617 Loss2: 0.000047 
| Global Round : 1 | Client :1 | Local Epoch : 1 | [64/510 (14%)]	Loss1: 5.855958 Loss2: 0.000094 
| Global Round : 1 | Client :1 | Local Epoch : 2 | [64/510 (14%)]	Loss1: 5.852512 Loss2: 0.000094 
| Global Round : 1 | Client :1 | Local Epoch : 3 | [64/510 (14%)]	Loss1: 5.845287 Loss2: 0.000081 
| Global Round : 1 | Client :1 | Local Epoch : 4 | [64/510 (14%)]	Loss1: 5.850567 Loss2: 0.000078 
| Global Round : 1 | Client :2 | Local Epoch : 0 | [64/827 (8%)]	Loss1: 5.909731 Loss2: 0.000046 
| Global Round : 1 | Client :2 | Local Epoch : 0 | [704/827 (92%)]	Loss1: 5.859919 Loss2: 0.000081 
| Global Round : 1 | Client :2 | Local Epoch : 1 | [64/827 (8%)]	Loss1: 5.859942 Loss2: 0.000084 
| Global Round : 1 | Client :2 | Local Epoch : 1 | [704/827 (92%)]	Loss1: 5.854913 Loss2: 0.000088 
| Global Round : 1 | Client :2 | Local Epoch : 2 | [64/827 (8%)]	Loss1: 5.854770 Loss2: 0.000084 
| Global Round : 1 | Client :2 | Local Epoch : 2 | [704/827 (92%)]	Loss1: 5.852916 Loss2: 0.000113 
| Global Round : 1 | Client :2 | Local Epoch : 3 | [64/827 (8%)]	Loss1: 5.851253 Loss2: 0.000101 
| Global Round : 1 | Client :2 | Local Epoch : 3 | [704/827 (92%)]	Loss1: 5.852500 Loss2: 0.000102 
| Global Round : 1 | Client :2 | Local Epoch : 4 | [64/827 (8%)]	Loss1: 5.850006 Loss2: 0.000086 
| Global Round : 1 | Client :2 | Local Epoch : 4 | [704/827 (92%)]	Loss1: 5.848006 Loss2: 0.000091 
| Global Round : 1 | Client :3 | Local Epoch : 0 | [64/926 (7%)]	Loss1: 5.880653 Loss2: 0.000048 
| Global Round : 1 | Client :3 | Local Epoch : 0 | [704/926 (79%)]	Loss1: 5.851020 Loss2: 0.000032 
| Global Round : 1 | Client :3 | Local Epoch : 1 | [64/926 (7%)]	Loss1: 5.851252 Loss2: 0.000032 
| Global Round : 1 | Client :3 | Local Epoch : 1 | [704/926 (79%)]	Loss1: 5.848556 Loss2: 0.000037 
| Global Round : 1 | Client :3 | Local Epoch : 2 | [64/926 (7%)]	Loss1: 5.848795 Loss2: 0.000043 
| Global Round : 1 | Client :3 | Local Epoch : 2 | [704/926 (79%)]	Loss1: 5.845330 Loss2: 0.000048 
| Global Round : 1 | Client :3 | Local Epoch : 3 | [64/926 (7%)]	Loss1: 5.846581 Loss2: 0.000052 
| Global Round : 1 | Client :3 | Local Epoch : 3 | [704/926 (79%)]	Loss1: 5.843798 Loss2: 0.000043 
| Global Round : 1 | Client :3 | Local Epoch : 4 | [64/926 (7%)]	Loss1: 5.843774 Loss2: 0.000040 
| Global Round : 1 | Client :3 | Local Epoch : 4 | [704/926 (79%)]	Loss1: 5.843813 Loss2: 0.000046 
| Global Round : 1 | Client :4 | Local Epoch : 0 | [64/514 (12%)]	Loss1: 5.901273 Loss2: 0.000056 
| Global Round : 1 | Client :4 | Local Epoch : 1 | [64/514 (12%)]	Loss1: 5.860012 Loss2: 0.000041 
| Global Round : 1 | Client :4 | Local Epoch : 2 | [64/514 (12%)]	Loss1: 5.861593 Loss2: 0.000071 
| Global Round : 1 | Client :4 | Local Epoch : 3 | [64/514 (12%)]	Loss1: 5.856138 Loss2: 0.000055 
| Global Round : 1 | Client :4 | Local Epoch : 4 | [64/514 (12%)]	Loss1: 5.854206 Loss2: 0.000068 
| Global Round : 1 | Client :5 | Local Epoch : 0 | [64/641 (10%)]	Loss1: 5.883663 Loss2: 0.000056 
| Global Round : 1 | Client :5 | Local Epoch : 1 | [64/641 (10%)]	Loss1: 5.852643 Loss2: 0.000060 
| Global Round : 1 | Client :5 | Local Epoch : 2 | [64/641 (10%)]	Loss1: 5.847847 Loss2: 0.000062 
| Global Round : 1 | Client :5 | Local Epoch : 3 | [64/641 (10%)]	Loss1: 5.843418 Loss2: 0.000063 
| Global Round : 1 | Client :5 | Local Epoch : 4 | [64/641 (10%)]	Loss1: 5.844230 Loss2: 0.000071 
| Global Round : 1 | Client :6 | Local Epoch : 0 | [64/777 (8%)]	Loss1: 5.912630 Loss2: 0.000075 
| Global Round : 1 | Client :6 | Local Epoch : 0 | [704/777 (92%)]	Loss1: 5.861123 Loss2: 0.000061 
| Global Round : 1 | Client :6 | Local Epoch : 1 | [64/777 (8%)]	Loss1: 5.857799 Loss2: 0.000068 
| Global Round : 1 | Client :6 | Local Epoch : 1 | [704/777 (92%)]	Loss1: 5.855240 Loss2: 0.000057 
| Global Round : 1 | Client :6 | Local Epoch : 2 | [64/777 (8%)]	Loss1: 5.856677 Loss2: 0.000064 
| Global Round : 1 | Client :6 | Local Epoch : 2 | [704/777 (92%)]	Loss1: 5.850788 Loss2: 0.000059 
| Global Round : 1 | Client :6 | Local Epoch : 3 | [64/777 (8%)]	Loss1: 5.851860 Loss2: 0.000085 
| Global Round : 1 | Client :6 | Local Epoch : 3 | [704/777 (92%)]	Loss1: 5.849663 Loss2: 0.000065 
| Global Round : 1 | Client :6 | Local Epoch : 4 | [64/777 (8%)]	Loss1: 5.849568 Loss2: 0.000083 
| Global Round : 1 | Client :6 | Local Epoch : 4 | [704/777 (92%)]	Loss1: 5.848784 Loss2: 0.000065 
| Global Round : 1 | Client :7 | Local Epoch : 0 | [64/590 (11%)]	Loss1: 5.934319 Loss2: 0.000084 
| Global Round : 1 | Client :7 | Local Epoch : 1 | [64/590 (11%)]	Loss1: 5.859557 Loss2: 0.000050 
| Global Round : 1 | Client :7 | Local Epoch : 2 | [64/590 (11%)]	Loss1: 5.852220 Loss2: 0.000037 
| Global Round : 1 | Client :7 | Local Epoch : 3 | [64/590 (11%)]	Loss1: 5.852453 Loss2: 0.000047 
| Global Round : 1 | Client :7 | Local Epoch : 4 | [64/590 (11%)]	Loss1: 5.851287 Loss2: 0.000050 
| Global Round : 1 | Client :8 | Local Epoch : 0 | [64/612 (11%)]	Loss1: 5.915390 Loss2: 0.000105 
| Global Round : 1 | Client :8 | Local Epoch : 1 | [64/612 (11%)]	Loss1: 5.858051 Loss2: 0.000037 
| Global Round : 1 | Client :8 | Local Epoch : 2 | [64/612 (11%)]	Loss1: 5.852941 Loss2: 0.000048 
| Global Round : 1 | Client :8 | Local Epoch : 3 | [64/612 (11%)]	Loss1: 5.847945 Loss2: 0.000041 
| Global Round : 1 | Client :8 | Local Epoch : 4 | [64/612 (11%)]	Loss1: 5.847578 Loss2: 0.000046 
| Global Round : 1 | Client :9 | Local Epoch : 0 | [64/305 (25%)]	Loss1: 5.906732 Loss2: 0.000116 
| Global Round : 1 | Client :9 | Local Epoch : 1 | [64/305 (25%)]	Loss1: 5.861351 Loss2: 0.000048 
| Global Round : 1 | Client :9 | Local Epoch : 2 | [64/305 (25%)]	Loss1: 5.856618 Loss2: 0.000040 
| Global Round : 1 | Client :9 | Local Epoch : 3 | [64/305 (25%)]	Loss1: 5.855697 Loss2: 0.000038 
| Global Round : 1 | Client :9 | Local Epoch : 4 | [64/305 (25%)]	Loss1: 5.855807 Loss2: 0.000039 
<frozen importlib._bootstrap>:219: RuntimeWarning: scipy._lib.messagestream.MessageStream size changed, may indicate binary incompatibility. Expected 56 from C header, got 64 from PyObject
/home/gyh/anaconda3/envs/pt_38py_env/lib/python3.8/site-packages/torchvision/datasets/mnist.py:498: UserWarning: The given NumPy array is not writeable, and PyTorch does not support non-writeable tensors. This means you can write to the underlying (supposedly non-writeable) NumPy array using the tensor. You may want to copy the array to protect its data or make it writeable before converting it to a tensor. This type of warning will be suppressed for the rest of this program. (Triggered internally at  /pytorch/torch/csrc/utils/tensor_numpy.cpp:180.)
  return torch.from_numpy(parsed.astype(m[2], copy=False)).view(*s)
/home/gyh/anaconda3/envs/pt_38py_env/lib/python3.8/site-packages/torch/nn/functional.py:718: UserWarning: Named tensors and all their associated APIs are an experimental feature and subject to change. Please do not use them for anything important until they are released as stable. (Triggered internally at  /pytorch/c10/core/TensorImpl.h:1156.)
  return torch.max_pool2d(input, kernel_size, stride, padding, dilation, ceil_mode)
/home/gyh/anaconda3/envs/pt_38py_env/lib/python3.8/site-packages/cvxpy/problems/problem.py:1407: UserWarning: Solution may be inaccurate. Try another solver, adjusting the solver settings, or solve with verbose=True for more information.
  warnings.warn(
average loss:   5.84528669824676
average local test accuracy: 0.8361979166666667
average global test accuracy:  0.21627604166666664

 | Global Training Round : 2 |

xi_k [0.46573937 0.4688794  0.49578641 0.51597892 0.53219918 0.53212686
 0.52750301 0.52093541 0.5019098  0.44867943]
max_exp: -1.0
coe: 10
Regulation [0.8 0.8 0.8 0.8 0.8 0.8 0.8 0.8 0.8 0.8]
Solver status: optimal_inaccurate
b_new: [1. 1. 1. 1. 1. 1. 1. 1. 1. 1.]
Iter 0: obj=49.6974, best_obj=49.6974, ||b_new-b_prev||₂=2.846050
xi_k [0.46573937 0.4688794  0.49578641 0.51597892 0.53219918 0.53212686
 0.52750301 0.52093541 0.5019098  0.44867943]
max_exp: -1.0
coe: 10
Regulation [-1. -1. -1. -1. -1. -1. -1. -1. -1. -1.]
Solver status: optimal_inaccurate
b_new: [1. 1. 1. 1. 1. 1. 1. 1. 1. 1.]
Iter 1: obj=50.5974, best_obj=50.5974, ||b_new-b_prev||₂=0.000000
Converged.
Final b: [1. 1. 1. 1. 1. 1. 1. 1. 1. 1.]
<class 'numpy.ndarray'>
b_float: [1. 1. 1. 1. 1. 1. 1. 1. 1. 1.]
b: [1 1 1 1 1 1 1 1 1 1]
active_clients:  [0, 1, 2, 3, 4, 5, 6, 7, 8, 9]
Client 0's s_k are:[0 1 1 1 1 1 1 1 1 1]
Client 1's s_k are:[1 0 1 1 1 1 1 1 1 1]
Client 2's s_k are:[1 1 0 1 1 1 1 1 1 1]
Client 3's s_k are:[1 1 1 0 1 1 1 1 1 1]
Client 4's s_k are:[1 1 1 1 0 1 1 1 1 1]
Client 5's s_k are:[1 1 1 1 1 0 1 1 1 1]
Client 6's s_k are:[1 1 1 1 1 1 0 1 1 1]
Client 7's s_k are:[1 1 1 1 1 1 1 0 1 1]
Client 8's s_k are:[1 1 1 1 1 1 1 1 0 1]
Client 9's s_k are:[1 1 1 1 1 1 1 1 1 0]
| Global Round : 2 | Client :0 | Local Epoch : 0 | [64/294 (25%)]	Loss1: 5.853424 Loss2: 0.000025 
| Global Round : 2 | Client :0 | Local Epoch : 1 | [64/294 (25%)]	Loss1: 5.853968 Loss2: 0.000019 
| Global Round : 2 | Client :0 | Local Epoch : 2 | [64/294 (25%)]	Loss1: 5.851284 Loss2: 0.000051 
| Global Round : 2 | Client :0 | Local Epoch : 3 | [64/294 (25%)]	Loss1: 5.851017 Loss2: 0.000038 
| Global Round : 2 | Client :0 | Local Epoch : 4 | [64/294 (25%)]	Loss1: 5.849492 Loss2: 0.000034 
| Global Round : 2 | Client :1 | Local Epoch : 0 | [64/510 (14%)]	Loss1: 5.848409 Loss2: 0.000052 
| Global Round : 2 | Client :1 | Local Epoch : 1 | [64/510 (14%)]	Loss1: 5.848596 Loss2: 0.000053 
| Global Round : 2 | Client :1 | Local Epoch : 2 | [64/510 (14%)]	Loss1: 5.845640 Loss2: 0.000047 
| Global Round : 2 | Client :1 | Local Epoch : 3 | [64/510 (14%)]	Loss1: 5.845908 Loss2: 0.000051 
| Global Round : 2 | Client :1 | Local Epoch : 4 | [64/510 (14%)]	Loss1: 5.848167 Loss2: 0.000045 
| Global Round : 2 | Client :2 | Local Epoch : 0 | [64/827 (8%)]	Loss1: 5.849874 Loss2: 0.000034 
| Global Round : 2 | Client :2 | Local Epoch : 0 | [704/827 (92%)]	Loss1: 5.849153 Loss2: 0.000047 
| Global Round : 2 | Client :2 | Local Epoch : 1 | [64/827 (8%)]	Loss1: 5.848670 Loss2: 0.000034 
| Global Round : 2 | Client :2 | Local Epoch : 1 | [704/827 (92%)]	Loss1: 5.846092 Loss2: 0.000040 
| Global Round : 2 | Client :2 | Local Epoch : 2 | [64/827 (8%)]	Loss1: 5.847038 Loss2: 0.000044 
| Global Round : 2 | Client :2 | Local Epoch : 2 | [704/827 (92%)]	Loss1: 5.846957 Loss2: 0.000041 
| Global Round : 2 | Client :2 | Local Epoch : 3 | [64/827 (8%)]	Loss1: 5.845779 Loss2: 0.000039 
| Global Round : 2 | Client :2 | Local Epoch : 3 | [704/827 (92%)]	Loss1: 5.845075 Loss2: 0.000040 
| Global Round : 2 | Client :2 | Local Epoch : 4 | [64/827 (8%)]	Loss1: 5.844789 Loss2: 0.000045 
| Global Round : 2 | Client :2 | Local Epoch : 4 | [704/827 (92%)]	Loss1: 5.844939 Loss2: 0.000042 
| Global Round : 2 | Client :3 | Local Epoch : 0 | [64/926 (7%)]	Loss1: 5.844022 Loss2: 0.000046 
| Global Round : 2 | Client :3 | Local Epoch : 0 | [704/926 (79%)]	Loss1: 5.843320 Loss2: 0.000043 
| Global Round : 2 | Client :3 | Local Epoch : 1 | [64/926 (7%)]	Loss1: 5.843025 Loss2: 0.000041 
| Global Round : 2 | Client :3 | Local Epoch : 1 | [704/926 (79%)]	Loss1: 5.842484 Loss2: 0.000046 
| Global Round : 2 | Client :3 | Local Epoch : 2 | [64/926 (7%)]	Loss1: 5.843394 Loss2: 0.000040 
| Global Round : 2 | Client :3 | Local Epoch : 2 | [704/926 (79%)]	Loss1: 5.842725 Loss2: 0.000043 
| Global Round : 2 | Client :3 | Local Epoch : 3 | [64/926 (7%)]	Loss1: 5.843456 Loss2: 0.000039 
| Global Round : 2 | Client :3 | Local Epoch : 3 | [704/926 (79%)]	Loss1: 5.841827 Loss2: 0.000044 
| Global Round : 2 | Client :3 | Local Epoch : 4 | [64/926 (7%)]	Loss1: 5.841526 Loss2: 0.000047 
| Global Round : 2 | Client :3 | Local Epoch : 4 | [704/926 (79%)]	Loss1: 5.841346 Loss2: 0.000043 
| Global Round : 2 | Client :4 | Local Epoch : 0 | [64/514 (12%)]	Loss1: 5.849238 Loss2: 0.000031 
| Global Round : 2 | Client :4 | Local Epoch : 1 | [64/514 (12%)]	Loss1: 5.851102 Loss2: 0.000025 
| Global Round : 2 | Client :4 | Local Epoch : 2 | [64/514 (12%)]	Loss1: 5.848161 Loss2: 0.000025 
| Global Round : 2 | Client :4 | Local Epoch : 3 | [64/514 (12%)]	Loss1: 5.848752 Loss2: 0.000037 
| Global Round : 2 | Client :4 | Local Epoch : 4 | [64/514 (12%)]	Loss1: 5.848398 Loss2: 0.000031 
| Global Round : 2 | Client :5 | Local Epoch : 0 | [64/641 (10%)]	Loss1: 5.842958 Loss2: 0.000058 
| Global Round : 2 | Client :5 | Local Epoch : 1 | [64/641 (10%)]	Loss1: 5.843656 Loss2: 0.000057 
| Global Round : 2 | Client :5 | Local Epoch : 2 | [64/641 (10%)]	Loss1: 5.843466 Loss2: 0.000056 
| Global Round : 2 | Client :5 | Local Epoch : 3 | [64/641 (10%)]	Loss1: 5.844673 Loss2: 0.000067 
| Global Round : 2 | Client :5 | Local Epoch : 4 | [64/641 (10%)]	Loss1: 5.839679 Loss2: 0.000068 
| Global Round : 2 | Client :6 | Local Epoch : 0 | [64/777 (8%)]	Loss1: 5.848267 Loss2: 0.000060 
| Global Round : 2 | Client :6 | Local Epoch : 0 | [704/777 (92%)]	Loss1: 5.846569 Loss2: 0.000062 
| Global Round : 2 | Client :6 | Local Epoch : 1 | [64/777 (8%)]	Loss1: 5.844501 Loss2: 0.000056 
| Global Round : 2 | Client :6 | Local Epoch : 1 | [704/777 (92%)]	Loss1: 5.846101 Loss2: 0.000042 
| Global Round : 2 | Client :6 | Local Epoch : 2 | [64/777 (8%)]	Loss1: 5.847215 Loss2: 0.000057 
| Global Round : 2 | Client :6 | Local Epoch : 2 | [704/777 (92%)]	Loss1: 5.845065 Loss2: 0.000050 
| Global Round : 2 | Client :6 | Local Epoch : 3 | [64/777 (8%)]	Loss1: 5.845348 Loss2: 0.000054 
| Global Round : 2 | Client :6 | Local Epoch : 3 | [704/777 (92%)]	Loss1: 5.844761 Loss2: 0.000047 
| Global Round : 2 | Client :6 | Local Epoch : 4 | [64/777 (8%)]	Loss1: 5.844108 Loss2: 0.000058 
| Global Round : 2 | Client :6 | Local Epoch : 4 | [704/777 (92%)]	Loss1: 5.845257 Loss2: 0.000051 
| Global Round : 2 | Client :7 | Local Epoch : 0 | [64/590 (11%)]	Loss1: 5.851846 Loss2: 0.000036 
| Global Round : 2 | Client :7 | Local Epoch : 1 | [64/590 (11%)]	Loss1: 5.845838 Loss2: 0.000032 
| Global Round : 2 | Client :7 | Local Epoch : 2 | [64/590 (11%)]	Loss1: 5.848055 Loss2: 0.000037 
| Global Round : 2 | Client :7 | Local Epoch : 3 | [64/590 (11%)]	Loss1: 5.844730 Loss2: 0.000036 
| Global Round : 2 | Client :7 | Local Epoch : 4 | [64/590 (11%)]	Loss1: 5.844122 Loss2: 0.000039 
| Global Round : 2 | Client :8 | Local Epoch : 0 | [64/612 (11%)]	Loss1: 5.845720 Loss2: 0.000044 
| Global Round : 2 | Client :8 | Local Epoch : 1 | [64/612 (11%)]	Loss1: 5.845967 Loss2: 0.000044 
| Global Round : 2 | Client :8 | Local Epoch : 2 | [64/612 (11%)]	Loss1: 5.843840 Loss2: 0.000041 
| Global Round : 2 | Client :8 | Local Epoch : 3 | [64/612 (11%)]	Loss1: 5.843345 Loss2: 0.000040 
| Global Round : 2 | Client :8 | Local Epoch : 4 | [64/612 (11%)]	Loss1: 5.843062 Loss2: 0.000040 
| Global Round : 2 | Client :9 | Local Epoch : 0 | [64/305 (25%)]	Loss1: 5.854012 Loss2: 0.000044 
| Global Round : 2 | Client :9 | Local Epoch : 1 | [64/305 (25%)]	Loss1: 5.851764 Loss2: 0.000040 
| Global Round : 2 | Client :9 | Local Epoch : 2 | [64/305 (25%)]	Loss1: 5.849961 Loss2: 0.000043 
| Global Round : 2 | Client :9 | Local Epoch : 3 | [64/305 (25%)]	Loss1: 5.848042 Loss2: 0.000044 
| Global Round : 2 | Client :9 | Local Epoch : 4 | [64/305 (25%)]	Loss1: 5.845516 Loss2: 0.000046 
average loss:   5.841945837755051
average local test accuracy: 0.91640625
average global test accuracy:  0.25872395833333334

 | Global Training Round : 3 |

xi_k [0.4645755  0.46870187 0.49508197 0.51557771 0.5315709  0.53196732
 0.52696324 0.52053499 0.50147204 0.44769425]
max_exp: -1.0
coe: 10
Regulation [0.8 0.8 0.8 0.8 0.8 0.8 0.8 0.8 0.8 0.8]
Solver status: optimal_inaccurate
b_new: [1. 1. 1. 1. 1. 1. 1. 1. 1. 1.]
Iter 0: obj=49.6414, best_obj=49.6414, ||b_new-b_prev||₂=2.846050
xi_k [0.4645755  0.46870187 0.49508197 0.51557771 0.5315709  0.53196732
 0.52696324 0.52053499 0.50147204 0.44769425]
max_exp: -1.0
coe: 10
Regulation [-1. -1. -1. -1. -1. -1. -1. -1. -1. -1.]
Solver status: optimal_inaccurate
b_new: [1. 1. 1. 1. 1. 1. 1. 1. 1. 1.]
Iter 1: obj=50.5414, best_obj=50.5414, ||b_new-b_prev||₂=0.000000
Converged.
Final b: [1. 1. 1. 1. 1. 1. 1. 1. 1. 1.]
<class 'numpy.ndarray'>
b_float: [1. 1. 1. 1. 1. 1. 1. 1. 1. 1.]
b: [1 1 1 1 1 1 1 1 1 1]
active_clients:  [0, 1, 2, 3, 4, 5, 6, 7, 8, 9]
Client 0's s_k are:[0 1 1 1 1 1 1 1 1 1]
Client 1's s_k are:[1 0 1 1 1 1 1 1 1 1]
Client 2's s_k are:[1 1 0 1 1 1 1 1 1 1]
Client 3's s_k are:[1 1 1 0 1 1 1 1 1 1]
Client 4's s_k are:[1 1 1 1 0 1 1 1 1 1]
Client 5's s_k are:[1 1 1 1 1 0 1 1 1 1]
Client 6's s_k are:[1 1 1 1 1 1 0 1 1 1]
Client 7's s_k are:[1 1 1 1 1 1 1 0 1 1]
Client 8's s_k are:[1 1 1 1 1 1 1 1 0 1]
Client 9's s_k are:[1 1 1 1 1 1 1 1 1 0]
| Global Round : 3 | Client :0 | Local Epoch : 0 | [64/294 (25%)]	Loss1: 5.848367 Loss2: 0.000042 
| Global Round : 3 | Client :0 | Local Epoch : 1 | [64/294 (25%)]	Loss1: 5.849074 Loss2: 0.000025 
| Global Round : 3 | Client :0 | Local Epoch : 2 | [64/294 (25%)]	Loss1: 5.848166 Loss2: 0.000043 
| Global Round : 3 | Client :0 | Local Epoch : 3 | [64/294 (25%)]	Loss1: 5.848380 Loss2: 0.000044 
| Global Round : 3 | Client :0 | Local Epoch : 4 | [64/294 (25%)]	Loss1: 5.848128 Loss2: 0.000038 
| Global Round : 3 | Client :1 | Local Epoch : 0 | [64/510 (14%)]	Loss1: 5.842919 Loss2: 0.000067 
| Global Round : 3 | Client :1 | Local Epoch : 1 | [64/510 (14%)]	Loss1: 5.844378 Loss2: 0.000063 
| Global Round : 3 | Client :1 | Local Epoch : 2 | [64/510 (14%)]	Loss1: 5.843822 Loss2: 0.000051 
| Global Round : 3 | Client :1 | Local Epoch : 3 | [64/510 (14%)]	Loss1: 5.844651 Loss2: 0.000055 
| Global Round : 3 | Client :1 | Local Epoch : 4 | [64/510 (14%)]	Loss1: 5.845965 Loss2: 0.000054 
| Global Round : 3 | Client :2 | Local Epoch : 0 | [64/827 (8%)]	Loss1: 5.844691 Loss2: 0.000042 
| Global Round : 3 | Client :2 | Local Epoch : 0 | [704/827 (92%)]	Loss1: 5.843990 Loss2: 0.000055 
| Global Round : 3 | Client :2 | Local Epoch : 1 | [64/827 (8%)]	Loss1: 5.843751 Loss2: 0.000047 
| Global Round : 3 | Client :2 | Local Epoch : 1 | [704/827 (92%)]	Loss1: 5.842941 Loss2: 0.000048 
| Global Round : 3 | Client :2 | Local Epoch : 2 | [64/827 (8%)]	Loss1: 5.843101 Loss2: 0.000049 
| Global Round : 3 | Client :2 | Local Epoch : 2 | [704/827 (92%)]	Loss1: 5.842525 Loss2: 0.000048 
| Global Round : 3 | Client :2 | Local Epoch : 3 | [64/827 (8%)]	Loss1: 5.841139 Loss2: 0.000052 
| Global Round : 3 | Client :2 | Local Epoch : 3 | [704/827 (92%)]	Loss1: 5.841794 Loss2: 0.000048 
| Global Round : 3 | Client :2 | Local Epoch : 4 | [64/827 (8%)]	Loss1: 5.842268 Loss2: 0.000045 
| Global Round : 3 | Client :2 | Local Epoch : 4 | [704/827 (92%)]	Loss1: 5.841877 Loss2: 0.000048 
| Global Round : 3 | Client :3 | Local Epoch : 0 | [64/926 (7%)]	Loss1: 5.841895 Loss2: 0.000048 
| Global Round : 3 | Client :3 | Local Epoch : 0 | [704/926 (79%)]	Loss1: 5.840256 Loss2: 0.000048 
| Global Round : 3 | Client :3 | Local Epoch : 1 | [64/926 (7%)]	Loss1: 5.841389 Loss2: 0.000053 
| Global Round : 3 | Client :3 | Local Epoch : 1 | [704/926 (79%)]	Loss1: 5.841774 Loss2: 0.000058 
| Global Round : 3 | Client :3 | Local Epoch : 2 | [64/926 (7%)]	Loss1: 5.840969 Loss2: 0.000055 
| Global Round : 3 | Client :3 | Local Epoch : 2 | [704/926 (79%)]	Loss1: 5.840112 Loss2: 0.000058 
| Global Round : 3 | Client :3 | Local Epoch : 3 | [64/926 (7%)]	Loss1: 5.840216 Loss2: 0.000050 
| Global Round : 3 | Client :3 | Local Epoch : 3 | [704/926 (79%)]	Loss1: 5.840093 Loss2: 0.000058 
| Global Round : 3 | Client :3 | Local Epoch : 4 | [64/926 (7%)]	Loss1: 5.839621 Loss2: 0.000054 
| Global Round : 3 | Client :3 | Local Epoch : 4 | [704/926 (79%)]	Loss1: 5.839993 Loss2: 0.000049 
| Global Round : 3 | Client :4 | Local Epoch : 0 | [64/514 (12%)]	Loss1: 5.846164 Loss2: 0.000031 
| Global Round : 3 | Client :4 | Local Epoch : 1 | [64/514 (12%)]	Loss1: 5.846619 Loss2: 0.000027 
| Global Round : 3 | Client :4 | Local Epoch : 2 | [64/514 (12%)]	Loss1: 5.845778 Loss2: 0.000037 
| Global Round : 3 | Client :4 | Local Epoch : 3 | [64/514 (12%)]	Loss1: 5.846267 Loss2: 0.000033 
| Global Round : 3 | Client :4 | Local Epoch : 4 | [64/514 (12%)]	Loss1: 5.845645 Loss2: 0.000033 
| Global Round : 3 | Client :5 | Local Epoch : 0 | [64/641 (10%)]	Loss1: 5.839779 Loss2: 0.000059 
| Global Round : 3 | Client :5 | Local Epoch : 1 | [64/641 (10%)]	Loss1: 5.840039 Loss2: 0.000067 
| Global Round : 3 | Client :5 | Local Epoch : 2 | [64/641 (10%)]	Loss1: 5.842596 Loss2: 0.000072 
| Global Round : 3 | Client :5 | Local Epoch : 3 | [64/641 (10%)]	Loss1: 5.840441 Loss2: 0.000059 
| Global Round : 3 | Client :5 | Local Epoch : 4 | [64/641 (10%)]	Loss1: 5.839774 Loss2: 0.000065 
| Global Round : 3 | Client :6 | Local Epoch : 0 | [64/777 (8%)]	Loss1: 5.843413 Loss2: 0.000062 
| Global Round : 3 | Client :6 | Local Epoch : 0 | [704/777 (92%)]	Loss1: 5.844177 Loss2: 0.000052 
| Global Round : 3 | Client :6 | Local Epoch : 1 | [64/777 (8%)]	Loss1: 5.842645 Loss2: 0.000074 
| Global Round : 3 | Client :6 | Local Epoch : 1 | [704/777 (92%)]	Loss1: 5.841750 Loss2: 0.000058 
| Global Round : 3 | Client :6 | Local Epoch : 2 | [64/777 (8%)]	Loss1: 5.843167 Loss2: 0.000072 
| Global Round : 3 | Client :6 | Local Epoch : 2 | [704/777 (92%)]	Loss1: 5.842582 Loss2: 0.000050 
| Global Round : 3 | Client :6 | Local Epoch : 3 | [64/777 (8%)]	Loss1: 5.842917 Loss2: 0.000059 
| Global Round : 3 | Client :6 | Local Epoch : 3 | [704/777 (92%)]	Loss1: 5.842756 Loss2: 0.000051 
| Global Round : 3 | Client :6 | Local Epoch : 4 | [64/777 (8%)]	Loss1: 5.842744 Loss2: 0.000058 
| Global Round : 3 | Client :6 | Local Epoch : 4 | [704/777 (92%)]	Loss1: 5.841712 Loss2: 0.000051 
| Global Round : 3 | Client :7 | Local Epoch : 0 | [64/590 (11%)]	Loss1: 5.844593 Loss2: 0.000044 
| Global Round : 3 | Client :7 | Local Epoch : 1 | [64/590 (11%)]	Loss1: 5.845565 Loss2: 0.000052 
| Global Round : 3 | Client :7 | Local Epoch : 2 | [64/590 (11%)]	Loss1: 5.843259 Loss2: 0.000046 
| Global Round : 3 | Client :7 | Local Epoch : 3 | [64/590 (11%)]	Loss1: 5.844450 Loss2: 0.000046 
| Global Round : 3 | Client :7 | Local Epoch : 4 | [64/590 (11%)]	Loss1: 5.842119 Loss2: 0.000050 
| Global Round : 3 | Client :8 | Local Epoch : 0 | [64/612 (11%)]	Loss1: 5.842234 Loss2: 0.000042 
| Global Round : 3 | Client :8 | Local Epoch : 1 | [64/612 (11%)]	Loss1: 5.841654 Loss2: 0.000052 
| Global Round : 3 | Client :8 | Local Epoch : 2 | [64/612 (11%)]	Loss1: 5.841243 Loss2: 0.000049 
| Global Round : 3 | Client :8 | Local Epoch : 3 | [64/612 (11%)]	Loss1: 5.840845 Loss2: 0.000046 
| Global Round : 3 | Client :8 | Local Epoch : 4 | [64/612 (11%)]	Loss1: 5.840278 Loss2: 0.000052 
| Global Round : 3 | Client :9 | Local Epoch : 0 | [64/305 (25%)]	Loss1: 5.845500 Loss2: 0.000040 
| Global Round : 3 | Client :9 | Local Epoch : 1 | [64/305 (25%)]	Loss1: 5.845132 Loss2: 0.000037 
| Global Round : 3 | Client :9 | Local Epoch : 2 | [64/305 (25%)]	Loss1: 5.845646 Loss2: 0.000049 
| Global Round : 3 | Client :9 | Local Epoch : 3 | [64/305 (25%)]	Loss1: 5.846806 Loss2: 0.000040 
| Global Round : 3 | Client :9 | Local Epoch : 4 | [64/305 (25%)]	Loss1: 5.843555 Loss2: 0.000049 
average loss:   5.840689657964404
average local test accuracy: 0.9231770833333334
average global test accuracy:  0.30299479166666665

 | Global Training Round : 4 |

xi_k [0.46419946 0.46853036 0.4948637  0.5154502  0.53130636 0.53185141
 0.52677306 0.52037531 0.50124678 0.44739481]
max_exp: -1.0
coe: 10
Regulation [0.8 0.8 0.8 0.8 0.8 0.8 0.8 0.8 0.8 0.8]
Solver status: optimal_inaccurate
b_new: [1. 1. 1. 1. 1. 1. 1. 1. 1. 1.]
Iter 0: obj=49.6199, best_obj=49.6199, ||b_new-b_prev||₂=2.846050
xi_k [0.46419946 0.46853036 0.4948637  0.5154502  0.53130636 0.53185141
 0.52677306 0.52037531 0.50124678 0.44739481]
max_exp: -1.0
coe: 10
Regulation [-1. -1. -1. -1. -1. -1. -1. -1. -1. -1.]
Solver status: optimal_inaccurate
b_new: [1. 1. 1. 1. 1. 1. 1. 1. 1. 1.]
Iter 1: obj=50.5199, best_obj=50.5199, ||b_new-b_prev||₂=0.000000
Converged.
Final b: [1. 1. 1. 1. 1. 1. 1. 1. 1. 1.]
<class 'numpy.ndarray'>
b_float: [1. 1. 1. 1. 1. 1. 1. 1. 1. 1.]
b: [1 1 1 1 1 1 1 1 1 1]
active_clients:  [0, 1, 2, 3, 4, 5, 6, 7, 8, 9]
Client 0's s_k are:[0 1 1 1 1 1 1 1 1 1]
Client 1's s_k are:[1 0 1 1 1 1 1 1 1 1]
Client 2's s_k are:[1 1 0 1 1 1 1 1 1 1]
Client 3's s_k are:[1 1 1 0 1 1 1 1 1 1]
Client 4's s_k are:[1 1 1 1 0 1 1 1 1 1]
Client 5's s_k are:[1 1 1 1 1 0 1 1 1 1]
Client 6's s_k are:[1 1 1 1 1 1 0 1 1 1]
Client 7's s_k are:[1 1 1 1 1 1 1 0 1 1]
Client 8's s_k are:[1 1 1 1 1 1 1 1 0 1]
Client 9's s_k are:[1 1 1 1 1 1 1 1 1 0]
| Global Round : 4 | Client :0 | Local Epoch : 0 | [64/294 (25%)]	Loss1: 5.846164 Loss2: 0.000058 
| Global Round : 4 | Client :0 | Local Epoch : 1 | [64/294 (25%)]	Loss1: 5.845703 Loss2: 0.000046 
| Global Round : 4 | Client :0 | Local Epoch : 2 | [64/294 (25%)]	Loss1: 5.846159 Loss2: 0.000036 
| Global Round : 4 | Client :0 | Local Epoch : 3 | [64/294 (25%)]	Loss1: 5.846719 Loss2: 0.000055 
| Global Round : 4 | Client :0 | Local Epoch : 4 | [64/294 (25%)]	Loss1: 5.845800 Loss2: 0.000039 
| Global Round : 4 | Client :1 | Local Epoch : 0 | [64/510 (14%)]	Loss1: 5.842591 Loss2: 0.000058 
| Global Round : 4 | Client :1 | Local Epoch : 1 | [64/510 (14%)]	Loss1: 5.843115 Loss2: 0.000054 
| Global Round : 4 | Client :1 | Local Epoch : 2 | [64/510 (14%)]	Loss1: 5.843311 Loss2: 0.000058 
| Global Round : 4 | Client :1 | Local Epoch : 3 | [64/510 (14%)]	Loss1: 5.842772 Loss2: 0.000057 
| Global Round : 4 | Client :1 | Local Epoch : 4 | [64/510 (14%)]	Loss1: 5.843763 Loss2: 0.000054 
| Global Round : 4 | Client :2 | Local Epoch : 0 | [64/827 (8%)]	Loss1: 5.842333 Loss2: 0.000048 
| Global Round : 4 | Client :2 | Local Epoch : 0 | [704/827 (92%)]	Loss1: 5.841897 Loss2: 0.000061 
| Global Round : 4 | Client :2 | Local Epoch : 1 | [64/827 (8%)]	Loss1: 5.841708 Loss2: 0.000054 
| Global Round : 4 | Client :2 | Local Epoch : 1 | [704/827 (92%)]	Loss1: 5.842085 Loss2: 0.000047 
| Global Round : 4 | Client :2 | Local Epoch : 2 | [64/827 (8%)]	Loss1: 5.840294 Loss2: 0.000047 
| Global Round : 4 | Client :2 | Local Epoch : 2 | [704/827 (92%)]	Loss1: 5.840163 Loss2: 0.000047 
| Global Round : 4 | Client :2 | Local Epoch : 3 | [64/827 (8%)]	Loss1: 5.841439 Loss2: 0.000052 
| Global Round : 4 | Client :2 | Local Epoch : 3 | [704/827 (92%)]	Loss1: 5.840494 Loss2: 0.000056 
| Global Round : 4 | Client :2 | Local Epoch : 4 | [64/827 (8%)]	Loss1: 5.841203 Loss2: 0.000053 
| Global Round : 4 | Client :2 | Local Epoch : 4 | [704/827 (92%)]	Loss1: 5.843061 Loss2: 0.000045 
| Global Round : 4 | Client :3 | Local Epoch : 0 | [64/926 (7%)]	Loss1: 5.840102 Loss2: 0.000050 
| Global Round : 4 | Client :3 | Local Epoch : 0 | [704/926 (79%)]	Loss1: 5.840623 Loss2: 0.000057 
| Global Round : 4 | Client :3 | Local Epoch : 1 | [64/926 (7%)]	Loss1: 5.841428 Loss2: 0.000049 
| Global Round : 4 | Client :3 | Local Epoch : 1 | [704/926 (79%)]	Loss1: 5.839827 Loss2: 0.000054 
| Global Round : 4 | Client :3 | Local Epoch : 2 | [64/926 (7%)]	Loss1: 5.840255 Loss2: 0.000054 
| Global Round : 4 | Client :3 | Local Epoch : 2 | [704/926 (79%)]	Loss1: 5.839876 Loss2: 0.000050 
| Global Round : 4 | Client :3 | Local Epoch : 3 | [64/926 (7%)]	Loss1: 5.840633 Loss2: 0.000053 
| Global Round : 4 | Client :3 | Local Epoch : 3 | [704/926 (79%)]	Loss1: 5.840898 Loss2: 0.000053 
| Global Round : 4 | Client :3 | Local Epoch : 4 | [64/926 (7%)]	Loss1: 5.840057 Loss2: 0.000051 
| Global Round : 4 | Client :3 | Local Epoch : 4 | [704/926 (79%)]	Loss1: 5.839169 Loss2: 0.000057 
| Global Round : 4 | Client :4 | Local Epoch : 0 | [64/514 (12%)]	Loss1: 5.845380 Loss2: 0.000034 
| Global Round : 4 | Client :4 | Local Epoch : 1 | [64/514 (12%)]	Loss1: 5.843743 Loss2: 0.000038 
| Global Round : 4 | Client :4 | Local Epoch : 2 | [64/514 (12%)]	Loss1: 5.845894 Loss2: 0.000031 
| Global Round : 4 | Client :4 | Local Epoch : 3 | [64/514 (12%)]	Loss1: 5.844375 Loss2: 0.000034 
| Global Round : 4 | Client :4 | Local Epoch : 4 | [64/514 (12%)]	Loss1: 5.843427 Loss2: 0.000036 
| Global Round : 4 | Client :5 | Local Epoch : 0 | [64/641 (10%)]	Loss1: 5.840427 Loss2: 0.000073 
| Global Round : 4 | Client :5 | Local Epoch : 1 | [64/641 (10%)]	Loss1: 5.839770 Loss2: 0.000065 
| Global Round : 4 | Client :5 | Local Epoch : 2 | [64/641 (10%)]	Loss1: 5.841477 Loss2: 0.000062 
| Global Round : 4 | Client :5 | Local Epoch : 3 | [64/641 (10%)]	Loss1: 5.839843 Loss2: 0.000066 
| Global Round : 4 | Client :5 | Local Epoch : 4 | [64/641 (10%)]	Loss1: 5.838680 Loss2: 0.000067 
| Global Round : 4 | Client :6 | Local Epoch : 0 | [64/777 (8%)]	Loss1: 5.843103 Loss2: 0.000060 
| Global Round : 4 | Client :6 | Local Epoch : 0 | [704/777 (92%)]	Loss1: 5.841808 Loss2: 0.000049 
| Global Round : 4 | Client :6 | Local Epoch : 1 | [64/777 (8%)]	Loss1: 5.844316 Loss2: 0.000064 
| Global Round : 4 | Client :6 | Local Epoch : 1 | [704/777 (92%)]	Loss1: 5.843374 Loss2: 0.000047 
| Global Round : 4 | Client :6 | Local Epoch : 2 | [64/777 (8%)]	Loss1: 5.840337 Loss2: 0.000050 
| Global Round : 4 | Client :6 | Local Epoch : 2 | [704/777 (92%)]	Loss1: 5.840981 Loss2: 0.000061 
| Global Round : 4 | Client :6 | Local Epoch : 3 | [64/777 (8%)]	Loss1: 5.842943 Loss2: 0.000067 
| Global Round : 4 | Client :6 | Local Epoch : 3 | [704/777 (92%)]	Loss1: 5.840844 Loss2: 0.000058 
| Global Round : 4 | Client :6 | Local Epoch : 4 | [64/777 (8%)]	Loss1: 5.840697 Loss2: 0.000059 
| Global Round : 4 | Client :6 | Local Epoch : 4 | [704/777 (92%)]	Loss1: 5.842224 Loss2: 0.000061 
| Global Round : 4 | Client :7 | Local Epoch : 0 | [64/590 (11%)]	Loss1: 5.842664 Loss2: 0.000046 
| Global Round : 4 | Client :7 | Local Epoch : 1 | [64/590 (11%)]	Loss1: 5.842452 Loss2: 0.000048 
| Global Round : 4 | Client :7 | Local Epoch : 2 | [64/590 (11%)]	Loss1: 5.840768 Loss2: 0.000048 
| Global Round : 4 | Client :7 | Local Epoch : 3 | [64/590 (11%)]	Loss1: 5.842333 Loss2: 0.000048 
| Global Round : 4 | Client :7 | Local Epoch : 4 | [64/590 (11%)]	Loss1: 5.839878 Loss2: 0.000055 
| Global Round : 4 | Client :8 | Local Epoch : 0 | [64/612 (11%)]	Loss1: 5.839727 Loss2: 0.000060 
| Global Round : 4 | Client :8 | Local Epoch : 1 | [64/612 (11%)]	Loss1: 5.840538 Loss2: 0.000050 
| Global Round : 4 | Client :8 | Local Epoch : 2 | [64/612 (11%)]	Loss1: 5.840085 Loss2: 0.000052 
| Global Round : 4 | Client :8 | Local Epoch : 3 | [64/612 (11%)]	Loss1: 5.839676 Loss2: 0.000051 
| Global Round : 4 | Client :8 | Local Epoch : 4 | [64/612 (11%)]	Loss1: 5.839435 Loss2: 0.000051 
| Global Round : 4 | Client :9 | Local Epoch : 0 | [64/305 (25%)]	Loss1: 5.843143 Loss2: 0.000048 
| Global Round : 4 | Client :9 | Local Epoch : 1 | [64/305 (25%)]	Loss1: 5.843021 Loss2: 0.000044 
| Global Round : 4 | Client :9 | Local Epoch : 2 | [64/305 (25%)]	Loss1: 5.842252 Loss2: 0.000046 
| Global Round : 4 | Client :9 | Local Epoch : 3 | [64/305 (25%)]	Loss1: 5.842046 Loss2: 0.000041 
| Global Round : 4 | Client :9 | Local Epoch : 4 | [64/305 (25%)]	Loss1: 5.840994 Loss2: 0.000051 
average loss:   5.840092628607674
average local test accuracy: 0.932421875
average global test accuracy:  0.2640625

 | Global Training Round : 5 |

xi_k [0.46416175 0.4684431  0.49473848 0.5153822  0.53109782 0.53188538
 0.52669286 0.52022784 0.50119786 0.44730656]
max_exp: -1.0
coe: 10
Regulation [0.8 0.8 0.8 0.8 0.8 0.8 0.8 0.8 0.8 0.8]
Solver status: optimal_inaccurate
b_new: [1. 1. 1. 1. 1. 1. 1. 1. 1. 1.]
Iter 0: obj=49.6113, best_obj=49.6113, ||b_new-b_prev||₂=2.846050
xi_k [0.46416175 0.4684431  0.49473848 0.5153822  0.53109782 0.53188538
 0.52669286 0.52022784 0.50119786 0.44730656]
max_exp: -1.0
coe: 10
Regulation [-1. -1. -1. -1. -1. -1. -1. -1. -1. -1.]
Solver status: optimal_inaccurate
b_new: [1. 1. 1. 1. 1. 1. 1. 1. 1. 1.]
Iter 1: obj=50.5113, best_obj=50.5113, ||b_new-b_prev||₂=0.000000
Converged.
Final b: [1. 1. 1. 1. 1. 1. 1. 1. 1. 1.]
<class 'numpy.ndarray'>
b_float: [1. 1. 1. 1. 1. 1. 1. 1. 1. 1.]
b: [1 1 1 1 1 1 1 1 1 1]
active_clients:  [0, 1, 2, 3, 4, 5, 6, 7, 8, 9]
Client 0's s_k are:[0 1 1 1 1 1 1 1 1 1]
Client 1's s_k are:[1 0 1 1 1 1 1 1 1 1]
Client 2's s_k are:[1 1 0 1 1 1 1 1 1 1]
Client 3's s_k are:[1 1 1 0 1 1 1 1 1 1]
Client 4's s_k are:[1 1 1 1 0 1 1 1 1 1]
Client 5's s_k are:[1 1 1 1 1 0 1 1 1 1]
Client 6's s_k are:[1 1 1 1 1 1 0 1 1 1]
Client 7's s_k are:[1 1 1 1 1 1 1 0 1 1]
Client 8's s_k are:[1 1 1 1 1 1 1 1 0 1]
Client 9's s_k are:[1 1 1 1 1 1 1 1 1 0]
| Global Round : 5 | Client :0 | Local Epoch : 0 | [64/294 (25%)]	Loss1: 5.843006 Loss2: 0.000044 
| Global Round : 5 | Client :0 | Local Epoch : 1 | [64/294 (25%)]	Loss1: 5.845077 Loss2: 0.000049 
| Global Round : 5 | Client :0 | Local Epoch : 2 | [64/294 (25%)]	Loss1: 5.845313 Loss2: 0.000043 
| Global Round : 5 | Client :0 | Local Epoch : 3 | [64/294 (25%)]	Loss1: 5.844090 Loss2: 0.000040 
| Global Round : 5 | Client :0 | Local Epoch : 4 | [64/294 (25%)]	Loss1: 5.843885 Loss2: 0.000033 
| Global Round : 5 | Client :1 | Local Epoch : 0 | [64/510 (14%)]	Loss1: 5.843984 Loss2: 0.000060 
| Global Round : 5 | Client :1 | Local Epoch : 1 | [64/510 (14%)]	Loss1: 5.842701 Loss2: 0.000059 
| Global Round : 5 | Client :1 | Local Epoch : 2 | [64/510 (14%)]	Loss1: 5.842157 Loss2: 0.000058 
| Global Round : 5 | Client :1 | Local Epoch : 3 | [64/510 (14%)]	Loss1: 5.844443 Loss2: 0.000065 
| Global Round : 5 | Client :1 | Local Epoch : 4 | [64/510 (14%)]	Loss1: 5.843376 Loss2: 0.000069 
| Global Round : 5 | Client :2 | Local Epoch : 0 | [64/827 (8%)]	Loss1: 5.840649 Loss2: 0.000046 
| Global Round : 5 | Client :2 | Local Epoch : 0 | [704/827 (92%)]	Loss1: 5.841179 Loss2: 0.000048 
| Global Round : 5 | Client :2 | Local Epoch : 1 | [64/827 (8%)]	Loss1: 5.840900 Loss2: 0.000048 
| Global Round : 5 | Client :2 | Local Epoch : 1 | [704/827 (92%)]	Loss1: 5.841738 Loss2: 0.000051 
| Global Round : 5 | Client :2 | Local Epoch : 2 | [64/827 (8%)]	Loss1: 5.840020 Loss2: 0.000053 
| Global Round : 5 | Client :2 | Local Epoch : 2 | [704/827 (92%)]	Loss1: 5.840255 Loss2: 0.000046 
| Global Round : 5 | Client :2 | Local Epoch : 3 | [64/827 (8%)]	Loss1: 5.840605 Loss2: 0.000052 
| Global Round : 5 | Client :2 | Local Epoch : 3 | [704/827 (92%)]	Loss1: 5.840145 Loss2: 0.000044 
| Global Round : 5 | Client :2 | Local Epoch : 4 | [64/827 (8%)]	Loss1: 5.840618 Loss2: 0.000048 
| Global Round : 5 | Client :2 | Local Epoch : 4 | [704/827 (92%)]	Loss1: 5.840657 Loss2: 0.000057 
| Global Round : 5 | Client :3 | Local Epoch : 0 | [64/926 (7%)]	Loss1: 5.839431 Loss2: 0.000062 
| Global Round : 5 | Client :3 | Local Epoch : 0 | [704/926 (79%)]	Loss1: 5.839753 Loss2: 0.000058 
| Global Round : 5 | Client :3 | Local Epoch : 1 | [64/926 (7%)]	Loss1: 5.839103 Loss2: 0.000058 
| Global Round : 5 | Client :3 | Local Epoch : 1 | [704/926 (79%)]	Loss1: 5.840815 Loss2: 0.000057 
| Global Round : 5 | Client :3 | Local Epoch : 2 | [64/926 (7%)]	Loss1: 5.839546 Loss2: 0.000057 
| Global Round : 5 | Client :3 | Local Epoch : 2 | [704/926 (79%)]	Loss1: 5.839341 Loss2: 0.000057 
| Global Round : 5 | Client :3 | Local Epoch : 3 | [64/926 (7%)]	Loss1: 5.839526 Loss2: 0.000061 
| Global Round : 5 | Client :3 | Local Epoch : 3 | [704/926 (79%)]	Loss1: 5.840097 Loss2: 0.000063 
| Global Round : 5 | Client :3 | Local Epoch : 4 | [64/926 (7%)]	Loss1: 5.839714 Loss2: 0.000055 
| Global Round : 5 | Client :3 | Local Epoch : 4 | [704/926 (79%)]	Loss1: 5.839684 Loss2: 0.000062 
| Global Round : 5 | Client :4 | Local Epoch : 0 | [64/514 (12%)]	Loss1: 5.842964 Loss2: 0.000030 
| Global Round : 5 | Client :4 | Local Epoch : 1 | [64/514 (12%)]	Loss1: 5.843940 Loss2: 0.000038 
| Global Round : 5 | Client :4 | Local Epoch : 2 | [64/514 (12%)]	Loss1: 5.841856 Loss2: 0.000035 
| Global Round : 5 | Client :4 | Local Epoch : 3 | [64/514 (12%)]	Loss1: 5.843486 Loss2: 0.000038 
| Global Round : 5 | Client :4 | Local Epoch : 4 | [64/514 (12%)]	Loss1: 5.844210 Loss2: 0.000030 
| Global Round : 5 | Client :5 | Local Epoch : 0 | [64/641 (10%)]	Loss1: 5.839735 Loss2: 0.000064 
| Global Round : 5 | Client :5 | Local Epoch : 1 | [64/641 (10%)]	Loss1: 5.838375 Loss2: 0.000069 
| Global Round : 5 | Client :5 | Local Epoch : 2 | [64/641 (10%)]	Loss1: 5.840446 Loss2: 0.000067 
| Global Round : 5 | Client :5 | Local Epoch : 3 | [64/641 (10%)]	Loss1: 5.838609 Loss2: 0.000064 
| Global Round : 5 | Client :5 | Local Epoch : 4 | [64/641 (10%)]	Loss1: 5.838996 Loss2: 0.000065 
| Global Round : 5 | Client :6 | Local Epoch : 0 | [64/777 (8%)]	Loss1: 5.842412 Loss2: 0.000069 
| Global Round : 5 | Client :6 | Local Epoch : 0 | [704/777 (92%)]	Loss1: 5.841702 Loss2: 0.000053 
| Global Round : 5 | Client :6 | Local Epoch : 1 | [64/777 (8%)]	Loss1: 5.840778 Loss2: 0.000061 
| Global Round : 5 | Client :6 | Local Epoch : 1 | [704/777 (92%)]	Loss1: 5.842490 Loss2: 0.000054 
| Global Round : 5 | Client :6 | Local Epoch : 2 | [64/777 (8%)]	Loss1: 5.841802 Loss2: 0.000058 
| Global Round : 5 | Client :6 | Local Epoch : 2 | [704/777 (92%)]	Loss1: 5.839841 Loss2: 0.000052 
| Global Round : 5 | Client :6 | Local Epoch : 3 | [64/777 (8%)]	Loss1: 5.840680 Loss2: 0.000067 
| Global Round : 5 | Client :6 | Local Epoch : 3 | [704/777 (92%)]	Loss1: 5.840868 Loss2: 0.000050 
| Global Round : 5 | Client :6 | Local Epoch : 4 | [64/777 (8%)]	Loss1: 5.840600 Loss2: 0.000061 
| Global Round : 5 | Client :6 | Local Epoch : 4 | [704/777 (92%)]	Loss1: 5.840611 Loss2: 0.000058 
| Global Round : 5 | Client :7 | Local Epoch : 0 | [64/590 (11%)]	Loss1: 5.841100 Loss2: 0.000052 
| Global Round : 5 | Client :7 | Local Epoch : 1 | [64/590 (11%)]	Loss1: 5.842191 Loss2: 0.000050 
| Global Round : 5 | Client :7 | Local Epoch : 2 | [64/590 (11%)]	Loss1: 5.841067 Loss2: 0.000056 
| Global Round : 5 | Client :7 | Local Epoch : 3 | [64/590 (11%)]	Loss1: 5.839256 Loss2: 0.000047 
| Global Round : 5 | Client :7 | Local Epoch : 4 | [64/590 (11%)]	Loss1: 5.840825 Loss2: 0.000053 
| Global Round : 5 | Client :8 | Local Epoch : 0 | [64/612 (11%)]	Loss1: 5.839251 Loss2: 0.000052 
| Global Round : 5 | Client :8 | Local Epoch : 1 | [64/612 (11%)]	Loss1: 5.839982 Loss2: 0.000055 
| Global Round : 5 | Client :8 | Local Epoch : 2 | [64/612 (11%)]	Loss1: 5.839082 Loss2: 0.000057 
| Global Round : 5 | Client :8 | Local Epoch : 3 | [64/612 (11%)]	Loss1: 5.838919 Loss2: 0.000050 
| Global Round : 5 | Client :8 | Local Epoch : 4 | [64/612 (11%)]	Loss1: 5.838856 Loss2: 0.000052 
| Global Round : 5 | Client :9 | Local Epoch : 0 | [64/305 (25%)]	Loss1: 5.842012 Loss2: 0.000044 
| Global Round : 5 | Client :9 | Local Epoch : 1 | [64/305 (25%)]	Loss1: 5.843236 Loss2: 0.000038 
| Global Round : 5 | Client :9 | Local Epoch : 2 | [64/305 (25%)]	Loss1: 5.841846 Loss2: 0.000051 
| Global Round : 5 | Client :9 | Local Epoch : 3 | [64/305 (25%)]	Loss1: 5.842498 Loss2: 0.000041 
| Global Round : 5 | Client :9 | Local Epoch : 4 | [64/305 (25%)]	Loss1: 5.841393 Loss2: 0.000047 
average loss:   5.839476693565883
average local test accuracy: 0.9315104166666668
average global test accuracy:  0.2854166666666667

 | Global Training Round : 6 |

xi_k [0.46396472 0.46825437 0.49463869 0.51535675 0.53093832 0.531817
 0.52659777 0.52012764 0.50115315 0.44722531]
max_exp: -1.0
coe: 10
Regulation [0.8 0.8 0.8 0.8 0.8 0.8 0.8 0.8 0.8 0.8]
Solver status: optimal_inaccurate
b_new: [1. 1. 1. 1. 1. 1. 1. 1. 1. 1.]
Iter 0: obj=49.6007, best_obj=49.6007, ||b_new-b_prev||₂=2.846050
xi_k [0.46396472 0.46825437 0.49463869 0.51535675 0.53093832 0.531817
 0.52659777 0.52012764 0.50115315 0.44722531]
max_exp: -1.0
coe: 10
Regulation [-1. -1. -1. -1. -1. -1. -1. -1. -1. -1.]
Solver status: optimal_inaccurate
b_new: [1. 1. 1. 1. 1. 1. 1. 1. 1. 1.]
Iter 1: obj=50.5007, best_obj=50.5007, ||b_new-b_prev||₂=0.000000
Converged.
Final b: [1. 1. 1. 1. 1. 1. 1. 1. 1. 1.]
<class 'numpy.ndarray'>
b_float: [1. 1. 1. 1. 1. 1. 1. 1. 1. 1.]
b: [1 1 1 1 1 1 1 1 1 1]
active_clients:  [0, 1, 2, 3, 4, 5, 6, 7, 8, 9]
Client 0's s_k are:[0 1 1 1 1 1 1 1 1 1]
Client 1's s_k are:[1 0 1 1 1 1 1 1 1 1]
Client 2's s_k are:[1 1 0 1 1 1 1 1 1 1]
Client 3's s_k are:[1 1 1 0 1 1 1 1 1 1]
Client 4's s_k are:[1 1 1 1 0 1 1 1 1 1]
Client 5's s_k are:[1 1 1 1 1 0 1 1 1 1]
Client 6's s_k are:[1 1 1 1 1 1 0 1 1 1]
Client 7's s_k are:[1 1 1 1 1 1 1 0 1 1]
Client 8's s_k are:[1 1 1 1 1 1 1 1 0 1]
Client 9's s_k are:[1 1 1 1 1 1 1 1 1 0]
| Global Round : 6 | Client :0 | Local Epoch : 0 | [64/294 (25%)]	Loss1: 5.842693 Loss2: 0.000048 
| Global Round : 6 | Client :0 | Local Epoch : 1 | [64/294 (25%)]	Loss1: 5.843366 Loss2: 0.000056 
| Global Round : 6 | Client :0 | Local Epoch : 2 | [64/294 (25%)]	Loss1: 5.843224 Loss2: 0.000040 
| Global Round : 6 | Client :0 | Local Epoch : 3 | [64/294 (25%)]	Loss1: 5.842634 Loss2: 0.000046 
| Global Round : 6 | Client :0 | Local Epoch : 4 | [64/294 (25%)]	Loss1: 5.842809 Loss2: 0.000044 
| Global Round : 6 | Client :1 | Local Epoch : 0 | [64/510 (14%)]	Loss1: 5.841503 Loss2: 0.000061 
| Global Round : 6 | Client :1 | Local Epoch : 1 | [64/510 (14%)]	Loss1: 5.840975 Loss2: 0.000066 
| Global Round : 6 | Client :1 | Local Epoch : 2 | [64/510 (14%)]	Loss1: 5.841179 Loss2: 0.000052 
| Global Round : 6 | Client :1 | Local Epoch : 3 | [64/510 (14%)]	Loss1: 5.842028 Loss2: 0.000067 
| Global Round : 6 | Client :1 | Local Epoch : 4 | [64/510 (14%)]	Loss1: 5.841889 Loss2: 0.000067 
| Global Round : 6 | Client :2 | Local Epoch : 0 | [64/827 (8%)]	Loss1: 5.841106 Loss2: 0.000058 
| Global Round : 6 | Client :2 | Local Epoch : 0 | [704/827 (92%)]	Loss1: 5.840572 Loss2: 0.000042 
| Global Round : 6 | Client :2 | Local Epoch : 1 | [64/827 (8%)]	Loss1: 5.839756 Loss2: 0.000047 
| Global Round : 6 | Client :2 | Local Epoch : 1 | [704/827 (92%)]	Loss1: 5.841793 Loss2: 0.000048 
| Global Round : 6 | Client :2 | Local Epoch : 2 | [64/827 (8%)]	Loss1: 5.840585 Loss2: 0.000052 
| Global Round : 6 | Client :2 | Local Epoch : 2 | [704/827 (92%)]	Loss1: 5.840218 Loss2: 0.000050 
| Global Round : 6 | Client :2 | Local Epoch : 3 | [64/827 (8%)]	Loss1: 5.840234 Loss2: 0.000047 
| Global Round : 6 | Client :2 | Local Epoch : 3 | [704/827 (92%)]	Loss1: 5.840125 Loss2: 0.000049 
| Global Round : 6 | Client :2 | Local Epoch : 4 | [64/827 (8%)]	Loss1: 5.839848 Loss2: 0.000059 
| Global Round : 6 | Client :2 | Local Epoch : 4 | [704/827 (92%)]	Loss1: 5.839954 Loss2: 0.000055 
| Global Round : 6 | Client :3 | Local Epoch : 0 | [64/926 (7%)]	Loss1: 5.839332 Loss2: 0.000057 
| Global Round : 6 | Client :3 | Local Epoch : 0 | [704/926 (79%)]	Loss1: 5.839960 Loss2: 0.000053 
| Global Round : 6 | Client :3 | Local Epoch : 1 | [64/926 (7%)]	Loss1: 5.839265 Loss2: 0.000060 
| Global Round : 6 | Client :3 | Local Epoch : 1 | [704/926 (79%)]	Loss1: 5.839609 Loss2: 0.000065 
| Global Round : 6 | Client :3 | Local Epoch : 2 | [64/926 (7%)]	Loss1: 5.840176 Loss2: 0.000059 
| Global Round : 6 | Client :3 | Local Epoch : 2 | [704/926 (79%)]	Loss1: 5.839382 Loss2: 0.000059 
| Global Round : 6 | Client :3 | Local Epoch : 3 | [64/926 (7%)]	Loss1: 5.839439 Loss2: 0.000058 
| Global Round : 6 | Client :3 | Local Epoch : 3 | [704/926 (79%)]	Loss1: 5.839447 Loss2: 0.000053 
| Global Round : 6 | Client :3 | Local Epoch : 4 | [64/926 (7%)]	Loss1: 5.839871 Loss2: 0.000049 
| Global Round : 6 | Client :3 | Local Epoch : 4 | [704/926 (79%)]	Loss1: 5.839006 Loss2: 0.000060 
| Global Round : 6 | Client :4 | Local Epoch : 0 | [64/514 (12%)]	Loss1: 5.842133 Loss2: 0.000033 
| Global Round : 6 | Client :4 | Local Epoch : 1 | [64/514 (12%)]	Loss1: 5.842785 Loss2: 0.000028 
| Global Round : 6 | Client :4 | Local Epoch : 2 | [64/514 (12%)]	Loss1: 5.842443 Loss2: 0.000039 
| Global Round : 6 | Client :4 | Local Epoch : 3 | [64/514 (12%)]	Loss1: 5.842851 Loss2: 0.000037 
| Global Round : 6 | Client :4 | Local Epoch : 4 | [64/514 (12%)]	Loss1: 5.842162 Loss2: 0.000036 
| Global Round : 6 | Client :5 | Local Epoch : 0 | [64/641 (10%)]	Loss1: 5.839943 Loss2: 0.000069 
| Global Round : 6 | Client :5 | Local Epoch : 1 | [64/641 (10%)]	Loss1: 5.838394 Loss2: 0.000077 
| Global Round : 6 | Client :5 | Local Epoch : 2 | [64/641 (10%)]	Loss1: 5.838694 Loss2: 0.000070 
| Global Round : 6 | Client :5 | Local Epoch : 3 | [64/641 (10%)]	Loss1: 5.838209 Loss2: 0.000067 
| Global Round : 6 | Client :5 | Local Epoch : 4 | [64/641 (10%)]	Loss1: 5.838808 Loss2: 0.000063 
| Global Round : 6 | Client :6 | Local Epoch : 0 | [64/777 (8%)]	Loss1: 5.839715 Loss2: 0.000057 
| Global Round : 6 | Client :6 | Local Epoch : 0 | [704/777 (92%)]	Loss1: 5.841904 Loss2: 0.000053 
| Global Round : 6 | Client :6 | Local Epoch : 1 | [64/777 (8%)]	Loss1: 5.840214 Loss2: 0.000059 
| Global Round : 6 | Client :6 | Local Epoch : 1 | [704/777 (92%)]	Loss1: 5.840434 Loss2: 0.000057 
| Global Round : 6 | Client :6 | Local Epoch : 2 | [64/777 (8%)]	Loss1: 5.841585 Loss2: 0.000066 
| Global Round : 6 | Client :6 | Local Epoch : 2 | [704/777 (92%)]	Loss1: 5.840394 Loss2: 0.000058 
| Global Round : 6 | Client :6 | Local Epoch : 3 | [64/777 (8%)]	Loss1: 5.840523 Loss2: 0.000066 
| Global Round : 6 | Client :6 | Local Epoch : 3 | [704/777 (92%)]	Loss1: 5.839932 Loss2: 0.000053 
| Global Round : 6 | Client :6 | Local Epoch : 4 | [64/777 (8%)]	Loss1: 5.840569 Loss2: 0.000059 
| Global Round : 6 | Client :6 | Local Epoch : 4 | [704/777 (92%)]	Loss1: 5.839542 Loss2: 0.000059 
| Global Round : 6 | Client :7 | Local Epoch : 0 | [64/590 (11%)]	Loss1: 5.841337 Loss2: 0.000048 
| Global Round : 6 | Client :7 | Local Epoch : 1 | [64/590 (11%)]	Loss1: 5.839379 Loss2: 0.000049 
| Global Round : 6 | Client :7 | Local Epoch : 2 | [64/590 (11%)]	Loss1: 5.840598 Loss2: 0.000054 
| Global Round : 6 | Client :7 | Local Epoch : 3 | [64/590 (11%)]	Loss1: 5.840611 Loss2: 0.000050 
| Global Round : 6 | Client :7 | Local Epoch : 4 | [64/590 (11%)]	Loss1: 5.841334 Loss2: 0.000053 
| Global Round : 6 | Client :8 | Local Epoch : 0 | [64/612 (11%)]	Loss1: 5.839550 Loss2: 0.000058 
| Global Round : 6 | Client :8 | Local Epoch : 1 | [64/612 (11%)]	Loss1: 5.838829 Loss2: 0.000059 
| Global Round : 6 | Client :8 | Local Epoch : 2 | [64/612 (11%)]	Loss1: 5.838618 Loss2: 0.000063 
| Global Round : 6 | Client :8 | Local Epoch : 3 | [64/612 (11%)]	Loss1: 5.838351 Loss2: 0.000057 
| Global Round : 6 | Client :8 | Local Epoch : 4 | [64/612 (11%)]	Loss1: 5.838490 Loss2: 0.000054 
| Global Round : 6 | Client :9 | Local Epoch : 0 | [64/305 (25%)]	Loss1: 5.841020 Loss2: 0.000046 
| Global Round : 6 | Client :9 | Local Epoch : 1 | [64/305 (25%)]	Loss1: 5.841813 Loss2: 0.000048 
| Global Round : 6 | Client :9 | Local Epoch : 2 | [64/305 (25%)]	Loss1: 5.841893 Loss2: 0.000038 
| Global Round : 6 | Client :9 | Local Epoch : 3 | [64/305 (25%)]	Loss1: 5.841722 Loss2: 0.000043 
| Global Round : 6 | Client :9 | Local Epoch : 4 | [64/305 (25%)]	Loss1: 5.841609 Loss2: 0.000048 
average loss:   5.839247403750344
average local test accuracy: 0.9375
average global test accuracy:  0.2869791666666667

 | Global Training Round : 7 |

xi_k [0.46386296 0.46815105 0.49459439 0.51530353 0.53086741 0.53181892
 0.52652735 0.52015826 0.5011608  0.44723692]
max_exp: -1.0
coe: 10
Regulation [0.8 0.8 0.8 0.8 0.8 0.8 0.8 0.8 0.8 0.8]
Solver status: optimal_inaccurate
b_new: [1. 1. 1. 1. 1. 1. 1. 1. 1. 1.]
Iter 0: obj=49.5968, best_obj=49.5968, ||b_new-b_prev||₂=2.846050
xi_k [0.46386296 0.46815105 0.49459439 0.51530353 0.53086741 0.53181892
 0.52652735 0.52015826 0.5011608  0.44723692]
max_exp: -1.0
coe: 10
Regulation [-1. -1. -1. -1. -1. -1. -1. -1. -1. -1.]
Solver status: optimal_inaccurate
b_new: [1. 1. 1. 1. 1. 1. 1. 1. 1. 1.]
Iter 1: obj=50.4968, best_obj=50.4968, ||b_new-b_prev||₂=0.000000
Converged.
Final b: [1. 1. 1. 1. 1. 1. 1. 1. 1. 1.]
<class 'numpy.ndarray'>
b_float: [1. 1. 1. 1. 1. 1. 1. 1. 1. 1.]
b: [1 1 1 1 1 1 1 1 1 1]
active_clients:  [0, 1, 2, 3, 4, 5, 6, 7, 8, 9]
Client 0's s_k are:[0 1 1 1 1 1 1 1 1 1]
Client 1's s_k are:[1 0 1 1 1 1 1 1 1 1]
Client 2's s_k are:[1 1 0 1 1 1 1 1 1 1]
Client 3's s_k are:[1 1 1 0 1 1 1 1 1 1]
Client 4's s_k are:[1 1 1 1 0 1 1 1 1 1]
Client 5's s_k are:[1 1 1 1 1 0 1 1 1 1]
Client 6's s_k are:[1 1 1 1 1 1 0 1 1 1]
Client 7's s_k are:[1 1 1 1 1 1 1 0 1 1]
Client 8's s_k are:[1 1 1 1 1 1 1 1 0 1]
Client 9's s_k are:[1 1 1 1 1 1 1 1 1 0]
| Global Round : 7 | Client :0 | Local Epoch : 0 | [64/294 (25%)]	Loss1: 5.842018 Loss2: 0.000052 
| Global Round : 7 | Client :0 | Local Epoch : 1 | [64/294 (25%)]	Loss1: 5.841452 Loss2: 0.000051 
| Global Round : 7 | Client :0 | Local Epoch : 2 | [64/294 (25%)]	Loss1: 5.842006 Loss2: 0.000038 
| Global Round : 7 | Client :0 | Local Epoch : 3 | [64/294 (25%)]	Loss1: 5.841482 Loss2: 0.000044 
| Global Round : 7 | Client :0 | Local Epoch : 4 | [64/294 (25%)]	Loss1: 5.840806 Loss2: 0.000046 
| Global Round : 7 | Client :1 | Local Epoch : 0 | [64/510 (14%)]	Loss1: 5.840506 Loss2: 0.000062 
| Global Round : 7 | Client :1 | Local Epoch : 1 | [64/510 (14%)]	Loss1: 5.842126 Loss2: 0.000057 
| Global Round : 7 | Client :1 | Local Epoch : 2 | [64/510 (14%)]	Loss1: 5.840361 Loss2: 0.000061 
| Global Round : 7 | Client :1 | Local Epoch : 3 | [64/510 (14%)]	Loss1: 5.839212 Loss2: 0.000056 
| Global Round : 7 | Client :1 | Local Epoch : 4 | [64/510 (14%)]	Loss1: 5.841790 Loss2: 0.000060 
| Global Round : 7 | Client :2 | Local Epoch : 0 | [64/827 (8%)]	Loss1: 5.839699 Loss2: 0.000056 
| Global Round : 7 | Client :2 | Local Epoch : 0 | [704/827 (92%)]	Loss1: 5.841461 Loss2: 0.000053 
| Global Round : 7 | Client :2 | Local Epoch : 1 | [64/827 (8%)]	Loss1: 5.839031 Loss2: 0.000054 
| Global Round : 7 | Client :2 | Local Epoch : 1 | [704/827 (92%)]	Loss1: 5.839092 Loss2: 0.000048 
| Global Round : 7 | Client :2 | Local Epoch : 2 | [64/827 (8%)]	Loss1: 5.840465 Loss2: 0.000054 
| Global Round : 7 | Client :2 | Local Epoch : 2 | [704/827 (92%)]	Loss1: 5.839946 Loss2: 0.000048 
| Global Round : 7 | Client :2 | Local Epoch : 3 | [64/827 (8%)]	Loss1: 5.839846 Loss2: 0.000044 
| Global Round : 7 | Client :2 | Local Epoch : 3 | [704/827 (92%)]	Loss1: 5.839985 Loss2: 0.000050 
| Global Round : 7 | Client :2 | Local Epoch : 4 | [64/827 (8%)]	Loss1: 5.839307 Loss2: 0.000064 
| Global Round : 7 | Client :2 | Local Epoch : 4 | [704/827 (92%)]	Loss1: 5.839385 Loss2: 0.000055 
| Global Round : 7 | Client :3 | Local Epoch : 0 | [64/926 (7%)]	Loss1: 5.839134 Loss2: 0.000060 
| Global Round : 7 | Client :3 | Local Epoch : 0 | [704/926 (79%)]	Loss1: 5.839859 Loss2: 0.000055 
| Global Round : 7 | Client :3 | Local Epoch : 1 | [64/926 (7%)]	Loss1: 5.838911 Loss2: 0.000060 
| Global Round : 7 | Client :3 | Local Epoch : 1 | [704/926 (79%)]	Loss1: 5.838770 Loss2: 0.000054 
| Global Round : 7 | Client :3 | Local Epoch : 2 | [64/926 (7%)]	Loss1: 5.838866 Loss2: 0.000061 
| Global Round : 7 | Client :3 | Local Epoch : 2 | [704/926 (79%)]	Loss1: 5.838521 Loss2: 0.000064 
| Global Round : 7 | Client :3 | Local Epoch : 3 | [64/926 (7%)]	Loss1: 5.838778 Loss2: 0.000057 
| Global Round : 7 | Client :3 | Local Epoch : 3 | [704/926 (79%)]	Loss1: 5.839427 Loss2: 0.000055 
| Global Round : 7 | Client :3 | Local Epoch : 4 | [64/926 (7%)]	Loss1: 5.838615 Loss2: 0.000056 
| Global Round : 7 | Client :3 | Local Epoch : 4 | [704/926 (79%)]	Loss1: 5.838938 Loss2: 0.000056 
| Global Round : 7 | Client :4 | Local Epoch : 0 | [64/514 (12%)]	Loss1: 5.842180 Loss2: 0.000032 
| Global Round : 7 | Client :4 | Local Epoch : 1 | [64/514 (12%)]	Loss1: 5.841989 Loss2: 0.000037 
| Global Round : 7 | Client :4 | Local Epoch : 2 | [64/514 (12%)]	Loss1: 5.841583 Loss2: 0.000027 
| Global Round : 7 | Client :4 | Local Epoch : 3 | [64/514 (12%)]	Loss1: 5.841784 Loss2: 0.000037 
| Global Round : 7 | Client :4 | Local Epoch : 4 | [64/514 (12%)]	Loss1: 5.841548 Loss2: 0.000031 
| Global Round : 7 | Client :5 | Local Epoch : 0 | [64/641 (10%)]	Loss1: 5.838621 Loss2: 0.000065 
| Global Round : 7 | Client :5 | Local Epoch : 1 | [64/641 (10%)]	Loss1: 5.840827 Loss2: 0.000064 
| Global Round : 7 | Client :5 | Local Epoch : 2 | [64/641 (10%)]	Loss1: 5.838192 Loss2: 0.000070 
| Global Round : 7 | Client :5 | Local Epoch : 3 | [64/641 (10%)]	Loss1: 5.838621 Loss2: 0.000061 
| Global Round : 7 | Client :5 | Local Epoch : 4 | [64/641 (10%)]	Loss1: 5.839406 Loss2: 0.000065 
| Global Round : 7 | Client :6 | Local Epoch : 0 | [64/777 (8%)]	Loss1: 5.840531 Loss2: 0.000060 
| Global Round : 7 | Client :6 | Local Epoch : 0 | [704/777 (92%)]	Loss1: 5.842508 Loss2: 0.000056 
| Global Round : 7 | Client :6 | Local Epoch : 1 | [64/777 (8%)]	Loss1: 5.841007 Loss2: 0.000060 
| Global Round : 7 | Client :6 | Local Epoch : 1 | [704/777 (92%)]	Loss1: 5.840354 Loss2: 0.000054 
| Global Round : 7 | Client :6 | Local Epoch : 2 | [64/777 (8%)]	Loss1: 5.839662 Loss2: 0.000060 
| Global Round : 7 | Client :6 | Local Epoch : 2 | [704/777 (92%)]	Loss1: 5.840286 Loss2: 0.000055 
| Global Round : 7 | Client :6 | Local Epoch : 3 | [64/777 (8%)]	Loss1: 5.840063 Loss2: 0.000065 
| Global Round : 7 | Client :6 | Local Epoch : 3 | [704/777 (92%)]	Loss1: 5.839871 Loss2: 0.000051 
| Global Round : 7 | Client :6 | Local Epoch : 4 | [64/777 (8%)]	Loss1: 5.839570 Loss2: 0.000054 
| Global Round : 7 | Client :6 | Local Epoch : 4 | [704/777 (92%)]	Loss1: 5.840828 Loss2: 0.000066 
| Global Round : 7 | Client :7 | Local Epoch : 0 | [64/590 (11%)]	Loss1: 5.840966 Loss2: 0.000050 
| Global Round : 7 | Client :7 | Local Epoch : 1 | [64/590 (11%)]	Loss1: 5.840521 Loss2: 0.000050 
| Global Round : 7 | Client :7 | Local Epoch : 2 | [64/590 (11%)]	Loss1: 5.840653 Loss2: 0.000061 
| Global Round : 7 | Client :7 | Local Epoch : 3 | [64/590 (11%)]	Loss1: 5.840800 Loss2: 0.000044 
| Global Round : 7 | Client :7 | Local Epoch : 4 | [64/590 (11%)]	Loss1: 5.839724 Loss2: 0.000051 
| Global Round : 7 | Client :8 | Local Epoch : 0 | [64/612 (11%)]	Loss1: 5.838672 Loss2: 0.000059 
| Global Round : 7 | Client :8 | Local Epoch : 1 | [64/612 (11%)]	Loss1: 5.838636 Loss2: 0.000055 
| Global Round : 7 | Client :8 | Local Epoch : 2 | [64/612 (11%)]	Loss1: 5.838589 Loss2: 0.000060 
| Global Round : 7 | Client :8 | Local Epoch : 3 | [64/612 (11%)]	Loss1: 5.838831 Loss2: 0.000058 
| Global Round : 7 | Client :8 | Local Epoch : 4 | [64/612 (11%)]	Loss1: 5.838596 Loss2: 0.000062 
| Global Round : 7 | Client :9 | Local Epoch : 0 | [64/305 (25%)]	Loss1: 5.841133 Loss2: 0.000042 
| Global Round : 7 | Client :9 | Local Epoch : 1 | [64/305 (25%)]	Loss1: 5.840855 Loss2: 0.000042 
| Global Round : 7 | Client :9 | Local Epoch : 2 | [64/305 (25%)]	Loss1: 5.841283 Loss2: 0.000046 
| Global Round : 7 | Client :9 | Local Epoch : 3 | [64/305 (25%)]	Loss1: 5.841940 Loss2: 0.000043 
| Global Round : 7 | Client :9 | Local Epoch : 4 | [64/305 (25%)]	Loss1: 5.841457 Loss2: 0.000037 
average loss:   5.838952273981912
average local test accuracy: 0.9326822916666668
average global test accuracy:  0.2869791666666667

 | Global Training Round : 8 |

xi_k [0.46385596 0.46809949 0.49456924 0.51528    0.53079112 0.53179687
 0.52647791 0.52007793 0.5011398  0.4471851 ]
max_exp: -1.0
coe: 10
Regulation [0.8 0.8 0.8 0.8 0.8 0.8 0.8 0.8 0.8 0.8]
Solver status: optimal_inaccurate
b_new: [1. 1. 1. 1. 1. 1. 1. 1. 1. 1.]
Iter 0: obj=49.5927, best_obj=49.5927, ||b_new-b_prev||₂=2.846050
xi_k [0.46385596 0.46809949 0.49456924 0.51528    0.53079112 0.53179687
 0.52647791 0.52007793 0.5011398  0.4471851 ]
max_exp: -1.0
coe: 10
Regulation [-1. -1. -1. -1. -1. -1. -1. -1. -1. -1.]
Solver status: optimal_inaccurate
b_new: [1. 1. 1. 1. 1. 1. 1. 1. 1. 1.]
Iter 1: obj=50.4927, best_obj=50.4927, ||b_new-b_prev||₂=0.000000
Converged.
Final b: [1. 1. 1. 1. 1. 1. 1. 1. 1. 1.]
<class 'numpy.ndarray'>
b_float: [1. 1. 1. 1. 1. 1. 1. 1. 1. 1.]
b: [1 1 1 1 1 1 1 1 1 1]
active_clients:  [0, 1, 2, 3, 4, 5, 6, 7, 8, 9]
Client 0's s_k are:[0 1 1 1 1 1 1 1 1 1]
Client 1's s_k are:[1 0 1 1 1 1 1 1 1 1]
Client 2's s_k are:[1 1 0 1 1 1 1 1 1 1]
Client 3's s_k are:[1 1 1 0 1 1 1 1 1 1]
Client 4's s_k are:[1 1 1 1 0 1 1 1 1 1]
Client 5's s_k are:[1 1 1 1 1 0 1 1 1 1]
Client 6's s_k are:[1 1 1 1 1 1 0 1 1 1]
Client 7's s_k are:[1 1 1 1 1 1 1 0 1 1]
Client 8's s_k are:[1 1 1 1 1 1 1 1 0 1]
Client 9's s_k are:[1 1 1 1 1 1 1 1 1 0]
| Global Round : 8 | Client :0 | Local Epoch : 0 | [64/294 (25%)]	Loss1: 5.839554 Loss2: 0.000052 
| Global Round : 8 | Client :0 | Local Epoch : 1 | [64/294 (25%)]	Loss1: 5.841799 Loss2: 0.000056 
| Global Round : 8 | Client :0 | Local Epoch : 2 | [64/294 (25%)]	Loss1: 5.840985 Loss2: 0.000043 
| Global Round : 8 | Client :0 | Local Epoch : 3 | [64/294 (25%)]	Loss1: 5.840878 Loss2: 0.000049 
| Global Round : 8 | Client :0 | Local Epoch : 4 | [64/294 (25%)]	Loss1: 5.839744 Loss2: 0.000046 
| Global Round : 8 | Client :1 | Local Epoch : 0 | [64/510 (14%)]	Loss1: 5.841313 Loss2: 0.000056 
| Global Round : 8 | Client :1 | Local Epoch : 1 | [64/510 (14%)]	Loss1: 5.840696 Loss2: 0.000056 
| Global Round : 8 | Client :1 | Local Epoch : 2 | [64/510 (14%)]	Loss1: 5.839111 Loss2: 0.000092 
| Global Round : 8 | Client :1 | Local Epoch : 3 | [64/510 (14%)]	Loss1: 5.841048 Loss2: 0.000059 
| Global Round : 8 | Client :1 | Local Epoch : 4 | [64/510 (14%)]	Loss1: 5.839111 Loss2: 0.000073 
| Global Round : 8 | Client :2 | Local Epoch : 0 | [64/827 (8%)]	Loss1: 5.839128 Loss2: 0.000050 
| Global Round : 8 | Client :2 | Local Epoch : 0 | [704/827 (92%)]	Loss1: 5.839125 Loss2: 0.000056 
| Global Round : 8 | Client :2 | Local Epoch : 1 | [64/827 (8%)]	Loss1: 5.839566 Loss2: 0.000048 
| Global Round : 8 | Client :2 | Local Epoch : 1 | [704/827 (92%)]	Loss1: 5.839811 Loss2: 0.000055 
| Global Round : 8 | Client :2 | Local Epoch : 2 | [64/827 (8%)]	Loss1: 5.840208 Loss2: 0.000050 
| Global Round : 8 | Client :2 | Local Epoch : 2 | [704/827 (92%)]	Loss1: 5.839522 Loss2: 0.000057 
| Global Round : 8 | Client :2 | Local Epoch : 3 | [64/827 (8%)]	Loss1: 5.839552 Loss2: 0.000057 
| Global Round : 8 | Client :2 | Local Epoch : 3 | [704/827 (92%)]	Loss1: 5.839386 Loss2: 0.000043 
| Global Round : 8 | Client :2 | Local Epoch : 4 | [64/827 (8%)]	Loss1: 5.839004 Loss2: 0.000051 
| Global Round : 8 | Client :2 | Local Epoch : 4 | [704/827 (92%)]	Loss1: 5.839063 Loss2: 0.000052 
| Global Round : 8 | Client :3 | Local Epoch : 0 | [64/926 (7%)]	Loss1: 5.838346 Loss2: 0.000060 
| Global Round : 8 | Client :3 | Local Epoch : 0 | [704/926 (79%)]	Loss1: 5.839096 Loss2: 0.000062 
| Global Round : 8 | Client :3 | Local Epoch : 1 | [64/926 (7%)]	Loss1: 5.838715 Loss2: 0.000062 
| Global Round : 8 | Client :3 | Local Epoch : 1 | [704/926 (79%)]	Loss1: 5.840332 Loss2: 0.000056 
| Global Round : 8 | Client :3 | Local Epoch : 2 | [64/926 (7%)]	Loss1: 5.839674 Loss2: 0.000056 
| Global Round : 8 | Client :3 | Local Epoch : 2 | [704/926 (79%)]	Loss1: 5.838156 Loss2: 0.000061 
| Global Round : 8 | Client :3 | Local Epoch : 3 | [64/926 (7%)]	Loss1: 5.839225 Loss2: 0.000063 
| Global Round : 8 | Client :3 | Local Epoch : 3 | [704/926 (79%)]	Loss1: 5.838746 Loss2: 0.000059 
| Global Round : 8 | Client :3 | Local Epoch : 4 | [64/926 (7%)]	Loss1: 5.838716 Loss2: 0.000052 
| Global Round : 8 | Client :3 | Local Epoch : 4 | [704/926 (79%)]	Loss1: 5.839633 Loss2: 0.000052 
| Global Round : 8 | Client :4 | Local Epoch : 0 | [64/514 (12%)]	Loss1: 5.842093 Loss2: 0.000036 
| Global Round : 8 | Client :4 | Local Epoch : 1 | [64/514 (12%)]	Loss1: 5.841975 Loss2: 0.000037 
| Global Round : 8 | Client :4 | Local Epoch : 2 | [64/514 (12%)]	Loss1: 5.840827 Loss2: 0.000037 
| Global Round : 8 | Client :4 | Local Epoch : 3 | [64/514 (12%)]	Loss1: 5.841250 Loss2: 0.000031 
| Global Round : 8 | Client :4 | Local Epoch : 4 | [64/514 (12%)]	Loss1: 5.842353 Loss2: 0.000039 
| Global Round : 8 | Client :5 | Local Epoch : 0 | [64/641 (10%)]	Loss1: 5.838507 Loss2: 0.000068 
| Global Round : 8 | Client :5 | Local Epoch : 1 | [64/641 (10%)]	Loss1: 5.839336 Loss2: 0.000071 
| Global Round : 8 | Client :5 | Local Epoch : 2 | [64/641 (10%)]	Loss1: 5.839601 Loss2: 0.000066 
| Global Round : 8 | Client :5 | Local Epoch : 3 | [64/641 (10%)]	Loss1: 5.840216 Loss2: 0.000067 
| Global Round : 8 | Client :5 | Local Epoch : 4 | [64/641 (10%)]	Loss1: 5.838816 Loss2: 0.000066 
| Global Round : 8 | Client :6 | Local Epoch : 0 | [64/777 (8%)]	Loss1: 5.840546 Loss2: 0.000069 
| Global Round : 8 | Client :6 | Local Epoch : 0 | [704/777 (92%)]	Loss1: 5.839037 Loss2: 0.000054 
| Global Round : 8 | Client :6 | Local Epoch : 1 | [64/777 (8%)]	Loss1: 5.839852 Loss2: 0.000059 
| Global Round : 8 | Client :6 | Local Epoch : 1 | [704/777 (92%)]	Loss1: 5.840484 Loss2: 0.000057 
| Global Round : 8 | Client :6 | Local Epoch : 2 | [64/777 (8%)]	Loss1: 5.838711 Loss2: 0.000059 
| Global Round : 8 | Client :6 | Local Epoch : 2 | [704/777 (92%)]	Loss1: 5.840560 Loss2: 0.000060 
| Global Round : 8 | Client :6 | Local Epoch : 3 | [64/777 (8%)]	Loss1: 5.838649 Loss2: 0.000064 
| Global Round : 8 | Client :6 | Local Epoch : 3 | [704/777 (92%)]	Loss1: 5.839029 Loss2: 0.000056 
| Global Round : 8 | Client :6 | Local Epoch : 4 | [64/777 (8%)]	Loss1: 5.839868 Loss2: 0.000062 
| Global Round : 8 | Client :6 | Local Epoch : 4 | [704/777 (92%)]	Loss1: 5.840494 Loss2: 0.000056 
| Global Round : 8 | Client :7 | Local Epoch : 0 | [64/590 (11%)]	Loss1: 5.839612 Loss2: 0.000051 
| Global Round : 8 | Client :7 | Local Epoch : 1 | [64/590 (11%)]	Loss1: 5.838548 Loss2: 0.000049 
| Global Round : 8 | Client :7 | Local Epoch : 2 | [64/590 (11%)]	Loss1: 5.840412 Loss2: 0.000052 
| Global Round : 8 | Client :7 | Local Epoch : 3 | [64/590 (11%)]	Loss1: 5.838699 Loss2: 0.000051 
| Global Round : 8 | Client :7 | Local Epoch : 4 | [64/590 (11%)]	Loss1: 5.839347 Loss2: 0.000050 
| Global Round : 8 | Client :8 | Local Epoch : 0 | [64/612 (11%)]	Loss1: 5.838682 Loss2: 0.000051 
| Global Round : 8 | Client :8 | Local Epoch : 1 | [64/612 (11%)]	Loss1: 5.838442 Loss2: 0.000057 
| Global Round : 8 | Client :8 | Local Epoch : 2 | [64/612 (11%)]	Loss1: 5.838555 Loss2: 0.000059 
| Global Round : 8 | Client :8 | Local Epoch : 3 | [64/612 (11%)]	Loss1: 5.838146 Loss2: 0.000057 
| Global Round : 8 | Client :8 | Local Epoch : 4 | [64/612 (11%)]	Loss1: 5.838671 Loss2: 0.000059 
| Global Round : 8 | Client :9 | Local Epoch : 0 | [64/305 (25%)]	Loss1: 5.840657 Loss2: 0.000048 
| Global Round : 8 | Client :9 | Local Epoch : 1 | [64/305 (25%)]	Loss1: 5.841547 Loss2: 0.000041 
| Global Round : 8 | Client :9 | Local Epoch : 2 | [64/305 (25%)]	Loss1: 5.841153 Loss2: 0.000043 
| Global Round : 8 | Client :9 | Local Epoch : 3 | [64/305 (25%)]	Loss1: 5.841069 Loss2: 0.000046 
| Global Round : 8 | Client :9 | Local Epoch : 4 | [64/305 (25%)]	Loss1: 5.839199 Loss2: 0.000045 
average loss:   5.838768061683291
average local test accuracy: 0.934765625
average global test accuracy:  0.3032552083333333

 | Global Training Round : 9 |

xi_k [0.46380544 0.4680313  0.49455587 0.51527136 0.53075601 0.53177573
 0.52645069 0.52002337 0.50112796 0.4471488 ]
max_exp: -1.0
coe: 10
Regulation [0.8 0.8 0.8 0.8 0.8 0.8 0.8 0.8 0.8 0.8]
Solver status: optimal_inaccurate
b_new: [1. 1. 1. 1. 1. 1. 1. 1. 1. 1.]
Iter 0: obj=49.5895, best_obj=49.5895, ||b_new-b_prev||₂=2.846050
xi_k [0.46380544 0.4680313  0.49455587 0.51527136 0.53075601 0.53177573
 0.52645069 0.52002337 0.50112796 0.4471488 ]
max_exp: -1.0
coe: 10
Regulation [-1. -1. -1. -1. -1. -1. -1. -1. -1. -1.]
Solver status: optimal_inaccurate
b_new: [1. 1. 1. 1. 1. 1. 1. 1. 1. 1.]
Iter 1: obj=50.4895, best_obj=50.4895, ||b_new-b_prev||₂=0.000000
Converged.
Final b: [1. 1. 1. 1. 1. 1. 1. 1. 1. 1.]
<class 'numpy.ndarray'>
b_float: [1. 1. 1. 1. 1. 1. 1. 1. 1. 1.]
b: [1 1 1 1 1 1 1 1 1 1]
active_clients:  [0, 1, 2, 3, 4, 5, 6, 7, 8, 9]
Client 0's s_k are:[0 1 1 1 1 1 1 1 1 1]
Client 1's s_k are:[1 0 1 1 1 1 1 1 1 1]
Client 2's s_k are:[1 1 0 1 1 1 1 1 1 1]
Client 3's s_k are:[1 1 1 0 1 1 1 1 1 1]
Client 4's s_k are:[1 1 1 1 0 1 1 1 1 1]
Client 5's s_k are:[1 1 1 1 1 0 1 1 1 1]
Client 6's s_k are:[1 1 1 1 1 1 0 1 1 1]
Client 7's s_k are:[1 1 1 1 1 1 1 0 1 1]
Client 8's s_k are:[1 1 1 1 1 1 1 1 0 1]
Client 9's s_k are:[1 1 1 1 1 1 1 1 1 0]
| Global Round : 9 | Client :0 | Local Epoch : 0 | [64/294 (25%)]	Loss1: 5.839951 Loss2: 0.000044 
| Global Round : 9 | Client :0 | Local Epoch : 1 | [64/294 (25%)]	Loss1: 5.840583 Loss2: 0.000045 
| Global Round : 9 | Client :0 | Local Epoch : 2 | [64/294 (25%)]	Loss1: 5.840062 Loss2: 0.000045 
| Global Round : 9 | Client :0 | Local Epoch : 3 | [64/294 (25%)]	Loss1: 5.840470 Loss2: 0.000041 
| Global Round : 9 | Client :0 | Local Epoch : 4 | [64/294 (25%)]	Loss1: 5.839876 Loss2: 0.000043 
| Global Round : 9 | Client :1 | Local Epoch : 0 | [64/510 (14%)]	Loss1: 5.838680 Loss2: 0.000066 
| Global Round : 9 | Client :1 | Local Epoch : 1 | [64/510 (14%)]	Loss1: 5.839766 Loss2: 0.000071 
| Global Round : 9 | Client :1 | Local Epoch : 2 | [64/510 (14%)]	Loss1: 5.840804 Loss2: 0.000063 
| Global Round : 9 | Client :1 | Local Epoch : 3 | [64/510 (14%)]	Loss1: 5.840999 Loss2: 0.000071 
| Global Round : 9 | Client :1 | Local Epoch : 4 | [64/510 (14%)]	Loss1: 5.839831 Loss2: 0.000067 
| Global Round : 9 | Client :2 | Local Epoch : 0 | [64/827 (8%)]	Loss1: 5.839297 Loss2: 0.000054 
| Global Round : 9 | Client :2 | Local Epoch : 0 | [704/827 (92%)]	Loss1: 5.839617 Loss2: 0.000050 
| Global Round : 9 | Client :2 | Local Epoch : 1 | [64/827 (8%)]	Loss1: 5.839033 Loss2: 0.000059 
| Global Round : 9 | Client :2 | Local Epoch : 1 | [704/827 (92%)]	Loss1: 5.839364 Loss2: 0.000045 
| Global Round : 9 | Client :2 | Local Epoch : 2 | [64/827 (8%)]	Loss1: 5.839175 Loss2: 0.000051 
| Global Round : 9 | Client :2 | Local Epoch : 2 | [704/827 (92%)]	Loss1: 5.838513 Loss2: 0.000053 
| Global Round : 9 | Client :2 | Local Epoch : 3 | [64/827 (8%)]	Loss1: 5.840176 Loss2: 0.000053 
| Global Round : 9 | Client :2 | Local Epoch : 3 | [704/827 (92%)]	Loss1: 5.839356 Loss2: 0.000058 
| Global Round : 9 | Client :2 | Local Epoch : 4 | [64/827 (8%)]	Loss1: 5.839324 Loss2: 0.000055 
| Global Round : 9 | Client :2 | Local Epoch : 4 | [704/827 (92%)]	Loss1: 5.838495 Loss2: 0.000049 
| Global Round : 9 | Client :3 | Local Epoch : 0 | [64/926 (7%)]	Loss1: 5.839864 Loss2: 0.000061 
| Global Round : 9 | Client :3 | Local Epoch : 0 | [704/926 (79%)]	Loss1: 5.838275 Loss2: 0.000065 
| Global Round : 9 | Client :3 | Local Epoch : 1 | [64/926 (7%)]	Loss1: 5.838842 Loss2: 0.000059 
| Global Round : 9 | Client :3 | Local Epoch : 1 | [704/926 (79%)]	Loss1: 5.838762 Loss2: 0.000062 
| Global Round : 9 | Client :3 | Local Epoch : 2 | [64/926 (7%)]	Loss1: 5.838094 Loss2: 0.000060 
| Global Round : 9 | Client :3 | Local Epoch : 2 | [704/926 (79%)]	Loss1: 5.839209 Loss2: 0.000061 
| Global Round : 9 | Client :3 | Local Epoch : 3 | [64/926 (7%)]	Loss1: 5.838748 Loss2: 0.000059 
| Global Round : 9 | Client :3 | Local Epoch : 3 | [704/926 (79%)]	Loss1: 5.839577 Loss2: 0.000065 
| Global Round : 9 | Client :3 | Local Epoch : 4 | [64/926 (7%)]	Loss1: 5.838018 Loss2: 0.000063 
| Global Round : 9 | Client :3 | Local Epoch : 4 | [704/926 (79%)]	Loss1: 5.839015 Loss2: 0.000062 
| Global Round : 9 | Client :4 | Local Epoch : 0 | [64/514 (12%)]	Loss1: 5.841548 Loss2: 0.000033 
| Global Round : 9 | Client :4 | Local Epoch : 1 | [64/514 (12%)]	Loss1: 5.840848 Loss2: 0.000034 
| Global Round : 9 | Client :4 | Local Epoch : 2 | [64/514 (12%)]	Loss1: 5.841632 Loss2: 0.000039 
| Global Round : 9 | Client :4 | Local Epoch : 3 | [64/514 (12%)]	Loss1: 5.840622 Loss2: 0.000042 
| Global Round : 9 | Client :4 | Local Epoch : 4 | [64/514 (12%)]	Loss1: 5.842089 Loss2: 0.000039 
| Global Round : 9 | Client :5 | Local Epoch : 0 | [64/641 (10%)]	Loss1: 5.838140 Loss2: 0.000069 
| Global Round : 9 | Client :5 | Local Epoch : 1 | [64/641 (10%)]	Loss1: 5.839253 Loss2: 0.000069 
| Global Round : 9 | Client :5 | Local Epoch : 2 | [64/641 (10%)]	Loss1: 5.838749 Loss2: 0.000064 
| Global Round : 9 | Client :5 | Local Epoch : 3 | [64/641 (10%)]	Loss1: 5.838478 Loss2: 0.000068 
| Global Round : 9 | Client :5 | Local Epoch : 4 | [64/641 (10%)]	Loss1: 5.839931 Loss2: 0.000067 
| Global Round : 9 | Client :6 | Local Epoch : 0 | [64/777 (8%)]	Loss1: 5.839834 Loss2: 0.000056 
| Global Round : 9 | Client :6 | Local Epoch : 0 | [704/777 (92%)]	Loss1: 5.839124 Loss2: 0.000063 
| Global Round : 9 | Client :6 | Local Epoch : 1 | [64/777 (8%)]	Loss1: 5.839412 Loss2: 0.000062 
| Global Round : 9 | Client :6 | Local Epoch : 1 | [704/777 (92%)]	Loss1: 5.839561 Loss2: 0.000058 
| Global Round : 9 | Client :6 | Local Epoch : 2 | [64/777 (8%)]	Loss1: 5.838695 Loss2: 0.000062 
| Global Round : 9 | Client :6 | Local Epoch : 2 | [704/777 (92%)]	Loss1: 5.839057 Loss2: 0.000056 
| Global Round : 9 | Client :6 | Local Epoch : 3 | [64/777 (8%)]	Loss1: 5.838521 Loss2: 0.000058 
| Global Round : 9 | Client :6 | Local Epoch : 3 | [704/777 (92%)]	Loss1: 5.839294 Loss2: 0.000055 
| Global Round : 9 | Client :6 | Local Epoch : 4 | [64/777 (8%)]	Loss1: 5.839465 Loss2: 0.000052 
| Global Round : 9 | Client :6 | Local Epoch : 4 | [704/777 (92%)]	Loss1: 5.839462 Loss2: 0.000057 
| Global Round : 9 | Client :7 | Local Epoch : 0 | [64/590 (11%)]	Loss1: 5.838959 Loss2: 0.000058 
| Global Round : 9 | Client :7 | Local Epoch : 1 | [64/590 (11%)]	Loss1: 5.840999 Loss2: 0.000046 
| Global Round : 9 | Client :7 | Local Epoch : 2 | [64/590 (11%)]	Loss1: 5.840293 Loss2: 0.000052 
| Global Round : 9 | Client :7 | Local Epoch : 3 | [64/590 (11%)]	Loss1: 5.839239 Loss2: 0.000053 
| Global Round : 9 | Client :7 | Local Epoch : 4 | [64/590 (11%)]	Loss1: 5.840502 Loss2: 0.000050 
| Global Round : 9 | Client :8 | Local Epoch : 0 | [64/612 (11%)]	Loss1: 5.838380 Loss2: 0.000054 
| Global Round : 9 | Client :8 | Local Epoch : 1 | [64/612 (11%)]	Loss1: 5.838651 Loss2: 0.000057 
| Global Round : 9 | Client :8 | Local Epoch : 2 | [64/612 (11%)]	Loss1: 5.838210 Loss2: 0.000050 
| Global Round : 9 | Client :8 | Local Epoch : 3 | [64/612 (11%)]	Loss1: 5.838243 Loss2: 0.000052 
| Global Round : 9 | Client :8 | Local Epoch : 4 | [64/612 (11%)]	Loss1: 5.838367 Loss2: 0.000059 
| Global Round : 9 | Client :9 | Local Epoch : 0 | [64/305 (25%)]	Loss1: 5.841605 Loss2: 0.000043 
| Global Round : 9 | Client :9 | Local Epoch : 1 | [64/305 (25%)]	Loss1: 5.840949 Loss2: 0.000039 
| Global Round : 9 | Client :9 | Local Epoch : 2 | [64/305 (25%)]	Loss1: 5.839919 Loss2: 0.000044 
| Global Round : 9 | Client :9 | Local Epoch : 3 | [64/305 (25%)]	Loss1: 5.840565 Loss2: 0.000042 
| Global Round : 9 | Client :9 | Local Epoch : 4 | [64/305 (25%)]	Loss1: 5.840017 Loss2: 0.000043 
average loss:   5.838621523720878
average local test accuracy: 0.93515625
average global test accuracy:  0.2734375

 | Global Training Round : 10 |

xi_k [0.46384082 0.46794808 0.49453087 0.51525481 0.53069803 0.53181691
 0.52642301 0.51999241 0.50112045 0.44714921]
max_exp: -1.0
coe: 10
Regulation [0.8 0.8 0.8 0.8 0.8 0.8 0.8 0.8 0.8 0.8]
Solver status: optimal_inaccurate
b_new: [1. 1. 1. 1. 1. 1. 1. 1. 1. 1.]
Iter 0: obj=49.5877, best_obj=49.5877, ||b_new-b_prev||₂=2.846050
xi_k [0.46384082 0.46794808 0.49453087 0.51525481 0.53069803 0.53181691
 0.52642301 0.51999241 0.50112045 0.44714921]
max_exp: -1.0
coe: 10
Regulation [-1. -1. -1. -1. -1. -1. -1. -1. -1. -1.]
Solver status: optimal_inaccurate
b_new: [1. 1. 1. 1. 1. 1. 1. 1. 1. 1.]
Iter 1: obj=50.4877, best_obj=50.4877, ||b_new-b_prev||₂=0.000000
Converged.
Final b: [1. 1. 1. 1. 1. 1. 1. 1. 1. 1.]
<class 'numpy.ndarray'>
b_float: [1. 1. 1. 1. 1. 1. 1. 1. 1. 1.]
b: [1 1 1 1 1 1 1 1 1 1]
active_clients:  [0, 1, 2, 3, 4, 5, 6, 7, 8, 9]
Client 0's s_k are:[0 1 1 1 1 1 1 1 1 1]
Client 1's s_k are:[1 0 1 1 1 1 1 1 1 1]
Client 2's s_k are:[1 1 0 1 1 1 1 1 1 1]
Client 3's s_k are:[1 1 1 0 1 1 1 1 1 1]
Client 4's s_k are:[1 1 1 1 0 1 1 1 1 1]
Client 5's s_k are:[1 1 1 1 1 0 1 1 1 1]
Client 6's s_k are:[1 1 1 1 1 1 0 1 1 1]
Client 7's s_k are:[1 1 1 1 1 1 1 0 1 1]
Client 8's s_k are:[1 1 1 1 1 1 1 1 0 1]
Client 9's s_k are:[1 1 1 1 1 1 1 1 1 0]
| Global Round : 10 | Client :0 | Local Epoch : 0 | [64/294 (25%)]	Loss1: 5.839262 Loss2: 0.000039 
| Global Round : 10 | Client :0 | Local Epoch : 1 | [64/294 (25%)]	Loss1: 5.840481 Loss2: 0.000049 
| Global Round : 10 | Client :0 | Local Epoch : 2 | [64/294 (25%)]	Loss1: 5.839944 Loss2: 0.000049 
| Global Round : 10 | Client :0 | Local Epoch : 3 | [64/294 (25%)]	Loss1: 5.840206 Loss2: 0.000046 
| Global Round : 10 | Client :0 | Local Epoch : 4 | [64/294 (25%)]	Loss1: 5.839095 Loss2: 0.000050 
| Global Round : 10 | Client :1 | Local Epoch : 0 | [64/510 (14%)]	Loss1: 5.839933 Loss2: 0.000062 
| Global Round : 10 | Client :1 | Local Epoch : 1 | [64/510 (14%)]	Loss1: 5.840413 Loss2: 0.000065 
| Global Round : 10 | Client :1 | Local Epoch : 2 | [64/510 (14%)]	Loss1: 5.838777 Loss2: 0.000063 
| Global Round : 10 | Client :1 | Local Epoch : 3 | [64/510 (14%)]	Loss1: 5.838793 Loss2: 0.000075 
| Global Round : 10 | Client :1 | Local Epoch : 4 | [64/510 (14%)]	Loss1: 5.841213 Loss2: 0.000065 
| Global Round : 10 | Client :2 | Local Epoch : 0 | [64/827 (8%)]	Loss1: 5.838859 Loss2: 0.000055 
| Global Round : 10 | Client :2 | Local Epoch : 0 | [704/827 (92%)]	Loss1: 5.839983 Loss2: 0.000054 
| Global Round : 10 | Client :2 | Local Epoch : 1 | [64/827 (8%)]	Loss1: 5.839038 Loss2: 0.000053 
| Global Round : 10 | Client :2 | Local Epoch : 1 | [704/827 (92%)]	Loss1: 5.840169 Loss2: 0.000050 
| Global Round : 10 | Client :2 | Local Epoch : 2 | [64/827 (8%)]	Loss1: 5.838665 Loss2: 0.000050 
| Global Round : 10 | Client :2 | Local Epoch : 2 | [704/827 (92%)]	Loss1: 5.839764 Loss2: 0.000058 
| Global Round : 10 | Client :2 | Local Epoch : 3 | [64/827 (8%)]	Loss1: 5.838863 Loss2: 0.000053 
| Global Round : 10 | Client :2 | Local Epoch : 3 | [704/827 (92%)]	Loss1: 5.839205 Loss2: 0.000050 
| Global Round : 10 | Client :2 | Local Epoch : 4 | [64/827 (8%)]	Loss1: 5.839395 Loss2: 0.000048 
| Global Round : 10 | Client :2 | Local Epoch : 4 | [704/827 (92%)]	Loss1: 5.839024 Loss2: 0.000047 
| Global Round : 10 | Client :3 | Local Epoch : 0 | [64/926 (7%)]	Loss1: 5.838904 Loss2: 0.000056 
| Global Round : 10 | Client :3 | Local Epoch : 0 | [704/926 (79%)]	Loss1: 5.839240 Loss2: 0.000061 
| Global Round : 10 | Client :3 | Local Epoch : 1 | [64/926 (7%)]	Loss1: 5.838234 Loss2: 0.000057 
| Global Round : 10 | Client :3 | Local Epoch : 1 | [704/926 (79%)]	Loss1: 5.838707 Loss2: 0.000068 
| Global Round : 10 | Client :3 | Local Epoch : 2 | [64/926 (7%)]	Loss1: 5.838399 Loss2: 0.000063 
| Global Round : 10 | Client :3 | Local Epoch : 2 | [704/926 (79%)]	Loss1: 5.838615 Loss2: 0.000067 
| Global Round : 10 | Client :3 | Local Epoch : 3 | [64/926 (7%)]	Loss1: 5.840093 Loss2: 0.000061 
| Global Round : 10 | Client :3 | Local Epoch : 3 | [704/926 (79%)]	Loss1: 5.838366 Loss2: 0.000056 
| Global Round : 10 | Client :3 | Local Epoch : 4 | [64/926 (7%)]	Loss1: 5.838270 Loss2: 0.000068 
| Global Round : 10 | Client :3 | Local Epoch : 4 | [704/926 (79%)]	Loss1: 5.839721 Loss2: 0.000059 
| Global Round : 10 | Client :4 | Local Epoch : 0 | [64/514 (12%)]	Loss1: 5.841793 Loss2: 0.000033 
| Global Round : 10 | Client :4 | Local Epoch : 1 | [64/514 (12%)]	Loss1: 5.840853 Loss2: 0.000035 
| Global Round : 10 | Client :4 | Local Epoch : 2 | [64/514 (12%)]	Loss1: 5.841468 Loss2: 0.000033 
| Global Round : 10 | Client :4 | Local Epoch : 3 | [64/514 (12%)]	Loss1: 5.841385 Loss2: 0.000044 
| Global Round : 10 | Client :4 | Local Epoch : 4 | [64/514 (12%)]	Loss1: 5.839095 Loss2: 0.000037 
| Global Round : 10 | Client :5 | Local Epoch : 0 | [64/641 (10%)]	Loss1: 5.840172 Loss2: 0.000067 
| Global Round : 10 | Client :5 | Local Epoch : 1 | [64/641 (10%)]	Loss1: 5.839890 Loss2: 0.000078 
| Global Round : 10 | Client :5 | Local Epoch : 2 | [64/641 (10%)]	Loss1: 5.839009 Loss2: 0.000064 
| Global Round : 10 | Client :5 | Local Epoch : 3 | [64/641 (10%)]	Loss1: 5.838601 Loss2: 0.000066 
| Global Round : 10 | Client :5 | Local Epoch : 4 | [64/641 (10%)]	Loss1: 5.837894 Loss2: 0.000066 
| Global Round : 10 | Client :6 | Local Epoch : 0 | [64/777 (8%)]	Loss1: 5.839883 Loss2: 0.000056 
| Global Round : 10 | Client :6 | Local Epoch : 0 | [704/777 (92%)]	Loss1: 5.838889 Loss2: 0.000065 
| Global Round : 10 | Client :6 | Local Epoch : 1 | [64/777 (8%)]	Loss1: 5.839213 Loss2: 0.000060 
| Global Round : 10 | Client :6 | Local Epoch : 1 | [704/777 (92%)]	Loss1: 5.839508 Loss2: 0.000055 
| Global Round : 10 | Client :6 | Local Epoch : 2 | [64/777 (8%)]	Loss1: 5.838695 Loss2: 0.000066 
| Global Round : 10 | Client :6 | Local Epoch : 2 | [704/777 (92%)]	Loss1: 5.838866 Loss2: 0.000053 
| Global Round : 10 | Client :6 | Local Epoch : 3 | [64/777 (8%)]	Loss1: 5.839064 Loss2: 0.000053 
| Global Round : 10 | Client :6 | Local Epoch : 3 | [704/777 (92%)]	Loss1: 5.839062 Loss2: 0.000065 
| Global Round : 10 | Client :6 | Local Epoch : 4 | [64/777 (8%)]	Loss1: 5.839027 Loss2: 0.000057 
| Global Round : 10 | Client :6 | Local Epoch : 4 | [704/777 (92%)]	Loss1: 5.840182 Loss2: 0.000058 
| Global Round : 10 | Client :7 | Local Epoch : 0 | [64/590 (11%)]	Loss1: 5.838714 Loss2: 0.000052 
| Global Round : 10 | Client :7 | Local Epoch : 1 | [64/590 (11%)]	Loss1: 5.839612 Loss2: 0.000053 
| Global Round : 10 | Client :7 | Local Epoch : 2 | [64/590 (11%)]	Loss1: 5.839372 Loss2: 0.000052 
| Global Round : 10 | Client :7 | Local Epoch : 3 | [64/590 (11%)]	Loss1: 5.840881 Loss2: 0.000056 
| Global Round : 10 | Client :7 | Local Epoch : 4 | [64/590 (11%)]	Loss1: 5.838741 Loss2: 0.000051 
| Global Round : 10 | Client :8 | Local Epoch : 0 | [64/612 (11%)]	Loss1: 5.838552 Loss2: 0.000064 
| Global Round : 10 | Client :8 | Local Epoch : 1 | [64/612 (11%)]	Loss1: 5.838464 Loss2: 0.000057 
| Global Round : 10 | Client :8 | Local Epoch : 2 | [64/612 (11%)]	Loss1: 5.838446 Loss2: 0.000058 
| Global Round : 10 | Client :8 | Local Epoch : 3 | [64/612 (11%)]	Loss1: 5.839092 Loss2: 0.000059 
| Global Round : 10 | Client :8 | Local Epoch : 4 | [64/612 (11%)]	Loss1: 5.838798 Loss2: 0.000056 
| Global Round : 10 | Client :9 | Local Epoch : 0 | [64/305 (25%)]	Loss1: 5.839152 Loss2: 0.000046 
| Global Round : 10 | Client :9 | Local Epoch : 1 | [64/305 (25%)]	Loss1: 5.840227 Loss2: 0.000044 
| Global Round : 10 | Client :9 | Local Epoch : 2 | [64/305 (25%)]	Loss1: 5.841160 Loss2: 0.000043 
| Global Round : 10 | Client :9 | Local Epoch : 3 | [64/305 (25%)]	Loss1: 5.839948 Loss2: 0.000049 
| Global Round : 10 | Client :9 | Local Epoch : 4 | [64/305 (25%)]	Loss1: 5.840825 Loss2: 0.000036 
average loss:   5.83838128298048
average local test accuracy: 0.9352864583333333
average global test accuracy:  0.3203124999999999

 | Global Training Round : 11 |

xi_k [0.46372552 0.4678979  0.49453239 0.51523745 0.53063236 0.53176391
 0.52636527 0.51996429 0.50111763 0.44714239]
max_exp: -1.0
coe: 10
Regulation [0.8 0.8 0.8 0.8 0.8 0.8 0.8 0.8 0.8 0.8]
Solver status: optimal_inaccurate
b_new: [1. 1. 1. 1. 1. 1. 1. 1. 1. 1.]
Iter 0: obj=49.5838, best_obj=49.5838, ||b_new-b_prev||₂=2.846050
xi_k [0.46372552 0.4678979  0.49453239 0.51523745 0.53063236 0.53176391
 0.52636527 0.51996429 0.50111763 0.44714239]
max_exp: -1.0
coe: 10
Regulation [-1. -1. -1. -1. -1. -1. -1. -1. -1. -1.]
Solver status: optimal_inaccurate
b_new: [1. 1. 1. 1. 1. 1. 1. 1. 1. 1.]
Iter 1: obj=50.4838, best_obj=50.4838, ||b_new-b_prev||₂=0.000000
Converged.
Final b: [1. 1. 1. 1. 1. 1. 1. 1. 1. 1.]
<class 'numpy.ndarray'>
b_float: [1. 1. 1. 1. 1. 1. 1. 1. 1. 1.]
b: [1 1 1 1 1 1 1 1 1 1]
active_clients:  [0, 1, 2, 3, 4, 5, 6, 7, 8, 9]
Client 0's s_k are:[0 1 1 1 1 1 1 1 1 1]
Client 1's s_k are:[1 0 1 1 1 1 1 1 1 1]
Client 2's s_k are:[1 1 0 1 1 1 1 1 1 1]
Client 3's s_k are:[1 1 1 0 1 1 1 1 1 1]
Client 4's s_k are:[1 1 1 1 0 1 1 1 1 1]
Client 5's s_k are:[1 1 1 1 1 0 1 1 1 1]
Client 6's s_k are:[1 1 1 1 1 1 0 1 1 1]
Client 7's s_k are:[1 1 1 1 1 1 1 0 1 1]
Client 8's s_k are:[1 1 1 1 1 1 1 1 0 1]
Client 9's s_k are:[1 1 1 1 1 1 1 1 1 0]
| Global Round : 11 | Client :0 | Local Epoch : 0 | [64/294 (25%)]	Loss1: 5.839524 Loss2: 0.000044 
| Global Round : 11 | Client :0 | Local Epoch : 1 | [64/294 (25%)]	Loss1: 5.840631 Loss2: 0.000053 
| Global Round : 11 | Client :0 | Local Epoch : 2 | [64/294 (25%)]	Loss1: 5.839690 Loss2: 0.000048 
| Global Round : 11 | Client :0 | Local Epoch : 3 | [64/294 (25%)]	Loss1: 5.840253 Loss2: 0.000048 
| Global Round : 11 | Client :0 | Local Epoch : 4 | [64/294 (25%)]	Loss1: 5.839284 Loss2: 0.000048 
| Global Round : 11 | Client :1 | Local Epoch : 0 | [64/510 (14%)]	Loss1: 5.839395 Loss2: 0.000061 
| Global Round : 11 | Client :1 | Local Epoch : 1 | [64/510 (14%)]	Loss1: 5.839478 Loss2: 0.000069 
| Global Round : 11 | Client :1 | Local Epoch : 2 | [64/510 (14%)]	Loss1: 5.839707 Loss2: 0.000065 
| Global Round : 11 | Client :1 | Local Epoch : 3 | [64/510 (14%)]	Loss1: 5.839382 Loss2: 0.000075 
| Global Round : 11 | Client :1 | Local Epoch : 4 | [64/510 (14%)]	Loss1: 5.839254 Loss2: 0.000066 
| Global Round : 11 | Client :2 | Local Epoch : 0 | [64/827 (8%)]	Loss1: 5.838656 Loss2: 0.000045 
| Global Round : 11 | Client :2 | Local Epoch : 0 | [704/827 (92%)]	Loss1: 5.839242 Loss2: 0.000055 
| Global Round : 11 | Client :2 | Local Epoch : 1 | [64/827 (8%)]	Loss1: 5.839565 Loss2: 0.000057 
| Global Round : 11 | Client :2 | Local Epoch : 1 | [704/827 (92%)]	Loss1: 5.839135 Loss2: 0.000050 
| Global Round : 11 | Client :2 | Local Epoch : 2 | [64/827 (8%)]	Loss1: 5.839184 Loss2: 0.000051 
| Global Round : 11 | Client :2 | Local Epoch : 2 | [704/827 (92%)]	Loss1: 5.839293 Loss2: 0.000048 
| Global Round : 11 | Client :2 | Local Epoch : 3 | [64/827 (8%)]	Loss1: 5.838974 Loss2: 0.000052 
| Global Round : 11 | Client :2 | Local Epoch : 3 | [704/827 (92%)]	Loss1: 5.838937 Loss2: 0.000053 
| Global Round : 11 | Client :2 | Local Epoch : 4 | [64/827 (8%)]	Loss1: 5.838587 Loss2: 0.000046 
| Global Round : 11 | Client :2 | Local Epoch : 4 | [704/827 (92%)]	Loss1: 5.838691 Loss2: 0.000056 
| Global Round : 11 | Client :3 | Local Epoch : 0 | [64/926 (7%)]	Loss1: 5.838701 Loss2: 0.000061 
| Global Round : 11 | Client :3 | Local Epoch : 0 | [704/926 (79%)]	Loss1: 5.838567 Loss2: 0.000066 
| Global Round : 11 | Client :3 | Local Epoch : 1 | [64/926 (7%)]	Loss1: 5.838678 Loss2: 0.000062 
| Global Round : 11 | Client :3 | Local Epoch : 1 | [704/926 (79%)]	Loss1: 5.838566 Loss2: 0.000059 
| Global Round : 11 | Client :3 | Local Epoch : 2 | [64/926 (7%)]	Loss1: 5.838200 Loss2: 0.000058 
| Global Round : 11 | Client :3 | Local Epoch : 2 | [704/926 (79%)]	Loss1: 5.838915 Loss2: 0.000062 
| Global Round : 11 | Client :3 | Local Epoch : 3 | [64/926 (7%)]	Loss1: 5.838211 Loss2: 0.000070 
| Global Round : 11 | Client :3 | Local Epoch : 3 | [704/926 (79%)]	Loss1: 5.838802 Loss2: 0.000068 
| Global Round : 11 | Client :3 | Local Epoch : 4 | [64/926 (7%)]	Loss1: 5.839365 Loss2: 0.000068 
| Global Round : 11 | Client :3 | Local Epoch : 4 | [704/926 (79%)]	Loss1: 5.838333 Loss2: 0.000063 
| Global Round : 11 | Client :4 | Local Epoch : 0 | [64/514 (12%)]	Loss1: 5.840143 Loss2: 0.000033 
| Global Round : 11 | Client :4 | Local Epoch : 1 | [64/514 (12%)]	Loss1: 5.841119 Loss2: 0.000038 
| Global Round : 11 | Client :4 | Local Epoch : 2 | [64/514 (12%)]	Loss1: 5.840385 Loss2: 0.000035 
| Global Round : 11 | Client :4 | Local Epoch : 3 | [64/514 (12%)]	Loss1: 5.840314 Loss2: 0.000037 
| Global Round : 11 | Client :4 | Local Epoch : 4 | [64/514 (12%)]	Loss1: 5.841350 Loss2: 0.000035 
| Global Round : 11 | Client :5 | Local Epoch : 0 | [64/641 (10%)]	Loss1: 5.839338 Loss2: 0.000067 
| Global Round : 11 | Client :5 | Local Epoch : 1 | [64/641 (10%)]	Loss1: 5.841176 Loss2: 0.000069 
| Global Round : 11 | Client :5 | Local Epoch : 2 | [64/641 (10%)]	Loss1: 5.838609 Loss2: 0.000075 
| Global Round : 11 | Client :5 | Local Epoch : 3 | [64/641 (10%)]	Loss1: 5.837827 Loss2: 0.000068 
| Global Round : 11 | Client :5 | Local Epoch : 4 | [64/641 (10%)]	Loss1: 5.839175 Loss2: 0.000064 
| Global Round : 11 | Client :6 | Local Epoch : 0 | [64/777 (8%)]	Loss1: 5.839556 Loss2: 0.000057 
| Global Round : 11 | Client :6 | Local Epoch : 0 | [704/777 (92%)]	Loss1: 5.838566 Loss2: 0.000062 
| Global Round : 11 | Client :6 | Local Epoch : 1 | [64/777 (8%)]	Loss1: 5.838809 Loss2: 0.000055 
| Global Round : 11 | Client :6 | Local Epoch : 1 | [704/777 (92%)]	Loss1: 5.839102 Loss2: 0.000056 
| Global Round : 11 | Client :6 | Local Epoch : 2 | [64/777 (8%)]	Loss1: 5.839797 Loss2: 0.000061 
| Global Round : 11 | Client :6 | Local Epoch : 2 | [704/777 (92%)]	Loss1: 5.839216 Loss2: 0.000053 
| Global Round : 11 | Client :6 | Local Epoch : 3 | [64/777 (8%)]	Loss1: 5.838527 Loss2: 0.000059 
| Global Round : 11 | Client :6 | Local Epoch : 3 | [704/777 (92%)]	Loss1: 5.839472 Loss2: 0.000058 
| Global Round : 11 | Client :6 | Local Epoch : 4 | [64/777 (8%)]	Loss1: 5.839477 Loss2: 0.000060 
| Global Round : 11 | Client :6 | Local Epoch : 4 | [704/777 (92%)]	Loss1: 5.838985 Loss2: 0.000057 
| Global Round : 11 | Client :7 | Local Epoch : 0 | [64/590 (11%)]	Loss1: 5.839449 Loss2: 0.000064 
| Global Round : 11 | Client :7 | Local Epoch : 1 | [64/590 (11%)]	Loss1: 5.838486 Loss2: 0.000055 
| Global Round : 11 | Client :7 | Local Epoch : 2 | [64/590 (11%)]	Loss1: 5.840555 Loss2: 0.000049 
| Global Round : 11 | Client :7 | Local Epoch : 3 | [64/590 (11%)]	Loss1: 5.840031 Loss2: 0.000055 
| Global Round : 11 | Client :7 | Local Epoch : 4 | [64/590 (11%)]	Loss1: 5.838371 Loss2: 0.000051 
| Global Round : 11 | Client :8 | Local Epoch : 0 | [64/612 (11%)]	Loss1: 5.838428 Loss2: 0.000057 
| Global Round : 11 | Client :8 | Local Epoch : 1 | [64/612 (11%)]	Loss1: 5.838396 Loss2: 0.000052 
| Global Round : 11 | Client :8 | Local Epoch : 2 | [64/612 (11%)]	Loss1: 5.838410 Loss2: 0.000055 
| Global Round : 11 | Client :8 | Local Epoch : 3 | [64/612 (11%)]	Loss1: 5.838444 Loss2: 0.000055 
| Global Round : 11 | Client :8 | Local Epoch : 4 | [64/612 (11%)]	Loss1: 5.838497 Loss2: 0.000058 
| Global Round : 11 | Client :9 | Local Epoch : 0 | [64/305 (25%)]	Loss1: 5.839974 Loss2: 0.000043 
| Global Round : 11 | Client :9 | Local Epoch : 1 | [64/305 (25%)]	Loss1: 5.840509 Loss2: 0.000037 
| Global Round : 11 | Client :9 | Local Epoch : 2 | [64/305 (25%)]	Loss1: 5.840662 Loss2: 0.000042 
| Global Round : 11 | Client :9 | Local Epoch : 3 | [64/305 (25%)]	Loss1: 5.839948 Loss2: 0.000043 
| Global Round : 11 | Client :9 | Local Epoch : 4 | [64/305 (25%)]	Loss1: 5.840371 Loss2: 0.000042 
average loss:   5.838313133394907
average local test accuracy: 0.937109375
average global test accuracy:  0.276171875

 | Global Training Round : 12 |

xi_k [0.46371858 0.46785525 0.49451918 0.51522604 0.53061093 0.53175449
 0.52637892 0.51994141 0.50111892 0.44712673]
max_exp: -1.0
coe: 10
Regulation [0.8 0.8 0.8 0.8 0.8 0.8 0.8 0.8 0.8 0.8]
Solver status: optimal_inaccurate
b_new: [1. 1. 1. 1. 1. 1. 1. 1. 1. 1.]
Iter 0: obj=49.5825, best_obj=49.5825, ||b_new-b_prev||₂=2.846050
xi_k [0.46371858 0.46785525 0.49451918 0.51522604 0.53061093 0.53175449
 0.52637892 0.51994141 0.50111892 0.44712673]
max_exp: -1.0
coe: 10
Regulation [-1. -1. -1. -1. -1. -1. -1. -1. -1. -1.]
Solver status: optimal_inaccurate
b_new: [1. 1. 1. 1. 1. 1. 1. 1. 1. 1.]
Iter 1: obj=50.4825, best_obj=50.4825, ||b_new-b_prev||₂=0.000000
Converged.
Final b: [1. 1. 1. 1. 1. 1. 1. 1. 1. 1.]
<class 'numpy.ndarray'>
b_float: [1. 1. 1. 1. 1. 1. 1. 1. 1. 1.]
b: [1 1 1 1 1 1 1 1 1 1]
active_clients:  [0, 1, 2, 3, 4, 5, 6, 7, 8, 9]
Client 0's s_k are:[0 1 1 1 1 1 1 1 1 1]
Client 1's s_k are:[1 0 1 1 1 1 1 1 1 1]
Client 2's s_k are:[1 1 0 1 1 1 1 1 1 1]
Client 3's s_k are:[1 1 1 0 1 1 1 1 1 1]
Client 4's s_k are:[1 1 1 1 0 1 1 1 1 1]
Client 5's s_k are:[1 1 1 1 1 0 1 1 1 1]
Client 6's s_k are:[1 1 1 1 1 1 0 1 1 1]
Client 7's s_k are:[1 1 1 1 1 1 1 0 1 1]
Client 8's s_k are:[1 1 1 1 1 1 1 1 0 1]
Client 9's s_k are:[1 1 1 1 1 1 1 1 1 0]
| Global Round : 12 | Client :0 | Local Epoch : 0 | [64/294 (25%)]	Loss1: 5.839880 Loss2: 0.000048 
| Global Round : 12 | Client :0 | Local Epoch : 1 | [64/294 (25%)]	Loss1: 5.839235 Loss2: 0.000052 
| Global Round : 12 | Client :0 | Local Epoch : 2 | [64/294 (25%)]	Loss1: 5.839395 Loss2: 0.000051 
| Global Round : 12 | Client :0 | Local Epoch : 3 | [64/294 (25%)]	Loss1: 5.839300 Loss2: 0.000042 
| Global Round : 12 | Client :0 | Local Epoch : 4 | [64/294 (25%)]	Loss1: 5.839633 Loss2: 0.000041 
| Global Round : 12 | Client :1 | Local Epoch : 0 | [64/510 (14%)]	Loss1: 5.839473 Loss2: 0.000074 
| Global Round : 12 | Client :1 | Local Epoch : 1 | [64/510 (14%)]	Loss1: 5.838596 Loss2: 0.000069 
| Global Round : 12 | Client :1 | Local Epoch : 2 | [64/510 (14%)]	Loss1: 5.839646 Loss2: 0.000063 
| Global Round : 12 | Client :1 | Local Epoch : 3 | [64/510 (14%)]	Loss1: 5.838757 Loss2: 0.000061 
| Global Round : 12 | Client :1 | Local Epoch : 4 | [64/510 (14%)]	Loss1: 5.838292 Loss2: 0.000089 
| Global Round : 12 | Client :2 | Local Epoch : 0 | [64/827 (8%)]	Loss1: 5.838496 Loss2: 0.000045 
| Global Round : 12 | Client :2 | Local Epoch : 0 | [704/827 (92%)]	Loss1: 5.838972 Loss2: 0.000054 
| Global Round : 12 | Client :2 | Local Epoch : 1 | [64/827 (8%)]	Loss1: 5.839639 Loss2: 0.000053 
| Global Round : 12 | Client :2 | Local Epoch : 1 | [704/827 (92%)]	Loss1: 5.839300 Loss2: 0.000056 
| Global Round : 12 | Client :2 | Local Epoch : 2 | [64/827 (8%)]	Loss1: 5.839442 Loss2: 0.000046 
| Global Round : 12 | Client :2 | Local Epoch : 2 | [704/827 (92%)]	Loss1: 5.839025 Loss2: 0.000051 
| Global Round : 12 | Client :2 | Local Epoch : 3 | [64/827 (8%)]	Loss1: 5.839190 Loss2: 0.000049 
| Global Round : 12 | Client :2 | Local Epoch : 3 | [704/827 (92%)]	Loss1: 5.838913 Loss2: 0.000054 
| Global Round : 12 | Client :2 | Local Epoch : 4 | [64/827 (8%)]	Loss1: 5.839220 Loss2: 0.000044 
| Global Round : 12 | Client :2 | Local Epoch : 4 | [704/827 (92%)]	Loss1: 5.838538 Loss2: 0.000051 
| Global Round : 12 | Client :3 | Local Epoch : 0 | [64/926 (7%)]	Loss1: 5.838810 Loss2: 0.000064 
| Global Round : 12 | Client :3 | Local Epoch : 0 | [704/926 (79%)]	Loss1: 5.839025 Loss2: 0.000064 
| Global Round : 12 | Client :3 | Local Epoch : 1 | [64/926 (7%)]	Loss1: 5.838161 Loss2: 0.000066 
| Global Round : 12 | Client :3 | Local Epoch : 1 | [704/926 (79%)]	Loss1: 5.839096 Loss2: 0.000063 
| Global Round : 12 | Client :3 | Local Epoch : 2 | [64/926 (7%)]	Loss1: 5.838663 Loss2: 0.000060 
| Global Round : 12 | Client :3 | Local Epoch : 2 | [704/926 (79%)]	Loss1: 5.838037 Loss2: 0.000060 
| Global Round : 12 | Client :3 | Local Epoch : 3 | [64/926 (7%)]	Loss1: 5.838943 Loss2: 0.000064 
| Global Round : 12 | Client :3 | Local Epoch : 3 | [704/926 (79%)]	Loss1: 5.838456 Loss2: 0.000066 
| Global Round : 12 | Client :3 | Local Epoch : 4 | [64/926 (7%)]	Loss1: 5.838075 Loss2: 0.000068 
| Global Round : 12 | Client :3 | Local Epoch : 4 | [704/926 (79%)]	Loss1: 5.838771 Loss2: 0.000065 
| Global Round : 12 | Client :4 | Local Epoch : 0 | [64/514 (12%)]	Loss1: 5.840879 Loss2: 0.000040 
| Global Round : 12 | Client :4 | Local Epoch : 1 | [64/514 (12%)]	Loss1: 5.839954 Loss2: 0.000037 
| Global Round : 12 | Client :4 | Local Epoch : 2 | [64/514 (12%)]	Loss1: 5.839989 Loss2: 0.000033 
| Global Round : 12 | Client :4 | Local Epoch : 3 | [64/514 (12%)]	Loss1: 5.842458 Loss2: 0.000034 
| Global Round : 12 | Client :4 | Local Epoch : 4 | [64/514 (12%)]	Loss1: 5.839821 Loss2: 0.000040 
| Global Round : 12 | Client :5 | Local Epoch : 0 | [64/641 (10%)]	Loss1: 5.839277 Loss2: 0.000070 
| Global Round : 12 | Client :5 | Local Epoch : 1 | [64/641 (10%)]	Loss1: 5.838298 Loss2: 0.000070 
| Global Round : 12 | Client :5 | Local Epoch : 2 | [64/641 (10%)]	Loss1: 5.837551 Loss2: 0.000069 
| Global Round : 12 | Client :5 | Local Epoch : 3 | [64/641 (10%)]	Loss1: 5.837727 Loss2: 0.000068 
| Global Round : 12 | Client :5 | Local Epoch : 4 | [64/641 (10%)]	Loss1: 5.837753 Loss2: 0.000066 
| Global Round : 12 | Client :6 | Local Epoch : 0 | [64/777 (8%)]	Loss1: 5.838704 Loss2: 0.000062 
| Global Round : 12 | Client :6 | Local Epoch : 0 | [704/777 (92%)]	Loss1: 5.839334 Loss2: 0.000059 
| Global Round : 12 | Client :6 | Local Epoch : 1 | [64/777 (8%)]	Loss1: 5.839409 Loss2: 0.000063 
| Global Round : 12 | Client :6 | Local Epoch : 1 | [704/777 (92%)]	Loss1: 5.839049 Loss2: 0.000058 
| Global Round : 12 | Client :6 | Local Epoch : 2 | [64/777 (8%)]	Loss1: 5.838980 Loss2: 0.000060 
| Global Round : 12 | Client :6 | Local Epoch : 2 | [704/777 (92%)]	Loss1: 5.839951 Loss2: 0.000056 
| Global Round : 12 | Client :6 | Local Epoch : 3 | [64/777 (8%)]	Loss1: 5.838357 Loss2: 0.000063 
| Global Round : 12 | Client :6 | Local Epoch : 3 | [704/777 (92%)]	Loss1: 5.838777 Loss2: 0.000061 
| Global Round : 12 | Client :6 | Local Epoch : 4 | [64/777 (8%)]	Loss1: 5.839043 Loss2: 0.000060 
| Global Round : 12 | Client :6 | Local Epoch : 4 | [704/777 (92%)]	Loss1: 5.838498 Loss2: 0.000055 
| Global Round : 12 | Client :7 | Local Epoch : 0 | [64/590 (11%)]	Loss1: 5.839616 Loss2: 0.000053 
| Global Round : 12 | Client :7 | Local Epoch : 1 | [64/590 (11%)]	Loss1: 5.840205 Loss2: 0.000051 
| Global Round : 12 | Client :7 | Local Epoch : 2 | [64/590 (11%)]	Loss1: 5.839149 Loss2: 0.000054 
| Global Round : 12 | Client :7 | Local Epoch : 3 | [64/590 (11%)]	Loss1: 5.838655 Loss2: 0.000052 
| Global Round : 12 | Client :7 | Local Epoch : 4 | [64/590 (11%)]	Loss1: 5.839718 Loss2: 0.000049 
| Global Round : 12 | Client :8 | Local Epoch : 0 | [64/612 (11%)]	Loss1: 5.838213 Loss2: 0.000056 
| Global Round : 12 | Client :8 | Local Epoch : 1 | [64/612 (11%)]	Loss1: 5.838142 Loss2: 0.000061 
| Global Round : 12 | Client :8 | Local Epoch : 2 | [64/612 (11%)]	Loss1: 5.838537 Loss2: 0.000051 
| Global Round : 12 | Client :8 | Local Epoch : 3 | [64/612 (11%)]	Loss1: 5.838471 Loss2: 0.000060 
| Global Round : 12 | Client :8 | Local Epoch : 4 | [64/612 (11%)]	Loss1: 5.838361 Loss2: 0.000054 
| Global Round : 12 | Client :9 | Local Epoch : 0 | [64/305 (25%)]	Loss1: 5.840126 Loss2: 0.000044 
| Global Round : 12 | Client :9 | Local Epoch : 1 | [64/305 (25%)]	Loss1: 5.841283 Loss2: 0.000044 
| Global Round : 12 | Client :9 | Local Epoch : 2 | [64/305 (25%)]	Loss1: 5.839617 Loss2: 0.000039 
| Global Round : 12 | Client :9 | Local Epoch : 3 | [64/305 (25%)]	Loss1: 5.839406 Loss2: 0.000040 
| Global Round : 12 | Client :9 | Local Epoch : 4 | [64/305 (25%)]	Loss1: 5.839588 Loss2: 0.000043 
average loss:   5.838244677327928
average local test accuracy: 0.9321614583333334
average global test accuracy:  0.3321614583333333

 | Global Training Round : 13 |

xi_k [0.46373203 0.46787837 0.49448778 0.51522152 0.53058468 0.53174531
 0.52637141 0.51991974 0.50113674 0.44709304]
max_exp: -1.0
coe: 10
Regulation [0.8 0.8 0.8 0.8 0.8 0.8 0.8 0.8 0.8 0.8]
Solver status: optimal_inaccurate
b_new: [1. 1. 1. 1. 1. 1. 1. 1. 1. 1.]
Iter 0: obj=49.5817, best_obj=49.5817, ||b_new-b_prev||₂=2.846050
xi_k [0.46373203 0.46787837 0.49448778 0.51522152 0.53058468 0.53174531
 0.52637141 0.51991974 0.50113674 0.44709304]
max_exp: -1.0
coe: 10
Regulation [-1. -1. -1. -1. -1. -1. -1. -1. -1. -1.]
Solver status: optimal_inaccurate
b_new: [1. 1. 1. 1. 1. 1. 1. 1. 1. 1.]
Iter 1: obj=50.4817, best_obj=50.4817, ||b_new-b_prev||₂=0.000000
Converged.
Final b: [1. 1. 1. 1. 1. 1. 1. 1. 1. 1.]
<class 'numpy.ndarray'>
b_float: [1. 1. 1. 1. 1. 1. 1. 1. 1. 1.]
b: [1 1 1 1 1 1 1 1 1 1]
active_clients:  [0, 1, 2, 3, 4, 5, 6, 7, 8, 9]
Client 0's s_k are:[0 1 1 1 1 1 1 1 1 1]
Client 1's s_k are:[1 0 1 1 1 1 1 1 1 1]
Client 2's s_k are:[1 1 0 1 1 1 1 1 1 1]
Client 3's s_k are:[1 1 1 0 1 1 1 1 1 1]
Client 4's s_k are:[1 1 1 1 0 1 1 1 1 1]
Client 5's s_k are:[1 1 1 1 1 0 1 1 1 1]
Client 6's s_k are:[1 1 1 1 1 1 0 1 1 1]
Client 7's s_k are:[1 1 1 1 1 1 1 0 1 1]
Client 8's s_k are:[1 1 1 1 1 1 1 1 0 1]
Client 9's s_k are:[1 1 1 1 1 1 1 1 1 0]
| Global Round : 13 | Client :0 | Local Epoch : 0 | [64/294 (25%)]	Loss1: 5.838731 Loss2: 0.000042 
| Global Round : 13 | Client :0 | Local Epoch : 1 | [64/294 (25%)]	Loss1: 5.838768 Loss2: 0.000052 
| Global Round : 13 | Client :0 | Local Epoch : 2 | [64/294 (25%)]	Loss1: 5.839026 Loss2: 0.000044 
| Global Round : 13 | Client :0 | Local Epoch : 3 | [64/294 (25%)]	Loss1: 5.839689 Loss2: 0.000041 
| Global Round : 13 | Client :0 | Local Epoch : 4 | [64/294 (25%)]	Loss1: 5.839175 Loss2: 0.000054 
| Global Round : 13 | Client :1 | Local Epoch : 0 | [64/510 (14%)]	Loss1: 5.840707 Loss2: 0.000071 
| Global Round : 13 | Client :1 | Local Epoch : 1 | [64/510 (14%)]	Loss1: 5.839505 Loss2: 0.000065 
| Global Round : 13 | Client :1 | Local Epoch : 2 | [64/510 (14%)]	Loss1: 5.839756 Loss2: 0.000052 
| Global Round : 13 | Client :1 | Local Epoch : 3 | [64/510 (14%)]	Loss1: 5.839616 Loss2: 0.000067 
| Global Round : 13 | Client :1 | Local Epoch : 4 | [64/510 (14%)]	Loss1: 5.839475 Loss2: 0.000064 
| Global Round : 13 | Client :2 | Local Epoch : 0 | [64/827 (8%)]	Loss1: 5.838896 Loss2: 0.000047 
| Global Round : 13 | Client :2 | Local Epoch : 0 | [704/827 (92%)]	Loss1: 5.839243 Loss2: 0.000048 
| Global Round : 13 | Client :2 | Local Epoch : 1 | [64/827 (8%)]	Loss1: 5.838753 Loss2: 0.000051 
| Global Round : 13 | Client :2 | Local Epoch : 1 | [704/827 (92%)]	Loss1: 5.838906 Loss2: 0.000056 
| Global Round : 13 | Client :2 | Local Epoch : 2 | [64/827 (8%)]	Loss1: 5.839246 Loss2: 0.000047 
| Global Round : 13 | Client :2 | Local Epoch : 2 | [704/827 (92%)]	Loss1: 5.839003 Loss2: 0.000056 
| Global Round : 13 | Client :2 | Local Epoch : 3 | [64/827 (8%)]	Loss1: 5.839704 Loss2: 0.000054 
| Global Round : 13 | Client :2 | Local Epoch : 3 | [704/827 (92%)]	Loss1: 5.839070 Loss2: 0.000048 
| Global Round : 13 | Client :2 | Local Epoch : 4 | [64/827 (8%)]	Loss1: 5.838452 Loss2: 0.000046 
| Global Round : 13 | Client :2 | Local Epoch : 4 | [704/827 (92%)]	Loss1: 5.838508 Loss2: 0.000047 
| Global Round : 13 | Client :3 | Local Epoch : 0 | [64/926 (7%)]	Loss1: 5.838537 Loss2: 0.000063 
| Global Round : 13 | Client :3 | Local Epoch : 0 | [704/926 (79%)]	Loss1: 5.838920 Loss2: 0.000060 
| Global Round : 13 | Client :3 | Local Epoch : 1 | [64/926 (7%)]	Loss1: 5.838461 Loss2: 0.000060 
| Global Round : 13 | Client :3 | Local Epoch : 1 | [704/926 (79%)]	Loss1: 5.838159 Loss2: 0.000060 
| Global Round : 13 | Client :3 | Local Epoch : 2 | [64/926 (7%)]	Loss1: 5.838322 Loss2: 0.000073 
| Global Round : 13 | Client :3 | Local Epoch : 2 | [704/926 (79%)]	Loss1: 5.838102 Loss2: 0.000066 
| Global Round : 13 | Client :3 | Local Epoch : 3 | [64/926 (7%)]	Loss1: 5.838193 Loss2: 0.000061 
| Global Round : 13 | Client :3 | Local Epoch : 3 | [704/926 (79%)]	Loss1: 5.838512 Loss2: 0.000057 
| Global Round : 13 | Client :3 | Local Epoch : 4 | [64/926 (7%)]	Loss1: 5.838534 Loss2: 0.000057 
| Global Round : 13 | Client :3 | Local Epoch : 4 | [704/926 (79%)]	Loss1: 5.838341 Loss2: 0.000059 
| Global Round : 13 | Client :4 | Local Epoch : 0 | [64/514 (12%)]	Loss1: 5.841117 Loss2: 0.000031 
| Global Round : 13 | Client :4 | Local Epoch : 1 | [64/514 (12%)]	Loss1: 5.841132 Loss2: 0.000030 
| Global Round : 13 | Client :4 | Local Epoch : 2 | [64/514 (12%)]	Loss1: 5.839746 Loss2: 0.000037 
| Global Round : 13 | Client :4 | Local Epoch : 3 | [64/514 (12%)]	Loss1: 5.840289 Loss2: 0.000039 
| Global Round : 13 | Client :4 | Local Epoch : 4 | [64/514 (12%)]	Loss1: 5.840900 Loss2: 0.000035 
| Global Round : 13 | Client :5 | Local Epoch : 0 | [64/641 (10%)]	Loss1: 5.838661 Loss2: 0.000071 
| Global Round : 13 | Client :5 | Local Epoch : 1 | [64/641 (10%)]	Loss1: 5.838815 Loss2: 0.000069 
| Global Round : 13 | Client :5 | Local Epoch : 2 | [64/641 (10%)]	Loss1: 5.838238 Loss2: 0.000066 
| Global Round : 13 | Client :5 | Local Epoch : 3 | [64/641 (10%)]	Loss1: 5.837758 Loss2: 0.000068 
| Global Round : 13 | Client :5 | Local Epoch : 4 | [64/641 (10%)]	Loss1: 5.839586 Loss2: 0.000068 
| Global Round : 13 | Client :6 | Local Epoch : 0 | [64/777 (8%)]	Loss1: 5.838468 Loss2: 0.000057 
| Global Round : 13 | Client :6 | Local Epoch : 0 | [704/777 (92%)]	Loss1: 5.840343 Loss2: 0.000061 
| Global Round : 13 | Client :6 | Local Epoch : 1 | [64/777 (8%)]	Loss1: 5.839489 Loss2: 0.000058 
| Global Round : 13 | Client :6 | Local Epoch : 1 | [704/777 (92%)]	Loss1: 5.838500 Loss2: 0.000053 
| Global Round : 13 | Client :6 | Local Epoch : 2 | [64/777 (8%)]	Loss1: 5.840506 Loss2: 0.000061 
| Global Round : 13 | Client :6 | Local Epoch : 2 | [704/777 (92%)]	Loss1: 5.838447 Loss2: 0.000057 
| Global Round : 13 | Client :6 | Local Epoch : 3 | [64/777 (8%)]	Loss1: 5.839456 Loss2: 0.000060 
| Global Round : 13 | Client :6 | Local Epoch : 3 | [704/777 (92%)]	Loss1: 5.839726 Loss2: 0.000063 
| Global Round : 13 | Client :6 | Local Epoch : 4 | [64/777 (8%)]	Loss1: 5.838537 Loss2: 0.000059 
| Global Round : 13 | Client :6 | Local Epoch : 4 | [704/777 (92%)]	Loss1: 5.839641 Loss2: 0.000057 
| Global Round : 13 | Client :7 | Local Epoch : 0 | [64/590 (11%)]	Loss1: 5.839566 Loss2: 0.000052 
| Global Round : 13 | Client :7 | Local Epoch : 1 | [64/590 (11%)]	Loss1: 5.838706 Loss2: 0.000049 
| Global Round : 13 | Client :7 | Local Epoch : 2 | [64/590 (11%)]	Loss1: 5.839809 Loss2: 0.000051 
| Global Round : 13 | Client :7 | Local Epoch : 3 | [64/590 (11%)]	Loss1: 5.838827 Loss2: 0.000053 
| Global Round : 13 | Client :7 | Local Epoch : 4 | [64/590 (11%)]	Loss1: 5.839746 Loss2: 0.000049 
| Global Round : 13 | Client :8 | Local Epoch : 0 | [64/612 (11%)]	Loss1: 5.838154 Loss2: 0.000053 
| Global Round : 13 | Client :8 | Local Epoch : 1 | [64/612 (11%)]	Loss1: 5.838344 Loss2: 0.000056 
| Global Round : 13 | Client :8 | Local Epoch : 2 | [64/612 (11%)]	Loss1: 5.838040 Loss2: 0.000055 
| Global Round : 13 | Client :8 | Local Epoch : 3 | [64/612 (11%)]	Loss1: 5.838411 Loss2: 0.000057 
| Global Round : 13 | Client :8 | Local Epoch : 4 | [64/612 (11%)]	Loss1: 5.838169 Loss2: 0.000057 
| Global Round : 13 | Client :9 | Local Epoch : 0 | [64/305 (25%)]	Loss1: 5.840897 Loss2: 0.000040 
| Global Round : 13 | Client :9 | Local Epoch : 1 | [64/305 (25%)]	Loss1: 5.841654 Loss2: 0.000039 
| Global Round : 13 | Client :9 | Local Epoch : 2 | [64/305 (25%)]	Loss1: 5.840427 Loss2: 0.000040 
| Global Round : 13 | Client :9 | Local Epoch : 3 | [64/305 (25%)]	Loss1: 5.839729 Loss2: 0.000034 
| Global Round : 13 | Client :9 | Local Epoch : 4 | [64/305 (25%)]	Loss1: 5.839994 Loss2: 0.000040 
average loss:   5.838174252112706
average local test accuracy: 0.9338541666666668
average global test accuracy:  0.301171875

 | Global Training Round : 14 |

xi_k [0.46367928 0.46781245 0.49449877 0.51521428 0.53059388 0.53176948
 0.52635943 0.51989849 0.50112209 0.44708307]
max_exp: -1.0
coe: 10
Regulation [0.8 0.8 0.8 0.8 0.8 0.8 0.8 0.8 0.8 0.8]
Solver status: optimal_inaccurate
b_new: [1. 1. 1. 1. 1. 1. 1. 1. 1. 1.]
Iter 0: obj=49.5803, best_obj=49.5803, ||b_new-b_prev||₂=2.846050
xi_k [0.46367928 0.46781245 0.49449877 0.51521428 0.53059388 0.53176948
 0.52635943 0.51989849 0.50112209 0.44708307]
max_exp: -1.0
coe: 10
Regulation [-1. -1. -1. -1. -1. -1. -1. -1. -1. -1.]
Solver status: optimal_inaccurate
b_new: [1. 1. 1. 1. 1. 1. 1. 1. 1. 1.]
Iter 1: obj=50.4803, best_obj=50.4803, ||b_new-b_prev||₂=0.000000
Converged.
Final b: [1. 1. 1. 1. 1. 1. 1. 1. 1. 1.]
<class 'numpy.ndarray'>
b_float: [1. 1. 1. 1. 1. 1. 1. 1. 1. 1.]
b: [1 1 1 1 1 1 1 1 1 1]
active_clients:  [0, 1, 2, 3, 4, 5, 6, 7, 8, 9]
Client 0's s_k are:[0 1 1 1 1 1 1 1 1 1]
Client 1's s_k are:[1 0 1 1 1 1 1 1 1 1]
Client 2's s_k are:[1 1 0 1 1 1 1 1 1 1]
Client 3's s_k are:[1 1 1 0 1 1 1 1 1 1]
Client 4's s_k are:[1 1 1 1 0 1 1 1 1 1]
Client 5's s_k are:[1 1 1 1 1 0 1 1 1 1]
Client 6's s_k are:[1 1 1 1 1 1 0 1 1 1]
Client 7's s_k are:[1 1 1 1 1 1 1 0 1 1]
Client 8's s_k are:[1 1 1 1 1 1 1 1 0 1]
Client 9's s_k are:[1 1 1 1 1 1 1 1 1 0]
| Global Round : 14 | Client :0 | Local Epoch : 0 | [64/294 (25%)]	Loss1: 5.839700 Loss2: 0.000048 
| Global Round : 14 | Client :0 | Local Epoch : 1 | [64/294 (25%)]	Loss1: 5.838705 Loss2: 0.000041 
| Global Round : 14 | Client :0 | Local Epoch : 2 | [64/294 (25%)]	Loss1: 5.839166 Loss2: 0.000050 
| Global Round : 14 | Client :0 | Local Epoch : 3 | [64/294 (25%)]	Loss1: 5.839203 Loss2: 0.000051 
| Global Round : 14 | Client :0 | Local Epoch : 4 | [64/294 (25%)]	Loss1: 5.839363 Loss2: 0.000045 
| Global Round : 14 | Client :1 | Local Epoch : 0 | [64/510 (14%)]	Loss1: 5.839630 Loss2: 0.000057 
| Global Round : 14 | Client :1 | Local Epoch : 1 | [64/510 (14%)]	Loss1: 5.839085 Loss2: 0.000067 
| Global Round : 14 | Client :1 | Local Epoch : 2 | [64/510 (14%)]	Loss1: 5.839784 Loss2: 0.000064 
| Global Round : 14 | Client :1 | Local Epoch : 3 | [64/510 (14%)]	Loss1: 5.839827 Loss2: 0.000065 
| Global Round : 14 | Client :1 | Local Epoch : 4 | [64/510 (14%)]	Loss1: 5.840488 Loss2: 0.000064 
| Global Round : 14 | Client :2 | Local Epoch : 0 | [64/827 (8%)]	Loss1: 5.839136 Loss2: 0.000043 
| Global Round : 14 | Client :2 | Local Epoch : 0 | [704/827 (92%)]	Loss1: 5.839503 Loss2: 0.000055 
| Global Round : 14 | Client :2 | Local Epoch : 1 | [64/827 (8%)]	Loss1: 5.838440 Loss2: 0.000052 
| Global Round : 14 | Client :2 | Local Epoch : 1 | [704/827 (92%)]	Loss1: 5.838269 Loss2: 0.000048 
| Global Round : 14 | Client :2 | Local Epoch : 2 | [64/827 (8%)]	Loss1: 5.838701 Loss2: 0.000047 
| Global Round : 14 | Client :2 | Local Epoch : 2 | [704/827 (92%)]	Loss1: 5.838542 Loss2: 0.000055 
| Global Round : 14 | Client :2 | Local Epoch : 3 | [64/827 (8%)]	Loss1: 5.838402 Loss2: 0.000055 
| Global Round : 14 | Client :2 | Local Epoch : 3 | [704/827 (92%)]	Loss1: 5.838304 Loss2: 0.000051 
| Global Round : 14 | Client :2 | Local Epoch : 4 | [64/827 (8%)]	Loss1: 5.838470 Loss2: 0.000051 
| Global Round : 14 | Client :2 | Local Epoch : 4 | [704/827 (92%)]	Loss1: 5.839377 Loss2: 0.000057 
| Global Round : 14 | Client :3 | Local Epoch : 0 | [64/926 (7%)]	Loss1: 5.838209 Loss2: 0.000055 
| Global Round : 14 | Client :3 | Local Epoch : 0 | [704/926 (79%)]	Loss1: 5.838443 Loss2: 0.000058 
| Global Round : 14 | Client :3 | Local Epoch : 1 | [64/926 (7%)]	Loss1: 5.838926 Loss2: 0.000061 
| Global Round : 14 | Client :3 | Local Epoch : 1 | [704/926 (79%)]	Loss1: 5.838235 Loss2: 0.000055 
| Global Round : 14 | Client :3 | Local Epoch : 2 | [64/926 (7%)]	Loss1: 5.838640 Loss2: 0.000055 
| Global Round : 14 | Client :3 | Local Epoch : 2 | [704/926 (79%)]	Loss1: 5.838692 Loss2: 0.000059 
| Global Round : 14 | Client :3 | Local Epoch : 3 | [64/926 (7%)]	Loss1: 5.838316 Loss2: 0.000063 
| Global Round : 14 | Client :3 | Local Epoch : 3 | [704/926 (79%)]	Loss1: 5.838629 Loss2: 0.000058 
| Global Round : 14 | Client :3 | Local Epoch : 4 | [64/926 (7%)]	Loss1: 5.838842 Loss2: 0.000058 
| Global Round : 14 | Client :3 | Local Epoch : 4 | [704/926 (79%)]	Loss1: 5.838002 Loss2: 0.000058 
| Global Round : 14 | Client :4 | Local Epoch : 0 | [64/514 (12%)]	Loss1: 5.840727 Loss2: 0.000033 
| Global Round : 14 | Client :4 | Local Epoch : 1 | [64/514 (12%)]	Loss1: 5.839839 Loss2: 0.000036 
| Global Round : 14 | Client :4 | Local Epoch : 2 | [64/514 (12%)]	Loss1: 5.841059 Loss2: 0.000034 
| Global Round : 14 | Client :4 | Local Epoch : 3 | [64/514 (12%)]	Loss1: 5.840378 Loss2: 0.000036 
| Global Round : 14 | Client :4 | Local Epoch : 4 | [64/514 (12%)]	Loss1: 5.840451 Loss2: 0.000034 
| Global Round : 14 | Client :5 | Local Epoch : 0 | [64/641 (10%)]	Loss1: 5.838433 Loss2: 0.000067 
| Global Round : 14 | Client :5 | Local Epoch : 1 | [64/641 (10%)]	Loss1: 5.839544 Loss2: 0.000066 
| Global Round : 14 | Client :5 | Local Epoch : 2 | [64/641 (10%)]	Loss1: 5.840072 Loss2: 0.000071 
| Global Round : 14 | Client :5 | Local Epoch : 3 | [64/641 (10%)]	Loss1: 5.838578 Loss2: 0.000065 
| Global Round : 14 | Client :5 | Local Epoch : 4 | [64/641 (10%)]	Loss1: 5.839090 Loss2: 0.000067 
| Global Round : 14 | Client :6 | Local Epoch : 0 | [64/777 (8%)]	Loss1: 5.839445 Loss2: 0.000061 
| Global Round : 14 | Client :6 | Local Epoch : 0 | [704/777 (92%)]	Loss1: 5.838983 Loss2: 0.000061 
| Global Round : 14 | Client :6 | Local Epoch : 1 | [64/777 (8%)]	Loss1: 5.838544 Loss2: 0.000055 
| Global Round : 14 | Client :6 | Local Epoch : 1 | [704/777 (92%)]	Loss1: 5.839260 Loss2: 0.000054 
| Global Round : 14 | Client :6 | Local Epoch : 2 | [64/777 (8%)]	Loss1: 5.838771 Loss2: 0.000057 
| Global Round : 14 | Client :6 | Local Epoch : 2 | [704/777 (92%)]	Loss1: 5.838937 Loss2: 0.000055 
| Global Round : 14 | Client :6 | Local Epoch : 3 | [64/777 (8%)]	Loss1: 5.838130 Loss2: 0.000055 
| Global Round : 14 | Client :6 | Local Epoch : 3 | [704/777 (92%)]	Loss1: 5.838523 Loss2: 0.000056 
| Global Round : 14 | Client :6 | Local Epoch : 4 | [64/777 (8%)]	Loss1: 5.838523 Loss2: 0.000056 
| Global Round : 14 | Client :6 | Local Epoch : 4 | [704/777 (92%)]	Loss1: 5.839565 Loss2: 0.000055 
| Global Round : 14 | Client :7 | Local Epoch : 0 | [64/590 (11%)]	Loss1: 5.838710 Loss2: 0.000052 
| Global Round : 14 | Client :7 | Local Epoch : 1 | [64/590 (11%)]	Loss1: 5.838408 Loss2: 0.000056 
| Global Round : 14 | Client :7 | Local Epoch : 2 | [64/590 (11%)]	Loss1: 5.838796 Loss2: 0.000047 
| Global Round : 14 | Client :7 | Local Epoch : 3 | [64/590 (11%)]	Loss1: 5.838669 Loss2: 0.000050 
| Global Round : 14 | Client :7 | Local Epoch : 4 | [64/590 (11%)]	Loss1: 5.838462 Loss2: 0.000053 
| Global Round : 14 | Client :8 | Local Epoch : 0 | [64/612 (11%)]	Loss1: 5.838527 Loss2: 0.000053 
| Global Round : 14 | Client :8 | Local Epoch : 1 | [64/612 (11%)]	Loss1: 5.838251 Loss2: 0.000059 
| Global Round : 14 | Client :8 | Local Epoch : 2 | [64/612 (11%)]	Loss1: 5.838091 Loss2: 0.000057 
| Global Round : 14 | Client :8 | Local Epoch : 3 | [64/612 (11%)]	Loss1: 5.838217 Loss2: 0.000057 
| Global Round : 14 | Client :8 | Local Epoch : 4 | [64/612 (11%)]	Loss1: 5.838293 Loss2: 0.000055 
| Global Round : 14 | Client :9 | Local Epoch : 0 | [64/305 (25%)]	Loss1: 5.842640 Loss2: 0.000039 
| Global Round : 14 | Client :9 | Local Epoch : 1 | [64/305 (25%)]	Loss1: 5.839862 Loss2: 0.000036 
| Global Round : 14 | Client :9 | Local Epoch : 2 | [64/305 (25%)]	Loss1: 5.840354 Loss2: 0.000039 
| Global Round : 14 | Client :9 | Local Epoch : 3 | [64/305 (25%)]	Loss1: 5.839581 Loss2: 0.000038 
| Global Round : 14 | Client :9 | Local Epoch : 4 | [64/305 (25%)]	Loss1: 5.839935 Loss2: 0.000038 
average loss:   5.838113848708924
average local test accuracy: 0.93828125
average global test accuracy:  0.31705729166666663

 | Global Training Round : 15 |

xi_k [0.46368177 0.46784019 0.49450268 0.51520808 0.53056404 0.53174192
 0.52635077 0.51988928 0.50110971 0.44709333]
max_exp: -1.0
coe: 10
Regulation [0.8 0.8 0.8 0.8 0.8 0.8 0.8 0.8 0.8 0.8]
Solver status: optimal_inaccurate
b_new: [1. 1. 1. 1. 1. 1. 1. 1. 1. 1.]
Iter 0: obj=49.5798, best_obj=49.5798, ||b_new-b_prev||₂=2.846050
xi_k [0.46368177 0.46784019 0.49450268 0.51520808 0.53056404 0.53174192
 0.52635077 0.51988928 0.50110971 0.44709333]
max_exp: -1.0
coe: 10
Regulation [-1. -1. -1. -1. -1. -1. -1. -1. -1. -1.]
Solver status: optimal_inaccurate
b_new: [1. 1. 1. 1. 1. 1. 1. 1. 1. 1.]
Iter 1: obj=50.4798, best_obj=50.4798, ||b_new-b_prev||₂=0.000000
Converged.
Final b: [1. 1. 1. 1. 1. 1. 1. 1. 1. 1.]
<class 'numpy.ndarray'>
b_float: [1. 1. 1. 1. 1. 1. 1. 1. 1. 1.]
b: [1 1 1 1 1 1 1 1 1 1]
active_clients:  [0, 1, 2, 3, 4, 5, 6, 7, 8, 9]
Client 0's s_k are:[0 1 1 1 1 1 1 1 1 1]
Client 1's s_k are:[1 0 1 1 1 1 1 1 1 1]
Client 2's s_k are:[1 1 0 1 1 1 1 1 1 1]
Client 3's s_k are:[1 1 1 0 1 1 1 1 1 1]
Client 4's s_k are:[1 1 1 1 0 1 1 1 1 1]
Client 5's s_k are:[1 1 1 1 1 0 1 1 1 1]
Client 6's s_k are:[1 1 1 1 1 1 0 1 1 1]
Client 7's s_k are:[1 1 1 1 1 1 1 0 1 1]
Client 8's s_k are:[1 1 1 1 1 1 1 1 0 1]
Client 9's s_k are:[1 1 1 1 1 1 1 1 1 0]
| Global Round : 15 | Client :0 | Local Epoch : 0 | [64/294 (25%)]	Loss1: 5.839114 Loss2: 0.000049 
| Global Round : 15 | Client :0 | Local Epoch : 1 | [64/294 (25%)]	Loss1: 5.839226 Loss2: 0.000046 
| Global Round : 15 | Client :0 | Local Epoch : 2 | [64/294 (25%)]	Loss1: 5.839627 Loss2: 0.000043 
| Global Round : 15 | Client :0 | Local Epoch : 3 | [64/294 (25%)]	Loss1: 5.839302 Loss2: 0.000042 
| Global Round : 15 | Client :0 | Local Epoch : 4 | [64/294 (25%)]	Loss1: 5.838836 Loss2: 0.000048 
| Global Round : 15 | Client :1 | Local Epoch : 0 | [64/510 (14%)]	Loss1: 5.839696 Loss2: 0.000065 
| Global Round : 15 | Client :1 | Local Epoch : 1 | [64/510 (14%)]	Loss1: 5.838969 Loss2: 0.000058 
| Global Round : 15 | Client :1 | Local Epoch : 2 | [64/510 (14%)]	Loss1: 5.838497 Loss2: 0.000062 
| Global Round : 15 | Client :1 | Local Epoch : 3 | [64/510 (14%)]	Loss1: 5.839100 Loss2: 0.000071 
| Global Round : 15 | Client :1 | Local Epoch : 4 | [64/510 (14%)]	Loss1: 5.839118 Loss2: 0.000068 
| Global Round : 15 | Client :2 | Local Epoch : 0 | [64/827 (8%)]	Loss1: 5.839180 Loss2: 0.000052 
| Global Round : 15 | Client :2 | Local Epoch : 0 | [704/827 (92%)]	Loss1: 5.839403 Loss2: 0.000055 
| Global Round : 15 | Client :2 | Local Epoch : 1 | [64/827 (8%)]	Loss1: 5.838589 Loss2: 0.000049 
| Global Round : 15 | Client :2 | Local Epoch : 1 | [704/827 (92%)]	Loss1: 5.838762 Loss2: 0.000051 
| Global Round : 15 | Client :2 | Local Epoch : 2 | [64/827 (8%)]	Loss1: 5.839208 Loss2: 0.000047 
| Global Round : 15 | Client :2 | Local Epoch : 2 | [704/827 (92%)]	Loss1: 5.838996 Loss2: 0.000048 
| Global Round : 15 | Client :2 | Local Epoch : 3 | [64/827 (8%)]	Loss1: 5.838977 Loss2: 0.000053 
| Global Round : 15 | Client :2 | Local Epoch : 3 | [704/827 (92%)]	Loss1: 5.838683 Loss2: 0.000050 
| Global Round : 15 | Client :2 | Local Epoch : 4 | [64/827 (8%)]	Loss1: 5.838809 Loss2: 0.000047 
| Global Round : 15 | Client :2 | Local Epoch : 4 | [704/827 (92%)]	Loss1: 5.839099 Loss2: 0.000055 
| Global Round : 15 | Client :3 | Local Epoch : 0 | [64/926 (7%)]	Loss1: 5.838459 Loss2: 0.000062 
| Global Round : 15 | Client :3 | Local Epoch : 0 | [704/926 (79%)]	Loss1: 5.838538 Loss2: 0.000058 
| Global Round : 15 | Client :3 | Local Epoch : 1 | [64/926 (7%)]	Loss1: 5.838004 Loss2: 0.000060 
| Global Round : 15 | Client :3 | Local Epoch : 1 | [704/926 (79%)]	Loss1: 5.838230 Loss2: 0.000064 
| Global Round : 15 | Client :3 | Local Epoch : 2 | [64/926 (7%)]	Loss1: 5.838882 Loss2: 0.000066 
| Global Round : 15 | Client :3 | Local Epoch : 2 | [704/926 (79%)]	Loss1: 5.838159 Loss2: 0.000067 
| Global Round : 15 | Client :3 | Local Epoch : 3 | [64/926 (7%)]	Loss1: 5.838241 Loss2: 0.000070 
| Global Round : 15 | Client :3 | Local Epoch : 3 | [704/926 (79%)]	Loss1: 5.837841 Loss2: 0.000065 
| Global Round : 15 | Client :3 | Local Epoch : 4 | [64/926 (7%)]	Loss1: 5.838292 Loss2: 0.000065 
| Global Round : 15 | Client :3 | Local Epoch : 4 | [704/926 (79%)]	Loss1: 5.838149 Loss2: 0.000067 
| Global Round : 15 | Client :4 | Local Epoch : 0 | [64/514 (12%)]	Loss1: 5.840106 Loss2: 0.000034 
| Global Round : 15 | Client :4 | Local Epoch : 1 | [64/514 (12%)]	Loss1: 5.840926 Loss2: 0.000036 
| Global Round : 15 | Client :4 | Local Epoch : 2 | [64/514 (12%)]	Loss1: 5.840335 Loss2: 0.000039 
| Global Round : 15 | Client :4 | Local Epoch : 3 | [64/514 (12%)]	Loss1: 5.840569 Loss2: 0.000039 
| Global Round : 15 | Client :4 | Local Epoch : 4 | [64/514 (12%)]	Loss1: 5.839485 Loss2: 0.000034 
| Global Round : 15 | Client :5 | Local Epoch : 0 | [64/641 (10%)]	Loss1: 5.839231 Loss2: 0.000067 
| Global Round : 15 | Client :5 | Local Epoch : 1 | [64/641 (10%)]	Loss1: 5.838400 Loss2: 0.000066 
| Global Round : 15 | Client :5 | Local Epoch : 2 | [64/641 (10%)]	Loss1: 5.838231 Loss2: 0.000068 
| Global Round : 15 | Client :5 | Local Epoch : 3 | [64/641 (10%)]	Loss1: 5.837747 Loss2: 0.000068 
| Global Round : 15 | Client :5 | Local Epoch : 4 | [64/641 (10%)]	Loss1: 5.838505 Loss2: 0.000067 
| Global Round : 15 | Client :6 | Local Epoch : 0 | [64/777 (8%)]	Loss1: 5.838665 Loss2: 0.000055 
| Global Round : 15 | Client :6 | Local Epoch : 0 | [704/777 (92%)]	Loss1: 5.838864 Loss2: 0.000053 
| Global Round : 15 | Client :6 | Local Epoch : 1 | [64/777 (8%)]	Loss1: 5.838878 Loss2: 0.000059 
| Global Round : 15 | Client :6 | Local Epoch : 1 | [704/777 (92%)]	Loss1: 5.838349 Loss2: 0.000052 
| Global Round : 15 | Client :6 | Local Epoch : 2 | [64/777 (8%)]	Loss1: 5.839023 Loss2: 0.000056 
| Global Round : 15 | Client :6 | Local Epoch : 2 | [704/777 (92%)]	Loss1: 5.839141 Loss2: 0.000056 
| Global Round : 15 | Client :6 | Local Epoch : 3 | [64/777 (8%)]	Loss1: 5.838998 Loss2: 0.000061 
| Global Round : 15 | Client :6 | Local Epoch : 3 | [704/777 (92%)]	Loss1: 5.838938 Loss2: 0.000058 
| Global Round : 15 | Client :6 | Local Epoch : 4 | [64/777 (8%)]	Loss1: 5.839064 Loss2: 0.000057 
| Global Round : 15 | Client :6 | Local Epoch : 4 | [704/777 (92%)]	Loss1: 5.838457 Loss2: 0.000055 
| Global Round : 15 | Client :7 | Local Epoch : 0 | [64/590 (11%)]	Loss1: 5.838916 Loss2: 0.000050 
| Global Round : 15 | Client :7 | Local Epoch : 1 | [64/590 (11%)]	Loss1: 5.839054 Loss2: 0.000052 
| Global Round : 15 | Client :7 | Local Epoch : 2 | [64/590 (11%)]	Loss1: 5.838190 Loss2: 0.000058 
| Global Round : 15 | Client :7 | Local Epoch : 3 | [64/590 (11%)]	Loss1: 5.838685 Loss2: 0.000050 
| Global Round : 15 | Client :7 | Local Epoch : 4 | [64/590 (11%)]	Loss1: 5.838235 Loss2: 0.000055 
| Global Round : 15 | Client :8 | Local Epoch : 0 | [64/612 (11%)]	Loss1: 5.838367 Loss2: 0.000058 
| Global Round : 15 | Client :8 | Local Epoch : 1 | [64/612 (11%)]	Loss1: 5.838340 Loss2: 0.000060 
| Global Round : 15 | Client :8 | Local Epoch : 2 | [64/612 (11%)]	Loss1: 5.838061 Loss2: 0.000055 
| Global Round : 15 | Client :8 | Local Epoch : 3 | [64/612 (11%)]	Loss1: 5.838210 Loss2: 0.000057 
| Global Round : 15 | Client :8 | Local Epoch : 4 | [64/612 (11%)]	Loss1: 5.838288 Loss2: 0.000058 
| Global Round : 15 | Client :9 | Local Epoch : 0 | [64/305 (25%)]	Loss1: 5.841589 Loss2: 0.000036 
| Global Round : 15 | Client :9 | Local Epoch : 1 | [64/305 (25%)]	Loss1: 5.839000 Loss2: 0.000042 
| Global Round : 15 | Client :9 | Local Epoch : 2 | [64/305 (25%)]	Loss1: 5.840609 Loss2: 0.000041 
| Global Round : 15 | Client :9 | Local Epoch : 3 | [64/305 (25%)]	Loss1: 5.839982 Loss2: 0.000041 
| Global Round : 15 | Client :9 | Local Epoch : 4 | [64/305 (25%)]	Loss1: 5.841033 Loss2: 0.000047 
average loss:   5.838069224206228
average local test accuracy: 0.9369791666666668
average global test accuracy:  0.31106770833333336

 | Global Training Round : 16 |

xi_k [0.46366936 0.46781072 0.49448508 0.51520218 0.53054439 0.531737
 0.52634299 0.5198802  0.50110962 0.44708219]
max_exp: -1.0
coe: 10
Regulation [0.8 0.8 0.8 0.8 0.8 0.8 0.8 0.8 0.8 0.8]
Solver status: optimal_inaccurate
b_new: [1. 1. 1. 1. 1. 1. 1. 1. 1. 1.]
Iter 0: obj=49.5786, best_obj=49.5786, ||b_new-b_prev||₂=2.846050
xi_k [0.46366936 0.46781072 0.49448508 0.51520218 0.53054439 0.531737
 0.52634299 0.5198802  0.50110962 0.44708219]
max_exp: -1.0
coe: 10
Regulation [-1. -1. -1. -1. -1. -1. -1. -1. -1. -1.]
Solver status: optimal_inaccurate
b_new: [1. 1. 1. 1. 1. 1. 1. 1. 1. 1.]
Iter 1: obj=50.4786, best_obj=50.4786, ||b_new-b_prev||₂=0.000000
Converged.
Final b: [1. 1. 1. 1. 1. 1. 1. 1. 1. 1.]
<class 'numpy.ndarray'>
b_float: [1. 1. 1. 1. 1. 1. 1. 1. 1. 1.]
b: [1 1 1 1 1 1 1 1 1 1]
active_clients:  [0, 1, 2, 3, 4, 5, 6, 7, 8, 9]
Client 0's s_k are:[0 1 1 1 1 1 1 1 1 1]
Client 1's s_k are:[1 0 1 1 1 1 1 1 1 1]
Client 2's s_k are:[1 1 0 1 1 1 1 1 1 1]
Client 3's s_k are:[1 1 1 0 1 1 1 1 1 1]
Client 4's s_k are:[1 1 1 1 0 1 1 1 1 1]
Client 5's s_k are:[1 1 1 1 1 0 1 1 1 1]
Client 6's s_k are:[1 1 1 1 1 1 0 1 1 1]
Client 7's s_k are:[1 1 1 1 1 1 1 0 1 1]
Client 8's s_k are:[1 1 1 1 1 1 1 1 0 1]
Client 9's s_k are:[1 1 1 1 1 1 1 1 1 0]
| Global Round : 16 | Client :0 | Local Epoch : 0 | [64/294 (25%)]	Loss1: 5.838593 Loss2: 0.000045 
| Global Round : 16 | Client :0 | Local Epoch : 1 | [64/294 (25%)]	Loss1: 5.839300 Loss2: 0.000039 
| Global Round : 16 | Client :0 | Local Epoch : 2 | [64/294 (25%)]	Loss1: 5.839136 Loss2: 0.000046 
| Global Round : 16 | Client :0 | Local Epoch : 3 | [64/294 (25%)]	Loss1: 5.839110 Loss2: 0.000047 
| Global Round : 16 | Client :0 | Local Epoch : 4 | [64/294 (25%)]	Loss1: 5.838550 Loss2: 0.000047 
| Global Round : 16 | Client :1 | Local Epoch : 0 | [64/510 (14%)]	Loss1: 5.839098 Loss2: 0.000060 
| Global Round : 16 | Client :1 | Local Epoch : 1 | [64/510 (14%)]	Loss1: 5.838756 Loss2: 0.000078 
| Global Round : 16 | Client :1 | Local Epoch : 2 | [64/510 (14%)]	Loss1: 5.840524 Loss2: 0.000061 
| Global Round : 16 | Client :1 | Local Epoch : 3 | [64/510 (14%)]	Loss1: 5.839290 Loss2: 0.000064 
| Global Round : 16 | Client :1 | Local Epoch : 4 | [64/510 (14%)]	Loss1: 5.838534 Loss2: 0.000066 
| Global Round : 16 | Client :2 | Local Epoch : 0 | [64/827 (8%)]	Loss1: 5.838762 Loss2: 0.000047 
| Global Round : 16 | Client :2 | Local Epoch : 0 | [704/827 (92%)]	Loss1: 5.839032 Loss2: 0.000049 
| Global Round : 16 | Client :2 | Local Epoch : 1 | [64/827 (8%)]	Loss1: 5.838453 Loss2: 0.000053 
| Global Round : 16 | Client :2 | Local Epoch : 1 | [704/827 (92%)]	Loss1: 5.838844 Loss2: 0.000062 
| Global Round : 16 | Client :2 | Local Epoch : 2 | [64/827 (8%)]	Loss1: 5.838821 Loss2: 0.000048 
| Global Round : 16 | Client :2 | Local Epoch : 2 | [704/827 (92%)]	Loss1: 5.838828 Loss2: 0.000047 
| Global Round : 16 | Client :2 | Local Epoch : 3 | [64/827 (8%)]	Loss1: 5.838615 Loss2: 0.000051 
| Global Round : 16 | Client :2 | Local Epoch : 3 | [704/827 (92%)]	Loss1: 5.839010 Loss2: 0.000052 
| Global Round : 16 | Client :2 | Local Epoch : 4 | [64/827 (8%)]	Loss1: 5.838224 Loss2: 0.000049 
| Global Round : 16 | Client :2 | Local Epoch : 4 | [704/827 (92%)]	Loss1: 5.838918 Loss2: 0.000049 
| Global Round : 16 | Client :3 | Local Epoch : 0 | [64/926 (7%)]	Loss1: 5.837985 Loss2: 0.000070 
| Global Round : 16 | Client :3 | Local Epoch : 0 | [704/926 (79%)]	Loss1: 5.837980 Loss2: 0.000060 
| Global Round : 16 | Client :3 | Local Epoch : 1 | [64/926 (7%)]	Loss1: 5.838724 Loss2: 0.000061 
| Global Round : 16 | Client :3 | Local Epoch : 1 | [704/926 (79%)]	Loss1: 5.838129 Loss2: 0.000063 
| Global Round : 16 | Client :3 | Local Epoch : 2 | [64/926 (7%)]	Loss1: 5.838101 Loss2: 0.000067 
| Global Round : 16 | Client :3 | Local Epoch : 2 | [704/926 (79%)]	Loss1: 5.837896 Loss2: 0.000061 
| Global Round : 16 | Client :3 | Local Epoch : 3 | [64/926 (7%)]	Loss1: 5.838493 Loss2: 0.000060 
| Global Round : 16 | Client :3 | Local Epoch : 3 | [704/926 (79%)]	Loss1: 5.838770 Loss2: 0.000061 
| Global Round : 16 | Client :3 | Local Epoch : 4 | [64/926 (7%)]	Loss1: 5.838235 Loss2: 0.000060 
| Global Round : 16 | Client :3 | Local Epoch : 4 | [704/926 (79%)]	Loss1: 5.837854 Loss2: 0.000062 
| Global Round : 16 | Client :4 | Local Epoch : 0 | [64/514 (12%)]	Loss1: 5.840003 Loss2: 0.000037 
| Global Round : 16 | Client :4 | Local Epoch : 1 | [64/514 (12%)]	Loss1: 5.840840 Loss2: 0.000034 
| Global Round : 16 | Client :4 | Local Epoch : 2 | [64/514 (12%)]	Loss1: 5.840443 Loss2: 0.000032 
| Global Round : 16 | Client :4 | Local Epoch : 3 | [64/514 (12%)]	Loss1: 5.839860 Loss2: 0.000036 
| Global Round : 16 | Client :4 | Local Epoch : 4 | [64/514 (12%)]	Loss1: 5.839279 Loss2: 0.000035 
| Global Round : 16 | Client :5 | Local Epoch : 0 | [64/641 (10%)]	Loss1: 5.838488 Loss2: 0.000061 
| Global Round : 16 | Client :5 | Local Epoch : 1 | [64/641 (10%)]	Loss1: 5.838383 Loss2: 0.000065 
| Global Round : 16 | Client :5 | Local Epoch : 2 | [64/641 (10%)]	Loss1: 5.838391 Loss2: 0.000068 
| Global Round : 16 | Client :5 | Local Epoch : 3 | [64/641 (10%)]	Loss1: 5.839794 Loss2: 0.000068 
| Global Round : 16 | Client :5 | Local Epoch : 4 | [64/641 (10%)]	Loss1: 5.838693 Loss2: 0.000075 
| Global Round : 16 | Client :6 | Local Epoch : 0 | [64/777 (8%)]	Loss1: 5.838510 Loss2: 0.000058 
| Global Round : 16 | Client :6 | Local Epoch : 0 | [704/777 (92%)]	Loss1: 5.838417 Loss2: 0.000054 
| Global Round : 16 | Client :6 | Local Epoch : 1 | [64/777 (8%)]	Loss1: 5.838531 Loss2: 0.000060 
| Global Round : 16 | Client :6 | Local Epoch : 1 | [704/777 (92%)]	Loss1: 5.839382 Loss2: 0.000057 
| Global Round : 16 | Client :6 | Local Epoch : 2 | [64/777 (8%)]	Loss1: 5.838216 Loss2: 0.000056 
| Global Round : 16 | Client :6 | Local Epoch : 2 | [704/777 (92%)]	Loss1: 5.838954 Loss2: 0.000052 
| Global Round : 16 | Client :6 | Local Epoch : 3 | [64/777 (8%)]	Loss1: 5.839451 Loss2: 0.000059 
| Global Round : 16 | Client :6 | Local Epoch : 3 | [704/777 (92%)]	Loss1: 5.839013 Loss2: 0.000054 
| Global Round : 16 | Client :6 | Local Epoch : 4 | [64/777 (8%)]	Loss1: 5.838694 Loss2: 0.000056 
| Global Round : 16 | Client :6 | Local Epoch : 4 | [704/777 (92%)]	Loss1: 5.838538 Loss2: 0.000052 
| Global Round : 16 | Client :7 | Local Epoch : 0 | [64/590 (11%)]	Loss1: 5.839111 Loss2: 0.000049 
| Global Round : 16 | Client :7 | Local Epoch : 1 | [64/590 (11%)]	Loss1: 5.839016 Loss2: 0.000046 
| Global Round : 16 | Client :7 | Local Epoch : 2 | [64/590 (11%)]	Loss1: 5.838212 Loss2: 0.000049 
| Global Round : 16 | Client :7 | Local Epoch : 3 | [64/590 (11%)]	Loss1: 5.838843 Loss2: 0.000046 
| Global Round : 16 | Client :7 | Local Epoch : 4 | [64/590 (11%)]	Loss1: 5.839434 Loss2: 0.000048 
| Global Round : 16 | Client :8 | Local Epoch : 0 | [64/612 (11%)]	Loss1: 5.838326 Loss2: 0.000055 
| Global Round : 16 | Client :8 | Local Epoch : 1 | [64/612 (11%)]	Loss1: 5.837940 Loss2: 0.000062 
| Global Round : 16 | Client :8 | Local Epoch : 2 | [64/612 (11%)]	Loss1: 5.838282 Loss2: 0.000057 
| Global Round : 16 | Client :8 | Local Epoch : 3 | [64/612 (11%)]	Loss1: 5.838462 Loss2: 0.000057 
| Global Round : 16 | Client :8 | Local Epoch : 4 | [64/612 (11%)]	Loss1: 5.838228 Loss2: 0.000056 
| Global Round : 16 | Client :9 | Local Epoch : 0 | [64/305 (25%)]	Loss1: 5.840425 Loss2: 0.000041 
| Global Round : 16 | Client :9 | Local Epoch : 1 | [64/305 (25%)]	Loss1: 5.839068 Loss2: 0.000038 
| Global Round : 16 | Client :9 | Local Epoch : 2 | [64/305 (25%)]	Loss1: 5.838546 Loss2: 0.000038 
| Global Round : 16 | Client :9 | Local Epoch : 3 | [64/305 (25%)]	Loss1: 5.839186 Loss2: 0.000042 
| Global Round : 16 | Client :9 | Local Epoch : 4 | [64/305 (25%)]	Loss1: 5.840033 Loss2: 0.000038 
average loss:   5.838034071827691
average local test accuracy: 0.9421875
average global test accuracy:  0.31419270833333335

 | Global Training Round : 17 |

xi_k [0.46367945 0.46782639 0.49447638 0.51519682 0.53052016 0.53171934
 0.52634087 0.51988196 0.50110781 0.44704646]
max_exp: -1.0
coe: 10
Regulation [0.8 0.8 0.8 0.8 0.8 0.8 0.8 0.8 0.8 0.8]
Solver status: optimal_inaccurate
b_new: [1. 1. 1. 1. 1. 1. 1. 1. 1. 1.]
Iter 0: obj=49.5780, best_obj=49.5780, ||b_new-b_prev||₂=2.846050
xi_k [0.46367945 0.46782639 0.49447638 0.51519682 0.53052016 0.53171934
 0.52634087 0.51988196 0.50110781 0.44704646]
max_exp: -1.0
coe: 10
Regulation [-1. -1. -1. -1. -1. -1. -1. -1. -1. -1.]
Solver status: optimal_inaccurate
b_new: [1. 1. 1. 1. 1. 1. 1. 1. 1. 1.]
Iter 1: obj=50.4780, best_obj=50.4780, ||b_new-b_prev||₂=0.000000
Converged.
Final b: [1. 1. 1. 1. 1. 1. 1. 1. 1. 1.]
<class 'numpy.ndarray'>
b_float: [1. 1. 1. 1. 1. 1. 1. 1. 1. 1.]
b: [1 1 1 1 1 1 1 1 1 1]
active_clients:  [0, 1, 2, 3, 4, 5, 6, 7, 8, 9]
Client 0's s_k are:[0 1 1 1 1 1 1 1 1 1]
Client 1's s_k are:[1 0 1 1 1 1 1 1 1 1]
Client 2's s_k are:[1 1 0 1 1 1 1 1 1 1]
Client 3's s_k are:[1 1 1 0 1 1 1 1 1 1]
Client 4's s_k are:[1 1 1 1 0 1 1 1 1 1]
Client 5's s_k are:[1 1 1 1 1 0 1 1 1 1]
Client 6's s_k are:[1 1 1 1 1 1 0 1 1 1]
Client 7's s_k are:[1 1 1 1 1 1 1 0 1 1]
Client 8's s_k are:[1 1 1 1 1 1 1 1 0 1]
Client 9's s_k are:[1 1 1 1 1 1 1 1 1 0]
| Global Round : 17 | Client :0 | Local Epoch : 0 | [64/294 (25%)]	Loss1: 5.839460 Loss2: 0.000046 
| Global Round : 17 | Client :0 | Local Epoch : 1 | [64/294 (25%)]	Loss1: 5.838555 Loss2: 0.000048 
| Global Round : 17 | Client :0 | Local Epoch : 2 | [64/294 (25%)]	Loss1: 5.838766 Loss2: 0.000046 
| Global Round : 17 | Client :0 | Local Epoch : 3 | [64/294 (25%)]	Loss1: 5.838745 Loss2: 0.000046 
| Global Round : 17 | Client :0 | Local Epoch : 4 | [64/294 (25%)]	Loss1: 5.838741 Loss2: 0.000048 
| Global Round : 17 | Client :1 | Local Epoch : 0 | [64/510 (14%)]	Loss1: 5.838490 Loss2: 0.000059 
| Global Round : 17 | Client :1 | Local Epoch : 1 | [64/510 (14%)]	Loss1: 5.838043 Loss2: 0.000062 
| Global Round : 17 | Client :1 | Local Epoch : 2 | [64/510 (14%)]	Loss1: 5.838425 Loss2: 0.000067 
| Global Round : 17 | Client :1 | Local Epoch : 3 | [64/510 (14%)]	Loss1: 5.838460 Loss2: 0.000058 
| Global Round : 17 | Client :1 | Local Epoch : 4 | [64/510 (14%)]	Loss1: 5.839849 Loss2: 0.000064 
| Global Round : 17 | Client :2 | Local Epoch : 0 | [64/827 (8%)]	Loss1: 5.838169 Loss2: 0.000049 
| Global Round : 17 | Client :2 | Local Epoch : 0 | [704/827 (92%)]	Loss1: 5.839335 Loss2: 0.000050 
| Global Round : 17 | Client :2 | Local Epoch : 1 | [64/827 (8%)]	Loss1: 5.839149 Loss2: 0.000048 
| Global Round : 17 | Client :2 | Local Epoch : 1 | [704/827 (92%)]	Loss1: 5.839223 Loss2: 0.000054 
| Global Round : 17 | Client :2 | Local Epoch : 2 | [64/827 (8%)]	Loss1: 5.839898 Loss2: 0.000059 
| Global Round : 17 | Client :2 | Local Epoch : 2 | [704/827 (92%)]	Loss1: 5.839326 Loss2: 0.000051 
| Global Round : 17 | Client :2 | Local Epoch : 3 | [64/827 (8%)]	Loss1: 5.838985 Loss2: 0.000048 
| Global Round : 17 | Client :2 | Local Epoch : 3 | [704/827 (92%)]	Loss1: 5.838134 Loss2: 0.000049 
| Global Round : 17 | Client :2 | Local Epoch : 4 | [64/827 (8%)]	Loss1: 5.838362 Loss2: 0.000048 
| Global Round : 17 | Client :2 | Local Epoch : 4 | [704/827 (92%)]	Loss1: 5.838649 Loss2: 0.000049 
| Global Round : 17 | Client :3 | Local Epoch : 0 | [64/926 (7%)]	Loss1: 5.838112 Loss2: 0.000064 
| Global Round : 17 | Client :3 | Local Epoch : 0 | [704/926 (79%)]	Loss1: 5.838282 Loss2: 0.000058 
| Global Round : 17 | Client :3 | Local Epoch : 1 | [64/926 (7%)]	Loss1: 5.838514 Loss2: 0.000063 
| Global Round : 17 | Client :3 | Local Epoch : 1 | [704/926 (79%)]	Loss1: 5.838335 Loss2: 0.000065 
| Global Round : 17 | Client :3 | Local Epoch : 2 | [64/926 (7%)]	Loss1: 5.837959 Loss2: 0.000067 
| Global Round : 17 | Client :3 | Local Epoch : 2 | [704/926 (79%)]	Loss1: 5.838323 Loss2: 0.000063 
| Global Round : 17 | Client :3 | Local Epoch : 3 | [64/926 (7%)]	Loss1: 5.838056 Loss2: 0.000065 
| Global Round : 17 | Client :3 | Local Epoch : 3 | [704/926 (79%)]	Loss1: 5.838010 Loss2: 0.000064 
| Global Round : 17 | Client :3 | Local Epoch : 4 | [64/926 (7%)]	Loss1: 5.838724 Loss2: 0.000063 
| Global Round : 17 | Client :3 | Local Epoch : 4 | [704/926 (79%)]	Loss1: 5.838632 Loss2: 0.000059 
| Global Round : 17 | Client :4 | Local Epoch : 0 | [64/514 (12%)]	Loss1: 5.839117 Loss2: 0.000038 
| Global Round : 17 | Client :4 | Local Epoch : 1 | [64/514 (12%)]	Loss1: 5.839099 Loss2: 0.000038 
| Global Round : 17 | Client :4 | Local Epoch : 2 | [64/514 (12%)]	Loss1: 5.839714 Loss2: 0.000044 
| Global Round : 17 | Client :4 | Local Epoch : 3 | [64/514 (12%)]	Loss1: 5.841325 Loss2: 0.000035 
| Global Round : 17 | Client :4 | Local Epoch : 4 | [64/514 (12%)]	Loss1: 5.839252 Loss2: 0.000034 
| Global Round : 17 | Client :5 | Local Epoch : 0 | [64/641 (10%)]	Loss1: 5.838338 Loss2: 0.000068 
| Global Round : 17 | Client :5 | Local Epoch : 1 | [64/641 (10%)]	Loss1: 5.837762 Loss2: 0.000062 
| Global Round : 17 | Client :5 | Local Epoch : 2 | [64/641 (10%)]	Loss1: 5.838597 Loss2: 0.000067 
| Global Round : 17 | Client :5 | Local Epoch : 3 | [64/641 (10%)]	Loss1: 5.837609 Loss2: 0.000068 
| Global Round : 17 | Client :5 | Local Epoch : 4 | [64/641 (10%)]	Loss1: 5.838383 Loss2: 0.000063 
| Global Round : 17 | Client :6 | Local Epoch : 0 | [64/777 (8%)]	Loss1: 5.838428 Loss2: 0.000056 
| Global Round : 17 | Client :6 | Local Epoch : 0 | [704/777 (92%)]	Loss1: 5.839879 Loss2: 0.000050 
| Global Round : 17 | Client :6 | Local Epoch : 1 | [64/777 (8%)]	Loss1: 5.839128 Loss2: 0.000058 
| Global Round : 17 | Client :6 | Local Epoch : 1 | [704/777 (92%)]	Loss1: 5.839031 Loss2: 0.000055 
| Global Round : 17 | Client :6 | Local Epoch : 2 | [64/777 (8%)]	Loss1: 5.838589 Loss2: 0.000058 
| Global Round : 17 | Client :6 | Local Epoch : 2 | [704/777 (92%)]	Loss1: 5.839450 Loss2: 0.000048 
| Global Round : 17 | Client :6 | Local Epoch : 3 | [64/777 (8%)]	Loss1: 5.838400 Loss2: 0.000053 
| Global Round : 17 | Client :6 | Local Epoch : 3 | [704/777 (92%)]	Loss1: 5.838806 Loss2: 0.000054 
| Global Round : 17 | Client :6 | Local Epoch : 4 | [64/777 (8%)]	Loss1: 5.838487 Loss2: 0.000052 
| Global Round : 17 | Client :6 | Local Epoch : 4 | [704/777 (92%)]	Loss1: 5.838462 Loss2: 0.000057 
| Global Round : 17 | Client :7 | Local Epoch : 0 | [64/590 (11%)]	Loss1: 5.838050 Loss2: 0.000047 
| Global Round : 17 | Client :7 | Local Epoch : 1 | [64/590 (11%)]	Loss1: 5.838400 Loss2: 0.000054 
| Global Round : 17 | Client :7 | Local Epoch : 2 | [64/590 (11%)]	Loss1: 5.839969 Loss2: 0.000046 
| Global Round : 17 | Client :7 | Local Epoch : 3 | [64/590 (11%)]	Loss1: 5.838400 Loss2: 0.000049 
| Global Round : 17 | Client :7 | Local Epoch : 4 | [64/590 (11%)]	Loss1: 5.838349 Loss2: 0.000047 
| Global Round : 17 | Client :8 | Local Epoch : 0 | [64/612 (11%)]	Loss1: 5.838061 Loss2: 0.000061 
| Global Round : 17 | Client :8 | Local Epoch : 1 | [64/612 (11%)]	Loss1: 5.838134 Loss2: 0.000050 
| Global Round : 17 | Client :8 | Local Epoch : 2 | [64/612 (11%)]	Loss1: 5.838305 Loss2: 0.000059 
| Global Round : 17 | Client :8 | Local Epoch : 3 | [64/612 (11%)]	Loss1: 5.838162 Loss2: 0.000056 
| Global Round : 17 | Client :8 | Local Epoch : 4 | [64/612 (11%)]	Loss1: 5.838408 Loss2: 0.000053 
| Global Round : 17 | Client :9 | Local Epoch : 0 | [64/305 (25%)]	Loss1: 5.839931 Loss2: 0.000042 
| Global Round : 17 | Client :9 | Local Epoch : 1 | [64/305 (25%)]	Loss1: 5.838635 Loss2: 0.000041 
| Global Round : 17 | Client :9 | Local Epoch : 2 | [64/305 (25%)]	Loss1: 5.839139 Loss2: 0.000040 
| Global Round : 17 | Client :9 | Local Epoch : 3 | [64/305 (25%)]	Loss1: 5.838964 Loss2: 0.000043 
| Global Round : 17 | Client :9 | Local Epoch : 4 | [64/305 (25%)]	Loss1: 5.838909 Loss2: 0.000042 
average loss:   5.837999293312194
average local test accuracy: 0.930859375
average global test accuracy:  0.29557291666666663

 | Global Training Round : 18 |

xi_k [0.46368919 0.46781924 0.49446841 0.51519759 0.53051963 0.53172149
 0.52633972 0.51985048 0.50110586 0.44706003]
max_exp: -1.0
coe: 10
Regulation [0.8 0.8 0.8 0.8 0.8 0.8 0.8 0.8 0.8 0.8]
Solver status: optimal_inaccurate
b_new: [1. 1. 1. 1. 1. 1. 1. 1. 1. 1.]
Iter 0: obj=49.5777, best_obj=49.5777, ||b_new-b_prev||₂=2.846050
xi_k [0.46368919 0.46781924 0.49446841 0.51519759 0.53051963 0.53172149
 0.52633972 0.51985048 0.50110586 0.44706003]
max_exp: -1.0
coe: 10
Regulation [-1. -1. -1. -1. -1. -1. -1. -1. -1. -1.]
Solver status: optimal_inaccurate
b_new: [1. 1. 1. 1. 1. 1. 1. 1. 1. 1.]
Iter 1: obj=50.4777, best_obj=50.4777, ||b_new-b_prev||₂=0.000000
Converged.
Final b: [1. 1. 1. 1. 1. 1. 1. 1. 1. 1.]
<class 'numpy.ndarray'>
b_float: [1. 1. 1. 1. 1. 1. 1. 1. 1. 1.]
b: [1 1 1 1 1 1 1 1 1 1]
active_clients:  [0, 1, 2, 3, 4, 5, 6, 7, 8, 9]
Client 0's s_k are:[0 1 1 1 1 1 1 1 1 1]
Client 1's s_k are:[1 0 1 1 1 1 1 1 1 1]
Client 2's s_k are:[1 1 0 1 1 1 1 1 1 1]
Client 3's s_k are:[1 1 1 0 1 1 1 1 1 1]
Client 4's s_k are:[1 1 1 1 0 1 1 1 1 1]
Client 5's s_k are:[1 1 1 1 1 0 1 1 1 1]
Client 6's s_k are:[1 1 1 1 1 1 0 1 1 1]
Client 7's s_k are:[1 1 1 1 1 1 1 0 1 1]
Client 8's s_k are:[1 1 1 1 1 1 1 1 0 1]
Client 9's s_k are:[1 1 1 1 1 1 1 1 1 0]
| Global Round : 18 | Client :0 | Local Epoch : 0 | [64/294 (25%)]	Loss1: 5.838344 Loss2: 0.000043 
| Global Round : 18 | Client :0 | Local Epoch : 1 | [64/294 (25%)]	Loss1: 5.839897 Loss2: 0.000045 
| Global Round : 18 | Client :0 | Local Epoch : 2 | [64/294 (25%)]	Loss1: 5.839159 Loss2: 0.000044 
| Global Round : 18 | Client :0 | Local Epoch : 3 | [64/294 (25%)]	Loss1: 5.839128 Loss2: 0.000038 
| Global Round : 18 | Client :0 | Local Epoch : 4 | [64/294 (25%)]	Loss1: 5.839202 Loss2: 0.000045 
| Global Round : 18 | Client :1 | Local Epoch : 0 | [64/510 (14%)]	Loss1: 5.838323 Loss2: 0.000066 
| Global Round : 18 | Client :1 | Local Epoch : 1 | [64/510 (14%)]	Loss1: 5.839207 Loss2: 0.000056 
| Global Round : 18 | Client :1 | Local Epoch : 2 | [64/510 (14%)]	Loss1: 5.839070 Loss2: 0.000067 
| Global Round : 18 | Client :1 | Local Epoch : 3 | [64/510 (14%)]	Loss1: 5.838704 Loss2: 0.000064 
| Global Round : 18 | Client :1 | Local Epoch : 4 | [64/510 (14%)]	Loss1: 5.838393 Loss2: 0.000071 
| Global Round : 18 | Client :2 | Local Epoch : 0 | [64/827 (8%)]	Loss1: 5.838893 Loss2: 0.000058 
| Global Round : 18 | Client :2 | Local Epoch : 0 | [704/827 (92%)]	Loss1: 5.839270 Loss2: 0.000050 
| Global Round : 18 | Client :2 | Local Epoch : 1 | [64/827 (8%)]	Loss1: 5.839501 Loss2: 0.000053 
| Global Round : 18 | Client :2 | Local Epoch : 1 | [704/827 (92%)]	Loss1: 5.838354 Loss2: 0.000048 
| Global Round : 18 | Client :2 | Local Epoch : 2 | [64/827 (8%)]	Loss1: 5.839059 Loss2: 0.000054 
| Global Round : 18 | Client :2 | Local Epoch : 2 | [704/827 (92%)]	Loss1: 5.838998 Loss2: 0.000055 
| Global Round : 18 | Client :2 | Local Epoch : 3 | [64/827 (8%)]	Loss1: 5.838600 Loss2: 0.000051 
| Global Round : 18 | Client :2 | Local Epoch : 3 | [704/827 (92%)]	Loss1: 5.838438 Loss2: 0.000047 
| Global Round : 18 | Client :2 | Local Epoch : 4 | [64/827 (8%)]	Loss1: 5.838892 Loss2: 0.000046 
| Global Round : 18 | Client :2 | Local Epoch : 4 | [704/827 (92%)]	Loss1: 5.838731 Loss2: 0.000052 
| Global Round : 18 | Client :3 | Local Epoch : 0 | [64/926 (7%)]	Loss1: 5.838127 Loss2: 0.000061 
| Global Round : 18 | Client :3 | Local Epoch : 0 | [704/926 (79%)]	Loss1: 5.838925 Loss2: 0.000063 
| Global Round : 18 | Client :3 | Local Epoch : 1 | [64/926 (7%)]	Loss1: 5.838384 Loss2: 0.000072 
| Global Round : 18 | Client :3 | Local Epoch : 1 | [704/926 (79%)]	Loss1: 5.838625 Loss2: 0.000059 
| Global Round : 18 | Client :3 | Local Epoch : 2 | [64/926 (7%)]	Loss1: 5.838628 Loss2: 0.000065 
| Global Round : 18 | Client :3 | Local Epoch : 2 | [704/926 (79%)]	Loss1: 5.838729 Loss2: 0.000059 
| Global Round : 18 | Client :3 | Local Epoch : 3 | [64/926 (7%)]	Loss1: 5.838300 Loss2: 0.000064 
| Global Round : 18 | Client :3 | Local Epoch : 3 | [704/926 (79%)]	Loss1: 5.838891 Loss2: 0.000066 
| Global Round : 18 | Client :3 | Local Epoch : 4 | [64/926 (7%)]	Loss1: 5.838290 Loss2: 0.000069 
| Global Round : 18 | Client :3 | Local Epoch : 4 | [704/926 (79%)]	Loss1: 5.838140 Loss2: 0.000065 
| Global Round : 18 | Client :4 | Local Epoch : 0 | [64/514 (12%)]	Loss1: 5.839597 Loss2: 0.000037 
| Global Round : 18 | Client :4 | Local Epoch : 1 | [64/514 (12%)]	Loss1: 5.840295 Loss2: 0.000031 
| Global Round : 18 | Client :4 | Local Epoch : 2 | [64/514 (12%)]	Loss1: 5.839807 Loss2: 0.000039 
| Global Round : 18 | Client :4 | Local Epoch : 3 | [64/514 (12%)]	Loss1: 5.839799 Loss2: 0.000034 
| Global Round : 18 | Client :4 | Local Epoch : 4 | [64/514 (12%)]	Loss1: 5.840224 Loss2: 0.000033 
| Global Round : 18 | Client :5 | Local Epoch : 0 | [64/641 (10%)]	Loss1: 5.838090 Loss2: 0.000069 
| Global Round : 18 | Client :5 | Local Epoch : 1 | [64/641 (10%)]	Loss1: 5.838651 Loss2: 0.000065 
| Global Round : 18 | Client :5 | Local Epoch : 2 | [64/641 (10%)]	Loss1: 5.837665 Loss2: 0.000068 
| Global Round : 18 | Client :5 | Local Epoch : 3 | [64/641 (10%)]	Loss1: 5.838248 Loss2: 0.000065 
| Global Round : 18 | Client :5 | Local Epoch : 4 | [64/641 (10%)]	Loss1: 5.838191 Loss2: 0.000070 
| Global Round : 18 | Client :6 | Local Epoch : 0 | [64/777 (8%)]	Loss1: 5.838708 Loss2: 0.000057 
| Global Round : 18 | Client :6 | Local Epoch : 0 | [704/777 (92%)]	Loss1: 5.839501 Loss2: 0.000055 
| Global Round : 18 | Client :6 | Local Epoch : 1 | [64/777 (8%)]	Loss1: 5.838906 Loss2: 0.000055 
| Global Round : 18 | Client :6 | Local Epoch : 1 | [704/777 (92%)]	Loss1: 5.838688 Loss2: 0.000053 
| Global Round : 18 | Client :6 | Local Epoch : 2 | [64/777 (8%)]	Loss1: 5.838595 Loss2: 0.000056 
| Global Round : 18 | Client :6 | Local Epoch : 2 | [704/777 (92%)]	Loss1: 5.839880 Loss2: 0.000058 
| Global Round : 18 | Client :6 | Local Epoch : 3 | [64/777 (8%)]	Loss1: 5.838968 Loss2: 0.000054 
| Global Round : 18 | Client :6 | Local Epoch : 3 | [704/777 (92%)]	Loss1: 5.839029 Loss2: 0.000059 
| Global Round : 18 | Client :6 | Local Epoch : 4 | [64/777 (8%)]	Loss1: 5.839294 Loss2: 0.000061 
| Global Round : 18 | Client :6 | Local Epoch : 4 | [704/777 (92%)]	Loss1: 5.838987 Loss2: 0.000054 
| Global Round : 18 | Client :7 | Local Epoch : 0 | [64/590 (11%)]	Loss1: 5.839151 Loss2: 0.000054 
| Global Round : 18 | Client :7 | Local Epoch : 1 | [64/590 (11%)]	Loss1: 5.838644 Loss2: 0.000050 
| Global Round : 18 | Client :7 | Local Epoch : 2 | [64/590 (11%)]	Loss1: 5.839375 Loss2: 0.000053 
| Global Round : 18 | Client :7 | Local Epoch : 3 | [64/590 (11%)]	Loss1: 5.838588 Loss2: 0.000046 
| Global Round : 18 | Client :7 | Local Epoch : 4 | [64/590 (11%)]	Loss1: 5.838148 Loss2: 0.000050 
| Global Round : 18 | Client :8 | Local Epoch : 0 | [64/612 (11%)]	Loss1: 5.838216 Loss2: 0.000059 
| Global Round : 18 | Client :8 | Local Epoch : 1 | [64/612 (11%)]	Loss1: 5.838128 Loss2: 0.000058 
| Global Round : 18 | Client :8 | Local Epoch : 2 | [64/612 (11%)]	Loss1: 5.838361 Loss2: 0.000058 
| Global Round : 18 | Client :8 | Local Epoch : 3 | [64/612 (11%)]	Loss1: 5.838078 Loss2: 0.000055 
| Global Round : 18 | Client :8 | Local Epoch : 4 | [64/612 (11%)]	Loss1: 5.838059 Loss2: 0.000055 
| Global Round : 18 | Client :9 | Local Epoch : 0 | [64/305 (25%)]	Loss1: 5.839804 Loss2: 0.000038 
| Global Round : 18 | Client :9 | Local Epoch : 1 | [64/305 (25%)]	Loss1: 5.839857 Loss2: 0.000039 
| Global Round : 18 | Client :9 | Local Epoch : 2 | [64/305 (25%)]	Loss1: 5.839345 Loss2: 0.000038 
| Global Round : 18 | Client :9 | Local Epoch : 3 | [64/305 (25%)]	Loss1: 5.839987 Loss2: 0.000038 
| Global Round : 18 | Client :9 | Local Epoch : 4 | [64/305 (25%)]	Loss1: 5.839283 Loss2: 0.000039 
average loss:   5.8379528058899774
average local test accuracy: 0.9328125
average global test accuracy:  0.3098958333333333

 | Global Training Round : 19 |

xi_k [0.4636596  0.46775213 0.494483   0.51521389 0.5305287  0.53171541
 0.52633256 0.51985655 0.50110818 0.44704641]
max_exp: -1.0
coe: 10
Regulation [0.8 0.8 0.8 0.8 0.8 0.8 0.8 0.8 0.8 0.8]
Solver status: optimal_inaccurate
b_new: [1. 1. 1. 1. 1. 1. 1. 1. 1. 1.]
Iter 0: obj=49.5770, best_obj=49.5770, ||b_new-b_prev||₂=2.846050
xi_k [0.4636596  0.46775213 0.494483   0.51521389 0.5305287  0.53171541
 0.52633256 0.51985655 0.50110818 0.44704641]
max_exp: -1.0
coe: 10
Regulation [-1. -1. -1. -1. -1. -1. -1. -1. -1. -1.]
Solver status: optimal_inaccurate
b_new: [1. 1. 1. 1. 1. 1. 1. 1. 1. 1.]
Iter 1: obj=50.4770, best_obj=50.4770, ||b_new-b_prev||₂=0.000000
Converged.
Final b: [1. 1. 1. 1. 1. 1. 1. 1. 1. 1.]
<class 'numpy.ndarray'>
b_float: [1. 1. 1. 1. 1. 1. 1. 1. 1. 1.]
b: [1 1 1 1 1 1 1 1 1 1]
active_clients:  [0, 1, 2, 3, 4, 5, 6, 7, 8, 9]
Client 0's s_k are:[0 1 1 1 1 1 1 1 1 1]
Client 1's s_k are:[1 0 1 1 1 1 1 1 1 1]
Client 2's s_k are:[1 1 0 1 1 1 1 1 1 1]
Client 3's s_k are:[1 1 1 0 1 1 1 1 1 1]
Client 4's s_k are:[1 1 1 1 0 1 1 1 1 1]
Client 5's s_k are:[1 1 1 1 1 0 1 1 1 1]
Client 6's s_k are:[1 1 1 1 1 1 0 1 1 1]
Client 7's s_k are:[1 1 1 1 1 1 1 0 1 1]
Client 8's s_k are:[1 1 1 1 1 1 1 1 0 1]
Client 9's s_k are:[1 1 1 1 1 1 1 1 1 0]
| Global Round : 19 | Client :0 | Local Epoch : 0 | [64/294 (25%)]	Loss1: 5.839031 Loss2: 0.000048 
| Global Round : 19 | Client :0 | Local Epoch : 1 | [64/294 (25%)]	Loss1: 5.839533 Loss2: 0.000049 
| Global Round : 19 | Client :0 | Local Epoch : 2 | [64/294 (25%)]	Loss1: 5.838647 Loss2: 0.000046 
| Global Round : 19 | Client :0 | Local Epoch : 3 | [64/294 (25%)]	Loss1: 5.839013 Loss2: 0.000047 
| Global Round : 19 | Client :0 | Local Epoch : 4 | [64/294 (25%)]	Loss1: 5.839092 Loss2: 0.000051 
| Global Round : 19 | Client :1 | Local Epoch : 0 | [64/510 (14%)]	Loss1: 5.838303 Loss2: 0.000069 
| Global Round : 19 | Client :1 | Local Epoch : 1 | [64/510 (14%)]	Loss1: 5.838018 Loss2: 0.000063 
| Global Round : 19 | Client :1 | Local Epoch : 2 | [64/510 (14%)]	Loss1: 5.838911 Loss2: 0.000068 
| Global Round : 19 | Client :1 | Local Epoch : 3 | [64/510 (14%)]	Loss1: 5.838593 Loss2: 0.000061 
| Global Round : 19 | Client :1 | Local Epoch : 4 | [64/510 (14%)]	Loss1: 5.838601 Loss2: 0.000065 
| Global Round : 19 | Client :2 | Local Epoch : 0 | [64/827 (8%)]	Loss1: 5.839287 Loss2: 0.000048 
| Global Round : 19 | Client :2 | Local Epoch : 0 | [704/827 (92%)]	Loss1: 5.838752 Loss2: 0.000048 
| Global Round : 19 | Client :2 | Local Epoch : 1 | [64/827 (8%)]	Loss1: 5.838146 Loss2: 0.000052 
| Global Round : 19 | Client :2 | Local Epoch : 1 | [704/827 (92%)]	Loss1: 5.838569 Loss2: 0.000056 
| Global Round : 19 | Client :2 | Local Epoch : 2 | [64/827 (8%)]	Loss1: 5.838521 Loss2: 0.000054 
| Global Round : 19 | Client :2 | Local Epoch : 2 | [704/827 (92%)]	Loss1: 5.839152 Loss2: 0.000055 
| Global Round : 19 | Client :2 | Local Epoch : 3 | [64/827 (8%)]	Loss1: 5.838125 Loss2: 0.000048 
| Global Round : 19 | Client :2 | Local Epoch : 3 | [704/827 (92%)]	Loss1: 5.838240 Loss2: 0.000051 
| Global Round : 19 | Client :2 | Local Epoch : 4 | [64/827 (8%)]	Loss1: 5.838722 Loss2: 0.000056 
| Global Round : 19 | Client :2 | Local Epoch : 4 | [704/827 (92%)]	Loss1: 5.838243 Loss2: 0.000050 
| Global Round : 19 | Client :3 | Local Epoch : 0 | [64/926 (7%)]	Loss1: 5.838273 Loss2: 0.000060 
| Global Round : 19 | Client :3 | Local Epoch : 0 | [704/926 (79%)]	Loss1: 5.838050 Loss2: 0.000064 
| Global Round : 19 | Client :3 | Local Epoch : 1 | [64/926 (7%)]	Loss1: 5.838345 Loss2: 0.000065 
| Global Round : 19 | Client :3 | Local Epoch : 1 | [704/926 (79%)]	Loss1: 5.839303 Loss2: 0.000065 
| Global Round : 19 | Client :3 | Local Epoch : 2 | [64/926 (7%)]	Loss1: 5.838342 Loss2: 0.000063 
| Global Round : 19 | Client :3 | Local Epoch : 2 | [704/926 (79%)]	Loss1: 5.837911 Loss2: 0.000065 
| Global Round : 19 | Client :3 | Local Epoch : 3 | [64/926 (7%)]	Loss1: 5.837949 Loss2: 0.000065 
| Global Round : 19 | Client :3 | Local Epoch : 3 | [704/926 (79%)]	Loss1: 5.837951 Loss2: 0.000060 
| Global Round : 19 | Client :3 | Local Epoch : 4 | [64/926 (7%)]	Loss1: 5.838031 Loss2: 0.000066 
| Global Round : 19 | Client :3 | Local Epoch : 4 | [704/926 (79%)]	Loss1: 5.838216 Loss2: 0.000065 
| Global Round : 19 | Client :4 | Local Epoch : 0 | [64/514 (12%)]	Loss1: 5.838998 Loss2: 0.000034 
| Global Round : 19 | Client :4 | Local Epoch : 1 | [64/514 (12%)]	Loss1: 5.839195 Loss2: 0.000033 
| Global Round : 19 | Client :4 | Local Epoch : 2 | [64/514 (12%)]	Loss1: 5.840383 Loss2: 0.000039 
| Global Round : 19 | Client :4 | Local Epoch : 3 | [64/514 (12%)]	Loss1: 5.839237 Loss2: 0.000034 
| Global Round : 19 | Client :4 | Local Epoch : 4 | [64/514 (12%)]	Loss1: 5.839283 Loss2: 0.000036 
| Global Round : 19 | Client :5 | Local Epoch : 0 | [64/641 (10%)]	Loss1: 5.838735 Loss2: 0.000063 
| Global Round : 19 | Client :5 | Local Epoch : 1 | [64/641 (10%)]	Loss1: 5.837762 Loss2: 0.000060 
| Global Round : 19 | Client :5 | Local Epoch : 2 | [64/641 (10%)]	Loss1: 5.838942 Loss2: 0.000065 
| Global Round : 19 | Client :5 | Local Epoch : 3 | [64/641 (10%)]	Loss1: 5.838288 Loss2: 0.000067 
| Global Round : 19 | Client :5 | Local Epoch : 4 | [64/641 (10%)]	Loss1: 5.837658 Loss2: 0.000065 
| Global Round : 19 | Client :6 | Local Epoch : 0 | [64/777 (8%)]	Loss1: 5.839078 Loss2: 0.000058 
| Global Round : 19 | Client :6 | Local Epoch : 0 | [704/777 (92%)]	Loss1: 5.838398 Loss2: 0.000058 
| Global Round : 19 | Client :6 | Local Epoch : 1 | [64/777 (8%)]	Loss1: 5.838579 Loss2: 0.000058 
| Global Round : 19 | Client :6 | Local Epoch : 1 | [704/777 (92%)]	Loss1: 5.838870 Loss2: 0.000052 
| Global Round : 19 | Client :6 | Local Epoch : 2 | [64/777 (8%)]	Loss1: 5.838126 Loss2: 0.000059 
| Global Round : 19 | Client :6 | Local Epoch : 2 | [704/777 (92%)]	Loss1: 5.838285 Loss2: 0.000053 
| Global Round : 19 | Client :6 | Local Epoch : 3 | [64/777 (8%)]	Loss1: 5.838434 Loss2: 0.000059 
| Global Round : 19 | Client :6 | Local Epoch : 3 | [704/777 (92%)]	Loss1: 5.837949 Loss2: 0.000056 
| Global Round : 19 | Client :6 | Local Epoch : 4 | [64/777 (8%)]	Loss1: 5.839434 Loss2: 0.000054 
| Global Round : 19 | Client :6 | Local Epoch : 4 | [704/777 (92%)]	Loss1: 5.838432 Loss2: 0.000058 
| Global Round : 19 | Client :7 | Local Epoch : 0 | [64/590 (11%)]	Loss1: 5.839090 Loss2: 0.000048 
| Global Round : 19 | Client :7 | Local Epoch : 1 | [64/590 (11%)]	Loss1: 5.838516 Loss2: 0.000051 
| Global Round : 19 | Client :7 | Local Epoch : 2 | [64/590 (11%)]	Loss1: 5.838159 Loss2: 0.000054 
| Global Round : 19 | Client :7 | Local Epoch : 3 | [64/590 (11%)]	Loss1: 5.839312 Loss2: 0.000051 
| Global Round : 19 | Client :7 | Local Epoch : 4 | [64/590 (11%)]	Loss1: 5.838787 Loss2: 0.000050 
| Global Round : 19 | Client :8 | Local Epoch : 0 | [64/612 (11%)]	Loss1: 5.838255 Loss2: 0.000056 
| Global Round : 19 | Client :8 | Local Epoch : 1 | [64/612 (11%)]	Loss1: 5.837940 Loss2: 0.000059 
| Global Round : 19 | Client :8 | Local Epoch : 2 | [64/612 (11%)]	Loss1: 5.838306 Loss2: 0.000055 
| Global Round : 19 | Client :8 | Local Epoch : 3 | [64/612 (11%)]	Loss1: 5.838180 Loss2: 0.000061 
| Global Round : 19 | Client :8 | Local Epoch : 4 | [64/612 (11%)]	Loss1: 5.837972 Loss2: 0.000057 
| Global Round : 19 | Client :9 | Local Epoch : 0 | [64/305 (25%)]	Loss1: 5.838601 Loss2: 0.000042 
| Global Round : 19 | Client :9 | Local Epoch : 1 | [64/305 (25%)]	Loss1: 5.839520 Loss2: 0.000040 
| Global Round : 19 | Client :9 | Local Epoch : 2 | [64/305 (25%)]	Loss1: 5.838310 Loss2: 0.000042 
| Global Round : 19 | Client :9 | Local Epoch : 3 | [64/305 (25%)]	Loss1: 5.839987 Loss2: 0.000037 
| Global Round : 19 | Client :9 | Local Epoch : 4 | [64/305 (25%)]	Loss1: 5.838678 Loss2: 0.000036 
average loss:   5.837895071582189
average local test accuracy: 0.9248697916666668
average global test accuracy:  0.2963541666666667

 | Global Training Round : 20 |

xi_k [0.46366352 0.46776822 0.49448096 0.51520422 0.53053222 0.53170951
 0.5263254  0.51985853 0.5011046  0.44705045]
max_exp: -1.0
coe: 10
Regulation [0.8 0.8 0.8 0.8 0.8 0.8 0.8 0.8 0.8 0.8]
Solver status: optimal_inaccurate
b_new: [1. 1. 1. 1. 1. 1. 1. 1. 1. 1.]
Iter 0: obj=49.5770, best_obj=49.5770, ||b_new-b_prev||₂=2.846050
xi_k [0.46366352 0.46776822 0.49448096 0.51520422 0.53053222 0.53170951
 0.5263254  0.51985853 0.5011046  0.44705045]
max_exp: -1.0
coe: 10
Regulation [-1. -1. -1. -1. -1. -1. -1. -1. -1. -1.]
Solver status: optimal_inaccurate
b_new: [1. 1. 1. 1. 1. 1. 1. 1. 1. 1.]
Iter 1: obj=50.4770, best_obj=50.4770, ||b_new-b_prev||₂=0.000000
Converged.
Final b: [1. 1. 1. 1. 1. 1. 1. 1. 1. 1.]
<class 'numpy.ndarray'>
b_float: [1. 1. 1. 1. 1. 1. 1. 1. 1. 1.]
b: [1 1 1 1 1 1 1 1 1 1]
active_clients:  [0, 1, 2, 3, 4, 5, 6, 7, 8, 9]
Client 0's s_k are:[0 1 1 1 1 1 1 1 1 1]
Client 1's s_k are:[1 0 1 1 1 1 1 1 1 1]
Client 2's s_k are:[1 1 0 1 1 1 1 1 1 1]
Client 3's s_k are:[1 1 1 0 1 1 1 1 1 1]
Client 4's s_k are:[1 1 1 1 0 1 1 1 1 1]
Client 5's s_k are:[1 1 1 1 1 0 1 1 1 1]
Client 6's s_k are:[1 1 1 1 1 1 0 1 1 1]
Client 7's s_k are:[1 1 1 1 1 1 1 0 1 1]
Client 8's s_k are:[1 1 1 1 1 1 1 1 0 1]
Client 9's s_k are:[1 1 1 1 1 1 1 1 1 0]
| Global Round : 20 | Client :0 | Local Epoch : 0 | [64/294 (25%)]	Loss1: 5.838980 Loss2: 0.000045 
| Global Round : 20 | Client :0 | Local Epoch : 1 | [64/294 (25%)]	Loss1: 5.839042 Loss2: 0.000046 
| Global Round : 20 | Client :0 | Local Epoch : 2 | [64/294 (25%)]	Loss1: 5.838474 Loss2: 0.000046 
| Global Round : 20 | Client :0 | Local Epoch : 3 | [64/294 (25%)]	Loss1: 5.839414 Loss2: 0.000043 
| Global Round : 20 | Client :0 | Local Epoch : 4 | [64/294 (25%)]	Loss1: 5.838691 Loss2: 0.000045 
| Global Round : 20 | Client :1 | Local Epoch : 0 | [64/510 (14%)]	Loss1: 5.838407 Loss2: 0.000066 
| Global Round : 20 | Client :1 | Local Epoch : 1 | [64/510 (14%)]	Loss1: 5.838529 Loss2: 0.000056 
| Global Round : 20 | Client :1 | Local Epoch : 2 | [64/510 (14%)]	Loss1: 5.838019 Loss2: 0.000065 
| Global Round : 20 | Client :1 | Local Epoch : 3 | [64/510 (14%)]	Loss1: 5.838254 Loss2: 0.000060 
| Global Round : 20 | Client :1 | Local Epoch : 4 | [64/510 (14%)]	Loss1: 5.839178 Loss2: 0.000062 
| Global Round : 20 | Client :2 | Local Epoch : 0 | [64/827 (8%)]	Loss1: 5.838655 Loss2: 0.000056 
| Global Round : 20 | Client :2 | Local Epoch : 0 | [704/827 (92%)]	Loss1: 5.838631 Loss2: 0.000049 
| Global Round : 20 | Client :2 | Local Epoch : 1 | [64/827 (8%)]	Loss1: 5.839139 Loss2: 0.000055 
| Global Round : 20 | Client :2 | Local Epoch : 1 | [704/827 (92%)]	Loss1: 5.838886 Loss2: 0.000051 
| Global Round : 20 | Client :2 | Local Epoch : 2 | [64/827 (8%)]	Loss1: 5.838580 Loss2: 0.000052 
| Global Round : 20 | Client :2 | Local Epoch : 2 | [704/827 (92%)]	Loss1: 5.838181 Loss2: 0.000050 
| Global Round : 20 | Client :2 | Local Epoch : 3 | [64/827 (8%)]	Loss1: 5.838789 Loss2: 0.000053 
| Global Round : 20 | Client :2 | Local Epoch : 3 | [704/827 (92%)]	Loss1: 5.838399 Loss2: 0.000052 
| Global Round : 20 | Client :2 | Local Epoch : 4 | [64/827 (8%)]	Loss1: 5.838851 Loss2: 0.000043 
| Global Round : 20 | Client :2 | Local Epoch : 4 | [704/827 (92%)]	Loss1: 5.839059 Loss2: 0.000047 
| Global Round : 20 | Client :3 | Local Epoch : 0 | [64/926 (7%)]	Loss1: 5.838479 Loss2: 0.000069 
| Global Round : 20 | Client :3 | Local Epoch : 0 | [704/926 (79%)]	Loss1: 5.838120 Loss2: 0.000068 
| Global Round : 20 | Client :3 | Local Epoch : 1 | [64/926 (7%)]	Loss1: 5.838334 Loss2: 0.000063 
| Global Round : 20 | Client :3 | Local Epoch : 1 | [704/926 (79%)]	Loss1: 5.838176 Loss2: 0.000056 
| Global Round : 20 | Client :3 | Local Epoch : 2 | [64/926 (7%)]	Loss1: 5.838330 Loss2: 0.000062 
| Global Round : 20 | Client :3 | Local Epoch : 2 | [704/926 (79%)]	Loss1: 5.837853 Loss2: 0.000060 
| Global Round : 20 | Client :3 | Local Epoch : 3 | [64/926 (7%)]	Loss1: 5.838221 Loss2: 0.000059 
| Global Round : 20 | Client :3 | Local Epoch : 3 | [704/926 (79%)]	Loss1: 5.837916 Loss2: 0.000065 
| Global Round : 20 | Client :3 | Local Epoch : 4 | [64/926 (7%)]	Loss1: 5.838909 Loss2: 0.000066 
| Global Round : 20 | Client :3 | Local Epoch : 4 | [704/926 (79%)]	Loss1: 5.838330 Loss2: 0.000062 
| Global Round : 20 | Client :4 | Local Epoch : 0 | [64/514 (12%)]	Loss1: 5.839252 Loss2: 0.000030 
| Global Round : 20 | Client :4 | Local Epoch : 1 | [64/514 (12%)]	Loss1: 5.840277 Loss2: 0.000040 
| Global Round : 20 | Client :4 | Local Epoch : 2 | [64/514 (12%)]	Loss1: 5.840176 Loss2: 0.000029 
| Global Round : 20 | Client :4 | Local Epoch : 3 | [64/514 (12%)]	Loss1: 5.839579 Loss2: 0.000037 
| Global Round : 20 | Client :4 | Local Epoch : 4 | [64/514 (12%)]	Loss1: 5.840122 Loss2: 0.000034 
| Global Round : 20 | Client :5 | Local Epoch : 0 | [64/641 (10%)]	Loss1: 5.838407 Loss2: 0.000065 
| Global Round : 20 | Client :5 | Local Epoch : 1 | [64/641 (10%)]	Loss1: 5.837681 Loss2: 0.000064 
| Global Round : 20 | Client :5 | Local Epoch : 2 | [64/641 (10%)]	Loss1: 5.837535 Loss2: 0.000065 
| Global Round : 20 | Client :5 | Local Epoch : 3 | [64/641 (10%)]	Loss1: 5.838365 Loss2: 0.000067 
| Global Round : 20 | Client :5 | Local Epoch : 4 | [64/641 (10%)]	Loss1: 5.838186 Loss2: 0.000068 
| Global Round : 20 | Client :6 | Local Epoch : 0 | [64/777 (8%)]	Loss1: 5.838955 Loss2: 0.000062 
| Global Round : 20 | Client :6 | Local Epoch : 0 | [704/777 (92%)]	Loss1: 5.838200 Loss2: 0.000057 
| Global Round : 20 | Client :6 | Local Epoch : 1 | [64/777 (8%)]	Loss1: 5.838675 Loss2: 0.000054 
| Global Round : 20 | Client :6 | Local Epoch : 1 | [704/777 (92%)]	Loss1: 5.839041 Loss2: 0.000055 
| Global Round : 20 | Client :6 | Local Epoch : 2 | [64/777 (8%)]	Loss1: 5.838348 Loss2: 0.000051 
| Global Round : 20 | Client :6 | Local Epoch : 2 | [704/777 (92%)]	Loss1: 5.838689 Loss2: 0.000054 
| Global Round : 20 | Client :6 | Local Epoch : 3 | [64/777 (8%)]	Loss1: 5.838620 Loss2: 0.000055 
| Global Round : 20 | Client :6 | Local Epoch : 3 | [704/777 (92%)]	Loss1: 5.838930 Loss2: 0.000058 
| Global Round : 20 | Client :6 | Local Epoch : 4 | [64/777 (8%)]	Loss1: 5.838391 Loss2: 0.000056 
| Global Round : 20 | Client :6 | Local Epoch : 4 | [704/777 (92%)]	Loss1: 5.838323 Loss2: 0.000052 
| Global Round : 20 | Client :7 | Local Epoch : 0 | [64/590 (11%)]	Loss1: 5.839766 Loss2: 0.000048 
| Global Round : 20 | Client :7 | Local Epoch : 1 | [64/590 (11%)]	Loss1: 5.838527 Loss2: 0.000048 
| Global Round : 20 | Client :7 | Local Epoch : 2 | [64/590 (11%)]	Loss1: 5.838662 Loss2: 0.000053 
| Global Round : 20 | Client :7 | Local Epoch : 3 | [64/590 (11%)]	Loss1: 5.837975 Loss2: 0.000049 
| Global Round : 20 | Client :7 | Local Epoch : 4 | [64/590 (11%)]	Loss1: 5.838132 Loss2: 0.000048 
| Global Round : 20 | Client :8 | Local Epoch : 0 | [64/612 (11%)]	Loss1: 5.838606 Loss2: 0.000058 
| Global Round : 20 | Client :8 | Local Epoch : 1 | [64/612 (11%)]	Loss1: 5.837922 Loss2: 0.000059 
| Global Round : 20 | Client :8 | Local Epoch : 2 | [64/612 (11%)]	Loss1: 5.837915 Loss2: 0.000060 
| Global Round : 20 | Client :8 | Local Epoch : 3 | [64/612 (11%)]	Loss1: 5.838050 Loss2: 0.000057 
| Global Round : 20 | Client :8 | Local Epoch : 4 | [64/612 (11%)]	Loss1: 5.838541 Loss2: 0.000060 
| Global Round : 20 | Client :9 | Local Epoch : 0 | [64/305 (25%)]	Loss1: 5.839594 Loss2: 0.000040 
| Global Round : 20 | Client :9 | Local Epoch : 1 | [64/305 (25%)]	Loss1: 5.839971 Loss2: 0.000038 
| Global Round : 20 | Client :9 | Local Epoch : 2 | [64/305 (25%)]	Loss1: 5.840137 Loss2: 0.000045 
| Global Round : 20 | Client :9 | Local Epoch : 3 | [64/305 (25%)]	Loss1: 5.838971 Loss2: 0.000040 
| Global Round : 20 | Client :9 | Local Epoch : 4 | [64/305 (25%)]	Loss1: 5.839213 Loss2: 0.000040 
average loss:   5.837924690606102
average local test accuracy: 0.93125
average global test accuracy:  0.3130208333333333

 | Global Training Round : 21 |

xi_k [0.46365616 0.46778084 0.49449074 0.51519118 0.53049225 0.53169237
 0.52632912 0.51985539 0.5011123  0.44704747]
max_exp: -1.0
coe: 10
Regulation [0.8 0.8 0.8 0.8 0.8 0.8 0.8 0.8 0.8 0.8]
Solver status: optimal_inaccurate
b_new: [1. 1. 1. 1. 1. 1. 1. 1. 1. 1.]
Iter 0: obj=49.5765, best_obj=49.5765, ||b_new-b_prev||₂=2.846050
xi_k [0.46365616 0.46778084 0.49449074 0.51519118 0.53049225 0.53169237
 0.52632912 0.51985539 0.5011123  0.44704747]
max_exp: -1.0
coe: 10
Regulation [-1. -1. -1. -1. -1. -1. -1. -1. -1. -1.]
Solver status: optimal_inaccurate
b_new: [1. 1. 1. 1. 1. 1. 1. 1. 1. 1.]
Iter 1: obj=50.4765, best_obj=50.4765, ||b_new-b_prev||₂=0.000000
Converged.
Final b: [1. 1. 1. 1. 1. 1. 1. 1. 1. 1.]
<class 'numpy.ndarray'>
b_float: [1. 1. 1. 1. 1. 1. 1. 1. 1. 1.]
b: [1 1 1 1 1 1 1 1 1 1]
active_clients:  [0, 1, 2, 3, 4, 5, 6, 7, 8, 9]
Client 0's s_k are:[0 1 1 1 1 1 1 1 1 1]
Client 1's s_k are:[1 0 1 1 1 1 1 1 1 1]
Client 2's s_k are:[1 1 0 1 1 1 1 1 1 1]
Client 3's s_k are:[1 1 1 0 1 1 1 1 1 1]
Client 4's s_k are:[1 1 1 1 0 1 1 1 1 1]
Client 5's s_k are:[1 1 1 1 1 0 1 1 1 1]
Client 6's s_k are:[1 1 1 1 1 1 0 1 1 1]
Client 7's s_k are:[1 1 1 1 1 1 1 0 1 1]
Client 8's s_k are:[1 1 1 1 1 1 1 1 0 1]
Client 9's s_k are:[1 1 1 1 1 1 1 1 1 0]
| Global Round : 21 | Client :0 | Local Epoch : 0 | [64/294 (25%)]	Loss1: 5.838235 Loss2: 0.000045 
| Global Round : 21 | Client :0 | Local Epoch : 1 | [64/294 (25%)]	Loss1: 5.838747 Loss2: 0.000041 
| Global Round : 21 | Client :0 | Local Epoch : 2 | [64/294 (25%)]	Loss1: 5.839296 Loss2: 0.000046 
| Global Round : 21 | Client :0 | Local Epoch : 3 | [64/294 (25%)]	Loss1: 5.839108 Loss2: 0.000042 
| Global Round : 21 | Client :0 | Local Epoch : 4 | [64/294 (25%)]	Loss1: 5.839181 Loss2: 0.000043 
| Global Round : 21 | Client :1 | Local Epoch : 0 | [64/510 (14%)]	Loss1: 5.839371 Loss2: 0.000078 
| Global Round : 21 | Client :1 | Local Epoch : 1 | [64/510 (14%)]	Loss1: 5.838093 Loss2: 0.000073 
| Global Round : 21 | Client :1 | Local Epoch : 2 | [64/510 (14%)]	Loss1: 5.839115 Loss2: 0.000058 
| Global Round : 21 | Client :1 | Local Epoch : 3 | [64/510 (14%)]	Loss1: 5.839475 Loss2: 0.000061 
| Global Round : 21 | Client :1 | Local Epoch : 4 | [64/510 (14%)]	Loss1: 5.838253 Loss2: 0.000066 
| Global Round : 21 | Client :2 | Local Epoch : 0 | [64/827 (8%)]	Loss1: 5.838313 Loss2: 0.000046 
| Global Round : 21 | Client :2 | Local Epoch : 0 | [704/827 (92%)]	Loss1: 5.838724 Loss2: 0.000048 
| Global Round : 21 | Client :2 | Local Epoch : 1 | [64/827 (8%)]	Loss1: 5.838281 Loss2: 0.000049 
| Global Round : 21 | Client :2 | Local Epoch : 1 | [704/827 (92%)]	Loss1: 5.839092 Loss2: 0.000051 
| Global Round : 21 | Client :2 | Local Epoch : 2 | [64/827 (8%)]	Loss1: 5.838547 Loss2: 0.000052 
| Global Round : 21 | Client :2 | Local Epoch : 2 | [704/827 (92%)]	Loss1: 5.838755 Loss2: 0.000048 
| Global Round : 21 | Client :2 | Local Epoch : 3 | [64/827 (8%)]	Loss1: 5.838926 Loss2: 0.000044 
| Global Round : 21 | Client :2 | Local Epoch : 3 | [704/827 (92%)]	Loss1: 5.838607 Loss2: 0.000051 
| Global Round : 21 | Client :2 | Local Epoch : 4 | [64/827 (8%)]	Loss1: 5.838575 Loss2: 0.000050 
| Global Round : 21 | Client :2 | Local Epoch : 4 | [704/827 (92%)]	Loss1: 5.839068 Loss2: 0.000047 
| Global Round : 21 | Client :3 | Local Epoch : 0 | [64/926 (7%)]	Loss1: 5.838171 Loss2: 0.000061 
| Global Round : 21 | Client :3 | Local Epoch : 0 | [704/926 (79%)]	Loss1: 5.838274 Loss2: 0.000057 
| Global Round : 21 | Client :3 | Local Epoch : 1 | [64/926 (7%)]	Loss1: 5.838361 Loss2: 0.000059 
| Global Round : 21 | Client :3 | Local Epoch : 1 | [704/926 (79%)]	Loss1: 5.838056 Loss2: 0.000065 
| Global Round : 21 | Client :3 | Local Epoch : 2 | [64/926 (7%)]	Loss1: 5.838146 Loss2: 0.000063 
| Global Round : 21 | Client :3 | Local Epoch : 2 | [704/926 (79%)]	Loss1: 5.837849 Loss2: 0.000060 
| Global Round : 21 | Client :3 | Local Epoch : 3 | [64/926 (7%)]	Loss1: 5.838396 Loss2: 0.000066 
| Global Round : 21 | Client :3 | Local Epoch : 3 | [704/926 (79%)]	Loss1: 5.838449 Loss2: 0.000064 
| Global Round : 21 | Client :3 | Local Epoch : 4 | [64/926 (7%)]	Loss1: 5.838150 Loss2: 0.000064 
| Global Round : 21 | Client :3 | Local Epoch : 4 | [704/926 (79%)]	Loss1: 5.839261 Loss2: 0.000060 
| Global Round : 21 | Client :4 | Local Epoch : 0 | [64/514 (12%)]	Loss1: 5.840055 Loss2: 0.000031 
| Global Round : 21 | Client :4 | Local Epoch : 1 | [64/514 (12%)]	Loss1: 5.840324 Loss2: 0.000036 
| Global Round : 21 | Client :4 | Local Epoch : 2 | [64/514 (12%)]	Loss1: 5.839474 Loss2: 0.000033 
| Global Round : 21 | Client :4 | Local Epoch : 3 | [64/514 (12%)]	Loss1: 5.839468 Loss2: 0.000037 
| Global Round : 21 | Client :4 | Local Epoch : 4 | [64/514 (12%)]	Loss1: 5.839386 Loss2: 0.000035 
| Global Round : 21 | Client :5 | Local Epoch : 0 | [64/641 (10%)]	Loss1: 5.838228 Loss2: 0.000067 
| Global Round : 21 | Client :5 | Local Epoch : 1 | [64/641 (10%)]	Loss1: 5.838261 Loss2: 0.000068 
| Global Round : 21 | Client :5 | Local Epoch : 2 | [64/641 (10%)]	Loss1: 5.838707 Loss2: 0.000060 
| Global Round : 21 | Client :5 | Local Epoch : 3 | [64/641 (10%)]	Loss1: 5.838704 Loss2: 0.000069 
| Global Round : 21 | Client :5 | Local Epoch : 4 | [64/641 (10%)]	Loss1: 5.837736 Loss2: 0.000070 
| Global Round : 21 | Client :6 | Local Epoch : 0 | [64/777 (8%)]	Loss1: 5.838350 Loss2: 0.000053 
| Global Round : 21 | Client :6 | Local Epoch : 0 | [704/777 (92%)]	Loss1: 5.840182 Loss2: 0.000051 
| Global Round : 21 | Client :6 | Local Epoch : 1 | [64/777 (8%)]	Loss1: 5.838955 Loss2: 0.000058 
| Global Round : 21 | Client :6 | Local Epoch : 1 | [704/777 (92%)]	Loss1: 5.839048 Loss2: 0.000050 
| Global Round : 21 | Client :6 | Local Epoch : 2 | [64/777 (8%)]	Loss1: 5.838945 Loss2: 0.000060 
| Global Round : 21 | Client :6 | Local Epoch : 2 | [704/777 (92%)]	Loss1: 5.839016 Loss2: 0.000055 
| Global Round : 21 | Client :6 | Local Epoch : 3 | [64/777 (8%)]	Loss1: 5.838491 Loss2: 0.000056 
| Global Round : 21 | Client :6 | Local Epoch : 3 | [704/777 (92%)]	Loss1: 5.838648 Loss2: 0.000050 
| Global Round : 21 | Client :6 | Local Epoch : 4 | [64/777 (8%)]	Loss1: 5.838094 Loss2: 0.000050 
| Global Round : 21 | Client :6 | Local Epoch : 4 | [704/777 (92%)]	Loss1: 5.837951 Loss2: 0.000053 
| Global Round : 21 | Client :7 | Local Epoch : 0 | [64/590 (11%)]	Loss1: 5.837845 Loss2: 0.000045 
| Global Round : 21 | Client :7 | Local Epoch : 1 | [64/590 (11%)]	Loss1: 5.838092 Loss2: 0.000053 
| Global Round : 21 | Client :7 | Local Epoch : 2 | [64/590 (11%)]	Loss1: 5.838964 Loss2: 0.000050 
| Global Round : 21 | Client :7 | Local Epoch : 3 | [64/590 (11%)]	Loss1: 5.838603 Loss2: 0.000051 
| Global Round : 21 | Client :7 | Local Epoch : 4 | [64/590 (11%)]	Loss1: 5.839100 Loss2: 0.000050 
| Global Round : 21 | Client :8 | Local Epoch : 0 | [64/612 (11%)]	Loss1: 5.838149 Loss2: 0.000059 
| Global Round : 21 | Client :8 | Local Epoch : 1 | [64/612 (11%)]	Loss1: 5.838025 Loss2: 0.000054 
| Global Round : 21 | Client :8 | Local Epoch : 2 | [64/612 (11%)]	Loss1: 5.838502 Loss2: 0.000056 
| Global Round : 21 | Client :8 | Local Epoch : 3 | [64/612 (11%)]	Loss1: 5.838241 Loss2: 0.000056 
| Global Round : 21 | Client :8 | Local Epoch : 4 | [64/612 (11%)]	Loss1: 5.837946 Loss2: 0.000058 
| Global Round : 21 | Client :9 | Local Epoch : 0 | [64/305 (25%)]	Loss1: 5.839536 Loss2: 0.000038 
| Global Round : 21 | Client :9 | Local Epoch : 1 | [64/305 (25%)]	Loss1: 5.839191 Loss2: 0.000042 
| Global Round : 21 | Client :9 | Local Epoch : 2 | [64/305 (25%)]	Loss1: 5.838992 Loss2: 0.000035 
| Global Round : 21 | Client :9 | Local Epoch : 3 | [64/305 (25%)]	Loss1: 5.839304 Loss2: 0.000038 
| Global Round : 21 | Client :9 | Local Epoch : 4 | [64/305 (25%)]	Loss1: 5.839349 Loss2: 0.000039 
average loss:   5.837900376830783
average local test accuracy: 0.9313802083333332
average global test accuracy:  0.29713541666666665

 | Global Training Round : 22 |

xi_k [0.46365536 0.46776166 0.49446738 0.51519262 0.53049499 0.53170144
 0.52633037 0.51984702 0.5011144  0.44705847]
max_exp: -1.0
coe: 10
Regulation [0.8 0.8 0.8 0.8 0.8 0.8 0.8 0.8 0.8 0.8]
Solver status: optimal_inaccurate
b_new: [1. 1. 1. 1. 1. 1. 1. 1. 1. 1.]
Iter 0: obj=49.5762, best_obj=49.5762, ||b_new-b_prev||₂=2.846050
xi_k [0.46365536 0.46776166 0.49446738 0.51519262 0.53049499 0.53170144
 0.52633037 0.51984702 0.5011144  0.44705847]
max_exp: -1.0
coe: 10
Regulation [-1. -1. -1. -1. -1. -1. -1. -1. -1. -1.]
Solver status: optimal_inaccurate
b_new: [1. 1. 1. 1. 1. 1. 1. 1. 1. 1.]
Iter 1: obj=50.4762, best_obj=50.4762, ||b_new-b_prev||₂=0.000000
Converged.
Final b: [1. 1. 1. 1. 1. 1. 1. 1. 1. 1.]
<class 'numpy.ndarray'>
b_float: [1. 1. 1. 1. 1. 1. 1. 1. 1. 1.]
b: [1 1 1 1 1 1 1 1 1 1]
active_clients:  [0, 1, 2, 3, 4, 5, 6, 7, 8, 9]
Client 0's s_k are:[0 1 1 1 1 1 1 1 1 1]
Client 1's s_k are:[1 0 1 1 1 1 1 1 1 1]
Client 2's s_k are:[1 1 0 1 1 1 1 1 1 1]
Client 3's s_k are:[1 1 1 0 1 1 1 1 1 1]
Client 4's s_k are:[1 1 1 1 0 1 1 1 1 1]
Client 5's s_k are:[1 1 1 1 1 0 1 1 1 1]
Client 6's s_k are:[1 1 1 1 1 1 0 1 1 1]
Client 7's s_k are:[1 1 1 1 1 1 1 0 1 1]
Client 8's s_k are:[1 1 1 1 1 1 1 1 0 1]
Client 9's s_k are:[1 1 1 1 1 1 1 1 1 0]
| Global Round : 22 | Client :0 | Local Epoch : 0 | [64/294 (25%)]	Loss1: 5.839338 Loss2: 0.000051 
| Global Round : 22 | Client :0 | Local Epoch : 1 | [64/294 (25%)]	Loss1: 5.838994 Loss2: 0.000048 
| Global Round : 22 | Client :0 | Local Epoch : 2 | [64/294 (25%)]	Loss1: 5.838653 Loss2: 0.000044 
| Global Round : 22 | Client :0 | Local Epoch : 3 | [64/294 (25%)]	Loss1: 5.838630 Loss2: 0.000049 
| Global Round : 22 | Client :0 | Local Epoch : 4 | [64/294 (25%)]	Loss1: 5.839181 Loss2: 0.000043 
| Global Round : 22 | Client :1 | Local Epoch : 0 | [64/510 (14%)]	Loss1: 5.838143 Loss2: 0.000061 
| Global Round : 22 | Client :1 | Local Epoch : 1 | [64/510 (14%)]	Loss1: 5.838447 Loss2: 0.000061 
| Global Round : 22 | Client :1 | Local Epoch : 2 | [64/510 (14%)]	Loss1: 5.838132 Loss2: 0.000059 
| Global Round : 22 | Client :1 | Local Epoch : 3 | [64/510 (14%)]	Loss1: 5.838004 Loss2: 0.000064 
| Global Round : 22 | Client :1 | Local Epoch : 4 | [64/510 (14%)]	Loss1: 5.838376 Loss2: 0.000068 
| Global Round : 22 | Client :2 | Local Epoch : 0 | [64/827 (8%)]	Loss1: 5.839456 Loss2: 0.000048 
| Global Round : 22 | Client :2 | Local Epoch : 0 | [704/827 (92%)]	Loss1: 5.838921 Loss2: 0.000051 
| Global Round : 22 | Client :2 | Local Epoch : 1 | [64/827 (8%)]	Loss1: 5.838730 Loss2: 0.000046 
| Global Round : 22 | Client :2 | Local Epoch : 1 | [704/827 (92%)]	Loss1: 5.838228 Loss2: 0.000052 
| Global Round : 22 | Client :2 | Local Epoch : 2 | [64/827 (8%)]	Loss1: 5.838205 Loss2: 0.000052 
| Global Round : 22 | Client :2 | Local Epoch : 2 | [704/827 (92%)]	Loss1: 5.839137 Loss2: 0.000049 
| Global Round : 22 | Client :2 | Local Epoch : 3 | [64/827 (8%)]	Loss1: 5.838703 Loss2: 0.000052 
| Global Round : 22 | Client :2 | Local Epoch : 3 | [704/827 (92%)]	Loss1: 5.838683 Loss2: 0.000064 
| Global Round : 22 | Client :2 | Local Epoch : 4 | [64/827 (8%)]	Loss1: 5.838188 Loss2: 0.000052 
| Global Round : 22 | Client :2 | Local Epoch : 4 | [704/827 (92%)]	Loss1: 5.838186 Loss2: 0.000049 
| Global Round : 22 | Client :3 | Local Epoch : 0 | [64/926 (7%)]	Loss1: 5.838596 Loss2: 0.000064 
| Global Round : 22 | Client :3 | Local Epoch : 0 | [704/926 (79%)]	Loss1: 5.838216 Loss2: 0.000061 
| Global Round : 22 | Client :3 | Local Epoch : 1 | [64/926 (7%)]	Loss1: 5.838387 Loss2: 0.000065 
| Global Round : 22 | Client :3 | Local Epoch : 1 | [704/926 (79%)]	Loss1: 5.838807 Loss2: 0.000062 
| Global Round : 22 | Client :3 | Local Epoch : 2 | [64/926 (7%)]	Loss1: 5.838055 Loss2: 0.000065 
| Global Round : 22 | Client :3 | Local Epoch : 2 | [704/926 (79%)]	Loss1: 5.839174 Loss2: 0.000062 
| Global Round : 22 | Client :3 | Local Epoch : 3 | [64/926 (7%)]	Loss1: 5.838075 Loss2: 0.000066 
| Global Round : 22 | Client :3 | Local Epoch : 3 | [704/926 (79%)]	Loss1: 5.838130 Loss2: 0.000064 
| Global Round : 22 | Client :3 | Local Epoch : 4 | [64/926 (7%)]	Loss1: 5.838075 Loss2: 0.000065 
| Global Round : 22 | Client :3 | Local Epoch : 4 | [704/926 (79%)]	Loss1: 5.838703 Loss2: 0.000061 
| Global Round : 22 | Client :4 | Local Epoch : 0 | [64/514 (12%)]	Loss1: 5.839420 Loss2: 0.000035 
| Global Round : 22 | Client :4 | Local Epoch : 1 | [64/514 (12%)]	Loss1: 5.839243 Loss2: 0.000037 
| Global Round : 22 | Client :4 | Local Epoch : 2 | [64/514 (12%)]	Loss1: 5.840303 Loss2: 0.000030 
| Global Round : 22 | Client :4 | Local Epoch : 3 | [64/514 (12%)]	Loss1: 5.839651 Loss2: 0.000031 
| Global Round : 22 | Client :4 | Local Epoch : 4 | [64/514 (12%)]	Loss1: 5.840051 Loss2: 0.000034 
| Global Round : 22 | Client :5 | Local Epoch : 0 | [64/641 (10%)]	Loss1: 5.837687 Loss2: 0.000064 
| Global Round : 22 | Client :5 | Local Epoch : 1 | [64/641 (10%)]	Loss1: 5.838698 Loss2: 0.000058 
| Global Round : 22 | Client :5 | Local Epoch : 2 | [64/641 (10%)]	Loss1: 5.838447 Loss2: 0.000067 
| Global Round : 22 | Client :5 | Local Epoch : 3 | [64/641 (10%)]	Loss1: 5.838164 Loss2: 0.000067 
| Global Round : 22 | Client :5 | Local Epoch : 4 | [64/641 (10%)]	Loss1: 5.839778 Loss2: 0.000063 
| Global Round : 22 | Client :6 | Local Epoch : 0 | [64/777 (8%)]	Loss1: 5.838362 Loss2: 0.000057 
| Global Round : 22 | Client :6 | Local Epoch : 0 | [704/777 (92%)]	Loss1: 5.838680 Loss2: 0.000055 
| Global Round : 22 | Client :6 | Local Epoch : 1 | [64/777 (8%)]	Loss1: 5.838214 Loss2: 0.000051 
| Global Round : 22 | Client :6 | Local Epoch : 1 | [704/777 (92%)]	Loss1: 5.838290 Loss2: 0.000065 
| Global Round : 22 | Client :6 | Local Epoch : 2 | [64/777 (8%)]	Loss1: 5.838679 Loss2: 0.000057 
| Global Round : 22 | Client :6 | Local Epoch : 2 | [704/777 (92%)]	Loss1: 5.838262 Loss2: 0.000063 
| Global Round : 22 | Client :6 | Local Epoch : 3 | [64/777 (8%)]	Loss1: 5.839386 Loss2: 0.000061 
| Global Round : 22 | Client :6 | Local Epoch : 3 | [704/777 (92%)]	Loss1: 5.838287 Loss2: 0.000058 
| Global Round : 22 | Client :6 | Local Epoch : 4 | [64/777 (8%)]	Loss1: 5.838929 Loss2: 0.000059 
| Global Round : 22 | Client :6 | Local Epoch : 4 | [704/777 (92%)]	Loss1: 5.838678 Loss2: 0.000058 
| Global Round : 22 | Client :7 | Local Epoch : 0 | [64/590 (11%)]	Loss1: 5.838081 Loss2: 0.000048 
| Global Round : 22 | Client :7 | Local Epoch : 1 | [64/590 (11%)]	Loss1: 5.838899 Loss2: 0.000050 
| Global Round : 22 | Client :7 | Local Epoch : 2 | [64/590 (11%)]	Loss1: 5.838609 Loss2: 0.000047 
| Global Round : 22 | Client :7 | Local Epoch : 3 | [64/590 (11%)]	Loss1: 5.838624 Loss2: 0.000048 
| Global Round : 22 | Client :7 | Local Epoch : 4 | [64/590 (11%)]	Loss1: 5.838191 Loss2: 0.000048 
| Global Round : 22 | Client :8 | Local Epoch : 0 | [64/612 (11%)]	Loss1: 5.838594 Loss2: 0.000051 
| Global Round : 22 | Client :8 | Local Epoch : 1 | [64/612 (11%)]	Loss1: 5.838384 Loss2: 0.000051 
| Global Round : 22 | Client :8 | Local Epoch : 2 | [64/612 (11%)]	Loss1: 5.837796 Loss2: 0.000050 
| Global Round : 22 | Client :8 | Local Epoch : 3 | [64/612 (11%)]	Loss1: 5.838023 Loss2: 0.000053 
| Global Round : 22 | Client :8 | Local Epoch : 4 | [64/612 (11%)]	Loss1: 5.838268 Loss2: 0.000054 
| Global Round : 22 | Client :9 | Local Epoch : 0 | [64/305 (25%)]	Loss1: 5.839856 Loss2: 0.000041 
| Global Round : 22 | Client :9 | Local Epoch : 1 | [64/305 (25%)]	Loss1: 5.838692 Loss2: 0.000040 
| Global Round : 22 | Client :9 | Local Epoch : 2 | [64/305 (25%)]	Loss1: 5.838550 Loss2: 0.000037 
| Global Round : 22 | Client :9 | Local Epoch : 3 | [64/305 (25%)]	Loss1: 5.839835 Loss2: 0.000039 
| Global Round : 22 | Client :9 | Local Epoch : 4 | [64/305 (25%)]	Loss1: 5.839046 Loss2: 0.000038 
average loss:   5.837845959076806
average local test accuracy: 0.933203125
average global test accuracy:  0.283203125

 | Global Training Round : 23 |

xi_k [0.46365079 0.46775856 0.49445925 0.51518765 0.53048282 0.53167853
 0.52632768 0.51983967 0.50110285 0.44699885]
max_exp: -1.0
coe: 10
Regulation [0.8 0.8 0.8 0.8 0.8 0.8 0.8 0.8 0.8 0.8]
Solver status: optimal_inaccurate
b_new: [1. 1. 1. 1. 1. 1. 1. 1. 1. 1.]
Iter 0: obj=49.5749, best_obj=49.5749, ||b_new-b_prev||₂=2.846050
xi_k [0.46365079 0.46775856 0.49445925 0.51518765 0.53048282 0.53167853
 0.52632768 0.51983967 0.50110285 0.44699885]
max_exp: -1.0
coe: 10
Regulation [-1. -1. -1. -1. -1. -1. -1. -1. -1. -1.]
Solver status: optimal_inaccurate
b_new: [1. 1. 1. 1. 1. 1. 1. 1. 1. 1.]
Iter 1: obj=50.4749, best_obj=50.4749, ||b_new-b_prev||₂=0.000000
Converged.
Final b: [1. 1. 1. 1. 1. 1. 1. 1. 1. 1.]
<class 'numpy.ndarray'>
b_float: [1. 1. 1. 1. 1. 1. 1. 1. 1. 1.]
b: [1 1 1 1 1 1 1 1 1 1]
active_clients:  [0, 1, 2, 3, 4, 5, 6, 7, 8, 9]
Client 0's s_k are:[0 1 1 1 1 1 1 1 1 1]
Client 1's s_k are:[1 0 1 1 1 1 1 1 1 1]
Client 2's s_k are:[1 1 0 1 1 1 1 1 1 1]
Client 3's s_k are:[1 1 1 0 1 1 1 1 1 1]
Client 4's s_k are:[1 1 1 1 0 1 1 1 1 1]
Client 5's s_k are:[1 1 1 1 1 0 1 1 1 1]
Client 6's s_k are:[1 1 1 1 1 1 0 1 1 1]
Client 7's s_k are:[1 1 1 1 1 1 1 0 1 1]
Client 8's s_k are:[1 1 1 1 1 1 1 1 0 1]
Client 9's s_k are:[1 1 1 1 1 1 1 1 1 0]
| Global Round : 23 | Client :0 | Local Epoch : 0 | [64/294 (25%)]	Loss1: 5.838613 Loss2: 0.000044 
| Global Round : 23 | Client :0 | Local Epoch : 1 | [64/294 (25%)]	Loss1: 5.838267 Loss2: 0.000046 
| Global Round : 23 | Client :0 | Local Epoch : 2 | [64/294 (25%)]	Loss1: 5.838376 Loss2: 0.000047 
| Global Round : 23 | Client :0 | Local Epoch : 3 | [64/294 (25%)]	Loss1: 5.838541 Loss2: 0.000040 
| Global Round : 23 | Client :0 | Local Epoch : 4 | [64/294 (25%)]	Loss1: 5.838431 Loss2: 0.000044 
| Global Round : 23 | Client :1 | Local Epoch : 0 | [64/510 (14%)]	Loss1: 5.837872 Loss2: 0.000067 
| Global Round : 23 | Client :1 | Local Epoch : 1 | [64/510 (14%)]	Loss1: 5.838617 Loss2: 0.000063 
| Global Round : 23 | Client :1 | Local Epoch : 2 | [64/510 (14%)]	Loss1: 5.838180 Loss2: 0.000062 
| Global Round : 23 | Client :1 | Local Epoch : 3 | [64/510 (14%)]	Loss1: 5.838817 Loss2: 0.000071 
| Global Round : 23 | Client :1 | Local Epoch : 4 | [64/510 (14%)]	Loss1: 5.838525 Loss2: 0.000062 
| Global Round : 23 | Client :2 | Local Epoch : 0 | [64/827 (8%)]	Loss1: 5.838893 Loss2: 0.000050 
| Global Round : 23 | Client :2 | Local Epoch : 0 | [704/827 (92%)]	Loss1: 5.838486 Loss2: 0.000049 
| Global Round : 23 | Client :2 | Local Epoch : 1 | [64/827 (8%)]	Loss1: 5.838564 Loss2: 0.000054 
| Global Round : 23 | Client :2 | Local Epoch : 1 | [704/827 (92%)]	Loss1: 5.838416 Loss2: 0.000046 
| Global Round : 23 | Client :2 | Local Epoch : 2 | [64/827 (8%)]	Loss1: 5.838995 Loss2: 0.000044 
| Global Round : 23 | Client :2 | Local Epoch : 2 | [704/827 (92%)]	Loss1: 5.837917 Loss2: 0.000052 
| Global Round : 23 | Client :2 | Local Epoch : 3 | [64/827 (8%)]	Loss1: 5.838350 Loss2: 0.000051 
| Global Round : 23 | Client :2 | Local Epoch : 3 | [704/827 (92%)]	Loss1: 5.839485 Loss2: 0.000047 
| Global Round : 23 | Client :2 | Local Epoch : 4 | [64/827 (8%)]	Loss1: 5.838629 Loss2: 0.000050 
| Global Round : 23 | Client :2 | Local Epoch : 4 | [704/827 (92%)]	Loss1: 5.838264 Loss2: 0.000049 
| Global Round : 23 | Client :3 | Local Epoch : 0 | [64/926 (7%)]	Loss1: 5.837850 Loss2: 0.000064 
| Global Round : 23 | Client :3 | Local Epoch : 0 | [704/926 (79%)]	Loss1: 5.838506 Loss2: 0.000065 
| Global Round : 23 | Client :3 | Local Epoch : 1 | [64/926 (7%)]	Loss1: 5.837845 Loss2: 0.000063 
| Global Round : 23 | Client :3 | Local Epoch : 1 | [704/926 (79%)]	Loss1: 5.838047 Loss2: 0.000062 
| Global Round : 23 | Client :3 | Local Epoch : 2 | [64/926 (7%)]	Loss1: 5.838006 Loss2: 0.000062 
| Global Round : 23 | Client :3 | Local Epoch : 2 | [704/926 (79%)]	Loss1: 5.838240 Loss2: 0.000062 
| Global Round : 23 | Client :3 | Local Epoch : 3 | [64/926 (7%)]	Loss1: 5.838030 Loss2: 0.000057 
| Global Round : 23 | Client :3 | Local Epoch : 3 | [704/926 (79%)]	Loss1: 5.838205 Loss2: 0.000059 
| Global Round : 23 | Client :3 | Local Epoch : 4 | [64/926 (7%)]	Loss1: 5.838401 Loss2: 0.000066 
| Global Round : 23 | Client :3 | Local Epoch : 4 | [704/926 (79%)]	Loss1: 5.837956 Loss2: 0.000067 
| Global Round : 23 | Client :4 | Local Epoch : 0 | [64/514 (12%)]	Loss1: 5.838878 Loss2: 0.000032 
| Global Round : 23 | Client :4 | Local Epoch : 1 | [64/514 (12%)]	Loss1: 5.839166 Loss2: 0.000033 
| Global Round : 23 | Client :4 | Local Epoch : 2 | [64/514 (12%)]	Loss1: 5.840330 Loss2: 0.000040 
| Global Round : 23 | Client :4 | Local Epoch : 3 | [64/514 (12%)]	Loss1: 5.840240 Loss2: 0.000032 
| Global Round : 23 | Client :4 | Local Epoch : 4 | [64/514 (12%)]	Loss1: 5.839394 Loss2: 0.000028 
| Global Round : 23 | Client :5 | Local Epoch : 0 | [64/641 (10%)]	Loss1: 5.837751 Loss2: 0.000062 
| Global Round : 23 | Client :5 | Local Epoch : 1 | [64/641 (10%)]	Loss1: 5.838247 Loss2: 0.000066 
| Global Round : 23 | Client :5 | Local Epoch : 2 | [64/641 (10%)]	Loss1: 5.838808 Loss2: 0.000069 
| Global Round : 23 | Client :5 | Local Epoch : 3 | [64/641 (10%)]	Loss1: 5.838066 Loss2: 0.000065 
| Global Round : 23 | Client :5 | Local Epoch : 4 | [64/641 (10%)]	Loss1: 5.837605 Loss2: 0.000063 
| Global Round : 23 | Client :6 | Local Epoch : 0 | [64/777 (8%)]	Loss1: 5.838783 Loss2: 0.000059 
| Global Round : 23 | Client :6 | Local Epoch : 0 | [704/777 (92%)]	Loss1: 5.838856 Loss2: 0.000051 
| Global Round : 23 | Client :6 | Local Epoch : 1 | [64/777 (8%)]	Loss1: 5.838961 Loss2: 0.000050 
| Global Round : 23 | Client :6 | Local Epoch : 1 | [704/777 (92%)]	Loss1: 5.838494 Loss2: 0.000056 
| Global Round : 23 | Client :6 | Local Epoch : 2 | [64/777 (8%)]	Loss1: 5.838530 Loss2: 0.000055 
| Global Round : 23 | Client :6 | Local Epoch : 2 | [704/777 (92%)]	Loss1: 5.838075 Loss2: 0.000055 
| Global Round : 23 | Client :6 | Local Epoch : 3 | [64/777 (8%)]	Loss1: 5.838538 Loss2: 0.000054 
| Global Round : 23 | Client :6 | Local Epoch : 3 | [704/777 (92%)]	Loss1: 5.838458 Loss2: 0.000056 
| Global Round : 23 | Client :6 | Local Epoch : 4 | [64/777 (8%)]	Loss1: 5.839063 Loss2: 0.000056 
| Global Round : 23 | Client :6 | Local Epoch : 4 | [704/777 (92%)]	Loss1: 5.839375 Loss2: 0.000050 
| Global Round : 23 | Client :7 | Local Epoch : 0 | [64/590 (11%)]	Loss1: 5.838572 Loss2: 0.000050 
| Global Round : 23 | Client :7 | Local Epoch : 1 | [64/590 (11%)]	Loss1: 5.838508 Loss2: 0.000051 
| Global Round : 23 | Client :7 | Local Epoch : 2 | [64/590 (11%)]	Loss1: 5.838465 Loss2: 0.000051 
| Global Round : 23 | Client :7 | Local Epoch : 3 | [64/590 (11%)]	Loss1: 5.838181 Loss2: 0.000048 
| Global Round : 23 | Client :7 | Local Epoch : 4 | [64/590 (11%)]	Loss1: 5.837933 Loss2: 0.000044 
| Global Round : 23 | Client :8 | Local Epoch : 0 | [64/612 (11%)]	Loss1: 5.838151 Loss2: 0.000057 
| Global Round : 23 | Client :8 | Local Epoch : 1 | [64/612 (11%)]	Loss1: 5.838072 Loss2: 0.000054 
| Global Round : 23 | Client :8 | Local Epoch : 2 | [64/612 (11%)]	Loss1: 5.837846 Loss2: 0.000051 
| Global Round : 23 | Client :8 | Local Epoch : 3 | [64/612 (11%)]	Loss1: 5.838112 Loss2: 0.000052 
| Global Round : 23 | Client :8 | Local Epoch : 4 | [64/612 (11%)]	Loss1: 5.837872 Loss2: 0.000052 
| Global Round : 23 | Client :9 | Local Epoch : 0 | [64/305 (25%)]	Loss1: 5.839263 Loss2: 0.000042 
| Global Round : 23 | Client :9 | Local Epoch : 1 | [64/305 (25%)]	Loss1: 5.839040 Loss2: 0.000042 
| Global Round : 23 | Client :9 | Local Epoch : 2 | [64/305 (25%)]	Loss1: 5.839540 Loss2: 0.000041 
| Global Round : 23 | Client :9 | Local Epoch : 3 | [64/305 (25%)]	Loss1: 5.838853 Loss2: 0.000038 
| Global Round : 23 | Client :9 | Local Epoch : 4 | [64/305 (25%)]	Loss1: 5.838815 Loss2: 0.000040 
average loss:   5.837835118675989
average local test accuracy: 0.9338541666666668
average global test accuracy:  0.29518229166666665

 | Global Training Round : 24 |

xi_k [0.46365245 0.46778218 0.49445617 0.51520039 0.53046338 0.53167497
 0.52630607 0.51984202 0.50110483 0.44697387]
max_exp: -1.0
coe: 10
Regulation [0.8 0.8 0.8 0.8 0.8 0.8 0.8 0.8 0.8 0.8]
Solver status: optimal_inaccurate
b_new: [1. 1. 1. 1. 1. 1. 1. 1. 1. 1.]
Iter 0: obj=49.5746, best_obj=49.5746, ||b_new-b_prev||₂=2.846050
xi_k [0.46365245 0.46778218 0.49445617 0.51520039 0.53046338 0.53167497
 0.52630607 0.51984202 0.50110483 0.44697387]
max_exp: -1.0
coe: 10
Regulation [-1. -1. -1. -1. -1. -1. -1. -1. -1. -1.]
Solver status: optimal_inaccurate
b_new: [1. 1. 1. 1. 1. 1. 1. 1. 1. 1.]
Iter 1: obj=50.4746, best_obj=50.4746, ||b_new-b_prev||₂=0.000000
Converged.
Final b: [1. 1. 1. 1. 1. 1. 1. 1. 1. 1.]
<class 'numpy.ndarray'>
b_float: [1. 1. 1. 1. 1. 1. 1. 1. 1. 1.]
b: [1 1 1 1 1 1 1 1 1 1]
active_clients:  [0, 1, 2, 3, 4, 5, 6, 7, 8, 9]
Client 0's s_k are:[0 1 1 1 1 1 1 1 1 1]
Client 1's s_k are:[1 0 1 1 1 1 1 1 1 1]
Client 2's s_k are:[1 1 0 1 1 1 1 1 1 1]
Client 3's s_k are:[1 1 1 0 1 1 1 1 1 1]
Client 4's s_k are:[1 1 1 1 0 1 1 1 1 1]
Client 5's s_k are:[1 1 1 1 1 0 1 1 1 1]
Client 6's s_k are:[1 1 1 1 1 1 0 1 1 1]
Client 7's s_k are:[1 1 1 1 1 1 1 0 1 1]
Client 8's s_k are:[1 1 1 1 1 1 1 1 0 1]
Client 9's s_k are:[1 1 1 1 1 1 1 1 1 0]
| Global Round : 24 | Client :0 | Local Epoch : 0 | [64/294 (25%)]	Loss1: 5.839183 Loss2: 0.000046 
| Global Round : 24 | Client :0 | Local Epoch : 1 | [64/294 (25%)]	Loss1: 5.838369 Loss2: 0.000047 
| Global Round : 24 | Client :0 | Local Epoch : 2 | [64/294 (25%)]	Loss1: 5.838940 Loss2: 0.000042 
| Global Round : 24 | Client :0 | Local Epoch : 3 | [64/294 (25%)]	Loss1: 5.839700 Loss2: 0.000043 
| Global Round : 24 | Client :0 | Local Epoch : 4 | [64/294 (25%)]	Loss1: 5.838409 Loss2: 0.000039 
| Global Round : 24 | Client :1 | Local Epoch : 0 | [64/510 (14%)]	Loss1: 5.838579 Loss2: 0.000066 
| Global Round : 24 | Client :1 | Local Epoch : 1 | [64/510 (14%)]	Loss1: 5.839128 Loss2: 0.000059 
| Global Round : 24 | Client :1 | Local Epoch : 2 | [64/510 (14%)]	Loss1: 5.838252 Loss2: 0.000066 
| Global Round : 24 | Client :1 | Local Epoch : 3 | [64/510 (14%)]	Loss1: 5.838318 Loss2: 0.000059 
| Global Round : 24 | Client :1 | Local Epoch : 4 | [64/510 (14%)]	Loss1: 5.838622 Loss2: 0.000065 
| Global Round : 24 | Client :2 | Local Epoch : 0 | [64/827 (8%)]	Loss1: 5.839259 Loss2: 0.000053 
| Global Round : 24 | Client :2 | Local Epoch : 0 | [704/827 (92%)]	Loss1: 5.839004 Loss2: 0.000050 
| Global Round : 24 | Client :2 | Local Epoch : 1 | [64/827 (8%)]	Loss1: 5.838200 Loss2: 0.000051 
| Global Round : 24 | Client :2 | Local Epoch : 1 | [704/827 (92%)]	Loss1: 5.838655 Loss2: 0.000050 
| Global Round : 24 | Client :2 | Local Epoch : 2 | [64/827 (8%)]	Loss1: 5.838401 Loss2: 0.000050 
| Global Round : 24 | Client :2 | Local Epoch : 2 | [704/827 (92%)]	Loss1: 5.838312 Loss2: 0.000049 
| Global Round : 24 | Client :2 | Local Epoch : 3 | [64/827 (8%)]	Loss1: 5.838480 Loss2: 0.000055 
| Global Round : 24 | Client :2 | Local Epoch : 3 | [704/827 (92%)]	Loss1: 5.837945 Loss2: 0.000050 
| Global Round : 24 | Client :2 | Local Epoch : 4 | [64/827 (8%)]	Loss1: 5.838961 Loss2: 0.000047 
| Global Round : 24 | Client :2 | Local Epoch : 4 | [704/827 (92%)]	Loss1: 5.837960 Loss2: 0.000045 
| Global Round : 24 | Client :3 | Local Epoch : 0 | [64/926 (7%)]	Loss1: 5.838635 Loss2: 0.000060 
| Global Round : 24 | Client :3 | Local Epoch : 0 | [704/926 (79%)]	Loss1: 5.838549 Loss2: 0.000058 
| Global Round : 24 | Client :3 | Local Epoch : 1 | [64/926 (7%)]	Loss1: 5.837770 Loss2: 0.000058 
| Global Round : 24 | Client :3 | Local Epoch : 1 | [704/926 (79%)]	Loss1: 5.838338 Loss2: 0.000059 
| Global Round : 24 | Client :3 | Local Epoch : 2 | [64/926 (7%)]	Loss1: 5.837755 Loss2: 0.000061 
| Global Round : 24 | Client :3 | Local Epoch : 2 | [704/926 (79%)]	Loss1: 5.838233 Loss2: 0.000058 
| Global Round : 24 | Client :3 | Local Epoch : 3 | [64/926 (7%)]	Loss1: 5.837851 Loss2: 0.000060 
| Global Round : 24 | Client :3 | Local Epoch : 3 | [704/926 (79%)]	Loss1: 5.838044 Loss2: 0.000057 
| Global Round : 24 | Client :3 | Local Epoch : 4 | [64/926 (7%)]	Loss1: 5.838075 Loss2: 0.000063 
| Global Round : 24 | Client :3 | Local Epoch : 4 | [704/926 (79%)]	Loss1: 5.837997 Loss2: 0.000059 
| Global Round : 24 | Client :4 | Local Epoch : 0 | [64/514 (12%)]	Loss1: 5.839481 Loss2: 0.000032 
| Global Round : 24 | Client :4 | Local Epoch : 1 | [64/514 (12%)]	Loss1: 5.839341 Loss2: 0.000034 
| Global Round : 24 | Client :4 | Local Epoch : 2 | [64/514 (12%)]	Loss1: 5.840518 Loss2: 0.000034 
| Global Round : 24 | Client :4 | Local Epoch : 3 | [64/514 (12%)]	Loss1: 5.839309 Loss2: 0.000034 
| Global Round : 24 | Client :4 | Local Epoch : 4 | [64/514 (12%)]	Loss1: 5.839237 Loss2: 0.000032 
| Global Round : 24 | Client :5 | Local Epoch : 0 | [64/641 (10%)]	Loss1: 5.837672 Loss2: 0.000066 
| Global Round : 24 | Client :5 | Local Epoch : 1 | [64/641 (10%)]	Loss1: 5.838066 Loss2: 0.000065 
| Global Round : 24 | Client :5 | Local Epoch : 2 | [64/641 (10%)]	Loss1: 5.837976 Loss2: 0.000062 
| Global Round : 24 | Client :5 | Local Epoch : 3 | [64/641 (10%)]	Loss1: 5.838704 Loss2: 0.000064 
| Global Round : 24 | Client :5 | Local Epoch : 4 | [64/641 (10%)]	Loss1: 5.837720 Loss2: 0.000063 
| Global Round : 24 | Client :6 | Local Epoch : 0 | [64/777 (8%)]	Loss1: 5.839075 Loss2: 0.000052 
| Global Round : 24 | Client :6 | Local Epoch : 0 | [704/777 (92%)]	Loss1: 5.838630 Loss2: 0.000050 
| Global Round : 24 | Client :6 | Local Epoch : 1 | [64/777 (8%)]	Loss1: 5.839569 Loss2: 0.000054 
| Global Round : 24 | Client :6 | Local Epoch : 1 | [704/777 (92%)]	Loss1: 5.838443 Loss2: 0.000054 
| Global Round : 24 | Client :6 | Local Epoch : 2 | [64/777 (8%)]	Loss1: 5.838067 Loss2: 0.000055 
| Global Round : 24 | Client :6 | Local Epoch : 2 | [704/777 (92%)]	Loss1: 5.839661 Loss2: 0.000052 
| Global Round : 24 | Client :6 | Local Epoch : 3 | [64/777 (8%)]	Loss1: 5.838883 Loss2: 0.000054 
| Global Round : 24 | Client :6 | Local Epoch : 3 | [704/777 (92%)]	Loss1: 5.839481 Loss2: 0.000054 
| Global Round : 24 | Client :6 | Local Epoch : 4 | [64/777 (8%)]	Loss1: 5.838678 Loss2: 0.000057 
| Global Round : 24 | Client :6 | Local Epoch : 4 | [704/777 (92%)]	Loss1: 5.838783 Loss2: 0.000054 
| Global Round : 24 | Client :7 | Local Epoch : 0 | [64/590 (11%)]	Loss1: 5.838794 Loss2: 0.000053 
| Global Round : 24 | Client :7 | Local Epoch : 1 | [64/590 (11%)]	Loss1: 5.838085 Loss2: 0.000048 
| Global Round : 24 | Client :7 | Local Epoch : 2 | [64/590 (11%)]	Loss1: 5.838200 Loss2: 0.000046 
| Global Round : 24 | Client :7 | Local Epoch : 3 | [64/590 (11%)]	Loss1: 5.838214 Loss2: 0.000050 
| Global Round : 24 | Client :7 | Local Epoch : 4 | [64/590 (11%)]	Loss1: 5.838074 Loss2: 0.000048 
| Global Round : 24 | Client :8 | Local Epoch : 0 | [64/612 (11%)]	Loss1: 5.837925 Loss2: 0.000054 
| Global Round : 24 | Client :8 | Local Epoch : 1 | [64/612 (11%)]	Loss1: 5.838074 Loss2: 0.000053 
| Global Round : 24 | Client :8 | Local Epoch : 2 | [64/612 (11%)]	Loss1: 5.837885 Loss2: 0.000052 
| Global Round : 24 | Client :8 | Local Epoch : 3 | [64/612 (11%)]	Loss1: 5.838027 Loss2: 0.000050 
| Global Round : 24 | Client :8 | Local Epoch : 4 | [64/612 (11%)]	Loss1: 5.838041 Loss2: 0.000054 
| Global Round : 24 | Client :9 | Local Epoch : 0 | [64/305 (25%)]	Loss1: 5.839204 Loss2: 0.000040 
| Global Round : 24 | Client :9 | Local Epoch : 1 | [64/305 (25%)]	Loss1: 5.838932 Loss2: 0.000037 
| Global Round : 24 | Client :9 | Local Epoch : 2 | [64/305 (25%)]	Loss1: 5.839253 Loss2: 0.000037 
| Global Round : 24 | Client :9 | Local Epoch : 3 | [64/305 (25%)]	Loss1: 5.840493 Loss2: 0.000041 
| Global Round : 24 | Client :9 | Local Epoch : 4 | [64/305 (25%)]	Loss1: 5.838780 Loss2: 0.000035 
average loss:   5.837799050807953
average local test accuracy: 0.9319010416666668
average global test accuracy:  0.2930989583333333

 | Global Training Round : 25 |

xi_k [0.46364451 0.46774115 0.49446812 0.51518477 0.53046632 0.53167146
 0.52632447 0.519836   0.50110193 0.446976  ]
max_exp: -1.0
coe: 10
Regulation [0.8 0.8 0.8 0.8 0.8 0.8 0.8 0.8 0.8 0.8]
Solver status: optimal_inaccurate
b_new: [1. 1. 1. 1. 1. 1. 1. 1. 1. 1.]
Iter 0: obj=49.5741, best_obj=49.5741, ||b_new-b_prev||₂=2.846050
xi_k [0.46364451 0.46774115 0.49446812 0.51518477 0.53046632 0.53167146
 0.52632447 0.519836   0.50110193 0.446976  ]
max_exp: -1.0
coe: 10
Regulation [-1. -1. -1. -1. -1. -1. -1. -1. -1. -1.]
Solver status: optimal_inaccurate
b_new: [1. 1. 1. 1. 1. 1. 1. 1. 1. 1.]
Iter 1: obj=50.4741, best_obj=50.4741, ||b_new-b_prev||₂=0.000000
Converged.
Final b: [1. 1. 1. 1. 1. 1. 1. 1. 1. 1.]
<class 'numpy.ndarray'>
b_float: [1. 1. 1. 1. 1. 1. 1. 1. 1. 1.]
b: [1 1 1 1 1 1 1 1 1 1]
active_clients:  [0, 1, 2, 3, 4, 5, 6, 7, 8, 9]
Client 0's s_k are:[0 1 1 1 1 1 1 1 1 1]
Client 1's s_k are:[1 0 1 1 1 1 1 1 1 1]
Client 2's s_k are:[1 1 0 1 1 1 1 1 1 1]
Client 3's s_k are:[1 1 1 0 1 1 1 1 1 1]
Client 4's s_k are:[1 1 1 1 0 1 1 1 1 1]
Client 5's s_k are:[1 1 1 1 1 0 1 1 1 1]
Client 6's s_k are:[1 1 1 1 1 1 0 1 1 1]
Client 7's s_k are:[1 1 1 1 1 1 1 0 1 1]
Client 8's s_k are:[1 1 1 1 1 1 1 1 0 1]
Client 9's s_k are:[1 1 1 1 1 1 1 1 1 0]
| Global Round : 25 | Client :0 | Local Epoch : 0 | [64/294 (25%)]	Loss1: 5.838817 Loss2: 0.000045 
| Global Round : 25 | Client :0 | Local Epoch : 1 | [64/294 (25%)]	Loss1: 5.838246 Loss2: 0.000043 
| Global Round : 25 | Client :0 | Local Epoch : 2 | [64/294 (25%)]	Loss1: 5.838276 Loss2: 0.000041 
| Global Round : 25 | Client :0 | Local Epoch : 3 | [64/294 (25%)]	Loss1: 5.838509 Loss2: 0.000045 
| Global Round : 25 | Client :0 | Local Epoch : 4 | [64/294 (25%)]	Loss1: 5.838420 Loss2: 0.000047 
| Global Round : 25 | Client :1 | Local Epoch : 0 | [64/510 (14%)]	Loss1: 5.838266 Loss2: 0.000067 
| Global Round : 25 | Client :1 | Local Epoch : 1 | [64/510 (14%)]	Loss1: 5.837728 Loss2: 0.000063 
| Global Round : 25 | Client :1 | Local Epoch : 2 | [64/510 (14%)]	Loss1: 5.838350 Loss2: 0.000055 
| Global Round : 25 | Client :1 | Local Epoch : 3 | [64/510 (14%)]	Loss1: 5.838583 Loss2: 0.000074 
| Global Round : 25 | Client :1 | Local Epoch : 4 | [64/510 (14%)]	Loss1: 5.838388 Loss2: 0.000075 
| Global Round : 25 | Client :2 | Local Epoch : 0 | [64/827 (8%)]	Loss1: 5.838320 Loss2: 0.000052 
| Global Round : 25 | Client :2 | Local Epoch : 0 | [704/827 (92%)]	Loss1: 5.838487 Loss2: 0.000052 
| Global Round : 25 | Client :2 | Local Epoch : 1 | [64/827 (8%)]	Loss1: 5.838378 Loss2: 0.000052 
| Global Round : 25 | Client :2 | Local Epoch : 1 | [704/827 (92%)]	Loss1: 5.839630 Loss2: 0.000052 
| Global Round : 25 | Client :2 | Local Epoch : 2 | [64/827 (8%)]	Loss1: 5.838622 Loss2: 0.000050 
| Global Round : 25 | Client :2 | Local Epoch : 2 | [704/827 (92%)]	Loss1: 5.838323 Loss2: 0.000049 
| Global Round : 25 | Client :2 | Local Epoch : 3 | [64/827 (8%)]	Loss1: 5.838169 Loss2: 0.000049 
| Global Round : 25 | Client :2 | Local Epoch : 3 | [704/827 (92%)]	Loss1: 5.838764 Loss2: 0.000049 
| Global Round : 25 | Client :2 | Local Epoch : 4 | [64/827 (8%)]	Loss1: 5.838303 Loss2: 0.000047 
| Global Round : 25 | Client :2 | Local Epoch : 4 | [704/827 (92%)]	Loss1: 5.838272 Loss2: 0.000048 
| Global Round : 25 | Client :3 | Local Epoch : 0 | [64/926 (7%)]	Loss1: 5.837982 Loss2: 0.000060 
| Global Round : 25 | Client :3 | Local Epoch : 0 | [704/926 (79%)]	Loss1: 5.837822 Loss2: 0.000060 
| Global Round : 25 | Client :3 | Local Epoch : 1 | [64/926 (7%)]	Loss1: 5.838235 Loss2: 0.000058 
| Global Round : 25 | Client :3 | Local Epoch : 1 | [704/926 (79%)]	Loss1: 5.838517 Loss2: 0.000060 
| Global Round : 25 | Client :3 | Local Epoch : 2 | [64/926 (7%)]	Loss1: 5.837762 Loss2: 0.000057 
| Global Round : 25 | Client :3 | Local Epoch : 2 | [704/926 (79%)]	Loss1: 5.838225 Loss2: 0.000060 
| Global Round : 25 | Client :3 | Local Epoch : 3 | [64/926 (7%)]	Loss1: 5.838363 Loss2: 0.000061 
| Global Round : 25 | Client :3 | Local Epoch : 3 | [704/926 (79%)]	Loss1: 5.838159 Loss2: 0.000058 
| Global Round : 25 | Client :3 | Local Epoch : 4 | [64/926 (7%)]	Loss1: 5.837995 Loss2: 0.000061 
| Global Round : 25 | Client :3 | Local Epoch : 4 | [704/926 (79%)]	Loss1: 5.838068 Loss2: 0.000059 
| Global Round : 25 | Client :4 | Local Epoch : 0 | [64/514 (12%)]	Loss1: 5.839812 Loss2: 0.000033 
| Global Round : 25 | Client :4 | Local Epoch : 1 | [64/514 (12%)]	Loss1: 5.840017 Loss2: 0.000034 
| Global Round : 25 | Client :4 | Local Epoch : 2 | [64/514 (12%)]	Loss1: 5.841076 Loss2: 0.000030 
| Global Round : 25 | Client :4 | Local Epoch : 3 | [64/514 (12%)]	Loss1: 5.840007 Loss2: 0.000032 
| Global Round : 25 | Client :4 | Local Epoch : 4 | [64/514 (12%)]	Loss1: 5.839550 Loss2: 0.000033 
| Global Round : 25 | Client :5 | Local Epoch : 0 | [64/641 (10%)]	Loss1: 5.838499 Loss2: 0.000062 
| Global Round : 25 | Client :5 | Local Epoch : 1 | [64/641 (10%)]	Loss1: 5.838718 Loss2: 0.000065 
| Global Round : 25 | Client :5 | Local Epoch : 2 | [64/641 (10%)]	Loss1: 5.838932 Loss2: 0.000062 
| Global Round : 25 | Client :5 | Local Epoch : 3 | [64/641 (10%)]	Loss1: 5.837578 Loss2: 0.000066 
| Global Round : 25 | Client :5 | Local Epoch : 4 | [64/641 (10%)]	Loss1: 5.838743 Loss2: 0.000067 
| Global Round : 25 | Client :6 | Local Epoch : 0 | [64/777 (8%)]	Loss1: 5.838298 Loss2: 0.000055 
| Global Round : 25 | Client :6 | Local Epoch : 0 | [704/777 (92%)]	Loss1: 5.838655 Loss2: 0.000054 
| Global Round : 25 | Client :6 | Local Epoch : 1 | [64/777 (8%)]	Loss1: 5.839828 Loss2: 0.000059 
| Global Round : 25 | Client :6 | Local Epoch : 1 | [704/777 (92%)]	Loss1: 5.838643 Loss2: 0.000056 
| Global Round : 25 | Client :6 | Local Epoch : 2 | [64/777 (8%)]	Loss1: 5.838661 Loss2: 0.000059 
| Global Round : 25 | Client :6 | Local Epoch : 2 | [704/777 (92%)]	Loss1: 5.838214 Loss2: 0.000060 
| Global Round : 25 | Client :6 | Local Epoch : 3 | [64/777 (8%)]	Loss1: 5.839247 Loss2: 0.000058 
| Global Round : 25 | Client :6 | Local Epoch : 3 | [704/777 (92%)]	Loss1: 5.838390 Loss2: 0.000054 
| Global Round : 25 | Client :6 | Local Epoch : 4 | [64/777 (8%)]	Loss1: 5.838211 Loss2: 0.000061 
| Global Round : 25 | Client :6 | Local Epoch : 4 | [704/777 (92%)]	Loss1: 5.838433 Loss2: 0.000058 
| Global Round : 25 | Client :7 | Local Epoch : 0 | [64/590 (11%)]	Loss1: 5.838877 Loss2: 0.000047 
| Global Round : 25 | Client :7 | Local Epoch : 1 | [64/590 (11%)]	Loss1: 5.838280 Loss2: 0.000048 
| Global Round : 25 | Client :7 | Local Epoch : 2 | [64/590 (11%)]	Loss1: 5.838190 Loss2: 0.000047 
| Global Round : 25 | Client :7 | Local Epoch : 3 | [64/590 (11%)]	Loss1: 5.838271 Loss2: 0.000044 
| Global Round : 25 | Client :7 | Local Epoch : 4 | [64/590 (11%)]	Loss1: 5.838196 Loss2: 0.000049 
| Global Round : 25 | Client :8 | Local Epoch : 0 | [64/612 (11%)]	Loss1: 5.838006 Loss2: 0.000052 
| Global Round : 25 | Client :8 | Local Epoch : 1 | [64/612 (11%)]	Loss1: 5.838019 Loss2: 0.000051 
| Global Round : 25 | Client :8 | Local Epoch : 2 | [64/612 (11%)]	Loss1: 5.838122 Loss2: 0.000059 
| Global Round : 25 | Client :8 | Local Epoch : 3 | [64/612 (11%)]	Loss1: 5.838326 Loss2: 0.000057 
| Global Round : 25 | Client :8 | Local Epoch : 4 | [64/612 (11%)]	Loss1: 5.837996 Loss2: 0.000053 
| Global Round : 25 | Client :9 | Local Epoch : 0 | [64/305 (25%)]	Loss1: 5.839166 Loss2: 0.000041 
| Global Round : 25 | Client :9 | Local Epoch : 1 | [64/305 (25%)]	Loss1: 5.838949 Loss2: 0.000040 
| Global Round : 25 | Client :9 | Local Epoch : 2 | [64/305 (25%)]	Loss1: 5.839683 Loss2: 0.000038 
| Global Round : 25 | Client :9 | Local Epoch : 3 | [64/305 (25%)]	Loss1: 5.840465 Loss2: 0.000036 
| Global Round : 25 | Client :9 | Local Epoch : 4 | [64/305 (25%)]	Loss1: 5.838503 Loss2: 0.000040 
average loss:   5.837819511928254
average local test accuracy: 0.9333333333333332
average global test accuracy:  0.34036458333333336

 | Global Training Round : 26 |

xi_k [0.46363998 0.46776174 0.49447249 0.51519342 0.53044802 0.53165657
 0.52631582 0.51983065 0.5011054  0.44699309]
max_exp: -1.0
coe: 10
Regulation [0.8 0.8 0.8 0.8 0.8 0.8 0.8 0.8 0.8 0.8]
Solver status: optimal_inaccurate
b_new: [1. 1. 1. 1. 1. 1. 1. 1. 1. 1.]
Iter 0: obj=49.5742, best_obj=49.5742, ||b_new-b_prev||₂=2.846050
xi_k [0.46363998 0.46776174 0.49447249 0.51519342 0.53044802 0.53165657
 0.52631582 0.51983065 0.5011054  0.44699309]
max_exp: -1.0
coe: 10
Regulation [-1. -1. -1. -1. -1. -1. -1. -1. -1. -1.]
Solver status: optimal_inaccurate
b_new: [1. 1. 1. 1. 1. 1. 1. 1. 1. 1.]
Iter 1: obj=50.4742, best_obj=50.4742, ||b_new-b_prev||₂=0.000000
Converged.
Final b: [1. 1. 1. 1. 1. 1. 1. 1. 1. 1.]
<class 'numpy.ndarray'>
b_float: [1. 1. 1. 1. 1. 1. 1. 1. 1. 1.]
b: [1 1 1 1 1 1 1 1 1 1]
active_clients:  [0, 1, 2, 3, 4, 5, 6, 7, 8, 9]
Client 0's s_k are:[0 1 1 1 1 1 1 1 1 1]
Client 1's s_k are:[1 0 1 1 1 1 1 1 1 1]
Client 2's s_k are:[1 1 0 1 1 1 1 1 1 1]
Client 3's s_k are:[1 1 1 0 1 1 1 1 1 1]
Client 4's s_k are:[1 1 1 1 0 1 1 1 1 1]
Client 5's s_k are:[1 1 1 1 1 0 1 1 1 1]
Client 6's s_k are:[1 1 1 1 1 1 0 1 1 1]
Client 7's s_k are:[1 1 1 1 1 1 1 0 1 1]
Client 8's s_k are:[1 1 1 1 1 1 1 1 0 1]
Client 9's s_k are:[1 1 1 1 1 1 1 1 1 0]
| Global Round : 26 | Client :0 | Local Epoch : 0 | [64/294 (25%)]	Loss1: 5.838951 Loss2: 0.000045 
| Global Round : 26 | Client :0 | Local Epoch : 1 | [64/294 (25%)]	Loss1: 5.839180 Loss2: 0.000046 
| Global Round : 26 | Client :0 | Local Epoch : 2 | [64/294 (25%)]	Loss1: 5.838599 Loss2: 0.000045 
| Global Round : 26 | Client :0 | Local Epoch : 3 | [64/294 (25%)]	Loss1: 5.838216 Loss2: 0.000047 
| Global Round : 26 | Client :0 | Local Epoch : 4 | [64/294 (25%)]	Loss1: 5.838818 Loss2: 0.000046 
| Global Round : 26 | Client :1 | Local Epoch : 0 | [64/510 (14%)]	Loss1: 5.838984 Loss2: 0.000067 
| Global Round : 26 | Client :1 | Local Epoch : 1 | [64/510 (14%)]	Loss1: 5.838062 Loss2: 0.000063 
| Global Round : 26 | Client :1 | Local Epoch : 2 | [64/510 (14%)]	Loss1: 5.839696 Loss2: 0.000065 
| Global Round : 26 | Client :1 | Local Epoch : 3 | [64/510 (14%)]	Loss1: 5.838396 Loss2: 0.000061 
| Global Round : 26 | Client :1 | Local Epoch : 4 | [64/510 (14%)]	Loss1: 5.838648 Loss2: 0.000057 
| Global Round : 26 | Client :2 | Local Epoch : 0 | [64/827 (8%)]	Loss1: 5.838226 Loss2: 0.000051 
| Global Round : 26 | Client :2 | Local Epoch : 0 | [704/827 (92%)]	Loss1: 5.838311 Loss2: 0.000050 
| Global Round : 26 | Client :2 | Local Epoch : 1 | [64/827 (8%)]	Loss1: 5.838474 Loss2: 0.000048 
| Global Round : 26 | Client :2 | Local Epoch : 1 | [704/827 (92%)]	Loss1: 5.838336 Loss2: 0.000048 
| Global Round : 26 | Client :2 | Local Epoch : 2 | [64/827 (8%)]	Loss1: 5.837876 Loss2: 0.000056 
| Global Round : 26 | Client :2 | Local Epoch : 2 | [704/827 (92%)]	Loss1: 5.838422 Loss2: 0.000046 
| Global Round : 26 | Client :2 | Local Epoch : 3 | [64/827 (8%)]	Loss1: 5.838077 Loss2: 0.000054 
| Global Round : 26 | Client :2 | Local Epoch : 3 | [704/827 (92%)]	Loss1: 5.838540 Loss2: 0.000055 
| Global Round : 26 | Client :2 | Local Epoch : 4 | [64/827 (8%)]	Loss1: 5.838012 Loss2: 0.000053 
| Global Round : 26 | Client :2 | Local Epoch : 4 | [704/827 (92%)]	Loss1: 5.838029 Loss2: 0.000049 
| Global Round : 26 | Client :3 | Local Epoch : 0 | [64/926 (7%)]	Loss1: 5.837957 Loss2: 0.000060 
| Global Round : 26 | Client :3 | Local Epoch : 0 | [704/926 (79%)]	Loss1: 5.838053 Loss2: 0.000065 
| Global Round : 26 | Client :3 | Local Epoch : 1 | [64/926 (7%)]	Loss1: 5.838253 Loss2: 0.000066 
| Global Round : 26 | Client :3 | Local Epoch : 1 | [704/926 (79%)]	Loss1: 5.838020 Loss2: 0.000061 
| Global Round : 26 | Client :3 | Local Epoch : 2 | [64/926 (7%)]	Loss1: 5.838369 Loss2: 0.000059 
| Global Round : 26 | Client :3 | Local Epoch : 2 | [704/926 (79%)]	Loss1: 5.837982 Loss2: 0.000060 
| Global Round : 26 | Client :3 | Local Epoch : 3 | [64/926 (7%)]	Loss1: 5.839219 Loss2: 0.000062 
| Global Round : 26 | Client :3 | Local Epoch : 3 | [704/926 (79%)]	Loss1: 5.838300 Loss2: 0.000063 
| Global Round : 26 | Client :3 | Local Epoch : 4 | [64/926 (7%)]	Loss1: 5.837955 Loss2: 0.000066 
| Global Round : 26 | Client :3 | Local Epoch : 4 | [704/926 (79%)]	Loss1: 5.837932 Loss2: 0.000061 
| Global Round : 26 | Client :4 | Local Epoch : 0 | [64/514 (12%)]	Loss1: 5.838691 Loss2: 0.000034 
| Global Round : 26 | Client :4 | Local Epoch : 1 | [64/514 (12%)]	Loss1: 5.839757 Loss2: 0.000040 
| Global Round : 26 | Client :4 | Local Epoch : 2 | [64/514 (12%)]	Loss1: 5.839666 Loss2: 0.000032 
| Global Round : 26 | Client :4 | Local Epoch : 3 | [64/514 (12%)]	Loss1: 5.840085 Loss2: 0.000034 
| Global Round : 26 | Client :4 | Local Epoch : 4 | [64/514 (12%)]	Loss1: 5.839164 Loss2: 0.000033 
| Global Round : 26 | Client :5 | Local Epoch : 0 | [64/641 (10%)]	Loss1: 5.837975 Loss2: 0.000064 
| Global Round : 26 | Client :5 | Local Epoch : 1 | [64/641 (10%)]	Loss1: 5.837567 Loss2: 0.000064 
| Global Round : 26 | Client :5 | Local Epoch : 2 | [64/641 (10%)]	Loss1: 5.837739 Loss2: 0.000064 
| Global Round : 26 | Client :5 | Local Epoch : 3 | [64/641 (10%)]	Loss1: 5.837539 Loss2: 0.000066 
| Global Round : 26 | Client :5 | Local Epoch : 4 | [64/641 (10%)]	Loss1: 5.837768 Loss2: 0.000062 
| Global Round : 26 | Client :6 | Local Epoch : 0 | [64/777 (8%)]	Loss1: 5.838617 Loss2: 0.000052 
| Global Round : 26 | Client :6 | Local Epoch : 0 | [704/777 (92%)]	Loss1: 5.838104 Loss2: 0.000056 
| Global Round : 26 | Client :6 | Local Epoch : 1 | [64/777 (8%)]	Loss1: 5.838079 Loss2: 0.000060 
| Global Round : 26 | Client :6 | Local Epoch : 1 | [704/777 (92%)]	Loss1: 5.839404 Loss2: 0.000055 
| Global Round : 26 | Client :6 | Local Epoch : 2 | [64/777 (8%)]	Loss1: 5.838196 Loss2: 0.000055 
| Global Round : 26 | Client :6 | Local Epoch : 2 | [704/777 (92%)]	Loss1: 5.838367 Loss2: 0.000054 
| Global Round : 26 | Client :6 | Local Epoch : 3 | [64/777 (8%)]	Loss1: 5.838710 Loss2: 0.000056 
| Global Round : 26 | Client :6 | Local Epoch : 3 | [704/777 (92%)]	Loss1: 5.838190 Loss2: 0.000053 
| Global Round : 26 | Client :6 | Local Epoch : 4 | [64/777 (8%)]	Loss1: 5.838638 Loss2: 0.000058 
| Global Round : 26 | Client :6 | Local Epoch : 4 | [704/777 (92%)]	Loss1: 5.837944 Loss2: 0.000053 
| Global Round : 26 | Client :7 | Local Epoch : 0 | [64/590 (11%)]	Loss1: 5.838080 Loss2: 0.000057 
| Global Round : 26 | Client :7 | Local Epoch : 1 | [64/590 (11%)]	Loss1: 5.838362 Loss2: 0.000049 
| Global Round : 26 | Client :7 | Local Epoch : 2 | [64/590 (11%)]	Loss1: 5.838228 Loss2: 0.000052 
| Global Round : 26 | Client :7 | Local Epoch : 3 | [64/590 (11%)]	Loss1: 5.838614 Loss2: 0.000048 
| Global Round : 26 | Client :7 | Local Epoch : 4 | [64/590 (11%)]	Loss1: 5.838416 Loss2: 0.000050 
| Global Round : 26 | Client :8 | Local Epoch : 0 | [64/612 (11%)]	Loss1: 5.837753 Loss2: 0.000056 
| Global Round : 26 | Client :8 | Local Epoch : 1 | [64/612 (11%)]	Loss1: 5.838383 Loss2: 0.000056 
| Global Round : 26 | Client :8 | Local Epoch : 2 | [64/612 (11%)]	Loss1: 5.837960 Loss2: 0.000054 
| Global Round : 26 | Client :8 | Local Epoch : 3 | [64/612 (11%)]	Loss1: 5.838250 Loss2: 0.000054 
| Global Round : 26 | Client :8 | Local Epoch : 4 | [64/612 (11%)]	Loss1: 5.838024 Loss2: 0.000054 
| Global Round : 26 | Client :9 | Local Epoch : 0 | [64/305 (25%)]	Loss1: 5.838681 Loss2: 0.000036 
| Global Round : 26 | Client :9 | Local Epoch : 1 | [64/305 (25%)]	Loss1: 5.838597 Loss2: 0.000043 
| Global Round : 26 | Client :9 | Local Epoch : 2 | [64/305 (25%)]	Loss1: 5.838536 Loss2: 0.000038 
| Global Round : 26 | Client :9 | Local Epoch : 3 | [64/305 (25%)]	Loss1: 5.838426 Loss2: 0.000040 
| Global Round : 26 | Client :9 | Local Epoch : 4 | [64/305 (25%)]	Loss1: 5.838518 Loss2: 0.000042 
average loss:   5.837812385975368
average local test accuracy: 0.938671875
average global test accuracy:  0.31302083333333336

 | Global Training Round : 27 |

xi_k [0.46362699 0.46775673 0.49445708 0.51518469 0.5304617  0.53164738
 0.5263229  0.51984175 0.50110638 0.44699499]
max_exp: -1.0
coe: 10
Regulation [0.8 0.8 0.8 0.8 0.8 0.8 0.8 0.8 0.8 0.8]
Solver status: optimal_inaccurate
b_new: [1. 1. 1. 1. 1. 1. 1. 1. 1. 1.]
Iter 0: obj=49.5740, best_obj=49.5740, ||b_new-b_prev||₂=2.846050
xi_k [0.46362699 0.46775673 0.49445708 0.51518469 0.5304617  0.53164738
 0.5263229  0.51984175 0.50110638 0.44699499]
max_exp: -1.0
coe: 10
Regulation [-1. -1. -1. -1. -1. -1. -1. -1. -1. -1.]
Solver status: optimal_inaccurate
b_new: [1. 1. 1. 1. 1. 1. 1. 1. 1. 1.]
Iter 1: obj=50.4740, best_obj=50.4740, ||b_new-b_prev||₂=0.000000
Converged.
Final b: [1. 1. 1. 1. 1. 1. 1. 1. 1. 1.]
<class 'numpy.ndarray'>
b_float: [1. 1. 1. 1. 1. 1. 1. 1. 1. 1.]
b: [1 1 1 1 1 1 1 1 1 1]
active_clients:  [0, 1, 2, 3, 4, 5, 6, 7, 8, 9]
Client 0's s_k are:[0 1 1 1 1 1 1 1 1 1]
Client 1's s_k are:[1 0 1 1 1 1 1 1 1 1]
Client 2's s_k are:[1 1 0 1 1 1 1 1 1 1]
Client 3's s_k are:[1 1 1 0 1 1 1 1 1 1]
Client 4's s_k are:[1 1 1 1 0 1 1 1 1 1]
Client 5's s_k are:[1 1 1 1 1 0 1 1 1 1]
Client 6's s_k are:[1 1 1 1 1 1 0 1 1 1]
Client 7's s_k are:[1 1 1 1 1 1 1 0 1 1]
Client 8's s_k are:[1 1 1 1 1 1 1 1 0 1]
Client 9's s_k are:[1 1 1 1 1 1 1 1 1 0]
| Global Round : 27 | Client :0 | Local Epoch : 0 | [64/294 (25%)]	Loss1: 5.838659 Loss2: 0.000046 
| Global Round : 27 | Client :0 | Local Epoch : 1 | [64/294 (25%)]	Loss1: 5.839008 Loss2: 0.000053 
| Global Round : 27 | Client :0 | Local Epoch : 2 | [64/294 (25%)]	Loss1: 5.839378 Loss2: 0.000049 
| Global Round : 27 | Client :0 | Local Epoch : 3 | [64/294 (25%)]	Loss1: 5.838277 Loss2: 0.000049 
| Global Round : 27 | Client :0 | Local Epoch : 4 | [64/294 (25%)]	Loss1: 5.838216 Loss2: 0.000044 
| Global Round : 27 | Client :1 | Local Epoch : 0 | [64/510 (14%)]	Loss1: 5.838680 Loss2: 0.000063 
| Global Round : 27 | Client :1 | Local Epoch : 1 | [64/510 (14%)]	Loss1: 5.838256 Loss2: 0.000065 
| Global Round : 27 | Client :1 | Local Epoch : 2 | [64/510 (14%)]	Loss1: 5.838942 Loss2: 0.000068 
| Global Round : 27 | Client :1 | Local Epoch : 3 | [64/510 (14%)]	Loss1: 5.838156 Loss2: 0.000074 
| Global Round : 27 | Client :1 | Local Epoch : 4 | [64/510 (14%)]	Loss1: 5.839187 Loss2: 0.000056 
| Global Round : 27 | Client :2 | Local Epoch : 0 | [64/827 (8%)]	Loss1: 5.837890 Loss2: 0.000056 
| Global Round : 27 | Client :2 | Local Epoch : 0 | [704/827 (92%)]	Loss1: 5.838429 Loss2: 0.000049 
| Global Round : 27 | Client :2 | Local Epoch : 1 | [64/827 (8%)]	Loss1: 5.838401 Loss2: 0.000045 
| Global Round : 27 | Client :2 | Local Epoch : 1 | [704/827 (92%)]	Loss1: 5.838326 Loss2: 0.000047 
| Global Round : 27 | Client :2 | Local Epoch : 2 | [64/827 (8%)]	Loss1: 5.838356 Loss2: 0.000050 
| Global Round : 27 | Client :2 | Local Epoch : 2 | [704/827 (92%)]	Loss1: 5.838772 Loss2: 0.000053 
| Global Round : 27 | Client :2 | Local Epoch : 3 | [64/827 (8%)]	Loss1: 5.838469 Loss2: 0.000049 
| Global Round : 27 | Client :2 | Local Epoch : 3 | [704/827 (92%)]	Loss1: 5.838493 Loss2: 0.000047 
| Global Round : 27 | Client :2 | Local Epoch : 4 | [64/827 (8%)]	Loss1: 5.838722 Loss2: 0.000048 
| Global Round : 27 | Client :2 | Local Epoch : 4 | [704/827 (92%)]	Loss1: 5.838719 Loss2: 0.000050 
| Global Round : 27 | Client :3 | Local Epoch : 0 | [64/926 (7%)]	Loss1: 5.837952 Loss2: 0.000064 
| Global Round : 27 | Client :3 | Local Epoch : 0 | [704/926 (79%)]	Loss1: 5.837970 Loss2: 0.000060 
| Global Round : 27 | Client :3 | Local Epoch : 1 | [64/926 (7%)]	Loss1: 5.838029 Loss2: 0.000068 
| Global Round : 27 | Client :3 | Local Epoch : 1 | [704/926 (79%)]	Loss1: 5.838142 Loss2: 0.000058 
| Global Round : 27 | Client :3 | Local Epoch : 2 | [64/926 (7%)]	Loss1: 5.837918 Loss2: 0.000059 
| Global Round : 27 | Client :3 | Local Epoch : 2 | [704/926 (79%)]	Loss1: 5.837812 Loss2: 0.000057 
| Global Round : 27 | Client :3 | Local Epoch : 3 | [64/926 (7%)]	Loss1: 5.838383 Loss2: 0.000061 
| Global Round : 27 | Client :3 | Local Epoch : 3 | [704/926 (79%)]	Loss1: 5.838297 Loss2: 0.000065 
| Global Round : 27 | Client :3 | Local Epoch : 4 | [64/926 (7%)]	Loss1: 5.837780 Loss2: 0.000067 
| Global Round : 27 | Client :3 | Local Epoch : 4 | [704/926 (79%)]	Loss1: 5.838204 Loss2: 0.000058 
| Global Round : 27 | Client :4 | Local Epoch : 0 | [64/514 (12%)]	Loss1: 5.839075 Loss2: 0.000030 
| Global Round : 27 | Client :4 | Local Epoch : 1 | [64/514 (12%)]	Loss1: 5.839977 Loss2: 0.000032 
| Global Round : 27 | Client :4 | Local Epoch : 2 | [64/514 (12%)]	Loss1: 5.840959 Loss2: 0.000028 
| Global Round : 27 | Client :4 | Local Epoch : 3 | [64/514 (12%)]	Loss1: 5.839774 Loss2: 0.000030 
| Global Round : 27 | Client :4 | Local Epoch : 4 | [64/514 (12%)]	Loss1: 5.839032 Loss2: 0.000035 
| Global Round : 27 | Client :5 | Local Epoch : 0 | [64/641 (10%)]	Loss1: 5.837575 Loss2: 0.000067 
| Global Round : 27 | Client :5 | Local Epoch : 1 | [64/641 (10%)]	Loss1: 5.837675 Loss2: 0.000066 
| Global Round : 27 | Client :5 | Local Epoch : 2 | [64/641 (10%)]	Loss1: 5.838079 Loss2: 0.000064 
| Global Round : 27 | Client :5 | Local Epoch : 3 | [64/641 (10%)]	Loss1: 5.837673 Loss2: 0.000065 
| Global Round : 27 | Client :5 | Local Epoch : 4 | [64/641 (10%)]	Loss1: 5.837814 Loss2: 0.000057 
| Global Round : 27 | Client :6 | Local Epoch : 0 | [64/777 (8%)]	Loss1: 5.838831 Loss2: 0.000063 
| Global Round : 27 | Client :6 | Local Epoch : 0 | [704/777 (92%)]	Loss1: 5.838567 Loss2: 0.000055 
| Global Round : 27 | Client :6 | Local Epoch : 1 | [64/777 (8%)]	Loss1: 5.839137 Loss2: 0.000059 
| Global Round : 27 | Client :6 | Local Epoch : 1 | [704/777 (92%)]	Loss1: 5.838717 Loss2: 0.000054 
| Global Round : 27 | Client :6 | Local Epoch : 2 | [64/777 (8%)]	Loss1: 5.838793 Loss2: 0.000056 
| Global Round : 27 | Client :6 | Local Epoch : 2 | [704/777 (92%)]	Loss1: 5.838469 Loss2: 0.000056 
| Global Round : 27 | Client :6 | Local Epoch : 3 | [64/777 (8%)]	Loss1: 5.838562 Loss2: 0.000053 
| Global Round : 27 | Client :6 | Local Epoch : 3 | [704/777 (92%)]	Loss1: 5.838447 Loss2: 0.000055 
| Global Round : 27 | Client :6 | Local Epoch : 4 | [64/777 (8%)]	Loss1: 5.838300 Loss2: 0.000054 
| Global Round : 27 | Client :6 | Local Epoch : 4 | [704/777 (92%)]	Loss1: 5.838270 Loss2: 0.000060 
| Global Round : 27 | Client :7 | Local Epoch : 0 | [64/590 (11%)]	Loss1: 5.839014 Loss2: 0.000049 
| Global Round : 27 | Client :7 | Local Epoch : 1 | [64/590 (11%)]	Loss1: 5.840238 Loss2: 0.000046 
| Global Round : 27 | Client :7 | Local Epoch : 2 | [64/590 (11%)]	Loss1: 5.838343 Loss2: 0.000051 
| Global Round : 27 | Client :7 | Local Epoch : 3 | [64/590 (11%)]	Loss1: 5.838818 Loss2: 0.000048 
| Global Round : 27 | Client :7 | Local Epoch : 4 | [64/590 (11%)]	Loss1: 5.839063 Loss2: 0.000049 
| Global Round : 27 | Client :8 | Local Epoch : 0 | [64/612 (11%)]	Loss1: 5.837930 Loss2: 0.000053 
| Global Round : 27 | Client :8 | Local Epoch : 1 | [64/612 (11%)]	Loss1: 5.838091 Loss2: 0.000058 
| Global Round : 27 | Client :8 | Local Epoch : 2 | [64/612 (11%)]	Loss1: 5.838029 Loss2: 0.000056 
| Global Round : 27 | Client :8 | Local Epoch : 3 | [64/612 (11%)]	Loss1: 5.837923 Loss2: 0.000051 
| Global Round : 27 | Client :8 | Local Epoch : 4 | [64/612 (11%)]	Loss1: 5.837961 Loss2: 0.000055 
| Global Round : 27 | Client :9 | Local Epoch : 0 | [64/305 (25%)]	Loss1: 5.839451 Loss2: 0.000037 
| Global Round : 27 | Client :9 | Local Epoch : 1 | [64/305 (25%)]	Loss1: 5.838888 Loss2: 0.000031 
| Global Round : 27 | Client :9 | Local Epoch : 2 | [64/305 (25%)]	Loss1: 5.838464 Loss2: 0.000041 
| Global Round : 27 | Client :9 | Local Epoch : 3 | [64/305 (25%)]	Loss1: 5.838804 Loss2: 0.000041 
| Global Round : 27 | Client :9 | Local Epoch : 4 | [64/305 (25%)]	Loss1: 5.839232 Loss2: 0.000037 
average loss:   5.837735329961019
average local test accuracy: 0.938671875
average global test accuracy:  0.30898437500000003

 | Global Training Round : 28 |

xi_k [0.46364087 0.46774869 0.4944504  0.51518581 0.53044214 0.53164206
 0.52630393 0.51982742 0.50110772 0.44700256]
max_exp: -1.0
coe: 10
Regulation [0.8 0.8 0.8 0.8 0.8 0.8 0.8 0.8 0.8 0.8]
Solver status: optimal_inaccurate
b_new: [1. 1. 1. 1. 1. 1. 1. 1. 1. 1.]
Iter 0: obj=49.5735, best_obj=49.5735, ||b_new-b_prev||₂=2.846050
xi_k [0.46364087 0.46774869 0.4944504  0.51518581 0.53044214 0.53164206
 0.52630393 0.51982742 0.50110772 0.44700256]
max_exp: -1.0
coe: 10
Regulation [-1. -1. -1. -1. -1. -1. -1. -1. -1. -1.]
Solver status: optimal_inaccurate
b_new: [1. 1. 1. 1. 1. 1. 1. 1. 1. 1.]
Iter 1: obj=50.4735, best_obj=50.4735, ||b_new-b_prev||₂=0.000000
Converged.
Final b: [1. 1. 1. 1. 1. 1. 1. 1. 1. 1.]
<class 'numpy.ndarray'>
b_float: [1. 1. 1. 1. 1. 1. 1. 1. 1. 1.]
b: [1 1 1 1 1 1 1 1 1 1]
active_clients:  [0, 1, 2, 3, 4, 5, 6, 7, 8, 9]
Client 0's s_k are:[0 1 1 1 1 1 1 1 1 1]
Client 1's s_k are:[1 0 1 1 1 1 1 1 1 1]
Client 2's s_k are:[1 1 0 1 1 1 1 1 1 1]
Client 3's s_k are:[1 1 1 0 1 1 1 1 1 1]
Client 4's s_k are:[1 1 1 1 0 1 1 1 1 1]
Client 5's s_k are:[1 1 1 1 1 0 1 1 1 1]
Client 6's s_k are:[1 1 1 1 1 1 0 1 1 1]
Client 7's s_k are:[1 1 1 1 1 1 1 0 1 1]
Client 8's s_k are:[1 1 1 1 1 1 1 1 0 1]
Client 9's s_k are:[1 1 1 1 1 1 1 1 1 0]
| Global Round : 28 | Client :0 | Local Epoch : 0 | [64/294 (25%)]	Loss1: 5.838453 Loss2: 0.000054 
| Global Round : 28 | Client :0 | Local Epoch : 1 | [64/294 (25%)]	Loss1: 5.838233 Loss2: 0.000044 
| Global Round : 28 | Client :0 | Local Epoch : 2 | [64/294 (25%)]	Loss1: 5.838389 Loss2: 0.000042 
| Global Round : 28 | Client :0 | Local Epoch : 3 | [64/294 (25%)]	Loss1: 5.838237 Loss2: 0.000046 
| Global Round : 28 | Client :0 | Local Epoch : 4 | [64/294 (25%)]	Loss1: 5.838023 Loss2: 0.000045 
| Global Round : 28 | Client :1 | Local Epoch : 0 | [64/510 (14%)]	Loss1: 5.838658 Loss2: 0.000074 
| Global Round : 28 | Client :1 | Local Epoch : 1 | [64/510 (14%)]	Loss1: 5.839531 Loss2: 0.000060 
| Global Round : 28 | Client :1 | Local Epoch : 2 | [64/510 (14%)]	Loss1: 5.838218 Loss2: 0.000058 
| Global Round : 28 | Client :1 | Local Epoch : 3 | [64/510 (14%)]	Loss1: 5.838136 Loss2: 0.000062 
| Global Round : 28 | Client :1 | Local Epoch : 4 | [64/510 (14%)]	Loss1: 5.838783 Loss2: 0.000064 
| Global Round : 28 | Client :2 | Local Epoch : 0 | [64/827 (8%)]	Loss1: 5.838571 Loss2: 0.000049 
| Global Round : 28 | Client :2 | Local Epoch : 0 | [704/827 (92%)]	Loss1: 5.838196 Loss2: 0.000051 
| Global Round : 28 | Client :2 | Local Epoch : 1 | [64/827 (8%)]	Loss1: 5.838304 Loss2: 0.000045 
| Global Round : 28 | Client :2 | Local Epoch : 1 | [704/827 (92%)]	Loss1: 5.838529 Loss2: 0.000049 
| Global Round : 28 | Client :2 | Local Epoch : 2 | [64/827 (8%)]	Loss1: 5.838469 Loss2: 0.000049 
| Global Round : 28 | Client :2 | Local Epoch : 2 | [704/827 (92%)]	Loss1: 5.839166 Loss2: 0.000052 
| Global Round : 28 | Client :2 | Local Epoch : 3 | [64/827 (8%)]	Loss1: 5.839499 Loss2: 0.000051 
| Global Round : 28 | Client :2 | Local Epoch : 3 | [704/827 (92%)]	Loss1: 5.838862 Loss2: 0.000052 
| Global Round : 28 | Client :2 | Local Epoch : 4 | [64/827 (8%)]	Loss1: 5.838639 Loss2: 0.000049 
| Global Round : 28 | Client :2 | Local Epoch : 4 | [704/827 (92%)]	Loss1: 5.838285 Loss2: 0.000048 
| Global Round : 28 | Client :3 | Local Epoch : 0 | [64/926 (7%)]	Loss1: 5.837743 Loss2: 0.000060 
| Global Round : 28 | Client :3 | Local Epoch : 0 | [704/926 (79%)]	Loss1: 5.838049 Loss2: 0.000068 
| Global Round : 28 | Client :3 | Local Epoch : 1 | [64/926 (7%)]	Loss1: 5.838012 Loss2: 0.000068 
| Global Round : 28 | Client :3 | Local Epoch : 1 | [704/926 (79%)]	Loss1: 5.838377 Loss2: 0.000062 
| Global Round : 28 | Client :3 | Local Epoch : 2 | [64/926 (7%)]	Loss1: 5.838189 Loss2: 0.000062 
| Global Round : 28 | Client :3 | Local Epoch : 2 | [704/926 (79%)]	Loss1: 5.838331 Loss2: 0.000060 
| Global Round : 28 | Client :3 | Local Epoch : 3 | [64/926 (7%)]	Loss1: 5.838374 Loss2: 0.000062 
| Global Round : 28 | Client :3 | Local Epoch : 3 | [704/926 (79%)]	Loss1: 5.838356 Loss2: 0.000062 
| Global Round : 28 | Client :3 | Local Epoch : 4 | [64/926 (7%)]	Loss1: 5.837979 Loss2: 0.000059 
| Global Round : 28 | Client :3 | Local Epoch : 4 | [704/926 (79%)]	Loss1: 5.838132 Loss2: 0.000060 
| Global Round : 28 | Client :4 | Local Epoch : 0 | [64/514 (12%)]	Loss1: 5.839814 Loss2: 0.000031 
| Global Round : 28 | Client :4 | Local Epoch : 1 | [64/514 (12%)]	Loss1: 5.839572 Loss2: 0.000032 
| Global Round : 28 | Client :4 | Local Epoch : 2 | [64/514 (12%)]	Loss1: 5.840167 Loss2: 0.000031 
| Global Round : 28 | Client :4 | Local Epoch : 3 | [64/514 (12%)]	Loss1: 5.839408 Loss2: 0.000034 
| Global Round : 28 | Client :4 | Local Epoch : 4 | [64/514 (12%)]	Loss1: 5.839435 Loss2: 0.000036 
| Global Round : 28 | Client :5 | Local Epoch : 0 | [64/641 (10%)]	Loss1: 5.838111 Loss2: 0.000058 
| Global Round : 28 | Client :5 | Local Epoch : 1 | [64/641 (10%)]	Loss1: 5.837601 Loss2: 0.000063 
| Global Round : 28 | Client :5 | Local Epoch : 2 | [64/641 (10%)]	Loss1: 5.838079 Loss2: 0.000062 
| Global Round : 28 | Client :5 | Local Epoch : 3 | [64/641 (10%)]	Loss1: 5.837532 Loss2: 0.000061 
| Global Round : 28 | Client :5 | Local Epoch : 4 | [64/641 (10%)]	Loss1: 5.837659 Loss2: 0.000063 
| Global Round : 28 | Client :6 | Local Epoch : 0 | [64/777 (8%)]	Loss1: 5.838903 Loss2: 0.000055 
| Global Round : 28 | Client :6 | Local Epoch : 0 | [704/777 (92%)]	Loss1: 5.839246 Loss2: 0.000062 
| Global Round : 28 | Client :6 | Local Epoch : 1 | [64/777 (8%)]	Loss1: 5.838471 Loss2: 0.000056 
| Global Round : 28 | Client :6 | Local Epoch : 1 | [704/777 (92%)]	Loss1: 5.838453 Loss2: 0.000055 
| Global Round : 28 | Client :6 | Local Epoch : 2 | [64/777 (8%)]	Loss1: 5.838353 Loss2: 0.000054 
| Global Round : 28 | Client :6 | Local Epoch : 2 | [704/777 (92%)]	Loss1: 5.839210 Loss2: 0.000053 
| Global Round : 28 | Client :6 | Local Epoch : 3 | [64/777 (8%)]	Loss1: 5.838349 Loss2: 0.000059 
| Global Round : 28 | Client :6 | Local Epoch : 3 | [704/777 (92%)]	Loss1: 5.839621 Loss2: 0.000058 
| Global Round : 28 | Client :6 | Local Epoch : 4 | [64/777 (8%)]	Loss1: 5.839182 Loss2: 0.000054 
| Global Round : 28 | Client :6 | Local Epoch : 4 | [704/777 (92%)]	Loss1: 5.838295 Loss2: 0.000054 
| Global Round : 28 | Client :7 | Local Epoch : 0 | [64/590 (11%)]	Loss1: 5.838243 Loss2: 0.000045 
| Global Round : 28 | Client :7 | Local Epoch : 1 | [64/590 (11%)]	Loss1: 5.838573 Loss2: 0.000047 
| Global Round : 28 | Client :7 | Local Epoch : 2 | [64/590 (11%)]	Loss1: 5.838356 Loss2: 0.000048 
| Global Round : 28 | Client :7 | Local Epoch : 3 | [64/590 (11%)]	Loss1: 5.838655 Loss2: 0.000048 
| Global Round : 28 | Client :7 | Local Epoch : 4 | [64/590 (11%)]	Loss1: 5.839411 Loss2: 0.000050 
| Global Round : 28 | Client :8 | Local Epoch : 0 | [64/612 (11%)]	Loss1: 5.837984 Loss2: 0.000054 
| Global Round : 28 | Client :8 | Local Epoch : 1 | [64/612 (11%)]	Loss1: 5.838314 Loss2: 0.000055 
| Global Round : 28 | Client :8 | Local Epoch : 2 | [64/612 (11%)]	Loss1: 5.838532 Loss2: 0.000053 
| Global Round : 28 | Client :8 | Local Epoch : 3 | [64/612 (11%)]	Loss1: 5.838142 Loss2: 0.000053 
| Global Round : 28 | Client :8 | Local Epoch : 4 | [64/612 (11%)]	Loss1: 5.838086 Loss2: 0.000053 
| Global Round : 28 | Client :9 | Local Epoch : 0 | [64/305 (25%)]	Loss1: 5.838435 Loss2: 0.000043 
| Global Round : 28 | Client :9 | Local Epoch : 1 | [64/305 (25%)]	Loss1: 5.838748 Loss2: 0.000039 
| Global Round : 28 | Client :9 | Local Epoch : 2 | [64/305 (25%)]	Loss1: 5.839734 Loss2: 0.000038 
| Global Round : 28 | Client :9 | Local Epoch : 3 | [64/305 (25%)]	Loss1: 5.838284 Loss2: 0.000039 
| Global Round : 28 | Client :9 | Local Epoch : 4 | [64/305 (25%)]	Loss1: 5.838847 Loss2: 0.000039 
average loss:   5.837774383946071
average local test accuracy: 0.93203125
average global test accuracy:  0.3279947916666667

 | Global Training Round : 29 |

xi_k [0.46363555 0.46774881 0.49446479 0.51518596 0.53044756 0.53163611
 0.52632887 0.51983501 0.50110223 0.44700649]
max_exp: -1.0
coe: 10
Regulation [0.8 0.8 0.8 0.8 0.8 0.8 0.8 0.8 0.8 0.8]
Solver status: optimal_inaccurate
b_new: [1. 1. 1. 1. 1. 1. 1. 1. 1. 1.]
Iter 0: obj=49.5739, best_obj=49.5739, ||b_new-b_prev||₂=2.846050
xi_k [0.46363555 0.46774881 0.49446479 0.51518596 0.53044756 0.53163611
 0.52632887 0.51983501 0.50110223 0.44700649]
max_exp: -1.0
coe: 10
Regulation [-1. -1. -1. -1. -1. -1. -1. -1. -1. -1.]
Solver status: optimal_inaccurate
b_new: [1. 1. 1. 1. 1. 1. 1. 1. 1. 1.]
Iter 1: obj=50.4739, best_obj=50.4739, ||b_new-b_prev||₂=0.000000
Converged.
Final b: [1. 1. 1. 1. 1. 1. 1. 1. 1. 1.]
<class 'numpy.ndarray'>
b_float: [1. 1. 1. 1. 1. 1. 1. 1. 1. 1.]
b: [1 1 1 1 1 1 1 1 1 1]
active_clients:  [0, 1, 2, 3, 4, 5, 6, 7, 8, 9]
Client 0's s_k are:[0 1 1 1 1 1 1 1 1 1]
Client 1's s_k are:[1 0 1 1 1 1 1 1 1 1]
Client 2's s_k are:[1 1 0 1 1 1 1 1 1 1]
Client 3's s_k are:[1 1 1 0 1 1 1 1 1 1]
Client 4's s_k are:[1 1 1 1 0 1 1 1 1 1]
Client 5's s_k are:[1 1 1 1 1 0 1 1 1 1]
Client 6's s_k are:[1 1 1 1 1 1 0 1 1 1]
Client 7's s_k are:[1 1 1 1 1 1 1 0 1 1]
Client 8's s_k are:[1 1 1 1 1 1 1 1 0 1]
Client 9's s_k are:[1 1 1 1 1 1 1 1 1 0]
| Global Round : 29 | Client :0 | Local Epoch : 0 | [64/294 (25%)]	Loss1: 5.838256 Loss2: 0.000045 
| Global Round : 29 | Client :0 | Local Epoch : 1 | [64/294 (25%)]	Loss1: 5.838289 Loss2: 0.000044 
| Global Round : 29 | Client :0 | Local Epoch : 2 | [64/294 (25%)]	Loss1: 5.838871 Loss2: 0.000042 
| Global Round : 29 | Client :0 | Local Epoch : 3 | [64/294 (25%)]	Loss1: 5.838332 Loss2: 0.000046 
| Global Round : 29 | Client :0 | Local Epoch : 4 | [64/294 (25%)]	Loss1: 5.838237 Loss2: 0.000044 
| Global Round : 29 | Client :1 | Local Epoch : 0 | [64/510 (14%)]	Loss1: 5.837608 Loss2: 0.000066 
| Global Round : 29 | Client :1 | Local Epoch : 1 | [64/510 (14%)]	Loss1: 5.838063 Loss2: 0.000055 
| Global Round : 29 | Client :1 | Local Epoch : 2 | [64/510 (14%)]	Loss1: 5.837888 Loss2: 0.000062 
| Global Round : 29 | Client :1 | Local Epoch : 3 | [64/510 (14%)]	Loss1: 5.838427 Loss2: 0.000068 
| Global Round : 29 | Client :1 | Local Epoch : 4 | [64/510 (14%)]	Loss1: 5.838493 Loss2: 0.000065 
| Global Round : 29 | Client :2 | Local Epoch : 0 | [64/827 (8%)]	Loss1: 5.838655 Loss2: 0.000056 
| Global Round : 29 | Client :2 | Local Epoch : 0 | [704/827 (92%)]	Loss1: 5.838422 Loss2: 0.000047 
| Global Round : 29 | Client :2 | Local Epoch : 1 | [64/827 (8%)]	Loss1: 5.838649 Loss2: 0.000047 
| Global Round : 29 | Client :2 | Local Epoch : 1 | [704/827 (92%)]	Loss1: 5.838170 Loss2: 0.000049 
| Global Round : 29 | Client :2 | Local Epoch : 2 | [64/827 (8%)]	Loss1: 5.838643 Loss2: 0.000050 
| Global Round : 29 | Client :2 | Local Epoch : 2 | [704/827 (92%)]	Loss1: 5.838967 Loss2: 0.000049 
| Global Round : 29 | Client :2 | Local Epoch : 3 | [64/827 (8%)]	Loss1: 5.838367 Loss2: 0.000050 
| Global Round : 29 | Client :2 | Local Epoch : 3 | [704/827 (92%)]	Loss1: 5.839262 Loss2: 0.000053 
| Global Round : 29 | Client :2 | Local Epoch : 4 | [64/827 (8%)]	Loss1: 5.838772 Loss2: 0.000051 
| Global Round : 29 | Client :2 | Local Epoch : 4 | [704/827 (92%)]	Loss1: 5.838218 Loss2: 0.000058 
| Global Round : 29 | Client :3 | Local Epoch : 0 | [64/926 (7%)]	Loss1: 5.838183 Loss2: 0.000067 
| Global Round : 29 | Client :3 | Local Epoch : 0 | [704/926 (79%)]	Loss1: 5.838695 Loss2: 0.000061 
| Global Round : 29 | Client :3 | Local Epoch : 1 | [64/926 (7%)]	Loss1: 5.838262 Loss2: 0.000059 
| Global Round : 29 | Client :3 | Local Epoch : 1 | [704/926 (79%)]	Loss1: 5.838478 Loss2: 0.000057 
| Global Round : 29 | Client :3 | Local Epoch : 2 | [64/926 (7%)]	Loss1: 5.838672 Loss2: 0.000063 
| Global Round : 29 | Client :3 | Local Epoch : 2 | [704/926 (79%)]	Loss1: 5.838236 Loss2: 0.000058 
| Global Round : 29 | Client :3 | Local Epoch : 3 | [64/926 (7%)]	Loss1: 5.837994 Loss2: 0.000065 
| Global Round : 29 | Client :3 | Local Epoch : 3 | [704/926 (79%)]	Loss1: 5.838272 Loss2: 0.000061 
| Global Round : 29 | Client :3 | Local Epoch : 4 | [64/926 (7%)]	Loss1: 5.837750 Loss2: 0.000066 
| Global Round : 29 | Client :3 | Local Epoch : 4 | [704/926 (79%)]	Loss1: 5.837816 Loss2: 0.000060 
| Global Round : 29 | Client :4 | Local Epoch : 0 | [64/514 (12%)]	Loss1: 5.839124 Loss2: 0.000039 
| Global Round : 29 | Client :4 | Local Epoch : 1 | [64/514 (12%)]	Loss1: 5.839712 Loss2: 0.000035 
| Global Round : 29 | Client :4 | Local Epoch : 2 | [64/514 (12%)]	Loss1: 5.838991 Loss2: 0.000034 
| Global Round : 29 | Client :4 | Local Epoch : 3 | [64/514 (12%)]	Loss1: 5.839519 Loss2: 0.000031 
| Global Round : 29 | Client :4 | Local Epoch : 4 | [64/514 (12%)]	Loss1: 5.839298 Loss2: 0.000030 
| Global Round : 29 | Client :5 | Local Epoch : 0 | [64/641 (10%)]	Loss1: 5.838134 Loss2: 0.000060 
| Global Round : 29 | Client :5 | Local Epoch : 1 | [64/641 (10%)]	Loss1: 5.838449 Loss2: 0.000059 
| Global Round : 29 | Client :5 | Local Epoch : 2 | [64/641 (10%)]	Loss1: 5.838913 Loss2: 0.000063 
| Global Round : 29 | Client :5 | Local Epoch : 3 | [64/641 (10%)]	Loss1: 5.837752 Loss2: 0.000063 
| Global Round : 29 | Client :5 | Local Epoch : 4 | [64/641 (10%)]	Loss1: 5.837841 Loss2: 0.000062 
| Global Round : 29 | Client :6 | Local Epoch : 0 | [64/777 (8%)]	Loss1: 5.838812 Loss2: 0.000056 
| Global Round : 29 | Client :6 | Local Epoch : 0 | [704/777 (92%)]	Loss1: 5.839540 Loss2: 0.000056 
| Global Round : 29 | Client :6 | Local Epoch : 1 | [64/777 (8%)]	Loss1: 5.838673 Loss2: 0.000054 
| Global Round : 29 | Client :6 | Local Epoch : 1 | [704/777 (92%)]	Loss1: 5.838236 Loss2: 0.000057 
| Global Round : 29 | Client :6 | Local Epoch : 2 | [64/777 (8%)]	Loss1: 5.838227 Loss2: 0.000061 
| Global Round : 29 | Client :6 | Local Epoch : 2 | [704/777 (92%)]	Loss1: 5.838325 Loss2: 0.000057 
| Global Round : 29 | Client :6 | Local Epoch : 3 | [64/777 (8%)]	Loss1: 5.839288 Loss2: 0.000059 
| Global Round : 29 | Client :6 | Local Epoch : 3 | [704/777 (92%)]	Loss1: 5.838239 Loss2: 0.000056 
| Global Round : 29 | Client :6 | Local Epoch : 4 | [64/777 (8%)]	Loss1: 5.838489 Loss2: 0.000053 
| Global Round : 29 | Client :6 | Local Epoch : 4 | [704/777 (92%)]	Loss1: 5.838185 Loss2: 0.000052 
| Global Round : 29 | Client :7 | Local Epoch : 0 | [64/590 (11%)]	Loss1: 5.838346 Loss2: 0.000046 
| Global Round : 29 | Client :7 | Local Epoch : 1 | [64/590 (11%)]	Loss1: 5.838554 Loss2: 0.000051 
| Global Round : 29 | Client :7 | Local Epoch : 2 | [64/590 (11%)]	Loss1: 5.838358 Loss2: 0.000048 
| Global Round : 29 | Client :7 | Local Epoch : 3 | [64/590 (11%)]	Loss1: 5.839309 Loss2: 0.000048 
| Global Round : 29 | Client :7 | Local Epoch : 4 | [64/590 (11%)]	Loss1: 5.838059 Loss2: 0.000046 
| Global Round : 29 | Client :8 | Local Epoch : 0 | [64/612 (11%)]	Loss1: 5.837884 Loss2: 0.000054 
| Global Round : 29 | Client :8 | Local Epoch : 1 | [64/612 (11%)]	Loss1: 5.838182 Loss2: 0.000056 
| Global Round : 29 | Client :8 | Local Epoch : 2 | [64/612 (11%)]	Loss1: 5.837963 Loss2: 0.000054 
| Global Round : 29 | Client :8 | Local Epoch : 3 | [64/612 (11%)]	Loss1: 5.837874 Loss2: 0.000050 
| Global Round : 29 | Client :8 | Local Epoch : 4 | [64/612 (11%)]	Loss1: 5.837997 Loss2: 0.000054 
| Global Round : 29 | Client :9 | Local Epoch : 0 | [64/305 (25%)]	Loss1: 5.839849 Loss2: 0.000034 
| Global Round : 29 | Client :9 | Local Epoch : 1 | [64/305 (25%)]	Loss1: 5.838596 Loss2: 0.000034 
| Global Round : 29 | Client :9 | Local Epoch : 2 | [64/305 (25%)]	Loss1: 5.840141 Loss2: 0.000039 
| Global Round : 29 | Client :9 | Local Epoch : 3 | [64/305 (25%)]	Loss1: 5.839207 Loss2: 0.000038 
| Global Round : 29 | Client :9 | Local Epoch : 4 | [64/305 (25%)]	Loss1: 5.839314 Loss2: 0.000037 
average loss:   5.837762885774884
average local test accuracy: 0.93515625
average global test accuracy:  0.27838541666666666

 | Global Training Round : 30 |

xi_k [0.46363985 0.46774402 0.49444871 0.515181   0.53043777 0.53162438
 0.52630905 0.51982821 0.50110563 0.44700738]
max_exp: -1.0
coe: 10
Regulation [0.8 0.8 0.8 0.8 0.8 0.8 0.8 0.8 0.8 0.8]
Solver status: optimal_inaccurate
b_new: [1. 1. 1. 1. 1. 1. 1. 1. 1. 1.]
Iter 0: obj=49.5733, best_obj=49.5733, ||b_new-b_prev||₂=2.846050
xi_k [0.46363985 0.46774402 0.49444871 0.515181   0.53043777 0.53162438
 0.52630905 0.51982821 0.50110563 0.44700738]
max_exp: -1.0
coe: 10
Regulation [-1. -1. -1. -1. -1. -1. -1. -1. -1. -1.]
Solver status: optimal_inaccurate
b_new: [1. 1. 1. 1. 1. 1. 1. 1. 1. 1.]
Iter 1: obj=50.4733, best_obj=50.4733, ||b_new-b_prev||₂=0.000000
Converged.
Final b: [1. 1. 1. 1. 1. 1. 1. 1. 1. 1.]
<class 'numpy.ndarray'>
b_float: [1. 1. 1. 1. 1. 1. 1. 1. 1. 1.]
b: [1 1 1 1 1 1 1 1 1 1]
active_clients:  [0, 1, 2, 3, 4, 5, 6, 7, 8, 9]
Client 0's s_k are:[0 1 1 1 1 1 1 1 1 1]
Client 1's s_k are:[1 0 1 1 1 1 1 1 1 1]
Client 2's s_k are:[1 1 0 1 1 1 1 1 1 1]
Client 3's s_k are:[1 1 1 0 1 1 1 1 1 1]
Client 4's s_k are:[1 1 1 1 0 1 1 1 1 1]
Client 5's s_k are:[1 1 1 1 1 0 1 1 1 1]
Client 6's s_k are:[1 1 1 1 1 1 0 1 1 1]
Client 7's s_k are:[1 1 1 1 1 1 1 0 1 1]
Client 8's s_k are:[1 1 1 1 1 1 1 1 0 1]
Client 9's s_k are:[1 1 1 1 1 1 1 1 1 0]
| Global Round : 30 | Client :0 | Local Epoch : 0 | [64/294 (25%)]	Loss1: 5.838176 Loss2: 0.000044 
| Global Round : 30 | Client :0 | Local Epoch : 1 | [64/294 (25%)]	Loss1: 5.838069 Loss2: 0.000050 
| Global Round : 30 | Client :0 | Local Epoch : 2 | [64/294 (25%)]	Loss1: 5.839070 Loss2: 0.000048 
| Global Round : 30 | Client :0 | Local Epoch : 3 | [64/294 (25%)]	Loss1: 5.838220 Loss2: 0.000044 
| Global Round : 30 | Client :0 | Local Epoch : 4 | [64/294 (25%)]	Loss1: 5.839210 Loss2: 0.000047 
| Global Round : 30 | Client :1 | Local Epoch : 0 | [64/510 (14%)]	Loss1: 5.838382 Loss2: 0.000061 
| Global Round : 30 | Client :1 | Local Epoch : 1 | [64/510 (14%)]	Loss1: 5.838888 Loss2: 0.000055 
| Global Round : 30 | Client :1 | Local Epoch : 2 | [64/510 (14%)]	Loss1: 5.837886 Loss2: 0.000068 
| Global Round : 30 | Client :1 | Local Epoch : 3 | [64/510 (14%)]	Loss1: 5.837585 Loss2: 0.000067 
| Global Round : 30 | Client :1 | Local Epoch : 4 | [64/510 (14%)]	Loss1: 5.838220 Loss2: 0.000067 
| Global Round : 30 | Client :2 | Local Epoch : 0 | [64/827 (8%)]	Loss1: 5.838492 Loss2: 0.000047 
| Global Round : 30 | Client :2 | Local Epoch : 0 | [704/827 (92%)]	Loss1: 5.838396 Loss2: 0.000056 
| Global Round : 30 | Client :2 | Local Epoch : 1 | [64/827 (8%)]	Loss1: 5.838230 Loss2: 0.000050 
| Global Round : 30 | Client :2 | Local Epoch : 1 | [704/827 (92%)]	Loss1: 5.838641 Loss2: 0.000052 
| Global Round : 30 | Client :2 | Local Epoch : 2 | [64/827 (8%)]	Loss1: 5.838187 Loss2: 0.000043 
| Global Round : 30 | Client :2 | Local Epoch : 2 | [704/827 (92%)]	Loss1: 5.838153 Loss2: 0.000050 
| Global Round : 30 | Client :2 | Local Epoch : 3 | [64/827 (8%)]	Loss1: 5.839046 Loss2: 0.000049 
| Global Round : 30 | Client :2 | Local Epoch : 3 | [704/827 (92%)]	Loss1: 5.838079 Loss2: 0.000054 
| Global Round : 30 | Client :2 | Local Epoch : 4 | [64/827 (8%)]	Loss1: 5.838422 Loss2: 0.000047 
| Global Round : 30 | Client :2 | Local Epoch : 4 | [704/827 (92%)]	Loss1: 5.838630 Loss2: 0.000055 
| Global Round : 30 | Client :3 | Local Epoch : 0 | [64/926 (7%)]	Loss1: 5.838094 Loss2: 0.000064 
| Global Round : 30 | Client :3 | Local Epoch : 0 | [704/926 (79%)]	Loss1: 5.838376 Loss2: 0.000062 
| Global Round : 30 | Client :3 | Local Epoch : 1 | [64/926 (7%)]	Loss1: 5.838311 Loss2: 0.000057 
| Global Round : 30 | Client :3 | Local Epoch : 1 | [704/926 (79%)]	Loss1: 5.838233 Loss2: 0.000062 
| Global Round : 30 | Client :3 | Local Epoch : 2 | [64/926 (7%)]	Loss1: 5.838122 Loss2: 0.000067 
| Global Round : 30 | Client :3 | Local Epoch : 2 | [704/926 (79%)]	Loss1: 5.837823 Loss2: 0.000059 
| Global Round : 30 | Client :3 | Local Epoch : 3 | [64/926 (7%)]	Loss1: 5.838062 Loss2: 0.000059 
| Global Round : 30 | Client :3 | Local Epoch : 3 | [704/926 (79%)]	Loss1: 5.838449 Loss2: 0.000060 
| Global Round : 30 | Client :3 | Local Epoch : 4 | [64/926 (7%)]	Loss1: 5.838107 Loss2: 0.000067 
| Global Round : 30 | Client :3 | Local Epoch : 4 | [704/926 (79%)]	Loss1: 5.838010 Loss2: 0.000059 
| Global Round : 30 | Client :4 | Local Epoch : 0 | [64/514 (12%)]	Loss1: 5.839101 Loss2: 0.000029 
| Global Round : 30 | Client :4 | Local Epoch : 1 | [64/514 (12%)]	Loss1: 5.840047 Loss2: 0.000034 
| Global Round : 30 | Client :4 | Local Epoch : 2 | [64/514 (12%)]	Loss1: 5.839013 Loss2: 0.000036 
| Global Round : 30 | Client :4 | Local Epoch : 3 | [64/514 (12%)]	Loss1: 5.840200 Loss2: 0.000032 
| Global Round : 30 | Client :4 | Local Epoch : 4 | [64/514 (12%)]	Loss1: 5.838711 Loss2: 0.000038 
| Global Round : 30 | Client :5 | Local Epoch : 0 | [64/641 (10%)]	Loss1: 5.838422 Loss2: 0.000060 
| Global Round : 30 | Client :5 | Local Epoch : 1 | [64/641 (10%)]	Loss1: 5.837770 Loss2: 0.000061 
| Global Round : 30 | Client :5 | Local Epoch : 2 | [64/641 (10%)]	Loss1: 5.838274 Loss2: 0.000062 
| Global Round : 30 | Client :5 | Local Epoch : 3 | [64/641 (10%)]	Loss1: 5.837718 Loss2: 0.000059 
| Global Round : 30 | Client :5 | Local Epoch : 4 | [64/641 (10%)]	Loss1: 5.837637 Loss2: 0.000065 
| Global Round : 30 | Client :6 | Local Epoch : 0 | [64/777 (8%)]	Loss1: 5.837988 Loss2: 0.000052 
| Global Round : 30 | Client :6 | Local Epoch : 0 | [704/777 (92%)]	Loss1: 5.838953 Loss2: 0.000061 
| Global Round : 30 | Client :6 | Local Epoch : 1 | [64/777 (8%)]	Loss1: 5.838113 Loss2: 0.000056 
| Global Round : 30 | Client :6 | Local Epoch : 1 | [704/777 (92%)]	Loss1: 5.838262 Loss2: 0.000058 
| Global Round : 30 | Client :6 | Local Epoch : 2 | [64/777 (8%)]	Loss1: 5.839006 Loss2: 0.000060 
| Global Round : 30 | Client :6 | Local Epoch : 2 | [704/777 (92%)]	Loss1: 5.838482 Loss2: 0.000054 
| Global Round : 30 | Client :6 | Local Epoch : 3 | [64/777 (8%)]	Loss1: 5.838011 Loss2: 0.000053 
| Global Round : 30 | Client :6 | Local Epoch : 3 | [704/777 (92%)]	Loss1: 5.838975 Loss2: 0.000052 
| Global Round : 30 | Client :6 | Local Epoch : 4 | [64/777 (8%)]	Loss1: 5.838700 Loss2: 0.000058 
| Global Round : 30 | Client :6 | Local Epoch : 4 | [704/777 (92%)]	Loss1: 5.838158 Loss2: 0.000051 
| Global Round : 30 | Client :7 | Local Epoch : 0 | [64/590 (11%)]	Loss1: 5.838367 Loss2: 0.000048 
| Global Round : 30 | Client :7 | Local Epoch : 1 | [64/590 (11%)]	Loss1: 5.838211 Loss2: 0.000049 
| Global Round : 30 | Client :7 | Local Epoch : 2 | [64/590 (11%)]	Loss1: 5.837916 Loss2: 0.000051 
| Global Round : 30 | Client :7 | Local Epoch : 3 | [64/590 (11%)]	Loss1: 5.839396 Loss2: 0.000049 
| Global Round : 30 | Client :7 | Local Epoch : 4 | [64/590 (11%)]	Loss1: 5.838573 Loss2: 0.000052 
| Global Round : 30 | Client :8 | Local Epoch : 0 | [64/612 (11%)]	Loss1: 5.837903 Loss2: 0.000052 
| Global Round : 30 | Client :8 | Local Epoch : 1 | [64/612 (11%)]	Loss1: 5.837972 Loss2: 0.000056 
| Global Round : 30 | Client :8 | Local Epoch : 2 | [64/612 (11%)]	Loss1: 5.838048 Loss2: 0.000057 
| Global Round : 30 | Client :8 | Local Epoch : 3 | [64/612 (11%)]	Loss1: 5.837960 Loss2: 0.000049 
| Global Round : 30 | Client :8 | Local Epoch : 4 | [64/612 (11%)]	Loss1: 5.838083 Loss2: 0.000056 
| Global Round : 30 | Client :9 | Local Epoch : 0 | [64/305 (25%)]	Loss1: 5.838785 Loss2: 0.000040 
| Global Round : 30 | Client :9 | Local Epoch : 1 | [64/305 (25%)]	Loss1: 5.838068 Loss2: 0.000036 
| Global Round : 30 | Client :9 | Local Epoch : 2 | [64/305 (25%)]	Loss1: 5.839633 Loss2: 0.000040 
| Global Round : 30 | Client :9 | Local Epoch : 3 | [64/305 (25%)]	Loss1: 5.838703 Loss2: 0.000038 
| Global Round : 30 | Client :9 | Local Epoch : 4 | [64/305 (25%)]	Loss1: 5.839820 Loss2: 0.000035 
average loss:   5.837759584226307
average local test accuracy: 0.9268229166666668
average global test accuracy:  0.2927083333333333

 | Global Training Round : 31 |

xi_k [0.46365044 0.46776546 0.49447036 0.51518221 0.53042067 0.53161707
 0.526306   0.51985365 0.50110463 0.44696321]
max_exp: -1.0
coe: 10
Regulation [0.8 0.8 0.8 0.8 0.8 0.8 0.8 0.8 0.8 0.8]
Solver status: optimal_inaccurate
b_new: [1. 1. 1. 1. 1. 1. 1. 1. 1. 1.]
Iter 0: obj=49.5733, best_obj=49.5733, ||b_new-b_prev||₂=2.846050
xi_k [0.46365044 0.46776546 0.49447036 0.51518221 0.53042067 0.53161707
 0.526306   0.51985365 0.50110463 0.44696321]
max_exp: -1.0
coe: 10
Regulation [-1. -1. -1. -1. -1. -1. -1. -1. -1. -1.]
Solver status: optimal_inaccurate
b_new: [1. 1. 1. 1. 1. 1. 1. 1. 1. 1.]
Iter 1: obj=50.4733, best_obj=50.4733, ||b_new-b_prev||₂=0.000000
Converged.
Final b: [1. 1. 1. 1. 1. 1. 1. 1. 1. 1.]
<class 'numpy.ndarray'>
b_float: [1. 1. 1. 1. 1. 1. 1. 1. 1. 1.]
b: [1 1 1 1 1 1 1 1 1 1]
active_clients:  [0, 1, 2, 3, 4, 5, 6, 7, 8, 9]
Client 0's s_k are:[0 1 1 1 1 1 1 1 1 1]
Client 1's s_k are:[1 0 1 1 1 1 1 1 1 1]
Client 2's s_k are:[1 1 0 1 1 1 1 1 1 1]
Client 3's s_k are:[1 1 1 0 1 1 1 1 1 1]
Client 4's s_k are:[1 1 1 1 0 1 1 1 1 1]
Client 5's s_k are:[1 1 1 1 1 0 1 1 1 1]
Client 6's s_k are:[1 1 1 1 1 1 0 1 1 1]
Client 7's s_k are:[1 1 1 1 1 1 1 0 1 1]
Client 8's s_k are:[1 1 1 1 1 1 1 1 0 1]
Client 9's s_k are:[1 1 1 1 1 1 1 1 1 0]
| Global Round : 31 | Client :0 | Local Epoch : 0 | [64/294 (25%)]	Loss1: 5.839176 Loss2: 0.000046 
| Global Round : 31 | Client :0 | Local Epoch : 1 | [64/294 (25%)]	Loss1: 5.838435 Loss2: 0.000042 
| Global Round : 31 | Client :0 | Local Epoch : 2 | [64/294 (25%)]	Loss1: 5.837971 Loss2: 0.000046 
| Global Round : 31 | Client :0 | Local Epoch : 3 | [64/294 (25%)]	Loss1: 5.838705 Loss2: 0.000047 
| Global Round : 31 | Client :0 | Local Epoch : 4 | [64/294 (25%)]	Loss1: 5.838613 Loss2: 0.000043 
| Global Round : 31 | Client :1 | Local Epoch : 0 | [64/510 (14%)]	Loss1: 5.838609 Loss2: 0.000077 
| Global Round : 31 | Client :1 | Local Epoch : 1 | [64/510 (14%)]	Loss1: 5.838133 Loss2: 0.000053 
| Global Round : 31 | Client :1 | Local Epoch : 2 | [64/510 (14%)]	Loss1: 5.838471 Loss2: 0.000060 
| Global Round : 31 | Client :1 | Local Epoch : 3 | [64/510 (14%)]	Loss1: 5.838912 Loss2: 0.000071 
| Global Round : 31 | Client :1 | Local Epoch : 4 | [64/510 (14%)]	Loss1: 5.838724 Loss2: 0.000073 
| Global Round : 31 | Client :2 | Local Epoch : 0 | [64/827 (8%)]	Loss1: 5.838490 Loss2: 0.000047 
| Global Round : 31 | Client :2 | Local Epoch : 0 | [704/827 (92%)]	Loss1: 5.838634 Loss2: 0.000049 
| Global Round : 31 | Client :2 | Local Epoch : 1 | [64/827 (8%)]	Loss1: 5.838601 Loss2: 0.000049 
| Global Round : 31 | Client :2 | Local Epoch : 1 | [704/827 (92%)]	Loss1: 5.838578 Loss2: 0.000052 
| Global Round : 31 | Client :2 | Local Epoch : 2 | [64/827 (8%)]	Loss1: 5.838692 Loss2: 0.000052 
| Global Round : 31 | Client :2 | Local Epoch : 2 | [704/827 (92%)]	Loss1: 5.838577 Loss2: 0.000055 
| Global Round : 31 | Client :2 | Local Epoch : 3 | [64/827 (8%)]	Loss1: 5.838738 Loss2: 0.000047 
| Global Round : 31 | Client :2 | Local Epoch : 3 | [704/827 (92%)]	Loss1: 5.838412 Loss2: 0.000049 
| Global Round : 31 | Client :2 | Local Epoch : 4 | [64/827 (8%)]	Loss1: 5.838167 Loss2: 0.000049 
| Global Round : 31 | Client :2 | Local Epoch : 4 | [704/827 (92%)]	Loss1: 5.839117 Loss2: 0.000046 
| Global Round : 31 | Client :3 | Local Epoch : 0 | [64/926 (7%)]	Loss1: 5.838285 Loss2: 0.000068 
| Global Round : 31 | Client :3 | Local Epoch : 0 | [704/926 (79%)]	Loss1: 5.838166 Loss2: 0.000058 
| Global Round : 31 | Client :3 | Local Epoch : 1 | [64/926 (7%)]	Loss1: 5.838147 Loss2: 0.000060 
| Global Round : 31 | Client :3 | Local Epoch : 1 | [704/926 (79%)]	Loss1: 5.838113 Loss2: 0.000058 
| Global Round : 31 | Client :3 | Local Epoch : 2 | [64/926 (7%)]	Loss1: 5.837985 Loss2: 0.000056 
| Global Round : 31 | Client :3 | Local Epoch : 2 | [704/926 (79%)]	Loss1: 5.837796 Loss2: 0.000059 
| Global Round : 31 | Client :3 | Local Epoch : 3 | [64/926 (7%)]	Loss1: 5.837807 Loss2: 0.000064 
| Global Round : 31 | Client :3 | Local Epoch : 3 | [704/926 (79%)]	Loss1: 5.837918 Loss2: 0.000064 
| Global Round : 31 | Client :3 | Local Epoch : 4 | [64/926 (7%)]	Loss1: 5.837879 Loss2: 0.000066 
| Global Round : 31 | Client :3 | Local Epoch : 4 | [704/926 (79%)]	Loss1: 5.837889 Loss2: 0.000061 
| Global Round : 31 | Client :4 | Local Epoch : 0 | [64/514 (12%)]	Loss1: 5.839578 Loss2: 0.000039 
| Global Round : 31 | Client :4 | Local Epoch : 1 | [64/514 (12%)]	Loss1: 5.839316 Loss2: 0.000036 
| Global Round : 31 | Client :4 | Local Epoch : 2 | [64/514 (12%)]	Loss1: 5.839446 Loss2: 0.000038 
| Global Round : 31 | Client :4 | Local Epoch : 3 | [64/514 (12%)]	Loss1: 5.839144 Loss2: 0.000037 
| Global Round : 31 | Client :4 | Local Epoch : 4 | [64/514 (12%)]	Loss1: 5.839423 Loss2: 0.000034 
| Global Round : 31 | Client :5 | Local Epoch : 0 | [64/641 (10%)]	Loss1: 5.837783 Loss2: 0.000064 
| Global Round : 31 | Client :5 | Local Epoch : 1 | [64/641 (10%)]	Loss1: 5.837739 Loss2: 0.000057 
| Global Round : 31 | Client :5 | Local Epoch : 2 | [64/641 (10%)]	Loss1: 5.837629 Loss2: 0.000062 
| Global Round : 31 | Client :5 | Local Epoch : 3 | [64/641 (10%)]	Loss1: 5.838277 Loss2: 0.000057 
| Global Round : 31 | Client :5 | Local Epoch : 4 | [64/641 (10%)]	Loss1: 5.837703 Loss2: 0.000061 
| Global Round : 31 | Client :6 | Local Epoch : 0 | [64/777 (8%)]	Loss1: 5.838289 Loss2: 0.000056 
| Global Round : 31 | Client :6 | Local Epoch : 0 | [704/777 (92%)]	Loss1: 5.838655 Loss2: 0.000053 
| Global Round : 31 | Client :6 | Local Epoch : 1 | [64/777 (8%)]	Loss1: 5.838071 Loss2: 0.000055 
| Global Round : 31 | Client :6 | Local Epoch : 1 | [704/777 (92%)]	Loss1: 5.838055 Loss2: 0.000050 
| Global Round : 31 | Client :6 | Local Epoch : 2 | [64/777 (8%)]	Loss1: 5.838151 Loss2: 0.000057 
| Global Round : 31 | Client :6 | Local Epoch : 2 | [704/777 (92%)]	Loss1: 5.838781 Loss2: 0.000052 
| Global Round : 31 | Client :6 | Local Epoch : 3 | [64/777 (8%)]	Loss1: 5.838163 Loss2: 0.000055 
| Global Round : 31 | Client :6 | Local Epoch : 3 | [704/777 (92%)]	Loss1: 5.838004 Loss2: 0.000054 
| Global Round : 31 | Client :6 | Local Epoch : 4 | [64/777 (8%)]	Loss1: 5.838923 Loss2: 0.000056 
| Global Round : 31 | Client :6 | Local Epoch : 4 | [704/777 (92%)]	Loss1: 5.838953 Loss2: 0.000055 
| Global Round : 31 | Client :7 | Local Epoch : 0 | [64/590 (11%)]	Loss1: 5.838377 Loss2: 0.000044 
| Global Round : 31 | Client :7 | Local Epoch : 1 | [64/590 (11%)]	Loss1: 5.838137 Loss2: 0.000043 
| Global Round : 31 | Client :7 | Local Epoch : 2 | [64/590 (11%)]	Loss1: 5.838119 Loss2: 0.000047 
| Global Round : 31 | Client :7 | Local Epoch : 3 | [64/590 (11%)]	Loss1: 5.838877 Loss2: 0.000045 
| Global Round : 31 | Client :7 | Local Epoch : 4 | [64/590 (11%)]	Loss1: 5.838666 Loss2: 0.000045 
| Global Round : 31 | Client :8 | Local Epoch : 0 | [64/612 (11%)]	Loss1: 5.838190 Loss2: 0.000054 
| Global Round : 31 | Client :8 | Local Epoch : 1 | [64/612 (11%)]	Loss1: 5.838119 Loss2: 0.000052 
| Global Round : 31 | Client :8 | Local Epoch : 2 | [64/612 (11%)]	Loss1: 5.837984 Loss2: 0.000053 
| Global Round : 31 | Client :8 | Local Epoch : 3 | [64/612 (11%)]	Loss1: 5.837820 Loss2: 0.000056 
| Global Round : 31 | Client :8 | Local Epoch : 4 | [64/612 (11%)]	Loss1: 5.838109 Loss2: 0.000051 
| Global Round : 31 | Client :9 | Local Epoch : 0 | [64/305 (25%)]	Loss1: 5.838334 Loss2: 0.000039 
| Global Round : 31 | Client :9 | Local Epoch : 1 | [64/305 (25%)]	Loss1: 5.838430 Loss2: 0.000035 
| Global Round : 31 | Client :9 | Local Epoch : 2 | [64/305 (25%)]	Loss1: 5.840967 Loss2: 0.000036 
| Global Round : 31 | Client :9 | Local Epoch : 3 | [64/305 (25%)]	Loss1: 5.839173 Loss2: 0.000035 
| Global Round : 31 | Client :9 | Local Epoch : 4 | [64/305 (25%)]	Loss1: 5.839140 Loss2: 0.000039 
average loss:   5.8377093112847165
average local test accuracy: 0.9326822916666668
average global test accuracy:  0.3545572916666666

 | Global Training Round : 32 |

xi_k [0.46363663 0.46773771 0.49446302 0.51518001 0.53044085 0.53161646
 0.52631149 0.51982854 0.50110437 0.4469783 ]
max_exp: -1.0
coe: 10
Regulation [0.8 0.8 0.8 0.8 0.8 0.8 0.8 0.8 0.8 0.8]
Solver status: optimal_inaccurate
b_new: [1. 1. 1. 1. 1. 1. 1. 1. 1. 1.]
Iter 0: obj=49.5730, best_obj=49.5730, ||b_new-b_prev||₂=2.846050
xi_k [0.46363663 0.46773771 0.49446302 0.51518001 0.53044085 0.53161646
 0.52631149 0.51982854 0.50110437 0.4469783 ]
max_exp: -1.0
coe: 10
Regulation [-1. -1. -1. -1. -1. -1. -1. -1. -1. -1.]
Solver status: optimal_inaccurate
b_new: [1. 1. 1. 1. 1. 1. 1. 1. 1. 1.]
Iter 1: obj=50.4730, best_obj=50.4730, ||b_new-b_prev||₂=0.000000
Converged.
Final b: [1. 1. 1. 1. 1. 1. 1. 1. 1. 1.]
<class 'numpy.ndarray'>
b_float: [1. 1. 1. 1. 1. 1. 1. 1. 1. 1.]
b: [1 1 1 1 1 1 1 1 1 1]
active_clients:  [0, 1, 2, 3, 4, 5, 6, 7, 8, 9]
Client 0's s_k are:[0 1 1 1 1 1 1 1 1 1]
Client 1's s_k are:[1 0 1 1 1 1 1 1 1 1]
Client 2's s_k are:[1 1 0 1 1 1 1 1 1 1]
Client 3's s_k are:[1 1 1 0 1 1 1 1 1 1]
Client 4's s_k are:[1 1 1 1 0 1 1 1 1 1]
Client 5's s_k are:[1 1 1 1 1 0 1 1 1 1]
Client 6's s_k are:[1 1 1 1 1 1 0 1 1 1]
Client 7's s_k are:[1 1 1 1 1 1 1 0 1 1]
Client 8's s_k are:[1 1 1 1 1 1 1 1 0 1]
Client 9's s_k are:[1 1 1 1 1 1 1 1 1 0]
| Global Round : 32 | Client :0 | Local Epoch : 0 | [64/294 (25%)]	Loss1: 5.838244 Loss2: 0.000050 
| Global Round : 32 | Client :0 | Local Epoch : 1 | [64/294 (25%)]	Loss1: 5.838323 Loss2: 0.000046 
| Global Round : 32 | Client :0 | Local Epoch : 2 | [64/294 (25%)]	Loss1: 5.839096 Loss2: 0.000046 
| Global Round : 32 | Client :0 | Local Epoch : 3 | [64/294 (25%)]	Loss1: 5.838226 Loss2: 0.000046 
| Global Round : 32 | Client :0 | Local Epoch : 4 | [64/294 (25%)]	Loss1: 5.838857 Loss2: 0.000049 
| Global Round : 32 | Client :1 | Local Epoch : 0 | [64/510 (14%)]	Loss1: 5.838305 Loss2: 0.000065 
| Global Round : 32 | Client :1 | Local Epoch : 1 | [64/510 (14%)]	Loss1: 5.838452 Loss2: 0.000063 
| Global Round : 32 | Client :1 | Local Epoch : 2 | [64/510 (14%)]	Loss1: 5.838432 Loss2: 0.000058 
| Global Round : 32 | Client :1 | Local Epoch : 3 | [64/510 (14%)]	Loss1: 5.839657 Loss2: 0.000061 
| Global Round : 32 | Client :1 | Local Epoch : 4 | [64/510 (14%)]	Loss1: 5.838676 Loss2: 0.000060 
| Global Round : 32 | Client :2 | Local Epoch : 0 | [64/827 (8%)]	Loss1: 5.838780 Loss2: 0.000051 
| Global Round : 32 | Client :2 | Local Epoch : 0 | [704/827 (92%)]	Loss1: 5.838748 Loss2: 0.000048 
| Global Round : 32 | Client :2 | Local Epoch : 1 | [64/827 (8%)]	Loss1: 5.839035 Loss2: 0.000054 
| Global Round : 32 | Client :2 | Local Epoch : 1 | [704/827 (92%)]	Loss1: 5.837973 Loss2: 0.000045 
| Global Round : 32 | Client :2 | Local Epoch : 2 | [64/827 (8%)]	Loss1: 5.838005 Loss2: 0.000050 
| Global Round : 32 | Client :2 | Local Epoch : 2 | [704/827 (92%)]	Loss1: 5.838349 Loss2: 0.000055 
| Global Round : 32 | Client :2 | Local Epoch : 3 | [64/827 (8%)]	Loss1: 5.838390 Loss2: 0.000051 
| Global Round : 32 | Client :2 | Local Epoch : 3 | [704/827 (92%)]	Loss1: 5.839069 Loss2: 0.000046 
| Global Round : 32 | Client :2 | Local Epoch : 4 | [64/827 (8%)]	Loss1: 5.838102 Loss2: 0.000047 
| Global Round : 32 | Client :2 | Local Epoch : 4 | [704/827 (92%)]	Loss1: 5.838221 Loss2: 0.000050 
| Global Round : 32 | Client :3 | Local Epoch : 0 | [64/926 (7%)]	Loss1: 5.838224 Loss2: 0.000067 
| Global Round : 32 | Client :3 | Local Epoch : 0 | [704/926 (79%)]	Loss1: 5.838037 Loss2: 0.000060 
| Global Round : 32 | Client :3 | Local Epoch : 1 | [64/926 (7%)]	Loss1: 5.838668 Loss2: 0.000063 
| Global Round : 32 | Client :3 | Local Epoch : 1 | [704/926 (79%)]	Loss1: 5.838031 Loss2: 0.000057 
| Global Round : 32 | Client :3 | Local Epoch : 2 | [64/926 (7%)]	Loss1: 5.838249 Loss2: 0.000066 
| Global Round : 32 | Client :3 | Local Epoch : 2 | [704/926 (79%)]	Loss1: 5.838186 Loss2: 0.000062 
| Global Round : 32 | Client :3 | Local Epoch : 3 | [64/926 (7%)]	Loss1: 5.838050 Loss2: 0.000068 
| Global Round : 32 | Client :3 | Local Epoch : 3 | [704/926 (79%)]	Loss1: 5.837902 Loss2: 0.000061 
| Global Round : 32 | Client :3 | Local Epoch : 4 | [64/926 (7%)]	Loss1: 5.837747 Loss2: 0.000068 
| Global Round : 32 | Client :3 | Local Epoch : 4 | [704/926 (79%)]	Loss1: 5.838254 Loss2: 0.000058 
| Global Round : 32 | Client :4 | Local Epoch : 0 | [64/514 (12%)]	Loss1: 5.839065 Loss2: 0.000029 
| Global Round : 32 | Client :4 | Local Epoch : 1 | [64/514 (12%)]	Loss1: 5.840354 Loss2: 0.000028 
| Global Round : 32 | Client :4 | Local Epoch : 2 | [64/514 (12%)]	Loss1: 5.838801 Loss2: 0.000030 
| Global Round : 32 | Client :4 | Local Epoch : 3 | [64/514 (12%)]	Loss1: 5.839143 Loss2: 0.000027 
| Global Round : 32 | Client :4 | Local Epoch : 4 | [64/514 (12%)]	Loss1: 5.840196 Loss2: 0.000030 
| Global Round : 32 | Client :5 | Local Epoch : 0 | [64/641 (10%)]	Loss1: 5.837568 Loss2: 0.000061 
| Global Round : 32 | Client :5 | Local Epoch : 1 | [64/641 (10%)]	Loss1: 5.838863 Loss2: 0.000066 
| Global Round : 32 | Client :5 | Local Epoch : 2 | [64/641 (10%)]	Loss1: 5.837986 Loss2: 0.000063 
| Global Round : 32 | Client :5 | Local Epoch : 3 | [64/641 (10%)]	Loss1: 5.837607 Loss2: 0.000061 
| Global Round : 32 | Client :5 | Local Epoch : 4 | [64/641 (10%)]	Loss1: 5.837818 Loss2: 0.000058 
| Global Round : 32 | Client :6 | Local Epoch : 0 | [64/777 (8%)]	Loss1: 5.838420 Loss2: 0.000057 
| Global Round : 32 | Client :6 | Local Epoch : 0 | [704/777 (92%)]	Loss1: 5.839259 Loss2: 0.000054 
| Global Round : 32 | Client :6 | Local Epoch : 1 | [64/777 (8%)]	Loss1: 5.838254 Loss2: 0.000054 
| Global Round : 32 | Client :6 | Local Epoch : 1 | [704/777 (92%)]	Loss1: 5.838284 Loss2: 0.000050 
| Global Round : 32 | Client :6 | Local Epoch : 2 | [64/777 (8%)]	Loss1: 5.838668 Loss2: 0.000055 
| Global Round : 32 | Client :6 | Local Epoch : 2 | [704/777 (92%)]	Loss1: 5.839132 Loss2: 0.000052 
| Global Round : 32 | Client :6 | Local Epoch : 3 | [64/777 (8%)]	Loss1: 5.838272 Loss2: 0.000054 
| Global Round : 32 | Client :6 | Local Epoch : 3 | [704/777 (92%)]	Loss1: 5.839769 Loss2: 0.000053 
| Global Round : 32 | Client :6 | Local Epoch : 4 | [64/777 (8%)]	Loss1: 5.838607 Loss2: 0.000058 
| Global Round : 32 | Client :6 | Local Epoch : 4 | [704/777 (92%)]	Loss1: 5.838137 Loss2: 0.000058 
| Global Round : 32 | Client :7 | Local Epoch : 0 | [64/590 (11%)]	Loss1: 5.838781 Loss2: 0.000043 
| Global Round : 32 | Client :7 | Local Epoch : 1 | [64/590 (11%)]	Loss1: 5.838722 Loss2: 0.000048 
| Global Round : 32 | Client :7 | Local Epoch : 2 | [64/590 (11%)]	Loss1: 5.838562 Loss2: 0.000049 
| Global Round : 32 | Client :7 | Local Epoch : 3 | [64/590 (11%)]	Loss1: 5.838006 Loss2: 0.000051 
| Global Round : 32 | Client :7 | Local Epoch : 4 | [64/590 (11%)]	Loss1: 5.838449 Loss2: 0.000047 
| Global Round : 32 | Client :8 | Local Epoch : 0 | [64/612 (11%)]	Loss1: 5.838235 Loss2: 0.000053 
| Global Round : 32 | Client :8 | Local Epoch : 1 | [64/612 (11%)]	Loss1: 5.838033 Loss2: 0.000054 
| Global Round : 32 | Client :8 | Local Epoch : 2 | [64/612 (11%)]	Loss1: 5.838050 Loss2: 0.000052 
| Global Round : 32 | Client :8 | Local Epoch : 3 | [64/612 (11%)]	Loss1: 5.838017 Loss2: 0.000052 
| Global Round : 32 | Client :8 | Local Epoch : 4 | [64/612 (11%)]	Loss1: 5.837864 Loss2: 0.000054 
| Global Round : 32 | Client :9 | Local Epoch : 0 | [64/305 (25%)]	Loss1: 5.838441 Loss2: 0.000035 
| Global Round : 32 | Client :9 | Local Epoch : 1 | [64/305 (25%)]	Loss1: 5.839476 Loss2: 0.000036 
| Global Round : 32 | Client :9 | Local Epoch : 2 | [64/305 (25%)]	Loss1: 5.839022 Loss2: 0.000038 
| Global Round : 32 | Client :9 | Local Epoch : 3 | [64/305 (25%)]	Loss1: 5.839148 Loss2: 0.000040 
| Global Round : 32 | Client :9 | Local Epoch : 4 | [64/305 (25%)]	Loss1: 5.838206 Loss2: 0.000037 
average loss:   5.837731305228338
average local test accuracy: 0.9291666666666668
average global test accuracy:  0.337109375

 | Global Training Round : 33 |

xi_k [0.4636509  0.46775457 0.49445866 0.51518038 0.53043311 0.53162086
 0.52631183 0.51981964 0.50110255 0.44698177]
max_exp: -1.0
coe: 10
Regulation [0.8 0.8 0.8 0.8 0.8 0.8 0.8 0.8 0.8 0.8]
Solver status: optimal_inaccurate
b_new: [1. 1. 1. 1. 1. 1. 1. 1. 1. 1.]
Iter 0: obj=49.5731, best_obj=49.5731, ||b_new-b_prev||₂=2.846050
xi_k [0.4636509  0.46775457 0.49445866 0.51518038 0.53043311 0.53162086
 0.52631183 0.51981964 0.50110255 0.44698177]
max_exp: -1.0
coe: 10
Regulation [-1. -1. -1. -1. -1. -1. -1. -1. -1. -1.]
Solver status: optimal_inaccurate
b_new: [1. 1. 1. 1. 1. 1. 1. 1. 1. 1.]
Iter 1: obj=50.4731, best_obj=50.4731, ||b_new-b_prev||₂=0.000000
Converged.
Final b: [1. 1. 1. 1. 1. 1. 1. 1. 1. 1.]
<class 'numpy.ndarray'>
b_float: [1. 1. 1. 1. 1. 1. 1. 1. 1. 1.]
b: [1 1 1 1 1 1 1 1 1 1]
active_clients:  [0, 1, 2, 3, 4, 5, 6, 7, 8, 9]
Client 0's s_k are:[0 1 1 1 1 1 1 1 1 1]
Client 1's s_k are:[1 0 1 1 1 1 1 1 1 1]
Client 2's s_k are:[1 1 0 1 1 1 1 1 1 1]
Client 3's s_k are:[1 1 1 0 1 1 1 1 1 1]
Client 4's s_k are:[1 1 1 1 0 1 1 1 1 1]
Client 5's s_k are:[1 1 1 1 1 0 1 1 1 1]
Client 6's s_k are:[1 1 1 1 1 1 0 1 1 1]
Client 7's s_k are:[1 1 1 1 1 1 1 0 1 1]
Client 8's s_k are:[1 1 1 1 1 1 1 1 0 1]
Client 9's s_k are:[1 1 1 1 1 1 1 1 1 0]
| Global Round : 33 | Client :0 | Local Epoch : 0 | [64/294 (25%)]	Loss1: 5.838552 Loss2: 0.000049 
| Global Round : 33 | Client :0 | Local Epoch : 1 | [64/294 (25%)]	Loss1: 5.838813 Loss2: 0.000045 
| Global Round : 33 | Client :0 | Local Epoch : 2 | [64/294 (25%)]	Loss1: 5.838484 Loss2: 0.000044 
| Global Round : 33 | Client :0 | Local Epoch : 3 | [64/294 (25%)]	Loss1: 5.838258 Loss2: 0.000045 
| Global Round : 33 | Client :0 | Local Epoch : 4 | [64/294 (25%)]	Loss1: 5.837968 Loss2: 0.000048 
| Global Round : 33 | Client :1 | Local Epoch : 0 | [64/510 (14%)]	Loss1: 5.839024 Loss2: 0.000059 
| Global Round : 33 | Client :1 | Local Epoch : 1 | [64/510 (14%)]	Loss1: 5.838529 Loss2: 0.000059 
| Global Round : 33 | Client :1 | Local Epoch : 2 | [64/510 (14%)]	Loss1: 5.837854 Loss2: 0.000069 
| Global Round : 33 | Client :1 | Local Epoch : 3 | [64/510 (14%)]	Loss1: 5.838521 Loss2: 0.000059 
| Global Round : 33 | Client :1 | Local Epoch : 4 | [64/510 (14%)]	Loss1: 5.838773 Loss2: 0.000057 
| Global Round : 33 | Client :2 | Local Epoch : 0 | [64/827 (8%)]	Loss1: 5.838465 Loss2: 0.000057 
| Global Round : 33 | Client :2 | Local Epoch : 0 | [704/827 (92%)]	Loss1: 5.838543 Loss2: 0.000050 
| Global Round : 33 | Client :2 | Local Epoch : 1 | [64/827 (8%)]	Loss1: 5.838243 Loss2: 0.000059 
| Global Round : 33 | Client :2 | Local Epoch : 1 | [704/827 (92%)]	Loss1: 5.838135 Loss2: 0.000053 
| Global Round : 33 | Client :2 | Local Epoch : 2 | [64/827 (8%)]	Loss1: 5.838197 Loss2: 0.000048 
| Global Round : 33 | Client :2 | Local Epoch : 2 | [704/827 (92%)]	Loss1: 5.838285 Loss2: 0.000050 
| Global Round : 33 | Client :2 | Local Epoch : 3 | [64/827 (8%)]	Loss1: 5.838010 Loss2: 0.000053 
| Global Round : 33 | Client :2 | Local Epoch : 3 | [704/827 (92%)]	Loss1: 5.838490 Loss2: 0.000053 
| Global Round : 33 | Client :2 | Local Epoch : 4 | [64/827 (8%)]	Loss1: 5.838586 Loss2: 0.000050 
| Global Round : 33 | Client :2 | Local Epoch : 4 | [704/827 (92%)]	Loss1: 5.838061 Loss2: 0.000051 
| Global Round : 33 | Client :3 | Local Epoch : 0 | [64/926 (7%)]	Loss1: 5.838062 Loss2: 0.000068 
| Global Round : 33 | Client :3 | Local Epoch : 0 | [704/926 (79%)]	Loss1: 5.837928 Loss2: 0.000059 
| Global Round : 33 | Client :3 | Local Epoch : 1 | [64/926 (7%)]	Loss1: 5.838134 Loss2: 0.000064 
| Global Round : 33 | Client :3 | Local Epoch : 1 | [704/926 (79%)]	Loss1: 5.838091 Loss2: 0.000060 
| Global Round : 33 | Client :3 | Local Epoch : 2 | [64/926 (7%)]	Loss1: 5.837849 Loss2: 0.000060 
| Global Round : 33 | Client :3 | Local Epoch : 2 | [704/926 (79%)]	Loss1: 5.837846 Loss2: 0.000064 
| Global Round : 33 | Client :3 | Local Epoch : 3 | [64/926 (7%)]	Loss1: 5.837736 Loss2: 0.000068 
| Global Round : 33 | Client :3 | Local Epoch : 3 | [704/926 (79%)]	Loss1: 5.838426 Loss2: 0.000058 
| Global Round : 33 | Client :3 | Local Epoch : 4 | [64/926 (7%)]	Loss1: 5.838341 Loss2: 0.000065 
| Global Round : 33 | Client :3 | Local Epoch : 4 | [704/926 (79%)]	Loss1: 5.838394 Loss2: 0.000066 
| Global Round : 33 | Client :4 | Local Epoch : 0 | [64/514 (12%)]	Loss1: 5.839241 Loss2: 0.000031 
| Global Round : 33 | Client :4 | Local Epoch : 1 | [64/514 (12%)]	Loss1: 5.840594 Loss2: 0.000028 
| Global Round : 33 | Client :4 | Local Epoch : 2 | [64/514 (12%)]	Loss1: 5.838906 Loss2: 0.000027 
| Global Round : 33 | Client :4 | Local Epoch : 3 | [64/514 (12%)]	Loss1: 5.839568 Loss2: 0.000027 
| Global Round : 33 | Client :4 | Local Epoch : 4 | [64/514 (12%)]	Loss1: 5.839308 Loss2: 0.000033 
| Global Round : 33 | Client :5 | Local Epoch : 0 | [64/641 (10%)]	Loss1: 5.838399 Loss2: 0.000063 
| Global Round : 33 | Client :5 | Local Epoch : 1 | [64/641 (10%)]	Loss1: 5.837696 Loss2: 0.000062 
| Global Round : 33 | Client :5 | Local Epoch : 2 | [64/641 (10%)]	Loss1: 5.837538 Loss2: 0.000064 
| Global Round : 33 | Client :5 | Local Epoch : 3 | [64/641 (10%)]	Loss1: 5.837723 Loss2: 0.000058 
| Global Round : 33 | Client :5 | Local Epoch : 4 | [64/641 (10%)]	Loss1: 5.837645 Loss2: 0.000060 
| Global Round : 33 | Client :6 | Local Epoch : 0 | [64/777 (8%)]	Loss1: 5.838676 Loss2: 0.000056 
| Global Round : 33 | Client :6 | Local Epoch : 0 | [704/777 (92%)]	Loss1: 5.838500 Loss2: 0.000055 
| Global Round : 33 | Client :6 | Local Epoch : 1 | [64/777 (8%)]	Loss1: 5.838560 Loss2: 0.000060 
| Global Round : 33 | Client :6 | Local Epoch : 1 | [704/777 (92%)]	Loss1: 5.839024 Loss2: 0.000057 
| Global Round : 33 | Client :6 | Local Epoch : 2 | [64/777 (8%)]	Loss1: 5.838355 Loss2: 0.000060 
| Global Round : 33 | Client :6 | Local Epoch : 2 | [704/777 (92%)]	Loss1: 5.839040 Loss2: 0.000056 
| Global Round : 33 | Client :6 | Local Epoch : 3 | [64/777 (8%)]	Loss1: 5.837986 Loss2: 0.000059 
| Global Round : 33 | Client :6 | Local Epoch : 3 | [704/777 (92%)]	Loss1: 5.838284 Loss2: 0.000060 
| Global Round : 33 | Client :6 | Local Epoch : 4 | [64/777 (8%)]	Loss1: 5.838124 Loss2: 0.000063 
| Global Round : 33 | Client :6 | Local Epoch : 4 | [704/777 (92%)]	Loss1: 5.838506 Loss2: 0.000054 
| Global Round : 33 | Client :7 | Local Epoch : 0 | [64/590 (11%)]	Loss1: 5.838078 Loss2: 0.000046 
| Global Round : 33 | Client :7 | Local Epoch : 1 | [64/590 (11%)]	Loss1: 5.838215 Loss2: 0.000048 
| Global Round : 33 | Client :7 | Local Epoch : 2 | [64/590 (11%)]	Loss1: 5.838178 Loss2: 0.000047 
| Global Round : 33 | Client :7 | Local Epoch : 3 | [64/590 (11%)]	Loss1: 5.839073 Loss2: 0.000049 
| Global Round : 33 | Client :7 | Local Epoch : 4 | [64/590 (11%)]	Loss1: 5.838361 Loss2: 0.000049 
| Global Round : 33 | Client :8 | Local Epoch : 0 | [64/612 (11%)]	Loss1: 5.838195 Loss2: 0.000049 
| Global Round : 33 | Client :8 | Local Epoch : 1 | [64/612 (11%)]	Loss1: 5.837960 Loss2: 0.000050 
| Global Round : 33 | Client :8 | Local Epoch : 2 | [64/612 (11%)]	Loss1: 5.837791 Loss2: 0.000048 
| Global Round : 33 | Client :8 | Local Epoch : 3 | [64/612 (11%)]	Loss1: 5.837883 Loss2: 0.000055 
| Global Round : 33 | Client :8 | Local Epoch : 4 | [64/612 (11%)]	Loss1: 5.838114 Loss2: 0.000055 
| Global Round : 33 | Client :9 | Local Epoch : 0 | [64/305 (25%)]	Loss1: 5.839445 Loss2: 0.000038 
| Global Round : 33 | Client :9 | Local Epoch : 1 | [64/305 (25%)]	Loss1: 5.838691 Loss2: 0.000037 
| Global Round : 33 | Client :9 | Local Epoch : 2 | [64/305 (25%)]	Loss1: 5.839026 Loss2: 0.000040 
| Global Round : 33 | Client :9 | Local Epoch : 3 | [64/305 (25%)]	Loss1: 5.838029 Loss2: 0.000036 
| Global Round : 33 | Client :9 | Local Epoch : 4 | [64/305 (25%)]	Loss1: 5.839453 Loss2: 0.000038 
average loss:   5.837701675059303
average local test accuracy: 0.9358072916666668
average global test accuracy:  0.30859375

 | Global Training Round : 34 |

xi_k [0.46364383 0.46774251 0.49445199 0.51519196 0.53042067 0.53161573
 0.52630764 0.51983943 0.50110042 0.44698165]
max_exp: -1.0
coe: 10
Regulation [0.8 0.8 0.8 0.8 0.8 0.8 0.8 0.8 0.8 0.8]
Solver status: optimal_inaccurate
b_new: [1. 1. 1. 1. 1. 1. 1. 1. 1. 1.]
Iter 0: obj=49.5730, best_obj=49.5730, ||b_new-b_prev||₂=2.846050
xi_k [0.46364383 0.46774251 0.49445199 0.51519196 0.53042067 0.53161573
 0.52630764 0.51983943 0.50110042 0.44698165]
max_exp: -1.0
coe: 10
Regulation [-1. -1. -1. -1. -1. -1. -1. -1. -1. -1.]
Solver status: optimal_inaccurate
b_new: [1. 1. 1. 1. 1. 1. 1. 1. 1. 1.]
Iter 1: obj=50.4730, best_obj=50.4730, ||b_new-b_prev||₂=0.000000
Converged.
Final b: [1. 1. 1. 1. 1. 1. 1. 1. 1. 1.]
<class 'numpy.ndarray'>
b_float: [1. 1. 1. 1. 1. 1. 1. 1. 1. 1.]
b: [1 1 1 1 1 1 1 1 1 1]
active_clients:  [0, 1, 2, 3, 4, 5, 6, 7, 8, 9]
Client 0's s_k are:[0 1 1 1 1 1 1 1 1 1]
Client 1's s_k are:[1 0 1 1 1 1 1 1 1 1]
Client 2's s_k are:[1 1 0 1 1 1 1 1 1 1]
Client 3's s_k are:[1 1 1 0 1 1 1 1 1 1]
Client 4's s_k are:[1 1 1 1 0 1 1 1 1 1]
Client 5's s_k are:[1 1 1 1 1 0 1 1 1 1]
Client 6's s_k are:[1 1 1 1 1 1 0 1 1 1]
Client 7's s_k are:[1 1 1 1 1 1 1 0 1 1]
Client 8's s_k are:[1 1 1 1 1 1 1 1 0 1]
Client 9's s_k are:[1 1 1 1 1 1 1 1 1 0]
| Global Round : 34 | Client :0 | Local Epoch : 0 | [64/294 (25%)]	Loss1: 5.838632 Loss2: 0.000051 
| Global Round : 34 | Client :0 | Local Epoch : 1 | [64/294 (25%)]	Loss1: 5.838195 Loss2: 0.000047 
| Global Round : 34 | Client :0 | Local Epoch : 2 | [64/294 (25%)]	Loss1: 5.838169 Loss2: 0.000045 
| Global Round : 34 | Client :0 | Local Epoch : 3 | [64/294 (25%)]	Loss1: 5.838143 Loss2: 0.000051 
| Global Round : 34 | Client :0 | Local Epoch : 4 | [64/294 (25%)]	Loss1: 5.838385 Loss2: 0.000044 
| Global Round : 34 | Client :1 | Local Epoch : 0 | [64/510 (14%)]	Loss1: 5.838507 Loss2: 0.000062 
| Global Round : 34 | Client :1 | Local Epoch : 1 | [64/510 (14%)]	Loss1: 5.838544 Loss2: 0.000065 
| Global Round : 34 | Client :1 | Local Epoch : 2 | [64/510 (14%)]	Loss1: 5.838348 Loss2: 0.000060 
| Global Round : 34 | Client :1 | Local Epoch : 3 | [64/510 (14%)]	Loss1: 5.838840 Loss2: 0.000061 
| Global Round : 34 | Client :1 | Local Epoch : 4 | [64/510 (14%)]	Loss1: 5.838377 Loss2: 0.000058 
| Global Round : 34 | Client :2 | Local Epoch : 0 | [64/827 (8%)]	Loss1: 5.838193 Loss2: 0.000050 
| Global Round : 34 | Client :2 | Local Epoch : 0 | [704/827 (92%)]	Loss1: 5.838716 Loss2: 0.000053 
| Global Round : 34 | Client :2 | Local Epoch : 1 | [64/827 (8%)]	Loss1: 5.838102 Loss2: 0.000048 
| Global Round : 34 | Client :2 | Local Epoch : 1 | [704/827 (92%)]	Loss1: 5.838029 Loss2: 0.000049 
| Global Round : 34 | Client :2 | Local Epoch : 2 | [64/827 (8%)]	Loss1: 5.838680 Loss2: 0.000053 
| Global Round : 34 | Client :2 | Local Epoch : 2 | [704/827 (92%)]	Loss1: 5.838573 Loss2: 0.000048 
| Global Round : 34 | Client :2 | Local Epoch : 3 | [64/827 (8%)]	Loss1: 5.837998 Loss2: 0.000045 
| Global Round : 34 | Client :2 | Local Epoch : 3 | [704/827 (92%)]	Loss1: 5.838101 Loss2: 0.000049 
| Global Round : 34 | Client :2 | Local Epoch : 4 | [64/827 (8%)]	Loss1: 5.838139 Loss2: 0.000051 
| Global Round : 34 | Client :2 | Local Epoch : 4 | [704/827 (92%)]	Loss1: 5.838090 Loss2: 0.000049 
| Global Round : 34 | Client :3 | Local Epoch : 0 | [64/926 (7%)]	Loss1: 5.838051 Loss2: 0.000062 
| Global Round : 34 | Client :3 | Local Epoch : 0 | [704/926 (79%)]	Loss1: 5.837724 Loss2: 0.000054 
| Global Round : 34 | Client :3 | Local Epoch : 1 | [64/926 (7%)]	Loss1: 5.837999 Loss2: 0.000059 
| Global Round : 34 | Client :3 | Local Epoch : 1 | [704/926 (79%)]	Loss1: 5.837755 Loss2: 0.000061 
| Global Round : 34 | Client :3 | Local Epoch : 2 | [64/926 (7%)]	Loss1: 5.837843 Loss2: 0.000061 
| Global Round : 34 | Client :3 | Local Epoch : 2 | [704/926 (79%)]	Loss1: 5.837799 Loss2: 0.000061 
| Global Round : 34 | Client :3 | Local Epoch : 3 | [64/926 (7%)]	Loss1: 5.837977 Loss2: 0.000061 
| Global Round : 34 | Client :3 | Local Epoch : 3 | [704/926 (79%)]	Loss1: 5.838714 Loss2: 0.000064 
| Global Round : 34 | Client :3 | Local Epoch : 4 | [64/926 (7%)]	Loss1: 5.837758 Loss2: 0.000068 
| Global Round : 34 | Client :3 | Local Epoch : 4 | [704/926 (79%)]	Loss1: 5.837991 Loss2: 0.000062 
| Global Round : 34 | Client :4 | Local Epoch : 0 | [64/514 (12%)]	Loss1: 5.839098 Loss2: 0.000032 
| Global Round : 34 | Client :4 | Local Epoch : 1 | [64/514 (12%)]	Loss1: 5.839474 Loss2: 0.000032 
| Global Round : 34 | Client :4 | Local Epoch : 2 | [64/514 (12%)]	Loss1: 5.839343 Loss2: 0.000029 
| Global Round : 34 | Client :4 | Local Epoch : 3 | [64/514 (12%)]	Loss1: 5.839294 Loss2: 0.000036 
| Global Round : 34 | Client :4 | Local Epoch : 4 | [64/514 (12%)]	Loss1: 5.839243 Loss2: 0.000029 
| Global Round : 34 | Client :5 | Local Epoch : 0 | [64/641 (10%)]	Loss1: 5.837461 Loss2: 0.000068 
| Global Round : 34 | Client :5 | Local Epoch : 1 | [64/641 (10%)]	Loss1: 5.837471 Loss2: 0.000064 
| Global Round : 34 | Client :5 | Local Epoch : 2 | [64/641 (10%)]	Loss1: 5.837897 Loss2: 0.000066 
| Global Round : 34 | Client :5 | Local Epoch : 3 | [64/641 (10%)]	Loss1: 5.837641 Loss2: 0.000066 
| Global Round : 34 | Client :5 | Local Epoch : 4 | [64/641 (10%)]	Loss1: 5.837502 Loss2: 0.000064 
| Global Round : 34 | Client :6 | Local Epoch : 0 | [64/777 (8%)]	Loss1: 5.838332 Loss2: 0.000056 
| Global Round : 34 | Client :6 | Local Epoch : 0 | [704/777 (92%)]	Loss1: 5.838853 Loss2: 0.000059 
| Global Round : 34 | Client :6 | Local Epoch : 1 | [64/777 (8%)]	Loss1: 5.838146 Loss2: 0.000058 
| Global Round : 34 | Client :6 | Local Epoch : 1 | [704/777 (92%)]	Loss1: 5.839397 Loss2: 0.000055 
| Global Round : 34 | Client :6 | Local Epoch : 2 | [64/777 (8%)]	Loss1: 5.838267 Loss2: 0.000056 
| Global Round : 34 | Client :6 | Local Epoch : 2 | [704/777 (92%)]	Loss1: 5.838085 Loss2: 0.000055 
| Global Round : 34 | Client :6 | Local Epoch : 3 | [64/777 (8%)]	Loss1: 5.838186 Loss2: 0.000060 
| Global Round : 34 | Client :6 | Local Epoch : 3 | [704/777 (92%)]	Loss1: 5.838684 Loss2: 0.000053 
| Global Round : 34 | Client :6 | Local Epoch : 4 | [64/777 (8%)]	Loss1: 5.838250 Loss2: 0.000058 
| Global Round : 34 | Client :6 | Local Epoch : 4 | [704/777 (92%)]	Loss1: 5.838179 Loss2: 0.000055 
| Global Round : 34 | Client :7 | Local Epoch : 0 | [64/590 (11%)]	Loss1: 5.838030 Loss2: 0.000045 
| Global Round : 34 | Client :7 | Local Epoch : 1 | [64/590 (11%)]	Loss1: 5.838090 Loss2: 0.000050 
| Global Round : 34 | Client :7 | Local Epoch : 2 | [64/590 (11%)]	Loss1: 5.838185 Loss2: 0.000055 
| Global Round : 34 | Client :7 | Local Epoch : 3 | [64/590 (11%)]	Loss1: 5.838703 Loss2: 0.000048 
| Global Round : 34 | Client :7 | Local Epoch : 4 | [64/590 (11%)]	Loss1: 5.839389 Loss2: 0.000044 
| Global Round : 34 | Client :8 | Local Epoch : 0 | [64/612 (11%)]	Loss1: 5.838179 Loss2: 0.000055 
| Global Round : 34 | Client :8 | Local Epoch : 1 | [64/612 (11%)]	Loss1: 5.837923 Loss2: 0.000051 
| Global Round : 34 | Client :8 | Local Epoch : 2 | [64/612 (11%)]	Loss1: 5.837948 Loss2: 0.000058 
| Global Round : 34 | Client :8 | Local Epoch : 3 | [64/612 (11%)]	Loss1: 5.837788 Loss2: 0.000056 
| Global Round : 34 | Client :8 | Local Epoch : 4 | [64/612 (11%)]	Loss1: 5.837857 Loss2: 0.000055 
| Global Round : 34 | Client :9 | Local Epoch : 0 | [64/305 (25%)]	Loss1: 5.839403 Loss2: 0.000034 
| Global Round : 34 | Client :9 | Local Epoch : 1 | [64/305 (25%)]	Loss1: 5.838511 Loss2: 0.000035 
| Global Round : 34 | Client :9 | Local Epoch : 2 | [64/305 (25%)]	Loss1: 5.839246 Loss2: 0.000034 
| Global Round : 34 | Client :9 | Local Epoch : 3 | [64/305 (25%)]	Loss1: 5.838975 Loss2: 0.000034 
| Global Round : 34 | Client :9 | Local Epoch : 4 | [64/305 (25%)]	Loss1: 5.839947 Loss2: 0.000035 
average loss:   5.8376780085336595
average local test accuracy: 0.930859375
average global test accuracy:  0.337890625

 | Global Training Round : 35 |

xi_k [0.46363967 0.46774617 0.49445341 0.51518158 0.53041092 0.53160828
 0.5263147  0.51979889 0.50110286 0.44699486]
max_exp: -1.0
coe: 10
Regulation [0.8 0.8 0.8 0.8 0.8 0.8 0.8 0.8 0.8 0.8]
Solver status: optimal_inaccurate
b_new: [1. 1. 1. 1. 1. 1. 1. 1. 1. 1.]
Iter 0: obj=49.5725, best_obj=49.5725, ||b_new-b_prev||₂=2.846050
xi_k [0.46363967 0.46774617 0.49445341 0.51518158 0.53041092 0.53160828
 0.5263147  0.51979889 0.50110286 0.44699486]
max_exp: -1.0
coe: 10
Regulation [-1. -1. -1. -1. -1. -1. -1. -1. -1. -1.]
Solver status: optimal_inaccurate
b_new: [1. 1. 1. 1. 1. 1. 1. 1. 1. 1.]
Iter 1: obj=50.4725, best_obj=50.4725, ||b_new-b_prev||₂=0.000000
Converged.
Final b: [1. 1. 1. 1. 1. 1. 1. 1. 1. 1.]
<class 'numpy.ndarray'>
b_float: [1. 1. 1. 1. 1. 1. 1. 1. 1. 1.]
b: [1 1 1 1 1 1 1 1 1 1]
active_clients:  [0, 1, 2, 3, 4, 5, 6, 7, 8, 9]
Client 0's s_k are:[0 1 1 1 1 1 1 1 1 1]
Client 1's s_k are:[1 0 1 1 1 1 1 1 1 1]
Client 2's s_k are:[1 1 0 1 1 1 1 1 1 1]
Client 3's s_k are:[1 1 1 0 1 1 1 1 1 1]
Client 4's s_k are:[1 1 1 1 0 1 1 1 1 1]
Client 5's s_k are:[1 1 1 1 1 0 1 1 1 1]
Client 6's s_k are:[1 1 1 1 1 1 0 1 1 1]
Client 7's s_k are:[1 1 1 1 1 1 1 0 1 1]
Client 8's s_k are:[1 1 1 1 1 1 1 1 0 1]
Client 9's s_k are:[1 1 1 1 1 1 1 1 1 0]
| Global Round : 35 | Client :0 | Local Epoch : 0 | [64/294 (25%)]	Loss1: 5.838655 Loss2: 0.000044 
| Global Round : 35 | Client :0 | Local Epoch : 1 | [64/294 (25%)]	Loss1: 5.838529 Loss2: 0.000045 
| Global Round : 35 | Client :0 | Local Epoch : 2 | [64/294 (25%)]	Loss1: 5.838849 Loss2: 0.000045 
| Global Round : 35 | Client :0 | Local Epoch : 3 | [64/294 (25%)]	Loss1: 5.838532 Loss2: 0.000047 
| Global Round : 35 | Client :0 | Local Epoch : 4 | [64/294 (25%)]	Loss1: 5.839139 Loss2: 0.000043 
| Global Round : 35 | Client :1 | Local Epoch : 0 | [64/510 (14%)]	Loss1: 5.837902 Loss2: 0.000064 
| Global Round : 35 | Client :1 | Local Epoch : 1 | [64/510 (14%)]	Loss1: 5.837670 Loss2: 0.000065 
| Global Round : 35 | Client :1 | Local Epoch : 2 | [64/510 (14%)]	Loss1: 5.837923 Loss2: 0.000059 
| Global Round : 35 | Client :1 | Local Epoch : 3 | [64/510 (14%)]	Loss1: 5.838131 Loss2: 0.000063 
| Global Round : 35 | Client :1 | Local Epoch : 4 | [64/510 (14%)]	Loss1: 5.838600 Loss2: 0.000060 
| Global Round : 35 | Client :2 | Local Epoch : 0 | [64/827 (8%)]	Loss1: 5.838340 Loss2: 0.000047 
| Global Round : 35 | Client :2 | Local Epoch : 0 | [704/827 (92%)]	Loss1: 5.838203 Loss2: 0.000049 
| Global Round : 35 | Client :2 | Local Epoch : 1 | [64/827 (8%)]	Loss1: 5.838956 Loss2: 0.000048 
| Global Round : 35 | Client :2 | Local Epoch : 1 | [704/827 (92%)]	Loss1: 5.837910 Loss2: 0.000051 
| Global Round : 35 | Client :2 | Local Epoch : 2 | [64/827 (8%)]	Loss1: 5.838418 Loss2: 0.000049 
| Global Round : 35 | Client :2 | Local Epoch : 2 | [704/827 (92%)]	Loss1: 5.838207 Loss2: 0.000048 
| Global Round : 35 | Client :2 | Local Epoch : 3 | [64/827 (8%)]	Loss1: 5.838324 Loss2: 0.000048 
| Global Round : 35 | Client :2 | Local Epoch : 3 | [704/827 (92%)]	Loss1: 5.838159 Loss2: 0.000048 
| Global Round : 35 | Client :2 | Local Epoch : 4 | [64/827 (8%)]	Loss1: 5.838432 Loss2: 0.000051 
| Global Round : 35 | Client :2 | Local Epoch : 4 | [704/827 (92%)]	Loss1: 5.838277 Loss2: 0.000053 
| Global Round : 35 | Client :3 | Local Epoch : 0 | [64/926 (7%)]	Loss1: 5.837991 Loss2: 0.000058 
| Global Round : 35 | Client :3 | Local Epoch : 0 | [704/926 (79%)]	Loss1: 5.838095 Loss2: 0.000058 
| Global Round : 35 | Client :3 | Local Epoch : 1 | [64/926 (7%)]	Loss1: 5.838160 Loss2: 0.000060 
| Global Round : 35 | Client :3 | Local Epoch : 1 | [704/926 (79%)]	Loss1: 5.838504 Loss2: 0.000059 
| Global Round : 35 | Client :3 | Local Epoch : 2 | [64/926 (7%)]	Loss1: 5.838408 Loss2: 0.000065 
| Global Round : 35 | Client :3 | Local Epoch : 2 | [704/926 (79%)]	Loss1: 5.837986 Loss2: 0.000059 
| Global Round : 35 | Client :3 | Local Epoch : 3 | [64/926 (7%)]	Loss1: 5.838009 Loss2: 0.000060 
| Global Round : 35 | Client :3 | Local Epoch : 3 | [704/926 (79%)]	Loss1: 5.837636 Loss2: 0.000062 
| Global Round : 35 | Client :3 | Local Epoch : 4 | [64/926 (7%)]	Loss1: 5.837878 Loss2: 0.000063 
| Global Round : 35 | Client :3 | Local Epoch : 4 | [704/926 (79%)]	Loss1: 5.838227 Loss2: 0.000063 
| Global Round : 35 | Client :4 | Local Epoch : 0 | [64/514 (12%)]	Loss1: 5.838655 Loss2: 0.000028 
| Global Round : 35 | Client :4 | Local Epoch : 1 | [64/514 (12%)]	Loss1: 5.839095 Loss2: 0.000032 
| Global Round : 35 | Client :4 | Local Epoch : 2 | [64/514 (12%)]	Loss1: 5.839476 Loss2: 0.000029 
| Global Round : 35 | Client :4 | Local Epoch : 3 | [64/514 (12%)]	Loss1: 5.839227 Loss2: 0.000032 
| Global Round : 35 | Client :4 | Local Epoch : 4 | [64/514 (12%)]	Loss1: 5.839660 Loss2: 0.000034 
| Global Round : 35 | Client :5 | Local Epoch : 0 | [64/641 (10%)]	Loss1: 5.837875 Loss2: 0.000059 
| Global Round : 35 | Client :5 | Local Epoch : 1 | [64/641 (10%)]	Loss1: 5.837965 Loss2: 0.000064 
| Global Round : 35 | Client :5 | Local Epoch : 2 | [64/641 (10%)]	Loss1: 5.838460 Loss2: 0.000060 
| Global Round : 35 | Client :5 | Local Epoch : 3 | [64/641 (10%)]	Loss1: 5.838385 Loss2: 0.000059 
| Global Round : 35 | Client :5 | Local Epoch : 4 | [64/641 (10%)]	Loss1: 5.837627 Loss2: 0.000064 
| Global Round : 35 | Client :6 | Local Epoch : 0 | [64/777 (8%)]	Loss1: 5.838460 Loss2: 0.000058 
| Global Round : 35 | Client :6 | Local Epoch : 0 | [704/777 (92%)]	Loss1: 5.838898 Loss2: 0.000054 
| Global Round : 35 | Client :6 | Local Epoch : 1 | [64/777 (8%)]	Loss1: 5.838508 Loss2: 0.000059 
| Global Round : 35 | Client :6 | Local Epoch : 1 | [704/777 (92%)]	Loss1: 5.838006 Loss2: 0.000051 
| Global Round : 35 | Client :6 | Local Epoch : 2 | [64/777 (8%)]	Loss1: 5.838380 Loss2: 0.000058 
| Global Round : 35 | Client :6 | Local Epoch : 2 | [704/777 (92%)]	Loss1: 5.838066 Loss2: 0.000054 
| Global Round : 35 | Client :6 | Local Epoch : 3 | [64/777 (8%)]	Loss1: 5.838665 Loss2: 0.000057 
| Global Round : 35 | Client :6 | Local Epoch : 3 | [704/777 (92%)]	Loss1: 5.838232 Loss2: 0.000053 
| Global Round : 35 | Client :6 | Local Epoch : 4 | [64/777 (8%)]	Loss1: 5.837930 Loss2: 0.000054 
| Global Round : 35 | Client :6 | Local Epoch : 4 | [704/777 (92%)]	Loss1: 5.838105 Loss2: 0.000059 
| Global Round : 35 | Client :7 | Local Epoch : 0 | [64/590 (11%)]	Loss1: 5.838858 Loss2: 0.000051 
| Global Round : 35 | Client :7 | Local Epoch : 1 | [64/590 (11%)]	Loss1: 5.838967 Loss2: 0.000048 
| Global Round : 35 | Client :7 | Local Epoch : 2 | [64/590 (11%)]	Loss1: 5.838153 Loss2: 0.000045 
| Global Round : 35 | Client :7 | Local Epoch : 3 | [64/590 (11%)]	Loss1: 5.838285 Loss2: 0.000051 
| Global Round : 35 | Client :7 | Local Epoch : 4 | [64/590 (11%)]	Loss1: 5.838446 Loss2: 0.000044 
| Global Round : 35 | Client :8 | Local Epoch : 0 | [64/612 (11%)]	Loss1: 5.837847 Loss2: 0.000057 
| Global Round : 35 | Client :8 | Local Epoch : 1 | [64/612 (11%)]	Loss1: 5.837743 Loss2: 0.000055 
| Global Round : 35 | Client :8 | Local Epoch : 2 | [64/612 (11%)]	Loss1: 5.837888 Loss2: 0.000054 
| Global Round : 35 | Client :8 | Local Epoch : 3 | [64/612 (11%)]	Loss1: 5.838010 Loss2: 0.000050 
| Global Round : 35 | Client :8 | Local Epoch : 4 | [64/612 (11%)]	Loss1: 5.837970 Loss2: 0.000048 
| Global Round : 35 | Client :9 | Local Epoch : 0 | [64/305 (25%)]	Loss1: 5.838072 Loss2: 0.000037 
| Global Round : 35 | Client :9 | Local Epoch : 1 | [64/305 (25%)]	Loss1: 5.838862 Loss2: 0.000037 
| Global Round : 35 | Client :9 | Local Epoch : 2 | [64/305 (25%)]	Loss1: 5.839265 Loss2: 0.000041 
| Global Round : 35 | Client :9 | Local Epoch : 3 | [64/305 (25%)]	Loss1: 5.838536 Loss2: 0.000034 
| Global Round : 35 | Client :9 | Local Epoch : 4 | [64/305 (25%)]	Loss1: 5.838470 Loss2: 0.000037 
average loss:   5.837666798678656
average local test accuracy: 0.926953125
average global test accuracy:  0.31614583333333335

 | Global Training Round : 36 |

xi_k [0.46363199 0.46775525 0.49444936 0.51518523 0.53041485 0.53160043
 0.52629683 0.51981925 0.50110068 0.44696718]
max_exp: -1.0
coe: 10
Regulation [0.8 0.8 0.8 0.8 0.8 0.8 0.8 0.8 0.8 0.8]
Solver status: optimal_inaccurate
b_new: [1. 1. 1. 1. 1. 1. 1. 1. 1. 1.]
Iter 0: obj=49.5722, best_obj=49.5722, ||b_new-b_prev||₂=2.846050
xi_k [0.46363199 0.46775525 0.49444936 0.51518523 0.53041485 0.53160043
 0.52629683 0.51981925 0.50110068 0.44696718]
max_exp: -1.0
coe: 10
Regulation [-1. -1. -1. -1. -1. -1. -1. -1. -1. -1.]
Solver status: optimal_inaccurate
b_new: [1. 1. 1. 1. 1. 1. 1. 1. 1. 1.]
Iter 1: obj=50.4722, best_obj=50.4722, ||b_new-b_prev||₂=0.000000
Converged.
Final b: [1. 1. 1. 1. 1. 1. 1. 1. 1. 1.]
<class 'numpy.ndarray'>
b_float: [1. 1. 1. 1. 1. 1. 1. 1. 1. 1.]
b: [1 1 1 1 1 1 1 1 1 1]
active_clients:  [0, 1, 2, 3, 4, 5, 6, 7, 8, 9]
Client 0's s_k are:[0 1 1 1 1 1 1 1 1 1]
Client 1's s_k are:[1 0 1 1 1 1 1 1 1 1]
Client 2's s_k are:[1 1 0 1 1 1 1 1 1 1]
Client 3's s_k are:[1 1 1 0 1 1 1 1 1 1]
Client 4's s_k are:[1 1 1 1 0 1 1 1 1 1]
Client 5's s_k are:[1 1 1 1 1 0 1 1 1 1]
Client 6's s_k are:[1 1 1 1 1 1 0 1 1 1]
Client 7's s_k are:[1 1 1 1 1 1 1 0 1 1]
Client 8's s_k are:[1 1 1 1 1 1 1 1 0 1]
Client 9's s_k are:[1 1 1 1 1 1 1 1 1 0]
| Global Round : 36 | Client :0 | Local Epoch : 0 | [64/294 (25%)]	Loss1: 5.838645 Loss2: 0.000046 
| Global Round : 36 | Client :0 | Local Epoch : 1 | [64/294 (25%)]	Loss1: 5.838281 Loss2: 0.000044 
| Global Round : 36 | Client :0 | Local Epoch : 2 | [64/294 (25%)]	Loss1: 5.838340 Loss2: 0.000045 
| Global Round : 36 | Client :0 | Local Epoch : 3 | [64/294 (25%)]	Loss1: 5.838286 Loss2: 0.000041 
| Global Round : 36 | Client :0 | Local Epoch : 4 | [64/294 (25%)]	Loss1: 5.838273 Loss2: 0.000044 
| Global Round : 36 | Client :1 | Local Epoch : 0 | [64/510 (14%)]	Loss1: 5.837839 Loss2: 0.000058 
| Global Round : 36 | Client :1 | Local Epoch : 1 | [64/510 (14%)]	Loss1: 5.838200 Loss2: 0.000056 
| Global Round : 36 | Client :1 | Local Epoch : 2 | [64/510 (14%)]	Loss1: 5.838207 Loss2: 0.000060 
| Global Round : 36 | Client :1 | Local Epoch : 3 | [64/510 (14%)]	Loss1: 5.838049 Loss2: 0.000062 
| Global Round : 36 | Client :1 | Local Epoch : 4 | [64/510 (14%)]	Loss1: 5.837999 Loss2: 0.000057 
| Global Round : 36 | Client :2 | Local Epoch : 0 | [64/827 (8%)]	Loss1: 5.838529 Loss2: 0.000048 
| Global Round : 36 | Client :2 | Local Epoch : 0 | [704/827 (92%)]	Loss1: 5.839292 Loss2: 0.000053 
| Global Round : 36 | Client :2 | Local Epoch : 1 | [64/827 (8%)]	Loss1: 5.838666 Loss2: 0.000048 
| Global Round : 36 | Client :2 | Local Epoch : 1 | [704/827 (92%)]	Loss1: 5.837889 Loss2: 0.000049 
| Global Round : 36 | Client :2 | Local Epoch : 2 | [64/827 (8%)]	Loss1: 5.838326 Loss2: 0.000050 
| Global Round : 36 | Client :2 | Local Epoch : 2 | [704/827 (92%)]	Loss1: 5.838377 Loss2: 0.000053 
| Global Round : 36 | Client :2 | Local Epoch : 3 | [64/827 (8%)]	Loss1: 5.838262 Loss2: 0.000058 
| Global Round : 36 | Client :2 | Local Epoch : 3 | [704/827 (92%)]	Loss1: 5.838098 Loss2: 0.000046 
| Global Round : 36 | Client :2 | Local Epoch : 4 | [64/827 (8%)]	Loss1: 5.838165 Loss2: 0.000048 
| Global Round : 36 | Client :2 | Local Epoch : 4 | [704/827 (92%)]	Loss1: 5.837896 Loss2: 0.000048 
| Global Round : 36 | Client :3 | Local Epoch : 0 | [64/926 (7%)]	Loss1: 5.838053 Loss2: 0.000061 
| Global Round : 36 | Client :3 | Local Epoch : 0 | [704/926 (79%)]	Loss1: 5.837916 Loss2: 0.000063 
| Global Round : 36 | Client :3 | Local Epoch : 1 | [64/926 (7%)]	Loss1: 5.837975 Loss2: 0.000065 
| Global Round : 36 | Client :3 | Local Epoch : 1 | [704/926 (79%)]	Loss1: 5.838228 Loss2: 0.000064 
| Global Round : 36 | Client :3 | Local Epoch : 2 | [64/926 (7%)]	Loss1: 5.838225 Loss2: 0.000059 
| Global Round : 36 | Client :3 | Local Epoch : 2 | [704/926 (79%)]	Loss1: 5.837971 Loss2: 0.000061 
| Global Round : 36 | Client :3 | Local Epoch : 3 | [64/926 (7%)]	Loss1: 5.837993 Loss2: 0.000068 
| Global Round : 36 | Client :3 | Local Epoch : 3 | [704/926 (79%)]	Loss1: 5.837804 Loss2: 0.000061 
| Global Round : 36 | Client :3 | Local Epoch : 4 | [64/926 (7%)]	Loss1: 5.838254 Loss2: 0.000060 
| Global Round : 36 | Client :3 | Local Epoch : 4 | [704/926 (79%)]	Loss1: 5.838121 Loss2: 0.000060 
| Global Round : 36 | Client :4 | Local Epoch : 0 | [64/514 (12%)]	Loss1: 5.839211 Loss2: 0.000036 
| Global Round : 36 | Client :4 | Local Epoch : 1 | [64/514 (12%)]	Loss1: 5.838880 Loss2: 0.000033 
| Global Round : 36 | Client :4 | Local Epoch : 2 | [64/514 (12%)]	Loss1: 5.838571 Loss2: 0.000034 
| Global Round : 36 | Client :4 | Local Epoch : 3 | [64/514 (12%)]	Loss1: 5.839308 Loss2: 0.000029 
| Global Round : 36 | Client :4 | Local Epoch : 4 | [64/514 (12%)]	Loss1: 5.838836 Loss2: 0.000035 
| Global Round : 36 | Client :5 | Local Epoch : 0 | [64/641 (10%)]	Loss1: 5.837606 Loss2: 0.000059 
| Global Round : 36 | Client :5 | Local Epoch : 1 | [64/641 (10%)]	Loss1: 5.838222 Loss2: 0.000065 
| Global Round : 36 | Client :5 | Local Epoch : 2 | [64/641 (10%)]	Loss1: 5.838420 Loss2: 0.000061 
| Global Round : 36 | Client :5 | Local Epoch : 3 | [64/641 (10%)]	Loss1: 5.838841 Loss2: 0.000058 
| Global Round : 36 | Client :5 | Local Epoch : 4 | [64/641 (10%)]	Loss1: 5.837824 Loss2: 0.000062 
| Global Round : 36 | Client :6 | Local Epoch : 0 | [64/777 (8%)]	Loss1: 5.838100 Loss2: 0.000058 
| Global Round : 36 | Client :6 | Local Epoch : 0 | [704/777 (92%)]	Loss1: 5.838192 Loss2: 0.000053 
| Global Round : 36 | Client :6 | Local Epoch : 1 | [64/777 (8%)]	Loss1: 5.838467 Loss2: 0.000051 
| Global Round : 36 | Client :6 | Local Epoch : 1 | [704/777 (92%)]	Loss1: 5.838676 Loss2: 0.000051 
| Global Round : 36 | Client :6 | Local Epoch : 2 | [64/777 (8%)]	Loss1: 5.837993 Loss2: 0.000057 
| Global Round : 36 | Client :6 | Local Epoch : 2 | [704/777 (92%)]	Loss1: 5.838272 Loss2: 0.000055 
| Global Round : 36 | Client :6 | Local Epoch : 3 | [64/777 (8%)]	Loss1: 5.838562 Loss2: 0.000053 
| Global Round : 36 | Client :6 | Local Epoch : 3 | [704/777 (92%)]	Loss1: 5.838229 Loss2: 0.000058 
| Global Round : 36 | Client :6 | Local Epoch : 4 | [64/777 (8%)]	Loss1: 5.838121 Loss2: 0.000058 
| Global Round : 36 | Client :6 | Local Epoch : 4 | [704/777 (92%)]	Loss1: 5.838298 Loss2: 0.000052 
| Global Round : 36 | Client :7 | Local Epoch : 0 | [64/590 (11%)]	Loss1: 5.838547 Loss2: 0.000054 
| Global Round : 36 | Client :7 | Local Epoch : 1 | [64/590 (11%)]	Loss1: 5.838156 Loss2: 0.000054 
| Global Round : 36 | Client :7 | Local Epoch : 2 | [64/590 (11%)]	Loss1: 5.838650 Loss2: 0.000043 
| Global Round : 36 | Client :7 | Local Epoch : 3 | [64/590 (11%)]	Loss1: 5.838702 Loss2: 0.000044 
| Global Round : 36 | Client :7 | Local Epoch : 4 | [64/590 (11%)]	Loss1: 5.837909 Loss2: 0.000045 
| Global Round : 36 | Client :8 | Local Epoch : 0 | [64/612 (11%)]	Loss1: 5.838104 Loss2: 0.000051 
| Global Round : 36 | Client :8 | Local Epoch : 1 | [64/612 (11%)]	Loss1: 5.838117 Loss2: 0.000055 
| Global Round : 36 | Client :8 | Local Epoch : 2 | [64/612 (11%)]	Loss1: 5.838077 Loss2: 0.000050 
| Global Round : 36 | Client :8 | Local Epoch : 3 | [64/612 (11%)]	Loss1: 5.838040 Loss2: 0.000049 
| Global Round : 36 | Client :8 | Local Epoch : 4 | [64/612 (11%)]	Loss1: 5.837829 Loss2: 0.000049 
| Global Round : 36 | Client :9 | Local Epoch : 0 | [64/305 (25%)]	Loss1: 5.839050 Loss2: 0.000039 
| Global Round : 36 | Client :9 | Local Epoch : 1 | [64/305 (25%)]	Loss1: 5.838856 Loss2: 0.000036 
| Global Round : 36 | Client :9 | Local Epoch : 2 | [64/305 (25%)]	Loss1: 5.838767 Loss2: 0.000041 
| Global Round : 36 | Client :9 | Local Epoch : 3 | [64/305 (25%)]	Loss1: 5.838842 Loss2: 0.000036 
| Global Round : 36 | Client :9 | Local Epoch : 4 | [64/305 (25%)]	Loss1: 5.839717 Loss2: 0.000039 
average loss:   5.8376749490177815
average local test accuracy: 0.93359375
average global test accuracy:  0.30976562499999993

 | Global Training Round : 37 |

xi_k [0.46364662 0.4677397  0.49444862 0.5151783  0.53040655 0.53161477
 0.52630583 0.5198245  0.5011028  0.44697404]
max_exp: -1.0
coe: 10
Regulation [0.8 0.8 0.8 0.8 0.8 0.8 0.8 0.8 0.8 0.8]
Solver status: optimal_inaccurate
b_new: [1. 1. 1. 1. 1. 1. 1. 1. 1. 1.]
Iter 0: obj=49.5724, best_obj=49.5724, ||b_new-b_prev||₂=2.846050
xi_k [0.46364662 0.4677397  0.49444862 0.5151783  0.53040655 0.53161477
 0.52630583 0.5198245  0.5011028  0.44697404]
max_exp: -1.0
coe: 10
Regulation [-1. -1. -1. -1. -1. -1. -1. -1. -1. -1.]
Solver status: optimal_inaccurate
b_new: [1. 1. 1. 1. 1. 1. 1. 1. 1. 1.]
Iter 1: obj=50.4724, best_obj=50.4724, ||b_new-b_prev||₂=0.000000
Converged.
Final b: [1. 1. 1. 1. 1. 1. 1. 1. 1. 1.]
<class 'numpy.ndarray'>
b_float: [1. 1. 1. 1. 1. 1. 1. 1. 1. 1.]
b: [1 1 1 1 1 1 1 1 1 1]
active_clients:  [0, 1, 2, 3, 4, 5, 6, 7, 8, 9]
Client 0's s_k are:[0 1 1 1 1 1 1 1 1 1]
Client 1's s_k are:[1 0 1 1 1 1 1 1 1 1]
Client 2's s_k are:[1 1 0 1 1 1 1 1 1 1]
Client 3's s_k are:[1 1 1 0 1 1 1 1 1 1]
Client 4's s_k are:[1 1 1 1 0 1 1 1 1 1]
Client 5's s_k are:[1 1 1 1 1 0 1 1 1 1]
Client 6's s_k are:[1 1 1 1 1 1 0 1 1 1]
Client 7's s_k are:[1 1 1 1 1 1 1 0 1 1]
Client 8's s_k are:[1 1 1 1 1 1 1 1 0 1]
Client 9's s_k are:[1 1 1 1 1 1 1 1 1 0]
| Global Round : 37 | Client :0 | Local Epoch : 0 | [64/294 (25%)]	Loss1: 5.838140 Loss2: 0.000044 
| Global Round : 37 | Client :0 | Local Epoch : 1 | [64/294 (25%)]	Loss1: 5.838128 Loss2: 0.000041 
| Global Round : 37 | Client :0 | Local Epoch : 2 | [64/294 (25%)]	Loss1: 5.838451 Loss2: 0.000046 
| Global Round : 37 | Client :0 | Local Epoch : 3 | [64/294 (25%)]	Loss1: 5.837941 Loss2: 0.000047 
| Global Round : 37 | Client :0 | Local Epoch : 4 | [64/294 (25%)]	Loss1: 5.838000 Loss2: 0.000046 
| Global Round : 37 | Client :1 | Local Epoch : 0 | [64/510 (14%)]	Loss1: 5.838778 Loss2: 0.000059 
| Global Round : 37 | Client :1 | Local Epoch : 1 | [64/510 (14%)]	Loss1: 5.839118 Loss2: 0.000060 
| Global Round : 37 | Client :1 | Local Epoch : 2 | [64/510 (14%)]	Loss1: 5.838437 Loss2: 0.000063 
| Global Round : 37 | Client :1 | Local Epoch : 3 | [64/510 (14%)]	Loss1: 5.838746 Loss2: 0.000068 
| Global Round : 37 | Client :1 | Local Epoch : 4 | [64/510 (14%)]	Loss1: 5.838523 Loss2: 0.000066 
| Global Round : 37 | Client :2 | Local Epoch : 0 | [64/827 (8%)]	Loss1: 5.838293 Loss2: 0.000049 
| Global Round : 37 | Client :2 | Local Epoch : 0 | [704/827 (92%)]	Loss1: 5.838559 Loss2: 0.000052 
| Global Round : 37 | Client :2 | Local Epoch : 1 | [64/827 (8%)]	Loss1: 5.838115 Loss2: 0.000054 
| Global Round : 37 | Client :2 | Local Epoch : 1 | [704/827 (92%)]	Loss1: 5.838046 Loss2: 0.000050 
| Global Round : 37 | Client :2 | Local Epoch : 2 | [64/827 (8%)]	Loss1: 5.838483 Loss2: 0.000048 
| Global Round : 37 | Client :2 | Local Epoch : 2 | [704/827 (92%)]	Loss1: 5.838216 Loss2: 0.000053 
| Global Round : 37 | Client :2 | Local Epoch : 3 | [64/827 (8%)]	Loss1: 5.838211 Loss2: 0.000052 
| Global Round : 37 | Client :2 | Local Epoch : 3 | [704/827 (92%)]	Loss1: 5.838235 Loss2: 0.000045 
| Global Round : 37 | Client :2 | Local Epoch : 4 | [64/827 (8%)]	Loss1: 5.838066 Loss2: 0.000053 
| Global Round : 37 | Client :2 | Local Epoch : 4 | [704/827 (92%)]	Loss1: 5.838336 Loss2: 0.000049 
| Global Round : 37 | Client :3 | Local Epoch : 0 | [64/926 (7%)]	Loss1: 5.837738 Loss2: 0.000060 
| Global Round : 37 | Client :3 | Local Epoch : 0 | [704/926 (79%)]	Loss1: 5.837932 Loss2: 0.000060 
| Global Round : 37 | Client :3 | Local Epoch : 1 | [64/926 (7%)]	Loss1: 5.837789 Loss2: 0.000065 
| Global Round : 37 | Client :3 | Local Epoch : 1 | [704/926 (79%)]	Loss1: 5.837847 Loss2: 0.000059 
| Global Round : 37 | Client :3 | Local Epoch : 2 | [64/926 (7%)]	Loss1: 5.837839 Loss2: 0.000061 
| Global Round : 37 | Client :3 | Local Epoch : 2 | [704/926 (79%)]	Loss1: 5.838232 Loss2: 0.000059 
| Global Round : 37 | Client :3 | Local Epoch : 3 | [64/926 (7%)]	Loss1: 5.837993 Loss2: 0.000060 
| Global Round : 37 | Client :3 | Local Epoch : 3 | [704/926 (79%)]	Loss1: 5.837979 Loss2: 0.000062 
| Global Round : 37 | Client :3 | Local Epoch : 4 | [64/926 (7%)]	Loss1: 5.838035 Loss2: 0.000065 
| Global Round : 37 | Client :3 | Local Epoch : 4 | [704/926 (79%)]	Loss1: 5.838101 Loss2: 0.000062 
| Global Round : 37 | Client :4 | Local Epoch : 0 | [64/514 (12%)]	Loss1: 5.838772 Loss2: 0.000030 
| Global Round : 37 | Client :4 | Local Epoch : 1 | [64/514 (12%)]	Loss1: 5.839349 Loss2: 0.000033 
| Global Round : 37 | Client :4 | Local Epoch : 2 | [64/514 (12%)]	Loss1: 5.838950 Loss2: 0.000032 
| Global Round : 37 | Client :4 | Local Epoch : 3 | [64/514 (12%)]	Loss1: 5.839203 Loss2: 0.000033 
| Global Round : 37 | Client :4 | Local Epoch : 4 | [64/514 (12%)]	Loss1: 5.839123 Loss2: 0.000028 
| Global Round : 37 | Client :5 | Local Epoch : 0 | [64/641 (10%)]	Loss1: 5.837654 Loss2: 0.000062 
| Global Round : 37 | Client :5 | Local Epoch : 1 | [64/641 (10%)]	Loss1: 5.837856 Loss2: 0.000059 
| Global Round : 37 | Client :5 | Local Epoch : 2 | [64/641 (10%)]	Loss1: 5.838760 Loss2: 0.000062 
| Global Round : 37 | Client :5 | Local Epoch : 3 | [64/641 (10%)]	Loss1: 5.837475 Loss2: 0.000060 
| Global Round : 37 | Client :5 | Local Epoch : 4 | [64/641 (10%)]	Loss1: 5.838875 Loss2: 0.000062 
| Global Round : 37 | Client :6 | Local Epoch : 0 | [64/777 (8%)]	Loss1: 5.837922 Loss2: 0.000055 
| Global Round : 37 | Client :6 | Local Epoch : 0 | [704/777 (92%)]	Loss1: 5.838674 Loss2: 0.000051 
| Global Round : 37 | Client :6 | Local Epoch : 1 | [64/777 (8%)]	Loss1: 5.839261 Loss2: 0.000054 
| Global Round : 37 | Client :6 | Local Epoch : 1 | [704/777 (92%)]	Loss1: 5.838150 Loss2: 0.000055 
| Global Round : 37 | Client :6 | Local Epoch : 2 | [64/777 (8%)]	Loss1: 5.838655 Loss2: 0.000056 
| Global Round : 37 | Client :6 | Local Epoch : 2 | [704/777 (92%)]	Loss1: 5.838423 Loss2: 0.000054 
| Global Round : 37 | Client :6 | Local Epoch : 3 | [64/777 (8%)]	Loss1: 5.838302 Loss2: 0.000058 
| Global Round : 37 | Client :6 | Local Epoch : 3 | [704/777 (92%)]	Loss1: 5.838392 Loss2: 0.000052 
| Global Round : 37 | Client :6 | Local Epoch : 4 | [64/777 (8%)]	Loss1: 5.838080 Loss2: 0.000057 
| Global Round : 37 | Client :6 | Local Epoch : 4 | [704/777 (92%)]	Loss1: 5.839618 Loss2: 0.000055 
| Global Round : 37 | Client :7 | Local Epoch : 0 | [64/590 (11%)]	Loss1: 5.837790 Loss2: 0.000047 
| Global Round : 37 | Client :7 | Local Epoch : 1 | [64/590 (11%)]	Loss1: 5.838655 Loss2: 0.000049 
| Global Round : 37 | Client :7 | Local Epoch : 2 | [64/590 (11%)]	Loss1: 5.838487 Loss2: 0.000048 
| Global Round : 37 | Client :7 | Local Epoch : 3 | [64/590 (11%)]	Loss1: 5.838102 Loss2: 0.000047 
| Global Round : 37 | Client :7 | Local Epoch : 4 | [64/590 (11%)]	Loss1: 5.838006 Loss2: 0.000045 
| Global Round : 37 | Client :8 | Local Epoch : 0 | [64/612 (11%)]	Loss1: 5.838169 Loss2: 0.000050 
| Global Round : 37 | Client :8 | Local Epoch : 1 | [64/612 (11%)]	Loss1: 5.837682 Loss2: 0.000050 
| Global Round : 37 | Client :8 | Local Epoch : 2 | [64/612 (11%)]	Loss1: 5.838033 Loss2: 0.000050 
| Global Round : 37 | Client :8 | Local Epoch : 3 | [64/612 (11%)]	Loss1: 5.837837 Loss2: 0.000051 
| Global Round : 37 | Client :8 | Local Epoch : 4 | [64/612 (11%)]	Loss1: 5.837901 Loss2: 0.000053 
| Global Round : 37 | Client :9 | Local Epoch : 0 | [64/305 (25%)]	Loss1: 5.838346 Loss2: 0.000037 
| Global Round : 37 | Client :9 | Local Epoch : 1 | [64/305 (25%)]	Loss1: 5.839653 Loss2: 0.000037 
| Global Round : 37 | Client :9 | Local Epoch : 2 | [64/305 (25%)]	Loss1: 5.838995 Loss2: 0.000039 
| Global Round : 37 | Client :9 | Local Epoch : 3 | [64/305 (25%)]	Loss1: 5.838809 Loss2: 0.000035 
| Global Round : 37 | Client :9 | Local Epoch : 4 | [64/305 (25%)]	Loss1: 5.839037 Loss2: 0.000038 
average loss:   5.837690143944725
average local test accuracy: 0.9337239583333332
average global test accuracy:  0.3375

 | Global Training Round : 38 |

xi_k [0.4636371  0.46776934 0.49445628 0.51518037 0.53041586 0.53160142
 0.52629527 0.5198223  0.50109937 0.4469649 ]
max_exp: -1.0
coe: 10
Regulation [0.8 0.8 0.8 0.8 0.8 0.8 0.8 0.8 0.8 0.8]
Solver status: optimal_inaccurate
b_new: [1. 1. 1. 1. 1. 1. 1. 1. 1. 1.]
Iter 0: obj=49.5724, best_obj=49.5724, ||b_new-b_prev||₂=2.846050
xi_k [0.4636371  0.46776934 0.49445628 0.51518037 0.53041586 0.53160142
 0.52629527 0.5198223  0.50109937 0.4469649 ]
max_exp: -1.0
coe: 10
Regulation [-1. -1. -1. -1. -1. -1. -1. -1. -1. -1.]
Solver status: optimal_inaccurate
b_new: [1. 1. 1. 1. 1. 1. 1. 1. 1. 1.]
Iter 1: obj=50.4724, best_obj=50.4724, ||b_new-b_prev||₂=0.000000
Converged.
Final b: [1. 1. 1. 1. 1. 1. 1. 1. 1. 1.]
<class 'numpy.ndarray'>
b_float: [1. 1. 1. 1. 1. 1. 1. 1. 1. 1.]
b: [1 1 1 1 1 1 1 1 1 1]
active_clients:  [0, 1, 2, 3, 4, 5, 6, 7, 8, 9]
Client 0's s_k are:[0 1 1 1 1 1 1 1 1 1]
Client 1's s_k are:[1 0 1 1 1 1 1 1 1 1]
Client 2's s_k are:[1 1 0 1 1 1 1 1 1 1]
Client 3's s_k are:[1 1 1 0 1 1 1 1 1 1]
Client 4's s_k are:[1 1 1 1 0 1 1 1 1 1]
Client 5's s_k are:[1 1 1 1 1 0 1 1 1 1]
Client 6's s_k are:[1 1 1 1 1 1 0 1 1 1]
Client 7's s_k are:[1 1 1 1 1 1 1 0 1 1]
Client 8's s_k are:[1 1 1 1 1 1 1 1 0 1]
Client 9's s_k are:[1 1 1 1 1 1 1 1 1 0]
| Global Round : 38 | Client :0 | Local Epoch : 0 | [64/294 (25%)]	Loss1: 5.838457 Loss2: 0.000047 
| Global Round : 38 | Client :0 | Local Epoch : 1 | [64/294 (25%)]	Loss1: 5.838217 Loss2: 0.000043 
| Global Round : 38 | Client :0 | Local Epoch : 2 | [64/294 (25%)]	Loss1: 5.838052 Loss2: 0.000043 
| Global Round : 38 | Client :0 | Local Epoch : 3 | [64/294 (25%)]	Loss1: 5.838561 Loss2: 0.000043 
| Global Round : 38 | Client :0 | Local Epoch : 4 | [64/294 (25%)]	Loss1: 5.838425 Loss2: 0.000044 
| Global Round : 38 | Client :1 | Local Epoch : 0 | [64/510 (14%)]	Loss1: 5.837903 Loss2: 0.000062 
| Global Round : 38 | Client :1 | Local Epoch : 1 | [64/510 (14%)]	Loss1: 5.838277 Loss2: 0.000061 
| Global Round : 38 | Client :1 | Local Epoch : 2 | [64/510 (14%)]	Loss1: 5.837941 Loss2: 0.000060 
| Global Round : 38 | Client :1 | Local Epoch : 3 | [64/510 (14%)]	Loss1: 5.838419 Loss2: 0.000060 
| Global Round : 38 | Client :1 | Local Epoch : 4 | [64/510 (14%)]	Loss1: 5.838041 Loss2: 0.000063 
| Global Round : 38 | Client :2 | Local Epoch : 0 | [64/827 (8%)]	Loss1: 5.837998 Loss2: 0.000042 
| Global Round : 38 | Client :2 | Local Epoch : 0 | [704/827 (92%)]	Loss1: 5.838319 Loss2: 0.000048 
| Global Round : 38 | Client :2 | Local Epoch : 1 | [64/827 (8%)]	Loss1: 5.838142 Loss2: 0.000050 
| Global Round : 38 | Client :2 | Local Epoch : 1 | [704/827 (92%)]	Loss1: 5.838348 Loss2: 0.000052 
| Global Round : 38 | Client :2 | Local Epoch : 2 | [64/827 (8%)]	Loss1: 5.838153 Loss2: 0.000054 
| Global Round : 38 | Client :2 | Local Epoch : 2 | [704/827 (92%)]	Loss1: 5.838631 Loss2: 0.000048 
| Global Round : 38 | Client :2 | Local Epoch : 3 | [64/827 (8%)]	Loss1: 5.838594 Loss2: 0.000050 
| Global Round : 38 | Client :2 | Local Epoch : 3 | [704/827 (92%)]	Loss1: 5.838445 Loss2: 0.000046 
| Global Round : 38 | Client :2 | Local Epoch : 4 | [64/827 (8%)]	Loss1: 5.838375 Loss2: 0.000046 
| Global Round : 38 | Client :2 | Local Epoch : 4 | [704/827 (92%)]	Loss1: 5.838454 Loss2: 0.000049 
| Global Round : 38 | Client :3 | Local Epoch : 0 | [64/926 (7%)]	Loss1: 5.837850 Loss2: 0.000062 
| Global Round : 38 | Client :3 | Local Epoch : 0 | [704/926 (79%)]	Loss1: 5.837940 Loss2: 0.000061 
| Global Round : 38 | Client :3 | Local Epoch : 1 | [64/926 (7%)]	Loss1: 5.837819 Loss2: 0.000071 
| Global Round : 38 | Client :3 | Local Epoch : 1 | [704/926 (79%)]	Loss1: 5.837707 Loss2: 0.000060 
| Global Round : 38 | Client :3 | Local Epoch : 2 | [64/926 (7%)]	Loss1: 5.837981 Loss2: 0.000056 
| Global Round : 38 | Client :3 | Local Epoch : 2 | [704/926 (79%)]	Loss1: 5.838472 Loss2: 0.000062 
| Global Round : 38 | Client :3 | Local Epoch : 3 | [64/926 (7%)]	Loss1: 5.838399 Loss2: 0.000064 
| Global Round : 38 | Client :3 | Local Epoch : 3 | [704/926 (79%)]	Loss1: 5.837736 Loss2: 0.000060 
| Global Round : 38 | Client :3 | Local Epoch : 4 | [64/926 (7%)]	Loss1: 5.838624 Loss2: 0.000058 
| Global Round : 38 | Client :3 | Local Epoch : 4 | [704/926 (79%)]	Loss1: 5.837882 Loss2: 0.000057 
| Global Round : 38 | Client :4 | Local Epoch : 0 | [64/514 (12%)]	Loss1: 5.839458 Loss2: 0.000031 
| Global Round : 38 | Client :4 | Local Epoch : 1 | [64/514 (12%)]	Loss1: 5.839498 Loss2: 0.000030 
| Global Round : 38 | Client :4 | Local Epoch : 2 | [64/514 (12%)]	Loss1: 5.838630 Loss2: 0.000030 
| Global Round : 38 | Client :4 | Local Epoch : 3 | [64/514 (12%)]	Loss1: 5.839154 Loss2: 0.000025 
| Global Round : 38 | Client :4 | Local Epoch : 4 | [64/514 (12%)]	Loss1: 5.838909 Loss2: 0.000031 
| Global Round : 38 | Client :5 | Local Epoch : 0 | [64/641 (10%)]	Loss1: 5.837428 Loss2: 0.000063 
| Global Round : 38 | Client :5 | Local Epoch : 1 | [64/641 (10%)]	Loss1: 5.837436 Loss2: 0.000057 
| Global Round : 38 | Client :5 | Local Epoch : 2 | [64/641 (10%)]	Loss1: 5.837597 Loss2: 0.000060 
| Global Round : 38 | Client :5 | Local Epoch : 3 | [64/641 (10%)]	Loss1: 5.837652 Loss2: 0.000055 
| Global Round : 38 | Client :5 | Local Epoch : 4 | [64/641 (10%)]	Loss1: 5.837649 Loss2: 0.000062 
| Global Round : 38 | Client :6 | Local Epoch : 0 | [64/777 (8%)]	Loss1: 5.837975 Loss2: 0.000058 
| Global Round : 38 | Client :6 | Local Epoch : 0 | [704/777 (92%)]	Loss1: 5.838847 Loss2: 0.000053 
| Global Round : 38 | Client :6 | Local Epoch : 1 | [64/777 (8%)]	Loss1: 5.837948 Loss2: 0.000055 
| Global Round : 38 | Client :6 | Local Epoch : 1 | [704/777 (92%)]	Loss1: 5.838760 Loss2: 0.000052 
| Global Round : 38 | Client :6 | Local Epoch : 2 | [64/777 (8%)]	Loss1: 5.838758 Loss2: 0.000055 
| Global Round : 38 | Client :6 | Local Epoch : 2 | [704/777 (92%)]	Loss1: 5.838340 Loss2: 0.000053 
| Global Round : 38 | Client :6 | Local Epoch : 3 | [64/777 (8%)]	Loss1: 5.837760 Loss2: 0.000054 
| Global Round : 38 | Client :6 | Local Epoch : 3 | [704/777 (92%)]	Loss1: 5.838407 Loss2: 0.000054 
| Global Round : 38 | Client :6 | Local Epoch : 4 | [64/777 (8%)]	Loss1: 5.838410 Loss2: 0.000055 
| Global Round : 38 | Client :6 | Local Epoch : 4 | [704/777 (92%)]	Loss1: 5.838624 Loss2: 0.000054 
| Global Round : 38 | Client :7 | Local Epoch : 0 | [64/590 (11%)]	Loss1: 5.838121 Loss2: 0.000044 
| Global Round : 38 | Client :7 | Local Epoch : 1 | [64/590 (11%)]	Loss1: 5.837944 Loss2: 0.000045 
| Global Round : 38 | Client :7 | Local Epoch : 2 | [64/590 (11%)]	Loss1: 5.838426 Loss2: 0.000043 
| Global Round : 38 | Client :7 | Local Epoch : 3 | [64/590 (11%)]	Loss1: 5.837894 Loss2: 0.000049 
| Global Round : 38 | Client :7 | Local Epoch : 4 | [64/590 (11%)]	Loss1: 5.837961 Loss2: 0.000047 
| Global Round : 38 | Client :8 | Local Epoch : 0 | [64/612 (11%)]	Loss1: 5.837888 Loss2: 0.000053 
| Global Round : 38 | Client :8 | Local Epoch : 1 | [64/612 (11%)]	Loss1: 5.837902 Loss2: 0.000052 
| Global Round : 38 | Client :8 | Local Epoch : 2 | [64/612 (11%)]	Loss1: 5.837671 Loss2: 0.000049 
| Global Round : 38 | Client :8 | Local Epoch : 3 | [64/612 (11%)]	Loss1: 5.837865 Loss2: 0.000053 
| Global Round : 38 | Client :8 | Local Epoch : 4 | [64/612 (11%)]	Loss1: 5.837725 Loss2: 0.000049 
| Global Round : 38 | Client :9 | Local Epoch : 0 | [64/305 (25%)]	Loss1: 5.839665 Loss2: 0.000036 
| Global Round : 38 | Client :9 | Local Epoch : 1 | [64/305 (25%)]	Loss1: 5.838533 Loss2: 0.000033 
| Global Round : 38 | Client :9 | Local Epoch : 2 | [64/305 (25%)]	Loss1: 5.839070 Loss2: 0.000036 
| Global Round : 38 | Client :9 | Local Epoch : 3 | [64/305 (25%)]	Loss1: 5.838804 Loss2: 0.000036 
| Global Round : 38 | Client :9 | Local Epoch : 4 | [64/305 (25%)]	Loss1: 5.838258 Loss2: 0.000036 
average loss:   5.837640368086951
average local test accuracy: 0.9305989583333332
average global test accuracy:  0.311328125

 | Global Training Round : 39 |

xi_k [0.46361799 0.46773391 0.49444274 0.51518223 0.53039213 0.53160502
 0.52629708 0.51981016 0.50109957 0.44697962]
max_exp: -1.0
coe: 10
Regulation [0.8 0.8 0.8 0.8 0.8 0.8 0.8 0.8 0.8 0.8]
Solver status: optimal_inaccurate
b_new: [1. 1. 1. 1. 1. 1. 1. 1. 1. 1.]
Iter 0: obj=49.5716, best_obj=49.5716, ||b_new-b_prev||₂=2.846050
xi_k [0.46361799 0.46773391 0.49444274 0.51518223 0.53039213 0.53160502
 0.52629708 0.51981016 0.50109957 0.44697962]
max_exp: -1.0
coe: 10
Regulation [-1. -1. -1. -1. -1. -1. -1. -1. -1. -1.]
Solver status: optimal_inaccurate
b_new: [1. 1. 1. 1. 1. 1. 1. 1. 1. 1.]
Iter 1: obj=50.4716, best_obj=50.4716, ||b_new-b_prev||₂=0.000000
Converged.
Final b: [1. 1. 1. 1. 1. 1. 1. 1. 1. 1.]
<class 'numpy.ndarray'>
b_float: [1. 1. 1. 1. 1. 1. 1. 1. 1. 1.]
b: [1 1 1 1 1 1 1 1 1 1]
active_clients:  [0, 1, 2, 3, 4, 5, 6, 7, 8, 9]
Client 0's s_k are:[0 1 1 1 1 1 1 1 1 1]
Client 1's s_k are:[1 0 1 1 1 1 1 1 1 1]
Client 2's s_k are:[1 1 0 1 1 1 1 1 1 1]
Client 3's s_k are:[1 1 1 0 1 1 1 1 1 1]
Client 4's s_k are:[1 1 1 1 0 1 1 1 1 1]
Client 5's s_k are:[1 1 1 1 1 0 1 1 1 1]
Client 6's s_k are:[1 1 1 1 1 1 0 1 1 1]
Client 7's s_k are:[1 1 1 1 1 1 1 0 1 1]
Client 8's s_k are:[1 1 1 1 1 1 1 1 0 1]
Client 9's s_k are:[1 1 1 1 1 1 1 1 1 0]
| Global Round : 39 | Client :0 | Local Epoch : 0 | [64/294 (25%)]	Loss1: 5.838280 Loss2: 0.000041 
| Global Round : 39 | Client :0 | Local Epoch : 1 | [64/294 (25%)]	Loss1: 5.837967 Loss2: 0.000045 
| Global Round : 39 | Client :0 | Local Epoch : 2 | [64/294 (25%)]	Loss1: 5.839145 Loss2: 0.000044 
| Global Round : 39 | Client :0 | Local Epoch : 3 | [64/294 (25%)]	Loss1: 5.838191 Loss2: 0.000045 
| Global Round : 39 | Client :0 | Local Epoch : 4 | [64/294 (25%)]	Loss1: 5.838140 Loss2: 0.000045 
| Global Round : 39 | Client :1 | Local Epoch : 0 | [64/510 (14%)]	Loss1: 5.838364 Loss2: 0.000062 
| Global Round : 39 | Client :1 | Local Epoch : 1 | [64/510 (14%)]	Loss1: 5.838113 Loss2: 0.000061 
| Global Round : 39 | Client :1 | Local Epoch : 2 | [64/510 (14%)]	Loss1: 5.839436 Loss2: 0.000057 
| Global Round : 39 | Client :1 | Local Epoch : 3 | [64/510 (14%)]	Loss1: 5.837941 Loss2: 0.000058 
| Global Round : 39 | Client :1 | Local Epoch : 4 | [64/510 (14%)]	Loss1: 5.838295 Loss2: 0.000062 
| Global Round : 39 | Client :2 | Local Epoch : 0 | [64/827 (8%)]	Loss1: 5.838016 Loss2: 0.000046 
| Global Round : 39 | Client :2 | Local Epoch : 0 | [704/827 (92%)]	Loss1: 5.838720 Loss2: 0.000048 
| Global Round : 39 | Client :2 | Local Epoch : 1 | [64/827 (8%)]	Loss1: 5.838284 Loss2: 0.000046 
| Global Round : 39 | Client :2 | Local Epoch : 1 | [704/827 (92%)]	Loss1: 5.838108 Loss2: 0.000048 
| Global Round : 39 | Client :2 | Local Epoch : 2 | [64/827 (8%)]	Loss1: 5.838413 Loss2: 0.000049 
| Global Round : 39 | Client :2 | Local Epoch : 2 | [704/827 (92%)]	Loss1: 5.838549 Loss2: 0.000051 
| Global Round : 39 | Client :2 | Local Epoch : 3 | [64/827 (8%)]	Loss1: 5.838123 Loss2: 0.000047 
| Global Round : 39 | Client :2 | Local Epoch : 3 | [704/827 (92%)]	Loss1: 5.838782 Loss2: 0.000048 
| Global Round : 39 | Client :2 | Local Epoch : 4 | [64/827 (8%)]	Loss1: 5.838328 Loss2: 0.000048 
| Global Round : 39 | Client :2 | Local Epoch : 4 | [704/827 (92%)]	Loss1: 5.837854 Loss2: 0.000053 
| Global Round : 39 | Client :3 | Local Epoch : 0 | [64/926 (7%)]	Loss1: 5.837847 Loss2: 0.000063 
| Global Round : 39 | Client :3 | Local Epoch : 0 | [704/926 (79%)]	Loss1: 5.838292 Loss2: 0.000064 
| Global Round : 39 | Client :3 | Local Epoch : 1 | [64/926 (7%)]	Loss1: 5.838165 Loss2: 0.000062 
| Global Round : 39 | Client :3 | Local Epoch : 1 | [704/926 (79%)]	Loss1: 5.838487 Loss2: 0.000056 
| Global Round : 39 | Client :3 | Local Epoch : 2 | [64/926 (7%)]	Loss1: 5.838418 Loss2: 0.000059 
| Global Round : 39 | Client :3 | Local Epoch : 2 | [704/926 (79%)]	Loss1: 5.838480 Loss2: 0.000056 
| Global Round : 39 | Client :3 | Local Epoch : 3 | [64/926 (7%)]	Loss1: 5.837968 Loss2: 0.000060 
| Global Round : 39 | Client :3 | Local Epoch : 3 | [704/926 (79%)]	Loss1: 5.837821 Loss2: 0.000061 
| Global Round : 39 | Client :3 | Local Epoch : 4 | [64/926 (7%)]	Loss1: 5.838230 Loss2: 0.000062 
| Global Round : 39 | Client :3 | Local Epoch : 4 | [704/926 (79%)]	Loss1: 5.837933 Loss2: 0.000062 
| Global Round : 39 | Client :4 | Local Epoch : 0 | [64/514 (12%)]	Loss1: 5.838747 Loss2: 0.000034 
| Global Round : 39 | Client :4 | Local Epoch : 1 | [64/514 (12%)]	Loss1: 5.839571 Loss2: 0.000031 
| Global Round : 39 | Client :4 | Local Epoch : 2 | [64/514 (12%)]	Loss1: 5.839312 Loss2: 0.000037 
| Global Round : 39 | Client :4 | Local Epoch : 3 | [64/514 (12%)]	Loss1: 5.839400 Loss2: 0.000031 
| Global Round : 39 | Client :4 | Local Epoch : 4 | [64/514 (12%)]	Loss1: 5.839643 Loss2: 0.000037 
| Global Round : 39 | Client :5 | Local Epoch : 0 | [64/641 (10%)]	Loss1: 5.837564 Loss2: 0.000062 
| Global Round : 39 | Client :5 | Local Epoch : 1 | [64/641 (10%)]	Loss1: 5.837671 Loss2: 0.000058 
| Global Round : 39 | Client :5 | Local Epoch : 2 | [64/641 (10%)]	Loss1: 5.837916 Loss2: 0.000058 
| Global Round : 39 | Client :5 | Local Epoch : 3 | [64/641 (10%)]	Loss1: 5.838489 Loss2: 0.000060 
| Global Round : 39 | Client :5 | Local Epoch : 4 | [64/641 (10%)]	Loss1: 5.837558 Loss2: 0.000059 
| Global Round : 39 | Client :6 | Local Epoch : 0 | [64/777 (8%)]	Loss1: 5.838665 Loss2: 0.000058 
| Global Round : 39 | Client :6 | Local Epoch : 0 | [704/777 (92%)]	Loss1: 5.838302 Loss2: 0.000057 
| Global Round : 39 | Client :6 | Local Epoch : 1 | [64/777 (8%)]	Loss1: 5.838611 Loss2: 0.000052 
| Global Round : 39 | Client :6 | Local Epoch : 1 | [704/777 (92%)]	Loss1: 5.838271 Loss2: 0.000052 
| Global Round : 39 | Client :6 | Local Epoch : 2 | [64/777 (8%)]	Loss1: 5.838096 Loss2: 0.000055 
| Global Round : 39 | Client :6 | Local Epoch : 2 | [704/777 (92%)]	Loss1: 5.838489 Loss2: 0.000058 
| Global Round : 39 | Client :6 | Local Epoch : 3 | [64/777 (8%)]	Loss1: 5.838689 Loss2: 0.000055 
| Global Round : 39 | Client :6 | Local Epoch : 3 | [704/777 (92%)]	Loss1: 5.838468 Loss2: 0.000054 
| Global Round : 39 | Client :6 | Local Epoch : 4 | [64/777 (8%)]	Loss1: 5.838163 Loss2: 0.000060 
| Global Round : 39 | Client :6 | Local Epoch : 4 | [704/777 (92%)]	Loss1: 5.838584 Loss2: 0.000059 
| Global Round : 39 | Client :7 | Local Epoch : 0 | [64/590 (11%)]	Loss1: 5.838377 Loss2: 0.000052 
| Global Round : 39 | Client :7 | Local Epoch : 1 | [64/590 (11%)]	Loss1: 5.838319 Loss2: 0.000046 
| Global Round : 39 | Client :7 | Local Epoch : 2 | [64/590 (11%)]	Loss1: 5.838166 Loss2: 0.000051 
| Global Round : 39 | Client :7 | Local Epoch : 3 | [64/590 (11%)]	Loss1: 5.838065 Loss2: 0.000044 
| Global Round : 39 | Client :7 | Local Epoch : 4 | [64/590 (11%)]	Loss1: 5.838411 Loss2: 0.000048 
| Global Round : 39 | Client :8 | Local Epoch : 0 | [64/612 (11%)]	Loss1: 5.837778 Loss2: 0.000058 
| Global Round : 39 | Client :8 | Local Epoch : 1 | [64/612 (11%)]	Loss1: 5.837930 Loss2: 0.000048 
| Global Round : 39 | Client :8 | Local Epoch : 2 | [64/612 (11%)]	Loss1: 5.837876 Loss2: 0.000051 
| Global Round : 39 | Client :8 | Local Epoch : 3 | [64/612 (11%)]	Loss1: 5.838119 Loss2: 0.000048 
| Global Round : 39 | Client :8 | Local Epoch : 4 | [64/612 (11%)]	Loss1: 5.837812 Loss2: 0.000053 
| Global Round : 39 | Client :9 | Local Epoch : 0 | [64/305 (25%)]	Loss1: 5.838580 Loss2: 0.000035 
| Global Round : 39 | Client :9 | Local Epoch : 1 | [64/305 (25%)]	Loss1: 5.838921 Loss2: 0.000035 
| Global Round : 39 | Client :9 | Local Epoch : 2 | [64/305 (25%)]	Loss1: 5.838421 Loss2: 0.000037 
| Global Round : 39 | Client :9 | Local Epoch : 3 | [64/305 (25%)]	Loss1: 5.838645 Loss2: 0.000040 
| Global Round : 39 | Client :9 | Local Epoch : 4 | [64/305 (25%)]	Loss1: 5.839372 Loss2: 0.000037 
average loss:   5.837653040829158
average local test accuracy: 0.9282552083333332
average global test accuracy:  0.3125

 | Global Training Round : 40 |

xi_k [0.46362591 0.46773289 0.49444661 0.51517733 0.53044146 0.53160937
 0.52629968 0.51980925 0.50110095 0.44697323]
max_exp: -1.0
coe: 10
Regulation [0.8 0.8 0.8 0.8 0.8 0.8 0.8 0.8 0.8 0.8]
Solver status: optimal_inaccurate
b_new: [1. 1. 1. 1. 1. 1. 1. 1. 1. 1.]
Iter 0: obj=49.5722, best_obj=49.5722, ||b_new-b_prev||₂=2.846050
xi_k [0.46362591 0.46773289 0.49444661 0.51517733 0.53044146 0.53160937
 0.52629968 0.51980925 0.50110095 0.44697323]
max_exp: -1.0
coe: 10
Regulation [-1. -1. -1. -1. -1. -1. -1. -1. -1. -1.]
Solver status: optimal_inaccurate
b_new: [1. 1. 1. 1. 1. 1. 1. 1. 1. 1.]
Iter 1: obj=50.4722, best_obj=50.4722, ||b_new-b_prev||₂=0.000000
Converged.
Final b: [1. 1. 1. 1. 1. 1. 1. 1. 1. 1.]
<class 'numpy.ndarray'>
b_float: [1. 1. 1. 1. 1. 1. 1. 1. 1. 1.]
b: [1 1 1 1 1 1 1 1 1 1]
active_clients:  [0, 1, 2, 3, 4, 5, 6, 7, 8, 9]
Client 0's s_k are:[0 1 1 1 1 1 1 1 1 1]
Client 1's s_k are:[1 0 1 1 1 1 1 1 1 1]
Client 2's s_k are:[1 1 0 1 1 1 1 1 1 1]
Client 3's s_k are:[1 1 1 0 1 1 1 1 1 1]
Client 4's s_k are:[1 1 1 1 0 1 1 1 1 1]
Client 5's s_k are:[1 1 1 1 1 0 1 1 1 1]
Client 6's s_k are:[1 1 1 1 1 1 0 1 1 1]
Client 7's s_k are:[1 1 1 1 1 1 1 0 1 1]
Client 8's s_k are:[1 1 1 1 1 1 1 1 0 1]
Client 9's s_k are:[1 1 1 1 1 1 1 1 1 0]
| Global Round : 40 | Client :0 | Local Epoch : 0 | [64/294 (25%)]	Loss1: 5.838158 Loss2: 0.000042 
| Global Round : 40 | Client :0 | Local Epoch : 1 | [64/294 (25%)]	Loss1: 5.838712 Loss2: 0.000044 
| Global Round : 40 | Client :0 | Local Epoch : 2 | [64/294 (25%)]	Loss1: 5.838381 Loss2: 0.000046 
| Global Round : 40 | Client :0 | Local Epoch : 3 | [64/294 (25%)]	Loss1: 5.838321 Loss2: 0.000046 
| Global Round : 40 | Client :0 | Local Epoch : 4 | [64/294 (25%)]	Loss1: 5.838094 Loss2: 0.000041 
| Global Round : 40 | Client :1 | Local Epoch : 0 | [64/510 (14%)]	Loss1: 5.838376 Loss2: 0.000058 
| Global Round : 40 | Client :1 | Local Epoch : 1 | [64/510 (14%)]	Loss1: 5.837983 Loss2: 0.000060 
| Global Round : 40 | Client :1 | Local Epoch : 2 | [64/510 (14%)]	Loss1: 5.838196 Loss2: 0.000062 
| Global Round : 40 | Client :1 | Local Epoch : 3 | [64/510 (14%)]	Loss1: 5.838860 Loss2: 0.000066 
| Global Round : 40 | Client :1 | Local Epoch : 4 | [64/510 (14%)]	Loss1: 5.838609 Loss2: 0.000069 
| Global Round : 40 | Client :2 | Local Epoch : 0 | [64/827 (8%)]	Loss1: 5.838877 Loss2: 0.000044 
| Global Round : 40 | Client :2 | Local Epoch : 0 | [704/827 (92%)]	Loss1: 5.838486 Loss2: 0.000050 
| Global Round : 40 | Client :2 | Local Epoch : 1 | [64/827 (8%)]	Loss1: 5.838143 Loss2: 0.000049 
| Global Round : 40 | Client :2 | Local Epoch : 1 | [704/827 (92%)]	Loss1: 5.838687 Loss2: 0.000051 
| Global Round : 40 | Client :2 | Local Epoch : 2 | [64/827 (8%)]	Loss1: 5.838194 Loss2: 0.000044 
| Global Round : 40 | Client :2 | Local Epoch : 2 | [704/827 (92%)]	Loss1: 5.838812 Loss2: 0.000046 
| Global Round : 40 | Client :2 | Local Epoch : 3 | [64/827 (8%)]	Loss1: 5.838087 Loss2: 0.000048 
| Global Round : 40 | Client :2 | Local Epoch : 3 | [704/827 (92%)]	Loss1: 5.838661 Loss2: 0.000054 
| Global Round : 40 | Client :2 | Local Epoch : 4 | [64/827 (8%)]	Loss1: 5.838394 Loss2: 0.000050 
| Global Round : 40 | Client :2 | Local Epoch : 4 | [704/827 (92%)]	Loss1: 5.838474 Loss2: 0.000050 
| Global Round : 40 | Client :3 | Local Epoch : 0 | [64/926 (7%)]	Loss1: 5.838033 Loss2: 0.000057 
| Global Round : 40 | Client :3 | Local Epoch : 0 | [704/926 (79%)]	Loss1: 5.837850 Loss2: 0.000062 
| Global Round : 40 | Client :3 | Local Epoch : 1 | [64/926 (7%)]	Loss1: 5.837867 Loss2: 0.000068 
| Global Round : 40 | Client :3 | Local Epoch : 1 | [704/926 (79%)]	Loss1: 5.838290 Loss2: 0.000059 
| Global Round : 40 | Client :3 | Local Epoch : 2 | [64/926 (7%)]	Loss1: 5.838061 Loss2: 0.000062 
| Global Round : 40 | Client :3 | Local Epoch : 2 | [704/926 (79%)]	Loss1: 5.837675 Loss2: 0.000060 
| Global Round : 40 | Client :3 | Local Epoch : 3 | [64/926 (7%)]	Loss1: 5.837912 Loss2: 0.000059 
| Global Round : 40 | Client :3 | Local Epoch : 3 | [704/926 (79%)]	Loss1: 5.837745 Loss2: 0.000057 
| Global Round : 40 | Client :3 | Local Epoch : 4 | [64/926 (7%)]	Loss1: 5.837613 Loss2: 0.000064 
| Global Round : 40 | Client :3 | Local Epoch : 4 | [704/926 (79%)]	Loss1: 5.838015 Loss2: 0.000058 
| Global Round : 40 | Client :4 | Local Epoch : 0 | [64/514 (12%)]	Loss1: 5.838478 Loss2: 0.000029 
| Global Round : 40 | Client :4 | Local Epoch : 1 | [64/514 (12%)]	Loss1: 5.839248 Loss2: 0.000032 
| Global Round : 40 | Client :4 | Local Epoch : 2 | [64/514 (12%)]	Loss1: 5.840099 Loss2: 0.000032 
| Global Round : 40 | Client :4 | Local Epoch : 3 | [64/514 (12%)]	Loss1: 5.839414 Loss2: 0.000029 
| Global Round : 40 | Client :4 | Local Epoch : 4 | [64/514 (12%)]	Loss1: 5.839304 Loss2: 0.000033 
| Global Round : 40 | Client :5 | Local Epoch : 0 | [64/641 (10%)]	Loss1: 5.837417 Loss2: 0.000058 
| Global Round : 40 | Client :5 | Local Epoch : 1 | [64/641 (10%)]	Loss1: 5.837612 Loss2: 0.000058 
| Global Round : 40 | Client :5 | Local Epoch : 2 | [64/641 (10%)]	Loss1: 5.837575 Loss2: 0.000058 
| Global Round : 40 | Client :5 | Local Epoch : 3 | [64/641 (10%)]	Loss1: 5.838189 Loss2: 0.000062 
| Global Round : 40 | Client :5 | Local Epoch : 4 | [64/641 (10%)]	Loss1: 5.837842 Loss2: 0.000063 
| Global Round : 40 | Client :6 | Local Epoch : 0 | [64/777 (8%)]	Loss1: 5.838011 Loss2: 0.000056 
| Global Round : 40 | Client :6 | Local Epoch : 0 | [704/777 (92%)]	Loss1: 5.838340 Loss2: 0.000048 
| Global Round : 40 | Client :6 | Local Epoch : 1 | [64/777 (8%)]	Loss1: 5.838940 Loss2: 0.000052 
| Global Round : 40 | Client :6 | Local Epoch : 1 | [704/777 (92%)]	Loss1: 5.838205 Loss2: 0.000052 
| Global Round : 40 | Client :6 | Local Epoch : 2 | [64/777 (8%)]	Loss1: 5.838712 Loss2: 0.000052 
| Global Round : 40 | Client :6 | Local Epoch : 2 | [704/777 (92%)]	Loss1: 5.838652 Loss2: 0.000056 
| Global Round : 40 | Client :6 | Local Epoch : 3 | [64/777 (8%)]	Loss1: 5.838725 Loss2: 0.000058 
| Global Round : 40 | Client :6 | Local Epoch : 3 | [704/777 (92%)]	Loss1: 5.837928 Loss2: 0.000055 
| Global Round : 40 | Client :6 | Local Epoch : 4 | [64/777 (8%)]	Loss1: 5.838476 Loss2: 0.000059 
| Global Round : 40 | Client :6 | Local Epoch : 4 | [704/777 (92%)]	Loss1: 5.838684 Loss2: 0.000053 
| Global Round : 40 | Client :7 | Local Epoch : 0 | [64/590 (11%)]	Loss1: 5.839068 Loss2: 0.000048 
| Global Round : 40 | Client :7 | Local Epoch : 1 | [64/590 (11%)]	Loss1: 5.837851 Loss2: 0.000046 
| Global Round : 40 | Client :7 | Local Epoch : 2 | [64/590 (11%)]	Loss1: 5.838456 Loss2: 0.000046 
| Global Round : 40 | Client :7 | Local Epoch : 3 | [64/590 (11%)]	Loss1: 5.838735 Loss2: 0.000045 
| Global Round : 40 | Client :7 | Local Epoch : 4 | [64/590 (11%)]	Loss1: 5.838504 Loss2: 0.000046 
| Global Round : 40 | Client :8 | Local Epoch : 0 | [64/612 (11%)]	Loss1: 5.838113 Loss2: 0.000053 
| Global Round : 40 | Client :8 | Local Epoch : 1 | [64/612 (11%)]	Loss1: 5.837991 Loss2: 0.000050 
| Global Round : 40 | Client :8 | Local Epoch : 2 | [64/612 (11%)]	Loss1: 5.838214 Loss2: 0.000050 
| Global Round : 40 | Client :8 | Local Epoch : 3 | [64/612 (11%)]	Loss1: 5.837973 Loss2: 0.000049 
| Global Round : 40 | Client :8 | Local Epoch : 4 | [64/612 (11%)]	Loss1: 5.837810 Loss2: 0.000048 
| Global Round : 40 | Client :9 | Local Epoch : 0 | [64/305 (25%)]	Loss1: 5.838184 Loss2: 0.000039 
| Global Round : 40 | Client :9 | Local Epoch : 1 | [64/305 (25%)]	Loss1: 5.838778 Loss2: 0.000033 
| Global Round : 40 | Client :9 | Local Epoch : 2 | [64/305 (25%)]	Loss1: 5.838884 Loss2: 0.000040 
| Global Round : 40 | Client :9 | Local Epoch : 3 | [64/305 (25%)]	Loss1: 5.839538 Loss2: 0.000037 
| Global Round : 40 | Client :9 | Local Epoch : 4 | [64/305 (25%)]	Loss1: 5.838820 Loss2: 0.000039 
average loss:   5.837655446472622
average local test accuracy: 0.9217447916666666
average global test accuracy:  0.3458333333333333

 | Global Training Round : 41 |

xi_k [0.46364259 0.4677387  0.49444945 0.51517408 0.53041327 0.53159893
 0.5263077  0.51980857 0.50110442 0.44694528]
max_exp: -1.0
coe: 10
Regulation [0.8 0.8 0.8 0.8 0.8 0.8 0.8 0.8 0.8 0.8]
Solver status: optimal_inaccurate
b_new: [1. 1. 1. 1. 1. 1. 1. 1. 1. 1.]
Iter 0: obj=49.5718, best_obj=49.5718, ||b_new-b_prev||₂=2.846050
xi_k [0.46364259 0.4677387  0.49444945 0.51517408 0.53041327 0.53159893
 0.5263077  0.51980857 0.50110442 0.44694528]
max_exp: -1.0
coe: 10
Regulation [-1. -1. -1. -1. -1. -1. -1. -1. -1. -1.]
Solver status: optimal_inaccurate
b_new: [1. 1. 1. 1. 1. 1. 1. 1. 1. 1.]
Iter 1: obj=50.4718, best_obj=50.4718, ||b_new-b_prev||₂=0.000000
Converged.
Final b: [1. 1. 1. 1. 1. 1. 1. 1. 1. 1.]
<class 'numpy.ndarray'>
b_float: [1. 1. 1. 1. 1. 1. 1. 1. 1. 1.]
b: [1 1 1 1 1 1 1 1 1 1]
active_clients:  [0, 1, 2, 3, 4, 5, 6, 7, 8, 9]
Client 0's s_k are:[0 1 1 1 1 1 1 1 1 1]
Client 1's s_k are:[1 0 1 1 1 1 1 1 1 1]
Client 2's s_k are:[1 1 0 1 1 1 1 1 1 1]
Client 3's s_k are:[1 1 1 0 1 1 1 1 1 1]
Client 4's s_k are:[1 1 1 1 0 1 1 1 1 1]
Client 5's s_k are:[1 1 1 1 1 0 1 1 1 1]
Client 6's s_k are:[1 1 1 1 1 1 0 1 1 1]
Client 7's s_k are:[1 1 1 1 1 1 1 0 1 1]
Client 8's s_k are:[1 1 1 1 1 1 1 1 0 1]
Client 9's s_k are:[1 1 1 1 1 1 1 1 1 0]
| Global Round : 41 | Client :0 | Local Epoch : 0 | [64/294 (25%)]	Loss1: 5.837973 Loss2: 0.000042 
| Global Round : 41 | Client :0 | Local Epoch : 1 | [64/294 (25%)]	Loss1: 5.838230 Loss2: 0.000045 
| Global Round : 41 | Client :0 | Local Epoch : 2 | [64/294 (25%)]	Loss1: 5.838206 Loss2: 0.000042 
| Global Round : 41 | Client :0 | Local Epoch : 3 | [64/294 (25%)]	Loss1: 5.838679 Loss2: 0.000043 
| Global Round : 41 | Client :0 | Local Epoch : 4 | [64/294 (25%)]	Loss1: 5.838258 Loss2: 0.000044 
| Global Round : 41 | Client :1 | Local Epoch : 0 | [64/510 (14%)]	Loss1: 5.838591 Loss2: 0.000063 
| Global Round : 41 | Client :1 | Local Epoch : 1 | [64/510 (14%)]	Loss1: 5.838000 Loss2: 0.000080 
| Global Round : 41 | Client :1 | Local Epoch : 2 | [64/510 (14%)]	Loss1: 5.838503 Loss2: 0.000061 
| Global Round : 41 | Client :1 | Local Epoch : 3 | [64/510 (14%)]	Loss1: 5.838036 Loss2: 0.000076 
| Global Round : 41 | Client :1 | Local Epoch : 4 | [64/510 (14%)]	Loss1: 5.837859 Loss2: 0.000059 
| Global Round : 41 | Client :2 | Local Epoch : 0 | [64/827 (8%)]	Loss1: 5.837869 Loss2: 0.000050 
| Global Round : 41 | Client :2 | Local Epoch : 0 | [704/827 (92%)]	Loss1: 5.838619 Loss2: 0.000051 
| Global Round : 41 | Client :2 | Local Epoch : 1 | [64/827 (8%)]	Loss1: 5.837939 Loss2: 0.000048 
| Global Round : 41 | Client :2 | Local Epoch : 1 | [704/827 (92%)]	Loss1: 5.838342 Loss2: 0.000050 
| Global Round : 41 | Client :2 | Local Epoch : 2 | [64/827 (8%)]	Loss1: 5.838388 Loss2: 0.000045 
| Global Round : 41 | Client :2 | Local Epoch : 2 | [704/827 (92%)]	Loss1: 5.838339 Loss2: 0.000048 
| Global Round : 41 | Client :2 | Local Epoch : 3 | [64/827 (8%)]	Loss1: 5.838344 Loss2: 0.000045 
| Global Round : 41 | Client :2 | Local Epoch : 3 | [704/827 (92%)]	Loss1: 5.838954 Loss2: 0.000051 
| Global Round : 41 | Client :2 | Local Epoch : 4 | [64/827 (8%)]	Loss1: 5.838172 Loss2: 0.000048 
| Global Round : 41 | Client :2 | Local Epoch : 4 | [704/827 (92%)]	Loss1: 5.838481 Loss2: 0.000047 
| Global Round : 41 | Client :3 | Local Epoch : 0 | [64/926 (7%)]	Loss1: 5.838188 Loss2: 0.000058 
| Global Round : 41 | Client :3 | Local Epoch : 0 | [704/926 (79%)]	Loss1: 5.837984 Loss2: 0.000055 
| Global Round : 41 | Client :3 | Local Epoch : 1 | [64/926 (7%)]	Loss1: 5.837860 Loss2: 0.000058 
| Global Round : 41 | Client :3 | Local Epoch : 1 | [704/926 (79%)]	Loss1: 5.838016 Loss2: 0.000062 
| Global Round : 41 | Client :3 | Local Epoch : 2 | [64/926 (7%)]	Loss1: 5.838123 Loss2: 0.000066 
| Global Round : 41 | Client :3 | Local Epoch : 2 | [704/926 (79%)]	Loss1: 5.838017 Loss2: 0.000059 
| Global Round : 41 | Client :3 | Local Epoch : 3 | [64/926 (7%)]	Loss1: 5.837698 Loss2: 0.000059 
| Global Round : 41 | Client :3 | Local Epoch : 3 | [704/926 (79%)]	Loss1: 5.837783 Loss2: 0.000061 
| Global Round : 41 | Client :3 | Local Epoch : 4 | [64/926 (7%)]	Loss1: 5.838927 Loss2: 0.000060 
| Global Round : 41 | Client :3 | Local Epoch : 4 | [704/926 (79%)]	Loss1: 5.838127 Loss2: 0.000058 
| Global Round : 41 | Client :4 | Local Epoch : 0 | [64/514 (12%)]	Loss1: 5.838642 Loss2: 0.000029 
| Global Round : 41 | Client :4 | Local Epoch : 1 | [64/514 (12%)]	Loss1: 5.839354 Loss2: 0.000033 
| Global Round : 41 | Client :4 | Local Epoch : 2 | [64/514 (12%)]	Loss1: 5.838678 Loss2: 0.000026 
| Global Round : 41 | Client :4 | Local Epoch : 3 | [64/514 (12%)]	Loss1: 5.839078 Loss2: 0.000034 
| Global Round : 41 | Client :4 | Local Epoch : 4 | [64/514 (12%)]	Loss1: 5.839359 Loss2: 0.000027 
| Global Round : 41 | Client :5 | Local Epoch : 0 | [64/641 (10%)]	Loss1: 5.837440 Loss2: 0.000062 
| Global Round : 41 | Client :5 | Local Epoch : 1 | [64/641 (10%)]	Loss1: 5.837717 Loss2: 0.000060 
| Global Round : 41 | Client :5 | Local Epoch : 2 | [64/641 (10%)]	Loss1: 5.838287 Loss2: 0.000058 
| Global Round : 41 | Client :5 | Local Epoch : 3 | [64/641 (10%)]	Loss1: 5.837880 Loss2: 0.000059 
| Global Round : 41 | Client :5 | Local Epoch : 4 | [64/641 (10%)]	Loss1: 5.837822 Loss2: 0.000060 
| Global Round : 41 | Client :6 | Local Epoch : 0 | [64/777 (8%)]	Loss1: 5.838006 Loss2: 0.000052 
| Global Round : 41 | Client :6 | Local Epoch : 0 | [704/777 (92%)]	Loss1: 5.839292 Loss2: 0.000056 
| Global Round : 41 | Client :6 | Local Epoch : 1 | [64/777 (8%)]	Loss1: 5.838646 Loss2: 0.000054 
| Global Round : 41 | Client :6 | Local Epoch : 1 | [704/777 (92%)]	Loss1: 5.838441 Loss2: 0.000054 
| Global Round : 41 | Client :6 | Local Epoch : 2 | [64/777 (8%)]	Loss1: 5.838706 Loss2: 0.000057 
| Global Round : 41 | Client :6 | Local Epoch : 2 | [704/777 (92%)]	Loss1: 5.838579 Loss2: 0.000056 
| Global Round : 41 | Client :6 | Local Epoch : 3 | [64/777 (8%)]	Loss1: 5.838681 Loss2: 0.000056 
| Global Round : 41 | Client :6 | Local Epoch : 3 | [704/777 (92%)]	Loss1: 5.838241 Loss2: 0.000053 
| Global Round : 41 | Client :6 | Local Epoch : 4 | [64/777 (8%)]	Loss1: 5.837812 Loss2: 0.000053 
| Global Round : 41 | Client :6 | Local Epoch : 4 | [704/777 (92%)]	Loss1: 5.838533 Loss2: 0.000055 
| Global Round : 41 | Client :7 | Local Epoch : 0 | [64/590 (11%)]	Loss1: 5.837822 Loss2: 0.000046 
| Global Round : 41 | Client :7 | Local Epoch : 1 | [64/590 (11%)]	Loss1: 5.838085 Loss2: 0.000048 
| Global Round : 41 | Client :7 | Local Epoch : 2 | [64/590 (11%)]	Loss1: 5.837873 Loss2: 0.000050 
| Global Round : 41 | Client :7 | Local Epoch : 3 | [64/590 (11%)]	Loss1: 5.838644 Loss2: 0.000045 
| Global Round : 41 | Client :7 | Local Epoch : 4 | [64/590 (11%)]	Loss1: 5.838981 Loss2: 0.000047 
| Global Round : 41 | Client :8 | Local Epoch : 0 | [64/612 (11%)]	Loss1: 5.837785 Loss2: 0.000048 
| Global Round : 41 | Client :8 | Local Epoch : 1 | [64/612 (11%)]	Loss1: 5.837892 Loss2: 0.000046 
| Global Round : 41 | Client :8 | Local Epoch : 2 | [64/612 (11%)]	Loss1: 5.837944 Loss2: 0.000046 
| Global Round : 41 | Client :8 | Local Epoch : 3 | [64/612 (11%)]	Loss1: 5.837657 Loss2: 0.000048 
| Global Round : 41 | Client :8 | Local Epoch : 4 | [64/612 (11%)]	Loss1: 5.837813 Loss2: 0.000049 
| Global Round : 41 | Client :9 | Local Epoch : 0 | [64/305 (25%)]	Loss1: 5.839549 Loss2: 0.000037 
| Global Round : 41 | Client :9 | Local Epoch : 1 | [64/305 (25%)]	Loss1: 5.838951 Loss2: 0.000037 
| Global Round : 41 | Client :9 | Local Epoch : 2 | [64/305 (25%)]	Loss1: 5.838678 Loss2: 0.000034 
| Global Round : 41 | Client :9 | Local Epoch : 3 | [64/305 (25%)]	Loss1: 5.838600 Loss2: 0.000039 
| Global Round : 41 | Client :9 | Local Epoch : 4 | [64/305 (25%)]	Loss1: 5.838747 Loss2: 0.000038 
average loss:   5.83762908129465
average local test accuracy: 0.9389322916666666
average global test accuracy:  0.34544270833333335

 | Global Training Round : 42 |

xi_k [0.46363097 0.46773477 0.49445155 0.5151786  0.53041101 0.53160618
 0.52630095 0.51981651 0.50110167 0.44695488]
max_exp: -1.0
coe: 10
Regulation [0.8 0.8 0.8 0.8 0.8 0.8 0.8 0.8 0.8 0.8]
Solver status: optimal_inaccurate
b_new: [1. 1. 1. 1. 1. 1. 1. 1. 1. 1.]
Iter 0: obj=49.5719, best_obj=49.5719, ||b_new-b_prev||₂=2.846050
xi_k [0.46363097 0.46773477 0.49445155 0.5151786  0.53041101 0.53160618
 0.52630095 0.51981651 0.50110167 0.44695488]
max_exp: -1.0
coe: 10
Regulation [-1. -1. -1. -1. -1. -1. -1. -1. -1. -1.]
Solver status: optimal_inaccurate
b_new: [1. 1. 1. 1. 1. 1. 1. 1. 1. 1.]
Iter 1: obj=50.4719, best_obj=50.4719, ||b_new-b_prev||₂=0.000000
Converged.
Final b: [1. 1. 1. 1. 1. 1. 1. 1. 1. 1.]
<class 'numpy.ndarray'>
b_float: [1. 1. 1. 1. 1. 1. 1. 1. 1. 1.]
b: [1 1 1 1 1 1 1 1 1 1]
active_clients:  [0, 1, 2, 3, 4, 5, 6, 7, 8, 9]
Client 0's s_k are:[0 1 1 1 1 1 1 1 1 1]
Client 1's s_k are:[1 0 1 1 1 1 1 1 1 1]
Client 2's s_k are:[1 1 0 1 1 1 1 1 1 1]
Client 3's s_k are:[1 1 1 0 1 1 1 1 1 1]
Client 4's s_k are:[1 1 1 1 0 1 1 1 1 1]
Client 5's s_k are:[1 1 1 1 1 0 1 1 1 1]
Client 6's s_k are:[1 1 1 1 1 1 0 1 1 1]
Client 7's s_k are:[1 1 1 1 1 1 1 0 1 1]
Client 8's s_k are:[1 1 1 1 1 1 1 1 0 1]
Client 9's s_k are:[1 1 1 1 1 1 1 1 1 0]
| Global Round : 42 | Client :0 | Local Epoch : 0 | [64/294 (25%)]	Loss1: 5.838059 Loss2: 0.000046 
| Global Round : 42 | Client :0 | Local Epoch : 1 | [64/294 (25%)]	Loss1: 5.838595 Loss2: 0.000043 
| Global Round : 42 | Client :0 | Local Epoch : 2 | [64/294 (25%)]	Loss1: 5.838335 Loss2: 0.000045 
| Global Round : 42 | Client :0 | Local Epoch : 3 | [64/294 (25%)]	Loss1: 5.838439 Loss2: 0.000042 
| Global Round : 42 | Client :0 | Local Epoch : 4 | [64/294 (25%)]	Loss1: 5.838274 Loss2: 0.000047 
| Global Round : 42 | Client :1 | Local Epoch : 0 | [64/510 (14%)]	Loss1: 5.838279 Loss2: 0.000058 
| Global Round : 42 | Client :1 | Local Epoch : 1 | [64/510 (14%)]	Loss1: 5.838041 Loss2: 0.000067 
| Global Round : 42 | Client :1 | Local Epoch : 2 | [64/510 (14%)]	Loss1: 5.837825 Loss2: 0.000073 
| Global Round : 42 | Client :1 | Local Epoch : 3 | [64/510 (14%)]	Loss1: 5.838300 Loss2: 0.000061 
| Global Round : 42 | Client :1 | Local Epoch : 4 | [64/510 (14%)]	Loss1: 5.837918 Loss2: 0.000063 
| Global Round : 42 | Client :2 | Local Epoch : 0 | [64/827 (8%)]	Loss1: 5.838291 Loss2: 0.000052 
| Global Round : 42 | Client :2 | Local Epoch : 0 | [704/827 (92%)]	Loss1: 5.838305 Loss2: 0.000049 
| Global Round : 42 | Client :2 | Local Epoch : 1 | [64/827 (8%)]	Loss1: 5.838496 Loss2: 0.000049 
| Global Round : 42 | Client :2 | Local Epoch : 1 | [704/827 (92%)]	Loss1: 5.838558 Loss2: 0.000049 
| Global Round : 42 | Client :2 | Local Epoch : 2 | [64/827 (8%)]	Loss1: 5.838751 Loss2: 0.000045 
| Global Round : 42 | Client :2 | Local Epoch : 2 | [704/827 (92%)]	Loss1: 5.838140 Loss2: 0.000052 
| Global Round : 42 | Client :2 | Local Epoch : 3 | [64/827 (8%)]	Loss1: 5.838109 Loss2: 0.000047 
| Global Round : 42 | Client :2 | Local Epoch : 3 | [704/827 (92%)]	Loss1: 5.838315 Loss2: 0.000051 
| Global Round : 42 | Client :2 | Local Epoch : 4 | [64/827 (8%)]	Loss1: 5.838291 Loss2: 0.000050 
| Global Round : 42 | Client :2 | Local Epoch : 4 | [704/827 (92%)]	Loss1: 5.838954 Loss2: 0.000048 
| Global Round : 42 | Client :3 | Local Epoch : 0 | [64/926 (7%)]	Loss1: 5.837909 Loss2: 0.000063 
| Global Round : 42 | Client :3 | Local Epoch : 0 | [704/926 (79%)]	Loss1: 5.837771 Loss2: 0.000062 
| Global Round : 42 | Client :3 | Local Epoch : 1 | [64/926 (7%)]	Loss1: 5.838385 Loss2: 0.000057 
| Global Round : 42 | Client :3 | Local Epoch : 1 | [704/926 (79%)]	Loss1: 5.837926 Loss2: 0.000059 
| Global Round : 42 | Client :3 | Local Epoch : 2 | [64/926 (7%)]	Loss1: 5.837926 Loss2: 0.000060 
| Global Round : 42 | Client :3 | Local Epoch : 2 | [704/926 (79%)]	Loss1: 5.838417 Loss2: 0.000060 
| Global Round : 42 | Client :3 | Local Epoch : 3 | [64/926 (7%)]	Loss1: 5.837851 Loss2: 0.000061 
| Global Round : 42 | Client :3 | Local Epoch : 3 | [704/926 (79%)]	Loss1: 5.838268 Loss2: 0.000066 
| Global Round : 42 | Client :3 | Local Epoch : 4 | [64/926 (7%)]	Loss1: 5.838182 Loss2: 0.000067 
| Global Round : 42 | Client :3 | Local Epoch : 4 | [704/926 (79%)]	Loss1: 5.837886 Loss2: 0.000064 
| Global Round : 42 | Client :4 | Local Epoch : 0 | [64/514 (12%)]	Loss1: 5.838525 Loss2: 0.000030 
| Global Round : 42 | Client :4 | Local Epoch : 1 | [64/514 (12%)]	Loss1: 5.840709 Loss2: 0.000032 
| Global Round : 42 | Client :4 | Local Epoch : 2 | [64/514 (12%)]	Loss1: 5.839190 Loss2: 0.000032 
| Global Round : 42 | Client :4 | Local Epoch : 3 | [64/514 (12%)]	Loss1: 5.838591 Loss2: 0.000031 
| Global Round : 42 | Client :4 | Local Epoch : 4 | [64/514 (12%)]	Loss1: 5.839329 Loss2: 0.000029 
| Global Round : 42 | Client :5 | Local Epoch : 0 | [64/641 (10%)]	Loss1: 5.837543 Loss2: 0.000057 
| Global Round : 42 | Client :5 | Local Epoch : 1 | [64/641 (10%)]	Loss1: 5.837513 Loss2: 0.000061 
| Global Round : 42 | Client :5 | Local Epoch : 2 | [64/641 (10%)]	Loss1: 5.837540 Loss2: 0.000059 
| Global Round : 42 | Client :5 | Local Epoch : 3 | [64/641 (10%)]	Loss1: 5.837726 Loss2: 0.000058 
| Global Round : 42 | Client :5 | Local Epoch : 4 | [64/641 (10%)]	Loss1: 5.837813 Loss2: 0.000057 
| Global Round : 42 | Client :6 | Local Epoch : 0 | [64/777 (8%)]	Loss1: 5.838277 Loss2: 0.000049 
| Global Round : 42 | Client :6 | Local Epoch : 0 | [704/777 (92%)]	Loss1: 5.838152 Loss2: 0.000056 
| Global Round : 42 | Client :6 | Local Epoch : 1 | [64/777 (8%)]	Loss1: 5.838479 Loss2: 0.000052 
| Global Round : 42 | Client :6 | Local Epoch : 1 | [704/777 (92%)]	Loss1: 5.838650 Loss2: 0.000053 
| Global Round : 42 | Client :6 | Local Epoch : 2 | [64/777 (8%)]	Loss1: 5.838040 Loss2: 0.000053 
| Global Round : 42 | Client :6 | Local Epoch : 2 | [704/777 (92%)]	Loss1: 5.838253 Loss2: 0.000057 
| Global Round : 42 | Client :6 | Local Epoch : 3 | [64/777 (8%)]	Loss1: 5.838359 Loss2: 0.000057 
| Global Round : 42 | Client :6 | Local Epoch : 3 | [704/777 (92%)]	Loss1: 5.838377 Loss2: 0.000053 
| Global Round : 42 | Client :6 | Local Epoch : 4 | [64/777 (8%)]	Loss1: 5.838430 Loss2: 0.000054 
| Global Round : 42 | Client :6 | Local Epoch : 4 | [704/777 (92%)]	Loss1: 5.838065 Loss2: 0.000055 
| Global Round : 42 | Client :7 | Local Epoch : 0 | [64/590 (11%)]	Loss1: 5.838112 Loss2: 0.000045 
| Global Round : 42 | Client :7 | Local Epoch : 1 | [64/590 (11%)]	Loss1: 5.837944 Loss2: 0.000046 
| Global Round : 42 | Client :7 | Local Epoch : 2 | [64/590 (11%)]	Loss1: 5.838409 Loss2: 0.000048 
| Global Round : 42 | Client :7 | Local Epoch : 3 | [64/590 (11%)]	Loss1: 5.837909 Loss2: 0.000045 
| Global Round : 42 | Client :7 | Local Epoch : 4 | [64/590 (11%)]	Loss1: 5.837955 Loss2: 0.000048 
| Global Round : 42 | Client :8 | Local Epoch : 0 | [64/612 (11%)]	Loss1: 5.837846 Loss2: 0.000050 
| Global Round : 42 | Client :8 | Local Epoch : 1 | [64/612 (11%)]	Loss1: 5.837955 Loss2: 0.000049 
| Global Round : 42 | Client :8 | Local Epoch : 2 | [64/612 (11%)]	Loss1: 5.838167 Loss2: 0.000049 
| Global Round : 42 | Client :8 | Local Epoch : 3 | [64/612 (11%)]	Loss1: 5.837725 Loss2: 0.000053 
| Global Round : 42 | Client :8 | Local Epoch : 4 | [64/612 (11%)]	Loss1: 5.837813 Loss2: 0.000052 
| Global Round : 42 | Client :9 | Local Epoch : 0 | [64/305 (25%)]	Loss1: 5.838787 Loss2: 0.000040 
| Global Round : 42 | Client :9 | Local Epoch : 1 | [64/305 (25%)]	Loss1: 5.838719 Loss2: 0.000036 
| Global Round : 42 | Client :9 | Local Epoch : 2 | [64/305 (25%)]	Loss1: 5.838585 Loss2: 0.000036 
| Global Round : 42 | Client :9 | Local Epoch : 3 | [64/305 (25%)]	Loss1: 5.838866 Loss2: 0.000037 
| Global Round : 42 | Client :9 | Local Epoch : 4 | [64/305 (25%)]	Loss1: 5.838867 Loss2: 0.000037 
average loss:   5.837648579147126
average local test accuracy: 0.933984375
average global test accuracy:  0.312109375

 | Global Training Round : 43 |

xi_k [0.46364026 0.4677376  0.49446145 0.5151787  0.53039893 0.53159826
 0.52629472 0.51980534 0.5011001  0.44696142]
max_exp: -1.0
coe: 10
Regulation [0.8 0.8 0.8 0.8 0.8 0.8 0.8 0.8 0.8 0.8]
Solver status: optimal_inaccurate
b_new: [1. 1. 1. 1. 1. 1. 1. 1. 1. 1.]
Iter 0: obj=49.5718, best_obj=49.5718, ||b_new-b_prev||₂=2.846050
xi_k [0.46364026 0.4677376  0.49446145 0.5151787  0.53039893 0.53159826
 0.52629472 0.51980534 0.5011001  0.44696142]
max_exp: -1.0
coe: 10
Regulation [-1. -1. -1. -1. -1. -1. -1. -1. -1. -1.]
Solver status: optimal_inaccurate
b_new: [1. 1. 1. 1. 1. 1. 1. 1. 1. 1.]
Iter 1: obj=50.4718, best_obj=50.4718, ||b_new-b_prev||₂=0.000000
Converged.
Final b: [1. 1. 1. 1. 1. 1. 1. 1. 1. 1.]
<class 'numpy.ndarray'>
b_float: [1. 1. 1. 1. 1. 1. 1. 1. 1. 1.]
b: [1 1 1 1 1 1 1 1 1 1]
active_clients:  [0, 1, 2, 3, 4, 5, 6, 7, 8, 9]
Client 0's s_k are:[0 1 1 1 1 1 1 1 1 1]
Client 1's s_k are:[1 0 1 1 1 1 1 1 1 1]
Client 2's s_k are:[1 1 0 1 1 1 1 1 1 1]
Client 3's s_k are:[1 1 1 0 1 1 1 1 1 1]
Client 4's s_k are:[1 1 1 1 0 1 1 1 1 1]
Client 5's s_k are:[1 1 1 1 1 0 1 1 1 1]
Client 6's s_k are:[1 1 1 1 1 1 0 1 1 1]
Client 7's s_k are:[1 1 1 1 1 1 1 0 1 1]
Client 8's s_k are:[1 1 1 1 1 1 1 1 0 1]
Client 9's s_k are:[1 1 1 1 1 1 1 1 1 0]
| Global Round : 43 | Client :0 | Local Epoch : 0 | [64/294 (25%)]	Loss1: 5.837988 Loss2: 0.000045 
| Global Round : 43 | Client :0 | Local Epoch : 1 | [64/294 (25%)]	Loss1: 5.838154 Loss2: 0.000047 
| Global Round : 43 | Client :0 | Local Epoch : 2 | [64/294 (25%)]	Loss1: 5.838974 Loss2: 0.000043 
| Global Round : 43 | Client :0 | Local Epoch : 3 | [64/294 (25%)]	Loss1: 5.838017 Loss2: 0.000043 
| Global Round : 43 | Client :0 | Local Epoch : 4 | [64/294 (25%)]	Loss1: 5.838415 Loss2: 0.000042 
| Global Round : 43 | Client :1 | Local Epoch : 0 | [64/510 (14%)]	Loss1: 5.838061 Loss2: 0.000060 
| Global Round : 43 | Client :1 | Local Epoch : 1 | [64/510 (14%)]	Loss1: 5.837594 Loss2: 0.000055 
| Global Round : 43 | Client :1 | Local Epoch : 2 | [64/510 (14%)]	Loss1: 5.838406 Loss2: 0.000054 
| Global Round : 43 | Client :1 | Local Epoch : 3 | [64/510 (14%)]	Loss1: 5.838006 Loss2: 0.000058 
| Global Round : 43 | Client :1 | Local Epoch : 4 | [64/510 (14%)]	Loss1: 5.838249 Loss2: 0.000058 
| Global Round : 43 | Client :2 | Local Epoch : 0 | [64/827 (8%)]	Loss1: 5.838173 Loss2: 0.000049 
| Global Round : 43 | Client :2 | Local Epoch : 0 | [704/827 (92%)]	Loss1: 5.838578 Loss2: 0.000045 
| Global Round : 43 | Client :2 | Local Epoch : 1 | [64/827 (8%)]	Loss1: 5.838092 Loss2: 0.000051 
| Global Round : 43 | Client :2 | Local Epoch : 1 | [704/827 (92%)]	Loss1: 5.838178 Loss2: 0.000048 
| Global Round : 43 | Client :2 | Local Epoch : 2 | [64/827 (8%)]	Loss1: 5.838043 Loss2: 0.000044 
| Global Round : 43 | Client :2 | Local Epoch : 2 | [704/827 (92%)]	Loss1: 5.838520 Loss2: 0.000048 
| Global Round : 43 | Client :2 | Local Epoch : 3 | [64/827 (8%)]	Loss1: 5.838052 Loss2: 0.000047 
| Global Round : 43 | Client :2 | Local Epoch : 3 | [704/827 (92%)]	Loss1: 5.838223 Loss2: 0.000046 
| Global Round : 43 | Client :2 | Local Epoch : 4 | [64/827 (8%)]	Loss1: 5.837775 Loss2: 0.000048 
| Global Round : 43 | Client :2 | Local Epoch : 4 | [704/827 (92%)]	Loss1: 5.838141 Loss2: 0.000054 
| Global Round : 43 | Client :3 | Local Epoch : 0 | [64/926 (7%)]	Loss1: 5.838132 Loss2: 0.000061 
| Global Round : 43 | Client :3 | Local Epoch : 0 | [704/926 (79%)]	Loss1: 5.837857 Loss2: 0.000063 
| Global Round : 43 | Client :3 | Local Epoch : 1 | [64/926 (7%)]	Loss1: 5.838111 Loss2: 0.000062 
| Global Round : 43 | Client :3 | Local Epoch : 1 | [704/926 (79%)]	Loss1: 5.837643 Loss2: 0.000055 
| Global Round : 43 | Client :3 | Local Epoch : 2 | [64/926 (7%)]	Loss1: 5.838159 Loss2: 0.000061 
| Global Round : 43 | Client :3 | Local Epoch : 2 | [704/926 (79%)]	Loss1: 5.837764 Loss2: 0.000060 
| Global Round : 43 | Client :3 | Local Epoch : 3 | [64/926 (7%)]	Loss1: 5.837834 Loss2: 0.000064 
| Global Round : 43 | Client :3 | Local Epoch : 3 | [704/926 (79%)]	Loss1: 5.838120 Loss2: 0.000059 
| Global Round : 43 | Client :3 | Local Epoch : 4 | [64/926 (7%)]	Loss1: 5.837827 Loss2: 0.000063 
| Global Round : 43 | Client :3 | Local Epoch : 4 | [704/926 (79%)]	Loss1: 5.837881 Loss2: 0.000062 
| Global Round : 43 | Client :4 | Local Epoch : 0 | [64/514 (12%)]	Loss1: 5.840166 Loss2: 0.000033 
| Global Round : 43 | Client :4 | Local Epoch : 1 | [64/514 (12%)]	Loss1: 5.838563 Loss2: 0.000035 
| Global Round : 43 | Client :4 | Local Epoch : 2 | [64/514 (12%)]	Loss1: 5.839490 Loss2: 0.000030 
| Global Round : 43 | Client :4 | Local Epoch : 3 | [64/514 (12%)]	Loss1: 5.838679 Loss2: 0.000032 
| Global Round : 43 | Client :4 | Local Epoch : 4 | [64/514 (12%)]	Loss1: 5.839440 Loss2: 0.000033 
| Global Round : 43 | Client :5 | Local Epoch : 0 | [64/641 (10%)]	Loss1: 5.837576 Loss2: 0.000055 
| Global Round : 43 | Client :5 | Local Epoch : 1 | [64/641 (10%)]	Loss1: 5.837585 Loss2: 0.000062 
| Global Round : 43 | Client :5 | Local Epoch : 2 | [64/641 (10%)]	Loss1: 5.837991 Loss2: 0.000060 
| Global Round : 43 | Client :5 | Local Epoch : 3 | [64/641 (10%)]	Loss1: 5.837651 Loss2: 0.000061 
| Global Round : 43 | Client :5 | Local Epoch : 4 | [64/641 (10%)]	Loss1: 5.837875 Loss2: 0.000058 
| Global Round : 43 | Client :6 | Local Epoch : 0 | [64/777 (8%)]	Loss1: 5.837806 Loss2: 0.000053 
| Global Round : 43 | Client :6 | Local Epoch : 0 | [704/777 (92%)]	Loss1: 5.838234 Loss2: 0.000052 
| Global Round : 43 | Client :6 | Local Epoch : 1 | [64/777 (8%)]	Loss1: 5.839151 Loss2: 0.000052 
| Global Round : 43 | Client :6 | Local Epoch : 1 | [704/777 (92%)]	Loss1: 5.838723 Loss2: 0.000050 
| Global Round : 43 | Client :6 | Local Epoch : 2 | [64/777 (8%)]	Loss1: 5.838323 Loss2: 0.000055 
| Global Round : 43 | Client :6 | Local Epoch : 2 | [704/777 (92%)]	Loss1: 5.838487 Loss2: 0.000052 
| Global Round : 43 | Client :6 | Local Epoch : 3 | [64/777 (8%)]	Loss1: 5.838501 Loss2: 0.000056 
| Global Round : 43 | Client :6 | Local Epoch : 3 | [704/777 (92%)]	Loss1: 5.838380 Loss2: 0.000053 
| Global Round : 43 | Client :6 | Local Epoch : 4 | [64/777 (8%)]	Loss1: 5.838145 Loss2: 0.000053 
| Global Round : 43 | Client :6 | Local Epoch : 4 | [704/777 (92%)]	Loss1: 5.837983 Loss2: 0.000054 
| Global Round : 43 | Client :7 | Local Epoch : 0 | [64/590 (11%)]	Loss1: 5.837985 Loss2: 0.000047 
| Global Round : 43 | Client :7 | Local Epoch : 1 | [64/590 (11%)]	Loss1: 5.838230 Loss2: 0.000048 
| Global Round : 43 | Client :7 | Local Epoch : 2 | [64/590 (11%)]	Loss1: 5.838413 Loss2: 0.000047 
| Global Round : 43 | Client :7 | Local Epoch : 3 | [64/590 (11%)]	Loss1: 5.838108 Loss2: 0.000048 
| Global Round : 43 | Client :7 | Local Epoch : 4 | [64/590 (11%)]	Loss1: 5.837997 Loss2: 0.000046 
| Global Round : 43 | Client :8 | Local Epoch : 0 | [64/612 (11%)]	Loss1: 5.837808 Loss2: 0.000053 
| Global Round : 43 | Client :8 | Local Epoch : 1 | [64/612 (11%)]	Loss1: 5.838050 Loss2: 0.000051 
| Global Round : 43 | Client :8 | Local Epoch : 2 | [64/612 (11%)]	Loss1: 5.837987 Loss2: 0.000050 
| Global Round : 43 | Client :8 | Local Epoch : 3 | [64/612 (11%)]	Loss1: 5.837778 Loss2: 0.000050 
| Global Round : 43 | Client :8 | Local Epoch : 4 | [64/612 (11%)]	Loss1: 5.838096 Loss2: 0.000043 
| Global Round : 43 | Client :9 | Local Epoch : 0 | [64/305 (25%)]	Loss1: 5.839449 Loss2: 0.000034 
| Global Round : 43 | Client :9 | Local Epoch : 1 | [64/305 (25%)]	Loss1: 5.838881 Loss2: 0.000035 
| Global Round : 43 | Client :9 | Local Epoch : 2 | [64/305 (25%)]	Loss1: 5.838655 Loss2: 0.000035 
| Global Round : 43 | Client :9 | Local Epoch : 3 | [64/305 (25%)]	Loss1: 5.838693 Loss2: 0.000038 
| Global Round : 43 | Client :9 | Local Epoch : 4 | [64/305 (25%)]	Loss1: 5.839477 Loss2: 0.000039 
average loss:   5.837588400746149
average local test accuracy: 0.9260416666666667
average global test accuracy:  0.33867187499999996

 | Global Training Round : 44 |

xi_k [0.46363143 0.46771993 0.49445225 0.51517638 0.53040765 0.5316065
 0.5262918  0.51980979 0.50110088 0.44696378]
max_exp: -1.0
coe: 10
Regulation [0.8 0.8 0.8 0.8 0.8 0.8 0.8 0.8 0.8 0.8]
Solver status: optimal_inaccurate
b_new: [1. 1. 1. 1. 1. 1. 1. 1. 1. 1.]
Iter 0: obj=49.5716, best_obj=49.5716, ||b_new-b_prev||₂=2.846050
xi_k [0.46363143 0.46771993 0.49445225 0.51517638 0.53040765 0.5316065
 0.5262918  0.51980979 0.50110088 0.44696378]
max_exp: -1.0
coe: 10
Regulation [-1. -1. -1. -1. -1. -1. -1. -1. -1. -1.]
Solver status: optimal_inaccurate
b_new: [1. 1. 1. 1. 1. 1. 1. 1. 1. 1.]
Iter 1: obj=50.4716, best_obj=50.4716, ||b_new-b_prev||₂=0.000000
Converged.
Final b: [1. 1. 1. 1. 1. 1. 1. 1. 1. 1.]
<class 'numpy.ndarray'>
b_float: [1. 1. 1. 1. 1. 1. 1. 1. 1. 1.]
b: [1 1 1 1 1 1 1 1 1 1]
active_clients:  [0, 1, 2, 3, 4, 5, 6, 7, 8, 9]
Client 0's s_k are:[0 1 1 1 1 1 1 1 1 1]
Client 1's s_k are:[1 0 1 1 1 1 1 1 1 1]
Client 2's s_k are:[1 1 0 1 1 1 1 1 1 1]
Client 3's s_k are:[1 1 1 0 1 1 1 1 1 1]
Client 4's s_k are:[1 1 1 1 0 1 1 1 1 1]
Client 5's s_k are:[1 1 1 1 1 0 1 1 1 1]
Client 6's s_k are:[1 1 1 1 1 1 0 1 1 1]
Client 7's s_k are:[1 1 1 1 1 1 1 0 1 1]
Client 8's s_k are:[1 1 1 1 1 1 1 1 0 1]
Client 9's s_k are:[1 1 1 1 1 1 1 1 1 0]
| Global Round : 44 | Client :0 | Local Epoch : 0 | [64/294 (25%)]	Loss1: 5.838180 Loss2: 0.000044 
| Global Round : 44 | Client :0 | Local Epoch : 1 | [64/294 (25%)]	Loss1: 5.838438 Loss2: 0.000047 
| Global Round : 44 | Client :0 | Local Epoch : 2 | [64/294 (25%)]	Loss1: 5.838452 Loss2: 0.000044 
| Global Round : 44 | Client :0 | Local Epoch : 3 | [64/294 (25%)]	Loss1: 5.838636 Loss2: 0.000045 
| Global Round : 44 | Client :0 | Local Epoch : 4 | [64/294 (25%)]	Loss1: 5.838290 Loss2: 0.000044 
| Global Round : 44 | Client :1 | Local Epoch : 0 | [64/510 (14%)]	Loss1: 5.838327 Loss2: 0.000050 
| Global Round : 44 | Client :1 | Local Epoch : 1 | [64/510 (14%)]	Loss1: 5.838226 Loss2: 0.000052 
| Global Round : 44 | Client :1 | Local Epoch : 2 | [64/510 (14%)]	Loss1: 5.837947 Loss2: 0.000060 
| Global Round : 44 | Client :1 | Local Epoch : 3 | [64/510 (14%)]	Loss1: 5.838632 Loss2: 0.000058 
| Global Round : 44 | Client :1 | Local Epoch : 4 | [64/510 (14%)]	Loss1: 5.837898 Loss2: 0.000052 
| Global Round : 44 | Client :2 | Local Epoch : 0 | [64/827 (8%)]	Loss1: 5.838418 Loss2: 0.000049 
| Global Round : 44 | Client :2 | Local Epoch : 0 | [704/827 (92%)]	Loss1: 5.838144 Loss2: 0.000054 
| Global Round : 44 | Client :2 | Local Epoch : 1 | [64/827 (8%)]	Loss1: 5.838029 Loss2: 0.000048 
| Global Round : 44 | Client :2 | Local Epoch : 1 | [704/827 (92%)]	Loss1: 5.838632 Loss2: 0.000053 
| Global Round : 44 | Client :2 | Local Epoch : 2 | [64/827 (8%)]	Loss1: 5.838122 Loss2: 0.000050 
| Global Round : 44 | Client :2 | Local Epoch : 2 | [704/827 (92%)]	Loss1: 5.838777 Loss2: 0.000056 
| Global Round : 44 | Client :2 | Local Epoch : 3 | [64/827 (8%)]	Loss1: 5.838061 Loss2: 0.000047 
| Global Round : 44 | Client :2 | Local Epoch : 3 | [704/827 (92%)]	Loss1: 5.838008 Loss2: 0.000052 
| Global Round : 44 | Client :2 | Local Epoch : 4 | [64/827 (8%)]	Loss1: 5.838315 Loss2: 0.000043 
| Global Round : 44 | Client :2 | Local Epoch : 4 | [704/827 (92%)]	Loss1: 5.838474 Loss2: 0.000046 
| Global Round : 44 | Client :3 | Local Epoch : 0 | [64/926 (7%)]	Loss1: 5.838024 Loss2: 0.000064 
| Global Round : 44 | Client :3 | Local Epoch : 0 | [704/926 (79%)]	Loss1: 5.838094 Loss2: 0.000059 
| Global Round : 44 | Client :3 | Local Epoch : 1 | [64/926 (7%)]	Loss1: 5.838130 Loss2: 0.000060 
| Global Round : 44 | Client :3 | Local Epoch : 1 | [704/926 (79%)]	Loss1: 5.838179 Loss2: 0.000064 
| Global Round : 44 | Client :3 | Local Epoch : 2 | [64/926 (7%)]	Loss1: 5.837913 Loss2: 0.000063 
| Global Round : 44 | Client :3 | Local Epoch : 2 | [704/926 (79%)]	Loss1: 5.837869 Loss2: 0.000069 
| Global Round : 44 | Client :3 | Local Epoch : 3 | [64/926 (7%)]	Loss1: 5.838070 Loss2: 0.000060 
| Global Round : 44 | Client :3 | Local Epoch : 3 | [704/926 (79%)]	Loss1: 5.837672 Loss2: 0.000058 
| Global Round : 44 | Client :3 | Local Epoch : 4 | [64/926 (7%)]	Loss1: 5.837650 Loss2: 0.000057 
| Global Round : 44 | Client :3 | Local Epoch : 4 | [704/926 (79%)]	Loss1: 5.837802 Loss2: 0.000058 
| Global Round : 44 | Client :4 | Local Epoch : 0 | [64/514 (12%)]	Loss1: 5.838360 Loss2: 0.000029 
| Global Round : 44 | Client :4 | Local Epoch : 1 | [64/514 (12%)]	Loss1: 5.838910 Loss2: 0.000030 
| Global Round : 44 | Client :4 | Local Epoch : 2 | [64/514 (12%)]	Loss1: 5.838571 Loss2: 0.000032 
| Global Round : 44 | Client :4 | Local Epoch : 3 | [64/514 (12%)]	Loss1: 5.839668 Loss2: 0.000032 
| Global Round : 44 | Client :4 | Local Epoch : 4 | [64/514 (12%)]	Loss1: 5.839044 Loss2: 0.000027 
| Global Round : 44 | Client :5 | Local Epoch : 0 | [64/641 (10%)]	Loss1: 5.837615 Loss2: 0.000059 
| Global Round : 44 | Client :5 | Local Epoch : 1 | [64/641 (10%)]	Loss1: 5.838289 Loss2: 0.000055 
| Global Round : 44 | Client :5 | Local Epoch : 2 | [64/641 (10%)]	Loss1: 5.837587 Loss2: 0.000057 
| Global Round : 44 | Client :5 | Local Epoch : 3 | [64/641 (10%)]	Loss1: 5.837595 Loss2: 0.000060 
| Global Round : 44 | Client :5 | Local Epoch : 4 | [64/641 (10%)]	Loss1: 5.837626 Loss2: 0.000059 
| Global Round : 44 | Client :6 | Local Epoch : 0 | [64/777 (8%)]	Loss1: 5.838211 Loss2: 0.000058 
| Global Round : 44 | Client :6 | Local Epoch : 0 | [704/777 (92%)]	Loss1: 5.839259 Loss2: 0.000053 
| Global Round : 44 | Client :6 | Local Epoch : 1 | [64/777 (8%)]	Loss1: 5.837997 Loss2: 0.000058 
| Global Round : 44 | Client :6 | Local Epoch : 1 | [704/777 (92%)]	Loss1: 5.837948 Loss2: 0.000051 
| Global Round : 44 | Client :6 | Local Epoch : 2 | [64/777 (8%)]	Loss1: 5.837884 Loss2: 0.000057 
| Global Round : 44 | Client :6 | Local Epoch : 2 | [704/777 (92%)]	Loss1: 5.838739 Loss2: 0.000053 
| Global Round : 44 | Client :6 | Local Epoch : 3 | [64/777 (8%)]	Loss1: 5.838583 Loss2: 0.000047 
| Global Round : 44 | Client :6 | Local Epoch : 3 | [704/777 (92%)]	Loss1: 5.838315 Loss2: 0.000053 
| Global Round : 44 | Client :6 | Local Epoch : 4 | [64/777 (8%)]	Loss1: 5.838140 Loss2: 0.000058 
| Global Round : 44 | Client :6 | Local Epoch : 4 | [704/777 (92%)]	Loss1: 5.838848 Loss2: 0.000050 
| Global Round : 44 | Client :7 | Local Epoch : 0 | [64/590 (11%)]	Loss1: 5.838183 Loss2: 0.000046 
| Global Round : 44 | Client :7 | Local Epoch : 1 | [64/590 (11%)]	Loss1: 5.838197 Loss2: 0.000043 
| Global Round : 44 | Client :7 | Local Epoch : 2 | [64/590 (11%)]	Loss1: 5.838679 Loss2: 0.000045 
| Global Round : 44 | Client :7 | Local Epoch : 3 | [64/590 (11%)]	Loss1: 5.838460 Loss2: 0.000046 
| Global Round : 44 | Client :7 | Local Epoch : 4 | [64/590 (11%)]	Loss1: 5.838311 Loss2: 0.000044 
| Global Round : 44 | Client :8 | Local Epoch : 0 | [64/612 (11%)]	Loss1: 5.837883 Loss2: 0.000053 
| Global Round : 44 | Client :8 | Local Epoch : 1 | [64/612 (11%)]	Loss1: 5.837873 Loss2: 0.000053 
| Global Round : 44 | Client :8 | Local Epoch : 2 | [64/612 (11%)]	Loss1: 5.837860 Loss2: 0.000050 
| Global Round : 44 | Client :8 | Local Epoch : 3 | [64/612 (11%)]	Loss1: 5.837921 Loss2: 0.000050 
| Global Round : 44 | Client :8 | Local Epoch : 4 | [64/612 (11%)]	Loss1: 5.838030 Loss2: 0.000047 
| Global Round : 44 | Client :9 | Local Epoch : 0 | [64/305 (25%)]	Loss1: 5.838461 Loss2: 0.000041 
| Global Round : 44 | Client :9 | Local Epoch : 1 | [64/305 (25%)]	Loss1: 5.838765 Loss2: 0.000038 
| Global Round : 44 | Client :9 | Local Epoch : 2 | [64/305 (25%)]	Loss1: 5.838294 Loss2: 0.000039 
| Global Round : 44 | Client :9 | Local Epoch : 3 | [64/305 (25%)]	Loss1: 5.838523 Loss2: 0.000037 
| Global Round : 44 | Client :9 | Local Epoch : 4 | [64/305 (25%)]	Loss1: 5.838148 Loss2: 0.000036 
average loss:   5.8376310492508
average local test accuracy: 0.928515625
average global test accuracy:  0.31171875

 | Global Training Round : 45 |

xi_k [0.46361725 0.46773889 0.49444996 0.51517831 0.53040233 0.53159084
 0.5262941  0.51981954 0.5011007  0.44692593]
max_exp: -1.0
coe: 10
Regulation [0.8 0.8 0.8 0.8 0.8 0.8 0.8 0.8 0.8 0.8]
Solver status: optimal_inaccurate
b_new: [1. 1. 1. 1. 1. 1. 1. 1. 1. 1.]
Iter 0: obj=49.5712, best_obj=49.5712, ||b_new-b_prev||₂=2.846050
xi_k [0.46361725 0.46773889 0.49444996 0.51517831 0.53040233 0.53159084
 0.5262941  0.51981954 0.5011007  0.44692593]
max_exp: -1.0
coe: 10
Regulation [-1. -1. -1. -1. -1. -1. -1. -1. -1. -1.]
Solver status: optimal_inaccurate
b_new: [1. 1. 1. 1. 1. 1. 1. 1. 1. 1.]
Iter 1: obj=50.4712, best_obj=50.4712, ||b_new-b_prev||₂=0.000000
Converged.
Final b: [1. 1. 1. 1. 1. 1. 1. 1. 1. 1.]
<class 'numpy.ndarray'>
b_float: [1. 1. 1. 1. 1. 1. 1. 1. 1. 1.]
b: [1 1 1 1 1 1 1 1 1 1]
active_clients:  [0, 1, 2, 3, 4, 5, 6, 7, 8, 9]
Client 0's s_k are:[0 1 1 1 1 1 1 1 1 1]
Client 1's s_k are:[1 0 1 1 1 1 1 1 1 1]
Client 2's s_k are:[1 1 0 1 1 1 1 1 1 1]
Client 3's s_k are:[1 1 1 0 1 1 1 1 1 1]
Client 4's s_k are:[1 1 1 1 0 1 1 1 1 1]
Client 5's s_k are:[1 1 1 1 1 0 1 1 1 1]
Client 6's s_k are:[1 1 1 1 1 1 0 1 1 1]
Client 7's s_k are:[1 1 1 1 1 1 1 0 1 1]
Client 8's s_k are:[1 1 1 1 1 1 1 1 0 1]
Client 9's s_k are:[1 1 1 1 1 1 1 1 1 0]
| Global Round : 45 | Client :0 | Local Epoch : 0 | [64/294 (25%)]	Loss1: 5.838106 Loss2: 0.000045 
| Global Round : 45 | Client :0 | Local Epoch : 1 | [64/294 (25%)]	Loss1: 5.838605 Loss2: 0.000046 
| Global Round : 45 | Client :0 | Local Epoch : 2 | [64/294 (25%)]	Loss1: 5.838564 Loss2: 0.000041 
| Global Round : 45 | Client :0 | Local Epoch : 3 | [64/294 (25%)]	Loss1: 5.838552 Loss2: 0.000040 
| Global Round : 45 | Client :0 | Local Epoch : 4 | [64/294 (25%)]	Loss1: 5.838115 Loss2: 0.000042 
| Global Round : 45 | Client :1 | Local Epoch : 0 | [64/510 (14%)]	Loss1: 5.839082 Loss2: 0.000053 
| Global Round : 45 | Client :1 | Local Epoch : 1 | [64/510 (14%)]	Loss1: 5.838017 Loss2: 0.000063 
| Global Round : 45 | Client :1 | Local Epoch : 2 | [64/510 (14%)]	Loss1: 5.838212 Loss2: 0.000068 
| Global Round : 45 | Client :1 | Local Epoch : 3 | [64/510 (14%)]	Loss1: 5.838184 Loss2: 0.000061 
| Global Round : 45 | Client :1 | Local Epoch : 4 | [64/510 (14%)]	Loss1: 5.838204 Loss2: 0.000061 
| Global Round : 45 | Client :2 | Local Epoch : 0 | [64/827 (8%)]	Loss1: 5.838083 Loss2: 0.000045 
| Global Round : 45 | Client :2 | Local Epoch : 0 | [704/827 (92%)]	Loss1: 5.838560 Loss2: 0.000050 
| Global Round : 45 | Client :2 | Local Epoch : 1 | [64/827 (8%)]	Loss1: 5.838226 Loss2: 0.000046 
| Global Round : 45 | Client :2 | Local Epoch : 1 | [704/827 (92%)]	Loss1: 5.838660 Loss2: 0.000050 
| Global Round : 45 | Client :2 | Local Epoch : 2 | [64/827 (8%)]	Loss1: 5.838146 Loss2: 0.000052 
| Global Round : 45 | Client :2 | Local Epoch : 2 | [704/827 (92%)]	Loss1: 5.838085 Loss2: 0.000047 
| Global Round : 45 | Client :2 | Local Epoch : 3 | [64/827 (8%)]	Loss1: 5.838481 Loss2: 0.000046 
| Global Round : 45 | Client :2 | Local Epoch : 3 | [704/827 (92%)]	Loss1: 5.838278 Loss2: 0.000054 
| Global Round : 45 | Client :2 | Local Epoch : 4 | [64/827 (8%)]	Loss1: 5.838043 Loss2: 0.000051 
| Global Round : 45 | Client :2 | Local Epoch : 4 | [704/827 (92%)]	Loss1: 5.838275 Loss2: 0.000051 
| Global Round : 45 | Client :3 | Local Epoch : 0 | [64/926 (7%)]	Loss1: 5.837943 Loss2: 0.000058 
| Global Round : 45 | Client :3 | Local Epoch : 0 | [704/926 (79%)]	Loss1: 5.838058 Loss2: 0.000061 
| Global Round : 45 | Client :3 | Local Epoch : 1 | [64/926 (7%)]	Loss1: 5.838021 Loss2: 0.000063 
| Global Round : 45 | Client :3 | Local Epoch : 1 | [704/926 (79%)]	Loss1: 5.838053 Loss2: 0.000063 
| Global Round : 45 | Client :3 | Local Epoch : 2 | [64/926 (7%)]	Loss1: 5.838151 Loss2: 0.000060 
| Global Round : 45 | Client :3 | Local Epoch : 2 | [704/926 (79%)]	Loss1: 5.838050 Loss2: 0.000061 
| Global Round : 45 | Client :3 | Local Epoch : 3 | [64/926 (7%)]	Loss1: 5.837816 Loss2: 0.000058 
| Global Round : 45 | Client :3 | Local Epoch : 3 | [704/926 (79%)]	Loss1: 5.838435 Loss2: 0.000061 
| Global Round : 45 | Client :3 | Local Epoch : 4 | [64/926 (7%)]	Loss1: 5.837982 Loss2: 0.000060 
| Global Round : 45 | Client :3 | Local Epoch : 4 | [704/926 (79%)]	Loss1: 5.837836 Loss2: 0.000061 
| Global Round : 45 | Client :4 | Local Epoch : 0 | [64/514 (12%)]	Loss1: 5.839495 Loss2: 0.000030 
| Global Round : 45 | Client :4 | Local Epoch : 1 | [64/514 (12%)]	Loss1: 5.839086 Loss2: 0.000026 
| Global Round : 45 | Client :4 | Local Epoch : 2 | [64/514 (12%)]	Loss1: 5.838864 Loss2: 0.000027 
| Global Round : 45 | Client :4 | Local Epoch : 3 | [64/514 (12%)]	Loss1: 5.839663 Loss2: 0.000028 
| Global Round : 45 | Client :4 | Local Epoch : 4 | [64/514 (12%)]	Loss1: 5.838932 Loss2: 0.000030 
| Global Round : 45 | Client :5 | Local Epoch : 0 | [64/641 (10%)]	Loss1: 5.837971 Loss2: 0.000053 
| Global Round : 45 | Client :5 | Local Epoch : 1 | [64/641 (10%)]	Loss1: 5.837409 Loss2: 0.000055 
| Global Round : 45 | Client :5 | Local Epoch : 2 | [64/641 (10%)]	Loss1: 5.837583 Loss2: 0.000056 
| Global Round : 45 | Client :5 | Local Epoch : 3 | [64/641 (10%)]	Loss1: 5.837791 Loss2: 0.000059 
| Global Round : 45 | Client :5 | Local Epoch : 4 | [64/641 (10%)]	Loss1: 5.837550 Loss2: 0.000061 
| Global Round : 45 | Client :6 | Local Epoch : 0 | [64/777 (8%)]	Loss1: 5.838264 Loss2: 0.000057 
| Global Round : 45 | Client :6 | Local Epoch : 0 | [704/777 (92%)]	Loss1: 5.838314 Loss2: 0.000051 
| Global Round : 45 | Client :6 | Local Epoch : 1 | [64/777 (8%)]	Loss1: 5.838005 Loss2: 0.000051 
| Global Round : 45 | Client :6 | Local Epoch : 1 | [704/777 (92%)]	Loss1: 5.839059 Loss2: 0.000053 
| Global Round : 45 | Client :6 | Local Epoch : 2 | [64/777 (8%)]	Loss1: 5.838526 Loss2: 0.000052 
| Global Round : 45 | Client :6 | Local Epoch : 2 | [704/777 (92%)]	Loss1: 5.839300 Loss2: 0.000052 
| Global Round : 45 | Client :6 | Local Epoch : 3 | [64/777 (8%)]	Loss1: 5.838287 Loss2: 0.000055 
| Global Round : 45 | Client :6 | Local Epoch : 3 | [704/777 (92%)]	Loss1: 5.838320 Loss2: 0.000052 
| Global Round : 45 | Client :6 | Local Epoch : 4 | [64/777 (8%)]	Loss1: 5.838100 Loss2: 0.000053 
| Global Round : 45 | Client :6 | Local Epoch : 4 | [704/777 (92%)]	Loss1: 5.838267 Loss2: 0.000052 
| Global Round : 45 | Client :7 | Local Epoch : 0 | [64/590 (11%)]	Loss1: 5.838568 Loss2: 0.000043 
| Global Round : 45 | Client :7 | Local Epoch : 1 | [64/590 (11%)]	Loss1: 5.837795 Loss2: 0.000049 
| Global Round : 45 | Client :7 | Local Epoch : 2 | [64/590 (11%)]	Loss1: 5.837928 Loss2: 0.000050 
| Global Round : 45 | Client :7 | Local Epoch : 3 | [64/590 (11%)]	Loss1: 5.838564 Loss2: 0.000046 
| Global Round : 45 | Client :7 | Local Epoch : 4 | [64/590 (11%)]	Loss1: 5.838555 Loss2: 0.000051 
| Global Round : 45 | Client :8 | Local Epoch : 0 | [64/612 (11%)]	Loss1: 5.838001 Loss2: 0.000048 
| Global Round : 45 | Client :8 | Local Epoch : 1 | [64/612 (11%)]	Loss1: 5.838276 Loss2: 0.000055 
| Global Round : 45 | Client :8 | Local Epoch : 2 | [64/612 (11%)]	Loss1: 5.837904 Loss2: 0.000049 
| Global Round : 45 | Client :8 | Local Epoch : 3 | [64/612 (11%)]	Loss1: 5.838364 Loss2: 0.000051 
| Global Round : 45 | Client :8 | Local Epoch : 4 | [64/612 (11%)]	Loss1: 5.837825 Loss2: 0.000048 
| Global Round : 45 | Client :9 | Local Epoch : 0 | [64/305 (25%)]	Loss1: 5.838889 Loss2: 0.000041 
| Global Round : 45 | Client :9 | Local Epoch : 1 | [64/305 (25%)]	Loss1: 5.838626 Loss2: 0.000040 
| Global Round : 45 | Client :9 | Local Epoch : 2 | [64/305 (25%)]	Loss1: 5.839296 Loss2: 0.000036 
| Global Round : 45 | Client :9 | Local Epoch : 3 | [64/305 (25%)]	Loss1: 5.838744 Loss2: 0.000036 
| Global Round : 45 | Client :9 | Local Epoch : 4 | [64/305 (25%)]	Loss1: 5.838744 Loss2: 0.000036 
average loss:   5.837633635865318
average local test accuracy: 0.9330729166666668
average global test accuracy:  0.2791666666666667

 | Global Training Round : 46 |

xi_k [0.46362867 0.467728   0.4944487  0.51518373 0.53039404 0.53161192
 0.52629723 0.51981184 0.50109774 0.44694006]
max_exp: -1.0
coe: 10
Regulation [0.8 0.8 0.8 0.8 0.8 0.8 0.8 0.8 0.8 0.8]
Solver status: optimal_inaccurate
b_new: [1. 1. 1. 1. 1. 1. 1. 1. 1. 1.]
Iter 0: obj=49.5714, best_obj=49.5714, ||b_new-b_prev||₂=2.846050
xi_k [0.46362867 0.467728   0.4944487  0.51518373 0.53039404 0.53161192
 0.52629723 0.51981184 0.50109774 0.44694006]
max_exp: -1.0
coe: 10
Regulation [-1. -1. -1. -1. -1. -1. -1. -1. -1. -1.]
Solver status: optimal_inaccurate
b_new: [1. 1. 1. 1. 1. 1. 1. 1. 1. 1.]
Iter 1: obj=50.4714, best_obj=50.4714, ||b_new-b_prev||₂=0.000000
Converged.
Final b: [1. 1. 1. 1. 1. 1. 1. 1. 1. 1.]
<class 'numpy.ndarray'>
b_float: [1. 1. 1. 1. 1. 1. 1. 1. 1. 1.]
b: [1 1 1 1 1 1 1 1 1 1]
active_clients:  [0, 1, 2, 3, 4, 5, 6, 7, 8, 9]
Client 0's s_k are:[0 1 1 1 1 1 1 1 1 1]
Client 1's s_k are:[1 0 1 1 1 1 1 1 1 1]
Client 2's s_k are:[1 1 0 1 1 1 1 1 1 1]
Client 3's s_k are:[1 1 1 0 1 1 1 1 1 1]
Client 4's s_k are:[1 1 1 1 0 1 1 1 1 1]
Client 5's s_k are:[1 1 1 1 1 0 1 1 1 1]
Client 6's s_k are:[1 1 1 1 1 1 0 1 1 1]
Client 7's s_k are:[1 1 1 1 1 1 1 0 1 1]
Client 8's s_k are:[1 1 1 1 1 1 1 1 0 1]
Client 9's s_k are:[1 1 1 1 1 1 1 1 1 0]
| Global Round : 46 | Client :0 | Local Epoch : 0 | [64/294 (25%)]	Loss1: 5.837986 Loss2: 0.000043 
| Global Round : 46 | Client :0 | Local Epoch : 1 | [64/294 (25%)]	Loss1: 5.838306 Loss2: 0.000045 
| Global Round : 46 | Client :0 | Local Epoch : 2 | [64/294 (25%)]	Loss1: 5.837902 Loss2: 0.000046 
| Global Round : 46 | Client :0 | Local Epoch : 3 | [64/294 (25%)]	Loss1: 5.837982 Loss2: 0.000044 
| Global Round : 46 | Client :0 | Local Epoch : 4 | [64/294 (25%)]	Loss1: 5.838158 Loss2: 0.000042 
| Global Round : 46 | Client :1 | Local Epoch : 0 | [64/510 (14%)]	Loss1: 5.837698 Loss2: 0.000058 
| Global Round : 46 | Client :1 | Local Epoch : 1 | [64/510 (14%)]	Loss1: 5.838014 Loss2: 0.000059 
| Global Round : 46 | Client :1 | Local Epoch : 2 | [64/510 (14%)]	Loss1: 5.837933 Loss2: 0.000059 
| Global Round : 46 | Client :1 | Local Epoch : 3 | [64/510 (14%)]	Loss1: 5.837827 Loss2: 0.000054 
| Global Round : 46 | Client :1 | Local Epoch : 4 | [64/510 (14%)]	Loss1: 5.838351 Loss2: 0.000055 
| Global Round : 46 | Client :2 | Local Epoch : 0 | [64/827 (8%)]	Loss1: 5.838576 Loss2: 0.000047 
| Global Round : 46 | Client :2 | Local Epoch : 0 | [704/827 (92%)]	Loss1: 5.838912 Loss2: 0.000049 
| Global Round : 46 | Client :2 | Local Epoch : 1 | [64/827 (8%)]	Loss1: 5.838777 Loss2: 0.000050 
| Global Round : 46 | Client :2 | Local Epoch : 1 | [704/827 (92%)]	Loss1: 5.838134 Loss2: 0.000049 
| Global Round : 46 | Client :2 | Local Epoch : 2 | [64/827 (8%)]	Loss1: 5.838310 Loss2: 0.000045 
| Global Round : 46 | Client :2 | Local Epoch : 2 | [704/827 (92%)]	Loss1: 5.837901 Loss2: 0.000048 
| Global Round : 46 | Client :2 | Local Epoch : 3 | [64/827 (8%)]	Loss1: 5.838069 Loss2: 0.000044 
| Global Round : 46 | Client :2 | Local Epoch : 3 | [704/827 (92%)]	Loss1: 5.838202 Loss2: 0.000047 
| Global Round : 46 | Client :2 | Local Epoch : 4 | [64/827 (8%)]	Loss1: 5.838176 Loss2: 0.000050 
| Global Round : 46 | Client :2 | Local Epoch : 4 | [704/827 (92%)]	Loss1: 5.837907 Loss2: 0.000050 
| Global Round : 46 | Client :3 | Local Epoch : 0 | [64/926 (7%)]	Loss1: 5.838081 Loss2: 0.000061 
| Global Round : 46 | Client :3 | Local Epoch : 0 | [704/926 (79%)]	Loss1: 5.838062 Loss2: 0.000060 
| Global Round : 46 | Client :3 | Local Epoch : 1 | [64/926 (7%)]	Loss1: 5.837896 Loss2: 0.000059 
| Global Round : 46 | Client :3 | Local Epoch : 1 | [704/926 (79%)]	Loss1: 5.837848 Loss2: 0.000058 
| Global Round : 46 | Client :3 | Local Epoch : 2 | [64/926 (7%)]	Loss1: 5.837840 Loss2: 0.000059 
| Global Round : 46 | Client :3 | Local Epoch : 2 | [704/926 (79%)]	Loss1: 5.837850 Loss2: 0.000060 
| Global Round : 46 | Client :3 | Local Epoch : 3 | [64/926 (7%)]	Loss1: 5.837838 Loss2: 0.000061 
| Global Round : 46 | Client :3 | Local Epoch : 3 | [704/926 (79%)]	Loss1: 5.837906 Loss2: 0.000067 
| Global Round : 46 | Client :3 | Local Epoch : 4 | [64/926 (7%)]	Loss1: 5.837812 Loss2: 0.000067 
| Global Round : 46 | Client :3 | Local Epoch : 4 | [704/926 (79%)]	Loss1: 5.837772 Loss2: 0.000054 
| Global Round : 46 | Client :4 | Local Epoch : 0 | [64/514 (12%)]	Loss1: 5.838549 Loss2: 0.000030 
| Global Round : 46 | Client :4 | Local Epoch : 1 | [64/514 (12%)]	Loss1: 5.839633 Loss2: 0.000030 
| Global Round : 46 | Client :4 | Local Epoch : 2 | [64/514 (12%)]	Loss1: 5.838213 Loss2: 0.000031 
| Global Round : 46 | Client :4 | Local Epoch : 3 | [64/514 (12%)]	Loss1: 5.838962 Loss2: 0.000030 
| Global Round : 46 | Client :4 | Local Epoch : 4 | [64/514 (12%)]	Loss1: 5.838725 Loss2: 0.000032 
| Global Round : 46 | Client :5 | Local Epoch : 0 | [64/641 (10%)]	Loss1: 5.837476 Loss2: 0.000062 
| Global Round : 46 | Client :5 | Local Epoch : 1 | [64/641 (10%)]	Loss1: 5.837564 Loss2: 0.000060 
| Global Round : 46 | Client :5 | Local Epoch : 2 | [64/641 (10%)]	Loss1: 5.837650 Loss2: 0.000059 
| Global Round : 46 | Client :5 | Local Epoch : 3 | [64/641 (10%)]	Loss1: 5.838085 Loss2: 0.000060 
| Global Round : 46 | Client :5 | Local Epoch : 4 | [64/641 (10%)]	Loss1: 5.837965 Loss2: 0.000056 
| Global Round : 46 | Client :6 | Local Epoch : 0 | [64/777 (8%)]	Loss1: 5.838068 Loss2: 0.000052 
| Global Round : 46 | Client :6 | Local Epoch : 0 | [704/777 (92%)]	Loss1: 5.838082 Loss2: 0.000050 
| Global Round : 46 | Client :6 | Local Epoch : 1 | [64/777 (8%)]	Loss1: 5.838195 Loss2: 0.000054 
| Global Round : 46 | Client :6 | Local Epoch : 1 | [704/777 (92%)]	Loss1: 5.838192 Loss2: 0.000052 
| Global Round : 46 | Client :6 | Local Epoch : 2 | [64/777 (8%)]	Loss1: 5.838071 Loss2: 0.000053 
| Global Round : 46 | Client :6 | Local Epoch : 2 | [704/777 (92%)]	Loss1: 5.838402 Loss2: 0.000055 
| Global Round : 46 | Client :6 | Local Epoch : 3 | [64/777 (8%)]	Loss1: 5.838336 Loss2: 0.000061 
| Global Round : 46 | Client :6 | Local Epoch : 3 | [704/777 (92%)]	Loss1: 5.838521 Loss2: 0.000051 
| Global Round : 46 | Client :6 | Local Epoch : 4 | [64/777 (8%)]	Loss1: 5.838354 Loss2: 0.000054 
| Global Round : 46 | Client :6 | Local Epoch : 4 | [704/777 (92%)]	Loss1: 5.837987 Loss2: 0.000055 
| Global Round : 46 | Client :7 | Local Epoch : 0 | [64/590 (11%)]	Loss1: 5.837844 Loss2: 0.000045 
| Global Round : 46 | Client :7 | Local Epoch : 1 | [64/590 (11%)]	Loss1: 5.838099 Loss2: 0.000045 
| Global Round : 46 | Client :7 | Local Epoch : 2 | [64/590 (11%)]	Loss1: 5.837990 Loss2: 0.000047 
| Global Round : 46 | Client :7 | Local Epoch : 3 | [64/590 (11%)]	Loss1: 5.837698 Loss2: 0.000046 
| Global Round : 46 | Client :7 | Local Epoch : 4 | [64/590 (11%)]	Loss1: 5.838558 Loss2: 0.000047 
| Global Round : 46 | Client :8 | Local Epoch : 0 | [64/612 (11%)]	Loss1: 5.837732 Loss2: 0.000055 
| Global Round : 46 | Client :8 | Local Epoch : 1 | [64/612 (11%)]	Loss1: 5.837834 Loss2: 0.000053 
| Global Round : 46 | Client :8 | Local Epoch : 2 | [64/612 (11%)]	Loss1: 5.838054 Loss2: 0.000047 
| Global Round : 46 | Client :8 | Local Epoch : 3 | [64/612 (11%)]	Loss1: 5.837864 Loss2: 0.000046 
| Global Round : 46 | Client :8 | Local Epoch : 4 | [64/612 (11%)]	Loss1: 5.837901 Loss2: 0.000051 
| Global Round : 46 | Client :9 | Local Epoch : 0 | [64/305 (25%)]	Loss1: 5.839160 Loss2: 0.000035 
| Global Round : 46 | Client :9 | Local Epoch : 1 | [64/305 (25%)]	Loss1: 5.838544 Loss2: 0.000034 
| Global Round : 46 | Client :9 | Local Epoch : 2 | [64/305 (25%)]	Loss1: 5.838680 Loss2: 0.000036 
| Global Round : 46 | Client :9 | Local Epoch : 3 | [64/305 (25%)]	Loss1: 5.838684 Loss2: 0.000036 
| Global Round : 46 | Client :9 | Local Epoch : 4 | [64/305 (25%)]	Loss1: 5.838566 Loss2: 0.000033 
average loss:   5.837614565103773
average local test accuracy: 0.926171875
average global test accuracy:  0.3180989583333333

 | Global Training Round : 47 |

xi_k [0.46364408 0.46771682 0.49444436 0.51518482 0.53040384 0.53159551
 0.52628912 0.51981826 0.50109875 0.44694928]
max_exp: -1.0
coe: 10
Regulation [0.8 0.8 0.8 0.8 0.8 0.8 0.8 0.8 0.8 0.8]
Solver status: optimal_inaccurate
b_new: [1. 1. 1. 1. 1. 1. 1. 1. 1. 1.]
Iter 0: obj=49.5714, best_obj=49.5714, ||b_new-b_prev||₂=2.846050
xi_k [0.46364408 0.46771682 0.49444436 0.51518482 0.53040384 0.53159551
 0.52628912 0.51981826 0.50109875 0.44694928]
max_exp: -1.0
coe: 10
Regulation [-1. -1. -1. -1. -1. -1. -1. -1. -1. -1.]
Solver status: optimal_inaccurate
b_new: [1. 1. 1. 1. 1. 1. 1. 1. 1. 1.]
Iter 1: obj=50.4714, best_obj=50.4714, ||b_new-b_prev||₂=0.000000
Converged.
Final b: [1. 1. 1. 1. 1. 1. 1. 1. 1. 1.]
<class 'numpy.ndarray'>
b_float: [1. 1. 1. 1. 1. 1. 1. 1. 1. 1.]
b: [1 1 1 1 1 1 1 1 1 1]
active_clients:  [0, 1, 2, 3, 4, 5, 6, 7, 8, 9]
Client 0's s_k are:[0 1 1 1 1 1 1 1 1 1]
Client 1's s_k are:[1 0 1 1 1 1 1 1 1 1]
Client 2's s_k are:[1 1 0 1 1 1 1 1 1 1]
Client 3's s_k are:[1 1 1 0 1 1 1 1 1 1]
Client 4's s_k are:[1 1 1 1 0 1 1 1 1 1]
Client 5's s_k are:[1 1 1 1 1 0 1 1 1 1]
Client 6's s_k are:[1 1 1 1 1 1 0 1 1 1]
Client 7's s_k are:[1 1 1 1 1 1 1 0 1 1]
Client 8's s_k are:[1 1 1 1 1 1 1 1 0 1]
Client 9's s_k are:[1 1 1 1 1 1 1 1 1 0]
| Global Round : 47 | Client :0 | Local Epoch : 0 | [64/294 (25%)]	Loss1: 5.837940 Loss2: 0.000044 
| Global Round : 47 | Client :0 | Local Epoch : 1 | [64/294 (25%)]	Loss1: 5.838367 Loss2: 0.000045 
| Global Round : 47 | Client :0 | Local Epoch : 2 | [64/294 (25%)]	Loss1: 5.838077 Loss2: 0.000043 
| Global Round : 47 | Client :0 | Local Epoch : 3 | [64/294 (25%)]	Loss1: 5.838121 Loss2: 0.000045 
| Global Round : 47 | Client :0 | Local Epoch : 4 | [64/294 (25%)]	Loss1: 5.838267 Loss2: 0.000047 
| Global Round : 47 | Client :1 | Local Epoch : 0 | [64/510 (14%)]	Loss1: 5.837822 Loss2: 0.000056 
| Global Round : 47 | Client :1 | Local Epoch : 1 | [64/510 (14%)]	Loss1: 5.837877 Loss2: 0.000065 
| Global Round : 47 | Client :1 | Local Epoch : 2 | [64/510 (14%)]	Loss1: 5.838457 Loss2: 0.000060 
| Global Round : 47 | Client :1 | Local Epoch : 3 | [64/510 (14%)]	Loss1: 5.838007 Loss2: 0.000064 
| Global Round : 47 | Client :1 | Local Epoch : 4 | [64/510 (14%)]	Loss1: 5.838201 Loss2: 0.000061 
| Global Round : 47 | Client :2 | Local Epoch : 0 | [64/827 (8%)]	Loss1: 5.837923 Loss2: 0.000048 
| Global Round : 47 | Client :2 | Local Epoch : 0 | [704/827 (92%)]	Loss1: 5.838394 Loss2: 0.000046 
| Global Round : 47 | Client :2 | Local Epoch : 1 | [64/827 (8%)]	Loss1: 5.838693 Loss2: 0.000046 
| Global Round : 47 | Client :2 | Local Epoch : 1 | [704/827 (92%)]	Loss1: 5.838709 Loss2: 0.000056 
| Global Round : 47 | Client :2 | Local Epoch : 2 | [64/827 (8%)]	Loss1: 5.838530 Loss2: 0.000048 
| Global Round : 47 | Client :2 | Local Epoch : 2 | [704/827 (92%)]	Loss1: 5.838154 Loss2: 0.000046 
| Global Round : 47 | Client :2 | Local Epoch : 3 | [64/827 (8%)]	Loss1: 5.838398 Loss2: 0.000044 
| Global Round : 47 | Client :2 | Local Epoch : 3 | [704/827 (92%)]	Loss1: 5.838273 Loss2: 0.000050 
| Global Round : 47 | Client :2 | Local Epoch : 4 | [64/827 (8%)]	Loss1: 5.837904 Loss2: 0.000048 
| Global Round : 47 | Client :2 | Local Epoch : 4 | [704/827 (92%)]	Loss1: 5.838170 Loss2: 0.000047 
| Global Round : 47 | Client :3 | Local Epoch : 0 | [64/926 (7%)]	Loss1: 5.838186 Loss2: 0.000059 
| Global Round : 47 | Client :3 | Local Epoch : 0 | [704/926 (79%)]	Loss1: 5.837963 Loss2: 0.000057 
| Global Round : 47 | Client :3 | Local Epoch : 1 | [64/926 (7%)]	Loss1: 5.837847 Loss2: 0.000054 
| Global Round : 47 | Client :3 | Local Epoch : 1 | [704/926 (79%)]	Loss1: 5.838214 Loss2: 0.000061 
| Global Round : 47 | Client :3 | Local Epoch : 2 | [64/926 (7%)]	Loss1: 5.837765 Loss2: 0.000058 
| Global Round : 47 | Client :3 | Local Epoch : 2 | [704/926 (79%)]	Loss1: 5.837816 Loss2: 0.000059 
| Global Round : 47 | Client :3 | Local Epoch : 3 | [64/926 (7%)]	Loss1: 5.838033 Loss2: 0.000062 
| Global Round : 47 | Client :3 | Local Epoch : 3 | [704/926 (79%)]	Loss1: 5.837723 Loss2: 0.000058 
| Global Round : 47 | Client :3 | Local Epoch : 4 | [64/926 (7%)]	Loss1: 5.838052 Loss2: 0.000063 
| Global Round : 47 | Client :3 | Local Epoch : 4 | [704/926 (79%)]	Loss1: 5.837887 Loss2: 0.000063 
| Global Round : 47 | Client :4 | Local Epoch : 0 | [64/514 (12%)]	Loss1: 5.839231 Loss2: 0.000033 
| Global Round : 47 | Client :4 | Local Epoch : 1 | [64/514 (12%)]	Loss1: 5.838641 Loss2: 0.000029 
| Global Round : 47 | Client :4 | Local Epoch : 2 | [64/514 (12%)]	Loss1: 5.838969 Loss2: 0.000031 
| Global Round : 47 | Client :4 | Local Epoch : 3 | [64/514 (12%)]	Loss1: 5.839380 Loss2: 0.000033 
| Global Round : 47 | Client :4 | Local Epoch : 4 | [64/514 (12%)]	Loss1: 5.838772 Loss2: 0.000027 
| Global Round : 47 | Client :5 | Local Epoch : 0 | [64/641 (10%)]	Loss1: 5.837424 Loss2: 0.000055 
| Global Round : 47 | Client :5 | Local Epoch : 1 | [64/641 (10%)]	Loss1: 5.838155 Loss2: 0.000058 
| Global Round : 47 | Client :5 | Local Epoch : 2 | [64/641 (10%)]	Loss1: 5.837724 Loss2: 0.000057 
| Global Round : 47 | Client :5 | Local Epoch : 3 | [64/641 (10%)]	Loss1: 5.837713 Loss2: 0.000063 
| Global Round : 47 | Client :5 | Local Epoch : 4 | [64/641 (10%)]	Loss1: 5.837545 Loss2: 0.000061 
| Global Round : 47 | Client :6 | Local Epoch : 0 | [64/777 (8%)]	Loss1: 5.839357 Loss2: 0.000056 
| Global Round : 47 | Client :6 | Local Epoch : 0 | [704/777 (92%)]	Loss1: 5.837913 Loss2: 0.000056 
| Global Round : 47 | Client :6 | Local Epoch : 1 | [64/777 (8%)]	Loss1: 5.838679 Loss2: 0.000053 
| Global Round : 47 | Client :6 | Local Epoch : 1 | [704/777 (92%)]	Loss1: 5.838159 Loss2: 0.000056 
| Global Round : 47 | Client :6 | Local Epoch : 2 | [64/777 (8%)]	Loss1: 5.838696 Loss2: 0.000057 
| Global Round : 47 | Client :6 | Local Epoch : 2 | [704/777 (92%)]	Loss1: 5.838745 Loss2: 0.000052 
| Global Round : 47 | Client :6 | Local Epoch : 3 | [64/777 (8%)]	Loss1: 5.838003 Loss2: 0.000053 
| Global Round : 47 | Client :6 | Local Epoch : 3 | [704/777 (92%)]	Loss1: 5.838234 Loss2: 0.000057 
| Global Round : 47 | Client :6 | Local Epoch : 4 | [64/777 (8%)]	Loss1: 5.838975 Loss2: 0.000059 
| Global Round : 47 | Client :6 | Local Epoch : 4 | [704/777 (92%)]	Loss1: 5.838106 Loss2: 0.000052 
| Global Round : 47 | Client :7 | Local Epoch : 0 | [64/590 (11%)]	Loss1: 5.838311 Loss2: 0.000044 
| Global Round : 47 | Client :7 | Local Epoch : 1 | [64/590 (11%)]	Loss1: 5.837763 Loss2: 0.000050 
| Global Round : 47 | Client :7 | Local Epoch : 2 | [64/590 (11%)]	Loss1: 5.838409 Loss2: 0.000049 
| Global Round : 47 | Client :7 | Local Epoch : 3 | [64/590 (11%)]	Loss1: 5.837898 Loss2: 0.000051 
| Global Round : 47 | Client :7 | Local Epoch : 4 | [64/590 (11%)]	Loss1: 5.838629 Loss2: 0.000043 
| Global Round : 47 | Client :8 | Local Epoch : 0 | [64/612 (11%)]	Loss1: 5.837780 Loss2: 0.000055 
| Global Round : 47 | Client :8 | Local Epoch : 1 | [64/612 (11%)]	Loss1: 5.837943 Loss2: 0.000052 
| Global Round : 47 | Client :8 | Local Epoch : 2 | [64/612 (11%)]	Loss1: 5.837940 Loss2: 0.000050 
| Global Round : 47 | Client :8 | Local Epoch : 3 | [64/612 (11%)]	Loss1: 5.838248 Loss2: 0.000048 
| Global Round : 47 | Client :8 | Local Epoch : 4 | [64/612 (11%)]	Loss1: 5.837925 Loss2: 0.000045 
| Global Round : 47 | Client :9 | Local Epoch : 0 | [64/305 (25%)]	Loss1: 5.838500 Loss2: 0.000034 
| Global Round : 47 | Client :9 | Local Epoch : 1 | [64/305 (25%)]	Loss1: 5.838404 Loss2: 0.000036 
| Global Round : 47 | Client :9 | Local Epoch : 2 | [64/305 (25%)]	Loss1: 5.839324 Loss2: 0.000036 
| Global Round : 47 | Client :9 | Local Epoch : 3 | [64/305 (25%)]	Loss1: 5.838751 Loss2: 0.000038 
| Global Round : 47 | Client :9 | Local Epoch : 4 | [64/305 (25%)]	Loss1: 5.839289 Loss2: 0.000041 
average loss:   5.837623478401275
average local test accuracy: 0.9321614583333332
average global test accuracy:  0.33072916666666663

 | Global Training Round : 48 |

xi_k [0.46363009 0.46772441 0.49444851 0.51517155 0.53039943 0.53159586
 0.52628669 0.51980623 0.50109995 0.44694637]
max_exp: -1.0
coe: 10
Regulation [0.8 0.8 0.8 0.8 0.8 0.8 0.8 0.8 0.8 0.8]
Solver status: optimal_inaccurate
b_new: [1. 1. 1. 1. 1. 1. 1. 1. 1. 1.]
Iter 0: obj=49.5711, best_obj=49.5711, ||b_new-b_prev||₂=2.846050
xi_k [0.46363009 0.46772441 0.49444851 0.51517155 0.53039943 0.53159586
 0.52628669 0.51980623 0.50109995 0.44694637]
max_exp: -1.0
coe: 10
Regulation [-1. -1. -1. -1. -1. -1. -1. -1. -1. -1.]
Solver status: optimal_inaccurate
b_new: [1. 1. 1. 1. 1. 1. 1. 1. 1. 1.]
Iter 1: obj=50.4711, best_obj=50.4711, ||b_new-b_prev||₂=0.000000
Converged.
Final b: [1. 1. 1. 1. 1. 1. 1. 1. 1. 1.]
<class 'numpy.ndarray'>
b_float: [1. 1. 1. 1. 1. 1. 1. 1. 1. 1.]
b: [1 1 1 1 1 1 1 1 1 1]
active_clients:  [0, 1, 2, 3, 4, 5, 6, 7, 8, 9]
Client 0's s_k are:[0 1 1 1 1 1 1 1 1 1]
Client 1's s_k are:[1 0 1 1 1 1 1 1 1 1]
Client 2's s_k are:[1 1 0 1 1 1 1 1 1 1]
Client 3's s_k are:[1 1 1 0 1 1 1 1 1 1]
Client 4's s_k are:[1 1 1 1 0 1 1 1 1 1]
Client 5's s_k are:[1 1 1 1 1 0 1 1 1 1]
Client 6's s_k are:[1 1 1 1 1 1 0 1 1 1]
Client 7's s_k are:[1 1 1 1 1 1 1 0 1 1]
Client 8's s_k are:[1 1 1 1 1 1 1 1 0 1]
Client 9's s_k are:[1 1 1 1 1 1 1 1 1 0]
| Global Round : 48 | Client :0 | Local Epoch : 0 | [64/294 (25%)]	Loss1: 5.838139 Loss2: 0.000046 
| Global Round : 48 | Client :0 | Local Epoch : 1 | [64/294 (25%)]	Loss1: 5.838427 Loss2: 0.000045 
| Global Round : 48 | Client :0 | Local Epoch : 2 | [64/294 (25%)]	Loss1: 5.838533 Loss2: 0.000042 
| Global Round : 48 | Client :0 | Local Epoch : 3 | [64/294 (25%)]	Loss1: 5.838190 Loss2: 0.000042 
| Global Round : 48 | Client :0 | Local Epoch : 4 | [64/294 (25%)]	Loss1: 5.838058 Loss2: 0.000043 
| Global Round : 48 | Client :1 | Local Epoch : 0 | [64/510 (14%)]	Loss1: 5.838356 Loss2: 0.000060 
| Global Round : 48 | Client :1 | Local Epoch : 1 | [64/510 (14%)]	Loss1: 5.837976 Loss2: 0.000054 
| Global Round : 48 | Client :1 | Local Epoch : 2 | [64/510 (14%)]	Loss1: 5.838233 Loss2: 0.000066 
| Global Round : 48 | Client :1 | Local Epoch : 3 | [64/510 (14%)]	Loss1: 5.837605 Loss2: 0.000056 
| Global Round : 48 | Client :1 | Local Epoch : 4 | [64/510 (14%)]	Loss1: 5.837877 Loss2: 0.000065 
| Global Round : 48 | Client :2 | Local Epoch : 0 | [64/827 (8%)]	Loss1: 5.838077 Loss2: 0.000045 
| Global Round : 48 | Client :2 | Local Epoch : 0 | [704/827 (92%)]	Loss1: 5.838076 Loss2: 0.000050 
| Global Round : 48 | Client :2 | Local Epoch : 1 | [64/827 (8%)]	Loss1: 5.838795 Loss2: 0.000046 
| Global Round : 48 | Client :2 | Local Epoch : 1 | [704/827 (92%)]	Loss1: 5.837940 Loss2: 0.000049 
| Global Round : 48 | Client :2 | Local Epoch : 2 | [64/827 (8%)]	Loss1: 5.837924 Loss2: 0.000047 
| Global Round : 48 | Client :2 | Local Epoch : 2 | [704/827 (92%)]	Loss1: 5.838331 Loss2: 0.000048 
| Global Round : 48 | Client :2 | Local Epoch : 3 | [64/827 (8%)]	Loss1: 5.837883 Loss2: 0.000049 
| Global Round : 48 | Client :2 | Local Epoch : 3 | [704/827 (92%)]	Loss1: 5.838417 Loss2: 0.000054 
| Global Round : 48 | Client :2 | Local Epoch : 4 | [64/827 (8%)]	Loss1: 5.838209 Loss2: 0.000044 
| Global Round : 48 | Client :2 | Local Epoch : 4 | [704/827 (92%)]	Loss1: 5.838323 Loss2: 0.000050 
| Global Round : 48 | Client :3 | Local Epoch : 0 | [64/926 (7%)]	Loss1: 5.837887 Loss2: 0.000064 
| Global Round : 48 | Client :3 | Local Epoch : 0 | [704/926 (79%)]	Loss1: 5.837742 Loss2: 0.000057 
| Global Round : 48 | Client :3 | Local Epoch : 1 | [64/926 (7%)]	Loss1: 5.838996 Loss2: 0.000057 
| Global Round : 48 | Client :3 | Local Epoch : 1 | [704/926 (79%)]	Loss1: 5.837801 Loss2: 0.000058 
| Global Round : 48 | Client :3 | Local Epoch : 2 | [64/926 (7%)]	Loss1: 5.837968 Loss2: 0.000063 
| Global Round : 48 | Client :3 | Local Epoch : 2 | [704/926 (79%)]	Loss1: 5.838000 Loss2: 0.000054 
| Global Round : 48 | Client :3 | Local Epoch : 3 | [64/926 (7%)]	Loss1: 5.837841 Loss2: 0.000062 
| Global Round : 48 | Client :3 | Local Epoch : 3 | [704/926 (79%)]	Loss1: 5.838082 Loss2: 0.000057 
| Global Round : 48 | Client :3 | Local Epoch : 4 | [64/926 (7%)]	Loss1: 5.838260 Loss2: 0.000061 
| Global Round : 48 | Client :3 | Local Epoch : 4 | [704/926 (79%)]	Loss1: 5.837712 Loss2: 0.000061 
| Global Round : 48 | Client :4 | Local Epoch : 0 | [64/514 (12%)]	Loss1: 5.838678 Loss2: 0.000030 
| Global Round : 48 | Client :4 | Local Epoch : 1 | [64/514 (12%)]	Loss1: 5.838701 Loss2: 0.000032 
| Global Round : 48 | Client :4 | Local Epoch : 2 | [64/514 (12%)]	Loss1: 5.838273 Loss2: 0.000032 
| Global Round : 48 | Client :4 | Local Epoch : 3 | [64/514 (12%)]	Loss1: 5.838652 Loss2: 0.000029 
| Global Round : 48 | Client :4 | Local Epoch : 4 | [64/514 (12%)]	Loss1: 5.839489 Loss2: 0.000024 
| Global Round : 48 | Client :5 | Local Epoch : 0 | [64/641 (10%)]	Loss1: 5.837547 Loss2: 0.000061 
| Global Round : 48 | Client :5 | Local Epoch : 1 | [64/641 (10%)]	Loss1: 5.837410 Loss2: 0.000055 
| Global Round : 48 | Client :5 | Local Epoch : 2 | [64/641 (10%)]	Loss1: 5.837869 Loss2: 0.000055 
| Global Round : 48 | Client :5 | Local Epoch : 3 | [64/641 (10%)]	Loss1: 5.837526 Loss2: 0.000058 
| Global Round : 48 | Client :5 | Local Epoch : 4 | [64/641 (10%)]	Loss1: 5.837445 Loss2: 0.000055 
| Global Round : 48 | Client :6 | Local Epoch : 0 | [64/777 (8%)]	Loss1: 5.838330 Loss2: 0.000058 
| Global Round : 48 | Client :6 | Local Epoch : 0 | [704/777 (92%)]	Loss1: 5.838638 Loss2: 0.000054 
| Global Round : 48 | Client :6 | Local Epoch : 1 | [64/777 (8%)]	Loss1: 5.838709 Loss2: 0.000054 
| Global Round : 48 | Client :6 | Local Epoch : 1 | [704/777 (92%)]	Loss1: 5.838033 Loss2: 0.000060 
| Global Round : 48 | Client :6 | Local Epoch : 2 | [64/777 (8%)]	Loss1: 5.838551 Loss2: 0.000056 
| Global Round : 48 | Client :6 | Local Epoch : 2 | [704/777 (92%)]	Loss1: 5.838192 Loss2: 0.000054 
| Global Round : 48 | Client :6 | Local Epoch : 3 | [64/777 (8%)]	Loss1: 5.838869 Loss2: 0.000052 
| Global Round : 48 | Client :6 | Local Epoch : 3 | [704/777 (92%)]	Loss1: 5.838081 Loss2: 0.000052 
| Global Round : 48 | Client :6 | Local Epoch : 4 | [64/777 (8%)]	Loss1: 5.838152 Loss2: 0.000054 
| Global Round : 48 | Client :6 | Local Epoch : 4 | [704/777 (92%)]	Loss1: 5.838081 Loss2: 0.000053 
| Global Round : 48 | Client :7 | Local Epoch : 0 | [64/590 (11%)]	Loss1: 5.837884 Loss2: 0.000049 
| Global Round : 48 | Client :7 | Local Epoch : 1 | [64/590 (11%)]	Loss1: 5.838418 Loss2: 0.000046 
| Global Round : 48 | Client :7 | Local Epoch : 2 | [64/590 (11%)]	Loss1: 5.838033 Loss2: 0.000050 
| Global Round : 48 | Client :7 | Local Epoch : 3 | [64/590 (11%)]	Loss1: 5.838826 Loss2: 0.000049 
| Global Round : 48 | Client :7 | Local Epoch : 4 | [64/590 (11%)]	Loss1: 5.838438 Loss2: 0.000044 
| Global Round : 48 | Client :8 | Local Epoch : 0 | [64/612 (11%)]	Loss1: 5.838052 Loss2: 0.000049 
| Global Round : 48 | Client :8 | Local Epoch : 1 | [64/612 (11%)]	Loss1: 5.838044 Loss2: 0.000049 
| Global Round : 48 | Client :8 | Local Epoch : 2 | [64/612 (11%)]	Loss1: 5.837873 Loss2: 0.000042 
| Global Round : 48 | Client :8 | Local Epoch : 3 | [64/612 (11%)]	Loss1: 5.837884 Loss2: 0.000051 
| Global Round : 48 | Client :8 | Local Epoch : 4 | [64/612 (11%)]	Loss1: 5.838254 Loss2: 0.000052 
| Global Round : 48 | Client :9 | Local Epoch : 0 | [64/305 (25%)]	Loss1: 5.839070 Loss2: 0.000036 
| Global Round : 48 | Client :9 | Local Epoch : 1 | [64/305 (25%)]	Loss1: 5.838490 Loss2: 0.000035 
| Global Round : 48 | Client :9 | Local Epoch : 2 | [64/305 (25%)]	Loss1: 5.838405 Loss2: 0.000041 
| Global Round : 48 | Client :9 | Local Epoch : 3 | [64/305 (25%)]	Loss1: 5.838499 Loss2: 0.000039 
| Global Round : 48 | Client :9 | Local Epoch : 4 | [64/305 (25%)]	Loss1: 5.838286 Loss2: 0.000036 
average loss:   5.8376335491452895
average local test accuracy: 0.933203125
average global test accuracy:  0.32005208333333335

 | Global Training Round : 49 |

xi_k [0.46362501 0.46773954 0.49445304 0.51517974 0.53040446 0.53160379
 0.52628322 0.51980779 0.50110884 0.44693014]
max_exp: -1.0
coe: 10
Regulation [0.8 0.8 0.8 0.8 0.8 0.8 0.8 0.8 0.8 0.8]
Solver status: optimal_inaccurate
b_new: [1. 1. 1. 1. 1. 1. 1. 1. 1. 1.]
Iter 0: obj=49.5714, best_obj=49.5714, ||b_new-b_prev||₂=2.846050
xi_k [0.46362501 0.46773954 0.49445304 0.51517974 0.53040446 0.53160379
 0.52628322 0.51980779 0.50110884 0.44693014]
max_exp: -1.0
coe: 10
Regulation [-1. -1. -1. -1. -1. -1. -1. -1. -1. -1.]
Solver status: optimal_inaccurate
b_new: [1. 1. 1. 1. 1. 1. 1. 1. 1. 1.]
Iter 1: obj=50.4714, best_obj=50.4714, ||b_new-b_prev||₂=0.000000
Converged.
Final b: [1. 1. 1. 1. 1. 1. 1. 1. 1. 1.]
<class 'numpy.ndarray'>
b_float: [1. 1. 1. 1. 1. 1. 1. 1. 1. 1.]
b: [1 1 1 1 1 1 1 1 1 1]
active_clients:  [0, 1, 2, 3, 4, 5, 6, 7, 8, 9]
Client 0's s_k are:[0 1 1 1 1 1 1 1 1 1]
Client 1's s_k are:[1 0 1 1 1 1 1 1 1 1]
Client 2's s_k are:[1 1 0 1 1 1 1 1 1 1]
Client 3's s_k are:[1 1 1 0 1 1 1 1 1 1]
Client 4's s_k are:[1 1 1 1 0 1 1 1 1 1]
Client 5's s_k are:[1 1 1 1 1 0 1 1 1 1]
Client 6's s_k are:[1 1 1 1 1 1 0 1 1 1]
Client 7's s_k are:[1 1 1 1 1 1 1 0 1 1]
Client 8's s_k are:[1 1 1 1 1 1 1 1 0 1]
Client 9's s_k are:[1 1 1 1 1 1 1 1 1 0]
| Global Round : 49 | Client :0 | Local Epoch : 0 | [64/294 (25%)]	Loss1: 5.838516 Loss2: 0.000049 
| Global Round : 49 | Client :0 | Local Epoch : 1 | [64/294 (25%)]	Loss1: 5.838213 Loss2: 0.000041 
| Global Round : 49 | Client :0 | Local Epoch : 2 | [64/294 (25%)]	Loss1: 5.838667 Loss2: 0.000043 
| Global Round : 49 | Client :0 | Local Epoch : 3 | [64/294 (25%)]	Loss1: 5.838869 Loss2: 0.000045 
| Global Round : 49 | Client :0 | Local Epoch : 4 | [64/294 (25%)]	Loss1: 5.838500 Loss2: 0.000044 
| Global Round : 49 | Client :1 | Local Epoch : 0 | [64/510 (14%)]	Loss1: 5.838261 Loss2: 0.000055 
| Global Round : 49 | Client :1 | Local Epoch : 1 | [64/510 (14%)]	Loss1: 5.838005 Loss2: 0.000061 
| Global Round : 49 | Client :1 | Local Epoch : 2 | [64/510 (14%)]	Loss1: 5.837896 Loss2: 0.000052 
| Global Round : 49 | Client :1 | Local Epoch : 3 | [64/510 (14%)]	Loss1: 5.837800 Loss2: 0.000065 
| Global Round : 49 | Client :1 | Local Epoch : 4 | [64/510 (14%)]	Loss1: 5.837940 Loss2: 0.000061 
| Global Round : 49 | Client :2 | Local Epoch : 0 | [64/827 (8%)]	Loss1: 5.837886 Loss2: 0.000042 
| Global Round : 49 | Client :2 | Local Epoch : 0 | [704/827 (92%)]	Loss1: 5.838028 Loss2: 0.000046 
| Global Round : 49 | Client :2 | Local Epoch : 1 | [64/827 (8%)]	Loss1: 5.838383 Loss2: 0.000047 
| Global Round : 49 | Client :2 | Local Epoch : 1 | [704/827 (92%)]	Loss1: 5.837900 Loss2: 0.000051 
| Global Round : 49 | Client :2 | Local Epoch : 2 | [64/827 (8%)]	Loss1: 5.838877 Loss2: 0.000045 
| Global Round : 49 | Client :2 | Local Epoch : 2 | [704/827 (92%)]	Loss1: 5.838095 Loss2: 0.000047 
| Global Round : 49 | Client :2 | Local Epoch : 3 | [64/827 (8%)]	Loss1: 5.838268 Loss2: 0.000046 
| Global Round : 49 | Client :2 | Local Epoch : 3 | [704/827 (92%)]	Loss1: 5.838164 Loss2: 0.000051 
| Global Round : 49 | Client :2 | Local Epoch : 4 | [64/827 (8%)]	Loss1: 5.838278 Loss2: 0.000045 
| Global Round : 49 | Client :2 | Local Epoch : 4 | [704/827 (92%)]	Loss1: 5.838567 Loss2: 0.000052 
| Global Round : 49 | Client :3 | Local Epoch : 0 | [64/926 (7%)]	Loss1: 5.837727 Loss2: 0.000062 
| Global Round : 49 | Client :3 | Local Epoch : 0 | [704/926 (79%)]	Loss1: 5.838287 Loss2: 0.000063 
| Global Round : 49 | Client :3 | Local Epoch : 1 | [64/926 (7%)]	Loss1: 5.837843 Loss2: 0.000064 
| Global Round : 49 | Client :3 | Local Epoch : 1 | [704/926 (79%)]	Loss1: 5.839037 Loss2: 0.000056 
| Global Round : 49 | Client :3 | Local Epoch : 2 | [64/926 (7%)]	Loss1: 5.837911 Loss2: 0.000061 
| Global Round : 49 | Client :3 | Local Epoch : 2 | [704/926 (79%)]	Loss1: 5.837726 Loss2: 0.000063 
| Global Round : 49 | Client :3 | Local Epoch : 3 | [64/926 (7%)]	Loss1: 5.838115 Loss2: 0.000060 
| Global Round : 49 | Client :3 | Local Epoch : 3 | [704/926 (79%)]	Loss1: 5.837857 Loss2: 0.000054 
| Global Round : 49 | Client :3 | Local Epoch : 4 | [64/926 (7%)]	Loss1: 5.838550 Loss2: 0.000060 
| Global Round : 49 | Client :3 | Local Epoch : 4 | [704/926 (79%)]	Loss1: 5.837831 Loss2: 0.000063 
| Global Round : 49 | Client :4 | Local Epoch : 0 | [64/514 (12%)]	Loss1: 5.838820 Loss2: 0.000032 
| Global Round : 49 | Client :4 | Local Epoch : 1 | [64/514 (12%)]	Loss1: 5.838803 Loss2: 0.000034 
| Global Round : 49 | Client :4 | Local Epoch : 2 | [64/514 (12%)]	Loss1: 5.838829 Loss2: 0.000034 
| Global Round : 49 | Client :4 | Local Epoch : 3 | [64/514 (12%)]	Loss1: 5.838864 Loss2: 0.000026 
| Global Round : 49 | Client :4 | Local Epoch : 4 | [64/514 (12%)]	Loss1: 5.838823 Loss2: 0.000034 
| Global Round : 49 | Client :5 | Local Epoch : 0 | [64/641 (10%)]	Loss1: 5.837461 Loss2: 0.000060 
| Global Round : 49 | Client :5 | Local Epoch : 1 | [64/641 (10%)]	Loss1: 5.838529 Loss2: 0.000057 
| Global Round : 49 | Client :5 | Local Epoch : 2 | [64/641 (10%)]	Loss1: 5.837669 Loss2: 0.000054 
| Global Round : 49 | Client :5 | Local Epoch : 3 | [64/641 (10%)]	Loss1: 5.837857 Loss2: 0.000062 
| Global Round : 49 | Client :5 | Local Epoch : 4 | [64/641 (10%)]	Loss1: 5.837440 Loss2: 0.000057 
| Global Round : 49 | Client :6 | Local Epoch : 0 | [64/777 (8%)]	Loss1: 5.838065 Loss2: 0.000049 
| Global Round : 49 | Client :6 | Local Epoch : 0 | [704/777 (92%)]	Loss1: 5.838735 Loss2: 0.000055 
| Global Round : 49 | Client :6 | Local Epoch : 1 | [64/777 (8%)]	Loss1: 5.838881 Loss2: 0.000055 
| Global Round : 49 | Client :6 | Local Epoch : 1 | [704/777 (92%)]	Loss1: 5.837780 Loss2: 0.000057 
| Global Round : 49 | Client :6 | Local Epoch : 2 | [64/777 (8%)]	Loss1: 5.838230 Loss2: 0.000054 
| Global Round : 49 | Client :6 | Local Epoch : 2 | [704/777 (92%)]	Loss1: 5.838004 Loss2: 0.000056 
| Global Round : 49 | Client :6 | Local Epoch : 3 | [64/777 (8%)]	Loss1: 5.838084 Loss2: 0.000049 
| Global Round : 49 | Client :6 | Local Epoch : 3 | [704/777 (92%)]	Loss1: 5.837941 Loss2: 0.000056 
| Global Round : 49 | Client :6 | Local Epoch : 4 | [64/777 (8%)]	Loss1: 5.838420 Loss2: 0.000055 
| Global Round : 49 | Client :6 | Local Epoch : 4 | [704/777 (92%)]	Loss1: 5.838268 Loss2: 0.000051 
| Global Round : 49 | Client :7 | Local Epoch : 0 | [64/590 (11%)]	Loss1: 5.838150 Loss2: 0.000049 
| Global Round : 49 | Client :7 | Local Epoch : 1 | [64/590 (11%)]	Loss1: 5.837986 Loss2: 0.000051 
| Global Round : 49 | Client :7 | Local Epoch : 2 | [64/590 (11%)]	Loss1: 5.838810 Loss2: 0.000044 
| Global Round : 49 | Client :7 | Local Epoch : 3 | [64/590 (11%)]	Loss1: 5.838004 Loss2: 0.000044 
| Global Round : 49 | Client :7 | Local Epoch : 4 | [64/590 (11%)]	Loss1: 5.838417 Loss2: 0.000048 
| Global Round : 49 | Client :8 | Local Epoch : 0 | [64/612 (11%)]	Loss1: 5.838202 Loss2: 0.000050 
| Global Round : 49 | Client :8 | Local Epoch : 1 | [64/612 (11%)]	Loss1: 5.837831 Loss2: 0.000048 
| Global Round : 49 | Client :8 | Local Epoch : 2 | [64/612 (11%)]	Loss1: 5.837859 Loss2: 0.000054 
| Global Round : 49 | Client :8 | Local Epoch : 3 | [64/612 (11%)]	Loss1: 5.837761 Loss2: 0.000053 
| Global Round : 49 | Client :8 | Local Epoch : 4 | [64/612 (11%)]	Loss1: 5.837944 Loss2: 0.000048 
| Global Round : 49 | Client :9 | Local Epoch : 0 | [64/305 (25%)]	Loss1: 5.839209 Loss2: 0.000041 
| Global Round : 49 | Client :9 | Local Epoch : 1 | [64/305 (25%)]	Loss1: 5.838350 Loss2: 0.000038 
| Global Round : 49 | Client :9 | Local Epoch : 2 | [64/305 (25%)]	Loss1: 5.839408 Loss2: 0.000034 
| Global Round : 49 | Client :9 | Local Epoch : 3 | [64/305 (25%)]	Loss1: 5.838152 Loss2: 0.000035 
| Global Round : 49 | Client :9 | Local Epoch : 4 | [64/305 (25%)]	Loss1: 5.839129 Loss2: 0.000038 
average loss:   5.837609168877677
average local test accuracy: 0.9294270833333332
average global test accuracy:  0.3037760416666667

 | Global Training Round : 50 |

xi_k [0.4636289  0.46774077 0.49445427 0.51517111 0.5304043  0.53159531
 0.52627907 0.51980359 0.50110497 0.4469214 ]
max_exp: -1.0
coe: 10
Regulation [0.8 0.8 0.8 0.8 0.8 0.8 0.8 0.8 0.8 0.8]
Solver status: optimal_inaccurate
b_new: [1. 1. 1. 1. 1. 1. 1. 1. 1. 1.]
Iter 0: obj=49.5710, best_obj=49.5710, ||b_new-b_prev||₂=2.846050
xi_k [0.4636289  0.46774077 0.49445427 0.51517111 0.5304043  0.53159531
 0.52627907 0.51980359 0.50110497 0.4469214 ]
max_exp: -1.0
coe: 10
Regulation [-1. -1. -1. -1. -1. -1. -1. -1. -1. -1.]
Solver status: optimal_inaccurate
b_new: [1. 1. 1. 1. 1. 1. 1. 1. 1. 1.]
Iter 1: obj=50.4710, best_obj=50.4710, ||b_new-b_prev||₂=0.000000
Converged.
Final b: [1. 1. 1. 1. 1. 1. 1. 1. 1. 1.]
<class 'numpy.ndarray'>
b_float: [1. 1. 1. 1. 1. 1. 1. 1. 1. 1.]
b: [1 1 1 1 1 1 1 1 1 1]
active_clients:  [0, 1, 2, 3, 4, 5, 6, 7, 8, 9]
Client 0's s_k are:[0 1 1 1 1 1 1 1 1 1]
Client 1's s_k are:[1 0 1 1 1 1 1 1 1 1]
Client 2's s_k are:[1 1 0 1 1 1 1 1 1 1]
Client 3's s_k are:[1 1 1 0 1 1 1 1 1 1]
Client 4's s_k are:[1 1 1 1 0 1 1 1 1 1]
Client 5's s_k are:[1 1 1 1 1 0 1 1 1 1]
Client 6's s_k are:[1 1 1 1 1 1 0 1 1 1]
Client 7's s_k are:[1 1 1 1 1 1 1 0 1 1]
Client 8's s_k are:[1 1 1 1 1 1 1 1 0 1]
Client 9's s_k are:[1 1 1 1 1 1 1 1 1 0]
| Global Round : 50 | Client :0 | Local Epoch : 0 | [64/294 (25%)]	Loss1: 5.837849 Loss2: 0.000040 
| Global Round : 50 | Client :0 | Local Epoch : 1 | [64/294 (25%)]	Loss1: 5.838618 Loss2: 0.000041 
| Global Round : 50 | Client :0 | Local Epoch : 2 | [64/294 (25%)]	Loss1: 5.838204 Loss2: 0.000042 
| Global Round : 50 | Client :0 | Local Epoch : 3 | [64/294 (25%)]	Loss1: 5.838339 Loss2: 0.000045 
| Global Round : 50 | Client :0 | Local Epoch : 4 | [64/294 (25%)]	Loss1: 5.838351 Loss2: 0.000044 
| Global Round : 50 | Client :1 | Local Epoch : 0 | [64/510 (14%)]	Loss1: 5.837823 Loss2: 0.000067 
| Global Round : 50 | Client :1 | Local Epoch : 1 | [64/510 (14%)]	Loss1: 5.837892 Loss2: 0.000054 
| Global Round : 50 | Client :1 | Local Epoch : 2 | [64/510 (14%)]	Loss1: 5.837987 Loss2: 0.000055 
| Global Round : 50 | Client :1 | Local Epoch : 3 | [64/510 (14%)]	Loss1: 5.838496 Loss2: 0.000054 
| Global Round : 50 | Client :1 | Local Epoch : 4 | [64/510 (14%)]	Loss1: 5.838345 Loss2: 0.000060 
| Global Round : 50 | Client :2 | Local Epoch : 0 | [64/827 (8%)]	Loss1: 5.838892 Loss2: 0.000048 
| Global Round : 50 | Client :2 | Local Epoch : 0 | [704/827 (92%)]	Loss1: 5.838306 Loss2: 0.000048 
| Global Round : 50 | Client :2 | Local Epoch : 1 | [64/827 (8%)]	Loss1: 5.839153 Loss2: 0.000049 
| Global Round : 50 | Client :2 | Local Epoch : 1 | [704/827 (92%)]	Loss1: 5.838277 Loss2: 0.000048 
| Global Round : 50 | Client :2 | Local Epoch : 2 | [64/827 (8%)]	Loss1: 5.838731 Loss2: 0.000047 
| Global Round : 50 | Client :2 | Local Epoch : 2 | [704/827 (92%)]	Loss1: 5.838269 Loss2: 0.000051 
| Global Round : 50 | Client :2 | Local Epoch : 3 | [64/827 (8%)]	Loss1: 5.838222 Loss2: 0.000050 
| Global Round : 50 | Client :2 | Local Epoch : 3 | [704/827 (92%)]	Loss1: 5.838543 Loss2: 0.000054 
| Global Round : 50 | Client :2 | Local Epoch : 4 | [64/827 (8%)]	Loss1: 5.838195 Loss2: 0.000050 
| Global Round : 50 | Client :2 | Local Epoch : 4 | [704/827 (92%)]	Loss1: 5.837885 Loss2: 0.000053 
| Global Round : 50 | Client :3 | Local Epoch : 0 | [64/926 (7%)]	Loss1: 5.837790 Loss2: 0.000064 
| Global Round : 50 | Client :3 | Local Epoch : 0 | [704/926 (79%)]	Loss1: 5.837898 Loss2: 0.000055 
| Global Round : 50 | Client :3 | Local Epoch : 1 | [64/926 (7%)]	Loss1: 5.838075 Loss2: 0.000056 
| Global Round : 50 | Client :3 | Local Epoch : 1 | [704/926 (79%)]	Loss1: 5.838098 Loss2: 0.000055 
| Global Round : 50 | Client :3 | Local Epoch : 2 | [64/926 (7%)]	Loss1: 5.837710 Loss2: 0.000063 
| Global Round : 50 | Client :3 | Local Epoch : 2 | [704/926 (79%)]	Loss1: 5.837770 Loss2: 0.000059 
| Global Round : 50 | Client :3 | Local Epoch : 3 | [64/926 (7%)]	Loss1: 5.838000 Loss2: 0.000063 
| Global Round : 50 | Client :3 | Local Epoch : 3 | [704/926 (79%)]	Loss1: 5.838125 Loss2: 0.000057 
| Global Round : 50 | Client :3 | Local Epoch : 4 | [64/926 (7%)]	Loss1: 5.838210 Loss2: 0.000057 
| Global Round : 50 | Client :3 | Local Epoch : 4 | [704/926 (79%)]	Loss1: 5.837904 Loss2: 0.000057 
| Global Round : 50 | Client :4 | Local Epoch : 0 | [64/514 (12%)]	Loss1: 5.838786 Loss2: 0.000029 
| Global Round : 50 | Client :4 | Local Epoch : 1 | [64/514 (12%)]	Loss1: 5.838510 Loss2: 0.000032 
| Global Round : 50 | Client :4 | Local Epoch : 2 | [64/514 (12%)]	Loss1: 5.839253 Loss2: 0.000027 
| Global Round : 50 | Client :4 | Local Epoch : 3 | [64/514 (12%)]	Loss1: 5.838465 Loss2: 0.000028 
| Global Round : 50 | Client :4 | Local Epoch : 4 | [64/514 (12%)]	Loss1: 5.839412 Loss2: 0.000029 
| Global Round : 50 | Client :5 | Local Epoch : 0 | [64/641 (10%)]	Loss1: 5.837860 Loss2: 0.000053 
| Global Round : 50 | Client :5 | Local Epoch : 1 | [64/641 (10%)]	Loss1: 5.838045 Loss2: 0.000059 
| Global Round : 50 | Client :5 | Local Epoch : 2 | [64/641 (10%)]	Loss1: 5.837634 Loss2: 0.000061 
| Global Round : 50 | Client :5 | Local Epoch : 3 | [64/641 (10%)]	Loss1: 5.837439 Loss2: 0.000062 
| Global Round : 50 | Client :5 | Local Epoch : 4 | [64/641 (10%)]	Loss1: 5.837469 Loss2: 0.000058 
| Global Round : 50 | Client :6 | Local Epoch : 0 | [64/777 (8%)]	Loss1: 5.838029 Loss2: 0.000053 
| Global Round : 50 | Client :6 | Local Epoch : 0 | [704/777 (92%)]	Loss1: 5.838119 Loss2: 0.000053 
| Global Round : 50 | Client :6 | Local Epoch : 1 | [64/777 (8%)]	Loss1: 5.838264 Loss2: 0.000055 
| Global Round : 50 | Client :6 | Local Epoch : 1 | [704/777 (92%)]	Loss1: 5.837867 Loss2: 0.000053 
| Global Round : 50 | Client :6 | Local Epoch : 2 | [64/777 (8%)]	Loss1: 5.838361 Loss2: 0.000056 
| Global Round : 50 | Client :6 | Local Epoch : 2 | [704/777 (92%)]	Loss1: 5.837867 Loss2: 0.000055 
| Global Round : 50 | Client :6 | Local Epoch : 3 | [64/777 (8%)]	Loss1: 5.838362 Loss2: 0.000054 
| Global Round : 50 | Client :6 | Local Epoch : 3 | [704/777 (92%)]	Loss1: 5.838187 Loss2: 0.000056 
| Global Round : 50 | Client :6 | Local Epoch : 4 | [64/777 (8%)]	Loss1: 5.838093 Loss2: 0.000052 
| Global Round : 50 | Client :6 | Local Epoch : 4 | [704/777 (92%)]	Loss1: 5.838212 Loss2: 0.000056 
| Global Round : 50 | Client :7 | Local Epoch : 0 | [64/590 (11%)]	Loss1: 5.838776 Loss2: 0.000047 
| Global Round : 50 | Client :7 | Local Epoch : 1 | [64/590 (11%)]	Loss1: 5.838869 Loss2: 0.000049 
| Global Round : 50 | Client :7 | Local Epoch : 2 | [64/590 (11%)]	Loss1: 5.838573 Loss2: 0.000049 
| Global Round : 50 | Client :7 | Local Epoch : 3 | [64/590 (11%)]	Loss1: 5.838621 Loss2: 0.000046 
| Global Round : 50 | Client :7 | Local Epoch : 4 | [64/590 (11%)]	Loss1: 5.839061 Loss2: 0.000047 
| Global Round : 50 | Client :8 | Local Epoch : 0 | [64/612 (11%)]	Loss1: 5.837965 Loss2: 0.000050 
| Global Round : 50 | Client :8 | Local Epoch : 1 | [64/612 (11%)]	Loss1: 5.838187 Loss2: 0.000044 
| Global Round : 50 | Client :8 | Local Epoch : 2 | [64/612 (11%)]	Loss1: 5.837816 Loss2: 0.000051 
| Global Round : 50 | Client :8 | Local Epoch : 3 | [64/612 (11%)]	Loss1: 5.838199 Loss2: 0.000049 
| Global Round : 50 | Client :8 | Local Epoch : 4 | [64/612 (11%)]	Loss1: 5.837900 Loss2: 0.000047 
| Global Round : 50 | Client :9 | Local Epoch : 0 | [64/305 (25%)]	Loss1: 5.839291 Loss2: 0.000034 
| Global Round : 50 | Client :9 | Local Epoch : 1 | [64/305 (25%)]	Loss1: 5.839067 Loss2: 0.000035 
| Global Round : 50 | Client :9 | Local Epoch : 2 | [64/305 (25%)]	Loss1: 5.838239 Loss2: 0.000037 
| Global Round : 50 | Client :9 | Local Epoch : 3 | [64/305 (25%)]	Loss1: 5.838990 Loss2: 0.000035 
| Global Round : 50 | Client :9 | Local Epoch : 4 | [64/305 (25%)]	Loss1: 5.839163 Loss2: 0.000039 
/home/gyh/anaconda3/envs/pt_38py_env/lib/python3.8/site-packages/torch/distributed/distributed_c10d.py:151: UserWarning: torch.distributed.reduce_op is deprecated, please use torch.distributed.ReduceOp instead
  warnings.warn("torch.distributed.reduce_op is deprecated, please use "
average loss:   5.837623841970686
average local test accuracy: 0.9231770833333333
average global test accuracy:  0.3149739583333333
Figures plotted successfully.
Training is completed.
running time: 12699.385901927948 s 

Storage on cpu
-------------------------------------------------------------------------------
Total Tensors: 55285948 	Used Memory: 54.15M
-------------------------------------------------------------------------------

Storage on cuda:0
-------------------------------------------------------------------------------
Total Tensors: 345885 	Used Memory: 1.31M
The allocated memory on cuda:0: 5.54M
Memory differs due to the matrix alignment or invisible gradient buffer tensors
-------------------------------------------------------------------------------
Model is saved on: 
./checkpoint/FMNIST/ee5f6957e307f71aa92bd36512b9a4382a4847ce952b825ca064902b94324106.pth
