nohup: 忽略输入
1.9.0+cu111
cuda
Namespace(CVX_iterations=20, alg='FedKD', batch_size=64, beta=0.5, clip_grad=None, clock_frequency=array([8211233.26680842, 7109241.96300362, 5748172.53123855,
       4831630.53085409, 5223842.90846437, 6884584.86914044,
       3781715.14245922, 5333944.52520512, 1467127.00017795,
       2219189.86642698]), code_len=32, dataset='FMNIST', duration_round=1000000, energy_threshold=1000000.0, eval_only=False, gamma=0.05, is_allocation=True, lam=1, lambda2=0.05, local_ep=5, log_frq=5, loss_F='MSE', lr=0.001, lr_sh_rate=10, method_Bandwidth='CVX', method_Frequency='CVX', method_Teacher='Cosine', method_tier='Random', model='CNN', num_classes=10, num_clients=10, num_epochs=50, num_tiers=1, part=0.1, sample_method='Dirichlet', sampling_rate=1, save_model=True, seed=0, std=2, temp=1, tol=0.001, total_bandwidth=1e+30, transmit_power=0.5, upload_model=True, use_lrschd=False)
idx_batch [6260, 4975, 5977, 6056, 4360, 6274, 5714, 6651, 5615, 8118]
idx_batch_test [1040, 826, 999, 1008, 728, 1046, 952, 1107, 936, 1358]
min_size 728
Loaders_test[0] is empty: False
Loaders_test[1] is empty: False
Loaders_test[2] is empty: False
Loaders_test[3] is empty: False
Loaders_test[4] is empty: False
Loaders_test[5] is empty: False
Loaders_test[6] is empty: False
Loaders_test[7] is empty: False
Loaders_test[8] is empty: False
Loaders_test[9] is empty: False
Length of Loaders_test[0]: 208
Length of Loaders_test[1]: 165
Length of Loaders_test[2]: 199
Length of Loaders_test[3]: 201
Length of Loaders_test[4]: 145
Length of Loaders_test[5]: 209
Length of Loaders_test[6]: 190
Length of Loaders_test[7]: 221
Length of Loaders_test[8]: 187
Length of Loaders_test[9]: 271
Length of global_loader_test: 195
len(Loaders_train) 9
Client 0 data distribution:
[115, 14, 0, 91, 17, 8, 146, 54, 131, 0]
Client 1 data distribution:
[5, 1, 31, 9, 130, 62, 189, 5, 11, 5]
Client 2 data distribution:
[4, 62, 37, 108, 10, 179, 4, 157, 3, 12]
Client 3 data distribution:
[12, 181, 162, 18, 32, 11, 106, 50, 4, 0]
Client 4 data distribution:
[161, 0, 5, 2, 111, 9, 4, 20, 63, 9]
Client 5 data distribution:
[28, 83, 252, 74, 139, 0, 0, 0, 0, 0]
Client 6 data distribution:
[2, 13, 8, 20, 28, 143, 29, 160, 109, 0]
Client 7 data distribution:
[7, 48, 5, 161, 95, 2, 21, 68, 159, 74]
Client 8 data distribution:
[181, 60, 17, 17, 4, 21, 56, 0, 18, 138]
Client 9 data distribution:
[17, 68, 59, 67, 5, 131, 9, 33, 41, 338]
Checkpoint dir: ./checkpoint/FMNIST/
CNN
# model parameters: 15722
variances:  [0.3629149589082665, 0.9576674269987132, 0.9123420069588598, 0.40690338404331317, 0.9669374111845102, 0.03584113952107326, 0.2028165679319468, 0.898279142410506, 0.5010094081839137, 0.830163557570702]
h:  [6.56940601e-01 4.66598392e+00 2.06875696e-02 2.27516770e-01
 4.23827610e-02 1.80223614e-03 3.71238945e-01 7.83039553e+00
 4.73291080e-02 6.91287424e-01]
Random
tiered_clients:  {1: [7, 3, 0, 8, 9, 5, 4, 1, 2, 6]}

 | Global Training Round : 1 |

xi_k [0.49828109 0.48931134 0.52333834 0.51804606 0.47873959 0.50089512
 0.48453955 0.52162305 0.49766482 0.51579911]
max_exp: -1.0
coe: 10
Regulation [0.8 0.8 0.8 0.8 0.8 0.8 0.8 0.8 0.8 0.8]
Solver status: optimal_inaccurate
b_new: [1. 1. 1. 1. 1. 1. 1. 1. 1. 1.]
Iter 0: obj=49.8824, best_obj=49.8824, ||b_new-b_prev||₂=2.846050
xi_k [0.49828109 0.48931134 0.52333834 0.51804606 0.47873959 0.50089512
 0.48453955 0.52162305 0.49766482 0.51579911]
max_exp: -1.0
coe: 10
Regulation [-1. -1. -1. -1. -1. -1. -1. -1. -1. -1.]
Solver status: optimal_inaccurate
b_new: [1. 1. 1. 1. 1. 1. 1. 1. 1. 1.]
Iter 1: obj=50.7824, best_obj=50.7824, ||b_new-b_prev||₂=0.000000
Converged.
Final b: [1. 1. 1. 1. 1. 1. 1. 1. 1. 1.]
<class 'numpy.ndarray'>
b_float: [1. 1. 1. 1. 1. 1. 1. 1. 1. 1.]
b: [1 1 1 1 1 1 1 1 1 1]
active_clients:  [0, 1, 2, 3, 4, 5, 6, 7, 8, 9]
Client 0's s_k are:[0 1 0 0 0 0 0 0 0 0]
Client 1's s_k are:[1 0 0 0 0 0 0 0 0 0]
Client 2's s_k are:[1 0 0 0 0 0 0 0 0 0]
Client 3's s_k are:[1 0 0 0 0 0 0 0 0 0]
Client 4's s_k are:[1 0 0 0 0 0 0 0 0 0]
Client 5's s_k are:[1 0 0 0 0 0 0 0 0 0]
Client 6's s_k are:[1 0 0 0 0 0 0 0 0 0]
Client 7's s_k are:[1 0 0 0 0 0 0 0 0 0]
Client 8's s_k are:[1 0 0 0 0 0 0 0 0 0]
Client 9's s_k are:[1 0 0 0 0 0 0 0 0 0]
| Global Round : 1 | Client :0 | Local Epoch : 0 | [64/626 (11%)]	Loss1: 5.896976 Loss2: 0.000040 
| Global Round : 1 | Client :0 | Local Epoch : 1 | [64/626 (11%)]	Loss1: 5.866782 Loss2: 0.000088 
| Global Round : 1 | Client :0 | Local Epoch : 2 | [64/626 (11%)]	Loss1: 5.862222 Loss2: 0.000080 
| Global Round : 1 | Client :0 | Local Epoch : 3 | [64/626 (11%)]	Loss1: 5.858530 Loss2: 0.000078 
| Global Round : 1 | Client :0 | Local Epoch : 4 | [64/626 (11%)]	Loss1: 5.859329 Loss2: 0.000084 
| Global Round : 1 | Client :1 | Local Epoch : 0 | [64/497 (14%)]	Loss1: 5.908371 Loss2: 0.000114 
| Global Round : 1 | Client :1 | Local Epoch : 1 | [64/497 (14%)]	Loss1: 5.869755 Loss2: 0.000041 
| Global Round : 1 | Client :1 | Local Epoch : 2 | [64/497 (14%)]	Loss1: 5.864826 Loss2: 0.000037 
| Global Round : 1 | Client :1 | Local Epoch : 3 | [64/497 (14%)]	Loss1: 5.860328 Loss2: 0.000040 
| Global Round : 1 | Client :1 | Local Epoch : 4 | [64/497 (14%)]	Loss1: 5.858128 Loss2: 0.000037 
| Global Round : 1 | Client :2 | Local Epoch : 0 | [64/597 (11%)]	Loss1: 5.909515 Loss2: 0.000100 
| Global Round : 1 | Client :2 | Local Epoch : 1 | [64/597 (11%)]	Loss1: 5.864526 Loss2: 0.000036 
| Global Round : 1 | Client :2 | Local Epoch : 2 | [64/597 (11%)]	Loss1: 5.861494 Loss2: 0.000036 
| Global Round : 1 | Client :2 | Local Epoch : 3 | [64/597 (11%)]	Loss1: 5.858358 Loss2: 0.000037 
| Global Round : 1 | Client :2 | Local Epoch : 4 | [64/597 (11%)]	Loss1: 5.857735 Loss2: 0.000038 
| Global Round : 1 | Client :3 | Local Epoch : 0 | [64/605 (11%)]	Loss1: 5.917051 Loss2: 0.000111 
| Global Round : 1 | Client :3 | Local Epoch : 1 | [64/605 (11%)]	Loss1: 5.869559 Loss2: 0.000034 
| Global Round : 1 | Client :3 | Local Epoch : 2 | [64/605 (11%)]	Loss1: 5.863024 Loss2: 0.000037 
| Global Round : 1 | Client :3 | Local Epoch : 3 | [64/605 (11%)]	Loss1: 5.858888 Loss2: 0.000036 
| Global Round : 1 | Client :3 | Local Epoch : 4 | [64/605 (11%)]	Loss1: 5.857786 Loss2: 0.000037 
| Global Round : 1 | Client :4 | Local Epoch : 0 | [64/436 (17%)]	Loss1: 5.914250 Loss2: 0.000121 
| Global Round : 1 | Client :4 | Local Epoch : 1 | [64/436 (17%)]	Loss1: 5.872258 Loss2: 0.000066 
| Global Round : 1 | Client :4 | Local Epoch : 2 | [64/436 (17%)]	Loss1: 5.869031 Loss2: 0.000033 
| Global Round : 1 | Client :4 | Local Epoch : 3 | [64/436 (17%)]	Loss1: 5.866032 Loss2: 0.000042 
| Global Round : 1 | Client :4 | Local Epoch : 4 | [64/436 (17%)]	Loss1: 5.862335 Loss2: 0.000038 
| Global Round : 1 | Client :5 | Local Epoch : 0 | [64/627 (11%)]	Loss1: 5.915590 Loss2: 0.000115 
| Global Round : 1 | Client :5 | Local Epoch : 1 | [64/627 (11%)]	Loss1: 5.871696 Loss2: 0.000048 
| Global Round : 1 | Client :5 | Local Epoch : 2 | [64/627 (11%)]	Loss1: 5.865676 Loss2: 0.000061 
| Global Round : 1 | Client :5 | Local Epoch : 3 | [64/627 (11%)]	Loss1: 5.860895 Loss2: 0.000056 
| Global Round : 1 | Client :5 | Local Epoch : 4 | [64/627 (11%)]	Loss1: 5.857614 Loss2: 0.000049 
| Global Round : 1 | Client :6 | Local Epoch : 0 | [64/571 (12%)]	Loss1: 5.897469 Loss2: 0.000121 
| Global Round : 1 | Client :6 | Local Epoch : 1 | [64/571 (12%)]	Loss1: 5.864988 Loss2: 0.000033 
| Global Round : 1 | Client :6 | Local Epoch : 2 | [64/571 (12%)]	Loss1: 5.861759 Loss2: 0.000035 
| Global Round : 1 | Client :6 | Local Epoch : 3 | [64/571 (12%)]	Loss1: 5.860862 Loss2: 0.000028 
| Global Round : 1 | Client :6 | Local Epoch : 4 | [64/571 (12%)]	Loss1: 5.855610 Loss2: 0.000026 
| Global Round : 1 | Client :7 | Local Epoch : 0 | [64/665 (10%)]	Loss1: 5.899218 Loss2: 0.000116 
| Global Round : 1 | Client :7 | Local Epoch : 1 | [64/665 (10%)]	Loss1: 5.865314 Loss2: 0.000039 
| Global Round : 1 | Client :7 | Local Epoch : 2 | [64/665 (10%)]	Loss1: 5.860889 Loss2: 0.000025 
| Global Round : 1 | Client :7 | Local Epoch : 3 | [64/665 (10%)]	Loss1: 5.858366 Loss2: 0.000022 
| Global Round : 1 | Client :7 | Local Epoch : 4 | [64/665 (10%)]	Loss1: 5.855726 Loss2: 0.000029 
| Global Round : 1 | Client :8 | Local Epoch : 0 | [64/561 (12%)]	Loss1: 5.915694 Loss2: 0.000124 
| Global Round : 1 | Client :8 | Local Epoch : 1 | [64/561 (12%)]	Loss1: 5.877001 Loss2: 0.000038 
| Global Round : 1 | Client :8 | Local Epoch : 2 | [64/561 (12%)]	Loss1: 5.866120 Loss2: 0.000040 
| Global Round : 1 | Client :8 | Local Epoch : 3 | [64/561 (12%)]	Loss1: 5.862766 Loss2: 0.000037 
| Global Round : 1 | Client :8 | Local Epoch : 4 | [64/561 (12%)]	Loss1: 5.860679 Loss2: 0.000031 
| Global Round : 1 | Client :9 | Local Epoch : 0 | [64/811 (8%)]	Loss1: 5.918808 Loss2: 0.000120 
| Global Round : 1 | Client :9 | Local Epoch : 0 | [704/811 (92%)]	Loss1: 5.874253 Loss2: 0.000038 
| Global Round : 1 | Client :9 | Local Epoch : 1 | [64/811 (8%)]	Loss1: 5.868052 Loss2: 0.000045 
| Global Round : 1 | Client :9 | Local Epoch : 1 | [704/811 (92%)]	Loss1: 5.864198 Loss2: 0.000039 
| Global Round : 1 | Client :9 | Local Epoch : 2 | [64/811 (8%)]	Loss1: 5.861749 Loss2: 0.000034 
| Global Round : 1 | Client :9 | Local Epoch : 2 | [704/811 (92%)]	Loss1: 5.858662 Loss2: 0.000032 
| Global Round : 1 | Client :9 | Local Epoch : 3 | [64/811 (8%)]	Loss1: 5.858675 Loss2: 0.000032 
| Global Round : 1 | Client :9 | Local Epoch : 3 | [704/811 (92%)]	Loss1: 5.854904 Loss2: 0.000038 
| Global Round : 1 | Client :9 | Local Epoch : 4 | [64/811 (8%)]	Loss1: 5.856683 Loss2: 0.000049 
| Global Round : 1 | Client :9 | Local Epoch : 4 | [704/811 (92%)]	Loss1: 5.853575 Loss2: 0.000038 
<frozen importlib._bootstrap>:219: RuntimeWarning: scipy._lib.messagestream.MessageStream size changed, may indicate binary incompatibility. Expected 56 from C header, got 64 from PyObject
/home/gyh/anaconda3/envs/pt_38py_env/lib/python3.8/site-packages/torchvision/datasets/mnist.py:498: UserWarning: The given NumPy array is not writeable, and PyTorch does not support non-writeable tensors. This means you can write to the underlying (supposedly non-writeable) NumPy array using the tensor. You may want to copy the array to protect its data or make it writeable before converting it to a tensor. This type of warning will be suppressed for the rest of this program. (Triggered internally at  /pytorch/torch/csrc/utils/tensor_numpy.cpp:180.)
  return torch.from_numpy(parsed.astype(m[2], copy=False)).view(*s)
/home/gyh/anaconda3/envs/pt_38py_env/lib/python3.8/site-packages/torch/nn/functional.py:718: UserWarning: Named tensors and all their associated APIs are an experimental feature and subject to change. Please do not use them for anything important until they are released as stable. (Triggered internally at  /pytorch/c10/core/TensorImpl.h:1156.)
  return torch.max_pool2d(input, kernel_size, stride, padding, dilation, ceil_mode)
/home/gyh/anaconda3/envs/pt_38py_env/lib/python3.8/site-packages/cvxpy/problems/problem.py:1407: UserWarning: Solution may be inaccurate. Try another solver, adjusting the solver settings, or solve with verbose=True for more information.
  warnings.warn(
average loss:   5.852421435590774
average local test accuracy: 0.7026041666666667
average global test accuracy:  0.353125

 | Global Training Round : 2 |

xi_k [0.49270613 0.48285822 0.5161012  0.50934893 0.47138486 0.49151769
 0.47973793 0.51456859 0.4884376  0.50638101]
max_exp: -1.0
coe: 10
Regulation [0.8 0.8 0.8 0.8 0.8 0.8 0.8 0.8 0.8 0.8]
Solver status: optimal_inaccurate
b_new: [1. 1. 1. 1. 1. 1. 1. 1. 1. 1.]
Iter 0: obj=49.1304, best_obj=49.1304, ||b_new-b_prev||₂=2.846050
xi_k [0.49270613 0.48285822 0.5161012  0.50934893 0.47138486 0.49151769
 0.47973793 0.51456859 0.4884376  0.50638101]
max_exp: -1.0
coe: 10
Regulation [-1. -1. -1. -1. -1. -1. -1. -1. -1. -1.]
Solver status: optimal_inaccurate
b_new: [1. 1. 1. 1. 1. 1. 1. 1. 1. 1.]
Iter 1: obj=50.0304, best_obj=50.0304, ||b_new-b_prev||₂=0.000000
Converged.
Final b: [1. 1. 1. 1. 1. 1. 1. 1. 1. 1.]
<class 'numpy.ndarray'>
b_float: [1. 1. 1. 1. 1. 1. 1. 1. 1. 1.]
b: [1 1 1 1 1 1 1 1 1 1]
active_clients:  [0, 1, 2, 3, 4, 5, 6, 7, 8, 9]
Client 0's s_k are:[0 0 0 0 0 0 1 0 0 0]
Client 1's s_k are:[0 0 0 0 0 0 1 0 0 0]
Client 2's s_k are:[0 0 0 0 0 0 1 0 0 0]
Client 3's s_k are:[0 0 0 0 0 1 0 0 0 0]
Client 4's s_k are:[1 0 0 0 0 0 0 0 0 0]
Client 5's s_k are:[0 0 0 1 0 0 0 0 0 0]
Client 6's s_k are:[0 0 1 0 0 0 0 0 0 0]
Client 7's s_k are:[0 0 0 0 0 0 1 0 0 0]
Client 8's s_k are:[0 0 0 0 0 0 0 0 0 1]
Client 9's s_k are:[0 0 0 0 0 0 0 0 1 0]
| Global Round : 2 | Client :0 | Local Epoch : 0 | [64/626 (11%)]	Loss1: 5.856016 Loss2: 0.000028 
| Global Round : 2 | Client :0 | Local Epoch : 1 | [64/626 (11%)]	Loss1: 5.855134 Loss2: 0.000025 
| Global Round : 2 | Client :0 | Local Epoch : 2 | [64/626 (11%)]	Loss1: 5.856040 Loss2: 0.000030 
| Global Round : 2 | Client :0 | Local Epoch : 3 | [64/626 (11%)]	Loss1: 5.853457 Loss2: 0.000033 
| Global Round : 2 | Client :0 | Local Epoch : 4 | [64/626 (11%)]	Loss1: 5.851915 Loss2: 0.000025 
| Global Round : 2 | Client :1 | Local Epoch : 0 | [64/497 (14%)]	Loss1: 5.860342 Loss2: 0.000032 
| Global Round : 2 | Client :1 | Local Epoch : 1 | [64/497 (14%)]	Loss1: 5.857290 Loss2: 0.000029 
| Global Round : 2 | Client :1 | Local Epoch : 2 | [64/497 (14%)]	Loss1: 5.855820 Loss2: 0.000027 
| Global Round : 2 | Client :1 | Local Epoch : 3 | [64/497 (14%)]	Loss1: 5.856065 Loss2: 0.000030 
| Global Round : 2 | Client :1 | Local Epoch : 4 | [64/497 (14%)]	Loss1: 5.855026 Loss2: 0.000033 
| Global Round : 2 | Client :2 | Local Epoch : 0 | [64/597 (11%)]	Loss1: 5.854093 Loss2: 0.000028 
| Global Round : 2 | Client :2 | Local Epoch : 1 | [64/597 (11%)]	Loss1: 5.853725 Loss2: 0.000022 
| Global Round : 2 | Client :2 | Local Epoch : 2 | [64/597 (11%)]	Loss1: 5.853802 Loss2: 0.000021 
| Global Round : 2 | Client :2 | Local Epoch : 3 | [64/597 (11%)]	Loss1: 5.851403 Loss2: 0.000024 
| Global Round : 2 | Client :2 | Local Epoch : 4 | [64/597 (11%)]	Loss1: 5.851313 Loss2: 0.000025 
| Global Round : 2 | Client :3 | Local Epoch : 0 | [64/605 (11%)]	Loss1: 5.856417 Loss2: 0.000025 
| Global Round : 2 | Client :3 | Local Epoch : 1 | [64/605 (11%)]	Loss1: 5.856042 Loss2: 0.000023 
| Global Round : 2 | Client :3 | Local Epoch : 2 | [64/605 (11%)]	Loss1: 5.854764 Loss2: 0.000020 
| Global Round : 2 | Client :3 | Local Epoch : 3 | [64/605 (11%)]	Loss1: 5.853690 Loss2: 0.000020 
| Global Round : 2 | Client :3 | Local Epoch : 4 | [64/605 (11%)]	Loss1: 5.850304 Loss2: 0.000019 
| Global Round : 2 | Client :4 | Local Epoch : 0 | [64/436 (17%)]	Loss1: 5.860313 Loss2: 0.000049 
| Global Round : 2 | Client :4 | Local Epoch : 1 | [64/436 (17%)]	Loss1: 5.859492 Loss2: 0.000037 
| Global Round : 2 | Client :4 | Local Epoch : 2 | [64/436 (17%)]	Loss1: 5.855954 Loss2: 0.000045 
| Global Round : 2 | Client :4 | Local Epoch : 3 | [64/436 (17%)]	Loss1: 5.851480 Loss2: 0.000050 
| Global Round : 2 | Client :4 | Local Epoch : 4 | [64/436 (17%)]	Loss1: 5.853057 Loss2: 0.000036 
| Global Round : 2 | Client :5 | Local Epoch : 0 | [64/627 (11%)]	Loss1: 5.856235 Loss2: 0.000027 
| Global Round : 2 | Client :5 | Local Epoch : 1 | [64/627 (11%)]	Loss1: 5.854840 Loss2: 0.000044 
| Global Round : 2 | Client :5 | Local Epoch : 2 | [64/627 (11%)]	Loss1: 5.854993 Loss2: 0.000027 
| Global Round : 2 | Client :5 | Local Epoch : 3 | [64/627 (11%)]	Loss1: 5.852574 Loss2: 0.000027 
| Global Round : 2 | Client :5 | Local Epoch : 4 | [64/627 (11%)]	Loss1: 5.850836 Loss2: 0.000030 
| Global Round : 2 | Client :6 | Local Epoch : 0 | [64/571 (12%)]	Loss1: 5.857381 Loss2: 0.000033 
| Global Round : 2 | Client :6 | Local Epoch : 1 | [64/571 (12%)]	Loss1: 5.853257 Loss2: 0.000026 
| Global Round : 2 | Client :6 | Local Epoch : 2 | [64/571 (12%)]	Loss1: 5.849611 Loss2: 0.000026 
| Global Round : 2 | Client :6 | Local Epoch : 3 | [64/571 (12%)]	Loss1: 5.852937 Loss2: 0.000025 
| Global Round : 2 | Client :6 | Local Epoch : 4 | [64/571 (12%)]	Loss1: 5.848214 Loss2: 0.000024 
| Global Round : 2 | Client :7 | Local Epoch : 0 | [64/665 (10%)]	Loss1: 5.852310 Loss2: 0.000027 
| Global Round : 2 | Client :7 | Local Epoch : 1 | [64/665 (10%)]	Loss1: 5.852504 Loss2: 0.000026 
| Global Round : 2 | Client :7 | Local Epoch : 2 | [64/665 (10%)]	Loss1: 5.851716 Loss2: 0.000032 
| Global Round : 2 | Client :7 | Local Epoch : 3 | [64/665 (10%)]	Loss1: 5.850147 Loss2: 0.000031 
| Global Round : 2 | Client :7 | Local Epoch : 4 | [64/665 (10%)]	Loss1: 5.851093 Loss2: 0.000033 
| Global Round : 2 | Client :8 | Local Epoch : 0 | [64/561 (12%)]	Loss1: 5.856989 Loss2: 0.000027 
| Global Round : 2 | Client :8 | Local Epoch : 1 | [64/561 (12%)]	Loss1: 5.859730 Loss2: 0.000035 
| Global Round : 2 | Client :8 | Local Epoch : 2 | [64/561 (12%)]	Loss1: 5.852880 Loss2: 0.000026 
| Global Round : 2 | Client :8 | Local Epoch : 3 | [64/561 (12%)]	Loss1: 5.852258 Loss2: 0.000028 
| Global Round : 2 | Client :8 | Local Epoch : 4 | [64/561 (12%)]	Loss1: 5.853670 Loss2: 0.000037 
| Global Round : 2 | Client :9 | Local Epoch : 0 | [64/811 (8%)]	Loss1: 5.853945 Loss2: 0.000019 
| Global Round : 2 | Client :9 | Local Epoch : 0 | [704/811 (92%)]	Loss1: 5.855108 Loss2: 0.000022 
| Global Round : 2 | Client :9 | Local Epoch : 1 | [64/811 (8%)]	Loss1: 5.852375 Loss2: 0.000022 
| Global Round : 2 | Client :9 | Local Epoch : 1 | [704/811 (92%)]	Loss1: 5.853696 Loss2: 0.000018 
| Global Round : 2 | Client :9 | Local Epoch : 2 | [64/811 (8%)]	Loss1: 5.854025 Loss2: 0.000019 
| Global Round : 2 | Client :9 | Local Epoch : 2 | [704/811 (92%)]	Loss1: 5.851275 Loss2: 0.000018 
| Global Round : 2 | Client :9 | Local Epoch : 3 | [64/811 (8%)]	Loss1: 5.850612 Loss2: 0.000016 
| Global Round : 2 | Client :9 | Local Epoch : 3 | [704/811 (92%)]	Loss1: 5.850628 Loss2: 0.000019 
| Global Round : 2 | Client :9 | Local Epoch : 4 | [64/811 (8%)]	Loss1: 5.850340 Loss2: 0.000017 
| Global Round : 2 | Client :9 | Local Epoch : 4 | [704/811 (92%)]	Loss1: 5.850594 Loss2: 0.000022 
average loss:   5.848363662617547
average local test accuracy: 0.7851562499999999
average global test accuracy:  0.36992187499999996

 | Global Training Round : 3 |

xi_k [0.49188067 0.48237357 0.51517876 0.50888166 0.47074846 0.49095535
 0.47893589 0.51388695 0.48787828 0.50569238]
max_exp: -1.0
coe: 10
Regulation [0.8 0.8 0.8 0.8 0.8 0.8 0.8 0.8 0.8 0.8]
Solver status: optimal_inaccurate
b_new: [1. 1. 1. 1. 1. 1. 1. 1. 1. 1.]
Iter 0: obj=49.0641, best_obj=49.0641, ||b_new-b_prev||₂=2.846050
xi_k [0.49188067 0.48237357 0.51517876 0.50888166 0.47074846 0.49095535
 0.47893589 0.51388695 0.48787828 0.50569238]
max_exp: -1.0
coe: 10
Regulation [-1. -1. -1. -1. -1. -1. -1. -1. -1. -1.]
Solver status: optimal_inaccurate
b_new: [1. 1. 1. 1. 1. 1. 1. 1. 1. 1.]
Iter 1: obj=49.9641, best_obj=49.9641, ||b_new-b_prev||₂=0.000000
Converged.
Final b: [1. 1. 1. 1. 1. 1. 1. 1. 1. 1.]
<class 'numpy.ndarray'>
b_float: [1. 1. 1. 1. 1. 1. 1. 1. 1. 1.]
b: [1 1 1 1 1 1 1 1 1 1]
active_clients:  [0, 1, 2, 3, 4, 5, 6, 7, 8, 9]
Client 0's s_k are:[0 0 0 0 0 0 1 0 0 0]
Client 1's s_k are:[0 0 0 0 0 0 1 0 0 0]
Client 2's s_k are:[0 0 0 0 0 0 1 0 0 0]
Client 3's s_k are:[0 0 1 0 0 0 0 0 0 0]
Client 4's s_k are:[1 0 0 0 0 0 0 0 0 0]
Client 5's s_k are:[0 0 0 1 0 0 0 0 0 0]
Client 6's s_k are:[0 0 1 0 0 0 0 0 0 0]
Client 7's s_k are:[0 0 0 0 0 0 1 0 0 0]
Client 8's s_k are:[0 0 0 0 0 0 0 0 0 1]
Client 9's s_k are:[0 0 0 0 0 0 0 0 1 0]
| Global Round : 3 | Client :0 | Local Epoch : 0 | [64/626 (11%)]	Loss1: 5.852149 Loss2: 0.000024 
| Global Round : 3 | Client :0 | Local Epoch : 1 | [64/626 (11%)]	Loss1: 5.851192 Loss2: 0.000027 
| Global Round : 3 | Client :0 | Local Epoch : 2 | [64/626 (11%)]	Loss1: 5.851452 Loss2: 0.000028 
| Global Round : 3 | Client :0 | Local Epoch : 3 | [64/626 (11%)]	Loss1: 5.849710 Loss2: 0.000025 
| Global Round : 3 | Client :0 | Local Epoch : 4 | [64/626 (11%)]	Loss1: 5.849326 Loss2: 0.000026 
| Global Round : 3 | Client :1 | Local Epoch : 0 | [64/497 (14%)]	Loss1: 5.855099 Loss2: 0.000029 
| Global Round : 3 | Client :1 | Local Epoch : 1 | [64/497 (14%)]	Loss1: 5.854135 Loss2: 0.000035 
| Global Round : 3 | Client :1 | Local Epoch : 2 | [64/497 (14%)]	Loss1: 5.850557 Loss2: 0.000030 
| Global Round : 3 | Client :1 | Local Epoch : 3 | [64/497 (14%)]	Loss1: 5.853439 Loss2: 0.000026 
| Global Round : 3 | Client :1 | Local Epoch : 4 | [64/497 (14%)]	Loss1: 5.852870 Loss2: 0.000033 
| Global Round : 3 | Client :2 | Local Epoch : 0 | [64/597 (11%)]	Loss1: 5.848444 Loss2: 0.000023 
| Global Round : 3 | Client :2 | Local Epoch : 1 | [64/597 (11%)]	Loss1: 5.848996 Loss2: 0.000022 
| Global Round : 3 | Client :2 | Local Epoch : 2 | [64/597 (11%)]	Loss1: 5.846207 Loss2: 0.000027 
| Global Round : 3 | Client :2 | Local Epoch : 3 | [64/597 (11%)]	Loss1: 5.847169 Loss2: 0.000029 
| Global Round : 3 | Client :2 | Local Epoch : 4 | [64/597 (11%)]	Loss1: 5.846493 Loss2: 0.000024 
| Global Round : 3 | Client :3 | Local Epoch : 0 | [64/605 (11%)]	Loss1: 5.850454 Loss2: 0.000027 
| Global Round : 3 | Client :3 | Local Epoch : 1 | [64/605 (11%)]	Loss1: 5.849884 Loss2: 0.000028 
| Global Round : 3 | Client :3 | Local Epoch : 2 | [64/605 (11%)]	Loss1: 5.850366 Loss2: 0.000027 
| Global Round : 3 | Client :3 | Local Epoch : 3 | [64/605 (11%)]	Loss1: 5.850133 Loss2: 0.000028 
| Global Round : 3 | Client :3 | Local Epoch : 4 | [64/605 (11%)]	Loss1: 5.852190 Loss2: 0.000028 
| Global Round : 3 | Client :4 | Local Epoch : 0 | [64/436 (17%)]	Loss1: 5.854321 Loss2: 0.000044 
| Global Round : 3 | Client :4 | Local Epoch : 1 | [64/436 (17%)]	Loss1: 5.851005 Loss2: 0.000049 
| Global Round : 3 | Client :4 | Local Epoch : 2 | [64/436 (17%)]	Loss1: 5.853165 Loss2: 0.000044 
| Global Round : 3 | Client :4 | Local Epoch : 3 | [64/436 (17%)]	Loss1: 5.850344 Loss2: 0.000038 
| Global Round : 3 | Client :4 | Local Epoch : 4 | [64/436 (17%)]	Loss1: 5.848789 Loss2: 0.000049 
| Global Round : 3 | Client :5 | Local Epoch : 0 | [64/627 (11%)]	Loss1: 5.851415 Loss2: 0.000032 
| Global Round : 3 | Client :5 | Local Epoch : 1 | [64/627 (11%)]	Loss1: 5.851219 Loss2: 0.000029 
| Global Round : 3 | Client :5 | Local Epoch : 2 | [64/627 (11%)]	Loss1: 5.849687 Loss2: 0.000030 
| Global Round : 3 | Client :5 | Local Epoch : 3 | [64/627 (11%)]	Loss1: 5.849060 Loss2: 0.000030 
| Global Round : 3 | Client :5 | Local Epoch : 4 | [64/627 (11%)]	Loss1: 5.849123 Loss2: 0.000029 
| Global Round : 3 | Client :6 | Local Epoch : 0 | [64/571 (12%)]	Loss1: 5.849386 Loss2: 0.000032 
| Global Round : 3 | Client :6 | Local Epoch : 1 | [64/571 (12%)]	Loss1: 5.849874 Loss2: 0.000032 
| Global Round : 3 | Client :6 | Local Epoch : 2 | [64/571 (12%)]	Loss1: 5.847854 Loss2: 0.000025 
| Global Round : 3 | Client :6 | Local Epoch : 3 | [64/571 (12%)]	Loss1: 5.847332 Loss2: 0.000029 
| Global Round : 3 | Client :6 | Local Epoch : 4 | [64/571 (12%)]	Loss1: 5.846756 Loss2: 0.000023 
| Global Round : 3 | Client :7 | Local Epoch : 0 | [64/665 (10%)]	Loss1: 5.848477 Loss2: 0.000033 
| Global Round : 3 | Client :7 | Local Epoch : 1 | [64/665 (10%)]	Loss1: 5.852757 Loss2: 0.000029 
| Global Round : 3 | Client :7 | Local Epoch : 2 | [64/665 (10%)]	Loss1: 5.849527 Loss2: 0.000036 
| Global Round : 3 | Client :7 | Local Epoch : 3 | [64/665 (10%)]	Loss1: 5.848268 Loss2: 0.000029 
| Global Round : 3 | Client :7 | Local Epoch : 4 | [64/665 (10%)]	Loss1: 5.846516 Loss2: 0.000027 
| Global Round : 3 | Client :8 | Local Epoch : 0 | [64/561 (12%)]	Loss1: 5.851964 Loss2: 0.000019 
| Global Round : 3 | Client :8 | Local Epoch : 1 | [64/561 (12%)]	Loss1: 5.855759 Loss2: 0.000032 
| Global Round : 3 | Client :8 | Local Epoch : 2 | [64/561 (12%)]	Loss1: 5.848953 Loss2: 0.000029 
| Global Round : 3 | Client :8 | Local Epoch : 3 | [64/561 (12%)]	Loss1: 5.848905 Loss2: 0.000019 
| Global Round : 3 | Client :8 | Local Epoch : 4 | [64/561 (12%)]	Loss1: 5.850308 Loss2: 0.000026 
| Global Round : 3 | Client :9 | Local Epoch : 0 | [64/811 (8%)]	Loss1: 5.849977 Loss2: 0.000027 
| Global Round : 3 | Client :9 | Local Epoch : 0 | [704/811 (92%)]	Loss1: 5.848731 Loss2: 0.000024 
| Global Round : 3 | Client :9 | Local Epoch : 1 | [64/811 (8%)]	Loss1: 5.847867 Loss2: 0.000020 
| Global Round : 3 | Client :9 | Local Epoch : 1 | [704/811 (92%)]	Loss1: 5.848954 Loss2: 0.000024 
| Global Round : 3 | Client :9 | Local Epoch : 2 | [64/811 (8%)]	Loss1: 5.847161 Loss2: 0.000027 
| Global Round : 3 | Client :9 | Local Epoch : 2 | [704/811 (92%)]	Loss1: 5.849567 Loss2: 0.000023 
| Global Round : 3 | Client :9 | Local Epoch : 3 | [64/811 (8%)]	Loss1: 5.849061 Loss2: 0.000021 
| Global Round : 3 | Client :9 | Local Epoch : 3 | [704/811 (92%)]	Loss1: 5.847102 Loss2: 0.000022 
| Global Round : 3 | Client :9 | Local Epoch : 4 | [64/811 (8%)]	Loss1: 5.847304 Loss2: 0.000026 
| Global Round : 3 | Client :9 | Local Epoch : 4 | [704/811 (92%)]	Loss1: 5.847150 Loss2: 0.000025 
average loss:   5.845952384585426
average local test accuracy: 0.8088541666666667
average global test accuracy:  0.4423177083333332

 | Global Training Round : 4 |

xi_k [0.49145491 0.48194224 0.51475343 0.50855577 0.4702843  0.49046929
 0.4785998  0.51360541 0.48731966 0.50535336]
max_exp: -1.0
coe: 10
Regulation [0.8 0.8 0.8 0.8 0.8 0.8 0.8 0.8 0.8 0.8]
Solver status: optimal_inaccurate
b_new: [1. 1. 1. 1. 1. 1. 1. 1. 1. 1.]
Iter 0: obj=49.0234, best_obj=49.0234, ||b_new-b_prev||₂=2.846050
xi_k [0.49145491 0.48194224 0.51475343 0.50855577 0.4702843  0.49046929
 0.4785998  0.51360541 0.48731966 0.50535336]
max_exp: -1.0
coe: 10
Regulation [-1. -1. -1. -1. -1. -1. -1. -1. -1. -1.]
Solver status: optimal_inaccurate
b_new: [1. 1. 1. 1. 1. 1. 1. 1. 1. 1.]
Iter 1: obj=49.9234, best_obj=49.9234, ||b_new-b_prev||₂=0.000000
Converged.
Final b: [1. 1. 1. 1. 1. 1. 1. 1. 1. 1.]
<class 'numpy.ndarray'>
b_float: [1. 1. 1. 1. 1. 1. 1. 1. 1. 1.]
b: [1 1 1 1 1 1 1 1 1 1]
active_clients:  [0, 1, 2, 3, 4, 5, 6, 7, 8, 9]
Client 0's s_k are:[0 0 0 0 0 0 1 0 0 0]
Client 1's s_k are:[0 0 0 0 0 0 1 0 0 0]
Client 2's s_k are:[0 0 0 0 0 0 1 0 0 0]
Client 3's s_k are:[0 0 0 0 0 0 1 0 0 0]
Client 4's s_k are:[0 0 0 0 0 0 1 0 0 0]
Client 5's s_k are:[0 0 0 1 0 0 0 0 0 0]
Client 6's s_k are:[0 0 1 0 0 0 0 0 0 0]
Client 7's s_k are:[0 0 0 0 0 0 1 0 0 0]
Client 8's s_k are:[0 0 0 0 0 0 0 0 0 1]
Client 9's s_k are:[0 0 0 0 0 0 0 0 1 0]
| Global Round : 4 | Client :0 | Local Epoch : 0 | [64/626 (11%)]	Loss1: 5.849776 Loss2: 0.000029 
| Global Round : 4 | Client :0 | Local Epoch : 1 | [64/626 (11%)]	Loss1: 5.849497 Loss2: 0.000027 
| Global Round : 4 | Client :0 | Local Epoch : 2 | [64/626 (11%)]	Loss1: 5.848990 Loss2: 0.000030 
| Global Round : 4 | Client :0 | Local Epoch : 3 | [64/626 (11%)]	Loss1: 5.848027 Loss2: 0.000027 
| Global Round : 4 | Client :0 | Local Epoch : 4 | [64/626 (11%)]	Loss1: 5.849219 Loss2: 0.000028 
| Global Round : 4 | Client :1 | Local Epoch : 0 | [64/497 (14%)]	Loss1: 5.850794 Loss2: 0.000030 
| Global Round : 4 | Client :1 | Local Epoch : 1 | [64/497 (14%)]	Loss1: 5.850511 Loss2: 0.000028 
| Global Round : 4 | Client :1 | Local Epoch : 2 | [64/497 (14%)]	Loss1: 5.851100 Loss2: 0.000030 
| Global Round : 4 | Client :1 | Local Epoch : 3 | [64/497 (14%)]	Loss1: 5.850324 Loss2: 0.000027 
| Global Round : 4 | Client :1 | Local Epoch : 4 | [64/497 (14%)]	Loss1: 5.850005 Loss2: 0.000034 
| Global Round : 4 | Client :2 | Local Epoch : 0 | [64/597 (11%)]	Loss1: 5.848956 Loss2: 0.000027 
| Global Round : 4 | Client :2 | Local Epoch : 1 | [64/597 (11%)]	Loss1: 5.846033 Loss2: 0.000028 
| Global Round : 4 | Client :2 | Local Epoch : 2 | [64/597 (11%)]	Loss1: 5.846015 Loss2: 0.000026 
| Global Round : 4 | Client :2 | Local Epoch : 3 | [64/597 (11%)]	Loss1: 5.846469 Loss2: 0.000029 
| Global Round : 4 | Client :2 | Local Epoch : 4 | [64/597 (11%)]	Loss1: 5.844738 Loss2: 0.000031 
| Global Round : 4 | Client :3 | Local Epoch : 0 | [64/605 (11%)]	Loss1: 5.849370 Loss2: 0.000034 
| Global Round : 4 | Client :3 | Local Epoch : 1 | [64/605 (11%)]	Loss1: 5.850406 Loss2: 0.000033 
| Global Round : 4 | Client :3 | Local Epoch : 2 | [64/605 (11%)]	Loss1: 5.849050 Loss2: 0.000036 
| Global Round : 4 | Client :3 | Local Epoch : 3 | [64/605 (11%)]	Loss1: 5.847577 Loss2: 0.000035 
| Global Round : 4 | Client :3 | Local Epoch : 4 | [64/605 (11%)]	Loss1: 5.848409 Loss2: 0.000030 
| Global Round : 4 | Client :4 | Local Epoch : 0 | [64/436 (17%)]	Loss1: 5.849597 Loss2: 0.000040 
| Global Round : 4 | Client :4 | Local Epoch : 1 | [64/436 (17%)]	Loss1: 5.847149 Loss2: 0.000045 
| Global Round : 4 | Client :4 | Local Epoch : 2 | [64/436 (17%)]	Loss1: 5.848865 Loss2: 0.000039 
| Global Round : 4 | Client :4 | Local Epoch : 3 | [64/436 (17%)]	Loss1: 5.847498 Loss2: 0.000040 
| Global Round : 4 | Client :4 | Local Epoch : 4 | [64/436 (17%)]	Loss1: 5.845451 Loss2: 0.000042 
| Global Round : 4 | Client :5 | Local Epoch : 0 | [64/627 (11%)]	Loss1: 5.845581 Loss2: 0.000034 
| Global Round : 4 | Client :5 | Local Epoch : 1 | [64/627 (11%)]	Loss1: 5.848321 Loss2: 0.000029 
| Global Round : 4 | Client :5 | Local Epoch : 2 | [64/627 (11%)]	Loss1: 5.846401 Loss2: 0.000028 
| Global Round : 4 | Client :5 | Local Epoch : 3 | [64/627 (11%)]	Loss1: 5.845976 Loss2: 0.000031 
| Global Round : 4 | Client :5 | Local Epoch : 4 | [64/627 (11%)]	Loss1: 5.844783 Loss2: 0.000028 
| Global Round : 4 | Client :6 | Local Epoch : 0 | [64/571 (12%)]	Loss1: 5.847704 Loss2: 0.000028 
| Global Round : 4 | Client :6 | Local Epoch : 1 | [64/571 (12%)]	Loss1: 5.845752 Loss2: 0.000030 
| Global Round : 4 | Client :6 | Local Epoch : 2 | [64/571 (12%)]	Loss1: 5.847285 Loss2: 0.000026 
| Global Round : 4 | Client :6 | Local Epoch : 3 | [64/571 (12%)]	Loss1: 5.846488 Loss2: 0.000028 
| Global Round : 4 | Client :6 | Local Epoch : 4 | [64/571 (12%)]	Loss1: 5.844846 Loss2: 0.000029 
| Global Round : 4 | Client :7 | Local Epoch : 0 | [64/665 (10%)]	Loss1: 5.845904 Loss2: 0.000027 
| Global Round : 4 | Client :7 | Local Epoch : 1 | [64/665 (10%)]	Loss1: 5.846396 Loss2: 0.000025 
| Global Round : 4 | Client :7 | Local Epoch : 2 | [64/665 (10%)]	Loss1: 5.845998 Loss2: 0.000031 
| Global Round : 4 | Client :7 | Local Epoch : 3 | [64/665 (10%)]	Loss1: 5.846285 Loss2: 0.000029 
| Global Round : 4 | Client :7 | Local Epoch : 4 | [64/665 (10%)]	Loss1: 5.848016 Loss2: 0.000030 
| Global Round : 4 | Client :8 | Local Epoch : 0 | [64/561 (12%)]	Loss1: 5.849915 Loss2: 0.000023 
| Global Round : 4 | Client :8 | Local Epoch : 1 | [64/561 (12%)]	Loss1: 5.845815 Loss2: 0.000029 
| Global Round : 4 | Client :8 | Local Epoch : 2 | [64/561 (12%)]	Loss1: 5.847065 Loss2: 0.000025 
| Global Round : 4 | Client :8 | Local Epoch : 3 | [64/561 (12%)]	Loss1: 5.847311 Loss2: 0.000024 
| Global Round : 4 | Client :8 | Local Epoch : 4 | [64/561 (12%)]	Loss1: 5.846612 Loss2: 0.000023 
| Global Round : 4 | Client :9 | Local Epoch : 0 | [64/811 (8%)]	Loss1: 5.848416 Loss2: 0.000026 
| Global Round : 4 | Client :9 | Local Epoch : 0 | [704/811 (92%)]	Loss1: 5.849552 Loss2: 0.000027 
| Global Round : 4 | Client :9 | Local Epoch : 1 | [64/811 (8%)]	Loss1: 5.847862 Loss2: 0.000024 
| Global Round : 4 | Client :9 | Local Epoch : 1 | [704/811 (92%)]	Loss1: 5.845325 Loss2: 0.000024 
| Global Round : 4 | Client :9 | Local Epoch : 2 | [64/811 (8%)]	Loss1: 5.848013 Loss2: 0.000025 
| Global Round : 4 | Client :9 | Local Epoch : 2 | [704/811 (92%)]	Loss1: 5.847970 Loss2: 0.000027 
| Global Round : 4 | Client :9 | Local Epoch : 3 | [64/811 (8%)]	Loss1: 5.846612 Loss2: 0.000024 
| Global Round : 4 | Client :9 | Local Epoch : 3 | [704/811 (92%)]	Loss1: 5.846673 Loss2: 0.000026 
| Global Round : 4 | Client :9 | Local Epoch : 4 | [64/811 (8%)]	Loss1: 5.845848 Loss2: 0.000026 
| Global Round : 4 | Client :9 | Local Epoch : 4 | [704/811 (92%)]	Loss1: 5.848284 Loss2: 0.000026 
average loss:   5.8445863325444485
average local test accuracy: 0.8256510416666668
average global test accuracy:  0.42578125

 | Global Training Round : 5 |

xi_k [0.49124797 0.48169116 0.51457785 0.50830837 0.47000327 0.49014667
 0.47836195 0.51339493 0.48723081 0.50512747]
max_exp: -1.0
coe: 10
Regulation [0.8 0.8 0.8 0.8 0.8 0.8 0.8 0.8 0.8 0.8]
Solver status: optimal_inaccurate
b_new: [1. 1. 1. 1. 1. 1. 1. 1. 1. 1.]
Iter 0: obj=49.0009, best_obj=49.0009, ||b_new-b_prev||₂=2.846050
xi_k [0.49124797 0.48169116 0.51457785 0.50830837 0.47000327 0.49014667
 0.47836195 0.51339493 0.48723081 0.50512747]
max_exp: -1.0
coe: 10
Regulation [-1. -1. -1. -1. -1. -1. -1. -1. -1. -1.]
Solver status: optimal_inaccurate
b_new: [1. 1. 1. 1. 1. 1. 1. 1. 1. 1.]
Iter 1: obj=49.9009, best_obj=49.9009, ||b_new-b_prev||₂=0.000000
Converged.
Final b: [1. 1. 1. 1. 1. 1. 1. 1. 1. 1.]
<class 'numpy.ndarray'>
b_float: [1. 1. 1. 1. 1. 1. 1. 1. 1. 1.]
b: [1 1 1 1 1 1 1 1 1 1]
active_clients:  [0, 1, 2, 3, 4, 5, 6, 7, 8, 9]
Client 0's s_k are:[0 0 0 0 0 0 1 0 0 0]
Client 1's s_k are:[0 0 0 0 0 0 1 0 0 0]
Client 2's s_k are:[0 0 0 0 0 0 1 0 0 0]
Client 3's s_k are:[0 0 1 0 0 0 0 0 0 0]
Client 4's s_k are:[0 0 0 0 0 0 0 1 0 0]
Client 5's s_k are:[0 0 0 1 0 0 0 0 0 0]
Client 6's s_k are:[0 0 1 0 0 0 0 0 0 0]
Client 7's s_k are:[0 0 0 0 0 0 1 0 0 0]
Client 8's s_k are:[0 0 0 0 0 0 0 0 0 1]
Client 9's s_k are:[0 0 0 0 0 0 0 0 1 0]
| Global Round : 5 | Client :0 | Local Epoch : 0 | [64/626 (11%)]	Loss1: 5.849054 Loss2: 0.000030 
| Global Round : 5 | Client :0 | Local Epoch : 1 | [64/626 (11%)]	Loss1: 5.848176 Loss2: 0.000030 
| Global Round : 5 | Client :0 | Local Epoch : 2 | [64/626 (11%)]	Loss1: 5.848017 Loss2: 0.000034 
| Global Round : 5 | Client :0 | Local Epoch : 3 | [64/626 (11%)]	Loss1: 5.847916 Loss2: 0.000029 
| Global Round : 5 | Client :0 | Local Epoch : 4 | [64/626 (11%)]	Loss1: 5.848094 Loss2: 0.000032 
| Global Round : 5 | Client :1 | Local Epoch : 0 | [64/497 (14%)]	Loss1: 5.849301 Loss2: 0.000033 
| Global Round : 5 | Client :1 | Local Epoch : 1 | [64/497 (14%)]	Loss1: 5.850562 Loss2: 0.000036 
| Global Round : 5 | Client :1 | Local Epoch : 2 | [64/497 (14%)]	Loss1: 5.848444 Loss2: 0.000038 
| Global Round : 5 | Client :1 | Local Epoch : 3 | [64/497 (14%)]	Loss1: 5.849119 Loss2: 0.000035 
| Global Round : 5 | Client :1 | Local Epoch : 4 | [64/497 (14%)]	Loss1: 5.849042 Loss2: 0.000039 
| Global Round : 5 | Client :2 | Local Epoch : 0 | [64/597 (11%)]	Loss1: 5.845907 Loss2: 0.000033 
| Global Round : 5 | Client :2 | Local Epoch : 1 | [64/597 (11%)]	Loss1: 5.845642 Loss2: 0.000027 
| Global Round : 5 | Client :2 | Local Epoch : 2 | [64/597 (11%)]	Loss1: 5.843255 Loss2: 0.000035 
| Global Round : 5 | Client :2 | Local Epoch : 3 | [64/597 (11%)]	Loss1: 5.844893 Loss2: 0.000027 
| Global Round : 5 | Client :2 | Local Epoch : 4 | [64/597 (11%)]	Loss1: 5.843948 Loss2: 0.000032 
| Global Round : 5 | Client :3 | Local Epoch : 0 | [64/605 (11%)]	Loss1: 5.845453 Loss2: 0.000030 
| Global Round : 5 | Client :3 | Local Epoch : 1 | [64/605 (11%)]	Loss1: 5.846485 Loss2: 0.000031 
| Global Round : 5 | Client :3 | Local Epoch : 2 | [64/605 (11%)]	Loss1: 5.846444 Loss2: 0.000030 
| Global Round : 5 | Client :3 | Local Epoch : 3 | [64/605 (11%)]	Loss1: 5.848059 Loss2: 0.000035 
| Global Round : 5 | Client :3 | Local Epoch : 4 | [64/605 (11%)]	Loss1: 5.848680 Loss2: 0.000030 
| Global Round : 5 | Client :4 | Local Epoch : 0 | [64/436 (17%)]	Loss1: 5.849263 Loss2: 0.000046 
| Global Round : 5 | Client :4 | Local Epoch : 1 | [64/436 (17%)]	Loss1: 5.847934 Loss2: 0.000046 
| Global Round : 5 | Client :4 | Local Epoch : 2 | [64/436 (17%)]	Loss1: 5.847210 Loss2: 0.000047 
| Global Round : 5 | Client :4 | Local Epoch : 3 | [64/436 (17%)]	Loss1: 5.845579 Loss2: 0.000040 
| Global Round : 5 | Client :4 | Local Epoch : 4 | [64/436 (17%)]	Loss1: 5.845221 Loss2: 0.000049 
| Global Round : 5 | Client :5 | Local Epoch : 0 | [64/627 (11%)]	Loss1: 5.847699 Loss2: 0.000035 
| Global Round : 5 | Client :5 | Local Epoch : 1 | [64/627 (11%)]	Loss1: 5.846603 Loss2: 0.000028 
| Global Round : 5 | Client :5 | Local Epoch : 2 | [64/627 (11%)]	Loss1: 5.843435 Loss2: 0.000036 
| Global Round : 5 | Client :5 | Local Epoch : 3 | [64/627 (11%)]	Loss1: 5.846201 Loss2: 0.000032 
| Global Round : 5 | Client :5 | Local Epoch : 4 | [64/627 (11%)]	Loss1: 5.844896 Loss2: 0.000030 
| Global Round : 5 | Client :6 | Local Epoch : 0 | [64/571 (12%)]	Loss1: 5.843957 Loss2: 0.000025 
| Global Round : 5 | Client :6 | Local Epoch : 1 | [64/571 (12%)]	Loss1: 5.845380 Loss2: 0.000038 
| Global Round : 5 | Client :6 | Local Epoch : 2 | [64/571 (12%)]	Loss1: 5.845229 Loss2: 0.000033 
| Global Round : 5 | Client :6 | Local Epoch : 3 | [64/571 (12%)]	Loss1: 5.844654 Loss2: 0.000033 
| Global Round : 5 | Client :6 | Local Epoch : 4 | [64/571 (12%)]	Loss1: 5.844368 Loss2: 0.000030 
| Global Round : 5 | Client :7 | Local Epoch : 0 | [64/665 (10%)]	Loss1: 5.843259 Loss2: 0.000027 
| Global Round : 5 | Client :7 | Local Epoch : 1 | [64/665 (10%)]	Loss1: 5.844286 Loss2: 0.000028 
| Global Round : 5 | Client :7 | Local Epoch : 2 | [64/665 (10%)]	Loss1: 5.845580 Loss2: 0.000030 
| Global Round : 5 | Client :7 | Local Epoch : 3 | [64/665 (10%)]	Loss1: 5.845970 Loss2: 0.000028 
| Global Round : 5 | Client :7 | Local Epoch : 4 | [64/665 (10%)]	Loss1: 5.845422 Loss2: 0.000028 
| Global Round : 5 | Client :8 | Local Epoch : 0 | [64/561 (12%)]	Loss1: 5.846799 Loss2: 0.000024 
| Global Round : 5 | Client :8 | Local Epoch : 1 | [64/561 (12%)]	Loss1: 5.848793 Loss2: 0.000025 
| Global Round : 5 | Client :8 | Local Epoch : 2 | [64/561 (12%)]	Loss1: 5.849400 Loss2: 0.000030 
| Global Round : 5 | Client :8 | Local Epoch : 3 | [64/561 (12%)]	Loss1: 5.847023 Loss2: 0.000024 
| Global Round : 5 | Client :8 | Local Epoch : 4 | [64/561 (12%)]	Loss1: 5.845683 Loss2: 0.000027 
| Global Round : 5 | Client :9 | Local Epoch : 0 | [64/811 (8%)]	Loss1: 5.844675 Loss2: 0.000028 
| Global Round : 5 | Client :9 | Local Epoch : 0 | [704/811 (92%)]	Loss1: 5.844892 Loss2: 0.000033 
| Global Round : 5 | Client :9 | Local Epoch : 1 | [64/811 (8%)]	Loss1: 5.844538 Loss2: 0.000028 
| Global Round : 5 | Client :9 | Local Epoch : 1 | [704/811 (92%)]	Loss1: 5.844989 Loss2: 0.000028 
| Global Round : 5 | Client :9 | Local Epoch : 2 | [64/811 (8%)]	Loss1: 5.845712 Loss2: 0.000026 
| Global Round : 5 | Client :9 | Local Epoch : 2 | [704/811 (92%)]	Loss1: 5.847052 Loss2: 0.000032 
| Global Round : 5 | Client :9 | Local Epoch : 3 | [64/811 (8%)]	Loss1: 5.843851 Loss2: 0.000027 
| Global Round : 5 | Client :9 | Local Epoch : 3 | [704/811 (92%)]	Loss1: 5.846016 Loss2: 0.000026 
| Global Round : 5 | Client :9 | Local Epoch : 4 | [64/811 (8%)]	Loss1: 5.846912 Loss2: 0.000033 
| Global Round : 5 | Client :9 | Local Epoch : 4 | [704/811 (92%)]	Loss1: 5.842584 Loss2: 0.000026 
average loss:   5.843560904415828
average local test accuracy: 0.8296875
average global test accuracy:  0.4736979166666666

 | Global Training Round : 6 |

xi_k [0.49109856 0.48149335 0.51441389 0.5081629  0.46975363 0.48993006
 0.47819852 0.51322988 0.48707553 0.50493015]
max_exp: -1.0
coe: 10
Regulation [0.8 0.8 0.8 0.8 0.8 0.8 0.8 0.8 0.8 0.8]
Solver status: optimal_inaccurate
b_new: [1. 1. 1. 1. 1. 1. 1. 1. 1. 1.]
Iter 0: obj=48.9829, best_obj=48.9829, ||b_new-b_prev||₂=2.846050
xi_k [0.49109856 0.48149335 0.51441389 0.5081629  0.46975363 0.48993006
 0.47819852 0.51322988 0.48707553 0.50493015]
max_exp: -1.0
coe: 10
Regulation [-1. -1. -1. -1. -1. -1. -1. -1. -1. -1.]
Solver status: optimal_inaccurate
b_new: [1. 1. 1. 1. 1. 1. 1. 1. 1. 1.]
Iter 1: obj=49.8829, best_obj=49.8829, ||b_new-b_prev||₂=0.000000
Converged.
Final b: [1. 1. 1. 1. 1. 1. 1. 1. 1. 1.]
<class 'numpy.ndarray'>
b_float: [1. 1. 1. 1. 1. 1. 1. 1. 1. 1.]
b: [1 1 1 1 1 1 1 1 1 1]
active_clients:  [0, 1, 2, 3, 4, 5, 6, 7, 8, 9]
Client 0's s_k are:[0 0 0 0 0 0 1 0 0 0]
Client 1's s_k are:[0 0 0 0 0 0 1 0 0 0]
Client 2's s_k are:[0 0 0 0 0 0 1 0 0 0]
Client 3's s_k are:[0 0 1 0 0 0 0 0 0 0]
Client 4's s_k are:[0 0 0 0 0 0 0 1 0 0]
Client 5's s_k are:[0 0 0 1 0 0 0 0 0 0]
Client 6's s_k are:[1 0 0 0 0 0 0 0 0 0]
Client 7's s_k are:[0 0 0 0 0 0 1 0 0 0]
Client 8's s_k are:[0 0 0 0 0 0 0 0 0 1]
Client 9's s_k are:[0 0 0 0 0 0 0 0 1 0]
| Global Round : 6 | Client :0 | Local Epoch : 0 | [64/626 (11%)]	Loss1: 5.846967 Loss2: 0.000033 
| Global Round : 6 | Client :0 | Local Epoch : 1 | [64/626 (11%)]	Loss1: 5.845099 Loss2: 0.000028 
| Global Round : 6 | Client :0 | Local Epoch : 2 | [64/626 (11%)]	Loss1: 5.847179 Loss2: 0.000031 
| Global Round : 6 | Client :0 | Local Epoch : 3 | [64/626 (11%)]	Loss1: 5.848920 Loss2: 0.000027 
| Global Round : 6 | Client :0 | Local Epoch : 4 | [64/626 (11%)]	Loss1: 5.846072 Loss2: 0.000030 
| Global Round : 6 | Client :1 | Local Epoch : 0 | [64/497 (14%)]	Loss1: 5.850572 Loss2: 0.000041 
| Global Round : 6 | Client :1 | Local Epoch : 1 | [64/497 (14%)]	Loss1: 5.849468 Loss2: 0.000037 
| Global Round : 6 | Client :1 | Local Epoch : 2 | [64/497 (14%)]	Loss1: 5.850845 Loss2: 0.000038 
| Global Round : 6 | Client :1 | Local Epoch : 3 | [64/497 (14%)]	Loss1: 5.849490 Loss2: 0.000037 
| Global Round : 6 | Client :1 | Local Epoch : 4 | [64/497 (14%)]	Loss1: 5.849702 Loss2: 0.000036 
| Global Round : 6 | Client :2 | Local Epoch : 0 | [64/597 (11%)]	Loss1: 5.844667 Loss2: 0.000031 
| Global Round : 6 | Client :2 | Local Epoch : 1 | [64/597 (11%)]	Loss1: 5.844702 Loss2: 0.000032 
| Global Round : 6 | Client :2 | Local Epoch : 2 | [64/597 (11%)]	Loss1: 5.845593 Loss2: 0.000034 
| Global Round : 6 | Client :2 | Local Epoch : 3 | [64/597 (11%)]	Loss1: 5.844269 Loss2: 0.000030 
| Global Round : 6 | Client :2 | Local Epoch : 4 | [64/597 (11%)]	Loss1: 5.844929 Loss2: 0.000030 
| Global Round : 6 | Client :3 | Local Epoch : 0 | [64/605 (11%)]	Loss1: 5.845760 Loss2: 0.000029 
| Global Round : 6 | Client :3 | Local Epoch : 1 | [64/605 (11%)]	Loss1: 5.848669 Loss2: 0.000033 
| Global Round : 6 | Client :3 | Local Epoch : 2 | [64/605 (11%)]	Loss1: 5.846192 Loss2: 0.000032 
| Global Round : 6 | Client :3 | Local Epoch : 3 | [64/605 (11%)]	Loss1: 5.844171 Loss2: 0.000033 
| Global Round : 6 | Client :3 | Local Epoch : 4 | [64/605 (11%)]	Loss1: 5.847542 Loss2: 0.000032 
| Global Round : 6 | Client :4 | Local Epoch : 0 | [64/436 (17%)]	Loss1: 5.843897 Loss2: 0.000044 
| Global Round : 6 | Client :4 | Local Epoch : 1 | [64/436 (17%)]	Loss1: 5.846135 Loss2: 0.000043 
| Global Round : 6 | Client :4 | Local Epoch : 2 | [64/436 (17%)]	Loss1: 5.845087 Loss2: 0.000053 
| Global Round : 6 | Client :4 | Local Epoch : 3 | [64/436 (17%)]	Loss1: 5.843498 Loss2: 0.000051 
| Global Round : 6 | Client :4 | Local Epoch : 4 | [64/436 (17%)]	Loss1: 5.844472 Loss2: 0.000048 
| Global Round : 6 | Client :5 | Local Epoch : 0 | [64/627 (11%)]	Loss1: 5.845098 Loss2: 0.000035 
| Global Round : 6 | Client :5 | Local Epoch : 1 | [64/627 (11%)]	Loss1: 5.845722 Loss2: 0.000034 
| Global Round : 6 | Client :5 | Local Epoch : 2 | [64/627 (11%)]	Loss1: 5.846138 Loss2: 0.000033 
| Global Round : 6 | Client :5 | Local Epoch : 3 | [64/627 (11%)]	Loss1: 5.843678 Loss2: 0.000034 
| Global Round : 6 | Client :5 | Local Epoch : 4 | [64/627 (11%)]	Loss1: 5.842451 Loss2: 0.000032 
| Global Round : 6 | Client :6 | Local Epoch : 0 | [64/571 (12%)]	Loss1: 5.843466 Loss2: 0.000031 
| Global Round : 6 | Client :6 | Local Epoch : 1 | [64/571 (12%)]	Loss1: 5.846391 Loss2: 0.000034 
| Global Round : 6 | Client :6 | Local Epoch : 2 | [64/571 (12%)]	Loss1: 5.843381 Loss2: 0.000028 
| Global Round : 6 | Client :6 | Local Epoch : 3 | [64/571 (12%)]	Loss1: 5.843781 Loss2: 0.000029 
| Global Round : 6 | Client :6 | Local Epoch : 4 | [64/571 (12%)]	Loss1: 5.845617 Loss2: 0.000034 
| Global Round : 6 | Client :7 | Local Epoch : 0 | [64/665 (10%)]	Loss1: 5.845304 Loss2: 0.000034 
| Global Round : 6 | Client :7 | Local Epoch : 1 | [64/665 (10%)]	Loss1: 5.845965 Loss2: 0.000030 
| Global Round : 6 | Client :7 | Local Epoch : 2 | [64/665 (10%)]	Loss1: 5.845203 Loss2: 0.000034 
| Global Round : 6 | Client :7 | Local Epoch : 3 | [64/665 (10%)]	Loss1: 5.844979 Loss2: 0.000030 
| Global Round : 6 | Client :7 | Local Epoch : 4 | [64/665 (10%)]	Loss1: 5.845201 Loss2: 0.000032 
| Global Round : 6 | Client :8 | Local Epoch : 0 | [64/561 (12%)]	Loss1: 5.846883 Loss2: 0.000028 
| Global Round : 6 | Client :8 | Local Epoch : 1 | [64/561 (12%)]	Loss1: 5.846926 Loss2: 0.000032 
| Global Round : 6 | Client :8 | Local Epoch : 2 | [64/561 (12%)]	Loss1: 5.847219 Loss2: 0.000027 
| Global Round : 6 | Client :8 | Local Epoch : 3 | [64/561 (12%)]	Loss1: 5.844785 Loss2: 0.000028 
| Global Round : 6 | Client :8 | Local Epoch : 4 | [64/561 (12%)]	Loss1: 5.845486 Loss2: 0.000029 
| Global Round : 6 | Client :9 | Local Epoch : 0 | [64/811 (8%)]	Loss1: 5.844319 Loss2: 0.000032 
| Global Round : 6 | Client :9 | Local Epoch : 0 | [704/811 (92%)]	Loss1: 5.847419 Loss2: 0.000029 
| Global Round : 6 | Client :9 | Local Epoch : 1 | [64/811 (8%)]	Loss1: 5.845399 Loss2: 0.000025 
| Global Round : 6 | Client :9 | Local Epoch : 1 | [704/811 (92%)]	Loss1: 5.843858 Loss2: 0.000026 
| Global Round : 6 | Client :9 | Local Epoch : 2 | [64/811 (8%)]	Loss1: 5.844828 Loss2: 0.000028 
| Global Round : 6 | Client :9 | Local Epoch : 2 | [704/811 (92%)]	Loss1: 5.844278 Loss2: 0.000033 
| Global Round : 6 | Client :9 | Local Epoch : 3 | [64/811 (8%)]	Loss1: 5.845556 Loss2: 0.000025 
| Global Round : 6 | Client :9 | Local Epoch : 3 | [704/811 (92%)]	Loss1: 5.844670 Loss2: 0.000030 
| Global Round : 6 | Client :9 | Local Epoch : 4 | [64/811 (8%)]	Loss1: 5.845510 Loss2: 0.000029 
| Global Round : 6 | Client :9 | Local Epoch : 4 | [704/811 (92%)]	Loss1: 5.844482 Loss2: 0.000027 
average loss:   5.842927960687214
average local test accuracy: 0.834765625
average global test accuracy:  0.490625

 | Global Training Round : 7 |

xi_k [0.4909888  0.48134209 0.51436936 0.50802586 0.46967606 0.48976076
 0.47806369 0.51319109 0.48697623 0.50489159]
max_exp: -1.0
coe: 10
Regulation [0.8 0.8 0.8 0.8 0.8 0.8 0.8 0.8 0.8 0.8]
Solver status: optimal_inaccurate
b_new: [1. 1. 1. 1. 1. 1. 1. 1. 1. 1.]
Iter 0: obj=48.9729, best_obj=48.9729, ||b_new-b_prev||₂=2.846050
xi_k [0.4909888  0.48134209 0.51436936 0.50802586 0.46967606 0.48976076
 0.47806369 0.51319109 0.48697623 0.50489159]
max_exp: -1.0
coe: 10
Regulation [-1. -1. -1. -1. -1. -1. -1. -1. -1. -1.]
Solver status: optimal_inaccurate
b_new: [1. 1. 1. 1. 1. 1. 1. 1. 1. 1.]
Iter 1: obj=49.8729, best_obj=49.8729, ||b_new-b_prev||₂=0.000000
Converged.
Final b: [1. 1. 1. 1. 1. 1. 1. 1. 1. 1.]
<class 'numpy.ndarray'>
b_float: [1. 1. 1. 1. 1. 1. 1. 1. 1. 1.]
b: [1 1 1 1 1 1 1 1 1 1]
active_clients:  [0, 1, 2, 3, 4, 5, 6, 7, 8, 9]
Client 0's s_k are:[0 0 0 0 0 0 1 0 0 0]
Client 1's s_k are:[0 0 0 0 0 0 1 0 0 0]
Client 2's s_k are:[0 0 0 0 0 0 0 0 0 1]
Client 3's s_k are:[0 0 0 0 0 0 1 0 0 0]
Client 4's s_k are:[0 0 0 0 0 0 0 1 0 0]
Client 5's s_k are:[0 0 0 1 0 0 0 0 0 0]
Client 6's s_k are:[0 0 1 0 0 0 0 0 0 0]
Client 7's s_k are:[0 0 0 0 0 0 1 0 0 0]
Client 8's s_k are:[0 0 0 0 0 0 0 0 0 1]
Client 9's s_k are:[0 0 1 0 0 0 0 0 0 0]
| Global Round : 7 | Client :0 | Local Epoch : 0 | [64/626 (11%)]	Loss1: 5.847623 Loss2: 0.000028 
| Global Round : 7 | Client :0 | Local Epoch : 1 | [64/626 (11%)]	Loss1: 5.844581 Loss2: 0.000034 
| Global Round : 7 | Client :0 | Local Epoch : 2 | [64/626 (11%)]	Loss1: 5.845580 Loss2: 0.000032 
| Global Round : 7 | Client :0 | Local Epoch : 3 | [64/626 (11%)]	Loss1: 5.845165 Loss2: 0.000031 
| Global Round : 7 | Client :0 | Local Epoch : 4 | [64/626 (11%)]	Loss1: 5.846100 Loss2: 0.000030 
| Global Round : 7 | Client :1 | Local Epoch : 0 | [64/497 (14%)]	Loss1: 5.846770 Loss2: 0.000042 
| Global Round : 7 | Client :1 | Local Epoch : 1 | [64/497 (14%)]	Loss1: 5.849206 Loss2: 0.000038 
| Global Round : 7 | Client :1 | Local Epoch : 2 | [64/497 (14%)]	Loss1: 5.848917 Loss2: 0.000036 
| Global Round : 7 | Client :1 | Local Epoch : 3 | [64/497 (14%)]	Loss1: 5.848986 Loss2: 0.000044 
| Global Round : 7 | Client :1 | Local Epoch : 4 | [64/497 (14%)]	Loss1: 5.848001 Loss2: 0.000038 
| Global Round : 7 | Client :2 | Local Epoch : 0 | [64/597 (11%)]	Loss1: 5.842095 Loss2: 0.000022 
| Global Round : 7 | Client :2 | Local Epoch : 1 | [64/597 (11%)]	Loss1: 5.845443 Loss2: 0.000021 
| Global Round : 7 | Client :2 | Local Epoch : 2 | [64/597 (11%)]	Loss1: 5.842391 Loss2: 0.000023 
| Global Round : 7 | Client :2 | Local Epoch : 3 | [64/597 (11%)]	Loss1: 5.843547 Loss2: 0.000025 
| Global Round : 7 | Client :2 | Local Epoch : 4 | [64/597 (11%)]	Loss1: 5.841518 Loss2: 0.000024 
| Global Round : 7 | Client :3 | Local Epoch : 0 | [64/605 (11%)]	Loss1: 5.846121 Loss2: 0.000036 
| Global Round : 7 | Client :3 | Local Epoch : 1 | [64/605 (11%)]	Loss1: 5.846251 Loss2: 0.000031 
| Global Round : 7 | Client :3 | Local Epoch : 2 | [64/605 (11%)]	Loss1: 5.846496 Loss2: 0.000036 
| Global Round : 7 | Client :3 | Local Epoch : 3 | [64/605 (11%)]	Loss1: 5.845365 Loss2: 0.000036 
| Global Round : 7 | Client :3 | Local Epoch : 4 | [64/605 (11%)]	Loss1: 5.844821 Loss2: 0.000040 
| Global Round : 7 | Client :4 | Local Epoch : 0 | [64/436 (17%)]	Loss1: 5.843596 Loss2: 0.000051 
| Global Round : 7 | Client :4 | Local Epoch : 1 | [64/436 (17%)]	Loss1: 5.845746 Loss2: 0.000045 
| Global Round : 7 | Client :4 | Local Epoch : 2 | [64/436 (17%)]	Loss1: 5.844453 Loss2: 0.000050 
| Global Round : 7 | Client :4 | Local Epoch : 3 | [64/436 (17%)]	Loss1: 5.843868 Loss2: 0.000047 
| Global Round : 7 | Client :4 | Local Epoch : 4 | [64/436 (17%)]	Loss1: 5.841988 Loss2: 0.000052 
| Global Round : 7 | Client :5 | Local Epoch : 0 | [64/627 (11%)]	Loss1: 5.844158 Loss2: 0.000037 
| Global Round : 7 | Client :5 | Local Epoch : 1 | [64/627 (11%)]	Loss1: 5.843814 Loss2: 0.000037 
| Global Round : 7 | Client :5 | Local Epoch : 2 | [64/627 (11%)]	Loss1: 5.842582 Loss2: 0.000030 
| Global Round : 7 | Client :5 | Local Epoch : 3 | [64/627 (11%)]	Loss1: 5.843613 Loss2: 0.000032 
| Global Round : 7 | Client :5 | Local Epoch : 4 | [64/627 (11%)]	Loss1: 5.843633 Loss2: 0.000034 
| Global Round : 7 | Client :6 | Local Epoch : 0 | [64/571 (12%)]	Loss1: 5.844332 Loss2: 0.000031 
| Global Round : 7 | Client :6 | Local Epoch : 1 | [64/571 (12%)]	Loss1: 5.844375 Loss2: 0.000030 
| Global Round : 7 | Client :6 | Local Epoch : 2 | [64/571 (12%)]	Loss1: 5.844181 Loss2: 0.000032 
| Global Round : 7 | Client :6 | Local Epoch : 3 | [64/571 (12%)]	Loss1: 5.843728 Loss2: 0.000033 
| Global Round : 7 | Client :6 | Local Epoch : 4 | [64/571 (12%)]	Loss1: 5.845061 Loss2: 0.000031 
| Global Round : 7 | Client :7 | Local Epoch : 0 | [64/665 (10%)]	Loss1: 5.843484 Loss2: 0.000031 
| Global Round : 7 | Client :7 | Local Epoch : 1 | [64/665 (10%)]	Loss1: 5.843640 Loss2: 0.000031 
| Global Round : 7 | Client :7 | Local Epoch : 2 | [64/665 (10%)]	Loss1: 5.844516 Loss2: 0.000033 
| Global Round : 7 | Client :7 | Local Epoch : 3 | [64/665 (10%)]	Loss1: 5.844398 Loss2: 0.000026 
| Global Round : 7 | Client :7 | Local Epoch : 4 | [64/665 (10%)]	Loss1: 5.845973 Loss2: 0.000033 
| Global Round : 7 | Client :8 | Local Epoch : 0 | [64/561 (12%)]	Loss1: 5.844322 Loss2: 0.000029 
| Global Round : 7 | Client :8 | Local Epoch : 1 | [64/561 (12%)]	Loss1: 5.846495 Loss2: 0.000026 
| Global Round : 7 | Client :8 | Local Epoch : 2 | [64/561 (12%)]	Loss1: 5.846254 Loss2: 0.000028 
| Global Round : 7 | Client :8 | Local Epoch : 3 | [64/561 (12%)]	Loss1: 5.846521 Loss2: 0.000032 
| Global Round : 7 | Client :8 | Local Epoch : 4 | [64/561 (12%)]	Loss1: 5.844974 Loss2: 0.000030 
| Global Round : 7 | Client :9 | Local Epoch : 0 | [64/811 (8%)]	Loss1: 5.843366 Loss2: 0.000029 
| Global Round : 7 | Client :9 | Local Epoch : 0 | [704/811 (92%)]	Loss1: 5.845182 Loss2: 0.000032 
| Global Round : 7 | Client :9 | Local Epoch : 1 | [64/811 (8%)]	Loss1: 5.844511 Loss2: 0.000024 
| Global Round : 7 | Client :9 | Local Epoch : 1 | [704/811 (92%)]	Loss1: 5.844386 Loss2: 0.000027 
| Global Round : 7 | Client :9 | Local Epoch : 2 | [64/811 (8%)]	Loss1: 5.843546 Loss2: 0.000029 
| Global Round : 7 | Client :9 | Local Epoch : 2 | [704/811 (92%)]	Loss1: 5.842456 Loss2: 0.000029 
| Global Round : 7 | Client :9 | Local Epoch : 3 | [64/811 (8%)]	Loss1: 5.843087 Loss2: 0.000028 
| Global Round : 7 | Client :9 | Local Epoch : 3 | [704/811 (92%)]	Loss1: 5.844528 Loss2: 0.000028 
| Global Round : 7 | Client :9 | Local Epoch : 4 | [64/811 (8%)]	Loss1: 5.842282 Loss2: 0.000025 
| Global Round : 7 | Client :9 | Local Epoch : 4 | [704/811 (92%)]	Loss1: 5.842345 Loss2: 0.000032 
average loss:   5.842381597189677
average local test accuracy: 0.844921875
average global test accuracy:  0.5575520833333333

 | Global Training Round : 8 |

xi_k [0.49089693 0.4812483  0.51424871 0.50798106 0.46966834 0.48966967
 0.47804232 0.51309265 0.48692902 0.50477035]
max_exp: -1.0
coe: 10
Regulation [0.8 0.8 0.8 0.8 0.8 0.8 0.8 0.8 0.8 0.8]
Solver status: optimal_inaccurate
b_new: [1. 1. 1. 1. 1. 1. 1. 1. 1. 1.]
Iter 0: obj=48.9655, best_obj=48.9655, ||b_new-b_prev||₂=2.846050
xi_k [0.49089693 0.4812483  0.51424871 0.50798106 0.46966834 0.48966967
 0.47804232 0.51309265 0.48692902 0.50477035]
max_exp: -1.0
coe: 10
Regulation [-1. -1. -1. -1. -1. -1. -1. -1. -1. -1.]
Solver status: optimal_inaccurate
b_new: [1. 1. 1. 1. 1. 1. 1. 1. 1. 1.]
Iter 1: obj=49.8655, best_obj=49.8655, ||b_new-b_prev||₂=0.000000
Converged.
Final b: [1. 1. 1. 1. 1. 1. 1. 1. 1. 1.]
<class 'numpy.ndarray'>
b_float: [1. 1. 1. 1. 1. 1. 1. 1. 1. 1.]
b: [1 1 1 1 1 1 1 1 1 1]
active_clients:  [0, 1, 2, 3, 4, 5, 6, 7, 8, 9]
Client 0's s_k are:[0 0 0 0 0 0 1 0 0 0]
Client 1's s_k are:[0 0 0 0 0 0 1 0 0 0]
Client 2's s_k are:[0 0 0 0 0 0 0 0 0 1]
Client 3's s_k are:[1 0 0 0 0 0 0 0 0 0]
Client 4's s_k are:[0 0 0 0 0 0 0 1 0 0]
Client 5's s_k are:[0 0 0 1 0 0 0 0 0 0]
Client 6's s_k are:[0 0 1 0 0 0 0 0 0 0]
Client 7's s_k are:[0 0 0 0 0 0 1 0 0 0]
Client 8's s_k are:[0 0 0 0 0 0 0 0 0 1]
Client 9's s_k are:[0 0 1 0 0 0 0 0 0 0]
| Global Round : 8 | Client :0 | Local Epoch : 0 | [64/626 (11%)]	Loss1: 5.844162 Loss2: 0.000031 
| Global Round : 8 | Client :0 | Local Epoch : 1 | [64/626 (11%)]	Loss1: 5.845235 Loss2: 0.000031 
| Global Round : 8 | Client :0 | Local Epoch : 2 | [64/626 (11%)]	Loss1: 5.845002 Loss2: 0.000032 
| Global Round : 8 | Client :0 | Local Epoch : 3 | [64/626 (11%)]	Loss1: 5.845118 Loss2: 0.000032 
| Global Round : 8 | Client :0 | Local Epoch : 4 | [64/626 (11%)]	Loss1: 5.844566 Loss2: 0.000030 
| Global Round : 8 | Client :1 | Local Epoch : 0 | [64/497 (14%)]	Loss1: 5.845334 Loss2: 0.000040 
| Global Round : 8 | Client :1 | Local Epoch : 1 | [64/497 (14%)]	Loss1: 5.849231 Loss2: 0.000045 
| Global Round : 8 | Client :1 | Local Epoch : 2 | [64/497 (14%)]	Loss1: 5.847739 Loss2: 0.000036 
| Global Round : 8 | Client :1 | Local Epoch : 3 | [64/497 (14%)]	Loss1: 5.845372 Loss2: 0.000044 
| Global Round : 8 | Client :1 | Local Epoch : 4 | [64/497 (14%)]	Loss1: 5.846838 Loss2: 0.000042 
| Global Round : 8 | Client :2 | Local Epoch : 0 | [64/597 (11%)]	Loss1: 5.843078 Loss2: 0.000023 
| Global Round : 8 | Client :2 | Local Epoch : 1 | [64/597 (11%)]	Loss1: 5.844114 Loss2: 0.000023 
| Global Round : 8 | Client :2 | Local Epoch : 2 | [64/597 (11%)]	Loss1: 5.843806 Loss2: 0.000022 
| Global Round : 8 | Client :2 | Local Epoch : 3 | [64/597 (11%)]	Loss1: 5.843483 Loss2: 0.000021 
| Global Round : 8 | Client :2 | Local Epoch : 4 | [64/597 (11%)]	Loss1: 5.843204 Loss2: 0.000022 
| Global Round : 8 | Client :3 | Local Epoch : 0 | [64/605 (11%)]	Loss1: 5.847913 Loss2: 0.000033 
| Global Round : 8 | Client :3 | Local Epoch : 1 | [64/605 (11%)]	Loss1: 5.844348 Loss2: 0.000041 
| Global Round : 8 | Client :3 | Local Epoch : 2 | [64/605 (11%)]	Loss1: 5.845764 Loss2: 0.000032 
| Global Round : 8 | Client :3 | Local Epoch : 3 | [64/605 (11%)]	Loss1: 5.844750 Loss2: 0.000036 
| Global Round : 8 | Client :3 | Local Epoch : 4 | [64/605 (11%)]	Loss1: 5.844218 Loss2: 0.000038 
| Global Round : 8 | Client :4 | Local Epoch : 0 | [64/436 (17%)]	Loss1: 5.844940 Loss2: 0.000051 
| Global Round : 8 | Client :4 | Local Epoch : 1 | [64/436 (17%)]	Loss1: 5.844224 Loss2: 0.000045 
| Global Round : 8 | Client :4 | Local Epoch : 2 | [64/436 (17%)]	Loss1: 5.843489 Loss2: 0.000051 
| Global Round : 8 | Client :4 | Local Epoch : 3 | [64/436 (17%)]	Loss1: 5.843170 Loss2: 0.000046 
| Global Round : 8 | Client :4 | Local Epoch : 4 | [64/436 (17%)]	Loss1: 5.844315 Loss2: 0.000052 
| Global Round : 8 | Client :5 | Local Epoch : 0 | [64/627 (11%)]	Loss1: 5.843272 Loss2: 0.000031 
| Global Round : 8 | Client :5 | Local Epoch : 1 | [64/627 (11%)]	Loss1: 5.844165 Loss2: 0.000030 
| Global Round : 8 | Client :5 | Local Epoch : 2 | [64/627 (11%)]	Loss1: 5.842403 Loss2: 0.000027 
| Global Round : 8 | Client :5 | Local Epoch : 3 | [64/627 (11%)]	Loss1: 5.842648 Loss2: 0.000032 
| Global Round : 8 | Client :5 | Local Epoch : 4 | [64/627 (11%)]	Loss1: 5.842481 Loss2: 0.000033 
| Global Round : 8 | Client :6 | Local Epoch : 0 | [64/571 (12%)]	Loss1: 5.842753 Loss2: 0.000029 
| Global Round : 8 | Client :6 | Local Epoch : 1 | [64/571 (12%)]	Loss1: 5.844375 Loss2: 0.000036 
| Global Round : 8 | Client :6 | Local Epoch : 2 | [64/571 (12%)]	Loss1: 5.843900 Loss2: 0.000032 
| Global Round : 8 | Client :6 | Local Epoch : 3 | [64/571 (12%)]	Loss1: 5.842281 Loss2: 0.000031 
| Global Round : 8 | Client :6 | Local Epoch : 4 | [64/571 (12%)]	Loss1: 5.843419 Loss2: 0.000033 
| Global Round : 8 | Client :7 | Local Epoch : 0 | [64/665 (10%)]	Loss1: 5.844172 Loss2: 0.000029 
| Global Round : 8 | Client :7 | Local Epoch : 1 | [64/665 (10%)]	Loss1: 5.844213 Loss2: 0.000029 
| Global Round : 8 | Client :7 | Local Epoch : 2 | [64/665 (10%)]	Loss1: 5.843534 Loss2: 0.000027 
| Global Round : 8 | Client :7 | Local Epoch : 3 | [64/665 (10%)]	Loss1: 5.842393 Loss2: 0.000028 
| Global Round : 8 | Client :7 | Local Epoch : 4 | [64/665 (10%)]	Loss1: 5.844310 Loss2: 0.000029 
| Global Round : 8 | Client :8 | Local Epoch : 0 | [64/561 (12%)]	Loss1: 5.845820 Loss2: 0.000026 
| Global Round : 8 | Client :8 | Local Epoch : 1 | [64/561 (12%)]	Loss1: 5.845318 Loss2: 0.000027 
| Global Round : 8 | Client :8 | Local Epoch : 2 | [64/561 (12%)]	Loss1: 5.845390 Loss2: 0.000027 
| Global Round : 8 | Client :8 | Local Epoch : 3 | [64/561 (12%)]	Loss1: 5.845895 Loss2: 0.000030 
| Global Round : 8 | Client :8 | Local Epoch : 4 | [64/561 (12%)]	Loss1: 5.845222 Loss2: 0.000028 
| Global Round : 8 | Client :9 | Local Epoch : 0 | [64/811 (8%)]	Loss1: 5.843753 Loss2: 0.000021 
| Global Round : 8 | Client :9 | Local Epoch : 0 | [704/811 (92%)]	Loss1: 5.843991 Loss2: 0.000031 
| Global Round : 8 | Client :9 | Local Epoch : 1 | [64/811 (8%)]	Loss1: 5.844701 Loss2: 0.000023 
| Global Round : 8 | Client :9 | Local Epoch : 1 | [704/811 (92%)]	Loss1: 5.843332 Loss2: 0.000028 
| Global Round : 8 | Client :9 | Local Epoch : 2 | [64/811 (8%)]	Loss1: 5.844920 Loss2: 0.000026 
| Global Round : 8 | Client :9 | Local Epoch : 2 | [704/811 (92%)]	Loss1: 5.843266 Loss2: 0.000027 
| Global Round : 8 | Client :9 | Local Epoch : 3 | [64/811 (8%)]	Loss1: 5.842216 Loss2: 0.000025 
| Global Round : 8 | Client :9 | Local Epoch : 3 | [704/811 (92%)]	Loss1: 5.841333 Loss2: 0.000028 
| Global Round : 8 | Client :9 | Local Epoch : 4 | [64/811 (8%)]	Loss1: 5.842185 Loss2: 0.000024 
| Global Round : 8 | Client :9 | Local Epoch : 4 | [704/811 (92%)]	Loss1: 5.841622 Loss2: 0.000030 
average loss:   5.841910033434156
average local test accuracy: 0.8514322916666668
average global test accuracy:  0.4919270833333334

 | Global Training Round : 9 |

xi_k [0.49080556 0.48113384 0.51422961 0.50771548 0.46952517 0.48960848
 0.47799987 0.51305157 0.48674959 0.50474347]
max_exp: -1.0
coe: 10
Regulation [0.8 0.8 0.8 0.8 0.8 0.8 0.8 0.8 0.8 0.8]
Solver status: optimal_inaccurate
b_new: [1. 1. 1. 1. 1. 1. 1. 1. 1. 1.]
Iter 0: obj=48.9556, best_obj=48.9556, ||b_new-b_prev||₂=2.846050
xi_k [0.49080556 0.48113384 0.51422961 0.50771548 0.46952517 0.48960848
 0.47799987 0.51305157 0.48674959 0.50474347]
max_exp: -1.0
coe: 10
Regulation [-1. -1. -1. -1. -1. -1. -1. -1. -1. -1.]
Solver status: optimal_inaccurate
b_new: [1. 1. 1. 1. 1. 1. 1. 1. 1. 1.]
Iter 1: obj=49.8556, best_obj=49.8556, ||b_new-b_prev||₂=0.000000
Converged.
Final b: [1. 1. 1. 1. 1. 1. 1. 1. 1. 1.]
<class 'numpy.ndarray'>
b_float: [1. 1. 1. 1. 1. 1. 1. 1. 1. 1.]
b: [1 1 1 1 1 1 1 1 1 1]
active_clients:  [0, 1, 2, 3, 4, 5, 6, 7, 8, 9]
Client 0's s_k are:[0 0 0 0 0 0 1 0 0 0]
Client 1's s_k are:[0 0 0 0 0 0 1 0 0 0]
Client 2's s_k are:[0 0 0 0 0 0 0 0 0 1]
Client 3's s_k are:[0 0 0 0 0 0 1 0 0 0]
Client 4's s_k are:[0 0 0 0 0 0 0 1 0 0]
Client 5's s_k are:[0 0 0 1 0 0 0 0 0 0]
Client 6's s_k are:[1 0 0 0 0 0 0 0 0 0]
Client 7's s_k are:[0 0 0 0 0 0 1 0 0 0]
Client 8's s_k are:[0 0 0 0 0 0 0 0 0 1]
Client 9's s_k are:[0 0 1 0 0 0 0 0 0 0]
| Global Round : 9 | Client :0 | Local Epoch : 0 | [64/626 (11%)]	Loss1: 5.845571 Loss2: 0.000029 
| Global Round : 9 | Client :0 | Local Epoch : 1 | [64/626 (11%)]	Loss1: 5.845792 Loss2: 0.000025 
| Global Round : 9 | Client :0 | Local Epoch : 2 | [64/626 (11%)]	Loss1: 5.844502 Loss2: 0.000026 
| Global Round : 9 | Client :0 | Local Epoch : 3 | [64/626 (11%)]	Loss1: 5.843965 Loss2: 0.000029 
| Global Round : 9 | Client :0 | Local Epoch : 4 | [64/626 (11%)]	Loss1: 5.845705 Loss2: 0.000026 
| Global Round : 9 | Client :1 | Local Epoch : 0 | [64/497 (14%)]	Loss1: 5.847964 Loss2: 0.000039 
| Global Round : 9 | Client :1 | Local Epoch : 1 | [64/497 (14%)]	Loss1: 5.845981 Loss2: 0.000039 
| Global Round : 9 | Client :1 | Local Epoch : 2 | [64/497 (14%)]	Loss1: 5.846977 Loss2: 0.000039 
| Global Round : 9 | Client :1 | Local Epoch : 3 | [64/497 (14%)]	Loss1: 5.847114 Loss2: 0.000041 
| Global Round : 9 | Client :1 | Local Epoch : 4 | [64/497 (14%)]	Loss1: 5.847785 Loss2: 0.000041 
| Global Round : 9 | Client :2 | Local Epoch : 0 | [64/597 (11%)]	Loss1: 5.843757 Loss2: 0.000025 
| Global Round : 9 | Client :2 | Local Epoch : 1 | [64/597 (11%)]	Loss1: 5.843273 Loss2: 0.000019 
| Global Round : 9 | Client :2 | Local Epoch : 2 | [64/597 (11%)]	Loss1: 5.842892 Loss2: 0.000024 
| Global Round : 9 | Client :2 | Local Epoch : 3 | [64/597 (11%)]	Loss1: 5.843224 Loss2: 0.000023 
| Global Round : 9 | Client :2 | Local Epoch : 4 | [64/597 (11%)]	Loss1: 5.842132 Loss2: 0.000023 
| Global Round : 9 | Client :3 | Local Epoch : 0 | [64/605 (11%)]	Loss1: 5.842211 Loss2: 0.000032 
| Global Round : 9 | Client :3 | Local Epoch : 1 | [64/605 (11%)]	Loss1: 5.842908 Loss2: 0.000040 
| Global Round : 9 | Client :3 | Local Epoch : 2 | [64/605 (11%)]	Loss1: 5.845668 Loss2: 0.000033 
| Global Round : 9 | Client :3 | Local Epoch : 3 | [64/605 (11%)]	Loss1: 5.844443 Loss2: 0.000040 
| Global Round : 9 | Client :3 | Local Epoch : 4 | [64/605 (11%)]	Loss1: 5.843797 Loss2: 0.000030 
| Global Round : 9 | Client :4 | Local Epoch : 0 | [64/436 (17%)]	Loss1: 5.842575 Loss2: 0.000043 
| Global Round : 9 | Client :4 | Local Epoch : 1 | [64/436 (17%)]	Loss1: 5.842715 Loss2: 0.000047 
| Global Round : 9 | Client :4 | Local Epoch : 2 | [64/436 (17%)]	Loss1: 5.843605 Loss2: 0.000050 
| Global Round : 9 | Client :4 | Local Epoch : 3 | [64/436 (17%)]	Loss1: 5.843150 Loss2: 0.000040 
| Global Round : 9 | Client :4 | Local Epoch : 4 | [64/436 (17%)]	Loss1: 5.845777 Loss2: 0.000051 
| Global Round : 9 | Client :5 | Local Epoch : 0 | [64/627 (11%)]	Loss1: 5.844477 Loss2: 0.000033 
| Global Round : 9 | Client :5 | Local Epoch : 1 | [64/627 (11%)]	Loss1: 5.842103 Loss2: 0.000034 
| Global Round : 9 | Client :5 | Local Epoch : 2 | [64/627 (11%)]	Loss1: 5.841976 Loss2: 0.000033 
| Global Round : 9 | Client :5 | Local Epoch : 3 | [64/627 (11%)]	Loss1: 5.842997 Loss2: 0.000032 
| Global Round : 9 | Client :5 | Local Epoch : 4 | [64/627 (11%)]	Loss1: 5.842355 Loss2: 0.000033 
| Global Round : 9 | Client :6 | Local Epoch : 0 | [64/571 (12%)]	Loss1: 5.842763 Loss2: 0.000027 
| Global Round : 9 | Client :6 | Local Epoch : 1 | [64/571 (12%)]	Loss1: 5.844426 Loss2: 0.000027 
| Global Round : 9 | Client :6 | Local Epoch : 2 | [64/571 (12%)]	Loss1: 5.843401 Loss2: 0.000029 
| Global Round : 9 | Client :6 | Local Epoch : 3 | [64/571 (12%)]	Loss1: 5.842684 Loss2: 0.000030 
| Global Round : 9 | Client :6 | Local Epoch : 4 | [64/571 (12%)]	Loss1: 5.842950 Loss2: 0.000028 
| Global Round : 9 | Client :7 | Local Epoch : 0 | [64/665 (10%)]	Loss1: 5.843060 Loss2: 0.000028 
| Global Round : 9 | Client :7 | Local Epoch : 1 | [64/665 (10%)]	Loss1: 5.844060 Loss2: 0.000029 
| Global Round : 9 | Client :7 | Local Epoch : 2 | [64/665 (10%)]	Loss1: 5.843410 Loss2: 0.000027 
| Global Round : 9 | Client :7 | Local Epoch : 3 | [64/665 (10%)]	Loss1: 5.844471 Loss2: 0.000027 
| Global Round : 9 | Client :7 | Local Epoch : 4 | [64/665 (10%)]	Loss1: 5.842134 Loss2: 0.000029 
| Global Round : 9 | Client :8 | Local Epoch : 0 | [64/561 (12%)]	Loss1: 5.845164 Loss2: 0.000030 
| Global Round : 9 | Client :8 | Local Epoch : 1 | [64/561 (12%)]	Loss1: 5.843640 Loss2: 0.000032 
| Global Round : 9 | Client :8 | Local Epoch : 2 | [64/561 (12%)]	Loss1: 5.845121 Loss2: 0.000033 
| Global Round : 9 | Client :8 | Local Epoch : 3 | [64/561 (12%)]	Loss1: 5.844686 Loss2: 0.000030 
| Global Round : 9 | Client :8 | Local Epoch : 4 | [64/561 (12%)]	Loss1: 5.844258 Loss2: 0.000033 
| Global Round : 9 | Client :9 | Local Epoch : 0 | [64/811 (8%)]	Loss1: 5.842351 Loss2: 0.000022 
| Global Round : 9 | Client :9 | Local Epoch : 0 | [704/811 (92%)]	Loss1: 5.843068 Loss2: 0.000027 
| Global Round : 9 | Client :9 | Local Epoch : 1 | [64/811 (8%)]	Loss1: 5.841773 Loss2: 0.000025 
| Global Round : 9 | Client :9 | Local Epoch : 1 | [704/811 (92%)]	Loss1: 5.843801 Loss2: 0.000034 
| Global Round : 9 | Client :9 | Local Epoch : 2 | [64/811 (8%)]	Loss1: 5.842496 Loss2: 0.000023 
| Global Round : 9 | Client :9 | Local Epoch : 2 | [704/811 (92%)]	Loss1: 5.844029 Loss2: 0.000036 
| Global Round : 9 | Client :9 | Local Epoch : 3 | [64/811 (8%)]	Loss1: 5.843200 Loss2: 0.000032 
| Global Round : 9 | Client :9 | Local Epoch : 3 | [704/811 (92%)]	Loss1: 5.842085 Loss2: 0.000033 
| Global Round : 9 | Client :9 | Local Epoch : 4 | [64/811 (8%)]	Loss1: 5.842979 Loss2: 0.000023 
| Global Round : 9 | Client :9 | Local Epoch : 4 | [704/811 (92%)]	Loss1: 5.843336 Loss2: 0.000034 
average loss:   5.84153529971365
average local test accuracy: 0.8522135416666666
average global test accuracy:  0.49609375

 | Global Training Round : 10 |

xi_k [0.49074867 0.48104983 0.51416839 0.50764952 0.46951428 0.4895049
 0.4778962  0.51301212 0.48671944 0.50469054]
max_exp: -1.0
coe: 10
Regulation [0.8 0.8 0.8 0.8 0.8 0.8 0.8 0.8 0.8 0.8]
Solver status: optimal_inaccurate
b_new: [1. 1. 1. 1. 1. 1. 1. 1. 1. 1.]
Iter 0: obj=48.9495, best_obj=48.9495, ||b_new-b_prev||₂=2.846050
xi_k [0.49074867 0.48104983 0.51416839 0.50764952 0.46951428 0.4895049
 0.4778962  0.51301212 0.48671944 0.50469054]
max_exp: -1.0
coe: 10
Regulation [-1. -1. -1. -1. -1. -1. -1. -1. -1. -1.]
Solver status: optimal_inaccurate
b_new: [1. 1. 1. 1. 1. 1. 1. 1. 1. 1.]
Iter 1: obj=49.8495, best_obj=49.8495, ||b_new-b_prev||₂=0.000000
Converged.
Final b: [1. 1. 1. 1. 1. 1. 1. 1. 1. 1.]
<class 'numpy.ndarray'>
b_float: [1. 1. 1. 1. 1. 1. 1. 1. 1. 1.]
b: [1 1 1 1 1 1 1 1 1 1]
active_clients:  [0, 1, 2, 3, 4, 5, 6, 7, 8, 9]
Client 0's s_k are:[0 0 0 0 0 0 1 0 0 0]
Client 1's s_k are:[0 0 0 0 0 0 1 0 0 0]
Client 2's s_k are:[0 0 0 0 0 0 0 0 0 1]
Client 3's s_k are:[0 0 1 0 0 0 0 0 0 0]
Client 4's s_k are:[0 0 0 0 0 0 0 1 0 0]
Client 5's s_k are:[0 0 0 1 0 0 0 0 0 0]
Client 6's s_k are:[1 0 0 0 0 0 0 0 0 0]
Client 7's s_k are:[0 0 0 0 0 0 1 0 0 0]
Client 8's s_k are:[0 0 0 0 0 0 0 0 0 1]
Client 9's s_k are:[0 0 0 0 0 0 0 0 1 0]
| Global Round : 10 | Client :0 | Local Epoch : 0 | [64/626 (11%)]	Loss1: 5.845279 Loss2: 0.000030 
| Global Round : 10 | Client :0 | Local Epoch : 1 | [64/626 (11%)]	Loss1: 5.847145 Loss2: 0.000029 
| Global Round : 10 | Client :0 | Local Epoch : 2 | [64/626 (11%)]	Loss1: 5.845118 Loss2: 0.000032 
| Global Round : 10 | Client :0 | Local Epoch : 3 | [64/626 (11%)]	Loss1: 5.845058 Loss2: 0.000028 
| Global Round : 10 | Client :0 | Local Epoch : 4 | [64/626 (11%)]	Loss1: 5.843803 Loss2: 0.000031 
| Global Round : 10 | Client :1 | Local Epoch : 0 | [64/497 (14%)]	Loss1: 5.846685 Loss2: 0.000040 
| Global Round : 10 | Client :1 | Local Epoch : 1 | [64/497 (14%)]	Loss1: 5.844814 Loss2: 0.000047 
| Global Round : 10 | Client :1 | Local Epoch : 2 | [64/497 (14%)]	Loss1: 5.847179 Loss2: 0.000040 
| Global Round : 10 | Client :1 | Local Epoch : 3 | [64/497 (14%)]	Loss1: 5.846995 Loss2: 0.000045 
| Global Round : 10 | Client :1 | Local Epoch : 4 | [64/497 (14%)]	Loss1: 5.843032 Loss2: 0.000044 
| Global Round : 10 | Client :2 | Local Epoch : 0 | [64/597 (11%)]	Loss1: 5.841225 Loss2: 0.000029 
| Global Round : 10 | Client :2 | Local Epoch : 1 | [64/597 (11%)]	Loss1: 5.842796 Loss2: 0.000022 
| Global Round : 10 | Client :2 | Local Epoch : 2 | [64/597 (11%)]	Loss1: 5.843421 Loss2: 0.000026 
| Global Round : 10 | Client :2 | Local Epoch : 3 | [64/597 (11%)]	Loss1: 5.841916 Loss2: 0.000023 
| Global Round : 10 | Client :2 | Local Epoch : 4 | [64/597 (11%)]	Loss1: 5.842612 Loss2: 0.000025 
| Global Round : 10 | Client :3 | Local Epoch : 0 | [64/605 (11%)]	Loss1: 5.843730 Loss2: 0.000035 
| Global Round : 10 | Client :3 | Local Epoch : 1 | [64/605 (11%)]	Loss1: 5.845615 Loss2: 0.000033 
| Global Round : 10 | Client :3 | Local Epoch : 2 | [64/605 (11%)]	Loss1: 5.843984 Loss2: 0.000035 
| Global Round : 10 | Client :3 | Local Epoch : 3 | [64/605 (11%)]	Loss1: 5.842919 Loss2: 0.000033 
| Global Round : 10 | Client :3 | Local Epoch : 4 | [64/605 (11%)]	Loss1: 5.843617 Loss2: 0.000035 
| Global Round : 10 | Client :4 | Local Epoch : 0 | [64/436 (17%)]	Loss1: 5.844041 Loss2: 0.000050 
| Global Round : 10 | Client :4 | Local Epoch : 1 | [64/436 (17%)]	Loss1: 5.843540 Loss2: 0.000049 
| Global Round : 10 | Client :4 | Local Epoch : 2 | [64/436 (17%)]	Loss1: 5.841656 Loss2: 0.000053 
| Global Round : 10 | Client :4 | Local Epoch : 3 | [64/436 (17%)]	Loss1: 5.843878 Loss2: 0.000044 
| Global Round : 10 | Client :4 | Local Epoch : 4 | [64/436 (17%)]	Loss1: 5.844471 Loss2: 0.000049 
| Global Round : 10 | Client :5 | Local Epoch : 0 | [64/627 (11%)]	Loss1: 5.841792 Loss2: 0.000040 
| Global Round : 10 | Client :5 | Local Epoch : 1 | [64/627 (11%)]	Loss1: 5.840735 Loss2: 0.000038 
| Global Round : 10 | Client :5 | Local Epoch : 2 | [64/627 (11%)]	Loss1: 5.842107 Loss2: 0.000037 
| Global Round : 10 | Client :5 | Local Epoch : 3 | [64/627 (11%)]	Loss1: 5.842025 Loss2: 0.000036 
| Global Round : 10 | Client :5 | Local Epoch : 4 | [64/627 (11%)]	Loss1: 5.841664 Loss2: 0.000032 
| Global Round : 10 | Client :6 | Local Epoch : 0 | [64/571 (12%)]	Loss1: 5.842420 Loss2: 0.000038 
| Global Round : 10 | Client :6 | Local Epoch : 1 | [64/571 (12%)]	Loss1: 5.842544 Loss2: 0.000026 
| Global Round : 10 | Client :6 | Local Epoch : 2 | [64/571 (12%)]	Loss1: 5.842017 Loss2: 0.000029 
| Global Round : 10 | Client :6 | Local Epoch : 3 | [64/571 (12%)]	Loss1: 5.842163 Loss2: 0.000028 
| Global Round : 10 | Client :6 | Local Epoch : 4 | [64/571 (12%)]	Loss1: 5.842277 Loss2: 0.000027 
| Global Round : 10 | Client :7 | Local Epoch : 0 | [64/665 (10%)]	Loss1: 5.843359 Loss2: 0.000030 
| Global Round : 10 | Client :7 | Local Epoch : 1 | [64/665 (10%)]	Loss1: 5.842674 Loss2: 0.000029 
| Global Round : 10 | Client :7 | Local Epoch : 2 | [64/665 (10%)]	Loss1: 5.844617 Loss2: 0.000030 
| Global Round : 10 | Client :7 | Local Epoch : 3 | [64/665 (10%)]	Loss1: 5.842654 Loss2: 0.000029 
| Global Round : 10 | Client :7 | Local Epoch : 4 | [64/665 (10%)]	Loss1: 5.842521 Loss2: 0.000032 
| Global Round : 10 | Client :8 | Local Epoch : 0 | [64/561 (12%)]	Loss1: 5.844325 Loss2: 0.000028 
| Global Round : 10 | Client :8 | Local Epoch : 1 | [64/561 (12%)]	Loss1: 5.843325 Loss2: 0.000034 
| Global Round : 10 | Client :8 | Local Epoch : 2 | [64/561 (12%)]	Loss1: 5.845142 Loss2: 0.000027 
| Global Round : 10 | Client :8 | Local Epoch : 3 | [64/561 (12%)]	Loss1: 5.844654 Loss2: 0.000034 
| Global Round : 10 | Client :8 | Local Epoch : 4 | [64/561 (12%)]	Loss1: 5.842875 Loss2: 0.000026 
| Global Round : 10 | Client :9 | Local Epoch : 0 | [64/811 (8%)]	Loss1: 5.842456 Loss2: 0.000034 
| Global Round : 10 | Client :9 | Local Epoch : 0 | [704/811 (92%)]	Loss1: 5.841798 Loss2: 0.000026 
| Global Round : 10 | Client :9 | Local Epoch : 1 | [64/811 (8%)]	Loss1: 5.842494 Loss2: 0.000030 
| Global Round : 10 | Client :9 | Local Epoch : 1 | [704/811 (92%)]	Loss1: 5.842213 Loss2: 0.000030 
| Global Round : 10 | Client :9 | Local Epoch : 2 | [64/811 (8%)]	Loss1: 5.843719 Loss2: 0.000028 
| Global Round : 10 | Client :9 | Local Epoch : 2 | [704/811 (92%)]	Loss1: 5.842233 Loss2: 0.000028 
| Global Round : 10 | Client :9 | Local Epoch : 3 | [64/811 (8%)]	Loss1: 5.841672 Loss2: 0.000034 
| Global Round : 10 | Client :9 | Local Epoch : 3 | [704/811 (92%)]	Loss1: 5.842903 Loss2: 0.000030 
| Global Round : 10 | Client :9 | Local Epoch : 4 | [64/811 (8%)]	Loss1: 5.842290 Loss2: 0.000028 
| Global Round : 10 | Client :9 | Local Epoch : 4 | [704/811 (92%)]	Loss1: 5.841934 Loss2: 0.000028 
average loss:   5.841208221287955
average local test accuracy: 0.8563802083333332
average global test accuracy:  0.52421875

 | Global Training Round : 11 |

xi_k [0.49065569 0.48090317 0.51420456 0.50756449 0.46945932 0.48951886
 0.47787828 0.51299297 0.48661999 0.50460113]
max_exp: -1.0
coe: 10
Regulation [0.8 0.8 0.8 0.8 0.8 0.8 0.8 0.8 0.8 0.8]
Solver status: optimal_inaccurate
b_new: [1. 1. 1. 1. 1. 1. 1. 1. 1. 1.]
Iter 0: obj=48.9440, best_obj=48.9440, ||b_new-b_prev||₂=2.846050
xi_k [0.49065569 0.48090317 0.51420456 0.50756449 0.46945932 0.48951886
 0.47787828 0.51299297 0.48661999 0.50460113]
max_exp: -1.0
coe: 10
Regulation [-1. -1. -1. -1. -1. -1. -1. -1. -1. -1.]
Solver status: optimal_inaccurate
b_new: [1. 1. 1. 1. 1. 1. 1. 1. 1. 1.]
Iter 1: obj=49.8440, best_obj=49.8440, ||b_new-b_prev||₂=0.000000
Converged.
Final b: [1. 1. 1. 1. 1. 1. 1. 1. 1. 1.]
<class 'numpy.ndarray'>
b_float: [1. 1. 1. 1. 1. 1. 1. 1. 1. 1.]
b: [1 1 1 1 1 1 1 1 1 1]
active_clients:  [0, 1, 2, 3, 4, 5, 6, 7, 8, 9]
Client 0's s_k are:[0 0 0 0 0 0 1 0 0 0]
Client 1's s_k are:[0 0 0 0 0 0 1 0 0 0]
Client 2's s_k are:[0 0 0 0 0 0 0 0 0 1]
Client 3's s_k are:[0 0 0 0 0 0 1 0 0 0]
Client 4's s_k are:[0 0 0 0 0 0 0 1 0 0]
Client 5's s_k are:[0 0 0 1 0 0 0 0 0 0]
Client 6's s_k are:[1 0 0 0 0 0 0 0 0 0]
Client 7's s_k are:[0 0 0 0 0 0 1 0 0 0]
Client 8's s_k are:[0 0 0 0 0 0 0 0 0 1]
Client 9's s_k are:[0 0 1 0 0 0 0 0 0 0]
| Global Round : 11 | Client :0 | Local Epoch : 0 | [64/626 (11%)]	Loss1: 5.844137 Loss2: 0.000025 
| Global Round : 11 | Client :0 | Local Epoch : 1 | [64/626 (11%)]	Loss1: 5.845206 Loss2: 0.000027 
| Global Round : 11 | Client :0 | Local Epoch : 2 | [64/626 (11%)]	Loss1: 5.845580 Loss2: 0.000026 
| Global Round : 11 | Client :0 | Local Epoch : 3 | [64/626 (11%)]	Loss1: 5.843193 Loss2: 0.000027 
| Global Round : 11 | Client :0 | Local Epoch : 4 | [64/626 (11%)]	Loss1: 5.844443 Loss2: 0.000032 
| Global Round : 11 | Client :1 | Local Epoch : 0 | [64/497 (14%)]	Loss1: 5.848023 Loss2: 0.000038 
| Global Round : 11 | Client :1 | Local Epoch : 1 | [64/497 (14%)]	Loss1: 5.847587 Loss2: 0.000041 
| Global Round : 11 | Client :1 | Local Epoch : 2 | [64/497 (14%)]	Loss1: 5.846159 Loss2: 0.000039 
| Global Round : 11 | Client :1 | Local Epoch : 3 | [64/497 (14%)]	Loss1: 5.846957 Loss2: 0.000037 
| Global Round : 11 | Client :1 | Local Epoch : 4 | [64/497 (14%)]	Loss1: 5.844133 Loss2: 0.000038 
| Global Round : 11 | Client :2 | Local Epoch : 0 | [64/597 (11%)]	Loss1: 5.843225 Loss2: 0.000025 
| Global Round : 11 | Client :2 | Local Epoch : 1 | [64/597 (11%)]	Loss1: 5.843195 Loss2: 0.000021 
| Global Round : 11 | Client :2 | Local Epoch : 2 | [64/597 (11%)]	Loss1: 5.842466 Loss2: 0.000026 
| Global Round : 11 | Client :2 | Local Epoch : 3 | [64/597 (11%)]	Loss1: 5.840584 Loss2: 0.000022 
| Global Round : 11 | Client :2 | Local Epoch : 4 | [64/597 (11%)]	Loss1: 5.841306 Loss2: 0.000025 
| Global Round : 11 | Client :3 | Local Epoch : 0 | [64/605 (11%)]	Loss1: 5.841241 Loss2: 0.000034 
| Global Round : 11 | Client :3 | Local Epoch : 1 | [64/605 (11%)]	Loss1: 5.842596 Loss2: 0.000039 
| Global Round : 11 | Client :3 | Local Epoch : 2 | [64/605 (11%)]	Loss1: 5.843448 Loss2: 0.000035 
| Global Round : 11 | Client :3 | Local Epoch : 3 | [64/605 (11%)]	Loss1: 5.844747 Loss2: 0.000038 
| Global Round : 11 | Client :3 | Local Epoch : 4 | [64/605 (11%)]	Loss1: 5.843850 Loss2: 0.000031 
| Global Round : 11 | Client :4 | Local Epoch : 0 | [64/436 (17%)]	Loss1: 5.842059 Loss2: 0.000046 
| Global Round : 11 | Client :4 | Local Epoch : 1 | [64/436 (17%)]	Loss1: 5.843736 Loss2: 0.000046 
| Global Round : 11 | Client :4 | Local Epoch : 2 | [64/436 (17%)]	Loss1: 5.843708 Loss2: 0.000049 
| Global Round : 11 | Client :4 | Local Epoch : 3 | [64/436 (17%)]	Loss1: 5.843195 Loss2: 0.000047 
| Global Round : 11 | Client :4 | Local Epoch : 4 | [64/436 (17%)]	Loss1: 5.841285 Loss2: 0.000047 
| Global Round : 11 | Client :5 | Local Epoch : 0 | [64/627 (11%)]	Loss1: 5.842166 Loss2: 0.000032 
| Global Round : 11 | Client :5 | Local Epoch : 1 | [64/627 (11%)]	Loss1: 5.842741 Loss2: 0.000029 
| Global Round : 11 | Client :5 | Local Epoch : 2 | [64/627 (11%)]	Loss1: 5.841747 Loss2: 0.000034 
| Global Round : 11 | Client :5 | Local Epoch : 3 | [64/627 (11%)]	Loss1: 5.840082 Loss2: 0.000031 
| Global Round : 11 | Client :5 | Local Epoch : 4 | [64/627 (11%)]	Loss1: 5.842548 Loss2: 0.000033 
| Global Round : 11 | Client :6 | Local Epoch : 0 | [64/571 (12%)]	Loss1: 5.842346 Loss2: 0.000026 
| Global Round : 11 | Client :6 | Local Epoch : 1 | [64/571 (12%)]	Loss1: 5.844956 Loss2: 0.000033 
| Global Round : 11 | Client :6 | Local Epoch : 2 | [64/571 (12%)]	Loss1: 5.841992 Loss2: 0.000027 
| Global Round : 11 | Client :6 | Local Epoch : 3 | [64/571 (12%)]	Loss1: 5.842825 Loss2: 0.000026 
| Global Round : 11 | Client :6 | Local Epoch : 4 | [64/571 (12%)]	Loss1: 5.842547 Loss2: 0.000025 
| Global Round : 11 | Client :7 | Local Epoch : 0 | [64/665 (10%)]	Loss1: 5.844855 Loss2: 0.000033 
| Global Round : 11 | Client :7 | Local Epoch : 1 | [64/665 (10%)]	Loss1: 5.842426 Loss2: 0.000030 
| Global Round : 11 | Client :7 | Local Epoch : 2 | [64/665 (10%)]	Loss1: 5.843719 Loss2: 0.000028 
| Global Round : 11 | Client :7 | Local Epoch : 3 | [64/665 (10%)]	Loss1: 5.843414 Loss2: 0.000027 
| Global Round : 11 | Client :7 | Local Epoch : 4 | [64/665 (10%)]	Loss1: 5.842422 Loss2: 0.000032 
| Global Round : 11 | Client :8 | Local Epoch : 0 | [64/561 (12%)]	Loss1: 5.843426 Loss2: 0.000029 
| Global Round : 11 | Client :8 | Local Epoch : 1 | [64/561 (12%)]	Loss1: 5.844107 Loss2: 0.000029 
| Global Round : 11 | Client :8 | Local Epoch : 2 | [64/561 (12%)]	Loss1: 5.845378 Loss2: 0.000030 
| Global Round : 11 | Client :8 | Local Epoch : 3 | [64/561 (12%)]	Loss1: 5.844047 Loss2: 0.000029 
| Global Round : 11 | Client :8 | Local Epoch : 4 | [64/561 (12%)]	Loss1: 5.841934 Loss2: 0.000032 
| Global Round : 11 | Client :9 | Local Epoch : 0 | [64/811 (8%)]	Loss1: 5.841667 Loss2: 0.000025 
| Global Round : 11 | Client :9 | Local Epoch : 0 | [704/811 (92%)]	Loss1: 5.842315 Loss2: 0.000028 
| Global Round : 11 | Client :9 | Local Epoch : 1 | [64/811 (8%)]	Loss1: 5.842334 Loss2: 0.000027 
| Global Round : 11 | Client :9 | Local Epoch : 1 | [704/811 (92%)]	Loss1: 5.843046 Loss2: 0.000027 
| Global Round : 11 | Client :9 | Local Epoch : 2 | [64/811 (8%)]	Loss1: 5.841934 Loss2: 0.000019 
| Global Round : 11 | Client :9 | Local Epoch : 2 | [704/811 (92%)]	Loss1: 5.840811 Loss2: 0.000029 
| Global Round : 11 | Client :9 | Local Epoch : 3 | [64/811 (8%)]	Loss1: 5.842531 Loss2: 0.000024 
| Global Round : 11 | Client :9 | Local Epoch : 3 | [704/811 (92%)]	Loss1: 5.842241 Loss2: 0.000033 
| Global Round : 11 | Client :9 | Local Epoch : 4 | [64/811 (8%)]	Loss1: 5.840869 Loss2: 0.000020 
| Global Round : 11 | Client :9 | Local Epoch : 4 | [704/811 (92%)]	Loss1: 5.841478 Loss2: 0.000030 
average loss:   5.840926516302049
average local test accuracy: 0.8557291666666667
average global test accuracy:  0.5240885416666667

 | Global Training Round : 12 |

xi_k [0.49062735 0.48086509 0.51412066 0.50751831 0.46937955 0.48944899
 0.47784319 0.51297387 0.48659378 0.50462862]
max_exp: -1.0
coe: 10
Regulation [0.8 0.8 0.8 0.8 0.8 0.8 0.8 0.8 0.8 0.8]
Solver status: optimal_inaccurate
b_new: [1. 1. 1. 1. 1. 1. 1. 1. 1. 1.]
Iter 0: obj=48.9400, best_obj=48.9400, ||b_new-b_prev||₂=2.846050
xi_k [0.49062735 0.48086509 0.51412066 0.50751831 0.46937955 0.48944899
 0.47784319 0.51297387 0.48659378 0.50462862]
max_exp: -1.0
coe: 10
Regulation [-1. -1. -1. -1. -1. -1. -1. -1. -1. -1.]
Solver status: optimal_inaccurate
b_new: [1. 1. 1. 1. 1. 1. 1. 1. 1. 1.]
Iter 1: obj=49.8400, best_obj=49.8400, ||b_new-b_prev||₂=0.000000
Converged.
Final b: [1. 1. 1. 1. 1. 1. 1. 1. 1. 1.]
<class 'numpy.ndarray'>
b_float: [1. 1. 1. 1. 1. 1. 1. 1. 1. 1.]
b: [1 1 1 1 1 1 1 1 1 1]
active_clients:  [0, 1, 2, 3, 4, 5, 6, 7, 8, 9]
Client 0's s_k are:[0 0 0 0 0 0 1 0 0 0]
Client 1's s_k are:[0 0 0 0 0 0 1 0 0 0]
Client 2's s_k are:[0 0 0 0 0 0 0 0 0 1]
Client 3's s_k are:[0 0 0 0 0 0 1 0 0 0]
Client 4's s_k are:[0 0 0 0 0 0 0 1 0 0]
Client 5's s_k are:[0 0 0 1 0 0 0 0 0 0]
Client 6's s_k are:[1 0 0 0 0 0 0 0 0 0]
Client 7's s_k are:[0 0 0 0 0 0 1 0 0 0]
Client 8's s_k are:[0 0 0 0 0 0 0 0 0 1]
Client 9's s_k are:[0 0 1 0 0 0 0 0 0 0]
| Global Round : 12 | Client :0 | Local Epoch : 0 | [64/626 (11%)]	Loss1: 5.843454 Loss2: 0.000027 
| Global Round : 12 | Client :0 | Local Epoch : 1 | [64/626 (11%)]	Loss1: 5.843782 Loss2: 0.000027 
| Global Round : 12 | Client :0 | Local Epoch : 2 | [64/626 (11%)]	Loss1: 5.844006 Loss2: 0.000028 
| Global Round : 12 | Client :0 | Local Epoch : 3 | [64/626 (11%)]	Loss1: 5.843820 Loss2: 0.000024 
| Global Round : 12 | Client :0 | Local Epoch : 4 | [64/626 (11%)]	Loss1: 5.843985 Loss2: 0.000025 
| Global Round : 12 | Client :1 | Local Epoch : 0 | [64/497 (14%)]	Loss1: 5.844877 Loss2: 0.000038 
| Global Round : 12 | Client :1 | Local Epoch : 1 | [64/497 (14%)]	Loss1: 5.845695 Loss2: 0.000042 
| Global Round : 12 | Client :1 | Local Epoch : 2 | [64/497 (14%)]	Loss1: 5.847980 Loss2: 0.000039 
| Global Round : 12 | Client :1 | Local Epoch : 3 | [64/497 (14%)]	Loss1: 5.845634 Loss2: 0.000043 
| Global Round : 12 | Client :1 | Local Epoch : 4 | [64/497 (14%)]	Loss1: 5.844652 Loss2: 0.000042 
| Global Round : 12 | Client :2 | Local Epoch : 0 | [64/597 (11%)]	Loss1: 5.842468 Loss2: 0.000022 
| Global Round : 12 | Client :2 | Local Epoch : 1 | [64/597 (11%)]	Loss1: 5.842231 Loss2: 0.000025 
| Global Round : 12 | Client :2 | Local Epoch : 2 | [64/597 (11%)]	Loss1: 5.844122 Loss2: 0.000024 
| Global Round : 12 | Client :2 | Local Epoch : 3 | [64/597 (11%)]	Loss1: 5.841717 Loss2: 0.000025 
| Global Round : 12 | Client :2 | Local Epoch : 4 | [64/597 (11%)]	Loss1: 5.842994 Loss2: 0.000021 
| Global Round : 12 | Client :3 | Local Epoch : 0 | [64/605 (11%)]	Loss1: 5.844209 Loss2: 0.000034 
| Global Round : 12 | Client :3 | Local Epoch : 1 | [64/605 (11%)]	Loss1: 5.842652 Loss2: 0.000038 
| Global Round : 12 | Client :3 | Local Epoch : 2 | [64/605 (11%)]	Loss1: 5.843127 Loss2: 0.000040 
| Global Round : 12 | Client :3 | Local Epoch : 3 | [64/605 (11%)]	Loss1: 5.842888 Loss2: 0.000032 
| Global Round : 12 | Client :3 | Local Epoch : 4 | [64/605 (11%)]	Loss1: 5.843081 Loss2: 0.000041 
| Global Round : 12 | Client :4 | Local Epoch : 0 | [64/436 (17%)]	Loss1: 5.841888 Loss2: 0.000050 
| Global Round : 12 | Client :4 | Local Epoch : 1 | [64/436 (17%)]	Loss1: 5.843616 Loss2: 0.000049 
| Global Round : 12 | Client :4 | Local Epoch : 2 | [64/436 (17%)]	Loss1: 5.843397 Loss2: 0.000051 
| Global Round : 12 | Client :4 | Local Epoch : 3 | [64/436 (17%)]	Loss1: 5.841140 Loss2: 0.000044 
| Global Round : 12 | Client :4 | Local Epoch : 4 | [64/436 (17%)]	Loss1: 5.842895 Loss2: 0.000047 
| Global Round : 12 | Client :5 | Local Epoch : 0 | [64/627 (11%)]	Loss1: 5.841754 Loss2: 0.000030 
| Global Round : 12 | Client :5 | Local Epoch : 1 | [64/627 (11%)]	Loss1: 5.841315 Loss2: 0.000031 
| Global Round : 12 | Client :5 | Local Epoch : 2 | [64/627 (11%)]	Loss1: 5.842176 Loss2: 0.000028 
| Global Round : 12 | Client :5 | Local Epoch : 3 | [64/627 (11%)]	Loss1: 5.841385 Loss2: 0.000034 
| Global Round : 12 | Client :5 | Local Epoch : 4 | [64/627 (11%)]	Loss1: 5.840882 Loss2: 0.000035 
| Global Round : 12 | Client :6 | Local Epoch : 0 | [64/571 (12%)]	Loss1: 5.842114 Loss2: 0.000026 
| Global Round : 12 | Client :6 | Local Epoch : 1 | [64/571 (12%)]	Loss1: 5.843262 Loss2: 0.000027 
| Global Round : 12 | Client :6 | Local Epoch : 2 | [64/571 (12%)]	Loss1: 5.841920 Loss2: 0.000026 
| Global Round : 12 | Client :6 | Local Epoch : 3 | [64/571 (12%)]	Loss1: 5.841813 Loss2: 0.000026 
| Global Round : 12 | Client :6 | Local Epoch : 4 | [64/571 (12%)]	Loss1: 5.841941 Loss2: 0.000025 
| Global Round : 12 | Client :7 | Local Epoch : 0 | [64/665 (10%)]	Loss1: 5.843012 Loss2: 0.000028 
| Global Round : 12 | Client :7 | Local Epoch : 1 | [64/665 (10%)]	Loss1: 5.842310 Loss2: 0.000030 
| Global Round : 12 | Client :7 | Local Epoch : 2 | [64/665 (10%)]	Loss1: 5.842301 Loss2: 0.000029 
| Global Round : 12 | Client :7 | Local Epoch : 3 | [64/665 (10%)]	Loss1: 5.842306 Loss2: 0.000031 
| Global Round : 12 | Client :7 | Local Epoch : 4 | [64/665 (10%)]	Loss1: 5.843240 Loss2: 0.000030 
| Global Round : 12 | Client :8 | Local Epoch : 0 | [64/561 (12%)]	Loss1: 5.844631 Loss2: 0.000028 
| Global Round : 12 | Client :8 | Local Epoch : 1 | [64/561 (12%)]	Loss1: 5.844571 Loss2: 0.000034 
| Global Round : 12 | Client :8 | Local Epoch : 2 | [64/561 (12%)]	Loss1: 5.845024 Loss2: 0.000025 
| Global Round : 12 | Client :8 | Local Epoch : 3 | [64/561 (12%)]	Loss1: 5.843224 Loss2: 0.000032 
| Global Round : 12 | Client :8 | Local Epoch : 4 | [64/561 (12%)]	Loss1: 5.842510 Loss2: 0.000031 
| Global Round : 12 | Client :9 | Local Epoch : 0 | [64/811 (8%)]	Loss1: 5.841450 Loss2: 0.000021 
| Global Round : 12 | Client :9 | Local Epoch : 0 | [704/811 (92%)]	Loss1: 5.842350 Loss2: 0.000036 
| Global Round : 12 | Client :9 | Local Epoch : 1 | [64/811 (8%)]	Loss1: 5.842477 Loss2: 0.000020 
| Global Round : 12 | Client :9 | Local Epoch : 1 | [704/811 (92%)]	Loss1: 5.840925 Loss2: 0.000033 
| Global Round : 12 | Client :9 | Local Epoch : 2 | [64/811 (8%)]	Loss1: 5.842905 Loss2: 0.000025 
| Global Round : 12 | Client :9 | Local Epoch : 2 | [704/811 (92%)]	Loss1: 5.841771 Loss2: 0.000034 
| Global Round : 12 | Client :9 | Local Epoch : 3 | [64/811 (8%)]	Loss1: 5.840675 Loss2: 0.000026 
| Global Round : 12 | Client :9 | Local Epoch : 3 | [704/811 (92%)]	Loss1: 5.841701 Loss2: 0.000029 
| Global Round : 12 | Client :9 | Local Epoch : 4 | [64/811 (8%)]	Loss1: 5.842418 Loss2: 0.000022 
| Global Round : 12 | Client :9 | Local Epoch : 4 | [704/811 (92%)]	Loss1: 5.843086 Loss2: 0.000027 
average loss:   5.840676403291642
average local test accuracy: 0.853125
average global test accuracy:  0.5295572916666667

 | Global Training Round : 13 |

xi_k [0.49056391 0.48078383 0.51411145 0.5074346  0.46943092 0.48943832
 0.47781592 0.51293099 0.4865041  0.50457997]
max_exp: -1.0
coe: 10
Regulation [0.8 0.8 0.8 0.8 0.8 0.8 0.8 0.8 0.8 0.8]
Solver status: optimal_inaccurate
b_new: [1. 1. 1. 1. 1. 1. 1. 1. 1. 1.]
Iter 0: obj=48.9359, best_obj=48.9359, ||b_new-b_prev||₂=2.846050
xi_k [0.49056391 0.48078383 0.51411145 0.5074346  0.46943092 0.48943832
 0.47781592 0.51293099 0.4865041  0.50457997]
max_exp: -1.0
coe: 10
Regulation [-1. -1. -1. -1. -1. -1. -1. -1. -1. -1.]
Solver status: optimal_inaccurate
b_new: [1. 1. 1. 1. 1. 1. 1. 1. 1. 1.]
Iter 1: obj=49.8359, best_obj=49.8359, ||b_new-b_prev||₂=0.000000
Converged.
Final b: [1. 1. 1. 1. 1. 1. 1. 1. 1. 1.]
<class 'numpy.ndarray'>
b_float: [1. 1. 1. 1. 1. 1. 1. 1. 1. 1.]
b: [1 1 1 1 1 1 1 1 1 1]
active_clients:  [0, 1, 2, 3, 4, 5, 6, 7, 8, 9]
Client 0's s_k are:[0 0 0 0 0 0 1 0 0 0]
Client 1's s_k are:[0 0 0 0 0 0 1 0 0 0]
Client 2's s_k are:[0 0 0 0 0 0 0 0 0 1]
Client 3's s_k are:[0 0 1 0 0 0 0 0 0 0]
Client 4's s_k are:[0 0 0 0 0 0 0 1 0 0]
Client 5's s_k are:[0 0 0 1 0 0 0 0 0 0]
Client 6's s_k are:[1 0 0 0 0 0 0 0 0 0]
Client 7's s_k are:[0 0 0 0 0 0 1 0 0 0]
Client 8's s_k are:[0 0 0 0 0 0 0 0 0 1]
Client 9's s_k are:[0 0 1 0 0 0 0 0 0 0]
| Global Round : 13 | Client :0 | Local Epoch : 0 | [64/626 (11%)]	Loss1: 5.842938 Loss2: 0.000024 
| Global Round : 13 | Client :0 | Local Epoch : 1 | [64/626 (11%)]	Loss1: 5.844592 Loss2: 0.000026 
| Global Round : 13 | Client :0 | Local Epoch : 2 | [64/626 (11%)]	Loss1: 5.844417 Loss2: 0.000024 
| Global Round : 13 | Client :0 | Local Epoch : 3 | [64/626 (11%)]	Loss1: 5.844669 Loss2: 0.000029 
| Global Round : 13 | Client :0 | Local Epoch : 4 | [64/626 (11%)]	Loss1: 5.843566 Loss2: 0.000028 
| Global Round : 13 | Client :1 | Local Epoch : 0 | [64/497 (14%)]	Loss1: 5.845426 Loss2: 0.000042 
| Global Round : 13 | Client :1 | Local Epoch : 1 | [64/497 (14%)]	Loss1: 5.846010 Loss2: 0.000044 
| Global Round : 13 | Client :1 | Local Epoch : 2 | [64/497 (14%)]	Loss1: 5.844029 Loss2: 0.000044 
| Global Round : 13 | Client :1 | Local Epoch : 3 | [64/497 (14%)]	Loss1: 5.844426 Loss2: 0.000040 
| Global Round : 13 | Client :1 | Local Epoch : 4 | [64/497 (14%)]	Loss1: 5.842377 Loss2: 0.000038 
| Global Round : 13 | Client :2 | Local Epoch : 0 | [64/597 (11%)]	Loss1: 5.841424 Loss2: 0.000024 
| Global Round : 13 | Client :2 | Local Epoch : 1 | [64/597 (11%)]	Loss1: 5.842439 Loss2: 0.000025 
| Global Round : 13 | Client :2 | Local Epoch : 2 | [64/597 (11%)]	Loss1: 5.842100 Loss2: 0.000024 
| Global Round : 13 | Client :2 | Local Epoch : 3 | [64/597 (11%)]	Loss1: 5.842804 Loss2: 0.000023 
| Global Round : 13 | Client :2 | Local Epoch : 4 | [64/597 (11%)]	Loss1: 5.841737 Loss2: 0.000021 
| Global Round : 13 | Client :3 | Local Epoch : 0 | [64/605 (11%)]	Loss1: 5.843180 Loss2: 0.000030 
| Global Round : 13 | Client :3 | Local Epoch : 1 | [64/605 (11%)]	Loss1: 5.843879 Loss2: 0.000031 
| Global Round : 13 | Client :3 | Local Epoch : 2 | [64/605 (11%)]	Loss1: 5.842947 Loss2: 0.000036 
| Global Round : 13 | Client :3 | Local Epoch : 3 | [64/605 (11%)]	Loss1: 5.842682 Loss2: 0.000034 
| Global Round : 13 | Client :3 | Local Epoch : 4 | [64/605 (11%)]	Loss1: 5.842519 Loss2: 0.000036 
| Global Round : 13 | Client :4 | Local Epoch : 0 | [64/436 (17%)]	Loss1: 5.842161 Loss2: 0.000047 
| Global Round : 13 | Client :4 | Local Epoch : 1 | [64/436 (17%)]	Loss1: 5.842529 Loss2: 0.000056 
| Global Round : 13 | Client :4 | Local Epoch : 2 | [64/436 (17%)]	Loss1: 5.842805 Loss2: 0.000049 
| Global Round : 13 | Client :4 | Local Epoch : 3 | [64/436 (17%)]	Loss1: 5.843220 Loss2: 0.000051 
| Global Round : 13 | Client :4 | Local Epoch : 4 | [64/436 (17%)]	Loss1: 5.841899 Loss2: 0.000046 
| Global Round : 13 | Client :5 | Local Epoch : 0 | [64/627 (11%)]	Loss1: 5.841521 Loss2: 0.000034 
| Global Round : 13 | Client :5 | Local Epoch : 1 | [64/627 (11%)]	Loss1: 5.841219 Loss2: 0.000032 
| Global Round : 13 | Client :5 | Local Epoch : 2 | [64/627 (11%)]	Loss1: 5.842525 Loss2: 0.000031 
| Global Round : 13 | Client :5 | Local Epoch : 3 | [64/627 (11%)]	Loss1: 5.840972 Loss2: 0.000034 
| Global Round : 13 | Client :5 | Local Epoch : 4 | [64/627 (11%)]	Loss1: 5.841161 Loss2: 0.000035 
| Global Round : 13 | Client :6 | Local Epoch : 0 | [64/571 (12%)]	Loss1: 5.841999 Loss2: 0.000026 
| Global Round : 13 | Client :6 | Local Epoch : 1 | [64/571 (12%)]	Loss1: 5.841396 Loss2: 0.000029 
| Global Round : 13 | Client :6 | Local Epoch : 2 | [64/571 (12%)]	Loss1: 5.842538 Loss2: 0.000026 
| Global Round : 13 | Client :6 | Local Epoch : 3 | [64/571 (12%)]	Loss1: 5.841695 Loss2: 0.000032 
| Global Round : 13 | Client :6 | Local Epoch : 4 | [64/571 (12%)]	Loss1: 5.841104 Loss2: 0.000030 
| Global Round : 13 | Client :7 | Local Epoch : 0 | [64/665 (10%)]	Loss1: 5.840480 Loss2: 0.000033 
| Global Round : 13 | Client :7 | Local Epoch : 1 | [64/665 (10%)]	Loss1: 5.842554 Loss2: 0.000031 
| Global Round : 13 | Client :7 | Local Epoch : 2 | [64/665 (10%)]	Loss1: 5.841881 Loss2: 0.000032 
| Global Round : 13 | Client :7 | Local Epoch : 3 | [64/665 (10%)]	Loss1: 5.843802 Loss2: 0.000030 
| Global Round : 13 | Client :7 | Local Epoch : 4 | [64/665 (10%)]	Loss1: 5.843133 Loss2: 0.000037 
| Global Round : 13 | Client :8 | Local Epoch : 0 | [64/561 (12%)]	Loss1: 5.844942 Loss2: 0.000027 
| Global Round : 13 | Client :8 | Local Epoch : 1 | [64/561 (12%)]	Loss1: 5.846720 Loss2: 0.000027 
| Global Round : 13 | Client :8 | Local Epoch : 2 | [64/561 (12%)]	Loss1: 5.844422 Loss2: 0.000032 
| Global Round : 13 | Client :8 | Local Epoch : 3 | [64/561 (12%)]	Loss1: 5.842557 Loss2: 0.000026 
| Global Round : 13 | Client :8 | Local Epoch : 4 | [64/561 (12%)]	Loss1: 5.843626 Loss2: 0.000028 
| Global Round : 13 | Client :9 | Local Epoch : 0 | [64/811 (8%)]	Loss1: 5.841875 Loss2: 0.000026 
| Global Round : 13 | Client :9 | Local Epoch : 0 | [704/811 (92%)]	Loss1: 5.841673 Loss2: 0.000031 
| Global Round : 13 | Client :9 | Local Epoch : 1 | [64/811 (8%)]	Loss1: 5.840498 Loss2: 0.000024 
| Global Round : 13 | Client :9 | Local Epoch : 1 | [704/811 (92%)]	Loss1: 5.840802 Loss2: 0.000034 
| Global Round : 13 | Client :9 | Local Epoch : 2 | [64/811 (8%)]	Loss1: 5.842561 Loss2: 0.000026 
| Global Round : 13 | Client :9 | Local Epoch : 2 | [704/811 (92%)]	Loss1: 5.842634 Loss2: 0.000033 
| Global Round : 13 | Client :9 | Local Epoch : 3 | [64/811 (8%)]	Loss1: 5.842757 Loss2: 0.000027 
| Global Round : 13 | Client :9 | Local Epoch : 3 | [704/811 (92%)]	Loss1: 5.841438 Loss2: 0.000029 
| Global Round : 13 | Client :9 | Local Epoch : 4 | [64/811 (8%)]	Loss1: 5.842448 Loss2: 0.000021 
| Global Round : 13 | Client :9 | Local Epoch : 4 | [704/811 (92%)]	Loss1: 5.840467 Loss2: 0.000032 
average loss:   5.840476321568564
average local test accuracy: 0.8466145833333334
average global test accuracy:  0.555078125

 | Global Training Round : 14 |

xi_k [0.49050583 0.48073355 0.51410398 0.50743353 0.46934243 0.48941948
 0.4777404  0.51292251 0.48649788 0.50453812]
max_exp: -1.0
coe: 10
Regulation [0.8 0.8 0.8 0.8 0.8 0.8 0.8 0.8 0.8 0.8]
Solver status: optimal_inaccurate
b_new: [1. 1. 1. 1. 1. 1. 1. 1. 1. 1.]
Iter 0: obj=48.9324, best_obj=48.9324, ||b_new-b_prev||₂=2.846050
xi_k [0.49050583 0.48073355 0.51410398 0.50743353 0.46934243 0.48941948
 0.4777404  0.51292251 0.48649788 0.50453812]
max_exp: -1.0
coe: 10
Regulation [-1. -1. -1. -1. -1. -1. -1. -1. -1. -1.]
Solver status: optimal_inaccurate
b_new: [1. 1. 1. 1. 1. 1. 1. 1. 1. 1.]
Iter 1: obj=49.8324, best_obj=49.8324, ||b_new-b_prev||₂=0.000000
Converged.
Final b: [1. 1. 1. 1. 1. 1. 1. 1. 1. 1.]
<class 'numpy.ndarray'>
b_float: [1. 1. 1. 1. 1. 1. 1. 1. 1. 1.]
b: [1 1 1 1 1 1 1 1 1 1]
active_clients:  [0, 1, 2, 3, 4, 5, 6, 7, 8, 9]
Client 0's s_k are:[0 0 0 0 0 0 1 0 0 0]
Client 1's s_k are:[0 0 0 0 0 0 1 0 0 0]
Client 2's s_k are:[0 0 0 0 0 0 0 0 0 1]
Client 3's s_k are:[0 0 0 0 0 0 1 0 0 0]
Client 4's s_k are:[0 0 0 0 0 0 0 1 0 0]
Client 5's s_k are:[0 0 0 1 0 0 0 0 0 0]
Client 6's s_k are:[1 0 0 0 0 0 0 0 0 0]
Client 7's s_k are:[0 0 0 0 0 0 1 0 0 0]
Client 8's s_k are:[0 0 0 0 0 0 0 0 0 1]
Client 9's s_k are:[0 0 1 0 0 0 0 0 0 0]
| Global Round : 14 | Client :0 | Local Epoch : 0 | [64/626 (11%)]	Loss1: 5.843757 Loss2: 0.000031 
| Global Round : 14 | Client :0 | Local Epoch : 1 | [64/626 (11%)]	Loss1: 5.843328 Loss2: 0.000027 
| Global Round : 14 | Client :0 | Local Epoch : 2 | [64/626 (11%)]	Loss1: 5.844073 Loss2: 0.000030 
| Global Round : 14 | Client :0 | Local Epoch : 3 | [64/626 (11%)]	Loss1: 5.843128 Loss2: 0.000029 
| Global Round : 14 | Client :0 | Local Epoch : 4 | [64/626 (11%)]	Loss1: 5.843731 Loss2: 0.000025 
| Global Round : 14 | Client :1 | Local Epoch : 0 | [64/497 (14%)]	Loss1: 5.843299 Loss2: 0.000042 
| Global Round : 14 | Client :1 | Local Epoch : 1 | [64/497 (14%)]	Loss1: 5.845266 Loss2: 0.000046 
| Global Round : 14 | Client :1 | Local Epoch : 2 | [64/497 (14%)]	Loss1: 5.845668 Loss2: 0.000041 
| Global Round : 14 | Client :1 | Local Epoch : 3 | [64/497 (14%)]	Loss1: 5.843735 Loss2: 0.000035 
| Global Round : 14 | Client :1 | Local Epoch : 4 | [64/497 (14%)]	Loss1: 5.845305 Loss2: 0.000042 
| Global Round : 14 | Client :2 | Local Epoch : 0 | [64/597 (11%)]	Loss1: 5.840938 Loss2: 0.000022 
| Global Round : 14 | Client :2 | Local Epoch : 1 | [64/597 (11%)]	Loss1: 5.841906 Loss2: 0.000021 
| Global Round : 14 | Client :2 | Local Epoch : 2 | [64/597 (11%)]	Loss1: 5.842258 Loss2: 0.000028 
| Global Round : 14 | Client :2 | Local Epoch : 3 | [64/597 (11%)]	Loss1: 5.841740 Loss2: 0.000027 
| Global Round : 14 | Client :2 | Local Epoch : 4 | [64/597 (11%)]	Loss1: 5.841305 Loss2: 0.000025 
| Global Round : 14 | Client :3 | Local Epoch : 0 | [64/605 (11%)]	Loss1: 5.842097 Loss2: 0.000035 
| Global Round : 14 | Client :3 | Local Epoch : 1 | [64/605 (11%)]	Loss1: 5.842291 Loss2: 0.000040 
| Global Round : 14 | Client :3 | Local Epoch : 2 | [64/605 (11%)]	Loss1: 5.841977 Loss2: 0.000036 
| Global Round : 14 | Client :3 | Local Epoch : 3 | [64/605 (11%)]	Loss1: 5.840711 Loss2: 0.000032 
| Global Round : 14 | Client :3 | Local Epoch : 4 | [64/605 (11%)]	Loss1: 5.843137 Loss2: 0.000041 
| Global Round : 14 | Client :4 | Local Epoch : 0 | [64/436 (17%)]	Loss1: 5.843128 Loss2: 0.000049 
| Global Round : 14 | Client :4 | Local Epoch : 1 | [64/436 (17%)]	Loss1: 5.841929 Loss2: 0.000048 
| Global Round : 14 | Client :4 | Local Epoch : 2 | [64/436 (17%)]	Loss1: 5.843388 Loss2: 0.000048 
| Global Round : 14 | Client :4 | Local Epoch : 3 | [64/436 (17%)]	Loss1: 5.844166 Loss2: 0.000046 
| Global Round : 14 | Client :4 | Local Epoch : 4 | [64/436 (17%)]	Loss1: 5.843236 Loss2: 0.000045 
| Global Round : 14 | Client :5 | Local Epoch : 0 | [64/627 (11%)]	Loss1: 5.841459 Loss2: 0.000032 
| Global Round : 14 | Client :5 | Local Epoch : 1 | [64/627 (11%)]	Loss1: 5.841442 Loss2: 0.000032 
| Global Round : 14 | Client :5 | Local Epoch : 2 | [64/627 (11%)]	Loss1: 5.840457 Loss2: 0.000031 
| Global Round : 14 | Client :5 | Local Epoch : 3 | [64/627 (11%)]	Loss1: 5.842303 Loss2: 0.000033 
| Global Round : 14 | Client :5 | Local Epoch : 4 | [64/627 (11%)]	Loss1: 5.840501 Loss2: 0.000034 
| Global Round : 14 | Client :6 | Local Epoch : 0 | [64/571 (12%)]	Loss1: 5.841145 Loss2: 0.000029 
| Global Round : 14 | Client :6 | Local Epoch : 1 | [64/571 (12%)]	Loss1: 5.842609 Loss2: 0.000030 
| Global Round : 14 | Client :6 | Local Epoch : 2 | [64/571 (12%)]	Loss1: 5.840140 Loss2: 0.000027 
| Global Round : 14 | Client :6 | Local Epoch : 3 | [64/571 (12%)]	Loss1: 5.841820 Loss2: 0.000030 
| Global Round : 14 | Client :6 | Local Epoch : 4 | [64/571 (12%)]	Loss1: 5.842050 Loss2: 0.000024 
| Global Round : 14 | Client :7 | Local Epoch : 0 | [64/665 (10%)]	Loss1: 5.841669 Loss2: 0.000029 
| Global Round : 14 | Client :7 | Local Epoch : 1 | [64/665 (10%)]	Loss1: 5.842925 Loss2: 0.000033 
| Global Round : 14 | Client :7 | Local Epoch : 2 | [64/665 (10%)]	Loss1: 5.841796 Loss2: 0.000028 
| Global Round : 14 | Client :7 | Local Epoch : 3 | [64/665 (10%)]	Loss1: 5.843185 Loss2: 0.000031 
| Global Round : 14 | Client :7 | Local Epoch : 4 | [64/665 (10%)]	Loss1: 5.842402 Loss2: 0.000031 
| Global Round : 14 | Client :8 | Local Epoch : 0 | [64/561 (12%)]	Loss1: 5.842937 Loss2: 0.000035 
| Global Round : 14 | Client :8 | Local Epoch : 1 | [64/561 (12%)]	Loss1: 5.842510 Loss2: 0.000033 
| Global Round : 14 | Client :8 | Local Epoch : 2 | [64/561 (12%)]	Loss1: 5.842799 Loss2: 0.000031 
| Global Round : 14 | Client :8 | Local Epoch : 3 | [64/561 (12%)]	Loss1: 5.844389 Loss2: 0.000032 
| Global Round : 14 | Client :8 | Local Epoch : 4 | [64/561 (12%)]	Loss1: 5.842923 Loss2: 0.000030 
| Global Round : 14 | Client :9 | Local Epoch : 0 | [64/811 (8%)]	Loss1: 5.841350 Loss2: 0.000024 
| Global Round : 14 | Client :9 | Local Epoch : 0 | [704/811 (92%)]	Loss1: 5.842630 Loss2: 0.000035 
| Global Round : 14 | Client :9 | Local Epoch : 1 | [64/811 (8%)]	Loss1: 5.841173 Loss2: 0.000021 
| Global Round : 14 | Client :9 | Local Epoch : 1 | [704/811 (92%)]	Loss1: 5.840473 Loss2: 0.000036 
| Global Round : 14 | Client :9 | Local Epoch : 2 | [64/811 (8%)]	Loss1: 5.841449 Loss2: 0.000026 
| Global Round : 14 | Client :9 | Local Epoch : 2 | [704/811 (92%)]	Loss1: 5.840856 Loss2: 0.000032 
| Global Round : 14 | Client :9 | Local Epoch : 3 | [64/811 (8%)]	Loss1: 5.841424 Loss2: 0.000024 
| Global Round : 14 | Client :9 | Local Epoch : 3 | [704/811 (92%)]	Loss1: 5.840585 Loss2: 0.000032 
| Global Round : 14 | Client :9 | Local Epoch : 4 | [64/811 (8%)]	Loss1: 5.840745 Loss2: 0.000027 
| Global Round : 14 | Client :9 | Local Epoch : 4 | [704/811 (92%)]	Loss1: 5.840079 Loss2: 0.000029 
average loss:   5.84034742637286
average local test accuracy: 0.8533854166666668
average global test accuracy:  0.53984375

 | Global Training Round : 15 |

xi_k [0.49052697 0.4806812  0.51403476 0.5073554  0.46934312 0.48937825
 0.47779644 0.5128757  0.48649777 0.50452006]
max_exp: -1.0
coe: 10
Regulation [0.8 0.8 0.8 0.8 0.8 0.8 0.8 0.8 0.8 0.8]
Solver status: optimal_inaccurate
b_new: [1. 1. 1. 1. 1. 1. 1. 1. 1. 1.]
Iter 0: obj=48.9301, best_obj=48.9301, ||b_new-b_prev||₂=2.846050
xi_k [0.49052697 0.4806812  0.51403476 0.5073554  0.46934312 0.48937825
 0.47779644 0.5128757  0.48649777 0.50452006]
max_exp: -1.0
coe: 10
Regulation [-1. -1. -1. -1. -1. -1. -1. -1. -1. -1.]
Solver status: optimal_inaccurate
b_new: [1. 1. 1. 1. 1. 1. 1. 1. 1. 1.]
Iter 1: obj=49.8301, best_obj=49.8301, ||b_new-b_prev||₂=0.000000
Converged.
Final b: [1. 1. 1. 1. 1. 1. 1. 1. 1. 1.]
<class 'numpy.ndarray'>
b_float: [1. 1. 1. 1. 1. 1. 1. 1. 1. 1.]
b: [1 1 1 1 1 1 1 1 1 1]
active_clients:  [0, 1, 2, 3, 4, 5, 6, 7, 8, 9]
Client 0's s_k are:[0 0 0 0 0 0 1 0 0 0]
Client 1's s_k are:[0 0 0 0 0 0 1 0 0 0]
Client 2's s_k are:[0 0 0 0 0 0 0 0 0 1]
Client 3's s_k are:[0 0 0 0 0 0 1 0 0 0]
Client 4's s_k are:[0 0 0 0 0 0 0 1 0 0]
Client 5's s_k are:[0 0 0 1 0 0 0 0 0 0]
Client 6's s_k are:[1 0 0 0 0 0 0 0 0 0]
Client 7's s_k are:[0 0 0 0 0 0 1 0 0 0]
Client 8's s_k are:[0 0 0 0 0 0 0 0 0 1]
Client 9's s_k are:[0 0 1 0 0 0 0 0 0 0]
| Global Round : 15 | Client :0 | Local Epoch : 0 | [64/626 (11%)]	Loss1: 5.843927 Loss2: 0.000030 
| Global Round : 15 | Client :0 | Local Epoch : 1 | [64/626 (11%)]	Loss1: 5.842840 Loss2: 0.000030 
| Global Round : 15 | Client :0 | Local Epoch : 2 | [64/626 (11%)]	Loss1: 5.843963 Loss2: 0.000028 
| Global Round : 15 | Client :0 | Local Epoch : 3 | [64/626 (11%)]	Loss1: 5.842652 Loss2: 0.000031 
| Global Round : 15 | Client :0 | Local Epoch : 4 | [64/626 (11%)]	Loss1: 5.843580 Loss2: 0.000032 
| Global Round : 15 | Client :1 | Local Epoch : 0 | [64/497 (14%)]	Loss1: 5.845729 Loss2: 0.000041 
| Global Round : 15 | Client :1 | Local Epoch : 1 | [64/497 (14%)]	Loss1: 5.845704 Loss2: 0.000044 
| Global Round : 15 | Client :1 | Local Epoch : 2 | [64/497 (14%)]	Loss1: 5.843166 Loss2: 0.000038 
| Global Round : 15 | Client :1 | Local Epoch : 3 | [64/497 (14%)]	Loss1: 5.844728 Loss2: 0.000044 
| Global Round : 15 | Client :1 | Local Epoch : 4 | [64/497 (14%)]	Loss1: 5.845562 Loss2: 0.000034 
| Global Round : 15 | Client :2 | Local Epoch : 0 | [64/597 (11%)]	Loss1: 5.840846 Loss2: 0.000026 
| Global Round : 15 | Client :2 | Local Epoch : 1 | [64/597 (11%)]	Loss1: 5.842435 Loss2: 0.000025 
| Global Round : 15 | Client :2 | Local Epoch : 2 | [64/597 (11%)]	Loss1: 5.842332 Loss2: 0.000027 
| Global Round : 15 | Client :2 | Local Epoch : 3 | [64/597 (11%)]	Loss1: 5.841640 Loss2: 0.000025 
| Global Round : 15 | Client :2 | Local Epoch : 4 | [64/597 (11%)]	Loss1: 5.841437 Loss2: 0.000026 
| Global Round : 15 | Client :3 | Local Epoch : 0 | [64/605 (11%)]	Loss1: 5.841672 Loss2: 0.000035 
| Global Round : 15 | Client :3 | Local Epoch : 1 | [64/605 (11%)]	Loss1: 5.841486 Loss2: 0.000035 
| Global Round : 15 | Client :3 | Local Epoch : 2 | [64/605 (11%)]	Loss1: 5.842190 Loss2: 0.000035 
| Global Round : 15 | Client :3 | Local Epoch : 3 | [64/605 (11%)]	Loss1: 5.842777 Loss2: 0.000039 
| Global Round : 15 | Client :3 | Local Epoch : 4 | [64/605 (11%)]	Loss1: 5.842447 Loss2: 0.000039 
| Global Round : 15 | Client :4 | Local Epoch : 0 | [64/436 (17%)]	Loss1: 5.841621 Loss2: 0.000050 
| Global Round : 15 | Client :4 | Local Epoch : 1 | [64/436 (17%)]	Loss1: 5.841271 Loss2: 0.000047 
| Global Round : 15 | Client :4 | Local Epoch : 2 | [64/436 (17%)]	Loss1: 5.841689 Loss2: 0.000048 
| Global Round : 15 | Client :4 | Local Epoch : 3 | [64/436 (17%)]	Loss1: 5.843219 Loss2: 0.000047 
| Global Round : 15 | Client :4 | Local Epoch : 4 | [64/436 (17%)]	Loss1: 5.841702 Loss2: 0.000047 
| Global Round : 15 | Client :5 | Local Epoch : 0 | [64/627 (11%)]	Loss1: 5.840150 Loss2: 0.000031 
| Global Round : 15 | Client :5 | Local Epoch : 1 | [64/627 (11%)]	Loss1: 5.841081 Loss2: 0.000029 
| Global Round : 15 | Client :5 | Local Epoch : 2 | [64/627 (11%)]	Loss1: 5.840961 Loss2: 0.000031 
| Global Round : 15 | Client :5 | Local Epoch : 3 | [64/627 (11%)]	Loss1: 5.840211 Loss2: 0.000026 
| Global Round : 15 | Client :5 | Local Epoch : 4 | [64/627 (11%)]	Loss1: 5.840396 Loss2: 0.000028 
| Global Round : 15 | Client :6 | Local Epoch : 0 | [64/571 (12%)]	Loss1: 5.841991 Loss2: 0.000028 
| Global Round : 15 | Client :6 | Local Epoch : 1 | [64/571 (12%)]	Loss1: 5.841099 Loss2: 0.000023 
| Global Round : 15 | Client :6 | Local Epoch : 2 | [64/571 (12%)]	Loss1: 5.842885 Loss2: 0.000029 
| Global Round : 15 | Client :6 | Local Epoch : 3 | [64/571 (12%)]	Loss1: 5.842280 Loss2: 0.000025 
| Global Round : 15 | Client :6 | Local Epoch : 4 | [64/571 (12%)]	Loss1: 5.841026 Loss2: 0.000029 
| Global Round : 15 | Client :7 | Local Epoch : 0 | [64/665 (10%)]	Loss1: 5.842198 Loss2: 0.000036 
| Global Round : 15 | Client :7 | Local Epoch : 1 | [64/665 (10%)]	Loss1: 5.843245 Loss2: 0.000031 
| Global Round : 15 | Client :7 | Local Epoch : 2 | [64/665 (10%)]	Loss1: 5.842223 Loss2: 0.000032 
| Global Round : 15 | Client :7 | Local Epoch : 3 | [64/665 (10%)]	Loss1: 5.843426 Loss2: 0.000026 
| Global Round : 15 | Client :7 | Local Epoch : 4 | [64/665 (10%)]	Loss1: 5.842082 Loss2: 0.000028 
| Global Round : 15 | Client :8 | Local Epoch : 0 | [64/561 (12%)]	Loss1: 5.844021 Loss2: 0.000030 
| Global Round : 15 | Client :8 | Local Epoch : 1 | [64/561 (12%)]	Loss1: 5.841878 Loss2: 0.000030 
| Global Round : 15 | Client :8 | Local Epoch : 2 | [64/561 (12%)]	Loss1: 5.842508 Loss2: 0.000037 
| Global Round : 15 | Client :8 | Local Epoch : 3 | [64/561 (12%)]	Loss1: 5.842726 Loss2: 0.000026 
| Global Round : 15 | Client :8 | Local Epoch : 4 | [64/561 (12%)]	Loss1: 5.843082 Loss2: 0.000030 
| Global Round : 15 | Client :9 | Local Epoch : 0 | [64/811 (8%)]	Loss1: 5.841423 Loss2: 0.000024 
| Global Round : 15 | Client :9 | Local Epoch : 0 | [704/811 (92%)]	Loss1: 5.841911 Loss2: 0.000034 
| Global Round : 15 | Client :9 | Local Epoch : 1 | [64/811 (8%)]	Loss1: 5.842744 Loss2: 0.000020 
| Global Round : 15 | Client :9 | Local Epoch : 1 | [704/811 (92%)]	Loss1: 5.840843 Loss2: 0.000036 
| Global Round : 15 | Client :9 | Local Epoch : 2 | [64/811 (8%)]	Loss1: 5.842178 Loss2: 0.000025 
| Global Round : 15 | Client :9 | Local Epoch : 2 | [704/811 (92%)]	Loss1: 5.843138 Loss2: 0.000038 
| Global Round : 15 | Client :9 | Local Epoch : 3 | [64/811 (8%)]	Loss1: 5.841674 Loss2: 0.000025 
| Global Round : 15 | Client :9 | Local Epoch : 3 | [704/811 (92%)]	Loss1: 5.841535 Loss2: 0.000035 
| Global Round : 15 | Client :9 | Local Epoch : 4 | [64/811 (8%)]	Loss1: 5.841269 Loss2: 0.000022 
| Global Round : 15 | Client :9 | Local Epoch : 4 | [704/811 (92%)]	Loss1: 5.841430 Loss2: 0.000030 
average loss:   5.840045885453149
average local test accuracy: 0.862109375
average global test accuracy:  0.5408854166666667

 | Global Training Round : 16 |

xi_k [0.49044427 0.4806323  0.51403581 0.50725594 0.46930721 0.48931907
 0.47771606 0.51283235 0.48640818 0.50450052]
max_exp: -1.0
coe: 10
Regulation [0.8 0.8 0.8 0.8 0.8 0.8 0.8 0.8 0.8 0.8]
Solver status: optimal_inaccurate
b_new: [1. 1. 1. 1. 1. 1. 1. 1. 1. 1.]
Iter 0: obj=48.9245, best_obj=48.9245, ||b_new-b_prev||₂=2.846050
xi_k [0.49044427 0.4806323  0.51403581 0.50725594 0.46930721 0.48931907
 0.47771606 0.51283235 0.48640818 0.50450052]
max_exp: -1.0
coe: 10
Regulation [-1. -1. -1. -1. -1. -1. -1. -1. -1. -1.]
Solver status: optimal_inaccurate
b_new: [1. 1. 1. 1. 1. 1. 1. 1. 1. 1.]
Iter 1: obj=49.8245, best_obj=49.8245, ||b_new-b_prev||₂=0.000000
Converged.
Final b: [1. 1. 1. 1. 1. 1. 1. 1. 1. 1.]
<class 'numpy.ndarray'>
b_float: [1. 1. 1. 1. 1. 1. 1. 1. 1. 1.]
b: [1 1 1 1 1 1 1 1 1 1]
active_clients:  [0, 1, 2, 3, 4, 5, 6, 7, 8, 9]
Client 0's s_k are:[0 0 0 0 0 0 1 0 0 0]
Client 1's s_k are:[0 0 0 0 0 0 1 0 0 0]
Client 2's s_k are:[0 0 0 0 0 0 0 0 0 1]
Client 3's s_k are:[0 0 1 0 0 0 0 0 0 0]
Client 4's s_k are:[0 0 0 0 0 0 0 1 0 0]
Client 5's s_k are:[0 0 0 1 0 0 0 0 0 0]
Client 6's s_k are:[1 0 0 0 0 0 0 0 0 0]
Client 7's s_k are:[0 0 0 0 0 0 1 0 0 0]
Client 8's s_k are:[0 0 0 0 0 0 0 0 0 1]
Client 9's s_k are:[0 0 1 0 0 0 0 0 0 0]
| Global Round : 16 | Client :0 | Local Epoch : 0 | [64/626 (11%)]	Loss1: 5.843238 Loss2: 0.000027 
| Global Round : 16 | Client :0 | Local Epoch : 1 | [64/626 (11%)]	Loss1: 5.842088 Loss2: 0.000026 
| Global Round : 16 | Client :0 | Local Epoch : 2 | [64/626 (11%)]	Loss1: 5.844123 Loss2: 0.000026 
| Global Round : 16 | Client :0 | Local Epoch : 3 | [64/626 (11%)]	Loss1: 5.842685 Loss2: 0.000026 
| Global Round : 16 | Client :0 | Local Epoch : 4 | [64/626 (11%)]	Loss1: 5.843224 Loss2: 0.000031 
| Global Round : 16 | Client :1 | Local Epoch : 0 | [64/497 (14%)]	Loss1: 5.843891 Loss2: 0.000035 
| Global Round : 16 | Client :1 | Local Epoch : 1 | [64/497 (14%)]	Loss1: 5.845224 Loss2: 0.000044 
| Global Round : 16 | Client :1 | Local Epoch : 2 | [64/497 (14%)]	Loss1: 5.844506 Loss2: 0.000036 
| Global Round : 16 | Client :1 | Local Epoch : 3 | [64/497 (14%)]	Loss1: 5.843391 Loss2: 0.000041 
| Global Round : 16 | Client :1 | Local Epoch : 4 | [64/497 (14%)]	Loss1: 5.843031 Loss2: 0.000042 
| Global Round : 16 | Client :2 | Local Epoch : 0 | [64/597 (11%)]	Loss1: 5.841461 Loss2: 0.000019 
| Global Round : 16 | Client :2 | Local Epoch : 1 | [64/597 (11%)]	Loss1: 5.841695 Loss2: 0.000021 
| Global Round : 16 | Client :2 | Local Epoch : 2 | [64/597 (11%)]	Loss1: 5.841535 Loss2: 0.000023 
| Global Round : 16 | Client :2 | Local Epoch : 3 | [64/597 (11%)]	Loss1: 5.841157 Loss2: 0.000025 
| Global Round : 16 | Client :2 | Local Epoch : 4 | [64/597 (11%)]	Loss1: 5.840542 Loss2: 0.000024 
| Global Round : 16 | Client :3 | Local Epoch : 0 | [64/605 (11%)]	Loss1: 5.841165 Loss2: 0.000030 
| Global Round : 16 | Client :3 | Local Epoch : 1 | [64/605 (11%)]	Loss1: 5.842481 Loss2: 0.000034 
| Global Round : 16 | Client :3 | Local Epoch : 2 | [64/605 (11%)]	Loss1: 5.841529 Loss2: 0.000031 
| Global Round : 16 | Client :3 | Local Epoch : 3 | [64/605 (11%)]	Loss1: 5.842243 Loss2: 0.000029 
| Global Round : 16 | Client :3 | Local Epoch : 4 | [64/605 (11%)]	Loss1: 5.842334 Loss2: 0.000031 
| Global Round : 16 | Client :4 | Local Epoch : 0 | [64/436 (17%)]	Loss1: 5.842491 Loss2: 0.000051 
| Global Round : 16 | Client :4 | Local Epoch : 1 | [64/436 (17%)]	Loss1: 5.841798 Loss2: 0.000052 
| Global Round : 16 | Client :4 | Local Epoch : 2 | [64/436 (17%)]	Loss1: 5.842351 Loss2: 0.000051 
| Global Round : 16 | Client :4 | Local Epoch : 3 | [64/436 (17%)]	Loss1: 5.841474 Loss2: 0.000051 
| Global Round : 16 | Client :4 | Local Epoch : 4 | [64/436 (17%)]	Loss1: 5.840378 Loss2: 0.000047 
| Global Round : 16 | Client :5 | Local Epoch : 0 | [64/627 (11%)]	Loss1: 5.840182 Loss2: 0.000035 
| Global Round : 16 | Client :5 | Local Epoch : 1 | [64/627 (11%)]	Loss1: 5.840324 Loss2: 0.000032 
| Global Round : 16 | Client :5 | Local Epoch : 2 | [64/627 (11%)]	Loss1: 5.840793 Loss2: 0.000028 
| Global Round : 16 | Client :5 | Local Epoch : 3 | [64/627 (11%)]	Loss1: 5.840568 Loss2: 0.000031 
| Global Round : 16 | Client :5 | Local Epoch : 4 | [64/627 (11%)]	Loss1: 5.840715 Loss2: 0.000032 
| Global Round : 16 | Client :6 | Local Epoch : 0 | [64/571 (12%)]	Loss1: 5.841327 Loss2: 0.000026 
| Global Round : 16 | Client :6 | Local Epoch : 1 | [64/571 (12%)]	Loss1: 5.842335 Loss2: 0.000027 
| Global Round : 16 | Client :6 | Local Epoch : 2 | [64/571 (12%)]	Loss1: 5.840868 Loss2: 0.000029 
| Global Round : 16 | Client :6 | Local Epoch : 3 | [64/571 (12%)]	Loss1: 5.841992 Loss2: 0.000030 
| Global Round : 16 | Client :6 | Local Epoch : 4 | [64/571 (12%)]	Loss1: 5.841049 Loss2: 0.000025 
| Global Round : 16 | Client :7 | Local Epoch : 0 | [64/665 (10%)]	Loss1: 5.841799 Loss2: 0.000032 
| Global Round : 16 | Client :7 | Local Epoch : 1 | [64/665 (10%)]	Loss1: 5.841611 Loss2: 0.000030 
| Global Round : 16 | Client :7 | Local Epoch : 2 | [64/665 (10%)]	Loss1: 5.841311 Loss2: 0.000030 
| Global Round : 16 | Client :7 | Local Epoch : 3 | [64/665 (10%)]	Loss1: 5.844272 Loss2: 0.000028 
| Global Round : 16 | Client :7 | Local Epoch : 4 | [64/665 (10%)]	Loss1: 5.842675 Loss2: 0.000025 
| Global Round : 16 | Client :8 | Local Epoch : 0 | [64/561 (12%)]	Loss1: 5.842249 Loss2: 0.000032 
| Global Round : 16 | Client :8 | Local Epoch : 1 | [64/561 (12%)]	Loss1: 5.843469 Loss2: 0.000032 
| Global Round : 16 | Client :8 | Local Epoch : 2 | [64/561 (12%)]	Loss1: 5.843413 Loss2: 0.000035 
| Global Round : 16 | Client :8 | Local Epoch : 3 | [64/561 (12%)]	Loss1: 5.841280 Loss2: 0.000034 
| Global Round : 16 | Client :8 | Local Epoch : 4 | [64/561 (12%)]	Loss1: 5.843044 Loss2: 0.000030 
| Global Round : 16 | Client :9 | Local Epoch : 0 | [64/811 (8%)]	Loss1: 5.841488 Loss2: 0.000023 
| Global Round : 16 | Client :9 | Local Epoch : 0 | [704/811 (92%)]	Loss1: 5.842347 Loss2: 0.000037 
| Global Round : 16 | Client :9 | Local Epoch : 1 | [64/811 (8%)]	Loss1: 5.841718 Loss2: 0.000029 
| Global Round : 16 | Client :9 | Local Epoch : 1 | [704/811 (92%)]	Loss1: 5.841185 Loss2: 0.000037 
| Global Round : 16 | Client :9 | Local Epoch : 2 | [64/811 (8%)]	Loss1: 5.841362 Loss2: 0.000025 
| Global Round : 16 | Client :9 | Local Epoch : 2 | [704/811 (92%)]	Loss1: 5.842505 Loss2: 0.000033 
| Global Round : 16 | Client :9 | Local Epoch : 3 | [64/811 (8%)]	Loss1: 5.840782 Loss2: 0.000023 
| Global Round : 16 | Client :9 | Local Epoch : 3 | [704/811 (92%)]	Loss1: 5.841154 Loss2: 0.000037 
| Global Round : 16 | Client :9 | Local Epoch : 4 | [64/811 (8%)]	Loss1: 5.841482 Loss2: 0.000027 
| Global Round : 16 | Client :9 | Local Epoch : 4 | [704/811 (92%)]	Loss1: 5.841179 Loss2: 0.000028 
average loss:   5.839917309492354
average local test accuracy: 0.8661458333333334
average global test accuracy:  0.617578125

 | Global Training Round : 17 |

xi_k [0.49039258 0.48063158 0.51403421 0.50726782 0.46928078 0.48930285
 0.47770682 0.51285567 0.48636591 0.50450334]
max_exp: -1.0
coe: 10
Regulation [0.8 0.8 0.8 0.8 0.8 0.8 0.8 0.8 0.8 0.8]
Solver status: optimal_inaccurate
b_new: [1. 1. 1. 1. 1. 1. 1. 1. 1. 1.]
Iter 0: obj=48.9234, best_obj=48.9234, ||b_new-b_prev||₂=2.846050
xi_k [0.49039258 0.48063158 0.51403421 0.50726782 0.46928078 0.48930285
 0.47770682 0.51285567 0.48636591 0.50450334]
max_exp: -1.0
coe: 10
Regulation [-1. -1. -1. -1. -1. -1. -1. -1. -1. -1.]
Solver status: optimal_inaccurate
b_new: [1. 1. 1. 1. 1. 1. 1. 1. 1. 1.]
Iter 1: obj=49.8234, best_obj=49.8234, ||b_new-b_prev||₂=0.000000
Converged.
Final b: [1. 1. 1. 1. 1. 1. 1. 1. 1. 1.]
<class 'numpy.ndarray'>
b_float: [1. 1. 1. 1. 1. 1. 1. 1. 1. 1.]
b: [1 1 1 1 1 1 1 1 1 1]
active_clients:  [0, 1, 2, 3, 4, 5, 6, 7, 8, 9]
Client 0's s_k are:[0 0 0 0 0 0 1 0 0 0]
Client 1's s_k are:[0 0 0 0 0 0 1 0 0 0]
Client 2's s_k are:[0 0 0 0 0 0 0 0 0 1]
Client 3's s_k are:[0 0 1 0 0 0 0 0 0 0]
Client 4's s_k are:[0 0 0 0 0 0 0 1 0 0]
Client 5's s_k are:[0 0 0 1 0 0 0 0 0 0]
Client 6's s_k are:[1 0 0 0 0 0 0 0 0 0]
Client 7's s_k are:[0 0 0 0 0 0 1 0 0 0]
Client 8's s_k are:[0 0 0 0 0 0 0 0 0 1]
Client 9's s_k are:[0 0 1 0 0 0 0 0 0 0]
| Global Round : 17 | Client :0 | Local Epoch : 0 | [64/626 (11%)]	Loss1: 5.843909 Loss2: 0.000024 
| Global Round : 17 | Client :0 | Local Epoch : 1 | [64/626 (11%)]	Loss1: 5.843640 Loss2: 0.000028 
| Global Round : 17 | Client :0 | Local Epoch : 2 | [64/626 (11%)]	Loss1: 5.844308 Loss2: 0.000028 
| Global Round : 17 | Client :0 | Local Epoch : 3 | [64/626 (11%)]	Loss1: 5.844458 Loss2: 0.000027 
| Global Round : 17 | Client :0 | Local Epoch : 4 | [64/626 (11%)]	Loss1: 5.842937 Loss2: 0.000026 
| Global Round : 17 | Client :1 | Local Epoch : 0 | [64/497 (14%)]	Loss1: 5.843181 Loss2: 0.000038 
| Global Round : 17 | Client :1 | Local Epoch : 1 | [64/497 (14%)]	Loss1: 5.844422 Loss2: 0.000047 
| Global Round : 17 | Client :1 | Local Epoch : 2 | [64/497 (14%)]	Loss1: 5.843882 Loss2: 0.000046 
| Global Round : 17 | Client :1 | Local Epoch : 3 | [64/497 (14%)]	Loss1: 5.843456 Loss2: 0.000040 
| Global Round : 17 | Client :1 | Local Epoch : 4 | [64/497 (14%)]	Loss1: 5.843900 Loss2: 0.000045 
| Global Round : 17 | Client :2 | Local Epoch : 0 | [64/597 (11%)]	Loss1: 5.840363 Loss2: 0.000022 
| Global Round : 17 | Client :2 | Local Epoch : 1 | [64/597 (11%)]	Loss1: 5.841261 Loss2: 0.000024 
| Global Round : 17 | Client :2 | Local Epoch : 2 | [64/597 (11%)]	Loss1: 5.840953 Loss2: 0.000025 
| Global Round : 17 | Client :2 | Local Epoch : 3 | [64/597 (11%)]	Loss1: 5.840993 Loss2: 0.000024 
| Global Round : 17 | Client :2 | Local Epoch : 4 | [64/597 (11%)]	Loss1: 5.840797 Loss2: 0.000023 
| Global Round : 17 | Client :3 | Local Epoch : 0 | [64/605 (11%)]	Loss1: 5.842447 Loss2: 0.000031 
| Global Round : 17 | Client :3 | Local Epoch : 1 | [64/605 (11%)]	Loss1: 5.841373 Loss2: 0.000034 
| Global Round : 17 | Client :3 | Local Epoch : 2 | [64/605 (11%)]	Loss1: 5.843195 Loss2: 0.000028 
| Global Round : 17 | Client :3 | Local Epoch : 3 | [64/605 (11%)]	Loss1: 5.840578 Loss2: 0.000035 
| Global Round : 17 | Client :3 | Local Epoch : 4 | [64/605 (11%)]	Loss1: 5.840378 Loss2: 0.000031 
| Global Round : 17 | Client :4 | Local Epoch : 0 | [64/436 (17%)]	Loss1: 5.841337 Loss2: 0.000048 
| Global Round : 17 | Client :4 | Local Epoch : 1 | [64/436 (17%)]	Loss1: 5.840642 Loss2: 0.000045 
| Global Round : 17 | Client :4 | Local Epoch : 2 | [64/436 (17%)]	Loss1: 5.841383 Loss2: 0.000051 
| Global Round : 17 | Client :4 | Local Epoch : 3 | [64/436 (17%)]	Loss1: 5.840425 Loss2: 0.000050 
| Global Round : 17 | Client :4 | Local Epoch : 4 | [64/436 (17%)]	Loss1: 5.840857 Loss2: 0.000046 
| Global Round : 17 | Client :5 | Local Epoch : 0 | [64/627 (11%)]	Loss1: 5.840863 Loss2: 0.000031 
| Global Round : 17 | Client :5 | Local Epoch : 1 | [64/627 (11%)]	Loss1: 5.840078 Loss2: 0.000031 
| Global Round : 17 | Client :5 | Local Epoch : 2 | [64/627 (11%)]	Loss1: 5.839689 Loss2: 0.000032 
| Global Round : 17 | Client :5 | Local Epoch : 3 | [64/627 (11%)]	Loss1: 5.840732 Loss2: 0.000030 
| Global Round : 17 | Client :5 | Local Epoch : 4 | [64/627 (11%)]	Loss1: 5.841451 Loss2: 0.000033 
| Global Round : 17 | Client :6 | Local Epoch : 0 | [64/571 (12%)]	Loss1: 5.841440 Loss2: 0.000027 
| Global Round : 17 | Client :6 | Local Epoch : 1 | [64/571 (12%)]	Loss1: 5.840819 Loss2: 0.000027 
| Global Round : 17 | Client :6 | Local Epoch : 2 | [64/571 (12%)]	Loss1: 5.840676 Loss2: 0.000029 
| Global Round : 17 | Client :6 | Local Epoch : 3 | [64/571 (12%)]	Loss1: 5.841664 Loss2: 0.000026 
| Global Round : 17 | Client :6 | Local Epoch : 4 | [64/571 (12%)]	Loss1: 5.842170 Loss2: 0.000026 
| Global Round : 17 | Client :7 | Local Epoch : 0 | [64/665 (10%)]	Loss1: 5.841409 Loss2: 0.000029 
| Global Round : 17 | Client :7 | Local Epoch : 1 | [64/665 (10%)]	Loss1: 5.841755 Loss2: 0.000025 
| Global Round : 17 | Client :7 | Local Epoch : 2 | [64/665 (10%)]	Loss1: 5.842025 Loss2: 0.000030 
| Global Round : 17 | Client :7 | Local Epoch : 3 | [64/665 (10%)]	Loss1: 5.840664 Loss2: 0.000027 
| Global Round : 17 | Client :7 | Local Epoch : 4 | [64/665 (10%)]	Loss1: 5.843221 Loss2: 0.000035 
| Global Round : 17 | Client :8 | Local Epoch : 0 | [64/561 (12%)]	Loss1: 5.841847 Loss2: 0.000033 
| Global Round : 17 | Client :8 | Local Epoch : 1 | [64/561 (12%)]	Loss1: 5.842505 Loss2: 0.000032 
| Global Round : 17 | Client :8 | Local Epoch : 2 | [64/561 (12%)]	Loss1: 5.842901 Loss2: 0.000031 
| Global Round : 17 | Client :8 | Local Epoch : 3 | [64/561 (12%)]	Loss1: 5.843112 Loss2: 0.000030 
| Global Round : 17 | Client :8 | Local Epoch : 4 | [64/561 (12%)]	Loss1: 5.842501 Loss2: 0.000030 
| Global Round : 17 | Client :9 | Local Epoch : 0 | [64/811 (8%)]	Loss1: 5.841895 Loss2: 0.000019 
| Global Round : 17 | Client :9 | Local Epoch : 0 | [704/811 (92%)]	Loss1: 5.841525 Loss2: 0.000036 
| Global Round : 17 | Client :9 | Local Epoch : 1 | [64/811 (8%)]	Loss1: 5.841839 Loss2: 0.000027 
| Global Round : 17 | Client :9 | Local Epoch : 1 | [704/811 (92%)]	Loss1: 5.841896 Loss2: 0.000033 
| Global Round : 17 | Client :9 | Local Epoch : 2 | [64/811 (8%)]	Loss1: 5.842549 Loss2: 0.000027 
| Global Round : 17 | Client :9 | Local Epoch : 2 | [704/811 (92%)]	Loss1: 5.841588 Loss2: 0.000030 
| Global Round : 17 | Client :9 | Local Epoch : 3 | [64/811 (8%)]	Loss1: 5.841995 Loss2: 0.000025 
| Global Round : 17 | Client :9 | Local Epoch : 3 | [704/811 (92%)]	Loss1: 5.840680 Loss2: 0.000036 
| Global Round : 17 | Client :9 | Local Epoch : 4 | [64/811 (8%)]	Loss1: 5.839944 Loss2: 0.000020 
| Global Round : 17 | Client :9 | Local Epoch : 4 | [704/811 (92%)]	Loss1: 5.840636 Loss2: 0.000034 
average loss:   5.839746403713074
average local test accuracy: 0.8623697916666666
average global test accuracy:  0.5563802083333333

 | Global Training Round : 18 |

xi_k [0.49039526 0.48057064 0.51399228 0.50724519 0.46927361 0.48930665
 0.4776411  0.51283911 0.48634251 0.50445744]
max_exp: -1.0
coe: 10
Regulation [0.8 0.8 0.8 0.8 0.8 0.8 0.8 0.8 0.8 0.8]
Solver status: optimal_inaccurate
b_new: [1. 1. 1. 1. 1. 1. 1. 1. 1. 1.]
Iter 0: obj=48.9206, best_obj=48.9206, ||b_new-b_prev||₂=2.846050
xi_k [0.49039526 0.48057064 0.51399228 0.50724519 0.46927361 0.48930665
 0.4776411  0.51283911 0.48634251 0.50445744]
max_exp: -1.0
coe: 10
Regulation [-1. -1. -1. -1. -1. -1. -1. -1. -1. -1.]
Solver status: optimal_inaccurate
b_new: [1. 1. 1. 1. 1. 1. 1. 1. 1. 1.]
Iter 1: obj=49.8206, best_obj=49.8206, ||b_new-b_prev||₂=0.000000
Converged.
Final b: [1. 1. 1. 1. 1. 1. 1. 1. 1. 1.]
<class 'numpy.ndarray'>
b_float: [1. 1. 1. 1. 1. 1. 1. 1. 1. 1.]
b: [1 1 1 1 1 1 1 1 1 1]
active_clients:  [0, 1, 2, 3, 4, 5, 6, 7, 8, 9]
Client 0's s_k are:[0 0 0 0 0 0 1 0 0 0]
Client 1's s_k are:[0 0 0 0 0 0 1 0 0 0]
Client 2's s_k are:[0 0 0 0 0 0 0 0 0 1]
Client 3's s_k are:[0 0 1 0 0 0 0 0 0 0]
Client 4's s_k are:[0 0 0 0 0 0 0 1 0 0]
Client 5's s_k are:[0 0 0 1 0 0 0 0 0 0]
Client 6's s_k are:[1 0 0 0 0 0 0 0 0 0]
Client 7's s_k are:[0 0 0 0 0 0 1 0 0 0]
Client 8's s_k are:[0 0 0 0 0 0 0 0 0 1]
Client 9's s_k are:[0 0 1 0 0 0 0 0 0 0]
| Global Round : 18 | Client :0 | Local Epoch : 0 | [64/626 (11%)]	Loss1: 5.843193 Loss2: 0.000026 
| Global Round : 18 | Client :0 | Local Epoch : 1 | [64/626 (11%)]	Loss1: 5.842546 Loss2: 0.000028 
| Global Round : 18 | Client :0 | Local Epoch : 2 | [64/626 (11%)]	Loss1: 5.842300 Loss2: 0.000033 
| Global Round : 18 | Client :0 | Local Epoch : 3 | [64/626 (11%)]	Loss1: 5.843382 Loss2: 0.000030 
| Global Round : 18 | Client :0 | Local Epoch : 4 | [64/626 (11%)]	Loss1: 5.843444 Loss2: 0.000027 
| Global Round : 18 | Client :1 | Local Epoch : 0 | [64/497 (14%)]	Loss1: 5.844715 Loss2: 0.000042 
| Global Round : 18 | Client :1 | Local Epoch : 1 | [64/497 (14%)]	Loss1: 5.843069 Loss2: 0.000043 
| Global Round : 18 | Client :1 | Local Epoch : 2 | [64/497 (14%)]	Loss1: 5.843938 Loss2: 0.000040 
| Global Round : 18 | Client :1 | Local Epoch : 3 | [64/497 (14%)]	Loss1: 5.843954 Loss2: 0.000037 
| Global Round : 18 | Client :1 | Local Epoch : 4 | [64/497 (14%)]	Loss1: 5.843446 Loss2: 0.000037 
| Global Round : 18 | Client :2 | Local Epoch : 0 | [64/597 (11%)]	Loss1: 5.840459 Loss2: 0.000027 
| Global Round : 18 | Client :2 | Local Epoch : 1 | [64/597 (11%)]	Loss1: 5.840791 Loss2: 0.000025 
| Global Round : 18 | Client :2 | Local Epoch : 2 | [64/597 (11%)]	Loss1: 5.840588 Loss2: 0.000026 
| Global Round : 18 | Client :2 | Local Epoch : 3 | [64/597 (11%)]	Loss1: 5.841352 Loss2: 0.000026 
| Global Round : 18 | Client :2 | Local Epoch : 4 | [64/597 (11%)]	Loss1: 5.841234 Loss2: 0.000024 
| Global Round : 18 | Client :3 | Local Epoch : 0 | [64/605 (11%)]	Loss1: 5.841177 Loss2: 0.000034 
| Global Round : 18 | Client :3 | Local Epoch : 1 | [64/605 (11%)]	Loss1: 5.841603 Loss2: 0.000033 
| Global Round : 18 | Client :3 | Local Epoch : 2 | [64/605 (11%)]	Loss1: 5.842008 Loss2: 0.000034 
| Global Round : 18 | Client :3 | Local Epoch : 3 | [64/605 (11%)]	Loss1: 5.841026 Loss2: 0.000030 
| Global Round : 18 | Client :3 | Local Epoch : 4 | [64/605 (11%)]	Loss1: 5.841697 Loss2: 0.000041 
| Global Round : 18 | Client :4 | Local Epoch : 0 | [64/436 (17%)]	Loss1: 5.842280 Loss2: 0.000043 
| Global Round : 18 | Client :4 | Local Epoch : 1 | [64/436 (17%)]	Loss1: 5.842250 Loss2: 0.000048 
| Global Round : 18 | Client :4 | Local Epoch : 2 | [64/436 (17%)]	Loss1: 5.843191 Loss2: 0.000045 
| Global Round : 18 | Client :4 | Local Epoch : 3 | [64/436 (17%)]	Loss1: 5.840672 Loss2: 0.000048 
| Global Round : 18 | Client :4 | Local Epoch : 4 | [64/436 (17%)]	Loss1: 5.840962 Loss2: 0.000042 
| Global Round : 18 | Client :5 | Local Epoch : 0 | [64/627 (11%)]	Loss1: 5.840253 Loss2: 0.000035 
| Global Round : 18 | Client :5 | Local Epoch : 1 | [64/627 (11%)]	Loss1: 5.840827 Loss2: 0.000036 
| Global Round : 18 | Client :5 | Local Epoch : 2 | [64/627 (11%)]	Loss1: 5.839426 Loss2: 0.000032 
| Global Round : 18 | Client :5 | Local Epoch : 3 | [64/627 (11%)]	Loss1: 5.840448 Loss2: 0.000034 
| Global Round : 18 | Client :5 | Local Epoch : 4 | [64/627 (11%)]	Loss1: 5.840374 Loss2: 0.000033 
| Global Round : 18 | Client :6 | Local Epoch : 0 | [64/571 (12%)]	Loss1: 5.840400 Loss2: 0.000028 
| Global Round : 18 | Client :6 | Local Epoch : 1 | [64/571 (12%)]	Loss1: 5.842637 Loss2: 0.000028 
| Global Round : 18 | Client :6 | Local Epoch : 2 | [64/571 (12%)]	Loss1: 5.840890 Loss2: 0.000029 
| Global Round : 18 | Client :6 | Local Epoch : 3 | [64/571 (12%)]	Loss1: 5.840210 Loss2: 0.000028 
| Global Round : 18 | Client :6 | Local Epoch : 4 | [64/571 (12%)]	Loss1: 5.841229 Loss2: 0.000027 
| Global Round : 18 | Client :7 | Local Epoch : 0 | [64/665 (10%)]	Loss1: 5.842999 Loss2: 0.000024 
| Global Round : 18 | Client :7 | Local Epoch : 1 | [64/665 (10%)]	Loss1: 5.840925 Loss2: 0.000030 
| Global Round : 18 | Client :7 | Local Epoch : 2 | [64/665 (10%)]	Loss1: 5.840573 Loss2: 0.000025 
| Global Round : 18 | Client :7 | Local Epoch : 3 | [64/665 (10%)]	Loss1: 5.841575 Loss2: 0.000028 
| Global Round : 18 | Client :7 | Local Epoch : 4 | [64/665 (10%)]	Loss1: 5.841836 Loss2: 0.000022 
| Global Round : 18 | Client :8 | Local Epoch : 0 | [64/561 (12%)]	Loss1: 5.841331 Loss2: 0.000031 
| Global Round : 18 | Client :8 | Local Epoch : 1 | [64/561 (12%)]	Loss1: 5.841520 Loss2: 0.000033 
| Global Round : 18 | Client :8 | Local Epoch : 2 | [64/561 (12%)]	Loss1: 5.843766 Loss2: 0.000032 
| Global Round : 18 | Client :8 | Local Epoch : 3 | [64/561 (12%)]	Loss1: 5.842782 Loss2: 0.000030 
| Global Round : 18 | Client :8 | Local Epoch : 4 | [64/561 (12%)]	Loss1: 5.840898 Loss2: 0.000033 
| Global Round : 18 | Client :9 | Local Epoch : 0 | [64/811 (8%)]	Loss1: 5.840452 Loss2: 0.000018 
| Global Round : 18 | Client :9 | Local Epoch : 0 | [704/811 (92%)]	Loss1: 5.841608 Loss2: 0.000028 
| Global Round : 18 | Client :9 | Local Epoch : 1 | [64/811 (8%)]	Loss1: 5.840534 Loss2: 0.000025 
| Global Round : 18 | Client :9 | Local Epoch : 1 | [704/811 (92%)]	Loss1: 5.841098 Loss2: 0.000037 
| Global Round : 18 | Client :9 | Local Epoch : 2 | [64/811 (8%)]	Loss1: 5.840657 Loss2: 0.000022 
| Global Round : 18 | Client :9 | Local Epoch : 2 | [704/811 (92%)]	Loss1: 5.841796 Loss2: 0.000031 
| Global Round : 18 | Client :9 | Local Epoch : 3 | [64/811 (8%)]	Loss1: 5.840799 Loss2: 0.000026 
| Global Round : 18 | Client :9 | Local Epoch : 3 | [704/811 (92%)]	Loss1: 5.841045 Loss2: 0.000028 
| Global Round : 18 | Client :9 | Local Epoch : 4 | [64/811 (8%)]	Loss1: 5.841247 Loss2: 0.000023 
| Global Round : 18 | Client :9 | Local Epoch : 4 | [704/811 (92%)]	Loss1: 5.841337 Loss2: 0.000037 
average loss:   5.83959819271451
average local test accuracy: 0.8578125
average global test accuracy:  0.5475260416666667

 | Global Training Round : 19 |

xi_k [0.49032403 0.48048828 0.51398471 0.50721372 0.46927488 0.48930805
 0.47764635 0.51275733 0.4862881  0.50444204]
max_exp: -1.0
coe: 10
Regulation [0.8 0.8 0.8 0.8 0.8 0.8 0.8 0.8 0.8 0.8]
Solver status: optimal_inaccurate
b_new: [1. 1. 1. 1. 1. 1. 1. 1. 1. 1.]
Iter 0: obj=48.9173, best_obj=48.9173, ||b_new-b_prev||₂=2.846050
xi_k [0.49032403 0.48048828 0.51398471 0.50721372 0.46927488 0.48930805
 0.47764635 0.51275733 0.4862881  0.50444204]
max_exp: -1.0
coe: 10
Regulation [-1. -1. -1. -1. -1. -1. -1. -1. -1. -1.]
Solver status: optimal_inaccurate
b_new: [1. 1. 1. 1. 1. 1. 1. 1. 1. 1.]
Iter 1: obj=49.8173, best_obj=49.8173, ||b_new-b_prev||₂=0.000000
Converged.
Final b: [1. 1. 1. 1. 1. 1. 1. 1. 1. 1.]
<class 'numpy.ndarray'>
b_float: [1. 1. 1. 1. 1. 1. 1. 1. 1. 1.]
b: [1 1 1 1 1 1 1 1 1 1]
active_clients:  [0, 1, 2, 3, 4, 5, 6, 7, 8, 9]
Client 0's s_k are:[0 0 0 0 0 0 1 0 0 0]
Client 1's s_k are:[0 0 0 0 0 0 1 0 0 0]
Client 2's s_k are:[0 0 0 0 0 0 0 0 0 1]
Client 3's s_k are:[0 0 0 0 0 0 1 0 0 0]
Client 4's s_k are:[0 0 0 0 0 0 0 1 0 0]
Client 5's s_k are:[0 0 0 1 0 0 0 0 0 0]
Client 6's s_k are:[1 0 0 0 0 0 0 0 0 0]
Client 7's s_k are:[0 0 0 0 0 0 1 0 0 0]
Client 8's s_k are:[0 0 0 0 0 0 0 0 0 1]
Client 9's s_k are:[0 0 1 0 0 0 0 0 0 0]
| Global Round : 19 | Client :0 | Local Epoch : 0 | [64/626 (11%)]	Loss1: 5.842150 Loss2: 0.000030 
| Global Round : 19 | Client :0 | Local Epoch : 1 | [64/626 (11%)]	Loss1: 5.845230 Loss2: 0.000029 
| Global Round : 19 | Client :0 | Local Epoch : 2 | [64/626 (11%)]	Loss1: 5.843896 Loss2: 0.000025 
| Global Round : 19 | Client :0 | Local Epoch : 3 | [64/626 (11%)]	Loss1: 5.844383 Loss2: 0.000026 
| Global Round : 19 | Client :0 | Local Epoch : 4 | [64/626 (11%)]	Loss1: 5.842238 Loss2: 0.000023 
| Global Round : 19 | Client :1 | Local Epoch : 0 | [64/497 (14%)]	Loss1: 5.842767 Loss2: 0.000044 
| Global Round : 19 | Client :1 | Local Epoch : 1 | [64/497 (14%)]	Loss1: 5.843624 Loss2: 0.000039 
| Global Round : 19 | Client :1 | Local Epoch : 2 | [64/497 (14%)]	Loss1: 5.843850 Loss2: 0.000046 
| Global Round : 19 | Client :1 | Local Epoch : 3 | [64/497 (14%)]	Loss1: 5.842386 Loss2: 0.000046 
| Global Round : 19 | Client :1 | Local Epoch : 4 | [64/497 (14%)]	Loss1: 5.844293 Loss2: 0.000042 
| Global Round : 19 | Client :2 | Local Epoch : 0 | [64/597 (11%)]	Loss1: 5.841756 Loss2: 0.000025 
| Global Round : 19 | Client :2 | Local Epoch : 1 | [64/597 (11%)]	Loss1: 5.841532 Loss2: 0.000026 
| Global Round : 19 | Client :2 | Local Epoch : 2 | [64/597 (11%)]	Loss1: 5.841823 Loss2: 0.000029 
| Global Round : 19 | Client :2 | Local Epoch : 3 | [64/597 (11%)]	Loss1: 5.842192 Loss2: 0.000025 
| Global Round : 19 | Client :2 | Local Epoch : 4 | [64/597 (11%)]	Loss1: 5.840852 Loss2: 0.000024 
| Global Round : 19 | Client :3 | Local Epoch : 0 | [64/605 (11%)]	Loss1: 5.841104 Loss2: 0.000031 
| Global Round : 19 | Client :3 | Local Epoch : 1 | [64/605 (11%)]	Loss1: 5.841471 Loss2: 0.000032 
| Global Round : 19 | Client :3 | Local Epoch : 2 | [64/605 (11%)]	Loss1: 5.842026 Loss2: 0.000034 
| Global Round : 19 | Client :3 | Local Epoch : 3 | [64/605 (11%)]	Loss1: 5.842218 Loss2: 0.000034 
| Global Round : 19 | Client :3 | Local Epoch : 4 | [64/605 (11%)]	Loss1: 5.841163 Loss2: 0.000037 
| Global Round : 19 | Client :4 | Local Epoch : 0 | [64/436 (17%)]	Loss1: 5.840572 Loss2: 0.000054 
| Global Round : 19 | Client :4 | Local Epoch : 1 | [64/436 (17%)]	Loss1: 5.841710 Loss2: 0.000059 
| Global Round : 19 | Client :4 | Local Epoch : 2 | [64/436 (17%)]	Loss1: 5.841280 Loss2: 0.000050 
| Global Round : 19 | Client :4 | Local Epoch : 3 | [64/436 (17%)]	Loss1: 5.840886 Loss2: 0.000053 
| Global Round : 19 | Client :4 | Local Epoch : 4 | [64/436 (17%)]	Loss1: 5.840229 Loss2: 0.000054 
| Global Round : 19 | Client :5 | Local Epoch : 0 | [64/627 (11%)]	Loss1: 5.840032 Loss2: 0.000032 
| Global Round : 19 | Client :5 | Local Epoch : 1 | [64/627 (11%)]	Loss1: 5.841015 Loss2: 0.000029 
| Global Round : 19 | Client :5 | Local Epoch : 2 | [64/627 (11%)]	Loss1: 5.839269 Loss2: 0.000032 
| Global Round : 19 | Client :5 | Local Epoch : 3 | [64/627 (11%)]	Loss1: 5.840878 Loss2: 0.000031 
| Global Round : 19 | Client :5 | Local Epoch : 4 | [64/627 (11%)]	Loss1: 5.841560 Loss2: 0.000032 
| Global Round : 19 | Client :6 | Local Epoch : 0 | [64/571 (12%)]	Loss1: 5.841014 Loss2: 0.000022 
| Global Round : 19 | Client :6 | Local Epoch : 1 | [64/571 (12%)]	Loss1: 5.840529 Loss2: 0.000025 
| Global Round : 19 | Client :6 | Local Epoch : 2 | [64/571 (12%)]	Loss1: 5.841098 Loss2: 0.000024 
| Global Round : 19 | Client :6 | Local Epoch : 3 | [64/571 (12%)]	Loss1: 5.840794 Loss2: 0.000031 
| Global Round : 19 | Client :6 | Local Epoch : 4 | [64/571 (12%)]	Loss1: 5.839785 Loss2: 0.000024 
| Global Round : 19 | Client :7 | Local Epoch : 0 | [64/665 (10%)]	Loss1: 5.841604 Loss2: 0.000031 
| Global Round : 19 | Client :7 | Local Epoch : 1 | [64/665 (10%)]	Loss1: 5.841357 Loss2: 0.000028 
| Global Round : 19 | Client :7 | Local Epoch : 2 | [64/665 (10%)]	Loss1: 5.841441 Loss2: 0.000031 
| Global Round : 19 | Client :7 | Local Epoch : 3 | [64/665 (10%)]	Loss1: 5.842261 Loss2: 0.000030 
| Global Round : 19 | Client :7 | Local Epoch : 4 | [64/665 (10%)]	Loss1: 5.841493 Loss2: 0.000029 
| Global Round : 19 | Client :8 | Local Epoch : 0 | [64/561 (12%)]	Loss1: 5.842713 Loss2: 0.000035 
| Global Round : 19 | Client :8 | Local Epoch : 1 | [64/561 (12%)]	Loss1: 5.841187 Loss2: 0.000037 
| Global Round : 19 | Client :8 | Local Epoch : 2 | [64/561 (12%)]	Loss1: 5.841141 Loss2: 0.000031 
| Global Round : 19 | Client :8 | Local Epoch : 3 | [64/561 (12%)]	Loss1: 5.841543 Loss2: 0.000033 
| Global Round : 19 | Client :8 | Local Epoch : 4 | [64/561 (12%)]	Loss1: 5.842009 Loss2: 0.000032 
| Global Round : 19 | Client :9 | Local Epoch : 0 | [64/811 (8%)]	Loss1: 5.842155 Loss2: 0.000026 
| Global Round : 19 | Client :9 | Local Epoch : 0 | [704/811 (92%)]	Loss1: 5.841550 Loss2: 0.000030 
| Global Round : 19 | Client :9 | Local Epoch : 1 | [64/811 (8%)]	Loss1: 5.841280 Loss2: 0.000024 
| Global Round : 19 | Client :9 | Local Epoch : 1 | [704/811 (92%)]	Loss1: 5.841331 Loss2: 0.000034 
| Global Round : 19 | Client :9 | Local Epoch : 2 | [64/811 (8%)]	Loss1: 5.839939 Loss2: 0.000024 
| Global Round : 19 | Client :9 | Local Epoch : 2 | [704/811 (92%)]	Loss1: 5.840827 Loss2: 0.000031 
| Global Round : 19 | Client :9 | Local Epoch : 3 | [64/811 (8%)]	Loss1: 5.842515 Loss2: 0.000023 
| Global Round : 19 | Client :9 | Local Epoch : 3 | [704/811 (92%)]	Loss1: 5.839929 Loss2: 0.000028 
| Global Round : 19 | Client :9 | Local Epoch : 4 | [64/811 (8%)]	Loss1: 5.841015 Loss2: 0.000024 
| Global Round : 19 | Client :9 | Local Epoch : 4 | [704/811 (92%)]	Loss1: 5.839453 Loss2: 0.000034 
average loss:   5.839474906524023
average local test accuracy: 0.862109375
average global test accuracy:  0.5697916666666667

 | Global Training Round : 20 |

xi_k [0.49035724 0.48052397 0.51397459 0.50715846 0.46926313 0.48924335
 0.47764442 0.51274037 0.48630537 0.504407  ]
max_exp: -1.0
coe: 10
Regulation [0.8 0.8 0.8 0.8 0.8 0.8 0.8 0.8 0.8 0.8]
Solver status: optimal_inaccurate
b_new: [1. 1. 1. 1. 1. 1. 1. 1. 1. 1.]
Iter 0: obj=48.9162, best_obj=48.9162, ||b_new-b_prev||₂=2.846050
xi_k [0.49035724 0.48052397 0.51397459 0.50715846 0.46926313 0.48924335
 0.47764442 0.51274037 0.48630537 0.504407  ]
max_exp: -1.0
coe: 10
Regulation [-1. -1. -1. -1. -1. -1. -1. -1. -1. -1.]
Solver status: optimal_inaccurate
b_new: [1. 1. 1. 1. 1. 1. 1. 1. 1. 1.]
Iter 1: obj=49.8162, best_obj=49.8162, ||b_new-b_prev||₂=0.000000
Converged.
Final b: [1. 1. 1. 1. 1. 1. 1. 1. 1. 1.]
<class 'numpy.ndarray'>
b_float: [1. 1. 1. 1. 1. 1. 1. 1. 1. 1.]
b: [1 1 1 1 1 1 1 1 1 1]
active_clients:  [0, 1, 2, 3, 4, 5, 6, 7, 8, 9]
Client 0's s_k are:[0 0 0 0 0 0 1 0 0 0]
Client 1's s_k are:[0 0 0 0 0 0 1 0 0 0]
Client 2's s_k are:[0 0 0 0 0 0 0 0 0 1]
Client 3's s_k are:[0 0 1 0 0 0 0 0 0 0]
Client 4's s_k are:[0 0 0 0 0 0 0 1 0 0]
Client 5's s_k are:[0 0 0 1 0 0 0 0 0 0]
Client 6's s_k are:[1 0 0 0 0 0 0 0 0 0]
Client 7's s_k are:[0 0 0 0 0 0 1 0 0 0]
Client 8's s_k are:[0 0 0 0 0 0 0 0 0 1]
Client 9's s_k are:[0 0 1 0 0 0 0 0 0 0]
| Global Round : 20 | Client :0 | Local Epoch : 0 | [64/626 (11%)]	Loss1: 5.842488 Loss2: 0.000027 
| Global Round : 20 | Client :0 | Local Epoch : 1 | [64/626 (11%)]	Loss1: 5.842748 Loss2: 0.000026 
| Global Round : 20 | Client :0 | Local Epoch : 2 | [64/626 (11%)]	Loss1: 5.842806 Loss2: 0.000025 
| Global Round : 20 | Client :0 | Local Epoch : 3 | [64/626 (11%)]	Loss1: 5.842245 Loss2: 0.000029 
| Global Round : 20 | Client :0 | Local Epoch : 4 | [64/626 (11%)]	Loss1: 5.842637 Loss2: 0.000028 
| Global Round : 20 | Client :1 | Local Epoch : 0 | [64/497 (14%)]	Loss1: 5.842919 Loss2: 0.000042 
| Global Round : 20 | Client :1 | Local Epoch : 1 | [64/497 (14%)]	Loss1: 5.844388 Loss2: 0.000042 
| Global Round : 20 | Client :1 | Local Epoch : 2 | [64/497 (14%)]	Loss1: 5.843368 Loss2: 0.000043 
| Global Round : 20 | Client :1 | Local Epoch : 3 | [64/497 (14%)]	Loss1: 5.842826 Loss2: 0.000041 
| Global Round : 20 | Client :1 | Local Epoch : 4 | [64/497 (14%)]	Loss1: 5.844077 Loss2: 0.000041 
| Global Round : 20 | Client :2 | Local Epoch : 0 | [64/597 (11%)]	Loss1: 5.841789 Loss2: 0.000026 
| Global Round : 20 | Client :2 | Local Epoch : 1 | [64/597 (11%)]	Loss1: 5.840902 Loss2: 0.000030 
| Global Round : 20 | Client :2 | Local Epoch : 2 | [64/597 (11%)]	Loss1: 5.841095 Loss2: 0.000023 
| Global Round : 20 | Client :2 | Local Epoch : 3 | [64/597 (11%)]	Loss1: 5.841073 Loss2: 0.000026 
| Global Round : 20 | Client :2 | Local Epoch : 4 | [64/597 (11%)]	Loss1: 5.841233 Loss2: 0.000023 
| Global Round : 20 | Client :3 | Local Epoch : 0 | [64/605 (11%)]	Loss1: 5.841949 Loss2: 0.000033 
| Global Round : 20 | Client :3 | Local Epoch : 1 | [64/605 (11%)]	Loss1: 5.843013 Loss2: 0.000030 
| Global Round : 20 | Client :3 | Local Epoch : 2 | [64/605 (11%)]	Loss1: 5.842032 Loss2: 0.000033 
| Global Round : 20 | Client :3 | Local Epoch : 3 | [64/605 (11%)]	Loss1: 5.842469 Loss2: 0.000033 
| Global Round : 20 | Client :3 | Local Epoch : 4 | [64/605 (11%)]	Loss1: 5.841426 Loss2: 0.000030 
| Global Round : 20 | Client :4 | Local Epoch : 0 | [64/436 (17%)]	Loss1: 5.840640 Loss2: 0.000049 
| Global Round : 20 | Client :4 | Local Epoch : 1 | [64/436 (17%)]	Loss1: 5.841712 Loss2: 0.000046 
| Global Round : 20 | Client :4 | Local Epoch : 2 | [64/436 (17%)]	Loss1: 5.840707 Loss2: 0.000054 
| Global Round : 20 | Client :4 | Local Epoch : 3 | [64/436 (17%)]	Loss1: 5.840646 Loss2: 0.000051 
| Global Round : 20 | Client :4 | Local Epoch : 4 | [64/436 (17%)]	Loss1: 5.841083 Loss2: 0.000050 
| Global Round : 20 | Client :5 | Local Epoch : 0 | [64/627 (11%)]	Loss1: 5.840022 Loss2: 0.000030 
| Global Round : 20 | Client :5 | Local Epoch : 1 | [64/627 (11%)]	Loss1: 5.840808 Loss2: 0.000040 
| Global Round : 20 | Client :5 | Local Epoch : 2 | [64/627 (11%)]	Loss1: 5.841260 Loss2: 0.000036 
| Global Round : 20 | Client :5 | Local Epoch : 3 | [64/627 (11%)]	Loss1: 5.839815 Loss2: 0.000031 
| Global Round : 20 | Client :5 | Local Epoch : 4 | [64/627 (11%)]	Loss1: 5.840372 Loss2: 0.000028 
| Global Round : 20 | Client :6 | Local Epoch : 0 | [64/571 (12%)]	Loss1: 5.841672 Loss2: 0.000025 
| Global Round : 20 | Client :6 | Local Epoch : 1 | [64/571 (12%)]	Loss1: 5.841265 Loss2: 0.000029 
| Global Round : 20 | Client :6 | Local Epoch : 2 | [64/571 (12%)]	Loss1: 5.841345 Loss2: 0.000026 
| Global Round : 20 | Client :6 | Local Epoch : 3 | [64/571 (12%)]	Loss1: 5.840217 Loss2: 0.000025 
| Global Round : 20 | Client :6 | Local Epoch : 4 | [64/571 (12%)]	Loss1: 5.841260 Loss2: 0.000023 
| Global Round : 20 | Client :7 | Local Epoch : 0 | [64/665 (10%)]	Loss1: 5.841413 Loss2: 0.000032 
| Global Round : 20 | Client :7 | Local Epoch : 1 | [64/665 (10%)]	Loss1: 5.842707 Loss2: 0.000029 
| Global Round : 20 | Client :7 | Local Epoch : 2 | [64/665 (10%)]	Loss1: 5.841398 Loss2: 0.000031 
| Global Round : 20 | Client :7 | Local Epoch : 3 | [64/665 (10%)]	Loss1: 5.841490 Loss2: 0.000029 
| Global Round : 20 | Client :7 | Local Epoch : 4 | [64/665 (10%)]	Loss1: 5.841683 Loss2: 0.000033 
| Global Round : 20 | Client :8 | Local Epoch : 0 | [64/561 (12%)]	Loss1: 5.842675 Loss2: 0.000035 
| Global Round : 20 | Client :8 | Local Epoch : 1 | [64/561 (12%)]	Loss1: 5.842332 Loss2: 0.000034 
| Global Round : 20 | Client :8 | Local Epoch : 2 | [64/561 (12%)]	Loss1: 5.842046 Loss2: 0.000033 
| Global Round : 20 | Client :8 | Local Epoch : 3 | [64/561 (12%)]	Loss1: 5.840657 Loss2: 0.000032 
| Global Round : 20 | Client :8 | Local Epoch : 4 | [64/561 (12%)]	Loss1: 5.842002 Loss2: 0.000037 
| Global Round : 20 | Client :9 | Local Epoch : 0 | [64/811 (8%)]	Loss1: 5.840920 Loss2: 0.000034 
| Global Round : 20 | Client :9 | Local Epoch : 0 | [704/811 (92%)]	Loss1: 5.841552 Loss2: 0.000032 
| Global Round : 20 | Client :9 | Local Epoch : 1 | [64/811 (8%)]	Loss1: 5.840336 Loss2: 0.000023 
| Global Round : 20 | Client :9 | Local Epoch : 1 | [704/811 (92%)]	Loss1: 5.840738 Loss2: 0.000032 
| Global Round : 20 | Client :9 | Local Epoch : 2 | [64/811 (8%)]	Loss1: 5.840232 Loss2: 0.000021 
| Global Round : 20 | Client :9 | Local Epoch : 2 | [704/811 (92%)]	Loss1: 5.841373 Loss2: 0.000038 
| Global Round : 20 | Client :9 | Local Epoch : 3 | [64/811 (8%)]	Loss1: 5.840831 Loss2: 0.000026 
| Global Round : 20 | Client :9 | Local Epoch : 3 | [704/811 (92%)]	Loss1: 5.840314 Loss2: 0.000034 
| Global Round : 20 | Client :9 | Local Epoch : 4 | [64/811 (8%)]	Loss1: 5.839954 Loss2: 0.000023 
| Global Round : 20 | Client :9 | Local Epoch : 4 | [704/811 (92%)]	Loss1: 5.839612 Loss2: 0.000033 
average loss:   5.8393885670767895
average local test accuracy: 0.8627604166666668
average global test accuracy:  0.5610677083333332

 | Global Training Round : 21 |

xi_k [0.49032012 0.4804609  0.51393633 0.50718159 0.46920882 0.48924706
 0.4776473  0.51272379 0.48624917 0.50440802]
max_exp: -1.0
coe: 10
Regulation [0.8 0.8 0.8 0.8 0.8 0.8 0.8 0.8 0.8 0.8]
Solver status: optimal_inaccurate
b_new: [1. 1. 1. 1. 1. 1. 1. 1. 1. 1.]
Iter 0: obj=48.9138, best_obj=48.9138, ||b_new-b_prev||₂=2.846050
xi_k [0.49032012 0.4804609  0.51393633 0.50718159 0.46920882 0.48924706
 0.4776473  0.51272379 0.48624917 0.50440802]
max_exp: -1.0
coe: 10
Regulation [-1. -1. -1. -1. -1. -1. -1. -1. -1. -1.]
Solver status: optimal_inaccurate
b_new: [1. 1. 1. 1. 1. 1. 1. 1. 1. 1.]
Iter 1: obj=49.8138, best_obj=49.8138, ||b_new-b_prev||₂=0.000000
Converged.
Final b: [1. 1. 1. 1. 1. 1. 1. 1. 1. 1.]
<class 'numpy.ndarray'>
b_float: [1. 1. 1. 1. 1. 1. 1. 1. 1. 1.]
b: [1 1 1 1 1 1 1 1 1 1]
active_clients:  [0, 1, 2, 3, 4, 5, 6, 7, 8, 9]
Client 0's s_k are:[0 0 0 0 0 0 1 0 0 0]
Client 1's s_k are:[0 0 0 0 0 0 1 0 0 0]
Client 2's s_k are:[0 0 0 0 0 0 0 0 0 1]
Client 3's s_k are:[0 0 0 0 0 1 0 0 0 0]
Client 4's s_k are:[0 0 0 0 0 0 0 1 0 0]
Client 5's s_k are:[0 0 0 1 0 0 0 0 0 0]
Client 6's s_k are:[1 0 0 0 0 0 0 0 0 0]
Client 7's s_k are:[0 0 0 0 0 0 1 0 0 0]
Client 8's s_k are:[0 0 0 0 0 0 0 0 0 1]
Client 9's s_k are:[0 0 1 0 0 0 0 0 0 0]
| Global Round : 21 | Client :0 | Local Epoch : 0 | [64/626 (11%)]	Loss1: 5.842092 Loss2: 0.000028 
| Global Round : 21 | Client :0 | Local Epoch : 1 | [64/626 (11%)]	Loss1: 5.842222 Loss2: 0.000030 
| Global Round : 21 | Client :0 | Local Epoch : 2 | [64/626 (11%)]	Loss1: 5.843037 Loss2: 0.000029 
| Global Round : 21 | Client :0 | Local Epoch : 3 | [64/626 (11%)]	Loss1: 5.842356 Loss2: 0.000028 
| Global Round : 21 | Client :0 | Local Epoch : 4 | [64/626 (11%)]	Loss1: 5.841866 Loss2: 0.000033 
| Global Round : 21 | Client :1 | Local Epoch : 0 | [64/497 (14%)]	Loss1: 5.843313 Loss2: 0.000042 
| Global Round : 21 | Client :1 | Local Epoch : 1 | [64/497 (14%)]	Loss1: 5.841797 Loss2: 0.000045 
| Global Round : 21 | Client :1 | Local Epoch : 2 | [64/497 (14%)]	Loss1: 5.843394 Loss2: 0.000040 
| Global Round : 21 | Client :1 | Local Epoch : 3 | [64/497 (14%)]	Loss1: 5.842541 Loss2: 0.000039 
| Global Round : 21 | Client :1 | Local Epoch : 4 | [64/497 (14%)]	Loss1: 5.841538 Loss2: 0.000041 
| Global Round : 21 | Client :2 | Local Epoch : 0 | [64/597 (11%)]	Loss1: 5.839557 Loss2: 0.000027 
| Global Round : 21 | Client :2 | Local Epoch : 1 | [64/597 (11%)]	Loss1: 5.841690 Loss2: 0.000022 
| Global Round : 21 | Client :2 | Local Epoch : 2 | [64/597 (11%)]	Loss1: 5.841143 Loss2: 0.000024 
| Global Round : 21 | Client :2 | Local Epoch : 3 | [64/597 (11%)]	Loss1: 5.840944 Loss2: 0.000021 
| Global Round : 21 | Client :2 | Local Epoch : 4 | [64/597 (11%)]	Loss1: 5.840385 Loss2: 0.000025 
| Global Round : 21 | Client :3 | Local Epoch : 0 | [64/605 (11%)]	Loss1: 5.842456 Loss2: 0.000035 
| Global Round : 21 | Client :3 | Local Epoch : 1 | [64/605 (11%)]	Loss1: 5.842169 Loss2: 0.000034 
| Global Round : 21 | Client :3 | Local Epoch : 2 | [64/605 (11%)]	Loss1: 5.842798 Loss2: 0.000024 
| Global Round : 21 | Client :3 | Local Epoch : 3 | [64/605 (11%)]	Loss1: 5.841331 Loss2: 0.000036 
| Global Round : 21 | Client :3 | Local Epoch : 4 | [64/605 (11%)]	Loss1: 5.841520 Loss2: 0.000028 
| Global Round : 21 | Client :4 | Local Epoch : 0 | [64/436 (17%)]	Loss1: 5.840947 Loss2: 0.000054 
| Global Round : 21 | Client :4 | Local Epoch : 1 | [64/436 (17%)]	Loss1: 5.840446 Loss2: 0.000047 
| Global Round : 21 | Client :4 | Local Epoch : 2 | [64/436 (17%)]	Loss1: 5.841404 Loss2: 0.000054 
| Global Round : 21 | Client :4 | Local Epoch : 3 | [64/436 (17%)]	Loss1: 5.840532 Loss2: 0.000055 
| Global Round : 21 | Client :4 | Local Epoch : 4 | [64/436 (17%)]	Loss1: 5.840336 Loss2: 0.000050 
| Global Round : 21 | Client :5 | Local Epoch : 0 | [64/627 (11%)]	Loss1: 5.840158 Loss2: 0.000036 
| Global Round : 21 | Client :5 | Local Epoch : 1 | [64/627 (11%)]	Loss1: 5.840242 Loss2: 0.000029 
| Global Round : 21 | Client :5 | Local Epoch : 2 | [64/627 (11%)]	Loss1: 5.840332 Loss2: 0.000031 
| Global Round : 21 | Client :5 | Local Epoch : 3 | [64/627 (11%)]	Loss1: 5.840031 Loss2: 0.000033 
| Global Round : 21 | Client :5 | Local Epoch : 4 | [64/627 (11%)]	Loss1: 5.840887 Loss2: 0.000034 
| Global Round : 21 | Client :6 | Local Epoch : 0 | [64/571 (12%)]	Loss1: 5.840330 Loss2: 0.000030 
| Global Round : 21 | Client :6 | Local Epoch : 1 | [64/571 (12%)]	Loss1: 5.840405 Loss2: 0.000025 
| Global Round : 21 | Client :6 | Local Epoch : 2 | [64/571 (12%)]	Loss1: 5.840736 Loss2: 0.000029 
| Global Round : 21 | Client :6 | Local Epoch : 3 | [64/571 (12%)]	Loss1: 5.840171 Loss2: 0.000031 
| Global Round : 21 | Client :6 | Local Epoch : 4 | [64/571 (12%)]	Loss1: 5.842014 Loss2: 0.000028 
| Global Round : 21 | Client :7 | Local Epoch : 0 | [64/665 (10%)]	Loss1: 5.840753 Loss2: 0.000029 
| Global Round : 21 | Client :7 | Local Epoch : 1 | [64/665 (10%)]	Loss1: 5.840356 Loss2: 0.000031 
| Global Round : 21 | Client :7 | Local Epoch : 2 | [64/665 (10%)]	Loss1: 5.842262 Loss2: 0.000030 
| Global Round : 21 | Client :7 | Local Epoch : 3 | [64/665 (10%)]	Loss1: 5.841918 Loss2: 0.000030 
| Global Round : 21 | Client :7 | Local Epoch : 4 | [64/665 (10%)]	Loss1: 5.840349 Loss2: 0.000029 
| Global Round : 21 | Client :8 | Local Epoch : 0 | [64/561 (12%)]	Loss1: 5.842137 Loss2: 0.000031 
| Global Round : 21 | Client :8 | Local Epoch : 1 | [64/561 (12%)]	Loss1: 5.841467 Loss2: 0.000027 
| Global Round : 21 | Client :8 | Local Epoch : 2 | [64/561 (12%)]	Loss1: 5.841926 Loss2: 0.000031 
| Global Round : 21 | Client :8 | Local Epoch : 3 | [64/561 (12%)]	Loss1: 5.843229 Loss2: 0.000036 
| Global Round : 21 | Client :8 | Local Epoch : 4 | [64/561 (12%)]	Loss1: 5.841417 Loss2: 0.000033 
| Global Round : 21 | Client :9 | Local Epoch : 0 | [64/811 (8%)]	Loss1: 5.840593 Loss2: 0.000026 
| Global Round : 21 | Client :9 | Local Epoch : 0 | [704/811 (92%)]	Loss1: 5.840227 Loss2: 0.000031 
| Global Round : 21 | Client :9 | Local Epoch : 1 | [64/811 (8%)]	Loss1: 5.841621 Loss2: 0.000030 
| Global Round : 21 | Client :9 | Local Epoch : 1 | [704/811 (92%)]	Loss1: 5.841215 Loss2: 0.000028 
| Global Round : 21 | Client :9 | Local Epoch : 2 | [64/811 (8%)]	Loss1: 5.841207 Loss2: 0.000026 
| Global Round : 21 | Client :9 | Local Epoch : 2 | [704/811 (92%)]	Loss1: 5.841763 Loss2: 0.000031 
| Global Round : 21 | Client :9 | Local Epoch : 3 | [64/811 (8%)]	Loss1: 5.840763 Loss2: 0.000023 
| Global Round : 21 | Client :9 | Local Epoch : 3 | [704/811 (92%)]	Loss1: 5.840852 Loss2: 0.000032 
| Global Round : 21 | Client :9 | Local Epoch : 4 | [64/811 (8%)]	Loss1: 5.841541 Loss2: 0.000022 
| Global Round : 21 | Client :9 | Local Epoch : 4 | [704/811 (92%)]	Loss1: 5.840880 Loss2: 0.000033 
average loss:   5.839301490613392
average local test accuracy: 0.853125
average global test accuracy:  0.5444010416666667

 | Global Training Round : 22 |

xi_k [0.49025772 0.48042536 0.51394763 0.507135   0.46921256 0.48928612
 0.47762347 0.51272768 0.48623476 0.50440852]
max_exp: -1.0
coe: 10
Regulation [0.8 0.8 0.8 0.8 0.8 0.8 0.8 0.8 0.8 0.8]
Solver status: optimal_inaccurate
b_new: [1. 1. 1. 1. 1. 1. 1. 1. 1. 1.]
Iter 0: obj=48.9126, best_obj=48.9126, ||b_new-b_prev||₂=2.846050
xi_k [0.49025772 0.48042536 0.51394763 0.507135   0.46921256 0.48928612
 0.47762347 0.51272768 0.48623476 0.50440852]
max_exp: -1.0
coe: 10
Regulation [-1. -1. -1. -1. -1. -1. -1. -1. -1. -1.]
Solver status: optimal_inaccurate
b_new: [1. 1. 1. 1. 1. 1. 1. 1. 1. 1.]
Iter 1: obj=49.8126, best_obj=49.8126, ||b_new-b_prev||₂=0.000000
Converged.
Final b: [1. 1. 1. 1. 1. 1. 1. 1. 1. 1.]
<class 'numpy.ndarray'>
b_float: [1. 1. 1. 1. 1. 1. 1. 1. 1. 1.]
b: [1 1 1 1 1 1 1 1 1 1]
active_clients:  [0, 1, 2, 3, 4, 5, 6, 7, 8, 9]
Client 0's s_k are:[0 0 0 0 0 0 1 0 0 0]
Client 1's s_k are:[0 0 0 0 0 0 1 0 0 0]
Client 2's s_k are:[0 0 0 0 0 0 0 0 0 1]
Client 3's s_k are:[0 0 0 0 0 1 0 0 0 0]
Client 4's s_k are:[0 0 0 0 0 0 0 1 0 0]
Client 5's s_k are:[0 0 0 1 0 0 0 0 0 0]
Client 6's s_k are:[1 0 0 0 0 0 0 0 0 0]
Client 7's s_k are:[0 0 0 0 0 0 1 0 0 0]
Client 8's s_k are:[0 0 0 0 0 0 0 0 0 1]
Client 9's s_k are:[0 0 1 0 0 0 0 0 0 0]
| Global Round : 22 | Client :0 | Local Epoch : 0 | [64/626 (11%)]	Loss1: 5.843614 Loss2: 0.000027 
| Global Round : 22 | Client :0 | Local Epoch : 1 | [64/626 (11%)]	Loss1: 5.843505 Loss2: 0.000032 
| Global Round : 22 | Client :0 | Local Epoch : 2 | [64/626 (11%)]	Loss1: 5.842155 Loss2: 0.000027 
| Global Round : 22 | Client :0 | Local Epoch : 3 | [64/626 (11%)]	Loss1: 5.842759 Loss2: 0.000035 
| Global Round : 22 | Client :0 | Local Epoch : 4 | [64/626 (11%)]	Loss1: 5.841615 Loss2: 0.000029 
| Global Round : 22 | Client :1 | Local Epoch : 0 | [64/497 (14%)]	Loss1: 5.843164 Loss2: 0.000042 
| Global Round : 22 | Client :1 | Local Epoch : 1 | [64/497 (14%)]	Loss1: 5.841807 Loss2: 0.000041 
| Global Round : 22 | Client :1 | Local Epoch : 2 | [64/497 (14%)]	Loss1: 5.842561 Loss2: 0.000038 
| Global Round : 22 | Client :1 | Local Epoch : 3 | [64/497 (14%)]	Loss1: 5.843421 Loss2: 0.000044 
| Global Round : 22 | Client :1 | Local Epoch : 4 | [64/497 (14%)]	Loss1: 5.842826 Loss2: 0.000040 
| Global Round : 22 | Client :2 | Local Epoch : 0 | [64/597 (11%)]	Loss1: 5.840744 Loss2: 0.000025 
| Global Round : 22 | Client :2 | Local Epoch : 1 | [64/597 (11%)]	Loss1: 5.840912 Loss2: 0.000021 
| Global Round : 22 | Client :2 | Local Epoch : 2 | [64/597 (11%)]	Loss1: 5.841184 Loss2: 0.000022 
| Global Round : 22 | Client :2 | Local Epoch : 3 | [64/597 (11%)]	Loss1: 5.842480 Loss2: 0.000024 
| Global Round : 22 | Client :2 | Local Epoch : 4 | [64/597 (11%)]	Loss1: 5.839617 Loss2: 0.000023 
| Global Round : 22 | Client :3 | Local Epoch : 0 | [64/605 (11%)]	Loss1: 5.840245 Loss2: 0.000029 
| Global Round : 22 | Client :3 | Local Epoch : 1 | [64/605 (11%)]	Loss1: 5.840737 Loss2: 0.000031 
| Global Round : 22 | Client :3 | Local Epoch : 2 | [64/605 (11%)]	Loss1: 5.841545 Loss2: 0.000023 
| Global Round : 22 | Client :3 | Local Epoch : 3 | [64/605 (11%)]	Loss1: 5.841552 Loss2: 0.000027 
| Global Round : 22 | Client :3 | Local Epoch : 4 | [64/605 (11%)]	Loss1: 5.840323 Loss2: 0.000029 
| Global Round : 22 | Client :4 | Local Epoch : 0 | [64/436 (17%)]	Loss1: 5.839880 Loss2: 0.000055 
| Global Round : 22 | Client :4 | Local Epoch : 1 | [64/436 (17%)]	Loss1: 5.842043 Loss2: 0.000059 
| Global Round : 22 | Client :4 | Local Epoch : 2 | [64/436 (17%)]	Loss1: 5.841873 Loss2: 0.000047 
| Global Round : 22 | Client :4 | Local Epoch : 3 | [64/436 (17%)]	Loss1: 5.840551 Loss2: 0.000049 
| Global Round : 22 | Client :4 | Local Epoch : 4 | [64/436 (17%)]	Loss1: 5.842242 Loss2: 0.000050 
| Global Round : 22 | Client :5 | Local Epoch : 0 | [64/627 (11%)]	Loss1: 5.839242 Loss2: 0.000029 
| Global Round : 22 | Client :5 | Local Epoch : 1 | [64/627 (11%)]	Loss1: 5.839682 Loss2: 0.000029 
| Global Round : 22 | Client :5 | Local Epoch : 2 | [64/627 (11%)]	Loss1: 5.840783 Loss2: 0.000031 
| Global Round : 22 | Client :5 | Local Epoch : 3 | [64/627 (11%)]	Loss1: 5.839306 Loss2: 0.000035 
| Global Round : 22 | Client :5 | Local Epoch : 4 | [64/627 (11%)]	Loss1: 5.840167 Loss2: 0.000032 
| Global Round : 22 | Client :6 | Local Epoch : 0 | [64/571 (12%)]	Loss1: 5.841218 Loss2: 0.000029 
| Global Round : 22 | Client :6 | Local Epoch : 1 | [64/571 (12%)]	Loss1: 5.839941 Loss2: 0.000027 
| Global Round : 22 | Client :6 | Local Epoch : 2 | [64/571 (12%)]	Loss1: 5.841839 Loss2: 0.000026 
| Global Round : 22 | Client :6 | Local Epoch : 3 | [64/571 (12%)]	Loss1: 5.839640 Loss2: 0.000023 
| Global Round : 22 | Client :6 | Local Epoch : 4 | [64/571 (12%)]	Loss1: 5.840760 Loss2: 0.000028 
| Global Round : 22 | Client :7 | Local Epoch : 0 | [64/665 (10%)]	Loss1: 5.842088 Loss2: 0.000028 
| Global Round : 22 | Client :7 | Local Epoch : 1 | [64/665 (10%)]	Loss1: 5.841888 Loss2: 0.000031 
| Global Round : 22 | Client :7 | Local Epoch : 2 | [64/665 (10%)]	Loss1: 5.840954 Loss2: 0.000033 
| Global Round : 22 | Client :7 | Local Epoch : 3 | [64/665 (10%)]	Loss1: 5.842063 Loss2: 0.000033 
| Global Round : 22 | Client :7 | Local Epoch : 4 | [64/665 (10%)]	Loss1: 5.841503 Loss2: 0.000029 
| Global Round : 22 | Client :8 | Local Epoch : 0 | [64/561 (12%)]	Loss1: 5.841207 Loss2: 0.000034 
| Global Round : 22 | Client :8 | Local Epoch : 1 | [64/561 (12%)]	Loss1: 5.840750 Loss2: 0.000037 
| Global Round : 22 | Client :8 | Local Epoch : 2 | [64/561 (12%)]	Loss1: 5.842292 Loss2: 0.000032 
| Global Round : 22 | Client :8 | Local Epoch : 3 | [64/561 (12%)]	Loss1: 5.841559 Loss2: 0.000042 
| Global Round : 22 | Client :8 | Local Epoch : 4 | [64/561 (12%)]	Loss1: 5.841619 Loss2: 0.000037 
| Global Round : 22 | Client :9 | Local Epoch : 0 | [64/811 (8%)]	Loss1: 5.840025 Loss2: 0.000025 
| Global Round : 22 | Client :9 | Local Epoch : 0 | [704/811 (92%)]	Loss1: 5.841797 Loss2: 0.000034 
| Global Round : 22 | Client :9 | Local Epoch : 1 | [64/811 (8%)]	Loss1: 5.841110 Loss2: 0.000022 
| Global Round : 22 | Client :9 | Local Epoch : 1 | [704/811 (92%)]	Loss1: 5.841074 Loss2: 0.000031 
| Global Round : 22 | Client :9 | Local Epoch : 2 | [64/811 (8%)]	Loss1: 5.840975 Loss2: 0.000022 
| Global Round : 22 | Client :9 | Local Epoch : 2 | [704/811 (92%)]	Loss1: 5.841533 Loss2: 0.000039 
| Global Round : 22 | Client :9 | Local Epoch : 3 | [64/811 (8%)]	Loss1: 5.841836 Loss2: 0.000026 
| Global Round : 22 | Client :9 | Local Epoch : 3 | [704/811 (92%)]	Loss1: 5.841203 Loss2: 0.000035 
| Global Round : 22 | Client :9 | Local Epoch : 4 | [64/811 (8%)]	Loss1: 5.839931 Loss2: 0.000028 
| Global Round : 22 | Client :9 | Local Epoch : 4 | [704/811 (92%)]	Loss1: 5.841476 Loss2: 0.000036 
average loss:   5.8391634301155335
average local test accuracy: 0.8555989583333334
average global test accuracy:  0.5940104166666667

 | Global Training Round : 23 |

xi_k [0.49026186 0.48038192 0.51393508 0.50714903 0.46920651 0.48923748
 0.47762538 0.51273359 0.48619135 0.50441782]
max_exp: -1.0
coe: 10
Regulation [0.8 0.8 0.8 0.8 0.8 0.8 0.8 0.8 0.8 0.8]
Solver status: optimal_inaccurate
b_new: [1. 1. 1. 1. 1. 1. 1. 1. 1. 1.]
Iter 0: obj=48.9114, best_obj=48.9114, ||b_new-b_prev||₂=2.846050
xi_k [0.49026186 0.48038192 0.51393508 0.50714903 0.46920651 0.48923748
 0.47762538 0.51273359 0.48619135 0.50441782]
max_exp: -1.0
coe: 10
Regulation [-1. -1. -1. -1. -1. -1. -1. -1. -1. -1.]
Solver status: optimal_inaccurate
b_new: [1. 1. 1. 1. 1. 1. 1. 1. 1. 1.]
Iter 1: obj=49.8114, best_obj=49.8114, ||b_new-b_prev||₂=0.000000
Converged.
Final b: [1. 1. 1. 1. 1. 1. 1. 1. 1. 1.]
<class 'numpy.ndarray'>
b_float: [1. 1. 1. 1. 1. 1. 1. 1. 1. 1.]
b: [1 1 1 1 1 1 1 1 1 1]
active_clients:  [0, 1, 2, 3, 4, 5, 6, 7, 8, 9]
Client 0's s_k are:[0 0 0 0 0 0 1 0 0 0]
Client 1's s_k are:[0 0 0 0 0 0 1 0 0 0]
Client 2's s_k are:[0 0 0 0 0 0 0 0 0 1]
Client 3's s_k are:[0 0 1 0 0 0 0 0 0 0]
Client 4's s_k are:[0 0 0 0 0 0 0 1 0 0]
Client 5's s_k are:[0 0 0 1 0 0 0 0 0 0]
Client 6's s_k are:[1 0 0 0 0 0 0 0 0 0]
Client 7's s_k are:[0 0 0 0 0 0 1 0 0 0]
Client 8's s_k are:[0 0 0 0 0 0 0 0 0 1]
Client 9's s_k are:[0 0 1 0 0 0 0 0 0 0]
| Global Round : 23 | Client :0 | Local Epoch : 0 | [64/626 (11%)]	Loss1: 5.842304 Loss2: 0.000026 
| Global Round : 23 | Client :0 | Local Epoch : 1 | [64/626 (11%)]	Loss1: 5.842281 Loss2: 0.000025 
| Global Round : 23 | Client :0 | Local Epoch : 2 | [64/626 (11%)]	Loss1: 5.842008 Loss2: 0.000026 
| Global Round : 23 | Client :0 | Local Epoch : 3 | [64/626 (11%)]	Loss1: 5.842482 Loss2: 0.000032 
| Global Round : 23 | Client :0 | Local Epoch : 4 | [64/626 (11%)]	Loss1: 5.842954 Loss2: 0.000027 
| Global Round : 23 | Client :1 | Local Epoch : 0 | [64/497 (14%)]	Loss1: 5.843541 Loss2: 0.000047 
| Global Round : 23 | Client :1 | Local Epoch : 1 | [64/497 (14%)]	Loss1: 5.843532 Loss2: 0.000044 
| Global Round : 23 | Client :1 | Local Epoch : 2 | [64/497 (14%)]	Loss1: 5.844380 Loss2: 0.000040 
| Global Round : 23 | Client :1 | Local Epoch : 3 | [64/497 (14%)]	Loss1: 5.842570 Loss2: 0.000040 
| Global Round : 23 | Client :1 | Local Epoch : 4 | [64/497 (14%)]	Loss1: 5.843555 Loss2: 0.000044 
| Global Round : 23 | Client :2 | Local Epoch : 0 | [64/597 (11%)]	Loss1: 5.839959 Loss2: 0.000025 
| Global Round : 23 | Client :2 | Local Epoch : 1 | [64/597 (11%)]	Loss1: 5.840076 Loss2: 0.000026 
| Global Round : 23 | Client :2 | Local Epoch : 2 | [64/597 (11%)]	Loss1: 5.839563 Loss2: 0.000027 
| Global Round : 23 | Client :2 | Local Epoch : 3 | [64/597 (11%)]	Loss1: 5.840690 Loss2: 0.000028 
| Global Round : 23 | Client :2 | Local Epoch : 4 | [64/597 (11%)]	Loss1: 5.840153 Loss2: 0.000024 
| Global Round : 23 | Client :3 | Local Epoch : 0 | [64/605 (11%)]	Loss1: 5.841165 Loss2: 0.000034 
| Global Round : 23 | Client :3 | Local Epoch : 1 | [64/605 (11%)]	Loss1: 5.841017 Loss2: 0.000036 
| Global Round : 23 | Client :3 | Local Epoch : 2 | [64/605 (11%)]	Loss1: 5.840919 Loss2: 0.000031 
| Global Round : 23 | Client :3 | Local Epoch : 3 | [64/605 (11%)]	Loss1: 5.841571 Loss2: 0.000031 
| Global Round : 23 | Client :3 | Local Epoch : 4 | [64/605 (11%)]	Loss1: 5.840757 Loss2: 0.000035 
| Global Round : 23 | Client :4 | Local Epoch : 0 | [64/436 (17%)]	Loss1: 5.841232 Loss2: 0.000050 
| Global Round : 23 | Client :4 | Local Epoch : 1 | [64/436 (17%)]	Loss1: 5.841547 Loss2: 0.000055 
| Global Round : 23 | Client :4 | Local Epoch : 2 | [64/436 (17%)]	Loss1: 5.840729 Loss2: 0.000056 
| Global Round : 23 | Client :4 | Local Epoch : 3 | [64/436 (17%)]	Loss1: 5.840417 Loss2: 0.000053 
| Global Round : 23 | Client :4 | Local Epoch : 4 | [64/436 (17%)]	Loss1: 5.840413 Loss2: 0.000058 
| Global Round : 23 | Client :5 | Local Epoch : 0 | [64/627 (11%)]	Loss1: 5.839312 Loss2: 0.000027 
| Global Round : 23 | Client :5 | Local Epoch : 1 | [64/627 (11%)]	Loss1: 5.839302 Loss2: 0.000026 
| Global Round : 23 | Client :5 | Local Epoch : 2 | [64/627 (11%)]	Loss1: 5.840376 Loss2: 0.000033 
| Global Round : 23 | Client :5 | Local Epoch : 3 | [64/627 (11%)]	Loss1: 5.839518 Loss2: 0.000030 
| Global Round : 23 | Client :5 | Local Epoch : 4 | [64/627 (11%)]	Loss1: 5.839462 Loss2: 0.000029 
| Global Round : 23 | Client :6 | Local Epoch : 0 | [64/571 (12%)]	Loss1: 5.841011 Loss2: 0.000027 
| Global Round : 23 | Client :6 | Local Epoch : 1 | [64/571 (12%)]	Loss1: 5.840894 Loss2: 0.000026 
| Global Round : 23 | Client :6 | Local Epoch : 2 | [64/571 (12%)]	Loss1: 5.840263 Loss2: 0.000030 
| Global Round : 23 | Client :6 | Local Epoch : 3 | [64/571 (12%)]	Loss1: 5.839841 Loss2: 0.000030 
| Global Round : 23 | Client :6 | Local Epoch : 4 | [64/571 (12%)]	Loss1: 5.839499 Loss2: 0.000025 
| Global Round : 23 | Client :7 | Local Epoch : 0 | [64/665 (10%)]	Loss1: 5.841462 Loss2: 0.000028 
| Global Round : 23 | Client :7 | Local Epoch : 1 | [64/665 (10%)]	Loss1: 5.841789 Loss2: 0.000032 
| Global Round : 23 | Client :7 | Local Epoch : 2 | [64/665 (10%)]	Loss1: 5.841137 Loss2: 0.000030 
| Global Round : 23 | Client :7 | Local Epoch : 3 | [64/665 (10%)]	Loss1: 5.841281 Loss2: 0.000029 
| Global Round : 23 | Client :7 | Local Epoch : 4 | [64/665 (10%)]	Loss1: 5.842096 Loss2: 0.000031 
| Global Round : 23 | Client :8 | Local Epoch : 0 | [64/561 (12%)]	Loss1: 5.840538 Loss2: 0.000029 
| Global Round : 23 | Client :8 | Local Epoch : 1 | [64/561 (12%)]	Loss1: 5.841530 Loss2: 0.000039 
| Global Round : 23 | Client :8 | Local Epoch : 2 | [64/561 (12%)]	Loss1: 5.841597 Loss2: 0.000036 
| Global Round : 23 | Client :8 | Local Epoch : 3 | [64/561 (12%)]	Loss1: 5.840527 Loss2: 0.000031 
| Global Round : 23 | Client :8 | Local Epoch : 4 | [64/561 (12%)]	Loss1: 5.840894 Loss2: 0.000036 
| Global Round : 23 | Client :9 | Local Epoch : 0 | [64/811 (8%)]	Loss1: 5.839777 Loss2: 0.000026 
| Global Round : 23 | Client :9 | Local Epoch : 0 | [704/811 (92%)]	Loss1: 5.840300 Loss2: 0.000036 
| Global Round : 23 | Client :9 | Local Epoch : 1 | [64/811 (8%)]	Loss1: 5.841371 Loss2: 0.000027 
| Global Round : 23 | Client :9 | Local Epoch : 1 | [704/811 (92%)]	Loss1: 5.841117 Loss2: 0.000030 
| Global Round : 23 | Client :9 | Local Epoch : 2 | [64/811 (8%)]	Loss1: 5.841309 Loss2: 0.000024 
| Global Round : 23 | Client :9 | Local Epoch : 2 | [704/811 (92%)]	Loss1: 5.841570 Loss2: 0.000038 
| Global Round : 23 | Client :9 | Local Epoch : 3 | [64/811 (8%)]	Loss1: 5.840296 Loss2: 0.000030 
| Global Round : 23 | Client :9 | Local Epoch : 3 | [704/811 (92%)]	Loss1: 5.841183 Loss2: 0.000030 
| Global Round : 23 | Client :9 | Local Epoch : 4 | [64/811 (8%)]	Loss1: 5.840477 Loss2: 0.000025 
| Global Round : 23 | Client :9 | Local Epoch : 4 | [704/811 (92%)]	Loss1: 5.840199 Loss2: 0.000041 
average loss:   5.8390863331348175
average local test accuracy: 0.8640625
average global test accuracy:  0.5514322916666666

 | Global Training Round : 24 |

xi_k [0.49021356 0.48037363 0.51389609 0.5071215  0.46921479 0.48924179
 0.47759387 0.51273638 0.48617257 0.50439126]
max_exp: -1.0
coe: 10
Regulation [0.8 0.8 0.8 0.8 0.8 0.8 0.8 0.8 0.8 0.8]
Solver status: optimal_inaccurate
b_new: [1. 1. 1. 1. 1. 1. 1. 1. 1. 1.]
Iter 0: obj=48.9096, best_obj=48.9096, ||b_new-b_prev||₂=2.846050
xi_k [0.49021356 0.48037363 0.51389609 0.5071215  0.46921479 0.48924179
 0.47759387 0.51273638 0.48617257 0.50439126]
max_exp: -1.0
coe: 10
Regulation [-1. -1. -1. -1. -1. -1. -1. -1. -1. -1.]
Solver status: optimal_inaccurate
b_new: [1. 1. 1. 1. 1. 1. 1. 1. 1. 1.]
Iter 1: obj=49.8096, best_obj=49.8096, ||b_new-b_prev||₂=0.000000
Converged.
Final b: [1. 1. 1. 1. 1. 1. 1. 1. 1. 1.]
<class 'numpy.ndarray'>
b_float: [1. 1. 1. 1. 1. 1. 1. 1. 1. 1.]
b: [1 1 1 1 1 1 1 1 1 1]
active_clients:  [0, 1, 2, 3, 4, 5, 6, 7, 8, 9]
Client 0's s_k are:[0 0 0 0 0 0 1 0 0 0]
Client 1's s_k are:[0 0 0 0 0 0 1 0 0 0]
Client 2's s_k are:[0 0 0 0 0 0 0 0 0 1]
Client 3's s_k are:[0 0 1 0 0 0 0 0 0 0]
Client 4's s_k are:[0 0 0 0 0 0 0 1 0 0]
Client 5's s_k are:[0 0 0 1 0 0 0 0 0 0]
Client 6's s_k are:[1 0 0 0 0 0 0 0 0 0]
Client 7's s_k are:[0 0 0 0 0 0 1 0 0 0]
Client 8's s_k are:[0 0 0 0 0 0 0 0 0 1]
Client 9's s_k are:[0 0 1 0 0 0 0 0 0 0]
| Global Round : 24 | Client :0 | Local Epoch : 0 | [64/626 (11%)]	Loss1: 5.842037 Loss2: 0.000028 
| Global Round : 24 | Client :0 | Local Epoch : 1 | [64/626 (11%)]	Loss1: 5.843058 Loss2: 0.000026 
| Global Round : 24 | Client :0 | Local Epoch : 2 | [64/626 (11%)]	Loss1: 5.842468 Loss2: 0.000030 
| Global Round : 24 | Client :0 | Local Epoch : 3 | [64/626 (11%)]	Loss1: 5.843198 Loss2: 0.000028 
| Global Round : 24 | Client :0 | Local Epoch : 4 | [64/626 (11%)]	Loss1: 5.841775 Loss2: 0.000029 
| Global Round : 24 | Client :1 | Local Epoch : 0 | [64/497 (14%)]	Loss1: 5.841477 Loss2: 0.000047 
| Global Round : 24 | Client :1 | Local Epoch : 1 | [64/497 (14%)]	Loss1: 5.842402 Loss2: 0.000045 
| Global Round : 24 | Client :1 | Local Epoch : 2 | [64/497 (14%)]	Loss1: 5.842636 Loss2: 0.000049 
| Global Round : 24 | Client :1 | Local Epoch : 3 | [64/497 (14%)]	Loss1: 5.844010 Loss2: 0.000041 
| Global Round : 24 | Client :1 | Local Epoch : 4 | [64/497 (14%)]	Loss1: 5.843164 Loss2: 0.000045 
| Global Round : 24 | Client :2 | Local Epoch : 0 | [64/597 (11%)]	Loss1: 5.841516 Loss2: 0.000026 
| Global Round : 24 | Client :2 | Local Epoch : 1 | [64/597 (11%)]	Loss1: 5.839662 Loss2: 0.000025 
| Global Round : 24 | Client :2 | Local Epoch : 2 | [64/597 (11%)]	Loss1: 5.840487 Loss2: 0.000023 
| Global Round : 24 | Client :2 | Local Epoch : 3 | [64/597 (11%)]	Loss1: 5.840036 Loss2: 0.000028 
| Global Round : 24 | Client :2 | Local Epoch : 4 | [64/597 (11%)]	Loss1: 5.840710 Loss2: 0.000025 
| Global Round : 24 | Client :3 | Local Epoch : 0 | [64/605 (11%)]	Loss1: 5.840715 Loss2: 0.000031 
| Global Round : 24 | Client :3 | Local Epoch : 1 | [64/605 (11%)]	Loss1: 5.841104 Loss2: 0.000037 
| Global Round : 24 | Client :3 | Local Epoch : 2 | [64/605 (11%)]	Loss1: 5.841826 Loss2: 0.000029 
| Global Round : 24 | Client :3 | Local Epoch : 3 | [64/605 (11%)]	Loss1: 5.842805 Loss2: 0.000031 
| Global Round : 24 | Client :3 | Local Epoch : 4 | [64/605 (11%)]	Loss1: 5.841634 Loss2: 0.000028 
| Global Round : 24 | Client :4 | Local Epoch : 0 | [64/436 (17%)]	Loss1: 5.840672 Loss2: 0.000046 
| Global Round : 24 | Client :4 | Local Epoch : 1 | [64/436 (17%)]	Loss1: 5.840141 Loss2: 0.000054 
| Global Round : 24 | Client :4 | Local Epoch : 2 | [64/436 (17%)]	Loss1: 5.841034 Loss2: 0.000052 
| Global Round : 24 | Client :4 | Local Epoch : 3 | [64/436 (17%)]	Loss1: 5.839971 Loss2: 0.000052 
| Global Round : 24 | Client :4 | Local Epoch : 4 | [64/436 (17%)]	Loss1: 5.841145 Loss2: 0.000056 
| Global Round : 24 | Client :5 | Local Epoch : 0 | [64/627 (11%)]	Loss1: 5.839888 Loss2: 0.000033 
| Global Round : 24 | Client :5 | Local Epoch : 1 | [64/627 (11%)]	Loss1: 5.839017 Loss2: 0.000030 
| Global Round : 24 | Client :5 | Local Epoch : 2 | [64/627 (11%)]	Loss1: 5.840766 Loss2: 0.000030 
| Global Round : 24 | Client :5 | Local Epoch : 3 | [64/627 (11%)]	Loss1: 5.840053 Loss2: 0.000030 
| Global Round : 24 | Client :5 | Local Epoch : 4 | [64/627 (11%)]	Loss1: 5.840450 Loss2: 0.000033 
| Global Round : 24 | Client :6 | Local Epoch : 0 | [64/571 (12%)]	Loss1: 5.840324 Loss2: 0.000031 
| Global Round : 24 | Client :6 | Local Epoch : 1 | [64/571 (12%)]	Loss1: 5.841163 Loss2: 0.000025 
| Global Round : 24 | Client :6 | Local Epoch : 2 | [64/571 (12%)]	Loss1: 5.841262 Loss2: 0.000025 
| Global Round : 24 | Client :6 | Local Epoch : 3 | [64/571 (12%)]	Loss1: 5.841222 Loss2: 0.000027 
| Global Round : 24 | Client :6 | Local Epoch : 4 | [64/571 (12%)]	Loss1: 5.840040 Loss2: 0.000027 
| Global Round : 24 | Client :7 | Local Epoch : 0 | [64/665 (10%)]	Loss1: 5.841271 Loss2: 0.000034 
| Global Round : 24 | Client :7 | Local Epoch : 1 | [64/665 (10%)]	Loss1: 5.842030 Loss2: 0.000026 
| Global Round : 24 | Client :7 | Local Epoch : 2 | [64/665 (10%)]	Loss1: 5.840774 Loss2: 0.000035 
| Global Round : 24 | Client :7 | Local Epoch : 3 | [64/665 (10%)]	Loss1: 5.841906 Loss2: 0.000035 
| Global Round : 24 | Client :7 | Local Epoch : 4 | [64/665 (10%)]	Loss1: 5.841211 Loss2: 0.000026 
| Global Round : 24 | Client :8 | Local Epoch : 0 | [64/561 (12%)]	Loss1: 5.842159 Loss2: 0.000034 
| Global Round : 24 | Client :8 | Local Epoch : 1 | [64/561 (12%)]	Loss1: 5.841332 Loss2: 0.000032 
| Global Round : 24 | Client :8 | Local Epoch : 2 | [64/561 (12%)]	Loss1: 5.842370 Loss2: 0.000025 
| Global Round : 24 | Client :8 | Local Epoch : 3 | [64/561 (12%)]	Loss1: 5.842456 Loss2: 0.000036 
| Global Round : 24 | Client :8 | Local Epoch : 4 | [64/561 (12%)]	Loss1: 5.841313 Loss2: 0.000029 
| Global Round : 24 | Client :9 | Local Epoch : 0 | [64/811 (8%)]	Loss1: 5.840615 Loss2: 0.000025 
| Global Round : 24 | Client :9 | Local Epoch : 0 | [704/811 (92%)]	Loss1: 5.840015 Loss2: 0.000029 
| Global Round : 24 | Client :9 | Local Epoch : 1 | [64/811 (8%)]	Loss1: 5.840554 Loss2: 0.000026 
| Global Round : 24 | Client :9 | Local Epoch : 1 | [704/811 (92%)]	Loss1: 5.840740 Loss2: 0.000031 
| Global Round : 24 | Client :9 | Local Epoch : 2 | [64/811 (8%)]	Loss1: 5.840531 Loss2: 0.000022 
| Global Round : 24 | Client :9 | Local Epoch : 2 | [704/811 (92%)]	Loss1: 5.840724 Loss2: 0.000034 
| Global Round : 24 | Client :9 | Local Epoch : 3 | [64/811 (8%)]	Loss1: 5.840356 Loss2: 0.000025 
| Global Round : 24 | Client :9 | Local Epoch : 3 | [704/811 (92%)]	Loss1: 5.839712 Loss2: 0.000033 
| Global Round : 24 | Client :9 | Local Epoch : 4 | [64/811 (8%)]	Loss1: 5.840715 Loss2: 0.000024 
| Global Round : 24 | Client :9 | Local Epoch : 4 | [704/811 (92%)]	Loss1: 5.840315 Loss2: 0.000029 
average loss:   5.839103754096561
average local test accuracy: 0.8567708333333333
average global test accuracy:  0.5911458333333333

 | Global Training Round : 25 |

xi_k [0.49022637 0.48037456 0.51390512 0.50712392 0.46917947 0.48922762
 0.47759419 0.51268463 0.48618111 0.50440229]
max_exp: -1.0
coe: 10
Regulation [0.8 0.8 0.8 0.8 0.8 0.8 0.8 0.8 0.8 0.8]
Solver status: optimal_inaccurate
b_new: [1. 1. 1. 1. 1. 1. 1. 1. 1. 1.]
Iter 0: obj=48.9090, best_obj=48.9090, ||b_new-b_prev||₂=2.846050
xi_k [0.49022637 0.48037456 0.51390512 0.50712392 0.46917947 0.48922762
 0.47759419 0.51268463 0.48618111 0.50440229]
max_exp: -1.0
coe: 10
Regulation [-1. -1. -1. -1. -1. -1. -1. -1. -1. -1.]
Solver status: optimal_inaccurate
b_new: [1. 1. 1. 1. 1. 1. 1. 1. 1. 1.]
Iter 1: obj=49.8090, best_obj=49.8090, ||b_new-b_prev||₂=0.000000
Converged.
Final b: [1. 1. 1. 1. 1. 1. 1. 1. 1. 1.]
<class 'numpy.ndarray'>
b_float: [1. 1. 1. 1. 1. 1. 1. 1. 1. 1.]
b: [1 1 1 1 1 1 1 1 1 1]
active_clients:  [0, 1, 2, 3, 4, 5, 6, 7, 8, 9]
Client 0's s_k are:[0 0 0 0 0 0 1 0 0 0]
Client 1's s_k are:[0 0 0 0 0 0 1 0 0 0]
Client 2's s_k are:[0 0 0 0 0 0 0 0 0 1]
Client 3's s_k are:[0 0 1 0 0 0 0 0 0 0]
Client 4's s_k are:[0 0 0 0 0 0 0 1 0 0]
Client 5's s_k are:[0 0 0 1 0 0 0 0 0 0]
Client 6's s_k are:[1 0 0 0 0 0 0 0 0 0]
Client 7's s_k are:[0 0 0 0 0 0 1 0 0 0]
Client 8's s_k are:[0 0 0 0 0 0 0 0 0 1]
Client 9's s_k are:[0 0 1 0 0 0 0 0 0 0]
| Global Round : 25 | Client :0 | Local Epoch : 0 | [64/626 (11%)]	Loss1: 5.841259 Loss2: 0.000028 
| Global Round : 25 | Client :0 | Local Epoch : 1 | [64/626 (11%)]	Loss1: 5.842796 Loss2: 0.000028 
| Global Round : 25 | Client :0 | Local Epoch : 2 | [64/626 (11%)]	Loss1: 5.841518 Loss2: 0.000026 
| Global Round : 25 | Client :0 | Local Epoch : 3 | [64/626 (11%)]	Loss1: 5.841397 Loss2: 0.000027 
| Global Round : 25 | Client :0 | Local Epoch : 4 | [64/626 (11%)]	Loss1: 5.840314 Loss2: 0.000036 
| Global Round : 25 | Client :1 | Local Epoch : 0 | [64/497 (14%)]	Loss1: 5.842662 Loss2: 0.000040 
| Global Round : 25 | Client :1 | Local Epoch : 1 | [64/497 (14%)]	Loss1: 5.842402 Loss2: 0.000046 
| Global Round : 25 | Client :1 | Local Epoch : 2 | [64/497 (14%)]	Loss1: 5.843369 Loss2: 0.000039 
| Global Round : 25 | Client :1 | Local Epoch : 3 | [64/497 (14%)]	Loss1: 5.842121 Loss2: 0.000042 
| Global Round : 25 | Client :1 | Local Epoch : 4 | [64/497 (14%)]	Loss1: 5.843082 Loss2: 0.000038 
| Global Round : 25 | Client :2 | Local Epoch : 0 | [64/597 (11%)]	Loss1: 5.840405 Loss2: 0.000020 
| Global Round : 25 | Client :2 | Local Epoch : 1 | [64/597 (11%)]	Loss1: 5.841410 Loss2: 0.000022 
| Global Round : 25 | Client :2 | Local Epoch : 2 | [64/597 (11%)]	Loss1: 5.841102 Loss2: 0.000023 
| Global Round : 25 | Client :2 | Local Epoch : 3 | [64/597 (11%)]	Loss1: 5.841677 Loss2: 0.000021 
| Global Round : 25 | Client :2 | Local Epoch : 4 | [64/597 (11%)]	Loss1: 5.840645 Loss2: 0.000022 
| Global Round : 25 | Client :3 | Local Epoch : 0 | [64/605 (11%)]	Loss1: 5.841314 Loss2: 0.000027 
| Global Round : 25 | Client :3 | Local Epoch : 1 | [64/605 (11%)]	Loss1: 5.840072 Loss2: 0.000030 
| Global Round : 25 | Client :3 | Local Epoch : 2 | [64/605 (11%)]	Loss1: 5.842273 Loss2: 0.000036 
| Global Round : 25 | Client :3 | Local Epoch : 3 | [64/605 (11%)]	Loss1: 5.840186 Loss2: 0.000031 
| Global Round : 25 | Client :3 | Local Epoch : 4 | [64/605 (11%)]	Loss1: 5.841077 Loss2: 0.000036 
| Global Round : 25 | Client :4 | Local Epoch : 0 | [64/436 (17%)]	Loss1: 5.841878 Loss2: 0.000052 
| Global Round : 25 | Client :4 | Local Epoch : 1 | [64/436 (17%)]	Loss1: 5.841005 Loss2: 0.000056 
| Global Round : 25 | Client :4 | Local Epoch : 2 | [64/436 (17%)]	Loss1: 5.840531 Loss2: 0.000051 
| Global Round : 25 | Client :4 | Local Epoch : 3 | [64/436 (17%)]	Loss1: 5.839980 Loss2: 0.000055 
| Global Round : 25 | Client :4 | Local Epoch : 4 | [64/436 (17%)]	Loss1: 5.839966 Loss2: 0.000048 
| Global Round : 25 | Client :5 | Local Epoch : 0 | [64/627 (11%)]	Loss1: 5.840509 Loss2: 0.000026 
| Global Round : 25 | Client :5 | Local Epoch : 1 | [64/627 (11%)]	Loss1: 5.841023 Loss2: 0.000027 
| Global Round : 25 | Client :5 | Local Epoch : 2 | [64/627 (11%)]	Loss1: 5.839075 Loss2: 0.000026 
| Global Round : 25 | Client :5 | Local Epoch : 3 | [64/627 (11%)]	Loss1: 5.839632 Loss2: 0.000027 
| Global Round : 25 | Client :5 | Local Epoch : 4 | [64/627 (11%)]	Loss1: 5.840454 Loss2: 0.000032 
| Global Round : 25 | Client :6 | Local Epoch : 0 | [64/571 (12%)]	Loss1: 5.840283 Loss2: 0.000025 
| Global Round : 25 | Client :6 | Local Epoch : 1 | [64/571 (12%)]	Loss1: 5.841506 Loss2: 0.000025 
| Global Round : 25 | Client :6 | Local Epoch : 2 | [64/571 (12%)]	Loss1: 5.840285 Loss2: 0.000024 
| Global Round : 25 | Client :6 | Local Epoch : 3 | [64/571 (12%)]	Loss1: 5.839996 Loss2: 0.000026 
| Global Round : 25 | Client :6 | Local Epoch : 4 | [64/571 (12%)]	Loss1: 5.840351 Loss2: 0.000025 
| Global Round : 25 | Client :7 | Local Epoch : 0 | [64/665 (10%)]	Loss1: 5.840005 Loss2: 0.000033 
| Global Round : 25 | Client :7 | Local Epoch : 1 | [64/665 (10%)]	Loss1: 5.840211 Loss2: 0.000028 
| Global Round : 25 | Client :7 | Local Epoch : 2 | [64/665 (10%)]	Loss1: 5.840918 Loss2: 0.000031 
| Global Round : 25 | Client :7 | Local Epoch : 3 | [64/665 (10%)]	Loss1: 5.841572 Loss2: 0.000028 
| Global Round : 25 | Client :7 | Local Epoch : 4 | [64/665 (10%)]	Loss1: 5.840450 Loss2: 0.000027 
| Global Round : 25 | Client :8 | Local Epoch : 0 | [64/561 (12%)]	Loss1: 5.842293 Loss2: 0.000033 
| Global Round : 25 | Client :8 | Local Epoch : 1 | [64/561 (12%)]	Loss1: 5.840913 Loss2: 0.000032 
| Global Round : 25 | Client :8 | Local Epoch : 2 | [64/561 (12%)]	Loss1: 5.841121 Loss2: 0.000034 
| Global Round : 25 | Client :8 | Local Epoch : 3 | [64/561 (12%)]	Loss1: 5.840638 Loss2: 0.000037 
| Global Round : 25 | Client :8 | Local Epoch : 4 | [64/561 (12%)]	Loss1: 5.841136 Loss2: 0.000033 
| Global Round : 25 | Client :9 | Local Epoch : 0 | [64/811 (8%)]	Loss1: 5.840118 Loss2: 0.000016 
| Global Round : 25 | Client :9 | Local Epoch : 0 | [704/811 (92%)]	Loss1: 5.841905 Loss2: 0.000030 
| Global Round : 25 | Client :9 | Local Epoch : 1 | [64/811 (8%)]	Loss1: 5.840652 Loss2: 0.000026 
| Global Round : 25 | Client :9 | Local Epoch : 1 | [704/811 (92%)]	Loss1: 5.841391 Loss2: 0.000028 
| Global Round : 25 | Client :9 | Local Epoch : 2 | [64/811 (8%)]	Loss1: 5.839896 Loss2: 0.000022 
| Global Round : 25 | Client :9 | Local Epoch : 2 | [704/811 (92%)]	Loss1: 5.839975 Loss2: 0.000030 
| Global Round : 25 | Client :9 | Local Epoch : 3 | [64/811 (8%)]	Loss1: 5.840201 Loss2: 0.000025 
| Global Round : 25 | Client :9 | Local Epoch : 3 | [704/811 (92%)]	Loss1: 5.840332 Loss2: 0.000030 
| Global Round : 25 | Client :9 | Local Epoch : 4 | [64/811 (8%)]	Loss1: 5.841084 Loss2: 0.000020 
| Global Round : 25 | Client :9 | Local Epoch : 4 | [704/811 (92%)]	Loss1: 5.839906 Loss2: 0.000028 
average loss:   5.839009931901145
average local test accuracy: 0.8604166666666668
average global test accuracy:  0.6157552083333334

 | Global Training Round : 26 |

xi_k [0.49023246 0.48033391 0.5139272  0.50709063 0.46915226 0.48924344
 0.47758619 0.51267026 0.48615789 0.50438291]
max_exp: -1.0
coe: 10
Regulation [0.8 0.8 0.8 0.8 0.8 0.8 0.8 0.8 0.8 0.8]
Solver status: optimal_inaccurate
b_new: [1. 1. 1. 1. 1. 1. 1. 1. 1. 1.]
Iter 0: obj=48.9078, best_obj=48.9078, ||b_new-b_prev||₂=2.846050
xi_k [0.49023246 0.48033391 0.5139272  0.50709063 0.46915226 0.48924344
 0.47758619 0.51267026 0.48615789 0.50438291]
max_exp: -1.0
coe: 10
Regulation [-1. -1. -1. -1. -1. -1. -1. -1. -1. -1.]
Solver status: optimal_inaccurate
b_new: [1. 1. 1. 1. 1. 1. 1. 1. 1. 1.]
Iter 1: obj=49.8078, best_obj=49.8078, ||b_new-b_prev||₂=0.000000
Converged.
Final b: [1. 1. 1. 1. 1. 1. 1. 1. 1. 1.]
<class 'numpy.ndarray'>
b_float: [1. 1. 1. 1. 1. 1. 1. 1. 1. 1.]
b: [1 1 1 1 1 1 1 1 1 1]
active_clients:  [0, 1, 2, 3, 4, 5, 6, 7, 8, 9]
Client 0's s_k are:[0 0 0 0 0 0 1 0 0 0]
Client 1's s_k are:[0 0 0 0 0 0 1 0 0 0]
Client 2's s_k are:[0 0 0 0 0 0 0 0 0 1]
Client 3's s_k are:[0 0 1 0 0 0 0 0 0 0]
Client 4's s_k are:[0 0 0 0 0 0 0 1 0 0]
Client 5's s_k are:[0 0 0 1 0 0 0 0 0 0]
Client 6's s_k are:[1 0 0 0 0 0 0 0 0 0]
Client 7's s_k are:[0 0 0 0 0 0 1 0 0 0]
Client 8's s_k are:[0 0 0 0 0 0 0 0 0 1]
Client 9's s_k are:[0 0 1 0 0 0 0 0 0 0]
| Global Round : 26 | Client :0 | Local Epoch : 0 | [64/626 (11%)]	Loss1: 5.842390 Loss2: 0.000030 
| Global Round : 26 | Client :0 | Local Epoch : 1 | [64/626 (11%)]	Loss1: 5.841794 Loss2: 0.000026 
| Global Round : 26 | Client :0 | Local Epoch : 2 | [64/626 (11%)]	Loss1: 5.842406 Loss2: 0.000026 
| Global Round : 26 | Client :0 | Local Epoch : 3 | [64/626 (11%)]	Loss1: 5.841291 Loss2: 0.000025 
| Global Round : 26 | Client :0 | Local Epoch : 4 | [64/626 (11%)]	Loss1: 5.841049 Loss2: 0.000028 
| Global Round : 26 | Client :1 | Local Epoch : 0 | [64/497 (14%)]	Loss1: 5.842668 Loss2: 0.000044 
| Global Round : 26 | Client :1 | Local Epoch : 1 | [64/497 (14%)]	Loss1: 5.843982 Loss2: 0.000036 
| Global Round : 26 | Client :1 | Local Epoch : 2 | [64/497 (14%)]	Loss1: 5.842330 Loss2: 0.000037 
| Global Round : 26 | Client :1 | Local Epoch : 3 | [64/497 (14%)]	Loss1: 5.841499 Loss2: 0.000046 
| Global Round : 26 | Client :1 | Local Epoch : 4 | [64/497 (14%)]	Loss1: 5.841590 Loss2: 0.000041 
| Global Round : 26 | Client :2 | Local Epoch : 0 | [64/597 (11%)]	Loss1: 5.840528 Loss2: 0.000021 
| Global Round : 26 | Client :2 | Local Epoch : 1 | [64/597 (11%)]	Loss1: 5.840848 Loss2: 0.000024 
| Global Round : 26 | Client :2 | Local Epoch : 2 | [64/597 (11%)]	Loss1: 5.839865 Loss2: 0.000024 
| Global Round : 26 | Client :2 | Local Epoch : 3 | [64/597 (11%)]	Loss1: 5.841280 Loss2: 0.000024 
| Global Round : 26 | Client :2 | Local Epoch : 4 | [64/597 (11%)]	Loss1: 5.840516 Loss2: 0.000023 
| Global Round : 26 | Client :3 | Local Epoch : 0 | [64/605 (11%)]	Loss1: 5.840554 Loss2: 0.000030 
| Global Round : 26 | Client :3 | Local Epoch : 1 | [64/605 (11%)]	Loss1: 5.839743 Loss2: 0.000033 
| Global Round : 26 | Client :3 | Local Epoch : 2 | [64/605 (11%)]	Loss1: 5.840929 Loss2: 0.000030 
| Global Round : 26 | Client :3 | Local Epoch : 3 | [64/605 (11%)]	Loss1: 5.840698 Loss2: 0.000027 
| Global Round : 26 | Client :3 | Local Epoch : 4 | [64/605 (11%)]	Loss1: 5.840459 Loss2: 0.000031 
| Global Round : 26 | Client :4 | Local Epoch : 0 | [64/436 (17%)]	Loss1: 5.841814 Loss2: 0.000054 
| Global Round : 26 | Client :4 | Local Epoch : 1 | [64/436 (17%)]	Loss1: 5.840637 Loss2: 0.000058 
| Global Round : 26 | Client :4 | Local Epoch : 2 | [64/436 (17%)]	Loss1: 5.841200 Loss2: 0.000056 
| Global Round : 26 | Client :4 | Local Epoch : 3 | [64/436 (17%)]	Loss1: 5.841533 Loss2: 0.000049 
| Global Round : 26 | Client :4 | Local Epoch : 4 | [64/436 (17%)]	Loss1: 5.841079 Loss2: 0.000052 
| Global Round : 26 | Client :5 | Local Epoch : 0 | [64/627 (11%)]	Loss1: 5.839790 Loss2: 0.000029 
| Global Round : 26 | Client :5 | Local Epoch : 1 | [64/627 (11%)]	Loss1: 5.840128 Loss2: 0.000039 
| Global Round : 26 | Client :5 | Local Epoch : 2 | [64/627 (11%)]	Loss1: 5.840304 Loss2: 0.000031 
| Global Round : 26 | Client :5 | Local Epoch : 3 | [64/627 (11%)]	Loss1: 5.839082 Loss2: 0.000037 
| Global Round : 26 | Client :5 | Local Epoch : 4 | [64/627 (11%)]	Loss1: 5.840154 Loss2: 0.000031 
| Global Round : 26 | Client :6 | Local Epoch : 0 | [64/571 (12%)]	Loss1: 5.840720 Loss2: 0.000030 
| Global Round : 26 | Client :6 | Local Epoch : 1 | [64/571 (12%)]	Loss1: 5.840489 Loss2: 0.000029 
| Global Round : 26 | Client :6 | Local Epoch : 2 | [64/571 (12%)]	Loss1: 5.840924 Loss2: 0.000032 
| Global Round : 26 | Client :6 | Local Epoch : 3 | [64/571 (12%)]	Loss1: 5.840511 Loss2: 0.000028 
| Global Round : 26 | Client :6 | Local Epoch : 4 | [64/571 (12%)]	Loss1: 5.839836 Loss2: 0.000026 
| Global Round : 26 | Client :7 | Local Epoch : 0 | [64/665 (10%)]	Loss1: 5.841177 Loss2: 0.000029 
| Global Round : 26 | Client :7 | Local Epoch : 1 | [64/665 (10%)]	Loss1: 5.839699 Loss2: 0.000029 
| Global Round : 26 | Client :7 | Local Epoch : 2 | [64/665 (10%)]	Loss1: 5.841135 Loss2: 0.000030 
| Global Round : 26 | Client :7 | Local Epoch : 3 | [64/665 (10%)]	Loss1: 5.841189 Loss2: 0.000033 
| Global Round : 26 | Client :7 | Local Epoch : 4 | [64/665 (10%)]	Loss1: 5.839413 Loss2: 0.000030 
| Global Round : 26 | Client :8 | Local Epoch : 0 | [64/561 (12%)]	Loss1: 5.841435 Loss2: 0.000035 
| Global Round : 26 | Client :8 | Local Epoch : 1 | [64/561 (12%)]	Loss1: 5.841094 Loss2: 0.000036 
| Global Round : 26 | Client :8 | Local Epoch : 2 | [64/561 (12%)]	Loss1: 5.840463 Loss2: 0.000036 
| Global Round : 26 | Client :8 | Local Epoch : 3 | [64/561 (12%)]	Loss1: 5.840147 Loss2: 0.000039 
| Global Round : 26 | Client :8 | Local Epoch : 4 | [64/561 (12%)]	Loss1: 5.841243 Loss2: 0.000034 
| Global Round : 26 | Client :9 | Local Epoch : 0 | [64/811 (8%)]	Loss1: 5.840213 Loss2: 0.000028 
| Global Round : 26 | Client :9 | Local Epoch : 0 | [704/811 (92%)]	Loss1: 5.839754 Loss2: 0.000035 
| Global Round : 26 | Client :9 | Local Epoch : 1 | [64/811 (8%)]	Loss1: 5.840106 Loss2: 0.000034 
| Global Round : 26 | Client :9 | Local Epoch : 1 | [704/811 (92%)]	Loss1: 5.840486 Loss2: 0.000033 
| Global Round : 26 | Client :9 | Local Epoch : 2 | [64/811 (8%)]	Loss1: 5.839238 Loss2: 0.000033 
| Global Round : 26 | Client :9 | Local Epoch : 2 | [704/811 (92%)]	Loss1: 5.841143 Loss2: 0.000035 
| Global Round : 26 | Client :9 | Local Epoch : 3 | [64/811 (8%)]	Loss1: 5.841188 Loss2: 0.000028 
| Global Round : 26 | Client :9 | Local Epoch : 3 | [704/811 (92%)]	Loss1: 5.840328 Loss2: 0.000029 
| Global Round : 26 | Client :9 | Local Epoch : 4 | [64/811 (8%)]	Loss1: 5.841326 Loss2: 0.000022 
| Global Round : 26 | Client :9 | Local Epoch : 4 | [704/811 (92%)]	Loss1: 5.839765 Loss2: 0.000044 
average loss:   5.83892288173948
average local test accuracy: 0.8520833333333334
average global test accuracy:  0.609765625

 | Global Training Round : 27 |

xi_k [0.49014797 0.48032005 0.51389373 0.50709776 0.46914776 0.48922622
 0.47756942 0.51266886 0.48612937 0.50438081]
max_exp: -1.0
coe: 10
Regulation [0.8 0.8 0.8 0.8 0.8 0.8 0.8 0.8 0.8 0.8]
Solver status: optimal_inaccurate
b_new: [1. 1. 1. 1. 1. 1. 1. 1. 1. 1.]
Iter 0: obj=48.9058, best_obj=48.9058, ||b_new-b_prev||₂=2.846050
xi_k [0.49014797 0.48032005 0.51389373 0.50709776 0.46914776 0.48922622
 0.47756942 0.51266886 0.48612937 0.50438081]
max_exp: -1.0
coe: 10
Regulation [-1. -1. -1. -1. -1. -1. -1. -1. -1. -1.]
Solver status: optimal_inaccurate
b_new: [1. 1. 1. 1. 1. 1. 1. 1. 1. 1.]
Iter 1: obj=49.8058, best_obj=49.8058, ||b_new-b_prev||₂=0.000000
Converged.
Final b: [1. 1. 1. 1. 1. 1. 1. 1. 1. 1.]
<class 'numpy.ndarray'>
b_float: [1. 1. 1. 1. 1. 1. 1. 1. 1. 1.]
b: [1 1 1 1 1 1 1 1 1 1]
active_clients:  [0, 1, 2, 3, 4, 5, 6, 7, 8, 9]
Client 0's s_k are:[0 0 0 0 0 0 1 0 0 0]
Client 1's s_k are:[0 0 0 0 0 0 1 0 0 0]
Client 2's s_k are:[0 0 0 0 0 0 0 0 0 1]
Client 3's s_k are:[0 0 1 0 0 0 0 0 0 0]
Client 4's s_k are:[0 0 0 0 0 0 0 1 0 0]
Client 5's s_k are:[0 0 0 1 0 0 0 0 0 0]
Client 6's s_k are:[1 0 0 0 0 0 0 0 0 0]
Client 7's s_k are:[0 0 0 0 0 0 1 0 0 0]
Client 8's s_k are:[0 0 0 0 0 0 0 0 0 1]
Client 9's s_k are:[0 0 1 0 0 0 0 0 0 0]
| Global Round : 27 | Client :0 | Local Epoch : 0 | [64/626 (11%)]	Loss1: 5.841983 Loss2: 0.000031 
| Global Round : 27 | Client :0 | Local Epoch : 1 | [64/626 (11%)]	Loss1: 5.840892 Loss2: 0.000030 
| Global Round : 27 | Client :0 | Local Epoch : 2 | [64/626 (11%)]	Loss1: 5.842973 Loss2: 0.000026 
| Global Round : 27 | Client :0 | Local Epoch : 3 | [64/626 (11%)]	Loss1: 5.841754 Loss2: 0.000029 
| Global Round : 27 | Client :0 | Local Epoch : 4 | [64/626 (11%)]	Loss1: 5.842761 Loss2: 0.000027 
| Global Round : 27 | Client :1 | Local Epoch : 0 | [64/497 (14%)]	Loss1: 5.841798 Loss2: 0.000048 
| Global Round : 27 | Client :1 | Local Epoch : 1 | [64/497 (14%)]	Loss1: 5.842368 Loss2: 0.000041 
| Global Round : 27 | Client :1 | Local Epoch : 2 | [64/497 (14%)]	Loss1: 5.842551 Loss2: 0.000048 
| Global Round : 27 | Client :1 | Local Epoch : 3 | [64/497 (14%)]	Loss1: 5.842205 Loss2: 0.000044 
| Global Round : 27 | Client :1 | Local Epoch : 4 | [64/497 (14%)]	Loss1: 5.843165 Loss2: 0.000038 
| Global Round : 27 | Client :2 | Local Epoch : 0 | [64/597 (11%)]	Loss1: 5.840679 Loss2: 0.000025 
| Global Round : 27 | Client :2 | Local Epoch : 1 | [64/597 (11%)]	Loss1: 5.840268 Loss2: 0.000025 
| Global Round : 27 | Client :2 | Local Epoch : 2 | [64/597 (11%)]	Loss1: 5.840529 Loss2: 0.000027 
| Global Round : 27 | Client :2 | Local Epoch : 3 | [64/597 (11%)]	Loss1: 5.839983 Loss2: 0.000030 
| Global Round : 27 | Client :2 | Local Epoch : 4 | [64/597 (11%)]	Loss1: 5.840140 Loss2: 0.000027 
| Global Round : 27 | Client :3 | Local Epoch : 0 | [64/605 (11%)]	Loss1: 5.839830 Loss2: 0.000033 
| Global Round : 27 | Client :3 | Local Epoch : 1 | [64/605 (11%)]	Loss1: 5.840231 Loss2: 0.000028 
| Global Round : 27 | Client :3 | Local Epoch : 2 | [64/605 (11%)]	Loss1: 5.841748 Loss2: 0.000035 
| Global Round : 27 | Client :3 | Local Epoch : 3 | [64/605 (11%)]	Loss1: 5.841128 Loss2: 0.000039 
| Global Round : 27 | Client :3 | Local Epoch : 4 | [64/605 (11%)]	Loss1: 5.840086 Loss2: 0.000036 
| Global Round : 27 | Client :4 | Local Epoch : 0 | [64/436 (17%)]	Loss1: 5.842439 Loss2: 0.000051 
| Global Round : 27 | Client :4 | Local Epoch : 1 | [64/436 (17%)]	Loss1: 5.842433 Loss2: 0.000050 
| Global Round : 27 | Client :4 | Local Epoch : 2 | [64/436 (17%)]	Loss1: 5.839819 Loss2: 0.000051 
| Global Round : 27 | Client :4 | Local Epoch : 3 | [64/436 (17%)]	Loss1: 5.841690 Loss2: 0.000046 
| Global Round : 27 | Client :4 | Local Epoch : 4 | [64/436 (17%)]	Loss1: 5.840433 Loss2: 0.000055 
| Global Round : 27 | Client :5 | Local Epoch : 0 | [64/627 (11%)]	Loss1: 5.839355 Loss2: 0.000030 
| Global Round : 27 | Client :5 | Local Epoch : 1 | [64/627 (11%)]	Loss1: 5.839828 Loss2: 0.000028 
| Global Round : 27 | Client :5 | Local Epoch : 2 | [64/627 (11%)]	Loss1: 5.840700 Loss2: 0.000031 
| Global Round : 27 | Client :5 | Local Epoch : 3 | [64/627 (11%)]	Loss1: 5.839553 Loss2: 0.000032 
| Global Round : 27 | Client :5 | Local Epoch : 4 | [64/627 (11%)]	Loss1: 5.839860 Loss2: 0.000032 
| Global Round : 27 | Client :6 | Local Epoch : 0 | [64/571 (12%)]	Loss1: 5.841187 Loss2: 0.000022 
| Global Round : 27 | Client :6 | Local Epoch : 1 | [64/571 (12%)]	Loss1: 5.840511 Loss2: 0.000024 
| Global Round : 27 | Client :6 | Local Epoch : 2 | [64/571 (12%)]	Loss1: 5.840836 Loss2: 0.000027 
| Global Round : 27 | Client :6 | Local Epoch : 3 | [64/571 (12%)]	Loss1: 5.840150 Loss2: 0.000027 
| Global Round : 27 | Client :6 | Local Epoch : 4 | [64/571 (12%)]	Loss1: 5.840625 Loss2: 0.000023 
| Global Round : 27 | Client :7 | Local Epoch : 0 | [64/665 (10%)]	Loss1: 5.841852 Loss2: 0.000031 
| Global Round : 27 | Client :7 | Local Epoch : 1 | [64/665 (10%)]	Loss1: 5.841539 Loss2: 0.000032 
| Global Round : 27 | Client :7 | Local Epoch : 2 | [64/665 (10%)]	Loss1: 5.841534 Loss2: 0.000032 
| Global Round : 27 | Client :7 | Local Epoch : 3 | [64/665 (10%)]	Loss1: 5.841916 Loss2: 0.000028 
| Global Round : 27 | Client :7 | Local Epoch : 4 | [64/665 (10%)]	Loss1: 5.841308 Loss2: 0.000036 
| Global Round : 27 | Client :8 | Local Epoch : 0 | [64/561 (12%)]	Loss1: 5.840454 Loss2: 0.000031 
| Global Round : 27 | Client :8 | Local Epoch : 1 | [64/561 (12%)]	Loss1: 5.841297 Loss2: 0.000037 
| Global Round : 27 | Client :8 | Local Epoch : 2 | [64/561 (12%)]	Loss1: 5.840546 Loss2: 0.000033 
| Global Round : 27 | Client :8 | Local Epoch : 3 | [64/561 (12%)]	Loss1: 5.842042 Loss2: 0.000037 
| Global Round : 27 | Client :8 | Local Epoch : 4 | [64/561 (12%)]	Loss1: 5.840139 Loss2: 0.000038 
| Global Round : 27 | Client :9 | Local Epoch : 0 | [64/811 (8%)]	Loss1: 5.840822 Loss2: 0.000028 
| Global Round : 27 | Client :9 | Local Epoch : 0 | [704/811 (92%)]	Loss1: 5.840556 Loss2: 0.000033 
| Global Round : 27 | Client :9 | Local Epoch : 1 | [64/811 (8%)]	Loss1: 5.840782 Loss2: 0.000021 
| Global Round : 27 | Client :9 | Local Epoch : 1 | [704/811 (92%)]	Loss1: 5.841373 Loss2: 0.000033 
| Global Round : 27 | Client :9 | Local Epoch : 2 | [64/811 (8%)]	Loss1: 5.841168 Loss2: 0.000026 
| Global Round : 27 | Client :9 | Local Epoch : 2 | [704/811 (92%)]	Loss1: 5.841203 Loss2: 0.000033 
| Global Round : 27 | Client :9 | Local Epoch : 3 | [64/811 (8%)]	Loss1: 5.840463 Loss2: 0.000022 
| Global Round : 27 | Client :9 | Local Epoch : 3 | [704/811 (92%)]	Loss1: 5.840560 Loss2: 0.000032 
| Global Round : 27 | Client :9 | Local Epoch : 4 | [64/811 (8%)]	Loss1: 5.840518 Loss2: 0.000023 
| Global Round : 27 | Client :9 | Local Epoch : 4 | [704/811 (92%)]	Loss1: 5.839353 Loss2: 0.000031 
average loss:   5.838906970383629
average local test accuracy: 0.8614583333333334
average global test accuracy:  0.5287760416666666

 | Global Training Round : 28 |

xi_k [0.49016282 0.48030573 0.51387077 0.50706706 0.46914929 0.48921636
 0.47756652 0.5126977  0.48616736 0.50438901]
max_exp: -1.0
coe: 10
Regulation [0.8 0.8 0.8 0.8 0.8 0.8 0.8 0.8 0.8 0.8]
Solver status: optimal_inaccurate
b_new: [1. 1. 1. 1. 1. 1. 1. 1. 1. 1.]
Iter 0: obj=48.9059, best_obj=48.9059, ||b_new-b_prev||₂=2.846050
xi_k [0.49016282 0.48030573 0.51387077 0.50706706 0.46914929 0.48921636
 0.47756652 0.5126977  0.48616736 0.50438901]
max_exp: -1.0
coe: 10
Regulation [-1. -1. -1. -1. -1. -1. -1. -1. -1. -1.]
Solver status: optimal_inaccurate
b_new: [1. 1. 1. 1. 1. 1. 1. 1. 1. 1.]
Iter 1: obj=49.8059, best_obj=49.8059, ||b_new-b_prev||₂=0.000000
Converged.
Final b: [1. 1. 1. 1. 1. 1. 1. 1. 1. 1.]
<class 'numpy.ndarray'>
b_float: [1. 1. 1. 1. 1. 1. 1. 1. 1. 1.]
b: [1 1 1 1 1 1 1 1 1 1]
active_clients:  [0, 1, 2, 3, 4, 5, 6, 7, 8, 9]
Client 0's s_k are:[0 0 0 0 0 0 1 0 0 0]
Client 1's s_k are:[0 0 0 0 0 0 1 0 0 0]
Client 2's s_k are:[0 0 0 0 0 0 0 0 0 1]
Client 3's s_k are:[0 0 0 0 0 1 0 0 0 0]
Client 4's s_k are:[0 0 0 0 0 0 0 1 0 0]
Client 5's s_k are:[0 0 0 1 0 0 0 0 0 0]
Client 6's s_k are:[1 0 0 0 0 0 0 0 0 0]
Client 7's s_k are:[0 0 0 0 0 0 1 0 0 0]
Client 8's s_k are:[0 0 0 0 0 0 0 0 0 1]
Client 9's s_k are:[0 0 1 0 0 0 0 0 0 0]
| Global Round : 28 | Client :0 | Local Epoch : 0 | [64/626 (11%)]	Loss1: 5.841455 Loss2: 0.000032 
| Global Round : 28 | Client :0 | Local Epoch : 1 | [64/626 (11%)]	Loss1: 5.841802 Loss2: 0.000030 
| Global Round : 28 | Client :0 | Local Epoch : 2 | [64/626 (11%)]	Loss1: 5.842096 Loss2: 0.000029 
| Global Round : 28 | Client :0 | Local Epoch : 3 | [64/626 (11%)]	Loss1: 5.842351 Loss2: 0.000023 
| Global Round : 28 | Client :0 | Local Epoch : 4 | [64/626 (11%)]	Loss1: 5.841067 Loss2: 0.000033 
| Global Round : 28 | Client :1 | Local Epoch : 0 | [64/497 (14%)]	Loss1: 5.840909 Loss2: 0.000045 
| Global Round : 28 | Client :1 | Local Epoch : 1 | [64/497 (14%)]	Loss1: 5.842166 Loss2: 0.000041 
| Global Round : 28 | Client :1 | Local Epoch : 2 | [64/497 (14%)]	Loss1: 5.842270 Loss2: 0.000046 
| Global Round : 28 | Client :1 | Local Epoch : 3 | [64/497 (14%)]	Loss1: 5.841430 Loss2: 0.000043 
| Global Round : 28 | Client :1 | Local Epoch : 4 | [64/497 (14%)]	Loss1: 5.841901 Loss2: 0.000043 
| Global Round : 28 | Client :2 | Local Epoch : 0 | [64/597 (11%)]	Loss1: 5.839874 Loss2: 0.000024 
| Global Round : 28 | Client :2 | Local Epoch : 1 | [64/597 (11%)]	Loss1: 5.840623 Loss2: 0.000021 
| Global Round : 28 | Client :2 | Local Epoch : 2 | [64/597 (11%)]	Loss1: 5.840434 Loss2: 0.000021 
| Global Round : 28 | Client :2 | Local Epoch : 3 | [64/597 (11%)]	Loss1: 5.840881 Loss2: 0.000020 
| Global Round : 28 | Client :2 | Local Epoch : 4 | [64/597 (11%)]	Loss1: 5.840013 Loss2: 0.000025 
| Global Round : 28 | Client :3 | Local Epoch : 0 | [64/605 (11%)]	Loss1: 5.841093 Loss2: 0.000029 
| Global Round : 28 | Client :3 | Local Epoch : 1 | [64/605 (11%)]	Loss1: 5.840707 Loss2: 0.000025 
| Global Round : 28 | Client :3 | Local Epoch : 2 | [64/605 (11%)]	Loss1: 5.839978 Loss2: 0.000031 
| Global Round : 28 | Client :3 | Local Epoch : 3 | [64/605 (11%)]	Loss1: 5.842650 Loss2: 0.000031 
| Global Round : 28 | Client :3 | Local Epoch : 4 | [64/605 (11%)]	Loss1: 5.841451 Loss2: 0.000025 
| Global Round : 28 | Client :4 | Local Epoch : 0 | [64/436 (17%)]	Loss1: 5.840084 Loss2: 0.000043 
| Global Round : 28 | Client :4 | Local Epoch : 1 | [64/436 (17%)]	Loss1: 5.840908 Loss2: 0.000048 
| Global Round : 28 | Client :4 | Local Epoch : 2 | [64/436 (17%)]	Loss1: 5.840219 Loss2: 0.000042 
| Global Round : 28 | Client :4 | Local Epoch : 3 | [64/436 (17%)]	Loss1: 5.841691 Loss2: 0.000050 
| Global Round : 28 | Client :4 | Local Epoch : 4 | [64/436 (17%)]	Loss1: 5.839880 Loss2: 0.000047 
| Global Round : 28 | Client :5 | Local Epoch : 0 | [64/627 (11%)]	Loss1: 5.840364 Loss2: 0.000029 
| Global Round : 28 | Client :5 | Local Epoch : 1 | [64/627 (11%)]	Loss1: 5.840084 Loss2: 0.000028 
| Global Round : 28 | Client :5 | Local Epoch : 2 | [64/627 (11%)]	Loss1: 5.840130 Loss2: 0.000028 
| Global Round : 28 | Client :5 | Local Epoch : 3 | [64/627 (11%)]	Loss1: 5.839292 Loss2: 0.000028 
| Global Round : 28 | Client :5 | Local Epoch : 4 | [64/627 (11%)]	Loss1: 5.841316 Loss2: 0.000027 
| Global Round : 28 | Client :6 | Local Epoch : 0 | [64/571 (12%)]	Loss1: 5.839944 Loss2: 0.000024 
| Global Round : 28 | Client :6 | Local Epoch : 1 | [64/571 (12%)]	Loss1: 5.840230 Loss2: 0.000027 
| Global Round : 28 | Client :6 | Local Epoch : 2 | [64/571 (12%)]	Loss1: 5.840162 Loss2: 0.000026 
| Global Round : 28 | Client :6 | Local Epoch : 3 | [64/571 (12%)]	Loss1: 5.841180 Loss2: 0.000027 
| Global Round : 28 | Client :6 | Local Epoch : 4 | [64/571 (12%)]	Loss1: 5.841077 Loss2: 0.000027 
| Global Round : 28 | Client :7 | Local Epoch : 0 | [64/665 (10%)]	Loss1: 5.841168 Loss2: 0.000030 
| Global Round : 28 | Client :7 | Local Epoch : 1 | [64/665 (10%)]	Loss1: 5.840292 Loss2: 0.000035 
| Global Round : 28 | Client :7 | Local Epoch : 2 | [64/665 (10%)]	Loss1: 5.841471 Loss2: 0.000027 
| Global Round : 28 | Client :7 | Local Epoch : 3 | [64/665 (10%)]	Loss1: 5.840299 Loss2: 0.000032 
| Global Round : 28 | Client :7 | Local Epoch : 4 | [64/665 (10%)]	Loss1: 5.840939 Loss2: 0.000031 
| Global Round : 28 | Client :8 | Local Epoch : 0 | [64/561 (12%)]	Loss1: 5.840044 Loss2: 0.000030 
| Global Round : 28 | Client :8 | Local Epoch : 1 | [64/561 (12%)]	Loss1: 5.840074 Loss2: 0.000032 
| Global Round : 28 | Client :8 | Local Epoch : 2 | [64/561 (12%)]	Loss1: 5.841021 Loss2: 0.000030 
| Global Round : 28 | Client :8 | Local Epoch : 3 | [64/561 (12%)]	Loss1: 5.841161 Loss2: 0.000034 
| Global Round : 28 | Client :8 | Local Epoch : 4 | [64/561 (12%)]	Loss1: 5.841550 Loss2: 0.000035 
| Global Round : 28 | Client :9 | Local Epoch : 0 | [64/811 (8%)]	Loss1: 5.839704 Loss2: 0.000024 
| Global Round : 28 | Client :9 | Local Epoch : 0 | [704/811 (92%)]	Loss1: 5.839909 Loss2: 0.000030 
| Global Round : 28 | Client :9 | Local Epoch : 1 | [64/811 (8%)]	Loss1: 5.841035 Loss2: 0.000017 
| Global Round : 28 | Client :9 | Local Epoch : 1 | [704/811 (92%)]	Loss1: 5.839497 Loss2: 0.000031 
| Global Round : 28 | Client :9 | Local Epoch : 2 | [64/811 (8%)]	Loss1: 5.839605 Loss2: 0.000025 
| Global Round : 28 | Client :9 | Local Epoch : 2 | [704/811 (92%)]	Loss1: 5.840061 Loss2: 0.000029 
| Global Round : 28 | Client :9 | Local Epoch : 3 | [64/811 (8%)]	Loss1: 5.840769 Loss2: 0.000025 
| Global Round : 28 | Client :9 | Local Epoch : 3 | [704/811 (92%)]	Loss1: 5.841054 Loss2: 0.000034 
| Global Round : 28 | Client :9 | Local Epoch : 4 | [64/811 (8%)]	Loss1: 5.840504 Loss2: 0.000023 
| Global Round : 28 | Client :9 | Local Epoch : 4 | [704/811 (92%)]	Loss1: 5.839983 Loss2: 0.000029 
average loss:   5.838813738406651
average local test accuracy: 0.8723958333333333
average global test accuracy:  0.5766927083333333

 | Global Training Round : 29 |

xi_k [0.49015118 0.48029125 0.51388621 0.50707989 0.46915845 0.4892139
 0.47755578 0.5126686  0.48612555 0.50436365]
max_exp: -1.0
coe: 10
Regulation [0.8 0.8 0.8 0.8 0.8 0.8 0.8 0.8 0.8 0.8]
Solver status: optimal_inaccurate
b_new: [1. 1. 1. 1. 1. 1. 1. 1. 1. 1.]
Iter 0: obj=48.9049, best_obj=48.9049, ||b_new-b_prev||₂=2.846050
xi_k [0.49015118 0.48029125 0.51388621 0.50707989 0.46915845 0.4892139
 0.47755578 0.5126686  0.48612555 0.50436365]
max_exp: -1.0
coe: 10
Regulation [-1. -1. -1. -1. -1. -1. -1. -1. -1. -1.]
Solver status: optimal_inaccurate
b_new: [1. 1. 1. 1. 1. 1. 1. 1. 1. 1.]
Iter 1: obj=49.8049, best_obj=49.8049, ||b_new-b_prev||₂=0.000000
Converged.
Final b: [1. 1. 1. 1. 1. 1. 1. 1. 1. 1.]
<class 'numpy.ndarray'>
b_float: [1. 1. 1. 1. 1. 1. 1. 1. 1. 1.]
b: [1 1 1 1 1 1 1 1 1 1]
active_clients:  [0, 1, 2, 3, 4, 5, 6, 7, 8, 9]
Client 0's s_k are:[0 0 0 0 0 0 1 0 0 0]
Client 1's s_k are:[0 0 0 0 0 0 1 0 0 0]
Client 2's s_k are:[0 0 0 0 0 0 0 0 0 1]
Client 3's s_k are:[0 0 1 0 0 0 0 0 0 0]
Client 4's s_k are:[0 0 0 0 0 0 0 1 0 0]
Client 5's s_k are:[0 0 0 1 0 0 0 0 0 0]
Client 6's s_k are:[1 0 0 0 0 0 0 0 0 0]
Client 7's s_k are:[0 0 0 0 0 0 1 0 0 0]
Client 8's s_k are:[0 0 0 0 0 0 0 0 0 1]
Client 9's s_k are:[0 0 1 0 0 0 0 0 0 0]
| Global Round : 29 | Client :0 | Local Epoch : 0 | [64/626 (11%)]	Loss1: 5.841533 Loss2: 0.000022 
| Global Round : 29 | Client :0 | Local Epoch : 1 | [64/626 (11%)]	Loss1: 5.842771 Loss2: 0.000034 
| Global Round : 29 | Client :0 | Local Epoch : 2 | [64/626 (11%)]	Loss1: 5.842336 Loss2: 0.000026 
| Global Round : 29 | Client :0 | Local Epoch : 3 | [64/626 (11%)]	Loss1: 5.841038 Loss2: 0.000030 
| Global Round : 29 | Client :0 | Local Epoch : 4 | [64/626 (11%)]	Loss1: 5.841217 Loss2: 0.000026 
| Global Round : 29 | Client :1 | Local Epoch : 0 | [64/497 (14%)]	Loss1: 5.841896 Loss2: 0.000038 
| Global Round : 29 | Client :1 | Local Epoch : 1 | [64/497 (14%)]	Loss1: 5.842826 Loss2: 0.000041 
| Global Round : 29 | Client :1 | Local Epoch : 2 | [64/497 (14%)]	Loss1: 5.841192 Loss2: 0.000033 
| Global Round : 29 | Client :1 | Local Epoch : 3 | [64/497 (14%)]	Loss1: 5.841627 Loss2: 0.000041 
| Global Round : 29 | Client :1 | Local Epoch : 4 | [64/497 (14%)]	Loss1: 5.840891 Loss2: 0.000044 
| Global Round : 29 | Client :2 | Local Epoch : 0 | [64/597 (11%)]	Loss1: 5.840988 Loss2: 0.000024 
| Global Round : 29 | Client :2 | Local Epoch : 1 | [64/597 (11%)]	Loss1: 5.840937 Loss2: 0.000025 
| Global Round : 29 | Client :2 | Local Epoch : 2 | [64/597 (11%)]	Loss1: 5.840162 Loss2: 0.000025 
| Global Round : 29 | Client :2 | Local Epoch : 3 | [64/597 (11%)]	Loss1: 5.841028 Loss2: 0.000022 
| Global Round : 29 | Client :2 | Local Epoch : 4 | [64/597 (11%)]	Loss1: 5.840836 Loss2: 0.000028 
| Global Round : 29 | Client :3 | Local Epoch : 0 | [64/605 (11%)]	Loss1: 5.840447 Loss2: 0.000033 
| Global Round : 29 | Client :3 | Local Epoch : 1 | [64/605 (11%)]	Loss1: 5.839670 Loss2: 0.000034 
| Global Round : 29 | Client :3 | Local Epoch : 2 | [64/605 (11%)]	Loss1: 5.840324 Loss2: 0.000033 
| Global Round : 29 | Client :3 | Local Epoch : 3 | [64/605 (11%)]	Loss1: 5.840796 Loss2: 0.000036 
| Global Round : 29 | Client :3 | Local Epoch : 4 | [64/605 (11%)]	Loss1: 5.840669 Loss2: 0.000036 
| Global Round : 29 | Client :4 | Local Epoch : 0 | [64/436 (17%)]	Loss1: 5.842311 Loss2: 0.000050 
| Global Round : 29 | Client :4 | Local Epoch : 1 | [64/436 (17%)]	Loss1: 5.841664 Loss2: 0.000054 
| Global Round : 29 | Client :4 | Local Epoch : 2 | [64/436 (17%)]	Loss1: 5.841027 Loss2: 0.000055 
| Global Round : 29 | Client :4 | Local Epoch : 3 | [64/436 (17%)]	Loss1: 5.842263 Loss2: 0.000055 
| Global Round : 29 | Client :4 | Local Epoch : 4 | [64/436 (17%)]	Loss1: 5.840975 Loss2: 0.000051 
| Global Round : 29 | Client :5 | Local Epoch : 0 | [64/627 (11%)]	Loss1: 5.839448 Loss2: 0.000031 
| Global Round : 29 | Client :5 | Local Epoch : 1 | [64/627 (11%)]	Loss1: 5.839612 Loss2: 0.000028 
| Global Round : 29 | Client :5 | Local Epoch : 2 | [64/627 (11%)]	Loss1: 5.840208 Loss2: 0.000026 
| Global Round : 29 | Client :5 | Local Epoch : 3 | [64/627 (11%)]	Loss1: 5.839782 Loss2: 0.000030 
| Global Round : 29 | Client :5 | Local Epoch : 4 | [64/627 (11%)]	Loss1: 5.839941 Loss2: 0.000032 
| Global Round : 29 | Client :6 | Local Epoch : 0 | [64/571 (12%)]	Loss1: 5.840654 Loss2: 0.000025 
| Global Round : 29 | Client :6 | Local Epoch : 1 | [64/571 (12%)]	Loss1: 5.841983 Loss2: 0.000032 
| Global Round : 29 | Client :6 | Local Epoch : 2 | [64/571 (12%)]	Loss1: 5.840510 Loss2: 0.000027 
| Global Round : 29 | Client :6 | Local Epoch : 3 | [64/571 (12%)]	Loss1: 5.840714 Loss2: 0.000025 
| Global Round : 29 | Client :6 | Local Epoch : 4 | [64/571 (12%)]	Loss1: 5.839683 Loss2: 0.000023 
| Global Round : 29 | Client :7 | Local Epoch : 0 | [64/665 (10%)]	Loss1: 5.840240 Loss2: 0.000033 
| Global Round : 29 | Client :7 | Local Epoch : 1 | [64/665 (10%)]	Loss1: 5.840436 Loss2: 0.000033 
| Global Round : 29 | Client :7 | Local Epoch : 2 | [64/665 (10%)]	Loss1: 5.839711 Loss2: 0.000031 
| Global Round : 29 | Client :7 | Local Epoch : 3 | [64/665 (10%)]	Loss1: 5.841196 Loss2: 0.000030 
| Global Round : 29 | Client :7 | Local Epoch : 4 | [64/665 (10%)]	Loss1: 5.841575 Loss2: 0.000030 
| Global Round : 29 | Client :8 | Local Epoch : 0 | [64/561 (12%)]	Loss1: 5.841080 Loss2: 0.000035 
| Global Round : 29 | Client :8 | Local Epoch : 1 | [64/561 (12%)]	Loss1: 5.840871 Loss2: 0.000033 
| Global Round : 29 | Client :8 | Local Epoch : 2 | [64/561 (12%)]	Loss1: 5.840607 Loss2: 0.000034 
| Global Round : 29 | Client :8 | Local Epoch : 3 | [64/561 (12%)]	Loss1: 5.841913 Loss2: 0.000031 
| Global Round : 29 | Client :8 | Local Epoch : 4 | [64/561 (12%)]	Loss1: 5.842039 Loss2: 0.000032 
| Global Round : 29 | Client :9 | Local Epoch : 0 | [64/811 (8%)]	Loss1: 5.841171 Loss2: 0.000024 
| Global Round : 29 | Client :9 | Local Epoch : 0 | [704/811 (92%)]	Loss1: 5.840010 Loss2: 0.000028 
| Global Round : 29 | Client :9 | Local Epoch : 1 | [64/811 (8%)]	Loss1: 5.841027 Loss2: 0.000026 
| Global Round : 29 | Client :9 | Local Epoch : 1 | [704/811 (92%)]	Loss1: 5.839977 Loss2: 0.000029 
| Global Round : 29 | Client :9 | Local Epoch : 2 | [64/811 (8%)]	Loss1: 5.840250 Loss2: 0.000022 
| Global Round : 29 | Client :9 | Local Epoch : 2 | [704/811 (92%)]	Loss1: 5.840095 Loss2: 0.000033 
| Global Round : 29 | Client :9 | Local Epoch : 3 | [64/811 (8%)]	Loss1: 5.841024 Loss2: 0.000021 
| Global Round : 29 | Client :9 | Local Epoch : 3 | [704/811 (92%)]	Loss1: 5.839963 Loss2: 0.000030 
| Global Round : 29 | Client :9 | Local Epoch : 4 | [64/811 (8%)]	Loss1: 5.840100 Loss2: 0.000021 
| Global Round : 29 | Client :9 | Local Epoch : 4 | [704/811 (92%)]	Loss1: 5.840455 Loss2: 0.000031 
average loss:   5.838914075597884
average local test accuracy: 0.8610677083333332
average global test accuracy:  0.5787760416666667

 | Global Training Round : 30 |

xi_k [0.49014629 0.48033815 0.5138935  0.50710191 0.46916183 0.48923109
 0.47755971 0.5126625  0.48614078 0.5043919 ]
max_exp: -1.0
coe: 10
Regulation [0.8 0.8 0.8 0.8 0.8 0.8 0.8 0.8 0.8 0.8]
Solver status: optimal_inaccurate
b_new: [1. 1. 1. 1. 1. 1. 1. 1. 1. 1.]
Iter 0: obj=48.9063, best_obj=48.9063, ||b_new-b_prev||₂=2.846050
xi_k [0.49014629 0.48033815 0.5138935  0.50710191 0.46916183 0.48923109
 0.47755971 0.5126625  0.48614078 0.5043919 ]
max_exp: -1.0
coe: 10
Regulation [-1. -1. -1. -1. -1. -1. -1. -1. -1. -1.]
Solver status: optimal_inaccurate
b_new: [1. 1. 1. 1. 1. 1. 1. 1. 1. 1.]
Iter 1: obj=49.8063, best_obj=49.8063, ||b_new-b_prev||₂=0.000000
Converged.
Final b: [1. 1. 1. 1. 1. 1. 1. 1. 1. 1.]
<class 'numpy.ndarray'>
b_float: [1. 1. 1. 1. 1. 1. 1. 1. 1. 1.]
b: [1 1 1 1 1 1 1 1 1 1]
active_clients:  [0, 1, 2, 3, 4, 5, 6, 7, 8, 9]
Client 0's s_k are:[0 0 0 0 0 0 1 0 0 0]
Client 1's s_k are:[0 0 0 0 0 0 1 0 0 0]
Client 2's s_k are:[0 0 0 0 0 0 0 0 0 1]
Client 3's s_k are:[0 0 0 0 0 1 0 0 0 0]
Client 4's s_k are:[0 0 0 0 0 0 0 1 0 0]
Client 5's s_k are:[0 0 0 1 0 0 0 0 0 0]
Client 6's s_k are:[1 0 0 0 0 0 0 0 0 0]
Client 7's s_k are:[0 0 0 0 0 0 1 0 0 0]
Client 8's s_k are:[0 0 0 0 0 0 0 0 0 1]
Client 9's s_k are:[0 0 0 0 0 0 0 0 1 0]
| Global Round : 30 | Client :0 | Local Epoch : 0 | [64/626 (11%)]	Loss1: 5.839643 Loss2: 0.000025 
| Global Round : 30 | Client :0 | Local Epoch : 1 | [64/626 (11%)]	Loss1: 5.841964 Loss2: 0.000032 
| Global Round : 30 | Client :0 | Local Epoch : 2 | [64/626 (11%)]	Loss1: 5.840975 Loss2: 0.000036 
| Global Round : 30 | Client :0 | Local Epoch : 3 | [64/626 (11%)]	Loss1: 5.841157 Loss2: 0.000032 
| Global Round : 30 | Client :0 | Local Epoch : 4 | [64/626 (11%)]	Loss1: 5.842363 Loss2: 0.000036 
| Global Round : 30 | Client :1 | Local Epoch : 0 | [64/497 (14%)]	Loss1: 5.842173 Loss2: 0.000040 
| Global Round : 30 | Client :1 | Local Epoch : 1 | [64/497 (14%)]	Loss1: 5.843102 Loss2: 0.000050 
| Global Round : 30 | Client :1 | Local Epoch : 2 | [64/497 (14%)]	Loss1: 5.842792 Loss2: 0.000044 
| Global Round : 30 | Client :1 | Local Epoch : 3 | [64/497 (14%)]	Loss1: 5.840784 Loss2: 0.000044 
| Global Round : 30 | Client :1 | Local Epoch : 4 | [64/497 (14%)]	Loss1: 5.841019 Loss2: 0.000042 
| Global Round : 30 | Client :2 | Local Epoch : 0 | [64/597 (11%)]	Loss1: 5.839492 Loss2: 0.000026 
| Global Round : 30 | Client :2 | Local Epoch : 1 | [64/597 (11%)]	Loss1: 5.839583 Loss2: 0.000026 
| Global Round : 30 | Client :2 | Local Epoch : 2 | [64/597 (11%)]	Loss1: 5.840536 Loss2: 0.000026 
| Global Round : 30 | Client :2 | Local Epoch : 3 | [64/597 (11%)]	Loss1: 5.840334 Loss2: 0.000025 
| Global Round : 30 | Client :2 | Local Epoch : 4 | [64/597 (11%)]	Loss1: 5.840158 Loss2: 0.000024 
| Global Round : 30 | Client :3 | Local Epoch : 0 | [64/605 (11%)]	Loss1: 5.840189 Loss2: 0.000025 
| Global Round : 30 | Client :3 | Local Epoch : 1 | [64/605 (11%)]	Loss1: 5.840584 Loss2: 0.000029 
| Global Round : 30 | Client :3 | Local Epoch : 2 | [64/605 (11%)]	Loss1: 5.840726 Loss2: 0.000026 
| Global Round : 30 | Client :3 | Local Epoch : 3 | [64/605 (11%)]	Loss1: 5.841291 Loss2: 0.000027 
| Global Round : 30 | Client :3 | Local Epoch : 4 | [64/605 (11%)]	Loss1: 5.840976 Loss2: 0.000028 
| Global Round : 30 | Client :4 | Local Epoch : 0 | [64/436 (17%)]	Loss1: 5.839830 Loss2: 0.000046 
| Global Round : 30 | Client :4 | Local Epoch : 1 | [64/436 (17%)]	Loss1: 5.841465 Loss2: 0.000045 
| Global Round : 30 | Client :4 | Local Epoch : 2 | [64/436 (17%)]	Loss1: 5.840433 Loss2: 0.000044 
| Global Round : 30 | Client :4 | Local Epoch : 3 | [64/436 (17%)]	Loss1: 5.839633 Loss2: 0.000046 
| Global Round : 30 | Client :4 | Local Epoch : 4 | [64/436 (17%)]	Loss1: 5.841393 Loss2: 0.000046 
| Global Round : 30 | Client :5 | Local Epoch : 0 | [64/627 (11%)]	Loss1: 5.839600 Loss2: 0.000028 
| Global Round : 30 | Client :5 | Local Epoch : 1 | [64/627 (11%)]	Loss1: 5.840530 Loss2: 0.000032 
| Global Round : 30 | Client :5 | Local Epoch : 2 | [64/627 (11%)]	Loss1: 5.839670 Loss2: 0.000028 
| Global Round : 30 | Client :5 | Local Epoch : 3 | [64/627 (11%)]	Loss1: 5.840194 Loss2: 0.000029 
| Global Round : 30 | Client :5 | Local Epoch : 4 | [64/627 (11%)]	Loss1: 5.839740 Loss2: 0.000031 
| Global Round : 30 | Client :6 | Local Epoch : 0 | [64/571 (12%)]	Loss1: 5.841916 Loss2: 0.000027 
| Global Round : 30 | Client :6 | Local Epoch : 1 | [64/571 (12%)]	Loss1: 5.840286 Loss2: 0.000023 
| Global Round : 30 | Client :6 | Local Epoch : 2 | [64/571 (12%)]	Loss1: 5.839543 Loss2: 0.000031 
| Global Round : 30 | Client :6 | Local Epoch : 3 | [64/571 (12%)]	Loss1: 5.840450 Loss2: 0.000024 
| Global Round : 30 | Client :6 | Local Epoch : 4 | [64/571 (12%)]	Loss1: 5.840398 Loss2: 0.000026 
| Global Round : 30 | Client :7 | Local Epoch : 0 | [64/665 (10%)]	Loss1: 5.841778 Loss2: 0.000030 
| Global Round : 30 | Client :7 | Local Epoch : 1 | [64/665 (10%)]	Loss1: 5.840585 Loss2: 0.000035 
| Global Round : 30 | Client :7 | Local Epoch : 2 | [64/665 (10%)]	Loss1: 5.841352 Loss2: 0.000028 
| Global Round : 30 | Client :7 | Local Epoch : 3 | [64/665 (10%)]	Loss1: 5.842062 Loss2: 0.000029 
| Global Round : 30 | Client :7 | Local Epoch : 4 | [64/665 (10%)]	Loss1: 5.841217 Loss2: 0.000033 
| Global Round : 30 | Client :8 | Local Epoch : 0 | [64/561 (12%)]	Loss1: 5.840769 Loss2: 0.000029 
| Global Round : 30 | Client :8 | Local Epoch : 1 | [64/561 (12%)]	Loss1: 5.841703 Loss2: 0.000029 
| Global Round : 30 | Client :8 | Local Epoch : 2 | [64/561 (12%)]	Loss1: 5.840913 Loss2: 0.000029 
| Global Round : 30 | Client :8 | Local Epoch : 3 | [64/561 (12%)]	Loss1: 5.839729 Loss2: 0.000029 
| Global Round : 30 | Client :8 | Local Epoch : 4 | [64/561 (12%)]	Loss1: 5.840304 Loss2: 0.000028 
| Global Round : 30 | Client :9 | Local Epoch : 0 | [64/811 (8%)]	Loss1: 5.840965 Loss2: 0.000028 
| Global Round : 30 | Client :9 | Local Epoch : 0 | [704/811 (92%)]	Loss1: 5.840312 Loss2: 0.000035 
| Global Round : 30 | Client :9 | Local Epoch : 1 | [64/811 (8%)]	Loss1: 5.840314 Loss2: 0.000031 
| Global Round : 30 | Client :9 | Local Epoch : 1 | [704/811 (92%)]	Loss1: 5.840943 Loss2: 0.000030 
| Global Round : 30 | Client :9 | Local Epoch : 2 | [64/811 (8%)]	Loss1: 5.840061 Loss2: 0.000035 
| Global Round : 30 | Client :9 | Local Epoch : 2 | [704/811 (92%)]	Loss1: 5.840568 Loss2: 0.000033 
| Global Round : 30 | Client :9 | Local Epoch : 3 | [64/811 (8%)]	Loss1: 5.839665 Loss2: 0.000032 
| Global Round : 30 | Client :9 | Local Epoch : 3 | [704/811 (92%)]	Loss1: 5.839715 Loss2: 0.000035 
| Global Round : 30 | Client :9 | Local Epoch : 4 | [64/811 (8%)]	Loss1: 5.841504 Loss2: 0.000037 
| Global Round : 30 | Client :9 | Local Epoch : 4 | [704/811 (92%)]	Loss1: 5.840887 Loss2: 0.000031 
average loss:   5.838741432087762
average local test accuracy: 0.8671875
average global test accuracy:  0.5861979166666667

 | Global Training Round : 31 |

xi_k [0.49014139 0.48025365 0.51383326 0.5070517  0.46916467 0.48920021
 0.47754821 0.51266854 0.48611369 0.50436975]
max_exp: -1.0
coe: 10
Regulation [0.8 0.8 0.8 0.8 0.8 0.8 0.8 0.8 0.8 0.8]
Solver status: optimal_inaccurate
b_new: [1. 1. 1. 1. 1. 1. 1. 1. 1. 1.]
Iter 0: obj=48.9035, best_obj=48.9035, ||b_new-b_prev||₂=2.846050
xi_k [0.49014139 0.48025365 0.51383326 0.5070517  0.46916467 0.48920021
 0.47754821 0.51266854 0.48611369 0.50436975]
max_exp: -1.0
coe: 10
Regulation [-1. -1. -1. -1. -1. -1. -1. -1. -1. -1.]
Solver status: optimal_inaccurate
b_new: [1. 1. 1. 1. 1. 1. 1. 1. 1. 1.]
Iter 1: obj=49.8035, best_obj=49.8035, ||b_new-b_prev||₂=0.000000
Converged.
Final b: [1. 1. 1. 1. 1. 1. 1. 1. 1. 1.]
<class 'numpy.ndarray'>
b_float: [1. 1. 1. 1. 1. 1. 1. 1. 1. 1.]
b: [1 1 1 1 1 1 1 1 1 1]
active_clients:  [0, 1, 2, 3, 4, 5, 6, 7, 8, 9]
Client 0's s_k are:[0 0 0 0 0 0 1 0 0 0]
Client 1's s_k are:[0 0 0 0 0 0 1 0 0 0]
Client 2's s_k are:[0 0 0 0 0 0 0 0 0 1]
Client 3's s_k are:[0 0 0 0 0 1 0 0 0 0]
Client 4's s_k are:[0 0 0 0 0 0 0 1 0 0]
Client 5's s_k are:[0 0 0 1 0 0 0 0 0 0]
Client 6's s_k are:[1 0 0 0 0 0 0 0 0 0]
Client 7's s_k are:[0 0 0 0 0 0 1 0 0 0]
Client 8's s_k are:[0 0 0 0 0 0 0 0 0 1]
Client 9's s_k are:[0 0 1 0 0 0 0 0 0 0]
| Global Round : 31 | Client :0 | Local Epoch : 0 | [64/626 (11%)]	Loss1: 5.841804 Loss2: 0.000032 
| Global Round : 31 | Client :0 | Local Epoch : 1 | [64/626 (11%)]	Loss1: 5.841088 Loss2: 0.000032 
| Global Round : 31 | Client :0 | Local Epoch : 2 | [64/626 (11%)]	Loss1: 5.841644 Loss2: 0.000031 
| Global Round : 31 | Client :0 | Local Epoch : 3 | [64/626 (11%)]	Loss1: 5.841518 Loss2: 0.000030 
| Global Round : 31 | Client :0 | Local Epoch : 4 | [64/626 (11%)]	Loss1: 5.840385 Loss2: 0.000027 
| Global Round : 31 | Client :1 | Local Epoch : 0 | [64/497 (14%)]	Loss1: 5.841735 Loss2: 0.000054 
| Global Round : 31 | Client :1 | Local Epoch : 1 | [64/497 (14%)]	Loss1: 5.843216 Loss2: 0.000040 
| Global Round : 31 | Client :1 | Local Epoch : 2 | [64/497 (14%)]	Loss1: 5.842662 Loss2: 0.000046 
| Global Round : 31 | Client :1 | Local Epoch : 3 | [64/497 (14%)]	Loss1: 5.842276 Loss2: 0.000042 
| Global Round : 31 | Client :1 | Local Epoch : 4 | [64/497 (14%)]	Loss1: 5.841115 Loss2: 0.000046 
| Global Round : 31 | Client :2 | Local Epoch : 0 | [64/597 (11%)]	Loss1: 5.840461 Loss2: 0.000024 
| Global Round : 31 | Client :2 | Local Epoch : 1 | [64/597 (11%)]	Loss1: 5.840689 Loss2: 0.000027 
| Global Round : 31 | Client :2 | Local Epoch : 2 | [64/597 (11%)]	Loss1: 5.839761 Loss2: 0.000023 
| Global Round : 31 | Client :2 | Local Epoch : 3 | [64/597 (11%)]	Loss1: 5.840557 Loss2: 0.000025 
| Global Round : 31 | Client :2 | Local Epoch : 4 | [64/597 (11%)]	Loss1: 5.839963 Loss2: 0.000028 
| Global Round : 31 | Client :3 | Local Epoch : 0 | [64/605 (11%)]	Loss1: 5.840249 Loss2: 0.000026 
| Global Round : 31 | Client :3 | Local Epoch : 1 | [64/605 (11%)]	Loss1: 5.840958 Loss2: 0.000025 
| Global Round : 31 | Client :3 | Local Epoch : 2 | [64/605 (11%)]	Loss1: 5.839815 Loss2: 0.000020 
| Global Round : 31 | Client :3 | Local Epoch : 3 | [64/605 (11%)]	Loss1: 5.841054 Loss2: 0.000029 
| Global Round : 31 | Client :3 | Local Epoch : 4 | [64/605 (11%)]	Loss1: 5.839938 Loss2: 0.000032 
| Global Round : 31 | Client :4 | Local Epoch : 0 | [64/436 (17%)]	Loss1: 5.840788 Loss2: 0.000052 
| Global Round : 31 | Client :4 | Local Epoch : 1 | [64/436 (17%)]	Loss1: 5.841540 Loss2: 0.000048 
| Global Round : 31 | Client :4 | Local Epoch : 2 | [64/436 (17%)]	Loss1: 5.840023 Loss2: 0.000049 
| Global Round : 31 | Client :4 | Local Epoch : 3 | [64/436 (17%)]	Loss1: 5.840215 Loss2: 0.000044 
| Global Round : 31 | Client :4 | Local Epoch : 4 | [64/436 (17%)]	Loss1: 5.840358 Loss2: 0.000045 
| Global Round : 31 | Client :5 | Local Epoch : 0 | [64/627 (11%)]	Loss1: 5.839725 Loss2: 0.000029 
| Global Round : 31 | Client :5 | Local Epoch : 1 | [64/627 (11%)]	Loss1: 5.840251 Loss2: 0.000032 
| Global Round : 31 | Client :5 | Local Epoch : 2 | [64/627 (11%)]	Loss1: 5.839217 Loss2: 0.000031 
| Global Round : 31 | Client :5 | Local Epoch : 3 | [64/627 (11%)]	Loss1: 5.839480 Loss2: 0.000028 
| Global Round : 31 | Client :5 | Local Epoch : 4 | [64/627 (11%)]	Loss1: 5.839366 Loss2: 0.000029 
| Global Round : 31 | Client :6 | Local Epoch : 0 | [64/571 (12%)]	Loss1: 5.840745 Loss2: 0.000027 
| Global Round : 31 | Client :6 | Local Epoch : 1 | [64/571 (12%)]	Loss1: 5.840467 Loss2: 0.000030 
| Global Round : 31 | Client :6 | Local Epoch : 2 | [64/571 (12%)]	Loss1: 5.840744 Loss2: 0.000030 
| Global Round : 31 | Client :6 | Local Epoch : 3 | [64/571 (12%)]	Loss1: 5.841536 Loss2: 0.000027 
| Global Round : 31 | Client :6 | Local Epoch : 4 | [64/571 (12%)]	Loss1: 5.840264 Loss2: 0.000031 
| Global Round : 31 | Client :7 | Local Epoch : 0 | [64/665 (10%)]	Loss1: 5.839889 Loss2: 0.000026 
| Global Round : 31 | Client :7 | Local Epoch : 1 | [64/665 (10%)]	Loss1: 5.840705 Loss2: 0.000035 
| Global Round : 31 | Client :7 | Local Epoch : 2 | [64/665 (10%)]	Loss1: 5.841752 Loss2: 0.000033 
| Global Round : 31 | Client :7 | Local Epoch : 3 | [64/665 (10%)]	Loss1: 5.841120 Loss2: 0.000029 
| Global Round : 31 | Client :7 | Local Epoch : 4 | [64/665 (10%)]	Loss1: 5.840887 Loss2: 0.000031 
| Global Round : 31 | Client :8 | Local Epoch : 0 | [64/561 (12%)]	Loss1: 5.841102 Loss2: 0.000033 
| Global Round : 31 | Client :8 | Local Epoch : 1 | [64/561 (12%)]	Loss1: 5.840268 Loss2: 0.000036 
| Global Round : 31 | Client :8 | Local Epoch : 2 | [64/561 (12%)]	Loss1: 5.840483 Loss2: 0.000032 
| Global Round : 31 | Client :8 | Local Epoch : 3 | [64/561 (12%)]	Loss1: 5.841909 Loss2: 0.000031 
| Global Round : 31 | Client :8 | Local Epoch : 4 | [64/561 (12%)]	Loss1: 5.841676 Loss2: 0.000029 
| Global Round : 31 | Client :9 | Local Epoch : 0 | [64/811 (8%)]	Loss1: 5.839129 Loss2: 0.000020 
| Global Round : 31 | Client :9 | Local Epoch : 0 | [704/811 (92%)]	Loss1: 5.840453 Loss2: 0.000030 
| Global Round : 31 | Client :9 | Local Epoch : 1 | [64/811 (8%)]	Loss1: 5.839122 Loss2: 0.000021 
| Global Round : 31 | Client :9 | Local Epoch : 1 | [704/811 (92%)]	Loss1: 5.841038 Loss2: 0.000028 
| Global Round : 31 | Client :9 | Local Epoch : 2 | [64/811 (8%)]	Loss1: 5.840471 Loss2: 0.000019 
| Global Round : 31 | Client :9 | Local Epoch : 2 | [704/811 (92%)]	Loss1: 5.841333 Loss2: 0.000036 
| Global Round : 31 | Client :9 | Local Epoch : 3 | [64/811 (8%)]	Loss1: 5.841168 Loss2: 0.000024 
| Global Round : 31 | Client :9 | Local Epoch : 3 | [704/811 (92%)]	Loss1: 5.839563 Loss2: 0.000031 
| Global Round : 31 | Client :9 | Local Epoch : 4 | [64/811 (8%)]	Loss1: 5.840030 Loss2: 0.000021 
| Global Round : 31 | Client :9 | Local Epoch : 4 | [704/811 (92%)]	Loss1: 5.840633 Loss2: 0.000032 
average loss:   5.838757543507077
average local test accuracy: 0.8555989583333332
average global test accuracy:  0.5671875

 | Global Training Round : 32 |

xi_k [0.49014322 0.48028112 0.51386558 0.50708697 0.46918063 0.48919802
 0.47752713 0.51263803 0.48609467 0.50436857]
max_exp: -1.0
coe: 10
Regulation [0.8 0.8 0.8 0.8 0.8 0.8 0.8 0.8 0.8 0.8]
Solver status: optimal_inaccurate
b_new: [1. 1. 1. 1. 1. 1. 1. 1. 1. 1.]
Iter 0: obj=48.9038, best_obj=48.9038, ||b_new-b_prev||₂=2.846050
xi_k [0.49014322 0.48028112 0.51386558 0.50708697 0.46918063 0.48919802
 0.47752713 0.51263803 0.48609467 0.50436857]
max_exp: -1.0
coe: 10
Regulation [-1. -1. -1. -1. -1. -1. -1. -1. -1. -1.]
Solver status: optimal_inaccurate
b_new: [1. 1. 1. 1. 1. 1. 1. 1. 1. 1.]
Iter 1: obj=49.8038, best_obj=49.8038, ||b_new-b_prev||₂=0.000000
Converged.
Final b: [1. 1. 1. 1. 1. 1. 1. 1. 1. 1.]
<class 'numpy.ndarray'>
b_float: [1. 1. 1. 1. 1. 1. 1. 1. 1. 1.]
b: [1 1 1 1 1 1 1 1 1 1]
active_clients:  [0, 1, 2, 3, 4, 5, 6, 7, 8, 9]
Client 0's s_k are:[0 0 0 0 0 0 1 0 0 0]
Client 1's s_k are:[0 0 0 0 0 0 1 0 0 0]
Client 2's s_k are:[0 0 0 0 0 0 0 0 0 1]
Client 3's s_k are:[0 0 0 0 0 1 0 0 0 0]
Client 4's s_k are:[0 0 0 0 0 0 0 1 0 0]
Client 5's s_k are:[0 0 0 1 0 0 0 0 0 0]
Client 6's s_k are:[1 0 0 0 0 0 0 0 0 0]
Client 7's s_k are:[0 0 0 0 0 0 1 0 0 0]
Client 8's s_k are:[0 0 0 0 0 0 0 0 0 1]
Client 9's s_k are:[0 0 1 0 0 0 0 0 0 0]
| Global Round : 32 | Client :0 | Local Epoch : 0 | [64/626 (11%)]	Loss1: 5.840832 Loss2: 0.000031 
| Global Round : 32 | Client :0 | Local Epoch : 1 | [64/626 (11%)]	Loss1: 5.841104 Loss2: 0.000028 
| Global Round : 32 | Client :0 | Local Epoch : 2 | [64/626 (11%)]	Loss1: 5.841205 Loss2: 0.000026 
| Global Round : 32 | Client :0 | Local Epoch : 3 | [64/626 (11%)]	Loss1: 5.841091 Loss2: 0.000029 
| Global Round : 32 | Client :0 | Local Epoch : 4 | [64/626 (11%)]	Loss1: 5.841175 Loss2: 0.000024 
| Global Round : 32 | Client :1 | Local Epoch : 0 | [64/497 (14%)]	Loss1: 5.841528 Loss2: 0.000042 
| Global Round : 32 | Client :1 | Local Epoch : 1 | [64/497 (14%)]	Loss1: 5.842298 Loss2: 0.000039 
| Global Round : 32 | Client :1 | Local Epoch : 2 | [64/497 (14%)]	Loss1: 5.843658 Loss2: 0.000047 
| Global Round : 32 | Client :1 | Local Epoch : 3 | [64/497 (14%)]	Loss1: 5.841043 Loss2: 0.000043 
| Global Round : 32 | Client :1 | Local Epoch : 4 | [64/497 (14%)]	Loss1: 5.841171 Loss2: 0.000040 
| Global Round : 32 | Client :2 | Local Epoch : 0 | [64/597 (11%)]	Loss1: 5.839262 Loss2: 0.000021 
| Global Round : 32 | Client :2 | Local Epoch : 1 | [64/597 (11%)]	Loss1: 5.840922 Loss2: 0.000028 
| Global Round : 32 | Client :2 | Local Epoch : 2 | [64/597 (11%)]	Loss1: 5.839998 Loss2: 0.000025 
| Global Round : 32 | Client :2 | Local Epoch : 3 | [64/597 (11%)]	Loss1: 5.839539 Loss2: 0.000025 
| Global Round : 32 | Client :2 | Local Epoch : 4 | [64/597 (11%)]	Loss1: 5.840796 Loss2: 0.000025 
| Global Round : 32 | Client :3 | Local Epoch : 0 | [64/605 (11%)]	Loss1: 5.841260 Loss2: 0.000027 
| Global Round : 32 | Client :3 | Local Epoch : 1 | [64/605 (11%)]	Loss1: 5.840642 Loss2: 0.000030 
| Global Round : 32 | Client :3 | Local Epoch : 2 | [64/605 (11%)]	Loss1: 5.840404 Loss2: 0.000030 
| Global Round : 32 | Client :3 | Local Epoch : 3 | [64/605 (11%)]	Loss1: 5.840739 Loss2: 0.000032 
| Global Round : 32 | Client :3 | Local Epoch : 4 | [64/605 (11%)]	Loss1: 5.840236 Loss2: 0.000034 
| Global Round : 32 | Client :4 | Local Epoch : 0 | [64/436 (17%)]	Loss1: 5.840778 Loss2: 0.000046 
| Global Round : 32 | Client :4 | Local Epoch : 1 | [64/436 (17%)]	Loss1: 5.840177 Loss2: 0.000053 
| Global Round : 32 | Client :4 | Local Epoch : 2 | [64/436 (17%)]	Loss1: 5.840566 Loss2: 0.000048 
| Global Round : 32 | Client :4 | Local Epoch : 3 | [64/436 (17%)]	Loss1: 5.839968 Loss2: 0.000052 
| Global Round : 32 | Client :4 | Local Epoch : 4 | [64/436 (17%)]	Loss1: 5.839890 Loss2: 0.000045 
| Global Round : 32 | Client :5 | Local Epoch : 0 | [64/627 (11%)]	Loss1: 5.838478 Loss2: 0.000028 
| Global Round : 32 | Client :5 | Local Epoch : 1 | [64/627 (11%)]	Loss1: 5.839487 Loss2: 0.000027 
| Global Round : 32 | Client :5 | Local Epoch : 2 | [64/627 (11%)]	Loss1: 5.839487 Loss2: 0.000034 
| Global Round : 32 | Client :5 | Local Epoch : 3 | [64/627 (11%)]	Loss1: 5.839252 Loss2: 0.000031 
| Global Round : 32 | Client :5 | Local Epoch : 4 | [64/627 (11%)]	Loss1: 5.840487 Loss2: 0.000033 
| Global Round : 32 | Client :6 | Local Epoch : 0 | [64/571 (12%)]	Loss1: 5.840291 Loss2: 0.000026 
| Global Round : 32 | Client :6 | Local Epoch : 1 | [64/571 (12%)]	Loss1: 5.841295 Loss2: 0.000025 
| Global Round : 32 | Client :6 | Local Epoch : 2 | [64/571 (12%)]	Loss1: 5.839954 Loss2: 0.000028 
| Global Round : 32 | Client :6 | Local Epoch : 3 | [64/571 (12%)]	Loss1: 5.840345 Loss2: 0.000029 
| Global Round : 32 | Client :6 | Local Epoch : 4 | [64/571 (12%)]	Loss1: 5.841567 Loss2: 0.000028 
| Global Round : 32 | Client :7 | Local Epoch : 0 | [64/665 (10%)]	Loss1: 5.841033 Loss2: 0.000031 
| Global Round : 32 | Client :7 | Local Epoch : 1 | [64/665 (10%)]	Loss1: 5.841109 Loss2: 0.000033 
| Global Round : 32 | Client :7 | Local Epoch : 2 | [64/665 (10%)]	Loss1: 5.841102 Loss2: 0.000034 
| Global Round : 32 | Client :7 | Local Epoch : 3 | [64/665 (10%)]	Loss1: 5.840706 Loss2: 0.000035 
| Global Round : 32 | Client :7 | Local Epoch : 4 | [64/665 (10%)]	Loss1: 5.840403 Loss2: 0.000034 
| Global Round : 32 | Client :8 | Local Epoch : 0 | [64/561 (12%)]	Loss1: 5.840337 Loss2: 0.000036 
| Global Round : 32 | Client :8 | Local Epoch : 1 | [64/561 (12%)]	Loss1: 5.840206 Loss2: 0.000035 
| Global Round : 32 | Client :8 | Local Epoch : 2 | [64/561 (12%)]	Loss1: 5.839886 Loss2: 0.000033 
| Global Round : 32 | Client :8 | Local Epoch : 3 | [64/561 (12%)]	Loss1: 5.842065 Loss2: 0.000031 
| Global Round : 32 | Client :8 | Local Epoch : 4 | [64/561 (12%)]	Loss1: 5.839971 Loss2: 0.000027 
| Global Round : 32 | Client :9 | Local Epoch : 0 | [64/811 (8%)]	Loss1: 5.839792 Loss2: 0.000023 
| Global Round : 32 | Client :9 | Local Epoch : 0 | [704/811 (92%)]	Loss1: 5.840750 Loss2: 0.000035 
| Global Round : 32 | Client :9 | Local Epoch : 1 | [64/811 (8%)]	Loss1: 5.840293 Loss2: 0.000022 
| Global Round : 32 | Client :9 | Local Epoch : 1 | [704/811 (92%)]	Loss1: 5.839870 Loss2: 0.000034 
| Global Round : 32 | Client :9 | Local Epoch : 2 | [64/811 (8%)]	Loss1: 5.839393 Loss2: 0.000024 
| Global Round : 32 | Client :9 | Local Epoch : 2 | [704/811 (92%)]	Loss1: 5.839874 Loss2: 0.000035 
| Global Round : 32 | Client :9 | Local Epoch : 3 | [64/811 (8%)]	Loss1: 5.841960 Loss2: 0.000025 
| Global Round : 32 | Client :9 | Local Epoch : 3 | [704/811 (92%)]	Loss1: 5.839777 Loss2: 0.000033 
| Global Round : 32 | Client :9 | Local Epoch : 4 | [64/811 (8%)]	Loss1: 5.839626 Loss2: 0.000024 
| Global Round : 32 | Client :9 | Local Epoch : 4 | [704/811 (92%)]	Loss1: 5.840152 Loss2: 0.000039 
average loss:   5.838749284782107
average local test accuracy: 0.851953125
average global test accuracy:  0.559765625

 | Global Training Round : 33 |

xi_k [0.49010003 0.48025936 0.51383824 0.50707403 0.46920477 0.48919891
 0.47755837 0.51264685 0.48608568 0.50435993]
max_exp: -1.0
coe: 10
Regulation [0.8 0.8 0.8 0.8 0.8 0.8 0.8 0.8 0.8 0.8]
Solver status: optimal_inaccurate
b_new: [1. 1. 1. 1. 1. 1. 1. 1. 1. 1.]
Iter 0: obj=48.9033, best_obj=48.9033, ||b_new-b_prev||₂=2.846050
xi_k [0.49010003 0.48025936 0.51383824 0.50707403 0.46920477 0.48919891
 0.47755837 0.51264685 0.48608568 0.50435993]
max_exp: -1.0
coe: 10
Regulation [-1. -1. -1. -1. -1. -1. -1. -1. -1. -1.]
Solver status: optimal_inaccurate
b_new: [1. 1. 1. 1. 1. 1. 1. 1. 1. 1.]
Iter 1: obj=49.8033, best_obj=49.8033, ||b_new-b_prev||₂=0.000000
Converged.
Final b: [1. 1. 1. 1. 1. 1. 1. 1. 1. 1.]
<class 'numpy.ndarray'>
b_float: [1. 1. 1. 1. 1. 1. 1. 1. 1. 1.]
b: [1 1 1 1 1 1 1 1 1 1]
active_clients:  [0, 1, 2, 3, 4, 5, 6, 7, 8, 9]
Client 0's s_k are:[0 0 0 0 0 0 1 0 0 0]
Client 1's s_k are:[0 0 0 1 0 0 0 0 0 0]
Client 2's s_k are:[0 0 0 0 0 0 0 0 0 1]
Client 3's s_k are:[0 0 0 0 0 1 0 0 0 0]
Client 4's s_k are:[0 0 0 0 0 0 0 1 0 0]
Client 5's s_k are:[0 0 0 1 0 0 0 0 0 0]
Client 6's s_k are:[1 0 0 0 0 0 0 0 0 0]
Client 7's s_k are:[0 0 0 0 0 0 1 0 0 0]
Client 8's s_k are:[0 0 0 0 0 0 0 0 0 1]
Client 9's s_k are:[0 0 0 0 0 0 0 0 1 0]
| Global Round : 33 | Client :0 | Local Epoch : 0 | [64/626 (11%)]	Loss1: 5.841322 Loss2: 0.000024 
| Global Round : 33 | Client :0 | Local Epoch : 1 | [64/626 (11%)]	Loss1: 5.841846 Loss2: 0.000028 
| Global Round : 33 | Client :0 | Local Epoch : 2 | [64/626 (11%)]	Loss1: 5.841253 Loss2: 0.000026 
| Global Round : 33 | Client :0 | Local Epoch : 3 | [64/626 (11%)]	Loss1: 5.841949 Loss2: 0.000026 
| Global Round : 33 | Client :0 | Local Epoch : 4 | [64/626 (11%)]	Loss1: 5.841417 Loss2: 0.000032 
| Global Round : 33 | Client :1 | Local Epoch : 0 | [64/497 (14%)]	Loss1: 5.841538 Loss2: 0.000052 
| Global Round : 33 | Client :1 | Local Epoch : 1 | [64/497 (14%)]	Loss1: 5.842268 Loss2: 0.000046 
| Global Round : 33 | Client :1 | Local Epoch : 2 | [64/497 (14%)]	Loss1: 5.842961 Loss2: 0.000054 
| Global Round : 33 | Client :1 | Local Epoch : 3 | [64/497 (14%)]	Loss1: 5.839894 Loss2: 0.000051 
| Global Round : 33 | Client :1 | Local Epoch : 4 | [64/497 (14%)]	Loss1: 5.842028 Loss2: 0.000044 
| Global Round : 33 | Client :2 | Local Epoch : 0 | [64/597 (11%)]	Loss1: 5.839780 Loss2: 0.000028 
| Global Round : 33 | Client :2 | Local Epoch : 1 | [64/597 (11%)]	Loss1: 5.840038 Loss2: 0.000021 
| Global Round : 33 | Client :2 | Local Epoch : 2 | [64/597 (11%)]	Loss1: 5.841354 Loss2: 0.000025 
| Global Round : 33 | Client :2 | Local Epoch : 3 | [64/597 (11%)]	Loss1: 5.840314 Loss2: 0.000022 
| Global Round : 33 | Client :2 | Local Epoch : 4 | [64/597 (11%)]	Loss1: 5.841210 Loss2: 0.000024 
| Global Round : 33 | Client :3 | Local Epoch : 0 | [64/605 (11%)]	Loss1: 5.840020 Loss2: 0.000027 
| Global Round : 33 | Client :3 | Local Epoch : 1 | [64/605 (11%)]	Loss1: 5.840450 Loss2: 0.000025 
| Global Round : 33 | Client :3 | Local Epoch : 2 | [64/605 (11%)]	Loss1: 5.839925 Loss2: 0.000027 
| Global Round : 33 | Client :3 | Local Epoch : 3 | [64/605 (11%)]	Loss1: 5.840881 Loss2: 0.000037 
| Global Round : 33 | Client :3 | Local Epoch : 4 | [64/605 (11%)]	Loss1: 5.839801 Loss2: 0.000026 
| Global Round : 33 | Client :4 | Local Epoch : 0 | [64/436 (17%)]	Loss1: 5.840335 Loss2: 0.000046 
| Global Round : 33 | Client :4 | Local Epoch : 1 | [64/436 (17%)]	Loss1: 5.840528 Loss2: 0.000046 
| Global Round : 33 | Client :4 | Local Epoch : 2 | [64/436 (17%)]	Loss1: 5.840627 Loss2: 0.000052 
| Global Round : 33 | Client :4 | Local Epoch : 3 | [64/436 (17%)]	Loss1: 5.839838 Loss2: 0.000047 
| Global Round : 33 | Client :4 | Local Epoch : 4 | [64/436 (17%)]	Loss1: 5.840762 Loss2: 0.000045 
| Global Round : 33 | Client :5 | Local Epoch : 0 | [64/627 (11%)]	Loss1: 5.839253 Loss2: 0.000031 
| Global Round : 33 | Client :5 | Local Epoch : 1 | [64/627 (11%)]	Loss1: 5.839602 Loss2: 0.000031 
| Global Round : 33 | Client :5 | Local Epoch : 2 | [64/627 (11%)]	Loss1: 5.840065 Loss2: 0.000026 
| Global Round : 33 | Client :5 | Local Epoch : 3 | [64/627 (11%)]	Loss1: 5.839907 Loss2: 0.000026 
| Global Round : 33 | Client :5 | Local Epoch : 4 | [64/627 (11%)]	Loss1: 5.839352 Loss2: 0.000032 
| Global Round : 33 | Client :6 | Local Epoch : 0 | [64/571 (12%)]	Loss1: 5.840120 Loss2: 0.000026 
| Global Round : 33 | Client :6 | Local Epoch : 1 | [64/571 (12%)]	Loss1: 5.839040 Loss2: 0.000027 
| Global Round : 33 | Client :6 | Local Epoch : 2 | [64/571 (12%)]	Loss1: 5.840409 Loss2: 0.000028 
| Global Round : 33 | Client :6 | Local Epoch : 3 | [64/571 (12%)]	Loss1: 5.839863 Loss2: 0.000025 
| Global Round : 33 | Client :6 | Local Epoch : 4 | [64/571 (12%)]	Loss1: 5.840066 Loss2: 0.000024 
| Global Round : 33 | Client :7 | Local Epoch : 0 | [64/665 (10%)]	Loss1: 5.840490 Loss2: 0.000031 
| Global Round : 33 | Client :7 | Local Epoch : 1 | [64/665 (10%)]	Loss1: 5.840964 Loss2: 0.000033 
| Global Round : 33 | Client :7 | Local Epoch : 2 | [64/665 (10%)]	Loss1: 5.841290 Loss2: 0.000039 
| Global Round : 33 | Client :7 | Local Epoch : 3 | [64/665 (10%)]	Loss1: 5.840583 Loss2: 0.000041 
| Global Round : 33 | Client :7 | Local Epoch : 4 | [64/665 (10%)]	Loss1: 5.840154 Loss2: 0.000035 
| Global Round : 33 | Client :8 | Local Epoch : 0 | [64/561 (12%)]	Loss1: 5.841400 Loss2: 0.000032 
| Global Round : 33 | Client :8 | Local Epoch : 1 | [64/561 (12%)]	Loss1: 5.840939 Loss2: 0.000033 
| Global Round : 33 | Client :8 | Local Epoch : 2 | [64/561 (12%)]	Loss1: 5.840326 Loss2: 0.000030 
| Global Round : 33 | Client :8 | Local Epoch : 3 | [64/561 (12%)]	Loss1: 5.841061 Loss2: 0.000034 
| Global Round : 33 | Client :8 | Local Epoch : 4 | [64/561 (12%)]	Loss1: 5.841725 Loss2: 0.000031 
| Global Round : 33 | Client :9 | Local Epoch : 0 | [64/811 (8%)]	Loss1: 5.840292 Loss2: 0.000030 
| Global Round : 33 | Client :9 | Local Epoch : 0 | [704/811 (92%)]	Loss1: 5.839782 Loss2: 0.000035 
| Global Round : 33 | Client :9 | Local Epoch : 1 | [64/811 (8%)]	Loss1: 5.839623 Loss2: 0.000038 
| Global Round : 33 | Client :9 | Local Epoch : 1 | [704/811 (92%)]	Loss1: 5.840218 Loss2: 0.000025 
| Global Round : 33 | Client :9 | Local Epoch : 2 | [64/811 (8%)]	Loss1: 5.839399 Loss2: 0.000033 
| Global Round : 33 | Client :9 | Local Epoch : 2 | [704/811 (92%)]	Loss1: 5.840085 Loss2: 0.000030 
| Global Round : 33 | Client :9 | Local Epoch : 3 | [64/811 (8%)]	Loss1: 5.840149 Loss2: 0.000030 
| Global Round : 33 | Client :9 | Local Epoch : 3 | [704/811 (92%)]	Loss1: 5.840480 Loss2: 0.000023 
| Global Round : 33 | Client :9 | Local Epoch : 4 | [64/811 (8%)]	Loss1: 5.840188 Loss2: 0.000029 
| Global Round : 33 | Client :9 | Local Epoch : 4 | [704/811 (92%)]	Loss1: 5.840076 Loss2: 0.000032 
average loss:   5.83869564652443
average local test accuracy: 0.8532552083333333
average global test accuracy:  0.6117187500000001

 | Global Training Round : 34 |

xi_k [0.49011928 0.48027357 0.51384428 0.50704165 0.46914724 0.48918536
 0.47754228 0.51265306 0.48610855 0.50436122]
max_exp: -1.0
coe: 10
Regulation [0.8 0.8 0.8 0.8 0.8 0.8 0.8 0.8 0.8 0.8]
Solver status: optimal_inaccurate
b_new: [1. 1. 1. 1. 1. 1. 1. 1. 1. 1.]
Iter 0: obj=48.9028, best_obj=48.9028, ||b_new-b_prev||₂=2.846050
xi_k [0.49011928 0.48027357 0.51384428 0.50704165 0.46914724 0.48918536
 0.47754228 0.51265306 0.48610855 0.50436122]
max_exp: -1.0
coe: 10
Regulation [-1. -1. -1. -1. -1. -1. -1. -1. -1. -1.]
Solver status: optimal_inaccurate
b_new: [1. 1. 1. 1. 1. 1. 1. 1. 1. 1.]
Iter 1: obj=49.8028, best_obj=49.8028, ||b_new-b_prev||₂=0.000000
Converged.
Final b: [1. 1. 1. 1. 1. 1. 1. 1. 1. 1.]
<class 'numpy.ndarray'>
b_float: [1. 1. 1. 1. 1. 1. 1. 1. 1. 1.]
b: [1 1 1 1 1 1 1 1 1 1]
active_clients:  [0, 1, 2, 3, 4, 5, 6, 7, 8, 9]
Client 0's s_k are:[0 0 0 0 0 0 1 0 0 0]
Client 1's s_k are:[0 0 0 0 0 0 1 0 0 0]
Client 2's s_k are:[0 0 0 0 0 0 0 0 0 1]
Client 3's s_k are:[0 0 0 0 0 1 0 0 0 0]
Client 4's s_k are:[0 0 0 0 0 0 0 1 0 0]
Client 5's s_k are:[0 0 0 1 0 0 0 0 0 0]
Client 6's s_k are:[1 0 0 0 0 0 0 0 0 0]
Client 7's s_k are:[0 0 0 0 0 0 1 0 0 0]
Client 8's s_k are:[0 0 0 0 0 0 0 0 0 1]
Client 9's s_k are:[0 0 1 0 0 0 0 0 0 0]
| Global Round : 34 | Client :0 | Local Epoch : 0 | [64/626 (11%)]	Loss1: 5.842694 Loss2: 0.000028 
| Global Round : 34 | Client :0 | Local Epoch : 1 | [64/626 (11%)]	Loss1: 5.841186 Loss2: 0.000031 
| Global Round : 34 | Client :0 | Local Epoch : 2 | [64/626 (11%)]	Loss1: 5.841689 Loss2: 0.000027 
| Global Round : 34 | Client :0 | Local Epoch : 3 | [64/626 (11%)]	Loss1: 5.841301 Loss2: 0.000032 
| Global Round : 34 | Client :0 | Local Epoch : 4 | [64/626 (11%)]	Loss1: 5.841594 Loss2: 0.000028 
| Global Round : 34 | Client :1 | Local Epoch : 0 | [64/497 (14%)]	Loss1: 5.843300 Loss2: 0.000040 
| Global Round : 34 | Client :1 | Local Epoch : 1 | [64/497 (14%)]	Loss1: 5.842150 Loss2: 0.000042 
| Global Round : 34 | Client :1 | Local Epoch : 2 | [64/497 (14%)]	Loss1: 5.843530 Loss2: 0.000045 
| Global Round : 34 | Client :1 | Local Epoch : 3 | [64/497 (14%)]	Loss1: 5.841403 Loss2: 0.000044 
| Global Round : 34 | Client :1 | Local Epoch : 4 | [64/497 (14%)]	Loss1: 5.842651 Loss2: 0.000046 
| Global Round : 34 | Client :2 | Local Epoch : 0 | [64/597 (11%)]	Loss1: 5.840108 Loss2: 0.000023 
| Global Round : 34 | Client :2 | Local Epoch : 1 | [64/597 (11%)]	Loss1: 5.839637 Loss2: 0.000022 
| Global Round : 34 | Client :2 | Local Epoch : 2 | [64/597 (11%)]	Loss1: 5.841297 Loss2: 0.000022 
| Global Round : 34 | Client :2 | Local Epoch : 3 | [64/597 (11%)]	Loss1: 5.840126 Loss2: 0.000023 
| Global Round : 34 | Client :2 | Local Epoch : 4 | [64/597 (11%)]	Loss1: 5.839895 Loss2: 0.000021 
| Global Round : 34 | Client :3 | Local Epoch : 0 | [64/605 (11%)]	Loss1: 5.839413 Loss2: 0.000025 
| Global Round : 34 | Client :3 | Local Epoch : 1 | [64/605 (11%)]	Loss1: 5.840177 Loss2: 0.000027 
| Global Round : 34 | Client :3 | Local Epoch : 2 | [64/605 (11%)]	Loss1: 5.840215 Loss2: 0.000028 
| Global Round : 34 | Client :3 | Local Epoch : 3 | [64/605 (11%)]	Loss1: 5.840779 Loss2: 0.000030 
| Global Round : 34 | Client :3 | Local Epoch : 4 | [64/605 (11%)]	Loss1: 5.840604 Loss2: 0.000025 
| Global Round : 34 | Client :4 | Local Epoch : 0 | [64/436 (17%)]	Loss1: 5.841059 Loss2: 0.000039 
| Global Round : 34 | Client :4 | Local Epoch : 1 | [64/436 (17%)]	Loss1: 5.840520 Loss2: 0.000043 
| Global Round : 34 | Client :4 | Local Epoch : 2 | [64/436 (17%)]	Loss1: 5.839725 Loss2: 0.000047 
| Global Round : 34 | Client :4 | Local Epoch : 3 | [64/436 (17%)]	Loss1: 5.839901 Loss2: 0.000045 
| Global Round : 34 | Client :4 | Local Epoch : 4 | [64/436 (17%)]	Loss1: 5.840110 Loss2: 0.000043 
| Global Round : 34 | Client :5 | Local Epoch : 0 | [64/627 (11%)]	Loss1: 5.839531 Loss2: 0.000024 
| Global Round : 34 | Client :5 | Local Epoch : 1 | [64/627 (11%)]	Loss1: 5.839986 Loss2: 0.000025 
| Global Round : 34 | Client :5 | Local Epoch : 2 | [64/627 (11%)]	Loss1: 5.839386 Loss2: 0.000029 
| Global Round : 34 | Client :5 | Local Epoch : 3 | [64/627 (11%)]	Loss1: 5.839139 Loss2: 0.000028 
| Global Round : 34 | Client :5 | Local Epoch : 4 | [64/627 (11%)]	Loss1: 5.840009 Loss2: 0.000031 
| Global Round : 34 | Client :6 | Local Epoch : 0 | [64/571 (12%)]	Loss1: 5.840131 Loss2: 0.000029 
| Global Round : 34 | Client :6 | Local Epoch : 1 | [64/571 (12%)]	Loss1: 5.840721 Loss2: 0.000027 
| Global Round : 34 | Client :6 | Local Epoch : 2 | [64/571 (12%)]	Loss1: 5.840584 Loss2: 0.000023 
| Global Round : 34 | Client :6 | Local Epoch : 3 | [64/571 (12%)]	Loss1: 5.840763 Loss2: 0.000026 
| Global Round : 34 | Client :6 | Local Epoch : 4 | [64/571 (12%)]	Loss1: 5.839949 Loss2: 0.000030 
| Global Round : 34 | Client :7 | Local Epoch : 0 | [64/665 (10%)]	Loss1: 5.840789 Loss2: 0.000032 
| Global Round : 34 | Client :7 | Local Epoch : 1 | [64/665 (10%)]	Loss1: 5.839521 Loss2: 0.000036 
| Global Round : 34 | Client :7 | Local Epoch : 2 | [64/665 (10%)]	Loss1: 5.840360 Loss2: 0.000031 
| Global Round : 34 | Client :7 | Local Epoch : 3 | [64/665 (10%)]	Loss1: 5.840804 Loss2: 0.000031 
| Global Round : 34 | Client :7 | Local Epoch : 4 | [64/665 (10%)]	Loss1: 5.841211 Loss2: 0.000032 
| Global Round : 34 | Client :8 | Local Epoch : 0 | [64/561 (12%)]	Loss1: 5.841951 Loss2: 0.000031 
| Global Round : 34 | Client :8 | Local Epoch : 1 | [64/561 (12%)]	Loss1: 5.840981 Loss2: 0.000029 
| Global Round : 34 | Client :8 | Local Epoch : 2 | [64/561 (12%)]	Loss1: 5.840269 Loss2: 0.000037 
| Global Round : 34 | Client :8 | Local Epoch : 3 | [64/561 (12%)]	Loss1: 5.840168 Loss2: 0.000036 
| Global Round : 34 | Client :8 | Local Epoch : 4 | [64/561 (12%)]	Loss1: 5.841348 Loss2: 0.000024 
| Global Round : 34 | Client :9 | Local Epoch : 0 | [64/811 (8%)]	Loss1: 5.841138 Loss2: 0.000018 
| Global Round : 34 | Client :9 | Local Epoch : 0 | [704/811 (92%)]	Loss1: 5.840759 Loss2: 0.000026 
| Global Round : 34 | Client :9 | Local Epoch : 1 | [64/811 (8%)]	Loss1: 5.840536 Loss2: 0.000021 
| Global Round : 34 | Client :9 | Local Epoch : 1 | [704/811 (92%)]	Loss1: 5.839704 Loss2: 0.000033 
| Global Round : 34 | Client :9 | Local Epoch : 2 | [64/811 (8%)]	Loss1: 5.839491 Loss2: 0.000017 
| Global Round : 34 | Client :9 | Local Epoch : 2 | [704/811 (92%)]	Loss1: 5.840110 Loss2: 0.000032 
| Global Round : 34 | Client :9 | Local Epoch : 3 | [64/811 (8%)]	Loss1: 5.840924 Loss2: 0.000020 
| Global Round : 34 | Client :9 | Local Epoch : 3 | [704/811 (92%)]	Loss1: 5.839920 Loss2: 0.000032 
| Global Round : 34 | Client :9 | Local Epoch : 4 | [64/811 (8%)]	Loss1: 5.839513 Loss2: 0.000022 
| Global Round : 34 | Client :9 | Local Epoch : 4 | [704/811 (92%)]	Loss1: 5.839726 Loss2: 0.000030 
average loss:   5.838664681684404
average local test accuracy: 0.8498697916666668
average global test accuracy:  0.5946614583333333

 | Global Training Round : 35 |

xi_k [0.49013056 0.48029979 0.51380637 0.50705784 0.46911598 0.48921802
 0.47751519 0.51263741 0.48609528 0.50434025]
max_exp: -1.0
coe: 10
Regulation [0.8 0.8 0.8 0.8 0.8 0.8 0.8 0.8 0.8 0.8]
Solver status: optimal_inaccurate
b_new: [1. 1. 1. 1. 1. 1. 1. 1. 1. 1.]
Iter 0: obj=48.9022, best_obj=48.9022, ||b_new-b_prev||₂=2.846050
xi_k [0.49013056 0.48029979 0.51380637 0.50705784 0.46911598 0.48921802
 0.47751519 0.51263741 0.48609528 0.50434025]
max_exp: -1.0
coe: 10
Regulation [-1. -1. -1. -1. -1. -1. -1. -1. -1. -1.]
Solver status: optimal_inaccurate
b_new: [1. 1. 1. 1. 1. 1. 1. 1. 1. 1.]
Iter 1: obj=49.8022, best_obj=49.8022, ||b_new-b_prev||₂=0.000000
Converged.
Final b: [1. 1. 1. 1. 1. 1. 1. 1. 1. 1.]
<class 'numpy.ndarray'>
b_float: [1. 1. 1. 1. 1. 1. 1. 1. 1. 1.]
b: [1 1 1 1 1 1 1 1 1 1]
active_clients:  [0, 1, 2, 3, 4, 5, 6, 7, 8, 9]
Client 0's s_k are:[0 0 0 0 0 0 1 0 0 0]
Client 1's s_k are:[0 0 0 0 0 0 1 0 0 0]
Client 2's s_k are:[0 0 0 0 0 0 0 0 0 1]
Client 3's s_k are:[0 0 0 0 0 1 0 0 0 0]
Client 4's s_k are:[0 0 0 0 0 0 0 1 0 0]
Client 5's s_k are:[0 0 0 1 0 0 0 0 0 0]
Client 6's s_k are:[1 0 0 0 0 0 0 0 0 0]
Client 7's s_k are:[0 0 0 0 0 0 1 0 0 0]
Client 8's s_k are:[0 0 0 0 0 0 0 0 0 1]
Client 9's s_k are:[0 0 1 0 0 0 0 0 0 0]
| Global Round : 35 | Client :0 | Local Epoch : 0 | [64/626 (11%)]	Loss1: 5.841506 Loss2: 0.000028 
| Global Round : 35 | Client :0 | Local Epoch : 1 | [64/626 (11%)]	Loss1: 5.842036 Loss2: 0.000030 
| Global Round : 35 | Client :0 | Local Epoch : 2 | [64/626 (11%)]	Loss1: 5.841090 Loss2: 0.000024 
| Global Round : 35 | Client :0 | Local Epoch : 3 | [64/626 (11%)]	Loss1: 5.840996 Loss2: 0.000036 
| Global Round : 35 | Client :0 | Local Epoch : 4 | [64/626 (11%)]	Loss1: 5.841634 Loss2: 0.000030 
| Global Round : 35 | Client :1 | Local Epoch : 0 | [64/497 (14%)]	Loss1: 5.842126 Loss2: 0.000047 
| Global Round : 35 | Client :1 | Local Epoch : 1 | [64/497 (14%)]	Loss1: 5.842420 Loss2: 0.000045 
| Global Round : 35 | Client :1 | Local Epoch : 2 | [64/497 (14%)]	Loss1: 5.841460 Loss2: 0.000043 
| Global Round : 35 | Client :1 | Local Epoch : 3 | [64/497 (14%)]	Loss1: 5.842096 Loss2: 0.000043 
| Global Round : 35 | Client :1 | Local Epoch : 4 | [64/497 (14%)]	Loss1: 5.842962 Loss2: 0.000050 
| Global Round : 35 | Client :2 | Local Epoch : 0 | [64/597 (11%)]	Loss1: 5.840046 Loss2: 0.000027 
| Global Round : 35 | Client :2 | Local Epoch : 1 | [64/597 (11%)]	Loss1: 5.839951 Loss2: 0.000025 
| Global Round : 35 | Client :2 | Local Epoch : 2 | [64/597 (11%)]	Loss1: 5.839731 Loss2: 0.000022 
| Global Round : 35 | Client :2 | Local Epoch : 3 | [64/597 (11%)]	Loss1: 5.839375 Loss2: 0.000022 
| Global Round : 35 | Client :2 | Local Epoch : 4 | [64/597 (11%)]	Loss1: 5.839744 Loss2: 0.000027 
| Global Round : 35 | Client :3 | Local Epoch : 0 | [64/605 (11%)]	Loss1: 5.840487 Loss2: 0.000023 
| Global Round : 35 | Client :3 | Local Epoch : 1 | [64/605 (11%)]	Loss1: 5.840046 Loss2: 0.000029 
| Global Round : 35 | Client :3 | Local Epoch : 2 | [64/605 (11%)]	Loss1: 5.840513 Loss2: 0.000027 
| Global Round : 35 | Client :3 | Local Epoch : 3 | [64/605 (11%)]	Loss1: 5.841200 Loss2: 0.000031 
| Global Round : 35 | Client :3 | Local Epoch : 4 | [64/605 (11%)]	Loss1: 5.840337 Loss2: 0.000027 
| Global Round : 35 | Client :4 | Local Epoch : 0 | [64/436 (17%)]	Loss1: 5.840423 Loss2: 0.000045 
| Global Round : 35 | Client :4 | Local Epoch : 1 | [64/436 (17%)]	Loss1: 5.840409 Loss2: 0.000039 
| Global Round : 35 | Client :4 | Local Epoch : 2 | [64/436 (17%)]	Loss1: 5.841777 Loss2: 0.000044 
| Global Round : 35 | Client :4 | Local Epoch : 3 | [64/436 (17%)]	Loss1: 5.841674 Loss2: 0.000045 
| Global Round : 35 | Client :4 | Local Epoch : 4 | [64/436 (17%)]	Loss1: 5.841238 Loss2: 0.000040 
| Global Round : 35 | Client :5 | Local Epoch : 0 | [64/627 (11%)]	Loss1: 5.839457 Loss2: 0.000029 
| Global Round : 35 | Client :5 | Local Epoch : 1 | [64/627 (11%)]	Loss1: 5.839244 Loss2: 0.000028 
| Global Round : 35 | Client :5 | Local Epoch : 2 | [64/627 (11%)]	Loss1: 5.839691 Loss2: 0.000031 
| Global Round : 35 | Client :5 | Local Epoch : 3 | [64/627 (11%)]	Loss1: 5.838718 Loss2: 0.000027 
| Global Round : 35 | Client :5 | Local Epoch : 4 | [64/627 (11%)]	Loss1: 5.839335 Loss2: 0.000027 
| Global Round : 35 | Client :6 | Local Epoch : 0 | [64/571 (12%)]	Loss1: 5.839984 Loss2: 0.000030 
| Global Round : 35 | Client :6 | Local Epoch : 1 | [64/571 (12%)]	Loss1: 5.840205 Loss2: 0.000028 
| Global Round : 35 | Client :6 | Local Epoch : 2 | [64/571 (12%)]	Loss1: 5.839671 Loss2: 0.000030 
| Global Round : 35 | Client :6 | Local Epoch : 3 | [64/571 (12%)]	Loss1: 5.840205 Loss2: 0.000024 
| Global Round : 35 | Client :6 | Local Epoch : 4 | [64/571 (12%)]	Loss1: 5.840083 Loss2: 0.000029 
| Global Round : 35 | Client :7 | Local Epoch : 0 | [64/665 (10%)]	Loss1: 5.840200 Loss2: 0.000033 
| Global Round : 35 | Client :7 | Local Epoch : 1 | [64/665 (10%)]	Loss1: 5.840937 Loss2: 0.000028 
| Global Round : 35 | Client :7 | Local Epoch : 2 | [64/665 (10%)]	Loss1: 5.840994 Loss2: 0.000029 
| Global Round : 35 | Client :7 | Local Epoch : 3 | [64/665 (10%)]	Loss1: 5.841212 Loss2: 0.000030 
| Global Round : 35 | Client :7 | Local Epoch : 4 | [64/665 (10%)]	Loss1: 5.840445 Loss2: 0.000031 
| Global Round : 35 | Client :8 | Local Epoch : 0 | [64/561 (12%)]	Loss1: 5.840580 Loss2: 0.000034 
| Global Round : 35 | Client :8 | Local Epoch : 1 | [64/561 (12%)]	Loss1: 5.840736 Loss2: 0.000033 
| Global Round : 35 | Client :8 | Local Epoch : 2 | [64/561 (12%)]	Loss1: 5.841035 Loss2: 0.000036 
| Global Round : 35 | Client :8 | Local Epoch : 3 | [64/561 (12%)]	Loss1: 5.841116 Loss2: 0.000033 
| Global Round : 35 | Client :8 | Local Epoch : 4 | [64/561 (12%)]	Loss1: 5.840513 Loss2: 0.000032 
| Global Round : 35 | Client :9 | Local Epoch : 0 | [64/811 (8%)]	Loss1: 5.840761 Loss2: 0.000020 
| Global Round : 35 | Client :9 | Local Epoch : 0 | [704/811 (92%)]	Loss1: 5.840785 Loss2: 0.000031 
| Global Round : 35 | Client :9 | Local Epoch : 1 | [64/811 (8%)]	Loss1: 5.840161 Loss2: 0.000021 
| Global Round : 35 | Client :9 | Local Epoch : 1 | [704/811 (92%)]	Loss1: 5.839799 Loss2: 0.000029 
| Global Round : 35 | Client :9 | Local Epoch : 2 | [64/811 (8%)]	Loss1: 5.839953 Loss2: 0.000022 
| Global Round : 35 | Client :9 | Local Epoch : 2 | [704/811 (92%)]	Loss1: 5.838948 Loss2: 0.000028 
| Global Round : 35 | Client :9 | Local Epoch : 3 | [64/811 (8%)]	Loss1: 5.839846 Loss2: 0.000019 
| Global Round : 35 | Client :9 | Local Epoch : 3 | [704/811 (92%)]	Loss1: 5.841146 Loss2: 0.000027 
| Global Round : 35 | Client :9 | Local Epoch : 4 | [64/811 (8%)]	Loss1: 5.840196 Loss2: 0.000020 
| Global Round : 35 | Client :9 | Local Epoch : 4 | [704/811 (92%)]	Loss1: 5.839915 Loss2: 0.000030 
average loss:   5.838598169902014
average local test accuracy: 0.8509114583333334
average global test accuracy:  0.5890625

 | Global Training Round : 36 |

xi_k [0.4901177  0.48026458 0.51381982 0.50704241 0.46911141 0.48918369
 0.47751069 0.51265291 0.48608715 0.50437399]
max_exp: -1.0
coe: 10
Regulation [0.8 0.8 0.8 0.8 0.8 0.8 0.8 0.8 0.8 0.8]
Solver status: optimal_inaccurate
b_new: [1. 1. 1. 1. 1. 1. 1. 1. 1. 1.]
Iter 0: obj=48.9016, best_obj=48.9016, ||b_new-b_prev||₂=2.846050
xi_k [0.4901177  0.48026458 0.51381982 0.50704241 0.46911141 0.48918369
 0.47751069 0.51265291 0.48608715 0.50437399]
max_exp: -1.0
coe: 10
Regulation [-1. -1. -1. -1. -1. -1. -1. -1. -1. -1.]
Solver status: optimal_inaccurate
b_new: [1. 1. 1. 1. 1. 1. 1. 1. 1. 1.]
Iter 1: obj=49.8016, best_obj=49.8016, ||b_new-b_prev||₂=0.000000
Converged.
Final b: [1. 1. 1. 1. 1. 1. 1. 1. 1. 1.]
<class 'numpy.ndarray'>
b_float: [1. 1. 1. 1. 1. 1. 1. 1. 1. 1.]
b: [1 1 1 1 1 1 1 1 1 1]
active_clients:  [0, 1, 2, 3, 4, 5, 6, 7, 8, 9]
Client 0's s_k are:[0 0 0 0 0 0 1 0 0 0]
Client 1's s_k are:[0 0 0 0 0 0 1 0 0 0]
Client 2's s_k are:[0 0 0 0 0 0 0 0 0 1]
Client 3's s_k are:[0 0 0 0 0 1 0 0 0 0]
Client 4's s_k are:[0 0 0 0 0 0 0 1 0 0]
Client 5's s_k are:[0 0 0 1 0 0 0 0 0 0]
Client 6's s_k are:[1 0 0 0 0 0 0 0 0 0]
Client 7's s_k are:[0 0 0 0 0 0 1 0 0 0]
Client 8's s_k are:[0 0 0 0 0 0 0 0 0 1]
Client 9's s_k are:[0 0 1 0 0 0 0 0 0 0]
| Global Round : 36 | Client :0 | Local Epoch : 0 | [64/626 (11%)]	Loss1: 5.842411 Loss2: 0.000033 
| Global Round : 36 | Client :0 | Local Epoch : 1 | [64/626 (11%)]	Loss1: 5.841293 Loss2: 0.000033 
| Global Round : 36 | Client :0 | Local Epoch : 2 | [64/626 (11%)]	Loss1: 5.841791 Loss2: 0.000031 
| Global Round : 36 | Client :0 | Local Epoch : 3 | [64/626 (11%)]	Loss1: 5.840436 Loss2: 0.000033 
| Global Round : 36 | Client :0 | Local Epoch : 4 | [64/626 (11%)]	Loss1: 5.841064 Loss2: 0.000031 
| Global Round : 36 | Client :1 | Local Epoch : 0 | [64/497 (14%)]	Loss1: 5.840722 Loss2: 0.000044 
| Global Round : 36 | Client :1 | Local Epoch : 1 | [64/497 (14%)]	Loss1: 5.842280 Loss2: 0.000051 
| Global Round : 36 | Client :1 | Local Epoch : 2 | [64/497 (14%)]	Loss1: 5.840615 Loss2: 0.000039 
| Global Round : 36 | Client :1 | Local Epoch : 3 | [64/497 (14%)]	Loss1: 5.840786 Loss2: 0.000046 
| Global Round : 36 | Client :1 | Local Epoch : 4 | [64/497 (14%)]	Loss1: 5.840636 Loss2: 0.000045 
| Global Round : 36 | Client :2 | Local Epoch : 0 | [64/597 (11%)]	Loss1: 5.839661 Loss2: 0.000025 
| Global Round : 36 | Client :2 | Local Epoch : 1 | [64/597 (11%)]	Loss1: 5.841584 Loss2: 0.000022 
| Global Round : 36 | Client :2 | Local Epoch : 2 | [64/597 (11%)]	Loss1: 5.839814 Loss2: 0.000023 
| Global Round : 36 | Client :2 | Local Epoch : 3 | [64/597 (11%)]	Loss1: 5.840139 Loss2: 0.000020 
| Global Round : 36 | Client :2 | Local Epoch : 4 | [64/597 (11%)]	Loss1: 5.839996 Loss2: 0.000024 
| Global Round : 36 | Client :3 | Local Epoch : 0 | [64/605 (11%)]	Loss1: 5.839981 Loss2: 0.000029 
| Global Round : 36 | Client :3 | Local Epoch : 1 | [64/605 (11%)]	Loss1: 5.840332 Loss2: 0.000026 
| Global Round : 36 | Client :3 | Local Epoch : 2 | [64/605 (11%)]	Loss1: 5.839628 Loss2: 0.000027 
| Global Round : 36 | Client :3 | Local Epoch : 3 | [64/605 (11%)]	Loss1: 5.840683 Loss2: 0.000027 
| Global Round : 36 | Client :3 | Local Epoch : 4 | [64/605 (11%)]	Loss1: 5.839497 Loss2: 0.000027 
| Global Round : 36 | Client :4 | Local Epoch : 0 | [64/436 (17%)]	Loss1: 5.840198 Loss2: 0.000045 
| Global Round : 36 | Client :4 | Local Epoch : 1 | [64/436 (17%)]	Loss1: 5.841363 Loss2: 0.000048 
| Global Round : 36 | Client :4 | Local Epoch : 2 | [64/436 (17%)]	Loss1: 5.840470 Loss2: 0.000043 
| Global Round : 36 | Client :4 | Local Epoch : 3 | [64/436 (17%)]	Loss1: 5.839570 Loss2: 0.000053 
| Global Round : 36 | Client :4 | Local Epoch : 4 | [64/436 (17%)]	Loss1: 5.840874 Loss2: 0.000047 
| Global Round : 36 | Client :5 | Local Epoch : 0 | [64/627 (11%)]	Loss1: 5.839366 Loss2: 0.000025 
| Global Round : 36 | Client :5 | Local Epoch : 1 | [64/627 (11%)]	Loss1: 5.839537 Loss2: 0.000025 
| Global Round : 36 | Client :5 | Local Epoch : 2 | [64/627 (11%)]	Loss1: 5.839434 Loss2: 0.000026 
| Global Round : 36 | Client :5 | Local Epoch : 3 | [64/627 (11%)]	Loss1: 5.839876 Loss2: 0.000027 
| Global Round : 36 | Client :5 | Local Epoch : 4 | [64/627 (11%)]	Loss1: 5.839069 Loss2: 0.000027 
| Global Round : 36 | Client :6 | Local Epoch : 0 | [64/571 (12%)]	Loss1: 5.840140 Loss2: 0.000030 
| Global Round : 36 | Client :6 | Local Epoch : 1 | [64/571 (12%)]	Loss1: 5.839385 Loss2: 0.000026 
| Global Round : 36 | Client :6 | Local Epoch : 2 | [64/571 (12%)]	Loss1: 5.839640 Loss2: 0.000024 
| Global Round : 36 | Client :6 | Local Epoch : 3 | [64/571 (12%)]	Loss1: 5.839086 Loss2: 0.000027 
| Global Round : 36 | Client :6 | Local Epoch : 4 | [64/571 (12%)]	Loss1: 5.840494 Loss2: 0.000024 
| Global Round : 36 | Client :7 | Local Epoch : 0 | [64/665 (10%)]	Loss1: 5.840343 Loss2: 0.000031 
| Global Round : 36 | Client :7 | Local Epoch : 1 | [64/665 (10%)]	Loss1: 5.841233 Loss2: 0.000027 
| Global Round : 36 | Client :7 | Local Epoch : 2 | [64/665 (10%)]	Loss1: 5.840685 Loss2: 0.000031 
| Global Round : 36 | Client :7 | Local Epoch : 3 | [64/665 (10%)]	Loss1: 5.841231 Loss2: 0.000033 
| Global Round : 36 | Client :7 | Local Epoch : 4 | [64/665 (10%)]	Loss1: 5.839657 Loss2: 0.000031 
| Global Round : 36 | Client :8 | Local Epoch : 0 | [64/561 (12%)]	Loss1: 5.841079 Loss2: 0.000029 
| Global Round : 36 | Client :8 | Local Epoch : 1 | [64/561 (12%)]	Loss1: 5.840141 Loss2: 0.000029 
| Global Round : 36 | Client :8 | Local Epoch : 2 | [64/561 (12%)]	Loss1: 5.840043 Loss2: 0.000033 
| Global Round : 36 | Client :8 | Local Epoch : 3 | [64/561 (12%)]	Loss1: 5.840650 Loss2: 0.000030 
| Global Round : 36 | Client :8 | Local Epoch : 4 | [64/561 (12%)]	Loss1: 5.841062 Loss2: 0.000033 
| Global Round : 36 | Client :9 | Local Epoch : 0 | [64/811 (8%)]	Loss1: 5.840456 Loss2: 0.000018 
| Global Round : 36 | Client :9 | Local Epoch : 0 | [704/811 (92%)]	Loss1: 5.839761 Loss2: 0.000028 
| Global Round : 36 | Client :9 | Local Epoch : 1 | [64/811 (8%)]	Loss1: 5.840927 Loss2: 0.000028 
| Global Round : 36 | Client :9 | Local Epoch : 1 | [704/811 (92%)]	Loss1: 5.840082 Loss2: 0.000032 
| Global Round : 36 | Client :9 | Local Epoch : 2 | [64/811 (8%)]	Loss1: 5.839576 Loss2: 0.000020 
| Global Round : 36 | Client :9 | Local Epoch : 2 | [704/811 (92%)]	Loss1: 5.839854 Loss2: 0.000029 
| Global Round : 36 | Client :9 | Local Epoch : 3 | [64/811 (8%)]	Loss1: 5.839744 Loss2: 0.000020 
| Global Round : 36 | Client :9 | Local Epoch : 3 | [704/811 (92%)]	Loss1: 5.839791 Loss2: 0.000028 
| Global Round : 36 | Client :9 | Local Epoch : 4 | [64/811 (8%)]	Loss1: 5.839999 Loss2: 0.000020 
| Global Round : 36 | Client :9 | Local Epoch : 4 | [704/811 (92%)]	Loss1: 5.840415 Loss2: 0.000028 
average loss:   5.838611787595446
average local test accuracy: 0.8540364583333332
average global test accuracy:  0.5700520833333333

 | Global Training Round : 37 |

xi_k [0.49010204 0.48026101 0.51383162 0.50703768 0.46916681 0.48917686
 0.47751276 0.51262826 0.48604584 0.50434583]
max_exp: -1.0
coe: 10
Regulation [0.8 0.8 0.8 0.8 0.8 0.8 0.8 0.8 0.8 0.8]
Solver status: optimal_inaccurate
b_new: [1. 1. 1. 1. 1. 1. 1. 1. 1. 1.]
Iter 0: obj=48.9011, best_obj=48.9011, ||b_new-b_prev||₂=2.846050
xi_k [0.49010204 0.48026101 0.51383162 0.50703768 0.46916681 0.48917686
 0.47751276 0.51262826 0.48604584 0.50434583]
max_exp: -1.0
coe: 10
Regulation [-1. -1. -1. -1. -1. -1. -1. -1. -1. -1.]
Solver status: optimal_inaccurate
b_new: [1. 1. 1. 1. 1. 1. 1. 1. 1. 1.]
Iter 1: obj=49.8011, best_obj=49.8011, ||b_new-b_prev||₂=0.000000
Converged.
Final b: [1. 1. 1. 1. 1. 1. 1. 1. 1. 1.]
<class 'numpy.ndarray'>
b_float: [1. 1. 1. 1. 1. 1. 1. 1. 1. 1.]
b: [1 1 1 1 1 1 1 1 1 1]
active_clients:  [0, 1, 2, 3, 4, 5, 6, 7, 8, 9]
Client 0's s_k are:[0 0 0 0 0 0 1 0 0 0]
Client 1's s_k are:[0 0 0 0 0 0 1 0 0 0]
Client 2's s_k are:[0 0 0 0 0 0 0 0 0 1]
Client 3's s_k are:[0 0 0 0 0 1 0 0 0 0]
Client 4's s_k are:[0 0 0 0 0 0 0 1 0 0]
Client 5's s_k are:[0 0 0 1 0 0 0 0 0 0]
Client 6's s_k are:[1 0 0 0 0 0 0 0 0 0]
Client 7's s_k are:[0 0 0 0 0 0 1 0 0 0]
Client 8's s_k are:[0 0 0 0 0 0 0 0 0 1]
Client 9's s_k are:[0 0 1 0 0 0 0 0 0 0]
| Global Round : 37 | Client :0 | Local Epoch : 0 | [64/626 (11%)]	Loss1: 5.841142 Loss2: 0.000029 
| Global Round : 37 | Client :0 | Local Epoch : 1 | [64/626 (11%)]	Loss1: 5.841750 Loss2: 0.000025 
| Global Round : 37 | Client :0 | Local Epoch : 2 | [64/626 (11%)]	Loss1: 5.840838 Loss2: 0.000032 
| Global Round : 37 | Client :0 | Local Epoch : 3 | [64/626 (11%)]	Loss1: 5.842336 Loss2: 0.000033 
| Global Round : 37 | Client :0 | Local Epoch : 4 | [64/626 (11%)]	Loss1: 5.840365 Loss2: 0.000027 
| Global Round : 37 | Client :1 | Local Epoch : 0 | [64/497 (14%)]	Loss1: 5.841447 Loss2: 0.000042 
| Global Round : 37 | Client :1 | Local Epoch : 1 | [64/497 (14%)]	Loss1: 5.842331 Loss2: 0.000046 
| Global Round : 37 | Client :1 | Local Epoch : 2 | [64/497 (14%)]	Loss1: 5.843044 Loss2: 0.000041 
| Global Round : 37 | Client :1 | Local Epoch : 3 | [64/497 (14%)]	Loss1: 5.841423 Loss2: 0.000047 
| Global Round : 37 | Client :1 | Local Epoch : 4 | [64/497 (14%)]	Loss1: 5.840962 Loss2: 0.000039 
| Global Round : 37 | Client :2 | Local Epoch : 0 | [64/597 (11%)]	Loss1: 5.840463 Loss2: 0.000021 
| Global Round : 37 | Client :2 | Local Epoch : 1 | [64/597 (11%)]	Loss1: 5.839413 Loss2: 0.000024 
| Global Round : 37 | Client :2 | Local Epoch : 2 | [64/597 (11%)]	Loss1: 5.840024 Loss2: 0.000022 
| Global Round : 37 | Client :2 | Local Epoch : 3 | [64/597 (11%)]	Loss1: 5.839969 Loss2: 0.000025 
| Global Round : 37 | Client :2 | Local Epoch : 4 | [64/597 (11%)]	Loss1: 5.839715 Loss2: 0.000027 
| Global Round : 37 | Client :3 | Local Epoch : 0 | [64/605 (11%)]	Loss1: 5.840195 Loss2: 0.000025 
| Global Round : 37 | Client :3 | Local Epoch : 1 | [64/605 (11%)]	Loss1: 5.841155 Loss2: 0.000030 
| Global Round : 37 | Client :3 | Local Epoch : 2 | [64/605 (11%)]	Loss1: 5.841099 Loss2: 0.000028 
| Global Round : 37 | Client :3 | Local Epoch : 3 | [64/605 (11%)]	Loss1: 5.839908 Loss2: 0.000032 
| Global Round : 37 | Client :3 | Local Epoch : 4 | [64/605 (11%)]	Loss1: 5.840316 Loss2: 0.000028 
| Global Round : 37 | Client :4 | Local Epoch : 0 | [64/436 (17%)]	Loss1: 5.840504 Loss2: 0.000042 
| Global Round : 37 | Client :4 | Local Epoch : 1 | [64/436 (17%)]	Loss1: 5.839874 Loss2: 0.000039 
| Global Round : 37 | Client :4 | Local Epoch : 2 | [64/436 (17%)]	Loss1: 5.840786 Loss2: 0.000046 
| Global Round : 37 | Client :4 | Local Epoch : 3 | [64/436 (17%)]	Loss1: 5.838863 Loss2: 0.000041 
| Global Round : 37 | Client :4 | Local Epoch : 4 | [64/436 (17%)]	Loss1: 5.840406 Loss2: 0.000042 
| Global Round : 37 | Client :5 | Local Epoch : 0 | [64/627 (11%)]	Loss1: 5.839851 Loss2: 0.000031 
| Global Round : 37 | Client :5 | Local Epoch : 1 | [64/627 (11%)]	Loss1: 5.839655 Loss2: 0.000031 
| Global Round : 37 | Client :5 | Local Epoch : 2 | [64/627 (11%)]	Loss1: 5.839880 Loss2: 0.000031 
| Global Round : 37 | Client :5 | Local Epoch : 3 | [64/627 (11%)]	Loss1: 5.839710 Loss2: 0.000031 
| Global Round : 37 | Client :5 | Local Epoch : 4 | [64/627 (11%)]	Loss1: 5.838960 Loss2: 0.000027 
| Global Round : 37 | Client :6 | Local Epoch : 0 | [64/571 (12%)]	Loss1: 5.839631 Loss2: 0.000027 
| Global Round : 37 | Client :6 | Local Epoch : 1 | [64/571 (12%)]	Loss1: 5.840137 Loss2: 0.000029 
| Global Round : 37 | Client :6 | Local Epoch : 2 | [64/571 (12%)]	Loss1: 5.840064 Loss2: 0.000025 
| Global Round : 37 | Client :6 | Local Epoch : 3 | [64/571 (12%)]	Loss1: 5.839391 Loss2: 0.000023 
| Global Round : 37 | Client :6 | Local Epoch : 4 | [64/571 (12%)]	Loss1: 5.839925 Loss2: 0.000024 
| Global Round : 37 | Client :7 | Local Epoch : 0 | [64/665 (10%)]	Loss1: 5.841163 Loss2: 0.000026 
| Global Round : 37 | Client :7 | Local Epoch : 1 | [64/665 (10%)]	Loss1: 5.840554 Loss2: 0.000030 
| Global Round : 37 | Client :7 | Local Epoch : 2 | [64/665 (10%)]	Loss1: 5.839862 Loss2: 0.000029 
| Global Round : 37 | Client :7 | Local Epoch : 3 | [64/665 (10%)]	Loss1: 5.842278 Loss2: 0.000030 
| Global Round : 37 | Client :7 | Local Epoch : 4 | [64/665 (10%)]	Loss1: 5.841594 Loss2: 0.000034 
| Global Round : 37 | Client :8 | Local Epoch : 0 | [64/561 (12%)]	Loss1: 5.840277 Loss2: 0.000029 
| Global Round : 37 | Client :8 | Local Epoch : 1 | [64/561 (12%)]	Loss1: 5.840302 Loss2: 0.000031 
| Global Round : 37 | Client :8 | Local Epoch : 2 | [64/561 (12%)]	Loss1: 5.840616 Loss2: 0.000035 
| Global Round : 37 | Client :8 | Local Epoch : 3 | [64/561 (12%)]	Loss1: 5.840177 Loss2: 0.000031 
| Global Round : 37 | Client :8 | Local Epoch : 4 | [64/561 (12%)]	Loss1: 5.839897 Loss2: 0.000029 
| Global Round : 37 | Client :9 | Local Epoch : 0 | [64/811 (8%)]	Loss1: 5.841316 Loss2: 0.000021 
| Global Round : 37 | Client :9 | Local Epoch : 0 | [704/811 (92%)]	Loss1: 5.840617 Loss2: 0.000034 
| Global Round : 37 | Client :9 | Local Epoch : 1 | [64/811 (8%)]	Loss1: 5.839535 Loss2: 0.000024 
| Global Round : 37 | Client :9 | Local Epoch : 1 | [704/811 (92%)]	Loss1: 5.841945 Loss2: 0.000030 
| Global Round : 37 | Client :9 | Local Epoch : 2 | [64/811 (8%)]	Loss1: 5.839857 Loss2: 0.000025 
| Global Round : 37 | Client :9 | Local Epoch : 2 | [704/811 (92%)]	Loss1: 5.839564 Loss2: 0.000032 
| Global Round : 37 | Client :9 | Local Epoch : 3 | [64/811 (8%)]	Loss1: 5.840273 Loss2: 0.000019 
| Global Round : 37 | Client :9 | Local Epoch : 3 | [704/811 (92%)]	Loss1: 5.839799 Loss2: 0.000029 
| Global Round : 37 | Client :9 | Local Epoch : 4 | [64/811 (8%)]	Loss1: 5.840923 Loss2: 0.000021 
| Global Round : 37 | Client :9 | Local Epoch : 4 | [704/811 (92%)]	Loss1: 5.839620 Loss2: 0.000034 
average loss:   5.83853728773102
average local test accuracy: 0.8619791666666667
average global test accuracy:  0.60390625

 | Global Training Round : 38 |

xi_k [0.49006586 0.48024118 0.51382675 0.50702863 0.46915103 0.48917991
 0.47750979 0.51260977 0.48606068 0.50434889]
max_exp: -1.0
coe: 10
Regulation [0.8 0.8 0.8 0.8 0.8 0.8 0.8 0.8 0.8 0.8]
Solver status: optimal_inaccurate
b_new: [1. 1. 1. 1. 1. 1. 1. 1. 1. 1.]
Iter 0: obj=48.9002, best_obj=48.9002, ||b_new-b_prev||₂=2.846050
xi_k [0.49006586 0.48024118 0.51382675 0.50702863 0.46915103 0.48917991
 0.47750979 0.51260977 0.48606068 0.50434889]
max_exp: -1.0
coe: 10
Regulation [-1. -1. -1. -1. -1. -1. -1. -1. -1. -1.]
Solver status: optimal_inaccurate
b_new: [1. 1. 1. 1. 1. 1. 1. 1. 1. 1.]
Iter 1: obj=49.8002, best_obj=49.8002, ||b_new-b_prev||₂=0.000000
Converged.
Final b: [1. 1. 1. 1. 1. 1. 1. 1. 1. 1.]
<class 'numpy.ndarray'>
b_float: [1. 1. 1. 1. 1. 1. 1. 1. 1. 1.]
b: [1 1 1 1 1 1 1 1 1 1]
active_clients:  [0, 1, 2, 3, 4, 5, 6, 7, 8, 9]
Client 0's s_k are:[0 0 0 0 0 0 1 0 0 0]
Client 1's s_k are:[0 0 0 0 0 0 1 0 0 0]
Client 2's s_k are:[0 0 0 0 0 0 0 0 0 1]
Client 3's s_k are:[0 0 0 0 0 1 0 0 0 0]
Client 4's s_k are:[0 0 0 0 0 0 0 1 0 0]
Client 5's s_k are:[0 0 0 1 0 0 0 0 0 0]
Client 6's s_k are:[1 0 0 0 0 0 0 0 0 0]
Client 7's s_k are:[0 0 0 0 0 0 1 0 0 0]
Client 8's s_k are:[0 0 0 0 0 0 0 0 0 1]
Client 9's s_k are:[0 0 1 0 0 0 0 0 0 0]
| Global Round : 38 | Client :0 | Local Epoch : 0 | [64/626 (11%)]	Loss1: 5.841876 Loss2: 0.000029 
| Global Round : 38 | Client :0 | Local Epoch : 1 | [64/626 (11%)]	Loss1: 5.842134 Loss2: 0.000028 
| Global Round : 38 | Client :0 | Local Epoch : 2 | [64/626 (11%)]	Loss1: 5.841311 Loss2: 0.000028 
| Global Round : 38 | Client :0 | Local Epoch : 3 | [64/626 (11%)]	Loss1: 5.840379 Loss2: 0.000024 
| Global Round : 38 | Client :0 | Local Epoch : 4 | [64/626 (11%)]	Loss1: 5.840562 Loss2: 0.000028 
| Global Round : 38 | Client :1 | Local Epoch : 0 | [64/497 (14%)]	Loss1: 5.840240 Loss2: 0.000049 
| Global Round : 38 | Client :1 | Local Epoch : 1 | [64/497 (14%)]	Loss1: 5.843177 Loss2: 0.000042 
| Global Round : 38 | Client :1 | Local Epoch : 2 | [64/497 (14%)]	Loss1: 5.841877 Loss2: 0.000042 
| Global Round : 38 | Client :1 | Local Epoch : 3 | [64/497 (14%)]	Loss1: 5.841331 Loss2: 0.000038 
| Global Round : 38 | Client :1 | Local Epoch : 4 | [64/497 (14%)]	Loss1: 5.841825 Loss2: 0.000043 
| Global Round : 38 | Client :2 | Local Epoch : 0 | [64/597 (11%)]	Loss1: 5.839943 Loss2: 0.000025 
| Global Round : 38 | Client :2 | Local Epoch : 1 | [64/597 (11%)]	Loss1: 5.840479 Loss2: 0.000018 
| Global Round : 38 | Client :2 | Local Epoch : 2 | [64/597 (11%)]	Loss1: 5.839166 Loss2: 0.000021 
| Global Round : 38 | Client :2 | Local Epoch : 3 | [64/597 (11%)]	Loss1: 5.838931 Loss2: 0.000027 
| Global Round : 38 | Client :2 | Local Epoch : 4 | [64/597 (11%)]	Loss1: 5.839081 Loss2: 0.000023 
| Global Round : 38 | Client :3 | Local Epoch : 0 | [64/605 (11%)]	Loss1: 5.840035 Loss2: 0.000027 
| Global Round : 38 | Client :3 | Local Epoch : 1 | [64/605 (11%)]	Loss1: 5.839450 Loss2: 0.000029 
| Global Round : 38 | Client :3 | Local Epoch : 2 | [64/605 (11%)]	Loss1: 5.839505 Loss2: 0.000027 
| Global Round : 38 | Client :3 | Local Epoch : 3 | [64/605 (11%)]	Loss1: 5.840790 Loss2: 0.000030 
| Global Round : 38 | Client :3 | Local Epoch : 4 | [64/605 (11%)]	Loss1: 5.840249 Loss2: 0.000029 
| Global Round : 38 | Client :4 | Local Epoch : 0 | [64/436 (17%)]	Loss1: 5.840590 Loss2: 0.000044 
| Global Round : 38 | Client :4 | Local Epoch : 1 | [64/436 (17%)]	Loss1: 5.840879 Loss2: 0.000040 
| Global Round : 38 | Client :4 | Local Epoch : 2 | [64/436 (17%)]	Loss1: 5.840227 Loss2: 0.000047 
| Global Round : 38 | Client :4 | Local Epoch : 3 | [64/436 (17%)]	Loss1: 5.839223 Loss2: 0.000043 
| Global Round : 38 | Client :4 | Local Epoch : 4 | [64/436 (17%)]	Loss1: 5.840159 Loss2: 0.000045 
| Global Round : 38 | Client :5 | Local Epoch : 0 | [64/627 (11%)]	Loss1: 5.839185 Loss2: 0.000031 
| Global Round : 38 | Client :5 | Local Epoch : 1 | [64/627 (11%)]	Loss1: 5.839163 Loss2: 0.000033 
| Global Round : 38 | Client :5 | Local Epoch : 2 | [64/627 (11%)]	Loss1: 5.839088 Loss2: 0.000027 
| Global Round : 38 | Client :5 | Local Epoch : 3 | [64/627 (11%)]	Loss1: 5.840694 Loss2: 0.000032 
| Global Round : 38 | Client :5 | Local Epoch : 4 | [64/627 (11%)]	Loss1: 5.839538 Loss2: 0.000031 
| Global Round : 38 | Client :6 | Local Epoch : 0 | [64/571 (12%)]	Loss1: 5.839482 Loss2: 0.000025 
| Global Round : 38 | Client :6 | Local Epoch : 1 | [64/571 (12%)]	Loss1: 5.840969 Loss2: 0.000031 
| Global Round : 38 | Client :6 | Local Epoch : 2 | [64/571 (12%)]	Loss1: 5.840230 Loss2: 0.000025 
| Global Round : 38 | Client :6 | Local Epoch : 3 | [64/571 (12%)]	Loss1: 5.840217 Loss2: 0.000026 
| Global Round : 38 | Client :6 | Local Epoch : 4 | [64/571 (12%)]	Loss1: 5.839542 Loss2: 0.000028 
| Global Round : 38 | Client :7 | Local Epoch : 0 | [64/665 (10%)]	Loss1: 5.840166 Loss2: 0.000029 
| Global Round : 38 | Client :7 | Local Epoch : 1 | [64/665 (10%)]	Loss1: 5.840892 Loss2: 0.000030 
| Global Round : 38 | Client :7 | Local Epoch : 2 | [64/665 (10%)]	Loss1: 5.840960 Loss2: 0.000031 
| Global Round : 38 | Client :7 | Local Epoch : 3 | [64/665 (10%)]	Loss1: 5.840022 Loss2: 0.000033 
| Global Round : 38 | Client :7 | Local Epoch : 4 | [64/665 (10%)]	Loss1: 5.840690 Loss2: 0.000028 
| Global Round : 38 | Client :8 | Local Epoch : 0 | [64/561 (12%)]	Loss1: 5.839930 Loss2: 0.000031 
| Global Round : 38 | Client :8 | Local Epoch : 1 | [64/561 (12%)]	Loss1: 5.840813 Loss2: 0.000031 
| Global Round : 38 | Client :8 | Local Epoch : 2 | [64/561 (12%)]	Loss1: 5.839641 Loss2: 0.000032 
| Global Round : 38 | Client :8 | Local Epoch : 3 | [64/561 (12%)]	Loss1: 5.841447 Loss2: 0.000036 
| Global Round : 38 | Client :8 | Local Epoch : 4 | [64/561 (12%)]	Loss1: 5.841251 Loss2: 0.000034 
| Global Round : 38 | Client :9 | Local Epoch : 0 | [64/811 (8%)]	Loss1: 5.840530 Loss2: 0.000020 
| Global Round : 38 | Client :9 | Local Epoch : 0 | [704/811 (92%)]	Loss1: 5.840827 Loss2: 0.000033 
| Global Round : 38 | Client :9 | Local Epoch : 1 | [64/811 (8%)]	Loss1: 5.840075 Loss2: 0.000020 
| Global Round : 38 | Client :9 | Local Epoch : 1 | [704/811 (92%)]	Loss1: 5.840006 Loss2: 0.000033 
| Global Round : 38 | Client :9 | Local Epoch : 2 | [64/811 (8%)]	Loss1: 5.840152 Loss2: 0.000020 
| Global Round : 38 | Client :9 | Local Epoch : 2 | [704/811 (92%)]	Loss1: 5.840739 Loss2: 0.000037 
| Global Round : 38 | Client :9 | Local Epoch : 3 | [64/811 (8%)]	Loss1: 5.840716 Loss2: 0.000026 
| Global Round : 38 | Client :9 | Local Epoch : 3 | [704/811 (92%)]	Loss1: 5.841285 Loss2: 0.000033 
| Global Round : 38 | Client :9 | Local Epoch : 4 | [64/811 (8%)]	Loss1: 5.840451 Loss2: 0.000021 
| Global Round : 38 | Client :9 | Local Epoch : 4 | [704/811 (92%)]	Loss1: 5.839466 Loss2: 0.000030 
average loss:   5.838507176921482
average local test accuracy: 0.859375
average global test accuracy:  0.5955729166666666

 | Global Training Round : 39 |

xi_k [0.49005977 0.48021624 0.51379368 0.50701732 0.46912528 0.48917963
 0.47751056 0.51260097 0.48606646 0.50435117]
max_exp: -1.0
coe: 10
Regulation [0.8 0.8 0.8 0.8 0.8 0.8 0.8 0.8 0.8 0.8]
Solver status: optimal_inaccurate
b_new: [1. 1. 1. 1. 1. 1. 1. 1. 1. 1.]
Iter 0: obj=48.8992, best_obj=48.8992, ||b_new-b_prev||₂=2.846050
xi_k [0.49005977 0.48021624 0.51379368 0.50701732 0.46912528 0.48917963
 0.47751056 0.51260097 0.48606646 0.50435117]
max_exp: -1.0
coe: 10
Regulation [-1. -1. -1. -1. -1. -1. -1. -1. -1. -1.]
Solver status: optimal_inaccurate
b_new: [1. 1. 1. 1. 1. 1. 1. 1. 1. 1.]
Iter 1: obj=49.7992, best_obj=49.7992, ||b_new-b_prev||₂=0.000000
Converged.
Final b: [1. 1. 1. 1. 1. 1. 1. 1. 1. 1.]
<class 'numpy.ndarray'>
b_float: [1. 1. 1. 1. 1. 1. 1. 1. 1. 1.]
b: [1 1 1 1 1 1 1 1 1 1]
active_clients:  [0, 1, 2, 3, 4, 5, 6, 7, 8, 9]
Client 0's s_k are:[0 0 0 0 0 0 1 0 0 0]
Client 1's s_k are:[0 0 0 0 0 0 1 0 0 0]
Client 2's s_k are:[0 0 0 0 0 0 0 0 0 1]
Client 3's s_k are:[0 0 0 0 0 1 0 0 0 0]
Client 4's s_k are:[0 0 0 0 0 0 0 1 0 0]
Client 5's s_k are:[0 0 0 1 0 0 0 0 0 0]
Client 6's s_k are:[1 0 0 0 0 0 0 0 0 0]
Client 7's s_k are:[0 0 0 0 0 0 1 0 0 0]
Client 8's s_k are:[0 0 0 0 0 0 0 0 0 1]
Client 9's s_k are:[0 0 1 0 0 0 0 0 0 0]
| Global Round : 39 | Client :0 | Local Epoch : 0 | [64/626 (11%)]	Loss1: 5.841929 Loss2: 0.000029 
| Global Round : 39 | Client :0 | Local Epoch : 1 | [64/626 (11%)]	Loss1: 5.842467 Loss2: 0.000035 
| Global Round : 39 | Client :0 | Local Epoch : 2 | [64/626 (11%)]	Loss1: 5.841134 Loss2: 0.000032 
| Global Round : 39 | Client :0 | Local Epoch : 3 | [64/626 (11%)]	Loss1: 5.841570 Loss2: 0.000030 
| Global Round : 39 | Client :0 | Local Epoch : 4 | [64/626 (11%)]	Loss1: 5.841413 Loss2: 0.000030 
| Global Round : 39 | Client :1 | Local Epoch : 0 | [64/497 (14%)]	Loss1: 5.841004 Loss2: 0.000045 
| Global Round : 39 | Client :1 | Local Epoch : 1 | [64/497 (14%)]	Loss1: 5.841634 Loss2: 0.000050 
| Global Round : 39 | Client :1 | Local Epoch : 2 | [64/497 (14%)]	Loss1: 5.841663 Loss2: 0.000048 
| Global Round : 39 | Client :1 | Local Epoch : 3 | [64/497 (14%)]	Loss1: 5.841297 Loss2: 0.000048 
| Global Round : 39 | Client :1 | Local Epoch : 4 | [64/497 (14%)]	Loss1: 5.842452 Loss2: 0.000038 
| Global Round : 39 | Client :2 | Local Epoch : 0 | [64/597 (11%)]	Loss1: 5.839655 Loss2: 0.000021 
| Global Round : 39 | Client :2 | Local Epoch : 1 | [64/597 (11%)]	Loss1: 5.839906 Loss2: 0.000021 
| Global Round : 39 | Client :2 | Local Epoch : 2 | [64/597 (11%)]	Loss1: 5.840613 Loss2: 0.000024 
| Global Round : 39 | Client :2 | Local Epoch : 3 | [64/597 (11%)]	Loss1: 5.839485 Loss2: 0.000020 
| Global Round : 39 | Client :2 | Local Epoch : 4 | [64/597 (11%)]	Loss1: 5.840136 Loss2: 0.000026 
| Global Round : 39 | Client :3 | Local Epoch : 0 | [64/605 (11%)]	Loss1: 5.839888 Loss2: 0.000032 
| Global Round : 39 | Client :3 | Local Epoch : 1 | [64/605 (11%)]	Loss1: 5.841816 Loss2: 0.000029 
| Global Round : 39 | Client :3 | Local Epoch : 2 | [64/605 (11%)]	Loss1: 5.841427 Loss2: 0.000028 
| Global Round : 39 | Client :3 | Local Epoch : 3 | [64/605 (11%)]	Loss1: 5.840378 Loss2: 0.000034 
| Global Round : 39 | Client :3 | Local Epoch : 4 | [64/605 (11%)]	Loss1: 5.840477 Loss2: 0.000029 
| Global Round : 39 | Client :4 | Local Epoch : 0 | [64/436 (17%)]	Loss1: 5.840276 Loss2: 0.000043 
| Global Round : 39 | Client :4 | Local Epoch : 1 | [64/436 (17%)]	Loss1: 5.840881 Loss2: 0.000045 
| Global Round : 39 | Client :4 | Local Epoch : 2 | [64/436 (17%)]	Loss1: 5.840713 Loss2: 0.000043 
| Global Round : 39 | Client :4 | Local Epoch : 3 | [64/436 (17%)]	Loss1: 5.839777 Loss2: 0.000039 
| Global Round : 39 | Client :4 | Local Epoch : 4 | [64/436 (17%)]	Loss1: 5.839563 Loss2: 0.000044 
| Global Round : 39 | Client :5 | Local Epoch : 0 | [64/627 (11%)]	Loss1: 5.838649 Loss2: 0.000032 
| Global Round : 39 | Client :5 | Local Epoch : 1 | [64/627 (11%)]	Loss1: 5.839317 Loss2: 0.000030 
| Global Round : 39 | Client :5 | Local Epoch : 2 | [64/627 (11%)]	Loss1: 5.838919 Loss2: 0.000027 
| Global Round : 39 | Client :5 | Local Epoch : 3 | [64/627 (11%)]	Loss1: 5.839435 Loss2: 0.000031 
| Global Round : 39 | Client :5 | Local Epoch : 4 | [64/627 (11%)]	Loss1: 5.839715 Loss2: 0.000028 
| Global Round : 39 | Client :6 | Local Epoch : 0 | [64/571 (12%)]	Loss1: 5.840078 Loss2: 0.000025 
| Global Round : 39 | Client :6 | Local Epoch : 1 | [64/571 (12%)]	Loss1: 5.839898 Loss2: 0.000026 
| Global Round : 39 | Client :6 | Local Epoch : 2 | [64/571 (12%)]	Loss1: 5.840680 Loss2: 0.000023 
| Global Round : 39 | Client :6 | Local Epoch : 3 | [64/571 (12%)]	Loss1: 5.839102 Loss2: 0.000025 
| Global Round : 39 | Client :6 | Local Epoch : 4 | [64/571 (12%)]	Loss1: 5.840073 Loss2: 0.000028 
| Global Round : 39 | Client :7 | Local Epoch : 0 | [64/665 (10%)]	Loss1: 5.839724 Loss2: 0.000031 
| Global Round : 39 | Client :7 | Local Epoch : 1 | [64/665 (10%)]	Loss1: 5.841250 Loss2: 0.000030 
| Global Round : 39 | Client :7 | Local Epoch : 2 | [64/665 (10%)]	Loss1: 5.840175 Loss2: 0.000033 
| Global Round : 39 | Client :7 | Local Epoch : 3 | [64/665 (10%)]	Loss1: 5.840891 Loss2: 0.000031 
| Global Round : 39 | Client :7 | Local Epoch : 4 | [64/665 (10%)]	Loss1: 5.840452 Loss2: 0.000028 
| Global Round : 39 | Client :8 | Local Epoch : 0 | [64/561 (12%)]	Loss1: 5.839809 Loss2: 0.000033 
| Global Round : 39 | Client :8 | Local Epoch : 1 | [64/561 (12%)]	Loss1: 5.839453 Loss2: 0.000031 
| Global Round : 39 | Client :8 | Local Epoch : 2 | [64/561 (12%)]	Loss1: 5.840103 Loss2: 0.000029 
| Global Round : 39 | Client :8 | Local Epoch : 3 | [64/561 (12%)]	Loss1: 5.840296 Loss2: 0.000037 
| Global Round : 39 | Client :8 | Local Epoch : 4 | [64/561 (12%)]	Loss1: 5.840390 Loss2: 0.000034 
| Global Round : 39 | Client :9 | Local Epoch : 0 | [64/811 (8%)]	Loss1: 5.841180 Loss2: 0.000021 
| Global Round : 39 | Client :9 | Local Epoch : 0 | [704/811 (92%)]	Loss1: 5.839887 Loss2: 0.000029 
| Global Round : 39 | Client :9 | Local Epoch : 1 | [64/811 (8%)]	Loss1: 5.840029 Loss2: 0.000025 
| Global Round : 39 | Client :9 | Local Epoch : 1 | [704/811 (92%)]	Loss1: 5.839888 Loss2: 0.000030 
| Global Round : 39 | Client :9 | Local Epoch : 2 | [64/811 (8%)]	Loss1: 5.841242 Loss2: 0.000023 
| Global Round : 39 | Client :9 | Local Epoch : 2 | [704/811 (92%)]	Loss1: 5.839836 Loss2: 0.000034 
| Global Round : 39 | Client :9 | Local Epoch : 3 | [64/811 (8%)]	Loss1: 5.840644 Loss2: 0.000023 
| Global Round : 39 | Client :9 | Local Epoch : 3 | [704/811 (92%)]	Loss1: 5.840080 Loss2: 0.000035 
| Global Round : 39 | Client :9 | Local Epoch : 4 | [64/811 (8%)]	Loss1: 5.839940 Loss2: 0.000026 
| Global Round : 39 | Client :9 | Local Epoch : 4 | [704/811 (92%)]	Loss1: 5.839936 Loss2: 0.000029 
average loss:   5.838522572006498
average local test accuracy: 0.8567708333333333
average global test accuracy:  0.5657552083333334

 | Global Training Round : 40 |

xi_k [0.49006925 0.48022539 0.51381993 0.50700767 0.46915277 0.48918419
 0.47751147 0.51263069 0.48605924 0.50435163]
max_exp: -1.0
coe: 10
Regulation [0.8 0.8 0.8 0.8 0.8 0.8 0.8 0.8 0.8 0.8]
Solver status: optimal_inaccurate
b_new: [1. 1. 1. 1. 1. 1. 1. 1. 1. 1.]
Iter 0: obj=48.9001, best_obj=48.9001, ||b_new-b_prev||₂=2.846050
xi_k [0.49006925 0.48022539 0.51381993 0.50700767 0.46915277 0.48918419
 0.47751147 0.51263069 0.48605924 0.50435163]
max_exp: -1.0
coe: 10
Regulation [-1. -1. -1. -1. -1. -1. -1. -1. -1. -1.]
Solver status: optimal_inaccurate
b_new: [1. 1. 1. 1. 1. 1. 1. 1. 1. 1.]
Iter 1: obj=49.8001, best_obj=49.8001, ||b_new-b_prev||₂=0.000000
Converged.
Final b: [1. 1. 1. 1. 1. 1. 1. 1. 1. 1.]
<class 'numpy.ndarray'>
b_float: [1. 1. 1. 1. 1. 1. 1. 1. 1. 1.]
b: [1 1 1 1 1 1 1 1 1 1]
active_clients:  [0, 1, 2, 3, 4, 5, 6, 7, 8, 9]
Client 0's s_k are:[0 0 0 0 0 0 1 0 0 0]
Client 1's s_k are:[0 0 0 0 0 0 1 0 0 0]
Client 2's s_k are:[0 0 0 0 0 0 0 0 0 1]
Client 3's s_k are:[0 0 0 0 0 1 0 0 0 0]
Client 4's s_k are:[0 0 0 0 0 0 0 1 0 0]
Client 5's s_k are:[0 0 0 1 0 0 0 0 0 0]
Client 6's s_k are:[1 0 0 0 0 0 0 0 0 0]
Client 7's s_k are:[0 0 0 0 0 0 1 0 0 0]
Client 8's s_k are:[0 0 0 0 0 0 0 0 0 1]
Client 9's s_k are:[0 0 1 0 0 0 0 0 0 0]
| Global Round : 40 | Client :0 | Local Epoch : 0 | [64/626 (11%)]	Loss1: 5.841371 Loss2: 0.000027 
| Global Round : 40 | Client :0 | Local Epoch : 1 | [64/626 (11%)]	Loss1: 5.841874 Loss2: 0.000028 
| Global Round : 40 | Client :0 | Local Epoch : 2 | [64/626 (11%)]	Loss1: 5.840104 Loss2: 0.000028 
| Global Round : 40 | Client :0 | Local Epoch : 3 | [64/626 (11%)]	Loss1: 5.840585 Loss2: 0.000027 
| Global Round : 40 | Client :0 | Local Epoch : 4 | [64/626 (11%)]	Loss1: 5.841558 Loss2: 0.000026 
| Global Round : 40 | Client :1 | Local Epoch : 0 | [64/497 (14%)]	Loss1: 5.841329 Loss2: 0.000046 
| Global Round : 40 | Client :1 | Local Epoch : 1 | [64/497 (14%)]	Loss1: 5.843151 Loss2: 0.000047 
| Global Round : 40 | Client :1 | Local Epoch : 2 | [64/497 (14%)]	Loss1: 5.842628 Loss2: 0.000041 
| Global Round : 40 | Client :1 | Local Epoch : 3 | [64/497 (14%)]	Loss1: 5.842156 Loss2: 0.000051 
| Global Round : 40 | Client :1 | Local Epoch : 4 | [64/497 (14%)]	Loss1: 5.841794 Loss2: 0.000044 
| Global Round : 40 | Client :2 | Local Epoch : 0 | [64/597 (11%)]	Loss1: 5.840064 Loss2: 0.000023 
| Global Round : 40 | Client :2 | Local Epoch : 1 | [64/597 (11%)]	Loss1: 5.839589 Loss2: 0.000024 
| Global Round : 40 | Client :2 | Local Epoch : 2 | [64/597 (11%)]	Loss1: 5.840193 Loss2: 0.000023 
| Global Round : 40 | Client :2 | Local Epoch : 3 | [64/597 (11%)]	Loss1: 5.840391 Loss2: 0.000025 
| Global Round : 40 | Client :2 | Local Epoch : 4 | [64/597 (11%)]	Loss1: 5.839540 Loss2: 0.000022 
| Global Round : 40 | Client :3 | Local Epoch : 0 | [64/605 (11%)]	Loss1: 5.839653 Loss2: 0.000033 
| Global Round : 40 | Client :3 | Local Epoch : 1 | [64/605 (11%)]	Loss1: 5.840700 Loss2: 0.000028 
| Global Round : 40 | Client :3 | Local Epoch : 2 | [64/605 (11%)]	Loss1: 5.839920 Loss2: 0.000027 
| Global Round : 40 | Client :3 | Local Epoch : 3 | [64/605 (11%)]	Loss1: 5.840136 Loss2: 0.000029 
| Global Round : 40 | Client :3 | Local Epoch : 4 | [64/605 (11%)]	Loss1: 5.839992 Loss2: 0.000030 
| Global Round : 40 | Client :4 | Local Epoch : 0 | [64/436 (17%)]	Loss1: 5.839757 Loss2: 0.000048 
| Global Round : 40 | Client :4 | Local Epoch : 1 | [64/436 (17%)]	Loss1: 5.841331 Loss2: 0.000048 
| Global Round : 40 | Client :4 | Local Epoch : 2 | [64/436 (17%)]	Loss1: 5.839676 Loss2: 0.000039 
| Global Round : 40 | Client :4 | Local Epoch : 3 | [64/436 (17%)]	Loss1: 5.840390 Loss2: 0.000042 
| Global Round : 40 | Client :4 | Local Epoch : 4 | [64/436 (17%)]	Loss1: 5.839796 Loss2: 0.000043 
| Global Round : 40 | Client :5 | Local Epoch : 0 | [64/627 (11%)]	Loss1: 5.839067 Loss2: 0.000032 
| Global Round : 40 | Client :5 | Local Epoch : 1 | [64/627 (11%)]	Loss1: 5.839508 Loss2: 0.000031 
| Global Round : 40 | Client :5 | Local Epoch : 2 | [64/627 (11%)]	Loss1: 5.840007 Loss2: 0.000033 
| Global Round : 40 | Client :5 | Local Epoch : 3 | [64/627 (11%)]	Loss1: 5.839485 Loss2: 0.000030 
| Global Round : 40 | Client :5 | Local Epoch : 4 | [64/627 (11%)]	Loss1: 5.839189 Loss2: 0.000031 
| Global Round : 40 | Client :6 | Local Epoch : 0 | [64/571 (12%)]	Loss1: 5.839919 Loss2: 0.000023 
| Global Round : 40 | Client :6 | Local Epoch : 1 | [64/571 (12%)]	Loss1: 5.840794 Loss2: 0.000022 
| Global Round : 40 | Client :6 | Local Epoch : 2 | [64/571 (12%)]	Loss1: 5.840407 Loss2: 0.000025 
| Global Round : 40 | Client :6 | Local Epoch : 3 | [64/571 (12%)]	Loss1: 5.840276 Loss2: 0.000026 
| Global Round : 40 | Client :6 | Local Epoch : 4 | [64/571 (12%)]	Loss1: 5.839921 Loss2: 0.000025 
| Global Round : 40 | Client :7 | Local Epoch : 0 | [64/665 (10%)]	Loss1: 5.840434 Loss2: 0.000031 
| Global Round : 40 | Client :7 | Local Epoch : 1 | [64/665 (10%)]	Loss1: 5.839911 Loss2: 0.000027 
| Global Round : 40 | Client :7 | Local Epoch : 2 | [64/665 (10%)]	Loss1: 5.840097 Loss2: 0.000031 
| Global Round : 40 | Client :7 | Local Epoch : 3 | [64/665 (10%)]	Loss1: 5.840307 Loss2: 0.000032 
| Global Round : 40 | Client :7 | Local Epoch : 4 | [64/665 (10%)]	Loss1: 5.839912 Loss2: 0.000035 
| Global Round : 40 | Client :8 | Local Epoch : 0 | [64/561 (12%)]	Loss1: 5.840591 Loss2: 0.000027 
| Global Round : 40 | Client :8 | Local Epoch : 1 | [64/561 (12%)]	Loss1: 5.840520 Loss2: 0.000031 
| Global Round : 40 | Client :8 | Local Epoch : 2 | [64/561 (12%)]	Loss1: 5.840721 Loss2: 0.000037 
| Global Round : 40 | Client :8 | Local Epoch : 3 | [64/561 (12%)]	Loss1: 5.841467 Loss2: 0.000035 
| Global Round : 40 | Client :8 | Local Epoch : 4 | [64/561 (12%)]	Loss1: 5.839817 Loss2: 0.000029 
| Global Round : 40 | Client :9 | Local Epoch : 0 | [64/811 (8%)]	Loss1: 5.840004 Loss2: 0.000025 
| Global Round : 40 | Client :9 | Local Epoch : 0 | [704/811 (92%)]	Loss1: 5.839610 Loss2: 0.000033 
| Global Round : 40 | Client :9 | Local Epoch : 1 | [64/811 (8%)]	Loss1: 5.839905 Loss2: 0.000025 
| Global Round : 40 | Client :9 | Local Epoch : 1 | [704/811 (92%)]	Loss1: 5.840761 Loss2: 0.000033 
| Global Round : 40 | Client :9 | Local Epoch : 2 | [64/811 (8%)]	Loss1: 5.840538 Loss2: 0.000021 
| Global Round : 40 | Client :9 | Local Epoch : 2 | [704/811 (92%)]	Loss1: 5.841934 Loss2: 0.000031 
| Global Round : 40 | Client :9 | Local Epoch : 3 | [64/811 (8%)]	Loss1: 5.840410 Loss2: 0.000026 
| Global Round : 40 | Client :9 | Local Epoch : 3 | [704/811 (92%)]	Loss1: 5.839944 Loss2: 0.000035 
| Global Round : 40 | Client :9 | Local Epoch : 4 | [64/811 (8%)]	Loss1: 5.840791 Loss2: 0.000024 
| Global Round : 40 | Client :9 | Local Epoch : 4 | [704/811 (92%)]	Loss1: 5.839699 Loss2: 0.000032 
average loss:   5.838444540538485
average local test accuracy: 0.8553385416666668
average global test accuracy:  0.5966145833333333

 | Global Training Round : 41 |

xi_k [0.49006003 0.48022849 0.51380647 0.50701521 0.46911095 0.48917863
 0.47751311 0.51261123 0.48603588 0.50435389]
max_exp: -1.0
coe: 10
Regulation [0.8 0.8 0.8 0.8 0.8 0.8 0.8 0.8 0.8 0.8]
Solver status: optimal_inaccurate
b_new: [1. 1. 1. 1. 1. 1. 1. 1. 1. 1.]
Iter 0: obj=48.8991, best_obj=48.8991, ||b_new-b_prev||₂=2.846050
xi_k [0.49006003 0.48022849 0.51380647 0.50701521 0.46911095 0.48917863
 0.47751311 0.51261123 0.48603588 0.50435389]
max_exp: -1.0
coe: 10
Regulation [-1. -1. -1. -1. -1. -1. -1. -1. -1. -1.]
Solver status: optimal_inaccurate
b_new: [1. 1. 1. 1. 1. 1. 1. 1. 1. 1.]
Iter 1: obj=49.7991, best_obj=49.7991, ||b_new-b_prev||₂=0.000000
Converged.
Final b: [1. 1. 1. 1. 1. 1. 1. 1. 1. 1.]
<class 'numpy.ndarray'>
b_float: [1. 1. 1. 1. 1. 1. 1. 1. 1. 1.]
b: [1 1 1 1 1 1 1 1 1 1]
active_clients:  [0, 1, 2, 3, 4, 5, 6, 7, 8, 9]
Client 0's s_k are:[0 0 0 0 0 0 1 0 0 0]
Client 1's s_k are:[0 0 0 0 0 0 1 0 0 0]
Client 2's s_k are:[0 0 0 0 0 0 0 0 0 1]
Client 3's s_k are:[0 0 0 0 0 1 0 0 0 0]
Client 4's s_k are:[0 0 0 0 0 0 0 1 0 0]
Client 5's s_k are:[0 0 0 1 0 0 0 0 0 0]
Client 6's s_k are:[1 0 0 0 0 0 0 0 0 0]
Client 7's s_k are:[0 0 0 0 0 0 1 0 0 0]
Client 8's s_k are:[0 0 0 0 0 0 0 0 0 1]
Client 9's s_k are:[0 0 1 0 0 0 0 0 0 0]
| Global Round : 41 | Client :0 | Local Epoch : 0 | [64/626 (11%)]	Loss1: 5.840655 Loss2: 0.000027 
| Global Round : 41 | Client :0 | Local Epoch : 1 | [64/626 (11%)]	Loss1: 5.841993 Loss2: 0.000029 
| Global Round : 41 | Client :0 | Local Epoch : 2 | [64/626 (11%)]	Loss1: 5.841550 Loss2: 0.000026 
| Global Round : 41 | Client :0 | Local Epoch : 3 | [64/626 (11%)]	Loss1: 5.841089 Loss2: 0.000032 
| Global Round : 41 | Client :0 | Local Epoch : 4 | [64/626 (11%)]	Loss1: 5.841279 Loss2: 0.000028 
| Global Round : 41 | Client :1 | Local Epoch : 0 | [64/497 (14%)]	Loss1: 5.841030 Loss2: 0.000038 
| Global Round : 41 | Client :1 | Local Epoch : 1 | [64/497 (14%)]	Loss1: 5.841947 Loss2: 0.000041 
| Global Round : 41 | Client :1 | Local Epoch : 2 | [64/497 (14%)]	Loss1: 5.841059 Loss2: 0.000044 
| Global Round : 41 | Client :1 | Local Epoch : 3 | [64/497 (14%)]	Loss1: 5.840217 Loss2: 0.000042 
| Global Round : 41 | Client :1 | Local Epoch : 4 | [64/497 (14%)]	Loss1: 5.840710 Loss2: 0.000038 
| Global Round : 41 | Client :2 | Local Epoch : 0 | [64/597 (11%)]	Loss1: 5.839574 Loss2: 0.000023 
| Global Round : 41 | Client :2 | Local Epoch : 1 | [64/597 (11%)]	Loss1: 5.840597 Loss2: 0.000026 
| Global Round : 41 | Client :2 | Local Epoch : 2 | [64/597 (11%)]	Loss1: 5.841516 Loss2: 0.000022 
| Global Round : 41 | Client :2 | Local Epoch : 3 | [64/597 (11%)]	Loss1: 5.839801 Loss2: 0.000019 
| Global Round : 41 | Client :2 | Local Epoch : 4 | [64/597 (11%)]	Loss1: 5.841546 Loss2: 0.000021 
| Global Round : 41 | Client :3 | Local Epoch : 0 | [64/605 (11%)]	Loss1: 5.840423 Loss2: 0.000031 
| Global Round : 41 | Client :3 | Local Epoch : 1 | [64/605 (11%)]	Loss1: 5.840689 Loss2: 0.000029 
| Global Round : 41 | Client :3 | Local Epoch : 2 | [64/605 (11%)]	Loss1: 5.839336 Loss2: 0.000022 
| Global Round : 41 | Client :3 | Local Epoch : 3 | [64/605 (11%)]	Loss1: 5.839880 Loss2: 0.000021 
| Global Round : 41 | Client :3 | Local Epoch : 4 | [64/605 (11%)]	Loss1: 5.839882 Loss2: 0.000028 
| Global Round : 41 | Client :4 | Local Epoch : 0 | [64/436 (17%)]	Loss1: 5.840292 Loss2: 0.000041 
| Global Round : 41 | Client :4 | Local Epoch : 1 | [64/436 (17%)]	Loss1: 5.839872 Loss2: 0.000044 
| Global Round : 41 | Client :4 | Local Epoch : 2 | [64/436 (17%)]	Loss1: 5.839707 Loss2: 0.000040 
| Global Round : 41 | Client :4 | Local Epoch : 3 | [64/436 (17%)]	Loss1: 5.840216 Loss2: 0.000045 
| Global Round : 41 | Client :4 | Local Epoch : 4 | [64/436 (17%)]	Loss1: 5.840134 Loss2: 0.000040 
| Global Round : 41 | Client :5 | Local Epoch : 0 | [64/627 (11%)]	Loss1: 5.840055 Loss2: 0.000025 
| Global Round : 41 | Client :5 | Local Epoch : 1 | [64/627 (11%)]	Loss1: 5.839553 Loss2: 0.000026 
| Global Round : 41 | Client :5 | Local Epoch : 2 | [64/627 (11%)]	Loss1: 5.840002 Loss2: 0.000028 
| Global Round : 41 | Client :5 | Local Epoch : 3 | [64/627 (11%)]	Loss1: 5.838932 Loss2: 0.000023 
| Global Round : 41 | Client :5 | Local Epoch : 4 | [64/627 (11%)]	Loss1: 5.839528 Loss2: 0.000028 
| Global Round : 41 | Client :6 | Local Epoch : 0 | [64/571 (12%)]	Loss1: 5.839301 Loss2: 0.000028 
| Global Round : 41 | Client :6 | Local Epoch : 1 | [64/571 (12%)]	Loss1: 5.840057 Loss2: 0.000024 
| Global Round : 41 | Client :6 | Local Epoch : 2 | [64/571 (12%)]	Loss1: 5.839472 Loss2: 0.000030 
| Global Round : 41 | Client :6 | Local Epoch : 3 | [64/571 (12%)]	Loss1: 5.840302 Loss2: 0.000028 
| Global Round : 41 | Client :6 | Local Epoch : 4 | [64/571 (12%)]	Loss1: 5.840338 Loss2: 0.000029 
| Global Round : 41 | Client :7 | Local Epoch : 0 | [64/665 (10%)]	Loss1: 5.840083 Loss2: 0.000033 
| Global Round : 41 | Client :7 | Local Epoch : 1 | [64/665 (10%)]	Loss1: 5.842636 Loss2: 0.000040 
| Global Round : 41 | Client :7 | Local Epoch : 2 | [64/665 (10%)]	Loss1: 5.839769 Loss2: 0.000033 
| Global Round : 41 | Client :7 | Local Epoch : 3 | [64/665 (10%)]	Loss1: 5.840089 Loss2: 0.000031 
| Global Round : 41 | Client :7 | Local Epoch : 4 | [64/665 (10%)]	Loss1: 5.840585 Loss2: 0.000032 
| Global Round : 41 | Client :8 | Local Epoch : 0 | [64/561 (12%)]	Loss1: 5.840680 Loss2: 0.000027 
| Global Round : 41 | Client :8 | Local Epoch : 1 | [64/561 (12%)]	Loss1: 5.840596 Loss2: 0.000029 
| Global Round : 41 | Client :8 | Local Epoch : 2 | [64/561 (12%)]	Loss1: 5.840271 Loss2: 0.000027 
| Global Round : 41 | Client :8 | Local Epoch : 3 | [64/561 (12%)]	Loss1: 5.840720 Loss2: 0.000032 
| Global Round : 41 | Client :8 | Local Epoch : 4 | [64/561 (12%)]	Loss1: 5.839860 Loss2: 0.000026 
| Global Round : 41 | Client :9 | Local Epoch : 0 | [64/811 (8%)]	Loss1: 5.839361 Loss2: 0.000018 
| Global Round : 41 | Client :9 | Local Epoch : 0 | [704/811 (92%)]	Loss1: 5.840161 Loss2: 0.000030 
| Global Round : 41 | Client :9 | Local Epoch : 1 | [64/811 (8%)]	Loss1: 5.840351 Loss2: 0.000023 
| Global Round : 41 | Client :9 | Local Epoch : 1 | [704/811 (92%)]	Loss1: 5.840227 Loss2: 0.000033 
| Global Round : 41 | Client :9 | Local Epoch : 2 | [64/811 (8%)]	Loss1: 5.839537 Loss2: 0.000029 
| Global Round : 41 | Client :9 | Local Epoch : 2 | [704/811 (92%)]	Loss1: 5.840035 Loss2: 0.000034 
| Global Round : 41 | Client :9 | Local Epoch : 3 | [64/811 (8%)]	Loss1: 5.840421 Loss2: 0.000025 
| Global Round : 41 | Client :9 | Local Epoch : 3 | [704/811 (92%)]	Loss1: 5.840199 Loss2: 0.000031 
| Global Round : 41 | Client :9 | Local Epoch : 4 | [64/811 (8%)]	Loss1: 5.839645 Loss2: 0.000025 
| Global Round : 41 | Client :9 | Local Epoch : 4 | [704/811 (92%)]	Loss1: 5.839379 Loss2: 0.000034 
average loss:   5.838433455834313
average local test accuracy: 0.8619791666666667
average global test accuracy:  0.5736979166666667

 | Global Training Round : 42 |

xi_k [0.49007994 0.4802406  0.51380158 0.50701302 0.46910271 0.4891844
 0.47749988 0.51258349 0.48603549 0.50434006]
max_exp: -1.0
coe: 10
Regulation [0.8 0.8 0.8 0.8 0.8 0.8 0.8 0.8 0.8 0.8]
Solver status: optimal_inaccurate
b_new: [1. 1. 1. 1. 1. 1. 1. 1. 1. 1.]
Iter 0: obj=48.8988, best_obj=48.8988, ||b_new-b_prev||₂=2.846050
xi_k [0.49007994 0.4802406  0.51380158 0.50701302 0.46910271 0.4891844
 0.47749988 0.51258349 0.48603549 0.50434006]
max_exp: -1.0
coe: 10
Regulation [-1. -1. -1. -1. -1. -1. -1. -1. -1. -1.]
Solver status: optimal_inaccurate
b_new: [1. 1. 1. 1. 1. 1. 1. 1. 1. 1.]
Iter 1: obj=49.7988, best_obj=49.7988, ||b_new-b_prev||₂=0.000000
Converged.
Final b: [1. 1. 1. 1. 1. 1. 1. 1. 1. 1.]
<class 'numpy.ndarray'>
b_float: [1. 1. 1. 1. 1. 1. 1. 1. 1. 1.]
b: [1 1 1 1 1 1 1 1 1 1]
active_clients:  [0, 1, 2, 3, 4, 5, 6, 7, 8, 9]
Client 0's s_k are:[0 0 0 0 0 0 1 0 0 0]
Client 1's s_k are:[0 0 0 0 0 0 1 0 0 0]
Client 2's s_k are:[0 0 0 0 0 0 0 0 0 1]
Client 3's s_k are:[0 0 0 0 0 1 0 0 0 0]
Client 4's s_k are:[0 0 0 0 0 0 0 1 0 0]
Client 5's s_k are:[0 0 0 1 0 0 0 0 0 0]
Client 6's s_k are:[1 0 0 0 0 0 0 0 0 0]
Client 7's s_k are:[0 0 0 0 0 0 1 0 0 0]
Client 8's s_k are:[0 0 0 0 0 0 0 0 0 1]
Client 9's s_k are:[0 0 1 0 0 0 0 0 0 0]
| Global Round : 42 | Client :0 | Local Epoch : 0 | [64/626 (11%)]	Loss1: 5.840840 Loss2: 0.000038 
| Global Round : 42 | Client :0 | Local Epoch : 1 | [64/626 (11%)]	Loss1: 5.841228 Loss2: 0.000030 
| Global Round : 42 | Client :0 | Local Epoch : 2 | [64/626 (11%)]	Loss1: 5.840500 Loss2: 0.000029 
| Global Round : 42 | Client :0 | Local Epoch : 3 | [64/626 (11%)]	Loss1: 5.841367 Loss2: 0.000034 
| Global Round : 42 | Client :0 | Local Epoch : 4 | [64/626 (11%)]	Loss1: 5.841984 Loss2: 0.000023 
| Global Round : 42 | Client :1 | Local Epoch : 0 | [64/497 (14%)]	Loss1: 5.841512 Loss2: 0.000047 
| Global Round : 42 | Client :1 | Local Epoch : 1 | [64/497 (14%)]	Loss1: 5.841344 Loss2: 0.000044 
| Global Round : 42 | Client :1 | Local Epoch : 2 | [64/497 (14%)]	Loss1: 5.842295 Loss2: 0.000052 
| Global Round : 42 | Client :1 | Local Epoch : 3 | [64/497 (14%)]	Loss1: 5.841325 Loss2: 0.000045 
| Global Round : 42 | Client :1 | Local Epoch : 4 | [64/497 (14%)]	Loss1: 5.842614 Loss2: 0.000046 
| Global Round : 42 | Client :2 | Local Epoch : 0 | [64/597 (11%)]	Loss1: 5.840008 Loss2: 0.000025 
| Global Round : 42 | Client :2 | Local Epoch : 1 | [64/597 (11%)]	Loss1: 5.839849 Loss2: 0.000018 
| Global Round : 42 | Client :2 | Local Epoch : 2 | [64/597 (11%)]	Loss1: 5.839299 Loss2: 0.000019 
| Global Round : 42 | Client :2 | Local Epoch : 3 | [64/597 (11%)]	Loss1: 5.840695 Loss2: 0.000018 
| Global Round : 42 | Client :2 | Local Epoch : 4 | [64/597 (11%)]	Loss1: 5.839925 Loss2: 0.000019 
| Global Round : 42 | Client :3 | Local Epoch : 0 | [64/605 (11%)]	Loss1: 5.839720 Loss2: 0.000025 
| Global Round : 42 | Client :3 | Local Epoch : 1 | [64/605 (11%)]	Loss1: 5.841197 Loss2: 0.000031 
| Global Round : 42 | Client :3 | Local Epoch : 2 | [64/605 (11%)]	Loss1: 5.840435 Loss2: 0.000029 
| Global Round : 42 | Client :3 | Local Epoch : 3 | [64/605 (11%)]	Loss1: 5.840497 Loss2: 0.000029 
| Global Round : 42 | Client :3 | Local Epoch : 4 | [64/605 (11%)]	Loss1: 5.841248 Loss2: 0.000030 
| Global Round : 42 | Client :4 | Local Epoch : 0 | [64/436 (17%)]	Loss1: 5.838778 Loss2: 0.000044 
| Global Round : 42 | Client :4 | Local Epoch : 1 | [64/436 (17%)]	Loss1: 5.840829 Loss2: 0.000044 
| Global Round : 42 | Client :4 | Local Epoch : 2 | [64/436 (17%)]	Loss1: 5.840333 Loss2: 0.000043 
| Global Round : 42 | Client :4 | Local Epoch : 3 | [64/436 (17%)]	Loss1: 5.841352 Loss2: 0.000040 
| Global Round : 42 | Client :4 | Local Epoch : 4 | [64/436 (17%)]	Loss1: 5.842068 Loss2: 0.000042 
| Global Round : 42 | Client :5 | Local Epoch : 0 | [64/627 (11%)]	Loss1: 5.839216 Loss2: 0.000031 
| Global Round : 42 | Client :5 | Local Epoch : 1 | [64/627 (11%)]	Loss1: 5.839479 Loss2: 0.000029 
| Global Round : 42 | Client :5 | Local Epoch : 2 | [64/627 (11%)]	Loss1: 5.840062 Loss2: 0.000026 
| Global Round : 42 | Client :5 | Local Epoch : 3 | [64/627 (11%)]	Loss1: 5.838771 Loss2: 0.000030 
| Global Round : 42 | Client :5 | Local Epoch : 4 | [64/627 (11%)]	Loss1: 5.839298 Loss2: 0.000031 
| Global Round : 42 | Client :6 | Local Epoch : 0 | [64/571 (12%)]	Loss1: 5.839067 Loss2: 0.000024 
| Global Round : 42 | Client :6 | Local Epoch : 1 | [64/571 (12%)]	Loss1: 5.839581 Loss2: 0.000024 
| Global Round : 42 | Client :6 | Local Epoch : 2 | [64/571 (12%)]	Loss1: 5.839659 Loss2: 0.000026 
| Global Round : 42 | Client :6 | Local Epoch : 3 | [64/571 (12%)]	Loss1: 5.840387 Loss2: 0.000027 
| Global Round : 42 | Client :6 | Local Epoch : 4 | [64/571 (12%)]	Loss1: 5.839986 Loss2: 0.000033 
| Global Round : 42 | Client :7 | Local Epoch : 0 | [64/665 (10%)]	Loss1: 5.840827 Loss2: 0.000030 
| Global Round : 42 | Client :7 | Local Epoch : 1 | [64/665 (10%)]	Loss1: 5.840028 Loss2: 0.000035 
| Global Round : 42 | Client :7 | Local Epoch : 2 | [64/665 (10%)]	Loss1: 5.839559 Loss2: 0.000032 
| Global Round : 42 | Client :7 | Local Epoch : 3 | [64/665 (10%)]	Loss1: 5.840498 Loss2: 0.000033 
| Global Round : 42 | Client :7 | Local Epoch : 4 | [64/665 (10%)]	Loss1: 5.839935 Loss2: 0.000030 
| Global Round : 42 | Client :8 | Local Epoch : 0 | [64/561 (12%)]	Loss1: 5.840149 Loss2: 0.000031 
| Global Round : 42 | Client :8 | Local Epoch : 1 | [64/561 (12%)]	Loss1: 5.840290 Loss2: 0.000032 
| Global Round : 42 | Client :8 | Local Epoch : 2 | [64/561 (12%)]	Loss1: 5.839510 Loss2: 0.000028 
| Global Round : 42 | Client :8 | Local Epoch : 3 | [64/561 (12%)]	Loss1: 5.840229 Loss2: 0.000028 
| Global Round : 42 | Client :8 | Local Epoch : 4 | [64/561 (12%)]	Loss1: 5.839733 Loss2: 0.000035 
| Global Round : 42 | Client :9 | Local Epoch : 0 | [64/811 (8%)]	Loss1: 5.840160 Loss2: 0.000018 
| Global Round : 42 | Client :9 | Local Epoch : 0 | [704/811 (92%)]	Loss1: 5.840739 Loss2: 0.000027 
| Global Round : 42 | Client :9 | Local Epoch : 1 | [64/811 (8%)]	Loss1: 5.840376 Loss2: 0.000018 
| Global Round : 42 | Client :9 | Local Epoch : 1 | [704/811 (92%)]	Loss1: 5.840420 Loss2: 0.000028 
| Global Round : 42 | Client :9 | Local Epoch : 2 | [64/811 (8%)]	Loss1: 5.841446 Loss2: 0.000025 
| Global Round : 42 | Client :9 | Local Epoch : 2 | [704/811 (92%)]	Loss1: 5.839894 Loss2: 0.000032 
| Global Round : 42 | Client :9 | Local Epoch : 3 | [64/811 (8%)]	Loss1: 5.840398 Loss2: 0.000017 
| Global Round : 42 | Client :9 | Local Epoch : 3 | [704/811 (92%)]	Loss1: 5.840084 Loss2: 0.000027 
| Global Round : 42 | Client :9 | Local Epoch : 4 | [64/811 (8%)]	Loss1: 5.839422 Loss2: 0.000022 
| Global Round : 42 | Client :9 | Local Epoch : 4 | [704/811 (92%)]	Loss1: 5.840340 Loss2: 0.000026 
average loss:   5.838458400491684
average local test accuracy: 0.8578125
average global test accuracy:  0.5518229166666667

 | Global Training Round : 43 |

xi_k [0.49005301 0.48019732 0.51380203 0.5070045  0.46909914 0.48919167
 0.47751464 0.51261414 0.48604263 0.50431487]
max_exp: -1.0
coe: 10
Regulation [0.8 0.8 0.8 0.8 0.8 0.8 0.8 0.8 0.8 0.8]
Solver status: optimal_inaccurate
b_new: [1. 1. 1. 1. 1. 1. 1. 1. 1. 1.]
Iter 0: obj=48.8983, best_obj=48.8983, ||b_new-b_prev||₂=2.846050
xi_k [0.49005301 0.48019732 0.51380203 0.5070045  0.46909914 0.48919167
 0.47751464 0.51261414 0.48604263 0.50431487]
max_exp: -1.0
coe: 10
Regulation [-1. -1. -1. -1. -1. -1. -1. -1. -1. -1.]
Solver status: optimal_inaccurate
b_new: [1. 1. 1. 1. 1. 1. 1. 1. 1. 1.]
Iter 1: obj=49.7983, best_obj=49.7983, ||b_new-b_prev||₂=0.000000
Converged.
Final b: [1. 1. 1. 1. 1. 1. 1. 1. 1. 1.]
<class 'numpy.ndarray'>
b_float: [1. 1. 1. 1. 1. 1. 1. 1. 1. 1.]
b: [1 1 1 1 1 1 1 1 1 1]
active_clients:  [0, 1, 2, 3, 4, 5, 6, 7, 8, 9]
Client 0's s_k are:[0 0 0 0 0 0 1 0 0 0]
Client 1's s_k are:[0 0 0 0 0 0 1 0 0 0]
Client 2's s_k are:[0 0 0 0 0 0 0 0 0 1]
Client 3's s_k are:[0 0 0 0 0 1 0 0 0 0]
Client 4's s_k are:[0 0 0 0 0 0 0 1 0 0]
Client 5's s_k are:[0 0 0 1 0 0 0 0 0 0]
Client 6's s_k are:[1 0 0 0 0 0 0 0 0 0]
Client 7's s_k are:[0 0 0 0 0 0 1 0 0 0]
Client 8's s_k are:[0 0 0 0 0 0 0 0 0 1]
Client 9's s_k are:[0 0 1 0 0 0 0 0 0 0]
| Global Round : 43 | Client :0 | Local Epoch : 0 | [64/626 (11%)]	Loss1: 5.841259 Loss2: 0.000026 
| Global Round : 43 | Client :0 | Local Epoch : 1 | [64/626 (11%)]	Loss1: 5.841136 Loss2: 0.000028 
| Global Round : 43 | Client :0 | Local Epoch : 2 | [64/626 (11%)]	Loss1: 5.841230 Loss2: 0.000026 
| Global Round : 43 | Client :0 | Local Epoch : 3 | [64/626 (11%)]	Loss1: 5.840694 Loss2: 0.000035 
| Global Round : 43 | Client :0 | Local Epoch : 4 | [64/626 (11%)]	Loss1: 5.840364 Loss2: 0.000027 
| Global Round : 43 | Client :1 | Local Epoch : 0 | [64/497 (14%)]	Loss1: 5.842220 Loss2: 0.000043 
| Global Round : 43 | Client :1 | Local Epoch : 1 | [64/497 (14%)]	Loss1: 5.840723 Loss2: 0.000041 
| Global Round : 43 | Client :1 | Local Epoch : 2 | [64/497 (14%)]	Loss1: 5.842489 Loss2: 0.000047 
| Global Round : 43 | Client :1 | Local Epoch : 3 | [64/497 (14%)]	Loss1: 5.841207 Loss2: 0.000036 
| Global Round : 43 | Client :1 | Local Epoch : 4 | [64/497 (14%)]	Loss1: 5.841852 Loss2: 0.000044 
| Global Round : 43 | Client :2 | Local Epoch : 0 | [64/597 (11%)]	Loss1: 5.840120 Loss2: 0.000018 
| Global Round : 43 | Client :2 | Local Epoch : 1 | [64/597 (11%)]	Loss1: 5.840394 Loss2: 0.000019 
| Global Round : 43 | Client :2 | Local Epoch : 2 | [64/597 (11%)]	Loss1: 5.840157 Loss2: 0.000025 
| Global Round : 43 | Client :2 | Local Epoch : 3 | [64/597 (11%)]	Loss1: 5.840215 Loss2: 0.000022 
| Global Round : 43 | Client :2 | Local Epoch : 4 | [64/597 (11%)]	Loss1: 5.839778 Loss2: 0.000022 
| Global Round : 43 | Client :3 | Local Epoch : 0 | [64/605 (11%)]	Loss1: 5.839250 Loss2: 0.000026 
| Global Round : 43 | Client :3 | Local Epoch : 1 | [64/605 (11%)]	Loss1: 5.839352 Loss2: 0.000027 
| Global Round : 43 | Client :3 | Local Epoch : 2 | [64/605 (11%)]	Loss1: 5.840061 Loss2: 0.000026 
| Global Round : 43 | Client :3 | Local Epoch : 3 | [64/605 (11%)]	Loss1: 5.840087 Loss2: 0.000024 
| Global Round : 43 | Client :3 | Local Epoch : 4 | [64/605 (11%)]	Loss1: 5.839916 Loss2: 0.000031 
| Global Round : 43 | Client :4 | Local Epoch : 0 | [64/436 (17%)]	Loss1: 5.840228 Loss2: 0.000044 
| Global Round : 43 | Client :4 | Local Epoch : 1 | [64/436 (17%)]	Loss1: 5.840245 Loss2: 0.000040 
| Global Round : 43 | Client :4 | Local Epoch : 2 | [64/436 (17%)]	Loss1: 5.839189 Loss2: 0.000046 
| Global Round : 43 | Client :4 | Local Epoch : 3 | [64/436 (17%)]	Loss1: 5.839777 Loss2: 0.000041 
| Global Round : 43 | Client :4 | Local Epoch : 4 | [64/436 (17%)]	Loss1: 5.841004 Loss2: 0.000039 
| Global Round : 43 | Client :5 | Local Epoch : 0 | [64/627 (11%)]	Loss1: 5.839950 Loss2: 0.000025 
| Global Round : 43 | Client :5 | Local Epoch : 1 | [64/627 (11%)]	Loss1: 5.839385 Loss2: 0.000031 
| Global Round : 43 | Client :5 | Local Epoch : 2 | [64/627 (11%)]	Loss1: 5.839473 Loss2: 0.000031 
| Global Round : 43 | Client :5 | Local Epoch : 3 | [64/627 (11%)]	Loss1: 5.839188 Loss2: 0.000027 
| Global Round : 43 | Client :5 | Local Epoch : 4 | [64/627 (11%)]	Loss1: 5.839804 Loss2: 0.000023 
| Global Round : 43 | Client :6 | Local Epoch : 0 | [64/571 (12%)]	Loss1: 5.840162 Loss2: 0.000029 
| Global Round : 43 | Client :6 | Local Epoch : 1 | [64/571 (12%)]	Loss1: 5.839499 Loss2: 0.000025 
| Global Round : 43 | Client :6 | Local Epoch : 2 | [64/571 (12%)]	Loss1: 5.840597 Loss2: 0.000026 
| Global Round : 43 | Client :6 | Local Epoch : 3 | [64/571 (12%)]	Loss1: 5.839513 Loss2: 0.000025 
| Global Round : 43 | Client :6 | Local Epoch : 4 | [64/571 (12%)]	Loss1: 5.839593 Loss2: 0.000025 
| Global Round : 43 | Client :7 | Local Epoch : 0 | [64/665 (10%)]	Loss1: 5.839828 Loss2: 0.000031 
| Global Round : 43 | Client :7 | Local Epoch : 1 | [64/665 (10%)]	Loss1: 5.840945 Loss2: 0.000031 
| Global Round : 43 | Client :7 | Local Epoch : 2 | [64/665 (10%)]	Loss1: 5.840423 Loss2: 0.000030 
| Global Round : 43 | Client :7 | Local Epoch : 3 | [64/665 (10%)]	Loss1: 5.840307 Loss2: 0.000031 
| Global Round : 43 | Client :7 | Local Epoch : 4 | [64/665 (10%)]	Loss1: 5.840193 Loss2: 0.000033 
| Global Round : 43 | Client :8 | Local Epoch : 0 | [64/561 (12%)]	Loss1: 5.840131 Loss2: 0.000033 
| Global Round : 43 | Client :8 | Local Epoch : 1 | [64/561 (12%)]	Loss1: 5.840406 Loss2: 0.000030 
| Global Round : 43 | Client :8 | Local Epoch : 2 | [64/561 (12%)]	Loss1: 5.839530 Loss2: 0.000034 
| Global Round : 43 | Client :8 | Local Epoch : 3 | [64/561 (12%)]	Loss1: 5.840725 Loss2: 0.000030 
| Global Round : 43 | Client :8 | Local Epoch : 4 | [64/561 (12%)]	Loss1: 5.840585 Loss2: 0.000031 
| Global Round : 43 | Client :9 | Local Epoch : 0 | [64/811 (8%)]	Loss1: 5.839776 Loss2: 0.000021 
| Global Round : 43 | Client :9 | Local Epoch : 0 | [704/811 (92%)]	Loss1: 5.839935 Loss2: 0.000035 
| Global Round : 43 | Client :9 | Local Epoch : 1 | [64/811 (8%)]	Loss1: 5.839824 Loss2: 0.000023 
| Global Round : 43 | Client :9 | Local Epoch : 1 | [704/811 (92%)]	Loss1: 5.839836 Loss2: 0.000032 
| Global Round : 43 | Client :9 | Local Epoch : 2 | [64/811 (8%)]	Loss1: 5.840398 Loss2: 0.000020 
| Global Round : 43 | Client :9 | Local Epoch : 2 | [704/811 (92%)]	Loss1: 5.840408 Loss2: 0.000032 
| Global Round : 43 | Client :9 | Local Epoch : 3 | [64/811 (8%)]	Loss1: 5.840563 Loss2: 0.000021 
| Global Round : 43 | Client :9 | Local Epoch : 3 | [704/811 (92%)]	Loss1: 5.839615 Loss2: 0.000032 
| Global Round : 43 | Client :9 | Local Epoch : 4 | [64/811 (8%)]	Loss1: 5.839014 Loss2: 0.000024 
| Global Round : 43 | Client :9 | Local Epoch : 4 | [704/811 (92%)]	Loss1: 5.839519 Loss2: 0.000033 
average loss:   5.838523747183027
average local test accuracy: 0.8630208333333332
average global test accuracy:  0.568359375

 | Global Training Round : 44 |

xi_k [0.49008681 0.48025824 0.51379361 0.50701582 0.46914198 0.48916671
 0.47752842 0.51259101 0.48601537 0.50434412]
max_exp: -1.0
coe: 10
Regulation [0.8 0.8 0.8 0.8 0.8 0.8 0.8 0.8 0.8 0.8]
Solver status: optimal_inaccurate
b_new: [1. 1. 1. 1. 1. 1. 1. 1. 1. 1.]
Iter 0: obj=48.8994, best_obj=48.8994, ||b_new-b_prev||₂=2.846050
xi_k [0.49008681 0.48025824 0.51379361 0.50701582 0.46914198 0.48916671
 0.47752842 0.51259101 0.48601537 0.50434412]
max_exp: -1.0
coe: 10
Regulation [-1. -1. -1. -1. -1. -1. -1. -1. -1. -1.]
Solver status: optimal_inaccurate
b_new: [1. 1. 1. 1. 1. 1. 1. 1. 1. 1.]
Iter 1: obj=49.7994, best_obj=49.7994, ||b_new-b_prev||₂=0.000000
Converged.
Final b: [1. 1. 1. 1. 1. 1. 1. 1. 1. 1.]
<class 'numpy.ndarray'>
b_float: [1. 1. 1. 1. 1. 1. 1. 1. 1. 1.]
b: [1 1 1 1 1 1 1 1 1 1]
active_clients:  [0, 1, 2, 3, 4, 5, 6, 7, 8, 9]
Client 0's s_k are:[0 0 0 0 0 0 1 0 0 0]
Client 1's s_k are:[0 0 0 0 0 0 1 0 0 0]
Client 2's s_k are:[0 0 0 0 0 0 0 0 0 1]
Client 3's s_k are:[0 0 0 0 0 1 0 0 0 0]
Client 4's s_k are:[0 0 0 0 0 0 0 1 0 0]
Client 5's s_k are:[0 0 0 1 0 0 0 0 0 0]
Client 6's s_k are:[1 0 0 0 0 0 0 0 0 0]
Client 7's s_k are:[0 0 0 0 0 0 1 0 0 0]
Client 8's s_k are:[0 0 0 0 0 0 0 0 0 1]
Client 9's s_k are:[0 0 1 0 0 0 0 0 0 0]
| Global Round : 44 | Client :0 | Local Epoch : 0 | [64/626 (11%)]	Loss1: 5.840645 Loss2: 0.000022 
| Global Round : 44 | Client :0 | Local Epoch : 1 | [64/626 (11%)]	Loss1: 5.842041 Loss2: 0.000028 
| Global Round : 44 | Client :0 | Local Epoch : 2 | [64/626 (11%)]	Loss1: 5.841954 Loss2: 0.000026 
| Global Round : 44 | Client :0 | Local Epoch : 3 | [64/626 (11%)]	Loss1: 5.840896 Loss2: 0.000032 
| Global Round : 44 | Client :0 | Local Epoch : 4 | [64/626 (11%)]	Loss1: 5.842601 Loss2: 0.000029 
| Global Round : 44 | Client :1 | Local Epoch : 0 | [64/497 (14%)]	Loss1: 5.841131 Loss2: 0.000049 
| Global Round : 44 | Client :1 | Local Epoch : 1 | [64/497 (14%)]	Loss1: 5.841942 Loss2: 0.000043 
| Global Round : 44 | Client :1 | Local Epoch : 2 | [64/497 (14%)]	Loss1: 5.841743 Loss2: 0.000041 
| Global Round : 44 | Client :1 | Local Epoch : 3 | [64/497 (14%)]	Loss1: 5.840998 Loss2: 0.000041 
| Global Round : 44 | Client :1 | Local Epoch : 4 | [64/497 (14%)]	Loss1: 5.842119 Loss2: 0.000041 
| Global Round : 44 | Client :2 | Local Epoch : 0 | [64/597 (11%)]	Loss1: 5.840885 Loss2: 0.000022 
| Global Round : 44 | Client :2 | Local Epoch : 1 | [64/597 (11%)]	Loss1: 5.840534 Loss2: 0.000023 
| Global Round : 44 | Client :2 | Local Epoch : 2 | [64/597 (11%)]	Loss1: 5.838912 Loss2: 0.000026 
| Global Round : 44 | Client :2 | Local Epoch : 3 | [64/597 (11%)]	Loss1: 5.839569 Loss2: 0.000021 
| Global Round : 44 | Client :2 | Local Epoch : 4 | [64/597 (11%)]	Loss1: 5.839611 Loss2: 0.000022 
| Global Round : 44 | Client :3 | Local Epoch : 0 | [64/605 (11%)]	Loss1: 5.839775 Loss2: 0.000028 
| Global Round : 44 | Client :3 | Local Epoch : 1 | [64/605 (11%)]	Loss1: 5.839782 Loss2: 0.000029 
| Global Round : 44 | Client :3 | Local Epoch : 2 | [64/605 (11%)]	Loss1: 5.841773 Loss2: 0.000030 
| Global Round : 44 | Client :3 | Local Epoch : 3 | [64/605 (11%)]	Loss1: 5.839530 Loss2: 0.000033 
| Global Round : 44 | Client :3 | Local Epoch : 4 | [64/605 (11%)]	Loss1: 5.841693 Loss2: 0.000026 
| Global Round : 44 | Client :4 | Local Epoch : 0 | [64/436 (17%)]	Loss1: 5.841551 Loss2: 0.000045 
| Global Round : 44 | Client :4 | Local Epoch : 1 | [64/436 (17%)]	Loss1: 5.839621 Loss2: 0.000043 
| Global Round : 44 | Client :4 | Local Epoch : 2 | [64/436 (17%)]	Loss1: 5.840420 Loss2: 0.000044 
| Global Round : 44 | Client :4 | Local Epoch : 3 | [64/436 (17%)]	Loss1: 5.840170 Loss2: 0.000045 
| Global Round : 44 | Client :4 | Local Epoch : 4 | [64/436 (17%)]	Loss1: 5.839713 Loss2: 0.000043 
| Global Round : 44 | Client :5 | Local Epoch : 0 | [64/627 (11%)]	Loss1: 5.839262 Loss2: 0.000027 
| Global Round : 44 | Client :5 | Local Epoch : 1 | [64/627 (11%)]	Loss1: 5.839692 Loss2: 0.000033 
| Global Round : 44 | Client :5 | Local Epoch : 2 | [64/627 (11%)]	Loss1: 5.840277 Loss2: 0.000030 
| Global Round : 44 | Client :5 | Local Epoch : 3 | [64/627 (11%)]	Loss1: 5.839130 Loss2: 0.000032 
| Global Round : 44 | Client :5 | Local Epoch : 4 | [64/627 (11%)]	Loss1: 5.839109 Loss2: 0.000022 
| Global Round : 44 | Client :6 | Local Epoch : 0 | [64/571 (12%)]	Loss1: 5.840490 Loss2: 0.000029 
| Global Round : 44 | Client :6 | Local Epoch : 1 | [64/571 (12%)]	Loss1: 5.840190 Loss2: 0.000026 
| Global Round : 44 | Client :6 | Local Epoch : 2 | [64/571 (12%)]	Loss1: 5.839688 Loss2: 0.000027 
| Global Round : 44 | Client :6 | Local Epoch : 3 | [64/571 (12%)]	Loss1: 5.839550 Loss2: 0.000032 
| Global Round : 44 | Client :6 | Local Epoch : 4 | [64/571 (12%)]	Loss1: 5.839948 Loss2: 0.000027 
| Global Round : 44 | Client :7 | Local Epoch : 0 | [64/665 (10%)]	Loss1: 5.839517 Loss2: 0.000033 
| Global Round : 44 | Client :7 | Local Epoch : 1 | [64/665 (10%)]	Loss1: 5.841040 Loss2: 0.000033 
| Global Round : 44 | Client :7 | Local Epoch : 2 | [64/665 (10%)]	Loss1: 5.840455 Loss2: 0.000038 
| Global Round : 44 | Client :7 | Local Epoch : 3 | [64/665 (10%)]	Loss1: 5.840090 Loss2: 0.000032 
| Global Round : 44 | Client :7 | Local Epoch : 4 | [64/665 (10%)]	Loss1: 5.840510 Loss2: 0.000034 
| Global Round : 44 | Client :8 | Local Epoch : 0 | [64/561 (12%)]	Loss1: 5.840044 Loss2: 0.000040 
| Global Round : 44 | Client :8 | Local Epoch : 1 | [64/561 (12%)]	Loss1: 5.840809 Loss2: 0.000038 
| Global Round : 44 | Client :8 | Local Epoch : 2 | [64/561 (12%)]	Loss1: 5.840012 Loss2: 0.000033 
| Global Round : 44 | Client :8 | Local Epoch : 3 | [64/561 (12%)]	Loss1: 5.840070 Loss2: 0.000033 
| Global Round : 44 | Client :8 | Local Epoch : 4 | [64/561 (12%)]	Loss1: 5.840837 Loss2: 0.000029 
| Global Round : 44 | Client :9 | Local Epoch : 0 | [64/811 (8%)]	Loss1: 5.839548 Loss2: 0.000029 
| Global Round : 44 | Client :9 | Local Epoch : 0 | [704/811 (92%)]	Loss1: 5.841370 Loss2: 0.000027 
| Global Round : 44 | Client :9 | Local Epoch : 1 | [64/811 (8%)]	Loss1: 5.840912 Loss2: 0.000019 
| Global Round : 44 | Client :9 | Local Epoch : 1 | [704/811 (92%)]	Loss1: 5.839344 Loss2: 0.000029 
| Global Round : 44 | Client :9 | Local Epoch : 2 | [64/811 (8%)]	Loss1: 5.840755 Loss2: 0.000017 
| Global Round : 44 | Client :9 | Local Epoch : 2 | [704/811 (92%)]	Loss1: 5.840902 Loss2: 0.000027 
| Global Round : 44 | Client :9 | Local Epoch : 3 | [64/811 (8%)]	Loss1: 5.839886 Loss2: 0.000019 
| Global Round : 44 | Client :9 | Local Epoch : 3 | [704/811 (92%)]	Loss1: 5.839368 Loss2: 0.000029 
| Global Round : 44 | Client :9 | Local Epoch : 4 | [64/811 (8%)]	Loss1: 5.840664 Loss2: 0.000019 
| Global Round : 44 | Client :9 | Local Epoch : 4 | [704/811 (92%)]	Loss1: 5.839727 Loss2: 0.000026 
average loss:   5.8383643923676205
average local test accuracy: 0.8600260416666666
average global test accuracy:  0.6248697916666667

 | Global Training Round : 45 |

xi_k [0.49005444 0.48016504 0.51379702 0.50698529 0.46912928 0.48916749
 0.4775115  0.51259438 0.48602799 0.50436546]
max_exp: -1.0
coe: 10
Regulation [0.8 0.8 0.8 0.8 0.8 0.8 0.8 0.8 0.8 0.8]
Solver status: optimal_inaccurate
b_new: [1. 1. 1. 1. 1. 1. 1. 1. 1. 1.]
Iter 0: obj=48.8980, best_obj=48.8980, ||b_new-b_prev||₂=2.846050
xi_k [0.49005444 0.48016504 0.51379702 0.50698529 0.46912928 0.48916749
 0.4775115  0.51259438 0.48602799 0.50436546]
max_exp: -1.0
coe: 10
Regulation [-1. -1. -1. -1. -1. -1. -1. -1. -1. -1.]
Solver status: optimal_inaccurate
b_new: [1. 1. 1. 1. 1. 1. 1. 1. 1. 1.]
Iter 1: obj=49.7980, best_obj=49.7980, ||b_new-b_prev||₂=0.000000
Converged.
Final b: [1. 1. 1. 1. 1. 1. 1. 1. 1. 1.]
<class 'numpy.ndarray'>
b_float: [1. 1. 1. 1. 1. 1. 1. 1. 1. 1.]
b: [1 1 1 1 1 1 1 1 1 1]
active_clients:  [0, 1, 2, 3, 4, 5, 6, 7, 8, 9]
Client 0's s_k are:[0 0 0 0 0 0 1 0 0 0]
Client 1's s_k are:[0 0 0 0 0 0 1 0 0 0]
Client 2's s_k are:[0 0 0 0 0 0 0 0 0 1]
Client 3's s_k are:[0 0 0 0 0 1 0 0 0 0]
Client 4's s_k are:[0 0 0 0 0 0 0 1 0 0]
Client 5's s_k are:[0 0 0 1 0 0 0 0 0 0]
Client 6's s_k are:[1 0 0 0 0 0 0 0 0 0]
Client 7's s_k are:[0 0 0 0 0 0 1 0 0 0]
Client 8's s_k are:[0 0 0 0 0 0 0 0 0 1]
Client 9's s_k are:[0 0 1 0 0 0 0 0 0 0]
| Global Round : 45 | Client :0 | Local Epoch : 0 | [64/626 (11%)]	Loss1: 5.840534 Loss2: 0.000031 
| Global Round : 45 | Client :0 | Local Epoch : 1 | [64/626 (11%)]	Loss1: 5.841763 Loss2: 0.000030 
| Global Round : 45 | Client :0 | Local Epoch : 2 | [64/626 (11%)]	Loss1: 5.840976 Loss2: 0.000027 
| Global Round : 45 | Client :0 | Local Epoch : 3 | [64/626 (11%)]	Loss1: 5.841698 Loss2: 0.000026 
| Global Round : 45 | Client :0 | Local Epoch : 4 | [64/626 (11%)]	Loss1: 5.840840 Loss2: 0.000036 
| Global Round : 45 | Client :1 | Local Epoch : 0 | [64/497 (14%)]	Loss1: 5.841754 Loss2: 0.000045 
| Global Round : 45 | Client :1 | Local Epoch : 1 | [64/497 (14%)]	Loss1: 5.842212 Loss2: 0.000042 
| Global Round : 45 | Client :1 | Local Epoch : 2 | [64/497 (14%)]	Loss1: 5.840039 Loss2: 0.000042 
| Global Round : 45 | Client :1 | Local Epoch : 3 | [64/497 (14%)]	Loss1: 5.841578 Loss2: 0.000048 
| Global Round : 45 | Client :1 | Local Epoch : 4 | [64/497 (14%)]	Loss1: 5.842510 Loss2: 0.000043 
| Global Round : 45 | Client :2 | Local Epoch : 0 | [64/597 (11%)]	Loss1: 5.838891 Loss2: 0.000019 
| Global Round : 45 | Client :2 | Local Epoch : 1 | [64/597 (11%)]	Loss1: 5.840109 Loss2: 0.000023 
| Global Round : 45 | Client :2 | Local Epoch : 2 | [64/597 (11%)]	Loss1: 5.839907 Loss2: 0.000020 
| Global Round : 45 | Client :2 | Local Epoch : 3 | [64/597 (11%)]	Loss1: 5.839427 Loss2: 0.000023 
| Global Round : 45 | Client :2 | Local Epoch : 4 | [64/597 (11%)]	Loss1: 5.839738 Loss2: 0.000022 
| Global Round : 45 | Client :3 | Local Epoch : 0 | [64/605 (11%)]	Loss1: 5.839834 Loss2: 0.000025 
| Global Round : 45 | Client :3 | Local Epoch : 1 | [64/605 (11%)]	Loss1: 5.841505 Loss2: 0.000028 
| Global Round : 45 | Client :3 | Local Epoch : 2 | [64/605 (11%)]	Loss1: 5.840227 Loss2: 0.000030 
| Global Round : 45 | Client :3 | Local Epoch : 3 | [64/605 (11%)]	Loss1: 5.840022 Loss2: 0.000026 
| Global Round : 45 | Client :3 | Local Epoch : 4 | [64/605 (11%)]	Loss1: 5.841005 Loss2: 0.000026 
| Global Round : 45 | Client :4 | Local Epoch : 0 | [64/436 (17%)]	Loss1: 5.840515 Loss2: 0.000040 
| Global Round : 45 | Client :4 | Local Epoch : 1 | [64/436 (17%)]	Loss1: 5.839513 Loss2: 0.000042 
| Global Round : 45 | Client :4 | Local Epoch : 2 | [64/436 (17%)]	Loss1: 5.840522 Loss2: 0.000041 
| Global Round : 45 | Client :4 | Local Epoch : 3 | [64/436 (17%)]	Loss1: 5.840284 Loss2: 0.000045 
| Global Round : 45 | Client :4 | Local Epoch : 4 | [64/436 (17%)]	Loss1: 5.841230 Loss2: 0.000040 
| Global Round : 45 | Client :5 | Local Epoch : 0 | [64/627 (11%)]	Loss1: 5.839138 Loss2: 0.000028 
| Global Round : 45 | Client :5 | Local Epoch : 1 | [64/627 (11%)]	Loss1: 5.839331 Loss2: 0.000026 
| Global Round : 45 | Client :5 | Local Epoch : 2 | [64/627 (11%)]	Loss1: 5.839695 Loss2: 0.000032 
| Global Round : 45 | Client :5 | Local Epoch : 3 | [64/627 (11%)]	Loss1: 5.839446 Loss2: 0.000030 
| Global Round : 45 | Client :5 | Local Epoch : 4 | [64/627 (11%)]	Loss1: 5.839010 Loss2: 0.000028 
| Global Round : 45 | Client :6 | Local Epoch : 0 | [64/571 (12%)]	Loss1: 5.839262 Loss2: 0.000026 
| Global Round : 45 | Client :6 | Local Epoch : 1 | [64/571 (12%)]	Loss1: 5.841405 Loss2: 0.000021 
| Global Round : 45 | Client :6 | Local Epoch : 2 | [64/571 (12%)]	Loss1: 5.840677 Loss2: 0.000026 
| Global Round : 45 | Client :6 | Local Epoch : 3 | [64/571 (12%)]	Loss1: 5.839559 Loss2: 0.000025 
| Global Round : 45 | Client :6 | Local Epoch : 4 | [64/571 (12%)]	Loss1: 5.840734 Loss2: 0.000022 
| Global Round : 45 | Client :7 | Local Epoch : 0 | [64/665 (10%)]	Loss1: 5.840825 Loss2: 0.000033 
| Global Round : 45 | Client :7 | Local Epoch : 1 | [64/665 (10%)]	Loss1: 5.840768 Loss2: 0.000032 
| Global Round : 45 | Client :7 | Local Epoch : 2 | [64/665 (10%)]	Loss1: 5.840716 Loss2: 0.000028 
| Global Round : 45 | Client :7 | Local Epoch : 3 | [64/665 (10%)]	Loss1: 5.840921 Loss2: 0.000036 
| Global Round : 45 | Client :7 | Local Epoch : 4 | [64/665 (10%)]	Loss1: 5.840852 Loss2: 0.000031 
| Global Round : 45 | Client :8 | Local Epoch : 0 | [64/561 (12%)]	Loss1: 5.840156 Loss2: 0.000030 
| Global Round : 45 | Client :8 | Local Epoch : 1 | [64/561 (12%)]	Loss1: 5.840393 Loss2: 0.000027 
| Global Round : 45 | Client :8 | Local Epoch : 2 | [64/561 (12%)]	Loss1: 5.840919 Loss2: 0.000026 
| Global Round : 45 | Client :8 | Local Epoch : 3 | [64/561 (12%)]	Loss1: 5.840183 Loss2: 0.000027 
| Global Round : 45 | Client :8 | Local Epoch : 4 | [64/561 (12%)]	Loss1: 5.840539 Loss2: 0.000026 
| Global Round : 45 | Client :9 | Local Epoch : 0 | [64/811 (8%)]	Loss1: 5.839848 Loss2: 0.000024 
| Global Round : 45 | Client :9 | Local Epoch : 0 | [704/811 (92%)]	Loss1: 5.839542 Loss2: 0.000038 
| Global Round : 45 | Client :9 | Local Epoch : 1 | [64/811 (8%)]	Loss1: 5.841153 Loss2: 0.000025 
| Global Round : 45 | Client :9 | Local Epoch : 1 | [704/811 (92%)]	Loss1: 5.840174 Loss2: 0.000030 
| Global Round : 45 | Client :9 | Local Epoch : 2 | [64/811 (8%)]	Loss1: 5.840492 Loss2: 0.000025 
| Global Round : 45 | Client :9 | Local Epoch : 2 | [704/811 (92%)]	Loss1: 5.840604 Loss2: 0.000031 
| Global Round : 45 | Client :9 | Local Epoch : 3 | [64/811 (8%)]	Loss1: 5.840464 Loss2: 0.000022 
| Global Round : 45 | Client :9 | Local Epoch : 3 | [704/811 (92%)]	Loss1: 5.839170 Loss2: 0.000032 
| Global Round : 45 | Client :9 | Local Epoch : 4 | [64/811 (8%)]	Loss1: 5.839743 Loss2: 0.000026 
| Global Round : 45 | Client :9 | Local Epoch : 4 | [704/811 (92%)]	Loss1: 5.839379 Loss2: 0.000030 
average loss:   5.838376776263828
average local test accuracy: 0.85703125
average global test accuracy:  0.5891927083333333

 | Global Training Round : 46 |

xi_k [0.49005299 0.48023153 0.51380313 0.50700136 0.46910566 0.48918083
 0.47749137 0.51258046 0.48602137 0.504318  ]
max_exp: -1.0
coe: 10
Regulation [0.8 0.8 0.8 0.8 0.8 0.8 0.8 0.8 0.8 0.8]
Solver status: optimal_inaccurate
b_new: [1. 1. 1. 1. 1. 1. 1. 1. 1. 1.]
Iter 0: obj=48.8979, best_obj=48.8979, ||b_new-b_prev||₂=2.846050
xi_k [0.49005299 0.48023153 0.51380313 0.50700136 0.46910566 0.48918083
 0.47749137 0.51258046 0.48602137 0.504318  ]
max_exp: -1.0
coe: 10
Regulation [-1. -1. -1. -1. -1. -1. -1. -1. -1. -1.]
Solver status: optimal_inaccurate
b_new: [1. 1. 1. 1. 1. 1. 1. 1. 1. 1.]
Iter 1: obj=49.7979, best_obj=49.7979, ||b_new-b_prev||₂=0.000000
Converged.
Final b: [1. 1. 1. 1. 1. 1. 1. 1. 1. 1.]
<class 'numpy.ndarray'>
b_float: [1. 1. 1. 1. 1. 1. 1. 1. 1. 1.]
b: [1 1 1 1 1 1 1 1 1 1]
active_clients:  [0, 1, 2, 3, 4, 5, 6, 7, 8, 9]
Client 0's s_k are:[0 0 0 0 0 0 1 0 0 0]
Client 1's s_k are:[0 0 0 0 0 0 1 0 0 0]
Client 2's s_k are:[0 0 0 0 0 0 0 0 0 1]
Client 3's s_k are:[0 0 0 0 0 1 0 0 0 0]
Client 4's s_k are:[0 0 0 0 0 0 0 1 0 0]
Client 5's s_k are:[0 0 0 1 0 0 0 0 0 0]
Client 6's s_k are:[1 0 0 0 0 0 0 0 0 0]
Client 7's s_k are:[0 0 0 0 0 0 1 0 0 0]
Client 8's s_k are:[0 0 0 0 0 0 0 0 0 1]
Client 9's s_k are:[0 0 1 0 0 0 0 0 0 0]
| Global Round : 46 | Client :0 | Local Epoch : 0 | [64/626 (11%)]	Loss1: 5.841218 Loss2: 0.000030 
| Global Round : 46 | Client :0 | Local Epoch : 1 | [64/626 (11%)]	Loss1: 5.840465 Loss2: 0.000027 
| Global Round : 46 | Client :0 | Local Epoch : 2 | [64/626 (11%)]	Loss1: 5.842131 Loss2: 0.000028 
| Global Round : 46 | Client :0 | Local Epoch : 3 | [64/626 (11%)]	Loss1: 5.839950 Loss2: 0.000025 
| Global Round : 46 | Client :0 | Local Epoch : 4 | [64/626 (11%)]	Loss1: 5.840225 Loss2: 0.000024 
| Global Round : 46 | Client :1 | Local Epoch : 0 | [64/497 (14%)]	Loss1: 5.840589 Loss2: 0.000043 
| Global Round : 46 | Client :1 | Local Epoch : 1 | [64/497 (14%)]	Loss1: 5.842606 Loss2: 0.000045 
| Global Round : 46 | Client :1 | Local Epoch : 2 | [64/497 (14%)]	Loss1: 5.840164 Loss2: 0.000049 
| Global Round : 46 | Client :1 | Local Epoch : 3 | [64/497 (14%)]	Loss1: 5.841126 Loss2: 0.000038 
| Global Round : 46 | Client :1 | Local Epoch : 4 | [64/497 (14%)]	Loss1: 5.841451 Loss2: 0.000050 
| Global Round : 46 | Client :2 | Local Epoch : 0 | [64/597 (11%)]	Loss1: 5.839989 Loss2: 0.000027 
| Global Round : 46 | Client :2 | Local Epoch : 1 | [64/597 (11%)]	Loss1: 5.839531 Loss2: 0.000019 
| Global Round : 46 | Client :2 | Local Epoch : 2 | [64/597 (11%)]	Loss1: 5.838846 Loss2: 0.000023 
| Global Round : 46 | Client :2 | Local Epoch : 3 | [64/597 (11%)]	Loss1: 5.840776 Loss2: 0.000023 
| Global Round : 46 | Client :2 | Local Epoch : 4 | [64/597 (11%)]	Loss1: 5.839500 Loss2: 0.000024 
| Global Round : 46 | Client :3 | Local Epoch : 0 | [64/605 (11%)]	Loss1: 5.839878 Loss2: 0.000026 
| Global Round : 46 | Client :3 | Local Epoch : 1 | [64/605 (11%)]	Loss1: 5.839578 Loss2: 0.000032 
| Global Round : 46 | Client :3 | Local Epoch : 2 | [64/605 (11%)]	Loss1: 5.840357 Loss2: 0.000025 
| Global Round : 46 | Client :3 | Local Epoch : 3 | [64/605 (11%)]	Loss1: 5.840339 Loss2: 0.000026 
| Global Round : 46 | Client :3 | Local Epoch : 4 | [64/605 (11%)]	Loss1: 5.839659 Loss2: 0.000031 
| Global Round : 46 | Client :4 | Local Epoch : 0 | [64/436 (17%)]	Loss1: 5.840047 Loss2: 0.000042 
| Global Round : 46 | Client :4 | Local Epoch : 1 | [64/436 (17%)]	Loss1: 5.840415 Loss2: 0.000045 
| Global Round : 46 | Client :4 | Local Epoch : 2 | [64/436 (17%)]	Loss1: 5.840763 Loss2: 0.000046 
| Global Round : 46 | Client :4 | Local Epoch : 3 | [64/436 (17%)]	Loss1: 5.841247 Loss2: 0.000040 
| Global Round : 46 | Client :4 | Local Epoch : 4 | [64/436 (17%)]	Loss1: 5.840435 Loss2: 0.000041 
| Global Round : 46 | Client :5 | Local Epoch : 0 | [64/627 (11%)]	Loss1: 5.839044 Loss2: 0.000026 
| Global Round : 46 | Client :5 | Local Epoch : 1 | [64/627 (11%)]	Loss1: 5.839600 Loss2: 0.000027 
| Global Round : 46 | Client :5 | Local Epoch : 2 | [64/627 (11%)]	Loss1: 5.839566 Loss2: 0.000030 
| Global Round : 46 | Client :5 | Local Epoch : 3 | [64/627 (11%)]	Loss1: 5.839508 Loss2: 0.000029 
| Global Round : 46 | Client :5 | Local Epoch : 4 | [64/627 (11%)]	Loss1: 5.838841 Loss2: 0.000028 
| Global Round : 46 | Client :6 | Local Epoch : 0 | [64/571 (12%)]	Loss1: 5.840052 Loss2: 0.000032 
| Global Round : 46 | Client :6 | Local Epoch : 1 | [64/571 (12%)]	Loss1: 5.839117 Loss2: 0.000026 
| Global Round : 46 | Client :6 | Local Epoch : 2 | [64/571 (12%)]	Loss1: 5.840260 Loss2: 0.000025 
| Global Round : 46 | Client :6 | Local Epoch : 3 | [64/571 (12%)]	Loss1: 5.839737 Loss2: 0.000025 
| Global Round : 46 | Client :6 | Local Epoch : 4 | [64/571 (12%)]	Loss1: 5.840326 Loss2: 0.000030 
| Global Round : 46 | Client :7 | Local Epoch : 0 | [64/665 (10%)]	Loss1: 5.841096 Loss2: 0.000037 
| Global Round : 46 | Client :7 | Local Epoch : 1 | [64/665 (10%)]	Loss1: 5.840286 Loss2: 0.000034 
| Global Round : 46 | Client :7 | Local Epoch : 2 | [64/665 (10%)]	Loss1: 5.840332 Loss2: 0.000031 
| Global Round : 46 | Client :7 | Local Epoch : 3 | [64/665 (10%)]	Loss1: 5.840324 Loss2: 0.000036 
| Global Round : 46 | Client :7 | Local Epoch : 4 | [64/665 (10%)]	Loss1: 5.840649 Loss2: 0.000038 
| Global Round : 46 | Client :8 | Local Epoch : 0 | [64/561 (12%)]	Loss1: 5.840381 Loss2: 0.000031 
| Global Round : 46 | Client :8 | Local Epoch : 1 | [64/561 (12%)]	Loss1: 5.839982 Loss2: 0.000036 
| Global Round : 46 | Client :8 | Local Epoch : 2 | [64/561 (12%)]	Loss1: 5.840040 Loss2: 0.000031 
| Global Round : 46 | Client :8 | Local Epoch : 3 | [64/561 (12%)]	Loss1: 5.840745 Loss2: 0.000034 
| Global Round : 46 | Client :8 | Local Epoch : 4 | [64/561 (12%)]	Loss1: 5.840518 Loss2: 0.000033 
| Global Round : 46 | Client :9 | Local Epoch : 0 | [64/811 (8%)]	Loss1: 5.840261 Loss2: 0.000020 
| Global Round : 46 | Client :9 | Local Epoch : 0 | [704/811 (92%)]	Loss1: 5.839757 Loss2: 0.000030 
| Global Round : 46 | Client :9 | Local Epoch : 1 | [64/811 (8%)]	Loss1: 5.840201 Loss2: 0.000025 
| Global Round : 46 | Client :9 | Local Epoch : 1 | [704/811 (92%)]	Loss1: 5.840356 Loss2: 0.000030 
| Global Round : 46 | Client :9 | Local Epoch : 2 | [64/811 (8%)]	Loss1: 5.839548 Loss2: 0.000021 
| Global Round : 46 | Client :9 | Local Epoch : 2 | [704/811 (92%)]	Loss1: 5.839799 Loss2: 0.000031 
| Global Round : 46 | Client :9 | Local Epoch : 3 | [64/811 (8%)]	Loss1: 5.840889 Loss2: 0.000022 
| Global Round : 46 | Client :9 | Local Epoch : 3 | [704/811 (92%)]	Loss1: 5.839564 Loss2: 0.000026 
| Global Round : 46 | Client :9 | Local Epoch : 4 | [64/811 (8%)]	Loss1: 5.840242 Loss2: 0.000026 
| Global Round : 46 | Client :9 | Local Epoch : 4 | [704/811 (92%)]	Loss1: 5.839574 Loss2: 0.000033 
average loss:   5.838435507747862
average local test accuracy: 0.8587239583333333
average global test accuracy:  0.5845052083333333

 | Global Training Round : 47 |

xi_k [0.49009035 0.48023655 0.51381112 0.50700035 0.46909594 0.48916319
 0.4775014  0.51258391 0.48604612 0.50432743]
max_exp: -1.0
coe: 10
Regulation [0.8 0.8 0.8 0.8 0.8 0.8 0.8 0.8 0.8 0.8]
Solver status: optimal_inaccurate
b_new: [1. 1. 1. 1. 1. 1. 1. 1. 1. 1.]
Iter 0: obj=48.8986, best_obj=48.8986, ||b_new-b_prev||₂=2.846050
xi_k [0.49009035 0.48023655 0.51381112 0.50700035 0.46909594 0.48916319
 0.4775014  0.51258391 0.48604612 0.50432743]
max_exp: -1.0
coe: 10
Regulation [-1. -1. -1. -1. -1. -1. -1. -1. -1. -1.]
Solver status: optimal_inaccurate
b_new: [1. 1. 1. 1. 1. 1. 1. 1. 1. 1.]
Iter 1: obj=49.7986, best_obj=49.7986, ||b_new-b_prev||₂=0.000000
Converged.
Final b: [1. 1. 1. 1. 1. 1. 1. 1. 1. 1.]
<class 'numpy.ndarray'>
b_float: [1. 1. 1. 1. 1. 1. 1. 1. 1. 1.]
b: [1 1 1 1 1 1 1 1 1 1]
active_clients:  [0, 1, 2, 3, 4, 5, 6, 7, 8, 9]
Client 0's s_k are:[0 0 0 0 0 0 1 0 0 0]
Client 1's s_k are:[0 0 0 0 0 0 1 0 0 0]
Client 2's s_k are:[0 0 0 0 0 0 0 0 0 1]
Client 3's s_k are:[0 0 0 0 0 1 0 0 0 0]
Client 4's s_k are:[0 0 0 0 0 0 0 1 0 0]
Client 5's s_k are:[0 0 0 1 0 0 0 0 0 0]
Client 6's s_k are:[1 0 0 0 0 0 0 0 0 0]
Client 7's s_k are:[0 0 0 0 0 0 1 0 0 0]
Client 8's s_k are:[0 0 0 0 0 0 0 0 0 1]
Client 9's s_k are:[0 0 1 0 0 0 0 0 0 0]
| Global Round : 47 | Client :0 | Local Epoch : 0 | [64/626 (11%)]	Loss1: 5.841714 Loss2: 0.000026 
| Global Round : 47 | Client :0 | Local Epoch : 1 | [64/626 (11%)]	Loss1: 5.840271 Loss2: 0.000026 
| Global Round : 47 | Client :0 | Local Epoch : 2 | [64/626 (11%)]	Loss1: 5.840820 Loss2: 0.000020 
| Global Round : 47 | Client :0 | Local Epoch : 3 | [64/626 (11%)]	Loss1: 5.841196 Loss2: 0.000028 
| Global Round : 47 | Client :0 | Local Epoch : 4 | [64/626 (11%)]	Loss1: 5.841166 Loss2: 0.000029 
| Global Round : 47 | Client :1 | Local Epoch : 0 | [64/497 (14%)]	Loss1: 5.841449 Loss2: 0.000046 
| Global Round : 47 | Client :1 | Local Epoch : 1 | [64/497 (14%)]	Loss1: 5.841600 Loss2: 0.000041 
| Global Round : 47 | Client :1 | Local Epoch : 2 | [64/497 (14%)]	Loss1: 5.841325 Loss2: 0.000044 
| Global Round : 47 | Client :1 | Local Epoch : 3 | [64/497 (14%)]	Loss1: 5.841446 Loss2: 0.000047 
| Global Round : 47 | Client :1 | Local Epoch : 4 | [64/497 (14%)]	Loss1: 5.841105 Loss2: 0.000051 
| Global Round : 47 | Client :2 | Local Epoch : 0 | [64/597 (11%)]	Loss1: 5.840398 Loss2: 0.000024 
| Global Round : 47 | Client :2 | Local Epoch : 1 | [64/597 (11%)]	Loss1: 5.839880 Loss2: 0.000029 
| Global Round : 47 | Client :2 | Local Epoch : 2 | [64/597 (11%)]	Loss1: 5.840833 Loss2: 0.000020 
| Global Round : 47 | Client :2 | Local Epoch : 3 | [64/597 (11%)]	Loss1: 5.839511 Loss2: 0.000022 
| Global Round : 47 | Client :2 | Local Epoch : 4 | [64/597 (11%)]	Loss1: 5.839761 Loss2: 0.000021 
| Global Round : 47 | Client :3 | Local Epoch : 0 | [64/605 (11%)]	Loss1: 5.839971 Loss2: 0.000031 
| Global Round : 47 | Client :3 | Local Epoch : 1 | [64/605 (11%)]	Loss1: 5.840323 Loss2: 0.000032 
| Global Round : 47 | Client :3 | Local Epoch : 2 | [64/605 (11%)]	Loss1: 5.840054 Loss2: 0.000031 
| Global Round : 47 | Client :3 | Local Epoch : 3 | [64/605 (11%)]	Loss1: 5.840181 Loss2: 0.000027 
| Global Round : 47 | Client :3 | Local Epoch : 4 | [64/605 (11%)]	Loss1: 5.840128 Loss2: 0.000030 
| Global Round : 47 | Client :4 | Local Epoch : 0 | [64/436 (17%)]	Loss1: 5.840281 Loss2: 0.000044 
| Global Round : 47 | Client :4 | Local Epoch : 1 | [64/436 (17%)]	Loss1: 5.840722 Loss2: 0.000038 
| Global Round : 47 | Client :4 | Local Epoch : 2 | [64/436 (17%)]	Loss1: 5.839821 Loss2: 0.000044 
| Global Round : 47 | Client :4 | Local Epoch : 3 | [64/436 (17%)]	Loss1: 5.841848 Loss2: 0.000045 
| Global Round : 47 | Client :4 | Local Epoch : 4 | [64/436 (17%)]	Loss1: 5.839317 Loss2: 0.000040 
| Global Round : 47 | Client :5 | Local Epoch : 0 | [64/627 (11%)]	Loss1: 5.839782 Loss2: 0.000030 
| Global Round : 47 | Client :5 | Local Epoch : 1 | [64/627 (11%)]	Loss1: 5.839646 Loss2: 0.000037 
| Global Round : 47 | Client :5 | Local Epoch : 2 | [64/627 (11%)]	Loss1: 5.839788 Loss2: 0.000025 
| Global Round : 47 | Client :5 | Local Epoch : 3 | [64/627 (11%)]	Loss1: 5.839163 Loss2: 0.000028 
| Global Round : 47 | Client :5 | Local Epoch : 4 | [64/627 (11%)]	Loss1: 5.840312 Loss2: 0.000029 
| Global Round : 47 | Client :6 | Local Epoch : 0 | [64/571 (12%)]	Loss1: 5.840731 Loss2: 0.000026 
| Global Round : 47 | Client :6 | Local Epoch : 1 | [64/571 (12%)]	Loss1: 5.839897 Loss2: 0.000027 
| Global Round : 47 | Client :6 | Local Epoch : 2 | [64/571 (12%)]	Loss1: 5.840307 Loss2: 0.000026 
| Global Round : 47 | Client :6 | Local Epoch : 3 | [64/571 (12%)]	Loss1: 5.839791 Loss2: 0.000025 
| Global Round : 47 | Client :6 | Local Epoch : 4 | [64/571 (12%)]	Loss1: 5.839873 Loss2: 0.000026 
| Global Round : 47 | Client :7 | Local Epoch : 0 | [64/665 (10%)]	Loss1: 5.839631 Loss2: 0.000028 
| Global Round : 47 | Client :7 | Local Epoch : 1 | [64/665 (10%)]	Loss1: 5.840832 Loss2: 0.000033 
| Global Round : 47 | Client :7 | Local Epoch : 2 | [64/665 (10%)]	Loss1: 5.840065 Loss2: 0.000033 
| Global Round : 47 | Client :7 | Local Epoch : 3 | [64/665 (10%)]	Loss1: 5.839367 Loss2: 0.000031 
| Global Round : 47 | Client :7 | Local Epoch : 4 | [64/665 (10%)]	Loss1: 5.840849 Loss2: 0.000032 
| Global Round : 47 | Client :8 | Local Epoch : 0 | [64/561 (12%)]	Loss1: 5.839925 Loss2: 0.000032 
| Global Round : 47 | Client :8 | Local Epoch : 1 | [64/561 (12%)]	Loss1: 5.840640 Loss2: 0.000039 
| Global Round : 47 | Client :8 | Local Epoch : 2 | [64/561 (12%)]	Loss1: 5.838843 Loss2: 0.000035 
| Global Round : 47 | Client :8 | Local Epoch : 3 | [64/561 (12%)]	Loss1: 5.839496 Loss2: 0.000038 
| Global Round : 47 | Client :8 | Local Epoch : 4 | [64/561 (12%)]	Loss1: 5.839348 Loss2: 0.000036 
| Global Round : 47 | Client :9 | Local Epoch : 0 | [64/811 (8%)]	Loss1: 5.839453 Loss2: 0.000021 
| Global Round : 47 | Client :9 | Local Epoch : 0 | [704/811 (92%)]	Loss1: 5.839676 Loss2: 0.000028 
| Global Round : 47 | Client :9 | Local Epoch : 1 | [64/811 (8%)]	Loss1: 5.840985 Loss2: 0.000021 
| Global Round : 47 | Client :9 | Local Epoch : 1 | [704/811 (92%)]	Loss1: 5.839867 Loss2: 0.000032 
| Global Round : 47 | Client :9 | Local Epoch : 2 | [64/811 (8%)]	Loss1: 5.840145 Loss2: 0.000022 
| Global Round : 47 | Client :9 | Local Epoch : 2 | [704/811 (92%)]	Loss1: 5.840431 Loss2: 0.000031 
| Global Round : 47 | Client :9 | Local Epoch : 3 | [64/811 (8%)]	Loss1: 5.840491 Loss2: 0.000024 
| Global Round : 47 | Client :9 | Local Epoch : 3 | [704/811 (92%)]	Loss1: 5.840353 Loss2: 0.000027 
| Global Round : 47 | Client :9 | Local Epoch : 4 | [64/811 (8%)]	Loss1: 5.839258 Loss2: 0.000025 
| Global Round : 47 | Client :9 | Local Epoch : 4 | [704/811 (92%)]	Loss1: 5.840330 Loss2: 0.000030 
average loss:   5.838419847810079
average local test accuracy: 0.8497395833333332
average global test accuracy:  0.5776041666666667

 | Global Training Round : 48 |

xi_k [0.49003785 0.48022309 0.51379304 0.50699945 0.46913246 0.48917831
 0.4775082  0.51257696 0.48600838 0.50433461]
max_exp: -1.0
coe: 10
Regulation [0.8 0.8 0.8 0.8 0.8 0.8 0.8 0.8 0.8 0.8]
Solver status: optimal_inaccurate
b_new: [1. 1. 1. 1. 1. 1. 1. 1. 1. 1.]
Iter 0: obj=48.8979, best_obj=48.8979, ||b_new-b_prev||₂=2.846050
xi_k [0.49003785 0.48022309 0.51379304 0.50699945 0.46913246 0.48917831
 0.4775082  0.51257696 0.48600838 0.50433461]
max_exp: -1.0
coe: 10
Regulation [-1. -1. -1. -1. -1. -1. -1. -1. -1. -1.]
Solver status: optimal_inaccurate
b_new: [1. 1. 1. 1. 1. 1. 1. 1. 1. 1.]
Iter 1: obj=49.7979, best_obj=49.7979, ||b_new-b_prev||₂=0.000000
Converged.
Final b: [1. 1. 1. 1. 1. 1. 1. 1. 1. 1.]
<class 'numpy.ndarray'>
b_float: [1. 1. 1. 1. 1. 1. 1. 1. 1. 1.]
b: [1 1 1 1 1 1 1 1 1 1]
active_clients:  [0, 1, 2, 3, 4, 5, 6, 7, 8, 9]
Client 0's s_k are:[0 0 0 0 0 0 1 0 0 0]
Client 1's s_k are:[0 0 0 0 0 0 1 0 0 0]
Client 2's s_k are:[0 0 0 0 0 0 0 0 0 1]
Client 3's s_k are:[0 0 0 0 0 1 0 0 0 0]
Client 4's s_k are:[0 0 0 0 0 0 0 1 0 0]
Client 5's s_k are:[0 0 0 1 0 0 0 0 0 0]
Client 6's s_k are:[1 0 0 0 0 0 0 0 0 0]
Client 7's s_k are:[0 0 0 0 0 0 1 0 0 0]
Client 8's s_k are:[0 0 0 0 0 0 0 0 0 1]
Client 9's s_k are:[0 0 1 0 0 0 0 0 0 0]
| Global Round : 48 | Client :0 | Local Epoch : 0 | [64/626 (11%)]	Loss1: 5.840342 Loss2: 0.000025 
| Global Round : 48 | Client :0 | Local Epoch : 1 | [64/626 (11%)]	Loss1: 5.842565 Loss2: 0.000027 
| Global Round : 48 | Client :0 | Local Epoch : 2 | [64/626 (11%)]	Loss1: 5.840164 Loss2: 0.000027 
| Global Round : 48 | Client :0 | Local Epoch : 3 | [64/626 (11%)]	Loss1: 5.842537 Loss2: 0.000036 
| Global Round : 48 | Client :0 | Local Epoch : 4 | [64/626 (11%)]	Loss1: 5.841586 Loss2: 0.000027 
| Global Round : 48 | Client :1 | Local Epoch : 0 | [64/497 (14%)]	Loss1: 5.841743 Loss2: 0.000040 
| Global Round : 48 | Client :1 | Local Epoch : 1 | [64/497 (14%)]	Loss1: 5.841751 Loss2: 0.000046 
| Global Round : 48 | Client :1 | Local Epoch : 2 | [64/497 (14%)]	Loss1: 5.840883 Loss2: 0.000039 
| Global Round : 48 | Client :1 | Local Epoch : 3 | [64/497 (14%)]	Loss1: 5.841766 Loss2: 0.000049 
| Global Round : 48 | Client :1 | Local Epoch : 4 | [64/497 (14%)]	Loss1: 5.840687 Loss2: 0.000049 
| Global Round : 48 | Client :2 | Local Epoch : 0 | [64/597 (11%)]	Loss1: 5.840083 Loss2: 0.000025 
| Global Round : 48 | Client :2 | Local Epoch : 1 | [64/597 (11%)]	Loss1: 5.840117 Loss2: 0.000025 
| Global Round : 48 | Client :2 | Local Epoch : 2 | [64/597 (11%)]	Loss1: 5.840362 Loss2: 0.000020 
| Global Round : 48 | Client :2 | Local Epoch : 3 | [64/597 (11%)]	Loss1: 5.839377 Loss2: 0.000021 
| Global Round : 48 | Client :2 | Local Epoch : 4 | [64/597 (11%)]	Loss1: 5.839395 Loss2: 0.000020 
| Global Round : 48 | Client :3 | Local Epoch : 0 | [64/605 (11%)]	Loss1: 5.839840 Loss2: 0.000028 
| Global Round : 48 | Client :3 | Local Epoch : 1 | [64/605 (11%)]	Loss1: 5.841453 Loss2: 0.000028 
| Global Round : 48 | Client :3 | Local Epoch : 2 | [64/605 (11%)]	Loss1: 5.839456 Loss2: 0.000029 
| Global Round : 48 | Client :3 | Local Epoch : 3 | [64/605 (11%)]	Loss1: 5.840805 Loss2: 0.000029 
| Global Round : 48 | Client :3 | Local Epoch : 4 | [64/605 (11%)]	Loss1: 5.839711 Loss2: 0.000025 
| Global Round : 48 | Client :4 | Local Epoch : 0 | [64/436 (17%)]	Loss1: 5.840532 Loss2: 0.000046 
| Global Round : 48 | Client :4 | Local Epoch : 1 | [64/436 (17%)]	Loss1: 5.839699 Loss2: 0.000040 
| Global Round : 48 | Client :4 | Local Epoch : 2 | [64/436 (17%)]	Loss1: 5.840711 Loss2: 0.000042 
| Global Round : 48 | Client :4 | Local Epoch : 3 | [64/436 (17%)]	Loss1: 5.840075 Loss2: 0.000042 
| Global Round : 48 | Client :4 | Local Epoch : 4 | [64/436 (17%)]	Loss1: 5.839933 Loss2: 0.000051 
| Global Round : 48 | Client :5 | Local Epoch : 0 | [64/627 (11%)]	Loss1: 5.839638 Loss2: 0.000027 
| Global Round : 48 | Client :5 | Local Epoch : 1 | [64/627 (11%)]	Loss1: 5.839279 Loss2: 0.000023 
| Global Round : 48 | Client :5 | Local Epoch : 2 | [64/627 (11%)]	Loss1: 5.839868 Loss2: 0.000022 
| Global Round : 48 | Client :5 | Local Epoch : 3 | [64/627 (11%)]	Loss1: 5.840196 Loss2: 0.000021 
| Global Round : 48 | Client :5 | Local Epoch : 4 | [64/627 (11%)]	Loss1: 5.839951 Loss2: 0.000027 
| Global Round : 48 | Client :6 | Local Epoch : 0 | [64/571 (12%)]	Loss1: 5.840367 Loss2: 0.000025 
| Global Round : 48 | Client :6 | Local Epoch : 1 | [64/571 (12%)]	Loss1: 5.840032 Loss2: 0.000023 
| Global Round : 48 | Client :6 | Local Epoch : 2 | [64/571 (12%)]	Loss1: 5.840628 Loss2: 0.000029 
| Global Round : 48 | Client :6 | Local Epoch : 3 | [64/571 (12%)]	Loss1: 5.841005 Loss2: 0.000027 
| Global Round : 48 | Client :6 | Local Epoch : 4 | [64/571 (12%)]	Loss1: 5.840685 Loss2: 0.000023 
| Global Round : 48 | Client :7 | Local Epoch : 0 | [64/665 (10%)]	Loss1: 5.840996 Loss2: 0.000034 
| Global Round : 48 | Client :7 | Local Epoch : 1 | [64/665 (10%)]	Loss1: 5.839347 Loss2: 0.000034 
| Global Round : 48 | Client :7 | Local Epoch : 2 | [64/665 (10%)]	Loss1: 5.840131 Loss2: 0.000034 
| Global Round : 48 | Client :7 | Local Epoch : 3 | [64/665 (10%)]	Loss1: 5.839668 Loss2: 0.000034 
| Global Round : 48 | Client :7 | Local Epoch : 4 | [64/665 (10%)]	Loss1: 5.839710 Loss2: 0.000034 
| Global Round : 48 | Client :8 | Local Epoch : 0 | [64/561 (12%)]	Loss1: 5.839163 Loss2: 0.000030 
| Global Round : 48 | Client :8 | Local Epoch : 1 | [64/561 (12%)]	Loss1: 5.839952 Loss2: 0.000032 
| Global Round : 48 | Client :8 | Local Epoch : 2 | [64/561 (12%)]	Loss1: 5.839935 Loss2: 0.000033 
| Global Round : 48 | Client :8 | Local Epoch : 3 | [64/561 (12%)]	Loss1: 5.840241 Loss2: 0.000032 
| Global Round : 48 | Client :8 | Local Epoch : 4 | [64/561 (12%)]	Loss1: 5.838932 Loss2: 0.000029 
| Global Round : 48 | Client :9 | Local Epoch : 0 | [64/811 (8%)]	Loss1: 5.839669 Loss2: 0.000021 
| Global Round : 48 | Client :9 | Local Epoch : 0 | [704/811 (92%)]	Loss1: 5.840202 Loss2: 0.000033 
| Global Round : 48 | Client :9 | Local Epoch : 1 | [64/811 (8%)]	Loss1: 5.840816 Loss2: 0.000023 
| Global Round : 48 | Client :9 | Local Epoch : 1 | [704/811 (92%)]	Loss1: 5.840230 Loss2: 0.000024 
| Global Round : 48 | Client :9 | Local Epoch : 2 | [64/811 (8%)]	Loss1: 5.841098 Loss2: 0.000019 
| Global Round : 48 | Client :9 | Local Epoch : 2 | [704/811 (92%)]	Loss1: 5.839973 Loss2: 0.000028 
| Global Round : 48 | Client :9 | Local Epoch : 3 | [64/811 (8%)]	Loss1: 5.840163 Loss2: 0.000019 
| Global Round : 48 | Client :9 | Local Epoch : 3 | [704/811 (92%)]	Loss1: 5.838472 Loss2: 0.000026 
| Global Round : 48 | Client :9 | Local Epoch : 4 | [64/811 (8%)]	Loss1: 5.840662 Loss2: 0.000021 
| Global Round : 48 | Client :9 | Local Epoch : 4 | [704/811 (92%)]	Loss1: 5.839879 Loss2: 0.000026 
average loss:   5.838410604000091
average local test accuracy: 0.8515625
average global test accuracy:  0.5881510416666667

 | Global Training Round : 49 |

xi_k [0.49006274 0.48018877 0.51381724 0.50703189 0.46909783 0.48916308
 0.47751106 0.51257849 0.48603006 0.50432619]
max_exp: -1.0
coe: 10
Regulation [0.8 0.8 0.8 0.8 0.8 0.8 0.8 0.8 0.8 0.8]
Solver status: optimal_inaccurate
b_new: [1. 1. 1. 1. 1. 1. 1. 1. 1. 1.]
Iter 0: obj=48.8981, best_obj=48.8981, ||b_new-b_prev||₂=2.846050
xi_k [0.49006274 0.48018877 0.51381724 0.50703189 0.46909783 0.48916308
 0.47751106 0.51257849 0.48603006 0.50432619]
max_exp: -1.0
coe: 10
Regulation [-1. -1. -1. -1. -1. -1. -1. -1. -1. -1.]
Solver status: optimal_inaccurate
b_new: [1. 1. 1. 1. 1. 1. 1. 1. 1. 1.]
Iter 1: obj=49.7981, best_obj=49.7981, ||b_new-b_prev||₂=0.000000
Converged.
Final b: [1. 1. 1. 1. 1. 1. 1. 1. 1. 1.]
<class 'numpy.ndarray'>
b_float: [1. 1. 1. 1. 1. 1. 1. 1. 1. 1.]
b: [1 1 1 1 1 1 1 1 1 1]
active_clients:  [0, 1, 2, 3, 4, 5, 6, 7, 8, 9]
Client 0's s_k are:[0 0 0 0 0 0 1 0 0 0]
Client 1's s_k are:[0 0 0 0 0 0 1 0 0 0]
Client 2's s_k are:[0 0 0 0 0 0 0 0 0 1]
Client 3's s_k are:[0 0 0 0 0 1 0 0 0 0]
Client 4's s_k are:[0 0 0 0 0 0 0 1 0 0]
Client 5's s_k are:[0 0 0 1 0 0 0 0 0 0]
Client 6's s_k are:[1 0 0 0 0 0 0 0 0 0]
Client 7's s_k are:[0 0 0 0 0 0 1 0 0 0]
Client 8's s_k are:[0 0 0 0 0 0 0 0 0 1]
Client 9's s_k are:[0 0 1 0 0 0 0 0 0 0]
| Global Round : 49 | Client :0 | Local Epoch : 0 | [64/626 (11%)]	Loss1: 5.840232 Loss2: 0.000024 
| Global Round : 49 | Client :0 | Local Epoch : 1 | [64/626 (11%)]	Loss1: 5.841578 Loss2: 0.000025 
| Global Round : 49 | Client :0 | Local Epoch : 2 | [64/626 (11%)]	Loss1: 5.840289 Loss2: 0.000027 
| Global Round : 49 | Client :0 | Local Epoch : 3 | [64/626 (11%)]	Loss1: 5.841346 Loss2: 0.000026 
| Global Round : 49 | Client :0 | Local Epoch : 4 | [64/626 (11%)]	Loss1: 5.839793 Loss2: 0.000028 
| Global Round : 49 | Client :1 | Local Epoch : 0 | [64/497 (14%)]	Loss1: 5.841663 Loss2: 0.000041 
| Global Round : 49 | Client :1 | Local Epoch : 1 | [64/497 (14%)]	Loss1: 5.840343 Loss2: 0.000038 
| Global Round : 49 | Client :1 | Local Epoch : 2 | [64/497 (14%)]	Loss1: 5.840660 Loss2: 0.000044 
| Global Round : 49 | Client :1 | Local Epoch : 3 | [64/497 (14%)]	Loss1: 5.842122 Loss2: 0.000043 
| Global Round : 49 | Client :1 | Local Epoch : 4 | [64/497 (14%)]	Loss1: 5.840009 Loss2: 0.000040 
| Global Round : 49 | Client :2 | Local Epoch : 0 | [64/597 (11%)]	Loss1: 5.840181 Loss2: 0.000020 
| Global Round : 49 | Client :2 | Local Epoch : 1 | [64/597 (11%)]	Loss1: 5.840446 Loss2: 0.000019 
| Global Round : 49 | Client :2 | Local Epoch : 2 | [64/597 (11%)]	Loss1: 5.839992 Loss2: 0.000023 
| Global Round : 49 | Client :2 | Local Epoch : 3 | [64/597 (11%)]	Loss1: 5.839900 Loss2: 0.000022 
| Global Round : 49 | Client :2 | Local Epoch : 4 | [64/597 (11%)]	Loss1: 5.839998 Loss2: 0.000020 
| Global Round : 49 | Client :3 | Local Epoch : 0 | [64/605 (11%)]	Loss1: 5.840324 Loss2: 0.000025 
| Global Round : 49 | Client :3 | Local Epoch : 1 | [64/605 (11%)]	Loss1: 5.840540 Loss2: 0.000025 
| Global Round : 49 | Client :3 | Local Epoch : 2 | [64/605 (11%)]	Loss1: 5.840548 Loss2: 0.000022 
| Global Round : 49 | Client :3 | Local Epoch : 3 | [64/605 (11%)]	Loss1: 5.839581 Loss2: 0.000027 
| Global Round : 49 | Client :3 | Local Epoch : 4 | [64/605 (11%)]	Loss1: 5.839400 Loss2: 0.000026 
| Global Round : 49 | Client :4 | Local Epoch : 0 | [64/436 (17%)]	Loss1: 5.839584 Loss2: 0.000042 
| Global Round : 49 | Client :4 | Local Epoch : 1 | [64/436 (17%)]	Loss1: 5.840126 Loss2: 0.000038 
| Global Round : 49 | Client :4 | Local Epoch : 2 | [64/436 (17%)]	Loss1: 5.841529 Loss2: 0.000043 
| Global Round : 49 | Client :4 | Local Epoch : 3 | [64/436 (17%)]	Loss1: 5.839593 Loss2: 0.000042 
| Global Round : 49 | Client :4 | Local Epoch : 4 | [64/436 (17%)]	Loss1: 5.839728 Loss2: 0.000042 
| Global Round : 49 | Client :5 | Local Epoch : 0 | [64/627 (11%)]	Loss1: 5.839237 Loss2: 0.000024 
| Global Round : 49 | Client :5 | Local Epoch : 1 | [64/627 (11%)]	Loss1: 5.839515 Loss2: 0.000025 
| Global Round : 49 | Client :5 | Local Epoch : 2 | [64/627 (11%)]	Loss1: 5.839293 Loss2: 0.000025 
| Global Round : 49 | Client :5 | Local Epoch : 3 | [64/627 (11%)]	Loss1: 5.839687 Loss2: 0.000026 
| Global Round : 49 | Client :5 | Local Epoch : 4 | [64/627 (11%)]	Loss1: 5.839827 Loss2: 0.000026 
| Global Round : 49 | Client :6 | Local Epoch : 0 | [64/571 (12%)]	Loss1: 5.840678 Loss2: 0.000022 
| Global Round : 49 | Client :6 | Local Epoch : 1 | [64/571 (12%)]	Loss1: 5.839772 Loss2: 0.000021 
| Global Round : 49 | Client :6 | Local Epoch : 2 | [64/571 (12%)]	Loss1: 5.840204 Loss2: 0.000024 
| Global Round : 49 | Client :6 | Local Epoch : 3 | [64/571 (12%)]	Loss1: 5.839606 Loss2: 0.000027 
| Global Round : 49 | Client :6 | Local Epoch : 4 | [64/571 (12%)]	Loss1: 5.839633 Loss2: 0.000025 
| Global Round : 49 | Client :7 | Local Epoch : 0 | [64/665 (10%)]	Loss1: 5.839982 Loss2: 0.000028 
| Global Round : 49 | Client :7 | Local Epoch : 1 | [64/665 (10%)]	Loss1: 5.840140 Loss2: 0.000031 
| Global Round : 49 | Client :7 | Local Epoch : 2 | [64/665 (10%)]	Loss1: 5.840377 Loss2: 0.000039 
| Global Round : 49 | Client :7 | Local Epoch : 3 | [64/665 (10%)]	Loss1: 5.841113 Loss2: 0.000035 
| Global Round : 49 | Client :7 | Local Epoch : 4 | [64/665 (10%)]	Loss1: 5.840451 Loss2: 0.000034 
| Global Round : 49 | Client :8 | Local Epoch : 0 | [64/561 (12%)]	Loss1: 5.839417 Loss2: 0.000026 
| Global Round : 49 | Client :8 | Local Epoch : 1 | [64/561 (12%)]	Loss1: 5.840172 Loss2: 0.000032 
| Global Round : 49 | Client :8 | Local Epoch : 2 | [64/561 (12%)]	Loss1: 5.839619 Loss2: 0.000030 
| Global Round : 49 | Client :8 | Local Epoch : 3 | [64/561 (12%)]	Loss1: 5.840545 Loss2: 0.000030 
| Global Round : 49 | Client :8 | Local Epoch : 4 | [64/561 (12%)]	Loss1: 5.840520 Loss2: 0.000032 
| Global Round : 49 | Client :9 | Local Epoch : 0 | [64/811 (8%)]	Loss1: 5.840050 Loss2: 0.000020 
| Global Round : 49 | Client :9 | Local Epoch : 0 | [704/811 (92%)]	Loss1: 5.839917 Loss2: 0.000029 
| Global Round : 49 | Client :9 | Local Epoch : 1 | [64/811 (8%)]	Loss1: 5.839319 Loss2: 0.000018 
| Global Round : 49 | Client :9 | Local Epoch : 1 | [704/811 (92%)]	Loss1: 5.839380 Loss2: 0.000031 
| Global Round : 49 | Client :9 | Local Epoch : 2 | [64/811 (8%)]	Loss1: 5.838872 Loss2: 0.000025 
| Global Round : 49 | Client :9 | Local Epoch : 2 | [704/811 (92%)]	Loss1: 5.840300 Loss2: 0.000030 
| Global Round : 49 | Client :9 | Local Epoch : 3 | [64/811 (8%)]	Loss1: 5.839821 Loss2: 0.000017 
| Global Round : 49 | Client :9 | Local Epoch : 3 | [704/811 (92%)]	Loss1: 5.840965 Loss2: 0.000027 
| Global Round : 49 | Client :9 | Local Epoch : 4 | [64/811 (8%)]	Loss1: 5.839491 Loss2: 0.000021 
| Global Round : 49 | Client :9 | Local Epoch : 4 | [704/811 (92%)]	Loss1: 5.838703 Loss2: 0.000031 
average loss:   5.838394663693412
average local test accuracy: 0.85
average global test accuracy:  0.5744791666666667

 | Global Training Round : 50 |

xi_k [0.49003778 0.48021703 0.51377524 0.50701073 0.46912559 0.48916655
 0.47750593 0.51255487 0.48605666 0.5043147 ]
max_exp: -1.0
coe: 10
Regulation [0.8 0.8 0.8 0.8 0.8 0.8 0.8 0.8 0.8 0.8]
Solver status: optimal_inaccurate
b_new: [1. 1. 1. 1. 1. 1. 1. 1. 1. 1.]
Iter 0: obj=48.8977, best_obj=48.8977, ||b_new-b_prev||₂=2.846050
xi_k [0.49003778 0.48021703 0.51377524 0.50701073 0.46912559 0.48916655
 0.47750593 0.51255487 0.48605666 0.5043147 ]
max_exp: -1.0
coe: 10
Regulation [-1. -1. -1. -1. -1. -1. -1. -1. -1. -1.]
Solver status: optimal_inaccurate
b_new: [1. 1. 1. 1. 1. 1. 1. 1. 1. 1.]
Iter 1: obj=49.7977, best_obj=49.7977, ||b_new-b_prev||₂=0.000000
Converged.
Final b: [1. 1. 1. 1. 1. 1. 1. 1. 1. 1.]
<class 'numpy.ndarray'>
b_float: [1. 1. 1. 1. 1. 1. 1. 1. 1. 1.]
b: [1 1 1 1 1 1 1 1 1 1]
active_clients:  [0, 1, 2, 3, 4, 5, 6, 7, 8, 9]
Client 0's s_k are:[0 0 0 0 0 0 1 0 0 0]
Client 1's s_k are:[0 0 0 0 0 0 1 0 0 0]
Client 2's s_k are:[0 0 0 0 0 0 0 0 0 1]
Client 3's s_k are:[0 0 0 0 0 1 0 0 0 0]
Client 4's s_k are:[0 0 0 0 0 0 0 1 0 0]
Client 5's s_k are:[0 0 0 1 0 0 0 0 0 0]
Client 6's s_k are:[1 0 0 0 0 0 0 0 0 0]
Client 7's s_k are:[0 0 0 0 0 0 1 0 0 0]
Client 8's s_k are:[0 0 0 0 0 0 0 0 0 1]
Client 9's s_k are:[0 0 1 0 0 0 0 0 0 0]
| Global Round : 50 | Client :0 | Local Epoch : 0 | [64/626 (11%)]	Loss1: 5.842111 Loss2: 0.000022 
| Global Round : 50 | Client :0 | Local Epoch : 1 | [64/626 (11%)]	Loss1: 5.841496 Loss2: 0.000032 
| Global Round : 50 | Client :0 | Local Epoch : 2 | [64/626 (11%)]	Loss1: 5.840711 Loss2: 0.000031 
| Global Round : 50 | Client :0 | Local Epoch : 3 | [64/626 (11%)]	Loss1: 5.840344 Loss2: 0.000024 
| Global Round : 50 | Client :0 | Local Epoch : 4 | [64/626 (11%)]	Loss1: 5.840667 Loss2: 0.000024 
| Global Round : 50 | Client :1 | Local Epoch : 0 | [64/497 (14%)]	Loss1: 5.841195 Loss2: 0.000042 
| Global Round : 50 | Client :1 | Local Epoch : 1 | [64/497 (14%)]	Loss1: 5.840789 Loss2: 0.000040 
| Global Round : 50 | Client :1 | Local Epoch : 2 | [64/497 (14%)]	Loss1: 5.842082 Loss2: 0.000040 
| Global Round : 50 | Client :1 | Local Epoch : 3 | [64/497 (14%)]	Loss1: 5.841280 Loss2: 0.000041 
| Global Round : 50 | Client :1 | Local Epoch : 4 | [64/497 (14%)]	Loss1: 5.842218 Loss2: 0.000041 
| Global Round : 50 | Client :2 | Local Epoch : 0 | [64/597 (11%)]	Loss1: 5.839608 Loss2: 0.000023 
| Global Round : 50 | Client :2 | Local Epoch : 1 | [64/597 (11%)]	Loss1: 5.840391 Loss2: 0.000018 
| Global Round : 50 | Client :2 | Local Epoch : 2 | [64/597 (11%)]	Loss1: 5.838987 Loss2: 0.000021 
| Global Round : 50 | Client :2 | Local Epoch : 3 | [64/597 (11%)]	Loss1: 5.840106 Loss2: 0.000019 
| Global Round : 50 | Client :2 | Local Epoch : 4 | [64/597 (11%)]	Loss1: 5.839900 Loss2: 0.000021 
| Global Round : 50 | Client :3 | Local Epoch : 0 | [64/605 (11%)]	Loss1: 5.839628 Loss2: 0.000025 
| Global Round : 50 | Client :3 | Local Epoch : 1 | [64/605 (11%)]	Loss1: 5.839768 Loss2: 0.000029 
| Global Round : 50 | Client :3 | Local Epoch : 2 | [64/605 (11%)]	Loss1: 5.840118 Loss2: 0.000024 
| Global Round : 50 | Client :3 | Local Epoch : 3 | [64/605 (11%)]	Loss1: 5.839686 Loss2: 0.000022 
| Global Round : 50 | Client :3 | Local Epoch : 4 | [64/605 (11%)]	Loss1: 5.839818 Loss2: 0.000024 
| Global Round : 50 | Client :4 | Local Epoch : 0 | [64/436 (17%)]	Loss1: 5.838834 Loss2: 0.000045 
| Global Round : 50 | Client :4 | Local Epoch : 1 | [64/436 (17%)]	Loss1: 5.840337 Loss2: 0.000041 
| Global Round : 50 | Client :4 | Local Epoch : 2 | [64/436 (17%)]	Loss1: 5.840716 Loss2: 0.000041 
| Global Round : 50 | Client :4 | Local Epoch : 3 | [64/436 (17%)]	Loss1: 5.839959 Loss2: 0.000045 
| Global Round : 50 | Client :4 | Local Epoch : 4 | [64/436 (17%)]	Loss1: 5.840068 Loss2: 0.000045 
| Global Round : 50 | Client :5 | Local Epoch : 0 | [64/627 (11%)]	Loss1: 5.839978 Loss2: 0.000024 
| Global Round : 50 | Client :5 | Local Epoch : 1 | [64/627 (11%)]	Loss1: 5.838885 Loss2: 0.000028 
| Global Round : 50 | Client :5 | Local Epoch : 2 | [64/627 (11%)]	Loss1: 5.839263 Loss2: 0.000032 
| Global Round : 50 | Client :5 | Local Epoch : 3 | [64/627 (11%)]	Loss1: 5.839909 Loss2: 0.000026 
| Global Round : 50 | Client :5 | Local Epoch : 4 | [64/627 (11%)]	Loss1: 5.839669 Loss2: 0.000029 
| Global Round : 50 | Client :6 | Local Epoch : 0 | [64/571 (12%)]	Loss1: 5.839153 Loss2: 0.000026 
| Global Round : 50 | Client :6 | Local Epoch : 1 | [64/571 (12%)]	Loss1: 5.839189 Loss2: 0.000027 
| Global Round : 50 | Client :6 | Local Epoch : 2 | [64/571 (12%)]	Loss1: 5.839694 Loss2: 0.000023 
| Global Round : 50 | Client :6 | Local Epoch : 3 | [64/571 (12%)]	Loss1: 5.839532 Loss2: 0.000026 
| Global Round : 50 | Client :6 | Local Epoch : 4 | [64/571 (12%)]	Loss1: 5.839710 Loss2: 0.000025 
| Global Round : 50 | Client :7 | Local Epoch : 0 | [64/665 (10%)]	Loss1: 5.840459 Loss2: 0.000033 
| Global Round : 50 | Client :7 | Local Epoch : 1 | [64/665 (10%)]	Loss1: 5.841884 Loss2: 0.000029 
| Global Round : 50 | Client :7 | Local Epoch : 2 | [64/665 (10%)]	Loss1: 5.840297 Loss2: 0.000026 
| Global Round : 50 | Client :7 | Local Epoch : 3 | [64/665 (10%)]	Loss1: 5.841106 Loss2: 0.000038 
| Global Round : 50 | Client :7 | Local Epoch : 4 | [64/665 (10%)]	Loss1: 5.840684 Loss2: 0.000031 
| Global Round : 50 | Client :8 | Local Epoch : 0 | [64/561 (12%)]	Loss1: 5.840305 Loss2: 0.000031 
| Global Round : 50 | Client :8 | Local Epoch : 1 | [64/561 (12%)]	Loss1: 5.839692 Loss2: 0.000031 
| Global Round : 50 | Client :8 | Local Epoch : 2 | [64/561 (12%)]	Loss1: 5.839633 Loss2: 0.000032 
| Global Round : 50 | Client :8 | Local Epoch : 3 | [64/561 (12%)]	Loss1: 5.840140 Loss2: 0.000036 
| Global Round : 50 | Client :8 | Local Epoch : 4 | [64/561 (12%)]	Loss1: 5.840590 Loss2: 0.000034 
| Global Round : 50 | Client :9 | Local Epoch : 0 | [64/811 (8%)]	Loss1: 5.839899 Loss2: 0.000017 
| Global Round : 50 | Client :9 | Local Epoch : 0 | [704/811 (92%)]	Loss1: 5.840644 Loss2: 0.000024 
| Global Round : 50 | Client :9 | Local Epoch : 1 | [64/811 (8%)]	Loss1: 5.839063 Loss2: 0.000020 
| Global Round : 50 | Client :9 | Local Epoch : 1 | [704/811 (92%)]	Loss1: 5.840262 Loss2: 0.000029 
| Global Round : 50 | Client :9 | Local Epoch : 2 | [64/811 (8%)]	Loss1: 5.840496 Loss2: 0.000018 
| Global Round : 50 | Client :9 | Local Epoch : 2 | [704/811 (92%)]	Loss1: 5.840418 Loss2: 0.000028 
| Global Round : 50 | Client :9 | Local Epoch : 3 | [64/811 (8%)]	Loss1: 5.839448 Loss2: 0.000020 
| Global Round : 50 | Client :9 | Local Epoch : 3 | [704/811 (92%)]	Loss1: 5.840143 Loss2: 0.000028 
| Global Round : 50 | Client :9 | Local Epoch : 4 | [64/811 (8%)]	Loss1: 5.841213 Loss2: 0.000018 
| Global Round : 50 | Client :9 | Local Epoch : 4 | [704/811 (92%)]	Loss1: 5.839627 Loss2: 0.000029 
/home/gyh/anaconda3/envs/pt_38py_env/lib/python3.8/site-packages/torch/distributed/distributed_c10d.py:151: UserWarning: torch.distributed.reduce_op is deprecated, please use torch.distributed.ReduceOp instead
  warnings.warn("torch.distributed.reduce_op is deprecated, please use "
average loss:   5.838355408055441
average local test accuracy: 0.8555989583333334
average global test accuracy:  0.5740885416666667
Figures plotted successfully.
Training is completed.
running time: 13246.038393974304 s 

Storage on cpu
-------------------------------------------------------------------------------
Total Tensors: 55285948 	Used Memory: 54.15M
-------------------------------------------------------------------------------

Storage on cuda:0
-------------------------------------------------------------------------------
Total Tensors: 345885 	Used Memory: 1.31M
The allocated memory on cuda:0: 5.54M
Memory differs due to the matrix alignment or invisible gradient buffer tensors
-------------------------------------------------------------------------------
Model is saved on: 
./checkpoint/FMNIST/9ece6cd6b0737e1411c418a80b8095190a1beff91695cde50d6546ff66a957a9.pth
