nohup: 忽略输入
1.9.0+cu111
cuda
Namespace(CVX_iterations=20, alg='FedKD', batch_size=64, beta=0.1, clip_grad=None, clock_frequency=array([4000208.96147898, 2995521.60423005, 5420405.1236711 ,
       5219067.30946656, 9879633.9106783 , 9683932.92630664,
       1992471.33174173, 3130322.58243259, 8854256.07245572,
       8942385.4683894 ]), code_len=32, dataset='FMNIST', duration_round=1000000, energy_threshold=1000000.0, eval_only=False, gamma=0.05, is_allocation=True, lam=0.5, lambda2=0.05, local_ep=5, log_frq=5, loss_F='MSE', lr=0.001, lr_sh_rate=10, method_Bandwidth='CVX', method_Frequency='CVX', method_Teacher='Cosine', method_tier='Random', model='CNN', num_classes=10, num_clients=10, num_epochs=50, num_tiers=1, part=0.1, sample_method='Dirichlet', sampling_rate=1, save_model=True, seed=0, std=2, temp=1, tol=0.001, total_bandwidth=1e+30, transmit_power=0.5, upload_model=True, use_lrschd=False)
idx_batch [2941, 5107, 8276, 9264, 5149, 6411, 7775, 5903, 6122, 3052]
idx_batch_test [488, 850, 1380, 1544, 857, 1067, 1296, 982, 1021, 515]
min_size 488
Loaders_test[0] is empty: False
Loaders_test[1] is empty: False
Loaders_test[2] is empty: False
Loaders_test[3] is empty: False
Loaders_test[4] is empty: False
Loaders_test[5] is empty: False
Loaders_test[6] is empty: False
Loaders_test[7] is empty: False
Loaders_test[8] is empty: False
Loaders_test[9] is empty: False
Length of Loaders_test[0]: 97
Length of Loaders_test[1]: 170
Length of Loaders_test[2]: 276
Length of Loaders_test[3]: 308
Length of Loaders_test[4]: 171
Length of Loaders_test[5]: 213
Length of Loaders_test[6]: 259
Length of Loaders_test[7]: 196
Length of Loaders_test[8]: 204
Length of Loaders_test[9]: 103
Length of global_loader_test: 195
len(Loaders_train) 4
Client 0 data distribution:
[103, 0, 0, 132, 0, 0, 1, 20, 0, 0]
Client 1 data distribution:
[0, 0, 0, 0, 369, 1, 55, 0, 22, 1]
Client 2 data distribution:
[0, 84, 0, 0, 0, 64, 129, 0, 491, 0]
Client 3 data distribution:
[0, 0, 74, 0, 0, 0, 0, 240, 0, 582]
Client 4 data distribution:
[201, 183, 0, 73, 7, 0, 29, 19, 0, 0]
Client 5 data distribution:
[2, 1, 519, 0, 9, 109, 0, 0, 0, 0]
Client 6 data distribution:
[0, 0, 0, 361, 4, 41, 362, 0, 0, 0]
Client 7 data distribution:
[0, 36, 0, 1, 149, 372, 0, 12, 4, 2]
Client 8 data distribution:
[255, 84, 0, 0, 0, 0, 0, 237, 0, 0]
Client 9 data distribution:
[2, 165, 1, 3, 0, 0, 1, 50, 31, 3]
Checkpoint dir: ./checkpoint/FMNIST/
CNN
# model parameters: 15722
variances:  [0.03584113952107326, 0.2028165679319468, 0.898279142410506, 0.5010094081839137, 0.830163557570702, 0.1882718122569691, 0.4371349234253209, 0.5745712292211937, 0.6277265575486621, 0.4016411224944867]
h:  [0.03255281 0.23255047 0.80611197 0.30768881 2.83598399 0.59955194
 0.07170732 0.86647262 0.33316328 0.92644117]
Random
tiered_clients:  {1: [4, 0, 3, 2, 8, 7, 6, 5, 9, 1]}

 | Global Training Round : 1 |

xi_k [0.47220473 0.4762744  0.50902222 0.52403212 0.54180245 0.5444836
 0.5396085  0.52886752 0.50831906 0.45788792]
max_exp: -1.0
coe: 10
Regulation [0.8 0.8 0.8 0.8 0.8 0.8 0.8 0.8 0.8 0.8]
Solver status: optimal_inaccurate
b_new: [1. 1. 1. 1. 1. 1. 1. 1. 1. 1.]
Iter 0: obj=50.6250, best_obj=50.6250, ||b_new-b_prev||₂=2.846050
xi_k [0.47220473 0.4762744  0.50902222 0.52403212 0.54180245 0.5444836
 0.5396085  0.52886752 0.50831906 0.45788792]
max_exp: -1.0
coe: 10
Regulation [-1. -1. -1. -1. -1. -1. -1. -1. -1. -1.]
Solver status: optimal_inaccurate
b_new: [1. 1. 1. 1. 1. 1. 1. 1. 1. 1.]
Iter 1: obj=51.5250, best_obj=51.5250, ||b_new-b_prev||₂=0.000000
Converged.
Final b: [1. 1. 1. 1. 1. 1. 1. 1. 1. 1.]
<class 'numpy.ndarray'>
b_float: [1. 1. 1. 1. 1. 1. 1. 1. 1. 1.]
b: [1 1 1 1 1 1 1 1 1 1]
active_clients:  [0, 1, 2, 3, 4, 5, 6, 7, 8, 9]
Client 0's s_k are:[0 1 0 0 0 0 0 0 0 0]
Client 1's s_k are:[1 0 0 0 0 0 0 0 0 0]
Client 2's s_k are:[1 0 0 0 0 0 0 0 0 0]
Client 3's s_k are:[1 0 0 0 0 0 0 0 0 0]
Client 4's s_k are:[1 0 0 0 0 0 0 0 0 0]
Client 5's s_k are:[1 0 0 0 0 0 0 0 0 0]
Client 6's s_k are:[1 0 0 0 0 0 0 0 0 0]
Client 7's s_k are:[1 0 0 0 0 0 0 0 0 0]
Client 8's s_k are:[1 0 0 0 0 0 0 0 0 0]
Client 9's s_k are:[1 0 0 0 0 0 0 0 0 0]
| Global Round : 1 | Client :0 | Local Epoch : 0 | [64/294 (25%)]	Loss1: 5.899533 Loss2: 0.000031 
| Global Round : 1 | Client :0 | Local Epoch : 1 | [64/294 (25%)]	Loss1: 5.872872 Loss2: 0.000108 
| Global Round : 1 | Client :0 | Local Epoch : 2 | [64/294 (25%)]	Loss1: 5.862825 Loss2: 0.000101 
| Global Round : 1 | Client :0 | Local Epoch : 3 | [64/294 (25%)]	Loss1: 5.861037 Loss2: 0.000091 
| Global Round : 1 | Client :0 | Local Epoch : 4 | [64/294 (25%)]	Loss1: 5.861337 Loss2: 0.000107 
| Global Round : 1 | Client :1 | Local Epoch : 0 | [64/510 (14%)]	Loss1: 5.908343 Loss2: 0.000111 
| Global Round : 1 | Client :1 | Local Epoch : 1 | [64/510 (14%)]	Loss1: 5.859468 Loss2: 0.000094 
| Global Round : 1 | Client :1 | Local Epoch : 2 | [64/510 (14%)]	Loss1: 5.859254 Loss2: 0.000068 
| Global Round : 1 | Client :1 | Local Epoch : 3 | [64/510 (14%)]	Loss1: 5.853080 Loss2: 0.000084 
| Global Round : 1 | Client :1 | Local Epoch : 4 | [64/510 (14%)]	Loss1: 5.850678 Loss2: 0.000084 
| Global Round : 1 | Client :2 | Local Epoch : 0 | [64/827 (8%)]	Loss1: 5.936141 Loss2: 0.000103 
| Global Round : 1 | Client :2 | Local Epoch : 0 | [704/827 (92%)]	Loss1: 5.872181 Loss2: 0.000079 
| Global Round : 1 | Client :2 | Local Epoch : 1 | [64/827 (8%)]	Loss1: 5.868292 Loss2: 0.000086 
| Global Round : 1 | Client :2 | Local Epoch : 1 | [704/827 (92%)]	Loss1: 5.862230 Loss2: 0.000066 
| Global Round : 1 | Client :2 | Local Epoch : 2 | [64/827 (8%)]	Loss1: 5.862459 Loss2: 0.000063 
| Global Round : 1 | Client :2 | Local Epoch : 2 | [704/827 (92%)]	Loss1: 5.856210 Loss2: 0.000074 
| Global Round : 1 | Client :2 | Local Epoch : 3 | [64/827 (8%)]	Loss1: 5.856514 Loss2: 0.000081 
| Global Round : 1 | Client :2 | Local Epoch : 3 | [704/827 (92%)]	Loss1: 5.856416 Loss2: 0.000096 
| Global Round : 1 | Client :2 | Local Epoch : 4 | [64/827 (8%)]	Loss1: 5.855602 Loss2: 0.000092 
| Global Round : 1 | Client :2 | Local Epoch : 4 | [704/827 (92%)]	Loss1: 5.851880 Loss2: 0.000084 
| Global Round : 1 | Client :3 | Local Epoch : 0 | [64/926 (7%)]	Loss1: 5.894468 Loss2: 0.000112 
| Global Round : 1 | Client :3 | Local Epoch : 0 | [704/926 (79%)]	Loss1: 5.857899 Loss2: 0.000061 
| Global Round : 1 | Client :3 | Local Epoch : 1 | [64/926 (7%)]	Loss1: 5.853347 Loss2: 0.000057 
| Global Round : 1 | Client :3 | Local Epoch : 1 | [704/926 (79%)]	Loss1: 5.851633 Loss2: 0.000061 
| Global Round : 1 | Client :3 | Local Epoch : 2 | [64/926 (7%)]	Loss1: 5.848623 Loss2: 0.000063 
| Global Round : 1 | Client :3 | Local Epoch : 2 | [704/926 (79%)]	Loss1: 5.847094 Loss2: 0.000063 
| Global Round : 1 | Client :3 | Local Epoch : 3 | [64/926 (7%)]	Loss1: 5.849158 Loss2: 0.000063 
| Global Round : 1 | Client :3 | Local Epoch : 3 | [704/926 (79%)]	Loss1: 5.846339 Loss2: 0.000061 
| Global Round : 1 | Client :3 | Local Epoch : 4 | [64/926 (7%)]	Loss1: 5.845727 Loss2: 0.000065 
| Global Round : 1 | Client :3 | Local Epoch : 4 | [704/926 (79%)]	Loss1: 5.847246 Loss2: 0.000070 
| Global Round : 1 | Client :4 | Local Epoch : 0 | [64/514 (12%)]	Loss1: 5.908319 Loss2: 0.000097 
| Global Round : 1 | Client :4 | Local Epoch : 1 | [64/514 (12%)]	Loss1: 5.868914 Loss2: 0.000051 
| Global Round : 1 | Client :4 | Local Epoch : 2 | [64/514 (12%)]	Loss1: 5.859544 Loss2: 0.000040 
| Global Round : 1 | Client :4 | Local Epoch : 3 | [64/514 (12%)]	Loss1: 5.857236 Loss2: 0.000028 
| Global Round : 1 | Client :4 | Local Epoch : 4 | [64/514 (12%)]	Loss1: 5.858114 Loss2: 0.000037 
| Global Round : 1 | Client :5 | Local Epoch : 0 | [64/641 (10%)]	Loss1: 5.923539 Loss2: 0.000104 
| Global Round : 1 | Client :5 | Local Epoch : 1 | [64/641 (10%)]	Loss1: 5.865164 Loss2: 0.000074 
| Global Round : 1 | Client :5 | Local Epoch : 2 | [64/641 (10%)]	Loss1: 5.853493 Loss2: 0.000062 
| Global Round : 1 | Client :5 | Local Epoch : 3 | [64/641 (10%)]	Loss1: 5.851129 Loss2: 0.000062 
| Global Round : 1 | Client :5 | Local Epoch : 4 | [64/641 (10%)]	Loss1: 5.847721 Loss2: 0.000068 
| Global Round : 1 | Client :6 | Local Epoch : 0 | [64/777 (8%)]	Loss1: 5.920593 Loss2: 0.000100 
| Global Round : 1 | Client :6 | Local Epoch : 0 | [704/777 (92%)]	Loss1: 5.868641 Loss2: 0.000051 
| Global Round : 1 | Client :6 | Local Epoch : 1 | [64/777 (8%)]	Loss1: 5.864593 Loss2: 0.000048 
| Global Round : 1 | Client :6 | Local Epoch : 1 | [704/777 (92%)]	Loss1: 5.859386 Loss2: 0.000061 
| Global Round : 1 | Client :6 | Local Epoch : 2 | [64/777 (8%)]	Loss1: 5.861074 Loss2: 0.000073 
| Global Round : 1 | Client :6 | Local Epoch : 2 | [704/777 (92%)]	Loss1: 5.855474 Loss2: 0.000071 
| Global Round : 1 | Client :6 | Local Epoch : 3 | [64/777 (8%)]	Loss1: 5.855657 Loss2: 0.000060 
| Global Round : 1 | Client :6 | Local Epoch : 3 | [704/777 (92%)]	Loss1: 5.851690 Loss2: 0.000073 
| Global Round : 1 | Client :6 | Local Epoch : 4 | [64/777 (8%)]	Loss1: 5.852158 Loss2: 0.000053 
| Global Round : 1 | Client :6 | Local Epoch : 4 | [704/777 (92%)]	Loss1: 5.851337 Loss2: 0.000068 
| Global Round : 1 | Client :7 | Local Epoch : 0 | [64/590 (11%)]	Loss1: 5.900926 Loss2: 0.000110 
| Global Round : 1 | Client :7 | Local Epoch : 1 | [64/590 (11%)]	Loss1: 5.857578 Loss2: 0.000073 
| Global Round : 1 | Client :7 | Local Epoch : 2 | [64/590 (11%)]	Loss1: 5.854657 Loss2: 0.000076 
| Global Round : 1 | Client :7 | Local Epoch : 3 | [64/590 (11%)]	Loss1: 5.850549 Loss2: 0.000068 
| Global Round : 1 | Client :7 | Local Epoch : 4 | [64/590 (11%)]	Loss1: 5.850400 Loss2: 0.000069 
| Global Round : 1 | Client :8 | Local Epoch : 0 | [64/612 (11%)]	Loss1: 5.889292 Loss2: 0.000099 
| Global Round : 1 | Client :8 | Local Epoch : 1 | [64/612 (11%)]	Loss1: 5.855847 Loss2: 0.000049 
| Global Round : 1 | Client :8 | Local Epoch : 2 | [64/612 (11%)]	Loss1: 5.851260 Loss2: 0.000050 
| Global Round : 1 | Client :8 | Local Epoch : 3 | [64/612 (11%)]	Loss1: 5.847919 Loss2: 0.000044 
| Global Round : 1 | Client :8 | Local Epoch : 4 | [64/612 (11%)]	Loss1: 5.847157 Loss2: 0.000043 
| Global Round : 1 | Client :9 | Local Epoch : 0 | [64/305 (25%)]	Loss1: 5.920345 Loss2: 0.000102 
| Global Round : 1 | Client :9 | Local Epoch : 1 | [64/305 (25%)]	Loss1: 5.873764 Loss2: 0.000081 
| Global Round : 1 | Client :9 | Local Epoch : 2 | [64/305 (25%)]	Loss1: 5.865507 Loss2: 0.000102 
| Global Round : 1 | Client :9 | Local Epoch : 3 | [64/305 (25%)]	Loss1: 5.862222 Loss2: 0.000060 
| Global Round : 1 | Client :9 | Local Epoch : 4 | [64/305 (25%)]	Loss1: 5.861355 Loss2: 0.000071 
<frozen importlib._bootstrap>:219: RuntimeWarning: scipy._lib.messagestream.MessageStream size changed, may indicate binary incompatibility. Expected 56 from C header, got 64 from PyObject
/home/gyh/anaconda3/envs/pt_38py_env/lib/python3.8/site-packages/torchvision/datasets/mnist.py:498: UserWarning: The given NumPy array is not writeable, and PyTorch does not support non-writeable tensors. This means you can write to the underlying (supposedly non-writeable) NumPy array using the tensor. You may want to copy the array to protect its data or make it writeable before converting it to a tensor. This type of warning will be suppressed for the rest of this program. (Triggered internally at  /pytorch/torch/csrc/utils/tensor_numpy.cpp:180.)
  return torch.from_numpy(parsed.astype(m[2], copy=False)).view(*s)
/home/gyh/anaconda3/envs/pt_38py_env/lib/python3.8/site-packages/torch/nn/functional.py:718: UserWarning: Named tensors and all their associated APIs are an experimental feature and subject to change. Please do not use them for anything important until they are released as stable. (Triggered internally at  /pytorch/c10/core/TensorImpl.h:1156.)
  return torch.max_pool2d(input, kernel_size, stride, padding, dilation, ceil_mode)
/home/gyh/anaconda3/envs/pt_38py_env/lib/python3.8/site-packages/cvxpy/problems/problem.py:1407: UserWarning: Solution may be inaccurate. Try another solver, adjusting the solver settings, or solve with verbose=True for more information.
  warnings.warn(
average loss:   5.846583429480356
average local test accuracy: 0.8735677083333332
average global test accuracy:  0.2436197916666667

 | Global Training Round : 2 |

xi_k [0.4656759  0.46921213 0.49598994 0.51594359 0.53278925 0.53252408
 0.52770269 0.52082363 0.50176557 0.44854417]
max_exp: -1.0
coe: 10
Regulation [0.8 0.8 0.8 0.8 0.8 0.8 0.8 0.8 0.8 0.8]
Solver status: optimal_inaccurate
b_new: [1. 1. 1. 1. 1. 1. 1. 1. 1. 1.]
Iter 0: obj=49.7097, best_obj=49.7097, ||b_new-b_prev||₂=2.846050
xi_k [0.4656759  0.46921213 0.49598994 0.51594359 0.53278925 0.53252408
 0.52770269 0.52082363 0.50176557 0.44854417]
max_exp: -1.0
coe: 10
Regulation [-1. -1. -1. -1. -1. -1. -1. -1. -1. -1.]
Solver status: optimal_inaccurate
b_new: [1. 1. 1. 1. 1. 1. 1. 1. 1. 1.]
Iter 1: obj=50.6097, best_obj=50.6097, ||b_new-b_prev||₂=0.000000
Converged.
Final b: [1. 1. 1. 1. 1. 1. 1. 1. 1. 1.]
<class 'numpy.ndarray'>
b_float: [1. 1. 1. 1. 1. 1. 1. 1. 1. 1.]
b: [1 1 1 1 1 1 1 1 1 1]
active_clients:  [0, 1, 2, 3, 4, 5, 6, 7, 8, 9]
Client 0's s_k are:[0 0 0 0 1 0 0 0 0 0]
Client 1's s_k are:[0 0 0 0 0 0 0 1 0 0]
Client 2's s_k are:[0 0 0 0 0 0 1 0 0 0]
Client 3's s_k are:[0 0 0 0 0 1 0 0 0 0]
Client 4's s_k are:[0 0 0 0 0 0 0 0 1 0]
Client 5's s_k are:[0 0 0 1 0 0 0 0 0 0]
Client 6's s_k are:[0 0 1 0 0 0 0 0 0 0]
Client 7's s_k are:[0 1 0 0 0 0 0 0 0 0]
Client 8's s_k are:[0 0 0 0 1 0 0 0 0 0]
Client 9's s_k are:[0 0 0 0 1 0 0 0 0 0]
| Global Round : 2 | Client :0 | Local Epoch : 0 | [64/294 (25%)]	Loss1: 5.856770 Loss2: 0.000038 
| Global Round : 2 | Client :0 | Local Epoch : 1 | [64/294 (25%)]	Loss1: 5.854314 Loss2: 0.000035 
| Global Round : 2 | Client :0 | Local Epoch : 2 | [64/294 (25%)]	Loss1: 5.853178 Loss2: 0.000033 
| Global Round : 2 | Client :0 | Local Epoch : 3 | [64/294 (25%)]	Loss1: 5.850956 Loss2: 0.000030 
| Global Round : 2 | Client :0 | Local Epoch : 4 | [64/294 (25%)]	Loss1: 5.853017 Loss2: 0.000041 
| Global Round : 2 | Client :1 | Local Epoch : 0 | [64/510 (14%)]	Loss1: 5.850598 Loss2: 0.000049 
| Global Round : 2 | Client :1 | Local Epoch : 1 | [64/510 (14%)]	Loss1: 5.852818 Loss2: 0.000053 
| Global Round : 2 | Client :1 | Local Epoch : 2 | [64/510 (14%)]	Loss1: 5.852386 Loss2: 0.000057 
| Global Round : 2 | Client :1 | Local Epoch : 3 | [64/510 (14%)]	Loss1: 5.849473 Loss2: 0.000042 
| Global Round : 2 | Client :1 | Local Epoch : 4 | [64/510 (14%)]	Loss1: 5.846851 Loss2: 0.000056 
| Global Round : 2 | Client :2 | Local Epoch : 0 | [64/827 (8%)]	Loss1: 5.850666 Loss2: 0.000049 
| Global Round : 2 | Client :2 | Local Epoch : 0 | [704/827 (92%)]	Loss1: 5.851330 Loss2: 0.000042 
| Global Round : 2 | Client :2 | Local Epoch : 1 | [64/827 (8%)]	Loss1: 5.850412 Loss2: 0.000056 
| Global Round : 2 | Client :2 | Local Epoch : 1 | [704/827 (92%)]	Loss1: 5.848670 Loss2: 0.000052 
| Global Round : 2 | Client :2 | Local Epoch : 2 | [64/827 (8%)]	Loss1: 5.848616 Loss2: 0.000063 
| Global Round : 2 | Client :2 | Local Epoch : 2 | [704/827 (92%)]	Loss1: 5.848049 Loss2: 0.000046 
| Global Round : 2 | Client :2 | Local Epoch : 3 | [64/827 (8%)]	Loss1: 5.846650 Loss2: 0.000047 
| Global Round : 2 | Client :2 | Local Epoch : 3 | [704/827 (92%)]	Loss1: 5.847552 Loss2: 0.000059 
| Global Round : 2 | Client :2 | Local Epoch : 4 | [64/827 (8%)]	Loss1: 5.845694 Loss2: 0.000050 
| Global Round : 2 | Client :2 | Local Epoch : 4 | [704/827 (92%)]	Loss1: 5.845681 Loss2: 0.000049 
| Global Round : 2 | Client :3 | Local Epoch : 0 | [64/926 (7%)]	Loss1: 5.846404 Loss2: 0.000046 
| Global Round : 2 | Client :3 | Local Epoch : 0 | [704/926 (79%)]	Loss1: 5.845264 Loss2: 0.000049 
| Global Round : 2 | Client :3 | Local Epoch : 1 | [64/926 (7%)]	Loss1: 5.844923 Loss2: 0.000054 
| Global Round : 2 | Client :3 | Local Epoch : 1 | [704/926 (79%)]	Loss1: 5.843579 Loss2: 0.000048 
| Global Round : 2 | Client :3 | Local Epoch : 2 | [64/926 (7%)]	Loss1: 5.842668 Loss2: 0.000044 
| Global Round : 2 | Client :3 | Local Epoch : 2 | [704/926 (79%)]	Loss1: 5.842933 Loss2: 0.000052 
| Global Round : 2 | Client :3 | Local Epoch : 3 | [64/926 (7%)]	Loss1: 5.842242 Loss2: 0.000042 
| Global Round : 2 | Client :3 | Local Epoch : 3 | [704/926 (79%)]	Loss1: 5.840703 Loss2: 0.000044 
| Global Round : 2 | Client :3 | Local Epoch : 4 | [64/926 (7%)]	Loss1: 5.842815 Loss2: 0.000045 
| Global Round : 2 | Client :3 | Local Epoch : 4 | [704/926 (79%)]	Loss1: 5.840938 Loss2: 0.000045 
| Global Round : 2 | Client :4 | Local Epoch : 0 | [64/514 (12%)]	Loss1: 5.856335 Loss2: 0.000026 
| Global Round : 2 | Client :4 | Local Epoch : 1 | [64/514 (12%)]	Loss1: 5.852169 Loss2: 0.000027 
| Global Round : 2 | Client :4 | Local Epoch : 2 | [64/514 (12%)]	Loss1: 5.852924 Loss2: 0.000026 
| Global Round : 2 | Client :4 | Local Epoch : 3 | [64/514 (12%)]	Loss1: 5.850134 Loss2: 0.000026 
| Global Round : 2 | Client :4 | Local Epoch : 4 | [64/514 (12%)]	Loss1: 5.848441 Loss2: 0.000030 
| Global Round : 2 | Client :5 | Local Epoch : 0 | [64/641 (10%)]	Loss1: 5.845667 Loss2: 0.000035 
| Global Round : 2 | Client :5 | Local Epoch : 1 | [64/641 (10%)]	Loss1: 5.847090 Loss2: 0.000044 
| Global Round : 2 | Client :5 | Local Epoch : 2 | [64/641 (10%)]	Loss1: 5.843834 Loss2: 0.000045 
| Global Round : 2 | Client :5 | Local Epoch : 3 | [64/641 (10%)]	Loss1: 5.843419 Loss2: 0.000042 
| Global Round : 2 | Client :5 | Local Epoch : 4 | [64/641 (10%)]	Loss1: 5.844543 Loss2: 0.000039 
| Global Round : 2 | Client :6 | Local Epoch : 0 | [64/777 (8%)]	Loss1: 5.850599 Loss2: 0.000060 
| Global Round : 2 | Client :6 | Local Epoch : 0 | [704/777 (92%)]	Loss1: 5.850907 Loss2: 0.000044 
| Global Round : 2 | Client :6 | Local Epoch : 1 | [64/777 (8%)]	Loss1: 5.851225 Loss2: 0.000051 
| Global Round : 2 | Client :6 | Local Epoch : 1 | [704/777 (92%)]	Loss1: 5.848403 Loss2: 0.000049 
| Global Round : 2 | Client :6 | Local Epoch : 2 | [64/777 (8%)]	Loss1: 5.845581 Loss2: 0.000056 
| Global Round : 2 | Client :6 | Local Epoch : 2 | [704/777 (92%)]	Loss1: 5.850111 Loss2: 0.000050 
| Global Round : 2 | Client :6 | Local Epoch : 3 | [64/777 (8%)]	Loss1: 5.846549 Loss2: 0.000057 
| Global Round : 2 | Client :6 | Local Epoch : 3 | [704/777 (92%)]	Loss1: 5.845184 Loss2: 0.000042 
| Global Round : 2 | Client :6 | Local Epoch : 4 | [64/777 (8%)]	Loss1: 5.845138 Loss2: 0.000049 
| Global Round : 2 | Client :6 | Local Epoch : 4 | [704/777 (92%)]	Loss1: 5.845519 Loss2: 0.000044 
| Global Round : 2 | Client :7 | Local Epoch : 0 | [64/590 (11%)]	Loss1: 5.848890 Loss2: 0.000045 
| Global Round : 2 | Client :7 | Local Epoch : 1 | [64/590 (11%)]	Loss1: 5.845684 Loss2: 0.000042 
| Global Round : 2 | Client :7 | Local Epoch : 2 | [64/590 (11%)]	Loss1: 5.845097 Loss2: 0.000046 
| Global Round : 2 | Client :7 | Local Epoch : 3 | [64/590 (11%)]	Loss1: 5.844182 Loss2: 0.000050 
| Global Round : 2 | Client :7 | Local Epoch : 4 | [64/590 (11%)]	Loss1: 5.842394 Loss2: 0.000046 
| Global Round : 2 | Client :8 | Local Epoch : 0 | [64/612 (11%)]	Loss1: 5.847338 Loss2: 0.000032 
| Global Round : 2 | Client :8 | Local Epoch : 1 | [64/612 (11%)]	Loss1: 5.844987 Loss2: 0.000032 
| Global Round : 2 | Client :8 | Local Epoch : 2 | [64/612 (11%)]	Loss1: 5.843103 Loss2: 0.000030 
| Global Round : 2 | Client :8 | Local Epoch : 3 | [64/612 (11%)]	Loss1: 5.841850 Loss2: 0.000028 
| Global Round : 2 | Client :8 | Local Epoch : 4 | [64/612 (11%)]	Loss1: 5.842335 Loss2: 0.000026 
| Global Round : 2 | Client :9 | Local Epoch : 0 | [64/305 (25%)]	Loss1: 5.856862 Loss2: 0.000058 
| Global Round : 2 | Client :9 | Local Epoch : 1 | [64/305 (25%)]	Loss1: 5.853629 Loss2: 0.000056 
| Global Round : 2 | Client :9 | Local Epoch : 2 | [64/305 (25%)]	Loss1: 5.851335 Loss2: 0.000052 
| Global Round : 2 | Client :9 | Local Epoch : 3 | [64/305 (25%)]	Loss1: 5.850063 Loss2: 0.000044 
| Global Round : 2 | Client :9 | Local Epoch : 4 | [64/305 (25%)]	Loss1: 5.849667 Loss2: 0.000069 
average loss:   5.842756310625683
average local test accuracy: 0.9046875
average global test accuracy:  0.25677083333333334

 | Global Training Round : 3 |

xi_k [0.46484431 0.46899733 0.49519079 0.51561135 0.53164553 0.53195956
 0.52711293 0.52030769 0.50137012 0.4479998 ]
max_exp: -1.0
coe: 10
Regulation [0.8 0.8 0.8 0.8 0.8 0.8 0.8 0.8 0.8 0.8]
Solver status: optimal_inaccurate
b_new: [1. 1. 1. 1. 1. 1. 1. 1. 1. 1.]
Iter 0: obj=49.6504, best_obj=49.6504, ||b_new-b_prev||₂=2.846050
xi_k [0.46484431 0.46899733 0.49519079 0.51561135 0.53164553 0.53195956
 0.52711293 0.52030769 0.50137012 0.4479998 ]
max_exp: -1.0
coe: 10
Regulation [-1. -1. -1. -1. -1. -1. -1. -1. -1. -1.]
Solver status: optimal_inaccurate
b_new: [1. 1. 1. 1. 1. 1. 1. 1. 1. 1.]
Iter 1: obj=50.5504, best_obj=50.5504, ||b_new-b_prev||₂=0.000000
Converged.
Final b: [1. 1. 1. 1. 1. 1. 1. 1. 1. 1.]
<class 'numpy.ndarray'>
b_float: [1. 1. 1. 1. 1. 1. 1. 1. 1. 1.]
b: [1 1 1 1 1 1 1 1 1 1]
active_clients:  [0, 1, 2, 3, 4, 5, 6, 7, 8, 9]
Client 0's s_k are:[0 0 0 0 1 0 0 0 0 0]
Client 1's s_k are:[0 0 0 0 0 0 0 1 0 0]
Client 2's s_k are:[0 0 0 0 0 0 1 0 0 0]
Client 3's s_k are:[0 0 0 0 0 1 0 0 0 0]
Client 4's s_k are:[0 0 0 0 0 0 0 0 1 0]
Client 5's s_k are:[0 0 0 1 0 0 0 0 0 0]
Client 6's s_k are:[0 0 1 0 0 0 0 0 0 0]
Client 7's s_k are:[0 1 0 0 0 0 0 0 0 0]
Client 8's s_k are:[0 0 0 0 1 0 0 0 0 0]
Client 9's s_k are:[0 0 0 0 1 0 0 0 0 0]
| Global Round : 3 | Client :0 | Local Epoch : 0 | [64/294 (25%)]	Loss1: 5.848493 Loss2: 0.000038 
| Global Round : 3 | Client :0 | Local Epoch : 1 | [64/294 (25%)]	Loss1: 5.850579 Loss2: 0.000029 
| Global Round : 3 | Client :0 | Local Epoch : 2 | [64/294 (25%)]	Loss1: 5.849058 Loss2: 0.000038 
| Global Round : 3 | Client :0 | Local Epoch : 3 | [64/294 (25%)]	Loss1: 5.847696 Loss2: 0.000038 
| Global Round : 3 | Client :0 | Local Epoch : 4 | [64/294 (25%)]	Loss1: 5.847397 Loss2: 0.000036 
| Global Round : 3 | Client :1 | Local Epoch : 0 | [64/510 (14%)]	Loss1: 5.846112 Loss2: 0.000050 
| Global Round : 3 | Client :1 | Local Epoch : 1 | [64/510 (14%)]	Loss1: 5.848378 Loss2: 0.000051 
| Global Round : 3 | Client :1 | Local Epoch : 2 | [64/510 (14%)]	Loss1: 5.844927 Loss2: 0.000057 
| Global Round : 3 | Client :1 | Local Epoch : 3 | [64/510 (14%)]	Loss1: 5.846330 Loss2: 0.000057 
| Global Round : 3 | Client :1 | Local Epoch : 4 | [64/510 (14%)]	Loss1: 5.848777 Loss2: 0.000054 
| Global Round : 3 | Client :2 | Local Epoch : 0 | [64/827 (8%)]	Loss1: 5.845731 Loss2: 0.000060 
| Global Round : 3 | Client :2 | Local Epoch : 0 | [704/827 (92%)]	Loss1: 5.844086 Loss2: 0.000056 
| Global Round : 3 | Client :2 | Local Epoch : 1 | [64/827 (8%)]	Loss1: 5.842632 Loss2: 0.000055 
| Global Round : 3 | Client :2 | Local Epoch : 1 | [704/827 (92%)]	Loss1: 5.844568 Loss2: 0.000044 
| Global Round : 3 | Client :2 | Local Epoch : 2 | [64/827 (8%)]	Loss1: 5.843893 Loss2: 0.000055 
| Global Round : 3 | Client :2 | Local Epoch : 2 | [704/827 (92%)]	Loss1: 5.842899 Loss2: 0.000047 
| Global Round : 3 | Client :2 | Local Epoch : 3 | [64/827 (8%)]	Loss1: 5.843964 Loss2: 0.000056 
| Global Round : 3 | Client :2 | Local Epoch : 3 | [704/827 (92%)]	Loss1: 5.842287 Loss2: 0.000051 
| Global Round : 3 | Client :2 | Local Epoch : 4 | [64/827 (8%)]	Loss1: 5.842881 Loss2: 0.000055 
| Global Round : 3 | Client :2 | Local Epoch : 4 | [704/827 (92%)]	Loss1: 5.842387 Loss2: 0.000043 
| Global Round : 3 | Client :3 | Local Epoch : 0 | [64/926 (7%)]	Loss1: 5.841480 Loss2: 0.000045 
| Global Round : 3 | Client :3 | Local Epoch : 0 | [704/926 (79%)]	Loss1: 5.841022 Loss2: 0.000049 
| Global Round : 3 | Client :3 | Local Epoch : 1 | [64/926 (7%)]	Loss1: 5.842127 Loss2: 0.000050 
| Global Round : 3 | Client :3 | Local Epoch : 1 | [704/926 (79%)]	Loss1: 5.841054 Loss2: 0.000044 
| Global Round : 3 | Client :3 | Local Epoch : 2 | [64/926 (7%)]	Loss1: 5.842128 Loss2: 0.000045 
| Global Round : 3 | Client :3 | Local Epoch : 2 | [704/926 (79%)]	Loss1: 5.841062 Loss2: 0.000048 
| Global Round : 3 | Client :3 | Local Epoch : 3 | [64/926 (7%)]	Loss1: 5.840771 Loss2: 0.000041 
| Global Round : 3 | Client :3 | Local Epoch : 3 | [704/926 (79%)]	Loss1: 5.839480 Loss2: 0.000053 
| Global Round : 3 | Client :3 | Local Epoch : 4 | [64/926 (7%)]	Loss1: 5.840988 Loss2: 0.000046 
| Global Round : 3 | Client :3 | Local Epoch : 4 | [704/926 (79%)]	Loss1: 5.839862 Loss2: 0.000044 
| Global Round : 3 | Client :4 | Local Epoch : 0 | [64/514 (12%)]	Loss1: 5.848601 Loss2: 0.000029 
| Global Round : 3 | Client :4 | Local Epoch : 1 | [64/514 (12%)]	Loss1: 5.847166 Loss2: 0.000026 
| Global Round : 3 | Client :4 | Local Epoch : 2 | [64/514 (12%)]	Loss1: 5.846613 Loss2: 0.000028 
| Global Round : 3 | Client :4 | Local Epoch : 3 | [64/514 (12%)]	Loss1: 5.844127 Loss2: 0.000035 
| Global Round : 3 | Client :4 | Local Epoch : 4 | [64/514 (12%)]	Loss1: 5.846039 Loss2: 0.000038 
| Global Round : 3 | Client :5 | Local Epoch : 0 | [64/641 (10%)]	Loss1: 5.842275 Loss2: 0.000041 
| Global Round : 3 | Client :5 | Local Epoch : 1 | [64/641 (10%)]	Loss1: 5.842496 Loss2: 0.000040 
| Global Round : 3 | Client :5 | Local Epoch : 2 | [64/641 (10%)]	Loss1: 5.840184 Loss2: 0.000040 
| Global Round : 3 | Client :5 | Local Epoch : 3 | [64/641 (10%)]	Loss1: 5.841470 Loss2: 0.000041 
| Global Round : 3 | Client :5 | Local Epoch : 4 | [64/641 (10%)]	Loss1: 5.839859 Loss2: 0.000044 
| Global Round : 3 | Client :6 | Local Epoch : 0 | [64/777 (8%)]	Loss1: 5.847162 Loss2: 0.000050 
| Global Round : 3 | Client :6 | Local Epoch : 0 | [704/777 (92%)]	Loss1: 5.845137 Loss2: 0.000042 
| Global Round : 3 | Client :6 | Local Epoch : 1 | [64/777 (8%)]	Loss1: 5.845448 Loss2: 0.000054 
| Global Round : 3 | Client :6 | Local Epoch : 1 | [704/777 (92%)]	Loss1: 5.844175 Loss2: 0.000052 
| Global Round : 3 | Client :6 | Local Epoch : 2 | [64/777 (8%)]	Loss1: 5.843952 Loss2: 0.000055 
| Global Round : 3 | Client :6 | Local Epoch : 2 | [704/777 (92%)]	Loss1: 5.842185 Loss2: 0.000041 
| Global Round : 3 | Client :6 | Local Epoch : 3 | [64/777 (8%)]	Loss1: 5.843448 Loss2: 0.000049 
| Global Round : 3 | Client :6 | Local Epoch : 3 | [704/777 (92%)]	Loss1: 5.842346 Loss2: 0.000045 
| Global Round : 3 | Client :6 | Local Epoch : 4 | [64/777 (8%)]	Loss1: 5.843359 Loss2: 0.000049 
| Global Round : 3 | Client :6 | Local Epoch : 4 | [704/777 (92%)]	Loss1: 5.843743 Loss2: 0.000042 
| Global Round : 3 | Client :7 | Local Epoch : 0 | [64/590 (11%)]	Loss1: 5.842568 Loss2: 0.000056 
| Global Round : 3 | Client :7 | Local Epoch : 1 | [64/590 (11%)]	Loss1: 5.842857 Loss2: 0.000059 
| Global Round : 3 | Client :7 | Local Epoch : 2 | [64/590 (11%)]	Loss1: 5.841193 Loss2: 0.000053 
| Global Round : 3 | Client :7 | Local Epoch : 3 | [64/590 (11%)]	Loss1: 5.840848 Loss2: 0.000056 
| Global Round : 3 | Client :7 | Local Epoch : 4 | [64/590 (11%)]	Loss1: 5.841628 Loss2: 0.000065 
| Global Round : 3 | Client :8 | Local Epoch : 0 | [64/612 (11%)]	Loss1: 5.841592 Loss2: 0.000031 
| Global Round : 3 | Client :8 | Local Epoch : 1 | [64/612 (11%)]	Loss1: 5.840755 Loss2: 0.000030 
| Global Round : 3 | Client :8 | Local Epoch : 2 | [64/612 (11%)]	Loss1: 5.840268 Loss2: 0.000032 
| Global Round : 3 | Client :8 | Local Epoch : 3 | [64/612 (11%)]	Loss1: 5.840251 Loss2: 0.000032 
| Global Round : 3 | Client :8 | Local Epoch : 4 | [64/612 (11%)]	Loss1: 5.840913 Loss2: 0.000026 
| Global Round : 3 | Client :9 | Local Epoch : 0 | [64/305 (25%)]	Loss1: 5.848601 Loss2: 0.000047 
| Global Round : 3 | Client :9 | Local Epoch : 1 | [64/305 (25%)]	Loss1: 5.850976 Loss2: 0.000038 
| Global Round : 3 | Client :9 | Local Epoch : 2 | [64/305 (25%)]	Loss1: 5.849561 Loss2: 0.000073 
| Global Round : 3 | Client :9 | Local Epoch : 3 | [64/305 (25%)]	Loss1: 5.848228 Loss2: 0.000041 
| Global Round : 3 | Client :9 | Local Epoch : 4 | [64/305 (25%)]	Loss1: 5.846236 Loss2: 0.000051 
average loss:   5.841266162073802
average local test accuracy: 0.9227864583333334
average global test accuracy:  0.2669270833333333

 | Global Training Round : 4 |

xi_k [0.4644072  0.46872028 0.49498431 0.51553023 0.53127033 0.53183974
 0.52684817 0.52015812 0.50125681 0.44761355]
max_exp: -1.0
coe: 10
Regulation [0.8 0.8 0.8 0.8 0.8 0.8 0.8 0.8 0.8 0.8]
Solver status: optimal_inaccurate
b_new: [1. 1. 1. 1. 1. 1. 1. 1. 1. 1.]
Iter 0: obj=49.6263, best_obj=49.6263, ||b_new-b_prev||₂=2.846050
xi_k [0.4644072  0.46872028 0.49498431 0.51553023 0.53127033 0.53183974
 0.52684817 0.52015812 0.50125681 0.44761355]
max_exp: -1.0
coe: 10
Regulation [-1. -1. -1. -1. -1. -1. -1. -1. -1. -1.]
Solver status: optimal_inaccurate
b_new: [1. 1. 1. 1. 1. 1. 1. 1. 1. 1.]
Iter 1: obj=50.5263, best_obj=50.5263, ||b_new-b_prev||₂=0.000000
Converged.
Final b: [1. 1. 1. 1. 1. 1. 1. 1. 1. 1.]
<class 'numpy.ndarray'>
b_float: [1. 1. 1. 1. 1. 1. 1. 1. 1. 1.]
b: [1 1 1 1 1 1 1 1 1 1]
active_clients:  [0, 1, 2, 3, 4, 5, 6, 7, 8, 9]
Client 0's s_k are:[0 0 0 0 1 0 0 0 0 0]
Client 1's s_k are:[0 0 0 0 0 0 0 1 0 0]
Client 2's s_k are:[0 0 0 0 0 0 1 0 0 0]
Client 3's s_k are:[0 0 0 0 0 1 0 0 0 0]
Client 4's s_k are:[1 0 0 0 0 0 0 0 0 0]
Client 5's s_k are:[0 0 0 1 0 0 0 0 0 0]
Client 6's s_k are:[0 0 1 0 0 0 0 0 0 0]
Client 7's s_k are:[0 1 0 0 0 0 0 0 0 0]
Client 8's s_k are:[0 0 0 0 1 0 0 0 0 0]
Client 9's s_k are:[0 0 0 0 1 0 0 0 0 0]
| Global Round : 4 | Client :0 | Local Epoch : 0 | [64/294 (25%)]	Loss1: 5.847203 Loss2: 0.000031 
| Global Round : 4 | Client :0 | Local Epoch : 1 | [64/294 (25%)]	Loss1: 5.847357 Loss2: 0.000031 
| Global Round : 4 | Client :0 | Local Epoch : 2 | [64/294 (25%)]	Loss1: 5.847854 Loss2: 0.000038 
| Global Round : 4 | Client :0 | Local Epoch : 3 | [64/294 (25%)]	Loss1: 5.846579 Loss2: 0.000036 
| Global Round : 4 | Client :0 | Local Epoch : 4 | [64/294 (25%)]	Loss1: 5.844807 Loss2: 0.000035 
| Global Round : 4 | Client :1 | Local Epoch : 0 | [64/510 (14%)]	Loss1: 5.841913 Loss2: 0.000050 
| Global Round : 4 | Client :1 | Local Epoch : 1 | [64/510 (14%)]	Loss1: 5.845743 Loss2: 0.000055 
| Global Round : 4 | Client :1 | Local Epoch : 2 | [64/510 (14%)]	Loss1: 5.845142 Loss2: 0.000051 
| Global Round : 4 | Client :1 | Local Epoch : 3 | [64/510 (14%)]	Loss1: 5.844332 Loss2: 0.000055 
| Global Round : 4 | Client :1 | Local Epoch : 4 | [64/510 (14%)]	Loss1: 5.846168 Loss2: 0.000052 
| Global Round : 4 | Client :2 | Local Epoch : 0 | [64/827 (8%)]	Loss1: 5.842420 Loss2: 0.000054 
| Global Round : 4 | Client :2 | Local Epoch : 0 | [704/827 (92%)]	Loss1: 5.842634 Loss2: 0.000054 
| Global Round : 4 | Client :2 | Local Epoch : 1 | [64/827 (8%)]	Loss1: 5.842995 Loss2: 0.000059 
| Global Round : 4 | Client :2 | Local Epoch : 1 | [704/827 (92%)]	Loss1: 5.842175 Loss2: 0.000049 
| Global Round : 4 | Client :2 | Local Epoch : 2 | [64/827 (8%)]	Loss1: 5.843095 Loss2: 0.000051 
| Global Round : 4 | Client :2 | Local Epoch : 2 | [704/827 (92%)]	Loss1: 5.841689 Loss2: 0.000053 
| Global Round : 4 | Client :2 | Local Epoch : 3 | [64/827 (8%)]	Loss1: 5.842137 Loss2: 0.000058 
| Global Round : 4 | Client :2 | Local Epoch : 3 | [704/827 (92%)]	Loss1: 5.840914 Loss2: 0.000053 
| Global Round : 4 | Client :2 | Local Epoch : 4 | [64/827 (8%)]	Loss1: 5.841221 Loss2: 0.000061 
| Global Round : 4 | Client :2 | Local Epoch : 4 | [704/827 (92%)]	Loss1: 5.842260 Loss2: 0.000051 
| Global Round : 4 | Client :3 | Local Epoch : 0 | [64/926 (7%)]	Loss1: 5.840424 Loss2: 0.000051 
| Global Round : 4 | Client :3 | Local Epoch : 0 | [704/926 (79%)]	Loss1: 5.839319 Loss2: 0.000063 
| Global Round : 4 | Client :3 | Local Epoch : 1 | [64/926 (7%)]	Loss1: 5.840923 Loss2: 0.000049 
| Global Round : 4 | Client :3 | Local Epoch : 1 | [704/926 (79%)]	Loss1: 5.839952 Loss2: 0.000057 
| Global Round : 4 | Client :3 | Local Epoch : 2 | [64/926 (7%)]	Loss1: 5.840189 Loss2: 0.000048 
| Global Round : 4 | Client :3 | Local Epoch : 2 | [704/926 (79%)]	Loss1: 5.840042 Loss2: 0.000055 
| Global Round : 4 | Client :3 | Local Epoch : 3 | [64/926 (7%)]	Loss1: 5.840710 Loss2: 0.000052 
| Global Round : 4 | Client :3 | Local Epoch : 3 | [704/926 (79%)]	Loss1: 5.839732 Loss2: 0.000050 
| Global Round : 4 | Client :3 | Local Epoch : 4 | [64/926 (7%)]	Loss1: 5.839521 Loss2: 0.000055 
| Global Round : 4 | Client :3 | Local Epoch : 4 | [704/926 (79%)]	Loss1: 5.840324 Loss2: 0.000048 
| Global Round : 4 | Client :4 | Local Epoch : 0 | [64/514 (12%)]	Loss1: 5.843819 Loss2: 0.000040 
| Global Round : 4 | Client :4 | Local Epoch : 1 | [64/514 (12%)]	Loss1: 5.845194 Loss2: 0.000037 
| Global Round : 4 | Client :4 | Local Epoch : 2 | [64/514 (12%)]	Loss1: 5.844783 Loss2: 0.000031 
| Global Round : 4 | Client :4 | Local Epoch : 3 | [64/514 (12%)]	Loss1: 5.843247 Loss2: 0.000035 
| Global Round : 4 | Client :4 | Local Epoch : 4 | [64/514 (12%)]	Loss1: 5.844536 Loss2: 0.000034 
| Global Round : 4 | Client :5 | Local Epoch : 0 | [64/641 (10%)]	Loss1: 5.839171 Loss2: 0.000046 
| Global Round : 4 | Client :5 | Local Epoch : 1 | [64/641 (10%)]	Loss1: 5.840735 Loss2: 0.000047 
| Global Round : 4 | Client :5 | Local Epoch : 2 | [64/641 (10%)]	Loss1: 5.838881 Loss2: 0.000044 
| Global Round : 4 | Client :5 | Local Epoch : 3 | [64/641 (10%)]	Loss1: 5.839604 Loss2: 0.000047 
| Global Round : 4 | Client :5 | Local Epoch : 4 | [64/641 (10%)]	Loss1: 5.839865 Loss2: 0.000053 
| Global Round : 4 | Client :6 | Local Epoch : 0 | [64/777 (8%)]	Loss1: 5.842682 Loss2: 0.000054 
| Global Round : 4 | Client :6 | Local Epoch : 0 | [704/777 (92%)]	Loss1: 5.843413 Loss2: 0.000044 
| Global Round : 4 | Client :6 | Local Epoch : 1 | [64/777 (8%)]	Loss1: 5.841758 Loss2: 0.000051 
| Global Round : 4 | Client :6 | Local Epoch : 1 | [704/777 (92%)]	Loss1: 5.841360 Loss2: 0.000046 
| Global Round : 4 | Client :6 | Local Epoch : 2 | [64/777 (8%)]	Loss1: 5.842103 Loss2: 0.000056 
| Global Round : 4 | Client :6 | Local Epoch : 2 | [704/777 (92%)]	Loss1: 5.840766 Loss2: 0.000045 
| Global Round : 4 | Client :6 | Local Epoch : 3 | [64/777 (8%)]	Loss1: 5.841571 Loss2: 0.000056 
| Global Round : 4 | Client :6 | Local Epoch : 3 | [704/777 (92%)]	Loss1: 5.840939 Loss2: 0.000045 
| Global Round : 4 | Client :6 | Local Epoch : 4 | [64/777 (8%)]	Loss1: 5.842107 Loss2: 0.000053 
| Global Round : 4 | Client :6 | Local Epoch : 4 | [704/777 (92%)]	Loss1: 5.841752 Loss2: 0.000043 
| Global Round : 4 | Client :7 | Local Epoch : 0 | [64/590 (11%)]	Loss1: 5.841171 Loss2: 0.000051 
| Global Round : 4 | Client :7 | Local Epoch : 1 | [64/590 (11%)]	Loss1: 5.840627 Loss2: 0.000056 
| Global Round : 4 | Client :7 | Local Epoch : 2 | [64/590 (11%)]	Loss1: 5.840403 Loss2: 0.000054 
| Global Round : 4 | Client :7 | Local Epoch : 3 | [64/590 (11%)]	Loss1: 5.840218 Loss2: 0.000051 
| Global Round : 4 | Client :7 | Local Epoch : 4 | [64/590 (11%)]	Loss1: 5.840588 Loss2: 0.000062 
| Global Round : 4 | Client :8 | Local Epoch : 0 | [64/612 (11%)]	Loss1: 5.840074 Loss2: 0.000036 
| Global Round : 4 | Client :8 | Local Epoch : 1 | [64/612 (11%)]	Loss1: 5.840724 Loss2: 0.000031 
| Global Round : 4 | Client :8 | Local Epoch : 2 | [64/612 (11%)]	Loss1: 5.840178 Loss2: 0.000030 
| Global Round : 4 | Client :8 | Local Epoch : 3 | [64/612 (11%)]	Loss1: 5.839954 Loss2: 0.000033 
| Global Round : 4 | Client :8 | Local Epoch : 4 | [64/612 (11%)]	Loss1: 5.839999 Loss2: 0.000039 
| Global Round : 4 | Client :9 | Local Epoch : 0 | [64/305 (25%)]	Loss1: 5.848523 Loss2: 0.000048 
| Global Round : 4 | Client :9 | Local Epoch : 1 | [64/305 (25%)]	Loss1: 5.847359 Loss2: 0.000053 
| Global Round : 4 | Client :9 | Local Epoch : 2 | [64/305 (25%)]	Loss1: 5.846364 Loss2: 0.000044 
| Global Round : 4 | Client :9 | Local Epoch : 3 | [64/305 (25%)]	Loss1: 5.846188 Loss2: 0.000046 
| Global Round : 4 | Client :9 | Local Epoch : 4 | [64/305 (25%)]	Loss1: 5.844963 Loss2: 0.000043 
average loss:   5.840249558233079
average local test accuracy: 0.9279947916666667
average global test accuracy:  0.292578125

 | Global Training Round : 5 |

xi_k [0.46413462 0.46847626 0.49478967 0.51539277 0.5310754  0.53179066
 0.52673001 0.52005615 0.50120088 0.44758831]
max_exp: -1.0
coe: 10
Regulation [0.8 0.8 0.8 0.8 0.8 0.8 0.8 0.8 0.8 0.8]
Solver status: optimal_inaccurate
b_new: [1. 1. 1. 1. 1. 1. 1. 1. 1. 1.]
Iter 0: obj=49.6123, best_obj=49.6123, ||b_new-b_prev||₂=2.846050
xi_k [0.46413462 0.46847626 0.49478967 0.51539277 0.5310754  0.53179066
 0.52673001 0.52005615 0.50120088 0.44758831]
max_exp: -1.0
coe: 10
Regulation [-1. -1. -1. -1. -1. -1. -1. -1. -1. -1.]
Solver status: optimal_inaccurate
b_new: [1. 1. 1. 1. 1. 1. 1. 1. 1. 1.]
Iter 1: obj=50.5123, best_obj=50.5123, ||b_new-b_prev||₂=0.000000
Converged.
Final b: [1. 1. 1. 1. 1. 1. 1. 1. 1. 1.]
<class 'numpy.ndarray'>
b_float: [1. 1. 1. 1. 1. 1. 1. 1. 1. 1.]
b: [1 1 1 1 1 1 1 1 1 1]
active_clients:  [0, 1, 2, 3, 4, 5, 6, 7, 8, 9]
Client 0's s_k are:[0 0 0 0 1 0 0 0 0 0]
Client 1's s_k are:[0 0 0 0 0 0 0 1 0 0]
Client 2's s_k are:[0 0 0 0 0 0 1 0 0 0]
Client 3's s_k are:[0 0 0 0 0 1 0 0 0 0]
Client 4's s_k are:[0 0 0 0 0 0 0 0 1 0]
Client 5's s_k are:[0 0 0 1 0 0 0 0 0 0]
Client 6's s_k are:[0 0 1 0 0 0 0 0 0 0]
Client 7's s_k are:[0 1 0 0 0 0 0 0 0 0]
Client 8's s_k are:[0 0 0 0 1 0 0 0 0 0]
Client 9's s_k are:[0 0 0 0 1 0 0 0 0 0]
| Global Round : 5 | Client :0 | Local Epoch : 0 | [64/294 (25%)]	Loss1: 5.843666 Loss2: 0.000038 
| Global Round : 5 | Client :0 | Local Epoch : 1 | [64/294 (25%)]	Loss1: 5.844502 Loss2: 0.000040 
| Global Round : 5 | Client :0 | Local Epoch : 2 | [64/294 (25%)]	Loss1: 5.844794 Loss2: 0.000037 
| Global Round : 5 | Client :0 | Local Epoch : 3 | [64/294 (25%)]	Loss1: 5.844972 Loss2: 0.000038 
| Global Round : 5 | Client :0 | Local Epoch : 4 | [64/294 (25%)]	Loss1: 5.844022 Loss2: 0.000038 
| Global Round : 5 | Client :1 | Local Epoch : 0 | [64/510 (14%)]	Loss1: 5.844222 Loss2: 0.000058 
| Global Round : 5 | Client :1 | Local Epoch : 1 | [64/510 (14%)]	Loss1: 5.840992 Loss2: 0.000062 
| Global Round : 5 | Client :1 | Local Epoch : 2 | [64/510 (14%)]	Loss1: 5.842097 Loss2: 0.000072 
| Global Round : 5 | Client :1 | Local Epoch : 3 | [64/510 (14%)]	Loss1: 5.844464 Loss2: 0.000055 
| Global Round : 5 | Client :1 | Local Epoch : 4 | [64/510 (14%)]	Loss1: 5.842100 Loss2: 0.000062 
| Global Round : 5 | Client :2 | Local Epoch : 0 | [64/827 (8%)]	Loss1: 5.841449 Loss2: 0.000056 
| Global Round : 5 | Client :2 | Local Epoch : 0 | [704/827 (92%)]	Loss1: 5.840038 Loss2: 0.000052 
| Global Round : 5 | Client :2 | Local Epoch : 1 | [64/827 (8%)]	Loss1: 5.841164 Loss2: 0.000062 
| Global Round : 5 | Client :2 | Local Epoch : 1 | [704/827 (92%)]	Loss1: 5.841400 Loss2: 0.000049 
| Global Round : 5 | Client :2 | Local Epoch : 2 | [64/827 (8%)]	Loss1: 5.842301 Loss2: 0.000064 
| Global Round : 5 | Client :2 | Local Epoch : 2 | [704/827 (92%)]	Loss1: 5.840387 Loss2: 0.000050 
| Global Round : 5 | Client :2 | Local Epoch : 3 | [64/827 (8%)]	Loss1: 5.840461 Loss2: 0.000057 
| Global Round : 5 | Client :2 | Local Epoch : 3 | [704/827 (92%)]	Loss1: 5.840544 Loss2: 0.000050 
| Global Round : 5 | Client :2 | Local Epoch : 4 | [64/827 (8%)]	Loss1: 5.840554 Loss2: 0.000056 
| Global Round : 5 | Client :2 | Local Epoch : 4 | [704/827 (92%)]	Loss1: 5.840613 Loss2: 0.000050 
| Global Round : 5 | Client :3 | Local Epoch : 0 | [64/926 (7%)]	Loss1: 5.839644 Loss2: 0.000057 
| Global Round : 5 | Client :3 | Local Epoch : 0 | [704/926 (79%)]	Loss1: 5.840001 Loss2: 0.000067 
| Global Round : 5 | Client :3 | Local Epoch : 1 | [64/926 (7%)]	Loss1: 5.840414 Loss2: 0.000055 
| Global Round : 5 | Client :3 | Local Epoch : 1 | [704/926 (79%)]	Loss1: 5.839652 Loss2: 0.000056 
| Global Round : 5 | Client :3 | Local Epoch : 2 | [64/926 (7%)]	Loss1: 5.839486 Loss2: 0.000053 
| Global Round : 5 | Client :3 | Local Epoch : 2 | [704/926 (79%)]	Loss1: 5.839439 Loss2: 0.000059 
| Global Round : 5 | Client :3 | Local Epoch : 3 | [64/926 (7%)]	Loss1: 5.838945 Loss2: 0.000054 
| Global Round : 5 | Client :3 | Local Epoch : 3 | [704/926 (79%)]	Loss1: 5.839460 Loss2: 0.000056 
| Global Round : 5 | Client :3 | Local Epoch : 4 | [64/926 (7%)]	Loss1: 5.839715 Loss2: 0.000060 
| Global Round : 5 | Client :3 | Local Epoch : 4 | [704/926 (79%)]	Loss1: 5.838702 Loss2: 0.000057 
| Global Round : 5 | Client :4 | Local Epoch : 0 | [64/514 (12%)]	Loss1: 5.843741 Loss2: 0.000035 
| Global Round : 5 | Client :4 | Local Epoch : 1 | [64/514 (12%)]	Loss1: 5.843246 Loss2: 0.000030 
| Global Round : 5 | Client :4 | Local Epoch : 2 | [64/514 (12%)]	Loss1: 5.844113 Loss2: 0.000030 
| Global Round : 5 | Client :4 | Local Epoch : 3 | [64/514 (12%)]	Loss1: 5.843755 Loss2: 0.000033 
| Global Round : 5 | Client :4 | Local Epoch : 4 | [64/514 (12%)]	Loss1: 5.843634 Loss2: 0.000037 
| Global Round : 5 | Client :5 | Local Epoch : 0 | [64/641 (10%)]	Loss1: 5.839949 Loss2: 0.000049 
| Global Round : 5 | Client :5 | Local Epoch : 1 | [64/641 (10%)]	Loss1: 5.839203 Loss2: 0.000049 
| Global Round : 5 | Client :5 | Local Epoch : 2 | [64/641 (10%)]	Loss1: 5.838424 Loss2: 0.000051 
| Global Round : 5 | Client :5 | Local Epoch : 3 | [64/641 (10%)]	Loss1: 5.839930 Loss2: 0.000050 
| Global Round : 5 | Client :5 | Local Epoch : 4 | [64/641 (10%)]	Loss1: 5.838934 Loss2: 0.000056 
| Global Round : 5 | Client :6 | Local Epoch : 0 | [64/777 (8%)]	Loss1: 5.841301 Loss2: 0.000053 
| Global Round : 5 | Client :6 | Local Epoch : 0 | [704/777 (92%)]	Loss1: 5.841453 Loss2: 0.000050 
| Global Round : 5 | Client :6 | Local Epoch : 1 | [64/777 (8%)]	Loss1: 5.841163 Loss2: 0.000058 
| Global Round : 5 | Client :6 | Local Epoch : 1 | [704/777 (92%)]	Loss1: 5.840759 Loss2: 0.000047 
| Global Round : 5 | Client :6 | Local Epoch : 2 | [64/777 (8%)]	Loss1: 5.841225 Loss2: 0.000053 
| Global Round : 5 | Client :6 | Local Epoch : 2 | [704/777 (92%)]	Loss1: 5.841846 Loss2: 0.000048 
| Global Round : 5 | Client :6 | Local Epoch : 3 | [64/777 (8%)]	Loss1: 5.841213 Loss2: 0.000053 
| Global Round : 5 | Client :6 | Local Epoch : 3 | [704/777 (92%)]	Loss1: 5.840938 Loss2: 0.000047 
| Global Round : 5 | Client :6 | Local Epoch : 4 | [64/777 (8%)]	Loss1: 5.840529 Loss2: 0.000053 
| Global Round : 5 | Client :6 | Local Epoch : 4 | [704/777 (92%)]	Loss1: 5.840923 Loss2: 0.000050 
| Global Round : 5 | Client :7 | Local Epoch : 0 | [64/590 (11%)]	Loss1: 5.841644 Loss2: 0.000061 
| Global Round : 5 | Client :7 | Local Epoch : 1 | [64/590 (11%)]	Loss1: 5.841554 Loss2: 0.000054 
| Global Round : 5 | Client :7 | Local Epoch : 2 | [64/590 (11%)]	Loss1: 5.840371 Loss2: 0.000056 
| Global Round : 5 | Client :7 | Local Epoch : 3 | [64/590 (11%)]	Loss1: 5.840439 Loss2: 0.000059 
| Global Round : 5 | Client :7 | Local Epoch : 4 | [64/590 (11%)]	Loss1: 5.839652 Loss2: 0.000057 
| Global Round : 5 | Client :8 | Local Epoch : 0 | [64/612 (11%)]	Loss1: 5.839242 Loss2: 0.000034 
| Global Round : 5 | Client :8 | Local Epoch : 1 | [64/612 (11%)]	Loss1: 5.839271 Loss2: 0.000038 
| Global Round : 5 | Client :8 | Local Epoch : 2 | [64/612 (11%)]	Loss1: 5.838890 Loss2: 0.000034 
| Global Round : 5 | Client :8 | Local Epoch : 3 | [64/612 (11%)]	Loss1: 5.839188 Loss2: 0.000032 
| Global Round : 5 | Client :8 | Local Epoch : 4 | [64/612 (11%)]	Loss1: 5.839386 Loss2: 0.000040 
| Global Round : 5 | Client :9 | Local Epoch : 0 | [64/305 (25%)]	Loss1: 5.845839 Loss2: 0.000047 
| Global Round : 5 | Client :9 | Local Epoch : 1 | [64/305 (25%)]	Loss1: 5.845277 Loss2: 0.000045 
| Global Round : 5 | Client :9 | Local Epoch : 2 | [64/305 (25%)]	Loss1: 5.844051 Loss2: 0.000063 
| Global Round : 5 | Client :9 | Local Epoch : 3 | [64/305 (25%)]	Loss1: 5.843417 Loss2: 0.000046 
| Global Round : 5 | Client :9 | Local Epoch : 4 | [64/305 (25%)]	Loss1: 5.845432 Loss2: 0.000050 
average loss:   5.839646268288294
average local test accuracy: 0.9334635416666666
average global test accuracy:  0.2540364583333333

 | Global Training Round : 6 |

xi_k [0.46394962 0.46833374 0.49463998 0.51534417 0.53092222 0.53176736
 0.52659019 0.52004751 0.50118367 0.4473294 ]
max_exp: -1.0
coe: 10
Regulation [0.8 0.8 0.8 0.8 0.8 0.8 0.8 0.8 0.8 0.8]
Solver status: optimal_inaccurate
b_new: [1. 1. 1. 1. 1. 1. 1. 1. 1. 1.]
Iter 0: obj=49.6011, best_obj=49.6011, ||b_new-b_prev||₂=2.846050
xi_k [0.46394962 0.46833374 0.49463998 0.51534417 0.53092222 0.53176736
 0.52659019 0.52004751 0.50118367 0.4473294 ]
max_exp: -1.0
coe: 10
Regulation [-1. -1. -1. -1. -1. -1. -1. -1. -1. -1.]
Solver status: optimal_inaccurate
b_new: [1. 1. 1. 1. 1. 1. 1. 1. 1. 1.]
Iter 1: obj=50.5011, best_obj=50.5011, ||b_new-b_prev||₂=0.000000
Converged.
Final b: [1. 1. 1. 1. 1. 1. 1. 1. 1. 1.]
<class 'numpy.ndarray'>
b_float: [1. 1. 1. 1. 1. 1. 1. 1. 1. 1.]
b: [1 1 1 1 1 1 1 1 1 1]
active_clients:  [0, 1, 2, 3, 4, 5, 6, 7, 8, 9]
Client 0's s_k are:[0 0 0 0 1 0 0 0 0 0]
Client 1's s_k are:[0 0 0 0 0 0 0 1 0 0]
Client 2's s_k are:[0 0 0 0 0 0 1 0 0 0]
Client 3's s_k are:[0 0 0 0 0 1 0 0 0 0]
Client 4's s_k are:[1 0 0 0 0 0 0 0 0 0]
Client 5's s_k are:[0 0 0 1 0 0 0 0 0 0]
Client 6's s_k are:[0 0 1 0 0 0 0 0 0 0]
Client 7's s_k are:[0 1 0 0 0 0 0 0 0 0]
Client 8's s_k are:[0 0 0 0 1 0 0 0 0 0]
Client 9's s_k are:[0 0 0 0 1 0 0 0 0 0]
| Global Round : 6 | Client :0 | Local Epoch : 0 | [64/294 (25%)]	Loss1: 5.842255 Loss2: 0.000038 
| Global Round : 6 | Client :0 | Local Epoch : 1 | [64/294 (25%)]	Loss1: 5.841860 Loss2: 0.000033 
| Global Round : 6 | Client :0 | Local Epoch : 2 | [64/294 (25%)]	Loss1: 5.843096 Loss2: 0.000032 
| Global Round : 6 | Client :0 | Local Epoch : 3 | [64/294 (25%)]	Loss1: 5.841882 Loss2: 0.000037 
| Global Round : 6 | Client :0 | Local Epoch : 4 | [64/294 (25%)]	Loss1: 5.841877 Loss2: 0.000035 
| Global Round : 6 | Client :1 | Local Epoch : 0 | [64/510 (14%)]	Loss1: 5.840604 Loss2: 0.000060 
| Global Round : 6 | Client :1 | Local Epoch : 1 | [64/510 (14%)]	Loss1: 5.841772 Loss2: 0.000058 
| Global Round : 6 | Client :1 | Local Epoch : 2 | [64/510 (14%)]	Loss1: 5.841162 Loss2: 0.000061 
| Global Round : 6 | Client :1 | Local Epoch : 3 | [64/510 (14%)]	Loss1: 5.840706 Loss2: 0.000065 
| Global Round : 6 | Client :1 | Local Epoch : 4 | [64/510 (14%)]	Loss1: 5.840511 Loss2: 0.000058 
| Global Round : 6 | Client :2 | Local Epoch : 0 | [64/827 (8%)]	Loss1: 5.840691 Loss2: 0.000060 
| Global Round : 6 | Client :2 | Local Epoch : 0 | [704/827 (92%)]	Loss1: 5.840692 Loss2: 0.000053 
| Global Round : 6 | Client :2 | Local Epoch : 1 | [64/827 (8%)]	Loss1: 5.842069 Loss2: 0.000059 
| Global Round : 6 | Client :2 | Local Epoch : 1 | [704/827 (92%)]	Loss1: 5.839760 Loss2: 0.000054 
| Global Round : 6 | Client :2 | Local Epoch : 2 | [64/827 (8%)]	Loss1: 5.840251 Loss2: 0.000061 
| Global Round : 6 | Client :2 | Local Epoch : 2 | [704/827 (92%)]	Loss1: 5.841930 Loss2: 0.000049 
| Global Round : 6 | Client :2 | Local Epoch : 3 | [64/827 (8%)]	Loss1: 5.840494 Loss2: 0.000060 
| Global Round : 6 | Client :2 | Local Epoch : 3 | [704/827 (92%)]	Loss1: 5.840907 Loss2: 0.000050 
| Global Round : 6 | Client :2 | Local Epoch : 4 | [64/827 (8%)]	Loss1: 5.840684 Loss2: 0.000054 
| Global Round : 6 | Client :2 | Local Epoch : 4 | [704/827 (92%)]	Loss1: 5.839494 Loss2: 0.000052 
| Global Round : 6 | Client :3 | Local Epoch : 0 | [64/926 (7%)]	Loss1: 5.839930 Loss2: 0.000058 
| Global Round : 6 | Client :3 | Local Epoch : 0 | [704/926 (79%)]	Loss1: 5.838948 Loss2: 0.000065 
| Global Round : 6 | Client :3 | Local Epoch : 1 | [64/926 (7%)]	Loss1: 5.839265 Loss2: 0.000056 
| Global Round : 6 | Client :3 | Local Epoch : 1 | [704/926 (79%)]	Loss1: 5.839466 Loss2: 0.000063 
| Global Round : 6 | Client :3 | Local Epoch : 2 | [64/926 (7%)]	Loss1: 5.838722 Loss2: 0.000062 
| Global Round : 6 | Client :3 | Local Epoch : 2 | [704/926 (79%)]	Loss1: 5.839715 Loss2: 0.000069 
| Global Round : 6 | Client :3 | Local Epoch : 3 | [64/926 (7%)]	Loss1: 5.839254 Loss2: 0.000056 
| Global Round : 6 | Client :3 | Local Epoch : 3 | [704/926 (79%)]	Loss1: 5.839216 Loss2: 0.000067 
| Global Round : 6 | Client :3 | Local Epoch : 4 | [64/926 (7%)]	Loss1: 5.838142 Loss2: 0.000059 
| Global Round : 6 | Client :3 | Local Epoch : 4 | [704/926 (79%)]	Loss1: 5.838861 Loss2: 0.000064 
| Global Round : 6 | Client :4 | Local Epoch : 0 | [64/514 (12%)]	Loss1: 5.844457 Loss2: 0.000038 
| Global Round : 6 | Client :4 | Local Epoch : 1 | [64/514 (12%)]	Loss1: 5.843318 Loss2: 0.000040 
| Global Round : 6 | Client :4 | Local Epoch : 2 | [64/514 (12%)]	Loss1: 5.842650 Loss2: 0.000040 
| Global Round : 6 | Client :4 | Local Epoch : 3 | [64/514 (12%)]	Loss1: 5.841957 Loss2: 0.000046 
| Global Round : 6 | Client :4 | Local Epoch : 4 | [64/514 (12%)]	Loss1: 5.842655 Loss2: 0.000039 
| Global Round : 6 | Client :5 | Local Epoch : 0 | [64/641 (10%)]	Loss1: 5.838066 Loss2: 0.000053 
| Global Round : 6 | Client :5 | Local Epoch : 1 | [64/641 (10%)]	Loss1: 5.838016 Loss2: 0.000063 
| Global Round : 6 | Client :5 | Local Epoch : 2 | [64/641 (10%)]	Loss1: 5.838801 Loss2: 0.000056 
| Global Round : 6 | Client :5 | Local Epoch : 3 | [64/641 (10%)]	Loss1: 5.840248 Loss2: 0.000060 
| Global Round : 6 | Client :5 | Local Epoch : 4 | [64/641 (10%)]	Loss1: 5.838647 Loss2: 0.000057 
| Global Round : 6 | Client :6 | Local Epoch : 0 | [64/777 (8%)]	Loss1: 5.840557 Loss2: 0.000056 
| Global Round : 6 | Client :6 | Local Epoch : 0 | [704/777 (92%)]	Loss1: 5.841768 Loss2: 0.000051 
| Global Round : 6 | Client :6 | Local Epoch : 1 | [64/777 (8%)]	Loss1: 5.840786 Loss2: 0.000057 
| Global Round : 6 | Client :6 | Local Epoch : 1 | [704/777 (92%)]	Loss1: 5.840482 Loss2: 0.000051 
| Global Round : 6 | Client :6 | Local Epoch : 2 | [64/777 (8%)]	Loss1: 5.839382 Loss2: 0.000053 
| Global Round : 6 | Client :6 | Local Epoch : 2 | [704/777 (92%)]	Loss1: 5.840366 Loss2: 0.000050 
| Global Round : 6 | Client :6 | Local Epoch : 3 | [64/777 (8%)]	Loss1: 5.840578 Loss2: 0.000054 
| Global Round : 6 | Client :6 | Local Epoch : 3 | [704/777 (92%)]	Loss1: 5.842132 Loss2: 0.000050 
| Global Round : 6 | Client :6 | Local Epoch : 4 | [64/777 (8%)]	Loss1: 5.839345 Loss2: 0.000057 
| Global Round : 6 | Client :6 | Local Epoch : 4 | [704/777 (92%)]	Loss1: 5.840468 Loss2: 0.000053 
| Global Round : 6 | Client :7 | Local Epoch : 0 | [64/590 (11%)]	Loss1: 5.841027 Loss2: 0.000070 
| Global Round : 6 | Client :7 | Local Epoch : 1 | [64/590 (11%)]	Loss1: 5.839753 Loss2: 0.000069 
| Global Round : 6 | Client :7 | Local Epoch : 2 | [64/590 (11%)]	Loss1: 5.839413 Loss2: 0.000061 
| Global Round : 6 | Client :7 | Local Epoch : 3 | [64/590 (11%)]	Loss1: 5.839731 Loss2: 0.000058 
| Global Round : 6 | Client :7 | Local Epoch : 4 | [64/590 (11%)]	Loss1: 5.839252 Loss2: 0.000057 
| Global Round : 6 | Client :8 | Local Epoch : 0 | [64/612 (11%)]	Loss1: 5.838847 Loss2: 0.000042 
| Global Round : 6 | Client :8 | Local Epoch : 1 | [64/612 (11%)]	Loss1: 5.839291 Loss2: 0.000042 
| Global Round : 6 | Client :8 | Local Epoch : 2 | [64/612 (11%)]	Loss1: 5.838761 Loss2: 0.000043 
| Global Round : 6 | Client :8 | Local Epoch : 3 | [64/612 (11%)]	Loss1: 5.839478 Loss2: 0.000046 
| Global Round : 6 | Client :8 | Local Epoch : 4 | [64/612 (11%)]	Loss1: 5.838819 Loss2: 0.000041 
| Global Round : 6 | Client :9 | Local Epoch : 0 | [64/305 (25%)]	Loss1: 5.843914 Loss2: 0.000048 
| Global Round : 6 | Client :9 | Local Epoch : 1 | [64/305 (25%)]	Loss1: 5.842990 Loss2: 0.000054 
| Global Round : 6 | Client :9 | Local Epoch : 2 | [64/305 (25%)]	Loss1: 5.841934 Loss2: 0.000056 
| Global Round : 6 | Client :9 | Local Epoch : 3 | [64/305 (25%)]	Loss1: 5.843208 Loss2: 0.000052 
| Global Round : 6 | Client :9 | Local Epoch : 4 | [64/305 (25%)]	Loss1: 5.841723 Loss2: 0.000061 
average loss:   5.839209048729094
average local test accuracy: 0.9326822916666666
average global test accuracy:  0.28854166666666664

 | Global Training Round : 7 |

xi_k [0.46389294 0.46814652 0.49460034 0.51529817 0.53079777 0.53176132
 0.52655073 0.52003501 0.50114573 0.44723895]
max_exp: -1.0
coe: 10
Regulation [0.8 0.8 0.8 0.8 0.8 0.8 0.8 0.8 0.8 0.8]
Solver status: optimal_inaccurate
b_new: [1. 1. 1. 1. 1. 1. 1. 1. 1. 1.]
Iter 0: obj=49.5947, best_obj=49.5947, ||b_new-b_prev||₂=2.846050
xi_k [0.46389294 0.46814652 0.49460034 0.51529817 0.53079777 0.53176132
 0.52655073 0.52003501 0.50114573 0.44723895]
max_exp: -1.0
coe: 10
Regulation [-1. -1. -1. -1. -1. -1. -1. -1. -1. -1.]
Solver status: optimal_inaccurate
b_new: [1. 1. 1. 1. 1. 1. 1. 1. 1. 1.]
Iter 1: obj=50.4947, best_obj=50.4947, ||b_new-b_prev||₂=0.000000
Converged.
Final b: [1. 1. 1. 1. 1. 1. 1. 1. 1. 1.]
<class 'numpy.ndarray'>
b_float: [1. 1. 1. 1. 1. 1. 1. 1. 1. 1.]
b: [1 1 1 1 1 1 1 1 1 1]
active_clients:  [0, 1, 2, 3, 4, 5, 6, 7, 8, 9]
Client 0's s_k are:[0 0 0 0 1 0 0 0 0 0]
Client 1's s_k are:[0 0 0 0 0 0 0 1 0 0]
Client 2's s_k are:[0 0 0 0 0 0 1 0 0 0]
Client 3's s_k are:[0 0 0 0 0 1 0 0 0 0]
Client 4's s_k are:[1 0 0 0 0 0 0 0 0 0]
Client 5's s_k are:[0 0 0 1 0 0 0 0 0 0]
Client 6's s_k are:[0 0 1 0 0 0 0 0 0 0]
Client 7's s_k are:[0 1 0 0 0 0 0 0 0 0]
Client 8's s_k are:[0 0 0 0 1 0 0 0 0 0]
Client 9's s_k are:[0 0 0 0 1 0 0 0 0 0]
| Global Round : 7 | Client :0 | Local Epoch : 0 | [64/294 (25%)]	Loss1: 5.840994 Loss2: 0.000041 
| Global Round : 7 | Client :0 | Local Epoch : 1 | [64/294 (25%)]	Loss1: 5.841169 Loss2: 0.000042 
| Global Round : 7 | Client :0 | Local Epoch : 2 | [64/294 (25%)]	Loss1: 5.841256 Loss2: 0.000039 
| Global Round : 7 | Client :0 | Local Epoch : 3 | [64/294 (25%)]	Loss1: 5.841393 Loss2: 0.000041 
| Global Round : 7 | Client :0 | Local Epoch : 4 | [64/294 (25%)]	Loss1: 5.840698 Loss2: 0.000038 
| Global Round : 7 | Client :1 | Local Epoch : 0 | [64/510 (14%)]	Loss1: 5.842626 Loss2: 0.000063 
| Global Round : 7 | Client :1 | Local Epoch : 1 | [64/510 (14%)]	Loss1: 5.839935 Loss2: 0.000064 
| Global Round : 7 | Client :1 | Local Epoch : 2 | [64/510 (14%)]	Loss1: 5.840903 Loss2: 0.000068 
| Global Round : 7 | Client :1 | Local Epoch : 3 | [64/510 (14%)]	Loss1: 5.840572 Loss2: 0.000059 
| Global Round : 7 | Client :1 | Local Epoch : 4 | [64/510 (14%)]	Loss1: 5.840485 Loss2: 0.000062 
| Global Round : 7 | Client :2 | Local Epoch : 0 | [64/827 (8%)]	Loss1: 5.839650 Loss2: 0.000057 
| Global Round : 7 | Client :2 | Local Epoch : 0 | [704/827 (92%)]	Loss1: 5.840813 Loss2: 0.000053 
| Global Round : 7 | Client :2 | Local Epoch : 1 | [64/827 (8%)]	Loss1: 5.840402 Loss2: 0.000059 
| Global Round : 7 | Client :2 | Local Epoch : 1 | [704/827 (92%)]	Loss1: 5.840427 Loss2: 0.000052 
| Global Round : 7 | Client :2 | Local Epoch : 2 | [64/827 (8%)]	Loss1: 5.840065 Loss2: 0.000058 
| Global Round : 7 | Client :2 | Local Epoch : 2 | [704/827 (92%)]	Loss1: 5.841045 Loss2: 0.000052 
| Global Round : 7 | Client :2 | Local Epoch : 3 | [64/827 (8%)]	Loss1: 5.839598 Loss2: 0.000054 
| Global Round : 7 | Client :2 | Local Epoch : 3 | [704/827 (92%)]	Loss1: 5.840337 Loss2: 0.000055 
| Global Round : 7 | Client :2 | Local Epoch : 4 | [64/827 (8%)]	Loss1: 5.839889 Loss2: 0.000061 
| Global Round : 7 | Client :2 | Local Epoch : 4 | [704/827 (92%)]	Loss1: 5.840003 Loss2: 0.000054 
| Global Round : 7 | Client :3 | Local Epoch : 0 | [64/926 (7%)]	Loss1: 5.838712 Loss2: 0.000059 
| Global Round : 7 | Client :3 | Local Epoch : 0 | [704/926 (79%)]	Loss1: 5.839158 Loss2: 0.000070 
| Global Round : 7 | Client :3 | Local Epoch : 1 | [64/926 (7%)]	Loss1: 5.838267 Loss2: 0.000056 
| Global Round : 7 | Client :3 | Local Epoch : 1 | [704/926 (79%)]	Loss1: 5.838811 Loss2: 0.000063 
| Global Round : 7 | Client :3 | Local Epoch : 2 | [64/926 (7%)]	Loss1: 5.838676 Loss2: 0.000057 
| Global Round : 7 | Client :3 | Local Epoch : 2 | [704/926 (79%)]	Loss1: 5.838819 Loss2: 0.000061 
| Global Round : 7 | Client :3 | Local Epoch : 3 | [64/926 (7%)]	Loss1: 5.838663 Loss2: 0.000052 
| Global Round : 7 | Client :3 | Local Epoch : 3 | [704/926 (79%)]	Loss1: 5.839684 Loss2: 0.000060 
| Global Round : 7 | Client :3 | Local Epoch : 4 | [64/926 (7%)]	Loss1: 5.838506 Loss2: 0.000057 
| Global Round : 7 | Client :3 | Local Epoch : 4 | [704/926 (79%)]	Loss1: 5.838645 Loss2: 0.000062 
| Global Round : 7 | Client :4 | Local Epoch : 0 | [64/514 (12%)]	Loss1: 5.840744 Loss2: 0.000047 
| Global Round : 7 | Client :4 | Local Epoch : 1 | [64/514 (12%)]	Loss1: 5.840662 Loss2: 0.000042 
| Global Round : 7 | Client :4 | Local Epoch : 2 | [64/514 (12%)]	Loss1: 5.839894 Loss2: 0.000039 
| Global Round : 7 | Client :4 | Local Epoch : 3 | [64/514 (12%)]	Loss1: 5.843282 Loss2: 0.000043 
| Global Round : 7 | Client :4 | Local Epoch : 4 | [64/514 (12%)]	Loss1: 5.841557 Loss2: 0.000042 
| Global Round : 7 | Client :5 | Local Epoch : 0 | [64/641 (10%)]	Loss1: 5.839196 Loss2: 0.000051 
| Global Round : 7 | Client :5 | Local Epoch : 1 | [64/641 (10%)]	Loss1: 5.840244 Loss2: 0.000049 
| Global Round : 7 | Client :5 | Local Epoch : 2 | [64/641 (10%)]	Loss1: 5.839068 Loss2: 0.000051 
| Global Round : 7 | Client :5 | Local Epoch : 3 | [64/641 (10%)]	Loss1: 5.837945 Loss2: 0.000052 
| Global Round : 7 | Client :5 | Local Epoch : 4 | [64/641 (10%)]	Loss1: 5.838712 Loss2: 0.000052 
| Global Round : 7 | Client :6 | Local Epoch : 0 | [64/777 (8%)]	Loss1: 5.839472 Loss2: 0.000058 
| Global Round : 7 | Client :6 | Local Epoch : 0 | [704/777 (92%)]	Loss1: 5.840430 Loss2: 0.000050 
| Global Round : 7 | Client :6 | Local Epoch : 1 | [64/777 (8%)]	Loss1: 5.840707 Loss2: 0.000052 
| Global Round : 7 | Client :6 | Local Epoch : 1 | [704/777 (92%)]	Loss1: 5.840572 Loss2: 0.000051 
| Global Round : 7 | Client :6 | Local Epoch : 2 | [64/777 (8%)]	Loss1: 5.840214 Loss2: 0.000057 
| Global Round : 7 | Client :6 | Local Epoch : 2 | [704/777 (92%)]	Loss1: 5.839580 Loss2: 0.000052 
| Global Round : 7 | Client :6 | Local Epoch : 3 | [64/777 (8%)]	Loss1: 5.839853 Loss2: 0.000056 
| Global Round : 7 | Client :6 | Local Epoch : 3 | [704/777 (92%)]	Loss1: 5.840645 Loss2: 0.000051 
| Global Round : 7 | Client :6 | Local Epoch : 4 | [64/777 (8%)]	Loss1: 5.839171 Loss2: 0.000051 
| Global Round : 7 | Client :6 | Local Epoch : 4 | [704/777 (92%)]	Loss1: 5.839551 Loss2: 0.000049 
| Global Round : 7 | Client :7 | Local Epoch : 0 | [64/590 (11%)]	Loss1: 5.840711 Loss2: 0.000064 
| Global Round : 7 | Client :7 | Local Epoch : 1 | [64/590 (11%)]	Loss1: 5.838594 Loss2: 0.000065 
| Global Round : 7 | Client :7 | Local Epoch : 2 | [64/590 (11%)]	Loss1: 5.840772 Loss2: 0.000064 
| Global Round : 7 | Client :7 | Local Epoch : 3 | [64/590 (11%)]	Loss1: 5.840609 Loss2: 0.000068 
| Global Round : 7 | Client :7 | Local Epoch : 4 | [64/590 (11%)]	Loss1: 5.839499 Loss2: 0.000066 
| Global Round : 7 | Client :8 | Local Epoch : 0 | [64/612 (11%)]	Loss1: 5.838547 Loss2: 0.000040 
| Global Round : 7 | Client :8 | Local Epoch : 1 | [64/612 (11%)]	Loss1: 5.839074 Loss2: 0.000039 
| Global Round : 7 | Client :8 | Local Epoch : 2 | [64/612 (11%)]	Loss1: 5.838864 Loss2: 0.000042 
| Global Round : 7 | Client :8 | Local Epoch : 3 | [64/612 (11%)]	Loss1: 5.838400 Loss2: 0.000039 
| Global Round : 7 | Client :8 | Local Epoch : 4 | [64/612 (11%)]	Loss1: 5.838321 Loss2: 0.000042 
| Global Round : 7 | Client :9 | Local Epoch : 0 | [64/305 (25%)]	Loss1: 5.842522 Loss2: 0.000053 
| Global Round : 7 | Client :9 | Local Epoch : 1 | [64/305 (25%)]	Loss1: 5.842649 Loss2: 0.000052 
| Global Round : 7 | Client :9 | Local Epoch : 2 | [64/305 (25%)]	Loss1: 5.842239 Loss2: 0.000044 
| Global Round : 7 | Client :9 | Local Epoch : 3 | [64/305 (25%)]	Loss1: 5.841246 Loss2: 0.000047 
| Global Round : 7 | Client :9 | Local Epoch : 4 | [64/305 (25%)]	Loss1: 5.842372 Loss2: 0.000044 
average loss:   5.838871300580009
average local test accuracy: 0.9428385416666666
average global test accuracy:  0.321484375

 | Global Training Round : 8 |

xi_k [0.46379481 0.4680652  0.49457832 0.51525994 0.53079367 0.53176683
 0.52648685 0.52001336 0.50112547 0.44720897]
max_exp: -1.0
coe: 10
Regulation [0.8 0.8 0.8 0.8 0.8 0.8 0.8 0.8 0.8 0.8]
Solver status: optimal_inaccurate
b_new: [1. 1. 1. 1. 1. 1. 1. 1. 1. 1.]
Iter 0: obj=49.5909, best_obj=49.5909, ||b_new-b_prev||₂=2.846050
xi_k [0.46379481 0.4680652  0.49457832 0.51525994 0.53079367 0.53176683
 0.52648685 0.52001336 0.50112547 0.44720897]
max_exp: -1.0
coe: 10
Regulation [-1. -1. -1. -1. -1. -1. -1. -1. -1. -1.]
Solver status: optimal_inaccurate
b_new: [1. 1. 1. 1. 1. 1. 1. 1. 1. 1.]
Iter 1: obj=50.4909, best_obj=50.4909, ||b_new-b_prev||₂=0.000000
Converged.
Final b: [1. 1. 1. 1. 1. 1. 1. 1. 1. 1.]
<class 'numpy.ndarray'>
b_float: [1. 1. 1. 1. 1. 1. 1. 1. 1. 1.]
b: [1 1 1 1 1 1 1 1 1 1]
active_clients:  [0, 1, 2, 3, 4, 5, 6, 7, 8, 9]
Client 0's s_k are:[0 0 0 0 1 0 0 0 0 0]
Client 1's s_k are:[0 0 0 0 0 0 0 1 0 0]
Client 2's s_k are:[0 0 0 0 0 0 1 0 0 0]
Client 3's s_k are:[0 0 0 0 0 1 0 0 0 0]
Client 4's s_k are:[1 0 0 0 0 0 0 0 0 0]
Client 5's s_k are:[0 0 0 1 0 0 0 0 0 0]
Client 6's s_k are:[0 0 1 0 0 0 0 0 0 0]
Client 7's s_k are:[0 1 0 0 0 0 0 0 0 0]
Client 8's s_k are:[0 0 0 0 1 0 0 0 0 0]
Client 9's s_k are:[0 0 0 0 1 0 0 0 0 0]
| Global Round : 8 | Client :0 | Local Epoch : 0 | [64/294 (25%)]	Loss1: 5.840887 Loss2: 0.000043 
| Global Round : 8 | Client :0 | Local Epoch : 1 | [64/294 (25%)]	Loss1: 5.841199 Loss2: 0.000038 
| Global Round : 8 | Client :0 | Local Epoch : 2 | [64/294 (25%)]	Loss1: 5.840840 Loss2: 0.000038 
| Global Round : 8 | Client :0 | Local Epoch : 3 | [64/294 (25%)]	Loss1: 5.840715 Loss2: 0.000037 
| Global Round : 8 | Client :0 | Local Epoch : 4 | [64/294 (25%)]	Loss1: 5.840551 Loss2: 0.000038 
| Global Round : 8 | Client :1 | Local Epoch : 0 | [64/510 (14%)]	Loss1: 5.841971 Loss2: 0.000065 
| Global Round : 8 | Client :1 | Local Epoch : 1 | [64/510 (14%)]	Loss1: 5.839875 Loss2: 0.000074 
| Global Round : 8 | Client :1 | Local Epoch : 2 | [64/510 (14%)]	Loss1: 5.841195 Loss2: 0.000064 
| Global Round : 8 | Client :1 | Local Epoch : 3 | [64/510 (14%)]	Loss1: 5.840914 Loss2: 0.000077 
| Global Round : 8 | Client :1 | Local Epoch : 4 | [64/510 (14%)]	Loss1: 5.842164 Loss2: 0.000080 
| Global Round : 8 | Client :2 | Local Epoch : 0 | [64/827 (8%)]	Loss1: 5.839609 Loss2: 0.000056 
| Global Round : 8 | Client :2 | Local Epoch : 0 | [704/827 (92%)]	Loss1: 5.839529 Loss2: 0.000048 
| Global Round : 8 | Client :2 | Local Epoch : 1 | [64/827 (8%)]	Loss1: 5.839173 Loss2: 0.000053 
| Global Round : 8 | Client :2 | Local Epoch : 1 | [704/827 (92%)]	Loss1: 5.839580 Loss2: 0.000060 
| Global Round : 8 | Client :2 | Local Epoch : 2 | [64/827 (8%)]	Loss1: 5.840030 Loss2: 0.000059 
| Global Round : 8 | Client :2 | Local Epoch : 2 | [704/827 (92%)]	Loss1: 5.839130 Loss2: 0.000050 
| Global Round : 8 | Client :2 | Local Epoch : 3 | [64/827 (8%)]	Loss1: 5.840101 Loss2: 0.000061 
| Global Round : 8 | Client :2 | Local Epoch : 3 | [704/827 (92%)]	Loss1: 5.839652 Loss2: 0.000050 
| Global Round : 8 | Client :2 | Local Epoch : 4 | [64/827 (8%)]	Loss1: 5.839171 Loss2: 0.000054 
| Global Round : 8 | Client :2 | Local Epoch : 4 | [704/827 (92%)]	Loss1: 5.840250 Loss2: 0.000049 
| Global Round : 8 | Client :3 | Local Epoch : 0 | [64/926 (7%)]	Loss1: 5.838981 Loss2: 0.000052 
| Global Round : 8 | Client :3 | Local Epoch : 0 | [704/926 (79%)]	Loss1: 5.839707 Loss2: 0.000062 
| Global Round : 8 | Client :3 | Local Epoch : 1 | [64/926 (7%)]	Loss1: 5.839415 Loss2: 0.000051 
| Global Round : 8 | Client :3 | Local Epoch : 1 | [704/926 (79%)]	Loss1: 5.838493 Loss2: 0.000062 
| Global Round : 8 | Client :3 | Local Epoch : 2 | [64/926 (7%)]	Loss1: 5.838635 Loss2: 0.000056 
| Global Round : 8 | Client :3 | Local Epoch : 2 | [704/926 (79%)]	Loss1: 5.838562 Loss2: 0.000064 
| Global Round : 8 | Client :3 | Local Epoch : 3 | [64/926 (7%)]	Loss1: 5.839856 Loss2: 0.000058 
| Global Round : 8 | Client :3 | Local Epoch : 3 | [704/926 (79%)]	Loss1: 5.839039 Loss2: 0.000061 
| Global Round : 8 | Client :3 | Local Epoch : 4 | [64/926 (7%)]	Loss1: 5.838520 Loss2: 0.000059 
| Global Round : 8 | Client :3 | Local Epoch : 4 | [704/926 (79%)]	Loss1: 5.839400 Loss2: 0.000056 
| Global Round : 8 | Client :4 | Local Epoch : 0 | [64/514 (12%)]	Loss1: 5.842655 Loss2: 0.000040 
| Global Round : 8 | Client :4 | Local Epoch : 1 | [64/514 (12%)]	Loss1: 5.841589 Loss2: 0.000039 
| Global Round : 8 | Client :4 | Local Epoch : 2 | [64/514 (12%)]	Loss1: 5.840451 Loss2: 0.000048 
| Global Round : 8 | Client :4 | Local Epoch : 3 | [64/514 (12%)]	Loss1: 5.841535 Loss2: 0.000048 
| Global Round : 8 | Client :4 | Local Epoch : 4 | [64/514 (12%)]	Loss1: 5.842067 Loss2: 0.000044 
| Global Round : 8 | Client :5 | Local Epoch : 0 | [64/641 (10%)]	Loss1: 5.839141 Loss2: 0.000047 
| Global Round : 8 | Client :5 | Local Epoch : 1 | [64/641 (10%)]	Loss1: 5.839453 Loss2: 0.000048 
| Global Round : 8 | Client :5 | Local Epoch : 2 | [64/641 (10%)]	Loss1: 5.838838 Loss2: 0.000048 
| Global Round : 8 | Client :5 | Local Epoch : 3 | [64/641 (10%)]	Loss1: 5.838999 Loss2: 0.000057 
| Global Round : 8 | Client :5 | Local Epoch : 4 | [64/641 (10%)]	Loss1: 5.838953 Loss2: 0.000047 
| Global Round : 8 | Client :6 | Local Epoch : 0 | [64/777 (8%)]	Loss1: 5.839748 Loss2: 0.000054 
| Global Round : 8 | Client :6 | Local Epoch : 0 | [704/777 (92%)]	Loss1: 5.841355 Loss2: 0.000051 
| Global Round : 8 | Client :6 | Local Epoch : 1 | [64/777 (8%)]	Loss1: 5.841217 Loss2: 0.000057 
| Global Round : 8 | Client :6 | Local Epoch : 1 | [704/777 (92%)]	Loss1: 5.840277 Loss2: 0.000048 
| Global Round : 8 | Client :6 | Local Epoch : 2 | [64/777 (8%)]	Loss1: 5.841005 Loss2: 0.000053 
| Global Round : 8 | Client :6 | Local Epoch : 2 | [704/777 (92%)]	Loss1: 5.841501 Loss2: 0.000045 
| Global Round : 8 | Client :6 | Local Epoch : 3 | [64/777 (8%)]	Loss1: 5.840253 Loss2: 0.000050 
| Global Round : 8 | Client :6 | Local Epoch : 3 | [704/777 (92%)]	Loss1: 5.839576 Loss2: 0.000048 
| Global Round : 8 | Client :6 | Local Epoch : 4 | [64/777 (8%)]	Loss1: 5.840714 Loss2: 0.000052 
| Global Round : 8 | Client :6 | Local Epoch : 4 | [704/777 (92%)]	Loss1: 5.839748 Loss2: 0.000047 
| Global Round : 8 | Client :7 | Local Epoch : 0 | [64/590 (11%)]	Loss1: 5.840174 Loss2: 0.000068 
| Global Round : 8 | Client :7 | Local Epoch : 1 | [64/590 (11%)]	Loss1: 5.840067 Loss2: 0.000078 
| Global Round : 8 | Client :7 | Local Epoch : 2 | [64/590 (11%)]	Loss1: 5.840908 Loss2: 0.000071 
| Global Round : 8 | Client :7 | Local Epoch : 3 | [64/590 (11%)]	Loss1: 5.839314 Loss2: 0.000065 
| Global Round : 8 | Client :7 | Local Epoch : 4 | [64/590 (11%)]	Loss1: 5.838619 Loss2: 0.000062 
| Global Round : 8 | Client :8 | Local Epoch : 0 | [64/612 (11%)]	Loss1: 5.838389 Loss2: 0.000044 
| Global Round : 8 | Client :8 | Local Epoch : 1 | [64/612 (11%)]	Loss1: 5.838447 Loss2: 0.000041 
| Global Round : 8 | Client :8 | Local Epoch : 2 | [64/612 (11%)]	Loss1: 5.838342 Loss2: 0.000046 
| Global Round : 8 | Client :8 | Local Epoch : 3 | [64/612 (11%)]	Loss1: 5.838192 Loss2: 0.000041 
| Global Round : 8 | Client :8 | Local Epoch : 4 | [64/612 (11%)]	Loss1: 5.838577 Loss2: 0.000037 
| Global Round : 8 | Client :9 | Local Epoch : 0 | [64/305 (25%)]	Loss1: 5.841044 Loss2: 0.000047 
| Global Round : 8 | Client :9 | Local Epoch : 1 | [64/305 (25%)]	Loss1: 5.841876 Loss2: 0.000062 
| Global Round : 8 | Client :9 | Local Epoch : 2 | [64/305 (25%)]	Loss1: 5.841957 Loss2: 0.000047 
| Global Round : 8 | Client :9 | Local Epoch : 3 | [64/305 (25%)]	Loss1: 5.842368 Loss2: 0.000055 
| Global Round : 8 | Client :9 | Local Epoch : 4 | [64/305 (25%)]	Loss1: 5.840005 Loss2: 0.000045 
average loss:   5.838748856972134
average local test accuracy: 0.9421875
average global test accuracy:  0.3147135416666667

 | Global Training Round : 9 |

xi_k [0.4637491  0.46800721 0.49455839 0.51526566 0.53066874 0.53175501
 0.52649    0.51999341 0.50111622 0.44725718]
max_exp: -1.0
coe: 10
Regulation [0.8 0.8 0.8 0.8 0.8 0.8 0.8 0.8 0.8 0.8]
Solver status: optimal_inaccurate
b_new: [1. 1. 1. 1. 1. 1. 1. 1. 1. 1.]
Iter 0: obj=49.5886, best_obj=49.5886, ||b_new-b_prev||₂=2.846050
xi_k [0.4637491  0.46800721 0.49455839 0.51526566 0.53066874 0.53175501
 0.52649    0.51999341 0.50111622 0.44725718]
max_exp: -1.0
coe: 10
Regulation [-1. -1. -1. -1. -1. -1. -1. -1. -1. -1.]
Solver status: optimal_inaccurate
b_new: [1. 1. 1. 1. 1. 1. 1. 1. 1. 1.]
Iter 1: obj=50.4886, best_obj=50.4886, ||b_new-b_prev||₂=0.000000
Converged.
Final b: [1. 1. 1. 1. 1. 1. 1. 1. 1. 1.]
<class 'numpy.ndarray'>
b_float: [1. 1. 1. 1. 1. 1. 1. 1. 1. 1.]
b: [1 1 1 1 1 1 1 1 1 1]
active_clients:  [0, 1, 2, 3, 4, 5, 6, 7, 8, 9]
Client 0's s_k are:[0 0 0 0 1 0 0 0 0 0]
Client 1's s_k are:[0 0 0 0 0 0 0 1 0 0]
Client 2's s_k are:[0 0 0 0 0 0 1 0 0 0]
Client 3's s_k are:[0 0 0 0 0 1 0 0 0 0]
Client 4's s_k are:[0 0 0 0 0 0 0 0 1 0]
Client 5's s_k are:[0 0 0 1 0 0 0 0 0 0]
Client 6's s_k are:[0 0 1 0 0 0 0 0 0 0]
Client 7's s_k are:[0 1 0 0 0 0 0 0 0 0]
Client 8's s_k are:[0 0 0 0 1 0 0 0 0 0]
Client 9's s_k are:[0 0 0 0 1 0 0 0 0 0]
| Global Round : 9 | Client :0 | Local Epoch : 0 | [64/294 (25%)]	Loss1: 5.840288 Loss2: 0.000045 
| Global Round : 9 | Client :0 | Local Epoch : 1 | [64/294 (25%)]	Loss1: 5.840186 Loss2: 0.000043 
| Global Round : 9 | Client :0 | Local Epoch : 2 | [64/294 (25%)]	Loss1: 5.839900 Loss2: 0.000043 
| Global Round : 9 | Client :0 | Local Epoch : 3 | [64/294 (25%)]	Loss1: 5.839978 Loss2: 0.000042 
| Global Round : 9 | Client :0 | Local Epoch : 4 | [64/294 (25%)]	Loss1: 5.840263 Loss2: 0.000047 
| Global Round : 9 | Client :1 | Local Epoch : 0 | [64/510 (14%)]	Loss1: 5.839900 Loss2: 0.000089 
| Global Round : 9 | Client :1 | Local Epoch : 1 | [64/510 (14%)]	Loss1: 5.840679 Loss2: 0.000097 
| Global Round : 9 | Client :1 | Local Epoch : 2 | [64/510 (14%)]	Loss1: 5.838965 Loss2: 0.000070 
| Global Round : 9 | Client :1 | Local Epoch : 3 | [64/510 (14%)]	Loss1: 5.839277 Loss2: 0.000071 
| Global Round : 9 | Client :1 | Local Epoch : 4 | [64/510 (14%)]	Loss1: 5.841257 Loss2: 0.000092 
| Global Round : 9 | Client :2 | Local Epoch : 0 | [64/827 (8%)]	Loss1: 5.839057 Loss2: 0.000058 
| Global Round : 9 | Client :2 | Local Epoch : 0 | [704/827 (92%)]	Loss1: 5.839447 Loss2: 0.000056 
| Global Round : 9 | Client :2 | Local Epoch : 1 | [64/827 (8%)]	Loss1: 5.839244 Loss2: 0.000053 
| Global Round : 9 | Client :2 | Local Epoch : 1 | [704/827 (92%)]	Loss1: 5.839690 Loss2: 0.000061 
| Global Round : 9 | Client :2 | Local Epoch : 2 | [64/827 (8%)]	Loss1: 5.839661 Loss2: 0.000058 
| Global Round : 9 | Client :2 | Local Epoch : 2 | [704/827 (92%)]	Loss1: 5.839699 Loss2: 0.000050 
| Global Round : 9 | Client :2 | Local Epoch : 3 | [64/827 (8%)]	Loss1: 5.839586 Loss2: 0.000059 
| Global Round : 9 | Client :2 | Local Epoch : 3 | [704/827 (92%)]	Loss1: 5.840139 Loss2: 0.000045 
| Global Round : 9 | Client :2 | Local Epoch : 4 | [64/827 (8%)]	Loss1: 5.840093 Loss2: 0.000059 
| Global Round : 9 | Client :2 | Local Epoch : 4 | [704/827 (92%)]	Loss1: 5.839777 Loss2: 0.000050 
| Global Round : 9 | Client :3 | Local Epoch : 0 | [64/926 (7%)]	Loss1: 5.839020 Loss2: 0.000051 
| Global Round : 9 | Client :3 | Local Epoch : 0 | [704/926 (79%)]	Loss1: 5.839317 Loss2: 0.000061 
| Global Round : 9 | Client :3 | Local Epoch : 1 | [64/926 (7%)]	Loss1: 5.839353 Loss2: 0.000055 
| Global Round : 9 | Client :3 | Local Epoch : 1 | [704/926 (79%)]	Loss1: 5.840133 Loss2: 0.000065 
| Global Round : 9 | Client :3 | Local Epoch : 2 | [64/926 (7%)]	Loss1: 5.839032 Loss2: 0.000058 
| Global Round : 9 | Client :3 | Local Epoch : 2 | [704/926 (79%)]	Loss1: 5.838896 Loss2: 0.000062 
| Global Round : 9 | Client :3 | Local Epoch : 3 | [64/926 (7%)]	Loss1: 5.838624 Loss2: 0.000061 
| Global Round : 9 | Client :3 | Local Epoch : 3 | [704/926 (79%)]	Loss1: 5.838724 Loss2: 0.000061 
| Global Round : 9 | Client :3 | Local Epoch : 4 | [64/926 (7%)]	Loss1: 5.838642 Loss2: 0.000058 
| Global Round : 9 | Client :3 | Local Epoch : 4 | [704/926 (79%)]	Loss1: 5.838480 Loss2: 0.000060 
| Global Round : 9 | Client :4 | Local Epoch : 0 | [64/514 (12%)]	Loss1: 5.841929 Loss2: 0.000046 
| Global Round : 9 | Client :4 | Local Epoch : 1 | [64/514 (12%)]	Loss1: 5.842560 Loss2: 0.000055 
| Global Round : 9 | Client :4 | Local Epoch : 2 | [64/514 (12%)]	Loss1: 5.840307 Loss2: 0.000046 
| Global Round : 9 | Client :4 | Local Epoch : 3 | [64/514 (12%)]	Loss1: 5.840696 Loss2: 0.000045 
| Global Round : 9 | Client :4 | Local Epoch : 4 | [64/514 (12%)]	Loss1: 5.841574 Loss2: 0.000051 
| Global Round : 9 | Client :5 | Local Epoch : 0 | [64/641 (10%)]	Loss1: 5.839622 Loss2: 0.000049 
| Global Round : 9 | Client :5 | Local Epoch : 1 | [64/641 (10%)]	Loss1: 5.838123 Loss2: 0.000053 
| Global Round : 9 | Client :5 | Local Epoch : 2 | [64/641 (10%)]	Loss1: 5.839433 Loss2: 0.000057 
| Global Round : 9 | Client :5 | Local Epoch : 3 | [64/641 (10%)]	Loss1: 5.838500 Loss2: 0.000043 
| Global Round : 9 | Client :5 | Local Epoch : 4 | [64/641 (10%)]	Loss1: 5.839188 Loss2: 0.000048 
| Global Round : 9 | Client :6 | Local Epoch : 0 | [64/777 (8%)]	Loss1: 5.839185 Loss2: 0.000047 
| Global Round : 9 | Client :6 | Local Epoch : 0 | [704/777 (92%)]	Loss1: 5.839099 Loss2: 0.000048 
| Global Round : 9 | Client :6 | Local Epoch : 1 | [64/777 (8%)]	Loss1: 5.839720 Loss2: 0.000057 
| Global Round : 9 | Client :6 | Local Epoch : 1 | [704/777 (92%)]	Loss1: 5.841805 Loss2: 0.000051 
| Global Round : 9 | Client :6 | Local Epoch : 2 | [64/777 (8%)]	Loss1: 5.839878 Loss2: 0.000052 
| Global Round : 9 | Client :6 | Local Epoch : 2 | [704/777 (92%)]	Loss1: 5.840702 Loss2: 0.000049 
| Global Round : 9 | Client :6 | Local Epoch : 3 | [64/777 (8%)]	Loss1: 5.839497 Loss2: 0.000053 
| Global Round : 9 | Client :6 | Local Epoch : 3 | [704/777 (92%)]	Loss1: 5.839833 Loss2: 0.000046 
| Global Round : 9 | Client :6 | Local Epoch : 4 | [64/777 (8%)]	Loss1: 5.839401 Loss2: 0.000048 
| Global Round : 9 | Client :6 | Local Epoch : 4 | [704/777 (92%)]	Loss1: 5.840314 Loss2: 0.000048 
| Global Round : 9 | Client :7 | Local Epoch : 0 | [64/590 (11%)]	Loss1: 5.838822 Loss2: 0.000067 
| Global Round : 9 | Client :7 | Local Epoch : 1 | [64/590 (11%)]	Loss1: 5.841386 Loss2: 0.000067 
| Global Round : 9 | Client :7 | Local Epoch : 2 | [64/590 (11%)]	Loss1: 5.838683 Loss2: 0.000058 
| Global Round : 9 | Client :7 | Local Epoch : 3 | [64/590 (11%)]	Loss1: 5.839992 Loss2: 0.000053 
| Global Round : 9 | Client :7 | Local Epoch : 4 | [64/590 (11%)]	Loss1: 5.839807 Loss2: 0.000061 
| Global Round : 9 | Client :8 | Local Epoch : 0 | [64/612 (11%)]	Loss1: 5.838038 Loss2: 0.000043 
| Global Round : 9 | Client :8 | Local Epoch : 1 | [64/612 (11%)]	Loss1: 5.838054 Loss2: 0.000041 
| Global Round : 9 | Client :8 | Local Epoch : 2 | [64/612 (11%)]	Loss1: 5.838213 Loss2: 0.000040 
| Global Round : 9 | Client :8 | Local Epoch : 3 | [64/612 (11%)]	Loss1: 5.838413 Loss2: 0.000043 
| Global Round : 9 | Client :8 | Local Epoch : 4 | [64/612 (11%)]	Loss1: 5.838659 Loss2: 0.000041 
| Global Round : 9 | Client :9 | Local Epoch : 0 | [64/305 (25%)]	Loss1: 5.839960 Loss2: 0.000046 
| Global Round : 9 | Client :9 | Local Epoch : 1 | [64/305 (25%)]	Loss1: 5.841081 Loss2: 0.000045 
| Global Round : 9 | Client :9 | Local Epoch : 2 | [64/305 (25%)]	Loss1: 5.841061 Loss2: 0.000049 
| Global Round : 9 | Client :9 | Local Epoch : 3 | [64/305 (25%)]	Loss1: 5.840775 Loss2: 0.000048 
| Global Round : 9 | Client :9 | Local Epoch : 4 | [64/305 (25%)]	Loss1: 5.841120 Loss2: 0.000051 
average loss:   5.838655327180075
average local test accuracy: 0.9434895833333334
average global test accuracy:  0.31354166666666666

 | Global Training Round : 10 |

xi_k [0.46379377 0.46804977 0.49455015 0.51524252 0.53068557 0.53175524
 0.52641641 0.51999079 0.50112998 0.44714449]
max_exp: -1.0
coe: 10
Regulation [0.8 0.8 0.8 0.8 0.8 0.8 0.8 0.8 0.8 0.8]
Solver status: optimal_inaccurate
b_new: [1. 1. 1. 1. 1. 1. 1. 1. 1. 1.]
Iter 0: obj=49.5876, best_obj=49.5876, ||b_new-b_prev||₂=2.846050
xi_k [0.46379377 0.46804977 0.49455015 0.51524252 0.53068557 0.53175524
 0.52641641 0.51999079 0.50112998 0.44714449]
max_exp: -1.0
coe: 10
Regulation [-1. -1. -1. -1. -1. -1. -1. -1. -1. -1.]
Solver status: optimal_inaccurate
b_new: [1. 1. 1. 1. 1. 1. 1. 1. 1. 1.]
Iter 1: obj=50.4876, best_obj=50.4876, ||b_new-b_prev||₂=0.000000
Converged.
Final b: [1. 1. 1. 1. 1. 1. 1. 1. 1. 1.]
<class 'numpy.ndarray'>
b_float: [1. 1. 1. 1. 1. 1. 1. 1. 1. 1.]
b: [1 1 1 1 1 1 1 1 1 1]
active_clients:  [0, 1, 2, 3, 4, 5, 6, 7, 8, 9]
Client 0's s_k are:[0 0 0 0 1 0 0 0 0 0]
Client 1's s_k are:[0 0 0 0 0 0 0 1 0 0]
Client 2's s_k are:[0 0 0 0 0 0 1 0 0 0]
Client 3's s_k are:[0 0 0 0 0 1 0 0 0 0]
Client 4's s_k are:[1 0 0 0 0 0 0 0 0 0]
Client 5's s_k are:[0 0 0 1 0 0 0 0 0 0]
Client 6's s_k are:[0 0 1 0 0 0 0 0 0 0]
Client 7's s_k are:[0 1 0 0 0 0 0 0 0 0]
Client 8's s_k are:[0 0 0 0 1 0 0 0 0 0]
Client 9's s_k are:[0 0 0 0 1 0 0 0 0 0]
| Global Round : 10 | Client :0 | Local Epoch : 0 | [64/294 (25%)]	Loss1: 5.839954 Loss2: 0.000042 
| Global Round : 10 | Client :0 | Local Epoch : 1 | [64/294 (25%)]	Loss1: 5.840695 Loss2: 0.000039 
| Global Round : 10 | Client :0 | Local Epoch : 2 | [64/294 (25%)]	Loss1: 5.840250 Loss2: 0.000041 
| Global Round : 10 | Client :0 | Local Epoch : 3 | [64/294 (25%)]	Loss1: 5.840160 Loss2: 0.000042 
| Global Round : 10 | Client :0 | Local Epoch : 4 | [64/294 (25%)]	Loss1: 5.840488 Loss2: 0.000040 
| Global Round : 10 | Client :1 | Local Epoch : 0 | [64/510 (14%)]	Loss1: 5.839790 Loss2: 0.000061 
| Global Round : 10 | Client :1 | Local Epoch : 1 | [64/510 (14%)]	Loss1: 5.839725 Loss2: 0.000075 
| Global Round : 10 | Client :1 | Local Epoch : 2 | [64/510 (14%)]	Loss1: 5.840680 Loss2: 0.000066 
| Global Round : 10 | Client :1 | Local Epoch : 3 | [64/510 (14%)]	Loss1: 5.840018 Loss2: 0.000084 
| Global Round : 10 | Client :1 | Local Epoch : 4 | [64/510 (14%)]	Loss1: 5.839307 Loss2: 0.000065 
| Global Round : 10 | Client :2 | Local Epoch : 0 | [64/827 (8%)]	Loss1: 5.838885 Loss2: 0.000055 
| Global Round : 10 | Client :2 | Local Epoch : 0 | [704/827 (92%)]	Loss1: 5.839566 Loss2: 0.000051 
| Global Round : 10 | Client :2 | Local Epoch : 1 | [64/827 (8%)]	Loss1: 5.839009 Loss2: 0.000058 
| Global Round : 10 | Client :2 | Local Epoch : 1 | [704/827 (92%)]	Loss1: 5.839108 Loss2: 0.000048 
| Global Round : 10 | Client :2 | Local Epoch : 2 | [64/827 (8%)]	Loss1: 5.839561 Loss2: 0.000051 
| Global Round : 10 | Client :2 | Local Epoch : 2 | [704/827 (92%)]	Loss1: 5.840890 Loss2: 0.000056 
| Global Round : 10 | Client :2 | Local Epoch : 3 | [64/827 (8%)]	Loss1: 5.839525 Loss2: 0.000056 
| Global Round : 10 | Client :2 | Local Epoch : 3 | [704/827 (92%)]	Loss1: 5.839125 Loss2: 0.000051 
| Global Round : 10 | Client :2 | Local Epoch : 4 | [64/827 (8%)]	Loss1: 5.839205 Loss2: 0.000053 
| Global Round : 10 | Client :2 | Local Epoch : 4 | [704/827 (92%)]	Loss1: 5.838734 Loss2: 0.000048 
| Global Round : 10 | Client :3 | Local Epoch : 0 | [64/926 (7%)]	Loss1: 5.838403 Loss2: 0.000054 
| Global Round : 10 | Client :3 | Local Epoch : 0 | [704/926 (79%)]	Loss1: 5.838999 Loss2: 0.000064 
| Global Round : 10 | Client :3 | Local Epoch : 1 | [64/926 (7%)]	Loss1: 5.838256 Loss2: 0.000052 
| Global Round : 10 | Client :3 | Local Epoch : 1 | [704/926 (79%)]	Loss1: 5.838809 Loss2: 0.000063 
| Global Round : 10 | Client :3 | Local Epoch : 2 | [64/926 (7%)]	Loss1: 5.838492 Loss2: 0.000056 
| Global Round : 10 | Client :3 | Local Epoch : 2 | [704/926 (79%)]	Loss1: 5.838390 Loss2: 0.000057 
| Global Round : 10 | Client :3 | Local Epoch : 3 | [64/926 (7%)]	Loss1: 5.839035 Loss2: 0.000052 
| Global Round : 10 | Client :3 | Local Epoch : 3 | [704/926 (79%)]	Loss1: 5.838375 Loss2: 0.000060 
| Global Round : 10 | Client :3 | Local Epoch : 4 | [64/926 (7%)]	Loss1: 5.838765 Loss2: 0.000058 
| Global Round : 10 | Client :3 | Local Epoch : 4 | [704/926 (79%)]	Loss1: 5.839826 Loss2: 0.000060 
| Global Round : 10 | Client :4 | Local Epoch : 0 | [64/514 (12%)]	Loss1: 5.840740 Loss2: 0.000045 
| Global Round : 10 | Client :4 | Local Epoch : 1 | [64/514 (12%)]	Loss1: 5.842036 Loss2: 0.000042 
| Global Round : 10 | Client :4 | Local Epoch : 2 | [64/514 (12%)]	Loss1: 5.841703 Loss2: 0.000052 
| Global Round : 10 | Client :4 | Local Epoch : 3 | [64/514 (12%)]	Loss1: 5.839957 Loss2: 0.000046 
| Global Round : 10 | Client :4 | Local Epoch : 4 | [64/514 (12%)]	Loss1: 5.841757 Loss2: 0.000045 
| Global Round : 10 | Client :5 | Local Epoch : 0 | [64/641 (10%)]	Loss1: 5.838504 Loss2: 0.000055 
| Global Round : 10 | Client :5 | Local Epoch : 1 | [64/641 (10%)]	Loss1: 5.838019 Loss2: 0.000053 
| Global Round : 10 | Client :5 | Local Epoch : 2 | [64/641 (10%)]	Loss1: 5.838708 Loss2: 0.000049 
| Global Round : 10 | Client :5 | Local Epoch : 3 | [64/641 (10%)]	Loss1: 5.839441 Loss2: 0.000054 
| Global Round : 10 | Client :5 | Local Epoch : 4 | [64/641 (10%)]	Loss1: 5.838517 Loss2: 0.000050 
| Global Round : 10 | Client :6 | Local Epoch : 0 | [64/777 (8%)]	Loss1: 5.839679 Loss2: 0.000052 
| Global Round : 10 | Client :6 | Local Epoch : 0 | [704/777 (92%)]	Loss1: 5.838748 Loss2: 0.000046 
| Global Round : 10 | Client :6 | Local Epoch : 1 | [64/777 (8%)]	Loss1: 5.839007 Loss2: 0.000055 
| Global Round : 10 | Client :6 | Local Epoch : 1 | [704/777 (92%)]	Loss1: 5.839828 Loss2: 0.000047 
| Global Round : 10 | Client :6 | Local Epoch : 2 | [64/777 (8%)]	Loss1: 5.840725 Loss2: 0.000055 
| Global Round : 10 | Client :6 | Local Epoch : 2 | [704/777 (92%)]	Loss1: 5.840785 Loss2: 0.000049 
| Global Round : 10 | Client :6 | Local Epoch : 3 | [64/777 (8%)]	Loss1: 5.839553 Loss2: 0.000054 
| Global Round : 10 | Client :6 | Local Epoch : 3 | [704/777 (92%)]	Loss1: 5.840256 Loss2: 0.000047 
| Global Round : 10 | Client :6 | Local Epoch : 4 | [64/777 (8%)]	Loss1: 5.839709 Loss2: 0.000053 
| Global Round : 10 | Client :6 | Local Epoch : 4 | [704/777 (92%)]	Loss1: 5.839645 Loss2: 0.000049 
| Global Round : 10 | Client :7 | Local Epoch : 0 | [64/590 (11%)]	Loss1: 5.839341 Loss2: 0.000066 
| Global Round : 10 | Client :7 | Local Epoch : 1 | [64/590 (11%)]	Loss1: 5.841234 Loss2: 0.000063 
| Global Round : 10 | Client :7 | Local Epoch : 2 | [64/590 (11%)]	Loss1: 5.838406 Loss2: 0.000068 
| Global Round : 10 | Client :7 | Local Epoch : 3 | [64/590 (11%)]	Loss1: 5.840000 Loss2: 0.000063 
| Global Round : 10 | Client :7 | Local Epoch : 4 | [64/590 (11%)]	Loss1: 5.838971 Loss2: 0.000064 
| Global Round : 10 | Client :8 | Local Epoch : 0 | [64/612 (11%)]	Loss1: 5.838508 Loss2: 0.000041 
| Global Round : 10 | Client :8 | Local Epoch : 1 | [64/612 (11%)]	Loss1: 5.838580 Loss2: 0.000039 
| Global Round : 10 | Client :8 | Local Epoch : 2 | [64/612 (11%)]	Loss1: 5.838318 Loss2: 0.000043 
| Global Round : 10 | Client :8 | Local Epoch : 3 | [64/612 (11%)]	Loss1: 5.838295 Loss2: 0.000042 
| Global Round : 10 | Client :8 | Local Epoch : 4 | [64/612 (11%)]	Loss1: 5.838079 Loss2: 0.000045 
| Global Round : 10 | Client :9 | Local Epoch : 0 | [64/305 (25%)]	Loss1: 5.840922 Loss2: 0.000058 
| Global Round : 10 | Client :9 | Local Epoch : 1 | [64/305 (25%)]	Loss1: 5.840930 Loss2: 0.000047 
| Global Round : 10 | Client :9 | Local Epoch : 2 | [64/305 (25%)]	Loss1: 5.840218 Loss2: 0.000053 
| Global Round : 10 | Client :9 | Local Epoch : 3 | [64/305 (25%)]	Loss1: 5.840604 Loss2: 0.000060 
| Global Round : 10 | Client :9 | Local Epoch : 4 | [64/305 (25%)]	Loss1: 5.840367 Loss2: 0.000051 
average loss:   5.8383903557535195
average local test accuracy: 0.9311197916666666
average global test accuracy:  0.29166666666666663

 | Global Training Round : 11 |

xi_k [0.46372052 0.46793445 0.49452323 0.51522745 0.53062656 0.53174363
 0.52640958 0.51995856 0.50111208 0.44713131]
max_exp: -1.0
coe: 10
Regulation [0.8 0.8 0.8 0.8 0.8 0.8 0.8 0.8 0.8 0.8]
Solver status: optimal_inaccurate
b_new: [1. 1. 1. 1. 1. 1. 1. 1. 1. 1.]
Iter 0: obj=49.5839, best_obj=49.5839, ||b_new-b_prev||₂=2.846050
xi_k [0.46372052 0.46793445 0.49452323 0.51522745 0.53062656 0.53174363
 0.52640958 0.51995856 0.50111208 0.44713131]
max_exp: -1.0
coe: 10
Regulation [-1. -1. -1. -1. -1. -1. -1. -1. -1. -1.]
Solver status: optimal_inaccurate
b_new: [1. 1. 1. 1. 1. 1. 1. 1. 1. 1.]
Iter 1: obj=50.4839, best_obj=50.4839, ||b_new-b_prev||₂=0.000000
Converged.
Final b: [1. 1. 1. 1. 1. 1. 1. 1. 1. 1.]
<class 'numpy.ndarray'>
b_float: [1. 1. 1. 1. 1. 1. 1. 1. 1. 1.]
b: [1 1 1 1 1 1 1 1 1 1]
active_clients:  [0, 1, 2, 3, 4, 5, 6, 7, 8, 9]
Client 0's s_k are:[0 0 0 0 1 0 0 0 0 0]
Client 1's s_k are:[0 0 0 0 0 0 0 1 0 0]
Client 2's s_k are:[0 0 0 0 0 0 1 0 0 0]
Client 3's s_k are:[0 0 0 0 0 1 0 0 0 0]
Client 4's s_k are:[1 0 0 0 0 0 0 0 0 0]
Client 5's s_k are:[0 0 0 1 0 0 0 0 0 0]
Client 6's s_k are:[0 0 1 0 0 0 0 0 0 0]
Client 7's s_k are:[0 1 0 0 0 0 0 0 0 0]
Client 8's s_k are:[0 0 0 0 1 0 0 0 0 0]
Client 9's s_k are:[0 0 0 0 1 0 0 0 0 0]
| Global Round : 11 | Client :0 | Local Epoch : 0 | [64/294 (25%)]	Loss1: 5.839669 Loss2: 0.000043 
| Global Round : 11 | Client :0 | Local Epoch : 1 | [64/294 (25%)]	Loss1: 5.839559 Loss2: 0.000044 
| Global Round : 11 | Client :0 | Local Epoch : 2 | [64/294 (25%)]	Loss1: 5.839857 Loss2: 0.000041 
| Global Round : 11 | Client :0 | Local Epoch : 3 | [64/294 (25%)]	Loss1: 5.839288 Loss2: 0.000041 
| Global Round : 11 | Client :0 | Local Epoch : 4 | [64/294 (25%)]	Loss1: 5.839864 Loss2: 0.000041 
| Global Round : 11 | Client :1 | Local Epoch : 0 | [64/510 (14%)]	Loss1: 5.840025 Loss2: 0.000077 
| Global Round : 11 | Client :1 | Local Epoch : 1 | [64/510 (14%)]	Loss1: 5.840472 Loss2: 0.000072 
| Global Round : 11 | Client :1 | Local Epoch : 2 | [64/510 (14%)]	Loss1: 5.839971 Loss2: 0.000073 
| Global Round : 11 | Client :1 | Local Epoch : 3 | [64/510 (14%)]	Loss1: 5.839536 Loss2: 0.000079 
| Global Round : 11 | Client :1 | Local Epoch : 4 | [64/510 (14%)]	Loss1: 5.839907 Loss2: 0.000077 
| Global Round : 11 | Client :2 | Local Epoch : 0 | [64/827 (8%)]	Loss1: 5.839725 Loss2: 0.000058 
| Global Round : 11 | Client :2 | Local Epoch : 0 | [704/827 (92%)]	Loss1: 5.839176 Loss2: 0.000059 
| Global Round : 11 | Client :2 | Local Epoch : 1 | [64/827 (8%)]	Loss1: 5.839534 Loss2: 0.000072 
| Global Round : 11 | Client :2 | Local Epoch : 1 | [704/827 (92%)]	Loss1: 5.839202 Loss2: 0.000054 
| Global Round : 11 | Client :2 | Local Epoch : 2 | [64/827 (8%)]	Loss1: 5.839506 Loss2: 0.000064 
| Global Round : 11 | Client :2 | Local Epoch : 2 | [704/827 (92%)]	Loss1: 5.838693 Loss2: 0.000053 
| Global Round : 11 | Client :2 | Local Epoch : 3 | [64/827 (8%)]	Loss1: 5.839036 Loss2: 0.000061 
| Global Round : 11 | Client :2 | Local Epoch : 3 | [704/827 (92%)]	Loss1: 5.839975 Loss2: 0.000051 
| Global Round : 11 | Client :2 | Local Epoch : 4 | [64/827 (8%)]	Loss1: 5.839620 Loss2: 0.000061 
| Global Round : 11 | Client :2 | Local Epoch : 4 | [704/827 (92%)]	Loss1: 5.838912 Loss2: 0.000054 
| Global Round : 11 | Client :3 | Local Epoch : 0 | [64/926 (7%)]	Loss1: 5.838146 Loss2: 0.000061 
| Global Round : 11 | Client :3 | Local Epoch : 0 | [704/926 (79%)]	Loss1: 5.838580 Loss2: 0.000059 
| Global Round : 11 | Client :3 | Local Epoch : 1 | [64/926 (7%)]	Loss1: 5.838233 Loss2: 0.000055 
| Global Round : 11 | Client :3 | Local Epoch : 1 | [704/926 (79%)]	Loss1: 5.838418 Loss2: 0.000063 
| Global Round : 11 | Client :3 | Local Epoch : 2 | [64/926 (7%)]	Loss1: 5.838467 Loss2: 0.000063 
| Global Round : 11 | Client :3 | Local Epoch : 2 | [704/926 (79%)]	Loss1: 5.838468 Loss2: 0.000058 
| Global Round : 11 | Client :3 | Local Epoch : 3 | [64/926 (7%)]	Loss1: 5.838778 Loss2: 0.000059 
| Global Round : 11 | Client :3 | Local Epoch : 3 | [704/926 (79%)]	Loss1: 5.838365 Loss2: 0.000060 
| Global Round : 11 | Client :3 | Local Epoch : 4 | [64/926 (7%)]	Loss1: 5.838317 Loss2: 0.000055 
| Global Round : 11 | Client :3 | Local Epoch : 4 | [704/926 (79%)]	Loss1: 5.838222 Loss2: 0.000068 
| Global Round : 11 | Client :4 | Local Epoch : 0 | [64/514 (12%)]	Loss1: 5.840181 Loss2: 0.000040 
| Global Round : 11 | Client :4 | Local Epoch : 1 | [64/514 (12%)]	Loss1: 5.841225 Loss2: 0.000042 
| Global Round : 11 | Client :4 | Local Epoch : 2 | [64/514 (12%)]	Loss1: 5.840755 Loss2: 0.000047 
| Global Round : 11 | Client :4 | Local Epoch : 3 | [64/514 (12%)]	Loss1: 5.839787 Loss2: 0.000040 
| Global Round : 11 | Client :4 | Local Epoch : 4 | [64/514 (12%)]	Loss1: 5.840921 Loss2: 0.000039 
| Global Round : 11 | Client :5 | Local Epoch : 0 | [64/641 (10%)]	Loss1: 5.837802 Loss2: 0.000050 
| Global Round : 11 | Client :5 | Local Epoch : 1 | [64/641 (10%)]	Loss1: 5.838741 Loss2: 0.000047 
| Global Round : 11 | Client :5 | Local Epoch : 2 | [64/641 (10%)]	Loss1: 5.837926 Loss2: 0.000052 
| Global Round : 11 | Client :5 | Local Epoch : 3 | [64/641 (10%)]	Loss1: 5.840740 Loss2: 0.000048 
| Global Round : 11 | Client :5 | Local Epoch : 4 | [64/641 (10%)]	Loss1: 5.839286 Loss2: 0.000055 
| Global Round : 11 | Client :6 | Local Epoch : 0 | [64/777 (8%)]	Loss1: 5.839475 Loss2: 0.000055 
| Global Round : 11 | Client :6 | Local Epoch : 0 | [704/777 (92%)]	Loss1: 5.838993 Loss2: 0.000052 
| Global Round : 11 | Client :6 | Local Epoch : 1 | [64/777 (8%)]	Loss1: 5.838846 Loss2: 0.000055 
| Global Round : 11 | Client :6 | Local Epoch : 1 | [704/777 (92%)]	Loss1: 5.839767 Loss2: 0.000050 
| Global Round : 11 | Client :6 | Local Epoch : 2 | [64/777 (8%)]	Loss1: 5.838979 Loss2: 0.000051 
| Global Round : 11 | Client :6 | Local Epoch : 2 | [704/777 (92%)]	Loss1: 5.839925 Loss2: 0.000049 
| Global Round : 11 | Client :6 | Local Epoch : 3 | [64/777 (8%)]	Loss1: 5.840013 Loss2: 0.000054 
| Global Round : 11 | Client :6 | Local Epoch : 3 | [704/777 (92%)]	Loss1: 5.839349 Loss2: 0.000052 
| Global Round : 11 | Client :6 | Local Epoch : 4 | [64/777 (8%)]	Loss1: 5.839868 Loss2: 0.000054 
| Global Round : 11 | Client :6 | Local Epoch : 4 | [704/777 (92%)]	Loss1: 5.839463 Loss2: 0.000054 
| Global Round : 11 | Client :7 | Local Epoch : 0 | [64/590 (11%)]	Loss1: 5.840007 Loss2: 0.000076 
| Global Round : 11 | Client :7 | Local Epoch : 1 | [64/590 (11%)]	Loss1: 5.839195 Loss2: 0.000069 
| Global Round : 11 | Client :7 | Local Epoch : 2 | [64/590 (11%)]	Loss1: 5.839192 Loss2: 0.000067 
| Global Round : 11 | Client :7 | Local Epoch : 3 | [64/590 (11%)]	Loss1: 5.839880 Loss2: 0.000077 
| Global Round : 11 | Client :7 | Local Epoch : 4 | [64/590 (11%)]	Loss1: 5.838999 Loss2: 0.000070 
| Global Round : 11 | Client :8 | Local Epoch : 0 | [64/612 (11%)]	Loss1: 5.838393 Loss2: 0.000045 
| Global Round : 11 | Client :8 | Local Epoch : 1 | [64/612 (11%)]	Loss1: 5.838857 Loss2: 0.000044 
| Global Round : 11 | Client :8 | Local Epoch : 2 | [64/612 (11%)]	Loss1: 5.838410 Loss2: 0.000046 
| Global Round : 11 | Client :8 | Local Epoch : 3 | [64/612 (11%)]	Loss1: 5.838542 Loss2: 0.000048 
| Global Round : 11 | Client :8 | Local Epoch : 4 | [64/612 (11%)]	Loss1: 5.838219 Loss2: 0.000046 
| Global Round : 11 | Client :9 | Local Epoch : 0 | [64/305 (25%)]	Loss1: 5.841560 Loss2: 0.000060 
| Global Round : 11 | Client :9 | Local Epoch : 1 | [64/305 (25%)]	Loss1: 5.840944 Loss2: 0.000053 
| Global Round : 11 | Client :9 | Local Epoch : 2 | [64/305 (25%)]	Loss1: 5.841199 Loss2: 0.000050 
| Global Round : 11 | Client :9 | Local Epoch : 3 | [64/305 (25%)]	Loss1: 5.840642 Loss2: 0.000052 
| Global Round : 11 | Client :9 | Local Epoch : 4 | [64/305 (25%)]	Loss1: 5.839599 Loss2: 0.000053 
average loss:   5.838330409734967
average local test accuracy: 0.9360677083333334
average global test accuracy:  0.28411458333333334

 | Global Training Round : 12 |

xi_k [0.46373206 0.46787982 0.49450206 0.51521775 0.53056451 0.53174357
 0.52639803 0.51995076 0.50112466 0.44711415]
max_exp: -1.0
coe: 10
Regulation [0.8 0.8 0.8 0.8 0.8 0.8 0.8 0.8 0.8 0.8]
Solver status: optimal_inaccurate
b_new: [1. 1. 1. 1. 1. 1. 1. 1. 1. 1.]
Iter 0: obj=49.5823, best_obj=49.5823, ||b_new-b_prev||₂=2.846050
xi_k [0.46373206 0.46787982 0.49450206 0.51521775 0.53056451 0.53174357
 0.52639803 0.51995076 0.50112466 0.44711415]
max_exp: -1.0
coe: 10
Regulation [-1. -1. -1. -1. -1. -1. -1. -1. -1. -1.]
Solver status: optimal_inaccurate
b_new: [1. 1. 1. 1. 1. 1. 1. 1. 1. 1.]
Iter 1: obj=50.4823, best_obj=50.4823, ||b_new-b_prev||₂=0.000000
Converged.
Final b: [1. 1. 1. 1. 1. 1. 1. 1. 1. 1.]
<class 'numpy.ndarray'>
b_float: [1. 1. 1. 1. 1. 1. 1. 1. 1. 1.]
b: [1 1 1 1 1 1 1 1 1 1]
active_clients:  [0, 1, 2, 3, 4, 5, 6, 7, 8, 9]
Client 0's s_k are:[0 0 0 0 1 0 0 0 0 0]
Client 1's s_k are:[0 0 0 0 0 0 0 1 0 0]
Client 2's s_k are:[0 0 0 0 0 0 1 0 0 0]
Client 3's s_k are:[0 0 0 0 0 1 0 0 0 0]
Client 4's s_k are:[1 0 0 0 0 0 0 0 0 0]
Client 5's s_k are:[0 0 0 1 0 0 0 0 0 0]
Client 6's s_k are:[0 0 1 0 0 0 0 0 0 0]
Client 7's s_k are:[0 0 1 0 0 0 0 0 0 0]
Client 8's s_k are:[0 0 0 0 1 0 0 0 0 0]
Client 9's s_k are:[0 0 0 0 1 0 0 0 0 0]
| Global Round : 12 | Client :0 | Local Epoch : 0 | [64/294 (25%)]	Loss1: 5.839931 Loss2: 0.000046 
| Global Round : 12 | Client :0 | Local Epoch : 1 | [64/294 (25%)]	Loss1: 5.839419 Loss2: 0.000047 
| Global Round : 12 | Client :0 | Local Epoch : 2 | [64/294 (25%)]	Loss1: 5.839574 Loss2: 0.000044 
| Global Round : 12 | Client :0 | Local Epoch : 3 | [64/294 (25%)]	Loss1: 5.839193 Loss2: 0.000051 
| Global Round : 12 | Client :0 | Local Epoch : 4 | [64/294 (25%)]	Loss1: 5.839581 Loss2: 0.000045 
| Global Round : 12 | Client :1 | Local Epoch : 0 | [64/510 (14%)]	Loss1: 5.840221 Loss2: 0.000085 
| Global Round : 12 | Client :1 | Local Epoch : 1 | [64/510 (14%)]	Loss1: 5.840194 Loss2: 0.000065 
| Global Round : 12 | Client :1 | Local Epoch : 2 | [64/510 (14%)]	Loss1: 5.839386 Loss2: 0.000070 
| Global Round : 12 | Client :1 | Local Epoch : 3 | [64/510 (14%)]	Loss1: 5.840160 Loss2: 0.000071 
| Global Round : 12 | Client :1 | Local Epoch : 4 | [64/510 (14%)]	Loss1: 5.839233 Loss2: 0.000074 
| Global Round : 12 | Client :2 | Local Epoch : 0 | [64/827 (8%)]	Loss1: 5.839250 Loss2: 0.000058 
| Global Round : 12 | Client :2 | Local Epoch : 0 | [704/827 (92%)]	Loss1: 5.839562 Loss2: 0.000057 
| Global Round : 12 | Client :2 | Local Epoch : 1 | [64/827 (8%)]	Loss1: 5.839427 Loss2: 0.000062 
| Global Round : 12 | Client :2 | Local Epoch : 1 | [704/827 (92%)]	Loss1: 5.839175 Loss2: 0.000054 
| Global Round : 12 | Client :2 | Local Epoch : 2 | [64/827 (8%)]	Loss1: 5.839424 Loss2: 0.000060 
| Global Round : 12 | Client :2 | Local Epoch : 2 | [704/827 (92%)]	Loss1: 5.838948 Loss2: 0.000053 
| Global Round : 12 | Client :2 | Local Epoch : 3 | [64/827 (8%)]	Loss1: 5.838806 Loss2: 0.000058 
| Global Round : 12 | Client :2 | Local Epoch : 3 | [704/827 (92%)]	Loss1: 5.839025 Loss2: 0.000048 
| Global Round : 12 | Client :2 | Local Epoch : 4 | [64/827 (8%)]	Loss1: 5.839180 Loss2: 0.000055 
| Global Round : 12 | Client :2 | Local Epoch : 4 | [704/827 (92%)]	Loss1: 5.838586 Loss2: 0.000048 
| Global Round : 12 | Client :3 | Local Epoch : 0 | [64/926 (7%)]	Loss1: 5.838082 Loss2: 0.000054 
| Global Round : 12 | Client :3 | Local Epoch : 0 | [704/926 (79%)]	Loss1: 5.838709 Loss2: 0.000055 
| Global Round : 12 | Client :3 | Local Epoch : 1 | [64/926 (7%)]	Loss1: 5.839002 Loss2: 0.000050 
| Global Round : 12 | Client :3 | Local Epoch : 1 | [704/926 (79%)]	Loss1: 5.839098 Loss2: 0.000056 
| Global Round : 12 | Client :3 | Local Epoch : 2 | [64/926 (7%)]	Loss1: 5.838478 Loss2: 0.000057 
| Global Round : 12 | Client :3 | Local Epoch : 2 | [704/926 (79%)]	Loss1: 5.839593 Loss2: 0.000058 
| Global Round : 12 | Client :3 | Local Epoch : 3 | [64/926 (7%)]	Loss1: 5.838138 Loss2: 0.000049 
| Global Round : 12 | Client :3 | Local Epoch : 3 | [704/926 (79%)]	Loss1: 5.838527 Loss2: 0.000061 
| Global Round : 12 | Client :3 | Local Epoch : 4 | [64/926 (7%)]	Loss1: 5.837950 Loss2: 0.000052 
| Global Round : 12 | Client :3 | Local Epoch : 4 | [704/926 (79%)]	Loss1: 5.838672 Loss2: 0.000058 
| Global Round : 12 | Client :4 | Local Epoch : 0 | [64/514 (12%)]	Loss1: 5.839416 Loss2: 0.000051 
| Global Round : 12 | Client :4 | Local Epoch : 1 | [64/514 (12%)]	Loss1: 5.841048 Loss2: 0.000045 
| Global Round : 12 | Client :4 | Local Epoch : 2 | [64/514 (12%)]	Loss1: 5.840013 Loss2: 0.000048 
| Global Round : 12 | Client :4 | Local Epoch : 3 | [64/514 (12%)]	Loss1: 5.840522 Loss2: 0.000042 
| Global Round : 12 | Client :4 | Local Epoch : 4 | [64/514 (12%)]	Loss1: 5.840413 Loss2: 0.000039 
| Global Round : 12 | Client :5 | Local Epoch : 0 | [64/641 (10%)]	Loss1: 5.837829 Loss2: 0.000055 
| Global Round : 12 | Client :5 | Local Epoch : 1 | [64/641 (10%)]	Loss1: 5.837863 Loss2: 0.000051 
| Global Round : 12 | Client :5 | Local Epoch : 2 | [64/641 (10%)]	Loss1: 5.838628 Loss2: 0.000058 
| Global Round : 12 | Client :5 | Local Epoch : 3 | [64/641 (10%)]	Loss1: 5.839073 Loss2: 0.000051 
| Global Round : 12 | Client :5 | Local Epoch : 4 | [64/641 (10%)]	Loss1: 5.839065 Loss2: 0.000054 
| Global Round : 12 | Client :6 | Local Epoch : 0 | [64/777 (8%)]	Loss1: 5.838490 Loss2: 0.000055 
| Global Round : 12 | Client :6 | Local Epoch : 0 | [704/777 (92%)]	Loss1: 5.839442 Loss2: 0.000051 
| Global Round : 12 | Client :6 | Local Epoch : 1 | [64/777 (8%)]	Loss1: 5.838973 Loss2: 0.000053 
| Global Round : 12 | Client :6 | Local Epoch : 1 | [704/777 (92%)]	Loss1: 5.840190 Loss2: 0.000055 
| Global Round : 12 | Client :6 | Local Epoch : 2 | [64/777 (8%)]	Loss1: 5.838397 Loss2: 0.000056 
| Global Round : 12 | Client :6 | Local Epoch : 2 | [704/777 (92%)]	Loss1: 5.840403 Loss2: 0.000054 
| Global Round : 12 | Client :6 | Local Epoch : 3 | [64/777 (8%)]	Loss1: 5.839093 Loss2: 0.000057 
| Global Round : 12 | Client :6 | Local Epoch : 3 | [704/777 (92%)]	Loss1: 5.839630 Loss2: 0.000054 
| Global Round : 12 | Client :6 | Local Epoch : 4 | [64/777 (8%)]	Loss1: 5.839405 Loss2: 0.000058 
| Global Round : 12 | Client :6 | Local Epoch : 4 | [704/777 (92%)]	Loss1: 5.839035 Loss2: 0.000054 
| Global Round : 12 | Client :7 | Local Epoch : 0 | [64/590 (11%)]	Loss1: 5.839618 Loss2: 0.000067 
| Global Round : 12 | Client :7 | Local Epoch : 1 | [64/590 (11%)]	Loss1: 5.839957 Loss2: 0.000065 
| Global Round : 12 | Client :7 | Local Epoch : 2 | [64/590 (11%)]	Loss1: 5.839011 Loss2: 0.000070 
| Global Round : 12 | Client :7 | Local Epoch : 3 | [64/590 (11%)]	Loss1: 5.838706 Loss2: 0.000069 
| Global Round : 12 | Client :7 | Local Epoch : 4 | [64/590 (11%)]	Loss1: 5.840030 Loss2: 0.000069 
| Global Round : 12 | Client :8 | Local Epoch : 0 | [64/612 (11%)]	Loss1: 5.838037 Loss2: 0.000050 
| Global Round : 12 | Client :8 | Local Epoch : 1 | [64/612 (11%)]	Loss1: 5.838458 Loss2: 0.000048 
| Global Round : 12 | Client :8 | Local Epoch : 2 | [64/612 (11%)]	Loss1: 5.838184 Loss2: 0.000043 
| Global Round : 12 | Client :8 | Local Epoch : 3 | [64/612 (11%)]	Loss1: 5.838121 Loss2: 0.000043 
| Global Round : 12 | Client :8 | Local Epoch : 4 | [64/612 (11%)]	Loss1: 5.838411 Loss2: 0.000045 
| Global Round : 12 | Client :9 | Local Epoch : 0 | [64/305 (25%)]	Loss1: 5.840604 Loss2: 0.000049 
| Global Round : 12 | Client :9 | Local Epoch : 1 | [64/305 (25%)]	Loss1: 5.840412 Loss2: 0.000048 
| Global Round : 12 | Client :9 | Local Epoch : 2 | [64/305 (25%)]	Loss1: 5.840435 Loss2: 0.000048 
| Global Round : 12 | Client :9 | Local Epoch : 3 | [64/305 (25%)]	Loss1: 5.840836 Loss2: 0.000048 
| Global Round : 12 | Client :9 | Local Epoch : 4 | [64/305 (25%)]	Loss1: 5.839468 Loss2: 0.000049 
average loss:   5.838265171297013
average local test accuracy: 0.932421875
average global test accuracy:  0.2928385416666667

 | Global Training Round : 13 |

xi_k [0.46365106 0.46788537 0.49450146 0.51521708 0.53058552 0.53173362
 0.52639873 0.51991627 0.50111807 0.44708252]
max_exp: -1.0
coe: 10
Regulation [0.8 0.8 0.8 0.8 0.8 0.8 0.8 0.8 0.8 0.8]
Solver status: optimal_inaccurate
b_new: [1. 1. 1. 1. 1. 1. 1. 1. 1. 1.]
Iter 0: obj=49.5809, best_obj=49.5809, ||b_new-b_prev||₂=2.846050
xi_k [0.46365106 0.46788537 0.49450146 0.51521708 0.53058552 0.53173362
 0.52639873 0.51991627 0.50111807 0.44708252]
max_exp: -1.0
coe: 10
Regulation [-1. -1. -1. -1. -1. -1. -1. -1. -1. -1.]
Solver status: optimal_inaccurate
b_new: [1. 1. 1. 1. 1. 1. 1. 1. 1. 1.]
Iter 1: obj=50.4809, best_obj=50.4809, ||b_new-b_prev||₂=0.000000
Converged.
Final b: [1. 1. 1. 1. 1. 1. 1. 1. 1. 1.]
<class 'numpy.ndarray'>
b_float: [1. 1. 1. 1. 1. 1. 1. 1. 1. 1.]
b: [1 1 1 1 1 1 1 1 1 1]
active_clients:  [0, 1, 2, 3, 4, 5, 6, 7, 8, 9]
Client 0's s_k are:[0 0 0 0 1 0 0 0 0 0]
Client 1's s_k are:[0 0 0 0 0 0 0 1 0 0]
Client 2's s_k are:[0 0 0 0 0 0 1 0 0 0]
Client 3's s_k are:[0 0 0 0 0 1 0 0 0 0]
Client 4's s_k are:[1 0 0 0 0 0 0 0 0 0]
Client 5's s_k are:[0 0 0 1 0 0 0 0 0 0]
Client 6's s_k are:[0 0 1 0 0 0 0 0 0 0]
Client 7's s_k are:[0 1 0 0 0 0 0 0 0 0]
Client 8's s_k are:[0 0 0 0 1 0 0 0 0 0]
Client 9's s_k are:[0 0 0 0 1 0 0 0 0 0]
| Global Round : 13 | Client :0 | Local Epoch : 0 | [64/294 (25%)]	Loss1: 5.838986 Loss2: 0.000044 
| Global Round : 13 | Client :0 | Local Epoch : 1 | [64/294 (25%)]	Loss1: 5.839547 Loss2: 0.000042 
| Global Round : 13 | Client :0 | Local Epoch : 2 | [64/294 (25%)]	Loss1: 5.839618 Loss2: 0.000039 
| Global Round : 13 | Client :0 | Local Epoch : 3 | [64/294 (25%)]	Loss1: 5.839329 Loss2: 0.000042 
| Global Round : 13 | Client :0 | Local Epoch : 4 | [64/294 (25%)]	Loss1: 5.838706 Loss2: 0.000045 
| Global Round : 13 | Client :1 | Local Epoch : 0 | [64/510 (14%)]	Loss1: 5.838928 Loss2: 0.000064 
| Global Round : 13 | Client :1 | Local Epoch : 1 | [64/510 (14%)]	Loss1: 5.839983 Loss2: 0.000068 
| Global Round : 13 | Client :1 | Local Epoch : 2 | [64/510 (14%)]	Loss1: 5.841390 Loss2: 0.000073 
| Global Round : 13 | Client :1 | Local Epoch : 3 | [64/510 (14%)]	Loss1: 5.839298 Loss2: 0.000084 
| Global Round : 13 | Client :1 | Local Epoch : 4 | [64/510 (14%)]	Loss1: 5.839782 Loss2: 0.000067 
| Global Round : 13 | Client :2 | Local Epoch : 0 | [64/827 (8%)]	Loss1: 5.839030 Loss2: 0.000062 
| Global Round : 13 | Client :2 | Local Epoch : 0 | [704/827 (92%)]	Loss1: 5.839032 Loss2: 0.000059 
| Global Round : 13 | Client :2 | Local Epoch : 1 | [64/827 (8%)]	Loss1: 5.839061 Loss2: 0.000064 
| Global Round : 13 | Client :2 | Local Epoch : 1 | [704/827 (92%)]	Loss1: 5.838716 Loss2: 0.000046 
| Global Round : 13 | Client :2 | Local Epoch : 2 | [64/827 (8%)]	Loss1: 5.839106 Loss2: 0.000058 
| Global Round : 13 | Client :2 | Local Epoch : 2 | [704/827 (92%)]	Loss1: 5.838875 Loss2: 0.000054 
| Global Round : 13 | Client :2 | Local Epoch : 3 | [64/827 (8%)]	Loss1: 5.839238 Loss2: 0.000052 
| Global Round : 13 | Client :2 | Local Epoch : 3 | [704/827 (92%)]	Loss1: 5.838925 Loss2: 0.000055 
| Global Round : 13 | Client :2 | Local Epoch : 4 | [64/827 (8%)]	Loss1: 5.838964 Loss2: 0.000056 
| Global Round : 13 | Client :2 | Local Epoch : 4 | [704/827 (92%)]	Loss1: 5.839338 Loss2: 0.000054 
| Global Round : 13 | Client :3 | Local Epoch : 0 | [64/926 (7%)]	Loss1: 5.838305 Loss2: 0.000054 
| Global Round : 13 | Client :3 | Local Epoch : 0 | [704/926 (79%)]	Loss1: 5.838719 Loss2: 0.000061 
| Global Round : 13 | Client :3 | Local Epoch : 1 | [64/926 (7%)]	Loss1: 5.838699 Loss2: 0.000055 
| Global Round : 13 | Client :3 | Local Epoch : 1 | [704/926 (79%)]	Loss1: 5.838477 Loss2: 0.000058 
| Global Round : 13 | Client :3 | Local Epoch : 2 | [64/926 (7%)]	Loss1: 5.838312 Loss2: 0.000056 
| Global Round : 13 | Client :3 | Local Epoch : 2 | [704/926 (79%)]	Loss1: 5.838149 Loss2: 0.000063 
| Global Round : 13 | Client :3 | Local Epoch : 3 | [64/926 (7%)]	Loss1: 5.838107 Loss2: 0.000060 
| Global Round : 13 | Client :3 | Local Epoch : 3 | [704/926 (79%)]	Loss1: 5.838907 Loss2: 0.000060 
| Global Round : 13 | Client :3 | Local Epoch : 4 | [64/926 (7%)]	Loss1: 5.838500 Loss2: 0.000053 
| Global Round : 13 | Client :3 | Local Epoch : 4 | [704/926 (79%)]	Loss1: 5.838188 Loss2: 0.000061 
| Global Round : 13 | Client :4 | Local Epoch : 0 | [64/514 (12%)]	Loss1: 5.840415 Loss2: 0.000047 
| Global Round : 13 | Client :4 | Local Epoch : 1 | [64/514 (12%)]	Loss1: 5.840839 Loss2: 0.000042 
| Global Round : 13 | Client :4 | Local Epoch : 2 | [64/514 (12%)]	Loss1: 5.839798 Loss2: 0.000045 
| Global Round : 13 | Client :4 | Local Epoch : 3 | [64/514 (12%)]	Loss1: 5.839860 Loss2: 0.000044 
| Global Round : 13 | Client :4 | Local Epoch : 4 | [64/514 (12%)]	Loss1: 5.839708 Loss2: 0.000038 
| Global Round : 13 | Client :5 | Local Epoch : 0 | [64/641 (10%)]	Loss1: 5.839472 Loss2: 0.000052 
| Global Round : 13 | Client :5 | Local Epoch : 1 | [64/641 (10%)]	Loss1: 5.838319 Loss2: 0.000053 
| Global Round : 13 | Client :5 | Local Epoch : 2 | [64/641 (10%)]	Loss1: 5.838511 Loss2: 0.000054 
| Global Round : 13 | Client :5 | Local Epoch : 3 | [64/641 (10%)]	Loss1: 5.838212 Loss2: 0.000048 
| Global Round : 13 | Client :5 | Local Epoch : 4 | [64/641 (10%)]	Loss1: 5.837795 Loss2: 0.000055 
| Global Round : 13 | Client :6 | Local Epoch : 0 | [64/777 (8%)]	Loss1: 5.838564 Loss2: 0.000055 
| Global Round : 13 | Client :6 | Local Epoch : 0 | [704/777 (92%)]	Loss1: 5.839142 Loss2: 0.000051 
| Global Round : 13 | Client :6 | Local Epoch : 1 | [64/777 (8%)]	Loss1: 5.839601 Loss2: 0.000055 
| Global Round : 13 | Client :6 | Local Epoch : 1 | [704/777 (92%)]	Loss1: 5.839385 Loss2: 0.000049 
| Global Round : 13 | Client :6 | Local Epoch : 2 | [64/777 (8%)]	Loss1: 5.838805 Loss2: 0.000053 
| Global Round : 13 | Client :6 | Local Epoch : 2 | [704/777 (92%)]	Loss1: 5.839197 Loss2: 0.000049 
| Global Round : 13 | Client :6 | Local Epoch : 3 | [64/777 (8%)]	Loss1: 5.840327 Loss2: 0.000054 
| Global Round : 13 | Client :6 | Local Epoch : 3 | [704/777 (92%)]	Loss1: 5.839204 Loss2: 0.000051 
| Global Round : 13 | Client :6 | Local Epoch : 4 | [64/777 (8%)]	Loss1: 5.839328 Loss2: 0.000056 
| Global Round : 13 | Client :6 | Local Epoch : 4 | [704/777 (92%)]	Loss1: 5.839569 Loss2: 0.000051 
| Global Round : 13 | Client :7 | Local Epoch : 0 | [64/590 (11%)]	Loss1: 5.839025 Loss2: 0.000070 
| Global Round : 13 | Client :7 | Local Epoch : 1 | [64/590 (11%)]	Loss1: 5.839865 Loss2: 0.000058 
| Global Round : 13 | Client :7 | Local Epoch : 2 | [64/590 (11%)]	Loss1: 5.839261 Loss2: 0.000071 
| Global Round : 13 | Client :7 | Local Epoch : 3 | [64/590 (11%)]	Loss1: 5.838620 Loss2: 0.000063 
| Global Round : 13 | Client :7 | Local Epoch : 4 | [64/590 (11%)]	Loss1: 5.839078 Loss2: 0.000065 
| Global Round : 13 | Client :8 | Local Epoch : 0 | [64/612 (11%)]	Loss1: 5.838253 Loss2: 0.000040 
| Global Round : 13 | Client :8 | Local Epoch : 1 | [64/612 (11%)]	Loss1: 5.838212 Loss2: 0.000041 
| Global Round : 13 | Client :8 | Local Epoch : 2 | [64/612 (11%)]	Loss1: 5.838211 Loss2: 0.000045 
| Global Round : 13 | Client :8 | Local Epoch : 3 | [64/612 (11%)]	Loss1: 5.838032 Loss2: 0.000039 
| Global Round : 13 | Client :8 | Local Epoch : 4 | [64/612 (11%)]	Loss1: 5.837851 Loss2: 0.000041 
| Global Round : 13 | Client :9 | Local Epoch : 0 | [64/305 (25%)]	Loss1: 5.840510 Loss2: 0.000047 
| Global Round : 13 | Client :9 | Local Epoch : 1 | [64/305 (25%)]	Loss1: 5.840414 Loss2: 0.000047 
| Global Round : 13 | Client :9 | Local Epoch : 2 | [64/305 (25%)]	Loss1: 5.840645 Loss2: 0.000044 
| Global Round : 13 | Client :9 | Local Epoch : 3 | [64/305 (25%)]	Loss1: 5.839821 Loss2: 0.000048 
| Global Round : 13 | Client :9 | Local Epoch : 4 | [64/305 (25%)]	Loss1: 5.839600 Loss2: 0.000054 
average loss:   5.838154184458748
average local test accuracy: 0.9337239583333334
average global test accuracy:  0.27734374999999994

 | Global Training Round : 14 |

xi_k [0.46365852 0.46784175 0.49450034 0.51521459 0.53055423 0.53173344
 0.52636812 0.51990185 0.5011088  0.44707614]
max_exp: -1.0
coe: 10
Regulation [0.8 0.8 0.8 0.8 0.8 0.8 0.8 0.8 0.8 0.8]
Solver status: optimal_inaccurate
b_new: [1. 1. 1. 1. 1. 1. 1. 1. 1. 1.]
Iter 0: obj=49.5796, best_obj=49.5796, ||b_new-b_prev||₂=2.846050
xi_k [0.46365852 0.46784175 0.49450034 0.51521459 0.53055423 0.53173344
 0.52636812 0.51990185 0.5011088  0.44707614]
max_exp: -1.0
coe: 10
Regulation [-1. -1. -1. -1. -1. -1. -1. -1. -1. -1.]
Solver status: optimal_inaccurate
b_new: [1. 1. 1. 1. 1. 1. 1. 1. 1. 1.]
Iter 1: obj=50.4796, best_obj=50.4796, ||b_new-b_prev||₂=0.000000
Converged.
Final b: [1. 1. 1. 1. 1. 1. 1. 1. 1. 1.]
<class 'numpy.ndarray'>
b_float: [1. 1. 1. 1. 1. 1. 1. 1. 1. 1.]
b: [1 1 1 1 1 1 1 1 1 1]
active_clients:  [0, 1, 2, 3, 4, 5, 6, 7, 8, 9]
Client 0's s_k are:[0 0 0 0 1 0 0 0 0 0]
Client 1's s_k are:[0 0 0 0 0 0 0 1 0 0]
Client 2's s_k are:[0 0 0 0 0 0 1 0 0 0]
Client 3's s_k are:[0 0 0 0 0 1 0 0 0 0]
Client 4's s_k are:[1 0 0 0 0 0 0 0 0 0]
Client 5's s_k are:[0 0 0 1 0 0 0 0 0 0]
Client 6's s_k are:[0 0 1 0 0 0 0 0 0 0]
Client 7's s_k are:[0 1 0 0 0 0 0 0 0 0]
Client 8's s_k are:[0 0 0 0 1 0 0 0 0 0]
Client 9's s_k are:[0 0 0 0 1 0 0 0 0 0]
| Global Round : 14 | Client :0 | Local Epoch : 0 | [64/294 (25%)]	Loss1: 5.839342 Loss2: 0.000041 
| Global Round : 14 | Client :0 | Local Epoch : 1 | [64/294 (25%)]	Loss1: 5.839401 Loss2: 0.000042 
| Global Round : 14 | Client :0 | Local Epoch : 2 | [64/294 (25%)]	Loss1: 5.839317 Loss2: 0.000040 
| Global Round : 14 | Client :0 | Local Epoch : 3 | [64/294 (25%)]	Loss1: 5.839206 Loss2: 0.000039 
| Global Round : 14 | Client :0 | Local Epoch : 4 | [64/294 (25%)]	Loss1: 5.838756 Loss2: 0.000040 
| Global Round : 14 | Client :1 | Local Epoch : 0 | [64/510 (14%)]	Loss1: 5.838175 Loss2: 0.000058 
| Global Round : 14 | Client :1 | Local Epoch : 1 | [64/510 (14%)]	Loss1: 5.838996 Loss2: 0.000066 
| Global Round : 14 | Client :1 | Local Epoch : 2 | [64/510 (14%)]	Loss1: 5.839748 Loss2: 0.000070 
| Global Round : 14 | Client :1 | Local Epoch : 3 | [64/510 (14%)]	Loss1: 5.838646 Loss2: 0.000053 
| Global Round : 14 | Client :1 | Local Epoch : 4 | [64/510 (14%)]	Loss1: 5.840702 Loss2: 0.000072 
| Global Round : 14 | Client :2 | Local Epoch : 0 | [64/827 (8%)]	Loss1: 5.838953 Loss2: 0.000059 
| Global Round : 14 | Client :2 | Local Epoch : 0 | [704/827 (92%)]	Loss1: 5.838882 Loss2: 0.000052 
| Global Round : 14 | Client :2 | Local Epoch : 1 | [64/827 (8%)]	Loss1: 5.839221 Loss2: 0.000054 
| Global Round : 14 | Client :2 | Local Epoch : 1 | [704/827 (92%)]	Loss1: 5.838844 Loss2: 0.000054 
| Global Round : 14 | Client :2 | Local Epoch : 2 | [64/827 (8%)]	Loss1: 5.839638 Loss2: 0.000058 
| Global Round : 14 | Client :2 | Local Epoch : 2 | [704/827 (92%)]	Loss1: 5.838555 Loss2: 0.000056 
| Global Round : 14 | Client :2 | Local Epoch : 3 | [64/827 (8%)]	Loss1: 5.839080 Loss2: 0.000056 
| Global Round : 14 | Client :2 | Local Epoch : 3 | [704/827 (92%)]	Loss1: 5.838696 Loss2: 0.000052 
| Global Round : 14 | Client :2 | Local Epoch : 4 | [64/827 (8%)]	Loss1: 5.839044 Loss2: 0.000061 
| Global Round : 14 | Client :2 | Local Epoch : 4 | [704/827 (92%)]	Loss1: 5.838270 Loss2: 0.000045 
| Global Round : 14 | Client :3 | Local Epoch : 0 | [64/926 (7%)]	Loss1: 5.838942 Loss2: 0.000051 
| Global Round : 14 | Client :3 | Local Epoch : 0 | [704/926 (79%)]	Loss1: 5.838091 Loss2: 0.000061 
| Global Round : 14 | Client :3 | Local Epoch : 1 | [64/926 (7%)]	Loss1: 5.838273 Loss2: 0.000057 
| Global Round : 14 | Client :3 | Local Epoch : 1 | [704/926 (79%)]	Loss1: 5.838991 Loss2: 0.000064 
| Global Round : 14 | Client :3 | Local Epoch : 2 | [64/926 (7%)]	Loss1: 5.837903 Loss2: 0.000054 
| Global Round : 14 | Client :3 | Local Epoch : 2 | [704/926 (79%)]	Loss1: 5.838076 Loss2: 0.000058 
| Global Round : 14 | Client :3 | Local Epoch : 3 | [64/926 (7%)]	Loss1: 5.838423 Loss2: 0.000057 
| Global Round : 14 | Client :3 | Local Epoch : 3 | [704/926 (79%)]	Loss1: 5.838290 Loss2: 0.000059 
| Global Round : 14 | Client :3 | Local Epoch : 4 | [64/926 (7%)]	Loss1: 5.838987 Loss2: 0.000056 
| Global Round : 14 | Client :3 | Local Epoch : 4 | [704/926 (79%)]	Loss1: 5.838905 Loss2: 0.000058 
| Global Round : 14 | Client :4 | Local Epoch : 0 | [64/514 (12%)]	Loss1: 5.841600 Loss2: 0.000044 
| Global Round : 14 | Client :4 | Local Epoch : 1 | [64/514 (12%)]	Loss1: 5.839294 Loss2: 0.000039 
| Global Round : 14 | Client :4 | Local Epoch : 2 | [64/514 (12%)]	Loss1: 5.840070 Loss2: 0.000044 
| Global Round : 14 | Client :4 | Local Epoch : 3 | [64/514 (12%)]	Loss1: 5.839978 Loss2: 0.000050 
| Global Round : 14 | Client :4 | Local Epoch : 4 | [64/514 (12%)]	Loss1: 5.839618 Loss2: 0.000039 
| Global Round : 14 | Client :5 | Local Epoch : 0 | [64/641 (10%)]	Loss1: 5.838692 Loss2: 0.000056 
| Global Round : 14 | Client :5 | Local Epoch : 1 | [64/641 (10%)]	Loss1: 5.839233 Loss2: 0.000054 
| Global Round : 14 | Client :5 | Local Epoch : 2 | [64/641 (10%)]	Loss1: 5.838105 Loss2: 0.000056 
| Global Round : 14 | Client :5 | Local Epoch : 3 | [64/641 (10%)]	Loss1: 5.838416 Loss2: 0.000055 
| Global Round : 14 | Client :5 | Local Epoch : 4 | [64/641 (10%)]	Loss1: 5.839712 Loss2: 0.000055 
| Global Round : 14 | Client :6 | Local Epoch : 0 | [64/777 (8%)]	Loss1: 5.839775 Loss2: 0.000055 
| Global Round : 14 | Client :6 | Local Epoch : 0 | [704/777 (92%)]	Loss1: 5.839190 Loss2: 0.000049 
| Global Round : 14 | Client :6 | Local Epoch : 1 | [64/777 (8%)]	Loss1: 5.839170 Loss2: 0.000053 
| Global Round : 14 | Client :6 | Local Epoch : 1 | [704/777 (92%)]	Loss1: 5.838291 Loss2: 0.000049 
| Global Round : 14 | Client :6 | Local Epoch : 2 | [64/777 (8%)]	Loss1: 5.839523 Loss2: 0.000056 
| Global Round : 14 | Client :6 | Local Epoch : 2 | [704/777 (92%)]	Loss1: 5.839891 Loss2: 0.000055 
| Global Round : 14 | Client :6 | Local Epoch : 3 | [64/777 (8%)]	Loss1: 5.839085 Loss2: 0.000051 
| Global Round : 14 | Client :6 | Local Epoch : 3 | [704/777 (92%)]	Loss1: 5.839613 Loss2: 0.000053 
| Global Round : 14 | Client :6 | Local Epoch : 4 | [64/777 (8%)]	Loss1: 5.838500 Loss2: 0.000056 
| Global Round : 14 | Client :6 | Local Epoch : 4 | [704/777 (92%)]	Loss1: 5.839504 Loss2: 0.000050 
| Global Round : 14 | Client :7 | Local Epoch : 0 | [64/590 (11%)]	Loss1: 5.838130 Loss2: 0.000062 
| Global Round : 14 | Client :7 | Local Epoch : 1 | [64/590 (11%)]	Loss1: 5.839166 Loss2: 0.000062 
| Global Round : 14 | Client :7 | Local Epoch : 2 | [64/590 (11%)]	Loss1: 5.839790 Loss2: 0.000064 
| Global Round : 14 | Client :7 | Local Epoch : 3 | [64/590 (11%)]	Loss1: 5.838487 Loss2: 0.000063 
| Global Round : 14 | Client :7 | Local Epoch : 4 | [64/590 (11%)]	Loss1: 5.839681 Loss2: 0.000060 
| Global Round : 14 | Client :8 | Local Epoch : 0 | [64/612 (11%)]	Loss1: 5.838490 Loss2: 0.000045 
| Global Round : 14 | Client :8 | Local Epoch : 1 | [64/612 (11%)]	Loss1: 5.838571 Loss2: 0.000040 
| Global Round : 14 | Client :8 | Local Epoch : 2 | [64/612 (11%)]	Loss1: 5.838139 Loss2: 0.000038 
| Global Round : 14 | Client :8 | Local Epoch : 3 | [64/612 (11%)]	Loss1: 5.838058 Loss2: 0.000043 
| Global Round : 14 | Client :8 | Local Epoch : 4 | [64/612 (11%)]	Loss1: 5.837849 Loss2: 0.000040 
| Global Round : 14 | Client :9 | Local Epoch : 0 | [64/305 (25%)]	Loss1: 5.841273 Loss2: 0.000050 
| Global Round : 14 | Client :9 | Local Epoch : 1 | [64/305 (25%)]	Loss1: 5.839815 Loss2: 0.000047 
| Global Round : 14 | Client :9 | Local Epoch : 2 | [64/305 (25%)]	Loss1: 5.838884 Loss2: 0.000050 
| Global Round : 14 | Client :9 | Local Epoch : 3 | [64/305 (25%)]	Loss1: 5.839183 Loss2: 0.000052 
| Global Round : 14 | Client :9 | Local Epoch : 4 | [64/305 (25%)]	Loss1: 5.840049 Loss2: 0.000049 
average loss:   5.838133235810295
average local test accuracy: 0.9408854166666666
average global test accuracy:  0.32421874999999994

 | Global Training Round : 15 |

xi_k [0.46368289 0.46782341 0.49449809 0.51520333 0.53055921 0.53177214
 0.52635465 0.51988947 0.50111494 0.4470967 ]
max_exp: -1.0
coe: 10
Regulation [0.8 0.8 0.8 0.8 0.8 0.8 0.8 0.8 0.8 0.8]
Solver status: optimal_inaccurate
b_new: [1. 1. 1. 1. 1. 1. 1. 1. 1. 1.]
Iter 0: obj=49.5799, best_obj=49.5799, ||b_new-b_prev||₂=2.846050
xi_k [0.46368289 0.46782341 0.49449809 0.51520333 0.53055921 0.53177214
 0.52635465 0.51988947 0.50111494 0.4470967 ]
max_exp: -1.0
coe: 10
Regulation [-1. -1. -1. -1. -1. -1. -1. -1. -1. -1.]
Solver status: optimal_inaccurate
b_new: [1. 1. 1. 1. 1. 1. 1. 1. 1. 1.]
Iter 1: obj=50.4799, best_obj=50.4799, ||b_new-b_prev||₂=0.000000
Converged.
Final b: [1. 1. 1. 1. 1. 1. 1. 1. 1. 1.]
<class 'numpy.ndarray'>
b_float: [1. 1. 1. 1. 1. 1. 1. 1. 1. 1.]
b: [1 1 1 1 1 1 1 1 1 1]
active_clients:  [0, 1, 2, 3, 4, 5, 6, 7, 8, 9]
Client 0's s_k are:[0 0 0 0 1 0 0 0 0 0]
Client 1's s_k are:[0 0 0 0 0 0 0 1 0 0]
Client 2's s_k are:[0 0 0 0 0 0 1 0 0 0]
Client 3's s_k are:[0 0 0 0 0 1 0 0 0 0]
Client 4's s_k are:[1 0 0 0 0 0 0 0 0 0]
Client 5's s_k are:[0 0 0 1 0 0 0 0 0 0]
Client 6's s_k are:[0 0 1 0 0 0 0 0 0 0]
Client 7's s_k are:[0 1 0 0 0 0 0 0 0 0]
Client 8's s_k are:[0 0 0 0 1 0 0 0 0 0]
Client 9's s_k are:[0 0 0 0 1 0 0 0 0 0]
| Global Round : 15 | Client :0 | Local Epoch : 0 | [64/294 (25%)]	Loss1: 5.840118 Loss2: 0.000036 
| Global Round : 15 | Client :0 | Local Epoch : 1 | [64/294 (25%)]	Loss1: 5.839191 Loss2: 0.000040 
| Global Round : 15 | Client :0 | Local Epoch : 2 | [64/294 (25%)]	Loss1: 5.838658 Loss2: 0.000040 
| Global Round : 15 | Client :0 | Local Epoch : 3 | [64/294 (25%)]	Loss1: 5.839097 Loss2: 0.000039 
| Global Round : 15 | Client :0 | Local Epoch : 4 | [64/294 (25%)]	Loss1: 5.839519 Loss2: 0.000038 
| Global Round : 15 | Client :1 | Local Epoch : 0 | [64/510 (14%)]	Loss1: 5.839917 Loss2: 0.000064 
| Global Round : 15 | Client :1 | Local Epoch : 1 | [64/510 (14%)]	Loss1: 5.838155 Loss2: 0.000067 
| Global Round : 15 | Client :1 | Local Epoch : 2 | [64/510 (14%)]	Loss1: 5.839328 Loss2: 0.000069 
| Global Round : 15 | Client :1 | Local Epoch : 3 | [64/510 (14%)]	Loss1: 5.839584 Loss2: 0.000063 
| Global Round : 15 | Client :1 | Local Epoch : 4 | [64/510 (14%)]	Loss1: 5.839356 Loss2: 0.000065 
| Global Round : 15 | Client :2 | Local Epoch : 0 | [64/827 (8%)]	Loss1: 5.838456 Loss2: 0.000052 
| Global Round : 15 | Client :2 | Local Epoch : 0 | [704/827 (92%)]	Loss1: 5.838493 Loss2: 0.000056 
| Global Round : 15 | Client :2 | Local Epoch : 1 | [64/827 (8%)]	Loss1: 5.838393 Loss2: 0.000057 
| Global Round : 15 | Client :2 | Local Epoch : 1 | [704/827 (92%)]	Loss1: 5.839700 Loss2: 0.000051 
| Global Round : 15 | Client :2 | Local Epoch : 2 | [64/827 (8%)]	Loss1: 5.838615 Loss2: 0.000057 
| Global Round : 15 | Client :2 | Local Epoch : 2 | [704/827 (92%)]	Loss1: 5.838169 Loss2: 0.000053 
| Global Round : 15 | Client :2 | Local Epoch : 3 | [64/827 (8%)]	Loss1: 5.838342 Loss2: 0.000057 
| Global Round : 15 | Client :2 | Local Epoch : 3 | [704/827 (92%)]	Loss1: 5.838642 Loss2: 0.000061 
| Global Round : 15 | Client :2 | Local Epoch : 4 | [64/827 (8%)]	Loss1: 5.838758 Loss2: 0.000055 
| Global Round : 15 | Client :2 | Local Epoch : 4 | [704/827 (92%)]	Loss1: 5.838509 Loss2: 0.000053 
| Global Round : 15 | Client :3 | Local Epoch : 0 | [64/926 (7%)]	Loss1: 5.838130 Loss2: 0.000047 
| Global Round : 15 | Client :3 | Local Epoch : 0 | [704/926 (79%)]	Loss1: 5.838048 Loss2: 0.000056 
| Global Round : 15 | Client :3 | Local Epoch : 1 | [64/926 (7%)]	Loss1: 5.838339 Loss2: 0.000049 
| Global Round : 15 | Client :3 | Local Epoch : 1 | [704/926 (79%)]	Loss1: 5.838280 Loss2: 0.000053 
| Global Round : 15 | Client :3 | Local Epoch : 2 | [64/926 (7%)]	Loss1: 5.838113 Loss2: 0.000051 
| Global Round : 15 | Client :3 | Local Epoch : 2 | [704/926 (79%)]	Loss1: 5.838912 Loss2: 0.000050 
| Global Round : 15 | Client :3 | Local Epoch : 3 | [64/926 (7%)]	Loss1: 5.838005 Loss2: 0.000054 
| Global Round : 15 | Client :3 | Local Epoch : 3 | [704/926 (79%)]	Loss1: 5.838686 Loss2: 0.000057 
| Global Round : 15 | Client :3 | Local Epoch : 4 | [64/926 (7%)]	Loss1: 5.838196 Loss2: 0.000048 
| Global Round : 15 | Client :3 | Local Epoch : 4 | [704/926 (79%)]	Loss1: 5.839347 Loss2: 0.000056 
| Global Round : 15 | Client :4 | Local Epoch : 0 | [64/514 (12%)]	Loss1: 5.839550 Loss2: 0.000042 
| Global Round : 15 | Client :4 | Local Epoch : 1 | [64/514 (12%)]	Loss1: 5.839672 Loss2: 0.000049 
| Global Round : 15 | Client :4 | Local Epoch : 2 | [64/514 (12%)]	Loss1: 5.840085 Loss2: 0.000044 
| Global Round : 15 | Client :4 | Local Epoch : 3 | [64/514 (12%)]	Loss1: 5.840597 Loss2: 0.000048 
| Global Round : 15 | Client :4 | Local Epoch : 4 | [64/514 (12%)]	Loss1: 5.839794 Loss2: 0.000044 
| Global Round : 15 | Client :5 | Local Epoch : 0 | [64/641 (10%)]	Loss1: 5.837959 Loss2: 0.000051 
| Global Round : 15 | Client :5 | Local Epoch : 1 | [64/641 (10%)]	Loss1: 5.839709 Loss2: 0.000056 
| Global Round : 15 | Client :5 | Local Epoch : 2 | [64/641 (10%)]	Loss1: 5.838623 Loss2: 0.000056 
| Global Round : 15 | Client :5 | Local Epoch : 3 | [64/641 (10%)]	Loss1: 5.838623 Loss2: 0.000050 
| Global Round : 15 | Client :5 | Local Epoch : 4 | [64/641 (10%)]	Loss1: 5.837770 Loss2: 0.000058 
| Global Round : 15 | Client :6 | Local Epoch : 0 | [64/777 (8%)]	Loss1: 5.838985 Loss2: 0.000050 
| Global Round : 15 | Client :6 | Local Epoch : 0 | [704/777 (92%)]	Loss1: 5.839698 Loss2: 0.000048 
| Global Round : 15 | Client :6 | Local Epoch : 1 | [64/777 (8%)]	Loss1: 5.838428 Loss2: 0.000055 
| Global Round : 15 | Client :6 | Local Epoch : 1 | [704/777 (92%)]	Loss1: 5.838655 Loss2: 0.000049 
| Global Round : 15 | Client :6 | Local Epoch : 2 | [64/777 (8%)]	Loss1: 5.839105 Loss2: 0.000054 
| Global Round : 15 | Client :6 | Local Epoch : 2 | [704/777 (92%)]	Loss1: 5.839331 Loss2: 0.000053 
| Global Round : 15 | Client :6 | Local Epoch : 3 | [64/777 (8%)]	Loss1: 5.839147 Loss2: 0.000053 
| Global Round : 15 | Client :6 | Local Epoch : 3 | [704/777 (92%)]	Loss1: 5.838848 Loss2: 0.000045 
| Global Round : 15 | Client :6 | Local Epoch : 4 | [64/777 (8%)]	Loss1: 5.838930 Loss2: 0.000052 
| Global Round : 15 | Client :6 | Local Epoch : 4 | [704/777 (92%)]	Loss1: 5.839539 Loss2: 0.000053 
| Global Round : 15 | Client :7 | Local Epoch : 0 | [64/590 (11%)]	Loss1: 5.838124 Loss2: 0.000057 
| Global Round : 15 | Client :7 | Local Epoch : 1 | [64/590 (11%)]	Loss1: 5.839190 Loss2: 0.000064 
| Global Round : 15 | Client :7 | Local Epoch : 2 | [64/590 (11%)]	Loss1: 5.838368 Loss2: 0.000051 
| Global Round : 15 | Client :7 | Local Epoch : 3 | [64/590 (11%)]	Loss1: 5.840201 Loss2: 0.000061 
| Global Round : 15 | Client :7 | Local Epoch : 4 | [64/590 (11%)]	Loss1: 5.838939 Loss2: 0.000054 
| Global Round : 15 | Client :8 | Local Epoch : 0 | [64/612 (11%)]	Loss1: 5.838393 Loss2: 0.000046 
| Global Round : 15 | Client :8 | Local Epoch : 1 | [64/612 (11%)]	Loss1: 5.838010 Loss2: 0.000043 
| Global Round : 15 | Client :8 | Local Epoch : 2 | [64/612 (11%)]	Loss1: 5.838031 Loss2: 0.000044 
| Global Round : 15 | Client :8 | Local Epoch : 3 | [64/612 (11%)]	Loss1: 5.838133 Loss2: 0.000045 
| Global Round : 15 | Client :8 | Local Epoch : 4 | [64/612 (11%)]	Loss1: 5.838333 Loss2: 0.000043 
| Global Round : 15 | Client :9 | Local Epoch : 0 | [64/305 (25%)]	Loss1: 5.839796 Loss2: 0.000052 
| Global Round : 15 | Client :9 | Local Epoch : 1 | [64/305 (25%)]	Loss1: 5.839500 Loss2: 0.000051 
| Global Round : 15 | Client :9 | Local Epoch : 2 | [64/305 (25%)]	Loss1: 5.839271 Loss2: 0.000045 
| Global Round : 15 | Client :9 | Local Epoch : 3 | [64/305 (25%)]	Loss1: 5.839937 Loss2: 0.000046 
| Global Round : 15 | Client :9 | Local Epoch : 4 | [64/305 (25%)]	Loss1: 5.839555 Loss2: 0.000051 
average loss:   5.838087357358327
average local test accuracy: 0.93671875
average global test accuracy:  0.30195312500000004

 | Global Training Round : 16 |

xi_k [0.46366876 0.46783885 0.49448683 0.51520547 0.53052291 0.53173351
 0.52636347 0.51988958 0.50110701 0.44705648]
max_exp: -1.0
coe: 10
Regulation [0.8 0.8 0.8 0.8 0.8 0.8 0.8 0.8 0.8 0.8]
Solver status: optimal_inaccurate
b_new: [1. 1. 1. 1. 1. 1. 1. 1. 1. 1.]
Iter 0: obj=49.5787, best_obj=49.5787, ||b_new-b_prev||₂=2.846050
xi_k [0.46366876 0.46783885 0.49448683 0.51520547 0.53052291 0.53173351
 0.52636347 0.51988958 0.50110701 0.44705648]
max_exp: -1.0
coe: 10
Regulation [-1. -1. -1. -1. -1. -1. -1. -1. -1. -1.]
Solver status: optimal_inaccurate
b_new: [1. 1. 1. 1. 1. 1. 1. 1. 1. 1.]
Iter 1: obj=50.4787, best_obj=50.4787, ||b_new-b_prev||₂=0.000000
Converged.
Final b: [1. 1. 1. 1. 1. 1. 1. 1. 1. 1.]
<class 'numpy.ndarray'>
b_float: [1. 1. 1. 1. 1. 1. 1. 1. 1. 1.]
b: [1 1 1 1 1 1 1 1 1 1]
active_clients:  [0, 1, 2, 3, 4, 5, 6, 7, 8, 9]
Client 0's s_k are:[0 0 0 0 1 0 0 0 0 0]
Client 1's s_k are:[0 0 0 0 0 0 0 1 0 0]
Client 2's s_k are:[0 0 0 0 0 0 1 0 0 0]
Client 3's s_k are:[0 0 0 0 0 1 0 0 0 0]
Client 4's s_k are:[1 0 0 0 0 0 0 0 0 0]
Client 5's s_k are:[0 0 0 1 0 0 0 0 0 0]
Client 6's s_k are:[0 0 1 0 0 0 0 0 0 0]
Client 7's s_k are:[0 1 0 0 0 0 0 0 0 0]
Client 8's s_k are:[0 0 0 0 1 0 0 0 0 0]
Client 9's s_k are:[0 0 0 0 1 0 0 0 0 0]
| Global Round : 16 | Client :0 | Local Epoch : 0 | [64/294 (25%)]	Loss1: 5.839333 Loss2: 0.000046 
| Global Round : 16 | Client :0 | Local Epoch : 1 | [64/294 (25%)]	Loss1: 5.839174 Loss2: 0.000045 
| Global Round : 16 | Client :0 | Local Epoch : 2 | [64/294 (25%)]	Loss1: 5.839742 Loss2: 0.000043 
| Global Round : 16 | Client :0 | Local Epoch : 3 | [64/294 (25%)]	Loss1: 5.838691 Loss2: 0.000049 
| Global Round : 16 | Client :0 | Local Epoch : 4 | [64/294 (25%)]	Loss1: 5.838952 Loss2: 0.000043 
| Global Round : 16 | Client :1 | Local Epoch : 0 | [64/510 (14%)]	Loss1: 5.839130 Loss2: 0.000057 
| Global Round : 16 | Client :1 | Local Epoch : 1 | [64/510 (14%)]	Loss1: 5.839124 Loss2: 0.000072 
| Global Round : 16 | Client :1 | Local Epoch : 2 | [64/510 (14%)]	Loss1: 5.838736 Loss2: 0.000056 
| Global Round : 16 | Client :1 | Local Epoch : 3 | [64/510 (14%)]	Loss1: 5.840075 Loss2: 0.000060 
| Global Round : 16 | Client :1 | Local Epoch : 4 | [64/510 (14%)]	Loss1: 5.840435 Loss2: 0.000069 
| Global Round : 16 | Client :2 | Local Epoch : 0 | [64/827 (8%)]	Loss1: 5.838600 Loss2: 0.000054 
| Global Round : 16 | Client :2 | Local Epoch : 0 | [704/827 (92%)]	Loss1: 5.838575 Loss2: 0.000053 
| Global Round : 16 | Client :2 | Local Epoch : 1 | [64/827 (8%)]	Loss1: 5.838345 Loss2: 0.000054 
| Global Round : 16 | Client :2 | Local Epoch : 1 | [704/827 (92%)]	Loss1: 5.838561 Loss2: 0.000053 
| Global Round : 16 | Client :2 | Local Epoch : 2 | [64/827 (8%)]	Loss1: 5.838374 Loss2: 0.000051 
| Global Round : 16 | Client :2 | Local Epoch : 2 | [704/827 (92%)]	Loss1: 5.838627 Loss2: 0.000057 
| Global Round : 16 | Client :2 | Local Epoch : 3 | [64/827 (8%)]	Loss1: 5.839135 Loss2: 0.000059 
| Global Round : 16 | Client :2 | Local Epoch : 3 | [704/827 (92%)]	Loss1: 5.838755 Loss2: 0.000053 
| Global Round : 16 | Client :2 | Local Epoch : 4 | [64/827 (8%)]	Loss1: 5.839027 Loss2: 0.000050 
| Global Round : 16 | Client :2 | Local Epoch : 4 | [704/827 (92%)]	Loss1: 5.838439 Loss2: 0.000059 
| Global Round : 16 | Client :3 | Local Epoch : 0 | [64/926 (7%)]	Loss1: 5.838193 Loss2: 0.000058 
| Global Round : 16 | Client :3 | Local Epoch : 0 | [704/926 (79%)]	Loss1: 5.838128 Loss2: 0.000053 
| Global Round : 16 | Client :3 | Local Epoch : 1 | [64/926 (7%)]	Loss1: 5.838264 Loss2: 0.000054 
| Global Round : 16 | Client :3 | Local Epoch : 1 | [704/926 (79%)]	Loss1: 5.839008 Loss2: 0.000054 
| Global Round : 16 | Client :3 | Local Epoch : 2 | [64/926 (7%)]	Loss1: 5.838454 Loss2: 0.000048 
| Global Round : 16 | Client :3 | Local Epoch : 2 | [704/926 (79%)]	Loss1: 5.837811 Loss2: 0.000053 
| Global Round : 16 | Client :3 | Local Epoch : 3 | [64/926 (7%)]	Loss1: 5.838464 Loss2: 0.000053 
| Global Round : 16 | Client :3 | Local Epoch : 3 | [704/926 (79%)]	Loss1: 5.837914 Loss2: 0.000055 
| Global Round : 16 | Client :3 | Local Epoch : 4 | [64/926 (7%)]	Loss1: 5.838691 Loss2: 0.000056 
| Global Round : 16 | Client :3 | Local Epoch : 4 | [704/926 (79%)]	Loss1: 5.839325 Loss2: 0.000057 
| Global Round : 16 | Client :4 | Local Epoch : 0 | [64/514 (12%)]	Loss1: 5.839677 Loss2: 0.000050 
| Global Round : 16 | Client :4 | Local Epoch : 1 | [64/514 (12%)]	Loss1: 5.841538 Loss2: 0.000046 
| Global Round : 16 | Client :4 | Local Epoch : 2 | [64/514 (12%)]	Loss1: 5.841108 Loss2: 0.000043 
| Global Round : 16 | Client :4 | Local Epoch : 3 | [64/514 (12%)]	Loss1: 5.839917 Loss2: 0.000038 
| Global Round : 16 | Client :4 | Local Epoch : 4 | [64/514 (12%)]	Loss1: 5.839777 Loss2: 0.000045 
| Global Round : 16 | Client :5 | Local Epoch : 0 | [64/641 (10%)]	Loss1: 5.838329 Loss2: 0.000051 
| Global Round : 16 | Client :5 | Local Epoch : 1 | [64/641 (10%)]	Loss1: 5.840092 Loss2: 0.000054 
| Global Round : 16 | Client :5 | Local Epoch : 2 | [64/641 (10%)]	Loss1: 5.838222 Loss2: 0.000054 
| Global Round : 16 | Client :5 | Local Epoch : 3 | [64/641 (10%)]	Loss1: 5.839032 Loss2: 0.000052 
| Global Round : 16 | Client :5 | Local Epoch : 4 | [64/641 (10%)]	Loss1: 5.837784 Loss2: 0.000052 
| Global Round : 16 | Client :6 | Local Epoch : 0 | [64/777 (8%)]	Loss1: 5.838638 Loss2: 0.000053 
| Global Round : 16 | Client :6 | Local Epoch : 0 | [704/777 (92%)]	Loss1: 5.839442 Loss2: 0.000053 
| Global Round : 16 | Client :6 | Local Epoch : 1 | [64/777 (8%)]	Loss1: 5.838744 Loss2: 0.000057 
| Global Round : 16 | Client :6 | Local Epoch : 1 | [704/777 (92%)]	Loss1: 5.839450 Loss2: 0.000058 
| Global Round : 16 | Client :6 | Local Epoch : 2 | [64/777 (8%)]	Loss1: 5.839344 Loss2: 0.000054 
| Global Round : 16 | Client :6 | Local Epoch : 2 | [704/777 (92%)]	Loss1: 5.838673 Loss2: 0.000052 
| Global Round : 16 | Client :6 | Local Epoch : 3 | [64/777 (8%)]	Loss1: 5.838820 Loss2: 0.000056 
| Global Round : 16 | Client :6 | Local Epoch : 3 | [704/777 (92%)]	Loss1: 5.838937 Loss2: 0.000055 
| Global Round : 16 | Client :6 | Local Epoch : 4 | [64/777 (8%)]	Loss1: 5.838268 Loss2: 0.000053 
| Global Round : 16 | Client :6 | Local Epoch : 4 | [704/777 (92%)]	Loss1: 5.838370 Loss2: 0.000055 
| Global Round : 16 | Client :7 | Local Epoch : 0 | [64/590 (11%)]	Loss1: 5.838355 Loss2: 0.000059 
| Global Round : 16 | Client :7 | Local Epoch : 1 | [64/590 (11%)]	Loss1: 5.838490 Loss2: 0.000064 
| Global Round : 16 | Client :7 | Local Epoch : 2 | [64/590 (11%)]	Loss1: 5.838177 Loss2: 0.000057 
| Global Round : 16 | Client :7 | Local Epoch : 3 | [64/590 (11%)]	Loss1: 5.838951 Loss2: 0.000057 
| Global Round : 16 | Client :7 | Local Epoch : 4 | [64/590 (11%)]	Loss1: 5.839345 Loss2: 0.000053 
| Global Round : 16 | Client :8 | Local Epoch : 0 | [64/612 (11%)]	Loss1: 5.838138 Loss2: 0.000040 
| Global Round : 16 | Client :8 | Local Epoch : 1 | [64/612 (11%)]	Loss1: 5.838184 Loss2: 0.000041 
| Global Round : 16 | Client :8 | Local Epoch : 2 | [64/612 (11%)]	Loss1: 5.838600 Loss2: 0.000037 
| Global Round : 16 | Client :8 | Local Epoch : 3 | [64/612 (11%)]	Loss1: 5.838098 Loss2: 0.000037 
| Global Round : 16 | Client :8 | Local Epoch : 4 | [64/612 (11%)]	Loss1: 5.837970 Loss2: 0.000042 
| Global Round : 16 | Client :9 | Local Epoch : 0 | [64/305 (25%)]	Loss1: 5.839207 Loss2: 0.000046 
| Global Round : 16 | Client :9 | Local Epoch : 1 | [64/305 (25%)]	Loss1: 5.839968 Loss2: 0.000047 
| Global Round : 16 | Client :9 | Local Epoch : 2 | [64/305 (25%)]	Loss1: 5.840246 Loss2: 0.000046 
| Global Round : 16 | Client :9 | Local Epoch : 3 | [64/305 (25%)]	Loss1: 5.838429 Loss2: 0.000051 
| Global Round : 16 | Client :9 | Local Epoch : 4 | [64/305 (25%)]	Loss1: 5.839303 Loss2: 0.000050 
average loss:   5.838030446010923
average local test accuracy: 0.9397135416666667
average global test accuracy:  0.298828125

 | Global Training Round : 17 |

xi_k [0.46368999 0.46782806 0.49448591 0.51523248 0.53050938 0.53170662
 0.52635079 0.5198638  0.50110313 0.44708274]
max_exp: -1.0
coe: 10
Regulation [0.8 0.8 0.8 0.8 0.8 0.8 0.8 0.8 0.8 0.8]
Solver status: optimal_inaccurate
b_new: [1. 1. 1. 1. 1. 1. 1. 1. 1. 1.]
Iter 0: obj=49.5785, best_obj=49.5785, ||b_new-b_prev||₂=2.846050
xi_k [0.46368999 0.46782806 0.49448591 0.51523248 0.53050938 0.53170662
 0.52635079 0.5198638  0.50110313 0.44708274]
max_exp: -1.0
coe: 10
Regulation [-1. -1. -1. -1. -1. -1. -1. -1. -1. -1.]
Solver status: optimal_inaccurate
b_new: [1. 1. 1. 1. 1. 1. 1. 1. 1. 1.]
Iter 1: obj=50.4785, best_obj=50.4785, ||b_new-b_prev||₂=0.000000
Converged.
Final b: [1. 1. 1. 1. 1. 1. 1. 1. 1. 1.]
<class 'numpy.ndarray'>
b_float: [1. 1. 1. 1. 1. 1. 1. 1. 1. 1.]
b: [1 1 1 1 1 1 1 1 1 1]
active_clients:  [0, 1, 2, 3, 4, 5, 6, 7, 8, 9]
Client 0's s_k are:[0 0 0 0 1 0 0 0 0 0]
Client 1's s_k are:[0 0 0 0 0 0 0 1 0 0]
Client 2's s_k are:[0 0 0 0 0 0 1 0 0 0]
Client 3's s_k are:[0 0 0 0 0 1 0 0 0 0]
Client 4's s_k are:[1 0 0 0 0 0 0 0 0 0]
Client 5's s_k are:[0 0 0 1 0 0 0 0 0 0]
Client 6's s_k are:[0 0 1 0 0 0 0 0 0 0]
Client 7's s_k are:[0 1 0 0 0 0 0 0 0 0]
Client 8's s_k are:[0 0 0 0 1 0 0 0 0 0]
Client 9's s_k are:[0 0 0 0 1 0 0 0 0 0]
| Global Round : 17 | Client :0 | Local Epoch : 0 | [64/294 (25%)]	Loss1: 5.838968 Loss2: 0.000043 
| Global Round : 17 | Client :0 | Local Epoch : 1 | [64/294 (25%)]	Loss1: 5.838273 Loss2: 0.000040 
| Global Round : 17 | Client :0 | Local Epoch : 2 | [64/294 (25%)]	Loss1: 5.838720 Loss2: 0.000043 
| Global Round : 17 | Client :0 | Local Epoch : 3 | [64/294 (25%)]	Loss1: 5.838660 Loss2: 0.000040 
| Global Round : 17 | Client :0 | Local Epoch : 4 | [64/294 (25%)]	Loss1: 5.838402 Loss2: 0.000043 
| Global Round : 17 | Client :1 | Local Epoch : 0 | [64/510 (14%)]	Loss1: 5.839363 Loss2: 0.000056 
| Global Round : 17 | Client :1 | Local Epoch : 1 | [64/510 (14%)]	Loss1: 5.838356 Loss2: 0.000062 
| Global Round : 17 | Client :1 | Local Epoch : 2 | [64/510 (14%)]	Loss1: 5.837894 Loss2: 0.000067 
| Global Round : 17 | Client :1 | Local Epoch : 3 | [64/510 (14%)]	Loss1: 5.838108 Loss2: 0.000064 
| Global Round : 17 | Client :1 | Local Epoch : 4 | [64/510 (14%)]	Loss1: 5.839738 Loss2: 0.000060 
| Global Round : 17 | Client :2 | Local Epoch : 0 | [64/827 (8%)]	Loss1: 5.839275 Loss2: 0.000060 
| Global Round : 17 | Client :2 | Local Epoch : 0 | [704/827 (92%)]	Loss1: 5.838394 Loss2: 0.000059 
| Global Round : 17 | Client :2 | Local Epoch : 1 | [64/827 (8%)]	Loss1: 5.839738 Loss2: 0.000058 
| Global Round : 17 | Client :2 | Local Epoch : 1 | [704/827 (92%)]	Loss1: 5.838516 Loss2: 0.000057 
| Global Round : 17 | Client :2 | Local Epoch : 2 | [64/827 (8%)]	Loss1: 5.838960 Loss2: 0.000060 
| Global Round : 17 | Client :2 | Local Epoch : 2 | [704/827 (92%)]	Loss1: 5.838308 Loss2: 0.000055 
| Global Round : 17 | Client :2 | Local Epoch : 3 | [64/827 (8%)]	Loss1: 5.838618 Loss2: 0.000059 
| Global Round : 17 | Client :2 | Local Epoch : 3 | [704/827 (92%)]	Loss1: 5.838594 Loss2: 0.000056 
| Global Round : 17 | Client :2 | Local Epoch : 4 | [64/827 (8%)]	Loss1: 5.838526 Loss2: 0.000058 
| Global Round : 17 | Client :2 | Local Epoch : 4 | [704/827 (92%)]	Loss1: 5.838868 Loss2: 0.000055 
| Global Round : 17 | Client :3 | Local Epoch : 0 | [64/926 (7%)]	Loss1: 5.838132 Loss2: 0.000055 
| Global Round : 17 | Client :3 | Local Epoch : 0 | [704/926 (79%)]	Loss1: 5.838285 Loss2: 0.000061 
| Global Round : 17 | Client :3 | Local Epoch : 1 | [64/926 (7%)]	Loss1: 5.838916 Loss2: 0.000061 
| Global Round : 17 | Client :3 | Local Epoch : 1 | [704/926 (79%)]	Loss1: 5.838095 Loss2: 0.000061 
| Global Round : 17 | Client :3 | Local Epoch : 2 | [64/926 (7%)]	Loss1: 5.837947 Loss2: 0.000063 
| Global Round : 17 | Client :3 | Local Epoch : 2 | [704/926 (79%)]	Loss1: 5.837982 Loss2: 0.000058 
| Global Round : 17 | Client :3 | Local Epoch : 3 | [64/926 (7%)]	Loss1: 5.838058 Loss2: 0.000055 
| Global Round : 17 | Client :3 | Local Epoch : 3 | [704/926 (79%)]	Loss1: 5.838097 Loss2: 0.000064 
| Global Round : 17 | Client :3 | Local Epoch : 4 | [64/926 (7%)]	Loss1: 5.837997 Loss2: 0.000061 
| Global Round : 17 | Client :3 | Local Epoch : 4 | [704/926 (79%)]	Loss1: 5.838163 Loss2: 0.000059 
| Global Round : 17 | Client :4 | Local Epoch : 0 | [64/514 (12%)]	Loss1: 5.839401 Loss2: 0.000043 
| Global Round : 17 | Client :4 | Local Epoch : 1 | [64/514 (12%)]	Loss1: 5.839504 Loss2: 0.000042 
| Global Round : 17 | Client :4 | Local Epoch : 2 | [64/514 (12%)]	Loss1: 5.839495 Loss2: 0.000044 
| Global Round : 17 | Client :4 | Local Epoch : 3 | [64/514 (12%)]	Loss1: 5.839296 Loss2: 0.000037 
| Global Round : 17 | Client :4 | Local Epoch : 4 | [64/514 (12%)]	Loss1: 5.839691 Loss2: 0.000046 
| Global Round : 17 | Client :5 | Local Epoch : 0 | [64/641 (10%)]	Loss1: 5.839231 Loss2: 0.000057 
| Global Round : 17 | Client :5 | Local Epoch : 1 | [64/641 (10%)]	Loss1: 5.837701 Loss2: 0.000049 
| Global Round : 17 | Client :5 | Local Epoch : 2 | [64/641 (10%)]	Loss1: 5.838798 Loss2: 0.000050 
| Global Round : 17 | Client :5 | Local Epoch : 3 | [64/641 (10%)]	Loss1: 5.837756 Loss2: 0.000054 
| Global Round : 17 | Client :5 | Local Epoch : 4 | [64/641 (10%)]	Loss1: 5.838791 Loss2: 0.000051 
| Global Round : 17 | Client :6 | Local Epoch : 0 | [64/777 (8%)]	Loss1: 5.838836 Loss2: 0.000054 
| Global Round : 17 | Client :6 | Local Epoch : 0 | [704/777 (92%)]	Loss1: 5.839697 Loss2: 0.000050 
| Global Round : 17 | Client :6 | Local Epoch : 1 | [64/777 (8%)]	Loss1: 5.839509 Loss2: 0.000058 
| Global Round : 17 | Client :6 | Local Epoch : 1 | [704/777 (92%)]	Loss1: 5.838188 Loss2: 0.000058 
| Global Round : 17 | Client :6 | Local Epoch : 2 | [64/777 (8%)]	Loss1: 5.839266 Loss2: 0.000054 
| Global Round : 17 | Client :6 | Local Epoch : 2 | [704/777 (92%)]	Loss1: 5.839326 Loss2: 0.000054 
| Global Round : 17 | Client :6 | Local Epoch : 3 | [64/777 (8%)]	Loss1: 5.838603 Loss2: 0.000055 
| Global Round : 17 | Client :6 | Local Epoch : 3 | [704/777 (92%)]	Loss1: 5.838853 Loss2: 0.000052 
| Global Round : 17 | Client :6 | Local Epoch : 4 | [64/777 (8%)]	Loss1: 5.839035 Loss2: 0.000055 
| Global Round : 17 | Client :6 | Local Epoch : 4 | [704/777 (92%)]	Loss1: 5.838169 Loss2: 0.000055 
| Global Round : 17 | Client :7 | Local Epoch : 0 | [64/590 (11%)]	Loss1: 5.838600 Loss2: 0.000055 
| Global Round : 17 | Client :7 | Local Epoch : 1 | [64/590 (11%)]	Loss1: 5.838573 Loss2: 0.000063 
| Global Round : 17 | Client :7 | Local Epoch : 2 | [64/590 (11%)]	Loss1: 5.839004 Loss2: 0.000054 
| Global Round : 17 | Client :7 | Local Epoch : 3 | [64/590 (11%)]	Loss1: 5.838335 Loss2: 0.000060 
| Global Round : 17 | Client :7 | Local Epoch : 4 | [64/590 (11%)]	Loss1: 5.838983 Loss2: 0.000052 
| Global Round : 17 | Client :8 | Local Epoch : 0 | [64/612 (11%)]	Loss1: 5.837912 Loss2: 0.000036 
| Global Round : 17 | Client :8 | Local Epoch : 1 | [64/612 (11%)]	Loss1: 5.838150 Loss2: 0.000034 
| Global Round : 17 | Client :8 | Local Epoch : 2 | [64/612 (11%)]	Loss1: 5.837854 Loss2: 0.000035 
| Global Round : 17 | Client :8 | Local Epoch : 3 | [64/612 (11%)]	Loss1: 5.838335 Loss2: 0.000035 
| Global Round : 17 | Client :8 | Local Epoch : 4 | [64/612 (11%)]	Loss1: 5.837971 Loss2: 0.000034 
| Global Round : 17 | Client :9 | Local Epoch : 0 | [64/305 (25%)]	Loss1: 5.839233 Loss2: 0.000046 
| Global Round : 17 | Client :9 | Local Epoch : 1 | [64/305 (25%)]	Loss1: 5.839658 Loss2: 0.000050 
| Global Round : 17 | Client :9 | Local Epoch : 2 | [64/305 (25%)]	Loss1: 5.839112 Loss2: 0.000050 
| Global Round : 17 | Client :9 | Local Epoch : 3 | [64/305 (25%)]	Loss1: 5.840498 Loss2: 0.000043 
| Global Round : 17 | Client :9 | Local Epoch : 4 | [64/305 (25%)]	Loss1: 5.839942 Loss2: 0.000048 
average loss:   5.838014351053844
average local test accuracy: 0.9368489583333334
average global test accuracy:  0.30911458333333336

 | Global Training Round : 18 |

xi_k [0.46363828 0.46783922 0.49449989 0.51519914 0.5305135  0.53170155
 0.52635985 0.51985443 0.50110457 0.44701883]
max_exp: -1.0
coe: 10
Regulation [0.8 0.8 0.8 0.8 0.8 0.8 0.8 0.8 0.8 0.8]
Solver status: optimal_inaccurate
b_new: [1. 1. 1. 1. 1. 1. 1. 1. 1. 1.]
Iter 0: obj=49.5773, best_obj=49.5773, ||b_new-b_prev||₂=2.846050
xi_k [0.46363828 0.46783922 0.49449989 0.51519914 0.5305135  0.53170155
 0.52635985 0.51985443 0.50110457 0.44701883]
max_exp: -1.0
coe: 10
Regulation [-1. -1. -1. -1. -1. -1. -1. -1. -1. -1.]
Solver status: optimal_inaccurate
b_new: [1. 1. 1. 1. 1. 1. 1. 1. 1. 1.]
Iter 1: obj=50.4773, best_obj=50.4773, ||b_new-b_prev||₂=0.000000
Converged.
Final b: [1. 1. 1. 1. 1. 1. 1. 1. 1. 1.]
<class 'numpy.ndarray'>
b_float: [1. 1. 1. 1. 1. 1. 1. 1. 1. 1.]
b: [1 1 1 1 1 1 1 1 1 1]
active_clients:  [0, 1, 2, 3, 4, 5, 6, 7, 8, 9]
Client 0's s_k are:[0 0 0 0 1 0 0 0 0 0]
Client 1's s_k are:[0 0 0 0 0 0 0 1 0 0]
Client 2's s_k are:[0 0 0 0 0 0 1 0 0 0]
Client 3's s_k are:[0 0 0 0 0 1 0 0 0 0]
Client 4's s_k are:[0 0 0 0 0 0 0 0 1 0]
Client 5's s_k are:[0 0 0 1 0 0 0 0 0 0]
Client 6's s_k are:[0 0 1 0 0 0 0 0 0 0]
Client 7's s_k are:[0 1 0 0 0 0 0 0 0 0]
Client 8's s_k are:[0 0 0 0 1 0 0 0 0 0]
Client 9's s_k are:[0 0 0 0 1 0 0 0 0 0]
| Global Round : 18 | Client :0 | Local Epoch : 0 | [64/294 (25%)]	Loss1: 5.838679 Loss2: 0.000042 
| Global Round : 18 | Client :0 | Local Epoch : 1 | [64/294 (25%)]	Loss1: 5.838535 Loss2: 0.000046 
| Global Round : 18 | Client :0 | Local Epoch : 2 | [64/294 (25%)]	Loss1: 5.839717 Loss2: 0.000041 
| Global Round : 18 | Client :0 | Local Epoch : 3 | [64/294 (25%)]	Loss1: 5.838049 Loss2: 0.000043 
| Global Round : 18 | Client :0 | Local Epoch : 4 | [64/294 (25%)]	Loss1: 5.838407 Loss2: 0.000038 
| Global Round : 18 | Client :1 | Local Epoch : 0 | [64/510 (14%)]	Loss1: 5.839263 Loss2: 0.000063 
| Global Round : 18 | Client :1 | Local Epoch : 1 | [64/510 (14%)]	Loss1: 5.838745 Loss2: 0.000063 
| Global Round : 18 | Client :1 | Local Epoch : 2 | [64/510 (14%)]	Loss1: 5.839101 Loss2: 0.000067 
| Global Round : 18 | Client :1 | Local Epoch : 3 | [64/510 (14%)]	Loss1: 5.837978 Loss2: 0.000064 
| Global Round : 18 | Client :1 | Local Epoch : 4 | [64/510 (14%)]	Loss1: 5.838210 Loss2: 0.000070 
| Global Round : 18 | Client :2 | Local Epoch : 0 | [64/827 (8%)]	Loss1: 5.838329 Loss2: 0.000058 
| Global Round : 18 | Client :2 | Local Epoch : 0 | [704/827 (92%)]	Loss1: 5.838301 Loss2: 0.000055 
| Global Round : 18 | Client :2 | Local Epoch : 1 | [64/827 (8%)]	Loss1: 5.838426 Loss2: 0.000063 
| Global Round : 18 | Client :2 | Local Epoch : 1 | [704/827 (92%)]	Loss1: 5.838381 Loss2: 0.000057 
| Global Round : 18 | Client :2 | Local Epoch : 2 | [64/827 (8%)]	Loss1: 5.838913 Loss2: 0.000058 
| Global Round : 18 | Client :2 | Local Epoch : 2 | [704/827 (92%)]	Loss1: 5.838614 Loss2: 0.000061 
| Global Round : 18 | Client :2 | Local Epoch : 3 | [64/827 (8%)]	Loss1: 5.838746 Loss2: 0.000062 
| Global Round : 18 | Client :2 | Local Epoch : 3 | [704/827 (92%)]	Loss1: 5.838670 Loss2: 0.000060 
| Global Round : 18 | Client :2 | Local Epoch : 4 | [64/827 (8%)]	Loss1: 5.838245 Loss2: 0.000060 
| Global Round : 18 | Client :2 | Local Epoch : 4 | [704/827 (92%)]	Loss1: 5.838803 Loss2: 0.000054 
| Global Round : 18 | Client :3 | Local Epoch : 0 | [64/926 (7%)]	Loss1: 5.837986 Loss2: 0.000052 
| Global Round : 18 | Client :3 | Local Epoch : 0 | [704/926 (79%)]	Loss1: 5.838570 Loss2: 0.000053 
| Global Round : 18 | Client :3 | Local Epoch : 1 | [64/926 (7%)]	Loss1: 5.838466 Loss2: 0.000049 
| Global Round : 18 | Client :3 | Local Epoch : 1 | [704/926 (79%)]	Loss1: 5.838925 Loss2: 0.000056 
| Global Round : 18 | Client :3 | Local Epoch : 2 | [64/926 (7%)]	Loss1: 5.838634 Loss2: 0.000055 
| Global Round : 18 | Client :3 | Local Epoch : 2 | [704/926 (79%)]	Loss1: 5.838138 Loss2: 0.000057 
| Global Round : 18 | Client :3 | Local Epoch : 3 | [64/926 (7%)]	Loss1: 5.838104 Loss2: 0.000051 
| Global Round : 18 | Client :3 | Local Epoch : 3 | [704/926 (79%)]	Loss1: 5.838253 Loss2: 0.000057 
| Global Round : 18 | Client :3 | Local Epoch : 4 | [64/926 (7%)]	Loss1: 5.838081 Loss2: 0.000052 
| Global Round : 18 | Client :3 | Local Epoch : 4 | [704/926 (79%)]	Loss1: 5.838129 Loss2: 0.000060 
| Global Round : 18 | Client :4 | Local Epoch : 0 | [64/514 (12%)]	Loss1: 5.839576 Loss2: 0.000038 
| Global Round : 18 | Client :4 | Local Epoch : 1 | [64/514 (12%)]	Loss1: 5.840272 Loss2: 0.000036 
| Global Round : 18 | Client :4 | Local Epoch : 2 | [64/514 (12%)]	Loss1: 5.840114 Loss2: 0.000036 
| Global Round : 18 | Client :4 | Local Epoch : 3 | [64/514 (12%)]	Loss1: 5.840586 Loss2: 0.000039 
| Global Round : 18 | Client :4 | Local Epoch : 4 | [64/514 (12%)]	Loss1: 5.840071 Loss2: 0.000049 
| Global Round : 18 | Client :5 | Local Epoch : 0 | [64/641 (10%)]	Loss1: 5.837944 Loss2: 0.000050 
| Global Round : 18 | Client :5 | Local Epoch : 1 | [64/641 (10%)]	Loss1: 5.838861 Loss2: 0.000049 
| Global Round : 18 | Client :5 | Local Epoch : 2 | [64/641 (10%)]	Loss1: 5.838507 Loss2: 0.000050 
| Global Round : 18 | Client :5 | Local Epoch : 3 | [64/641 (10%)]	Loss1: 5.837888 Loss2: 0.000052 
| Global Round : 18 | Client :5 | Local Epoch : 4 | [64/641 (10%)]	Loss1: 5.838108 Loss2: 0.000049 
| Global Round : 18 | Client :6 | Local Epoch : 0 | [64/777 (8%)]	Loss1: 5.838749 Loss2: 0.000055 
| Global Round : 18 | Client :6 | Local Epoch : 0 | [704/777 (92%)]	Loss1: 5.839231 Loss2: 0.000057 
| Global Round : 18 | Client :6 | Local Epoch : 1 | [64/777 (8%)]	Loss1: 5.838964 Loss2: 0.000057 
| Global Round : 18 | Client :6 | Local Epoch : 1 | [704/777 (92%)]	Loss1: 5.838386 Loss2: 0.000055 
| Global Round : 18 | Client :6 | Local Epoch : 2 | [64/777 (8%)]	Loss1: 5.839193 Loss2: 0.000055 
| Global Round : 18 | Client :6 | Local Epoch : 2 | [704/777 (92%)]	Loss1: 5.838425 Loss2: 0.000056 
| Global Round : 18 | Client :6 | Local Epoch : 3 | [64/777 (8%)]	Loss1: 5.838278 Loss2: 0.000055 
| Global Round : 18 | Client :6 | Local Epoch : 3 | [704/777 (92%)]	Loss1: 5.838513 Loss2: 0.000060 
| Global Round : 18 | Client :6 | Local Epoch : 4 | [64/777 (8%)]	Loss1: 5.838682 Loss2: 0.000057 
| Global Round : 18 | Client :6 | Local Epoch : 4 | [704/777 (92%)]	Loss1: 5.839366 Loss2: 0.000059 
| Global Round : 18 | Client :7 | Local Epoch : 0 | [64/590 (11%)]	Loss1: 5.838809 Loss2: 0.000067 
| Global Round : 18 | Client :7 | Local Epoch : 1 | [64/590 (11%)]	Loss1: 5.838010 Loss2: 0.000069 
| Global Round : 18 | Client :7 | Local Epoch : 2 | [64/590 (11%)]	Loss1: 5.838547 Loss2: 0.000077 
| Global Round : 18 | Client :7 | Local Epoch : 3 | [64/590 (11%)]	Loss1: 5.838692 Loss2: 0.000067 
| Global Round : 18 | Client :7 | Local Epoch : 4 | [64/590 (11%)]	Loss1: 5.838886 Loss2: 0.000072 
| Global Round : 18 | Client :8 | Local Epoch : 0 | [64/612 (11%)]	Loss1: 5.837913 Loss2: 0.000037 
| Global Round : 18 | Client :8 | Local Epoch : 1 | [64/612 (11%)]	Loss1: 5.837893 Loss2: 0.000038 
| Global Round : 18 | Client :8 | Local Epoch : 2 | [64/612 (11%)]	Loss1: 5.837939 Loss2: 0.000036 
| Global Round : 18 | Client :8 | Local Epoch : 3 | [64/612 (11%)]	Loss1: 5.838262 Loss2: 0.000035 
| Global Round : 18 | Client :8 | Local Epoch : 4 | [64/612 (11%)]	Loss1: 5.837945 Loss2: 0.000040 
| Global Round : 18 | Client :9 | Local Epoch : 0 | [64/305 (25%)]	Loss1: 5.840044 Loss2: 0.000048 
| Global Round : 18 | Client :9 | Local Epoch : 1 | [64/305 (25%)]	Loss1: 5.840250 Loss2: 0.000051 
| Global Round : 18 | Client :9 | Local Epoch : 2 | [64/305 (25%)]	Loss1: 5.839472 Loss2: 0.000049 
| Global Round : 18 | Client :9 | Local Epoch : 3 | [64/305 (25%)]	Loss1: 5.839680 Loss2: 0.000047 
| Global Round : 18 | Client :9 | Local Epoch : 4 | [64/305 (25%)]	Loss1: 5.839672 Loss2: 0.000043 
average loss:   5.8379474416233235
average local test accuracy: 0.9346354166666666
average global test accuracy:  0.301953125

 | Global Training Round : 19 |

xi_k [0.46365975 0.46778365 0.49448053 0.51519532 0.53050053 0.53168499
 0.52633803 0.51984873 0.50111319 0.44704207]
max_exp: -1.0
coe: 10
Regulation [0.8 0.8 0.8 0.8 0.8 0.8 0.8 0.8 0.8 0.8]
Solver status: optimal_inaccurate
b_new: [1. 1. 1. 1. 1. 1. 1. 1. 1. 1.]
Iter 0: obj=49.5765, best_obj=49.5765, ||b_new-b_prev||₂=2.846050
xi_k [0.46365975 0.46778365 0.49448053 0.51519532 0.53050053 0.53168499
 0.52633803 0.51984873 0.50111319 0.44704207]
max_exp: -1.0
coe: 10
Regulation [-1. -1. -1. -1. -1. -1. -1. -1. -1. -1.]
Solver status: optimal_inaccurate
b_new: [1. 1. 1. 1. 1. 1. 1. 1. 1. 1.]
Iter 1: obj=50.4765, best_obj=50.4765, ||b_new-b_prev||₂=0.000000
Converged.
Final b: [1. 1. 1. 1. 1. 1. 1. 1. 1. 1.]
<class 'numpy.ndarray'>
b_float: [1. 1. 1. 1. 1. 1. 1. 1. 1. 1.]
b: [1 1 1 1 1 1 1 1 1 1]
active_clients:  [0, 1, 2, 3, 4, 5, 6, 7, 8, 9]
Client 0's s_k are:[0 0 0 0 1 0 0 0 0 0]
Client 1's s_k are:[0 0 0 0 0 0 0 1 0 0]
Client 2's s_k are:[0 0 0 0 0 0 1 0 0 0]
Client 3's s_k are:[0 0 0 0 0 1 0 0 0 0]
Client 4's s_k are:[0 0 0 0 0 0 0 0 1 0]
Client 5's s_k are:[0 0 0 1 0 0 0 0 0 0]
Client 6's s_k are:[0 0 1 0 0 0 0 0 0 0]
Client 7's s_k are:[0 1 0 0 0 0 0 0 0 0]
Client 8's s_k are:[0 0 0 0 1 0 0 0 0 0]
Client 9's s_k are:[0 0 0 0 1 0 0 0 0 0]
| Global Round : 19 | Client :0 | Local Epoch : 0 | [64/294 (25%)]	Loss1: 5.838666 Loss2: 0.000041 
| Global Round : 19 | Client :0 | Local Epoch : 1 | [64/294 (25%)]	Loss1: 5.838742 Loss2: 0.000043 
| Global Round : 19 | Client :0 | Local Epoch : 2 | [64/294 (25%)]	Loss1: 5.838660 Loss2: 0.000040 
| Global Round : 19 | Client :0 | Local Epoch : 3 | [64/294 (25%)]	Loss1: 5.838583 Loss2: 0.000042 
| Global Round : 19 | Client :0 | Local Epoch : 4 | [64/294 (25%)]	Loss1: 5.838528 Loss2: 0.000042 
| Global Round : 19 | Client :1 | Local Epoch : 0 | [64/510 (14%)]	Loss1: 5.839497 Loss2: 0.000065 
| Global Round : 19 | Client :1 | Local Epoch : 1 | [64/510 (14%)]	Loss1: 5.839382 Loss2: 0.000053 
| Global Round : 19 | Client :1 | Local Epoch : 2 | [64/510 (14%)]	Loss1: 5.838595 Loss2: 0.000064 
| Global Round : 19 | Client :1 | Local Epoch : 3 | [64/510 (14%)]	Loss1: 5.840148 Loss2: 0.000068 
| Global Round : 19 | Client :1 | Local Epoch : 4 | [64/510 (14%)]	Loss1: 5.838678 Loss2: 0.000067 
| Global Round : 19 | Client :2 | Local Epoch : 0 | [64/827 (8%)]	Loss1: 5.838165 Loss2: 0.000058 
| Global Round : 19 | Client :2 | Local Epoch : 0 | [704/827 (92%)]	Loss1: 5.839436 Loss2: 0.000057 
| Global Round : 19 | Client :2 | Local Epoch : 1 | [64/827 (8%)]	Loss1: 5.838391 Loss2: 0.000059 
| Global Round : 19 | Client :2 | Local Epoch : 1 | [704/827 (92%)]	Loss1: 5.838564 Loss2: 0.000057 
| Global Round : 19 | Client :2 | Local Epoch : 2 | [64/827 (8%)]	Loss1: 5.838573 Loss2: 0.000051 
| Global Round : 19 | Client :2 | Local Epoch : 2 | [704/827 (92%)]	Loss1: 5.838731 Loss2: 0.000055 
| Global Round : 19 | Client :2 | Local Epoch : 3 | [64/827 (8%)]	Loss1: 5.838480 Loss2: 0.000058 
| Global Round : 19 | Client :2 | Local Epoch : 3 | [704/827 (92%)]	Loss1: 5.838574 Loss2: 0.000056 
| Global Round : 19 | Client :2 | Local Epoch : 4 | [64/827 (8%)]	Loss1: 5.838904 Loss2: 0.000059 
| Global Round : 19 | Client :2 | Local Epoch : 4 | [704/827 (92%)]	Loss1: 5.838500 Loss2: 0.000064 
| Global Round : 19 | Client :3 | Local Epoch : 0 | [64/926 (7%)]	Loss1: 5.837799 Loss2: 0.000056 
| Global Round : 19 | Client :3 | Local Epoch : 0 | [704/926 (79%)]	Loss1: 5.839214 Loss2: 0.000060 
| Global Round : 19 | Client :3 | Local Epoch : 1 | [64/926 (7%)]	Loss1: 5.837755 Loss2: 0.000050 
| Global Round : 19 | Client :3 | Local Epoch : 1 | [704/926 (79%)]	Loss1: 5.838066 Loss2: 0.000063 
| Global Round : 19 | Client :3 | Local Epoch : 2 | [64/926 (7%)]	Loss1: 5.838268 Loss2: 0.000059 
| Global Round : 19 | Client :3 | Local Epoch : 2 | [704/926 (79%)]	Loss1: 5.838524 Loss2: 0.000061 
| Global Round : 19 | Client :3 | Local Epoch : 3 | [64/926 (7%)]	Loss1: 5.837980 Loss2: 0.000063 
| Global Round : 19 | Client :3 | Local Epoch : 3 | [704/926 (79%)]	Loss1: 5.837838 Loss2: 0.000057 
| Global Round : 19 | Client :3 | Local Epoch : 4 | [64/926 (7%)]	Loss1: 5.838199 Loss2: 0.000058 
| Global Round : 19 | Client :3 | Local Epoch : 4 | [704/926 (79%)]	Loss1: 5.838644 Loss2: 0.000062 
| Global Round : 19 | Client :4 | Local Epoch : 0 | [64/514 (12%)]	Loss1: 5.839973 Loss2: 0.000044 
| Global Round : 19 | Client :4 | Local Epoch : 1 | [64/514 (12%)]	Loss1: 5.839290 Loss2: 0.000040 
| Global Round : 19 | Client :4 | Local Epoch : 2 | [64/514 (12%)]	Loss1: 5.839381 Loss2: 0.000042 
| Global Round : 19 | Client :4 | Local Epoch : 3 | [64/514 (12%)]	Loss1: 5.839853 Loss2: 0.000042 
| Global Round : 19 | Client :4 | Local Epoch : 4 | [64/514 (12%)]	Loss1: 5.840122 Loss2: 0.000044 
| Global Round : 19 | Client :5 | Local Epoch : 0 | [64/641 (10%)]	Loss1: 5.837769 Loss2: 0.000058 
| Global Round : 19 | Client :5 | Local Epoch : 1 | [64/641 (10%)]	Loss1: 5.837791 Loss2: 0.000056 
| Global Round : 19 | Client :5 | Local Epoch : 2 | [64/641 (10%)]	Loss1: 5.838437 Loss2: 0.000055 
| Global Round : 19 | Client :5 | Local Epoch : 3 | [64/641 (10%)]	Loss1: 5.838343 Loss2: 0.000059 
| Global Round : 19 | Client :5 | Local Epoch : 4 | [64/641 (10%)]	Loss1: 5.837865 Loss2: 0.000054 
| Global Round : 19 | Client :6 | Local Epoch : 0 | [64/777 (8%)]	Loss1: 5.839354 Loss2: 0.000056 
| Global Round : 19 | Client :6 | Local Epoch : 0 | [704/777 (92%)]	Loss1: 5.838797 Loss2: 0.000054 
| Global Round : 19 | Client :6 | Local Epoch : 1 | [64/777 (8%)]	Loss1: 5.838804 Loss2: 0.000056 
| Global Round : 19 | Client :6 | Local Epoch : 1 | [704/777 (92%)]	Loss1: 5.838844 Loss2: 0.000059 
| Global Round : 19 | Client :6 | Local Epoch : 2 | [64/777 (8%)]	Loss1: 5.838836 Loss2: 0.000056 
| Global Round : 19 | Client :6 | Local Epoch : 2 | [704/777 (92%)]	Loss1: 5.838818 Loss2: 0.000056 
| Global Round : 19 | Client :6 | Local Epoch : 3 | [64/777 (8%)]	Loss1: 5.838562 Loss2: 0.000060 
| Global Round : 19 | Client :6 | Local Epoch : 3 | [704/777 (92%)]	Loss1: 5.838141 Loss2: 0.000055 
| Global Round : 19 | Client :6 | Local Epoch : 4 | [64/777 (8%)]	Loss1: 5.838689 Loss2: 0.000058 
| Global Round : 19 | Client :6 | Local Epoch : 4 | [704/777 (92%)]	Loss1: 5.838618 Loss2: 0.000054 
| Global Round : 19 | Client :7 | Local Epoch : 0 | [64/590 (11%)]	Loss1: 5.838181 Loss2: 0.000062 
| Global Round : 19 | Client :7 | Local Epoch : 1 | [64/590 (11%)]	Loss1: 5.839070 Loss2: 0.000062 
| Global Round : 19 | Client :7 | Local Epoch : 2 | [64/590 (11%)]	Loss1: 5.838016 Loss2: 0.000061 
| Global Round : 19 | Client :7 | Local Epoch : 3 | [64/590 (11%)]	Loss1: 5.838171 Loss2: 0.000064 
| Global Round : 19 | Client :7 | Local Epoch : 4 | [64/590 (11%)]	Loss1: 5.838398 Loss2: 0.000058 
| Global Round : 19 | Client :8 | Local Epoch : 0 | [64/612 (11%)]	Loss1: 5.838077 Loss2: 0.000034 
| Global Round : 19 | Client :8 | Local Epoch : 1 | [64/612 (11%)]	Loss1: 5.838140 Loss2: 0.000034 
| Global Round : 19 | Client :8 | Local Epoch : 2 | [64/612 (11%)]	Loss1: 5.837945 Loss2: 0.000036 
| Global Round : 19 | Client :8 | Local Epoch : 3 | [64/612 (11%)]	Loss1: 5.837979 Loss2: 0.000035 
| Global Round : 19 | Client :8 | Local Epoch : 4 | [64/612 (11%)]	Loss1: 5.837761 Loss2: 0.000035 
| Global Round : 19 | Client :9 | Local Epoch : 0 | [64/305 (25%)]	Loss1: 5.839517 Loss2: 0.000042 
| Global Round : 19 | Client :9 | Local Epoch : 1 | [64/305 (25%)]	Loss1: 5.839948 Loss2: 0.000044 
| Global Round : 19 | Client :9 | Local Epoch : 2 | [64/305 (25%)]	Loss1: 5.840312 Loss2: 0.000053 
| Global Round : 19 | Client :9 | Local Epoch : 3 | [64/305 (25%)]	Loss1: 5.838642 Loss2: 0.000043 
| Global Round : 19 | Client :9 | Local Epoch : 4 | [64/305 (25%)]	Loss1: 5.839439 Loss2: 0.000046 
average loss:   5.837936332925918
average local test accuracy: 0.9309895833333334
average global test accuracy:  0.26822916666666663

 | Global Training Round : 20 |

xi_k [0.46366272 0.46782496 0.49446834 0.51520427 0.53049535 0.53168291
 0.52635079 0.51985673 0.50110699 0.44703922]
max_exp: -1.0
coe: 10
Regulation [0.8 0.8 0.8 0.8 0.8 0.8 0.8 0.8 0.8 0.8]
Solver status: optimal_inaccurate
b_new: [1. 1. 1. 1. 1. 1. 1. 1. 1. 1.]
Iter 0: obj=49.5769, best_obj=49.5769, ||b_new-b_prev||₂=2.846050
xi_k [0.46366272 0.46782496 0.49446834 0.51520427 0.53049535 0.53168291
 0.52635079 0.51985673 0.50110699 0.44703922]
max_exp: -1.0
coe: 10
Regulation [-1. -1. -1. -1. -1. -1. -1. -1. -1. -1.]
Solver status: optimal_inaccurate
b_new: [1. 1. 1. 1. 1. 1. 1. 1. 1. 1.]
Iter 1: obj=50.4769, best_obj=50.4769, ||b_new-b_prev||₂=0.000000
Converged.
Final b: [1. 1. 1. 1. 1. 1. 1. 1. 1. 1.]
<class 'numpy.ndarray'>
b_float: [1. 1. 1. 1. 1. 1. 1. 1. 1. 1.]
b: [1 1 1 1 1 1 1 1 1 1]
active_clients:  [0, 1, 2, 3, 4, 5, 6, 7, 8, 9]
Client 0's s_k are:[0 0 0 0 1 0 0 0 0 0]
Client 1's s_k are:[0 0 0 0 0 0 0 1 0 0]
Client 2's s_k are:[0 0 0 0 0 0 1 0 0 0]
Client 3's s_k are:[0 0 0 0 0 1 0 0 0 0]
Client 4's s_k are:[0 0 0 0 0 0 0 0 1 0]
Client 5's s_k are:[0 0 0 1 0 0 0 0 0 0]
Client 6's s_k are:[0 0 1 0 0 0 0 0 0 0]
Client 7's s_k are:[0 1 0 0 0 0 0 0 0 0]
Client 8's s_k are:[0 0 0 0 1 0 0 0 0 0]
Client 9's s_k are:[0 0 0 0 1 0 0 0 0 0]
| Global Round : 20 | Client :0 | Local Epoch : 0 | [64/294 (25%)]	Loss1: 5.838376 Loss2: 0.000040 
| Global Round : 20 | Client :0 | Local Epoch : 1 | [64/294 (25%)]	Loss1: 5.838724 Loss2: 0.000041 
| Global Round : 20 | Client :0 | Local Epoch : 2 | [64/294 (25%)]	Loss1: 5.838677 Loss2: 0.000043 
| Global Round : 20 | Client :0 | Local Epoch : 3 | [64/294 (25%)]	Loss1: 5.838777 Loss2: 0.000040 
| Global Round : 20 | Client :0 | Local Epoch : 4 | [64/294 (25%)]	Loss1: 5.838695 Loss2: 0.000045 
| Global Round : 20 | Client :1 | Local Epoch : 0 | [64/510 (14%)]	Loss1: 5.837819 Loss2: 0.000057 
| Global Round : 20 | Client :1 | Local Epoch : 1 | [64/510 (14%)]	Loss1: 5.839614 Loss2: 0.000060 
| Global Round : 20 | Client :1 | Local Epoch : 2 | [64/510 (14%)]	Loss1: 5.839550 Loss2: 0.000080 
| Global Round : 20 | Client :1 | Local Epoch : 3 | [64/510 (14%)]	Loss1: 5.838759 Loss2: 0.000059 
| Global Round : 20 | Client :1 | Local Epoch : 4 | [64/510 (14%)]	Loss1: 5.838658 Loss2: 0.000062 
| Global Round : 20 | Client :2 | Local Epoch : 0 | [64/827 (8%)]	Loss1: 5.839161 Loss2: 0.000053 
| Global Round : 20 | Client :2 | Local Epoch : 0 | [704/827 (92%)]	Loss1: 5.838984 Loss2: 0.000058 
| Global Round : 20 | Client :2 | Local Epoch : 1 | [64/827 (8%)]	Loss1: 5.838552 Loss2: 0.000060 
| Global Round : 20 | Client :2 | Local Epoch : 1 | [704/827 (92%)]	Loss1: 5.838892 Loss2: 0.000057 
| Global Round : 20 | Client :2 | Local Epoch : 2 | [64/827 (8%)]	Loss1: 5.838416 Loss2: 0.000056 
| Global Round : 20 | Client :2 | Local Epoch : 2 | [704/827 (92%)]	Loss1: 5.838198 Loss2: 0.000056 
| Global Round : 20 | Client :2 | Local Epoch : 3 | [64/827 (8%)]	Loss1: 5.838427 Loss2: 0.000060 
| Global Round : 20 | Client :2 | Local Epoch : 3 | [704/827 (92%)]	Loss1: 5.838585 Loss2: 0.000054 
| Global Round : 20 | Client :2 | Local Epoch : 4 | [64/827 (8%)]	Loss1: 5.838513 Loss2: 0.000052 
| Global Round : 20 | Client :2 | Local Epoch : 4 | [704/827 (92%)]	Loss1: 5.839164 Loss2: 0.000058 
| Global Round : 20 | Client :3 | Local Epoch : 0 | [64/926 (7%)]	Loss1: 5.838158 Loss2: 0.000055 
| Global Round : 20 | Client :3 | Local Epoch : 0 | [704/926 (79%)]	Loss1: 5.838338 Loss2: 0.000057 
| Global Round : 20 | Client :3 | Local Epoch : 1 | [64/926 (7%)]	Loss1: 5.838086 Loss2: 0.000047 
| Global Round : 20 | Client :3 | Local Epoch : 1 | [704/926 (79%)]	Loss1: 5.838010 Loss2: 0.000058 
| Global Round : 20 | Client :3 | Local Epoch : 2 | [64/926 (7%)]	Loss1: 5.837907 Loss2: 0.000054 
| Global Round : 20 | Client :3 | Local Epoch : 2 | [704/926 (79%)]	Loss1: 5.837896 Loss2: 0.000059 
| Global Round : 20 | Client :3 | Local Epoch : 3 | [64/926 (7%)]	Loss1: 5.838057 Loss2: 0.000053 
| Global Round : 20 | Client :3 | Local Epoch : 3 | [704/926 (79%)]	Loss1: 5.838006 Loss2: 0.000059 
| Global Round : 20 | Client :3 | Local Epoch : 4 | [64/926 (7%)]	Loss1: 5.838034 Loss2: 0.000055 
| Global Round : 20 | Client :3 | Local Epoch : 4 | [704/926 (79%)]	Loss1: 5.838110 Loss2: 0.000057 
| Global Round : 20 | Client :4 | Local Epoch : 0 | [64/514 (12%)]	Loss1: 5.839659 Loss2: 0.000042 
| Global Round : 20 | Client :4 | Local Epoch : 1 | [64/514 (12%)]	Loss1: 5.840104 Loss2: 0.000041 
| Global Round : 20 | Client :4 | Local Epoch : 2 | [64/514 (12%)]	Loss1: 5.840238 Loss2: 0.000049 
| Global Round : 20 | Client :4 | Local Epoch : 3 | [64/514 (12%)]	Loss1: 5.839709 Loss2: 0.000043 
| Global Round : 20 | Client :4 | Local Epoch : 4 | [64/514 (12%)]	Loss1: 5.839865 Loss2: 0.000037 
| Global Round : 20 | Client :5 | Local Epoch : 0 | [64/641 (10%)]	Loss1: 5.838048 Loss2: 0.000052 
| Global Round : 20 | Client :5 | Local Epoch : 1 | [64/641 (10%)]	Loss1: 5.837803 Loss2: 0.000048 
| Global Round : 20 | Client :5 | Local Epoch : 2 | [64/641 (10%)]	Loss1: 5.837825 Loss2: 0.000050 
| Global Round : 20 | Client :5 | Local Epoch : 3 | [64/641 (10%)]	Loss1: 5.838152 Loss2: 0.000049 
| Global Round : 20 | Client :5 | Local Epoch : 4 | [64/641 (10%)]	Loss1: 5.838235 Loss2: 0.000051 
| Global Round : 20 | Client :6 | Local Epoch : 0 | [64/777 (8%)]	Loss1: 5.838102 Loss2: 0.000051 
| Global Round : 20 | Client :6 | Local Epoch : 0 | [704/777 (92%)]	Loss1: 5.838325 Loss2: 0.000054 
| Global Round : 20 | Client :6 | Local Epoch : 1 | [64/777 (8%)]	Loss1: 5.838262 Loss2: 0.000058 
| Global Round : 20 | Client :6 | Local Epoch : 1 | [704/777 (92%)]	Loss1: 5.838951 Loss2: 0.000052 
| Global Round : 20 | Client :6 | Local Epoch : 2 | [64/777 (8%)]	Loss1: 5.838700 Loss2: 0.000052 
| Global Round : 20 | Client :6 | Local Epoch : 2 | [704/777 (92%)]	Loss1: 5.838520 Loss2: 0.000056 
| Global Round : 20 | Client :6 | Local Epoch : 3 | [64/777 (8%)]	Loss1: 5.838398 Loss2: 0.000052 
| Global Round : 20 | Client :6 | Local Epoch : 3 | [704/777 (92%)]	Loss1: 5.838826 Loss2: 0.000059 
| Global Round : 20 | Client :6 | Local Epoch : 4 | [64/777 (8%)]	Loss1: 5.838540 Loss2: 0.000058 
| Global Round : 20 | Client :6 | Local Epoch : 4 | [704/777 (92%)]	Loss1: 5.839128 Loss2: 0.000054 
| Global Round : 20 | Client :7 | Local Epoch : 0 | [64/590 (11%)]	Loss1: 5.838416 Loss2: 0.000052 
| Global Round : 20 | Client :7 | Local Epoch : 1 | [64/590 (11%)]	Loss1: 5.838441 Loss2: 0.000062 
| Global Round : 20 | Client :7 | Local Epoch : 2 | [64/590 (11%)]	Loss1: 5.838088 Loss2: 0.000061 
| Global Round : 20 | Client :7 | Local Epoch : 3 | [64/590 (11%)]	Loss1: 5.838669 Loss2: 0.000057 
| Global Round : 20 | Client :7 | Local Epoch : 4 | [64/590 (11%)]	Loss1: 5.837781 Loss2: 0.000065 
| Global Round : 20 | Client :8 | Local Epoch : 0 | [64/612 (11%)]	Loss1: 5.837964 Loss2: 0.000036 
| Global Round : 20 | Client :8 | Local Epoch : 1 | [64/612 (11%)]	Loss1: 5.837957 Loss2: 0.000038 
| Global Round : 20 | Client :8 | Local Epoch : 2 | [64/612 (11%)]	Loss1: 5.837915 Loss2: 0.000036 
| Global Round : 20 | Client :8 | Local Epoch : 3 | [64/612 (11%)]	Loss1: 5.838139 Loss2: 0.000032 
| Global Round : 20 | Client :8 | Local Epoch : 4 | [64/612 (11%)]	Loss1: 5.838189 Loss2: 0.000038 
| Global Round : 20 | Client :9 | Local Epoch : 0 | [64/305 (25%)]	Loss1: 5.838854 Loss2: 0.000046 
| Global Round : 20 | Client :9 | Local Epoch : 1 | [64/305 (25%)]	Loss1: 5.839961 Loss2: 0.000042 
| Global Round : 20 | Client :9 | Local Epoch : 2 | [64/305 (25%)]	Loss1: 5.839727 Loss2: 0.000039 
| Global Round : 20 | Client :9 | Local Epoch : 3 | [64/305 (25%)]	Loss1: 5.839879 Loss2: 0.000045 
| Global Round : 20 | Client :9 | Local Epoch : 4 | [64/305 (25%)]	Loss1: 5.840311 Loss2: 0.000041 
average loss:   5.837880771443958
average local test accuracy: 0.9294270833333332
average global test accuracy:  0.35794270833333336

 | Global Training Round : 21 |

xi_k [0.46364998 0.46779716 0.4944595  0.51519563 0.53049833 0.53168798
 0.52632486 0.5198495  0.50110518 0.44704462]
max_exp: -1.0
coe: 10
Regulation [0.8 0.8 0.8 0.8 0.8 0.8 0.8 0.8 0.8 0.8]
Solver status: optimal_inaccurate
b_new: [1. 1. 1. 1. 1. 1. 1. 1. 1. 1.]
Iter 0: obj=49.5761, best_obj=49.5761, ||b_new-b_prev||₂=2.846050
xi_k [0.46364998 0.46779716 0.4944595  0.51519563 0.53049833 0.53168798
 0.52632486 0.5198495  0.50110518 0.44704462]
max_exp: -1.0
coe: 10
Regulation [-1. -1. -1. -1. -1. -1. -1. -1. -1. -1.]
Solver status: optimal_inaccurate
b_new: [1. 1. 1. 1. 1. 1. 1. 1. 1. 1.]
Iter 1: obj=50.4761, best_obj=50.4761, ||b_new-b_prev||₂=0.000000
Converged.
Final b: [1. 1. 1. 1. 1. 1. 1. 1. 1. 1.]
<class 'numpy.ndarray'>
b_float: [1. 1. 1. 1. 1. 1. 1. 1. 1. 1.]
b: [1 1 1 1 1 1 1 1 1 1]
active_clients:  [0, 1, 2, 3, 4, 5, 6, 7, 8, 9]
Client 0's s_k are:[0 0 0 0 1 0 0 0 0 0]
Client 1's s_k are:[0 0 0 0 0 0 0 1 0 0]
Client 2's s_k are:[0 0 0 0 0 0 1 0 0 0]
Client 3's s_k are:[0 0 0 0 0 1 0 0 0 0]
Client 4's s_k are:[0 0 0 0 0 0 0 0 1 0]
Client 5's s_k are:[0 0 0 1 0 0 0 0 0 0]
Client 6's s_k are:[0 0 1 0 0 0 0 0 0 0]
Client 7's s_k are:[0 1 0 0 0 0 0 0 0 0]
Client 8's s_k are:[0 0 0 0 1 0 0 0 0 0]
Client 9's s_k are:[0 0 0 0 1 0 0 0 0 0]
| Global Round : 21 | Client :0 | Local Epoch : 0 | [64/294 (25%)]	Loss1: 5.838489 Loss2: 0.000042 
| Global Round : 21 | Client :0 | Local Epoch : 1 | [64/294 (25%)]	Loss1: 5.839218 Loss2: 0.000039 
| Global Round : 21 | Client :0 | Local Epoch : 2 | [64/294 (25%)]	Loss1: 5.838584 Loss2: 0.000040 
| Global Round : 21 | Client :0 | Local Epoch : 3 | [64/294 (25%)]	Loss1: 5.838687 Loss2: 0.000039 
| Global Round : 21 | Client :0 | Local Epoch : 4 | [64/294 (25%)]	Loss1: 5.838135 Loss2: 0.000042 
| Global Round : 21 | Client :1 | Local Epoch : 0 | [64/510 (14%)]	Loss1: 5.838337 Loss2: 0.000061 
| Global Round : 21 | Client :1 | Local Epoch : 1 | [64/510 (14%)]	Loss1: 5.840129 Loss2: 0.000067 
| Global Round : 21 | Client :1 | Local Epoch : 2 | [64/510 (14%)]	Loss1: 5.838357 Loss2: 0.000059 
| Global Round : 21 | Client :1 | Local Epoch : 3 | [64/510 (14%)]	Loss1: 5.838799 Loss2: 0.000053 
| Global Round : 21 | Client :1 | Local Epoch : 4 | [64/510 (14%)]	Loss1: 5.838670 Loss2: 0.000061 
| Global Round : 21 | Client :2 | Local Epoch : 0 | [64/827 (8%)]	Loss1: 5.838524 Loss2: 0.000055 
| Global Round : 21 | Client :2 | Local Epoch : 0 | [704/827 (92%)]	Loss1: 5.838056 Loss2: 0.000059 
| Global Round : 21 | Client :2 | Local Epoch : 1 | [64/827 (8%)]	Loss1: 5.837918 Loss2: 0.000059 
| Global Round : 21 | Client :2 | Local Epoch : 1 | [704/827 (92%)]	Loss1: 5.838603 Loss2: 0.000056 
| Global Round : 21 | Client :2 | Local Epoch : 2 | [64/827 (8%)]	Loss1: 5.838607 Loss2: 0.000059 
| Global Round : 21 | Client :2 | Local Epoch : 2 | [704/827 (92%)]	Loss1: 5.838412 Loss2: 0.000061 
| Global Round : 21 | Client :2 | Local Epoch : 3 | [64/827 (8%)]	Loss1: 5.839113 Loss2: 0.000052 
| Global Round : 21 | Client :2 | Local Epoch : 3 | [704/827 (92%)]	Loss1: 5.839046 Loss2: 0.000056 
| Global Round : 21 | Client :2 | Local Epoch : 4 | [64/827 (8%)]	Loss1: 5.838424 Loss2: 0.000058 
| Global Round : 21 | Client :2 | Local Epoch : 4 | [704/827 (92%)]	Loss1: 5.838765 Loss2: 0.000057 
| Global Round : 21 | Client :3 | Local Epoch : 0 | [64/926 (7%)]	Loss1: 5.838076 Loss2: 0.000048 
| Global Round : 21 | Client :3 | Local Epoch : 0 | [704/926 (79%)]	Loss1: 5.838321 Loss2: 0.000054 
| Global Round : 21 | Client :3 | Local Epoch : 1 | [64/926 (7%)]	Loss1: 5.839338 Loss2: 0.000053 
| Global Round : 21 | Client :3 | Local Epoch : 1 | [704/926 (79%)]	Loss1: 5.837902 Loss2: 0.000052 
| Global Round : 21 | Client :3 | Local Epoch : 2 | [64/926 (7%)]	Loss1: 5.837791 Loss2: 0.000050 
| Global Round : 21 | Client :3 | Local Epoch : 2 | [704/926 (79%)]	Loss1: 5.838544 Loss2: 0.000057 
| Global Round : 21 | Client :3 | Local Epoch : 3 | [64/926 (7%)]	Loss1: 5.838037 Loss2: 0.000050 
| Global Round : 21 | Client :3 | Local Epoch : 3 | [704/926 (79%)]	Loss1: 5.838789 Loss2: 0.000057 
| Global Round : 21 | Client :3 | Local Epoch : 4 | [64/926 (7%)]	Loss1: 5.837909 Loss2: 0.000048 
| Global Round : 21 | Client :3 | Local Epoch : 4 | [704/926 (79%)]	Loss1: 5.838409 Loss2: 0.000057 
| Global Round : 21 | Client :4 | Local Epoch : 0 | [64/514 (12%)]	Loss1: 5.839251 Loss2: 0.000042 
| Global Round : 21 | Client :4 | Local Epoch : 1 | [64/514 (12%)]	Loss1: 5.840332 Loss2: 0.000042 
| Global Round : 21 | Client :4 | Local Epoch : 2 | [64/514 (12%)]	Loss1: 5.838980 Loss2: 0.000046 
| Global Round : 21 | Client :4 | Local Epoch : 3 | [64/514 (12%)]	Loss1: 5.840269 Loss2: 0.000046 
| Global Round : 21 | Client :4 | Local Epoch : 4 | [64/514 (12%)]	Loss1: 5.839921 Loss2: 0.000046 
| Global Round : 21 | Client :5 | Local Epoch : 0 | [64/641 (10%)]	Loss1: 5.838474 Loss2: 0.000051 
| Global Round : 21 | Client :5 | Local Epoch : 1 | [64/641 (10%)]	Loss1: 5.839021 Loss2: 0.000049 
| Global Round : 21 | Client :5 | Local Epoch : 2 | [64/641 (10%)]	Loss1: 5.839555 Loss2: 0.000048 
| Global Round : 21 | Client :5 | Local Epoch : 3 | [64/641 (10%)]	Loss1: 5.838297 Loss2: 0.000050 
| Global Round : 21 | Client :5 | Local Epoch : 4 | [64/641 (10%)]	Loss1: 5.838001 Loss2: 0.000051 
| Global Round : 21 | Client :6 | Local Epoch : 0 | [64/777 (8%)]	Loss1: 5.838544 Loss2: 0.000051 
| Global Round : 21 | Client :6 | Local Epoch : 0 | [704/777 (92%)]	Loss1: 5.838928 Loss2: 0.000049 
| Global Round : 21 | Client :6 | Local Epoch : 1 | [64/777 (8%)]	Loss1: 5.839294 Loss2: 0.000054 
| Global Round : 21 | Client :6 | Local Epoch : 1 | [704/777 (92%)]	Loss1: 5.839211 Loss2: 0.000048 
| Global Round : 21 | Client :6 | Local Epoch : 2 | [64/777 (8%)]	Loss1: 5.839170 Loss2: 0.000052 
| Global Round : 21 | Client :6 | Local Epoch : 2 | [704/777 (92%)]	Loss1: 5.839639 Loss2: 0.000050 
| Global Round : 21 | Client :6 | Local Epoch : 3 | [64/777 (8%)]	Loss1: 5.838140 Loss2: 0.000053 
| Global Round : 21 | Client :6 | Local Epoch : 3 | [704/777 (92%)]	Loss1: 5.838058 Loss2: 0.000051 
| Global Round : 21 | Client :6 | Local Epoch : 4 | [64/777 (8%)]	Loss1: 5.838816 Loss2: 0.000047 
| Global Round : 21 | Client :6 | Local Epoch : 4 | [704/777 (92%)]	Loss1: 5.839149 Loss2: 0.000056 
| Global Round : 21 | Client :7 | Local Epoch : 0 | [64/590 (11%)]	Loss1: 5.838987 Loss2: 0.000056 
| Global Round : 21 | Client :7 | Local Epoch : 1 | [64/590 (11%)]	Loss1: 5.839197 Loss2: 0.000057 
| Global Round : 21 | Client :7 | Local Epoch : 2 | [64/590 (11%)]	Loss1: 5.839306 Loss2: 0.000062 
| Global Round : 21 | Client :7 | Local Epoch : 3 | [64/590 (11%)]	Loss1: 5.838694 Loss2: 0.000057 
| Global Round : 21 | Client :7 | Local Epoch : 4 | [64/590 (11%)]	Loss1: 5.838460 Loss2: 0.000053 
| Global Round : 21 | Client :8 | Local Epoch : 0 | [64/612 (11%)]	Loss1: 5.838266 Loss2: 0.000033 
| Global Round : 21 | Client :8 | Local Epoch : 1 | [64/612 (11%)]	Loss1: 5.837845 Loss2: 0.000035 
| Global Round : 21 | Client :8 | Local Epoch : 2 | [64/612 (11%)]	Loss1: 5.838441 Loss2: 0.000036 
| Global Round : 21 | Client :8 | Local Epoch : 3 | [64/612 (11%)]	Loss1: 5.838118 Loss2: 0.000036 
| Global Round : 21 | Client :8 | Local Epoch : 4 | [64/612 (11%)]	Loss1: 5.838140 Loss2: 0.000035 
| Global Round : 21 | Client :9 | Local Epoch : 0 | [64/305 (25%)]	Loss1: 5.839128 Loss2: 0.000046 
| Global Round : 21 | Client :9 | Local Epoch : 1 | [64/305 (25%)]	Loss1: 5.839342 Loss2: 0.000051 
| Global Round : 21 | Client :9 | Local Epoch : 2 | [64/305 (25%)]	Loss1: 5.839692 Loss2: 0.000046 
| Global Round : 21 | Client :9 | Local Epoch : 3 | [64/305 (25%)]	Loss1: 5.839592 Loss2: 0.000043 
| Global Round : 21 | Client :9 | Local Epoch : 4 | [64/305 (25%)]	Loss1: 5.839347 Loss2: 0.000043 
average loss:   5.837930912763353
average local test accuracy: 0.9341145833333332
average global test accuracy:  0.3130208333333333

 | Global Training Round : 22 |

xi_k [0.46366139 0.46778489 0.49445915 0.51519996 0.53050461 0.53169364
 0.52632894 0.51983811 0.50110781 0.44702375]
max_exp: -1.0
coe: 10
Regulation [0.8 0.8 0.8 0.8 0.8 0.8 0.8 0.8 0.8 0.8]
Solver status: optimal_inaccurate
b_new: [1. 1. 1. 1. 1. 1. 1. 1. 1. 1.]
Iter 0: obj=49.5760, best_obj=49.5760, ||b_new-b_prev||₂=2.846050
xi_k [0.46366139 0.46778489 0.49445915 0.51519996 0.53050461 0.53169364
 0.52632894 0.51983811 0.50110781 0.44702375]
max_exp: -1.0
coe: 10
Regulation [-1. -1. -1. -1. -1. -1. -1. -1. -1. -1.]
Solver status: optimal_inaccurate
b_new: [1. 1. 1. 1. 1. 1. 1. 1. 1. 1.]
Iter 1: obj=50.4760, best_obj=50.4760, ||b_new-b_prev||₂=0.000000
Converged.
Final b: [1. 1. 1. 1. 1. 1. 1. 1. 1. 1.]
<class 'numpy.ndarray'>
b_float: [1. 1. 1. 1. 1. 1. 1. 1. 1. 1.]
b: [1 1 1 1 1 1 1 1 1 1]
active_clients:  [0, 1, 2, 3, 4, 5, 6, 7, 8, 9]
Client 0's s_k are:[0 0 0 0 1 0 0 0 0 0]
Client 1's s_k are:[0 0 0 0 0 0 0 1 0 0]
Client 2's s_k are:[0 0 0 0 0 0 1 0 0 0]
Client 3's s_k are:[0 0 0 0 0 1 0 0 0 0]
Client 4's s_k are:[0 0 0 0 0 0 0 0 1 0]
Client 5's s_k are:[0 0 0 1 0 0 0 0 0 0]
Client 6's s_k are:[0 0 1 0 0 0 0 0 0 0]
Client 7's s_k are:[0 1 0 0 0 0 0 0 0 0]
Client 8's s_k are:[0 0 0 0 1 0 0 0 0 0]
Client 9's s_k are:[0 0 0 0 1 0 0 0 0 0]
| Global Round : 22 | Client :0 | Local Epoch : 0 | [64/294 (25%)]	Loss1: 5.838126 Loss2: 0.000042 
| Global Round : 22 | Client :0 | Local Epoch : 1 | [64/294 (25%)]	Loss1: 5.838356 Loss2: 0.000042 
| Global Round : 22 | Client :0 | Local Epoch : 2 | [64/294 (25%)]	Loss1: 5.838852 Loss2: 0.000045 
| Global Round : 22 | Client :0 | Local Epoch : 3 | [64/294 (25%)]	Loss1: 5.839468 Loss2: 0.000040 
| Global Round : 22 | Client :0 | Local Epoch : 4 | [64/294 (25%)]	Loss1: 5.838036 Loss2: 0.000039 
| Global Round : 22 | Client :1 | Local Epoch : 0 | [64/510 (14%)]	Loss1: 5.839809 Loss2: 0.000063 
| Global Round : 22 | Client :1 | Local Epoch : 1 | [64/510 (14%)]	Loss1: 5.838510 Loss2: 0.000074 
| Global Round : 22 | Client :1 | Local Epoch : 2 | [64/510 (14%)]	Loss1: 5.839010 Loss2: 0.000059 
| Global Round : 22 | Client :1 | Local Epoch : 3 | [64/510 (14%)]	Loss1: 5.839693 Loss2: 0.000069 
| Global Round : 22 | Client :1 | Local Epoch : 4 | [64/510 (14%)]	Loss1: 5.838543 Loss2: 0.000076 
| Global Round : 22 | Client :2 | Local Epoch : 0 | [64/827 (8%)]	Loss1: 5.838621 Loss2: 0.000050 
| Global Round : 22 | Client :2 | Local Epoch : 0 | [704/827 (92%)]	Loss1: 5.838956 Loss2: 0.000057 
| Global Round : 22 | Client :2 | Local Epoch : 1 | [64/827 (8%)]	Loss1: 5.838702 Loss2: 0.000053 
| Global Round : 22 | Client :2 | Local Epoch : 1 | [704/827 (92%)]	Loss1: 5.839935 Loss2: 0.000056 
| Global Round : 22 | Client :2 | Local Epoch : 2 | [64/827 (8%)]	Loss1: 5.838721 Loss2: 0.000056 
| Global Round : 22 | Client :2 | Local Epoch : 2 | [704/827 (92%)]	Loss1: 5.838297 Loss2: 0.000061 
| Global Round : 22 | Client :2 | Local Epoch : 3 | [64/827 (8%)]	Loss1: 5.838649 Loss2: 0.000062 
| Global Round : 22 | Client :2 | Local Epoch : 3 | [704/827 (92%)]	Loss1: 5.838642 Loss2: 0.000060 
| Global Round : 22 | Client :2 | Local Epoch : 4 | [64/827 (8%)]	Loss1: 5.839005 Loss2: 0.000054 
| Global Round : 22 | Client :2 | Local Epoch : 4 | [704/827 (92%)]	Loss1: 5.838211 Loss2: 0.000055 
| Global Round : 22 | Client :3 | Local Epoch : 0 | [64/926 (7%)]	Loss1: 5.837885 Loss2: 0.000050 
| Global Round : 22 | Client :3 | Local Epoch : 0 | [704/926 (79%)]	Loss1: 5.838047 Loss2: 0.000059 
| Global Round : 22 | Client :3 | Local Epoch : 1 | [64/926 (7%)]	Loss1: 5.837987 Loss2: 0.000051 
| Global Round : 22 | Client :3 | Local Epoch : 1 | [704/926 (79%)]	Loss1: 5.838066 Loss2: 0.000053 
| Global Round : 22 | Client :3 | Local Epoch : 2 | [64/926 (7%)]	Loss1: 5.838162 Loss2: 0.000048 
| Global Round : 22 | Client :3 | Local Epoch : 2 | [704/926 (79%)]	Loss1: 5.837968 Loss2: 0.000057 
| Global Round : 22 | Client :3 | Local Epoch : 3 | [64/926 (7%)]	Loss1: 5.838231 Loss2: 0.000053 
| Global Round : 22 | Client :3 | Local Epoch : 3 | [704/926 (79%)]	Loss1: 5.837975 Loss2: 0.000053 
| Global Round : 22 | Client :3 | Local Epoch : 4 | [64/926 (7%)]	Loss1: 5.838666 Loss2: 0.000050 
| Global Round : 22 | Client :3 | Local Epoch : 4 | [704/926 (79%)]	Loss1: 5.838266 Loss2: 0.000060 
| Global Round : 22 | Client :4 | Local Epoch : 0 | [64/514 (12%)]	Loss1: 5.840061 Loss2: 0.000039 
| Global Round : 22 | Client :4 | Local Epoch : 1 | [64/514 (12%)]	Loss1: 5.839240 Loss2: 0.000047 
| Global Round : 22 | Client :4 | Local Epoch : 2 | [64/514 (12%)]	Loss1: 5.839686 Loss2: 0.000045 
| Global Round : 22 | Client :4 | Local Epoch : 3 | [64/514 (12%)]	Loss1: 5.838851 Loss2: 0.000045 
| Global Round : 22 | Client :4 | Local Epoch : 4 | [64/514 (12%)]	Loss1: 5.839565 Loss2: 0.000047 
| Global Round : 22 | Client :5 | Local Epoch : 0 | [64/641 (10%)]	Loss1: 5.838052 Loss2: 0.000052 
| Global Round : 22 | Client :5 | Local Epoch : 1 | [64/641 (10%)]	Loss1: 5.838472 Loss2: 0.000051 
| Global Round : 22 | Client :5 | Local Epoch : 2 | [64/641 (10%)]	Loss1: 5.837937 Loss2: 0.000058 
| Global Round : 22 | Client :5 | Local Epoch : 3 | [64/641 (10%)]	Loss1: 5.837975 Loss2: 0.000054 
| Global Round : 22 | Client :5 | Local Epoch : 4 | [64/641 (10%)]	Loss1: 5.838376 Loss2: 0.000056 
| Global Round : 22 | Client :6 | Local Epoch : 0 | [64/777 (8%)]	Loss1: 5.838655 Loss2: 0.000051 
| Global Round : 22 | Client :6 | Local Epoch : 0 | [704/777 (92%)]	Loss1: 5.838141 Loss2: 0.000055 
| Global Round : 22 | Client :6 | Local Epoch : 1 | [64/777 (8%)]	Loss1: 5.840741 Loss2: 0.000052 
| Global Round : 22 | Client :6 | Local Epoch : 1 | [704/777 (92%)]	Loss1: 5.838232 Loss2: 0.000055 
| Global Round : 22 | Client :6 | Local Epoch : 2 | [64/777 (8%)]	Loss1: 5.839418 Loss2: 0.000050 
| Global Round : 22 | Client :6 | Local Epoch : 2 | [704/777 (92%)]	Loss1: 5.838285 Loss2: 0.000052 
| Global Round : 22 | Client :6 | Local Epoch : 3 | [64/777 (8%)]	Loss1: 5.838438 Loss2: 0.000050 
| Global Round : 22 | Client :6 | Local Epoch : 3 | [704/777 (92%)]	Loss1: 5.839437 Loss2: 0.000054 
| Global Round : 22 | Client :6 | Local Epoch : 4 | [64/777 (8%)]	Loss1: 5.838355 Loss2: 0.000055 
| Global Round : 22 | Client :6 | Local Epoch : 4 | [704/777 (92%)]	Loss1: 5.838401 Loss2: 0.000051 
| Global Round : 22 | Client :7 | Local Epoch : 0 | [64/590 (11%)]	Loss1: 5.837902 Loss2: 0.000051 
| Global Round : 22 | Client :7 | Local Epoch : 1 | [64/590 (11%)]	Loss1: 5.838036 Loss2: 0.000052 
| Global Round : 22 | Client :7 | Local Epoch : 2 | [64/590 (11%)]	Loss1: 5.838326 Loss2: 0.000051 
| Global Round : 22 | Client :7 | Local Epoch : 3 | [64/590 (11%)]	Loss1: 5.838141 Loss2: 0.000052 
| Global Round : 22 | Client :7 | Local Epoch : 4 | [64/590 (11%)]	Loss1: 5.838745 Loss2: 0.000054 
| Global Round : 22 | Client :8 | Local Epoch : 0 | [64/612 (11%)]	Loss1: 5.837959 Loss2: 0.000040 
| Global Round : 22 | Client :8 | Local Epoch : 1 | [64/612 (11%)]	Loss1: 5.838012 Loss2: 0.000039 
| Global Round : 22 | Client :8 | Local Epoch : 2 | [64/612 (11%)]	Loss1: 5.838042 Loss2: 0.000039 
| Global Round : 22 | Client :8 | Local Epoch : 3 | [64/612 (11%)]	Loss1: 5.838022 Loss2: 0.000038 
| Global Round : 22 | Client :8 | Local Epoch : 4 | [64/612 (11%)]	Loss1: 5.838066 Loss2: 0.000037 
| Global Round : 22 | Client :9 | Local Epoch : 0 | [64/305 (25%)]	Loss1: 5.839672 Loss2: 0.000049 
| Global Round : 22 | Client :9 | Local Epoch : 1 | [64/305 (25%)]	Loss1: 5.839405 Loss2: 0.000046 
| Global Round : 22 | Client :9 | Local Epoch : 2 | [64/305 (25%)]	Loss1: 5.838266 Loss2: 0.000045 
| Global Round : 22 | Client :9 | Local Epoch : 3 | [64/305 (25%)]	Loss1: 5.838878 Loss2: 0.000046 
| Global Round : 22 | Client :9 | Local Epoch : 4 | [64/305 (25%)]	Loss1: 5.839984 Loss2: 0.000048 
average loss:   5.83788315375646
average local test accuracy: 0.9299479166666667
average global test accuracy:  0.26901041666666664

 | Global Training Round : 23 |

xi_k [0.46363047 0.46783001 0.4944728  0.51519967 0.53047023 0.53167369
 0.52632113 0.5198416  0.50112003 0.44700016]
max_exp: -1.0
coe: 10
Regulation [0.8 0.8 0.8 0.8 0.8 0.8 0.8 0.8 0.8 0.8]
Solver status: optimal_inaccurate
b_new: [1. 1. 1. 1. 1. 1. 1. 1. 1. 1.]
Iter 0: obj=49.5756, best_obj=49.5756, ||b_new-b_prev||₂=2.846050
xi_k [0.46363047 0.46783001 0.4944728  0.51519967 0.53047023 0.53167369
 0.52632113 0.5198416  0.50112003 0.44700016]
max_exp: -1.0
coe: 10
Regulation [-1. -1. -1. -1. -1. -1. -1. -1. -1. -1.]
Solver status: optimal_inaccurate
b_new: [1. 1. 1. 1. 1. 1. 1. 1. 1. 1.]
Iter 1: obj=50.4756, best_obj=50.4756, ||b_new-b_prev||₂=0.000000
Converged.
Final b: [1. 1. 1. 1. 1. 1. 1. 1. 1. 1.]
<class 'numpy.ndarray'>
b_float: [1. 1. 1. 1. 1. 1. 1. 1. 1. 1.]
b: [1 1 1 1 1 1 1 1 1 1]
active_clients:  [0, 1, 2, 3, 4, 5, 6, 7, 8, 9]
Client 0's s_k are:[0 0 0 0 1 0 0 0 0 0]
Client 1's s_k are:[0 0 0 0 0 0 0 1 0 0]
Client 2's s_k are:[0 0 0 0 0 0 1 0 0 0]
Client 3's s_k are:[0 0 0 0 0 1 0 0 0 0]
Client 4's s_k are:[0 0 0 0 0 0 0 0 1 0]
Client 5's s_k are:[0 0 0 1 0 0 0 0 0 0]
Client 6's s_k are:[0 0 1 0 0 0 0 0 0 0]
Client 7's s_k are:[0 1 0 0 0 0 0 0 0 0]
Client 8's s_k are:[0 0 0 0 1 0 0 0 0 0]
Client 9's s_k are:[0 0 0 0 1 0 0 0 0 0]
| Global Round : 23 | Client :0 | Local Epoch : 0 | [64/294 (25%)]	Loss1: 5.838630 Loss2: 0.000041 
| Global Round : 23 | Client :0 | Local Epoch : 1 | [64/294 (25%)]	Loss1: 5.838612 Loss2: 0.000043 
| Global Round : 23 | Client :0 | Local Epoch : 2 | [64/294 (25%)]	Loss1: 5.838762 Loss2: 0.000042 
| Global Round : 23 | Client :0 | Local Epoch : 3 | [64/294 (25%)]	Loss1: 5.838491 Loss2: 0.000042 
| Global Round : 23 | Client :0 | Local Epoch : 4 | [64/294 (25%)]	Loss1: 5.838365 Loss2: 0.000042 
| Global Round : 23 | Client :1 | Local Epoch : 0 | [64/510 (14%)]	Loss1: 5.839183 Loss2: 0.000055 
| Global Round : 23 | Client :1 | Local Epoch : 1 | [64/510 (14%)]	Loss1: 5.838770 Loss2: 0.000053 
| Global Round : 23 | Client :1 | Local Epoch : 2 | [64/510 (14%)]	Loss1: 5.840478 Loss2: 0.000058 
| Global Round : 23 | Client :1 | Local Epoch : 3 | [64/510 (14%)]	Loss1: 5.839417 Loss2: 0.000056 
| Global Round : 23 | Client :1 | Local Epoch : 4 | [64/510 (14%)]	Loss1: 5.838445 Loss2: 0.000057 
| Global Round : 23 | Client :2 | Local Epoch : 0 | [64/827 (8%)]	Loss1: 5.838628 Loss2: 0.000053 
| Global Round : 23 | Client :2 | Local Epoch : 0 | [704/827 (92%)]	Loss1: 5.839393 Loss2: 0.000058 
| Global Round : 23 | Client :2 | Local Epoch : 1 | [64/827 (8%)]	Loss1: 5.838407 Loss2: 0.000057 
| Global Round : 23 | Client :2 | Local Epoch : 1 | [704/827 (92%)]	Loss1: 5.838545 Loss2: 0.000055 
| Global Round : 23 | Client :2 | Local Epoch : 2 | [64/827 (8%)]	Loss1: 5.838957 Loss2: 0.000056 
| Global Round : 23 | Client :2 | Local Epoch : 2 | [704/827 (92%)]	Loss1: 5.837990 Loss2: 0.000057 
| Global Round : 23 | Client :2 | Local Epoch : 3 | [64/827 (8%)]	Loss1: 5.838378 Loss2: 0.000058 
| Global Round : 23 | Client :2 | Local Epoch : 3 | [704/827 (92%)]	Loss1: 5.839428 Loss2: 0.000055 
| Global Round : 23 | Client :2 | Local Epoch : 4 | [64/827 (8%)]	Loss1: 5.838220 Loss2: 0.000050 
| Global Round : 23 | Client :2 | Local Epoch : 4 | [704/827 (92%)]	Loss1: 5.838773 Loss2: 0.000051 
| Global Round : 23 | Client :3 | Local Epoch : 0 | [64/926 (7%)]	Loss1: 5.838386 Loss2: 0.000053 
| Global Round : 23 | Client :3 | Local Epoch : 0 | [704/926 (79%)]	Loss1: 5.838113 Loss2: 0.000056 
| Global Round : 23 | Client :3 | Local Epoch : 1 | [64/926 (7%)]	Loss1: 5.838227 Loss2: 0.000050 
| Global Round : 23 | Client :3 | Local Epoch : 1 | [704/926 (79%)]	Loss1: 5.837883 Loss2: 0.000058 
| Global Round : 23 | Client :3 | Local Epoch : 2 | [64/926 (7%)]	Loss1: 5.839065 Loss2: 0.000052 
| Global Round : 23 | Client :3 | Local Epoch : 2 | [704/926 (79%)]	Loss1: 5.837864 Loss2: 0.000061 
| Global Round : 23 | Client :3 | Local Epoch : 3 | [64/926 (7%)]	Loss1: 5.838832 Loss2: 0.000052 
| Global Round : 23 | Client :3 | Local Epoch : 3 | [704/926 (79%)]	Loss1: 5.838289 Loss2: 0.000053 
| Global Round : 23 | Client :3 | Local Epoch : 4 | [64/926 (7%)]	Loss1: 5.838407 Loss2: 0.000052 
| Global Round : 23 | Client :3 | Local Epoch : 4 | [704/926 (79%)]	Loss1: 5.838331 Loss2: 0.000056 
| Global Round : 23 | Client :4 | Local Epoch : 0 | [64/514 (12%)]	Loss1: 5.840236 Loss2: 0.000042 
| Global Round : 23 | Client :4 | Local Epoch : 1 | [64/514 (12%)]	Loss1: 5.840266 Loss2: 0.000039 
| Global Round : 23 | Client :4 | Local Epoch : 2 | [64/514 (12%)]	Loss1: 5.839668 Loss2: 0.000054 
| Global Round : 23 | Client :4 | Local Epoch : 3 | [64/514 (12%)]	Loss1: 5.839046 Loss2: 0.000038 
| Global Round : 23 | Client :4 | Local Epoch : 4 | [64/514 (12%)]	Loss1: 5.838942 Loss2: 0.000035 
| Global Round : 23 | Client :5 | Local Epoch : 0 | [64/641 (10%)]	Loss1: 5.838106 Loss2: 0.000055 
| Global Round : 23 | Client :5 | Local Epoch : 1 | [64/641 (10%)]	Loss1: 5.837779 Loss2: 0.000058 
| Global Round : 23 | Client :5 | Local Epoch : 2 | [64/641 (10%)]	Loss1: 5.838104 Loss2: 0.000055 
| Global Round : 23 | Client :5 | Local Epoch : 3 | [64/641 (10%)]	Loss1: 5.838175 Loss2: 0.000055 
| Global Round : 23 | Client :5 | Local Epoch : 4 | [64/641 (10%)]	Loss1: 5.839518 Loss2: 0.000053 
| Global Round : 23 | Client :6 | Local Epoch : 0 | [64/777 (8%)]	Loss1: 5.838334 Loss2: 0.000051 
| Global Round : 23 | Client :6 | Local Epoch : 0 | [704/777 (92%)]	Loss1: 5.837991 Loss2: 0.000052 
| Global Round : 23 | Client :6 | Local Epoch : 1 | [64/777 (8%)]	Loss1: 5.838828 Loss2: 0.000056 
| Global Round : 23 | Client :6 | Local Epoch : 1 | [704/777 (92%)]	Loss1: 5.838912 Loss2: 0.000050 
| Global Round : 23 | Client :6 | Local Epoch : 2 | [64/777 (8%)]	Loss1: 5.838628 Loss2: 0.000053 
| Global Round : 23 | Client :6 | Local Epoch : 2 | [704/777 (92%)]	Loss1: 5.838670 Loss2: 0.000048 
| Global Round : 23 | Client :6 | Local Epoch : 3 | [64/777 (8%)]	Loss1: 5.837978 Loss2: 0.000051 
| Global Round : 23 | Client :6 | Local Epoch : 3 | [704/777 (92%)]	Loss1: 5.839799 Loss2: 0.000050 
| Global Round : 23 | Client :6 | Local Epoch : 4 | [64/777 (8%)]	Loss1: 5.839588 Loss2: 0.000052 
| Global Round : 23 | Client :6 | Local Epoch : 4 | [704/777 (92%)]	Loss1: 5.838499 Loss2: 0.000054 
| Global Round : 23 | Client :7 | Local Epoch : 0 | [64/590 (11%)]	Loss1: 5.838577 Loss2: 0.000060 
| Global Round : 23 | Client :7 | Local Epoch : 1 | [64/590 (11%)]	Loss1: 5.838715 Loss2: 0.000060 
| Global Round : 23 | Client :7 | Local Epoch : 2 | [64/590 (11%)]	Loss1: 5.838344 Loss2: 0.000063 
| Global Round : 23 | Client :7 | Local Epoch : 3 | [64/590 (11%)]	Loss1: 5.838229 Loss2: 0.000064 
| Global Round : 23 | Client :7 | Local Epoch : 4 | [64/590 (11%)]	Loss1: 5.838511 Loss2: 0.000062 
| Global Round : 23 | Client :8 | Local Epoch : 0 | [64/612 (11%)]	Loss1: 5.837835 Loss2: 0.000038 
| Global Round : 23 | Client :8 | Local Epoch : 1 | [64/612 (11%)]	Loss1: 5.838254 Loss2: 0.000036 
| Global Round : 23 | Client :8 | Local Epoch : 2 | [64/612 (11%)]	Loss1: 5.837966 Loss2: 0.000033 
| Global Round : 23 | Client :8 | Local Epoch : 3 | [64/612 (11%)]	Loss1: 5.838139 Loss2: 0.000035 
| Global Round : 23 | Client :8 | Local Epoch : 4 | [64/612 (11%)]	Loss1: 5.837898 Loss2: 0.000036 
| Global Round : 23 | Client :9 | Local Epoch : 0 | [64/305 (25%)]	Loss1: 5.838816 Loss2: 0.000042 
| Global Round : 23 | Client :9 | Local Epoch : 1 | [64/305 (25%)]	Loss1: 5.840093 Loss2: 0.000043 
| Global Round : 23 | Client :9 | Local Epoch : 2 | [64/305 (25%)]	Loss1: 5.839204 Loss2: 0.000046 
| Global Round : 23 | Client :9 | Local Epoch : 3 | [64/305 (25%)]	Loss1: 5.838976 Loss2: 0.000044 
| Global Round : 23 | Client :9 | Local Epoch : 4 | [64/305 (25%)]	Loss1: 5.838649 Loss2: 0.000047 
average loss:   5.837880945773351
average local test accuracy: 0.9356770833333334
average global test accuracy:  0.29765625

 | Global Training Round : 24 |

xi_k [0.46364534 0.46778139 0.49447566 0.51520106 0.53048431 0.53166245
 0.52632748 0.51985583 0.50111142 0.44700384]
max_exp: -1.0
coe: 10
Regulation [0.8 0.8 0.8 0.8 0.8 0.8 0.8 0.8 0.8 0.8]
Solver status: optimal_inaccurate
b_new: [1. 1. 1. 1. 1. 1. 1. 1. 1. 1.]
Iter 0: obj=49.5755, best_obj=49.5755, ||b_new-b_prev||₂=2.846050
xi_k [0.46364534 0.46778139 0.49447566 0.51520106 0.53048431 0.53166245
 0.52632748 0.51985583 0.50111142 0.44700384]
max_exp: -1.0
coe: 10
Regulation [-1. -1. -1. -1. -1. -1. -1. -1. -1. -1.]
Solver status: optimal_inaccurate
b_new: [1. 1. 1. 1. 1. 1. 1. 1. 1. 1.]
Iter 1: obj=50.4755, best_obj=50.4755, ||b_new-b_prev||₂=0.000000
Converged.
Final b: [1. 1. 1. 1. 1. 1. 1. 1. 1. 1.]
<class 'numpy.ndarray'>
b_float: [1. 1. 1. 1. 1. 1. 1. 1. 1. 1.]
b: [1 1 1 1 1 1 1 1 1 1]
active_clients:  [0, 1, 2, 3, 4, 5, 6, 7, 8, 9]
Client 0's s_k are:[0 0 0 0 1 0 0 0 0 0]
Client 1's s_k are:[0 0 0 0 0 0 0 1 0 0]
Client 2's s_k are:[0 0 0 0 0 0 1 0 0 0]
Client 3's s_k are:[0 0 0 0 0 1 0 0 0 0]
Client 4's s_k are:[0 0 0 0 0 0 0 0 1 0]
Client 5's s_k are:[0 0 0 1 0 0 0 0 0 0]
Client 6's s_k are:[0 0 1 0 0 0 0 0 0 0]
Client 7's s_k are:[0 1 0 0 0 0 0 0 0 0]
Client 8's s_k are:[0 0 0 0 1 0 0 0 0 0]
Client 9's s_k are:[0 0 0 0 1 0 0 0 0 0]
| Global Round : 24 | Client :0 | Local Epoch : 0 | [64/294 (25%)]	Loss1: 5.838495 Loss2: 0.000039 
| Global Round : 24 | Client :0 | Local Epoch : 1 | [64/294 (25%)]	Loss1: 5.838944 Loss2: 0.000040 
| Global Round : 24 | Client :0 | Local Epoch : 2 | [64/294 (25%)]	Loss1: 5.838995 Loss2: 0.000038 
| Global Round : 24 | Client :0 | Local Epoch : 3 | [64/294 (25%)]	Loss1: 5.838813 Loss2: 0.000038 
| Global Round : 24 | Client :0 | Local Epoch : 4 | [64/294 (25%)]	Loss1: 5.838428 Loss2: 0.000041 
| Global Round : 24 | Client :1 | Local Epoch : 0 | [64/510 (14%)]	Loss1: 5.839328 Loss2: 0.000073 
| Global Round : 24 | Client :1 | Local Epoch : 1 | [64/510 (14%)]	Loss1: 5.838851 Loss2: 0.000051 
| Global Round : 24 | Client :1 | Local Epoch : 2 | [64/510 (14%)]	Loss1: 5.839021 Loss2: 0.000059 
| Global Round : 24 | Client :1 | Local Epoch : 3 | [64/510 (14%)]	Loss1: 5.838228 Loss2: 0.000067 
| Global Round : 24 | Client :1 | Local Epoch : 4 | [64/510 (14%)]	Loss1: 5.839445 Loss2: 0.000063 
| Global Round : 24 | Client :2 | Local Epoch : 0 | [64/827 (8%)]	Loss1: 5.838326 Loss2: 0.000052 
| Global Round : 24 | Client :2 | Local Epoch : 0 | [704/827 (92%)]	Loss1: 5.839362 Loss2: 0.000053 
| Global Round : 24 | Client :2 | Local Epoch : 1 | [64/827 (8%)]	Loss1: 5.838528 Loss2: 0.000057 
| Global Round : 24 | Client :2 | Local Epoch : 1 | [704/827 (92%)]	Loss1: 5.838806 Loss2: 0.000065 
| Global Round : 24 | Client :2 | Local Epoch : 2 | [64/827 (8%)]	Loss1: 5.838829 Loss2: 0.000062 
| Global Round : 24 | Client :2 | Local Epoch : 2 | [704/827 (92%)]	Loss1: 5.838169 Loss2: 0.000053 
| Global Round : 24 | Client :2 | Local Epoch : 3 | [64/827 (8%)]	Loss1: 5.838446 Loss2: 0.000053 
| Global Round : 24 | Client :2 | Local Epoch : 3 | [704/827 (92%)]	Loss1: 5.838408 Loss2: 0.000057 
| Global Round : 24 | Client :2 | Local Epoch : 4 | [64/827 (8%)]	Loss1: 5.837960 Loss2: 0.000060 
| Global Round : 24 | Client :2 | Local Epoch : 4 | [704/827 (92%)]	Loss1: 5.838356 Loss2: 0.000054 
| Global Round : 24 | Client :3 | Local Epoch : 0 | [64/926 (7%)]	Loss1: 5.838131 Loss2: 0.000052 
| Global Round : 24 | Client :3 | Local Epoch : 0 | [704/926 (79%)]	Loss1: 5.837910 Loss2: 0.000053 
| Global Round : 24 | Client :3 | Local Epoch : 1 | [64/926 (7%)]	Loss1: 5.838046 Loss2: 0.000051 
| Global Round : 24 | Client :3 | Local Epoch : 1 | [704/926 (79%)]	Loss1: 5.837945 Loss2: 0.000058 
| Global Round : 24 | Client :3 | Local Epoch : 2 | [64/926 (7%)]	Loss1: 5.837762 Loss2: 0.000054 
| Global Round : 24 | Client :3 | Local Epoch : 2 | [704/926 (79%)]	Loss1: 5.838068 Loss2: 0.000060 
| Global Round : 24 | Client :3 | Local Epoch : 3 | [64/926 (7%)]	Loss1: 5.837928 Loss2: 0.000054 
| Global Round : 24 | Client :3 | Local Epoch : 3 | [704/926 (79%)]	Loss1: 5.838347 Loss2: 0.000055 
| Global Round : 24 | Client :3 | Local Epoch : 4 | [64/926 (7%)]	Loss1: 5.838219 Loss2: 0.000053 
| Global Round : 24 | Client :3 | Local Epoch : 4 | [704/926 (79%)]	Loss1: 5.838252 Loss2: 0.000054 
| Global Round : 24 | Client :4 | Local Epoch : 0 | [64/514 (12%)]	Loss1: 5.840052 Loss2: 0.000042 
| Global Round : 24 | Client :4 | Local Epoch : 1 | [64/514 (12%)]	Loss1: 5.839122 Loss2: 0.000044 
| Global Round : 24 | Client :4 | Local Epoch : 2 | [64/514 (12%)]	Loss1: 5.840229 Loss2: 0.000053 
| Global Round : 24 | Client :4 | Local Epoch : 3 | [64/514 (12%)]	Loss1: 5.840126 Loss2: 0.000042 
| Global Round : 24 | Client :4 | Local Epoch : 4 | [64/514 (12%)]	Loss1: 5.839800 Loss2: 0.000040 
| Global Round : 24 | Client :5 | Local Epoch : 0 | [64/641 (10%)]	Loss1: 5.837811 Loss2: 0.000056 
| Global Round : 24 | Client :5 | Local Epoch : 1 | [64/641 (10%)]	Loss1: 5.837729 Loss2: 0.000052 
| Global Round : 24 | Client :5 | Local Epoch : 2 | [64/641 (10%)]	Loss1: 5.838636 Loss2: 0.000055 
| Global Round : 24 | Client :5 | Local Epoch : 3 | [64/641 (10%)]	Loss1: 5.838746 Loss2: 0.000051 
| Global Round : 24 | Client :5 | Local Epoch : 4 | [64/641 (10%)]	Loss1: 5.838500 Loss2: 0.000049 
| Global Round : 24 | Client :6 | Local Epoch : 0 | [64/777 (8%)]	Loss1: 5.838623 Loss2: 0.000057 
| Global Round : 24 | Client :6 | Local Epoch : 0 | [704/777 (92%)]	Loss1: 5.838948 Loss2: 0.000050 
| Global Round : 24 | Client :6 | Local Epoch : 1 | [64/777 (8%)]	Loss1: 5.838780 Loss2: 0.000055 
| Global Round : 24 | Client :6 | Local Epoch : 1 | [704/777 (92%)]	Loss1: 5.838353 Loss2: 0.000054 
| Global Round : 24 | Client :6 | Local Epoch : 2 | [64/777 (8%)]	Loss1: 5.839393 Loss2: 0.000056 
| Global Round : 24 | Client :6 | Local Epoch : 2 | [704/777 (92%)]	Loss1: 5.838468 Loss2: 0.000056 
| Global Round : 24 | Client :6 | Local Epoch : 3 | [64/777 (8%)]	Loss1: 5.839025 Loss2: 0.000058 
| Global Round : 24 | Client :6 | Local Epoch : 3 | [704/777 (92%)]	Loss1: 5.838979 Loss2: 0.000051 
| Global Round : 24 | Client :6 | Local Epoch : 4 | [64/777 (8%)]	Loss1: 5.838373 Loss2: 0.000052 
| Global Round : 24 | Client :6 | Local Epoch : 4 | [704/777 (92%)]	Loss1: 5.838336 Loss2: 0.000055 
| Global Round : 24 | Client :7 | Local Epoch : 0 | [64/590 (11%)]	Loss1: 5.839046 Loss2: 0.000059 
| Global Round : 24 | Client :7 | Local Epoch : 1 | [64/590 (11%)]	Loss1: 5.838586 Loss2: 0.000066 
| Global Round : 24 | Client :7 | Local Epoch : 2 | [64/590 (11%)]	Loss1: 5.839369 Loss2: 0.000061 
| Global Round : 24 | Client :7 | Local Epoch : 3 | [64/590 (11%)]	Loss1: 5.837753 Loss2: 0.000059 
| Global Round : 24 | Client :7 | Local Epoch : 4 | [64/590 (11%)]	Loss1: 5.839276 Loss2: 0.000059 
| Global Round : 24 | Client :8 | Local Epoch : 0 | [64/612 (11%)]	Loss1: 5.838237 Loss2: 0.000036 
| Global Round : 24 | Client :8 | Local Epoch : 1 | [64/612 (11%)]	Loss1: 5.837944 Loss2: 0.000033 
| Global Round : 24 | Client :8 | Local Epoch : 2 | [64/612 (11%)]	Loss1: 5.838195 Loss2: 0.000036 
| Global Round : 24 | Client :8 | Local Epoch : 3 | [64/612 (11%)]	Loss1: 5.838134 Loss2: 0.000031 
| Global Round : 24 | Client :8 | Local Epoch : 4 | [64/612 (11%)]	Loss1: 5.837973 Loss2: 0.000032 
| Global Round : 24 | Client :9 | Local Epoch : 0 | [64/305 (25%)]	Loss1: 5.839361 Loss2: 0.000051 
| Global Round : 24 | Client :9 | Local Epoch : 1 | [64/305 (25%)]	Loss1: 5.840150 Loss2: 0.000043 
| Global Round : 24 | Client :9 | Local Epoch : 2 | [64/305 (25%)]	Loss1: 5.839170 Loss2: 0.000043 
| Global Round : 24 | Client :9 | Local Epoch : 3 | [64/305 (25%)]	Loss1: 5.838932 Loss2: 0.000044 
| Global Round : 24 | Client :9 | Local Epoch : 4 | [64/305 (25%)]	Loss1: 5.838860 Loss2: 0.000047 
average loss:   5.837834919558631
average local test accuracy: 0.9365885416666666
average global test accuracy:  0.31471354166666665

 | Global Training Round : 25 |

xi_k [0.46364385 0.46776758 0.49446456 0.51519714 0.53049129 0.53165873
 0.52633582 0.51984324 0.50110472 0.44702212]
max_exp: -1.0
coe: 10
Regulation [0.8 0.8 0.8 0.8 0.8 0.8 0.8 0.8 0.8 0.8]
Solver status: optimal_inaccurate
b_new: [1. 1. 1. 1. 1. 1. 1. 1. 1. 1.]
Iter 0: obj=49.5753, best_obj=49.5753, ||b_new-b_prev||₂=2.846050
xi_k [0.46364385 0.46776758 0.49446456 0.51519714 0.53049129 0.53165873
 0.52633582 0.51984324 0.50110472 0.44702212]
max_exp: -1.0
coe: 10
Regulation [-1. -1. -1. -1. -1. -1. -1. -1. -1. -1.]
Solver status: optimal_inaccurate
b_new: [1. 1. 1. 1. 1. 1. 1. 1. 1. 1.]
Iter 1: obj=50.4753, best_obj=50.4753, ||b_new-b_prev||₂=0.000000
Converged.
Final b: [1. 1. 1. 1. 1. 1. 1. 1. 1. 1.]
<class 'numpy.ndarray'>
b_float: [1. 1. 1. 1. 1. 1. 1. 1. 1. 1.]
b: [1 1 1 1 1 1 1 1 1 1]
active_clients:  [0, 1, 2, 3, 4, 5, 6, 7, 8, 9]
Client 0's s_k are:[0 0 0 0 1 0 0 0 0 0]
Client 1's s_k are:[0 0 0 0 0 0 0 1 0 0]
Client 2's s_k are:[0 0 0 0 0 0 1 0 0 0]
Client 3's s_k are:[0 0 0 0 0 1 0 0 0 0]
Client 4's s_k are:[0 0 0 0 0 0 0 0 1 0]
Client 5's s_k are:[0 0 0 1 0 0 0 0 0 0]
Client 6's s_k are:[0 0 1 0 0 0 0 0 0 0]
Client 7's s_k are:[0 1 0 0 0 0 0 0 0 0]
Client 8's s_k are:[0 0 0 0 1 0 0 0 0 0]
Client 9's s_k are:[0 0 0 0 1 0 0 0 0 0]
| Global Round : 25 | Client :0 | Local Epoch : 0 | [64/294 (25%)]	Loss1: 5.838268 Loss2: 0.000044 
| Global Round : 25 | Client :0 | Local Epoch : 1 | [64/294 (25%)]	Loss1: 5.838551 Loss2: 0.000040 
| Global Round : 25 | Client :0 | Local Epoch : 2 | [64/294 (25%)]	Loss1: 5.838808 Loss2: 0.000040 
| Global Round : 25 | Client :0 | Local Epoch : 3 | [64/294 (25%)]	Loss1: 5.838701 Loss2: 0.000043 
| Global Round : 25 | Client :0 | Local Epoch : 4 | [64/294 (25%)]	Loss1: 5.838697 Loss2: 0.000040 
| Global Round : 25 | Client :1 | Local Epoch : 0 | [64/510 (14%)]	Loss1: 5.838469 Loss2: 0.000057 
| Global Round : 25 | Client :1 | Local Epoch : 1 | [64/510 (14%)]	Loss1: 5.839185 Loss2: 0.000059 
| Global Round : 25 | Client :1 | Local Epoch : 2 | [64/510 (14%)]	Loss1: 5.839789 Loss2: 0.000065 
| Global Round : 25 | Client :1 | Local Epoch : 3 | [64/510 (14%)]	Loss1: 5.838682 Loss2: 0.000051 
| Global Round : 25 | Client :1 | Local Epoch : 4 | [64/510 (14%)]	Loss1: 5.838918 Loss2: 0.000065 
| Global Round : 25 | Client :2 | Local Epoch : 0 | [64/827 (8%)]	Loss1: 5.838399 Loss2: 0.000052 
| Global Round : 25 | Client :2 | Local Epoch : 0 | [704/827 (92%)]	Loss1: 5.838069 Loss2: 0.000051 
| Global Round : 25 | Client :2 | Local Epoch : 1 | [64/827 (8%)]	Loss1: 5.839038 Loss2: 0.000056 
| Global Round : 25 | Client :2 | Local Epoch : 1 | [704/827 (92%)]	Loss1: 5.838861 Loss2: 0.000052 
| Global Round : 25 | Client :2 | Local Epoch : 2 | [64/827 (8%)]	Loss1: 5.838045 Loss2: 0.000057 
| Global Round : 25 | Client :2 | Local Epoch : 2 | [704/827 (92%)]	Loss1: 5.837997 Loss2: 0.000053 
| Global Round : 25 | Client :2 | Local Epoch : 3 | [64/827 (8%)]	Loss1: 5.838674 Loss2: 0.000057 
| Global Round : 25 | Client :2 | Local Epoch : 3 | [704/827 (92%)]	Loss1: 5.838563 Loss2: 0.000055 
| Global Round : 25 | Client :2 | Local Epoch : 4 | [64/827 (8%)]	Loss1: 5.838674 Loss2: 0.000055 
| Global Round : 25 | Client :2 | Local Epoch : 4 | [704/827 (92%)]	Loss1: 5.838219 Loss2: 0.000048 
| Global Round : 25 | Client :3 | Local Epoch : 0 | [64/926 (7%)]	Loss1: 5.837924 Loss2: 0.000053 
| Global Round : 25 | Client :3 | Local Epoch : 0 | [704/926 (79%)]	Loss1: 5.838625 Loss2: 0.000060 
| Global Round : 25 | Client :3 | Local Epoch : 1 | [64/926 (7%)]	Loss1: 5.838606 Loss2: 0.000055 
| Global Round : 25 | Client :3 | Local Epoch : 1 | [704/926 (79%)]	Loss1: 5.838228 Loss2: 0.000055 
| Global Round : 25 | Client :3 | Local Epoch : 2 | [64/926 (7%)]	Loss1: 5.838611 Loss2: 0.000053 
| Global Round : 25 | Client :3 | Local Epoch : 2 | [704/926 (79%)]	Loss1: 5.838024 Loss2: 0.000055 
| Global Round : 25 | Client :3 | Local Epoch : 3 | [64/926 (7%)]	Loss1: 5.837877 Loss2: 0.000054 
| Global Round : 25 | Client :3 | Local Epoch : 3 | [704/926 (79%)]	Loss1: 5.837976 Loss2: 0.000054 
| Global Round : 25 | Client :3 | Local Epoch : 4 | [64/926 (7%)]	Loss1: 5.838192 Loss2: 0.000052 
| Global Round : 25 | Client :3 | Local Epoch : 4 | [704/926 (79%)]	Loss1: 5.838664 Loss2: 0.000057 
| Global Round : 25 | Client :4 | Local Epoch : 0 | [64/514 (12%)]	Loss1: 5.839100 Loss2: 0.000043 
| Global Round : 25 | Client :4 | Local Epoch : 1 | [64/514 (12%)]	Loss1: 5.840435 Loss2: 0.000040 
| Global Round : 25 | Client :4 | Local Epoch : 2 | [64/514 (12%)]	Loss1: 5.839263 Loss2: 0.000044 
| Global Round : 25 | Client :4 | Local Epoch : 3 | [64/514 (12%)]	Loss1: 5.839397 Loss2: 0.000043 
| Global Round : 25 | Client :4 | Local Epoch : 4 | [64/514 (12%)]	Loss1: 5.839486 Loss2: 0.000034 
| Global Round : 25 | Client :5 | Local Epoch : 0 | [64/641 (10%)]	Loss1: 5.838260 Loss2: 0.000051 
| Global Round : 25 | Client :5 | Local Epoch : 1 | [64/641 (10%)]	Loss1: 5.838188 Loss2: 0.000051 
| Global Round : 25 | Client :5 | Local Epoch : 2 | [64/641 (10%)]	Loss1: 5.838787 Loss2: 0.000052 
| Global Round : 25 | Client :5 | Local Epoch : 3 | [64/641 (10%)]	Loss1: 5.837979 Loss2: 0.000054 
| Global Round : 25 | Client :5 | Local Epoch : 4 | [64/641 (10%)]	Loss1: 5.837704 Loss2: 0.000051 
| Global Round : 25 | Client :6 | Local Epoch : 0 | [64/777 (8%)]	Loss1: 5.838535 Loss2: 0.000048 
| Global Round : 25 | Client :6 | Local Epoch : 0 | [704/777 (92%)]	Loss1: 5.838019 Loss2: 0.000046 
| Global Round : 25 | Client :6 | Local Epoch : 1 | [64/777 (8%)]	Loss1: 5.838579 Loss2: 0.000051 
| Global Round : 25 | Client :6 | Local Epoch : 1 | [704/777 (92%)]	Loss1: 5.838244 Loss2: 0.000048 
| Global Round : 25 | Client :6 | Local Epoch : 2 | [64/777 (8%)]	Loss1: 5.838687 Loss2: 0.000052 
| Global Round : 25 | Client :6 | Local Epoch : 2 | [704/777 (92%)]	Loss1: 5.838850 Loss2: 0.000052 
| Global Round : 25 | Client :6 | Local Epoch : 3 | [64/777 (8%)]	Loss1: 5.838206 Loss2: 0.000050 
| Global Round : 25 | Client :6 | Local Epoch : 3 | [704/777 (92%)]	Loss1: 5.838232 Loss2: 0.000053 
| Global Round : 25 | Client :6 | Local Epoch : 4 | [64/777 (8%)]	Loss1: 5.838409 Loss2: 0.000056 
| Global Round : 25 | Client :6 | Local Epoch : 4 | [704/777 (92%)]	Loss1: 5.838570 Loss2: 0.000048 
| Global Round : 25 | Client :7 | Local Epoch : 0 | [64/590 (11%)]	Loss1: 5.838263 Loss2: 0.000061 
| Global Round : 25 | Client :7 | Local Epoch : 1 | [64/590 (11%)]	Loss1: 5.839791 Loss2: 0.000059 
| Global Round : 25 | Client :7 | Local Epoch : 2 | [64/590 (11%)]	Loss1: 5.837961 Loss2: 0.000062 
| Global Round : 25 | Client :7 | Local Epoch : 3 | [64/590 (11%)]	Loss1: 5.838601 Loss2: 0.000067 
| Global Round : 25 | Client :7 | Local Epoch : 4 | [64/590 (11%)]	Loss1: 5.838887 Loss2: 0.000055 
| Global Round : 25 | Client :8 | Local Epoch : 0 | [64/612 (11%)]	Loss1: 5.838080 Loss2: 0.000038 
| Global Round : 25 | Client :8 | Local Epoch : 1 | [64/612 (11%)]	Loss1: 5.837914 Loss2: 0.000033 
| Global Round : 25 | Client :8 | Local Epoch : 2 | [64/612 (11%)]	Loss1: 5.838159 Loss2: 0.000034 
| Global Round : 25 | Client :8 | Local Epoch : 3 | [64/612 (11%)]	Loss1: 5.838135 Loss2: 0.000033 
| Global Round : 25 | Client :8 | Local Epoch : 4 | [64/612 (11%)]	Loss1: 5.838194 Loss2: 0.000035 
| Global Round : 25 | Client :9 | Local Epoch : 0 | [64/305 (25%)]	Loss1: 5.838898 Loss2: 0.000043 
| Global Round : 25 | Client :9 | Local Epoch : 1 | [64/305 (25%)]	Loss1: 5.838098 Loss2: 0.000042 
| Global Round : 25 | Client :9 | Local Epoch : 2 | [64/305 (25%)]	Loss1: 5.839339 Loss2: 0.000043 
| Global Round : 25 | Client :9 | Local Epoch : 3 | [64/305 (25%)]	Loss1: 5.839000 Loss2: 0.000041 
| Global Round : 25 | Client :9 | Local Epoch : 4 | [64/305 (25%)]	Loss1: 5.838615 Loss2: 0.000048 
average loss:   5.837819168283826
average local test accuracy: 0.9373697916666666
average global test accuracy:  0.33567708333333335

 | Global Training Round : 26 |

xi_k [0.46362588 0.46778473 0.49446677 0.51519967 0.53048063 0.53165222
 0.526323   0.51982838 0.50110738 0.44701937]
max_exp: -1.0
coe: 10
Regulation [0.8 0.8 0.8 0.8 0.8 0.8 0.8 0.8 0.8 0.8]
Solver status: optimal_inaccurate
b_new: [1. 1. 1. 1. 1. 1. 1. 1. 1. 1.]
Iter 0: obj=49.5749, best_obj=49.5749, ||b_new-b_prev||₂=2.846050
xi_k [0.46362588 0.46778473 0.49446677 0.51519967 0.53048063 0.53165222
 0.526323   0.51982838 0.50110738 0.44701937]
max_exp: -1.0
coe: 10
Regulation [-1. -1. -1. -1. -1. -1. -1. -1. -1. -1.]
Solver status: optimal_inaccurate
b_new: [1. 1. 1. 1. 1. 1. 1. 1. 1. 1.]
Iter 1: obj=50.4749, best_obj=50.4749, ||b_new-b_prev||₂=0.000000
Converged.
Final b: [1. 1. 1. 1. 1. 1. 1. 1. 1. 1.]
<class 'numpy.ndarray'>
b_float: [1. 1. 1. 1. 1. 1. 1. 1. 1. 1.]
b: [1 1 1 1 1 1 1 1 1 1]
active_clients:  [0, 1, 2, 3, 4, 5, 6, 7, 8, 9]
Client 0's s_k are:[0 0 0 0 1 0 0 0 0 0]
Client 1's s_k are:[0 0 0 0 0 0 0 1 0 0]
Client 2's s_k are:[0 0 0 0 0 0 1 0 0 0]
Client 3's s_k are:[0 0 0 0 0 1 0 0 0 0]
Client 4's s_k are:[0 0 0 0 0 0 0 0 1 0]
Client 5's s_k are:[0 0 0 1 0 0 0 0 0 0]
Client 6's s_k are:[0 0 1 0 0 0 0 0 0 0]
Client 7's s_k are:[0 1 0 0 0 0 0 0 0 0]
Client 8's s_k are:[0 0 0 0 1 0 0 0 0 0]
Client 9's s_k are:[0 0 0 0 1 0 0 0 0 0]
| Global Round : 26 | Client :0 | Local Epoch : 0 | [64/294 (25%)]	Loss1: 5.838445 Loss2: 0.000038 
| Global Round : 26 | Client :0 | Local Epoch : 1 | [64/294 (25%)]	Loss1: 5.838168 Loss2: 0.000041 
| Global Round : 26 | Client :0 | Local Epoch : 2 | [64/294 (25%)]	Loss1: 5.839075 Loss2: 0.000040 
| Global Round : 26 | Client :0 | Local Epoch : 3 | [64/294 (25%)]	Loss1: 5.838558 Loss2: 0.000038 
| Global Round : 26 | Client :0 | Local Epoch : 4 | [64/294 (25%)]	Loss1: 5.838122 Loss2: 0.000042 
| Global Round : 26 | Client :1 | Local Epoch : 0 | [64/510 (14%)]	Loss1: 5.838636 Loss2: 0.000053 
| Global Round : 26 | Client :1 | Local Epoch : 1 | [64/510 (14%)]	Loss1: 5.838548 Loss2: 0.000073 
| Global Round : 26 | Client :1 | Local Epoch : 2 | [64/510 (14%)]	Loss1: 5.839172 Loss2: 0.000075 
| Global Round : 26 | Client :1 | Local Epoch : 3 | [64/510 (14%)]	Loss1: 5.839426 Loss2: 0.000060 
| Global Round : 26 | Client :1 | Local Epoch : 4 | [64/510 (14%)]	Loss1: 5.838979 Loss2: 0.000074 
| Global Round : 26 | Client :2 | Local Epoch : 0 | [64/827 (8%)]	Loss1: 5.839081 Loss2: 0.000056 
| Global Round : 26 | Client :2 | Local Epoch : 0 | [704/827 (92%)]	Loss1: 5.838374 Loss2: 0.000053 
| Global Round : 26 | Client :2 | Local Epoch : 1 | [64/827 (8%)]	Loss1: 5.838269 Loss2: 0.000055 
| Global Round : 26 | Client :2 | Local Epoch : 1 | [704/827 (92%)]	Loss1: 5.838719 Loss2: 0.000052 
| Global Round : 26 | Client :2 | Local Epoch : 2 | [64/827 (8%)]	Loss1: 5.838862 Loss2: 0.000061 
| Global Round : 26 | Client :2 | Local Epoch : 2 | [704/827 (92%)]	Loss1: 5.838667 Loss2: 0.000059 
| Global Round : 26 | Client :2 | Local Epoch : 3 | [64/827 (8%)]	Loss1: 5.838898 Loss2: 0.000056 
| Global Round : 26 | Client :2 | Local Epoch : 3 | [704/827 (92%)]	Loss1: 5.838210 Loss2: 0.000052 
| Global Round : 26 | Client :2 | Local Epoch : 4 | [64/827 (8%)]	Loss1: 5.838845 Loss2: 0.000057 
| Global Round : 26 | Client :2 | Local Epoch : 4 | [704/827 (92%)]	Loss1: 5.837987 Loss2: 0.000053 
| Global Round : 26 | Client :3 | Local Epoch : 0 | [64/926 (7%)]	Loss1: 5.838124 Loss2: 0.000054 
| Global Round : 26 | Client :3 | Local Epoch : 0 | [704/926 (79%)]	Loss1: 5.838047 Loss2: 0.000062 
| Global Round : 26 | Client :3 | Local Epoch : 1 | [64/926 (7%)]	Loss1: 5.838058 Loss2: 0.000053 
| Global Round : 26 | Client :3 | Local Epoch : 1 | [704/926 (79%)]	Loss1: 5.838562 Loss2: 0.000058 
| Global Round : 26 | Client :3 | Local Epoch : 2 | [64/926 (7%)]	Loss1: 5.838128 Loss2: 0.000049 
| Global Round : 26 | Client :3 | Local Epoch : 2 | [704/926 (79%)]	Loss1: 5.837987 Loss2: 0.000059 
| Global Round : 26 | Client :3 | Local Epoch : 3 | [64/926 (7%)]	Loss1: 5.837674 Loss2: 0.000048 
| Global Round : 26 | Client :3 | Local Epoch : 3 | [704/926 (79%)]	Loss1: 5.838955 Loss2: 0.000060 
| Global Round : 26 | Client :3 | Local Epoch : 4 | [64/926 (7%)]	Loss1: 5.838049 Loss2: 0.000051 
| Global Round : 26 | Client :3 | Local Epoch : 4 | [704/926 (79%)]	Loss1: 5.837932 Loss2: 0.000064 
| Global Round : 26 | Client :4 | Local Epoch : 0 | [64/514 (12%)]	Loss1: 5.839135 Loss2: 0.000034 
| Global Round : 26 | Client :4 | Local Epoch : 1 | [64/514 (12%)]	Loss1: 5.840412 Loss2: 0.000035 
| Global Round : 26 | Client :4 | Local Epoch : 2 | [64/514 (12%)]	Loss1: 5.839161 Loss2: 0.000045 
| Global Round : 26 | Client :4 | Local Epoch : 3 | [64/514 (12%)]	Loss1: 5.839230 Loss2: 0.000043 
| Global Round : 26 | Client :4 | Local Epoch : 4 | [64/514 (12%)]	Loss1: 5.840035 Loss2: 0.000041 
| Global Round : 26 | Client :5 | Local Epoch : 0 | [64/641 (10%)]	Loss1: 5.837694 Loss2: 0.000057 
| Global Round : 26 | Client :5 | Local Epoch : 1 | [64/641 (10%)]	Loss1: 5.837885 Loss2: 0.000055 
| Global Round : 26 | Client :5 | Local Epoch : 2 | [64/641 (10%)]	Loss1: 5.837719 Loss2: 0.000062 
| Global Round : 26 | Client :5 | Local Epoch : 3 | [64/641 (10%)]	Loss1: 5.839166 Loss2: 0.000054 
| Global Round : 26 | Client :5 | Local Epoch : 4 | [64/641 (10%)]	Loss1: 5.838780 Loss2: 0.000053 
| Global Round : 26 | Client :6 | Local Epoch : 0 | [64/777 (8%)]	Loss1: 5.838044 Loss2: 0.000051 
| Global Round : 26 | Client :6 | Local Epoch : 0 | [704/777 (92%)]	Loss1: 5.838840 Loss2: 0.000051 
| Global Round : 26 | Client :6 | Local Epoch : 1 | [64/777 (8%)]	Loss1: 5.838342 Loss2: 0.000054 
| Global Round : 26 | Client :6 | Local Epoch : 1 | [704/777 (92%)]	Loss1: 5.838474 Loss2: 0.000055 
| Global Round : 26 | Client :6 | Local Epoch : 2 | [64/777 (8%)]	Loss1: 5.838801 Loss2: 0.000048 
| Global Round : 26 | Client :6 | Local Epoch : 2 | [704/777 (92%)]	Loss1: 5.838367 Loss2: 0.000060 
| Global Round : 26 | Client :6 | Local Epoch : 3 | [64/777 (8%)]	Loss1: 5.839019 Loss2: 0.000050 
| Global Round : 26 | Client :6 | Local Epoch : 3 | [704/777 (92%)]	Loss1: 5.838118 Loss2: 0.000057 
| Global Round : 26 | Client :6 | Local Epoch : 4 | [64/777 (8%)]	Loss1: 5.838610 Loss2: 0.000055 
| Global Round : 26 | Client :6 | Local Epoch : 4 | [704/777 (92%)]	Loss1: 5.839519 Loss2: 0.000051 
| Global Round : 26 | Client :7 | Local Epoch : 0 | [64/590 (11%)]	Loss1: 5.839255 Loss2: 0.000054 
| Global Round : 26 | Client :7 | Local Epoch : 1 | [64/590 (11%)]	Loss1: 5.839128 Loss2: 0.000050 
| Global Round : 26 | Client :7 | Local Epoch : 2 | [64/590 (11%)]	Loss1: 5.838038 Loss2: 0.000051 
| Global Round : 26 | Client :7 | Local Epoch : 3 | [64/590 (11%)]	Loss1: 5.838438 Loss2: 0.000057 
| Global Round : 26 | Client :7 | Local Epoch : 4 | [64/590 (11%)]	Loss1: 5.838076 Loss2: 0.000053 
| Global Round : 26 | Client :8 | Local Epoch : 0 | [64/612 (11%)]	Loss1: 5.838039 Loss2: 0.000033 
| Global Round : 26 | Client :8 | Local Epoch : 1 | [64/612 (11%)]	Loss1: 5.838126 Loss2: 0.000037 
| Global Round : 26 | Client :8 | Local Epoch : 2 | [64/612 (11%)]	Loss1: 5.838038 Loss2: 0.000038 
| Global Round : 26 | Client :8 | Local Epoch : 3 | [64/612 (11%)]	Loss1: 5.837963 Loss2: 0.000036 
| Global Round : 26 | Client :8 | Local Epoch : 4 | [64/612 (11%)]	Loss1: 5.838050 Loss2: 0.000036 
| Global Round : 26 | Client :9 | Local Epoch : 0 | [64/305 (25%)]	Loss1: 5.838609 Loss2: 0.000049 
| Global Round : 26 | Client :9 | Local Epoch : 1 | [64/305 (25%)]	Loss1: 5.839314 Loss2: 0.000048 
| Global Round : 26 | Client :9 | Local Epoch : 2 | [64/305 (25%)]	Loss1: 5.839097 Loss2: 0.000050 
| Global Round : 26 | Client :9 | Local Epoch : 3 | [64/305 (25%)]	Loss1: 5.839113 Loss2: 0.000043 
| Global Round : 26 | Client :9 | Local Epoch : 4 | [64/305 (25%)]	Loss1: 5.838673 Loss2: 0.000044 
average loss:   5.837831406914999
average local test accuracy: 0.930078125
average global test accuracy:  0.3091145833333334

 | Global Training Round : 27 |

xi_k [0.46364573 0.46776877 0.49446243 0.51519946 0.53047015 0.53165451
 0.52632794 0.51983109 0.50110409 0.44698937]
max_exp: -1.0
coe: 10
Regulation [0.8 0.8 0.8 0.8 0.8 0.8 0.8 0.8 0.8 0.8]
Solver status: optimal_inaccurate
b_new: [1. 1. 1. 1. 1. 1. 1. 1. 1. 1.]
Iter 0: obj=49.5745, best_obj=49.5745, ||b_new-b_prev||₂=2.846050
xi_k [0.46364573 0.46776877 0.49446243 0.51519946 0.53047015 0.53165451
 0.52632794 0.51983109 0.50110409 0.44698937]
max_exp: -1.0
coe: 10
Regulation [-1. -1. -1. -1. -1. -1. -1. -1. -1. -1.]
Solver status: optimal_inaccurate
b_new: [1. 1. 1. 1. 1. 1. 1. 1. 1. 1.]
Iter 1: obj=50.4745, best_obj=50.4745, ||b_new-b_prev||₂=0.000000
Converged.
Final b: [1. 1. 1. 1. 1. 1. 1. 1. 1. 1.]
<class 'numpy.ndarray'>
b_float: [1. 1. 1. 1. 1. 1. 1. 1. 1. 1.]
b: [1 1 1 1 1 1 1 1 1 1]
active_clients:  [0, 1, 2, 3, 4, 5, 6, 7, 8, 9]
Client 0's s_k are:[0 0 0 0 1 0 0 0 0 0]
Client 1's s_k are:[0 0 0 0 0 0 0 1 0 0]
Client 2's s_k are:[0 0 0 0 0 0 1 0 0 0]
Client 3's s_k are:[0 0 0 0 0 1 0 0 0 0]
Client 4's s_k are:[0 0 0 0 0 0 0 0 1 0]
Client 5's s_k are:[0 0 0 1 0 0 0 0 0 0]
Client 6's s_k are:[0 0 1 0 0 0 0 0 0 0]
Client 7's s_k are:[0 1 0 0 0 0 0 0 0 0]
Client 8's s_k are:[0 0 0 0 1 0 0 0 0 0]
Client 9's s_k are:[0 0 0 0 1 0 0 0 0 0]
| Global Round : 27 | Client :0 | Local Epoch : 0 | [64/294 (25%)]	Loss1: 5.838264 Loss2: 0.000039 
| Global Round : 27 | Client :0 | Local Epoch : 1 | [64/294 (25%)]	Loss1: 5.838159 Loss2: 0.000042 
| Global Round : 27 | Client :0 | Local Epoch : 2 | [64/294 (25%)]	Loss1: 5.838931 Loss2: 0.000038 
| Global Round : 27 | Client :0 | Local Epoch : 3 | [64/294 (25%)]	Loss1: 5.838433 Loss2: 0.000039 
| Global Round : 27 | Client :0 | Local Epoch : 4 | [64/294 (25%)]	Loss1: 5.838352 Loss2: 0.000039 
| Global Round : 27 | Client :1 | Local Epoch : 0 | [64/510 (14%)]	Loss1: 5.839093 Loss2: 0.000066 
| Global Round : 27 | Client :1 | Local Epoch : 1 | [64/510 (14%)]	Loss1: 5.838204 Loss2: 0.000060 
| Global Round : 27 | Client :1 | Local Epoch : 2 | [64/510 (14%)]	Loss1: 5.838711 Loss2: 0.000062 
| Global Round : 27 | Client :1 | Local Epoch : 3 | [64/510 (14%)]	Loss1: 5.838086 Loss2: 0.000061 
| Global Round : 27 | Client :1 | Local Epoch : 4 | [64/510 (14%)]	Loss1: 5.838322 Loss2: 0.000056 
| Global Round : 27 | Client :2 | Local Epoch : 0 | [64/827 (8%)]	Loss1: 5.838666 Loss2: 0.000055 
| Global Round : 27 | Client :2 | Local Epoch : 0 | [704/827 (92%)]	Loss1: 5.838493 Loss2: 0.000051 
| Global Round : 27 | Client :2 | Local Epoch : 1 | [64/827 (8%)]	Loss1: 5.838972 Loss2: 0.000056 
| Global Round : 27 | Client :2 | Local Epoch : 1 | [704/827 (92%)]	Loss1: 5.838760 Loss2: 0.000057 
| Global Round : 27 | Client :2 | Local Epoch : 2 | [64/827 (8%)]	Loss1: 5.839150 Loss2: 0.000057 
| Global Round : 27 | Client :2 | Local Epoch : 2 | [704/827 (92%)]	Loss1: 5.838620 Loss2: 0.000056 
| Global Round : 27 | Client :2 | Local Epoch : 3 | [64/827 (8%)]	Loss1: 5.838188 Loss2: 0.000054 
| Global Round : 27 | Client :2 | Local Epoch : 3 | [704/827 (92%)]	Loss1: 5.838630 Loss2: 0.000059 
| Global Round : 27 | Client :2 | Local Epoch : 4 | [64/827 (8%)]	Loss1: 5.839160 Loss2: 0.000057 
| Global Round : 27 | Client :2 | Local Epoch : 4 | [704/827 (92%)]	Loss1: 5.838235 Loss2: 0.000057 
| Global Round : 27 | Client :3 | Local Epoch : 0 | [64/926 (7%)]	Loss1: 5.838222 Loss2: 0.000052 
| Global Round : 27 | Client :3 | Local Epoch : 0 | [704/926 (79%)]	Loss1: 5.838265 Loss2: 0.000057 
| Global Round : 27 | Client :3 | Local Epoch : 1 | [64/926 (7%)]	Loss1: 5.838796 Loss2: 0.000052 
| Global Round : 27 | Client :3 | Local Epoch : 1 | [704/926 (79%)]	Loss1: 5.838114 Loss2: 0.000056 
| Global Round : 27 | Client :3 | Local Epoch : 2 | [64/926 (7%)]	Loss1: 5.837850 Loss2: 0.000053 
| Global Round : 27 | Client :3 | Local Epoch : 2 | [704/926 (79%)]	Loss1: 5.837921 Loss2: 0.000059 
| Global Round : 27 | Client :3 | Local Epoch : 3 | [64/926 (7%)]	Loss1: 5.837958 Loss2: 0.000051 
| Global Round : 27 | Client :3 | Local Epoch : 3 | [704/926 (79%)]	Loss1: 5.837963 Loss2: 0.000055 
| Global Round : 27 | Client :3 | Local Epoch : 4 | [64/926 (7%)]	Loss1: 5.837998 Loss2: 0.000054 
| Global Round : 27 | Client :3 | Local Epoch : 4 | [704/926 (79%)]	Loss1: 5.837987 Loss2: 0.000057 
| Global Round : 27 | Client :4 | Local Epoch : 0 | [64/514 (12%)]	Loss1: 5.839899 Loss2: 0.000042 
| Global Round : 27 | Client :4 | Local Epoch : 1 | [64/514 (12%)]	Loss1: 5.839414 Loss2: 0.000039 
| Global Round : 27 | Client :4 | Local Epoch : 2 | [64/514 (12%)]	Loss1: 5.839601 Loss2: 0.000041 
| Global Round : 27 | Client :4 | Local Epoch : 3 | [64/514 (12%)]	Loss1: 5.840126 Loss2: 0.000041 
| Global Round : 27 | Client :4 | Local Epoch : 4 | [64/514 (12%)]	Loss1: 5.839180 Loss2: 0.000035 
| Global Round : 27 | Client :5 | Local Epoch : 0 | [64/641 (10%)]	Loss1: 5.837801 Loss2: 0.000049 
| Global Round : 27 | Client :5 | Local Epoch : 1 | [64/641 (10%)]	Loss1: 5.838222 Loss2: 0.000052 
| Global Round : 27 | Client :5 | Local Epoch : 2 | [64/641 (10%)]	Loss1: 5.838119 Loss2: 0.000051 
| Global Round : 27 | Client :5 | Local Epoch : 3 | [64/641 (10%)]	Loss1: 5.838647 Loss2: 0.000051 
| Global Round : 27 | Client :5 | Local Epoch : 4 | [64/641 (10%)]	Loss1: 5.838259 Loss2: 0.000050 
| Global Round : 27 | Client :6 | Local Epoch : 0 | [64/777 (8%)]	Loss1: 5.838147 Loss2: 0.000048 
| Global Round : 27 | Client :6 | Local Epoch : 0 | [704/777 (92%)]	Loss1: 5.838428 Loss2: 0.000054 
| Global Round : 27 | Client :6 | Local Epoch : 1 | [64/777 (8%)]	Loss1: 5.838256 Loss2: 0.000054 
| Global Round : 27 | Client :6 | Local Epoch : 1 | [704/777 (92%)]	Loss1: 5.839138 Loss2: 0.000050 
| Global Round : 27 | Client :6 | Local Epoch : 2 | [64/777 (8%)]	Loss1: 5.839203 Loss2: 0.000050 
| Global Round : 27 | Client :6 | Local Epoch : 2 | [704/777 (92%)]	Loss1: 5.838298 Loss2: 0.000052 
| Global Round : 27 | Client :6 | Local Epoch : 3 | [64/777 (8%)]	Loss1: 5.838788 Loss2: 0.000054 
| Global Round : 27 | Client :6 | Local Epoch : 3 | [704/777 (92%)]	Loss1: 5.838946 Loss2: 0.000052 
| Global Round : 27 | Client :6 | Local Epoch : 4 | [64/777 (8%)]	Loss1: 5.838418 Loss2: 0.000049 
| Global Round : 27 | Client :6 | Local Epoch : 4 | [704/777 (92%)]	Loss1: 5.838172 Loss2: 0.000058 
| Global Round : 27 | Client :7 | Local Epoch : 0 | [64/590 (11%)]	Loss1: 5.837924 Loss2: 0.000057 
| Global Round : 27 | Client :7 | Local Epoch : 1 | [64/590 (11%)]	Loss1: 5.838273 Loss2: 0.000057 
| Global Round : 27 | Client :7 | Local Epoch : 2 | [64/590 (11%)]	Loss1: 5.837992 Loss2: 0.000054 
| Global Round : 27 | Client :7 | Local Epoch : 3 | [64/590 (11%)]	Loss1: 5.838175 Loss2: 0.000058 
| Global Round : 27 | Client :7 | Local Epoch : 4 | [64/590 (11%)]	Loss1: 5.838388 Loss2: 0.000058 
| Global Round : 27 | Client :8 | Local Epoch : 0 | [64/612 (11%)]	Loss1: 5.837955 Loss2: 0.000034 
| Global Round : 27 | Client :8 | Local Epoch : 1 | [64/612 (11%)]	Loss1: 5.838030 Loss2: 0.000033 
| Global Round : 27 | Client :8 | Local Epoch : 2 | [64/612 (11%)]	Loss1: 5.838148 Loss2: 0.000034 
| Global Round : 27 | Client :8 | Local Epoch : 3 | [64/612 (11%)]	Loss1: 5.838167 Loss2: 0.000035 
| Global Round : 27 | Client :8 | Local Epoch : 4 | [64/612 (11%)]	Loss1: 5.837998 Loss2: 0.000036 
| Global Round : 27 | Client :9 | Local Epoch : 0 | [64/305 (25%)]	Loss1: 5.839270 Loss2: 0.000047 
| Global Round : 27 | Client :9 | Local Epoch : 1 | [64/305 (25%)]	Loss1: 5.839166 Loss2: 0.000045 
| Global Round : 27 | Client :9 | Local Epoch : 2 | [64/305 (25%)]	Loss1: 5.839309 Loss2: 0.000046 
| Global Round : 27 | Client :9 | Local Epoch : 3 | [64/305 (25%)]	Loss1: 5.839213 Loss2: 0.000042 
| Global Round : 27 | Client :9 | Local Epoch : 4 | [64/305 (25%)]	Loss1: 5.839458 Loss2: 0.000045 
average loss:   5.83779015319688
average local test accuracy: 0.9338541666666667
average global test accuracy:  0.31705729166666663

 | Global Training Round : 28 |

xi_k [0.46363671 0.46774208 0.49445677 0.51519896 0.53046559 0.53165717
 0.52633133 0.51982968 0.50110085 0.44699333]
max_exp: -1.0
coe: 10
Regulation [0.8 0.8 0.8 0.8 0.8 0.8 0.8 0.8 0.8 0.8]
Solver status: optimal_inaccurate
b_new: [1. 1. 1. 1. 1. 1. 1. 1. 1. 1.]
Iter 0: obj=49.5741, best_obj=49.5741, ||b_new-b_prev||₂=2.846050
xi_k [0.46363671 0.46774208 0.49445677 0.51519896 0.53046559 0.53165717
 0.52633133 0.51982968 0.50110085 0.44699333]
max_exp: -1.0
coe: 10
Regulation [-1. -1. -1. -1. -1. -1. -1. -1. -1. -1.]
Solver status: optimal_inaccurate
b_new: [1. 1. 1. 1. 1. 1. 1. 1. 1. 1.]
Iter 1: obj=50.4741, best_obj=50.4741, ||b_new-b_prev||₂=0.000000
Converged.
Final b: [1. 1. 1. 1. 1. 1. 1. 1. 1. 1.]
<class 'numpy.ndarray'>
b_float: [1. 1. 1. 1. 1. 1. 1. 1. 1. 1.]
b: [1 1 1 1 1 1 1 1 1 1]
active_clients:  [0, 1, 2, 3, 4, 5, 6, 7, 8, 9]
Client 0's s_k are:[0 0 0 0 1 0 0 0 0 0]
Client 1's s_k are:[0 0 0 0 0 0 0 1 0 0]
Client 2's s_k are:[0 0 0 0 0 0 1 0 0 0]
Client 3's s_k are:[0 0 0 0 0 1 0 0 0 0]
Client 4's s_k are:[0 0 0 0 0 0 0 0 1 0]
Client 5's s_k are:[0 0 0 1 0 0 0 0 0 0]
Client 6's s_k are:[0 0 1 0 0 0 0 0 0 0]
Client 7's s_k are:[0 1 0 0 0 0 0 0 0 0]
Client 8's s_k are:[0 0 0 0 1 0 0 0 0 0]
Client 9's s_k are:[0 0 0 0 1 0 0 0 0 0]
| Global Round : 28 | Client :0 | Local Epoch : 0 | [64/294 (25%)]	Loss1: 5.838535 Loss2: 0.000037 
| Global Round : 28 | Client :0 | Local Epoch : 1 | [64/294 (25%)]	Loss1: 5.838424 Loss2: 0.000038 
| Global Round : 28 | Client :0 | Local Epoch : 2 | [64/294 (25%)]	Loss1: 5.838313 Loss2: 0.000038 
| Global Round : 28 | Client :0 | Local Epoch : 3 | [64/294 (25%)]	Loss1: 5.838256 Loss2: 0.000037 
| Global Round : 28 | Client :0 | Local Epoch : 4 | [64/294 (25%)]	Loss1: 5.838449 Loss2: 0.000037 
| Global Round : 28 | Client :1 | Local Epoch : 0 | [64/510 (14%)]	Loss1: 5.838102 Loss2: 0.000055 
| Global Round : 28 | Client :1 | Local Epoch : 1 | [64/510 (14%)]	Loss1: 5.838636 Loss2: 0.000066 
| Global Round : 28 | Client :1 | Local Epoch : 2 | [64/510 (14%)]	Loss1: 5.838811 Loss2: 0.000053 
| Global Round : 28 | Client :1 | Local Epoch : 3 | [64/510 (14%)]	Loss1: 5.839186 Loss2: 0.000069 
| Global Round : 28 | Client :1 | Local Epoch : 4 | [64/510 (14%)]	Loss1: 5.838141 Loss2: 0.000059 
| Global Round : 28 | Client :2 | Local Epoch : 0 | [64/827 (8%)]	Loss1: 5.838525 Loss2: 0.000056 
| Global Round : 28 | Client :2 | Local Epoch : 0 | [704/827 (92%)]	Loss1: 5.838473 Loss2: 0.000050 
| Global Round : 28 | Client :2 | Local Epoch : 1 | [64/827 (8%)]	Loss1: 5.838262 Loss2: 0.000055 
| Global Round : 28 | Client :2 | Local Epoch : 1 | [704/827 (92%)]	Loss1: 5.838335 Loss2: 0.000052 
| Global Round : 28 | Client :2 | Local Epoch : 2 | [64/827 (8%)]	Loss1: 5.838566 Loss2: 0.000059 
| Global Round : 28 | Client :2 | Local Epoch : 2 | [704/827 (92%)]	Loss1: 5.838674 Loss2: 0.000053 
| Global Round : 28 | Client :2 | Local Epoch : 3 | [64/827 (8%)]	Loss1: 5.838688 Loss2: 0.000055 
| Global Round : 28 | Client :2 | Local Epoch : 3 | [704/827 (92%)]	Loss1: 5.838686 Loss2: 0.000051 
| Global Round : 28 | Client :2 | Local Epoch : 4 | [64/827 (8%)]	Loss1: 5.838369 Loss2: 0.000054 
| Global Round : 28 | Client :2 | Local Epoch : 4 | [704/827 (92%)]	Loss1: 5.838595 Loss2: 0.000052 
| Global Round : 28 | Client :3 | Local Epoch : 0 | [64/926 (7%)]	Loss1: 5.838102 Loss2: 0.000046 
| Global Round : 28 | Client :3 | Local Epoch : 0 | [704/926 (79%)]	Loss1: 5.837983 Loss2: 0.000049 
| Global Round : 28 | Client :3 | Local Epoch : 1 | [64/926 (7%)]	Loss1: 5.838211 Loss2: 0.000050 
| Global Round : 28 | Client :3 | Local Epoch : 1 | [704/926 (79%)]	Loss1: 5.838609 Loss2: 0.000052 
| Global Round : 28 | Client :3 | Local Epoch : 2 | [64/926 (7%)]	Loss1: 5.837823 Loss2: 0.000051 
| Global Round : 28 | Client :3 | Local Epoch : 2 | [704/926 (79%)]	Loss1: 5.838347 Loss2: 0.000058 
| Global Round : 28 | Client :3 | Local Epoch : 3 | [64/926 (7%)]	Loss1: 5.837881 Loss2: 0.000049 
| Global Round : 28 | Client :3 | Local Epoch : 3 | [704/926 (79%)]	Loss1: 5.837760 Loss2: 0.000057 
| Global Round : 28 | Client :3 | Local Epoch : 4 | [64/926 (7%)]	Loss1: 5.837776 Loss2: 0.000050 
| Global Round : 28 | Client :3 | Local Epoch : 4 | [704/926 (79%)]	Loss1: 5.838487 Loss2: 0.000053 
| Global Round : 28 | Client :4 | Local Epoch : 0 | [64/514 (12%)]	Loss1: 5.839308 Loss2: 0.000043 
| Global Round : 28 | Client :4 | Local Epoch : 1 | [64/514 (12%)]	Loss1: 5.839462 Loss2: 0.000046 
| Global Round : 28 | Client :4 | Local Epoch : 2 | [64/514 (12%)]	Loss1: 5.838384 Loss2: 0.000040 
| Global Round : 28 | Client :4 | Local Epoch : 3 | [64/514 (12%)]	Loss1: 5.839284 Loss2: 0.000045 
| Global Round : 28 | Client :4 | Local Epoch : 4 | [64/514 (12%)]	Loss1: 5.839554 Loss2: 0.000041 
| Global Round : 28 | Client :5 | Local Epoch : 0 | [64/641 (10%)]	Loss1: 5.838637 Loss2: 0.000046 
| Global Round : 28 | Client :5 | Local Epoch : 1 | [64/641 (10%)]	Loss1: 5.837915 Loss2: 0.000052 
| Global Round : 28 | Client :5 | Local Epoch : 2 | [64/641 (10%)]	Loss1: 5.837818 Loss2: 0.000053 
| Global Round : 28 | Client :5 | Local Epoch : 3 | [64/641 (10%)]	Loss1: 5.837957 Loss2: 0.000050 
| Global Round : 28 | Client :5 | Local Epoch : 4 | [64/641 (10%)]	Loss1: 5.838073 Loss2: 0.000050 
| Global Round : 28 | Client :6 | Local Epoch : 0 | [64/777 (8%)]	Loss1: 5.838341 Loss2: 0.000051 
| Global Round : 28 | Client :6 | Local Epoch : 0 | [704/777 (92%)]	Loss1: 5.838274 Loss2: 0.000052 
| Global Round : 28 | Client :6 | Local Epoch : 1 | [64/777 (8%)]	Loss1: 5.838164 Loss2: 0.000053 
| Global Round : 28 | Client :6 | Local Epoch : 1 | [704/777 (92%)]	Loss1: 5.838943 Loss2: 0.000052 
| Global Round : 28 | Client :6 | Local Epoch : 2 | [64/777 (8%)]	Loss1: 5.838663 Loss2: 0.000052 
| Global Round : 28 | Client :6 | Local Epoch : 2 | [704/777 (92%)]	Loss1: 5.838802 Loss2: 0.000049 
| Global Round : 28 | Client :6 | Local Epoch : 3 | [64/777 (8%)]	Loss1: 5.838273 Loss2: 0.000049 
| Global Round : 28 | Client :6 | Local Epoch : 3 | [704/777 (92%)]	Loss1: 5.839345 Loss2: 0.000052 
| Global Round : 28 | Client :6 | Local Epoch : 4 | [64/777 (8%)]	Loss1: 5.839117 Loss2: 0.000050 
| Global Round : 28 | Client :6 | Local Epoch : 4 | [704/777 (92%)]	Loss1: 5.838247 Loss2: 0.000055 
| Global Round : 28 | Client :7 | Local Epoch : 0 | [64/590 (11%)]	Loss1: 5.838338 Loss2: 0.000057 
| Global Round : 28 | Client :7 | Local Epoch : 1 | [64/590 (11%)]	Loss1: 5.837759 Loss2: 0.000053 
| Global Round : 28 | Client :7 | Local Epoch : 2 | [64/590 (11%)]	Loss1: 5.838543 Loss2: 0.000054 
| Global Round : 28 | Client :7 | Local Epoch : 3 | [64/590 (11%)]	Loss1: 5.838417 Loss2: 0.000055 
| Global Round : 28 | Client :7 | Local Epoch : 4 | [64/590 (11%)]	Loss1: 5.838246 Loss2: 0.000055 
| Global Round : 28 | Client :8 | Local Epoch : 0 | [64/612 (11%)]	Loss1: 5.838028 Loss2: 0.000036 
| Global Round : 28 | Client :8 | Local Epoch : 1 | [64/612 (11%)]	Loss1: 5.838054 Loss2: 0.000035 
| Global Round : 28 | Client :8 | Local Epoch : 2 | [64/612 (11%)]	Loss1: 5.838045 Loss2: 0.000032 
| Global Round : 28 | Client :8 | Local Epoch : 3 | [64/612 (11%)]	Loss1: 5.838068 Loss2: 0.000034 
| Global Round : 28 | Client :8 | Local Epoch : 4 | [64/612 (11%)]	Loss1: 5.837801 Loss2: 0.000034 
| Global Round : 28 | Client :9 | Local Epoch : 0 | [64/305 (25%)]	Loss1: 5.839578 Loss2: 0.000044 
| Global Round : 28 | Client :9 | Local Epoch : 1 | [64/305 (25%)]	Loss1: 5.838809 Loss2: 0.000043 
| Global Round : 28 | Client :9 | Local Epoch : 2 | [64/305 (25%)]	Loss1: 5.839102 Loss2: 0.000048 
| Global Round : 28 | Client :9 | Local Epoch : 3 | [64/305 (25%)]	Loss1: 5.838818 Loss2: 0.000043 
| Global Round : 28 | Client :9 | Local Epoch : 4 | [64/305 (25%)]	Loss1: 5.839431 Loss2: 0.000043 
average loss:   5.837772390047709
average local test accuracy: 0.9341145833333334
average global test accuracy:  0.306640625

 | Global Training Round : 29 |

xi_k [0.46363264 0.4677429  0.49445216 0.51519323 0.53045113 0.53165718
 0.52631897 0.51984698 0.50111319 0.4469766 ]
max_exp: -1.0
coe: 10
Regulation [0.8 0.8 0.8 0.8 0.8 0.8 0.8 0.8 0.8 0.8]
Solver status: optimal_inaccurate
b_new: [1. 1. 1. 1. 1. 1. 1. 1. 1. 1.]
Iter 0: obj=49.5738, best_obj=49.5738, ||b_new-b_prev||₂=2.846050
xi_k [0.46363264 0.4677429  0.49445216 0.51519323 0.53045113 0.53165718
 0.52631897 0.51984698 0.50111319 0.4469766 ]
max_exp: -1.0
coe: 10
Regulation [-1. -1. -1. -1. -1. -1. -1. -1. -1. -1.]
Solver status: optimal_inaccurate
b_new: [1. 1. 1. 1. 1. 1. 1. 1. 1. 1.]
Iter 1: obj=50.4738, best_obj=50.4738, ||b_new-b_prev||₂=0.000000
Converged.
Final b: [1. 1. 1. 1. 1. 1. 1. 1. 1. 1.]
<class 'numpy.ndarray'>
b_float: [1. 1. 1. 1. 1. 1. 1. 1. 1. 1.]
b: [1 1 1 1 1 1 1 1 1 1]
active_clients:  [0, 1, 2, 3, 4, 5, 6, 7, 8, 9]
Client 0's s_k are:[0 0 0 0 1 0 0 0 0 0]
Client 1's s_k are:[0 0 0 0 0 0 0 1 0 0]
Client 2's s_k are:[0 0 0 0 0 0 1 0 0 0]
Client 3's s_k are:[0 0 0 0 0 1 0 0 0 0]
Client 4's s_k are:[0 0 0 0 0 0 0 0 1 0]
Client 5's s_k are:[0 0 0 1 0 0 0 0 0 0]
Client 6's s_k are:[0 0 1 0 0 0 0 0 0 0]
Client 7's s_k are:[0 1 0 0 0 0 0 0 0 0]
Client 8's s_k are:[0 0 0 0 1 0 0 0 0 0]
Client 9's s_k are:[0 0 0 0 1 0 0 0 0 0]
| Global Round : 29 | Client :0 | Local Epoch : 0 | [64/294 (25%)]	Loss1: 5.838511 Loss2: 0.000040 
| Global Round : 29 | Client :0 | Local Epoch : 1 | [64/294 (25%)]	Loss1: 5.838790 Loss2: 0.000039 
| Global Round : 29 | Client :0 | Local Epoch : 2 | [64/294 (25%)]	Loss1: 5.838363 Loss2: 0.000038 
| Global Round : 29 | Client :0 | Local Epoch : 3 | [64/294 (25%)]	Loss1: 5.838190 Loss2: 0.000039 
| Global Round : 29 | Client :0 | Local Epoch : 4 | [64/294 (25%)]	Loss1: 5.838148 Loss2: 0.000041 
| Global Round : 29 | Client :1 | Local Epoch : 0 | [64/510 (14%)]	Loss1: 5.838595 Loss2: 0.000065 
| Global Round : 29 | Client :1 | Local Epoch : 1 | [64/510 (14%)]	Loss1: 5.838330 Loss2: 0.000050 
| Global Round : 29 | Client :1 | Local Epoch : 2 | [64/510 (14%)]	Loss1: 5.838422 Loss2: 0.000062 
| Global Round : 29 | Client :1 | Local Epoch : 3 | [64/510 (14%)]	Loss1: 5.838640 Loss2: 0.000055 
| Global Round : 29 | Client :1 | Local Epoch : 4 | [64/510 (14%)]	Loss1: 5.838393 Loss2: 0.000053 
| Global Round : 29 | Client :2 | Local Epoch : 0 | [64/827 (8%)]	Loss1: 5.839107 Loss2: 0.000055 
| Global Round : 29 | Client :2 | Local Epoch : 0 | [704/827 (92%)]	Loss1: 5.838138 Loss2: 0.000056 
| Global Round : 29 | Client :2 | Local Epoch : 1 | [64/827 (8%)]	Loss1: 5.838867 Loss2: 0.000061 
| Global Round : 29 | Client :2 | Local Epoch : 1 | [704/827 (92%)]	Loss1: 5.838471 Loss2: 0.000058 
| Global Round : 29 | Client :2 | Local Epoch : 2 | [64/827 (8%)]	Loss1: 5.838554 Loss2: 0.000052 
| Global Round : 29 | Client :2 | Local Epoch : 2 | [704/827 (92%)]	Loss1: 5.838611 Loss2: 0.000058 
| Global Round : 29 | Client :2 | Local Epoch : 3 | [64/827 (8%)]	Loss1: 5.838171 Loss2: 0.000060 
| Global Round : 29 | Client :2 | Local Epoch : 3 | [704/827 (92%)]	Loss1: 5.838375 Loss2: 0.000054 
| Global Round : 29 | Client :2 | Local Epoch : 4 | [64/827 (8%)]	Loss1: 5.838400 Loss2: 0.000052 
| Global Round : 29 | Client :2 | Local Epoch : 4 | [704/827 (92%)]	Loss1: 5.838959 Loss2: 0.000057 
| Global Round : 29 | Client :3 | Local Epoch : 0 | [64/926 (7%)]	Loss1: 5.837895 Loss2: 0.000055 
| Global Round : 29 | Client :3 | Local Epoch : 0 | [704/926 (79%)]	Loss1: 5.838167 Loss2: 0.000051 
| Global Round : 29 | Client :3 | Local Epoch : 1 | [64/926 (7%)]	Loss1: 5.839119 Loss2: 0.000050 
| Global Round : 29 | Client :3 | Local Epoch : 1 | [704/926 (79%)]	Loss1: 5.837715 Loss2: 0.000057 
| Global Round : 29 | Client :3 | Local Epoch : 2 | [64/926 (7%)]	Loss1: 5.837835 Loss2: 0.000054 
| Global Round : 29 | Client :3 | Local Epoch : 2 | [704/926 (79%)]	Loss1: 5.838451 Loss2: 0.000053 
| Global Round : 29 | Client :3 | Local Epoch : 3 | [64/926 (7%)]	Loss1: 5.838426 Loss2: 0.000054 
| Global Round : 29 | Client :3 | Local Epoch : 3 | [704/926 (79%)]	Loss1: 5.838845 Loss2: 0.000053 
| Global Round : 29 | Client :3 | Local Epoch : 4 | [64/926 (7%)]	Loss1: 5.838016 Loss2: 0.000051 
| Global Round : 29 | Client :3 | Local Epoch : 4 | [704/926 (79%)]	Loss1: 5.838321 Loss2: 0.000053 
| Global Round : 29 | Client :4 | Local Epoch : 0 | [64/514 (12%)]	Loss1: 5.839438 Loss2: 0.000040 
| Global Round : 29 | Client :4 | Local Epoch : 1 | [64/514 (12%)]	Loss1: 5.839513 Loss2: 0.000038 
| Global Round : 29 | Client :4 | Local Epoch : 2 | [64/514 (12%)]	Loss1: 5.839959 Loss2: 0.000042 
| Global Round : 29 | Client :4 | Local Epoch : 3 | [64/514 (12%)]	Loss1: 5.839320 Loss2: 0.000036 
| Global Round : 29 | Client :4 | Local Epoch : 4 | [64/514 (12%)]	Loss1: 5.839179 Loss2: 0.000037 
| Global Round : 29 | Client :5 | Local Epoch : 0 | [64/641 (10%)]	Loss1: 5.838470 Loss2: 0.000044 
| Global Round : 29 | Client :5 | Local Epoch : 1 | [64/641 (10%)]	Loss1: 5.838828 Loss2: 0.000051 
| Global Round : 29 | Client :5 | Local Epoch : 2 | [64/641 (10%)]	Loss1: 5.838402 Loss2: 0.000052 
| Global Round : 29 | Client :5 | Local Epoch : 3 | [64/641 (10%)]	Loss1: 5.838769 Loss2: 0.000054 
| Global Round : 29 | Client :5 | Local Epoch : 4 | [64/641 (10%)]	Loss1: 5.838071 Loss2: 0.000048 
| Global Round : 29 | Client :6 | Local Epoch : 0 | [64/777 (8%)]	Loss1: 5.838356 Loss2: 0.000052 
| Global Round : 29 | Client :6 | Local Epoch : 0 | [704/777 (92%)]	Loss1: 5.838965 Loss2: 0.000056 
| Global Round : 29 | Client :6 | Local Epoch : 1 | [64/777 (8%)]	Loss1: 5.838603 Loss2: 0.000057 
| Global Round : 29 | Client :6 | Local Epoch : 1 | [704/777 (92%)]	Loss1: 5.838463 Loss2: 0.000050 
| Global Round : 29 | Client :6 | Local Epoch : 2 | [64/777 (8%)]	Loss1: 5.838335 Loss2: 0.000049 
| Global Round : 29 | Client :6 | Local Epoch : 2 | [704/777 (92%)]	Loss1: 5.838204 Loss2: 0.000049 
| Global Round : 29 | Client :6 | Local Epoch : 3 | [64/777 (8%)]	Loss1: 5.839400 Loss2: 0.000055 
| Global Round : 29 | Client :6 | Local Epoch : 3 | [704/777 (92%)]	Loss1: 5.838238 Loss2: 0.000051 
| Global Round : 29 | Client :6 | Local Epoch : 4 | [64/777 (8%)]	Loss1: 5.840074 Loss2: 0.000054 
| Global Round : 29 | Client :6 | Local Epoch : 4 | [704/777 (92%)]	Loss1: 5.838117 Loss2: 0.000051 
| Global Round : 29 | Client :7 | Local Epoch : 0 | [64/590 (11%)]	Loss1: 5.838785 Loss2: 0.000050 
| Global Round : 29 | Client :7 | Local Epoch : 1 | [64/590 (11%)]	Loss1: 5.838521 Loss2: 0.000051 
| Global Round : 29 | Client :7 | Local Epoch : 2 | [64/590 (11%)]	Loss1: 5.838764 Loss2: 0.000054 
| Global Round : 29 | Client :7 | Local Epoch : 3 | [64/590 (11%)]	Loss1: 5.838161 Loss2: 0.000053 
| Global Round : 29 | Client :7 | Local Epoch : 4 | [64/590 (11%)]	Loss1: 5.838304 Loss2: 0.000058 
| Global Round : 29 | Client :8 | Local Epoch : 0 | [64/612 (11%)]	Loss1: 5.837974 Loss2: 0.000032 
| Global Round : 29 | Client :8 | Local Epoch : 1 | [64/612 (11%)]	Loss1: 5.837868 Loss2: 0.000034 
| Global Round : 29 | Client :8 | Local Epoch : 2 | [64/612 (11%)]	Loss1: 5.837915 Loss2: 0.000034 
| Global Round : 29 | Client :8 | Local Epoch : 3 | [64/612 (11%)]	Loss1: 5.837921 Loss2: 0.000036 
| Global Round : 29 | Client :8 | Local Epoch : 4 | [64/612 (11%)]	Loss1: 5.837865 Loss2: 0.000036 
| Global Round : 29 | Client :9 | Local Epoch : 0 | [64/305 (25%)]	Loss1: 5.839270 Loss2: 0.000041 
| Global Round : 29 | Client :9 | Local Epoch : 1 | [64/305 (25%)]	Loss1: 5.838649 Loss2: 0.000043 
| Global Round : 29 | Client :9 | Local Epoch : 2 | [64/305 (25%)]	Loss1: 5.839166 Loss2: 0.000042 
| Global Round : 29 | Client :9 | Local Epoch : 3 | [64/305 (25%)]	Loss1: 5.838615 Loss2: 0.000040 
| Global Round : 29 | Client :9 | Local Epoch : 4 | [64/305 (25%)]	Loss1: 5.839018 Loss2: 0.000042 
average loss:   5.837779060942786
average local test accuracy: 0.9407552083333333
average global test accuracy:  0.3153645833333333

 | Global Training Round : 30 |

xi_k [0.46365184 0.46776555 0.49445677 0.51518713 0.5304512  0.53163984
 0.52631449 0.51983109 0.50110507 0.44698704]
max_exp: -1.0
coe: 10
Regulation [0.8 0.8 0.8 0.8 0.8 0.8 0.8 0.8 0.8 0.8]
Solver status: optimal_inaccurate
b_new: [1. 1. 1. 1. 1. 1. 1. 1. 1. 1.]
Iter 0: obj=49.5739, best_obj=49.5739, ||b_new-b_prev||₂=2.846050
xi_k [0.46365184 0.46776555 0.49445677 0.51518713 0.5304512  0.53163984
 0.52631449 0.51983109 0.50110507 0.44698704]
max_exp: -1.0
coe: 10
Regulation [-1. -1. -1. -1. -1. -1. -1. -1. -1. -1.]
Solver status: optimal_inaccurate
b_new: [1. 1. 1. 1. 1. 1. 1. 1. 1. 1.]
Iter 1: obj=50.4739, best_obj=50.4739, ||b_new-b_prev||₂=0.000000
Converged.
Final b: [1. 1. 1. 1. 1. 1. 1. 1. 1. 1.]
<class 'numpy.ndarray'>
b_float: [1. 1. 1. 1. 1. 1. 1. 1. 1. 1.]
b: [1 1 1 1 1 1 1 1 1 1]
active_clients:  [0, 1, 2, 3, 4, 5, 6, 7, 8, 9]
Client 0's s_k are:[0 0 0 0 1 0 0 0 0 0]
Client 1's s_k are:[0 0 0 0 0 0 0 1 0 0]
Client 2's s_k are:[0 0 0 0 0 0 1 0 0 0]
Client 3's s_k are:[0 0 0 0 0 1 0 0 0 0]
Client 4's s_k are:[0 0 0 0 0 0 0 0 1 0]
Client 5's s_k are:[0 0 0 1 0 0 0 0 0 0]
Client 6's s_k are:[0 0 1 0 0 0 0 0 0 0]
Client 7's s_k are:[0 1 0 0 0 0 0 0 0 0]
Client 8's s_k are:[0 0 0 0 1 0 0 0 0 0]
Client 9's s_k are:[0 0 0 0 1 0 0 0 0 0]
| Global Round : 30 | Client :0 | Local Epoch : 0 | [64/294 (25%)]	Loss1: 5.838634 Loss2: 0.000039 
| Global Round : 30 | Client :0 | Local Epoch : 1 | [64/294 (25%)]	Loss1: 5.838744 Loss2: 0.000040 
| Global Round : 30 | Client :0 | Local Epoch : 2 | [64/294 (25%)]	Loss1: 5.838830 Loss2: 0.000040 
| Global Round : 30 | Client :0 | Local Epoch : 3 | [64/294 (25%)]	Loss1: 5.838266 Loss2: 0.000040 
| Global Round : 30 | Client :0 | Local Epoch : 4 | [64/294 (25%)]	Loss1: 5.838249 Loss2: 0.000039 
| Global Round : 30 | Client :1 | Local Epoch : 0 | [64/510 (14%)]	Loss1: 5.838338 Loss2: 0.000050 
| Global Round : 30 | Client :1 | Local Epoch : 1 | [64/510 (14%)]	Loss1: 5.838220 Loss2: 0.000049 
| Global Round : 30 | Client :1 | Local Epoch : 2 | [64/510 (14%)]	Loss1: 5.838278 Loss2: 0.000057 
| Global Round : 30 | Client :1 | Local Epoch : 3 | [64/510 (14%)]	Loss1: 5.838304 Loss2: 0.000070 
| Global Round : 30 | Client :1 | Local Epoch : 4 | [64/510 (14%)]	Loss1: 5.838565 Loss2: 0.000061 
| Global Round : 30 | Client :2 | Local Epoch : 0 | [64/827 (8%)]	Loss1: 5.838840 Loss2: 0.000055 
| Global Round : 30 | Client :2 | Local Epoch : 0 | [704/827 (92%)]	Loss1: 5.838176 Loss2: 0.000057 
| Global Round : 30 | Client :2 | Local Epoch : 1 | [64/827 (8%)]	Loss1: 5.838563 Loss2: 0.000053 
| Global Round : 30 | Client :2 | Local Epoch : 1 | [704/827 (92%)]	Loss1: 5.838251 Loss2: 0.000056 
| Global Round : 30 | Client :2 | Local Epoch : 2 | [64/827 (8%)]	Loss1: 5.838254 Loss2: 0.000060 
| Global Round : 30 | Client :2 | Local Epoch : 2 | [704/827 (92%)]	Loss1: 5.838365 Loss2: 0.000053 
| Global Round : 30 | Client :2 | Local Epoch : 3 | [64/827 (8%)]	Loss1: 5.838230 Loss2: 0.000051 
| Global Round : 30 | Client :2 | Local Epoch : 3 | [704/827 (92%)]	Loss1: 5.838598 Loss2: 0.000059 
| Global Round : 30 | Client :2 | Local Epoch : 4 | [64/827 (8%)]	Loss1: 5.838816 Loss2: 0.000054 
| Global Round : 30 | Client :2 | Local Epoch : 4 | [704/827 (92%)]	Loss1: 5.837911 Loss2: 0.000056 
| Global Round : 30 | Client :3 | Local Epoch : 0 | [64/926 (7%)]	Loss1: 5.838001 Loss2: 0.000050 
| Global Round : 30 | Client :3 | Local Epoch : 0 | [704/926 (79%)]	Loss1: 5.838333 Loss2: 0.000062 
| Global Round : 30 | Client :3 | Local Epoch : 1 | [64/926 (7%)]	Loss1: 5.838436 Loss2: 0.000047 
| Global Round : 30 | Client :3 | Local Epoch : 1 | [704/926 (79%)]	Loss1: 5.837765 Loss2: 0.000057 
| Global Round : 30 | Client :3 | Local Epoch : 2 | [64/926 (7%)]	Loss1: 5.837902 Loss2: 0.000048 
| Global Round : 30 | Client :3 | Local Epoch : 2 | [704/926 (79%)]	Loss1: 5.838471 Loss2: 0.000057 
| Global Round : 30 | Client :3 | Local Epoch : 3 | [64/926 (7%)]	Loss1: 5.837761 Loss2: 0.000053 
| Global Round : 30 | Client :3 | Local Epoch : 3 | [704/926 (79%)]	Loss1: 5.838042 Loss2: 0.000055 
| Global Round : 30 | Client :3 | Local Epoch : 4 | [64/926 (7%)]	Loss1: 5.838413 Loss2: 0.000052 
| Global Round : 30 | Client :3 | Local Epoch : 4 | [704/926 (79%)]	Loss1: 5.837812 Loss2: 0.000055 
| Global Round : 30 | Client :4 | Local Epoch : 0 | [64/514 (12%)]	Loss1: 5.839395 Loss2: 0.000040 
| Global Round : 30 | Client :4 | Local Epoch : 1 | [64/514 (12%)]	Loss1: 5.839349 Loss2: 0.000033 
| Global Round : 30 | Client :4 | Local Epoch : 2 | [64/514 (12%)]	Loss1: 5.839528 Loss2: 0.000031 
| Global Round : 30 | Client :4 | Local Epoch : 3 | [64/514 (12%)]	Loss1: 5.839470 Loss2: 0.000034 
| Global Round : 30 | Client :4 | Local Epoch : 4 | [64/514 (12%)]	Loss1: 5.839544 Loss2: 0.000033 
| Global Round : 30 | Client :5 | Local Epoch : 0 | [64/641 (10%)]	Loss1: 5.837874 Loss2: 0.000055 
| Global Round : 30 | Client :5 | Local Epoch : 1 | [64/641 (10%)]	Loss1: 5.839300 Loss2: 0.000052 
| Global Round : 30 | Client :5 | Local Epoch : 2 | [64/641 (10%)]	Loss1: 5.837725 Loss2: 0.000049 
| Global Round : 30 | Client :5 | Local Epoch : 3 | [64/641 (10%)]	Loss1: 5.838465 Loss2: 0.000050 
| Global Round : 30 | Client :5 | Local Epoch : 4 | [64/641 (10%)]	Loss1: 5.838151 Loss2: 0.000049 
| Global Round : 30 | Client :6 | Local Epoch : 0 | [64/777 (8%)]	Loss1: 5.839859 Loss2: 0.000052 
| Global Round : 30 | Client :6 | Local Epoch : 0 | [704/777 (92%)]	Loss1: 5.838569 Loss2: 0.000054 
| Global Round : 30 | Client :6 | Local Epoch : 1 | [64/777 (8%)]	Loss1: 5.838243 Loss2: 0.000049 
| Global Round : 30 | Client :6 | Local Epoch : 1 | [704/777 (92%)]	Loss1: 5.839023 Loss2: 0.000054 
| Global Round : 30 | Client :6 | Local Epoch : 2 | [64/777 (8%)]	Loss1: 5.838981 Loss2: 0.000056 
| Global Round : 30 | Client :6 | Local Epoch : 2 | [704/777 (92%)]	Loss1: 5.838336 Loss2: 0.000051 
| Global Round : 30 | Client :6 | Local Epoch : 3 | [64/777 (8%)]	Loss1: 5.839046 Loss2: 0.000051 
| Global Round : 30 | Client :6 | Local Epoch : 3 | [704/777 (92%)]	Loss1: 5.838157 Loss2: 0.000047 
| Global Round : 30 | Client :6 | Local Epoch : 4 | [64/777 (8%)]	Loss1: 5.838264 Loss2: 0.000051 
| Global Round : 30 | Client :6 | Local Epoch : 4 | [704/777 (92%)]	Loss1: 5.838290 Loss2: 0.000053 
| Global Round : 30 | Client :7 | Local Epoch : 0 | [64/590 (11%)]	Loss1: 5.838345 Loss2: 0.000054 
| Global Round : 30 | Client :7 | Local Epoch : 1 | [64/590 (11%)]	Loss1: 5.838192 Loss2: 0.000059 
| Global Round : 30 | Client :7 | Local Epoch : 2 | [64/590 (11%)]	Loss1: 5.838748 Loss2: 0.000055 
| Global Round : 30 | Client :7 | Local Epoch : 3 | [64/590 (11%)]	Loss1: 5.838278 Loss2: 0.000058 
| Global Round : 30 | Client :7 | Local Epoch : 4 | [64/590 (11%)]	Loss1: 5.837898 Loss2: 0.000057 
| Global Round : 30 | Client :8 | Local Epoch : 0 | [64/612 (11%)]	Loss1: 5.837949 Loss2: 0.000032 
| Global Round : 30 | Client :8 | Local Epoch : 1 | [64/612 (11%)]	Loss1: 5.837845 Loss2: 0.000030 
| Global Round : 30 | Client :8 | Local Epoch : 2 | [64/612 (11%)]	Loss1: 5.837975 Loss2: 0.000033 
| Global Round : 30 | Client :8 | Local Epoch : 3 | [64/612 (11%)]	Loss1: 5.838341 Loss2: 0.000032 
| Global Round : 30 | Client :8 | Local Epoch : 4 | [64/612 (11%)]	Loss1: 5.838001 Loss2: 0.000031 
| Global Round : 30 | Client :9 | Local Epoch : 0 | [64/305 (25%)]	Loss1: 5.839302 Loss2: 0.000047 
| Global Round : 30 | Client :9 | Local Epoch : 1 | [64/305 (25%)]	Loss1: 5.838525 Loss2: 0.000042 
| Global Round : 30 | Client :9 | Local Epoch : 2 | [64/305 (25%)]	Loss1: 5.838599 Loss2: 0.000043 
| Global Round : 30 | Client :9 | Local Epoch : 3 | [64/305 (25%)]	Loss1: 5.838488 Loss2: 0.000042 
| Global Round : 30 | Client :9 | Local Epoch : 4 | [64/305 (25%)]	Loss1: 5.838612 Loss2: 0.000044 
average loss:   5.837746879051601
average local test accuracy: 0.934375
average global test accuracy:  0.3201822916666667

 | Global Training Round : 31 |

xi_k [0.46365733 0.46775231 0.49445297 0.5152038  0.53044724 0.53165413
 0.52631558 0.51982253 0.50110424 0.44696563]
max_exp: -1.0
coe: 10
Regulation [0.8 0.8 0.8 0.8 0.8 0.8 0.8 0.8 0.8 0.8]
Solver status: optimal_inaccurate
b_new: [1. 1. 1. 1. 1. 1. 1. 1. 1. 1.]
Iter 0: obj=49.5738, best_obj=49.5738, ||b_new-b_prev||₂=2.846050
xi_k [0.46365733 0.46775231 0.49445297 0.5152038  0.53044724 0.53165413
 0.52631558 0.51982253 0.50110424 0.44696563]
max_exp: -1.0
coe: 10
Regulation [-1. -1. -1. -1. -1. -1. -1. -1. -1. -1.]
Solver status: optimal_inaccurate
b_new: [1. 1. 1. 1. 1. 1. 1. 1. 1. 1.]
Iter 1: obj=50.4738, best_obj=50.4738, ||b_new-b_prev||₂=0.000000
Converged.
Final b: [1. 1. 1. 1. 1. 1. 1. 1. 1. 1.]
<class 'numpy.ndarray'>
b_float: [1. 1. 1. 1. 1. 1. 1. 1. 1. 1.]
b: [1 1 1 1 1 1 1 1 1 1]
active_clients:  [0, 1, 2, 3, 4, 5, 6, 7, 8, 9]
Client 0's s_k are:[0 0 0 0 1 0 0 0 0 0]
Client 1's s_k are:[0 0 0 0 0 0 0 1 0 0]
Client 2's s_k are:[0 0 0 0 0 0 1 0 0 0]
Client 3's s_k are:[0 0 0 0 0 1 0 0 0 0]
Client 4's s_k are:[0 0 0 0 0 0 0 0 1 0]
Client 5's s_k are:[0 0 0 1 0 0 0 0 0 0]
Client 6's s_k are:[0 0 1 0 0 0 0 0 0 0]
Client 7's s_k are:[0 1 0 0 0 0 0 0 0 0]
Client 8's s_k are:[0 0 0 0 1 0 0 0 0 0]
Client 9's s_k are:[0 0 0 0 1 0 0 0 0 0]
| Global Round : 31 | Client :0 | Local Epoch : 0 | [64/294 (25%)]	Loss1: 5.837878 Loss2: 0.000043 
| Global Round : 31 | Client :0 | Local Epoch : 1 | [64/294 (25%)]	Loss1: 5.838596 Loss2: 0.000041 
| Global Round : 31 | Client :0 | Local Epoch : 2 | [64/294 (25%)]	Loss1: 5.838371 Loss2: 0.000043 
| Global Round : 31 | Client :0 | Local Epoch : 3 | [64/294 (25%)]	Loss1: 5.838665 Loss2: 0.000042 
| Global Round : 31 | Client :0 | Local Epoch : 4 | [64/294 (25%)]	Loss1: 5.838250 Loss2: 0.000043 
| Global Round : 31 | Client :1 | Local Epoch : 0 | [64/510 (14%)]	Loss1: 5.838079 Loss2: 0.000063 
| Global Round : 31 | Client :1 | Local Epoch : 1 | [64/510 (14%)]	Loss1: 5.838498 Loss2: 0.000086 
| Global Round : 31 | Client :1 | Local Epoch : 2 | [64/510 (14%)]	Loss1: 5.838729 Loss2: 0.000051 
| Global Round : 31 | Client :1 | Local Epoch : 3 | [64/510 (14%)]	Loss1: 5.838558 Loss2: 0.000067 
| Global Round : 31 | Client :1 | Local Epoch : 4 | [64/510 (14%)]	Loss1: 5.838488 Loss2: 0.000056 
| Global Round : 31 | Client :2 | Local Epoch : 0 | [64/827 (8%)]	Loss1: 5.838721 Loss2: 0.000058 
| Global Round : 31 | Client :2 | Local Epoch : 0 | [704/827 (92%)]	Loss1: 5.838333 Loss2: 0.000064 
| Global Round : 31 | Client :2 | Local Epoch : 1 | [64/827 (8%)]	Loss1: 5.838249 Loss2: 0.000055 
| Global Round : 31 | Client :2 | Local Epoch : 1 | [704/827 (92%)]	Loss1: 5.838787 Loss2: 0.000055 
| Global Round : 31 | Client :2 | Local Epoch : 2 | [64/827 (8%)]	Loss1: 5.838155 Loss2: 0.000056 
| Global Round : 31 | Client :2 | Local Epoch : 2 | [704/827 (92%)]	Loss1: 5.838365 Loss2: 0.000054 
| Global Round : 31 | Client :2 | Local Epoch : 3 | [64/827 (8%)]	Loss1: 5.838234 Loss2: 0.000063 
| Global Round : 31 | Client :2 | Local Epoch : 3 | [704/827 (92%)]	Loss1: 5.838239 Loss2: 0.000056 
| Global Round : 31 | Client :2 | Local Epoch : 4 | [64/827 (8%)]	Loss1: 5.838645 Loss2: 0.000056 
| Global Round : 31 | Client :2 | Local Epoch : 4 | [704/827 (92%)]	Loss1: 5.838751 Loss2: 0.000061 
| Global Round : 31 | Client :3 | Local Epoch : 0 | [64/926 (7%)]	Loss1: 5.838644 Loss2: 0.000051 
| Global Round : 31 | Client :3 | Local Epoch : 0 | [704/926 (79%)]	Loss1: 5.838646 Loss2: 0.000052 
| Global Round : 31 | Client :3 | Local Epoch : 1 | [64/926 (7%)]	Loss1: 5.838382 Loss2: 0.000051 
| Global Round : 31 | Client :3 | Local Epoch : 1 | [704/926 (79%)]	Loss1: 5.838000 Loss2: 0.000055 
| Global Round : 31 | Client :3 | Local Epoch : 2 | [64/926 (7%)]	Loss1: 5.837883 Loss2: 0.000049 
| Global Round : 31 | Client :3 | Local Epoch : 2 | [704/926 (79%)]	Loss1: 5.837986 Loss2: 0.000057 
| Global Round : 31 | Client :3 | Local Epoch : 3 | [64/926 (7%)]	Loss1: 5.837939 Loss2: 0.000046 
| Global Round : 31 | Client :3 | Local Epoch : 3 | [704/926 (79%)]	Loss1: 5.837738 Loss2: 0.000054 
| Global Round : 31 | Client :3 | Local Epoch : 4 | [64/926 (7%)]	Loss1: 5.838213 Loss2: 0.000046 
| Global Round : 31 | Client :3 | Local Epoch : 4 | [704/926 (79%)]	Loss1: 5.837956 Loss2: 0.000054 
| Global Round : 31 | Client :4 | Local Epoch : 0 | [64/514 (12%)]	Loss1: 5.839838 Loss2: 0.000042 
| Global Round : 31 | Client :4 | Local Epoch : 1 | [64/514 (12%)]	Loss1: 5.838768 Loss2: 0.000040 
| Global Round : 31 | Client :4 | Local Epoch : 2 | [64/514 (12%)]	Loss1: 5.839277 Loss2: 0.000044 
| Global Round : 31 | Client :4 | Local Epoch : 3 | [64/514 (12%)]	Loss1: 5.838836 Loss2: 0.000036 
| Global Round : 31 | Client :4 | Local Epoch : 4 | [64/514 (12%)]	Loss1: 5.838317 Loss2: 0.000036 
| Global Round : 31 | Client :5 | Local Epoch : 0 | [64/641 (10%)]	Loss1: 5.837991 Loss2: 0.000051 
| Global Round : 31 | Client :5 | Local Epoch : 1 | [64/641 (10%)]	Loss1: 5.837771 Loss2: 0.000047 
| Global Round : 31 | Client :5 | Local Epoch : 2 | [64/641 (10%)]	Loss1: 5.837875 Loss2: 0.000056 
| Global Round : 31 | Client :5 | Local Epoch : 3 | [64/641 (10%)]	Loss1: 5.837824 Loss2: 0.000052 
| Global Round : 31 | Client :5 | Local Epoch : 4 | [64/641 (10%)]	Loss1: 5.837793 Loss2: 0.000059 
| Global Round : 31 | Client :6 | Local Epoch : 0 | [64/777 (8%)]	Loss1: 5.838835 Loss2: 0.000059 
| Global Round : 31 | Client :6 | Local Epoch : 0 | [704/777 (92%)]	Loss1: 5.839191 Loss2: 0.000052 
| Global Round : 31 | Client :6 | Local Epoch : 1 | [64/777 (8%)]	Loss1: 5.838806 Loss2: 0.000048 
| Global Round : 31 | Client :6 | Local Epoch : 1 | [704/777 (92%)]	Loss1: 5.838798 Loss2: 0.000052 
| Global Round : 31 | Client :6 | Local Epoch : 2 | [64/777 (8%)]	Loss1: 5.839614 Loss2: 0.000051 
| Global Round : 31 | Client :6 | Local Epoch : 2 | [704/777 (92%)]	Loss1: 5.837995 Loss2: 0.000055 
| Global Round : 31 | Client :6 | Local Epoch : 3 | [64/777 (8%)]	Loss1: 5.838535 Loss2: 0.000053 
| Global Round : 31 | Client :6 | Local Epoch : 3 | [704/777 (92%)]	Loss1: 5.839392 Loss2: 0.000054 
| Global Round : 31 | Client :6 | Local Epoch : 4 | [64/777 (8%)]	Loss1: 5.838878 Loss2: 0.000050 
| Global Round : 31 | Client :6 | Local Epoch : 4 | [704/777 (92%)]	Loss1: 5.838587 Loss2: 0.000052 
| Global Round : 31 | Client :7 | Local Epoch : 0 | [64/590 (11%)]	Loss1: 5.838523 Loss2: 0.000052 
| Global Round : 31 | Client :7 | Local Epoch : 1 | [64/590 (11%)]	Loss1: 5.838996 Loss2: 0.000056 
| Global Round : 31 | Client :7 | Local Epoch : 2 | [64/590 (11%)]	Loss1: 5.838634 Loss2: 0.000054 
| Global Round : 31 | Client :7 | Local Epoch : 3 | [64/590 (11%)]	Loss1: 5.838465 Loss2: 0.000063 
| Global Round : 31 | Client :7 | Local Epoch : 4 | [64/590 (11%)]	Loss1: 5.838073 Loss2: 0.000055 
| Global Round : 31 | Client :8 | Local Epoch : 0 | [64/612 (11%)]	Loss1: 5.838006 Loss2: 0.000034 
| Global Round : 31 | Client :8 | Local Epoch : 1 | [64/612 (11%)]	Loss1: 5.838138 Loss2: 0.000036 
| Global Round : 31 | Client :8 | Local Epoch : 2 | [64/612 (11%)]	Loss1: 5.838308 Loss2: 0.000030 
| Global Round : 31 | Client :8 | Local Epoch : 3 | [64/612 (11%)]	Loss1: 5.837982 Loss2: 0.000037 
| Global Round : 31 | Client :8 | Local Epoch : 4 | [64/612 (11%)]	Loss1: 5.837837 Loss2: 0.000034 
| Global Round : 31 | Client :9 | Local Epoch : 0 | [64/305 (25%)]	Loss1: 5.838323 Loss2: 0.000048 
| Global Round : 31 | Client :9 | Local Epoch : 1 | [64/305 (25%)]	Loss1: 5.839252 Loss2: 0.000045 
| Global Round : 31 | Client :9 | Local Epoch : 2 | [64/305 (25%)]	Loss1: 5.838907 Loss2: 0.000049 
| Global Round : 31 | Client :9 | Local Epoch : 3 | [64/305 (25%)]	Loss1: 5.839096 Loss2: 0.000042 
| Global Round : 31 | Client :9 | Local Epoch : 4 | [64/305 (25%)]	Loss1: 5.839088 Loss2: 0.000043 
average loss:   5.837737125233998
average local test accuracy: 0.933203125
average global test accuracy:  0.2955729166666667

 | Global Training Round : 32 |

xi_k [0.46365338 0.46776727 0.49446356 0.51518625 0.5304279  0.53164227
 0.52630733 0.5198181  0.50110369 0.44697994]
max_exp: -1.0
coe: 10
Regulation [0.8 0.8 0.8 0.8 0.8 0.8 0.8 0.8 0.8 0.8]
Solver status: optimal_inaccurate
b_new: [1. 1. 1. 1. 1. 1. 1. 1. 1. 1.]
Iter 0: obj=49.5735, best_obj=49.5735, ||b_new-b_prev||₂=2.846050
xi_k [0.46365338 0.46776727 0.49446356 0.51518625 0.5304279  0.53164227
 0.52630733 0.5198181  0.50110369 0.44697994]
max_exp: -1.0
coe: 10
Regulation [-1. -1. -1. -1. -1. -1. -1. -1. -1. -1.]
Solver status: optimal_inaccurate
b_new: [1. 1. 1. 1. 1. 1. 1. 1. 1. 1.]
Iter 1: obj=50.4735, best_obj=50.4735, ||b_new-b_prev||₂=0.000000
Converged.
Final b: [1. 1. 1. 1. 1. 1. 1. 1. 1. 1.]
<class 'numpy.ndarray'>
b_float: [1. 1. 1. 1. 1. 1. 1. 1. 1. 1.]
b: [1 1 1 1 1 1 1 1 1 1]
active_clients:  [0, 1, 2, 3, 4, 5, 6, 7, 8, 9]
Client 0's s_k are:[0 0 0 0 1 0 0 0 0 0]
Client 1's s_k are:[0 0 0 0 0 0 0 1 0 0]
Client 2's s_k are:[0 0 0 0 0 0 1 0 0 0]
Client 3's s_k are:[0 0 0 0 0 1 0 0 0 0]
Client 4's s_k are:[1 0 0 0 0 0 0 0 0 0]
Client 5's s_k are:[0 0 0 1 0 0 0 0 0 0]
Client 6's s_k are:[0 0 1 0 0 0 0 0 0 0]
Client 7's s_k are:[0 1 0 0 0 0 0 0 0 0]
Client 8's s_k are:[0 0 0 0 1 0 0 0 0 0]
Client 9's s_k are:[0 0 0 0 1 0 0 0 0 0]
| Global Round : 32 | Client :0 | Local Epoch : 0 | [64/294 (25%)]	Loss1: 5.838771 Loss2: 0.000035 
| Global Round : 32 | Client :0 | Local Epoch : 1 | [64/294 (25%)]	Loss1: 5.838227 Loss2: 0.000038 
| Global Round : 32 | Client :0 | Local Epoch : 2 | [64/294 (25%)]	Loss1: 5.838237 Loss2: 0.000039 
| Global Round : 32 | Client :0 | Local Epoch : 3 | [64/294 (25%)]	Loss1: 5.837968 Loss2: 0.000035 
| Global Round : 32 | Client :0 | Local Epoch : 4 | [64/294 (25%)]	Loss1: 5.838830 Loss2: 0.000035 
| Global Round : 32 | Client :1 | Local Epoch : 0 | [64/510 (14%)]	Loss1: 5.837984 Loss2: 0.000060 
| Global Round : 32 | Client :1 | Local Epoch : 1 | [64/510 (14%)]	Loss1: 5.838482 Loss2: 0.000062 
| Global Round : 32 | Client :1 | Local Epoch : 2 | [64/510 (14%)]	Loss1: 5.838941 Loss2: 0.000062 
| Global Round : 32 | Client :1 | Local Epoch : 3 | [64/510 (14%)]	Loss1: 5.839074 Loss2: 0.000053 
| Global Round : 32 | Client :1 | Local Epoch : 4 | [64/510 (14%)]	Loss1: 5.839365 Loss2: 0.000071 
| Global Round : 32 | Client :2 | Local Epoch : 0 | [64/827 (8%)]	Loss1: 5.837889 Loss2: 0.000056 
| Global Round : 32 | Client :2 | Local Epoch : 0 | [704/827 (92%)]	Loss1: 5.838351 Loss2: 0.000056 
| Global Round : 32 | Client :2 | Local Epoch : 1 | [64/827 (8%)]	Loss1: 5.838268 Loss2: 0.000055 
| Global Round : 32 | Client :2 | Local Epoch : 1 | [704/827 (92%)]	Loss1: 5.838346 Loss2: 0.000058 
| Global Round : 32 | Client :2 | Local Epoch : 2 | [64/827 (8%)]	Loss1: 5.838268 Loss2: 0.000057 
| Global Round : 32 | Client :2 | Local Epoch : 2 | [704/827 (92%)]	Loss1: 5.838120 Loss2: 0.000054 
| Global Round : 32 | Client :2 | Local Epoch : 3 | [64/827 (8%)]	Loss1: 5.838559 Loss2: 0.000051 
| Global Round : 32 | Client :2 | Local Epoch : 3 | [704/827 (92%)]	Loss1: 5.838089 Loss2: 0.000056 
| Global Round : 32 | Client :2 | Local Epoch : 4 | [64/827 (8%)]	Loss1: 5.838504 Loss2: 0.000057 
| Global Round : 32 | Client :2 | Local Epoch : 4 | [704/827 (92%)]	Loss1: 5.838131 Loss2: 0.000062 
| Global Round : 32 | Client :3 | Local Epoch : 0 | [64/926 (7%)]	Loss1: 5.838147 Loss2: 0.000053 
| Global Round : 32 | Client :3 | Local Epoch : 0 | [704/926 (79%)]	Loss1: 5.837708 Loss2: 0.000053 
| Global Round : 32 | Client :3 | Local Epoch : 1 | [64/926 (7%)]	Loss1: 5.838205 Loss2: 0.000053 
| Global Round : 32 | Client :3 | Local Epoch : 1 | [704/926 (79%)]	Loss1: 5.837930 Loss2: 0.000055 
| Global Round : 32 | Client :3 | Local Epoch : 2 | [64/926 (7%)]	Loss1: 5.838571 Loss2: 0.000048 
| Global Round : 32 | Client :3 | Local Epoch : 2 | [704/926 (79%)]	Loss1: 5.837817 Loss2: 0.000056 
| Global Round : 32 | Client :3 | Local Epoch : 3 | [64/926 (7%)]	Loss1: 5.837952 Loss2: 0.000048 
| Global Round : 32 | Client :3 | Local Epoch : 3 | [704/926 (79%)]	Loss1: 5.837858 Loss2: 0.000059 
| Global Round : 32 | Client :3 | Local Epoch : 4 | [64/926 (7%)]	Loss1: 5.838053 Loss2: 0.000053 
| Global Round : 32 | Client :3 | Local Epoch : 4 | [704/926 (79%)]	Loss1: 5.837821 Loss2: 0.000053 
| Global Round : 32 | Client :4 | Local Epoch : 0 | [64/514 (12%)]	Loss1: 5.839761 Loss2: 0.000039 
| Global Round : 32 | Client :4 | Local Epoch : 1 | [64/514 (12%)]	Loss1: 5.839366 Loss2: 0.000041 
| Global Round : 32 | Client :4 | Local Epoch : 2 | [64/514 (12%)]	Loss1: 5.838696 Loss2: 0.000041 
| Global Round : 32 | Client :4 | Local Epoch : 3 | [64/514 (12%)]	Loss1: 5.840202 Loss2: 0.000040 
| Global Round : 32 | Client :4 | Local Epoch : 4 | [64/514 (12%)]	Loss1: 5.839033 Loss2: 0.000041 
| Global Round : 32 | Client :5 | Local Epoch : 0 | [64/641 (10%)]	Loss1: 5.837826 Loss2: 0.000050 
| Global Round : 32 | Client :5 | Local Epoch : 1 | [64/641 (10%)]	Loss1: 5.838880 Loss2: 0.000048 
| Global Round : 32 | Client :5 | Local Epoch : 2 | [64/641 (10%)]	Loss1: 5.838248 Loss2: 0.000050 
| Global Round : 32 | Client :5 | Local Epoch : 3 | [64/641 (10%)]	Loss1: 5.837638 Loss2: 0.000050 
| Global Round : 32 | Client :5 | Local Epoch : 4 | [64/641 (10%)]	Loss1: 5.837921 Loss2: 0.000051 
| Global Round : 32 | Client :6 | Local Epoch : 0 | [64/777 (8%)]	Loss1: 5.838850 Loss2: 0.000050 
| Global Round : 32 | Client :6 | Local Epoch : 0 | [704/777 (92%)]	Loss1: 5.839098 Loss2: 0.000051 
| Global Round : 32 | Client :6 | Local Epoch : 1 | [64/777 (8%)]	Loss1: 5.838288 Loss2: 0.000050 
| Global Round : 32 | Client :6 | Local Epoch : 1 | [704/777 (92%)]	Loss1: 5.838140 Loss2: 0.000051 
| Global Round : 32 | Client :6 | Local Epoch : 2 | [64/777 (8%)]	Loss1: 5.838478 Loss2: 0.000052 
| Global Round : 32 | Client :6 | Local Epoch : 2 | [704/777 (92%)]	Loss1: 5.837932 Loss2: 0.000052 
| Global Round : 32 | Client :6 | Local Epoch : 3 | [64/777 (8%)]	Loss1: 5.838176 Loss2: 0.000052 
| Global Round : 32 | Client :6 | Local Epoch : 3 | [704/777 (92%)]	Loss1: 5.837957 Loss2: 0.000047 
| Global Round : 32 | Client :6 | Local Epoch : 4 | [64/777 (8%)]	Loss1: 5.837881 Loss2: 0.000051 
| Global Round : 32 | Client :6 | Local Epoch : 4 | [704/777 (92%)]	Loss1: 5.838138 Loss2: 0.000048 
| Global Round : 32 | Client :7 | Local Epoch : 0 | [64/590 (11%)]	Loss1: 5.839108 Loss2: 0.000057 
| Global Round : 32 | Client :7 | Local Epoch : 1 | [64/590 (11%)]	Loss1: 5.838150 Loss2: 0.000057 
| Global Round : 32 | Client :7 | Local Epoch : 2 | [64/590 (11%)]	Loss1: 5.838327 Loss2: 0.000058 
| Global Round : 32 | Client :7 | Local Epoch : 3 | [64/590 (11%)]	Loss1: 5.838231 Loss2: 0.000054 
| Global Round : 32 | Client :7 | Local Epoch : 4 | [64/590 (11%)]	Loss1: 5.838592 Loss2: 0.000057 
| Global Round : 32 | Client :8 | Local Epoch : 0 | [64/612 (11%)]	Loss1: 5.837831 Loss2: 0.000036 
| Global Round : 32 | Client :8 | Local Epoch : 1 | [64/612 (11%)]	Loss1: 5.838029 Loss2: 0.000034 
| Global Round : 32 | Client :8 | Local Epoch : 2 | [64/612 (11%)]	Loss1: 5.837915 Loss2: 0.000032 
| Global Round : 32 | Client :8 | Local Epoch : 3 | [64/612 (11%)]	Loss1: 5.838018 Loss2: 0.000036 
| Global Round : 32 | Client :8 | Local Epoch : 4 | [64/612 (11%)]	Loss1: 5.837840 Loss2: 0.000033 
| Global Round : 32 | Client :9 | Local Epoch : 0 | [64/305 (25%)]	Loss1: 5.839978 Loss2: 0.000047 
| Global Round : 32 | Client :9 | Local Epoch : 1 | [64/305 (25%)]	Loss1: 5.839403 Loss2: 0.000043 
| Global Round : 32 | Client :9 | Local Epoch : 2 | [64/305 (25%)]	Loss1: 5.838852 Loss2: 0.000045 
| Global Round : 32 | Client :9 | Local Epoch : 3 | [64/305 (25%)]	Loss1: 5.838290 Loss2: 0.000044 
| Global Round : 32 | Client :9 | Local Epoch : 4 | [64/305 (25%)]	Loss1: 5.838370 Loss2: 0.000043 
average loss:   5.837729769642391
average local test accuracy: 0.9311197916666666
average global test accuracy:  0.3399739583333333

 | Global Training Round : 33 |

xi_k [0.46365006 0.46775243 0.49445293 0.51518734 0.53044659 0.53162276
 0.52631093 0.51982133 0.50110121 0.44697222]
max_exp: -1.0
coe: 10
Regulation [0.8 0.8 0.8 0.8 0.8 0.8 0.8 0.8 0.8 0.8]
Solver status: optimal_inaccurate
b_new: [1. 1. 1. 1. 1. 1. 1. 1. 1. 1.]
Iter 0: obj=49.5732, best_obj=49.5732, ||b_new-b_prev||₂=2.846050
xi_k [0.46365006 0.46775243 0.49445293 0.51518734 0.53044659 0.53162276
 0.52631093 0.51982133 0.50110121 0.44697222]
max_exp: -1.0
coe: 10
Regulation [-1. -1. -1. -1. -1. -1. -1. -1. -1. -1.]
Solver status: optimal_inaccurate
b_new: [1. 1. 1. 1. 1. 1. 1. 1. 1. 1.]
Iter 1: obj=50.4732, best_obj=50.4732, ||b_new-b_prev||₂=0.000000
Converged.
Final b: [1. 1. 1. 1. 1. 1. 1. 1. 1. 1.]
<class 'numpy.ndarray'>
b_float: [1. 1. 1. 1. 1. 1. 1. 1. 1. 1.]
b: [1 1 1 1 1 1 1 1 1 1]
active_clients:  [0, 1, 2, 3, 4, 5, 6, 7, 8, 9]
Client 0's s_k are:[0 0 0 0 1 0 0 0 0 0]
Client 1's s_k are:[0 0 0 0 0 0 0 1 0 0]
Client 2's s_k are:[0 0 0 0 0 0 1 0 0 0]
Client 3's s_k are:[0 0 0 0 0 1 0 0 0 0]
Client 4's s_k are:[0 0 0 0 0 0 0 0 1 0]
Client 5's s_k are:[0 0 0 1 0 0 0 0 0 0]
Client 6's s_k are:[0 0 1 0 0 0 0 0 0 0]
Client 7's s_k are:[0 1 0 0 0 0 0 0 0 0]
Client 8's s_k are:[0 0 0 0 1 0 0 0 0 0]
Client 9's s_k are:[0 0 0 0 1 0 0 0 0 0]
| Global Round : 33 | Client :0 | Local Epoch : 0 | [64/294 (25%)]	Loss1: 5.838307 Loss2: 0.000041 
| Global Round : 33 | Client :0 | Local Epoch : 1 | [64/294 (25%)]	Loss1: 5.838359 Loss2: 0.000040 
| Global Round : 33 | Client :0 | Local Epoch : 2 | [64/294 (25%)]	Loss1: 5.838584 Loss2: 0.000038 
| Global Round : 33 | Client :0 | Local Epoch : 3 | [64/294 (25%)]	Loss1: 5.838290 Loss2: 0.000038 
| Global Round : 33 | Client :0 | Local Epoch : 4 | [64/294 (25%)]	Loss1: 5.838352 Loss2: 0.000038 
| Global Round : 33 | Client :1 | Local Epoch : 0 | [64/510 (14%)]	Loss1: 5.838832 Loss2: 0.000064 
| Global Round : 33 | Client :1 | Local Epoch : 1 | [64/510 (14%)]	Loss1: 5.839141 Loss2: 0.000055 
| Global Round : 33 | Client :1 | Local Epoch : 2 | [64/510 (14%)]	Loss1: 5.838337 Loss2: 0.000061 
| Global Round : 33 | Client :1 | Local Epoch : 3 | [64/510 (14%)]	Loss1: 5.838279 Loss2: 0.000064 
| Global Round : 33 | Client :1 | Local Epoch : 4 | [64/510 (14%)]	Loss1: 5.838596 Loss2: 0.000067 
| Global Round : 33 | Client :2 | Local Epoch : 0 | [64/827 (8%)]	Loss1: 5.838822 Loss2: 0.000060 
| Global Round : 33 | Client :2 | Local Epoch : 0 | [704/827 (92%)]	Loss1: 5.838562 Loss2: 0.000053 
| Global Round : 33 | Client :2 | Local Epoch : 1 | [64/827 (8%)]	Loss1: 5.838140 Loss2: 0.000062 
| Global Round : 33 | Client :2 | Local Epoch : 1 | [704/827 (92%)]	Loss1: 5.838062 Loss2: 0.000050 
| Global Round : 33 | Client :2 | Local Epoch : 2 | [64/827 (8%)]	Loss1: 5.838499 Loss2: 0.000054 
| Global Round : 33 | Client :2 | Local Epoch : 2 | [704/827 (92%)]	Loss1: 5.838167 Loss2: 0.000058 
| Global Round : 33 | Client :2 | Local Epoch : 3 | [64/827 (8%)]	Loss1: 5.838279 Loss2: 0.000053 
| Global Round : 33 | Client :2 | Local Epoch : 3 | [704/827 (92%)]	Loss1: 5.838710 Loss2: 0.000051 
| Global Round : 33 | Client :2 | Local Epoch : 4 | [64/827 (8%)]	Loss1: 5.837998 Loss2: 0.000058 
| Global Round : 33 | Client :2 | Local Epoch : 4 | [704/827 (92%)]	Loss1: 5.838825 Loss2: 0.000050 
| Global Round : 33 | Client :3 | Local Epoch : 0 | [64/926 (7%)]	Loss1: 5.838235 Loss2: 0.000050 
| Global Round : 33 | Client :3 | Local Epoch : 0 | [704/926 (79%)]	Loss1: 5.838082 Loss2: 0.000055 
| Global Round : 33 | Client :3 | Local Epoch : 1 | [64/926 (7%)]	Loss1: 5.837926 Loss2: 0.000049 
| Global Round : 33 | Client :3 | Local Epoch : 1 | [704/926 (79%)]	Loss1: 5.838190 Loss2: 0.000057 
| Global Round : 33 | Client :3 | Local Epoch : 2 | [64/926 (7%)]	Loss1: 5.837817 Loss2: 0.000048 
| Global Round : 33 | Client :3 | Local Epoch : 2 | [704/926 (79%)]	Loss1: 5.838201 Loss2: 0.000055 
| Global Round : 33 | Client :3 | Local Epoch : 3 | [64/926 (7%)]	Loss1: 5.837936 Loss2: 0.000053 
| Global Round : 33 | Client :3 | Local Epoch : 3 | [704/926 (79%)]	Loss1: 5.837914 Loss2: 0.000050 
| Global Round : 33 | Client :3 | Local Epoch : 4 | [64/926 (7%)]	Loss1: 5.838502 Loss2: 0.000050 
| Global Round : 33 | Client :3 | Local Epoch : 4 | [704/926 (79%)]	Loss1: 5.837986 Loss2: 0.000061 
| Global Round : 33 | Client :4 | Local Epoch : 0 | [64/514 (12%)]	Loss1: 5.839030 Loss2: 0.000034 
| Global Round : 33 | Client :4 | Local Epoch : 1 | [64/514 (12%)]	Loss1: 5.839973 Loss2: 0.000038 
| Global Round : 33 | Client :4 | Local Epoch : 2 | [64/514 (12%)]	Loss1: 5.839967 Loss2: 0.000035 
| Global Round : 33 | Client :4 | Local Epoch : 3 | [64/514 (12%)]	Loss1: 5.839440 Loss2: 0.000039 
| Global Round : 33 | Client :4 | Local Epoch : 4 | [64/514 (12%)]	Loss1: 5.839229 Loss2: 0.000039 
| Global Round : 33 | Client :5 | Local Epoch : 0 | [64/641 (10%)]	Loss1: 5.837828 Loss2: 0.000052 
| Global Round : 33 | Client :5 | Local Epoch : 1 | [64/641 (10%)]	Loss1: 5.837936 Loss2: 0.000053 
| Global Round : 33 | Client :5 | Local Epoch : 2 | [64/641 (10%)]	Loss1: 5.838672 Loss2: 0.000055 
| Global Round : 33 | Client :5 | Local Epoch : 3 | [64/641 (10%)]	Loss1: 5.837806 Loss2: 0.000047 
| Global Round : 33 | Client :5 | Local Epoch : 4 | [64/641 (10%)]	Loss1: 5.838609 Loss2: 0.000050 
| Global Round : 33 | Client :6 | Local Epoch : 0 | [64/777 (8%)]	Loss1: 5.838535 Loss2: 0.000050 
| Global Round : 33 | Client :6 | Local Epoch : 0 | [704/777 (92%)]	Loss1: 5.838301 Loss2: 0.000052 
| Global Round : 33 | Client :6 | Local Epoch : 1 | [64/777 (8%)]	Loss1: 5.839121 Loss2: 0.000053 
| Global Round : 33 | Client :6 | Local Epoch : 1 | [704/777 (92%)]	Loss1: 5.839809 Loss2: 0.000051 
| Global Round : 33 | Client :6 | Local Epoch : 2 | [64/777 (8%)]	Loss1: 5.838680 Loss2: 0.000051 
| Global Round : 33 | Client :6 | Local Epoch : 2 | [704/777 (92%)]	Loss1: 5.838326 Loss2: 0.000049 
| Global Round : 33 | Client :6 | Local Epoch : 3 | [64/777 (8%)]	Loss1: 5.838460 Loss2: 0.000052 
| Global Round : 33 | Client :6 | Local Epoch : 3 | [704/777 (92%)]	Loss1: 5.838857 Loss2: 0.000053 
| Global Round : 33 | Client :6 | Local Epoch : 4 | [64/777 (8%)]	Loss1: 5.838518 Loss2: 0.000054 
| Global Round : 33 | Client :6 | Local Epoch : 4 | [704/777 (92%)]	Loss1: 5.838136 Loss2: 0.000052 
| Global Round : 33 | Client :7 | Local Epoch : 0 | [64/590 (11%)]	Loss1: 5.838588 Loss2: 0.000056 
| Global Round : 33 | Client :7 | Local Epoch : 1 | [64/590 (11%)]	Loss1: 5.839206 Loss2: 0.000057 
| Global Round : 33 | Client :7 | Local Epoch : 2 | [64/590 (11%)]	Loss1: 5.838230 Loss2: 0.000058 
| Global Round : 33 | Client :7 | Local Epoch : 3 | [64/590 (11%)]	Loss1: 5.837813 Loss2: 0.000056 
| Global Round : 33 | Client :7 | Local Epoch : 4 | [64/590 (11%)]	Loss1: 5.838300 Loss2: 0.000054 
| Global Round : 33 | Client :8 | Local Epoch : 0 | [64/612 (11%)]	Loss1: 5.837766 Loss2: 0.000037 
| Global Round : 33 | Client :8 | Local Epoch : 1 | [64/612 (11%)]	Loss1: 5.837842 Loss2: 0.000036 
| Global Round : 33 | Client :8 | Local Epoch : 2 | [64/612 (11%)]	Loss1: 5.838085 Loss2: 0.000035 
| Global Round : 33 | Client :8 | Local Epoch : 3 | [64/612 (11%)]	Loss1: 5.837915 Loss2: 0.000037 
| Global Round : 33 | Client :8 | Local Epoch : 4 | [64/612 (11%)]	Loss1: 5.837869 Loss2: 0.000035 
| Global Round : 33 | Client :9 | Local Epoch : 0 | [64/305 (25%)]	Loss1: 5.839158 Loss2: 0.000042 
| Global Round : 33 | Client :9 | Local Epoch : 1 | [64/305 (25%)]	Loss1: 5.838477 Loss2: 0.000040 
| Global Round : 33 | Client :9 | Local Epoch : 2 | [64/305 (25%)]	Loss1: 5.839175 Loss2: 0.000046 
| Global Round : 33 | Client :9 | Local Epoch : 3 | [64/305 (25%)]	Loss1: 5.838753 Loss2: 0.000048 
| Global Round : 33 | Client :9 | Local Epoch : 4 | [64/305 (25%)]	Loss1: 5.838581 Loss2: 0.000045 
average loss:   5.837768162905224
average local test accuracy: 0.93359375
average global test accuracy:  0.31536458333333334

 | Global Training Round : 34 |

xi_k [0.46364566 0.46776223 0.49445897 0.51519662 0.53044045 0.53163334
 0.52630844 0.51982212 0.50110735 0.4469656 ]
max_exp: -1.0
coe: 10
Regulation [0.8 0.8 0.8 0.8 0.8 0.8 0.8 0.8 0.8 0.8]
Solver status: optimal_inaccurate
b_new: [1. 1. 1. 1. 1. 1. 1. 1. 1. 1.]
Iter 0: obj=49.5734, best_obj=49.5734, ||b_new-b_prev||₂=2.846050
xi_k [0.46364566 0.46776223 0.49445897 0.51519662 0.53044045 0.53163334
 0.52630844 0.51982212 0.50110735 0.4469656 ]
max_exp: -1.0
coe: 10
Regulation [-1. -1. -1. -1. -1. -1. -1. -1. -1. -1.]
Solver status: optimal_inaccurate
b_new: [1. 1. 1. 1. 1. 1. 1. 1. 1. 1.]
Iter 1: obj=50.4734, best_obj=50.4734, ||b_new-b_prev||₂=0.000000
Converged.
Final b: [1. 1. 1. 1. 1. 1. 1. 1. 1. 1.]
<class 'numpy.ndarray'>
b_float: [1. 1. 1. 1. 1. 1. 1. 1. 1. 1.]
b: [1 1 1 1 1 1 1 1 1 1]
active_clients:  [0, 1, 2, 3, 4, 5, 6, 7, 8, 9]
Client 0's s_k are:[0 0 0 0 1 0 0 0 0 0]
Client 1's s_k are:[0 0 0 0 0 0 0 1 0 0]
Client 2's s_k are:[0 0 0 0 0 0 1 0 0 0]
Client 3's s_k are:[0 0 0 0 0 1 0 0 0 0]
Client 4's s_k are:[0 0 0 0 0 0 0 0 1 0]
Client 5's s_k are:[0 0 0 1 0 0 0 0 0 0]
Client 6's s_k are:[0 0 1 0 0 0 0 0 0 0]
Client 7's s_k are:[0 1 0 0 0 0 0 0 0 0]
Client 8's s_k are:[0 0 0 0 1 0 0 0 0 0]
Client 9's s_k are:[0 0 0 0 1 0 0 0 0 0]
| Global Round : 34 | Client :0 | Local Epoch : 0 | [64/294 (25%)]	Loss1: 5.838567 Loss2: 0.000041 
| Global Round : 34 | Client :0 | Local Epoch : 1 | [64/294 (25%)]	Loss1: 5.838468 Loss2: 0.000039 
| Global Round : 34 | Client :0 | Local Epoch : 2 | [64/294 (25%)]	Loss1: 5.838344 Loss2: 0.000040 
| Global Round : 34 | Client :0 | Local Epoch : 3 | [64/294 (25%)]	Loss1: 5.838727 Loss2: 0.000040 
| Global Round : 34 | Client :0 | Local Epoch : 4 | [64/294 (25%)]	Loss1: 5.838232 Loss2: 0.000040 
| Global Round : 34 | Client :1 | Local Epoch : 0 | [64/510 (14%)]	Loss1: 5.838399 Loss2: 0.000067 
| Global Round : 34 | Client :1 | Local Epoch : 1 | [64/510 (14%)]	Loss1: 5.838899 Loss2: 0.000063 
| Global Round : 34 | Client :1 | Local Epoch : 2 | [64/510 (14%)]	Loss1: 5.838912 Loss2: 0.000058 
| Global Round : 34 | Client :1 | Local Epoch : 3 | [64/510 (14%)]	Loss1: 5.838477 Loss2: 0.000059 
| Global Round : 34 | Client :1 | Local Epoch : 4 | [64/510 (14%)]	Loss1: 5.837892 Loss2: 0.000052 
| Global Round : 34 | Client :2 | Local Epoch : 0 | [64/827 (8%)]	Loss1: 5.838731 Loss2: 0.000053 
| Global Round : 34 | Client :2 | Local Epoch : 0 | [704/827 (92%)]	Loss1: 5.838621 Loss2: 0.000053 
| Global Round : 34 | Client :2 | Local Epoch : 1 | [64/827 (8%)]	Loss1: 5.838398 Loss2: 0.000056 
| Global Round : 34 | Client :2 | Local Epoch : 1 | [704/827 (92%)]	Loss1: 5.838601 Loss2: 0.000060 
| Global Round : 34 | Client :2 | Local Epoch : 2 | [64/827 (8%)]	Loss1: 5.839021 Loss2: 0.000053 
| Global Round : 34 | Client :2 | Local Epoch : 2 | [704/827 (92%)]	Loss1: 5.838723 Loss2: 0.000052 
| Global Round : 34 | Client :2 | Local Epoch : 3 | [64/827 (8%)]	Loss1: 5.838191 Loss2: 0.000057 
| Global Round : 34 | Client :2 | Local Epoch : 3 | [704/827 (92%)]	Loss1: 5.838753 Loss2: 0.000055 
| Global Round : 34 | Client :2 | Local Epoch : 4 | [64/827 (8%)]	Loss1: 5.838365 Loss2: 0.000056 
| Global Round : 34 | Client :2 | Local Epoch : 4 | [704/827 (92%)]	Loss1: 5.838816 Loss2: 0.000055 
| Global Round : 34 | Client :3 | Local Epoch : 0 | [64/926 (7%)]	Loss1: 5.837831 Loss2: 0.000048 
| Global Round : 34 | Client :3 | Local Epoch : 0 | [704/926 (79%)]	Loss1: 5.837801 Loss2: 0.000056 
| Global Round : 34 | Client :3 | Local Epoch : 1 | [64/926 (7%)]	Loss1: 5.838063 Loss2: 0.000054 
| Global Round : 34 | Client :3 | Local Epoch : 1 | [704/926 (79%)]	Loss1: 5.837926 Loss2: 0.000056 
| Global Round : 34 | Client :3 | Local Epoch : 2 | [64/926 (7%)]	Loss1: 5.838484 Loss2: 0.000052 
| Global Round : 34 | Client :3 | Local Epoch : 2 | [704/926 (79%)]	Loss1: 5.837773 Loss2: 0.000054 
| Global Round : 34 | Client :3 | Local Epoch : 3 | [64/926 (7%)]	Loss1: 5.837848 Loss2: 0.000050 
| Global Round : 34 | Client :3 | Local Epoch : 3 | [704/926 (79%)]	Loss1: 5.838712 Loss2: 0.000054 
| Global Round : 34 | Client :3 | Local Epoch : 4 | [64/926 (7%)]	Loss1: 5.837873 Loss2: 0.000051 
| Global Round : 34 | Client :3 | Local Epoch : 4 | [704/926 (79%)]	Loss1: 5.838039 Loss2: 0.000058 
| Global Round : 34 | Client :4 | Local Epoch : 0 | [64/514 (12%)]	Loss1: 5.840074 Loss2: 0.000039 
| Global Round : 34 | Client :4 | Local Epoch : 1 | [64/514 (12%)]	Loss1: 5.839681 Loss2: 0.000036 
| Global Round : 34 | Client :4 | Local Epoch : 2 | [64/514 (12%)]	Loss1: 5.839650 Loss2: 0.000037 
| Global Round : 34 | Client :4 | Local Epoch : 3 | [64/514 (12%)]	Loss1: 5.839605 Loss2: 0.000037 
| Global Round : 34 | Client :4 | Local Epoch : 4 | [64/514 (12%)]	Loss1: 5.839692 Loss2: 0.000041 
| Global Round : 34 | Client :5 | Local Epoch : 0 | [64/641 (10%)]	Loss1: 5.839020 Loss2: 0.000051 
| Global Round : 34 | Client :5 | Local Epoch : 1 | [64/641 (10%)]	Loss1: 5.838361 Loss2: 0.000051 
| Global Round : 34 | Client :5 | Local Epoch : 2 | [64/641 (10%)]	Loss1: 5.837890 Loss2: 0.000049 
| Global Round : 34 | Client :5 | Local Epoch : 3 | [64/641 (10%)]	Loss1: 5.837813 Loss2: 0.000050 
| Global Round : 34 | Client :5 | Local Epoch : 4 | [64/641 (10%)]	Loss1: 5.837869 Loss2: 0.000053 
| Global Round : 34 | Client :6 | Local Epoch : 0 | [64/777 (8%)]	Loss1: 5.838202 Loss2: 0.000054 
| Global Round : 34 | Client :6 | Local Epoch : 0 | [704/777 (92%)]	Loss1: 5.838515 Loss2: 0.000055 
| Global Round : 34 | Client :6 | Local Epoch : 1 | [64/777 (8%)]	Loss1: 5.838823 Loss2: 0.000051 
| Global Round : 34 | Client :6 | Local Epoch : 1 | [704/777 (92%)]	Loss1: 5.838092 Loss2: 0.000055 
| Global Round : 34 | Client :6 | Local Epoch : 2 | [64/777 (8%)]	Loss1: 5.838006 Loss2: 0.000051 
| Global Round : 34 | Client :6 | Local Epoch : 2 | [704/777 (92%)]	Loss1: 5.838725 Loss2: 0.000050 
| Global Round : 34 | Client :6 | Local Epoch : 3 | [64/777 (8%)]	Loss1: 5.838736 Loss2: 0.000051 
| Global Round : 34 | Client :6 | Local Epoch : 3 | [704/777 (92%)]	Loss1: 5.839014 Loss2: 0.000053 
| Global Round : 34 | Client :6 | Local Epoch : 4 | [64/777 (8%)]	Loss1: 5.838230 Loss2: 0.000051 
| Global Round : 34 | Client :6 | Local Epoch : 4 | [704/777 (92%)]	Loss1: 5.838145 Loss2: 0.000052 
| Global Round : 34 | Client :7 | Local Epoch : 0 | [64/590 (11%)]	Loss1: 5.838419 Loss2: 0.000054 
| Global Round : 34 | Client :7 | Local Epoch : 1 | [64/590 (11%)]	Loss1: 5.839227 Loss2: 0.000057 
| Global Round : 34 | Client :7 | Local Epoch : 2 | [64/590 (11%)]	Loss1: 5.838529 Loss2: 0.000054 
| Global Round : 34 | Client :7 | Local Epoch : 3 | [64/590 (11%)]	Loss1: 5.838387 Loss2: 0.000051 
| Global Round : 34 | Client :7 | Local Epoch : 4 | [64/590 (11%)]	Loss1: 5.837900 Loss2: 0.000054 
| Global Round : 34 | Client :8 | Local Epoch : 0 | [64/612 (11%)]	Loss1: 5.837953 Loss2: 0.000030 
| Global Round : 34 | Client :8 | Local Epoch : 1 | [64/612 (11%)]	Loss1: 5.838023 Loss2: 0.000030 
| Global Round : 34 | Client :8 | Local Epoch : 2 | [64/612 (11%)]	Loss1: 5.838060 Loss2: 0.000029 
| Global Round : 34 | Client :8 | Local Epoch : 3 | [64/612 (11%)]	Loss1: 5.838161 Loss2: 0.000028 
| Global Round : 34 | Client :8 | Local Epoch : 4 | [64/612 (11%)]	Loss1: 5.837969 Loss2: 0.000030 
| Global Round : 34 | Client :9 | Local Epoch : 0 | [64/305 (25%)]	Loss1: 5.838358 Loss2: 0.000042 
| Global Round : 34 | Client :9 | Local Epoch : 1 | [64/305 (25%)]	Loss1: 5.838336 Loss2: 0.000042 
| Global Round : 34 | Client :9 | Local Epoch : 2 | [64/305 (25%)]	Loss1: 5.839597 Loss2: 0.000042 
| Global Round : 34 | Client :9 | Local Epoch : 3 | [64/305 (25%)]	Loss1: 5.838304 Loss2: 0.000043 
| Global Round : 34 | Client :9 | Local Epoch : 4 | [64/305 (25%)]	Loss1: 5.838450 Loss2: 0.000046 
average loss:   5.837746398127268
average local test accuracy: 0.9287760416666668
average global test accuracy:  0.3126302083333333

 | Global Training Round : 35 |

xi_k [0.46363    0.46775822 0.49446762 0.51518881 0.53044306 0.53164141
 0.52630575 0.51981679 0.5011054  0.44694028]
max_exp: -1.0
coe: 10
Regulation [0.8 0.8 0.8 0.8 0.8 0.8 0.8 0.8 0.8 0.8]
Solver status: optimal_inaccurate
b_new: [1. 1. 1. 1. 1. 1. 1. 1. 1. 1.]
Iter 0: obj=49.5730, best_obj=49.5730, ||b_new-b_prev||₂=2.846050
xi_k [0.46363    0.46775822 0.49446762 0.51518881 0.53044306 0.53164141
 0.52630575 0.51981679 0.5011054  0.44694028]
max_exp: -1.0
coe: 10
Regulation [-1. -1. -1. -1. -1. -1. -1. -1. -1. -1.]
Solver status: optimal_inaccurate
b_new: [1. 1. 1. 1. 1. 1. 1. 1. 1. 1.]
Iter 1: obj=50.4730, best_obj=50.4730, ||b_new-b_prev||₂=0.000000
Converged.
Final b: [1. 1. 1. 1. 1. 1. 1. 1. 1. 1.]
<class 'numpy.ndarray'>
b_float: [1. 1. 1. 1. 1. 1. 1. 1. 1. 1.]
b: [1 1 1 1 1 1 1 1 1 1]
active_clients:  [0, 1, 2, 3, 4, 5, 6, 7, 8, 9]
Client 0's s_k are:[0 0 0 0 1 0 0 0 0 0]
Client 1's s_k are:[0 0 0 0 0 0 0 1 0 0]
Client 2's s_k are:[0 0 0 0 0 0 1 0 0 0]
Client 3's s_k are:[0 0 0 0 0 1 0 0 0 0]
Client 4's s_k are:[0 0 0 0 0 0 0 0 1 0]
Client 5's s_k are:[0 0 0 1 0 0 0 0 0 0]
Client 6's s_k are:[0 0 1 0 0 0 0 0 0 0]
Client 7's s_k are:[0 1 0 0 0 0 0 0 0 0]
Client 8's s_k are:[0 0 0 0 1 0 0 0 0 0]
Client 9's s_k are:[0 0 0 0 1 0 0 0 0 0]
| Global Round : 35 | Client :0 | Local Epoch : 0 | [64/294 (25%)]	Loss1: 5.838266 Loss2: 0.000035 
| Global Round : 35 | Client :0 | Local Epoch : 1 | [64/294 (25%)]	Loss1: 5.837922 Loss2: 0.000036 
| Global Round : 35 | Client :0 | Local Epoch : 2 | [64/294 (25%)]	Loss1: 5.838550 Loss2: 0.000036 
| Global Round : 35 | Client :0 | Local Epoch : 3 | [64/294 (25%)]	Loss1: 5.838513 Loss2: 0.000037 
| Global Round : 35 | Client :0 | Local Epoch : 4 | [64/294 (25%)]	Loss1: 5.838222 Loss2: 0.000035 
| Global Round : 35 | Client :1 | Local Epoch : 0 | [64/510 (14%)]	Loss1: 5.838384 Loss2: 0.000060 
| Global Round : 35 | Client :1 | Local Epoch : 1 | [64/510 (14%)]	Loss1: 5.838402 Loss2: 0.000056 
| Global Round : 35 | Client :1 | Local Epoch : 2 | [64/510 (14%)]	Loss1: 5.838084 Loss2: 0.000060 
| Global Round : 35 | Client :1 | Local Epoch : 3 | [64/510 (14%)]	Loss1: 5.838698 Loss2: 0.000061 
| Global Round : 35 | Client :1 | Local Epoch : 4 | [64/510 (14%)]	Loss1: 5.838216 Loss2: 0.000057 
| Global Round : 35 | Client :2 | Local Epoch : 0 | [64/827 (8%)]	Loss1: 5.838537 Loss2: 0.000050 
| Global Round : 35 | Client :2 | Local Epoch : 0 | [704/827 (92%)]	Loss1: 5.838529 Loss2: 0.000055 
| Global Round : 35 | Client :2 | Local Epoch : 1 | [64/827 (8%)]	Loss1: 5.838554 Loss2: 0.000053 
| Global Round : 35 | Client :2 | Local Epoch : 1 | [704/827 (92%)]	Loss1: 5.837922 Loss2: 0.000056 
| Global Round : 35 | Client :2 | Local Epoch : 2 | [64/827 (8%)]	Loss1: 5.838573 Loss2: 0.000056 
| Global Round : 35 | Client :2 | Local Epoch : 2 | [704/827 (92%)]	Loss1: 5.838075 Loss2: 0.000053 
| Global Round : 35 | Client :2 | Local Epoch : 3 | [64/827 (8%)]	Loss1: 5.838326 Loss2: 0.000052 
| Global Round : 35 | Client :2 | Local Epoch : 3 | [704/827 (92%)]	Loss1: 5.838097 Loss2: 0.000057 
| Global Round : 35 | Client :2 | Local Epoch : 4 | [64/827 (8%)]	Loss1: 5.838598 Loss2: 0.000052 
| Global Round : 35 | Client :2 | Local Epoch : 4 | [704/827 (92%)]	Loss1: 5.838415 Loss2: 0.000049 
| Global Round : 35 | Client :3 | Local Epoch : 0 | [64/926 (7%)]	Loss1: 5.838223 Loss2: 0.000049 
| Global Round : 35 | Client :3 | Local Epoch : 0 | [704/926 (79%)]	Loss1: 5.837985 Loss2: 0.000049 
| Global Round : 35 | Client :3 | Local Epoch : 1 | [64/926 (7%)]	Loss1: 5.837893 Loss2: 0.000048 
| Global Round : 35 | Client :3 | Local Epoch : 1 | [704/926 (79%)]	Loss1: 5.837689 Loss2: 0.000050 
| Global Round : 35 | Client :3 | Local Epoch : 2 | [64/926 (7%)]	Loss1: 5.837765 Loss2: 0.000046 
| Global Round : 35 | Client :3 | Local Epoch : 2 | [704/926 (79%)]	Loss1: 5.838380 Loss2: 0.000054 
| Global Round : 35 | Client :3 | Local Epoch : 3 | [64/926 (7%)]	Loss1: 5.838180 Loss2: 0.000047 
| Global Round : 35 | Client :3 | Local Epoch : 3 | [704/926 (79%)]	Loss1: 5.837697 Loss2: 0.000053 
| Global Round : 35 | Client :3 | Local Epoch : 4 | [64/926 (7%)]	Loss1: 5.838366 Loss2: 0.000053 
| Global Round : 35 | Client :3 | Local Epoch : 4 | [704/926 (79%)]	Loss1: 5.838016 Loss2: 0.000055 
| Global Round : 35 | Client :4 | Local Epoch : 0 | [64/514 (12%)]	Loss1: 5.839321 Loss2: 0.000031 
| Global Round : 35 | Client :4 | Local Epoch : 1 | [64/514 (12%)]	Loss1: 5.838945 Loss2: 0.000043 
| Global Round : 35 | Client :4 | Local Epoch : 2 | [64/514 (12%)]	Loss1: 5.838676 Loss2: 0.000047 
| Global Round : 35 | Client :4 | Local Epoch : 3 | [64/514 (12%)]	Loss1: 5.838798 Loss2: 0.000040 
| Global Round : 35 | Client :4 | Local Epoch : 4 | [64/514 (12%)]	Loss1: 5.839420 Loss2: 0.000035 
| Global Round : 35 | Client :5 | Local Epoch : 0 | [64/641 (10%)]	Loss1: 5.838362 Loss2: 0.000048 
| Global Round : 35 | Client :5 | Local Epoch : 1 | [64/641 (10%)]	Loss1: 5.837879 Loss2: 0.000048 
| Global Round : 35 | Client :5 | Local Epoch : 2 | [64/641 (10%)]	Loss1: 5.837661 Loss2: 0.000048 
| Global Round : 35 | Client :5 | Local Epoch : 3 | [64/641 (10%)]	Loss1: 5.838271 Loss2: 0.000050 
| Global Round : 35 | Client :5 | Local Epoch : 4 | [64/641 (10%)]	Loss1: 5.838111 Loss2: 0.000059 
| Global Round : 35 | Client :6 | Local Epoch : 0 | [64/777 (8%)]	Loss1: 5.838254 Loss2: 0.000053 
| Global Round : 35 | Client :6 | Local Epoch : 0 | [704/777 (92%)]	Loss1: 5.838327 Loss2: 0.000047 
| Global Round : 35 | Client :6 | Local Epoch : 1 | [64/777 (8%)]	Loss1: 5.838583 Loss2: 0.000050 
| Global Round : 35 | Client :6 | Local Epoch : 1 | [704/777 (92%)]	Loss1: 5.838526 Loss2: 0.000054 
| Global Round : 35 | Client :6 | Local Epoch : 2 | [64/777 (8%)]	Loss1: 5.838281 Loss2: 0.000051 
| Global Round : 35 | Client :6 | Local Epoch : 2 | [704/777 (92%)]	Loss1: 5.838277 Loss2: 0.000051 
| Global Round : 35 | Client :6 | Local Epoch : 3 | [64/777 (8%)]	Loss1: 5.838323 Loss2: 0.000054 
| Global Round : 35 | Client :6 | Local Epoch : 3 | [704/777 (92%)]	Loss1: 5.838592 Loss2: 0.000050 
| Global Round : 35 | Client :6 | Local Epoch : 4 | [64/777 (8%)]	Loss1: 5.839128 Loss2: 0.000050 
| Global Round : 35 | Client :6 | Local Epoch : 4 | [704/777 (92%)]	Loss1: 5.838225 Loss2: 0.000054 
| Global Round : 35 | Client :7 | Local Epoch : 0 | [64/590 (11%)]	Loss1: 5.838366 Loss2: 0.000061 
| Global Round : 35 | Client :7 | Local Epoch : 1 | [64/590 (11%)]	Loss1: 5.839396 Loss2: 0.000050 
| Global Round : 35 | Client :7 | Local Epoch : 2 | [64/590 (11%)]	Loss1: 5.838308 Loss2: 0.000050 
| Global Round : 35 | Client :7 | Local Epoch : 3 | [64/590 (11%)]	Loss1: 5.838251 Loss2: 0.000052 
| Global Round : 35 | Client :7 | Local Epoch : 4 | [64/590 (11%)]	Loss1: 5.838622 Loss2: 0.000054 
| Global Round : 35 | Client :8 | Local Epoch : 0 | [64/612 (11%)]	Loss1: 5.838014 Loss2: 0.000028 
| Global Round : 35 | Client :8 | Local Epoch : 1 | [64/612 (11%)]	Loss1: 5.837880 Loss2: 0.000033 
| Global Round : 35 | Client :8 | Local Epoch : 2 | [64/612 (11%)]	Loss1: 5.838453 Loss2: 0.000029 
| Global Round : 35 | Client :8 | Local Epoch : 3 | [64/612 (11%)]	Loss1: 5.837974 Loss2: 0.000031 
| Global Round : 35 | Client :8 | Local Epoch : 4 | [64/612 (11%)]	Loss1: 5.837850 Loss2: 0.000027 
| Global Round : 35 | Client :9 | Local Epoch : 0 | [64/305 (25%)]	Loss1: 5.839428 Loss2: 0.000041 
| Global Round : 35 | Client :9 | Local Epoch : 1 | [64/305 (25%)]	Loss1: 5.838382 Loss2: 0.000038 
| Global Round : 35 | Client :9 | Local Epoch : 2 | [64/305 (25%)]	Loss1: 5.839090 Loss2: 0.000038 
| Global Round : 35 | Client :9 | Local Epoch : 3 | [64/305 (25%)]	Loss1: 5.838770 Loss2: 0.000043 
| Global Round : 35 | Client :9 | Local Epoch : 4 | [64/305 (25%)]	Loss1: 5.838426 Loss2: 0.000039 
average loss:   5.837743079965077
average local test accuracy: 0.9319010416666667
average global test accuracy:  0.2888020833333333

 | Global Training Round : 36 |

xi_k [0.46364146 0.46773601 0.49446199 0.51518992 0.53046319 0.53165265
 0.52630908 0.51982123 0.50110327 0.44698383]
max_exp: -1.0
coe: 10
Regulation [0.8 0.8 0.8 0.8 0.8 0.8 0.8 0.8 0.8 0.8]
Solver status: optimal_inaccurate
b_new: [1. 1. 1. 1. 1. 1. 1. 1. 1. 1.]
Iter 0: obj=49.5736, best_obj=49.5736, ||b_new-b_prev||₂=2.846050
xi_k [0.46364146 0.46773601 0.49446199 0.51518992 0.53046319 0.53165265
 0.52630908 0.51982123 0.50110327 0.44698383]
max_exp: -1.0
coe: 10
Regulation [-1. -1. -1. -1. -1. -1. -1. -1. -1. -1.]
Solver status: optimal_inaccurate
b_new: [1. 1. 1. 1. 1. 1. 1. 1. 1. 1.]
Iter 1: obj=50.4736, best_obj=50.4736, ||b_new-b_prev||₂=0.000000
Converged.
Final b: [1. 1. 1. 1. 1. 1. 1. 1. 1. 1.]
<class 'numpy.ndarray'>
b_float: [1. 1. 1. 1. 1. 1. 1. 1. 1. 1.]
b: [1 1 1 1 1 1 1 1 1 1]
active_clients:  [0, 1, 2, 3, 4, 5, 6, 7, 8, 9]
Client 0's s_k are:[0 0 0 0 1 0 0 0 0 0]
Client 1's s_k are:[0 0 0 0 0 0 0 1 0 0]
Client 2's s_k are:[0 0 0 0 0 0 1 0 0 0]
Client 3's s_k are:[0 0 0 0 0 1 0 0 0 0]
Client 4's s_k are:[0 0 0 0 0 0 0 0 1 0]
Client 5's s_k are:[0 0 0 1 0 0 0 0 0 0]
Client 6's s_k are:[0 0 1 0 0 0 0 0 0 0]
Client 7's s_k are:[0 1 0 0 0 0 0 0 0 0]
Client 8's s_k are:[0 0 0 0 1 0 0 0 0 0]
Client 9's s_k are:[0 0 0 0 1 0 0 0 0 0]
| Global Round : 36 | Client :0 | Local Epoch : 0 | [64/294 (25%)]	Loss1: 5.838311 Loss2: 0.000035 
| Global Round : 36 | Client :0 | Local Epoch : 1 | [64/294 (25%)]	Loss1: 5.838342 Loss2: 0.000034 
| Global Round : 36 | Client :0 | Local Epoch : 2 | [64/294 (25%)]	Loss1: 5.838207 Loss2: 0.000036 
| Global Round : 36 | Client :0 | Local Epoch : 3 | [64/294 (25%)]	Loss1: 5.838780 Loss2: 0.000037 
| Global Round : 36 | Client :0 | Local Epoch : 4 | [64/294 (25%)]	Loss1: 5.838323 Loss2: 0.000037 
| Global Round : 36 | Client :1 | Local Epoch : 0 | [64/510 (14%)]	Loss1: 5.838618 Loss2: 0.000068 
| Global Round : 36 | Client :1 | Local Epoch : 1 | [64/510 (14%)]	Loss1: 5.838414 Loss2: 0.000049 
| Global Round : 36 | Client :1 | Local Epoch : 2 | [64/510 (14%)]	Loss1: 5.838531 Loss2: 0.000057 
| Global Round : 36 | Client :1 | Local Epoch : 3 | [64/510 (14%)]	Loss1: 5.838784 Loss2: 0.000063 
| Global Round : 36 | Client :1 | Local Epoch : 4 | [64/510 (14%)]	Loss1: 5.838085 Loss2: 0.000054 
| Global Round : 36 | Client :2 | Local Epoch : 0 | [64/827 (8%)]	Loss1: 5.838614 Loss2: 0.000052 
| Global Round : 36 | Client :2 | Local Epoch : 0 | [704/827 (92%)]	Loss1: 5.838277 Loss2: 0.000051 
| Global Round : 36 | Client :2 | Local Epoch : 1 | [64/827 (8%)]	Loss1: 5.837897 Loss2: 0.000051 
| Global Round : 36 | Client :2 | Local Epoch : 1 | [704/827 (92%)]	Loss1: 5.838307 Loss2: 0.000056 
| Global Round : 36 | Client :2 | Local Epoch : 2 | [64/827 (8%)]	Loss1: 5.838445 Loss2: 0.000054 
| Global Round : 36 | Client :2 | Local Epoch : 2 | [704/827 (92%)]	Loss1: 5.838406 Loss2: 0.000055 
| Global Round : 36 | Client :2 | Local Epoch : 3 | [64/827 (8%)]	Loss1: 5.838458 Loss2: 0.000056 
| Global Round : 36 | Client :2 | Local Epoch : 3 | [704/827 (92%)]	Loss1: 5.838569 Loss2: 0.000058 
| Global Round : 36 | Client :2 | Local Epoch : 4 | [64/827 (8%)]	Loss1: 5.838249 Loss2: 0.000055 
| Global Round : 36 | Client :2 | Local Epoch : 4 | [704/827 (92%)]	Loss1: 5.838558 Loss2: 0.000052 
| Global Round : 36 | Client :3 | Local Epoch : 0 | [64/926 (7%)]	Loss1: 5.837896 Loss2: 0.000049 
| Global Round : 36 | Client :3 | Local Epoch : 0 | [704/926 (79%)]	Loss1: 5.838048 Loss2: 0.000047 
| Global Round : 36 | Client :3 | Local Epoch : 1 | [64/926 (7%)]	Loss1: 5.838254 Loss2: 0.000051 
| Global Round : 36 | Client :3 | Local Epoch : 1 | [704/926 (79%)]	Loss1: 5.837924 Loss2: 0.000051 
| Global Round : 36 | Client :3 | Local Epoch : 2 | [64/926 (7%)]	Loss1: 5.837891 Loss2: 0.000046 
| Global Round : 36 | Client :3 | Local Epoch : 2 | [704/926 (79%)]	Loss1: 5.838075 Loss2: 0.000051 
| Global Round : 36 | Client :3 | Local Epoch : 3 | [64/926 (7%)]	Loss1: 5.838006 Loss2: 0.000054 
| Global Round : 36 | Client :3 | Local Epoch : 3 | [704/926 (79%)]	Loss1: 5.837871 Loss2: 0.000058 
| Global Round : 36 | Client :3 | Local Epoch : 4 | [64/926 (7%)]	Loss1: 5.837970 Loss2: 0.000054 
| Global Round : 36 | Client :3 | Local Epoch : 4 | [704/926 (79%)]	Loss1: 5.838197 Loss2: 0.000054 
| Global Round : 36 | Client :4 | Local Epoch : 0 | [64/514 (12%)]	Loss1: 5.839262 Loss2: 0.000036 
| Global Round : 36 | Client :4 | Local Epoch : 1 | [64/514 (12%)]	Loss1: 5.839244 Loss2: 0.000040 
| Global Round : 36 | Client :4 | Local Epoch : 2 | [64/514 (12%)]	Loss1: 5.839480 Loss2: 0.000046 
| Global Round : 36 | Client :4 | Local Epoch : 3 | [64/514 (12%)]	Loss1: 5.839012 Loss2: 0.000038 
| Global Round : 36 | Client :4 | Local Epoch : 4 | [64/514 (12%)]	Loss1: 5.839773 Loss2: 0.000041 
| Global Round : 36 | Client :5 | Local Epoch : 0 | [64/641 (10%)]	Loss1: 5.837689 Loss2: 0.000049 
| Global Round : 36 | Client :5 | Local Epoch : 1 | [64/641 (10%)]	Loss1: 5.837871 Loss2: 0.000055 
| Global Round : 36 | Client :5 | Local Epoch : 2 | [64/641 (10%)]	Loss1: 5.837987 Loss2: 0.000054 
| Global Round : 36 | Client :5 | Local Epoch : 3 | [64/641 (10%)]	Loss1: 5.838225 Loss2: 0.000054 
| Global Round : 36 | Client :5 | Local Epoch : 4 | [64/641 (10%)]	Loss1: 5.837940 Loss2: 0.000051 
| Global Round : 36 | Client :6 | Local Epoch : 0 | [64/777 (8%)]	Loss1: 5.838189 Loss2: 0.000052 
| Global Round : 36 | Client :6 | Local Epoch : 0 | [704/777 (92%)]	Loss1: 5.838278 Loss2: 0.000049 
| Global Round : 36 | Client :6 | Local Epoch : 1 | [64/777 (8%)]	Loss1: 5.838981 Loss2: 0.000053 
| Global Round : 36 | Client :6 | Local Epoch : 1 | [704/777 (92%)]	Loss1: 5.838435 Loss2: 0.000048 
| Global Round : 36 | Client :6 | Local Epoch : 2 | [64/777 (8%)]	Loss1: 5.838211 Loss2: 0.000047 
| Global Round : 36 | Client :6 | Local Epoch : 2 | [704/777 (92%)]	Loss1: 5.837853 Loss2: 0.000054 
| Global Round : 36 | Client :6 | Local Epoch : 3 | [64/777 (8%)]	Loss1: 5.838701 Loss2: 0.000055 
| Global Round : 36 | Client :6 | Local Epoch : 3 | [704/777 (92%)]	Loss1: 5.838396 Loss2: 0.000051 
| Global Round : 36 | Client :6 | Local Epoch : 4 | [64/777 (8%)]	Loss1: 5.838154 Loss2: 0.000054 
| Global Round : 36 | Client :6 | Local Epoch : 4 | [704/777 (92%)]	Loss1: 5.838560 Loss2: 0.000049 
| Global Round : 36 | Client :7 | Local Epoch : 0 | [64/590 (11%)]	Loss1: 5.838110 Loss2: 0.000057 
| Global Round : 36 | Client :7 | Local Epoch : 1 | [64/590 (11%)]	Loss1: 5.837705 Loss2: 0.000051 
| Global Round : 36 | Client :7 | Local Epoch : 2 | [64/590 (11%)]	Loss1: 5.838257 Loss2: 0.000047 
| Global Round : 36 | Client :7 | Local Epoch : 3 | [64/590 (11%)]	Loss1: 5.838988 Loss2: 0.000051 
| Global Round : 36 | Client :7 | Local Epoch : 4 | [64/590 (11%)]	Loss1: 5.838675 Loss2: 0.000056 
| Global Round : 36 | Client :8 | Local Epoch : 0 | [64/612 (11%)]	Loss1: 5.837912 Loss2: 0.000034 
| Global Round : 36 | Client :8 | Local Epoch : 1 | [64/612 (11%)]	Loss1: 5.838236 Loss2: 0.000033 
| Global Round : 36 | Client :8 | Local Epoch : 2 | [64/612 (11%)]	Loss1: 5.838049 Loss2: 0.000035 
| Global Round : 36 | Client :8 | Local Epoch : 3 | [64/612 (11%)]	Loss1: 5.837796 Loss2: 0.000034 
| Global Round : 36 | Client :8 | Local Epoch : 4 | [64/612 (11%)]	Loss1: 5.838009 Loss2: 0.000034 
| Global Round : 36 | Client :9 | Local Epoch : 0 | [64/305 (25%)]	Loss1: 5.838241 Loss2: 0.000038 
| Global Round : 36 | Client :9 | Local Epoch : 1 | [64/305 (25%)]	Loss1: 5.838791 Loss2: 0.000041 
| Global Round : 36 | Client :9 | Local Epoch : 2 | [64/305 (25%)]	Loss1: 5.838966 Loss2: 0.000043 
| Global Round : 36 | Client :9 | Local Epoch : 3 | [64/305 (25%)]	Loss1: 5.838417 Loss2: 0.000042 
| Global Round : 36 | Client :9 | Local Epoch : 4 | [64/305 (25%)]	Loss1: 5.839059 Loss2: 0.000041 
average loss:   5.837690772045226
average local test accuracy: 0.93828125
average global test accuracy:  0.32890624999999996

 | Global Training Round : 37 |

xi_k [0.46363235 0.46775469 0.49445226 0.51518833 0.53042505 0.53162924
 0.52631137 0.51982871 0.50110334 0.44695616]
max_exp: -1.0
coe: 10
Regulation [0.8 0.8 0.8 0.8 0.8 0.8 0.8 0.8 0.8 0.8]
Solver status: optimal_inaccurate
b_new: [1. 1. 1. 1. 1. 1. 1. 1. 1. 1.]
Iter 0: obj=49.5728, best_obj=49.5728, ||b_new-b_prev||₂=2.846050
xi_k [0.46363235 0.46775469 0.49445226 0.51518833 0.53042505 0.53162924
 0.52631137 0.51982871 0.50110334 0.44695616]
max_exp: -1.0
coe: 10
Regulation [-1. -1. -1. -1. -1. -1. -1. -1. -1. -1.]
Solver status: optimal_inaccurate
b_new: [1. 1. 1. 1. 1. 1. 1. 1. 1. 1.]
Iter 1: obj=50.4728, best_obj=50.4728, ||b_new-b_prev||₂=0.000000
Converged.
Final b: [1. 1. 1. 1. 1. 1. 1. 1. 1. 1.]
<class 'numpy.ndarray'>
b_float: [1. 1. 1. 1. 1. 1. 1. 1. 1. 1.]
b: [1 1 1 1 1 1 1 1 1 1]
active_clients:  [0, 1, 2, 3, 4, 5, 6, 7, 8, 9]
Client 0's s_k are:[0 0 0 0 1 0 0 0 0 0]
Client 1's s_k are:[0 0 0 0 0 0 0 1 0 0]
Client 2's s_k are:[0 0 0 0 0 0 1 0 0 0]
Client 3's s_k are:[0 0 0 0 0 1 0 0 0 0]
Client 4's s_k are:[0 0 0 0 0 0 0 0 1 0]
Client 5's s_k are:[0 0 0 1 0 0 0 0 0 0]
Client 6's s_k are:[0 0 1 0 0 0 0 0 0 0]
Client 7's s_k are:[0 1 0 0 0 0 0 0 0 0]
Client 8's s_k are:[0 0 0 0 1 0 0 0 0 0]
Client 9's s_k are:[0 0 0 0 1 0 0 0 0 0]
| Global Round : 37 | Client :0 | Local Epoch : 0 | [64/294 (25%)]	Loss1: 5.838437 Loss2: 0.000039 
| Global Round : 37 | Client :0 | Local Epoch : 1 | [64/294 (25%)]	Loss1: 5.838142 Loss2: 0.000039 
| Global Round : 37 | Client :0 | Local Epoch : 2 | [64/294 (25%)]	Loss1: 5.838382 Loss2: 0.000038 
| Global Round : 37 | Client :0 | Local Epoch : 3 | [64/294 (25%)]	Loss1: 5.838699 Loss2: 0.000037 
| Global Round : 37 | Client :0 | Local Epoch : 4 | [64/294 (25%)]	Loss1: 5.838212 Loss2: 0.000039 
| Global Round : 37 | Client :1 | Local Epoch : 0 | [64/510 (14%)]	Loss1: 5.838876 Loss2: 0.000062 
| Global Round : 37 | Client :1 | Local Epoch : 1 | [64/510 (14%)]	Loss1: 5.838377 Loss2: 0.000054 
| Global Round : 37 | Client :1 | Local Epoch : 2 | [64/510 (14%)]	Loss1: 5.838511 Loss2: 0.000054 
| Global Round : 37 | Client :1 | Local Epoch : 3 | [64/510 (14%)]	Loss1: 5.838746 Loss2: 0.000048 
| Global Round : 37 | Client :1 | Local Epoch : 4 | [64/510 (14%)]	Loss1: 5.838437 Loss2: 0.000046 
| Global Round : 37 | Client :2 | Local Epoch : 0 | [64/827 (8%)]	Loss1: 5.838397 Loss2: 0.000055 
| Global Round : 37 | Client :2 | Local Epoch : 0 | [704/827 (92%)]	Loss1: 5.838439 Loss2: 0.000052 
| Global Round : 37 | Client :2 | Local Epoch : 1 | [64/827 (8%)]	Loss1: 5.838483 Loss2: 0.000056 
| Global Round : 37 | Client :2 | Local Epoch : 1 | [704/827 (92%)]	Loss1: 5.838612 Loss2: 0.000056 
| Global Round : 37 | Client :2 | Local Epoch : 2 | [64/827 (8%)]	Loss1: 5.838278 Loss2: 0.000054 
| Global Round : 37 | Client :2 | Local Epoch : 2 | [704/827 (92%)]	Loss1: 5.837994 Loss2: 0.000050 
| Global Round : 37 | Client :2 | Local Epoch : 3 | [64/827 (8%)]	Loss1: 5.838310 Loss2: 0.000050 
| Global Round : 37 | Client :2 | Local Epoch : 3 | [704/827 (92%)]	Loss1: 5.838394 Loss2: 0.000057 
| Global Round : 37 | Client :2 | Local Epoch : 4 | [64/827 (8%)]	Loss1: 5.838607 Loss2: 0.000057 
| Global Round : 37 | Client :2 | Local Epoch : 4 | [704/827 (92%)]	Loss1: 5.838670 Loss2: 0.000048 
| Global Round : 37 | Client :3 | Local Epoch : 0 | [64/926 (7%)]	Loss1: 5.838304 Loss2: 0.000052 
| Global Round : 37 | Client :3 | Local Epoch : 0 | [704/926 (79%)]	Loss1: 5.837775 Loss2: 0.000051 
| Global Round : 37 | Client :3 | Local Epoch : 1 | [64/926 (7%)]	Loss1: 5.837781 Loss2: 0.000050 
| Global Round : 37 | Client :3 | Local Epoch : 1 | [704/926 (79%)]	Loss1: 5.837691 Loss2: 0.000054 
| Global Round : 37 | Client :3 | Local Epoch : 2 | [64/926 (7%)]	Loss1: 5.837809 Loss2: 0.000046 
| Global Round : 37 | Client :3 | Local Epoch : 2 | [704/926 (79%)]	Loss1: 5.837793 Loss2: 0.000051 
| Global Round : 37 | Client :3 | Local Epoch : 3 | [64/926 (7%)]	Loss1: 5.837706 Loss2: 0.000048 
| Global Round : 37 | Client :3 | Local Epoch : 3 | [704/926 (79%)]	Loss1: 5.837733 Loss2: 0.000059 
| Global Round : 37 | Client :3 | Local Epoch : 4 | [64/926 (7%)]	Loss1: 5.838222 Loss2: 0.000054 
| Global Round : 37 | Client :3 | Local Epoch : 4 | [704/926 (79%)]	Loss1: 5.837977 Loss2: 0.000052 
| Global Round : 37 | Client :4 | Local Epoch : 0 | [64/514 (12%)]	Loss1: 5.838986 Loss2: 0.000039 
| Global Round : 37 | Client :4 | Local Epoch : 1 | [64/514 (12%)]	Loss1: 5.839277 Loss2: 0.000035 
| Global Round : 37 | Client :4 | Local Epoch : 2 | [64/514 (12%)]	Loss1: 5.838944 Loss2: 0.000040 
| Global Round : 37 | Client :4 | Local Epoch : 3 | [64/514 (12%)]	Loss1: 5.838917 Loss2: 0.000034 
| Global Round : 37 | Client :4 | Local Epoch : 4 | [64/514 (12%)]	Loss1: 5.839252 Loss2: 0.000040 
| Global Round : 37 | Client :5 | Local Epoch : 0 | [64/641 (10%)]	Loss1: 5.838316 Loss2: 0.000050 
| Global Round : 37 | Client :5 | Local Epoch : 1 | [64/641 (10%)]	Loss1: 5.838465 Loss2: 0.000052 
| Global Round : 37 | Client :5 | Local Epoch : 2 | [64/641 (10%)]	Loss1: 5.839049 Loss2: 0.000050 
| Global Round : 37 | Client :5 | Local Epoch : 3 | [64/641 (10%)]	Loss1: 5.838753 Loss2: 0.000053 
| Global Round : 37 | Client :5 | Local Epoch : 4 | [64/641 (10%)]	Loss1: 5.837736 Loss2: 0.000047 
| Global Round : 37 | Client :6 | Local Epoch : 0 | [64/777 (8%)]	Loss1: 5.838861 Loss2: 0.000051 
| Global Round : 37 | Client :6 | Local Epoch : 0 | [704/777 (92%)]	Loss1: 5.838394 Loss2: 0.000048 
| Global Round : 37 | Client :6 | Local Epoch : 1 | [64/777 (8%)]	Loss1: 5.838230 Loss2: 0.000050 
| Global Round : 37 | Client :6 | Local Epoch : 1 | [704/777 (92%)]	Loss1: 5.838359 Loss2: 0.000052 
| Global Round : 37 | Client :6 | Local Epoch : 2 | [64/777 (8%)]	Loss1: 5.838387 Loss2: 0.000053 
| Global Round : 37 | Client :6 | Local Epoch : 2 | [704/777 (92%)]	Loss1: 5.838700 Loss2: 0.000051 
| Global Round : 37 | Client :6 | Local Epoch : 3 | [64/777 (8%)]	Loss1: 5.838411 Loss2: 0.000049 
| Global Round : 37 | Client :6 | Local Epoch : 3 | [704/777 (92%)]	Loss1: 5.838148 Loss2: 0.000051 
| Global Round : 37 | Client :6 | Local Epoch : 4 | [64/777 (8%)]	Loss1: 5.838757 Loss2: 0.000049 
| Global Round : 37 | Client :6 | Local Epoch : 4 | [704/777 (92%)]	Loss1: 5.838368 Loss2: 0.000048 
| Global Round : 37 | Client :7 | Local Epoch : 0 | [64/590 (11%)]	Loss1: 5.838180 Loss2: 0.000053 
| Global Round : 37 | Client :7 | Local Epoch : 1 | [64/590 (11%)]	Loss1: 5.837877 Loss2: 0.000053 
| Global Round : 37 | Client :7 | Local Epoch : 2 | [64/590 (11%)]	Loss1: 5.838874 Loss2: 0.000052 
| Global Round : 37 | Client :7 | Local Epoch : 3 | [64/590 (11%)]	Loss1: 5.838593 Loss2: 0.000047 
| Global Round : 37 | Client :7 | Local Epoch : 4 | [64/590 (11%)]	Loss1: 5.838117 Loss2: 0.000050 
| Global Round : 37 | Client :8 | Local Epoch : 0 | [64/612 (11%)]	Loss1: 5.838156 Loss2: 0.000032 
| Global Round : 37 | Client :8 | Local Epoch : 1 | [64/612 (11%)]	Loss1: 5.837812 Loss2: 0.000033 
| Global Round : 37 | Client :8 | Local Epoch : 2 | [64/612 (11%)]	Loss1: 5.837869 Loss2: 0.000032 
| Global Round : 37 | Client :8 | Local Epoch : 3 | [64/612 (11%)]	Loss1: 5.838094 Loss2: 0.000032 
| Global Round : 37 | Client :8 | Local Epoch : 4 | [64/612 (11%)]	Loss1: 5.837951 Loss2: 0.000033 
| Global Round : 37 | Client :9 | Local Epoch : 0 | [64/305 (25%)]	Loss1: 5.838662 Loss2: 0.000050 
| Global Round : 37 | Client :9 | Local Epoch : 1 | [64/305 (25%)]	Loss1: 5.838340 Loss2: 0.000043 
| Global Round : 37 | Client :9 | Local Epoch : 2 | [64/305 (25%)]	Loss1: 5.839028 Loss2: 0.000046 
| Global Round : 37 | Client :9 | Local Epoch : 3 | [64/305 (25%)]	Loss1: 5.838464 Loss2: 0.000042 
| Global Round : 37 | Client :9 | Local Epoch : 4 | [64/305 (25%)]	Loss1: 5.838445 Loss2: 0.000043 
average loss:   5.837711540157834
average local test accuracy: 0.9440104166666666
average global test accuracy:  0.329296875

 | Global Training Round : 38 |

xi_k [0.46363206 0.46774465 0.49445731 0.5151928  0.53041667 0.53165642
 0.52631081 0.51983005 0.50110064 0.44697193]
max_exp: -1.0
coe: 10
Regulation [0.8 0.8 0.8 0.8 0.8 0.8 0.8 0.8 0.8 0.8]
Solver status: optimal_inaccurate
b_new: [1. 1. 1. 1. 1. 1. 1. 1. 1. 1.]
Iter 0: obj=49.5731, best_obj=49.5731, ||b_new-b_prev||₂=2.846050
xi_k [0.46363206 0.46774465 0.49445731 0.5151928  0.53041667 0.53165642
 0.52631081 0.51983005 0.50110064 0.44697193]
max_exp: -1.0
coe: 10
Regulation [-1. -1. -1. -1. -1. -1. -1. -1. -1. -1.]
Solver status: optimal_inaccurate
b_new: [1. 1. 1. 1. 1. 1. 1. 1. 1. 1.]
Iter 1: obj=50.4731, best_obj=50.4731, ||b_new-b_prev||₂=0.000000
Converged.
Final b: [1. 1. 1. 1. 1. 1. 1. 1. 1. 1.]
<class 'numpy.ndarray'>
b_float: [1. 1. 1. 1. 1. 1. 1. 1. 1. 1.]
b: [1 1 1 1 1 1 1 1 1 1]
active_clients:  [0, 1, 2, 3, 4, 5, 6, 7, 8, 9]
Client 0's s_k are:[0 0 0 0 1 0 0 0 0 0]
Client 1's s_k are:[0 0 0 0 0 0 0 1 0 0]
Client 2's s_k are:[0 0 0 0 0 0 1 0 0 0]
Client 3's s_k are:[0 0 0 0 0 1 0 0 0 0]
Client 4's s_k are:[0 0 0 0 0 0 0 0 1 0]
Client 5's s_k are:[0 0 0 1 0 0 0 0 0 0]
Client 6's s_k are:[0 0 1 0 0 0 0 0 0 0]
Client 7's s_k are:[0 1 0 0 0 0 0 0 0 0]
Client 8's s_k are:[0 0 0 0 1 0 0 0 0 0]
Client 9's s_k are:[0 0 0 0 1 0 0 0 0 0]
| Global Round : 38 | Client :0 | Local Epoch : 0 | [64/294 (25%)]	Loss1: 5.838061 Loss2: 0.000038 
| Global Round : 38 | Client :0 | Local Epoch : 1 | [64/294 (25%)]	Loss1: 5.838127 Loss2: 0.000037 
| Global Round : 38 | Client :0 | Local Epoch : 2 | [64/294 (25%)]	Loss1: 5.838127 Loss2: 0.000037 
| Global Round : 38 | Client :0 | Local Epoch : 3 | [64/294 (25%)]	Loss1: 5.838884 Loss2: 0.000040 
| Global Round : 38 | Client :0 | Local Epoch : 4 | [64/294 (25%)]	Loss1: 5.838134 Loss2: 0.000040 
| Global Round : 38 | Client :1 | Local Epoch : 0 | [64/510 (14%)]	Loss1: 5.839103 Loss2: 0.000056 
| Global Round : 38 | Client :1 | Local Epoch : 1 | [64/510 (14%)]	Loss1: 5.838407 Loss2: 0.000052 
| Global Round : 38 | Client :1 | Local Epoch : 2 | [64/510 (14%)]	Loss1: 5.838495 Loss2: 0.000065 
| Global Round : 38 | Client :1 | Local Epoch : 3 | [64/510 (14%)]	Loss1: 5.838365 Loss2: 0.000042 
| Global Round : 38 | Client :1 | Local Epoch : 4 | [64/510 (14%)]	Loss1: 5.838520 Loss2: 0.000055 
| Global Round : 38 | Client :2 | Local Epoch : 0 | [64/827 (8%)]	Loss1: 5.838635 Loss2: 0.000056 
| Global Round : 38 | Client :2 | Local Epoch : 0 | [704/827 (92%)]	Loss1: 5.838372 Loss2: 0.000052 
| Global Round : 38 | Client :2 | Local Epoch : 1 | [64/827 (8%)]	Loss1: 5.838922 Loss2: 0.000051 
| Global Round : 38 | Client :2 | Local Epoch : 1 | [704/827 (92%)]	Loss1: 5.838391 Loss2: 0.000051 
| Global Round : 38 | Client :2 | Local Epoch : 2 | [64/827 (8%)]	Loss1: 5.838362 Loss2: 0.000053 
| Global Round : 38 | Client :2 | Local Epoch : 2 | [704/827 (92%)]	Loss1: 5.838500 Loss2: 0.000054 
| Global Round : 38 | Client :2 | Local Epoch : 3 | [64/827 (8%)]	Loss1: 5.838472 Loss2: 0.000053 
| Global Round : 38 | Client :2 | Local Epoch : 3 | [704/827 (92%)]	Loss1: 5.838484 Loss2: 0.000049 
| Global Round : 38 | Client :2 | Local Epoch : 4 | [64/827 (8%)]	Loss1: 5.838483 Loss2: 0.000051 
| Global Round : 38 | Client :2 | Local Epoch : 4 | [704/827 (92%)]	Loss1: 5.838409 Loss2: 0.000051 
| Global Round : 38 | Client :3 | Local Epoch : 0 | [64/926 (7%)]	Loss1: 5.837889 Loss2: 0.000049 
| Global Round : 38 | Client :3 | Local Epoch : 0 | [704/926 (79%)]	Loss1: 5.837657 Loss2: 0.000054 
| Global Round : 38 | Client :3 | Local Epoch : 1 | [64/926 (7%)]	Loss1: 5.837999 Loss2: 0.000047 
| Global Round : 38 | Client :3 | Local Epoch : 1 | [704/926 (79%)]	Loss1: 5.838132 Loss2: 0.000051 
| Global Round : 38 | Client :3 | Local Epoch : 2 | [64/926 (7%)]	Loss1: 5.838069 Loss2: 0.000051 
| Global Round : 38 | Client :3 | Local Epoch : 2 | [704/926 (79%)]	Loss1: 5.837692 Loss2: 0.000049 
| Global Round : 38 | Client :3 | Local Epoch : 3 | [64/926 (7%)]	Loss1: 5.838277 Loss2: 0.000053 
| Global Round : 38 | Client :3 | Local Epoch : 3 | [704/926 (79%)]	Loss1: 5.838103 Loss2: 0.000054 
| Global Round : 38 | Client :3 | Local Epoch : 4 | [64/926 (7%)]	Loss1: 5.837873 Loss2: 0.000049 
| Global Round : 38 | Client :3 | Local Epoch : 4 | [704/926 (79%)]	Loss1: 5.837955 Loss2: 0.000058 
| Global Round : 38 | Client :4 | Local Epoch : 0 | [64/514 (12%)]	Loss1: 5.839626 Loss2: 0.000037 
| Global Round : 38 | Client :4 | Local Epoch : 1 | [64/514 (12%)]	Loss1: 5.839717 Loss2: 0.000039 
| Global Round : 38 | Client :4 | Local Epoch : 2 | [64/514 (12%)]	Loss1: 5.839772 Loss2: 0.000039 
| Global Round : 38 | Client :4 | Local Epoch : 3 | [64/514 (12%)]	Loss1: 5.839283 Loss2: 0.000044 
| Global Round : 38 | Client :4 | Local Epoch : 4 | [64/514 (12%)]	Loss1: 5.839189 Loss2: 0.000031 
| Global Round : 38 | Client :5 | Local Epoch : 0 | [64/641 (10%)]	Loss1: 5.838025 Loss2: 0.000050 
| Global Round : 38 | Client :5 | Local Epoch : 1 | [64/641 (10%)]	Loss1: 5.838049 Loss2: 0.000051 
| Global Round : 38 | Client :5 | Local Epoch : 2 | [64/641 (10%)]	Loss1: 5.837870 Loss2: 0.000052 
| Global Round : 38 | Client :5 | Local Epoch : 3 | [64/641 (10%)]	Loss1: 5.838436 Loss2: 0.000050 
| Global Round : 38 | Client :5 | Local Epoch : 4 | [64/641 (10%)]	Loss1: 5.838672 Loss2: 0.000053 
| Global Round : 38 | Client :6 | Local Epoch : 0 | [64/777 (8%)]	Loss1: 5.838486 Loss2: 0.000051 
| Global Round : 38 | Client :6 | Local Epoch : 0 | [704/777 (92%)]	Loss1: 5.838322 Loss2: 0.000052 
| Global Round : 38 | Client :6 | Local Epoch : 1 | [64/777 (8%)]	Loss1: 5.838221 Loss2: 0.000050 
| Global Round : 38 | Client :6 | Local Epoch : 1 | [704/777 (92%)]	Loss1: 5.838585 Loss2: 0.000053 
| Global Round : 38 | Client :6 | Local Epoch : 2 | [64/777 (8%)]	Loss1: 5.839170 Loss2: 0.000046 
| Global Round : 38 | Client :6 | Local Epoch : 2 | [704/777 (92%)]	Loss1: 5.838263 Loss2: 0.000051 
| Global Round : 38 | Client :6 | Local Epoch : 3 | [64/777 (8%)]	Loss1: 5.838465 Loss2: 0.000046 
| Global Round : 38 | Client :6 | Local Epoch : 3 | [704/777 (92%)]	Loss1: 5.838071 Loss2: 0.000051 
| Global Round : 38 | Client :6 | Local Epoch : 4 | [64/777 (8%)]	Loss1: 5.838385 Loss2: 0.000049 
| Global Round : 38 | Client :6 | Local Epoch : 4 | [704/777 (92%)]	Loss1: 5.838609 Loss2: 0.000053 
| Global Round : 38 | Client :7 | Local Epoch : 0 | [64/590 (11%)]	Loss1: 5.838589 Loss2: 0.000047 
| Global Round : 38 | Client :7 | Local Epoch : 1 | [64/590 (11%)]	Loss1: 5.838805 Loss2: 0.000054 
| Global Round : 38 | Client :7 | Local Epoch : 2 | [64/590 (11%)]	Loss1: 5.838031 Loss2: 0.000047 
| Global Round : 38 | Client :7 | Local Epoch : 3 | [64/590 (11%)]	Loss1: 5.838018 Loss2: 0.000056 
| Global Round : 38 | Client :7 | Local Epoch : 4 | [64/590 (11%)]	Loss1: 5.837856 Loss2: 0.000044 
| Global Round : 38 | Client :8 | Local Epoch : 0 | [64/612 (11%)]	Loss1: 5.837945 Loss2: 0.000035 
| Global Round : 38 | Client :8 | Local Epoch : 1 | [64/612 (11%)]	Loss1: 5.837890 Loss2: 0.000033 
| Global Round : 38 | Client :8 | Local Epoch : 2 | [64/612 (11%)]	Loss1: 5.838288 Loss2: 0.000034 
| Global Round : 38 | Client :8 | Local Epoch : 3 | [64/612 (11%)]	Loss1: 5.838128 Loss2: 0.000033 
| Global Round : 38 | Client :8 | Local Epoch : 4 | [64/612 (11%)]	Loss1: 5.838260 Loss2: 0.000032 
| Global Round : 38 | Client :9 | Local Epoch : 0 | [64/305 (25%)]	Loss1: 5.839005 Loss2: 0.000044 
| Global Round : 38 | Client :9 | Local Epoch : 1 | [64/305 (25%)]	Loss1: 5.839046 Loss2: 0.000047 
| Global Round : 38 | Client :9 | Local Epoch : 2 | [64/305 (25%)]	Loss1: 5.838353 Loss2: 0.000042 
| Global Round : 38 | Client :9 | Local Epoch : 3 | [64/305 (25%)]	Loss1: 5.838899 Loss2: 0.000043 
| Global Round : 38 | Client :9 | Local Epoch : 4 | [64/305 (25%)]	Loss1: 5.838696 Loss2: 0.000048 
average loss:   5.837663663360807
average local test accuracy: 0.9415364583333334
average global test accuracy:  0.29270833333333335

 | Global Training Round : 39 |

xi_k [0.46362922 0.4677588  0.49447331 0.51518285 0.53041611 0.53164376
 0.52631064 0.51981664 0.50110063 0.44696047]
max_exp: -1.0
coe: 10
Regulation [0.8 0.8 0.8 0.8 0.8 0.8 0.8 0.8 0.8 0.8]
Solver status: optimal_inaccurate
b_new: [1. 1. 1. 1. 1. 1. 1. 1. 1. 1.]
Iter 0: obj=49.5729, best_obj=49.5729, ||b_new-b_prev||₂=2.846050
xi_k [0.46362922 0.4677588  0.49447331 0.51518285 0.53041611 0.53164376
 0.52631064 0.51981664 0.50110063 0.44696047]
max_exp: -1.0
coe: 10
Regulation [-1. -1. -1. -1. -1. -1. -1. -1. -1. -1.]
Solver status: optimal_inaccurate
b_new: [1. 1. 1. 1. 1. 1. 1. 1. 1. 1.]
Iter 1: obj=50.4729, best_obj=50.4729, ||b_new-b_prev||₂=0.000000
Converged.
Final b: [1. 1. 1. 1. 1. 1. 1. 1. 1. 1.]
<class 'numpy.ndarray'>
b_float: [1. 1. 1. 1. 1. 1. 1. 1. 1. 1.]
b: [1 1 1 1 1 1 1 1 1 1]
active_clients:  [0, 1, 2, 3, 4, 5, 6, 7, 8, 9]
Client 0's s_k are:[0 0 0 0 1 0 0 0 0 0]
Client 1's s_k are:[0 0 0 0 0 0 0 1 0 0]
Client 2's s_k are:[0 0 0 0 0 0 1 0 0 0]
Client 3's s_k are:[0 0 0 0 0 1 0 0 0 0]
Client 4's s_k are:[0 0 0 0 0 0 0 0 1 0]
Client 5's s_k are:[0 0 0 1 0 0 0 0 0 0]
Client 6's s_k are:[0 0 1 0 0 0 0 0 0 0]
Client 7's s_k are:[0 1 0 0 0 0 0 0 0 0]
Client 8's s_k are:[0 0 0 0 1 0 0 0 0 0]
Client 9's s_k are:[0 0 0 0 1 0 0 0 0 0]
| Global Round : 39 | Client :0 | Local Epoch : 0 | [64/294 (25%)]	Loss1: 5.838853 Loss2: 0.000040 
| Global Round : 39 | Client :0 | Local Epoch : 1 | [64/294 (25%)]	Loss1: 5.838146 Loss2: 0.000039 
| Global Round : 39 | Client :0 | Local Epoch : 2 | [64/294 (25%)]	Loss1: 5.838135 Loss2: 0.000038 
| Global Round : 39 | Client :0 | Local Epoch : 3 | [64/294 (25%)]	Loss1: 5.838180 Loss2: 0.000037 
| Global Round : 39 | Client :0 | Local Epoch : 4 | [64/294 (25%)]	Loss1: 5.838028 Loss2: 0.000038 
| Global Round : 39 | Client :1 | Local Epoch : 0 | [64/510 (14%)]	Loss1: 5.839718 Loss2: 0.000051 
| Global Round : 39 | Client :1 | Local Epoch : 1 | [64/510 (14%)]	Loss1: 5.838169 Loss2: 0.000061 
| Global Round : 39 | Client :1 | Local Epoch : 2 | [64/510 (14%)]	Loss1: 5.838303 Loss2: 0.000047 
| Global Round : 39 | Client :1 | Local Epoch : 3 | [64/510 (14%)]	Loss1: 5.838014 Loss2: 0.000050 
| Global Round : 39 | Client :1 | Local Epoch : 4 | [64/510 (14%)]	Loss1: 5.838542 Loss2: 0.000052 
| Global Round : 39 | Client :2 | Local Epoch : 0 | [64/827 (8%)]	Loss1: 5.838605 Loss2: 0.000052 
| Global Round : 39 | Client :2 | Local Epoch : 0 | [704/827 (92%)]	Loss1: 5.838147 Loss2: 0.000055 
| Global Round : 39 | Client :2 | Local Epoch : 1 | [64/827 (8%)]	Loss1: 5.838260 Loss2: 0.000059 
| Global Round : 39 | Client :2 | Local Epoch : 1 | [704/827 (92%)]	Loss1: 5.838620 Loss2: 0.000057 
| Global Round : 39 | Client :2 | Local Epoch : 2 | [64/827 (8%)]	Loss1: 5.840026 Loss2: 0.000058 
| Global Round : 39 | Client :2 | Local Epoch : 2 | [704/827 (92%)]	Loss1: 5.839087 Loss2: 0.000054 
| Global Round : 39 | Client :2 | Local Epoch : 3 | [64/827 (8%)]	Loss1: 5.837823 Loss2: 0.000054 
| Global Round : 39 | Client :2 | Local Epoch : 3 | [704/827 (92%)]	Loss1: 5.838324 Loss2: 0.000056 
| Global Round : 39 | Client :2 | Local Epoch : 4 | [64/827 (8%)]	Loss1: 5.838221 Loss2: 0.000051 
| Global Round : 39 | Client :2 | Local Epoch : 4 | [704/827 (92%)]	Loss1: 5.838310 Loss2: 0.000052 
| Global Round : 39 | Client :3 | Local Epoch : 0 | [64/926 (7%)]	Loss1: 5.837821 Loss2: 0.000048 
| Global Round : 39 | Client :3 | Local Epoch : 0 | [704/926 (79%)]	Loss1: 5.837744 Loss2: 0.000056 
| Global Round : 39 | Client :3 | Local Epoch : 1 | [64/926 (7%)]	Loss1: 5.838253 Loss2: 0.000051 
| Global Round : 39 | Client :3 | Local Epoch : 1 | [704/926 (79%)]	Loss1: 5.838029 Loss2: 0.000054 
| Global Round : 39 | Client :3 | Local Epoch : 2 | [64/926 (7%)]	Loss1: 5.838266 Loss2: 0.000050 
| Global Round : 39 | Client :3 | Local Epoch : 2 | [704/926 (79%)]	Loss1: 5.838185 Loss2: 0.000052 
| Global Round : 39 | Client :3 | Local Epoch : 3 | [64/926 (7%)]	Loss1: 5.838169 Loss2: 0.000047 
| Global Round : 39 | Client :3 | Local Epoch : 3 | [704/926 (79%)]	Loss1: 5.837852 Loss2: 0.000053 
| Global Round : 39 | Client :3 | Local Epoch : 4 | [64/926 (7%)]	Loss1: 5.838107 Loss2: 0.000045 
| Global Round : 39 | Client :3 | Local Epoch : 4 | [704/926 (79%)]	Loss1: 5.837969 Loss2: 0.000054 
| Global Round : 39 | Client :4 | Local Epoch : 0 | [64/514 (12%)]	Loss1: 5.839353 Loss2: 0.000039 
| Global Round : 39 | Client :4 | Local Epoch : 1 | [64/514 (12%)]	Loss1: 5.839270 Loss2: 0.000035 
| Global Round : 39 | Client :4 | Local Epoch : 2 | [64/514 (12%)]	Loss1: 5.839192 Loss2: 0.000040 
| Global Round : 39 | Client :4 | Local Epoch : 3 | [64/514 (12%)]	Loss1: 5.838411 Loss2: 0.000038 
| Global Round : 39 | Client :4 | Local Epoch : 4 | [64/514 (12%)]	Loss1: 5.838621 Loss2: 0.000038 
| Global Round : 39 | Client :5 | Local Epoch : 0 | [64/641 (10%)]	Loss1: 5.837792 Loss2: 0.000052 
| Global Round : 39 | Client :5 | Local Epoch : 1 | [64/641 (10%)]	Loss1: 5.837589 Loss2: 0.000053 
| Global Round : 39 | Client :5 | Local Epoch : 2 | [64/641 (10%)]	Loss1: 5.838305 Loss2: 0.000047 
| Global Round : 39 | Client :5 | Local Epoch : 3 | [64/641 (10%)]	Loss1: 5.837991 Loss2: 0.000050 
| Global Round : 39 | Client :5 | Local Epoch : 4 | [64/641 (10%)]	Loss1: 5.838136 Loss2: 0.000050 
| Global Round : 39 | Client :6 | Local Epoch : 0 | [64/777 (8%)]	Loss1: 5.838453 Loss2: 0.000056 
| Global Round : 39 | Client :6 | Local Epoch : 0 | [704/777 (92%)]	Loss1: 5.838743 Loss2: 0.000051 
| Global Round : 39 | Client :6 | Local Epoch : 1 | [64/777 (8%)]	Loss1: 5.838886 Loss2: 0.000051 
| Global Round : 39 | Client :6 | Local Epoch : 1 | [704/777 (92%)]	Loss1: 5.838120 Loss2: 0.000051 
| Global Round : 39 | Client :6 | Local Epoch : 2 | [64/777 (8%)]	Loss1: 5.838338 Loss2: 0.000050 
| Global Round : 39 | Client :6 | Local Epoch : 2 | [704/777 (92%)]	Loss1: 5.838374 Loss2: 0.000050 
| Global Round : 39 | Client :6 | Local Epoch : 3 | [64/777 (8%)]	Loss1: 5.838722 Loss2: 0.000051 
| Global Round : 39 | Client :6 | Local Epoch : 3 | [704/777 (92%)]	Loss1: 5.838013 Loss2: 0.000054 
| Global Round : 39 | Client :6 | Local Epoch : 4 | [64/777 (8%)]	Loss1: 5.838838 Loss2: 0.000051 
| Global Round : 39 | Client :6 | Local Epoch : 4 | [704/777 (92%)]	Loss1: 5.839374 Loss2: 0.000052 
| Global Round : 39 | Client :7 | Local Epoch : 0 | [64/590 (11%)]	Loss1: 5.838179 Loss2: 0.000056 
| Global Round : 39 | Client :7 | Local Epoch : 1 | [64/590 (11%)]	Loss1: 5.838144 Loss2: 0.000048 
| Global Round : 39 | Client :7 | Local Epoch : 2 | [64/590 (11%)]	Loss1: 5.839500 Loss2: 0.000048 
| Global Round : 39 | Client :7 | Local Epoch : 3 | [64/590 (11%)]	Loss1: 5.838356 Loss2: 0.000052 
| Global Round : 39 | Client :7 | Local Epoch : 4 | [64/590 (11%)]	Loss1: 5.838219 Loss2: 0.000049 
| Global Round : 39 | Client :8 | Local Epoch : 0 | [64/612 (11%)]	Loss1: 5.838169 Loss2: 0.000035 
| Global Round : 39 | Client :8 | Local Epoch : 1 | [64/612 (11%)]	Loss1: 5.837920 Loss2: 0.000032 
| Global Round : 39 | Client :8 | Local Epoch : 2 | [64/612 (11%)]	Loss1: 5.837718 Loss2: 0.000031 
| Global Round : 39 | Client :8 | Local Epoch : 3 | [64/612 (11%)]	Loss1: 5.838254 Loss2: 0.000034 
| Global Round : 39 | Client :8 | Local Epoch : 4 | [64/612 (11%)]	Loss1: 5.837990 Loss2: 0.000030 
| Global Round : 39 | Client :9 | Local Epoch : 0 | [64/305 (25%)]	Loss1: 5.838082 Loss2: 0.000042 
| Global Round : 39 | Client :9 | Local Epoch : 1 | [64/305 (25%)]	Loss1: 5.838869 Loss2: 0.000042 
| Global Round : 39 | Client :9 | Local Epoch : 2 | [64/305 (25%)]	Loss1: 5.838985 Loss2: 0.000038 
| Global Round : 39 | Client :9 | Local Epoch : 3 | [64/305 (25%)]	Loss1: 5.838415 Loss2: 0.000041 
| Global Round : 39 | Client :9 | Local Epoch : 4 | [64/305 (25%)]	Loss1: 5.838456 Loss2: 0.000040 
average loss:   5.83766598934219
average local test accuracy: 0.9360677083333334
average global test accuracy:  0.31770833333333337

 | Global Training Round : 40 |

xi_k [0.46362724 0.46771829 0.49445487 0.515179   0.53042668 0.53164807
 0.52630757 0.51982026 0.50110386 0.4469533 ]
max_exp: -1.0
coe: 10
Regulation [0.8 0.8 0.8 0.8 0.8 0.8 0.8 0.8 0.8 0.8]
Solver status: optimal_inaccurate
b_new: [1. 1. 1. 1. 1. 1. 1. 1. 1. 1.]
Iter 0: obj=49.5724, best_obj=49.5724, ||b_new-b_prev||₂=2.846050
xi_k [0.46362724 0.46771829 0.49445487 0.515179   0.53042668 0.53164807
 0.52630757 0.51982026 0.50110386 0.4469533 ]
max_exp: -1.0
coe: 10
Regulation [-1. -1. -1. -1. -1. -1. -1. -1. -1. -1.]
Solver status: optimal_inaccurate
b_new: [1. 1. 1. 1. 1. 1. 1. 1. 1. 1.]
Iter 1: obj=50.4724, best_obj=50.4724, ||b_new-b_prev||₂=0.000000
Converged.
Final b: [1. 1. 1. 1. 1. 1. 1. 1. 1. 1.]
<class 'numpy.ndarray'>
b_float: [1. 1. 1. 1. 1. 1. 1. 1. 1. 1.]
b: [1 1 1 1 1 1 1 1 1 1]
active_clients:  [0, 1, 2, 3, 4, 5, 6, 7, 8, 9]
Client 0's s_k are:[0 0 0 0 1 0 0 0 0 0]
Client 1's s_k are:[0 0 0 0 0 0 0 1 0 0]
Client 2's s_k are:[0 0 0 0 0 0 1 0 0 0]
Client 3's s_k are:[0 0 0 0 0 1 0 0 0 0]
Client 4's s_k are:[0 0 0 0 0 0 0 0 1 0]
Client 5's s_k are:[0 0 0 1 0 0 0 0 0 0]
Client 6's s_k are:[0 0 1 0 0 0 0 0 0 0]
Client 7's s_k are:[0 1 0 0 0 0 0 0 0 0]
Client 8's s_k are:[0 0 0 0 1 0 0 0 0 0]
Client 9's s_k are:[0 0 0 0 1 0 0 0 0 0]
| Global Round : 40 | Client :0 | Local Epoch : 0 | [64/294 (25%)]	Loss1: 5.838075 Loss2: 0.000038 
| Global Round : 40 | Client :0 | Local Epoch : 1 | [64/294 (25%)]	Loss1: 5.838655 Loss2: 0.000039 
| Global Round : 40 | Client :0 | Local Epoch : 2 | [64/294 (25%)]	Loss1: 5.838001 Loss2: 0.000038 
| Global Round : 40 | Client :0 | Local Epoch : 3 | [64/294 (25%)]	Loss1: 5.838667 Loss2: 0.000037 
| Global Round : 40 | Client :0 | Local Epoch : 4 | [64/294 (25%)]	Loss1: 5.837964 Loss2: 0.000035 
| Global Round : 40 | Client :1 | Local Epoch : 0 | [64/510 (14%)]	Loss1: 5.838403 Loss2: 0.000057 
| Global Round : 40 | Client :1 | Local Epoch : 1 | [64/510 (14%)]	Loss1: 5.838605 Loss2: 0.000056 
| Global Round : 40 | Client :1 | Local Epoch : 2 | [64/510 (14%)]	Loss1: 5.839385 Loss2: 0.000062 
| Global Round : 40 | Client :1 | Local Epoch : 3 | [64/510 (14%)]	Loss1: 5.838867 Loss2: 0.000044 
| Global Round : 40 | Client :1 | Local Epoch : 4 | [64/510 (14%)]	Loss1: 5.838791 Loss2: 0.000047 
| Global Round : 40 | Client :2 | Local Epoch : 0 | [64/827 (8%)]	Loss1: 5.838103 Loss2: 0.000055 
| Global Round : 40 | Client :2 | Local Epoch : 0 | [704/827 (92%)]	Loss1: 5.838768 Loss2: 0.000052 
| Global Round : 40 | Client :2 | Local Epoch : 1 | [64/827 (8%)]	Loss1: 5.837882 Loss2: 0.000056 
| Global Round : 40 | Client :2 | Local Epoch : 1 | [704/827 (92%)]	Loss1: 5.838451 Loss2: 0.000050 
| Global Round : 40 | Client :2 | Local Epoch : 2 | [64/827 (8%)]	Loss1: 5.838492 Loss2: 0.000051 
| Global Round : 40 | Client :2 | Local Epoch : 2 | [704/827 (92%)]	Loss1: 5.838197 Loss2: 0.000052 
| Global Round : 40 | Client :2 | Local Epoch : 3 | [64/827 (8%)]	Loss1: 5.838244 Loss2: 0.000058 
| Global Round : 40 | Client :2 | Local Epoch : 3 | [704/827 (92%)]	Loss1: 5.837893 Loss2: 0.000051 
| Global Round : 40 | Client :2 | Local Epoch : 4 | [64/827 (8%)]	Loss1: 5.838203 Loss2: 0.000048 
| Global Round : 40 | Client :2 | Local Epoch : 4 | [704/827 (92%)]	Loss1: 5.838687 Loss2: 0.000052 
| Global Round : 40 | Client :3 | Local Epoch : 0 | [64/926 (7%)]	Loss1: 5.838485 Loss2: 0.000050 
| Global Round : 40 | Client :3 | Local Epoch : 0 | [704/926 (79%)]	Loss1: 5.837549 Loss2: 0.000056 
| Global Round : 40 | Client :3 | Local Epoch : 1 | [64/926 (7%)]	Loss1: 5.837739 Loss2: 0.000051 
| Global Round : 40 | Client :3 | Local Epoch : 1 | [704/926 (79%)]	Loss1: 5.837772 Loss2: 0.000055 
| Global Round : 40 | Client :3 | Local Epoch : 2 | [64/926 (7%)]	Loss1: 5.837938 Loss2: 0.000047 
| Global Round : 40 | Client :3 | Local Epoch : 2 | [704/926 (79%)]	Loss1: 5.837991 Loss2: 0.000052 
| Global Round : 40 | Client :3 | Local Epoch : 3 | [64/926 (7%)]	Loss1: 5.837527 Loss2: 0.000050 
| Global Round : 40 | Client :3 | Local Epoch : 3 | [704/926 (79%)]	Loss1: 5.837717 Loss2: 0.000057 
| Global Round : 40 | Client :3 | Local Epoch : 4 | [64/926 (7%)]	Loss1: 5.837965 Loss2: 0.000047 
| Global Round : 40 | Client :3 | Local Epoch : 4 | [704/926 (79%)]	Loss1: 5.838072 Loss2: 0.000054 
| Global Round : 40 | Client :4 | Local Epoch : 0 | [64/514 (12%)]	Loss1: 5.839263 Loss2: 0.000036 
| Global Round : 40 | Client :4 | Local Epoch : 1 | [64/514 (12%)]	Loss1: 5.838779 Loss2: 0.000042 
| Global Round : 40 | Client :4 | Local Epoch : 2 | [64/514 (12%)]	Loss1: 5.838710 Loss2: 0.000037 
| Global Round : 40 | Client :4 | Local Epoch : 3 | [64/514 (12%)]	Loss1: 5.838863 Loss2: 0.000041 
| Global Round : 40 | Client :4 | Local Epoch : 4 | [64/514 (12%)]	Loss1: 5.838962 Loss2: 0.000037 
| Global Round : 40 | Client :5 | Local Epoch : 0 | [64/641 (10%)]	Loss1: 5.838667 Loss2: 0.000057 
| Global Round : 40 | Client :5 | Local Epoch : 1 | [64/641 (10%)]	Loss1: 5.837688 Loss2: 0.000053 
| Global Round : 40 | Client :5 | Local Epoch : 2 | [64/641 (10%)]	Loss1: 5.838650 Loss2: 0.000055 
| Global Round : 40 | Client :5 | Local Epoch : 3 | [64/641 (10%)]	Loss1: 5.837883 Loss2: 0.000051 
| Global Round : 40 | Client :5 | Local Epoch : 4 | [64/641 (10%)]	Loss1: 5.837694 Loss2: 0.000055 
| Global Round : 40 | Client :6 | Local Epoch : 0 | [64/777 (8%)]	Loss1: 5.838508 Loss2: 0.000051 
| Global Round : 40 | Client :6 | Local Epoch : 0 | [704/777 (92%)]	Loss1: 5.838487 Loss2: 0.000049 
| Global Round : 40 | Client :6 | Local Epoch : 1 | [64/777 (8%)]	Loss1: 5.838810 Loss2: 0.000049 
| Global Round : 40 | Client :6 | Local Epoch : 1 | [704/777 (92%)]	Loss1: 5.838248 Loss2: 0.000051 
| Global Round : 40 | Client :6 | Local Epoch : 2 | [64/777 (8%)]	Loss1: 5.838283 Loss2: 0.000048 
| Global Round : 40 | Client :6 | Local Epoch : 2 | [704/777 (92%)]	Loss1: 5.838206 Loss2: 0.000049 
| Global Round : 40 | Client :6 | Local Epoch : 3 | [64/777 (8%)]	Loss1: 5.837970 Loss2: 0.000050 
| Global Round : 40 | Client :6 | Local Epoch : 3 | [704/777 (92%)]	Loss1: 5.838575 Loss2: 0.000051 
| Global Round : 40 | Client :6 | Local Epoch : 4 | [64/777 (8%)]	Loss1: 5.838617 Loss2: 0.000048 
| Global Round : 40 | Client :6 | Local Epoch : 4 | [704/777 (92%)]	Loss1: 5.838589 Loss2: 0.000049 
| Global Round : 40 | Client :7 | Local Epoch : 0 | [64/590 (11%)]	Loss1: 5.838023 Loss2: 0.000048 
| Global Round : 40 | Client :7 | Local Epoch : 1 | [64/590 (11%)]	Loss1: 5.838688 Loss2: 0.000045 
| Global Round : 40 | Client :7 | Local Epoch : 2 | [64/590 (11%)]	Loss1: 5.838200 Loss2: 0.000042 
| Global Round : 40 | Client :7 | Local Epoch : 3 | [64/590 (11%)]	Loss1: 5.837781 Loss2: 0.000050 
| Global Round : 40 | Client :7 | Local Epoch : 4 | [64/590 (11%)]	Loss1: 5.838472 Loss2: 0.000045 
| Global Round : 40 | Client :8 | Local Epoch : 0 | [64/612 (11%)]	Loss1: 5.837883 Loss2: 0.000035 
| Global Round : 40 | Client :8 | Local Epoch : 1 | [64/612 (11%)]	Loss1: 5.838081 Loss2: 0.000036 
| Global Round : 40 | Client :8 | Local Epoch : 2 | [64/612 (11%)]	Loss1: 5.838086 Loss2: 0.000035 
| Global Round : 40 | Client :8 | Local Epoch : 3 | [64/612 (11%)]	Loss1: 5.837972 Loss2: 0.000041 
| Global Round : 40 | Client :8 | Local Epoch : 4 | [64/612 (11%)]	Loss1: 5.837928 Loss2: 0.000034 
| Global Round : 40 | Client :9 | Local Epoch : 0 | [64/305 (25%)]	Loss1: 5.838789 Loss2: 0.000043 
| Global Round : 40 | Client :9 | Local Epoch : 1 | [64/305 (25%)]	Loss1: 5.838735 Loss2: 0.000046 
| Global Round : 40 | Client :9 | Local Epoch : 2 | [64/305 (25%)]	Loss1: 5.838960 Loss2: 0.000042 
| Global Round : 40 | Client :9 | Local Epoch : 3 | [64/305 (25%)]	Loss1: 5.838883 Loss2: 0.000044 
| Global Round : 40 | Client :9 | Local Epoch : 4 | [64/305 (25%)]	Loss1: 5.838658 Loss2: 0.000039 
average loss:   5.837667036207895
average local test accuracy: 0.94140625
average global test accuracy:  0.33476562499999996

 | Global Training Round : 41 |

xi_k [0.46363344 0.4677381  0.49444924 0.51518645 0.53041171 0.53163313
 0.52631896 0.51982176 0.50110031 0.44695383]
max_exp: -1.0
coe: 10
Regulation [0.8 0.8 0.8 0.8 0.8 0.8 0.8 0.8 0.8 0.8]
Solver status: optimal_inaccurate
b_new: [1. 1. 1. 1. 1. 1. 1. 1. 1. 1.]
Iter 0: obj=49.5725, best_obj=49.5725, ||b_new-b_prev||₂=2.846050
xi_k [0.46363344 0.4677381  0.49444924 0.51518645 0.53041171 0.53163313
 0.52631896 0.51982176 0.50110031 0.44695383]
max_exp: -1.0
coe: 10
Regulation [-1. -1. -1. -1. -1. -1. -1. -1. -1. -1.]
Solver status: optimal_inaccurate
b_new: [1. 1. 1. 1. 1. 1. 1. 1. 1. 1.]
Iter 1: obj=50.4725, best_obj=50.4725, ||b_new-b_prev||₂=0.000000
Converged.
Final b: [1. 1. 1. 1. 1. 1. 1. 1. 1. 1.]
<class 'numpy.ndarray'>
b_float: [1. 1. 1. 1. 1. 1. 1. 1. 1. 1.]
b: [1 1 1 1 1 1 1 1 1 1]
active_clients:  [0, 1, 2, 3, 4, 5, 6, 7, 8, 9]
Client 0's s_k are:[0 0 0 0 1 0 0 0 0 0]
Client 1's s_k are:[0 0 0 0 0 0 0 1 0 0]
Client 2's s_k are:[0 0 0 0 0 0 1 0 0 0]
Client 3's s_k are:[0 0 0 0 0 1 0 0 0 0]
Client 4's s_k are:[0 0 0 0 0 0 0 0 1 0]
Client 5's s_k are:[0 0 0 1 0 0 0 0 0 0]
Client 6's s_k are:[0 0 1 0 0 0 0 0 0 0]
Client 7's s_k are:[0 1 0 0 0 0 0 0 0 0]
Client 8's s_k are:[0 0 0 0 1 0 0 0 0 0]
Client 9's s_k are:[0 0 0 0 1 0 0 0 0 0]
| Global Round : 41 | Client :0 | Local Epoch : 0 | [64/294 (25%)]	Loss1: 5.838193 Loss2: 0.000039 
| Global Round : 41 | Client :0 | Local Epoch : 1 | [64/294 (25%)]	Loss1: 5.838500 Loss2: 0.000040 
| Global Round : 41 | Client :0 | Local Epoch : 2 | [64/294 (25%)]	Loss1: 5.839133 Loss2: 0.000042 
| Global Round : 41 | Client :0 | Local Epoch : 3 | [64/294 (25%)]	Loss1: 5.838187 Loss2: 0.000038 
| Global Round : 41 | Client :0 | Local Epoch : 4 | [64/294 (25%)]	Loss1: 5.838479 Loss2: 0.000039 
| Global Round : 41 | Client :1 | Local Epoch : 0 | [64/510 (14%)]	Loss1: 5.838003 Loss2: 0.000043 
| Global Round : 41 | Client :1 | Local Epoch : 1 | [64/510 (14%)]	Loss1: 5.838525 Loss2: 0.000051 
| Global Round : 41 | Client :1 | Local Epoch : 2 | [64/510 (14%)]	Loss1: 5.838754 Loss2: 0.000052 
| Global Round : 41 | Client :1 | Local Epoch : 3 | [64/510 (14%)]	Loss1: 5.837675 Loss2: 0.000043 
| Global Round : 41 | Client :1 | Local Epoch : 4 | [64/510 (14%)]	Loss1: 5.838269 Loss2: 0.000043 
| Global Round : 41 | Client :2 | Local Epoch : 0 | [64/827 (8%)]	Loss1: 5.838021 Loss2: 0.000051 
| Global Round : 41 | Client :2 | Local Epoch : 0 | [704/827 (92%)]	Loss1: 5.838573 Loss2: 0.000050 
| Global Round : 41 | Client :2 | Local Epoch : 1 | [64/827 (8%)]	Loss1: 5.838675 Loss2: 0.000053 
| Global Round : 41 | Client :2 | Local Epoch : 1 | [704/827 (92%)]	Loss1: 5.838045 Loss2: 0.000051 
| Global Round : 41 | Client :2 | Local Epoch : 2 | [64/827 (8%)]	Loss1: 5.838750 Loss2: 0.000050 
| Global Round : 41 | Client :2 | Local Epoch : 2 | [704/827 (92%)]	Loss1: 5.838318 Loss2: 0.000050 
| Global Round : 41 | Client :2 | Local Epoch : 3 | [64/827 (8%)]	Loss1: 5.838730 Loss2: 0.000053 
| Global Round : 41 | Client :2 | Local Epoch : 3 | [704/827 (92%)]	Loss1: 5.838821 Loss2: 0.000049 
| Global Round : 41 | Client :2 | Local Epoch : 4 | [64/827 (8%)]	Loss1: 5.838500 Loss2: 0.000051 
| Global Round : 41 | Client :2 | Local Epoch : 4 | [704/827 (92%)]	Loss1: 5.839017 Loss2: 0.000046 
| Global Round : 41 | Client :3 | Local Epoch : 0 | [64/926 (7%)]	Loss1: 5.837865 Loss2: 0.000049 
| Global Round : 41 | Client :3 | Local Epoch : 0 | [704/926 (79%)]	Loss1: 5.837873 Loss2: 0.000053 
| Global Round : 41 | Client :3 | Local Epoch : 1 | [64/926 (7%)]	Loss1: 5.838502 Loss2: 0.000049 
| Global Round : 41 | Client :3 | Local Epoch : 1 | [704/926 (79%)]	Loss1: 5.837991 Loss2: 0.000060 
| Global Round : 41 | Client :3 | Local Epoch : 2 | [64/926 (7%)]	Loss1: 5.838053 Loss2: 0.000048 
| Global Round : 41 | Client :3 | Local Epoch : 2 | [704/926 (79%)]	Loss1: 5.837888 Loss2: 0.000058 
| Global Round : 41 | Client :3 | Local Epoch : 3 | [64/926 (7%)]	Loss1: 5.837924 Loss2: 0.000051 
| Global Round : 41 | Client :3 | Local Epoch : 3 | [704/926 (79%)]	Loss1: 5.837980 Loss2: 0.000056 
| Global Round : 41 | Client :3 | Local Epoch : 4 | [64/926 (7%)]	Loss1: 5.837892 Loss2: 0.000051 
| Global Round : 41 | Client :3 | Local Epoch : 4 | [704/926 (79%)]	Loss1: 5.838428 Loss2: 0.000058 
| Global Round : 41 | Client :4 | Local Epoch : 0 | [64/514 (12%)]	Loss1: 5.839493 Loss2: 0.000041 
| Global Round : 41 | Client :4 | Local Epoch : 1 | [64/514 (12%)]	Loss1: 5.839015 Loss2: 0.000039 
| Global Round : 41 | Client :4 | Local Epoch : 2 | [64/514 (12%)]	Loss1: 5.838443 Loss2: 0.000035 
| Global Round : 41 | Client :4 | Local Epoch : 3 | [64/514 (12%)]	Loss1: 5.838440 Loss2: 0.000036 
| Global Round : 41 | Client :4 | Local Epoch : 4 | [64/514 (12%)]	Loss1: 5.839670 Loss2: 0.000037 
| Global Round : 41 | Client :5 | Local Epoch : 0 | [64/641 (10%)]	Loss1: 5.837770 Loss2: 0.000048 
| Global Round : 41 | Client :5 | Local Epoch : 1 | [64/641 (10%)]	Loss1: 5.838211 Loss2: 0.000049 
| Global Round : 41 | Client :5 | Local Epoch : 2 | [64/641 (10%)]	Loss1: 5.838175 Loss2: 0.000048 
| Global Round : 41 | Client :5 | Local Epoch : 3 | [64/641 (10%)]	Loss1: 5.838768 Loss2: 0.000050 
| Global Round : 41 | Client :5 | Local Epoch : 4 | [64/641 (10%)]	Loss1: 5.838503 Loss2: 0.000047 
| Global Round : 41 | Client :6 | Local Epoch : 0 | [64/777 (8%)]	Loss1: 5.837931 Loss2: 0.000048 
| Global Round : 41 | Client :6 | Local Epoch : 0 | [704/777 (92%)]	Loss1: 5.838798 Loss2: 0.000050 
| Global Round : 41 | Client :6 | Local Epoch : 1 | [64/777 (8%)]	Loss1: 5.838686 Loss2: 0.000049 
| Global Round : 41 | Client :6 | Local Epoch : 1 | [704/777 (92%)]	Loss1: 5.838735 Loss2: 0.000051 
| Global Round : 41 | Client :6 | Local Epoch : 2 | [64/777 (8%)]	Loss1: 5.838370 Loss2: 0.000052 
| Global Round : 41 | Client :6 | Local Epoch : 2 | [704/777 (92%)]	Loss1: 5.838516 Loss2: 0.000053 
| Global Round : 41 | Client :6 | Local Epoch : 3 | [64/777 (8%)]	Loss1: 5.838696 Loss2: 0.000050 
| Global Round : 41 | Client :6 | Local Epoch : 3 | [704/777 (92%)]	Loss1: 5.839333 Loss2: 0.000047 
| Global Round : 41 | Client :6 | Local Epoch : 4 | [64/777 (8%)]	Loss1: 5.838155 Loss2: 0.000049 
| Global Round : 41 | Client :6 | Local Epoch : 4 | [704/777 (92%)]	Loss1: 5.838098 Loss2: 0.000047 
| Global Round : 41 | Client :7 | Local Epoch : 0 | [64/590 (11%)]	Loss1: 5.838651 Loss2: 0.000047 
| Global Round : 41 | Client :7 | Local Epoch : 1 | [64/590 (11%)]	Loss1: 5.838549 Loss2: 0.000047 
| Global Round : 41 | Client :7 | Local Epoch : 2 | [64/590 (11%)]	Loss1: 5.838251 Loss2: 0.000047 
| Global Round : 41 | Client :7 | Local Epoch : 3 | [64/590 (11%)]	Loss1: 5.838474 Loss2: 0.000046 
| Global Round : 41 | Client :7 | Local Epoch : 4 | [64/590 (11%)]	Loss1: 5.838460 Loss2: 0.000049 
| Global Round : 41 | Client :8 | Local Epoch : 0 | [64/612 (11%)]	Loss1: 5.837663 Loss2: 0.000031 
| Global Round : 41 | Client :8 | Local Epoch : 1 | [64/612 (11%)]	Loss1: 5.838033 Loss2: 0.000035 
| Global Round : 41 | Client :8 | Local Epoch : 2 | [64/612 (11%)]	Loss1: 5.838004 Loss2: 0.000035 
| Global Round : 41 | Client :8 | Local Epoch : 3 | [64/612 (11%)]	Loss1: 5.837965 Loss2: 0.000034 
| Global Round : 41 | Client :8 | Local Epoch : 4 | [64/612 (11%)]	Loss1: 5.837966 Loss2: 0.000034 
| Global Round : 41 | Client :9 | Local Epoch : 0 | [64/305 (25%)]	Loss1: 5.838405 Loss2: 0.000043 
| Global Round : 41 | Client :9 | Local Epoch : 1 | [64/305 (25%)]	Loss1: 5.838861 Loss2: 0.000045 
| Global Round : 41 | Client :9 | Local Epoch : 2 | [64/305 (25%)]	Loss1: 5.839523 Loss2: 0.000040 
| Global Round : 41 | Client :9 | Local Epoch : 3 | [64/305 (25%)]	Loss1: 5.838700 Loss2: 0.000046 
| Global Round : 41 | Client :9 | Local Epoch : 4 | [64/305 (25%)]	Loss1: 5.838669 Loss2: 0.000051 
average loss:   5.837660668274713
average local test accuracy: 0.9444010416666668
average global test accuracy:  0.2966145833333333

 | Global Training Round : 42 |

xi_k [0.46363179 0.46772937 0.49445701 0.51518589 0.53040685 0.53163668
 0.52631018 0.5198132  0.50110302 0.44693782]
max_exp: -1.0
coe: 10
Regulation [0.8 0.8 0.8 0.8 0.8 0.8 0.8 0.8 0.8 0.8]
Solver status: optimal_inaccurate
b_new: [1. 1. 1. 1. 1. 1. 1. 1. 1. 1.]
Iter 0: obj=49.5721, best_obj=49.5721, ||b_new-b_prev||₂=2.846050
xi_k [0.46363179 0.46772937 0.49445701 0.51518589 0.53040685 0.53163668
 0.52631018 0.5198132  0.50110302 0.44693782]
max_exp: -1.0
coe: 10
Regulation [-1. -1. -1. -1. -1. -1. -1. -1. -1. -1.]
Solver status: optimal_inaccurate
b_new: [1. 1. 1. 1. 1. 1. 1. 1. 1. 1.]
Iter 1: obj=50.4721, best_obj=50.4721, ||b_new-b_prev||₂=0.000000
Converged.
Final b: [1. 1. 1. 1. 1. 1. 1. 1. 1. 1.]
<class 'numpy.ndarray'>
b_float: [1. 1. 1. 1. 1. 1. 1. 1. 1. 1.]
b: [1 1 1 1 1 1 1 1 1 1]
active_clients:  [0, 1, 2, 3, 4, 5, 6, 7, 8, 9]
Client 0's s_k are:[0 0 0 0 1 0 0 0 0 0]
Client 1's s_k are:[0 0 0 0 0 0 0 1 0 0]
Client 2's s_k are:[0 0 0 0 0 0 1 0 0 0]
Client 3's s_k are:[0 0 0 0 0 1 0 0 0 0]
Client 4's s_k are:[0 0 0 0 0 0 0 0 1 0]
Client 5's s_k are:[0 0 0 1 0 0 0 0 0 0]
Client 6's s_k are:[0 0 1 0 0 0 0 0 0 0]
Client 7's s_k are:[0 1 0 0 0 0 0 0 0 0]
Client 8's s_k are:[0 0 0 0 1 0 0 0 0 0]
Client 9's s_k are:[0 0 0 0 1 0 0 0 0 0]
| Global Round : 42 | Client :0 | Local Epoch : 0 | [64/294 (25%)]	Loss1: 5.838170 Loss2: 0.000038 
| Global Round : 42 | Client :0 | Local Epoch : 1 | [64/294 (25%)]	Loss1: 5.838436 Loss2: 0.000039 
| Global Round : 42 | Client :0 | Local Epoch : 2 | [64/294 (25%)]	Loss1: 5.838429 Loss2: 0.000043 
| Global Round : 42 | Client :0 | Local Epoch : 3 | [64/294 (25%)]	Loss1: 5.838369 Loss2: 0.000040 
| Global Round : 42 | Client :0 | Local Epoch : 4 | [64/294 (25%)]	Loss1: 5.838796 Loss2: 0.000038 
| Global Round : 42 | Client :1 | Local Epoch : 0 | [64/510 (14%)]	Loss1: 5.838440 Loss2: 0.000051 
| Global Round : 42 | Client :1 | Local Epoch : 1 | [64/510 (14%)]	Loss1: 5.837743 Loss2: 0.000056 
| Global Round : 42 | Client :1 | Local Epoch : 2 | [64/510 (14%)]	Loss1: 5.838810 Loss2: 0.000047 
| Global Round : 42 | Client :1 | Local Epoch : 3 | [64/510 (14%)]	Loss1: 5.838774 Loss2: 0.000062 
| Global Round : 42 | Client :1 | Local Epoch : 4 | [64/510 (14%)]	Loss1: 5.838619 Loss2: 0.000049 
| Global Round : 42 | Client :2 | Local Epoch : 0 | [64/827 (8%)]	Loss1: 5.838090 Loss2: 0.000049 
| Global Round : 42 | Client :2 | Local Epoch : 0 | [704/827 (92%)]	Loss1: 5.838623 Loss2: 0.000050 
| Global Round : 42 | Client :2 | Local Epoch : 1 | [64/827 (8%)]	Loss1: 5.838225 Loss2: 0.000052 
| Global Round : 42 | Client :2 | Local Epoch : 1 | [704/827 (92%)]	Loss1: 5.838573 Loss2: 0.000048 
| Global Round : 42 | Client :2 | Local Epoch : 2 | [64/827 (8%)]	Loss1: 5.839241 Loss2: 0.000055 
| Global Round : 42 | Client :2 | Local Epoch : 2 | [704/827 (92%)]	Loss1: 5.839041 Loss2: 0.000052 
| Global Round : 42 | Client :2 | Local Epoch : 3 | [64/827 (8%)]	Loss1: 5.838602 Loss2: 0.000052 
| Global Round : 42 | Client :2 | Local Epoch : 3 | [704/827 (92%)]	Loss1: 5.838311 Loss2: 0.000052 
| Global Round : 42 | Client :2 | Local Epoch : 4 | [64/827 (8%)]	Loss1: 5.838114 Loss2: 0.000052 
| Global Round : 42 | Client :2 | Local Epoch : 4 | [704/827 (92%)]	Loss1: 5.838189 Loss2: 0.000053 
| Global Round : 42 | Client :3 | Local Epoch : 0 | [64/926 (7%)]	Loss1: 5.837972 Loss2: 0.000048 
| Global Round : 42 | Client :3 | Local Epoch : 0 | [704/926 (79%)]	Loss1: 5.837940 Loss2: 0.000053 
| Global Round : 42 | Client :3 | Local Epoch : 1 | [64/926 (7%)]	Loss1: 5.837954 Loss2: 0.000045 
| Global Round : 42 | Client :3 | Local Epoch : 1 | [704/926 (79%)]	Loss1: 5.837981 Loss2: 0.000056 
| Global Round : 42 | Client :3 | Local Epoch : 2 | [64/926 (7%)]	Loss1: 5.838089 Loss2: 0.000046 
| Global Round : 42 | Client :3 | Local Epoch : 2 | [704/926 (79%)]	Loss1: 5.837784 Loss2: 0.000052 
| Global Round : 42 | Client :3 | Local Epoch : 3 | [64/926 (7%)]	Loss1: 5.837809 Loss2: 0.000053 
| Global Round : 42 | Client :3 | Local Epoch : 3 | [704/926 (79%)]	Loss1: 5.837974 Loss2: 0.000052 
| Global Round : 42 | Client :3 | Local Epoch : 4 | [64/926 (7%)]	Loss1: 5.837859 Loss2: 0.000047 
| Global Round : 42 | Client :3 | Local Epoch : 4 | [704/926 (79%)]	Loss1: 5.838202 Loss2: 0.000059 
| Global Round : 42 | Client :4 | Local Epoch : 0 | [64/514 (12%)]	Loss1: 5.838945 Loss2: 0.000036 
| Global Round : 42 | Client :4 | Local Epoch : 1 | [64/514 (12%)]	Loss1: 5.839800 Loss2: 0.000035 
| Global Round : 42 | Client :4 | Local Epoch : 2 | [64/514 (12%)]	Loss1: 5.838962 Loss2: 0.000036 
| Global Round : 42 | Client :4 | Local Epoch : 3 | [64/514 (12%)]	Loss1: 5.839199 Loss2: 0.000035 
| Global Round : 42 | Client :4 | Local Epoch : 4 | [64/514 (12%)]	Loss1: 5.839069 Loss2: 0.000033 
| Global Round : 42 | Client :5 | Local Epoch : 0 | [64/641 (10%)]	Loss1: 5.837863 Loss2: 0.000052 
| Global Round : 42 | Client :5 | Local Epoch : 1 | [64/641 (10%)]	Loss1: 5.837751 Loss2: 0.000049 
| Global Round : 42 | Client :5 | Local Epoch : 2 | [64/641 (10%)]	Loss1: 5.838916 Loss2: 0.000052 
| Global Round : 42 | Client :5 | Local Epoch : 3 | [64/641 (10%)]	Loss1: 5.838289 Loss2: 0.000052 
| Global Round : 42 | Client :5 | Local Epoch : 4 | [64/641 (10%)]	Loss1: 5.837909 Loss2: 0.000048 
| Global Round : 42 | Client :6 | Local Epoch : 0 | [64/777 (8%)]	Loss1: 5.838355 Loss2: 0.000049 
| Global Round : 42 | Client :6 | Local Epoch : 0 | [704/777 (92%)]	Loss1: 5.838660 Loss2: 0.000054 
| Global Round : 42 | Client :6 | Local Epoch : 1 | [64/777 (8%)]	Loss1: 5.838273 Loss2: 0.000054 
| Global Round : 42 | Client :6 | Local Epoch : 1 | [704/777 (92%)]	Loss1: 5.838290 Loss2: 0.000055 
| Global Round : 42 | Client :6 | Local Epoch : 2 | [64/777 (8%)]	Loss1: 5.839026 Loss2: 0.000056 
| Global Round : 42 | Client :6 | Local Epoch : 2 | [704/777 (92%)]	Loss1: 5.838083 Loss2: 0.000052 
| Global Round : 42 | Client :6 | Local Epoch : 3 | [64/777 (8%)]	Loss1: 5.838155 Loss2: 0.000049 
| Global Round : 42 | Client :6 | Local Epoch : 3 | [704/777 (92%)]	Loss1: 5.838983 Loss2: 0.000052 
| Global Round : 42 | Client :6 | Local Epoch : 4 | [64/777 (8%)]	Loss1: 5.838326 Loss2: 0.000052 
| Global Round : 42 | Client :6 | Local Epoch : 4 | [704/777 (92%)]	Loss1: 5.838851 Loss2: 0.000050 
| Global Round : 42 | Client :7 | Local Epoch : 0 | [64/590 (11%)]	Loss1: 5.838368 Loss2: 0.000044 
| Global Round : 42 | Client :7 | Local Epoch : 1 | [64/590 (11%)]	Loss1: 5.838265 Loss2: 0.000046 
| Global Round : 42 | Client :7 | Local Epoch : 2 | [64/590 (11%)]	Loss1: 5.838462 Loss2: 0.000051 
| Global Round : 42 | Client :7 | Local Epoch : 3 | [64/590 (11%)]	Loss1: 5.838260 Loss2: 0.000054 
| Global Round : 42 | Client :7 | Local Epoch : 4 | [64/590 (11%)]	Loss1: 5.837965 Loss2: 0.000051 
| Global Round : 42 | Client :8 | Local Epoch : 0 | [64/612 (11%)]	Loss1: 5.838214 Loss2: 0.000033 
| Global Round : 42 | Client :8 | Local Epoch : 1 | [64/612 (11%)]	Loss1: 5.838060 Loss2: 0.000031 
| Global Round : 42 | Client :8 | Local Epoch : 2 | [64/612 (11%)]	Loss1: 5.837661 Loss2: 0.000033 
| Global Round : 42 | Client :8 | Local Epoch : 3 | [64/612 (11%)]	Loss1: 5.837775 Loss2: 0.000031 
| Global Round : 42 | Client :8 | Local Epoch : 4 | [64/612 (11%)]	Loss1: 5.838001 Loss2: 0.000031 
| Global Round : 42 | Client :9 | Local Epoch : 0 | [64/305 (25%)]	Loss1: 5.838289 Loss2: 0.000053 
| Global Round : 42 | Client :9 | Local Epoch : 1 | [64/305 (25%)]	Loss1: 5.839029 Loss2: 0.000043 
| Global Round : 42 | Client :9 | Local Epoch : 2 | [64/305 (25%)]	Loss1: 5.838809 Loss2: 0.000045 
| Global Round : 42 | Client :9 | Local Epoch : 3 | [64/305 (25%)]	Loss1: 5.838671 Loss2: 0.000046 
| Global Round : 42 | Client :9 | Local Epoch : 4 | [64/305 (25%)]	Loss1: 5.838911 Loss2: 0.000042 
average loss:   5.837648753268377
average local test accuracy: 0.9365885416666668
average global test accuracy:  0.3165364583333333

 | Global Training Round : 43 |

xi_k [0.46362684 0.46773685 0.4944532  0.51518444 0.53040242 0.53163089
 0.52630886 0.51982301 0.50110182 0.44694215]
max_exp: -1.0
coe: 10
Regulation [0.8 0.8 0.8 0.8 0.8 0.8 0.8 0.8 0.8 0.8]
Solver status: optimal_inaccurate
b_new: [1. 1. 1. 1. 1. 1. 1. 1. 1. 1.]
Iter 0: obj=49.5721, best_obj=49.5721, ||b_new-b_prev||₂=2.846050
xi_k [0.46362684 0.46773685 0.4944532  0.51518444 0.53040242 0.53163089
 0.52630886 0.51982301 0.50110182 0.44694215]
max_exp: -1.0
coe: 10
Regulation [-1. -1. -1. -1. -1. -1. -1. -1. -1. -1.]
Solver status: optimal_inaccurate
b_new: [1. 1. 1. 1. 1. 1. 1. 1. 1. 1.]
Iter 1: obj=50.4721, best_obj=50.4721, ||b_new-b_prev||₂=0.000000
Converged.
Final b: [1. 1. 1. 1. 1. 1. 1. 1. 1. 1.]
<class 'numpy.ndarray'>
b_float: [1. 1. 1. 1. 1. 1. 1. 1. 1. 1.]
b: [1 1 1 1 1 1 1 1 1 1]
active_clients:  [0, 1, 2, 3, 4, 5, 6, 7, 8, 9]
Client 0's s_k are:[0 0 0 0 1 0 0 0 0 0]
Client 1's s_k are:[0 0 0 0 0 0 0 1 0 0]
Client 2's s_k are:[0 0 0 0 0 0 1 0 0 0]
Client 3's s_k are:[0 0 0 0 0 1 0 0 0 0]
Client 4's s_k are:[0 0 0 0 0 0 0 0 1 0]
Client 5's s_k are:[0 0 0 1 0 0 0 0 0 0]
Client 6's s_k are:[0 0 1 0 0 0 0 0 0 0]
Client 7's s_k are:[0 1 0 0 0 0 0 0 0 0]
Client 8's s_k are:[0 0 0 0 1 0 0 0 0 0]
Client 9's s_k are:[0 0 0 0 1 0 0 0 0 0]
| Global Round : 43 | Client :0 | Local Epoch : 0 | [64/294 (25%)]	Loss1: 5.838394 Loss2: 0.000039 
| Global Round : 43 | Client :0 | Local Epoch : 1 | [64/294 (25%)]	Loss1: 5.838244 Loss2: 0.000039 
| Global Round : 43 | Client :0 | Local Epoch : 2 | [64/294 (25%)]	Loss1: 5.838832 Loss2: 0.000037 
| Global Round : 43 | Client :0 | Local Epoch : 3 | [64/294 (25%)]	Loss1: 5.838382 Loss2: 0.000041 
| Global Round : 43 | Client :0 | Local Epoch : 4 | [64/294 (25%)]	Loss1: 5.838656 Loss2: 0.000039 
| Global Round : 43 | Client :1 | Local Epoch : 0 | [64/510 (14%)]	Loss1: 5.838024 Loss2: 0.000068 
| Global Round : 43 | Client :1 | Local Epoch : 1 | [64/510 (14%)]	Loss1: 5.838745 Loss2: 0.000048 
| Global Round : 43 | Client :1 | Local Epoch : 2 | [64/510 (14%)]	Loss1: 5.838205 Loss2: 0.000050 
| Global Round : 43 | Client :1 | Local Epoch : 3 | [64/510 (14%)]	Loss1: 5.838815 Loss2: 0.000045 
| Global Round : 43 | Client :1 | Local Epoch : 4 | [64/510 (14%)]	Loss1: 5.838483 Loss2: 0.000054 
| Global Round : 43 | Client :2 | Local Epoch : 0 | [64/827 (8%)]	Loss1: 5.838408 Loss2: 0.000053 
| Global Round : 43 | Client :2 | Local Epoch : 0 | [704/827 (92%)]	Loss1: 5.837787 Loss2: 0.000057 
| Global Round : 43 | Client :2 | Local Epoch : 1 | [64/827 (8%)]	Loss1: 5.838050 Loss2: 0.000053 
| Global Round : 43 | Client :2 | Local Epoch : 1 | [704/827 (92%)]	Loss1: 5.838455 Loss2: 0.000052 
| Global Round : 43 | Client :2 | Local Epoch : 2 | [64/827 (8%)]	Loss1: 5.838335 Loss2: 0.000055 
| Global Round : 43 | Client :2 | Local Epoch : 2 | [704/827 (92%)]	Loss1: 5.838403 Loss2: 0.000050 
| Global Round : 43 | Client :2 | Local Epoch : 3 | [64/827 (8%)]	Loss1: 5.838155 Loss2: 0.000054 
| Global Round : 43 | Client :2 | Local Epoch : 3 | [704/827 (92%)]	Loss1: 5.838169 Loss2: 0.000053 
| Global Round : 43 | Client :2 | Local Epoch : 4 | [64/827 (8%)]	Loss1: 5.838360 Loss2: 0.000047 
| Global Round : 43 | Client :2 | Local Epoch : 4 | [704/827 (92%)]	Loss1: 5.837995 Loss2: 0.000052 
| Global Round : 43 | Client :3 | Local Epoch : 0 | [64/926 (7%)]	Loss1: 5.837757 Loss2: 0.000046 
| Global Round : 43 | Client :3 | Local Epoch : 0 | [704/926 (79%)]	Loss1: 5.837830 Loss2: 0.000055 
| Global Round : 43 | Client :3 | Local Epoch : 1 | [64/926 (7%)]	Loss1: 5.837822 Loss2: 0.000046 
| Global Round : 43 | Client :3 | Local Epoch : 1 | [704/926 (79%)]	Loss1: 5.838412 Loss2: 0.000057 
| Global Round : 43 | Client :3 | Local Epoch : 2 | [64/926 (7%)]	Loss1: 5.837944 Loss2: 0.000048 
| Global Round : 43 | Client :3 | Local Epoch : 2 | [704/926 (79%)]	Loss1: 5.837866 Loss2: 0.000055 
| Global Round : 43 | Client :3 | Local Epoch : 3 | [64/926 (7%)]	Loss1: 5.838058 Loss2: 0.000050 
| Global Round : 43 | Client :3 | Local Epoch : 3 | [704/926 (79%)]	Loss1: 5.837790 Loss2: 0.000055 
| Global Round : 43 | Client :3 | Local Epoch : 4 | [64/926 (7%)]	Loss1: 5.837621 Loss2: 0.000049 
| Global Round : 43 | Client :3 | Local Epoch : 4 | [704/926 (79%)]	Loss1: 5.838069 Loss2: 0.000052 
| Global Round : 43 | Client :4 | Local Epoch : 0 | [64/514 (12%)]	Loss1: 5.838961 Loss2: 0.000040 
| Global Round : 43 | Client :4 | Local Epoch : 1 | [64/514 (12%)]	Loss1: 5.839851 Loss2: 0.000043 
| Global Round : 43 | Client :4 | Local Epoch : 2 | [64/514 (12%)]	Loss1: 5.838959 Loss2: 0.000039 
| Global Round : 43 | Client :4 | Local Epoch : 3 | [64/514 (12%)]	Loss1: 5.839739 Loss2: 0.000036 
| Global Round : 43 | Client :4 | Local Epoch : 4 | [64/514 (12%)]	Loss1: 5.838655 Loss2: 0.000035 
| Global Round : 43 | Client :5 | Local Epoch : 0 | [64/641 (10%)]	Loss1: 5.837876 Loss2: 0.000047 
| Global Round : 43 | Client :5 | Local Epoch : 1 | [64/641 (10%)]	Loss1: 5.838390 Loss2: 0.000047 
| Global Round : 43 | Client :5 | Local Epoch : 2 | [64/641 (10%)]	Loss1: 5.837819 Loss2: 0.000050 
| Global Round : 43 | Client :5 | Local Epoch : 3 | [64/641 (10%)]	Loss1: 5.838306 Loss2: 0.000051 
| Global Round : 43 | Client :5 | Local Epoch : 4 | [64/641 (10%)]	Loss1: 5.838474 Loss2: 0.000049 
| Global Round : 43 | Client :6 | Local Epoch : 0 | [64/777 (8%)]	Loss1: 5.838620 Loss2: 0.000053 
| Global Round : 43 | Client :6 | Local Epoch : 0 | [704/777 (92%)]	Loss1: 5.838048 Loss2: 0.000051 
| Global Round : 43 | Client :6 | Local Epoch : 1 | [64/777 (8%)]	Loss1: 5.838313 Loss2: 0.000056 
| Global Round : 43 | Client :6 | Local Epoch : 1 | [704/777 (92%)]	Loss1: 5.837951 Loss2: 0.000052 
| Global Round : 43 | Client :6 | Local Epoch : 2 | [64/777 (8%)]	Loss1: 5.838165 Loss2: 0.000055 
| Global Round : 43 | Client :6 | Local Epoch : 2 | [704/777 (92%)]	Loss1: 5.837937 Loss2: 0.000053 
| Global Round : 43 | Client :6 | Local Epoch : 3 | [64/777 (8%)]	Loss1: 5.838199 Loss2: 0.000051 
| Global Round : 43 | Client :6 | Local Epoch : 3 | [704/777 (92%)]	Loss1: 5.839020 Loss2: 0.000052 
| Global Round : 43 | Client :6 | Local Epoch : 4 | [64/777 (8%)]	Loss1: 5.838691 Loss2: 0.000054 
| Global Round : 43 | Client :6 | Local Epoch : 4 | [704/777 (92%)]	Loss1: 5.837869 Loss2: 0.000049 
| Global Round : 43 | Client :7 | Local Epoch : 0 | [64/590 (11%)]	Loss1: 5.837907 Loss2: 0.000044 
| Global Round : 43 | Client :7 | Local Epoch : 1 | [64/590 (11%)]	Loss1: 5.837766 Loss2: 0.000048 
| Global Round : 43 | Client :7 | Local Epoch : 2 | [64/590 (11%)]	Loss1: 5.837817 Loss2: 0.000048 
| Global Round : 43 | Client :7 | Local Epoch : 3 | [64/590 (11%)]	Loss1: 5.838575 Loss2: 0.000047 
| Global Round : 43 | Client :7 | Local Epoch : 4 | [64/590 (11%)]	Loss1: 5.838499 Loss2: 0.000046 
| Global Round : 43 | Client :8 | Local Epoch : 0 | [64/612 (11%)]	Loss1: 5.837821 Loss2: 0.000030 
| Global Round : 43 | Client :8 | Local Epoch : 1 | [64/612 (11%)]	Loss1: 5.837916 Loss2: 0.000028 
| Global Round : 43 | Client :8 | Local Epoch : 2 | [64/612 (11%)]	Loss1: 5.838036 Loss2: 0.000030 
| Global Round : 43 | Client :8 | Local Epoch : 3 | [64/612 (11%)]	Loss1: 5.837654 Loss2: 0.000029 
| Global Round : 43 | Client :8 | Local Epoch : 4 | [64/612 (11%)]	Loss1: 5.837857 Loss2: 0.000028 
| Global Round : 43 | Client :9 | Local Epoch : 0 | [64/305 (25%)]	Loss1: 5.838413 Loss2: 0.000041 
| Global Round : 43 | Client :9 | Local Epoch : 1 | [64/305 (25%)]	Loss1: 5.838295 Loss2: 0.000039 
| Global Round : 43 | Client :9 | Local Epoch : 2 | [64/305 (25%)]	Loss1: 5.838447 Loss2: 0.000046 
| Global Round : 43 | Client :9 | Local Epoch : 3 | [64/305 (25%)]	Loss1: 5.839299 Loss2: 0.000046 
| Global Round : 43 | Client :9 | Local Epoch : 4 | [64/305 (25%)]	Loss1: 5.838089 Loss2: 0.000042 
average loss:   5.837652754897164
average local test accuracy: 0.935546875
average global test accuracy:  0.29153645833333336

 | Global Training Round : 44 |

xi_k [0.46363321 0.46773086 0.4944565  0.51518949 0.53040382 0.53163342
 0.52630473 0.51981458 0.50110622 0.44691961]
max_exp: -1.0
coe: 10
Regulation [0.8 0.8 0.8 0.8 0.8 0.8 0.8 0.8 0.8 0.8]
Solver status: optimal_inaccurate
b_new: [1. 1. 1. 1. 1. 1. 1. 1. 1. 1.]
Iter 0: obj=49.5719, best_obj=49.5719, ||b_new-b_prev||₂=2.846050
xi_k [0.46363321 0.46773086 0.4944565  0.51518949 0.53040382 0.53163342
 0.52630473 0.51981458 0.50110622 0.44691961]
max_exp: -1.0
coe: 10
Regulation [-1. -1. -1. -1. -1. -1. -1. -1. -1. -1.]
Solver status: optimal_inaccurate
b_new: [1. 1. 1. 1. 1. 1. 1. 1. 1. 1.]
Iter 1: obj=50.4719, best_obj=50.4719, ||b_new-b_prev||₂=0.000000
Converged.
Final b: [1. 1. 1. 1. 1. 1. 1. 1. 1. 1.]
<class 'numpy.ndarray'>
b_float: [1. 1. 1. 1. 1. 1. 1. 1. 1. 1.]
b: [1 1 1 1 1 1 1 1 1 1]
active_clients:  [0, 1, 2, 3, 4, 5, 6, 7, 8, 9]
Client 0's s_k are:[0 0 0 0 1 0 0 0 0 0]
Client 1's s_k are:[0 0 0 0 0 0 0 1 0 0]
Client 2's s_k are:[0 0 0 0 0 0 1 0 0 0]
Client 3's s_k are:[0 0 0 0 0 1 0 0 0 0]
Client 4's s_k are:[0 0 0 0 0 0 0 0 1 0]
Client 5's s_k are:[0 0 0 1 0 0 0 0 0 0]
Client 6's s_k are:[0 0 1 0 0 0 0 0 0 0]
Client 7's s_k are:[0 1 0 0 0 0 0 0 0 0]
Client 8's s_k are:[0 0 0 0 1 0 0 0 0 0]
Client 9's s_k are:[0 0 0 0 1 0 0 0 0 0]
| Global Round : 44 | Client :0 | Local Epoch : 0 | [64/294 (25%)]	Loss1: 5.838336 Loss2: 0.000037 
| Global Round : 44 | Client :0 | Local Epoch : 1 | [64/294 (25%)]	Loss1: 5.839224 Loss2: 0.000035 
| Global Round : 44 | Client :0 | Local Epoch : 2 | [64/294 (25%)]	Loss1: 5.837862 Loss2: 0.000039 
| Global Round : 44 | Client :0 | Local Epoch : 3 | [64/294 (25%)]	Loss1: 5.838452 Loss2: 0.000036 
| Global Round : 44 | Client :0 | Local Epoch : 4 | [64/294 (25%)]	Loss1: 5.838269 Loss2: 0.000040 
| Global Round : 44 | Client :1 | Local Epoch : 0 | [64/510 (14%)]	Loss1: 5.838230 Loss2: 0.000054 
| Global Round : 44 | Client :1 | Local Epoch : 1 | [64/510 (14%)]	Loss1: 5.838043 Loss2: 0.000054 
| Global Round : 44 | Client :1 | Local Epoch : 2 | [64/510 (14%)]	Loss1: 5.838800 Loss2: 0.000042 
| Global Round : 44 | Client :1 | Local Epoch : 3 | [64/510 (14%)]	Loss1: 5.837724 Loss2: 0.000050 
| Global Round : 44 | Client :1 | Local Epoch : 4 | [64/510 (14%)]	Loss1: 5.839205 Loss2: 0.000058 
| Global Round : 44 | Client :2 | Local Epoch : 0 | [64/827 (8%)]	Loss1: 5.838129 Loss2: 0.000056 
| Global Round : 44 | Client :2 | Local Epoch : 0 | [704/827 (92%)]	Loss1: 5.838440 Loss2: 0.000052 
| Global Round : 44 | Client :2 | Local Epoch : 1 | [64/827 (8%)]	Loss1: 5.838723 Loss2: 0.000056 
| Global Round : 44 | Client :2 | Local Epoch : 1 | [704/827 (92%)]	Loss1: 5.838311 Loss2: 0.000052 
| Global Round : 44 | Client :2 | Local Epoch : 2 | [64/827 (8%)]	Loss1: 5.838171 Loss2: 0.000055 
| Global Round : 44 | Client :2 | Local Epoch : 2 | [704/827 (92%)]	Loss1: 5.838068 Loss2: 0.000056 
| Global Round : 44 | Client :2 | Local Epoch : 3 | [64/827 (8%)]	Loss1: 5.837994 Loss2: 0.000054 
| Global Round : 44 | Client :2 | Local Epoch : 3 | [704/827 (92%)]	Loss1: 5.838076 Loss2: 0.000050 
| Global Round : 44 | Client :2 | Local Epoch : 4 | [64/827 (8%)]	Loss1: 5.837961 Loss2: 0.000050 
| Global Round : 44 | Client :2 | Local Epoch : 4 | [704/827 (92%)]	Loss1: 5.838421 Loss2: 0.000051 
| Global Round : 44 | Client :3 | Local Epoch : 0 | [64/926 (7%)]	Loss1: 5.837783 Loss2: 0.000048 
| Global Round : 44 | Client :3 | Local Epoch : 0 | [704/926 (79%)]	Loss1: 5.837879 Loss2: 0.000050 
| Global Round : 44 | Client :3 | Local Epoch : 1 | [64/926 (7%)]	Loss1: 5.838407 Loss2: 0.000048 
| Global Round : 44 | Client :3 | Local Epoch : 1 | [704/926 (79%)]	Loss1: 5.838077 Loss2: 0.000052 
| Global Round : 44 | Client :3 | Local Epoch : 2 | [64/926 (7%)]	Loss1: 5.838195 Loss2: 0.000050 
| Global Round : 44 | Client :3 | Local Epoch : 2 | [704/926 (79%)]	Loss1: 5.837961 Loss2: 0.000050 
| Global Round : 44 | Client :3 | Local Epoch : 3 | [64/926 (7%)]	Loss1: 5.837917 Loss2: 0.000049 
| Global Round : 44 | Client :3 | Local Epoch : 3 | [704/926 (79%)]	Loss1: 5.837864 Loss2: 0.000054 
| Global Round : 44 | Client :3 | Local Epoch : 4 | [64/926 (7%)]	Loss1: 5.837831 Loss2: 0.000047 
| Global Round : 44 | Client :3 | Local Epoch : 4 | [704/926 (79%)]	Loss1: 5.838052 Loss2: 0.000054 
| Global Round : 44 | Client :4 | Local Epoch : 0 | [64/514 (12%)]	Loss1: 5.838593 Loss2: 0.000026 
| Global Round : 44 | Client :4 | Local Epoch : 1 | [64/514 (12%)]	Loss1: 5.839814 Loss2: 0.000032 
| Global Round : 44 | Client :4 | Local Epoch : 2 | [64/514 (12%)]	Loss1: 5.839097 Loss2: 0.000038 
| Global Round : 44 | Client :4 | Local Epoch : 3 | [64/514 (12%)]	Loss1: 5.839355 Loss2: 0.000038 
| Global Round : 44 | Client :4 | Local Epoch : 4 | [64/514 (12%)]	Loss1: 5.838577 Loss2: 0.000039 
| Global Round : 44 | Client :5 | Local Epoch : 0 | [64/641 (10%)]	Loss1: 5.837669 Loss2: 0.000050 
| Global Round : 44 | Client :5 | Local Epoch : 1 | [64/641 (10%)]	Loss1: 5.838354 Loss2: 0.000048 
| Global Round : 44 | Client :5 | Local Epoch : 2 | [64/641 (10%)]	Loss1: 5.837947 Loss2: 0.000049 
| Global Round : 44 | Client :5 | Local Epoch : 3 | [64/641 (10%)]	Loss1: 5.837650 Loss2: 0.000050 
| Global Round : 44 | Client :5 | Local Epoch : 4 | [64/641 (10%)]	Loss1: 5.838002 Loss2: 0.000051 
| Global Round : 44 | Client :6 | Local Epoch : 0 | [64/777 (8%)]	Loss1: 5.838040 Loss2: 0.000052 
| Global Round : 44 | Client :6 | Local Epoch : 0 | [704/777 (92%)]	Loss1: 5.838314 Loss2: 0.000054 
| Global Round : 44 | Client :6 | Local Epoch : 1 | [64/777 (8%)]	Loss1: 5.838431 Loss2: 0.000050 
| Global Round : 44 | Client :6 | Local Epoch : 1 | [704/777 (92%)]	Loss1: 5.839440 Loss2: 0.000050 
| Global Round : 44 | Client :6 | Local Epoch : 2 | [64/777 (8%)]	Loss1: 5.838534 Loss2: 0.000056 
| Global Round : 44 | Client :6 | Local Epoch : 2 | [704/777 (92%)]	Loss1: 5.838640 Loss2: 0.000050 
| Global Round : 44 | Client :6 | Local Epoch : 3 | [64/777 (8%)]	Loss1: 5.838748 Loss2: 0.000052 
| Global Round : 44 | Client :6 | Local Epoch : 3 | [704/777 (92%)]	Loss1: 5.838322 Loss2: 0.000050 
| Global Round : 44 | Client :6 | Local Epoch : 4 | [64/777 (8%)]	Loss1: 5.838902 Loss2: 0.000051 
| Global Round : 44 | Client :6 | Local Epoch : 4 | [704/777 (92%)]	Loss1: 5.838179 Loss2: 0.000054 
| Global Round : 44 | Client :7 | Local Epoch : 0 | [64/590 (11%)]	Loss1: 5.838531 Loss2: 0.000049 
| Global Round : 44 | Client :7 | Local Epoch : 1 | [64/590 (11%)]	Loss1: 5.839185 Loss2: 0.000044 
| Global Round : 44 | Client :7 | Local Epoch : 2 | [64/590 (11%)]	Loss1: 5.838613 Loss2: 0.000050 
| Global Round : 44 | Client :7 | Local Epoch : 3 | [64/590 (11%)]	Loss1: 5.837905 Loss2: 0.000051 
| Global Round : 44 | Client :7 | Local Epoch : 4 | [64/590 (11%)]	Loss1: 5.838394 Loss2: 0.000044 
| Global Round : 44 | Client :8 | Local Epoch : 0 | [64/612 (11%)]	Loss1: 5.837918 Loss2: 0.000032 
| Global Round : 44 | Client :8 | Local Epoch : 1 | [64/612 (11%)]	Loss1: 5.838091 Loss2: 0.000030 
| Global Round : 44 | Client :8 | Local Epoch : 2 | [64/612 (11%)]	Loss1: 5.837880 Loss2: 0.000028 
| Global Round : 44 | Client :8 | Local Epoch : 3 | [64/612 (11%)]	Loss1: 5.838083 Loss2: 0.000028 
| Global Round : 44 | Client :8 | Local Epoch : 4 | [64/612 (11%)]	Loss1: 5.837852 Loss2: 0.000034 
| Global Round : 44 | Client :9 | Local Epoch : 0 | [64/305 (25%)]	Loss1: 5.838726 Loss2: 0.000041 
| Global Round : 44 | Client :9 | Local Epoch : 1 | [64/305 (25%)]	Loss1: 5.838972 Loss2: 0.000042 
| Global Round : 44 | Client :9 | Local Epoch : 2 | [64/305 (25%)]	Loss1: 5.838528 Loss2: 0.000038 
| Global Round : 44 | Client :9 | Local Epoch : 3 | [64/305 (25%)]	Loss1: 5.838497 Loss2: 0.000040 
| Global Round : 44 | Client :9 | Local Epoch : 4 | [64/305 (25%)]	Loss1: 5.838214 Loss2: 0.000042 
average loss:   5.837665959634478
average local test accuracy: 0.9391927083333332
average global test accuracy:  0.33359375

 | Global Training Round : 45 |

xi_k [0.46361838 0.46774812 0.49445395 0.51517814 0.53041608 0.53162153
 0.52630573 0.51981449 0.50110032 0.44693727]
max_exp: -1.0
coe: 10
Regulation [0.8 0.8 0.8 0.8 0.8 0.8 0.8 0.8 0.8 0.8]
Solver status: optimal_inaccurate
b_new: [1. 1. 1. 1. 1. 1. 1. 1. 1. 1.]
Iter 0: obj=49.5719, best_obj=49.5719, ||b_new-b_prev||₂=2.846050
xi_k [0.46361838 0.46774812 0.49445395 0.51517814 0.53041608 0.53162153
 0.52630573 0.51981449 0.50110032 0.44693727]
max_exp: -1.0
coe: 10
Regulation [-1. -1. -1. -1. -1. -1. -1. -1. -1. -1.]
Solver status: optimal_inaccurate
b_new: [1. 1. 1. 1. 1. 1. 1. 1. 1. 1.]
Iter 1: obj=50.4719, best_obj=50.4719, ||b_new-b_prev||₂=0.000000
Converged.
Final b: [1. 1. 1. 1. 1. 1. 1. 1. 1. 1.]
<class 'numpy.ndarray'>
b_float: [1. 1. 1. 1. 1. 1. 1. 1. 1. 1.]
b: [1 1 1 1 1 1 1 1 1 1]
active_clients:  [0, 1, 2, 3, 4, 5, 6, 7, 8, 9]
Client 0's s_k are:[0 0 0 0 1 0 0 0 0 0]
Client 1's s_k are:[0 0 0 0 0 0 0 1 0 0]
Client 2's s_k are:[0 0 0 0 0 0 1 0 0 0]
Client 3's s_k are:[0 0 0 0 0 1 0 0 0 0]
Client 4's s_k are:[0 0 0 0 0 0 0 0 1 0]
Client 5's s_k are:[0 0 0 1 0 0 0 0 0 0]
Client 6's s_k are:[0 0 1 0 0 0 0 0 0 0]
Client 7's s_k are:[0 1 0 0 0 0 0 0 0 0]
Client 8's s_k are:[0 0 0 0 1 0 0 0 0 0]
Client 9's s_k are:[0 0 0 0 1 0 0 0 0 0]
| Global Round : 45 | Client :0 | Local Epoch : 0 | [64/294 (25%)]	Loss1: 5.838516 Loss2: 0.000044 
| Global Round : 45 | Client :0 | Local Epoch : 1 | [64/294 (25%)]	Loss1: 5.838335 Loss2: 0.000038 
| Global Round : 45 | Client :0 | Local Epoch : 2 | [64/294 (25%)]	Loss1: 5.838103 Loss2: 0.000038 
| Global Round : 45 | Client :0 | Local Epoch : 3 | [64/294 (25%)]	Loss1: 5.838642 Loss2: 0.000039 
| Global Round : 45 | Client :0 | Local Epoch : 4 | [64/294 (25%)]	Loss1: 5.838319 Loss2: 0.000039 
| Global Round : 45 | Client :1 | Local Epoch : 0 | [64/510 (14%)]	Loss1: 5.839227 Loss2: 0.000054 
| Global Round : 45 | Client :1 | Local Epoch : 1 | [64/510 (14%)]	Loss1: 5.838665 Loss2: 0.000037 
| Global Round : 45 | Client :1 | Local Epoch : 2 | [64/510 (14%)]	Loss1: 5.838553 Loss2: 0.000041 
| Global Round : 45 | Client :1 | Local Epoch : 3 | [64/510 (14%)]	Loss1: 5.838189 Loss2: 0.000048 
| Global Round : 45 | Client :1 | Local Epoch : 4 | [64/510 (14%)]	Loss1: 5.838886 Loss2: 0.000048 
| Global Round : 45 | Client :2 | Local Epoch : 0 | [64/827 (8%)]	Loss1: 5.838271 Loss2: 0.000055 
| Global Round : 45 | Client :2 | Local Epoch : 0 | [704/827 (92%)]	Loss1: 5.838548 Loss2: 0.000054 
| Global Round : 45 | Client :2 | Local Epoch : 1 | [64/827 (8%)]	Loss1: 5.838493 Loss2: 0.000057 
| Global Round : 45 | Client :2 | Local Epoch : 1 | [704/827 (92%)]	Loss1: 5.838252 Loss2: 0.000055 
| Global Round : 45 | Client :2 | Local Epoch : 2 | [64/827 (8%)]	Loss1: 5.838100 Loss2: 0.000054 
| Global Round : 45 | Client :2 | Local Epoch : 2 | [704/827 (92%)]	Loss1: 5.837968 Loss2: 0.000053 
| Global Round : 45 | Client :2 | Local Epoch : 3 | [64/827 (8%)]	Loss1: 5.838442 Loss2: 0.000056 
| Global Round : 45 | Client :2 | Local Epoch : 3 | [704/827 (92%)]	Loss1: 5.838635 Loss2: 0.000056 
| Global Round : 45 | Client :2 | Local Epoch : 4 | [64/827 (8%)]	Loss1: 5.838371 Loss2: 0.000057 
| Global Round : 45 | Client :2 | Local Epoch : 4 | [704/827 (92%)]	Loss1: 5.838299 Loss2: 0.000060 
| Global Round : 45 | Client :3 | Local Epoch : 0 | [64/926 (7%)]	Loss1: 5.838371 Loss2: 0.000054 
| Global Round : 45 | Client :3 | Local Epoch : 0 | [704/926 (79%)]	Loss1: 5.838066 Loss2: 0.000053 
| Global Round : 45 | Client :3 | Local Epoch : 1 | [64/926 (7%)]	Loss1: 5.837866 Loss2: 0.000046 
| Global Round : 45 | Client :3 | Local Epoch : 1 | [704/926 (79%)]	Loss1: 5.837786 Loss2: 0.000054 
| Global Round : 45 | Client :3 | Local Epoch : 2 | [64/926 (7%)]	Loss1: 5.837819 Loss2: 0.000046 
| Global Round : 45 | Client :3 | Local Epoch : 2 | [704/926 (79%)]	Loss1: 5.838009 Loss2: 0.000058 
| Global Round : 45 | Client :3 | Local Epoch : 3 | [64/926 (7%)]	Loss1: 5.838317 Loss2: 0.000053 
| Global Round : 45 | Client :3 | Local Epoch : 3 | [704/926 (79%)]	Loss1: 5.837738 Loss2: 0.000055 
| Global Round : 45 | Client :3 | Local Epoch : 4 | [64/926 (7%)]	Loss1: 5.837734 Loss2: 0.000048 
| Global Round : 45 | Client :3 | Local Epoch : 4 | [704/926 (79%)]	Loss1: 5.838227 Loss2: 0.000056 
| Global Round : 45 | Client :4 | Local Epoch : 0 | [64/514 (12%)]	Loss1: 5.838933 Loss2: 0.000034 
| Global Round : 45 | Client :4 | Local Epoch : 1 | [64/514 (12%)]	Loss1: 5.839254 Loss2: 0.000035 
| Global Round : 45 | Client :4 | Local Epoch : 2 | [64/514 (12%)]	Loss1: 5.839166 Loss2: 0.000039 
| Global Round : 45 | Client :4 | Local Epoch : 3 | [64/514 (12%)]	Loss1: 5.838615 Loss2: 0.000037 
| Global Round : 45 | Client :4 | Local Epoch : 4 | [64/514 (12%)]	Loss1: 5.839285 Loss2: 0.000035 
| Global Round : 45 | Client :5 | Local Epoch : 0 | [64/641 (10%)]	Loss1: 5.837950 Loss2: 0.000055 
| Global Round : 45 | Client :5 | Local Epoch : 1 | [64/641 (10%)]	Loss1: 5.838007 Loss2: 0.000052 
| Global Round : 45 | Client :5 | Local Epoch : 2 | [64/641 (10%)]	Loss1: 5.837722 Loss2: 0.000054 
| Global Round : 45 | Client :5 | Local Epoch : 3 | [64/641 (10%)]	Loss1: 5.838060 Loss2: 0.000053 
| Global Round : 45 | Client :5 | Local Epoch : 4 | [64/641 (10%)]	Loss1: 5.837813 Loss2: 0.000050 
| Global Round : 45 | Client :6 | Local Epoch : 0 | [64/777 (8%)]	Loss1: 5.838684 Loss2: 0.000056 
| Global Round : 45 | Client :6 | Local Epoch : 0 | [704/777 (92%)]	Loss1: 5.838011 Loss2: 0.000053 
| Global Round : 45 | Client :6 | Local Epoch : 1 | [64/777 (8%)]	Loss1: 5.838117 Loss2: 0.000053 
| Global Round : 45 | Client :6 | Local Epoch : 1 | [704/777 (92%)]	Loss1: 5.837818 Loss2: 0.000053 
| Global Round : 45 | Client :6 | Local Epoch : 2 | [64/777 (8%)]	Loss1: 5.838667 Loss2: 0.000052 
| Global Round : 45 | Client :6 | Local Epoch : 2 | [704/777 (92%)]	Loss1: 5.838931 Loss2: 0.000050 
| Global Round : 45 | Client :6 | Local Epoch : 3 | [64/777 (8%)]	Loss1: 5.838902 Loss2: 0.000049 
| Global Round : 45 | Client :6 | Local Epoch : 3 | [704/777 (92%)]	Loss1: 5.838176 Loss2: 0.000051 
| Global Round : 45 | Client :6 | Local Epoch : 4 | [64/777 (8%)]	Loss1: 5.838234 Loss2: 0.000056 
| Global Round : 45 | Client :6 | Local Epoch : 4 | [704/777 (92%)]	Loss1: 5.838956 Loss2: 0.000051 
| Global Round : 45 | Client :7 | Local Epoch : 0 | [64/590 (11%)]	Loss1: 5.838052 Loss2: 0.000044 
| Global Round : 45 | Client :7 | Local Epoch : 1 | [64/590 (11%)]	Loss1: 5.838602 Loss2: 0.000054 
| Global Round : 45 | Client :7 | Local Epoch : 2 | [64/590 (11%)]	Loss1: 5.838641 Loss2: 0.000044 
| Global Round : 45 | Client :7 | Local Epoch : 3 | [64/590 (11%)]	Loss1: 5.838640 Loss2: 0.000046 
| Global Round : 45 | Client :7 | Local Epoch : 4 | [64/590 (11%)]	Loss1: 5.837894 Loss2: 0.000048 
| Global Round : 45 | Client :8 | Local Epoch : 0 | [64/612 (11%)]	Loss1: 5.837902 Loss2: 0.000030 
| Global Round : 45 | Client :8 | Local Epoch : 1 | [64/612 (11%)]	Loss1: 5.837976 Loss2: 0.000031 
| Global Round : 45 | Client :8 | Local Epoch : 2 | [64/612 (11%)]	Loss1: 5.837780 Loss2: 0.000030 
| Global Round : 45 | Client :8 | Local Epoch : 3 | [64/612 (11%)]	Loss1: 5.837947 Loss2: 0.000030 
| Global Round : 45 | Client :8 | Local Epoch : 4 | [64/612 (11%)]	Loss1: 5.837773 Loss2: 0.000030 
| Global Round : 45 | Client :9 | Local Epoch : 0 | [64/305 (25%)]	Loss1: 5.838113 Loss2: 0.000043 
| Global Round : 45 | Client :9 | Local Epoch : 1 | [64/305 (25%)]	Loss1: 5.837907 Loss2: 0.000042 
| Global Round : 45 | Client :9 | Local Epoch : 2 | [64/305 (25%)]	Loss1: 5.838624 Loss2: 0.000042 
| Global Round : 45 | Client :9 | Local Epoch : 3 | [64/305 (25%)]	Loss1: 5.838959 Loss2: 0.000036 
| Global Round : 45 | Client :9 | Local Epoch : 4 | [64/305 (25%)]	Loss1: 5.838234 Loss2: 0.000040 
average loss:   5.837660016143133
average local test accuracy: 0.9408854166666666
average global test accuracy:  0.3645833333333333

 | Global Training Round : 46 |

xi_k [0.46363212 0.4677488  0.49444523 0.5151808  0.53041704 0.53163183
 0.52629889 0.5198206  0.5011103  0.44694331]
max_exp: -1.0
coe: 10
Regulation [0.8 0.8 0.8 0.8 0.8 0.8 0.8 0.8 0.8 0.8]
Solver status: optimal_inaccurate
b_new: [1. 1. 1. 1. 1. 1. 1. 1. 1. 1.]
Iter 0: obj=49.5723, best_obj=49.5723, ||b_new-b_prev||₂=2.846050
xi_k [0.46363212 0.4677488  0.49444523 0.5151808  0.53041704 0.53163183
 0.52629889 0.5198206  0.5011103  0.44694331]
max_exp: -1.0
coe: 10
Regulation [-1. -1. -1. -1. -1. -1. -1. -1. -1. -1.]
Solver status: optimal_inaccurate
b_new: [1. 1. 1. 1. 1. 1. 1. 1. 1. 1.]
Iter 1: obj=50.4723, best_obj=50.4723, ||b_new-b_prev||₂=0.000000
Converged.
Final b: [1. 1. 1. 1. 1. 1. 1. 1. 1. 1.]
<class 'numpy.ndarray'>
b_float: [1. 1. 1. 1. 1. 1. 1. 1. 1. 1.]
b: [1 1 1 1 1 1 1 1 1 1]
active_clients:  [0, 1, 2, 3, 4, 5, 6, 7, 8, 9]
Client 0's s_k are:[0 0 0 0 1 0 0 0 0 0]
Client 1's s_k are:[0 0 0 0 0 0 0 1 0 0]
Client 2's s_k are:[0 0 0 0 0 0 1 0 0 0]
Client 3's s_k are:[0 0 0 0 0 1 0 0 0 0]
Client 4's s_k are:[0 0 0 0 0 0 0 0 1 0]
Client 5's s_k are:[0 0 0 1 0 0 0 0 0 0]
Client 6's s_k are:[0 0 1 0 0 0 0 0 0 0]
Client 7's s_k are:[0 1 0 0 0 0 0 0 0 0]
Client 8's s_k are:[0 0 0 0 1 0 0 0 0 0]
Client 9's s_k are:[0 0 0 0 1 0 0 0 0 0]
| Global Round : 46 | Client :0 | Local Epoch : 0 | [64/294 (25%)]	Loss1: 5.838635 Loss2: 0.000034 
| Global Round : 46 | Client :0 | Local Epoch : 1 | [64/294 (25%)]	Loss1: 5.838090 Loss2: 0.000033 
| Global Round : 46 | Client :0 | Local Epoch : 2 | [64/294 (25%)]	Loss1: 5.838356 Loss2: 0.000035 
| Global Round : 46 | Client :0 | Local Epoch : 3 | [64/294 (25%)]	Loss1: 5.837889 Loss2: 0.000037 
| Global Round : 46 | Client :0 | Local Epoch : 4 | [64/294 (25%)]	Loss1: 5.838176 Loss2: 0.000035 
| Global Round : 46 | Client :1 | Local Epoch : 0 | [64/510 (14%)]	Loss1: 5.838023 Loss2: 0.000051 
| Global Round : 46 | Client :1 | Local Epoch : 1 | [64/510 (14%)]	Loss1: 5.838711 Loss2: 0.000054 
| Global Round : 46 | Client :1 | Local Epoch : 2 | [64/510 (14%)]	Loss1: 5.838187 Loss2: 0.000042 
| Global Round : 46 | Client :1 | Local Epoch : 3 | [64/510 (14%)]	Loss1: 5.838768 Loss2: 0.000045 
| Global Round : 46 | Client :1 | Local Epoch : 4 | [64/510 (14%)]	Loss1: 5.838014 Loss2: 0.000049 
| Global Round : 46 | Client :2 | Local Epoch : 0 | [64/827 (8%)]	Loss1: 5.838398 Loss2: 0.000052 
| Global Round : 46 | Client :2 | Local Epoch : 0 | [704/827 (92%)]	Loss1: 5.838234 Loss2: 0.000052 
| Global Round : 46 | Client :2 | Local Epoch : 1 | [64/827 (8%)]	Loss1: 5.838107 Loss2: 0.000051 
| Global Round : 46 | Client :2 | Local Epoch : 1 | [704/827 (92%)]	Loss1: 5.838184 Loss2: 0.000053 
| Global Round : 46 | Client :2 | Local Epoch : 2 | [64/827 (8%)]	Loss1: 5.838397 Loss2: 0.000053 
| Global Round : 46 | Client :2 | Local Epoch : 2 | [704/827 (92%)]	Loss1: 5.838799 Loss2: 0.000059 
| Global Round : 46 | Client :2 | Local Epoch : 3 | [64/827 (8%)]	Loss1: 5.838185 Loss2: 0.000060 
| Global Round : 46 | Client :2 | Local Epoch : 3 | [704/827 (92%)]	Loss1: 5.837912 Loss2: 0.000053 
| Global Round : 46 | Client :2 | Local Epoch : 4 | [64/827 (8%)]	Loss1: 5.837995 Loss2: 0.000053 
| Global Round : 46 | Client :2 | Local Epoch : 4 | [704/827 (92%)]	Loss1: 5.838290 Loss2: 0.000051 
| Global Round : 46 | Client :3 | Local Epoch : 0 | [64/926 (7%)]	Loss1: 5.837744 Loss2: 0.000046 
| Global Round : 46 | Client :3 | Local Epoch : 0 | [704/926 (79%)]	Loss1: 5.838059 Loss2: 0.000054 
| Global Round : 46 | Client :3 | Local Epoch : 1 | [64/926 (7%)]	Loss1: 5.837870 Loss2: 0.000052 
| Global Round : 46 | Client :3 | Local Epoch : 1 | [704/926 (79%)]	Loss1: 5.838088 Loss2: 0.000053 
| Global Round : 46 | Client :3 | Local Epoch : 2 | [64/926 (7%)]	Loss1: 5.838231 Loss2: 0.000050 
| Global Round : 46 | Client :3 | Local Epoch : 2 | [704/926 (79%)]	Loss1: 5.838056 Loss2: 0.000052 
| Global Round : 46 | Client :3 | Local Epoch : 3 | [64/926 (7%)]	Loss1: 5.837639 Loss2: 0.000049 
| Global Round : 46 | Client :3 | Local Epoch : 3 | [704/926 (79%)]	Loss1: 5.837895 Loss2: 0.000051 
| Global Round : 46 | Client :3 | Local Epoch : 4 | [64/926 (7%)]	Loss1: 5.837816 Loss2: 0.000050 
| Global Round : 46 | Client :3 | Local Epoch : 4 | [704/926 (79%)]	Loss1: 5.837781 Loss2: 0.000052 
| Global Round : 46 | Client :4 | Local Epoch : 0 | [64/514 (12%)]	Loss1: 5.838910 Loss2: 0.000034 
| Global Round : 46 | Client :4 | Local Epoch : 1 | [64/514 (12%)]	Loss1: 5.839022 Loss2: 0.000034 
| Global Round : 46 | Client :4 | Local Epoch : 2 | [64/514 (12%)]	Loss1: 5.839059 Loss2: 0.000039 
| Global Round : 46 | Client :4 | Local Epoch : 3 | [64/514 (12%)]	Loss1: 5.838501 Loss2: 0.000032 
| Global Round : 46 | Client :4 | Local Epoch : 4 | [64/514 (12%)]	Loss1: 5.839120 Loss2: 0.000038 
| Global Round : 46 | Client :5 | Local Epoch : 0 | [64/641 (10%)]	Loss1: 5.837617 Loss2: 0.000049 
| Global Round : 46 | Client :5 | Local Epoch : 1 | [64/641 (10%)]	Loss1: 5.837830 Loss2: 0.000048 
| Global Round : 46 | Client :5 | Local Epoch : 2 | [64/641 (10%)]	Loss1: 5.838104 Loss2: 0.000055 
| Global Round : 46 | Client :5 | Local Epoch : 3 | [64/641 (10%)]	Loss1: 5.837947 Loss2: 0.000049 
| Global Round : 46 | Client :5 | Local Epoch : 4 | [64/641 (10%)]	Loss1: 5.838198 Loss2: 0.000049 
| Global Round : 46 | Client :6 | Local Epoch : 0 | [64/777 (8%)]	Loss1: 5.838674 Loss2: 0.000053 
| Global Round : 46 | Client :6 | Local Epoch : 0 | [704/777 (92%)]	Loss1: 5.838082 Loss2: 0.000051 
| Global Round : 46 | Client :6 | Local Epoch : 1 | [64/777 (8%)]	Loss1: 5.839073 Loss2: 0.000053 
| Global Round : 46 | Client :6 | Local Epoch : 1 | [704/777 (92%)]	Loss1: 5.837997 Loss2: 0.000051 
| Global Round : 46 | Client :6 | Local Epoch : 2 | [64/777 (8%)]	Loss1: 5.838748 Loss2: 0.000052 
| Global Round : 46 | Client :6 | Local Epoch : 2 | [704/777 (92%)]	Loss1: 5.838771 Loss2: 0.000051 
| Global Round : 46 | Client :6 | Local Epoch : 3 | [64/777 (8%)]	Loss1: 5.838065 Loss2: 0.000053 
| Global Round : 46 | Client :6 | Local Epoch : 3 | [704/777 (92%)]	Loss1: 5.838190 Loss2: 0.000050 
| Global Round : 46 | Client :6 | Local Epoch : 4 | [64/777 (8%)]	Loss1: 5.838412 Loss2: 0.000050 
| Global Round : 46 | Client :6 | Local Epoch : 4 | [704/777 (92%)]	Loss1: 5.838556 Loss2: 0.000050 
| Global Round : 46 | Client :7 | Local Epoch : 0 | [64/590 (11%)]	Loss1: 5.837890 Loss2: 0.000048 
| Global Round : 46 | Client :7 | Local Epoch : 1 | [64/590 (11%)]	Loss1: 5.838489 Loss2: 0.000052 
| Global Round : 46 | Client :7 | Local Epoch : 2 | [64/590 (11%)]	Loss1: 5.837825 Loss2: 0.000047 
| Global Round : 46 | Client :7 | Local Epoch : 3 | [64/590 (11%)]	Loss1: 5.838239 Loss2: 0.000048 
| Global Round : 46 | Client :7 | Local Epoch : 4 | [64/590 (11%)]	Loss1: 5.838220 Loss2: 0.000052 
| Global Round : 46 | Client :8 | Local Epoch : 0 | [64/612 (11%)]	Loss1: 5.837917 Loss2: 0.000030 
| Global Round : 46 | Client :8 | Local Epoch : 1 | [64/612 (11%)]	Loss1: 5.838163 Loss2: 0.000030 
| Global Round : 46 | Client :8 | Local Epoch : 2 | [64/612 (11%)]	Loss1: 5.838059 Loss2: 0.000032 
| Global Round : 46 | Client :8 | Local Epoch : 3 | [64/612 (11%)]	Loss1: 5.838008 Loss2: 0.000033 
| Global Round : 46 | Client :8 | Local Epoch : 4 | [64/612 (11%)]	Loss1: 5.838226 Loss2: 0.000032 
| Global Round : 46 | Client :9 | Local Epoch : 0 | [64/305 (25%)]	Loss1: 5.838067 Loss2: 0.000040 
| Global Round : 46 | Client :9 | Local Epoch : 1 | [64/305 (25%)]	Loss1: 5.838161 Loss2: 0.000043 
| Global Round : 46 | Client :9 | Local Epoch : 2 | [64/305 (25%)]	Loss1: 5.839085 Loss2: 0.000045 
| Global Round : 46 | Client :9 | Local Epoch : 3 | [64/305 (25%)]	Loss1: 5.838181 Loss2: 0.000050 
| Global Round : 46 | Client :9 | Local Epoch : 4 | [64/305 (25%)]	Loss1: 5.838123 Loss2: 0.000045 
average loss:   5.837622475037499
average local test accuracy: 0.93828125
average global test accuracy:  0.3296875

 | Global Training Round : 47 |

xi_k [0.46363322 0.46772257 0.49446175 0.5151807  0.53039502 0.5316188
 0.52629946 0.5198067  0.50110596 0.44693757]
max_exp: -1.0
coe: 10
Regulation [0.8 0.8 0.8 0.8 0.8 0.8 0.8 0.8 0.8 0.8]
Solver status: optimal_inaccurate
b_new: [1. 1. 1. 1. 1. 1. 1. 1. 1. 1.]
Iter 0: obj=49.5716, best_obj=49.5716, ||b_new-b_prev||₂=2.846050
xi_k [0.46363322 0.46772257 0.49446175 0.5151807  0.53039502 0.5316188
 0.52629946 0.5198067  0.50110596 0.44693757]
max_exp: -1.0
coe: 10
Regulation [-1. -1. -1. -1. -1. -1. -1. -1. -1. -1.]
Solver status: optimal_inaccurate
b_new: [1. 1. 1. 1. 1. 1. 1. 1. 1. 1.]
Iter 1: obj=50.4716, best_obj=50.4716, ||b_new-b_prev||₂=0.000000
Converged.
Final b: [1. 1. 1. 1. 1. 1. 1. 1. 1. 1.]
<class 'numpy.ndarray'>
b_float: [1. 1. 1. 1. 1. 1. 1. 1. 1. 1.]
b: [1 1 1 1 1 1 1 1 1 1]
active_clients:  [0, 1, 2, 3, 4, 5, 6, 7, 8, 9]
Client 0's s_k are:[0 0 0 0 1 0 0 0 0 0]
Client 1's s_k are:[0 0 0 0 0 0 0 1 0 0]
Client 2's s_k are:[0 0 0 0 0 0 1 0 0 0]
Client 3's s_k are:[0 0 0 0 0 1 0 0 0 0]
Client 4's s_k are:[0 0 0 0 0 0 0 0 1 0]
Client 5's s_k are:[0 0 0 1 0 0 0 0 0 0]
Client 6's s_k are:[0 0 1 0 0 0 0 0 0 0]
Client 7's s_k are:[0 1 0 0 0 0 0 0 0 0]
Client 8's s_k are:[0 0 0 0 1 0 0 0 0 0]
Client 9's s_k are:[0 0 0 0 1 0 0 0 0 0]
| Global Round : 47 | Client :0 | Local Epoch : 0 | [64/294 (25%)]	Loss1: 5.838522 Loss2: 0.000037 
| Global Round : 47 | Client :0 | Local Epoch : 1 | [64/294 (25%)]	Loss1: 5.838352 Loss2: 0.000037 
| Global Round : 47 | Client :0 | Local Epoch : 2 | [64/294 (25%)]	Loss1: 5.838205 Loss2: 0.000035 
| Global Round : 47 | Client :0 | Local Epoch : 3 | [64/294 (25%)]	Loss1: 5.838029 Loss2: 0.000034 
| Global Round : 47 | Client :0 | Local Epoch : 4 | [64/294 (25%)]	Loss1: 5.837918 Loss2: 0.000037 
| Global Round : 47 | Client :1 | Local Epoch : 0 | [64/510 (14%)]	Loss1: 5.838077 Loss2: 0.000054 
| Global Round : 47 | Client :1 | Local Epoch : 1 | [64/510 (14%)]	Loss1: 5.838149 Loss2: 0.000045 
| Global Round : 47 | Client :1 | Local Epoch : 2 | [64/510 (14%)]	Loss1: 5.838684 Loss2: 0.000052 
| Global Round : 47 | Client :1 | Local Epoch : 3 | [64/510 (14%)]	Loss1: 5.838523 Loss2: 0.000049 
| Global Round : 47 | Client :1 | Local Epoch : 4 | [64/510 (14%)]	Loss1: 5.838500 Loss2: 0.000045 
| Global Round : 47 | Client :2 | Local Epoch : 0 | [64/827 (8%)]	Loss1: 5.837871 Loss2: 0.000049 
| Global Round : 47 | Client :2 | Local Epoch : 0 | [704/827 (92%)]	Loss1: 5.838369 Loss2: 0.000055 
| Global Round : 47 | Client :2 | Local Epoch : 1 | [64/827 (8%)]	Loss1: 5.838696 Loss2: 0.000047 
| Global Round : 47 | Client :2 | Local Epoch : 1 | [704/827 (92%)]	Loss1: 5.838318 Loss2: 0.000053 
| Global Round : 47 | Client :2 | Local Epoch : 2 | [64/827 (8%)]	Loss1: 5.838094 Loss2: 0.000053 
| Global Round : 47 | Client :2 | Local Epoch : 2 | [704/827 (92%)]	Loss1: 5.838340 Loss2: 0.000052 
| Global Round : 47 | Client :2 | Local Epoch : 3 | [64/827 (8%)]	Loss1: 5.838517 Loss2: 0.000054 
| Global Round : 47 | Client :2 | Local Epoch : 3 | [704/827 (92%)]	Loss1: 5.838184 Loss2: 0.000054 
| Global Round : 47 | Client :2 | Local Epoch : 4 | [64/827 (8%)]	Loss1: 5.838326 Loss2: 0.000052 
| Global Round : 47 | Client :2 | Local Epoch : 4 | [704/827 (92%)]	Loss1: 5.838618 Loss2: 0.000054 
| Global Round : 47 | Client :3 | Local Epoch : 0 | [64/926 (7%)]	Loss1: 5.837688 Loss2: 0.000051 
| Global Round : 47 | Client :3 | Local Epoch : 0 | [704/926 (79%)]	Loss1: 5.838865 Loss2: 0.000053 
| Global Round : 47 | Client :3 | Local Epoch : 1 | [64/926 (7%)]	Loss1: 5.837833 Loss2: 0.000049 
| Global Round : 47 | Client :3 | Local Epoch : 1 | [704/926 (79%)]	Loss1: 5.837664 Loss2: 0.000052 
| Global Round : 47 | Client :3 | Local Epoch : 2 | [64/926 (7%)]	Loss1: 5.837888 Loss2: 0.000048 
| Global Round : 47 | Client :3 | Local Epoch : 2 | [704/926 (79%)]	Loss1: 5.838018 Loss2: 0.000055 
| Global Round : 47 | Client :3 | Local Epoch : 3 | [64/926 (7%)]	Loss1: 5.838242 Loss2: 0.000048 
| Global Round : 47 | Client :3 | Local Epoch : 3 | [704/926 (79%)]	Loss1: 5.837634 Loss2: 0.000053 
| Global Round : 47 | Client :3 | Local Epoch : 4 | [64/926 (7%)]	Loss1: 5.838225 Loss2: 0.000047 
| Global Round : 47 | Client :3 | Local Epoch : 4 | [704/926 (79%)]	Loss1: 5.837961 Loss2: 0.000053 
| Global Round : 47 | Client :4 | Local Epoch : 0 | [64/514 (12%)]	Loss1: 5.838519 Loss2: 0.000036 
| Global Round : 47 | Client :4 | Local Epoch : 1 | [64/514 (12%)]	Loss1: 5.839102 Loss2: 0.000033 
| Global Round : 47 | Client :4 | Local Epoch : 2 | [64/514 (12%)]	Loss1: 5.839233 Loss2: 0.000039 
| Global Round : 47 | Client :4 | Local Epoch : 3 | [64/514 (12%)]	Loss1: 5.838896 Loss2: 0.000039 
| Global Round : 47 | Client :4 | Local Epoch : 4 | [64/514 (12%)]	Loss1: 5.839208 Loss2: 0.000035 
| Global Round : 47 | Client :5 | Local Epoch : 0 | [64/641 (10%)]	Loss1: 5.837980 Loss2: 0.000052 
| Global Round : 47 | Client :5 | Local Epoch : 1 | [64/641 (10%)]	Loss1: 5.837712 Loss2: 0.000049 
| Global Round : 47 | Client :5 | Local Epoch : 2 | [64/641 (10%)]	Loss1: 5.837644 Loss2: 0.000048 
| Global Round : 47 | Client :5 | Local Epoch : 3 | [64/641 (10%)]	Loss1: 5.837642 Loss2: 0.000051 
| Global Round : 47 | Client :5 | Local Epoch : 4 | [64/641 (10%)]	Loss1: 5.839142 Loss2: 0.000048 
| Global Round : 47 | Client :6 | Local Epoch : 0 | [64/777 (8%)]	Loss1: 5.838131 Loss2: 0.000049 
| Global Round : 47 | Client :6 | Local Epoch : 0 | [704/777 (92%)]	Loss1: 5.838181 Loss2: 0.000046 
| Global Round : 47 | Client :6 | Local Epoch : 1 | [64/777 (8%)]	Loss1: 5.838409 Loss2: 0.000056 
| Global Round : 47 | Client :6 | Local Epoch : 1 | [704/777 (92%)]	Loss1: 5.837887 Loss2: 0.000051 
| Global Round : 47 | Client :6 | Local Epoch : 2 | [64/777 (8%)]	Loss1: 5.838292 Loss2: 0.000050 
| Global Round : 47 | Client :6 | Local Epoch : 2 | [704/777 (92%)]	Loss1: 5.838192 Loss2: 0.000049 
| Global Round : 47 | Client :6 | Local Epoch : 3 | [64/777 (8%)]	Loss1: 5.838831 Loss2: 0.000053 
| Global Round : 47 | Client :6 | Local Epoch : 3 | [704/777 (92%)]	Loss1: 5.838146 Loss2: 0.000052 
| Global Round : 47 | Client :6 | Local Epoch : 4 | [64/777 (8%)]	Loss1: 5.838688 Loss2: 0.000052 
| Global Round : 47 | Client :6 | Local Epoch : 4 | [704/777 (92%)]	Loss1: 5.838877 Loss2: 0.000050 
| Global Round : 47 | Client :7 | Local Epoch : 0 | [64/590 (11%)]	Loss1: 5.838384 Loss2: 0.000052 
| Global Round : 47 | Client :7 | Local Epoch : 1 | [64/590 (11%)]	Loss1: 5.838172 Loss2: 0.000048 
| Global Round : 47 | Client :7 | Local Epoch : 2 | [64/590 (11%)]	Loss1: 5.838069 Loss2: 0.000054 
| Global Round : 47 | Client :7 | Local Epoch : 3 | [64/590 (11%)]	Loss1: 5.838126 Loss2: 0.000049 
| Global Round : 47 | Client :7 | Local Epoch : 4 | [64/590 (11%)]	Loss1: 5.837862 Loss2: 0.000050 
| Global Round : 47 | Client :8 | Local Epoch : 0 | [64/612 (11%)]	Loss1: 5.837905 Loss2: 0.000030 
| Global Round : 47 | Client :8 | Local Epoch : 1 | [64/612 (11%)]	Loss1: 5.837976 Loss2: 0.000030 
| Global Round : 47 | Client :8 | Local Epoch : 2 | [64/612 (11%)]	Loss1: 5.837800 Loss2: 0.000029 
| Global Round : 47 | Client :8 | Local Epoch : 3 | [64/612 (11%)]	Loss1: 5.838060 Loss2: 0.000036 
| Global Round : 47 | Client :8 | Local Epoch : 4 | [64/612 (11%)]	Loss1: 5.838108 Loss2: 0.000030 
| Global Round : 47 | Client :9 | Local Epoch : 0 | [64/305 (25%)]	Loss1: 5.838428 Loss2: 0.000043 
| Global Round : 47 | Client :9 | Local Epoch : 1 | [64/305 (25%)]	Loss1: 5.838657 Loss2: 0.000040 
| Global Round : 47 | Client :9 | Local Epoch : 2 | [64/305 (25%)]	Loss1: 5.838456 Loss2: 0.000038 
| Global Round : 47 | Client :9 | Local Epoch : 3 | [64/305 (25%)]	Loss1: 5.839010 Loss2: 0.000037 
| Global Round : 47 | Client :9 | Local Epoch : 4 | [64/305 (25%)]	Loss1: 5.838820 Loss2: 0.000038 
average loss:   5.837673261827893
average local test accuracy: 0.9325520833333332
average global test accuracy:  0.3145833333333333

 | Global Training Round : 48 |

xi_k [0.46363012 0.46773627 0.49445387 0.51517514 0.53041457 0.53162146
 0.52630121 0.51981023 0.50110252 0.44692962]
max_exp: -1.0
coe: 10
Regulation [0.8 0.8 0.8 0.8 0.8 0.8 0.8 0.8 0.8 0.8]
Solver status: optimal_inaccurate
b_new: [1. 1. 1. 1. 1. 1. 1. 1. 1. 1.]
Iter 0: obj=49.5718, best_obj=49.5718, ||b_new-b_prev||₂=2.846050
xi_k [0.46363012 0.46773627 0.49445387 0.51517514 0.53041457 0.53162146
 0.52630121 0.51981023 0.50110252 0.44692962]
max_exp: -1.0
coe: 10
Regulation [-1. -1. -1. -1. -1. -1. -1. -1. -1. -1.]
Solver status: optimal_inaccurate
b_new: [1. 1. 1. 1. 1. 1. 1. 1. 1. 1.]
Iter 1: obj=50.4718, best_obj=50.4718, ||b_new-b_prev||₂=0.000000
Converged.
Final b: [1. 1. 1. 1. 1. 1. 1. 1. 1. 1.]
<class 'numpy.ndarray'>
b_float: [1. 1. 1. 1. 1. 1. 1. 1. 1. 1.]
b: [1 1 1 1 1 1 1 1 1 1]
active_clients:  [0, 1, 2, 3, 4, 5, 6, 7, 8, 9]
Client 0's s_k are:[0 0 0 0 1 0 0 0 0 0]
Client 1's s_k are:[0 0 0 0 0 0 0 1 0 0]
Client 2's s_k are:[0 0 0 0 0 0 1 0 0 0]
Client 3's s_k are:[0 0 0 0 0 1 0 0 0 0]
Client 4's s_k are:[0 0 0 0 0 0 0 0 1 0]
Client 5's s_k are:[0 0 0 1 0 0 0 0 0 0]
Client 6's s_k are:[0 0 1 0 0 0 0 0 0 0]
Client 7's s_k are:[0 1 0 0 0 0 0 0 0 0]
Client 8's s_k are:[0 0 0 0 1 0 0 0 0 0]
Client 9's s_k are:[0 0 0 0 1 0 0 0 0 0]
| Global Round : 48 | Client :0 | Local Epoch : 0 | [64/294 (25%)]	Loss1: 5.838093 Loss2: 0.000036 
| Global Round : 48 | Client :0 | Local Epoch : 1 | [64/294 (25%)]	Loss1: 5.838709 Loss2: 0.000038 
| Global Round : 48 | Client :0 | Local Epoch : 2 | [64/294 (25%)]	Loss1: 5.838073 Loss2: 0.000038 
| Global Round : 48 | Client :0 | Local Epoch : 3 | [64/294 (25%)]	Loss1: 5.838565 Loss2: 0.000038 
| Global Round : 48 | Client :0 | Local Epoch : 4 | [64/294 (25%)]	Loss1: 5.838160 Loss2: 0.000037 
| Global Round : 48 | Client :1 | Local Epoch : 0 | [64/510 (14%)]	Loss1: 5.837681 Loss2: 0.000048 
| Global Round : 48 | Client :1 | Local Epoch : 1 | [64/510 (14%)]	Loss1: 5.839815 Loss2: 0.000055 
| Global Round : 48 | Client :1 | Local Epoch : 2 | [64/510 (14%)]	Loss1: 5.838282 Loss2: 0.000053 
| Global Round : 48 | Client :1 | Local Epoch : 3 | [64/510 (14%)]	Loss1: 5.837855 Loss2: 0.000050 
| Global Round : 48 | Client :1 | Local Epoch : 4 | [64/510 (14%)]	Loss1: 5.839381 Loss2: 0.000044 
| Global Round : 48 | Client :2 | Local Epoch : 0 | [64/827 (8%)]	Loss1: 5.838696 Loss2: 0.000054 
| Global Round : 48 | Client :2 | Local Epoch : 0 | [704/827 (92%)]	Loss1: 5.838443 Loss2: 0.000049 
| Global Round : 48 | Client :2 | Local Epoch : 1 | [64/827 (8%)]	Loss1: 5.838003 Loss2: 0.000054 
| Global Round : 48 | Client :2 | Local Epoch : 1 | [704/827 (92%)]	Loss1: 5.838050 Loss2: 0.000050 
| Global Round : 48 | Client :2 | Local Epoch : 2 | [64/827 (8%)]	Loss1: 5.837986 Loss2: 0.000052 
| Global Round : 48 | Client :2 | Local Epoch : 2 | [704/827 (92%)]	Loss1: 5.838348 Loss2: 0.000051 
| Global Round : 48 | Client :2 | Local Epoch : 3 | [64/827 (8%)]	Loss1: 5.838081 Loss2: 0.000055 
| Global Round : 48 | Client :2 | Local Epoch : 3 | [704/827 (92%)]	Loss1: 5.838752 Loss2: 0.000049 
| Global Round : 48 | Client :2 | Local Epoch : 4 | [64/827 (8%)]	Loss1: 5.838113 Loss2: 0.000051 
| Global Round : 48 | Client :2 | Local Epoch : 4 | [704/827 (92%)]	Loss1: 5.838735 Loss2: 0.000053 
| Global Round : 48 | Client :3 | Local Epoch : 0 | [64/926 (7%)]	Loss1: 5.837857 Loss2: 0.000046 
| Global Round : 48 | Client :3 | Local Epoch : 0 | [704/926 (79%)]	Loss1: 5.837764 Loss2: 0.000055 
| Global Round : 48 | Client :3 | Local Epoch : 1 | [64/926 (7%)]	Loss1: 5.837926 Loss2: 0.000049 
| Global Round : 48 | Client :3 | Local Epoch : 1 | [704/926 (79%)]	Loss1: 5.837746 Loss2: 0.000053 
| Global Round : 48 | Client :3 | Local Epoch : 2 | [64/926 (7%)]	Loss1: 5.838003 Loss2: 0.000046 
| Global Round : 48 | Client :3 | Local Epoch : 2 | [704/926 (79%)]	Loss1: 5.837880 Loss2: 0.000052 
| Global Round : 48 | Client :3 | Local Epoch : 3 | [64/926 (7%)]	Loss1: 5.837849 Loss2: 0.000044 
| Global Round : 48 | Client :3 | Local Epoch : 3 | [704/926 (79%)]	Loss1: 5.838157 Loss2: 0.000056 
| Global Round : 48 | Client :3 | Local Epoch : 4 | [64/926 (7%)]	Loss1: 5.837955 Loss2: 0.000048 
| Global Round : 48 | Client :3 | Local Epoch : 4 | [704/926 (79%)]	Loss1: 5.838292 Loss2: 0.000052 
| Global Round : 48 | Client :4 | Local Epoch : 0 | [64/514 (12%)]	Loss1: 5.839272 Loss2: 0.000034 
| Global Round : 48 | Client :4 | Local Epoch : 1 | [64/514 (12%)]	Loss1: 5.838838 Loss2: 0.000035 
| Global Round : 48 | Client :4 | Local Epoch : 2 | [64/514 (12%)]	Loss1: 5.838531 Loss2: 0.000044 
| Global Round : 48 | Client :4 | Local Epoch : 3 | [64/514 (12%)]	Loss1: 5.838976 Loss2: 0.000034 
| Global Round : 48 | Client :4 | Local Epoch : 4 | [64/514 (12%)]	Loss1: 5.838635 Loss2: 0.000040 
| Global Round : 48 | Client :5 | Local Epoch : 0 | [64/641 (10%)]	Loss1: 5.837625 Loss2: 0.000050 
| Global Round : 48 | Client :5 | Local Epoch : 1 | [64/641 (10%)]	Loss1: 5.837818 Loss2: 0.000051 
| Global Round : 48 | Client :5 | Local Epoch : 2 | [64/641 (10%)]	Loss1: 5.838528 Loss2: 0.000052 
| Global Round : 48 | Client :5 | Local Epoch : 3 | [64/641 (10%)]	Loss1: 5.838350 Loss2: 0.000051 
| Global Round : 48 | Client :5 | Local Epoch : 4 | [64/641 (10%)]	Loss1: 5.837515 Loss2: 0.000049 
| Global Round : 48 | Client :6 | Local Epoch : 0 | [64/777 (8%)]	Loss1: 5.838346 Loss2: 0.000052 
| Global Round : 48 | Client :6 | Local Epoch : 0 | [704/777 (92%)]	Loss1: 5.839422 Loss2: 0.000050 
| Global Round : 48 | Client :6 | Local Epoch : 1 | [64/777 (8%)]	Loss1: 5.838480 Loss2: 0.000056 
| Global Round : 48 | Client :6 | Local Epoch : 1 | [704/777 (92%)]	Loss1: 5.838221 Loss2: 0.000048 
| Global Round : 48 | Client :6 | Local Epoch : 2 | [64/777 (8%)]	Loss1: 5.838304 Loss2: 0.000052 
| Global Round : 48 | Client :6 | Local Epoch : 2 | [704/777 (92%)]	Loss1: 5.838565 Loss2: 0.000050 
| Global Round : 48 | Client :6 | Local Epoch : 3 | [64/777 (8%)]	Loss1: 5.838053 Loss2: 0.000054 
| Global Round : 48 | Client :6 | Local Epoch : 3 | [704/777 (92%)]	Loss1: 5.838396 Loss2: 0.000054 
| Global Round : 48 | Client :6 | Local Epoch : 4 | [64/777 (8%)]	Loss1: 5.837996 Loss2: 0.000049 
| Global Round : 48 | Client :6 | Local Epoch : 4 | [704/777 (92%)]	Loss1: 5.838580 Loss2: 0.000050 
| Global Round : 48 | Client :7 | Local Epoch : 0 | [64/590 (11%)]	Loss1: 5.838270 Loss2: 0.000057 
| Global Round : 48 | Client :7 | Local Epoch : 1 | [64/590 (11%)]	Loss1: 5.838098 Loss2: 0.000052 
| Global Round : 48 | Client :7 | Local Epoch : 2 | [64/590 (11%)]	Loss1: 5.837933 Loss2: 0.000050 
| Global Round : 48 | Client :7 | Local Epoch : 3 | [64/590 (11%)]	Loss1: 5.838302 Loss2: 0.000049 
| Global Round : 48 | Client :7 | Local Epoch : 4 | [64/590 (11%)]	Loss1: 5.838411 Loss2: 0.000050 
| Global Round : 48 | Client :8 | Local Epoch : 0 | [64/612 (11%)]	Loss1: 5.837877 Loss2: 0.000032 
| Global Round : 48 | Client :8 | Local Epoch : 1 | [64/612 (11%)]	Loss1: 5.837949 Loss2: 0.000035 
| Global Round : 48 | Client :8 | Local Epoch : 2 | [64/612 (11%)]	Loss1: 5.837873 Loss2: 0.000036 
| Global Round : 48 | Client :8 | Local Epoch : 3 | [64/612 (11%)]	Loss1: 5.837763 Loss2: 0.000033 
| Global Round : 48 | Client :8 | Local Epoch : 4 | [64/612 (11%)]	Loss1: 5.837981 Loss2: 0.000036 
| Global Round : 48 | Client :9 | Local Epoch : 0 | [64/305 (25%)]	Loss1: 5.838451 Loss2: 0.000044 
| Global Round : 48 | Client :9 | Local Epoch : 1 | [64/305 (25%)]	Loss1: 5.838772 Loss2: 0.000036 
| Global Round : 48 | Client :9 | Local Epoch : 2 | [64/305 (25%)]	Loss1: 5.838966 Loss2: 0.000041 
| Global Round : 48 | Client :9 | Local Epoch : 3 | [64/305 (25%)]	Loss1: 5.838828 Loss2: 0.000047 
| Global Round : 48 | Client :9 | Local Epoch : 4 | [64/305 (25%)]	Loss1: 5.838221 Loss2: 0.000043 
average loss:   5.83761567127137
average local test accuracy: 0.939453125
average global test accuracy:  0.3475260416666667

 | Global Training Round : 49 |

xi_k [0.46362493 0.46772058 0.49444415 0.51517502 0.53040015 0.53161312
 0.52631423 0.51981305 0.50110159 0.44693431]
max_exp: -1.0
coe: 10
Regulation [0.8 0.8 0.8 0.8 0.8 0.8 0.8 0.8 0.8 0.8]
Solver status: optimal_inaccurate
b_new: [1. 1. 1. 1. 1. 1. 1. 1. 1. 1.]
Iter 0: obj=49.5714, best_obj=49.5714, ||b_new-b_prev||₂=2.846050
xi_k [0.46362493 0.46772058 0.49444415 0.51517502 0.53040015 0.53161312
 0.52631423 0.51981305 0.50110159 0.44693431]
max_exp: -1.0
coe: 10
Regulation [-1. -1. -1. -1. -1. -1. -1. -1. -1. -1.]
Solver status: optimal_inaccurate
b_new: [1. 1. 1. 1. 1. 1. 1. 1. 1. 1.]
Iter 1: obj=50.4714, best_obj=50.4714, ||b_new-b_prev||₂=0.000000
Converged.
Final b: [1. 1. 1. 1. 1. 1. 1. 1. 1. 1.]
<class 'numpy.ndarray'>
b_float: [1. 1. 1. 1. 1. 1. 1. 1. 1. 1.]
b: [1 1 1 1 1 1 1 1 1 1]
active_clients:  [0, 1, 2, 3, 4, 5, 6, 7, 8, 9]
Client 0's s_k are:[0 0 0 0 1 0 0 0 0 0]
Client 1's s_k are:[0 0 0 0 0 0 0 1 0 0]
Client 2's s_k are:[0 0 0 0 0 0 1 0 0 0]
Client 3's s_k are:[0 0 0 0 0 1 0 0 0 0]
Client 4's s_k are:[0 0 0 0 0 0 0 0 1 0]
Client 5's s_k are:[0 0 0 1 0 0 0 0 0 0]
Client 6's s_k are:[0 0 1 0 0 0 0 0 0 0]
Client 7's s_k are:[0 1 0 0 0 0 0 0 0 0]
Client 8's s_k are:[0 0 0 0 1 0 0 0 0 0]
Client 9's s_k are:[0 0 0 0 1 0 0 0 0 0]
| Global Round : 49 | Client :0 | Local Epoch : 0 | [64/294 (25%)]	Loss1: 5.838258 Loss2: 0.000040 
| Global Round : 49 | Client :0 | Local Epoch : 1 | [64/294 (25%)]	Loss1: 5.838179 Loss2: 0.000037 
| Global Round : 49 | Client :0 | Local Epoch : 2 | [64/294 (25%)]	Loss1: 5.837982 Loss2: 0.000042 
| Global Round : 49 | Client :0 | Local Epoch : 3 | [64/294 (25%)]	Loss1: 5.838134 Loss2: 0.000039 
| Global Round : 49 | Client :0 | Local Epoch : 4 | [64/294 (25%)]	Loss1: 5.838531 Loss2: 0.000039 
| Global Round : 49 | Client :1 | Local Epoch : 0 | [64/510 (14%)]	Loss1: 5.838284 Loss2: 0.000055 
| Global Round : 49 | Client :1 | Local Epoch : 1 | [64/510 (14%)]	Loss1: 5.837909 Loss2: 0.000047 
| Global Round : 49 | Client :1 | Local Epoch : 2 | [64/510 (14%)]	Loss1: 5.837900 Loss2: 0.000049 
| Global Round : 49 | Client :1 | Local Epoch : 3 | [64/510 (14%)]	Loss1: 5.838898 Loss2: 0.000055 
| Global Round : 49 | Client :1 | Local Epoch : 4 | [64/510 (14%)]	Loss1: 5.838394 Loss2: 0.000044 
| Global Round : 49 | Client :2 | Local Epoch : 0 | [64/827 (8%)]	Loss1: 5.838270 Loss2: 0.000057 
| Global Round : 49 | Client :2 | Local Epoch : 0 | [704/827 (92%)]	Loss1: 5.838338 Loss2: 0.000047 
| Global Round : 49 | Client :2 | Local Epoch : 1 | [64/827 (8%)]	Loss1: 5.838426 Loss2: 0.000053 
| Global Round : 49 | Client :2 | Local Epoch : 1 | [704/827 (92%)]	Loss1: 5.838197 Loss2: 0.000052 
| Global Round : 49 | Client :2 | Local Epoch : 2 | [64/827 (8%)]	Loss1: 5.838572 Loss2: 0.000056 
| Global Round : 49 | Client :2 | Local Epoch : 2 | [704/827 (92%)]	Loss1: 5.837738 Loss2: 0.000051 
| Global Round : 49 | Client :2 | Local Epoch : 3 | [64/827 (8%)]	Loss1: 5.838794 Loss2: 0.000053 
| Global Round : 49 | Client :2 | Local Epoch : 3 | [704/827 (92%)]	Loss1: 5.838445 Loss2: 0.000050 
| Global Round : 49 | Client :2 | Local Epoch : 4 | [64/827 (8%)]	Loss1: 5.839061 Loss2: 0.000053 
| Global Round : 49 | Client :2 | Local Epoch : 4 | [704/827 (92%)]	Loss1: 5.837913 Loss2: 0.000051 
| Global Round : 49 | Client :3 | Local Epoch : 0 | [64/926 (7%)]	Loss1: 5.837989 Loss2: 0.000054 
| Global Round : 49 | Client :3 | Local Epoch : 0 | [704/926 (79%)]	Loss1: 5.837823 Loss2: 0.000056 
| Global Round : 49 | Client :3 | Local Epoch : 1 | [64/926 (7%)]	Loss1: 5.837833 Loss2: 0.000051 
| Global Round : 49 | Client :3 | Local Epoch : 1 | [704/926 (79%)]	Loss1: 5.837760 Loss2: 0.000057 
| Global Round : 49 | Client :3 | Local Epoch : 2 | [64/926 (7%)]	Loss1: 5.837739 Loss2: 0.000050 
| Global Round : 49 | Client :3 | Local Epoch : 2 | [704/926 (79%)]	Loss1: 5.838472 Loss2: 0.000056 
| Global Round : 49 | Client :3 | Local Epoch : 3 | [64/926 (7%)]	Loss1: 5.838090 Loss2: 0.000052 
| Global Round : 49 | Client :3 | Local Epoch : 3 | [704/926 (79%)]	Loss1: 5.838031 Loss2: 0.000056 
| Global Round : 49 | Client :3 | Local Epoch : 4 | [64/926 (7%)]	Loss1: 5.837796 Loss2: 0.000048 
| Global Round : 49 | Client :3 | Local Epoch : 4 | [704/926 (79%)]	Loss1: 5.837815 Loss2: 0.000057 
| Global Round : 49 | Client :4 | Local Epoch : 0 | [64/514 (12%)]	Loss1: 5.839134 Loss2: 0.000028 
| Global Round : 49 | Client :4 | Local Epoch : 1 | [64/514 (12%)]	Loss1: 5.839477 Loss2: 0.000045 
| Global Round : 49 | Client :4 | Local Epoch : 2 | [64/514 (12%)]	Loss1: 5.839396 Loss2: 0.000037 
| Global Round : 49 | Client :4 | Local Epoch : 3 | [64/514 (12%)]	Loss1: 5.839544 Loss2: 0.000035 
| Global Round : 49 | Client :4 | Local Epoch : 4 | [64/514 (12%)]	Loss1: 5.838862 Loss2: 0.000035 
| Global Round : 49 | Client :5 | Local Epoch : 0 | [64/641 (10%)]	Loss1: 5.838503 Loss2: 0.000049 
| Global Round : 49 | Client :5 | Local Epoch : 1 | [64/641 (10%)]	Loss1: 5.837686 Loss2: 0.000047 
| Global Round : 49 | Client :5 | Local Epoch : 2 | [64/641 (10%)]	Loss1: 5.837909 Loss2: 0.000044 
| Global Round : 49 | Client :5 | Local Epoch : 3 | [64/641 (10%)]	Loss1: 5.837793 Loss2: 0.000047 
| Global Round : 49 | Client :5 | Local Epoch : 4 | [64/641 (10%)]	Loss1: 5.837860 Loss2: 0.000046 
| Global Round : 49 | Client :6 | Local Epoch : 0 | [64/777 (8%)]	Loss1: 5.838268 Loss2: 0.000048 
| Global Round : 49 | Client :6 | Local Epoch : 0 | [704/777 (92%)]	Loss1: 5.839143 Loss2: 0.000050 
| Global Round : 49 | Client :6 | Local Epoch : 1 | [64/777 (8%)]	Loss1: 5.838511 Loss2: 0.000049 
| Global Round : 49 | Client :6 | Local Epoch : 1 | [704/777 (92%)]	Loss1: 5.839052 Loss2: 0.000049 
| Global Round : 49 | Client :6 | Local Epoch : 2 | [64/777 (8%)]	Loss1: 5.838528 Loss2: 0.000048 
| Global Round : 49 | Client :6 | Local Epoch : 2 | [704/777 (92%)]	Loss1: 5.838655 Loss2: 0.000051 
| Global Round : 49 | Client :6 | Local Epoch : 3 | [64/777 (8%)]	Loss1: 5.838229 Loss2: 0.000051 
| Global Round : 49 | Client :6 | Local Epoch : 3 | [704/777 (92%)]	Loss1: 5.838022 Loss2: 0.000048 
| Global Round : 49 | Client :6 | Local Epoch : 4 | [64/777 (8%)]	Loss1: 5.838350 Loss2: 0.000050 
| Global Round : 49 | Client :6 | Local Epoch : 4 | [704/777 (92%)]	Loss1: 5.838654 Loss2: 0.000052 
| Global Round : 49 | Client :7 | Local Epoch : 0 | [64/590 (11%)]	Loss1: 5.838672 Loss2: 0.000054 
| Global Round : 49 | Client :7 | Local Epoch : 1 | [64/590 (11%)]	Loss1: 5.838137 Loss2: 0.000056 
| Global Round : 49 | Client :7 | Local Epoch : 2 | [64/590 (11%)]	Loss1: 5.838039 Loss2: 0.000043 
| Global Round : 49 | Client :7 | Local Epoch : 3 | [64/590 (11%)]	Loss1: 5.837726 Loss2: 0.000044 
| Global Round : 49 | Client :7 | Local Epoch : 4 | [64/590 (11%)]	Loss1: 5.838059 Loss2: 0.000045 
| Global Round : 49 | Client :8 | Local Epoch : 0 | [64/612 (11%)]	Loss1: 5.837941 Loss2: 0.000032 
| Global Round : 49 | Client :8 | Local Epoch : 1 | [64/612 (11%)]	Loss1: 5.838072 Loss2: 0.000030 
| Global Round : 49 | Client :8 | Local Epoch : 2 | [64/612 (11%)]	Loss1: 5.838027 Loss2: 0.000030 
| Global Round : 49 | Client :8 | Local Epoch : 3 | [64/612 (11%)]	Loss1: 5.837856 Loss2: 0.000032 
| Global Round : 49 | Client :8 | Local Epoch : 4 | [64/612 (11%)]	Loss1: 5.838283 Loss2: 0.000033 
| Global Round : 49 | Client :9 | Local Epoch : 0 | [64/305 (25%)]	Loss1: 5.838432 Loss2: 0.000042 
| Global Round : 49 | Client :9 | Local Epoch : 1 | [64/305 (25%)]	Loss1: 5.838640 Loss2: 0.000040 
| Global Round : 49 | Client :9 | Local Epoch : 2 | [64/305 (25%)]	Loss1: 5.839352 Loss2: 0.000038 
| Global Round : 49 | Client :9 | Local Epoch : 3 | [64/305 (25%)]	Loss1: 5.838906 Loss2: 0.000040 
| Global Round : 49 | Client :9 | Local Epoch : 4 | [64/305 (25%)]	Loss1: 5.838526 Loss2: 0.000042 
average loss:   5.8376594761439735
average local test accuracy: 0.9302083333333332
average global test accuracy:  0.32539062499999993

 | Global Training Round : 50 |

xi_k [0.46362477 0.46776044 0.49446702 0.51518751 0.53039753 0.53163342
 0.52630551 0.51982161 0.50110733 0.44694368]
max_exp: -1.0
coe: 10
Regulation [0.8 0.8 0.8 0.8 0.8 0.8 0.8 0.8 0.8 0.8]
Solver status: optimal_inaccurate
b_new: [1. 1. 1. 1. 1. 1. 1. 1. 1. 1.]
Iter 0: obj=49.5725, best_obj=49.5725, ||b_new-b_prev||₂=2.846050
xi_k [0.46362477 0.46776044 0.49446702 0.51518751 0.53039753 0.53163342
 0.52630551 0.51982161 0.50110733 0.44694368]
max_exp: -1.0
coe: 10
Regulation [-1. -1. -1. -1. -1. -1. -1. -1. -1. -1.]
Solver status: optimal_inaccurate
b_new: [1. 1. 1. 1. 1. 1. 1. 1. 1. 1.]
Iter 1: obj=50.4725, best_obj=50.4725, ||b_new-b_prev||₂=0.000000
Converged.
Final b: [1. 1. 1. 1. 1. 1. 1. 1. 1. 1.]
<class 'numpy.ndarray'>
b_float: [1. 1. 1. 1. 1. 1. 1. 1. 1. 1.]
b: [1 1 1 1 1 1 1 1 1 1]
active_clients:  [0, 1, 2, 3, 4, 5, 6, 7, 8, 9]
Client 0's s_k are:[0 0 0 0 1 0 0 0 0 0]
Client 1's s_k are:[0 0 0 0 0 0 0 1 0 0]
Client 2's s_k are:[0 0 0 0 0 0 1 0 0 0]
Client 3's s_k are:[0 0 0 0 0 1 0 0 0 0]
Client 4's s_k are:[0 0 0 0 0 0 0 0 1 0]
Client 5's s_k are:[0 0 0 1 0 0 0 0 0 0]
Client 6's s_k are:[0 0 1 0 0 0 0 0 0 0]
Client 7's s_k are:[0 1 0 0 0 0 0 0 0 0]
Client 8's s_k are:[0 0 0 0 1 0 0 0 0 0]
Client 9's s_k are:[0 0 0 0 1 0 0 0 0 0]
| Global Round : 50 | Client :0 | Local Epoch : 0 | [64/294 (25%)]	Loss1: 5.838124 Loss2: 0.000036 
| Global Round : 50 | Client :0 | Local Epoch : 1 | [64/294 (25%)]	Loss1: 5.837918 Loss2: 0.000033 
| Global Round : 50 | Client :0 | Local Epoch : 2 | [64/294 (25%)]	Loss1: 5.838235 Loss2: 0.000035 
| Global Round : 50 | Client :0 | Local Epoch : 3 | [64/294 (25%)]	Loss1: 5.838109 Loss2: 0.000038 
| Global Round : 50 | Client :0 | Local Epoch : 4 | [64/294 (25%)]	Loss1: 5.838214 Loss2: 0.000036 
| Global Round : 50 | Client :1 | Local Epoch : 0 | [64/510 (14%)]	Loss1: 5.838528 Loss2: 0.000049 
| Global Round : 50 | Client :1 | Local Epoch : 1 | [64/510 (14%)]	Loss1: 5.838369 Loss2: 0.000051 
| Global Round : 50 | Client :1 | Local Epoch : 2 | [64/510 (14%)]	Loss1: 5.838219 Loss2: 0.000046 
| Global Round : 50 | Client :1 | Local Epoch : 3 | [64/510 (14%)]	Loss1: 5.838764 Loss2: 0.000055 
| Global Round : 50 | Client :1 | Local Epoch : 4 | [64/510 (14%)]	Loss1: 5.838037 Loss2: 0.000058 
| Global Round : 50 | Client :2 | Local Epoch : 0 | [64/827 (8%)]	Loss1: 5.838478 Loss2: 0.000052 
| Global Round : 50 | Client :2 | Local Epoch : 0 | [704/827 (92%)]	Loss1: 5.838268 Loss2: 0.000054 
| Global Round : 50 | Client :2 | Local Epoch : 1 | [64/827 (8%)]	Loss1: 5.838330 Loss2: 0.000054 
| Global Round : 50 | Client :2 | Local Epoch : 1 | [704/827 (92%)]	Loss1: 5.838143 Loss2: 0.000052 
| Global Round : 50 | Client :2 | Local Epoch : 2 | [64/827 (8%)]	Loss1: 5.838855 Loss2: 0.000052 
| Global Round : 50 | Client :2 | Local Epoch : 2 | [704/827 (92%)]	Loss1: 5.838094 Loss2: 0.000054 
| Global Round : 50 | Client :2 | Local Epoch : 3 | [64/827 (8%)]	Loss1: 5.838289 Loss2: 0.000051 
| Global Round : 50 | Client :2 | Local Epoch : 3 | [704/827 (92%)]	Loss1: 5.838341 Loss2: 0.000054 
| Global Round : 50 | Client :2 | Local Epoch : 4 | [64/827 (8%)]	Loss1: 5.838080 Loss2: 0.000050 
| Global Round : 50 | Client :2 | Local Epoch : 4 | [704/827 (92%)]	Loss1: 5.837900 Loss2: 0.000054 
| Global Round : 50 | Client :3 | Local Epoch : 0 | [64/926 (7%)]	Loss1: 5.837692 Loss2: 0.000051 
| Global Round : 50 | Client :3 | Local Epoch : 0 | [704/926 (79%)]	Loss1: 5.838017 Loss2: 0.000055 
| Global Round : 50 | Client :3 | Local Epoch : 1 | [64/926 (7%)]	Loss1: 5.837926 Loss2: 0.000047 
| Global Round : 50 | Client :3 | Local Epoch : 1 | [704/926 (79%)]	Loss1: 5.837774 Loss2: 0.000052 
| Global Round : 50 | Client :3 | Local Epoch : 2 | [64/926 (7%)]	Loss1: 5.837858 Loss2: 0.000048 
| Global Round : 50 | Client :3 | Local Epoch : 2 | [704/926 (79%)]	Loss1: 5.838010 Loss2: 0.000055 
| Global Round : 50 | Client :3 | Local Epoch : 3 | [64/926 (7%)]	Loss1: 5.837958 Loss2: 0.000045 
| Global Round : 50 | Client :3 | Local Epoch : 3 | [704/926 (79%)]	Loss1: 5.837871 Loss2: 0.000056 
| Global Round : 50 | Client :3 | Local Epoch : 4 | [64/926 (7%)]	Loss1: 5.837659 Loss2: 0.000049 
| Global Round : 50 | Client :3 | Local Epoch : 4 | [704/926 (79%)]	Loss1: 5.837743 Loss2: 0.000056 
| Global Round : 50 | Client :4 | Local Epoch : 0 | [64/514 (12%)]	Loss1: 5.838666 Loss2: 0.000040 
| Global Round : 50 | Client :4 | Local Epoch : 1 | [64/514 (12%)]	Loss1: 5.839661 Loss2: 0.000034 
| Global Round : 50 | Client :4 | Local Epoch : 2 | [64/514 (12%)]	Loss1: 5.838948 Loss2: 0.000043 
| Global Round : 50 | Client :4 | Local Epoch : 3 | [64/514 (12%)]	Loss1: 5.838233 Loss2: 0.000037 
| Global Round : 50 | Client :4 | Local Epoch : 4 | [64/514 (12%)]	Loss1: 5.838947 Loss2: 0.000035 
| Global Round : 50 | Client :5 | Local Epoch : 0 | [64/641 (10%)]	Loss1: 5.839348 Loss2: 0.000052 
| Global Round : 50 | Client :5 | Local Epoch : 1 | [64/641 (10%)]	Loss1: 5.838895 Loss2: 0.000047 
| Global Round : 50 | Client :5 | Local Epoch : 2 | [64/641 (10%)]	Loss1: 5.837858 Loss2: 0.000053 
| Global Round : 50 | Client :5 | Local Epoch : 3 | [64/641 (10%)]	Loss1: 5.838105 Loss2: 0.000048 
| Global Round : 50 | Client :5 | Local Epoch : 4 | [64/641 (10%)]	Loss1: 5.837898 Loss2: 0.000050 
| Global Round : 50 | Client :6 | Local Epoch : 0 | [64/777 (8%)]	Loss1: 5.838709 Loss2: 0.000053 
| Global Round : 50 | Client :6 | Local Epoch : 0 | [704/777 (92%)]	Loss1: 5.838357 Loss2: 0.000050 
| Global Round : 50 | Client :6 | Local Epoch : 1 | [64/777 (8%)]	Loss1: 5.838048 Loss2: 0.000052 
| Global Round : 50 | Client :6 | Local Epoch : 1 | [704/777 (92%)]	Loss1: 5.838780 Loss2: 0.000051 
| Global Round : 50 | Client :6 | Local Epoch : 2 | [64/777 (8%)]	Loss1: 5.838244 Loss2: 0.000051 
| Global Round : 50 | Client :6 | Local Epoch : 2 | [704/777 (92%)]	Loss1: 5.838198 Loss2: 0.000055 
| Global Round : 50 | Client :6 | Local Epoch : 3 | [64/777 (8%)]	Loss1: 5.838684 Loss2: 0.000055 
| Global Round : 50 | Client :6 | Local Epoch : 3 | [704/777 (92%)]	Loss1: 5.838270 Loss2: 0.000053 
| Global Round : 50 | Client :6 | Local Epoch : 4 | [64/777 (8%)]	Loss1: 5.838199 Loss2: 0.000051 
| Global Round : 50 | Client :6 | Local Epoch : 4 | [704/777 (92%)]	Loss1: 5.838181 Loss2: 0.000052 
| Global Round : 50 | Client :7 | Local Epoch : 0 | [64/590 (11%)]	Loss1: 5.837719 Loss2: 0.000051 
| Global Round : 50 | Client :7 | Local Epoch : 1 | [64/590 (11%)]	Loss1: 5.838042 Loss2: 0.000052 
| Global Round : 50 | Client :7 | Local Epoch : 2 | [64/590 (11%)]	Loss1: 5.837994 Loss2: 0.000047 
| Global Round : 50 | Client :7 | Local Epoch : 3 | [64/590 (11%)]	Loss1: 5.838479 Loss2: 0.000052 
| Global Round : 50 | Client :7 | Local Epoch : 4 | [64/590 (11%)]	Loss1: 5.837954 Loss2: 0.000052 
| Global Round : 50 | Client :8 | Local Epoch : 0 | [64/612 (11%)]	Loss1: 5.838198 Loss2: 0.000031 
| Global Round : 50 | Client :8 | Local Epoch : 1 | [64/612 (11%)]	Loss1: 5.838020 Loss2: 0.000033 
| Global Round : 50 | Client :8 | Local Epoch : 2 | [64/612 (11%)]	Loss1: 5.838376 Loss2: 0.000030 
| Global Round : 50 | Client :8 | Local Epoch : 3 | [64/612 (11%)]	Loss1: 5.837958 Loss2: 0.000031 
| Global Round : 50 | Client :8 | Local Epoch : 4 | [64/612 (11%)]	Loss1: 5.837721 Loss2: 0.000030 
| Global Round : 50 | Client :9 | Local Epoch : 0 | [64/305 (25%)]	Loss1: 5.838735 Loss2: 0.000043 
| Global Round : 50 | Client :9 | Local Epoch : 1 | [64/305 (25%)]	Loss1: 5.838377 Loss2: 0.000041 
| Global Round : 50 | Client :9 | Local Epoch : 2 | [64/305 (25%)]	Loss1: 5.838154 Loss2: 0.000040 
| Global Round : 50 | Client :9 | Local Epoch : 3 | [64/305 (25%)]	Loss1: 5.839154 Loss2: 0.000045 
| Global Round : 50 | Client :9 | Local Epoch : 4 | [64/305 (25%)]	Loss1: 5.838380 Loss2: 0.000043 
/home/gyh/anaconda3/envs/pt_38py_env/lib/python3.8/site-packages/torch/distributed/distributed_c10d.py:151: UserWarning: torch.distributed.reduce_op is deprecated, please use torch.distributed.ReduceOp instead
  warnings.warn("torch.distributed.reduce_op is deprecated, please use "
average loss:   5.837603160956549
average local test accuracy: 0.9328125
average global test accuracy:  0.31614583333333335
Figures plotted successfully.
Training is completed.
running time: 13298.914297103882 s 

Storage on cpu
-------------------------------------------------------------------------------
Total Tensors: 55285948 	Used Memory: 54.15M
-------------------------------------------------------------------------------

Storage on cuda:0
-------------------------------------------------------------------------------
Total Tensors: 345885 	Used Memory: 1.31M
The allocated memory on cuda:0: 5.54M
Memory differs due to the matrix alignment or invisible gradient buffer tensors
-------------------------------------------------------------------------------
Model is saved on: 
./checkpoint/FMNIST/2ec1877fa8fa9276259bea4baed6d443a6c3ef020634871ac93962759b7bc591.pth
