nohup: 忽略输入
1.9.0+cu111
cuda
Namespace(CVX_iterations=20, alg='FedKD', batch_size=64, beta=10, clip_grad=None, clock_frequency=array([2040317.31805815, 5217822.16079108, 6823892.98665255,
       8536332.53346354, 9851041.25890717, 4808128.9286435 ,
       1080825.9638651 , 8206151.06191972, 4922439.03727332,
       3030727.50733295]), code_len=32, dataset='FMNIST', duration_round=1000000, energy_threshold=1000000.0, eval_only=False, gamma=0.05, is_allocation=True, lam=10, lambda2=0.05, local_ep=5, log_frq=5, loss_F='MSE', lr=0.001, lr_sh_rate=10, method_Bandwidth='CVX', method_Frequency='CVX', method_Teacher='IL', method_tier='Random', model='CNN', num_classes=10, num_clients=10, num_epochs=50, num_tiers=1, part=0.1, sample_method='Dirichlet', sampling_rate=1, save_model=True, seed=0, std=2, temp=1, tol=0.001, total_bandwidth=1e+30, transmit_power=0.5, upload_model=True, use_lrschd=False)
idx_batch [5949, 5955, 4747, 5661, 6355, 6331, 6458, 6159, 6099, 6286]
idx_batch_test [988, 992, 791, 944, 1061, 1054, 1074, 1027, 1018, 1051]
min_size 791
Loaders_test[0] is empty: False
Loaders_test[1] is empty: False
Loaders_test[2] is empty: False
Loaders_test[3] is empty: False
Loaders_test[4] is empty: False
Loaders_test[5] is empty: False
Loaders_test[6] is empty: False
Loaders_test[7] is empty: False
Loaders_test[8] is empty: False
Loaders_test[9] is empty: False
Length of Loaders_test[0]: 197
Length of Loaders_test[1]: 198
Length of Loaders_test[2]: 158
Length of Loaders_test[3]: 188
Length of Loaders_test[4]: 212
Length of Loaders_test[5]: 210
Length of Loaders_test[6]: 214
Length of Loaders_test[7]: 205
Length of Loaders_test[8]: 203
Length of Loaders_test[9]: 210
Length of global_loader_test: 195
len(Loaders_train) 9
Client 0 data distribution:
[53, 44, 67, 51, 46, 73, 47, 34, 73, 88]
Client 1 data distribution:
[55, 46, 41, 56, 31, 46, 58, 78, 64, 101]
Client 2 data distribution:
[45, 72, 34, 45, 45, 32, 46, 40, 52, 37]
Client 3 data distribution:
[35, 57, 63, 22, 47, 83, 71, 51, 38, 45]
Client 4 data distribution:
[83, 60, 44, 71, 82, 55, 59, 43, 79, 0]
Client 5 data distribution:
[48, 33, 56, 83, 101, 58, 70, 80, 47, 0]
Client 6 data distribution:
[81, 49, 43, 54, 51, 73, 37, 48, 51, 153]
Client 7 data distribution:
[17, 86, 51, 51, 65, 65, 74, 61, 42, 64]
Client 8 data distribution:
[71, 52, 60, 70, 29, 34, 46, 63, 67, 84]
Client 9 data distribution:
[46, 69, 76, 51, 59, 75, 45, 85, 70, 0]
Checkpoint dir: ./checkpoint/FMNIST/
CNN
# model parameters: 15722
variances:  [0.9307601141667029, 0.48185114682397046, 0.6645067513941435, 0.6572466463121934, 0.3267631619388457, 0.6747059084550923, 0.010415663419456211, 0.3508637924397502, 0.5807081064435688, 0.3899525644823423]
h:  [6.89184883e+00 2.40256346e+00 1.96898480e-01 3.45889295e+00
 2.87521633e-01 6.10576172e-01 5.79235210e-03 9.87802140e-01
 2.06985193e-01 1.50943467e+00]
Random
tiered_clients:  {1: [7, 8, 5, 2, 1, 9, 6, 3, 4, 0]}

 | Global Training Round : 1 |

xi_k [0.53177977 0.53150509 0.5190526  0.49575513 0.49750328 0.49811162
 0.54552721 0.51366981 0.51942251 0.50331328]
max_exp: -1.0
coe: 10
Regulation [0.8 0.8 0.8 0.8 0.8 0.8 0.8 0.8 0.8 0.8]
Solver status: optimal_inaccurate
b_new: [1. 1. 1. 1. 1. 1. 1. 1. 1. 1.]
Iter 0: obj=51.1564, best_obj=51.1564, ||b_new-b_prev||₂=2.846050
xi_k [0.53177977 0.53150509 0.5190526  0.49575513 0.49750328 0.49811162
 0.54552721 0.51366981 0.51942251 0.50331328]
max_exp: -1.0
coe: 10
Regulation [-1. -1. -1. -1. -1. -1. -1. -1. -1. -1.]
Solver status: optimal_inaccurate
b_new: [1. 1. 1. 1. 1. 1. 1. 1. 1. 1.]
Iter 1: obj=52.0564, best_obj=52.0564, ||b_new-b_prev||₂=0.000000
Converged.
Final b: [1. 1. 1. 1. 1. 1. 1. 1. 1. 1.]
<class 'numpy.ndarray'>
b_float: [1. 1. 1. 1. 1. 1. 1. 1. 1. 1.]
b: [1 1 1 1 1 1 1 1 1 1]
active_clients:  [0, 1, 2, 3, 4, 5, 6, 7, 8, 9]
Client 0's s_k are:[0 0 0 0 0 0 0 0 0 0]
Client 1's s_k are:[0 0 0 0 0 0 0 0 0 0]
Client 2's s_k are:[0 0 0 0 0 0 0 0 0 0]
Client 3's s_k are:[0 0 0 0 0 0 0 0 0 0]
Client 4's s_k are:[0 0 0 0 0 0 0 0 0 0]
Client 5's s_k are:[0 0 0 0 0 0 0 0 0 0]
Client 6's s_k are:[0 0 0 0 0 0 0 0 0 0]
Client 7's s_k are:[0 0 0 0 0 0 0 0 0 0]
Client 8's s_k are:[0 0 0 0 0 0 0 0 0 0]
Client 9's s_k are:[0 0 0 0 0 0 0 0 0 0]
| Global Round : 1 | Client :0 | Local Epoch : 0 | [64/594 (11%)]	Loss1: 5.924387 Loss2: 0.000000 
| Global Round : 1 | Client :0 | Local Epoch : 1 | [64/594 (11%)]	Loss1: 5.874788 Loss2: 0.000000 
| Global Round : 1 | Client :0 | Local Epoch : 2 | [64/594 (11%)]	Loss1: 5.867120 Loss2: 0.000000 
| Global Round : 1 | Client :0 | Local Epoch : 3 | [64/594 (11%)]	Loss1: 5.864942 Loss2: 0.000000 
| Global Round : 1 | Client :0 | Local Epoch : 4 | [64/594 (11%)]	Loss1: 5.863323 Loss2: 0.000000 
| Global Round : 1 | Client :1 | Local Epoch : 0 | [64/595 (11%)]	Loss1: 5.931409 Loss2: 0.000000 
| Global Round : 1 | Client :1 | Local Epoch : 1 | [64/595 (11%)]	Loss1: 5.876318 Loss2: 0.000000 
| Global Round : 1 | Client :1 | Local Epoch : 2 | [64/595 (11%)]	Loss1: 5.871084 Loss2: 0.000000 
| Global Round : 1 | Client :1 | Local Epoch : 3 | [64/595 (11%)]	Loss1: 5.865842 Loss2: 0.000000 
| Global Round : 1 | Client :1 | Local Epoch : 4 | [64/595 (11%)]	Loss1: 5.862698 Loss2: 0.000000 
| Global Round : 1 | Client :2 | Local Epoch : 0 | [64/474 (14%)]	Loss1: 5.927683 Loss2: 0.000000 
| Global Round : 1 | Client :2 | Local Epoch : 1 | [64/474 (14%)]	Loss1: 5.875873 Loss2: 0.000000 
| Global Round : 1 | Client :2 | Local Epoch : 2 | [64/474 (14%)]	Loss1: 5.871395 Loss2: 0.000000 
| Global Round : 1 | Client :2 | Local Epoch : 3 | [64/474 (14%)]	Loss1: 5.865501 Loss2: 0.000000 
| Global Round : 1 | Client :2 | Local Epoch : 4 | [64/474 (14%)]	Loss1: 5.864644 Loss2: 0.000000 
| Global Round : 1 | Client :3 | Local Epoch : 0 | [64/566 (12%)]	Loss1: 5.932525 Loss2: 0.000000 
| Global Round : 1 | Client :3 | Local Epoch : 1 | [64/566 (12%)]	Loss1: 5.877220 Loss2: 0.000000 
| Global Round : 1 | Client :3 | Local Epoch : 2 | [64/566 (12%)]	Loss1: 5.871471 Loss2: 0.000000 
| Global Round : 1 | Client :3 | Local Epoch : 3 | [64/566 (12%)]	Loss1: 5.864431 Loss2: 0.000000 
| Global Round : 1 | Client :3 | Local Epoch : 4 | [64/566 (12%)]	Loss1: 5.863529 Loss2: 0.000000 
| Global Round : 1 | Client :4 | Local Epoch : 0 | [64/635 (11%)]	Loss1: 5.917711 Loss2: 0.000000 
| Global Round : 1 | Client :4 | Local Epoch : 1 | [64/635 (11%)]	Loss1: 5.875034 Loss2: 0.000000 
| Global Round : 1 | Client :4 | Local Epoch : 2 | [64/635 (11%)]	Loss1: 5.869443 Loss2: 0.000000 
| Global Round : 1 | Client :4 | Local Epoch : 3 | [64/635 (11%)]	Loss1: 5.865249 Loss2: 0.000000 
| Global Round : 1 | Client :4 | Local Epoch : 4 | [64/635 (11%)]	Loss1: 5.862882 Loss2: 0.000000 
| Global Round : 1 | Client :5 | Local Epoch : 0 | [64/633 (11%)]	Loss1: 5.929040 Loss2: 0.000000 
| Global Round : 1 | Client :5 | Local Epoch : 1 | [64/633 (11%)]	Loss1: 5.873344 Loss2: 0.000000 
| Global Round : 1 | Client :5 | Local Epoch : 2 | [64/633 (11%)]	Loss1: 5.864505 Loss2: 0.000000 
| Global Round : 1 | Client :5 | Local Epoch : 3 | [64/633 (11%)]	Loss1: 5.863295 Loss2: 0.000000 
| Global Round : 1 | Client :5 | Local Epoch : 4 | [64/633 (11%)]	Loss1: 5.862913 Loss2: 0.000000 
| Global Round : 1 | Client :6 | Local Epoch : 0 | [64/645 (10%)]	Loss1: 5.930292 Loss2: 0.000000 
| Global Round : 1 | Client :6 | Local Epoch : 1 | [64/645 (10%)]	Loss1: 5.873554 Loss2: 0.000000 
| Global Round : 1 | Client :6 | Local Epoch : 2 | [64/645 (10%)]	Loss1: 5.867452 Loss2: 0.000000 
| Global Round : 1 | Client :6 | Local Epoch : 3 | [64/645 (10%)]	Loss1: 5.862981 Loss2: 0.000000 
| Global Round : 1 | Client :6 | Local Epoch : 4 | [64/645 (10%)]	Loss1: 5.860713 Loss2: 0.000000 
| Global Round : 1 | Client :7 | Local Epoch : 0 | [64/615 (11%)]	Loss1: 5.923235 Loss2: 0.000000 
| Global Round : 1 | Client :7 | Local Epoch : 1 | [64/615 (11%)]	Loss1: 5.877403 Loss2: 0.000000 
| Global Round : 1 | Client :7 | Local Epoch : 2 | [64/615 (11%)]	Loss1: 5.867198 Loss2: 0.000000 
| Global Round : 1 | Client :7 | Local Epoch : 3 | [64/615 (11%)]	Loss1: 5.862841 Loss2: 0.000000 
| Global Round : 1 | Client :7 | Local Epoch : 4 | [64/615 (11%)]	Loss1: 5.860261 Loss2: 0.000000 
| Global Round : 1 | Client :8 | Local Epoch : 0 | [64/609 (11%)]	Loss1: 5.931461 Loss2: 0.000000 
| Global Round : 1 | Client :8 | Local Epoch : 1 | [64/609 (11%)]	Loss1: 5.872677 Loss2: 0.000000 
| Global Round : 1 | Client :8 | Local Epoch : 2 | [64/609 (11%)]	Loss1: 5.868586 Loss2: 0.000000 
| Global Round : 1 | Client :8 | Local Epoch : 3 | [64/609 (11%)]	Loss1: 5.863861 Loss2: 0.000000 
| Global Round : 1 | Client :8 | Local Epoch : 4 | [64/609 (11%)]	Loss1: 5.862152 Loss2: 0.000000 
| Global Round : 1 | Client :9 | Local Epoch : 0 | [64/628 (11%)]	Loss1: 5.919932 Loss2: 0.000000 
| Global Round : 1 | Client :9 | Local Epoch : 1 | [64/628 (11%)]	Loss1: 5.872904 Loss2: 0.000000 
| Global Round : 1 | Client :9 | Local Epoch : 2 | [64/628 (11%)]	Loss1: 5.866634 Loss2: 0.000000 
| Global Round : 1 | Client :9 | Local Epoch : 3 | [64/628 (11%)]	Loss1: 5.864211 Loss2: 0.000000 
| Global Round : 1 | Client :9 | Local Epoch : 4 | [64/628 (11%)]	Loss1: 5.864048 Loss2: 0.000000 
<frozen importlib._bootstrap>:219: RuntimeWarning: scipy._lib.messagestream.MessageStream size changed, may indicate binary incompatibility. Expected 56 from C header, got 64 from PyObject
/home/gyh/anaconda3/envs/pt_38py_env/lib/python3.8/site-packages/torchvision/datasets/mnist.py:498: UserWarning: The given NumPy array is not writeable, and PyTorch does not support non-writeable tensors. This means you can write to the underlying (supposedly non-writeable) NumPy array using the tensor. You may want to copy the array to protect its data or make it writeable before converting it to a tensor. This type of warning will be suppressed for the rest of this program. (Triggered internally at  /pytorch/torch/csrc/utils/tensor_numpy.cpp:180.)
  return torch.from_numpy(parsed.astype(m[2], copy=False)).view(*s)
/home/gyh/anaconda3/envs/pt_38py_env/lib/python3.8/site-packages/torch/nn/functional.py:718: UserWarning: Named tensors and all their associated APIs are an experimental feature and subject to change. Please do not use them for anything important until they are released as stable. (Triggered internally at  /pytorch/c10/core/TensorImpl.h:1156.)
  return torch.max_pool2d(input, kernel_size, stride, padding, dilation, ceil_mode)
/home/gyh/anaconda3/envs/pt_38py_env/lib/python3.8/site-packages/cvxpy/problems/problem.py:1407: UserWarning: Solution may be inaccurate. Try another solver, adjusting the solver settings, or solve with verbose=True for more information.
  warnings.warn(
average loss:   5.856904924729514
average local test accuracy: 0.57734375
average global test accuracy:  0.501953125

 | Global Training Round : 2 |

xi_k [0.51966973 0.51876469 0.50686351 0.48501665 0.48618043 0.48769195
 0.53131521 0.50168708 0.50670805 0.49145298]
max_exp: -1.0
coe: 10
Regulation [0.8 0.8 0.8 0.8 0.8 0.8 0.8 0.8 0.8 0.8]
Solver status: optimal_inaccurate
b_new: [1. 1. 1. 1. 1. 1. 1. 1. 1. 1.]
Iter 0: obj=49.9535, best_obj=49.9535, ||b_new-b_prev||₂=2.846050
xi_k [0.51966973 0.51876469 0.50686351 0.48501665 0.48618043 0.48769195
 0.53131521 0.50168708 0.50670805 0.49145298]
max_exp: -1.0
coe: 10
Regulation [-1. -1. -1. -1. -1. -1. -1. -1. -1. -1.]
Solver status: optimal_inaccurate
b_new: [1. 1. 1. 1. 1. 1. 1. 1. 1. 1.]
Iter 1: obj=50.8535, best_obj=50.8535, ||b_new-b_prev||₂=0.000000
Converged.
Final b: [1. 1. 1. 1. 1. 1. 1. 1. 1. 1.]
<class 'numpy.ndarray'>
b_float: [1. 1. 1. 1. 1. 1. 1. 1. 1. 1.]
b: [1 1 1 1 1 1 1 1 1 1]
active_clients:  [0, 1, 2, 3, 4, 5, 6, 7, 8, 9]
Client 0's s_k are:[0 0 0 0 0 0 0 0 0 0]
Client 1's s_k are:[0 0 0 0 0 0 0 0 0 0]
Client 2's s_k are:[0 0 0 0 0 0 0 0 0 0]
Client 3's s_k are:[0 0 0 0 0 0 0 0 0 0]
Client 4's s_k are:[0 0 0 0 0 0 0 0 0 0]
Client 5's s_k are:[0 0 0 0 0 0 0 0 0 0]
Client 6's s_k are:[0 0 0 0 0 0 0 0 0 0]
Client 7's s_k are:[0 0 0 0 0 0 0 0 0 0]
Client 8's s_k are:[0 0 0 0 0 0 0 0 0 0]
Client 9's s_k are:[0 0 0 0 0 0 0 0 0 0]
| Global Round : 2 | Client :0 | Local Epoch : 0 | [64/594 (11%)]	Loss1: 5.860369 Loss2: 0.000000 
| Global Round : 2 | Client :0 | Local Epoch : 1 | [64/594 (11%)]	Loss1: 5.858818 Loss2: 0.000000 
| Global Round : 2 | Client :0 | Local Epoch : 2 | [64/594 (11%)]	Loss1: 5.859632 Loss2: 0.000000 
| Global Round : 2 | Client :0 | Local Epoch : 3 | [64/594 (11%)]	Loss1: 5.857275 Loss2: 0.000000 
| Global Round : 2 | Client :0 | Local Epoch : 4 | [64/594 (11%)]	Loss1: 5.856802 Loss2: 0.000000 
| Global Round : 2 | Client :1 | Local Epoch : 0 | [64/595 (11%)]	Loss1: 5.862056 Loss2: 0.000000 
| Global Round : 2 | Client :1 | Local Epoch : 1 | [64/595 (11%)]	Loss1: 5.860657 Loss2: 0.000000 
| Global Round : 2 | Client :1 | Local Epoch : 2 | [64/595 (11%)]	Loss1: 5.857567 Loss2: 0.000000 
| Global Round : 2 | Client :1 | Local Epoch : 3 | [64/595 (11%)]	Loss1: 5.857652 Loss2: 0.000000 
| Global Round : 2 | Client :1 | Local Epoch : 4 | [64/595 (11%)]	Loss1: 5.857087 Loss2: 0.000000 
| Global Round : 2 | Client :2 | Local Epoch : 0 | [64/474 (14%)]	Loss1: 5.861853 Loss2: 0.000000 
| Global Round : 2 | Client :2 | Local Epoch : 1 | [64/474 (14%)]	Loss1: 5.861282 Loss2: 0.000000 
| Global Round : 2 | Client :2 | Local Epoch : 2 | [64/474 (14%)]	Loss1: 5.860663 Loss2: 0.000000 
| Global Round : 2 | Client :2 | Local Epoch : 3 | [64/474 (14%)]	Loss1: 5.858601 Loss2: 0.000000 
| Global Round : 2 | Client :2 | Local Epoch : 4 | [64/474 (14%)]	Loss1: 5.860034 Loss2: 0.000000 
| Global Round : 2 | Client :3 | Local Epoch : 0 | [64/566 (12%)]	Loss1: 5.862116 Loss2: 0.000000 
| Global Round : 2 | Client :3 | Local Epoch : 1 | [64/566 (12%)]	Loss1: 5.862487 Loss2: 0.000000 
| Global Round : 2 | Client :3 | Local Epoch : 2 | [64/566 (12%)]	Loss1: 5.860134 Loss2: 0.000000 
| Global Round : 2 | Client :3 | Local Epoch : 3 | [64/566 (12%)]	Loss1: 5.857395 Loss2: 0.000000 
| Global Round : 2 | Client :3 | Local Epoch : 4 | [64/566 (12%)]	Loss1: 5.857302 Loss2: 0.000000 
| Global Round : 2 | Client :4 | Local Epoch : 0 | [64/635 (11%)]	Loss1: 5.861616 Loss2: 0.000000 
| Global Round : 2 | Client :4 | Local Epoch : 1 | [64/635 (11%)]	Loss1: 5.861137 Loss2: 0.000000 
| Global Round : 2 | Client :4 | Local Epoch : 2 | [64/635 (11%)]	Loss1: 5.858428 Loss2: 0.000000 
| Global Round : 2 | Client :4 | Local Epoch : 3 | [64/635 (11%)]	Loss1: 5.856950 Loss2: 0.000000 
| Global Round : 2 | Client :4 | Local Epoch : 4 | [64/635 (11%)]	Loss1: 5.857913 Loss2: 0.000000 
| Global Round : 2 | Client :5 | Local Epoch : 0 | [64/633 (11%)]	Loss1: 5.860264 Loss2: 0.000000 
| Global Round : 2 | Client :5 | Local Epoch : 1 | [64/633 (11%)]	Loss1: 5.861141 Loss2: 0.000000 
| Global Round : 2 | Client :5 | Local Epoch : 2 | [64/633 (11%)]	Loss1: 5.856441 Loss2: 0.000000 
| Global Round : 2 | Client :5 | Local Epoch : 3 | [64/633 (11%)]	Loss1: 5.856578 Loss2: 0.000000 
| Global Round : 2 | Client :5 | Local Epoch : 4 | [64/633 (11%)]	Loss1: 5.854692 Loss2: 0.000000 
| Global Round : 2 | Client :6 | Local Epoch : 0 | [64/645 (10%)]	Loss1: 5.858729 Loss2: 0.000000 
| Global Round : 2 | Client :6 | Local Epoch : 1 | [64/645 (10%)]	Loss1: 5.856685 Loss2: 0.000000 
| Global Round : 2 | Client :6 | Local Epoch : 2 | [64/645 (10%)]	Loss1: 5.856370 Loss2: 0.000000 
| Global Round : 2 | Client :6 | Local Epoch : 3 | [64/645 (10%)]	Loss1: 5.857444 Loss2: 0.000000 
| Global Round : 2 | Client :6 | Local Epoch : 4 | [64/645 (10%)]	Loss1: 5.854168 Loss2: 0.000000 
| Global Round : 2 | Client :7 | Local Epoch : 0 | [64/615 (11%)]	Loss1: 5.860067 Loss2: 0.000000 
| Global Round : 2 | Client :7 | Local Epoch : 1 | [64/615 (11%)]	Loss1: 5.859043 Loss2: 0.000000 
| Global Round : 2 | Client :7 | Local Epoch : 2 | [64/615 (11%)]	Loss1: 5.858087 Loss2: 0.000000 
| Global Round : 2 | Client :7 | Local Epoch : 3 | [64/615 (11%)]	Loss1: 5.855425 Loss2: 0.000000 
| Global Round : 2 | Client :7 | Local Epoch : 4 | [64/615 (11%)]	Loss1: 5.856314 Loss2: 0.000000 
| Global Round : 2 | Client :8 | Local Epoch : 0 | [64/609 (11%)]	Loss1: 5.860666 Loss2: 0.000000 
| Global Round : 2 | Client :8 | Local Epoch : 1 | [64/609 (11%)]	Loss1: 5.859576 Loss2: 0.000000 
| Global Round : 2 | Client :8 | Local Epoch : 2 | [64/609 (11%)]	Loss1: 5.858415 Loss2: 0.000000 
| Global Round : 2 | Client :8 | Local Epoch : 3 | [64/609 (11%)]	Loss1: 5.859301 Loss2: 0.000000 
| Global Round : 2 | Client :8 | Local Epoch : 4 | [64/609 (11%)]	Loss1: 5.855155 Loss2: 0.000000 
| Global Round : 2 | Client :9 | Local Epoch : 0 | [64/628 (11%)]	Loss1: 5.861956 Loss2: 0.000000 
| Global Round : 2 | Client :9 | Local Epoch : 1 | [64/628 (11%)]	Loss1: 5.860624 Loss2: 0.000000 
| Global Round : 2 | Client :9 | Local Epoch : 2 | [64/628 (11%)]	Loss1: 5.857324 Loss2: 0.000000 
| Global Round : 2 | Client :9 | Local Epoch : 3 | [64/628 (11%)]	Loss1: 5.857354 Loss2: 0.000000 
| Global Round : 2 | Client :9 | Local Epoch : 4 | [64/628 (11%)]	Loss1: 5.857401 Loss2: 0.000000 
average loss:   5.852392481224878
average local test accuracy: 0.6932291666666666
average global test accuracy:  0.6601562499999999

 | Global Training Round : 3 |

xi_k [0.51873722 0.51806514 0.50599126 0.48419467 0.48545282 0.48705012
 0.53063211 0.50116447 0.50593883 0.49078961]
max_exp: -1.0
coe: 10
Regulation [0.8 0.8 0.8 0.8 0.8 0.8 0.8 0.8 0.8 0.8]
Solver status: optimal_inaccurate
b_new: [1. 1. 1. 1. 1. 1. 1. 1. 1. 1.]
Iter 0: obj=49.8802, best_obj=49.8802, ||b_new-b_prev||₂=2.846050
xi_k [0.51873722 0.51806514 0.50599126 0.48419467 0.48545282 0.48705012
 0.53063211 0.50116447 0.50593883 0.49078961]
max_exp: -1.0
coe: 10
Regulation [-1. -1. -1. -1. -1. -1. -1. -1. -1. -1.]
Solver status: optimal_inaccurate
b_new: [1. 1. 1. 1. 1. 1. 1. 1. 1. 1.]
Iter 1: obj=50.7802, best_obj=50.7802, ||b_new-b_prev||₂=0.000000
Converged.
Final b: [1. 1. 1. 1. 1. 1. 1. 1. 1. 1.]
<class 'numpy.ndarray'>
b_float: [1. 1. 1. 1. 1. 1. 1. 1. 1. 1.]
b: [1 1 1 1 1 1 1 1 1 1]
active_clients:  [0, 1, 2, 3, 4, 5, 6, 7, 8, 9]
Client 0's s_k are:[0 0 0 0 0 0 0 0 0 0]
Client 1's s_k are:[0 0 0 0 0 0 0 0 0 0]
Client 2's s_k are:[0 0 0 0 0 0 0 0 0 0]
Client 3's s_k are:[0 0 0 0 0 0 0 0 0 0]
Client 4's s_k are:[0 0 0 0 0 0 0 0 0 0]
Client 5's s_k are:[0 0 0 0 0 0 0 0 0 0]
Client 6's s_k are:[0 0 0 0 0 0 0 0 0 0]
Client 7's s_k are:[0 0 0 0 0 0 0 0 0 0]
Client 8's s_k are:[0 0 0 0 0 0 0 0 0 0]
Client 9's s_k are:[0 0 0 0 0 0 0 0 0 0]
| Global Round : 3 | Client :0 | Local Epoch : 0 | [64/594 (11%)]	Loss1: 5.856564 Loss2: 0.000000 
| Global Round : 3 | Client :0 | Local Epoch : 1 | [64/594 (11%)]	Loss1: 5.855695 Loss2: 0.000000 
| Global Round : 3 | Client :0 | Local Epoch : 2 | [64/594 (11%)]	Loss1: 5.853894 Loss2: 0.000000 
| Global Round : 3 | Client :0 | Local Epoch : 3 | [64/594 (11%)]	Loss1: 5.854562 Loss2: 0.000000 
| Global Round : 3 | Client :0 | Local Epoch : 4 | [64/594 (11%)]	Loss1: 5.853784 Loss2: 0.000000 
| Global Round : 3 | Client :1 | Local Epoch : 0 | [64/595 (11%)]	Loss1: 5.854445 Loss2: 0.000000 
| Global Round : 3 | Client :1 | Local Epoch : 1 | [64/595 (11%)]	Loss1: 5.853539 Loss2: 0.000000 
| Global Round : 3 | Client :1 | Local Epoch : 2 | [64/595 (11%)]	Loss1: 5.853251 Loss2: 0.000000 
| Global Round : 3 | Client :1 | Local Epoch : 3 | [64/595 (11%)]	Loss1: 5.852968 Loss2: 0.000000 
| Global Round : 3 | Client :1 | Local Epoch : 4 | [64/595 (11%)]	Loss1: 5.853076 Loss2: 0.000000 
| Global Round : 3 | Client :2 | Local Epoch : 0 | [64/474 (14%)]	Loss1: 5.856204 Loss2: 0.000000 
| Global Round : 3 | Client :2 | Local Epoch : 1 | [64/474 (14%)]	Loss1: 5.855866 Loss2: 0.000000 
| Global Round : 3 | Client :2 | Local Epoch : 2 | [64/474 (14%)]	Loss1: 5.856319 Loss2: 0.000000 
| Global Round : 3 | Client :2 | Local Epoch : 3 | [64/474 (14%)]	Loss1: 5.853933 Loss2: 0.000000 
| Global Round : 3 | Client :2 | Local Epoch : 4 | [64/474 (14%)]	Loss1: 5.854863 Loss2: 0.000000 
| Global Round : 3 | Client :3 | Local Epoch : 0 | [64/566 (12%)]	Loss1: 5.856650 Loss2: 0.000000 
| Global Round : 3 | Client :3 | Local Epoch : 1 | [64/566 (12%)]	Loss1: 5.856121 Loss2: 0.000000 
| Global Round : 3 | Client :3 | Local Epoch : 2 | [64/566 (12%)]	Loss1: 5.856209 Loss2: 0.000000 
| Global Round : 3 | Client :3 | Local Epoch : 3 | [64/566 (12%)]	Loss1: 5.854258 Loss2: 0.000000 
| Global Round : 3 | Client :3 | Local Epoch : 4 | [64/566 (12%)]	Loss1: 5.852432 Loss2: 0.000000 
| Global Round : 3 | Client :4 | Local Epoch : 0 | [64/635 (11%)]	Loss1: 5.856128 Loss2: 0.000000 
| Global Round : 3 | Client :4 | Local Epoch : 1 | [64/635 (11%)]	Loss1: 5.855857 Loss2: 0.000000 
| Global Round : 3 | Client :4 | Local Epoch : 2 | [64/635 (11%)]	Loss1: 5.854281 Loss2: 0.000000 
| Global Round : 3 | Client :4 | Local Epoch : 3 | [64/635 (11%)]	Loss1: 5.854125 Loss2: 0.000000 
| Global Round : 3 | Client :4 | Local Epoch : 4 | [64/635 (11%)]	Loss1: 5.854662 Loss2: 0.000000 
| Global Round : 3 | Client :5 | Local Epoch : 0 | [64/633 (11%)]	Loss1: 5.854652 Loss2: 0.000000 
| Global Round : 3 | Client :5 | Local Epoch : 1 | [64/633 (11%)]	Loss1: 5.856366 Loss2: 0.000000 
| Global Round : 3 | Client :5 | Local Epoch : 2 | [64/633 (11%)]	Loss1: 5.854272 Loss2: 0.000000 
| Global Round : 3 | Client :5 | Local Epoch : 3 | [64/633 (11%)]	Loss1: 5.852844 Loss2: 0.000000 
| Global Round : 3 | Client :5 | Local Epoch : 4 | [64/633 (11%)]	Loss1: 5.851954 Loss2: 0.000000 
| Global Round : 3 | Client :6 | Local Epoch : 0 | [64/645 (10%)]	Loss1: 5.854816 Loss2: 0.000000 
| Global Round : 3 | Client :6 | Local Epoch : 1 | [64/645 (10%)]	Loss1: 5.852738 Loss2: 0.000000 
| Global Round : 3 | Client :6 | Local Epoch : 2 | [64/645 (10%)]	Loss1: 5.850713 Loss2: 0.000000 
| Global Round : 3 | Client :6 | Local Epoch : 3 | [64/645 (10%)]	Loss1: 5.852853 Loss2: 0.000000 
| Global Round : 3 | Client :6 | Local Epoch : 4 | [64/645 (10%)]	Loss1: 5.850904 Loss2: 0.000000 
| Global Round : 3 | Client :7 | Local Epoch : 0 | [64/615 (11%)]	Loss1: 5.853849 Loss2: 0.000000 
| Global Round : 3 | Client :7 | Local Epoch : 1 | [64/615 (11%)]	Loss1: 5.854295 Loss2: 0.000000 
| Global Round : 3 | Client :7 | Local Epoch : 2 | [64/615 (11%)]	Loss1: 5.852648 Loss2: 0.000000 
| Global Round : 3 | Client :7 | Local Epoch : 3 | [64/615 (11%)]	Loss1: 5.852427 Loss2: 0.000000 
| Global Round : 3 | Client :7 | Local Epoch : 4 | [64/615 (11%)]	Loss1: 5.853925 Loss2: 0.000000 
| Global Round : 3 | Client :8 | Local Epoch : 0 | [64/609 (11%)]	Loss1: 5.855333 Loss2: 0.000000 
| Global Round : 3 | Client :8 | Local Epoch : 1 | [64/609 (11%)]	Loss1: 5.855429 Loss2: 0.000000 
| Global Round : 3 | Client :8 | Local Epoch : 2 | [64/609 (11%)]	Loss1: 5.855143 Loss2: 0.000000 
| Global Round : 3 | Client :8 | Local Epoch : 3 | [64/609 (11%)]	Loss1: 5.852918 Loss2: 0.000000 
| Global Round : 3 | Client :8 | Local Epoch : 4 | [64/609 (11%)]	Loss1: 5.851009 Loss2: 0.000000 
| Global Round : 3 | Client :9 | Local Epoch : 0 | [64/628 (11%)]	Loss1: 5.857605 Loss2: 0.000000 
| Global Round : 3 | Client :9 | Local Epoch : 1 | [64/628 (11%)]	Loss1: 5.856246 Loss2: 0.000000 
| Global Round : 3 | Client :9 | Local Epoch : 2 | [64/628 (11%)]	Loss1: 5.854869 Loss2: 0.000000 
| Global Round : 3 | Client :9 | Local Epoch : 3 | [64/628 (11%)]	Loss1: 5.852926 Loss2: 0.000000 
| Global Round : 3 | Client :9 | Local Epoch : 4 | [64/628 (11%)]	Loss1: 5.852551 Loss2: 0.000000 
average loss:   5.850015092671863
average local test accuracy: 0.7369791666666667
average global test accuracy:  0.7208333333333334

 | Global Training Round : 4 |

xi_k [0.51837414 0.51749242 0.50541669 0.48388938 0.48517605 0.48668308
 0.53022125 0.50074635 0.50566216 0.49032057]
max_exp: -1.0
coe: 10
Regulation [0.8 0.8 0.8 0.8 0.8 0.8 0.8 0.8 0.8 0.8]
Solver status: optimal_inaccurate
b_new: [1. 1. 1. 1. 1. 1. 1. 1. 1. 1.]
Iter 0: obj=49.8398, best_obj=49.8398, ||b_new-b_prev||₂=2.846050
xi_k [0.51837414 0.51749242 0.50541669 0.48388938 0.48517605 0.48668308
 0.53022125 0.50074635 0.50566216 0.49032057]
max_exp: -1.0
coe: 10
Regulation [-1. -1. -1. -1. -1. -1. -1. -1. -1. -1.]
Solver status: optimal_inaccurate
b_new: [1. 1. 1. 1. 1. 1. 1. 1. 1. 1.]
Iter 1: obj=50.7398, best_obj=50.7398, ||b_new-b_prev||₂=0.000000
Converged.
Final b: [1. 1. 1. 1. 1. 1. 1. 1. 1. 1.]
<class 'numpy.ndarray'>
b_float: [1. 1. 1. 1. 1. 1. 1. 1. 1. 1.]
b: [1 1 1 1 1 1 1 1 1 1]
active_clients:  [0, 1, 2, 3, 4, 5, 6, 7, 8, 9]
Client 0's s_k are:[0 0 0 0 0 0 0 0 0 0]
Client 1's s_k are:[0 0 0 0 0 0 0 0 0 0]
Client 2's s_k are:[0 0 0 0 0 0 0 0 0 0]
Client 3's s_k are:[0 0 0 0 0 0 0 0 0 0]
Client 4's s_k are:[0 0 0 0 0 0 0 0 0 0]
Client 5's s_k are:[0 0 0 0 0 0 0 0 0 0]
Client 6's s_k are:[0 0 0 0 0 0 0 0 0 0]
Client 7's s_k are:[0 0 0 0 0 0 0 0 0 0]
Client 8's s_k are:[0 0 0 0 0 0 0 0 0 0]
Client 9's s_k are:[0 0 0 0 0 0 0 0 0 0]
| Global Round : 4 | Client :0 | Local Epoch : 0 | [64/594 (11%)]	Loss1: 5.850832 Loss2: 0.000000 
| Global Round : 4 | Client :0 | Local Epoch : 1 | [64/594 (11%)]	Loss1: 5.852334 Loss2: 0.000000 
| Global Round : 4 | Client :0 | Local Epoch : 2 | [64/594 (11%)]	Loss1: 5.851946 Loss2: 0.000000 
| Global Round : 4 | Client :0 | Local Epoch : 3 | [64/594 (11%)]	Loss1: 5.852809 Loss2: 0.000000 
| Global Round : 4 | Client :0 | Local Epoch : 4 | [64/594 (11%)]	Loss1: 5.851740 Loss2: 0.000000 
| Global Round : 4 | Client :1 | Local Epoch : 0 | [64/595 (11%)]	Loss1: 5.850631 Loss2: 0.000000 
| Global Round : 4 | Client :1 | Local Epoch : 1 | [64/595 (11%)]	Loss1: 5.851700 Loss2: 0.000000 
| Global Round : 4 | Client :1 | Local Epoch : 2 | [64/595 (11%)]	Loss1: 5.850004 Loss2: 0.000000 
| Global Round : 4 | Client :1 | Local Epoch : 3 | [64/595 (11%)]	Loss1: 5.850214 Loss2: 0.000000 
| Global Round : 4 | Client :1 | Local Epoch : 4 | [64/595 (11%)]	Loss1: 5.851522 Loss2: 0.000000 
| Global Round : 4 | Client :2 | Local Epoch : 0 | [64/474 (14%)]	Loss1: 5.854664 Loss2: 0.000000 
| Global Round : 4 | Client :2 | Local Epoch : 1 | [64/474 (14%)]	Loss1: 5.853467 Loss2: 0.000000 
| Global Round : 4 | Client :2 | Local Epoch : 2 | [64/474 (14%)]	Loss1: 5.852559 Loss2: 0.000000 
| Global Round : 4 | Client :2 | Local Epoch : 3 | [64/474 (14%)]	Loss1: 5.851442 Loss2: 0.000000 
| Global Round : 4 | Client :2 | Local Epoch : 4 | [64/474 (14%)]	Loss1: 5.852805 Loss2: 0.000000 
| Global Round : 4 | Client :3 | Local Epoch : 0 | [64/566 (12%)]	Loss1: 5.853306 Loss2: 0.000000 
| Global Round : 4 | Client :3 | Local Epoch : 1 | [64/566 (12%)]	Loss1: 5.854908 Loss2: 0.000000 
| Global Round : 4 | Client :3 | Local Epoch : 2 | [64/566 (12%)]	Loss1: 5.852407 Loss2: 0.000000 
| Global Round : 4 | Client :3 | Local Epoch : 3 | [64/566 (12%)]	Loss1: 5.851963 Loss2: 0.000000 
| Global Round : 4 | Client :3 | Local Epoch : 4 | [64/566 (12%)]	Loss1: 5.855110 Loss2: 0.000000 
| Global Round : 4 | Client :4 | Local Epoch : 0 | [64/635 (11%)]	Loss1: 5.853025 Loss2: 0.000000 
| Global Round : 4 | Client :4 | Local Epoch : 1 | [64/635 (11%)]	Loss1: 5.851568 Loss2: 0.000000 
| Global Round : 4 | Client :4 | Local Epoch : 2 | [64/635 (11%)]	Loss1: 5.854548 Loss2: 0.000000 
| Global Round : 4 | Client :4 | Local Epoch : 3 | [64/635 (11%)]	Loss1: 5.851184 Loss2: 0.000000 
| Global Round : 4 | Client :4 | Local Epoch : 4 | [64/635 (11%)]	Loss1: 5.853057 Loss2: 0.000000 
| Global Round : 4 | Client :5 | Local Epoch : 0 | [64/633 (11%)]	Loss1: 5.853719 Loss2: 0.000000 
| Global Round : 4 | Client :5 | Local Epoch : 1 | [64/633 (11%)]	Loss1: 5.852304 Loss2: 0.000000 
| Global Round : 4 | Client :5 | Local Epoch : 2 | [64/633 (11%)]	Loss1: 5.852767 Loss2: 0.000000 
| Global Round : 4 | Client :5 | Local Epoch : 3 | [64/633 (11%)]	Loss1: 5.850075 Loss2: 0.000000 
| Global Round : 4 | Client :5 | Local Epoch : 4 | [64/633 (11%)]	Loss1: 5.851741 Loss2: 0.000000 
| Global Round : 4 | Client :6 | Local Epoch : 0 | [64/645 (10%)]	Loss1: 5.850807 Loss2: 0.000000 
| Global Round : 4 | Client :6 | Local Epoch : 1 | [64/645 (10%)]	Loss1: 5.851702 Loss2: 0.000000 
| Global Round : 4 | Client :6 | Local Epoch : 2 | [64/645 (10%)]	Loss1: 5.851433 Loss2: 0.000000 
| Global Round : 4 | Client :6 | Local Epoch : 3 | [64/645 (10%)]	Loss1: 5.850156 Loss2: 0.000000 
| Global Round : 4 | Client :6 | Local Epoch : 4 | [64/645 (10%)]	Loss1: 5.848717 Loss2: 0.000000 
| Global Round : 4 | Client :7 | Local Epoch : 0 | [64/615 (11%)]	Loss1: 5.851293 Loss2: 0.000000 
| Global Round : 4 | Client :7 | Local Epoch : 1 | [64/615 (11%)]	Loss1: 5.852281 Loss2: 0.000000 
| Global Round : 4 | Client :7 | Local Epoch : 2 | [64/615 (11%)]	Loss1: 5.852258 Loss2: 0.000000 
| Global Round : 4 | Client :7 | Local Epoch : 3 | [64/615 (11%)]	Loss1: 5.852190 Loss2: 0.000000 
| Global Round : 4 | Client :7 | Local Epoch : 4 | [64/615 (11%)]	Loss1: 5.850419 Loss2: 0.000000 
| Global Round : 4 | Client :8 | Local Epoch : 0 | [64/609 (11%)]	Loss1: 5.853125 Loss2: 0.000000 
| Global Round : 4 | Client :8 | Local Epoch : 1 | [64/609 (11%)]	Loss1: 5.852444 Loss2: 0.000000 
| Global Round : 4 | Client :8 | Local Epoch : 2 | [64/609 (11%)]	Loss1: 5.850112 Loss2: 0.000000 
| Global Round : 4 | Client :8 | Local Epoch : 3 | [64/609 (11%)]	Loss1: 5.854270 Loss2: 0.000000 
| Global Round : 4 | Client :8 | Local Epoch : 4 | [64/609 (11%)]	Loss1: 5.853196 Loss2: 0.000000 
| Global Round : 4 | Client :9 | Local Epoch : 0 | [64/628 (11%)]	Loss1: 5.851762 Loss2: 0.000000 
| Global Round : 4 | Client :9 | Local Epoch : 1 | [64/628 (11%)]	Loss1: 5.851779 Loss2: 0.000000 
| Global Round : 4 | Client :9 | Local Epoch : 2 | [64/628 (11%)]	Loss1: 5.852325 Loss2: 0.000000 
| Global Round : 4 | Client :9 | Local Epoch : 3 | [64/628 (11%)]	Loss1: 5.851745 Loss2: 0.000000 
| Global Round : 4 | Client :9 | Local Epoch : 4 | [64/628 (11%)]	Loss1: 5.852046 Loss2: 0.000000 
average loss:   5.84817465131245
average local test accuracy: 0.76171875
average global test accuracy:  0.7473958333333333

 | Global Training Round : 5 |

xi_k [0.51812731 0.51711484 0.50504445 0.48351493 0.48482235 0.48624729
 0.52997047 0.50048993 0.50537528 0.49002384]
max_exp: -1.0
coe: 10
Regulation [0.8 0.8 0.8 0.8 0.8 0.8 0.8 0.8 0.8 0.8]
Solver status: optimal_inaccurate
b_new: [1. 1. 1. 1. 1. 1. 1. 1. 1. 1.]
Iter 0: obj=49.8073, best_obj=49.8073, ||b_new-b_prev||₂=2.846050
xi_k [0.51812731 0.51711484 0.50504445 0.48351493 0.48482235 0.48624729
 0.52997047 0.50048993 0.50537528 0.49002384]
max_exp: -1.0
coe: 10
Regulation [-1. -1. -1. -1. -1. -1. -1. -1. -1. -1.]
Solver status: optimal_inaccurate
b_new: [1. 1. 1. 1. 1. 1. 1. 1. 1. 1.]
Iter 1: obj=50.7073, best_obj=50.7073, ||b_new-b_prev||₂=0.000000
Converged.
Final b: [1. 1. 1. 1. 1. 1. 1. 1. 1. 1.]
<class 'numpy.ndarray'>
b_float: [1. 1. 1. 1. 1. 1. 1. 1. 1. 1.]
b: [1 1 1 1 1 1 1 1 1 1]
active_clients:  [0, 1, 2, 3, 4, 5, 6, 7, 8, 9]
Client 0's s_k are:[0 0 0 0 0 0 0 0 0 0]
Client 1's s_k are:[0 0 0 0 0 0 0 0 0 0]
Client 2's s_k are:[0 0 0 0 0 0 0 0 0 0]
Client 3's s_k are:[0 0 0 0 0 0 0 0 0 0]
Client 4's s_k are:[0 0 0 0 0 0 0 0 0 0]
Client 5's s_k are:[0 0 0 0 0 0 0 0 0 0]
Client 6's s_k are:[0 0 0 0 0 0 0 0 0 0]
Client 7's s_k are:[0 0 0 0 0 0 0 0 0 0]
Client 8's s_k are:[0 0 0 0 0 0 0 0 0 0]
Client 9's s_k are:[0 0 0 0 0 0 0 0 0 0]
| Global Round : 5 | Client :0 | Local Epoch : 0 | [64/594 (11%)]	Loss1: 5.852022 Loss2: 0.000000 
| Global Round : 5 | Client :0 | Local Epoch : 1 | [64/594 (11%)]	Loss1: 5.851637 Loss2: 0.000000 
| Global Round : 5 | Client :0 | Local Epoch : 2 | [64/594 (11%)]	Loss1: 5.849395 Loss2: 0.000000 
| Global Round : 5 | Client :0 | Local Epoch : 3 | [64/594 (11%)]	Loss1: 5.850224 Loss2: 0.000000 
| Global Round : 5 | Client :0 | Local Epoch : 4 | [64/594 (11%)]	Loss1: 5.850290 Loss2: 0.000000 
| Global Round : 5 | Client :1 | Local Epoch : 0 | [64/595 (11%)]	Loss1: 5.850133 Loss2: 0.000000 
| Global Round : 5 | Client :1 | Local Epoch : 1 | [64/595 (11%)]	Loss1: 5.849712 Loss2: 0.000000 
| Global Round : 5 | Client :1 | Local Epoch : 2 | [64/595 (11%)]	Loss1: 5.850681 Loss2: 0.000000 
| Global Round : 5 | Client :1 | Local Epoch : 3 | [64/595 (11%)]	Loss1: 5.848210 Loss2: 0.000000 
| Global Round : 5 | Client :1 | Local Epoch : 4 | [64/595 (11%)]	Loss1: 5.848664 Loss2: 0.000000 
| Global Round : 5 | Client :2 | Local Epoch : 0 | [64/474 (14%)]	Loss1: 5.851101 Loss2: 0.000000 
| Global Round : 5 | Client :2 | Local Epoch : 1 | [64/474 (14%)]	Loss1: 5.854412 Loss2: 0.000000 
| Global Round : 5 | Client :2 | Local Epoch : 2 | [64/474 (14%)]	Loss1: 5.851681 Loss2: 0.000000 
| Global Round : 5 | Client :2 | Local Epoch : 3 | [64/474 (14%)]	Loss1: 5.851782 Loss2: 0.000000 
| Global Round : 5 | Client :2 | Local Epoch : 4 | [64/474 (14%)]	Loss1: 5.851987 Loss2: 0.000000 
| Global Round : 5 | Client :3 | Local Epoch : 0 | [64/566 (12%)]	Loss1: 5.853063 Loss2: 0.000000 
| Global Round : 5 | Client :3 | Local Epoch : 1 | [64/566 (12%)]	Loss1: 5.853143 Loss2: 0.000000 
| Global Round : 5 | Client :3 | Local Epoch : 2 | [64/566 (12%)]	Loss1: 5.851619 Loss2: 0.000000 
| Global Round : 5 | Client :3 | Local Epoch : 3 | [64/566 (12%)]	Loss1: 5.852048 Loss2: 0.000000 
| Global Round : 5 | Client :3 | Local Epoch : 4 | [64/566 (12%)]	Loss1: 5.849854 Loss2: 0.000000 
| Global Round : 5 | Client :4 | Local Epoch : 0 | [64/635 (11%)]	Loss1: 5.853274 Loss2: 0.000000 
| Global Round : 5 | Client :4 | Local Epoch : 1 | [64/635 (11%)]	Loss1: 5.852383 Loss2: 0.000000 
| Global Round : 5 | Client :4 | Local Epoch : 2 | [64/635 (11%)]	Loss1: 5.850658 Loss2: 0.000000 
| Global Round : 5 | Client :4 | Local Epoch : 3 | [64/635 (11%)]	Loss1: 5.851429 Loss2: 0.000000 
| Global Round : 5 | Client :4 | Local Epoch : 4 | [64/635 (11%)]	Loss1: 5.850666 Loss2: 0.000000 
| Global Round : 5 | Client :5 | Local Epoch : 0 | [64/633 (11%)]	Loss1: 5.851317 Loss2: 0.000000 
| Global Round : 5 | Client :5 | Local Epoch : 1 | [64/633 (11%)]	Loss1: 5.851321 Loss2: 0.000000 
| Global Round : 5 | Client :5 | Local Epoch : 2 | [64/633 (11%)]	Loss1: 5.850909 Loss2: 0.000000 
| Global Round : 5 | Client :5 | Local Epoch : 3 | [64/633 (11%)]	Loss1: 5.849482 Loss2: 0.000000 
| Global Round : 5 | Client :5 | Local Epoch : 4 | [64/633 (11%)]	Loss1: 5.851816 Loss2: 0.000000 
| Global Round : 5 | Client :6 | Local Epoch : 0 | [64/645 (10%)]	Loss1: 5.849020 Loss2: 0.000000 
| Global Round : 5 | Client :6 | Local Epoch : 1 | [64/645 (10%)]	Loss1: 5.850692 Loss2: 0.000000 
| Global Round : 5 | Client :6 | Local Epoch : 2 | [64/645 (10%)]	Loss1: 5.849231 Loss2: 0.000000 
| Global Round : 5 | Client :6 | Local Epoch : 3 | [64/645 (10%)]	Loss1: 5.847052 Loss2: 0.000000 
| Global Round : 5 | Client :6 | Local Epoch : 4 | [64/645 (10%)]	Loss1: 5.849733 Loss2: 0.000000 
| Global Round : 5 | Client :7 | Local Epoch : 0 | [64/615 (11%)]	Loss1: 5.850403 Loss2: 0.000000 
| Global Round : 5 | Client :7 | Local Epoch : 1 | [64/615 (11%)]	Loss1: 5.850134 Loss2: 0.000000 
| Global Round : 5 | Client :7 | Local Epoch : 2 | [64/615 (11%)]	Loss1: 5.850914 Loss2: 0.000000 
| Global Round : 5 | Client :7 | Local Epoch : 3 | [64/615 (11%)]	Loss1: 5.849125 Loss2: 0.000000 
| Global Round : 5 | Client :7 | Local Epoch : 4 | [64/615 (11%)]	Loss1: 5.849183 Loss2: 0.000000 
| Global Round : 5 | Client :8 | Local Epoch : 0 | [64/609 (11%)]	Loss1: 5.849562 Loss2: 0.000000 
| Global Round : 5 | Client :8 | Local Epoch : 1 | [64/609 (11%)]	Loss1: 5.851189 Loss2: 0.000000 
| Global Round : 5 | Client :8 | Local Epoch : 2 | [64/609 (11%)]	Loss1: 5.848890 Loss2: 0.000000 
| Global Round : 5 | Client :8 | Local Epoch : 3 | [64/609 (11%)]	Loss1: 5.851154 Loss2: 0.000000 
| Global Round : 5 | Client :8 | Local Epoch : 4 | [64/609 (11%)]	Loss1: 5.849988 Loss2: 0.000000 
| Global Round : 5 | Client :9 | Local Epoch : 0 | [64/628 (11%)]	Loss1: 5.850611 Loss2: 0.000000 
| Global Round : 5 | Client :9 | Local Epoch : 1 | [64/628 (11%)]	Loss1: 5.852446 Loss2: 0.000000 
| Global Round : 5 | Client :9 | Local Epoch : 2 | [64/628 (11%)]	Loss1: 5.850043 Loss2: 0.000000 
| Global Round : 5 | Client :9 | Local Epoch : 3 | [64/628 (11%)]	Loss1: 5.851620 Loss2: 0.000000 
| Global Round : 5 | Client :9 | Local Epoch : 4 | [64/628 (11%)]	Loss1: 5.851046 Loss2: 0.000000 
average loss:   5.846989703746069
average local test accuracy: 0.7570312499999999
average global test accuracy:  0.7548177083333333

 | Global Training Round : 6 |

xi_k [0.51790376 0.51699323 0.50491365 0.48336744 0.48453566 0.48607252
 0.52975396 0.50032089 0.50512714 0.48989611]
max_exp: -1.0
coe: 10
Regulation [0.8 0.8 0.8 0.8 0.8 0.8 0.8 0.8 0.8 0.8]
Solver status: optimal_inaccurate
b_new: [1. 1. 1. 1. 1. 1. 1. 1. 1. 1.]
Iter 0: obj=49.7888, best_obj=49.7888, ||b_new-b_prev||₂=2.846050
xi_k [0.51790376 0.51699323 0.50491365 0.48336744 0.48453566 0.48607252
 0.52975396 0.50032089 0.50512714 0.48989611]
max_exp: -1.0
coe: 10
Regulation [-1. -1. -1. -1. -1. -1. -1. -1. -1. -1.]
Solver status: optimal_inaccurate
b_new: [1. 1. 1. 1. 1. 1. 1. 1. 1. 1.]
Iter 1: obj=50.6888, best_obj=50.6888, ||b_new-b_prev||₂=0.000000
Converged.
Final b: [1. 1. 1. 1. 1. 1. 1. 1. 1. 1.]
<class 'numpy.ndarray'>
b_float: [1. 1. 1. 1. 1. 1. 1. 1. 1. 1.]
b: [1 1 1 1 1 1 1 1 1 1]
active_clients:  [0, 1, 2, 3, 4, 5, 6, 7, 8, 9]
Client 0's s_k are:[0 0 0 0 0 0 0 0 0 0]
Client 1's s_k are:[0 0 0 0 0 0 0 0 0 0]
Client 2's s_k are:[0 0 0 0 0 0 0 0 0 0]
Client 3's s_k are:[0 0 0 0 0 0 0 0 0 0]
Client 4's s_k are:[0 0 0 0 0 0 0 0 0 0]
Client 5's s_k are:[0 0 0 0 0 0 0 0 0 0]
Client 6's s_k are:[0 0 0 0 0 0 0 0 0 0]
Client 7's s_k are:[0 0 0 0 0 0 0 0 0 0]
Client 8's s_k are:[0 0 0 0 0 0 0 0 0 0]
Client 9's s_k are:[0 0 0 0 0 0 0 0 0 0]
| Global Round : 6 | Client :0 | Local Epoch : 0 | [64/594 (11%)]	Loss1: 5.849916 Loss2: 0.000000 
| Global Round : 6 | Client :0 | Local Epoch : 1 | [64/594 (11%)]	Loss1: 5.850725 Loss2: 0.000000 
| Global Round : 6 | Client :0 | Local Epoch : 2 | [64/594 (11%)]	Loss1: 5.850054 Loss2: 0.000000 
| Global Round : 6 | Client :0 | Local Epoch : 3 | [64/594 (11%)]	Loss1: 5.848658 Loss2: 0.000000 
| Global Round : 6 | Client :0 | Local Epoch : 4 | [64/594 (11%)]	Loss1: 5.850082 Loss2: 0.000000 
| Global Round : 6 | Client :1 | Local Epoch : 0 | [64/595 (11%)]	Loss1: 5.849633 Loss2: 0.000000 
| Global Round : 6 | Client :1 | Local Epoch : 1 | [64/595 (11%)]	Loss1: 5.847717 Loss2: 0.000000 
| Global Round : 6 | Client :1 | Local Epoch : 2 | [64/595 (11%)]	Loss1: 5.848670 Loss2: 0.000000 
| Global Round : 6 | Client :1 | Local Epoch : 3 | [64/595 (11%)]	Loss1: 5.848030 Loss2: 0.000000 
| Global Round : 6 | Client :1 | Local Epoch : 4 | [64/595 (11%)]	Loss1: 5.848358 Loss2: 0.000000 
| Global Round : 6 | Client :2 | Local Epoch : 0 | [64/474 (14%)]	Loss1: 5.850671 Loss2: 0.000000 
| Global Round : 6 | Client :2 | Local Epoch : 1 | [64/474 (14%)]	Loss1: 5.850479 Loss2: 0.000000 
| Global Round : 6 | Client :2 | Local Epoch : 2 | [64/474 (14%)]	Loss1: 5.850918 Loss2: 0.000000 
| Global Round : 6 | Client :2 | Local Epoch : 3 | [64/474 (14%)]	Loss1: 5.849952 Loss2: 0.000000 
| Global Round : 6 | Client :2 | Local Epoch : 4 | [64/474 (14%)]	Loss1: 5.849760 Loss2: 0.000000 
| Global Round : 6 | Client :3 | Local Epoch : 0 | [64/566 (12%)]	Loss1: 5.851962 Loss2: 0.000000 
| Global Round : 6 | Client :3 | Local Epoch : 1 | [64/566 (12%)]	Loss1: 5.851522 Loss2: 0.000000 
| Global Round : 6 | Client :3 | Local Epoch : 2 | [64/566 (12%)]	Loss1: 5.849897 Loss2: 0.000000 
| Global Round : 6 | Client :3 | Local Epoch : 3 | [64/566 (12%)]	Loss1: 5.851144 Loss2: 0.000000 
| Global Round : 6 | Client :3 | Local Epoch : 4 | [64/566 (12%)]	Loss1: 5.849148 Loss2: 0.000000 
| Global Round : 6 | Client :4 | Local Epoch : 0 | [64/635 (11%)]	Loss1: 5.849032 Loss2: 0.000000 
| Global Round : 6 | Client :4 | Local Epoch : 1 | [64/635 (11%)]	Loss1: 5.851272 Loss2: 0.000000 
| Global Round : 6 | Client :4 | Local Epoch : 2 | [64/635 (11%)]	Loss1: 5.850391 Loss2: 0.000000 
| Global Round : 6 | Client :4 | Local Epoch : 3 | [64/635 (11%)]	Loss1: 5.849710 Loss2: 0.000000 
| Global Round : 6 | Client :4 | Local Epoch : 4 | [64/635 (11%)]	Loss1: 5.848781 Loss2: 0.000000 
| Global Round : 6 | Client :5 | Local Epoch : 0 | [64/633 (11%)]	Loss1: 5.850772 Loss2: 0.000000 
| Global Round : 6 | Client :5 | Local Epoch : 1 | [64/633 (11%)]	Loss1: 5.850482 Loss2: 0.000000 
| Global Round : 6 | Client :5 | Local Epoch : 2 | [64/633 (11%)]	Loss1: 5.849319 Loss2: 0.000000 
| Global Round : 6 | Client :5 | Local Epoch : 3 | [64/633 (11%)]	Loss1: 5.848438 Loss2: 0.000000 
| Global Round : 6 | Client :5 | Local Epoch : 4 | [64/633 (11%)]	Loss1: 5.849542 Loss2: 0.000000 
| Global Round : 6 | Client :6 | Local Epoch : 0 | [64/645 (10%)]	Loss1: 5.849701 Loss2: 0.000000 
| Global Round : 6 | Client :6 | Local Epoch : 1 | [64/645 (10%)]	Loss1: 5.847836 Loss2: 0.000000 
| Global Round : 6 | Client :6 | Local Epoch : 2 | [64/645 (10%)]	Loss1: 5.848137 Loss2: 0.000000 
| Global Round : 6 | Client :6 | Local Epoch : 3 | [64/645 (10%)]	Loss1: 5.847578 Loss2: 0.000000 
| Global Round : 6 | Client :6 | Local Epoch : 4 | [64/645 (10%)]	Loss1: 5.846859 Loss2: 0.000000 
| Global Round : 6 | Client :7 | Local Epoch : 0 | [64/615 (11%)]	Loss1: 5.848096 Loss2: 0.000000 
| Global Round : 6 | Client :7 | Local Epoch : 1 | [64/615 (11%)]	Loss1: 5.851018 Loss2: 0.000000 
| Global Round : 6 | Client :7 | Local Epoch : 2 | [64/615 (11%)]	Loss1: 5.848703 Loss2: 0.000000 
| Global Round : 6 | Client :7 | Local Epoch : 3 | [64/615 (11%)]	Loss1: 5.849626 Loss2: 0.000000 
| Global Round : 6 | Client :7 | Local Epoch : 4 | [64/615 (11%)]	Loss1: 5.849140 Loss2: 0.000000 
| Global Round : 6 | Client :8 | Local Epoch : 0 | [64/609 (11%)]	Loss1: 5.849555 Loss2: 0.000000 
| Global Round : 6 | Client :8 | Local Epoch : 1 | [64/609 (11%)]	Loss1: 5.851315 Loss2: 0.000000 
| Global Round : 6 | Client :8 | Local Epoch : 2 | [64/609 (11%)]	Loss1: 5.849161 Loss2: 0.000000 
| Global Round : 6 | Client :8 | Local Epoch : 3 | [64/609 (11%)]	Loss1: 5.849780 Loss2: 0.000000 
| Global Round : 6 | Client :8 | Local Epoch : 4 | [64/609 (11%)]	Loss1: 5.848434 Loss2: 0.000000 
| Global Round : 6 | Client :9 | Local Epoch : 0 | [64/628 (11%)]	Loss1: 5.849902 Loss2: 0.000000 
| Global Round : 6 | Client :9 | Local Epoch : 1 | [64/628 (11%)]	Loss1: 5.849429 Loss2: 0.000000 
| Global Round : 6 | Client :9 | Local Epoch : 2 | [64/628 (11%)]	Loss1: 5.848420 Loss2: 0.000000 
| Global Round : 6 | Client :9 | Local Epoch : 3 | [64/628 (11%)]	Loss1: 5.848253 Loss2: 0.000000 
| Global Round : 6 | Client :9 | Local Epoch : 4 | [64/628 (11%)]	Loss1: 5.849456 Loss2: 0.000000 
average loss:   5.846045721390891
average local test accuracy: 0.7651041666666666
average global test accuracy:  0.780078125

 | Global Training Round : 7 |

xi_k [0.51771046 0.51678858 0.5047745  0.48316063 0.48436831 0.48591139
 0.52961354 0.50012958 0.50501681 0.48974702]
max_exp: -1.0
coe: 10
Regulation [0.8 0.8 0.8 0.8 0.8 0.8 0.8 0.8 0.8 0.8]
Solver status: optimal_inaccurate
b_new: [1. 1. 1. 1. 1. 1. 1. 1. 1. 1.]
Iter 0: obj=49.7722, best_obj=49.7722, ||b_new-b_prev||₂=2.846050
xi_k [0.51771046 0.51678858 0.5047745  0.48316063 0.48436831 0.48591139
 0.52961354 0.50012958 0.50501681 0.48974702]
max_exp: -1.0
coe: 10
Regulation [-1. -1. -1. -1. -1. -1. -1. -1. -1. -1.]
Solver status: optimal_inaccurate
b_new: [1. 1. 1. 1. 1. 1. 1. 1. 1. 1.]
Iter 1: obj=50.6722, best_obj=50.6722, ||b_new-b_prev||₂=0.000000
Converged.
Final b: [1. 1. 1. 1. 1. 1. 1. 1. 1. 1.]
<class 'numpy.ndarray'>
b_float: [1. 1. 1. 1. 1. 1. 1. 1. 1. 1.]
b: [1 1 1 1 1 1 1 1 1 1]
active_clients:  [0, 1, 2, 3, 4, 5, 6, 7, 8, 9]
Client 0's s_k are:[0 0 0 0 0 0 0 0 0 0]
Client 1's s_k are:[0 0 0 0 0 0 0 0 0 0]
Client 2's s_k are:[0 0 0 0 0 0 0 0 0 0]
Client 3's s_k are:[0 0 0 0 0 0 0 0 0 0]
Client 4's s_k are:[0 0 0 0 0 0 0 0 0 0]
Client 5's s_k are:[0 0 0 0 0 0 0 0 0 0]
Client 6's s_k are:[0 0 0 0 0 0 0 0 0 0]
Client 7's s_k are:[0 0 0 0 0 0 0 0 0 0]
Client 8's s_k are:[0 0 0 0 0 0 0 0 0 0]
Client 9's s_k are:[0 0 0 0 0 0 0 0 0 0]
| Global Round : 7 | Client :0 | Local Epoch : 0 | [64/594 (11%)]	Loss1: 5.850297 Loss2: 0.000000 
| Global Round : 7 | Client :0 | Local Epoch : 1 | [64/594 (11%)]	Loss1: 5.848258 Loss2: 0.000000 
| Global Round : 7 | Client :0 | Local Epoch : 2 | [64/594 (11%)]	Loss1: 5.848439 Loss2: 0.000000 
| Global Round : 7 | Client :0 | Local Epoch : 3 | [64/594 (11%)]	Loss1: 5.847656 Loss2: 0.000000 
| Global Round : 7 | Client :0 | Local Epoch : 4 | [64/594 (11%)]	Loss1: 5.846822 Loss2: 0.000000 
| Global Round : 7 | Client :1 | Local Epoch : 0 | [64/595 (11%)]	Loss1: 5.847196 Loss2: 0.000000 
| Global Round : 7 | Client :1 | Local Epoch : 1 | [64/595 (11%)]	Loss1: 5.847504 Loss2: 0.000000 
| Global Round : 7 | Client :1 | Local Epoch : 2 | [64/595 (11%)]	Loss1: 5.847814 Loss2: 0.000000 
| Global Round : 7 | Client :1 | Local Epoch : 3 | [64/595 (11%)]	Loss1: 5.846514 Loss2: 0.000000 
| Global Round : 7 | Client :1 | Local Epoch : 4 | [64/595 (11%)]	Loss1: 5.846537 Loss2: 0.000000 
| Global Round : 7 | Client :2 | Local Epoch : 0 | [64/474 (14%)]	Loss1: 5.849113 Loss2: 0.000000 
| Global Round : 7 | Client :2 | Local Epoch : 1 | [64/474 (14%)]	Loss1: 5.849646 Loss2: 0.000000 
| Global Round : 7 | Client :2 | Local Epoch : 2 | [64/474 (14%)]	Loss1: 5.848250 Loss2: 0.000000 
| Global Round : 7 | Client :2 | Local Epoch : 3 | [64/474 (14%)]	Loss1: 5.847421 Loss2: 0.000000 
| Global Round : 7 | Client :2 | Local Epoch : 4 | [64/474 (14%)]	Loss1: 5.848952 Loss2: 0.000000 
| Global Round : 7 | Client :3 | Local Epoch : 0 | [64/566 (12%)]	Loss1: 5.850265 Loss2: 0.000000 
| Global Round : 7 | Client :3 | Local Epoch : 1 | [64/566 (12%)]	Loss1: 5.849848 Loss2: 0.000000 
| Global Round : 7 | Client :3 | Local Epoch : 2 | [64/566 (12%)]	Loss1: 5.847926 Loss2: 0.000000 
| Global Round : 7 | Client :3 | Local Epoch : 3 | [64/566 (12%)]	Loss1: 5.849030 Loss2: 0.000000 
| Global Round : 7 | Client :3 | Local Epoch : 4 | [64/566 (12%)]	Loss1: 5.848711 Loss2: 0.000000 
| Global Round : 7 | Client :4 | Local Epoch : 0 | [64/635 (11%)]	Loss1: 5.848914 Loss2: 0.000000 
| Global Round : 7 | Client :4 | Local Epoch : 1 | [64/635 (11%)]	Loss1: 5.849762 Loss2: 0.000000 
| Global Round : 7 | Client :4 | Local Epoch : 2 | [64/635 (11%)]	Loss1: 5.848795 Loss2: 0.000000 
| Global Round : 7 | Client :4 | Local Epoch : 3 | [64/635 (11%)]	Loss1: 5.848634 Loss2: 0.000000 
| Global Round : 7 | Client :4 | Local Epoch : 4 | [64/635 (11%)]	Loss1: 5.847886 Loss2: 0.000000 
| Global Round : 7 | Client :5 | Local Epoch : 0 | [64/633 (11%)]	Loss1: 5.848090 Loss2: 0.000000 
| Global Round : 7 | Client :5 | Local Epoch : 1 | [64/633 (11%)]	Loss1: 5.848081 Loss2: 0.000000 
| Global Round : 7 | Client :5 | Local Epoch : 2 | [64/633 (11%)]	Loss1: 5.847515 Loss2: 0.000000 
| Global Round : 7 | Client :5 | Local Epoch : 3 | [64/633 (11%)]	Loss1: 5.849179 Loss2: 0.000000 
| Global Round : 7 | Client :5 | Local Epoch : 4 | [64/633 (11%)]	Loss1: 5.849100 Loss2: 0.000000 
| Global Round : 7 | Client :6 | Local Epoch : 0 | [64/645 (10%)]	Loss1: 5.848494 Loss2: 0.000000 
| Global Round : 7 | Client :6 | Local Epoch : 1 | [64/645 (10%)]	Loss1: 5.847797 Loss2: 0.000000 
| Global Round : 7 | Client :6 | Local Epoch : 2 | [64/645 (10%)]	Loss1: 5.846230 Loss2: 0.000000 
| Global Round : 7 | Client :6 | Local Epoch : 3 | [64/645 (10%)]	Loss1: 5.846329 Loss2: 0.000000 
| Global Round : 7 | Client :6 | Local Epoch : 4 | [64/645 (10%)]	Loss1: 5.848812 Loss2: 0.000000 
| Global Round : 7 | Client :7 | Local Epoch : 0 | [64/615 (11%)]	Loss1: 5.848584 Loss2: 0.000000 
| Global Round : 7 | Client :7 | Local Epoch : 1 | [64/615 (11%)]	Loss1: 5.849157 Loss2: 0.000000 
| Global Round : 7 | Client :7 | Local Epoch : 2 | [64/615 (11%)]	Loss1: 5.847644 Loss2: 0.000000 
| Global Round : 7 | Client :7 | Local Epoch : 3 | [64/615 (11%)]	Loss1: 5.849155 Loss2: 0.000000 
| Global Round : 7 | Client :7 | Local Epoch : 4 | [64/615 (11%)]	Loss1: 5.847887 Loss2: 0.000000 
| Global Round : 7 | Client :8 | Local Epoch : 0 | [64/609 (11%)]	Loss1: 5.848478 Loss2: 0.000000 
| Global Round : 7 | Client :8 | Local Epoch : 1 | [64/609 (11%)]	Loss1: 5.848493 Loss2: 0.000000 
| Global Round : 7 | Client :8 | Local Epoch : 2 | [64/609 (11%)]	Loss1: 5.847181 Loss2: 0.000000 
| Global Round : 7 | Client :8 | Local Epoch : 3 | [64/609 (11%)]	Loss1: 5.847094 Loss2: 0.000000 
| Global Round : 7 | Client :8 | Local Epoch : 4 | [64/609 (11%)]	Loss1: 5.847298 Loss2: 0.000000 
| Global Round : 7 | Client :9 | Local Epoch : 0 | [64/628 (11%)]	Loss1: 5.847156 Loss2: 0.000000 
| Global Round : 7 | Client :9 | Local Epoch : 1 | [64/628 (11%)]	Loss1: 5.849881 Loss2: 0.000000 
| Global Round : 7 | Client :9 | Local Epoch : 2 | [64/628 (11%)]	Loss1: 5.848911 Loss2: 0.000000 
| Global Round : 7 | Client :9 | Local Epoch : 3 | [64/628 (11%)]	Loss1: 5.849468 Loss2: 0.000000 
| Global Round : 7 | Client :9 | Local Epoch : 4 | [64/628 (11%)]	Loss1: 5.846916 Loss2: 0.000000 
average loss:   5.845205292834176
average local test accuracy: 0.7723958333333334
average global test accuracy:  0.7756510416666668

 | Global Training Round : 8 |

xi_k [0.51758206 0.51674889 0.5045753  0.48304666 0.48427255 0.48573096
 0.52946916 0.49989771 0.50485039 0.48958973]
max_exp: -1.0
coe: 10
Regulation [0.8 0.8 0.8 0.8 0.8 0.8 0.8 0.8 0.8 0.8]
Solver status: optimal_inaccurate
b_new: [1. 1. 1. 1. 1. 1. 1. 1. 1. 1.]
Iter 0: obj=49.7576, best_obj=49.7576, ||b_new-b_prev||₂=2.846050
xi_k [0.51758206 0.51674889 0.5045753  0.48304666 0.48427255 0.48573096
 0.52946916 0.49989771 0.50485039 0.48958973]
max_exp: -1.0
coe: 10
Regulation [-1. -1. -1. -1. -1. -1. -1. -1. -1. -1.]
Solver status: optimal_inaccurate
b_new: [1. 1. 1. 1. 1. 1. 1. 1. 1. 1.]
Iter 1: obj=50.6576, best_obj=50.6576, ||b_new-b_prev||₂=0.000000
Converged.
Final b: [1. 1. 1. 1. 1. 1. 1. 1. 1. 1.]
<class 'numpy.ndarray'>
b_float: [1. 1. 1. 1. 1. 1. 1. 1. 1. 1.]
b: [1 1 1 1 1 1 1 1 1 1]
active_clients:  [0, 1, 2, 3, 4, 5, 6, 7, 8, 9]
Client 0's s_k are:[0 0 0 0 0 0 0 0 0 0]
Client 1's s_k are:[0 0 0 0 0 0 0 0 0 0]
Client 2's s_k are:[0 0 0 0 0 0 0 0 0 0]
Client 3's s_k are:[0 0 0 0 0 0 0 0 0 0]
Client 4's s_k are:[0 0 0 0 0 0 0 0 0 0]
Client 5's s_k are:[0 0 0 0 0 0 0 0 0 0]
Client 6's s_k are:[0 0 0 0 0 0 0 0 0 0]
Client 7's s_k are:[0 0 0 0 0 0 0 0 0 0]
Client 8's s_k are:[0 0 0 0 0 0 0 0 0 0]
Client 9's s_k are:[0 0 0 0 0 0 0 0 0 0]
| Global Round : 8 | Client :0 | Local Epoch : 0 | [64/594 (11%)]	Loss1: 5.848381 Loss2: 0.000000 
| Global Round : 8 | Client :0 | Local Epoch : 1 | [64/594 (11%)]	Loss1: 5.848924 Loss2: 0.000000 
| Global Round : 8 | Client :0 | Local Epoch : 2 | [64/594 (11%)]	Loss1: 5.847238 Loss2: 0.000000 
| Global Round : 8 | Client :0 | Local Epoch : 3 | [64/594 (11%)]	Loss1: 5.848580 Loss2: 0.000000 
| Global Round : 8 | Client :0 | Local Epoch : 4 | [64/594 (11%)]	Loss1: 5.849972 Loss2: 0.000000 
| Global Round : 8 | Client :1 | Local Epoch : 0 | [64/595 (11%)]	Loss1: 5.846373 Loss2: 0.000000 
| Global Round : 8 | Client :1 | Local Epoch : 1 | [64/595 (11%)]	Loss1: 5.848188 Loss2: 0.000000 
| Global Round : 8 | Client :1 | Local Epoch : 2 | [64/595 (11%)]	Loss1: 5.848210 Loss2: 0.000000 
| Global Round : 8 | Client :1 | Local Epoch : 3 | [64/595 (11%)]	Loss1: 5.846680 Loss2: 0.000000 
| Global Round : 8 | Client :1 | Local Epoch : 4 | [64/595 (11%)]	Loss1: 5.845846 Loss2: 0.000000 
| Global Round : 8 | Client :2 | Local Epoch : 0 | [64/474 (14%)]	Loss1: 5.849125 Loss2: 0.000000 
| Global Round : 8 | Client :2 | Local Epoch : 1 | [64/474 (14%)]	Loss1: 5.849528 Loss2: 0.000000 
| Global Round : 8 | Client :2 | Local Epoch : 2 | [64/474 (14%)]	Loss1: 5.847999 Loss2: 0.000000 
| Global Round : 8 | Client :2 | Local Epoch : 3 | [64/474 (14%)]	Loss1: 5.846910 Loss2: 0.000000 
| Global Round : 8 | Client :2 | Local Epoch : 4 | [64/474 (14%)]	Loss1: 5.849206 Loss2: 0.000000 
| Global Round : 8 | Client :3 | Local Epoch : 0 | [64/566 (12%)]	Loss1: 5.848945 Loss2: 0.000000 
| Global Round : 8 | Client :3 | Local Epoch : 1 | [64/566 (12%)]	Loss1: 5.851104 Loss2: 0.000000 
| Global Round : 8 | Client :3 | Local Epoch : 2 | [64/566 (12%)]	Loss1: 5.847780 Loss2: 0.000000 
| Global Round : 8 | Client :3 | Local Epoch : 3 | [64/566 (12%)]	Loss1: 5.848660 Loss2: 0.000000 
| Global Round : 8 | Client :3 | Local Epoch : 4 | [64/566 (12%)]	Loss1: 5.848518 Loss2: 0.000000 
| Global Round : 8 | Client :4 | Local Epoch : 0 | [64/635 (11%)]	Loss1: 5.847244 Loss2: 0.000000 
| Global Round : 8 | Client :4 | Local Epoch : 1 | [64/635 (11%)]	Loss1: 5.848691 Loss2: 0.000000 
| Global Round : 8 | Client :4 | Local Epoch : 2 | [64/635 (11%)]	Loss1: 5.849111 Loss2: 0.000000 
| Global Round : 8 | Client :4 | Local Epoch : 3 | [64/635 (11%)]	Loss1: 5.846655 Loss2: 0.000000 
| Global Round : 8 | Client :4 | Local Epoch : 4 | [64/635 (11%)]	Loss1: 5.848703 Loss2: 0.000000 
| Global Round : 8 | Client :5 | Local Epoch : 0 | [64/633 (11%)]	Loss1: 5.847127 Loss2: 0.000000 
| Global Round : 8 | Client :5 | Local Epoch : 1 | [64/633 (11%)]	Loss1: 5.848469 Loss2: 0.000000 
| Global Round : 8 | Client :5 | Local Epoch : 2 | [64/633 (11%)]	Loss1: 5.847710 Loss2: 0.000000 
| Global Round : 8 | Client :5 | Local Epoch : 3 | [64/633 (11%)]	Loss1: 5.847061 Loss2: 0.000000 
| Global Round : 8 | Client :5 | Local Epoch : 4 | [64/633 (11%)]	Loss1: 5.848785 Loss2: 0.000000 
| Global Round : 8 | Client :6 | Local Epoch : 0 | [64/645 (10%)]	Loss1: 5.846814 Loss2: 0.000000 
| Global Round : 8 | Client :6 | Local Epoch : 1 | [64/645 (10%)]	Loss1: 5.848520 Loss2: 0.000000 
| Global Round : 8 | Client :6 | Local Epoch : 2 | [64/645 (10%)]	Loss1: 5.845766 Loss2: 0.000000 
| Global Round : 8 | Client :6 | Local Epoch : 3 | [64/645 (10%)]	Loss1: 5.845789 Loss2: 0.000000 
| Global Round : 8 | Client :6 | Local Epoch : 4 | [64/645 (10%)]	Loss1: 5.845806 Loss2: 0.000000 
| Global Round : 8 | Client :7 | Local Epoch : 0 | [64/615 (11%)]	Loss1: 5.848993 Loss2: 0.000000 
| Global Round : 8 | Client :7 | Local Epoch : 1 | [64/615 (11%)]	Loss1: 5.847462 Loss2: 0.000000 
| Global Round : 8 | Client :7 | Local Epoch : 2 | [64/615 (11%)]	Loss1: 5.846653 Loss2: 0.000000 
| Global Round : 8 | Client :7 | Local Epoch : 3 | [64/615 (11%)]	Loss1: 5.846558 Loss2: 0.000000 
| Global Round : 8 | Client :7 | Local Epoch : 4 | [64/615 (11%)]	Loss1: 5.846836 Loss2: 0.000000 
| Global Round : 8 | Client :8 | Local Epoch : 0 | [64/609 (11%)]	Loss1: 5.845813 Loss2: 0.000000 
| Global Round : 8 | Client :8 | Local Epoch : 1 | [64/609 (11%)]	Loss1: 5.847178 Loss2: 0.000000 
| Global Round : 8 | Client :8 | Local Epoch : 2 | [64/609 (11%)]	Loss1: 5.846674 Loss2: 0.000000 
| Global Round : 8 | Client :8 | Local Epoch : 3 | [64/609 (11%)]	Loss1: 5.847534 Loss2: 0.000000 
| Global Round : 8 | Client :8 | Local Epoch : 4 | [64/609 (11%)]	Loss1: 5.846854 Loss2: 0.000000 
| Global Round : 8 | Client :9 | Local Epoch : 0 | [64/628 (11%)]	Loss1: 5.847533 Loss2: 0.000000 
| Global Round : 8 | Client :9 | Local Epoch : 1 | [64/628 (11%)]	Loss1: 5.847248 Loss2: 0.000000 
| Global Round : 8 | Client :9 | Local Epoch : 2 | [64/628 (11%)]	Loss1: 5.848014 Loss2: 0.000000 
| Global Round : 8 | Client :9 | Local Epoch : 3 | [64/628 (11%)]	Loss1: 5.847004 Loss2: 0.000000 
| Global Round : 8 | Client :9 | Local Epoch : 4 | [64/628 (11%)]	Loss1: 5.846423 Loss2: 0.000000 
average loss:   5.84458642817679
average local test accuracy: 0.78046875
average global test accuracy:  0.812109375

 | Global Training Round : 9 |

xi_k [0.51745286 0.516507   0.50443003 0.48290942 0.48417356 0.4856447
 0.52932645 0.49985072 0.50480779 0.48947946]
max_exp: -1.0
coe: 10
Regulation [0.8 0.8 0.8 0.8 0.8 0.8 0.8 0.8 0.8 0.8]
Solver status: optimal_inaccurate
b_new: [1. 1. 1. 1. 1. 1. 1. 1. 1. 1.]
Iter 0: obj=49.7458, best_obj=49.7458, ||b_new-b_prev||₂=2.846050
xi_k [0.51745286 0.516507   0.50443003 0.48290942 0.48417356 0.4856447
 0.52932645 0.49985072 0.50480779 0.48947946]
max_exp: -1.0
coe: 10
Regulation [-1. -1. -1. -1. -1. -1. -1. -1. -1. -1.]
Solver status: optimal_inaccurate
b_new: [1. 1. 1. 1. 1. 1. 1. 1. 1. 1.]
Iter 1: obj=50.6458, best_obj=50.6458, ||b_new-b_prev||₂=0.000000
Converged.
Final b: [1. 1. 1. 1. 1. 1. 1. 1. 1. 1.]
<class 'numpy.ndarray'>
b_float: [1. 1. 1. 1. 1. 1. 1. 1. 1. 1.]
b: [1 1 1 1 1 1 1 1 1 1]
active_clients:  [0, 1, 2, 3, 4, 5, 6, 7, 8, 9]
Client 0's s_k are:[0 0 0 0 0 0 0 0 0 0]
Client 1's s_k are:[0 0 0 0 0 0 0 0 0 0]
Client 2's s_k are:[0 0 0 0 0 0 0 0 0 0]
Client 3's s_k are:[0 0 0 0 0 0 0 0 0 0]
Client 4's s_k are:[0 0 0 0 0 0 0 0 0 0]
Client 5's s_k are:[0 0 0 0 0 0 0 0 0 0]
Client 6's s_k are:[0 0 0 0 0 0 0 0 0 0]
Client 7's s_k are:[0 0 0 0 0 0 0 0 0 0]
Client 8's s_k are:[0 0 0 0 0 0 0 0 0 0]
Client 9's s_k are:[0 0 0 0 0 0 0 0 0 0]
| Global Round : 9 | Client :0 | Local Epoch : 0 | [64/594 (11%)]	Loss1: 5.848161 Loss2: 0.000000 
| Global Round : 9 | Client :0 | Local Epoch : 1 | [64/594 (11%)]	Loss1: 5.847906 Loss2: 0.000000 
| Global Round : 9 | Client :0 | Local Epoch : 2 | [64/594 (11%)]	Loss1: 5.847270 Loss2: 0.000000 
| Global Round : 9 | Client :0 | Local Epoch : 3 | [64/594 (11%)]	Loss1: 5.847688 Loss2: 0.000000 
| Global Round : 9 | Client :0 | Local Epoch : 4 | [64/594 (11%)]	Loss1: 5.847739 Loss2: 0.000000 
| Global Round : 9 | Client :1 | Local Epoch : 0 | [64/595 (11%)]	Loss1: 5.845731 Loss2: 0.000000 
| Global Round : 9 | Client :1 | Local Epoch : 1 | [64/595 (11%)]	Loss1: 5.847457 Loss2: 0.000000 
| Global Round : 9 | Client :1 | Local Epoch : 2 | [64/595 (11%)]	Loss1: 5.846679 Loss2: 0.000000 
| Global Round : 9 | Client :1 | Local Epoch : 3 | [64/595 (11%)]	Loss1: 5.846402 Loss2: 0.000000 
| Global Round : 9 | Client :1 | Local Epoch : 4 | [64/595 (11%)]	Loss1: 5.847977 Loss2: 0.000000 
| Global Round : 9 | Client :2 | Local Epoch : 0 | [64/474 (14%)]	Loss1: 5.847200 Loss2: 0.000000 
| Global Round : 9 | Client :2 | Local Epoch : 1 | [64/474 (14%)]	Loss1: 5.849380 Loss2: 0.000000 
| Global Round : 9 | Client :2 | Local Epoch : 2 | [64/474 (14%)]	Loss1: 5.846802 Loss2: 0.000000 
| Global Round : 9 | Client :2 | Local Epoch : 3 | [64/474 (14%)]	Loss1: 5.847466 Loss2: 0.000000 
| Global Round : 9 | Client :2 | Local Epoch : 4 | [64/474 (14%)]	Loss1: 5.847454 Loss2: 0.000000 
| Global Round : 9 | Client :3 | Local Epoch : 0 | [64/566 (12%)]	Loss1: 5.846319 Loss2: 0.000000 
| Global Round : 9 | Client :3 | Local Epoch : 1 | [64/566 (12%)]	Loss1: 5.848499 Loss2: 0.000000 
| Global Round : 9 | Client :3 | Local Epoch : 2 | [64/566 (12%)]	Loss1: 5.848028 Loss2: 0.000000 
| Global Round : 9 | Client :3 | Local Epoch : 3 | [64/566 (12%)]	Loss1: 5.847973 Loss2: 0.000000 
| Global Round : 9 | Client :3 | Local Epoch : 4 | [64/566 (12%)]	Loss1: 5.846595 Loss2: 0.000000 
| Global Round : 9 | Client :4 | Local Epoch : 0 | [64/635 (11%)]	Loss1: 5.847369 Loss2: 0.000000 
| Global Round : 9 | Client :4 | Local Epoch : 1 | [64/635 (11%)]	Loss1: 5.848497 Loss2: 0.000000 
| Global Round : 9 | Client :4 | Local Epoch : 2 | [64/635 (11%)]	Loss1: 5.845165 Loss2: 0.000000 
| Global Round : 9 | Client :4 | Local Epoch : 3 | [64/635 (11%)]	Loss1: 5.846731 Loss2: 0.000000 
| Global Round : 9 | Client :4 | Local Epoch : 4 | [64/635 (11%)]	Loss1: 5.846109 Loss2: 0.000000 
| Global Round : 9 | Client :5 | Local Epoch : 0 | [64/633 (11%)]	Loss1: 5.847646 Loss2: 0.000000 
| Global Round : 9 | Client :5 | Local Epoch : 1 | [64/633 (11%)]	Loss1: 5.847738 Loss2: 0.000000 
| Global Round : 9 | Client :5 | Local Epoch : 2 | [64/633 (11%)]	Loss1: 5.846730 Loss2: 0.000000 
| Global Round : 9 | Client :5 | Local Epoch : 3 | [64/633 (11%)]	Loss1: 5.846189 Loss2: 0.000000 
| Global Round : 9 | Client :5 | Local Epoch : 4 | [64/633 (11%)]	Loss1: 5.846441 Loss2: 0.000000 
| Global Round : 9 | Client :6 | Local Epoch : 0 | [64/645 (10%)]	Loss1: 5.847330 Loss2: 0.000000 
| Global Round : 9 | Client :6 | Local Epoch : 1 | [64/645 (10%)]	Loss1: 5.847291 Loss2: 0.000000 
| Global Round : 9 | Client :6 | Local Epoch : 2 | [64/645 (10%)]	Loss1: 5.845807 Loss2: 0.000000 
| Global Round : 9 | Client :6 | Local Epoch : 3 | [64/645 (10%)]	Loss1: 5.844923 Loss2: 0.000000 
| Global Round : 9 | Client :6 | Local Epoch : 4 | [64/645 (10%)]	Loss1: 5.846033 Loss2: 0.000000 
| Global Round : 9 | Client :7 | Local Epoch : 0 | [64/615 (11%)]	Loss1: 5.847881 Loss2: 0.000000 
| Global Round : 9 | Client :7 | Local Epoch : 1 | [64/615 (11%)]	Loss1: 5.847193 Loss2: 0.000000 
| Global Round : 9 | Client :7 | Local Epoch : 2 | [64/615 (11%)]	Loss1: 5.848837 Loss2: 0.000000 
| Global Round : 9 | Client :7 | Local Epoch : 3 | [64/615 (11%)]	Loss1: 5.846868 Loss2: 0.000000 
| Global Round : 9 | Client :7 | Local Epoch : 4 | [64/615 (11%)]	Loss1: 5.846401 Loss2: 0.000000 
| Global Round : 9 | Client :8 | Local Epoch : 0 | [64/609 (11%)]	Loss1: 5.848985 Loss2: 0.000000 
| Global Round : 9 | Client :8 | Local Epoch : 1 | [64/609 (11%)]	Loss1: 5.846439 Loss2: 0.000000 
| Global Round : 9 | Client :8 | Local Epoch : 2 | [64/609 (11%)]	Loss1: 5.846944 Loss2: 0.000000 
| Global Round : 9 | Client :8 | Local Epoch : 3 | [64/609 (11%)]	Loss1: 5.848650 Loss2: 0.000000 
| Global Round : 9 | Client :8 | Local Epoch : 4 | [64/609 (11%)]	Loss1: 5.844853 Loss2: 0.000000 
| Global Round : 9 | Client :9 | Local Epoch : 0 | [64/628 (11%)]	Loss1: 5.847111 Loss2: 0.000000 
| Global Round : 9 | Client :9 | Local Epoch : 1 | [64/628 (11%)]	Loss1: 5.846101 Loss2: 0.000000 
| Global Round : 9 | Client :9 | Local Epoch : 2 | [64/628 (11%)]	Loss1: 5.844660 Loss2: 0.000000 
| Global Round : 9 | Client :9 | Local Epoch : 3 | [64/628 (11%)]	Loss1: 5.846602 Loss2: 0.000000 
| Global Round : 9 | Client :9 | Local Epoch : 4 | [64/628 (11%)]	Loss1: 5.847385 Loss2: 0.000000 
average loss:   5.844066392486058
average local test accuracy: 0.7776041666666667
average global test accuracy:  0.7718750000000001

 | Global Training Round : 10 |

xi_k [0.51736726 0.51647651 0.5043112  0.48282699 0.48415476 0.48549124
 0.52925839 0.49978489 0.50465377 0.48938932]
max_exp: -1.0
coe: 10
Regulation [0.8 0.8 0.8 0.8 0.8 0.8 0.8 0.8 0.8 0.8]
Solver status: optimal_inaccurate
b_new: [1. 1. 1. 1. 1. 1. 1. 1. 1. 1.]
Iter 0: obj=49.7371, best_obj=49.7371, ||b_new-b_prev||₂=2.846050
xi_k [0.51736726 0.51647651 0.5043112  0.48282699 0.48415476 0.48549124
 0.52925839 0.49978489 0.50465377 0.48938932]
max_exp: -1.0
coe: 10
Regulation [-1. -1. -1. -1. -1. -1. -1. -1. -1. -1.]
Solver status: optimal_inaccurate
b_new: [1. 1. 1. 1. 1. 1. 1. 1. 1. 1.]
Iter 1: obj=50.6371, best_obj=50.6371, ||b_new-b_prev||₂=0.000000
Converged.
Final b: [1. 1. 1. 1. 1. 1. 1. 1. 1. 1.]
<class 'numpy.ndarray'>
b_float: [1. 1. 1. 1. 1. 1. 1. 1. 1. 1.]
b: [1 1 1 1 1 1 1 1 1 1]
active_clients:  [0, 1, 2, 3, 4, 5, 6, 7, 8, 9]
Client 0's s_k are:[0 0 0 0 0 0 0 0 0 0]
Client 1's s_k are:[0 0 0 0 0 0 0 0 0 0]
Client 2's s_k are:[0 0 0 0 0 0 0 0 0 0]
Client 3's s_k are:[0 0 0 0 0 0 0 0 0 0]
Client 4's s_k are:[0 0 0 0 0 0 0 0 0 0]
Client 5's s_k are:[0 0 0 0 0 0 0 0 0 0]
Client 6's s_k are:[0 0 0 0 0 0 0 0 0 0]
Client 7's s_k are:[0 0 0 0 0 0 0 0 0 0]
Client 8's s_k are:[0 0 0 0 0 0 0 0 0 0]
Client 9's s_k are:[0 0 0 0 0 0 0 0 0 0]
| Global Round : 10 | Client :0 | Local Epoch : 0 | [64/594 (11%)]	Loss1: 5.845151 Loss2: 0.000000 
| Global Round : 10 | Client :0 | Local Epoch : 1 | [64/594 (11%)]	Loss1: 5.846579 Loss2: 0.000000 
| Global Round : 10 | Client :0 | Local Epoch : 2 | [64/594 (11%)]	Loss1: 5.846326 Loss2: 0.000000 
| Global Round : 10 | Client :0 | Local Epoch : 3 | [64/594 (11%)]	Loss1: 5.846570 Loss2: 0.000000 
| Global Round : 10 | Client :0 | Local Epoch : 4 | [64/594 (11%)]	Loss1: 5.845872 Loss2: 0.000000 
| Global Round : 10 | Client :1 | Local Epoch : 0 | [64/595 (11%)]	Loss1: 5.844515 Loss2: 0.000000 
| Global Round : 10 | Client :1 | Local Epoch : 1 | [64/595 (11%)]	Loss1: 5.846277 Loss2: 0.000000 
| Global Round : 10 | Client :1 | Local Epoch : 2 | [64/595 (11%)]	Loss1: 5.846354 Loss2: 0.000000 
| Global Round : 10 | Client :1 | Local Epoch : 3 | [64/595 (11%)]	Loss1: 5.844816 Loss2: 0.000000 
| Global Round : 10 | Client :1 | Local Epoch : 4 | [64/595 (11%)]	Loss1: 5.846808 Loss2: 0.000000 
| Global Round : 10 | Client :2 | Local Epoch : 0 | [64/474 (14%)]	Loss1: 5.847060 Loss2: 0.000000 
| Global Round : 10 | Client :2 | Local Epoch : 1 | [64/474 (14%)]	Loss1: 5.848245 Loss2: 0.000000 
| Global Round : 10 | Client :2 | Local Epoch : 2 | [64/474 (14%)]	Loss1: 5.847093 Loss2: 0.000000 
| Global Round : 10 | Client :2 | Local Epoch : 3 | [64/474 (14%)]	Loss1: 5.848668 Loss2: 0.000000 
| Global Round : 10 | Client :2 | Local Epoch : 4 | [64/474 (14%)]	Loss1: 5.848304 Loss2: 0.000000 
| Global Round : 10 | Client :3 | Local Epoch : 0 | [64/566 (12%)]	Loss1: 5.847751 Loss2: 0.000000 
| Global Round : 10 | Client :3 | Local Epoch : 1 | [64/566 (12%)]	Loss1: 5.845699 Loss2: 0.000000 
| Global Round : 10 | Client :3 | Local Epoch : 2 | [64/566 (12%)]	Loss1: 5.847693 Loss2: 0.000000 
| Global Round : 10 | Client :3 | Local Epoch : 3 | [64/566 (12%)]	Loss1: 5.846303 Loss2: 0.000000 
| Global Round : 10 | Client :3 | Local Epoch : 4 | [64/566 (12%)]	Loss1: 5.848724 Loss2: 0.000000 
| Global Round : 10 | Client :4 | Local Epoch : 0 | [64/635 (11%)]	Loss1: 5.848673 Loss2: 0.000000 
| Global Round : 10 | Client :4 | Local Epoch : 1 | [64/635 (11%)]	Loss1: 5.848462 Loss2: 0.000000 
| Global Round : 10 | Client :4 | Local Epoch : 2 | [64/635 (11%)]	Loss1: 5.847876 Loss2: 0.000000 
| Global Round : 10 | Client :4 | Local Epoch : 3 | [64/635 (11%)]	Loss1: 5.847512 Loss2: 0.000000 
| Global Round : 10 | Client :4 | Local Epoch : 4 | [64/635 (11%)]	Loss1: 5.845794 Loss2: 0.000000 
| Global Round : 10 | Client :5 | Local Epoch : 0 | [64/633 (11%)]	Loss1: 5.846958 Loss2: 0.000000 
| Global Round : 10 | Client :5 | Local Epoch : 1 | [64/633 (11%)]	Loss1: 5.847027 Loss2: 0.000000 
| Global Round : 10 | Client :5 | Local Epoch : 2 | [64/633 (11%)]	Loss1: 5.848259 Loss2: 0.000000 
| Global Round : 10 | Client :5 | Local Epoch : 3 | [64/633 (11%)]	Loss1: 5.847350 Loss2: 0.000000 
| Global Round : 10 | Client :5 | Local Epoch : 4 | [64/633 (11%)]	Loss1: 5.847918 Loss2: 0.000000 
| Global Round : 10 | Client :6 | Local Epoch : 0 | [64/645 (10%)]	Loss1: 5.845441 Loss2: 0.000000 
| Global Round : 10 | Client :6 | Local Epoch : 1 | [64/645 (10%)]	Loss1: 5.845957 Loss2: 0.000000 
| Global Round : 10 | Client :6 | Local Epoch : 2 | [64/645 (10%)]	Loss1: 5.845088 Loss2: 0.000000 
| Global Round : 10 | Client :6 | Local Epoch : 3 | [64/645 (10%)]	Loss1: 5.844276 Loss2: 0.000000 
| Global Round : 10 | Client :6 | Local Epoch : 4 | [64/645 (10%)]	Loss1: 5.844278 Loss2: 0.000000 
| Global Round : 10 | Client :7 | Local Epoch : 0 | [64/615 (11%)]	Loss1: 5.848150 Loss2: 0.000000 
| Global Round : 10 | Client :7 | Local Epoch : 1 | [64/615 (11%)]	Loss1: 5.846296 Loss2: 0.000000 
| Global Round : 10 | Client :7 | Local Epoch : 2 | [64/615 (11%)]	Loss1: 5.847078 Loss2: 0.000000 
| Global Round : 10 | Client :7 | Local Epoch : 3 | [64/615 (11%)]	Loss1: 5.847544 Loss2: 0.000000 
| Global Round : 10 | Client :7 | Local Epoch : 4 | [64/615 (11%)]	Loss1: 5.846792 Loss2: 0.000000 
| Global Round : 10 | Client :8 | Local Epoch : 0 | [64/609 (11%)]	Loss1: 5.846868 Loss2: 0.000000 
| Global Round : 10 | Client :8 | Local Epoch : 1 | [64/609 (11%)]	Loss1: 5.846213 Loss2: 0.000000 
| Global Round : 10 | Client :8 | Local Epoch : 2 | [64/609 (11%)]	Loss1: 5.846678 Loss2: 0.000000 
| Global Round : 10 | Client :8 | Local Epoch : 3 | [64/609 (11%)]	Loss1: 5.847539 Loss2: 0.000000 
| Global Round : 10 | Client :8 | Local Epoch : 4 | [64/609 (11%)]	Loss1: 5.844505 Loss2: 0.000000 
| Global Round : 10 | Client :9 | Local Epoch : 0 | [64/628 (11%)]	Loss1: 5.847736 Loss2: 0.000000 
| Global Round : 10 | Client :9 | Local Epoch : 1 | [64/628 (11%)]	Loss1: 5.845940 Loss2: 0.000000 
| Global Round : 10 | Client :9 | Local Epoch : 2 | [64/628 (11%)]	Loss1: 5.845659 Loss2: 0.000000 
| Global Round : 10 | Client :9 | Local Epoch : 3 | [64/628 (11%)]	Loss1: 5.846575 Loss2: 0.000000 
| Global Round : 10 | Client :9 | Local Epoch : 4 | [64/628 (11%)]	Loss1: 5.845997 Loss2: 0.000000 
average loss:   5.843609856972618
average local test accuracy: 0.78203125
average global test accuracy:  0.7821614583333334

 | Global Training Round : 11 |

xi_k [0.51728949 0.51642581 0.50432049 0.48268069 0.48399888 0.48548822
 0.52918602 0.49966872 0.50462814 0.48932758]
max_exp: -1.0
coe: 10
Regulation [0.8 0.8 0.8 0.8 0.8 0.8 0.8 0.8 0.8 0.8]
Solver status: optimal_inaccurate
b_new: [1. 1. 1. 1. 1. 1. 1. 1. 1. 1.]
Iter 0: obj=49.7301, best_obj=49.7301, ||b_new-b_prev||₂=2.846050
xi_k [0.51728949 0.51642581 0.50432049 0.48268069 0.48399888 0.48548822
 0.52918602 0.49966872 0.50462814 0.48932758]
max_exp: -1.0
coe: 10
Regulation [-1. -1. -1. -1. -1. -1. -1. -1. -1. -1.]
Solver status: optimal_inaccurate
b_new: [1. 1. 1. 1. 1. 1. 1. 1. 1. 1.]
Iter 1: obj=50.6301, best_obj=50.6301, ||b_new-b_prev||₂=0.000000
Converged.
Final b: [1. 1. 1. 1. 1. 1. 1. 1. 1. 1.]
<class 'numpy.ndarray'>
b_float: [1. 1. 1. 1. 1. 1. 1. 1. 1. 1.]
b: [1 1 1 1 1 1 1 1 1 1]
active_clients:  [0, 1, 2, 3, 4, 5, 6, 7, 8, 9]
Client 0's s_k are:[0 0 0 0 0 0 0 0 0 0]
Client 1's s_k are:[0 0 0 0 0 0 0 0 0 0]
Client 2's s_k are:[0 0 0 0 0 0 0 0 0 0]
Client 3's s_k are:[0 0 0 0 0 0 0 0 0 0]
Client 4's s_k are:[0 0 0 0 0 0 0 0 0 0]
Client 5's s_k are:[0 0 0 0 0 0 0 0 0 0]
Client 6's s_k are:[0 0 0 0 0 0 0 0 0 0]
Client 7's s_k are:[0 0 0 0 0 0 0 0 0 0]
Client 8's s_k are:[0 0 0 0 0 0 0 0 0 0]
Client 9's s_k are:[0 0 0 0 0 0 0 0 0 0]
| Global Round : 11 | Client :0 | Local Epoch : 0 | [64/594 (11%)]	Loss1: 5.845105 Loss2: 0.000000 
| Global Round : 11 | Client :0 | Local Epoch : 1 | [64/594 (11%)]	Loss1: 5.845857 Loss2: 0.000000 
| Global Round : 11 | Client :0 | Local Epoch : 2 | [64/594 (11%)]	Loss1: 5.847528 Loss2: 0.000000 
| Global Round : 11 | Client :0 | Local Epoch : 3 | [64/594 (11%)]	Loss1: 5.846119 Loss2: 0.000000 
| Global Round : 11 | Client :0 | Local Epoch : 4 | [64/594 (11%)]	Loss1: 5.847459 Loss2: 0.000000 
| Global Round : 11 | Client :1 | Local Epoch : 0 | [64/595 (11%)]	Loss1: 5.845596 Loss2: 0.000000 
| Global Round : 11 | Client :1 | Local Epoch : 1 | [64/595 (11%)]	Loss1: 5.847127 Loss2: 0.000000 
| Global Round : 11 | Client :1 | Local Epoch : 2 | [64/595 (11%)]	Loss1: 5.845785 Loss2: 0.000000 
| Global Round : 11 | Client :1 | Local Epoch : 3 | [64/595 (11%)]	Loss1: 5.846243 Loss2: 0.000000 
| Global Round : 11 | Client :1 | Local Epoch : 4 | [64/595 (11%)]	Loss1: 5.845818 Loss2: 0.000000 
| Global Round : 11 | Client :2 | Local Epoch : 0 | [64/474 (14%)]	Loss1: 5.847885 Loss2: 0.000000 
| Global Round : 11 | Client :2 | Local Epoch : 1 | [64/474 (14%)]	Loss1: 5.846653 Loss2: 0.000000 
| Global Round : 11 | Client :2 | Local Epoch : 2 | [64/474 (14%)]	Loss1: 5.849538 Loss2: 0.000000 
| Global Round : 11 | Client :2 | Local Epoch : 3 | [64/474 (14%)]	Loss1: 5.846450 Loss2: 0.000000 
| Global Round : 11 | Client :2 | Local Epoch : 4 | [64/474 (14%)]	Loss1: 5.846889 Loss2: 0.000000 
| Global Round : 11 | Client :3 | Local Epoch : 0 | [64/566 (12%)]	Loss1: 5.846878 Loss2: 0.000000 
| Global Round : 11 | Client :3 | Local Epoch : 1 | [64/566 (12%)]	Loss1: 5.845876 Loss2: 0.000000 
| Global Round : 11 | Client :3 | Local Epoch : 2 | [64/566 (12%)]	Loss1: 5.848011 Loss2: 0.000000 
| Global Round : 11 | Client :3 | Local Epoch : 3 | [64/566 (12%)]	Loss1: 5.846015 Loss2: 0.000000 
| Global Round : 11 | Client :3 | Local Epoch : 4 | [64/566 (12%)]	Loss1: 5.847436 Loss2: 0.000000 
| Global Round : 11 | Client :4 | Local Epoch : 0 | [64/635 (11%)]	Loss1: 5.846602 Loss2: 0.000000 
| Global Round : 11 | Client :4 | Local Epoch : 1 | [64/635 (11%)]	Loss1: 5.846274 Loss2: 0.000000 
| Global Round : 11 | Client :4 | Local Epoch : 2 | [64/635 (11%)]	Loss1: 5.846214 Loss2: 0.000000 
| Global Round : 11 | Client :4 | Local Epoch : 3 | [64/635 (11%)]	Loss1: 5.847965 Loss2: 0.000000 
| Global Round : 11 | Client :4 | Local Epoch : 4 | [64/635 (11%)]	Loss1: 5.845260 Loss2: 0.000000 
| Global Round : 11 | Client :5 | Local Epoch : 0 | [64/633 (11%)]	Loss1: 5.847155 Loss2: 0.000000 
| Global Round : 11 | Client :5 | Local Epoch : 1 | [64/633 (11%)]	Loss1: 5.847763 Loss2: 0.000000 
| Global Round : 11 | Client :5 | Local Epoch : 2 | [64/633 (11%)]	Loss1: 5.846786 Loss2: 0.000000 
| Global Round : 11 | Client :5 | Local Epoch : 3 | [64/633 (11%)]	Loss1: 5.847374 Loss2: 0.000000 
| Global Round : 11 | Client :5 | Local Epoch : 4 | [64/633 (11%)]	Loss1: 5.844715 Loss2: 0.000000 
| Global Round : 11 | Client :6 | Local Epoch : 0 | [64/645 (10%)]	Loss1: 5.845748 Loss2: 0.000000 
| Global Round : 11 | Client :6 | Local Epoch : 1 | [64/645 (10%)]	Loss1: 5.845130 Loss2: 0.000000 
| Global Round : 11 | Client :6 | Local Epoch : 2 | [64/645 (10%)]	Loss1: 5.843508 Loss2: 0.000000 
| Global Round : 11 | Client :6 | Local Epoch : 3 | [64/645 (10%)]	Loss1: 5.844006 Loss2: 0.000000 
| Global Round : 11 | Client :6 | Local Epoch : 4 | [64/645 (10%)]	Loss1: 5.845847 Loss2: 0.000000 
| Global Round : 11 | Client :7 | Local Epoch : 0 | [64/615 (11%)]	Loss1: 5.846960 Loss2: 0.000000 
| Global Round : 11 | Client :7 | Local Epoch : 1 | [64/615 (11%)]	Loss1: 5.846762 Loss2: 0.000000 
| Global Round : 11 | Client :7 | Local Epoch : 2 | [64/615 (11%)]	Loss1: 5.846944 Loss2: 0.000000 
| Global Round : 11 | Client :7 | Local Epoch : 3 | [64/615 (11%)]	Loss1: 5.846628 Loss2: 0.000000 
| Global Round : 11 | Client :7 | Local Epoch : 4 | [64/615 (11%)]	Loss1: 5.845713 Loss2: 0.000000 
| Global Round : 11 | Client :8 | Local Epoch : 0 | [64/609 (11%)]	Loss1: 5.847271 Loss2: 0.000000 
| Global Round : 11 | Client :8 | Local Epoch : 1 | [64/609 (11%)]	Loss1: 5.847143 Loss2: 0.000000 
| Global Round : 11 | Client :8 | Local Epoch : 2 | [64/609 (11%)]	Loss1: 5.847344 Loss2: 0.000000 
| Global Round : 11 | Client :8 | Local Epoch : 3 | [64/609 (11%)]	Loss1: 5.845538 Loss2: 0.000000 
| Global Round : 11 | Client :8 | Local Epoch : 4 | [64/609 (11%)]	Loss1: 5.846575 Loss2: 0.000000 
| Global Round : 11 | Client :9 | Local Epoch : 0 | [64/628 (11%)]	Loss1: 5.845264 Loss2: 0.000000 
| Global Round : 11 | Client :9 | Local Epoch : 1 | [64/628 (11%)]	Loss1: 5.845845 Loss2: 0.000000 
| Global Round : 11 | Client :9 | Local Epoch : 2 | [64/628 (11%)]	Loss1: 5.849718 Loss2: 0.000000 
| Global Round : 11 | Client :9 | Local Epoch : 3 | [64/628 (11%)]	Loss1: 5.844680 Loss2: 0.000000 
| Global Round : 11 | Client :9 | Local Epoch : 4 | [64/628 (11%)]	Loss1: 5.846651 Loss2: 0.000000 
average loss:   5.843164025450509
average local test accuracy: 0.7885416666666667
average global test accuracy:  0.7873697916666667

 | Global Training Round : 12 |

xi_k [0.51723466 0.51631797 0.5041851  0.48263439 0.48400917 0.48535794
 0.52910969 0.49957762 0.50454754 0.48927594]
max_exp: -1.0
coe: 10
Regulation [0.8 0.8 0.8 0.8 0.8 0.8 0.8 0.8 0.8 0.8]
Solver status: optimal_inaccurate
b_new: [1. 1. 1. 1. 1. 1. 1. 1. 1. 1.]
Iter 0: obj=49.7225, best_obj=49.7225, ||b_new-b_prev||₂=2.846050
xi_k [0.51723466 0.51631797 0.5041851  0.48263439 0.48400917 0.48535794
 0.52910969 0.49957762 0.50454754 0.48927594]
max_exp: -1.0
coe: 10
Regulation [-1. -1. -1. -1. -1. -1. -1. -1. -1. -1.]
Solver status: optimal_inaccurate
b_new: [1. 1. 1. 1. 1. 1. 1. 1. 1. 1.]
Iter 1: obj=50.6225, best_obj=50.6225, ||b_new-b_prev||₂=0.000000
Converged.
Final b: [1. 1. 1. 1. 1. 1. 1. 1. 1. 1.]
<class 'numpy.ndarray'>
b_float: [1. 1. 1. 1. 1. 1. 1. 1. 1. 1.]
b: [1 1 1 1 1 1 1 1 1 1]
active_clients:  [0, 1, 2, 3, 4, 5, 6, 7, 8, 9]
Client 0's s_k are:[0 0 0 0 0 0 0 0 0 0]
Client 1's s_k are:[0 0 0 0 0 0 0 0 0 0]
Client 2's s_k are:[0 0 0 0 0 0 0 0 0 0]
Client 3's s_k are:[0 0 0 0 0 0 0 0 0 0]
Client 4's s_k are:[0 0 0 0 0 0 0 0 0 0]
Client 5's s_k are:[0 0 0 0 0 0 0 0 0 0]
Client 6's s_k are:[0 0 0 0 0 0 0 0 0 0]
Client 7's s_k are:[0 0 0 0 0 0 0 0 0 0]
Client 8's s_k are:[0 0 0 0 0 0 0 0 0 0]
Client 9's s_k are:[0 0 0 0 0 0 0 0 0 0]
| Global Round : 12 | Client :0 | Local Epoch : 0 | [64/594 (11%)]	Loss1: 5.846158 Loss2: 0.000000 
| Global Round : 12 | Client :0 | Local Epoch : 1 | [64/594 (11%)]	Loss1: 5.846164 Loss2: 0.000000 
| Global Round : 12 | Client :0 | Local Epoch : 2 | [64/594 (11%)]	Loss1: 5.846977 Loss2: 0.000000 
| Global Round : 12 | Client :0 | Local Epoch : 3 | [64/594 (11%)]	Loss1: 5.845849 Loss2: 0.000000 
| Global Round : 12 | Client :0 | Local Epoch : 4 | [64/594 (11%)]	Loss1: 5.845165 Loss2: 0.000000 
| Global Round : 12 | Client :1 | Local Epoch : 0 | [64/595 (11%)]	Loss1: 5.845323 Loss2: 0.000000 
| Global Round : 12 | Client :1 | Local Epoch : 1 | [64/595 (11%)]	Loss1: 5.846617 Loss2: 0.000000 
| Global Round : 12 | Client :1 | Local Epoch : 2 | [64/595 (11%)]	Loss1: 5.844309 Loss2: 0.000000 
| Global Round : 12 | Client :1 | Local Epoch : 3 | [64/595 (11%)]	Loss1: 5.846379 Loss2: 0.000000 
| Global Round : 12 | Client :1 | Local Epoch : 4 | [64/595 (11%)]	Loss1: 5.843903 Loss2: 0.000000 
| Global Round : 12 | Client :2 | Local Epoch : 0 | [64/474 (14%)]	Loss1: 5.846583 Loss2: 0.000000 
| Global Round : 12 | Client :2 | Local Epoch : 1 | [64/474 (14%)]	Loss1: 5.845985 Loss2: 0.000000 
| Global Round : 12 | Client :2 | Local Epoch : 2 | [64/474 (14%)]	Loss1: 5.845455 Loss2: 0.000000 
| Global Round : 12 | Client :2 | Local Epoch : 3 | [64/474 (14%)]	Loss1: 5.846339 Loss2: 0.000000 
| Global Round : 12 | Client :2 | Local Epoch : 4 | [64/474 (14%)]	Loss1: 5.847392 Loss2: 0.000000 
| Global Round : 12 | Client :3 | Local Epoch : 0 | [64/566 (12%)]	Loss1: 5.847366 Loss2: 0.000000 
| Global Round : 12 | Client :3 | Local Epoch : 1 | [64/566 (12%)]	Loss1: 5.846353 Loss2: 0.000000 
| Global Round : 12 | Client :3 | Local Epoch : 2 | [64/566 (12%)]	Loss1: 5.846718 Loss2: 0.000000 
| Global Round : 12 | Client :3 | Local Epoch : 3 | [64/566 (12%)]	Loss1: 5.847733 Loss2: 0.000000 
| Global Round : 12 | Client :3 | Local Epoch : 4 | [64/566 (12%)]	Loss1: 5.845826 Loss2: 0.000000 
| Global Round : 12 | Client :4 | Local Epoch : 0 | [64/635 (11%)]	Loss1: 5.846256 Loss2: 0.000000 
| Global Round : 12 | Client :4 | Local Epoch : 1 | [64/635 (11%)]	Loss1: 5.846583 Loss2: 0.000000 
| Global Round : 12 | Client :4 | Local Epoch : 2 | [64/635 (11%)]	Loss1: 5.848402 Loss2: 0.000000 
| Global Round : 12 | Client :4 | Local Epoch : 3 | [64/635 (11%)]	Loss1: 5.846902 Loss2: 0.000000 
| Global Round : 12 | Client :4 | Local Epoch : 4 | [64/635 (11%)]	Loss1: 5.844911 Loss2: 0.000000 
| Global Round : 12 | Client :5 | Local Epoch : 0 | [64/633 (11%)]	Loss1: 5.846851 Loss2: 0.000000 
| Global Round : 12 | Client :5 | Local Epoch : 1 | [64/633 (11%)]	Loss1: 5.847083 Loss2: 0.000000 
| Global Round : 12 | Client :5 | Local Epoch : 2 | [64/633 (11%)]	Loss1: 5.845633 Loss2: 0.000000 
| Global Round : 12 | Client :5 | Local Epoch : 3 | [64/633 (11%)]	Loss1: 5.847700 Loss2: 0.000000 
| Global Round : 12 | Client :5 | Local Epoch : 4 | [64/633 (11%)]	Loss1: 5.845590 Loss2: 0.000000 
| Global Round : 12 | Client :6 | Local Epoch : 0 | [64/645 (10%)]	Loss1: 5.845198 Loss2: 0.000000 
| Global Round : 12 | Client :6 | Local Epoch : 1 | [64/645 (10%)]	Loss1: 5.844350 Loss2: 0.000000 
| Global Round : 12 | Client :6 | Local Epoch : 2 | [64/645 (10%)]	Loss1: 5.845477 Loss2: 0.000000 
| Global Round : 12 | Client :6 | Local Epoch : 3 | [64/645 (10%)]	Loss1: 5.845044 Loss2: 0.000000 
| Global Round : 12 | Client :6 | Local Epoch : 4 | [64/645 (10%)]	Loss1: 5.844063 Loss2: 0.000000 
| Global Round : 12 | Client :7 | Local Epoch : 0 | [64/615 (11%)]	Loss1: 5.844895 Loss2: 0.000000 
| Global Round : 12 | Client :7 | Local Epoch : 1 | [64/615 (11%)]	Loss1: 5.846295 Loss2: 0.000000 
| Global Round : 12 | Client :7 | Local Epoch : 2 | [64/615 (11%)]	Loss1: 5.846951 Loss2: 0.000000 
| Global Round : 12 | Client :7 | Local Epoch : 3 | [64/615 (11%)]	Loss1: 5.848264 Loss2: 0.000000 
| Global Round : 12 | Client :7 | Local Epoch : 4 | [64/615 (11%)]	Loss1: 5.845116 Loss2: 0.000000 
| Global Round : 12 | Client :8 | Local Epoch : 0 | [64/609 (11%)]	Loss1: 5.844564 Loss2: 0.000000 
| Global Round : 12 | Client :8 | Local Epoch : 1 | [64/609 (11%)]	Loss1: 5.845108 Loss2: 0.000000 
| Global Round : 12 | Client :8 | Local Epoch : 2 | [64/609 (11%)]	Loss1: 5.846418 Loss2: 0.000000 
| Global Round : 12 | Client :8 | Local Epoch : 3 | [64/609 (11%)]	Loss1: 5.845928 Loss2: 0.000000 
| Global Round : 12 | Client :8 | Local Epoch : 4 | [64/609 (11%)]	Loss1: 5.845342 Loss2: 0.000000 
| Global Round : 12 | Client :9 | Local Epoch : 0 | [64/628 (11%)]	Loss1: 5.848130 Loss2: 0.000000 
| Global Round : 12 | Client :9 | Local Epoch : 1 | [64/628 (11%)]	Loss1: 5.845512 Loss2: 0.000000 
| Global Round : 12 | Client :9 | Local Epoch : 2 | [64/628 (11%)]	Loss1: 5.844877 Loss2: 0.000000 
| Global Round : 12 | Client :9 | Local Epoch : 3 | [64/628 (11%)]	Loss1: 5.844810 Loss2: 0.000000 
| Global Round : 12 | Client :9 | Local Epoch : 4 | [64/628 (11%)]	Loss1: 5.845947 Loss2: 0.000000 
average loss:   5.842790880884442
average local test accuracy: 0.7859375
average global test accuracy:  0.7868489583333333

 | Global Training Round : 13 |

xi_k [0.51715863 0.51620667 0.50408534 0.4825757  0.48386231 0.48532233
 0.52908049 0.49953311 0.504488   0.48917773]
max_exp: -1.0
coe: 10
Regulation [0.8 0.8 0.8 0.8 0.8 0.8 0.8 0.8 0.8 0.8]
Solver status: optimal_inaccurate
b_new: [1. 1. 1. 1. 1. 1. 1. 1. 1. 1.]
Iter 0: obj=49.7149, best_obj=49.7149, ||b_new-b_prev||₂=2.846050
xi_k [0.51715863 0.51620667 0.50408534 0.4825757  0.48386231 0.48532233
 0.52908049 0.49953311 0.504488   0.48917773]
max_exp: -1.0
coe: 10
Regulation [-1. -1. -1. -1. -1. -1. -1. -1. -1. -1.]
Solver status: optimal_inaccurate
b_new: [1. 1. 1. 1. 1. 1. 1. 1. 1. 1.]
Iter 1: obj=50.6149, best_obj=50.6149, ||b_new-b_prev||₂=0.000000
Converged.
Final b: [1. 1. 1. 1. 1. 1. 1. 1. 1. 1.]
<class 'numpy.ndarray'>
b_float: [1. 1. 1. 1. 1. 1. 1. 1. 1. 1.]
b: [1 1 1 1 1 1 1 1 1 1]
active_clients:  [0, 1, 2, 3, 4, 5, 6, 7, 8, 9]
Client 0's s_k are:[0 0 0 0 0 0 0 0 0 0]
Client 1's s_k are:[0 0 0 0 0 0 0 0 0 0]
Client 2's s_k are:[0 0 0 0 0 0 0 0 0 0]
Client 3's s_k are:[0 0 0 0 0 0 0 0 0 0]
Client 4's s_k are:[0 0 0 0 0 0 0 0 0 0]
Client 5's s_k are:[0 0 0 0 0 0 0 0 0 0]
Client 6's s_k are:[0 0 0 0 0 0 0 0 0 0]
Client 7's s_k are:[0 0 0 0 0 0 0 0 0 0]
Client 8's s_k are:[0 0 0 0 0 0 0 0 0 0]
Client 9's s_k are:[0 0 0 0 0 0 0 0 0 0]
| Global Round : 13 | Client :0 | Local Epoch : 0 | [64/594 (11%)]	Loss1: 5.845336 Loss2: 0.000000 
| Global Round : 13 | Client :0 | Local Epoch : 1 | [64/594 (11%)]	Loss1: 5.845563 Loss2: 0.000000 
| Global Round : 13 | Client :0 | Local Epoch : 2 | [64/594 (11%)]	Loss1: 5.846569 Loss2: 0.000000 
| Global Round : 13 | Client :0 | Local Epoch : 3 | [64/594 (11%)]	Loss1: 5.846597 Loss2: 0.000000 
| Global Round : 13 | Client :0 | Local Epoch : 4 | [64/594 (11%)]	Loss1: 5.845247 Loss2: 0.000000 
| Global Round : 13 | Client :1 | Local Epoch : 0 | [64/595 (11%)]	Loss1: 5.845654 Loss2: 0.000000 
| Global Round : 13 | Client :1 | Local Epoch : 1 | [64/595 (11%)]	Loss1: 5.845039 Loss2: 0.000000 
| Global Round : 13 | Client :1 | Local Epoch : 2 | [64/595 (11%)]	Loss1: 5.844929 Loss2: 0.000000 
| Global Round : 13 | Client :1 | Local Epoch : 3 | [64/595 (11%)]	Loss1: 5.844062 Loss2: 0.000000 
| Global Round : 13 | Client :1 | Local Epoch : 4 | [64/595 (11%)]	Loss1: 5.845161 Loss2: 0.000000 
| Global Round : 13 | Client :2 | Local Epoch : 0 | [64/474 (14%)]	Loss1: 5.845408 Loss2: 0.000000 
| Global Round : 13 | Client :2 | Local Epoch : 1 | [64/474 (14%)]	Loss1: 5.848064 Loss2: 0.000000 
| Global Round : 13 | Client :2 | Local Epoch : 2 | [64/474 (14%)]	Loss1: 5.846545 Loss2: 0.000000 
| Global Round : 13 | Client :2 | Local Epoch : 3 | [64/474 (14%)]	Loss1: 5.846223 Loss2: 0.000000 
| Global Round : 13 | Client :2 | Local Epoch : 4 | [64/474 (14%)]	Loss1: 5.846299 Loss2: 0.000000 
| Global Round : 13 | Client :3 | Local Epoch : 0 | [64/566 (12%)]	Loss1: 5.846547 Loss2: 0.000000 
| Global Round : 13 | Client :3 | Local Epoch : 1 | [64/566 (12%)]	Loss1: 5.846495 Loss2: 0.000000 
| Global Round : 13 | Client :3 | Local Epoch : 2 | [64/566 (12%)]	Loss1: 5.846476 Loss2: 0.000000 
| Global Round : 13 | Client :3 | Local Epoch : 3 | [64/566 (12%)]	Loss1: 5.846376 Loss2: 0.000000 
| Global Round : 13 | Client :3 | Local Epoch : 4 | [64/566 (12%)]	Loss1: 5.843471 Loss2: 0.000000 
| Global Round : 13 | Client :4 | Local Epoch : 0 | [64/635 (11%)]	Loss1: 5.846576 Loss2: 0.000000 
| Global Round : 13 | Client :4 | Local Epoch : 1 | [64/635 (11%)]	Loss1: 5.846364 Loss2: 0.000000 
| Global Round : 13 | Client :4 | Local Epoch : 2 | [64/635 (11%)]	Loss1: 5.846970 Loss2: 0.000000 
| Global Round : 13 | Client :4 | Local Epoch : 3 | [64/635 (11%)]	Loss1: 5.845557 Loss2: 0.000000 
| Global Round : 13 | Client :4 | Local Epoch : 4 | [64/635 (11%)]	Loss1: 5.846680 Loss2: 0.000000 
| Global Round : 13 | Client :5 | Local Epoch : 0 | [64/633 (11%)]	Loss1: 5.846269 Loss2: 0.000000 
| Global Round : 13 | Client :5 | Local Epoch : 1 | [64/633 (11%)]	Loss1: 5.844809 Loss2: 0.000000 
| Global Round : 13 | Client :5 | Local Epoch : 2 | [64/633 (11%)]	Loss1: 5.845096 Loss2: 0.000000 
| Global Round : 13 | Client :5 | Local Epoch : 3 | [64/633 (11%)]	Loss1: 5.844970 Loss2: 0.000000 
| Global Round : 13 | Client :5 | Local Epoch : 4 | [64/633 (11%)]	Loss1: 5.844539 Loss2: 0.000000 
| Global Round : 13 | Client :6 | Local Epoch : 0 | [64/645 (10%)]	Loss1: 5.845990 Loss2: 0.000000 
| Global Round : 13 | Client :6 | Local Epoch : 1 | [64/645 (10%)]	Loss1: 5.845983 Loss2: 0.000000 
| Global Round : 13 | Client :6 | Local Epoch : 2 | [64/645 (10%)]	Loss1: 5.846157 Loss2: 0.000000 
| Global Round : 13 | Client :6 | Local Epoch : 3 | [64/645 (10%)]	Loss1: 5.844882 Loss2: 0.000000 
| Global Round : 13 | Client :6 | Local Epoch : 4 | [64/645 (10%)]	Loss1: 5.843757 Loss2: 0.000000 
| Global Round : 13 | Client :7 | Local Epoch : 0 | [64/615 (11%)]	Loss1: 5.846607 Loss2: 0.000000 
| Global Round : 13 | Client :7 | Local Epoch : 1 | [64/615 (11%)]	Loss1: 5.845808 Loss2: 0.000000 
| Global Round : 13 | Client :7 | Local Epoch : 2 | [64/615 (11%)]	Loss1: 5.845060 Loss2: 0.000000 
| Global Round : 13 | Client :7 | Local Epoch : 3 | [64/615 (11%)]	Loss1: 5.844627 Loss2: 0.000000 
| Global Round : 13 | Client :7 | Local Epoch : 4 | [64/615 (11%)]	Loss1: 5.844617 Loss2: 0.000000 
| Global Round : 13 | Client :8 | Local Epoch : 0 | [64/609 (11%)]	Loss1: 5.845312 Loss2: 0.000000 
| Global Round : 13 | Client :8 | Local Epoch : 1 | [64/609 (11%)]	Loss1: 5.846138 Loss2: 0.000000 
| Global Round : 13 | Client :8 | Local Epoch : 2 | [64/609 (11%)]	Loss1: 5.844600 Loss2: 0.000000 
| Global Round : 13 | Client :8 | Local Epoch : 3 | [64/609 (11%)]	Loss1: 5.843816 Loss2: 0.000000 
| Global Round : 13 | Client :8 | Local Epoch : 4 | [64/609 (11%)]	Loss1: 5.845136 Loss2: 0.000000 
| Global Round : 13 | Client :9 | Local Epoch : 0 | [64/628 (11%)]	Loss1: 5.844938 Loss2: 0.000000 
| Global Round : 13 | Client :9 | Local Epoch : 1 | [64/628 (11%)]	Loss1: 5.845226 Loss2: 0.000000 
| Global Round : 13 | Client :9 | Local Epoch : 2 | [64/628 (11%)]	Loss1: 5.845986 Loss2: 0.000000 
| Global Round : 13 | Client :9 | Local Epoch : 3 | [64/628 (11%)]	Loss1: 5.846079 Loss2: 0.000000 
| Global Round : 13 | Client :9 | Local Epoch : 4 | [64/628 (11%)]	Loss1: 5.845125 Loss2: 0.000000 
average loss:   5.842338943670667
average local test accuracy: 0.7908854166666666
average global test accuracy:  0.7951822916666667

 | Global Training Round : 14 |

xi_k [0.51710621 0.51619123 0.50403073 0.48246398 0.48383305 0.48523182
 0.52901206 0.49944536 0.50438683 0.48915664]
max_exp: -1.0
coe: 10
Regulation [0.8 0.8 0.8 0.8 0.8 0.8 0.8 0.8 0.8 0.8]
Solver status: optimal_inaccurate
b_new: [1. 1. 1. 1. 1. 1. 1. 1. 1. 1.]
Iter 0: obj=49.7086, best_obj=49.7086, ||b_new-b_prev||₂=2.846050
xi_k [0.51710621 0.51619123 0.50403073 0.48246398 0.48383305 0.48523182
 0.52901206 0.49944536 0.50438683 0.48915664]
max_exp: -1.0
coe: 10
Regulation [-1. -1. -1. -1. -1. -1. -1. -1. -1. -1.]
Solver status: optimal_inaccurate
b_new: [1. 1. 1. 1. 1. 1. 1. 1. 1. 1.]
Iter 1: obj=50.6086, best_obj=50.6086, ||b_new-b_prev||₂=0.000000
Converged.
Final b: [1. 1. 1. 1. 1. 1. 1. 1. 1. 1.]
<class 'numpy.ndarray'>
b_float: [1. 1. 1. 1. 1. 1. 1. 1. 1. 1.]
b: [1 1 1 1 1 1 1 1 1 1]
active_clients:  [0, 1, 2, 3, 4, 5, 6, 7, 8, 9]
Client 0's s_k are:[0 0 0 0 0 0 0 0 0 0]
Client 1's s_k are:[0 0 0 0 0 0 0 0 0 0]
Client 2's s_k are:[0 0 0 0 0 0 0 0 0 0]
Client 3's s_k are:[0 0 0 0 0 0 0 0 0 0]
Client 4's s_k are:[0 0 0 0 0 0 0 0 0 0]
Client 5's s_k are:[0 0 0 0 0 0 0 0 0 0]
Client 6's s_k are:[0 0 0 0 0 0 0 0 0 0]
Client 7's s_k are:[0 0 0 0 0 0 0 0 0 0]
Client 8's s_k are:[0 0 0 0 0 0 0 0 0 0]
Client 9's s_k are:[0 0 0 0 0 0 0 0 0 0]
| Global Round : 14 | Client :0 | Local Epoch : 0 | [64/594 (11%)]	Loss1: 5.846073 Loss2: 0.000000 
| Global Round : 14 | Client :0 | Local Epoch : 1 | [64/594 (11%)]	Loss1: 5.844801 Loss2: 0.000000 
| Global Round : 14 | Client :0 | Local Epoch : 2 | [64/594 (11%)]	Loss1: 5.846125 Loss2: 0.000000 
| Global Round : 14 | Client :0 | Local Epoch : 3 | [64/594 (11%)]	Loss1: 5.847165 Loss2: 0.000000 
| Global Round : 14 | Client :0 | Local Epoch : 4 | [64/594 (11%)]	Loss1: 5.844856 Loss2: 0.000000 
| Global Round : 14 | Client :1 | Local Epoch : 0 | [64/595 (11%)]	Loss1: 5.844617 Loss2: 0.000000 
| Global Round : 14 | Client :1 | Local Epoch : 1 | [64/595 (11%)]	Loss1: 5.844203 Loss2: 0.000000 
| Global Round : 14 | Client :1 | Local Epoch : 2 | [64/595 (11%)]	Loss1: 5.845183 Loss2: 0.000000 
| Global Round : 14 | Client :1 | Local Epoch : 3 | [64/595 (11%)]	Loss1: 5.845556 Loss2: 0.000000 
| Global Round : 14 | Client :1 | Local Epoch : 4 | [64/595 (11%)]	Loss1: 5.842859 Loss2: 0.000000 
| Global Round : 14 | Client :2 | Local Epoch : 0 | [64/474 (14%)]	Loss1: 5.844987 Loss2: 0.000000 
| Global Round : 14 | Client :2 | Local Epoch : 1 | [64/474 (14%)]	Loss1: 5.845873 Loss2: 0.000000 
| Global Round : 14 | Client :2 | Local Epoch : 2 | [64/474 (14%)]	Loss1: 5.845626 Loss2: 0.000000 
| Global Round : 14 | Client :2 | Local Epoch : 3 | [64/474 (14%)]	Loss1: 5.845857 Loss2: 0.000000 
| Global Round : 14 | Client :2 | Local Epoch : 4 | [64/474 (14%)]	Loss1: 5.845827 Loss2: 0.000000 
| Global Round : 14 | Client :3 | Local Epoch : 0 | [64/566 (12%)]	Loss1: 5.845931 Loss2: 0.000000 
| Global Round : 14 | Client :3 | Local Epoch : 1 | [64/566 (12%)]	Loss1: 5.846181 Loss2: 0.000000 
| Global Round : 14 | Client :3 | Local Epoch : 2 | [64/566 (12%)]	Loss1: 5.846560 Loss2: 0.000000 
| Global Round : 14 | Client :3 | Local Epoch : 3 | [64/566 (12%)]	Loss1: 5.845998 Loss2: 0.000000 
| Global Round : 14 | Client :3 | Local Epoch : 4 | [64/566 (12%)]	Loss1: 5.845304 Loss2: 0.000000 
| Global Round : 14 | Client :4 | Local Epoch : 0 | [64/635 (11%)]	Loss1: 5.847202 Loss2: 0.000000 
| Global Round : 14 | Client :4 | Local Epoch : 1 | [64/635 (11%)]	Loss1: 5.848113 Loss2: 0.000000 
| Global Round : 14 | Client :4 | Local Epoch : 2 | [64/635 (11%)]	Loss1: 5.846082 Loss2: 0.000000 
| Global Round : 14 | Client :4 | Local Epoch : 3 | [64/635 (11%)]	Loss1: 5.845431 Loss2: 0.000000 
| Global Round : 14 | Client :4 | Local Epoch : 4 | [64/635 (11%)]	Loss1: 5.846077 Loss2: 0.000000 
| Global Round : 14 | Client :5 | Local Epoch : 0 | [64/633 (11%)]	Loss1: 5.845279 Loss2: 0.000000 
| Global Round : 14 | Client :5 | Local Epoch : 1 | [64/633 (11%)]	Loss1: 5.842912 Loss2: 0.000000 
| Global Round : 14 | Client :5 | Local Epoch : 2 | [64/633 (11%)]	Loss1: 5.844741 Loss2: 0.000000 
| Global Round : 14 | Client :5 | Local Epoch : 3 | [64/633 (11%)]	Loss1: 5.844842 Loss2: 0.000000 
| Global Round : 14 | Client :5 | Local Epoch : 4 | [64/633 (11%)]	Loss1: 5.844143 Loss2: 0.000000 
| Global Round : 14 | Client :6 | Local Epoch : 0 | [64/645 (10%)]	Loss1: 5.846092 Loss2: 0.000000 
| Global Round : 14 | Client :6 | Local Epoch : 1 | [64/645 (10%)]	Loss1: 5.844377 Loss2: 0.000000 
| Global Round : 14 | Client :6 | Local Epoch : 2 | [64/645 (10%)]	Loss1: 5.845651 Loss2: 0.000000 
| Global Round : 14 | Client :6 | Local Epoch : 3 | [64/645 (10%)]	Loss1: 5.845411 Loss2: 0.000000 
| Global Round : 14 | Client :6 | Local Epoch : 4 | [64/645 (10%)]	Loss1: 5.843158 Loss2: 0.000000 
| Global Round : 14 | Client :7 | Local Epoch : 0 | [64/615 (11%)]	Loss1: 5.844061 Loss2: 0.000000 
| Global Round : 14 | Client :7 | Local Epoch : 1 | [64/615 (11%)]	Loss1: 5.847440 Loss2: 0.000000 
| Global Round : 14 | Client :7 | Local Epoch : 2 | [64/615 (11%)]	Loss1: 5.844820 Loss2: 0.000000 
| Global Round : 14 | Client :7 | Local Epoch : 3 | [64/615 (11%)]	Loss1: 5.847909 Loss2: 0.000000 
| Global Round : 14 | Client :7 | Local Epoch : 4 | [64/615 (11%)]	Loss1: 5.846254 Loss2: 0.000000 
| Global Round : 14 | Client :8 | Local Epoch : 0 | [64/609 (11%)]	Loss1: 5.846048 Loss2: 0.000000 
| Global Round : 14 | Client :8 | Local Epoch : 1 | [64/609 (11%)]	Loss1: 5.845587 Loss2: 0.000000 
| Global Round : 14 | Client :8 | Local Epoch : 2 | [64/609 (11%)]	Loss1: 5.844985 Loss2: 0.000000 
| Global Round : 14 | Client :8 | Local Epoch : 3 | [64/609 (11%)]	Loss1: 5.844166 Loss2: 0.000000 
| Global Round : 14 | Client :8 | Local Epoch : 4 | [64/609 (11%)]	Loss1: 5.845634 Loss2: 0.000000 
| Global Round : 14 | Client :9 | Local Epoch : 0 | [64/628 (11%)]	Loss1: 5.843839 Loss2: 0.000000 
| Global Round : 14 | Client :9 | Local Epoch : 1 | [64/628 (11%)]	Loss1: 5.846122 Loss2: 0.000000 
| Global Round : 14 | Client :9 | Local Epoch : 2 | [64/628 (11%)]	Loss1: 5.843881 Loss2: 0.000000 
| Global Round : 14 | Client :9 | Local Epoch : 3 | [64/628 (11%)]	Loss1: 5.844570 Loss2: 0.000000 
| Global Round : 14 | Client :9 | Local Epoch : 4 | [64/628 (11%)]	Loss1: 5.844826 Loss2: 0.000000 
average loss:   5.84221775291458
average local test accuracy: 0.7885416666666667
average global test accuracy:  0.8217447916666666

 | Global Training Round : 15 |

xi_k [0.51701745 0.51614859 0.50402092 0.48241653 0.48385717 0.48518626
 0.5289807  0.4993972  0.50440499 0.48908324]
max_exp: -1.0
coe: 10
Regulation [0.8 0.8 0.8 0.8 0.8 0.8 0.8 0.8 0.8 0.8]
Solver status: optimal_inaccurate
b_new: [1. 1. 1. 1. 1. 1. 1. 1. 1. 1.]
Iter 0: obj=49.7051, best_obj=49.7051, ||b_new-b_prev||₂=2.846050
xi_k [0.51701745 0.51614859 0.50402092 0.48241653 0.48385717 0.48518626
 0.5289807  0.4993972  0.50440499 0.48908324]
max_exp: -1.0
coe: 10
Regulation [-1. -1. -1. -1. -1. -1. -1. -1. -1. -1.]
Solver status: optimal_inaccurate
b_new: [1. 1. 1. 1. 1. 1. 1. 1. 1. 1.]
Iter 1: obj=50.6051, best_obj=50.6051, ||b_new-b_prev||₂=0.000000
Converged.
Final b: [1. 1. 1. 1. 1. 1. 1. 1. 1. 1.]
<class 'numpy.ndarray'>
b_float: [1. 1. 1. 1. 1. 1. 1. 1. 1. 1.]
b: [1 1 1 1 1 1 1 1 1 1]
active_clients:  [0, 1, 2, 3, 4, 5, 6, 7, 8, 9]
Client 0's s_k are:[0 0 0 0 0 0 0 0 0 0]
Client 1's s_k are:[0 0 0 0 0 0 0 0 0 0]
Client 2's s_k are:[0 0 0 0 0 0 0 0 0 0]
Client 3's s_k are:[0 0 0 0 0 0 0 0 0 0]
Client 4's s_k are:[0 0 0 0 0 0 0 0 0 0]
Client 5's s_k are:[0 0 0 0 0 0 0 0 0 0]
Client 6's s_k are:[0 0 0 0 0 0 0 0 0 0]
Client 7's s_k are:[0 0 0 0 0 0 0 0 0 0]
Client 8's s_k are:[0 0 0 0 0 0 0 0 0 0]
Client 9's s_k are:[0 0 0 0 0 0 0 0 0 0]
| Global Round : 15 | Client :0 | Local Epoch : 0 | [64/594 (11%)]	Loss1: 5.845233 Loss2: 0.000000 
| Global Round : 15 | Client :0 | Local Epoch : 1 | [64/594 (11%)]	Loss1: 5.845752 Loss2: 0.000000 
| Global Round : 15 | Client :0 | Local Epoch : 2 | [64/594 (11%)]	Loss1: 5.843501 Loss2: 0.000000 
| Global Round : 15 | Client :0 | Local Epoch : 3 | [64/594 (11%)]	Loss1: 5.844918 Loss2: 0.000000 
| Global Round : 15 | Client :0 | Local Epoch : 4 | [64/594 (11%)]	Loss1: 5.844727 Loss2: 0.000000 
| Global Round : 15 | Client :1 | Local Epoch : 0 | [64/595 (11%)]	Loss1: 5.844193 Loss2: 0.000000 
| Global Round : 15 | Client :1 | Local Epoch : 1 | [64/595 (11%)]	Loss1: 5.844866 Loss2: 0.000000 
| Global Round : 15 | Client :1 | Local Epoch : 2 | [64/595 (11%)]	Loss1: 5.845139 Loss2: 0.000000 
| Global Round : 15 | Client :1 | Local Epoch : 3 | [64/595 (11%)]	Loss1: 5.843996 Loss2: 0.000000 
| Global Round : 15 | Client :1 | Local Epoch : 4 | [64/595 (11%)]	Loss1: 5.844251 Loss2: 0.000000 
| Global Round : 15 | Client :2 | Local Epoch : 0 | [64/474 (14%)]	Loss1: 5.844211 Loss2: 0.000000 
| Global Round : 15 | Client :2 | Local Epoch : 1 | [64/474 (14%)]	Loss1: 5.844406 Loss2: 0.000000 
| Global Round : 15 | Client :2 | Local Epoch : 2 | [64/474 (14%)]	Loss1: 5.845551 Loss2: 0.000000 
| Global Round : 15 | Client :2 | Local Epoch : 3 | [64/474 (14%)]	Loss1: 5.845470 Loss2: 0.000000 
| Global Round : 15 | Client :2 | Local Epoch : 4 | [64/474 (14%)]	Loss1: 5.843808 Loss2: 0.000000 
| Global Round : 15 | Client :3 | Local Epoch : 0 | [64/566 (12%)]	Loss1: 5.846073 Loss2: 0.000000 
| Global Round : 15 | Client :3 | Local Epoch : 1 | [64/566 (12%)]	Loss1: 5.844711 Loss2: 0.000000 
| Global Round : 15 | Client :3 | Local Epoch : 2 | [64/566 (12%)]	Loss1: 5.845243 Loss2: 0.000000 
| Global Round : 15 | Client :3 | Local Epoch : 3 | [64/566 (12%)]	Loss1: 5.845979 Loss2: 0.000000 
| Global Round : 15 | Client :3 | Local Epoch : 4 | [64/566 (12%)]	Loss1: 5.846820 Loss2: 0.000000 
| Global Round : 15 | Client :4 | Local Epoch : 0 | [64/635 (11%)]	Loss1: 5.845085 Loss2: 0.000000 
| Global Round : 15 | Client :4 | Local Epoch : 1 | [64/635 (11%)]	Loss1: 5.845762 Loss2: 0.000000 
| Global Round : 15 | Client :4 | Local Epoch : 2 | [64/635 (11%)]	Loss1: 5.845788 Loss2: 0.000000 
| Global Round : 15 | Client :4 | Local Epoch : 3 | [64/635 (11%)]	Loss1: 5.845673 Loss2: 0.000000 
| Global Round : 15 | Client :4 | Local Epoch : 4 | [64/635 (11%)]	Loss1: 5.846307 Loss2: 0.000000 
| Global Round : 15 | Client :5 | Local Epoch : 0 | [64/633 (11%)]	Loss1: 5.846440 Loss2: 0.000000 
| Global Round : 15 | Client :5 | Local Epoch : 1 | [64/633 (11%)]	Loss1: 5.843892 Loss2: 0.000000 
| Global Round : 15 | Client :5 | Local Epoch : 2 | [64/633 (11%)]	Loss1: 5.844571 Loss2: 0.000000 
| Global Round : 15 | Client :5 | Local Epoch : 3 | [64/633 (11%)]	Loss1: 5.844437 Loss2: 0.000000 
| Global Round : 15 | Client :5 | Local Epoch : 4 | [64/633 (11%)]	Loss1: 5.844331 Loss2: 0.000000 
| Global Round : 15 | Client :6 | Local Epoch : 0 | [64/645 (10%)]	Loss1: 5.844711 Loss2: 0.000000 
| Global Round : 15 | Client :6 | Local Epoch : 1 | [64/645 (10%)]	Loss1: 5.843545 Loss2: 0.000000 
| Global Round : 15 | Client :6 | Local Epoch : 2 | [64/645 (10%)]	Loss1: 5.845144 Loss2: 0.000000 
| Global Round : 15 | Client :6 | Local Epoch : 3 | [64/645 (10%)]	Loss1: 5.845304 Loss2: 0.000000 
| Global Round : 15 | Client :6 | Local Epoch : 4 | [64/645 (10%)]	Loss1: 5.844582 Loss2: 0.000000 
| Global Round : 15 | Client :7 | Local Epoch : 0 | [64/615 (11%)]	Loss1: 5.846178 Loss2: 0.000000 
| Global Round : 15 | Client :7 | Local Epoch : 1 | [64/615 (11%)]	Loss1: 5.844691 Loss2: 0.000000 
| Global Round : 15 | Client :7 | Local Epoch : 2 | [64/615 (11%)]	Loss1: 5.844957 Loss2: 0.000000 
| Global Round : 15 | Client :7 | Local Epoch : 3 | [64/615 (11%)]	Loss1: 5.844803 Loss2: 0.000000 
| Global Round : 15 | Client :7 | Local Epoch : 4 | [64/615 (11%)]	Loss1: 5.843765 Loss2: 0.000000 
| Global Round : 15 | Client :8 | Local Epoch : 0 | [64/609 (11%)]	Loss1: 5.845356 Loss2: 0.000000 
| Global Round : 15 | Client :8 | Local Epoch : 1 | [64/609 (11%)]	Loss1: 5.845399 Loss2: 0.000000 
| Global Round : 15 | Client :8 | Local Epoch : 2 | [64/609 (11%)]	Loss1: 5.845722 Loss2: 0.000000 
| Global Round : 15 | Client :8 | Local Epoch : 3 | [64/609 (11%)]	Loss1: 5.844416 Loss2: 0.000000 
| Global Round : 15 | Client :8 | Local Epoch : 4 | [64/609 (11%)]	Loss1: 5.843817 Loss2: 0.000000 
| Global Round : 15 | Client :9 | Local Epoch : 0 | [64/628 (11%)]	Loss1: 5.845562 Loss2: 0.000000 
| Global Round : 15 | Client :9 | Local Epoch : 1 | [64/628 (11%)]	Loss1: 5.843346 Loss2: 0.000000 
| Global Round : 15 | Client :9 | Local Epoch : 2 | [64/628 (11%)]	Loss1: 5.844573 Loss2: 0.000000 
| Global Round : 15 | Client :9 | Local Epoch : 3 | [64/628 (11%)]	Loss1: 5.844945 Loss2: 0.000000 
| Global Round : 15 | Client :9 | Local Epoch : 4 | [64/628 (11%)]	Loss1: 5.843365 Loss2: 0.000000 
average loss:   5.841801431576411
average local test accuracy: 0.7927083333333333
average global test accuracy:  0.7975260416666667

 | Global Training Round : 16 |

xi_k [0.51700607 0.5160844  0.50386281 0.48235771 0.48380003 0.48511059
 0.52892471 0.49935286 0.50430372 0.4890608 ]
max_exp: -1.0
coe: 10
Regulation [0.8 0.8 0.8 0.8 0.8 0.8 0.8 0.8 0.8 0.8]
Solver status: optimal_inaccurate
b_new: [1. 1. 1. 1. 1. 1. 1. 1. 1. 1.]
Iter 0: obj=49.6986, best_obj=49.6986, ||b_new-b_prev||₂=2.846050
xi_k [0.51700607 0.5160844  0.50386281 0.48235771 0.48380003 0.48511059
 0.52892471 0.49935286 0.50430372 0.4890608 ]
max_exp: -1.0
coe: 10
Regulation [-1. -1. -1. -1. -1. -1. -1. -1. -1. -1.]
Solver status: optimal_inaccurate
b_new: [1. 1. 1. 1. 1. 1. 1. 1. 1. 1.]
Iter 1: obj=50.5986, best_obj=50.5986, ||b_new-b_prev||₂=0.000000
Converged.
Final b: [1. 1. 1. 1. 1. 1. 1. 1. 1. 1.]
<class 'numpy.ndarray'>
b_float: [1. 1. 1. 1. 1. 1. 1. 1. 1. 1.]
b: [1 1 1 1 1 1 1 1 1 1]
active_clients:  [0, 1, 2, 3, 4, 5, 6, 7, 8, 9]
Client 0's s_k are:[0 0 0 0 0 0 0 0 0 0]
Client 1's s_k are:[0 0 0 0 0 0 0 0 0 0]
Client 2's s_k are:[0 0 0 0 0 0 0 0 0 0]
Client 3's s_k are:[0 0 0 0 0 0 0 0 0 0]
Client 4's s_k are:[0 0 0 0 0 0 0 0 0 0]
Client 5's s_k are:[0 0 0 0 0 0 0 0 0 0]
Client 6's s_k are:[0 0 0 0 0 0 0 0 0 0]
Client 7's s_k are:[0 0 0 0 0 0 0 0 0 0]
Client 8's s_k are:[0 0 0 0 0 0 0 0 0 0]
Client 9's s_k are:[0 0 0 0 0 0 0 0 0 0]
| Global Round : 16 | Client :0 | Local Epoch : 0 | [64/594 (11%)]	Loss1: 5.844265 Loss2: 0.000000 
| Global Round : 16 | Client :0 | Local Epoch : 1 | [64/594 (11%)]	Loss1: 5.845018 Loss2: 0.000000 
| Global Round : 16 | Client :0 | Local Epoch : 2 | [64/594 (11%)]	Loss1: 5.844405 Loss2: 0.000000 
| Global Round : 16 | Client :0 | Local Epoch : 3 | [64/594 (11%)]	Loss1: 5.843249 Loss2: 0.000000 
| Global Round : 16 | Client :0 | Local Epoch : 4 | [64/594 (11%)]	Loss1: 5.844379 Loss2: 0.000000 
| Global Round : 16 | Client :1 | Local Epoch : 0 | [64/595 (11%)]	Loss1: 5.843587 Loss2: 0.000000 
| Global Round : 16 | Client :1 | Local Epoch : 1 | [64/595 (11%)]	Loss1: 5.844696 Loss2: 0.000000 
| Global Round : 16 | Client :1 | Local Epoch : 2 | [64/595 (11%)]	Loss1: 5.846410 Loss2: 0.000000 
| Global Round : 16 | Client :1 | Local Epoch : 3 | [64/595 (11%)]	Loss1: 5.845178 Loss2: 0.000000 
| Global Round : 16 | Client :1 | Local Epoch : 4 | [64/595 (11%)]	Loss1: 5.842710 Loss2: 0.000000 
| Global Round : 16 | Client :2 | Local Epoch : 0 | [64/474 (14%)]	Loss1: 5.844369 Loss2: 0.000000 
| Global Round : 16 | Client :2 | Local Epoch : 1 | [64/474 (14%)]	Loss1: 5.844371 Loss2: 0.000000 
| Global Round : 16 | Client :2 | Local Epoch : 2 | [64/474 (14%)]	Loss1: 5.844875 Loss2: 0.000000 
| Global Round : 16 | Client :2 | Local Epoch : 3 | [64/474 (14%)]	Loss1: 5.844636 Loss2: 0.000000 
| Global Round : 16 | Client :2 | Local Epoch : 4 | [64/474 (14%)]	Loss1: 5.844596 Loss2: 0.000000 
| Global Round : 16 | Client :3 | Local Epoch : 0 | [64/566 (12%)]	Loss1: 5.844938 Loss2: 0.000000 
| Global Round : 16 | Client :3 | Local Epoch : 1 | [64/566 (12%)]	Loss1: 5.845294 Loss2: 0.000000 
| Global Round : 16 | Client :3 | Local Epoch : 2 | [64/566 (12%)]	Loss1: 5.843225 Loss2: 0.000000 
| Global Round : 16 | Client :3 | Local Epoch : 3 | [64/566 (12%)]	Loss1: 5.845281 Loss2: 0.000000 
| Global Round : 16 | Client :3 | Local Epoch : 4 | [64/566 (12%)]	Loss1: 5.844370 Loss2: 0.000000 
| Global Round : 16 | Client :4 | Local Epoch : 0 | [64/635 (11%)]	Loss1: 5.845895 Loss2: 0.000000 
| Global Round : 16 | Client :4 | Local Epoch : 1 | [64/635 (11%)]	Loss1: 5.844231 Loss2: 0.000000 
| Global Round : 16 | Client :4 | Local Epoch : 2 | [64/635 (11%)]	Loss1: 5.845987 Loss2: 0.000000 
| Global Round : 16 | Client :4 | Local Epoch : 3 | [64/635 (11%)]	Loss1: 5.844917 Loss2: 0.000000 
| Global Round : 16 | Client :4 | Local Epoch : 4 | [64/635 (11%)]	Loss1: 5.845790 Loss2: 0.000000 
| Global Round : 16 | Client :5 | Local Epoch : 0 | [64/633 (11%)]	Loss1: 5.845214 Loss2: 0.000000 
| Global Round : 16 | Client :5 | Local Epoch : 1 | [64/633 (11%)]	Loss1: 5.844442 Loss2: 0.000000 
| Global Round : 16 | Client :5 | Local Epoch : 2 | [64/633 (11%)]	Loss1: 5.844274 Loss2: 0.000000 
| Global Round : 16 | Client :5 | Local Epoch : 3 | [64/633 (11%)]	Loss1: 5.843781 Loss2: 0.000000 
| Global Round : 16 | Client :5 | Local Epoch : 4 | [64/633 (11%)]	Loss1: 5.843676 Loss2: 0.000000 
| Global Round : 16 | Client :6 | Local Epoch : 0 | [64/645 (10%)]	Loss1: 5.843002 Loss2: 0.000000 
| Global Round : 16 | Client :6 | Local Epoch : 1 | [64/645 (10%)]	Loss1: 5.843060 Loss2: 0.000000 
| Global Round : 16 | Client :6 | Local Epoch : 2 | [64/645 (10%)]	Loss1: 5.844599 Loss2: 0.000000 
| Global Round : 16 | Client :6 | Local Epoch : 3 | [64/645 (10%)]	Loss1: 5.844579 Loss2: 0.000000 
| Global Round : 16 | Client :6 | Local Epoch : 4 | [64/645 (10%)]	Loss1: 5.843579 Loss2: 0.000000 
| Global Round : 16 | Client :7 | Local Epoch : 0 | [64/615 (11%)]	Loss1: 5.843604 Loss2: 0.000000 
| Global Round : 16 | Client :7 | Local Epoch : 1 | [64/615 (11%)]	Loss1: 5.846297 Loss2: 0.000000 
| Global Round : 16 | Client :7 | Local Epoch : 2 | [64/615 (11%)]	Loss1: 5.844753 Loss2: 0.000000 
| Global Round : 16 | Client :7 | Local Epoch : 3 | [64/615 (11%)]	Loss1: 5.843639 Loss2: 0.000000 
| Global Round : 16 | Client :7 | Local Epoch : 4 | [64/615 (11%)]	Loss1: 5.845040 Loss2: 0.000000 
| Global Round : 16 | Client :8 | Local Epoch : 0 | [64/609 (11%)]	Loss1: 5.845476 Loss2: 0.000000 
| Global Round : 16 | Client :8 | Local Epoch : 1 | [64/609 (11%)]	Loss1: 5.843804 Loss2: 0.000000 
| Global Round : 16 | Client :8 | Local Epoch : 2 | [64/609 (11%)]	Loss1: 5.843789 Loss2: 0.000000 
| Global Round : 16 | Client :8 | Local Epoch : 3 | [64/609 (11%)]	Loss1: 5.844434 Loss2: 0.000000 
| Global Round : 16 | Client :8 | Local Epoch : 4 | [64/609 (11%)]	Loss1: 5.846042 Loss2: 0.000000 
| Global Round : 16 | Client :9 | Local Epoch : 0 | [64/628 (11%)]	Loss1: 5.844856 Loss2: 0.000000 
| Global Round : 16 | Client :9 | Local Epoch : 1 | [64/628 (11%)]	Loss1: 5.844906 Loss2: 0.000000 
| Global Round : 16 | Client :9 | Local Epoch : 2 | [64/628 (11%)]	Loss1: 5.845258 Loss2: 0.000000 
| Global Round : 16 | Client :9 | Local Epoch : 3 | [64/628 (11%)]	Loss1: 5.843287 Loss2: 0.000000 
| Global Round : 16 | Client :9 | Local Epoch : 4 | [64/628 (11%)]	Loss1: 5.844678 Loss2: 0.000000 
average loss:   5.841544488025091
average local test accuracy: 0.7934895833333333
average global test accuracy:  0.8130208333333332

 | Global Training Round : 17 |

xi_k [0.51691876 0.51601509 0.50384678 0.48236498 0.4837437  0.48508891
 0.52886908 0.4993126  0.50426025 0.48900013]
max_exp: -1.0
coe: 10
Regulation [0.8 0.8 0.8 0.8 0.8 0.8 0.8 0.8 0.8 0.8]
Solver status: optimal_inaccurate
b_new: [1. 1. 1. 1. 1. 1. 1. 1. 1. 1.]
Iter 0: obj=49.6942, best_obj=49.6942, ||b_new-b_prev||₂=2.846050
xi_k [0.51691876 0.51601509 0.50384678 0.48236498 0.4837437  0.48508891
 0.52886908 0.4993126  0.50426025 0.48900013]
max_exp: -1.0
coe: 10
Regulation [-1. -1. -1. -1. -1. -1. -1. -1. -1. -1.]
Solver status: optimal_inaccurate
b_new: [1. 1. 1. 1. 1. 1. 1. 1. 1. 1.]
Iter 1: obj=50.5942, best_obj=50.5942, ||b_new-b_prev||₂=0.000000
Converged.
Final b: [1. 1. 1. 1. 1. 1. 1. 1. 1. 1.]
<class 'numpy.ndarray'>
b_float: [1. 1. 1. 1. 1. 1. 1. 1. 1. 1.]
b: [1 1 1 1 1 1 1 1 1 1]
active_clients:  [0, 1, 2, 3, 4, 5, 6, 7, 8, 9]
Client 0's s_k are:[0 0 0 0 0 0 0 0 0 0]
Client 1's s_k are:[0 0 0 0 0 0 0 0 0 0]
Client 2's s_k are:[0 0 0 0 0 0 0 0 0 0]
Client 3's s_k are:[0 0 0 0 0 0 0 0 0 0]
Client 4's s_k are:[0 0 0 0 0 0 0 0 0 0]
Client 5's s_k are:[0 0 0 0 0 0 0 0 0 0]
Client 6's s_k are:[0 0 0 0 0 0 0 0 0 0]
Client 7's s_k are:[0 0 0 0 0 0 0 0 0 0]
Client 8's s_k are:[0 0 0 0 0 0 0 0 0 0]
Client 9's s_k are:[0 0 0 0 0 0 0 0 0 0]
| Global Round : 17 | Client :0 | Local Epoch : 0 | [64/594 (11%)]	Loss1: 5.843457 Loss2: 0.000000 
| Global Round : 17 | Client :0 | Local Epoch : 1 | [64/594 (11%)]	Loss1: 5.843889 Loss2: 0.000000 
| Global Round : 17 | Client :0 | Local Epoch : 2 | [64/594 (11%)]	Loss1: 5.843923 Loss2: 0.000000 
| Global Round : 17 | Client :0 | Local Epoch : 3 | [64/594 (11%)]	Loss1: 5.845130 Loss2: 0.000000 
| Global Round : 17 | Client :0 | Local Epoch : 4 | [64/594 (11%)]	Loss1: 5.843984 Loss2: 0.000000 
| Global Round : 17 | Client :1 | Local Epoch : 0 | [64/595 (11%)]	Loss1: 5.842668 Loss2: 0.000000 
| Global Round : 17 | Client :1 | Local Epoch : 1 | [64/595 (11%)]	Loss1: 5.844600 Loss2: 0.000000 
| Global Round : 17 | Client :1 | Local Epoch : 2 | [64/595 (11%)]	Loss1: 5.844676 Loss2: 0.000000 
| Global Round : 17 | Client :1 | Local Epoch : 3 | [64/595 (11%)]	Loss1: 5.844232 Loss2: 0.000000 
| Global Round : 17 | Client :1 | Local Epoch : 4 | [64/595 (11%)]	Loss1: 5.844675 Loss2: 0.000000 
| Global Round : 17 | Client :2 | Local Epoch : 0 | [64/474 (14%)]	Loss1: 5.844400 Loss2: 0.000000 
| Global Round : 17 | Client :2 | Local Epoch : 1 | [64/474 (14%)]	Loss1: 5.844837 Loss2: 0.000000 
| Global Round : 17 | Client :2 | Local Epoch : 2 | [64/474 (14%)]	Loss1: 5.843494 Loss2: 0.000000 
| Global Round : 17 | Client :2 | Local Epoch : 3 | [64/474 (14%)]	Loss1: 5.844759 Loss2: 0.000000 
| Global Round : 17 | Client :2 | Local Epoch : 4 | [64/474 (14%)]	Loss1: 5.844400 Loss2: 0.000000 
| Global Round : 17 | Client :3 | Local Epoch : 0 | [64/566 (12%)]	Loss1: 5.846249 Loss2: 0.000000 
| Global Round : 17 | Client :3 | Local Epoch : 1 | [64/566 (12%)]	Loss1: 5.844245 Loss2: 0.000000 
| Global Round : 17 | Client :3 | Local Epoch : 2 | [64/566 (12%)]	Loss1: 5.843784 Loss2: 0.000000 
| Global Round : 17 | Client :3 | Local Epoch : 3 | [64/566 (12%)]	Loss1: 5.845153 Loss2: 0.000000 
| Global Round : 17 | Client :3 | Local Epoch : 4 | [64/566 (12%)]	Loss1: 5.843669 Loss2: 0.000000 
| Global Round : 17 | Client :4 | Local Epoch : 0 | [64/635 (11%)]	Loss1: 5.845106 Loss2: 0.000000 
| Global Round : 17 | Client :4 | Local Epoch : 1 | [64/635 (11%)]	Loss1: 5.844262 Loss2: 0.000000 
| Global Round : 17 | Client :4 | Local Epoch : 2 | [64/635 (11%)]	Loss1: 5.845114 Loss2: 0.000000 
| Global Round : 17 | Client :4 | Local Epoch : 3 | [64/635 (11%)]	Loss1: 5.845047 Loss2: 0.000000 
| Global Round : 17 | Client :4 | Local Epoch : 4 | [64/635 (11%)]	Loss1: 5.844372 Loss2: 0.000000 
| Global Round : 17 | Client :5 | Local Epoch : 0 | [64/633 (11%)]	Loss1: 5.843595 Loss2: 0.000000 
| Global Round : 17 | Client :5 | Local Epoch : 1 | [64/633 (11%)]	Loss1: 5.844088 Loss2: 0.000000 
| Global Round : 17 | Client :5 | Local Epoch : 2 | [64/633 (11%)]	Loss1: 5.845344 Loss2: 0.000000 
| Global Round : 17 | Client :5 | Local Epoch : 3 | [64/633 (11%)]	Loss1: 5.845399 Loss2: 0.000000 
| Global Round : 17 | Client :5 | Local Epoch : 4 | [64/633 (11%)]	Loss1: 5.846162 Loss2: 0.000000 
| Global Round : 17 | Client :6 | Local Epoch : 0 | [64/645 (10%)]	Loss1: 5.845991 Loss2: 0.000000 
| Global Round : 17 | Client :6 | Local Epoch : 1 | [64/645 (10%)]	Loss1: 5.845019 Loss2: 0.000000 
| Global Round : 17 | Client :6 | Local Epoch : 2 | [64/645 (10%)]	Loss1: 5.842914 Loss2: 0.000000 
| Global Round : 17 | Client :6 | Local Epoch : 3 | [64/645 (10%)]	Loss1: 5.842606 Loss2: 0.000000 
| Global Round : 17 | Client :6 | Local Epoch : 4 | [64/645 (10%)]	Loss1: 5.843643 Loss2: 0.000000 
| Global Round : 17 | Client :7 | Local Epoch : 0 | [64/615 (11%)]	Loss1: 5.844608 Loss2: 0.000000 
| Global Round : 17 | Client :7 | Local Epoch : 1 | [64/615 (11%)]	Loss1: 5.845224 Loss2: 0.000000 
| Global Round : 17 | Client :7 | Local Epoch : 2 | [64/615 (11%)]	Loss1: 5.843937 Loss2: 0.000000 
| Global Round : 17 | Client :7 | Local Epoch : 3 | [64/615 (11%)]	Loss1: 5.844202 Loss2: 0.000000 
| Global Round : 17 | Client :7 | Local Epoch : 4 | [64/615 (11%)]	Loss1: 5.844352 Loss2: 0.000000 
| Global Round : 17 | Client :8 | Local Epoch : 0 | [64/609 (11%)]	Loss1: 5.844292 Loss2: 0.000000 
| Global Round : 17 | Client :8 | Local Epoch : 1 | [64/609 (11%)]	Loss1: 5.845233 Loss2: 0.000000 
| Global Round : 17 | Client :8 | Local Epoch : 2 | [64/609 (11%)]	Loss1: 5.844896 Loss2: 0.000000 
| Global Round : 17 | Client :8 | Local Epoch : 3 | [64/609 (11%)]	Loss1: 5.844106 Loss2: 0.000000 
| Global Round : 17 | Client :8 | Local Epoch : 4 | [64/609 (11%)]	Loss1: 5.843730 Loss2: 0.000000 
| Global Round : 17 | Client :9 | Local Epoch : 0 | [64/628 (11%)]	Loss1: 5.845127 Loss2: 0.000000 
| Global Round : 17 | Client :9 | Local Epoch : 1 | [64/628 (11%)]	Loss1: 5.844184 Loss2: 0.000000 
| Global Round : 17 | Client :9 | Local Epoch : 2 | [64/628 (11%)]	Loss1: 5.844860 Loss2: 0.000000 
| Global Round : 17 | Client :9 | Local Epoch : 3 | [64/628 (11%)]	Loss1: 5.845432 Loss2: 0.000000 
| Global Round : 17 | Client :9 | Local Epoch : 4 | [64/628 (11%)]	Loss1: 5.844313 Loss2: 0.000000 
average loss:   5.841181143730406
average local test accuracy: 0.7846354166666667
average global test accuracy:  0.8169270833333334

 | Global Training Round : 18 |

xi_k [0.51687229 0.51596813 0.50375783 0.48223763 0.48369443 0.48506527
 0.52882325 0.49922051 0.50418624 0.48895612]
max_exp: -1.0
coe: 10
Regulation [0.8 0.8 0.8 0.8 0.8 0.8 0.8 0.8 0.8 0.8]
Solver status: optimal_inaccurate
b_new: [1. 1. 1. 1. 1. 1. 1. 1. 1. 1.]
Iter 0: obj=49.6878, best_obj=49.6878, ||b_new-b_prev||₂=2.846050
xi_k [0.51687229 0.51596813 0.50375783 0.48223763 0.48369443 0.48506527
 0.52882325 0.49922051 0.50418624 0.48895612]
max_exp: -1.0
coe: 10
Regulation [-1. -1. -1. -1. -1. -1. -1. -1. -1. -1.]
Solver status: optimal_inaccurate
b_new: [1. 1. 1. 1. 1. 1. 1. 1. 1. 1.]
Iter 1: obj=50.5878, best_obj=50.5878, ||b_new-b_prev||₂=0.000000
Converged.
Final b: [1. 1. 1. 1. 1. 1. 1. 1. 1. 1.]
<class 'numpy.ndarray'>
b_float: [1. 1. 1. 1. 1. 1. 1. 1. 1. 1.]
b: [1 1 1 1 1 1 1 1 1 1]
active_clients:  [0, 1, 2, 3, 4, 5, 6, 7, 8, 9]
Client 0's s_k are:[0 0 0 0 0 0 0 0 0 0]
Client 1's s_k are:[0 0 0 0 0 0 0 0 0 0]
Client 2's s_k are:[0 0 0 0 0 0 0 0 0 0]
Client 3's s_k are:[0 0 0 0 0 0 0 0 0 0]
Client 4's s_k are:[0 0 0 0 0 0 0 0 0 0]
Client 5's s_k are:[0 0 0 0 0 0 0 0 0 0]
Client 6's s_k are:[0 0 0 0 0 0 0 0 0 0]
Client 7's s_k are:[0 0 0 0 0 0 0 0 0 0]
Client 8's s_k are:[0 0 0 0 0 0 0 0 0 0]
Client 9's s_k are:[0 0 0 0 0 0 0 0 0 0]
| Global Round : 18 | Client :0 | Local Epoch : 0 | [64/594 (11%)]	Loss1: 5.842545 Loss2: 0.000000 
| Global Round : 18 | Client :0 | Local Epoch : 1 | [64/594 (11%)]	Loss1: 5.844227 Loss2: 0.000000 
| Global Round : 18 | Client :0 | Local Epoch : 2 | [64/594 (11%)]	Loss1: 5.846035 Loss2: 0.000000 
| Global Round : 18 | Client :0 | Local Epoch : 3 | [64/594 (11%)]	Loss1: 5.843807 Loss2: 0.000000 
| Global Round : 18 | Client :0 | Local Epoch : 4 | [64/594 (11%)]	Loss1: 5.844152 Loss2: 0.000000 
| Global Round : 18 | Client :1 | Local Epoch : 0 | [64/595 (11%)]	Loss1: 5.844344 Loss2: 0.000000 
| Global Round : 18 | Client :1 | Local Epoch : 1 | [64/595 (11%)]	Loss1: 5.843652 Loss2: 0.000000 
| Global Round : 18 | Client :1 | Local Epoch : 2 | [64/595 (11%)]	Loss1: 5.844298 Loss2: 0.000000 
| Global Round : 18 | Client :1 | Local Epoch : 3 | [64/595 (11%)]	Loss1: 5.843096 Loss2: 0.000000 
| Global Round : 18 | Client :1 | Local Epoch : 4 | [64/595 (11%)]	Loss1: 5.843149 Loss2: 0.000000 
| Global Round : 18 | Client :2 | Local Epoch : 0 | [64/474 (14%)]	Loss1: 5.844923 Loss2: 0.000000 
| Global Round : 18 | Client :2 | Local Epoch : 1 | [64/474 (14%)]	Loss1: 5.844864 Loss2: 0.000000 
| Global Round : 18 | Client :2 | Local Epoch : 2 | [64/474 (14%)]	Loss1: 5.844039 Loss2: 0.000000 
| Global Round : 18 | Client :2 | Local Epoch : 3 | [64/474 (14%)]	Loss1: 5.843963 Loss2: 0.000000 
| Global Round : 18 | Client :2 | Local Epoch : 4 | [64/474 (14%)]	Loss1: 5.843472 Loss2: 0.000000 
| Global Round : 18 | Client :3 | Local Epoch : 0 | [64/566 (12%)]	Loss1: 5.843629 Loss2: 0.000000 
| Global Round : 18 | Client :3 | Local Epoch : 1 | [64/566 (12%)]	Loss1: 5.844956 Loss2: 0.000000 
| Global Round : 18 | Client :3 | Local Epoch : 2 | [64/566 (12%)]	Loss1: 5.844612 Loss2: 0.000000 
| Global Round : 18 | Client :3 | Local Epoch : 3 | [64/566 (12%)]	Loss1: 5.844492 Loss2: 0.000000 
| Global Round : 18 | Client :3 | Local Epoch : 4 | [64/566 (12%)]	Loss1: 5.845199 Loss2: 0.000000 
| Global Round : 18 | Client :4 | Local Epoch : 0 | [64/635 (11%)]	Loss1: 5.844557 Loss2: 0.000000 
| Global Round : 18 | Client :4 | Local Epoch : 1 | [64/635 (11%)]	Loss1: 5.844883 Loss2: 0.000000 
| Global Round : 18 | Client :4 | Local Epoch : 2 | [64/635 (11%)]	Loss1: 5.844098 Loss2: 0.000000 
| Global Round : 18 | Client :4 | Local Epoch : 3 | [64/635 (11%)]	Loss1: 5.845981 Loss2: 0.000000 
| Global Round : 18 | Client :4 | Local Epoch : 4 | [64/635 (11%)]	Loss1: 5.846523 Loss2: 0.000000 
| Global Round : 18 | Client :5 | Local Epoch : 0 | [64/633 (11%)]	Loss1: 5.844642 Loss2: 0.000000 
| Global Round : 18 | Client :5 | Local Epoch : 1 | [64/633 (11%)]	Loss1: 5.843593 Loss2: 0.000000 
| Global Round : 18 | Client :5 | Local Epoch : 2 | [64/633 (11%)]	Loss1: 5.843320 Loss2: 0.000000 
| Global Round : 18 | Client :5 | Local Epoch : 3 | [64/633 (11%)]	Loss1: 5.843385 Loss2: 0.000000 
| Global Round : 18 | Client :5 | Local Epoch : 4 | [64/633 (11%)]	Loss1: 5.844073 Loss2: 0.000000 
| Global Round : 18 | Client :6 | Local Epoch : 0 | [64/645 (10%)]	Loss1: 5.844343 Loss2: 0.000000 
| Global Round : 18 | Client :6 | Local Epoch : 1 | [64/645 (10%)]	Loss1: 5.843827 Loss2: 0.000000 
| Global Round : 18 | Client :6 | Local Epoch : 2 | [64/645 (10%)]	Loss1: 5.844427 Loss2: 0.000000 
| Global Round : 18 | Client :6 | Local Epoch : 3 | [64/645 (10%)]	Loss1: 5.843318 Loss2: 0.000000 
| Global Round : 18 | Client :6 | Local Epoch : 4 | [64/645 (10%)]	Loss1: 5.843184 Loss2: 0.000000 
| Global Round : 18 | Client :7 | Local Epoch : 0 | [64/615 (11%)]	Loss1: 5.844559 Loss2: 0.000000 
| Global Round : 18 | Client :7 | Local Epoch : 1 | [64/615 (11%)]	Loss1: 5.845169 Loss2: 0.000000 
| Global Round : 18 | Client :7 | Local Epoch : 2 | [64/615 (11%)]	Loss1: 5.843653 Loss2: 0.000000 
| Global Round : 18 | Client :7 | Local Epoch : 3 | [64/615 (11%)]	Loss1: 5.843317 Loss2: 0.000000 
| Global Round : 18 | Client :7 | Local Epoch : 4 | [64/615 (11%)]	Loss1: 5.844762 Loss2: 0.000000 
| Global Round : 18 | Client :8 | Local Epoch : 0 | [64/609 (11%)]	Loss1: 5.843872 Loss2: 0.000000 
| Global Round : 18 | Client :8 | Local Epoch : 1 | [64/609 (11%)]	Loss1: 5.844100 Loss2: 0.000000 
| Global Round : 18 | Client :8 | Local Epoch : 2 | [64/609 (11%)]	Loss1: 5.845332 Loss2: 0.000000 
| Global Round : 18 | Client :8 | Local Epoch : 3 | [64/609 (11%)]	Loss1: 5.843925 Loss2: 0.000000 
| Global Round : 18 | Client :8 | Local Epoch : 4 | [64/609 (11%)]	Loss1: 5.844690 Loss2: 0.000000 
| Global Round : 18 | Client :9 | Local Epoch : 0 | [64/628 (11%)]	Loss1: 5.846024 Loss2: 0.000000 
| Global Round : 18 | Client :9 | Local Epoch : 1 | [64/628 (11%)]	Loss1: 5.844181 Loss2: 0.000000 
| Global Round : 18 | Client :9 | Local Epoch : 2 | [64/628 (11%)]	Loss1: 5.843814 Loss2: 0.000000 
| Global Round : 18 | Client :9 | Local Epoch : 3 | [64/628 (11%)]	Loss1: 5.844203 Loss2: 0.000000 
| Global Round : 18 | Client :9 | Local Epoch : 4 | [64/628 (11%)]	Loss1: 5.844456 Loss2: 0.000000 
average loss:   5.841012837394836
average local test accuracy: 0.7864583333333333
average global test accuracy:  0.8118489583333334

 | Global Training Round : 19 |

xi_k [0.51685453 0.51592314 0.50376542 0.48219597 0.4836283  0.48497271
 0.52891785 0.49919365 0.50417243 0.48892194]
max_exp: -1.0
coe: 10
Regulation [0.8 0.8 0.8 0.8 0.8 0.8 0.8 0.8 0.8 0.8]
Solver status: optimal_inaccurate
b_new: [1. 1. 1. 1. 1. 1. 1. 1. 1. 1.]
Iter 0: obj=49.6855, best_obj=49.6855, ||b_new-b_prev||₂=2.846050
xi_k [0.51685453 0.51592314 0.50376542 0.48219597 0.4836283  0.48497271
 0.52891785 0.49919365 0.50417243 0.48892194]
max_exp: -1.0
coe: 10
Regulation [-1. -1. -1. -1. -1. -1. -1. -1. -1. -1.]
Solver status: optimal_inaccurate
b_new: [1. 1. 1. 1. 1. 1. 1. 1. 1. 1.]
Iter 1: obj=50.5855, best_obj=50.5855, ||b_new-b_prev||₂=0.000000
Converged.
Final b: [1. 1. 1. 1. 1. 1. 1. 1. 1. 1.]
<class 'numpy.ndarray'>
b_float: [1. 1. 1. 1. 1. 1. 1. 1. 1. 1.]
b: [1 1 1 1 1 1 1 1 1 1]
active_clients:  [0, 1, 2, 3, 4, 5, 6, 7, 8, 9]
Client 0's s_k are:[0 0 0 0 0 0 0 0 0 0]
Client 1's s_k are:[0 0 0 0 0 0 0 0 0 0]
Client 2's s_k are:[0 0 0 0 0 0 0 0 0 0]
Client 3's s_k are:[0 0 0 0 0 0 0 0 0 0]
Client 4's s_k are:[0 0 0 0 0 0 0 0 0 0]
Client 5's s_k are:[0 0 0 0 0 0 0 0 0 0]
Client 6's s_k are:[0 0 0 0 0 0 0 0 0 0]
Client 7's s_k are:[0 0 0 0 0 0 0 0 0 0]
Client 8's s_k are:[0 0 0 0 0 0 0 0 0 0]
Client 9's s_k are:[0 0 0 0 0 0 0 0 0 0]
| Global Round : 19 | Client :0 | Local Epoch : 0 | [64/594 (11%)]	Loss1: 5.844072 Loss2: 0.000000 
| Global Round : 19 | Client :0 | Local Epoch : 1 | [64/594 (11%)]	Loss1: 5.843735 Loss2: 0.000000 
| Global Round : 19 | Client :0 | Local Epoch : 2 | [64/594 (11%)]	Loss1: 5.844453 Loss2: 0.000000 
| Global Round : 19 | Client :0 | Local Epoch : 3 | [64/594 (11%)]	Loss1: 5.843017 Loss2: 0.000000 
| Global Round : 19 | Client :0 | Local Epoch : 4 | [64/594 (11%)]	Loss1: 5.845611 Loss2: 0.000000 
| Global Round : 19 | Client :1 | Local Epoch : 0 | [64/595 (11%)]	Loss1: 5.843171 Loss2: 0.000000 
| Global Round : 19 | Client :1 | Local Epoch : 1 | [64/595 (11%)]	Loss1: 5.842762 Loss2: 0.000000 
| Global Round : 19 | Client :1 | Local Epoch : 2 | [64/595 (11%)]	Loss1: 5.843511 Loss2: 0.000000 
| Global Round : 19 | Client :1 | Local Epoch : 3 | [64/595 (11%)]	Loss1: 5.843282 Loss2: 0.000000 
| Global Round : 19 | Client :1 | Local Epoch : 4 | [64/595 (11%)]	Loss1: 5.844152 Loss2: 0.000000 
| Global Round : 19 | Client :2 | Local Epoch : 0 | [64/474 (14%)]	Loss1: 5.844295 Loss2: 0.000000 
| Global Round : 19 | Client :2 | Local Epoch : 1 | [64/474 (14%)]	Loss1: 5.844099 Loss2: 0.000000 
| Global Round : 19 | Client :2 | Local Epoch : 2 | [64/474 (14%)]	Loss1: 5.843683 Loss2: 0.000000 
| Global Round : 19 | Client :2 | Local Epoch : 3 | [64/474 (14%)]	Loss1: 5.842884 Loss2: 0.000000 
| Global Round : 19 | Client :2 | Local Epoch : 4 | [64/474 (14%)]	Loss1: 5.842447 Loss2: 0.000000 
| Global Round : 19 | Client :3 | Local Epoch : 0 | [64/566 (12%)]	Loss1: 5.843648 Loss2: 0.000000 
| Global Round : 19 | Client :3 | Local Epoch : 1 | [64/566 (12%)]	Loss1: 5.844237 Loss2: 0.000000 
| Global Round : 19 | Client :3 | Local Epoch : 2 | [64/566 (12%)]	Loss1: 5.845011 Loss2: 0.000000 
| Global Round : 19 | Client :3 | Local Epoch : 3 | [64/566 (12%)]	Loss1: 5.844540 Loss2: 0.000000 
| Global Round : 19 | Client :3 | Local Epoch : 4 | [64/566 (12%)]	Loss1: 5.843502 Loss2: 0.000000 
| Global Round : 19 | Client :4 | Local Epoch : 0 | [64/635 (11%)]	Loss1: 5.844688 Loss2: 0.000000 
| Global Round : 19 | Client :4 | Local Epoch : 1 | [64/635 (11%)]	Loss1: 5.845933 Loss2: 0.000000 
| Global Round : 19 | Client :4 | Local Epoch : 2 | [64/635 (11%)]	Loss1: 5.845886 Loss2: 0.000000 
| Global Round : 19 | Client :4 | Local Epoch : 3 | [64/635 (11%)]	Loss1: 5.844153 Loss2: 0.000000 
| Global Round : 19 | Client :4 | Local Epoch : 4 | [64/635 (11%)]	Loss1: 5.844822 Loss2: 0.000000 
| Global Round : 19 | Client :5 | Local Epoch : 0 | [64/633 (11%)]	Loss1: 5.843161 Loss2: 0.000000 
| Global Round : 19 | Client :5 | Local Epoch : 1 | [64/633 (11%)]	Loss1: 5.844023 Loss2: 0.000000 
| Global Round : 19 | Client :5 | Local Epoch : 2 | [64/633 (11%)]	Loss1: 5.844886 Loss2: 0.000000 
| Global Round : 19 | Client :5 | Local Epoch : 3 | [64/633 (11%)]	Loss1: 5.843900 Loss2: 0.000000 
| Global Round : 19 | Client :5 | Local Epoch : 4 | [64/633 (11%)]	Loss1: 5.843302 Loss2: 0.000000 
| Global Round : 19 | Client :6 | Local Epoch : 0 | [64/645 (10%)]	Loss1: 5.841973 Loss2: 0.000000 
| Global Round : 19 | Client :6 | Local Epoch : 1 | [64/645 (10%)]	Loss1: 5.843736 Loss2: 0.000000 
| Global Round : 19 | Client :6 | Local Epoch : 2 | [64/645 (10%)]	Loss1: 5.843052 Loss2: 0.000000 
| Global Round : 19 | Client :6 | Local Epoch : 3 | [64/645 (10%)]	Loss1: 5.842848 Loss2: 0.000000 
| Global Round : 19 | Client :6 | Local Epoch : 4 | [64/645 (10%)]	Loss1: 5.843015 Loss2: 0.000000 
| Global Round : 19 | Client :7 | Local Epoch : 0 | [64/615 (11%)]	Loss1: 5.843277 Loss2: 0.000000 
| Global Round : 19 | Client :7 | Local Epoch : 1 | [64/615 (11%)]	Loss1: 5.843532 Loss2: 0.000000 
| Global Round : 19 | Client :7 | Local Epoch : 2 | [64/615 (11%)]	Loss1: 5.845341 Loss2: 0.000000 
| Global Round : 19 | Client :7 | Local Epoch : 3 | [64/615 (11%)]	Loss1: 5.844847 Loss2: 0.000000 
| Global Round : 19 | Client :7 | Local Epoch : 4 | [64/615 (11%)]	Loss1: 5.842542 Loss2: 0.000000 
| Global Round : 19 | Client :8 | Local Epoch : 0 | [64/609 (11%)]	Loss1: 5.844453 Loss2: 0.000000 
| Global Round : 19 | Client :8 | Local Epoch : 1 | [64/609 (11%)]	Loss1: 5.843720 Loss2: 0.000000 
| Global Round : 19 | Client :8 | Local Epoch : 2 | [64/609 (11%)]	Loss1: 5.843864 Loss2: 0.000000 
| Global Round : 19 | Client :8 | Local Epoch : 3 | [64/609 (11%)]	Loss1: 5.843320 Loss2: 0.000000 
| Global Round : 19 | Client :8 | Local Epoch : 4 | [64/609 (11%)]	Loss1: 5.844783 Loss2: 0.000000 
| Global Round : 19 | Client :9 | Local Epoch : 0 | [64/628 (11%)]	Loss1: 5.844812 Loss2: 0.000000 
| Global Round : 19 | Client :9 | Local Epoch : 1 | [64/628 (11%)]	Loss1: 5.844026 Loss2: 0.000000 
| Global Round : 19 | Client :9 | Local Epoch : 2 | [64/628 (11%)]	Loss1: 5.844575 Loss2: 0.000000 
| Global Round : 19 | Client :9 | Local Epoch : 3 | [64/628 (11%)]	Loss1: 5.843357 Loss2: 0.000000 
| Global Round : 19 | Client :9 | Local Epoch : 4 | [64/628 (11%)]	Loss1: 5.844144 Loss2: 0.000000 
average loss:   5.84078581965159
average local test accuracy: 0.7833333333333333
average global test accuracy:  0.8138020833333333

 | Global Training Round : 20 |

xi_k [0.51679991 0.51588165 0.50374132 0.48212545 0.48363303 0.48493515
 0.52881891 0.49916005 0.50414334 0.48886815]
max_exp: -1.0
coe: 10
Regulation [0.8 0.8 0.8 0.8 0.8 0.8 0.8 0.8 0.8 0.8]
Solver status: optimal_inaccurate
b_new: [1. 1. 1. 1. 1. 1. 1. 1. 1. 1.]
Iter 0: obj=49.6811, best_obj=49.6811, ||b_new-b_prev||₂=2.846050
xi_k [0.51679991 0.51588165 0.50374132 0.48212545 0.48363303 0.48493515
 0.52881891 0.49916005 0.50414334 0.48886815]
max_exp: -1.0
coe: 10
Regulation [-1. -1. -1. -1. -1. -1. -1. -1. -1. -1.]
Solver status: optimal_inaccurate
b_new: [1. 1. 1. 1. 1. 1. 1. 1. 1. 1.]
Iter 1: obj=50.5811, best_obj=50.5811, ||b_new-b_prev||₂=0.000000
Converged.
Final b: [1. 1. 1. 1. 1. 1. 1. 1. 1. 1.]
<class 'numpy.ndarray'>
b_float: [1. 1. 1. 1. 1. 1. 1. 1. 1. 1.]
b: [1 1 1 1 1 1 1 1 1 1]
active_clients:  [0, 1, 2, 3, 4, 5, 6, 7, 8, 9]
Client 0's s_k are:[0 0 0 0 0 0 0 0 0 0]
Client 1's s_k are:[0 0 0 0 0 0 0 0 0 0]
Client 2's s_k are:[0 0 0 0 0 0 0 0 0 0]
Client 3's s_k are:[0 0 0 0 0 0 0 0 0 0]
Client 4's s_k are:[0 0 0 0 0 0 0 0 0 0]
Client 5's s_k are:[0 0 0 0 0 0 0 0 0 0]
Client 6's s_k are:[0 0 0 0 0 0 0 0 0 0]
Client 7's s_k are:[0 0 0 0 0 0 0 0 0 0]
Client 8's s_k are:[0 0 0 0 0 0 0 0 0 0]
Client 9's s_k are:[0 0 0 0 0 0 0 0 0 0]
| Global Round : 20 | Client :0 | Local Epoch : 0 | [64/594 (11%)]	Loss1: 5.843835 Loss2: 0.000000 
| Global Round : 20 | Client :0 | Local Epoch : 1 | [64/594 (11%)]	Loss1: 5.844420 Loss2: 0.000000 
| Global Round : 20 | Client :0 | Local Epoch : 2 | [64/594 (11%)]	Loss1: 5.844750 Loss2: 0.000000 
| Global Round : 20 | Client :0 | Local Epoch : 3 | [64/594 (11%)]	Loss1: 5.844331 Loss2: 0.000000 
| Global Round : 20 | Client :0 | Local Epoch : 4 | [64/594 (11%)]	Loss1: 5.842312 Loss2: 0.000000 
| Global Round : 20 | Client :1 | Local Epoch : 0 | [64/595 (11%)]	Loss1: 5.843812 Loss2: 0.000000 
| Global Round : 20 | Client :1 | Local Epoch : 1 | [64/595 (11%)]	Loss1: 5.843516 Loss2: 0.000000 
| Global Round : 20 | Client :1 | Local Epoch : 2 | [64/595 (11%)]	Loss1: 5.844015 Loss2: 0.000000 
| Global Round : 20 | Client :1 | Local Epoch : 3 | [64/595 (11%)]	Loss1: 5.845215 Loss2: 0.000000 
| Global Round : 20 | Client :1 | Local Epoch : 4 | [64/595 (11%)]	Loss1: 5.841966 Loss2: 0.000000 
| Global Round : 20 | Client :2 | Local Epoch : 0 | [64/474 (14%)]	Loss1: 5.844461 Loss2: 0.000000 
| Global Round : 20 | Client :2 | Local Epoch : 1 | [64/474 (14%)]	Loss1: 5.842885 Loss2: 0.000000 
| Global Round : 20 | Client :2 | Local Epoch : 2 | [64/474 (14%)]	Loss1: 5.844757 Loss2: 0.000000 
| Global Round : 20 | Client :2 | Local Epoch : 3 | [64/474 (14%)]	Loss1: 5.844037 Loss2: 0.000000 
| Global Round : 20 | Client :2 | Local Epoch : 4 | [64/474 (14%)]	Loss1: 5.843603 Loss2: 0.000000 
| Global Round : 20 | Client :3 | Local Epoch : 0 | [64/566 (12%)]	Loss1: 5.844905 Loss2: 0.000000 
| Global Round : 20 | Client :3 | Local Epoch : 1 | [64/566 (12%)]	Loss1: 5.843677 Loss2: 0.000000 
| Global Round : 20 | Client :3 | Local Epoch : 2 | [64/566 (12%)]	Loss1: 5.844196 Loss2: 0.000000 
| Global Round : 20 | Client :3 | Local Epoch : 3 | [64/566 (12%)]	Loss1: 5.844156 Loss2: 0.000000 
| Global Round : 20 | Client :3 | Local Epoch : 4 | [64/566 (12%)]	Loss1: 5.844633 Loss2: 0.000000 
| Global Round : 20 | Client :4 | Local Epoch : 0 | [64/635 (11%)]	Loss1: 5.846246 Loss2: 0.000000 
| Global Round : 20 | Client :4 | Local Epoch : 1 | [64/635 (11%)]	Loss1: 5.846576 Loss2: 0.000000 
| Global Round : 20 | Client :4 | Local Epoch : 2 | [64/635 (11%)]	Loss1: 5.845220 Loss2: 0.000000 
| Global Round : 20 | Client :4 | Local Epoch : 3 | [64/635 (11%)]	Loss1: 5.845590 Loss2: 0.000000 
| Global Round : 20 | Client :4 | Local Epoch : 4 | [64/635 (11%)]	Loss1: 5.843812 Loss2: 0.000000 
| Global Round : 20 | Client :5 | Local Epoch : 0 | [64/633 (11%)]	Loss1: 5.842108 Loss2: 0.000000 
| Global Round : 20 | Client :5 | Local Epoch : 1 | [64/633 (11%)]	Loss1: 5.843037 Loss2: 0.000000 
| Global Round : 20 | Client :5 | Local Epoch : 2 | [64/633 (11%)]	Loss1: 5.844228 Loss2: 0.000000 
| Global Round : 20 | Client :5 | Local Epoch : 3 | [64/633 (11%)]	Loss1: 5.843507 Loss2: 0.000000 
| Global Round : 20 | Client :5 | Local Epoch : 4 | [64/633 (11%)]	Loss1: 5.843214 Loss2: 0.000000 
| Global Round : 20 | Client :6 | Local Epoch : 0 | [64/645 (10%)]	Loss1: 5.843439 Loss2: 0.000000 
| Global Round : 20 | Client :6 | Local Epoch : 1 | [64/645 (10%)]	Loss1: 5.842388 Loss2: 0.000000 
| Global Round : 20 | Client :6 | Local Epoch : 2 | [64/645 (10%)]	Loss1: 5.843518 Loss2: 0.000000 
| Global Round : 20 | Client :6 | Local Epoch : 3 | [64/645 (10%)]	Loss1: 5.843338 Loss2: 0.000000 
| Global Round : 20 | Client :6 | Local Epoch : 4 | [64/645 (10%)]	Loss1: 5.842193 Loss2: 0.000000 
| Global Round : 20 | Client :7 | Local Epoch : 0 | [64/615 (11%)]	Loss1: 5.843503 Loss2: 0.000000 
| Global Round : 20 | Client :7 | Local Epoch : 1 | [64/615 (11%)]	Loss1: 5.843488 Loss2: 0.000000 
| Global Round : 20 | Client :7 | Local Epoch : 2 | [64/615 (11%)]	Loss1: 5.842935 Loss2: 0.000000 
| Global Round : 20 | Client :7 | Local Epoch : 3 | [64/615 (11%)]	Loss1: 5.843566 Loss2: 0.000000 
| Global Round : 20 | Client :7 | Local Epoch : 4 | [64/615 (11%)]	Loss1: 5.843689 Loss2: 0.000000 
| Global Round : 20 | Client :8 | Local Epoch : 0 | [64/609 (11%)]	Loss1: 5.844890 Loss2: 0.000000 
| Global Round : 20 | Client :8 | Local Epoch : 1 | [64/609 (11%)]	Loss1: 5.843050 Loss2: 0.000000 
| Global Round : 20 | Client :8 | Local Epoch : 2 | [64/609 (11%)]	Loss1: 5.845840 Loss2: 0.000000 
| Global Round : 20 | Client :8 | Local Epoch : 3 | [64/609 (11%)]	Loss1: 5.845825 Loss2: 0.000000 
| Global Round : 20 | Client :8 | Local Epoch : 4 | [64/609 (11%)]	Loss1: 5.842759 Loss2: 0.000000 
| Global Round : 20 | Client :9 | Local Epoch : 0 | [64/628 (11%)]	Loss1: 5.843556 Loss2: 0.000000 
| Global Round : 20 | Client :9 | Local Epoch : 1 | [64/628 (11%)]	Loss1: 5.844717 Loss2: 0.000000 
| Global Round : 20 | Client :9 | Local Epoch : 2 | [64/628 (11%)]	Loss1: 5.843286 Loss2: 0.000000 
| Global Round : 20 | Client :9 | Local Epoch : 3 | [64/628 (11%)]	Loss1: 5.843991 Loss2: 0.000000 
| Global Round : 20 | Client :9 | Local Epoch : 4 | [64/628 (11%)]	Loss1: 5.843912 Loss2: 0.000000 
average loss:   5.840623556583647
average local test accuracy: 0.7875
average global test accuracy:  0.8260416666666666

 | Global Training Round : 21 |

xi_k [0.51680578 0.51585769 0.50366899 0.48211977 0.48362114 0.48493484
 0.52878142 0.49909257 0.50410455 0.48889719]
max_exp: -1.0
coe: 10
Regulation [0.8 0.8 0.8 0.8 0.8 0.8 0.8 0.8 0.8 0.8]
Solver status: optimal_inaccurate
b_new: [1. 1. 1. 1. 1. 1. 1. 1. 1. 1.]
Iter 0: obj=49.6788, best_obj=49.6788, ||b_new-b_prev||₂=2.846050
xi_k [0.51680578 0.51585769 0.50366899 0.48211977 0.48362114 0.48493484
 0.52878142 0.49909257 0.50410455 0.48889719]
max_exp: -1.0
coe: 10
Regulation [-1. -1. -1. -1. -1. -1. -1. -1. -1. -1.]
Solver status: optimal_inaccurate
b_new: [1. 1. 1. 1. 1. 1. 1. 1. 1. 1.]
Iter 1: obj=50.5788, best_obj=50.5788, ||b_new-b_prev||₂=0.000000
Converged.
Final b: [1. 1. 1. 1. 1. 1. 1. 1. 1. 1.]
<class 'numpy.ndarray'>
b_float: [1. 1. 1. 1. 1. 1. 1. 1. 1. 1.]
b: [1 1 1 1 1 1 1 1 1 1]
active_clients:  [0, 1, 2, 3, 4, 5, 6, 7, 8, 9]
Client 0's s_k are:[0 0 0 0 0 0 0 0 0 0]
Client 1's s_k are:[0 0 0 0 0 0 0 0 0 0]
Client 2's s_k are:[0 0 0 0 0 0 0 0 0 0]
Client 3's s_k are:[0 0 0 0 0 0 0 0 0 0]
Client 4's s_k are:[0 0 0 0 0 0 0 0 0 0]
Client 5's s_k are:[0 0 0 0 0 0 0 0 0 0]
Client 6's s_k are:[0 0 0 0 0 0 0 0 0 0]
Client 7's s_k are:[0 0 0 0 0 0 0 0 0 0]
Client 8's s_k are:[0 0 0 0 0 0 0 0 0 0]
Client 9's s_k are:[0 0 0 0 0 0 0 0 0 0]
| Global Round : 21 | Client :0 | Local Epoch : 0 | [64/594 (11%)]	Loss1: 5.843615 Loss2: 0.000000 
| Global Round : 21 | Client :0 | Local Epoch : 1 | [64/594 (11%)]	Loss1: 5.843170 Loss2: 0.000000 
| Global Round : 21 | Client :0 | Local Epoch : 2 | [64/594 (11%)]	Loss1: 5.843610 Loss2: 0.000000 
| Global Round : 21 | Client :0 | Local Epoch : 3 | [64/594 (11%)]	Loss1: 5.844235 Loss2: 0.000000 
| Global Round : 21 | Client :0 | Local Epoch : 4 | [64/594 (11%)]	Loss1: 5.844323 Loss2: 0.000000 
| Global Round : 21 | Client :1 | Local Epoch : 0 | [64/595 (11%)]	Loss1: 5.843224 Loss2: 0.000000 
| Global Round : 21 | Client :1 | Local Epoch : 1 | [64/595 (11%)]	Loss1: 5.842788 Loss2: 0.000000 
| Global Round : 21 | Client :1 | Local Epoch : 2 | [64/595 (11%)]	Loss1: 5.842989 Loss2: 0.000000 
| Global Round : 21 | Client :1 | Local Epoch : 3 | [64/595 (11%)]	Loss1: 5.844029 Loss2: 0.000000 
| Global Round : 21 | Client :1 | Local Epoch : 4 | [64/595 (11%)]	Loss1: 5.842672 Loss2: 0.000000 
| Global Round : 21 | Client :2 | Local Epoch : 0 | [64/474 (14%)]	Loss1: 5.844498 Loss2: 0.000000 
| Global Round : 21 | Client :2 | Local Epoch : 1 | [64/474 (14%)]	Loss1: 5.843849 Loss2: 0.000000 
| Global Round : 21 | Client :2 | Local Epoch : 2 | [64/474 (14%)]	Loss1: 5.843925 Loss2: 0.000000 
| Global Round : 21 | Client :2 | Local Epoch : 3 | [64/474 (14%)]	Loss1: 5.843523 Loss2: 0.000000 
| Global Round : 21 | Client :2 | Local Epoch : 4 | [64/474 (14%)]	Loss1: 5.843965 Loss2: 0.000000 
| Global Round : 21 | Client :3 | Local Epoch : 0 | [64/566 (12%)]	Loss1: 5.844607 Loss2: 0.000000 
| Global Round : 21 | Client :3 | Local Epoch : 1 | [64/566 (12%)]	Loss1: 5.842523 Loss2: 0.000000 
| Global Round : 21 | Client :3 | Local Epoch : 2 | [64/566 (12%)]	Loss1: 5.843971 Loss2: 0.000000 
| Global Round : 21 | Client :3 | Local Epoch : 3 | [64/566 (12%)]	Loss1: 5.843774 Loss2: 0.000000 
| Global Round : 21 | Client :3 | Local Epoch : 4 | [64/566 (12%)]	Loss1: 5.843696 Loss2: 0.000000 
| Global Round : 21 | Client :4 | Local Epoch : 0 | [64/635 (11%)]	Loss1: 5.842971 Loss2: 0.000000 
| Global Round : 21 | Client :4 | Local Epoch : 1 | [64/635 (11%)]	Loss1: 5.842587 Loss2: 0.000000 
| Global Round : 21 | Client :4 | Local Epoch : 2 | [64/635 (11%)]	Loss1: 5.844438 Loss2: 0.000000 
| Global Round : 21 | Client :4 | Local Epoch : 3 | [64/635 (11%)]	Loss1: 5.844260 Loss2: 0.000000 
| Global Round : 21 | Client :4 | Local Epoch : 4 | [64/635 (11%)]	Loss1: 5.844726 Loss2: 0.000000 
| Global Round : 21 | Client :5 | Local Epoch : 0 | [64/633 (11%)]	Loss1: 5.842872 Loss2: 0.000000 
| Global Round : 21 | Client :5 | Local Epoch : 1 | [64/633 (11%)]	Loss1: 5.844007 Loss2: 0.000000 
| Global Round : 21 | Client :5 | Local Epoch : 2 | [64/633 (11%)]	Loss1: 5.843998 Loss2: 0.000000 
| Global Round : 21 | Client :5 | Local Epoch : 3 | [64/633 (11%)]	Loss1: 5.842136 Loss2: 0.000000 
| Global Round : 21 | Client :5 | Local Epoch : 4 | [64/633 (11%)]	Loss1: 5.844335 Loss2: 0.000000 
| Global Round : 21 | Client :6 | Local Epoch : 0 | [64/645 (10%)]	Loss1: 5.843575 Loss2: 0.000000 
| Global Round : 21 | Client :6 | Local Epoch : 1 | [64/645 (10%)]	Loss1: 5.842140 Loss2: 0.000000 
| Global Round : 21 | Client :6 | Local Epoch : 2 | [64/645 (10%)]	Loss1: 5.844226 Loss2: 0.000000 
| Global Round : 21 | Client :6 | Local Epoch : 3 | [64/645 (10%)]	Loss1: 5.845188 Loss2: 0.000000 
| Global Round : 21 | Client :6 | Local Epoch : 4 | [64/645 (10%)]	Loss1: 5.842430 Loss2: 0.000000 
| Global Round : 21 | Client :7 | Local Epoch : 0 | [64/615 (11%)]	Loss1: 5.845075 Loss2: 0.000000 
| Global Round : 21 | Client :7 | Local Epoch : 1 | [64/615 (11%)]	Loss1: 5.843549 Loss2: 0.000000 
| Global Round : 21 | Client :7 | Local Epoch : 2 | [64/615 (11%)]	Loss1: 5.842995 Loss2: 0.000000 
| Global Round : 21 | Client :7 | Local Epoch : 3 | [64/615 (11%)]	Loss1: 5.842614 Loss2: 0.000000 
| Global Round : 21 | Client :7 | Local Epoch : 4 | [64/615 (11%)]	Loss1: 5.844284 Loss2: 0.000000 
| Global Round : 21 | Client :8 | Local Epoch : 0 | [64/609 (11%)]	Loss1: 5.844170 Loss2: 0.000000 
| Global Round : 21 | Client :8 | Local Epoch : 1 | [64/609 (11%)]	Loss1: 5.844210 Loss2: 0.000000 
| Global Round : 21 | Client :8 | Local Epoch : 2 | [64/609 (11%)]	Loss1: 5.843517 Loss2: 0.000000 
| Global Round : 21 | Client :8 | Local Epoch : 3 | [64/609 (11%)]	Loss1: 5.842980 Loss2: 0.000000 
| Global Round : 21 | Client :8 | Local Epoch : 4 | [64/609 (11%)]	Loss1: 5.844367 Loss2: 0.000000 
| Global Round : 21 | Client :9 | Local Epoch : 0 | [64/628 (11%)]	Loss1: 5.844007 Loss2: 0.000000 
| Global Round : 21 | Client :9 | Local Epoch : 1 | [64/628 (11%)]	Loss1: 5.843220 Loss2: 0.000000 
| Global Round : 21 | Client :9 | Local Epoch : 2 | [64/628 (11%)]	Loss1: 5.842559 Loss2: 0.000000 
| Global Round : 21 | Client :9 | Local Epoch : 3 | [64/628 (11%)]	Loss1: 5.844011 Loss2: 0.000000 
| Global Round : 21 | Client :9 | Local Epoch : 4 | [64/628 (11%)]	Loss1: 5.844271 Loss2: 0.000000 
average loss:   5.840537932675982
average local test accuracy: 0.7877604166666666
average global test accuracy:  0.80546875

 | Global Training Round : 22 |

xi_k [0.51679711 0.51586069 0.50363102 0.48208863 0.48358792 0.48493146
 0.52875647 0.49910695 0.50407043 0.48884739]
max_exp: -1.0
coe: 10
Regulation [0.8 0.8 0.8 0.8 0.8 0.8 0.8 0.8 0.8 0.8]
Solver status: optimal_inaccurate
b_new: [1. 1. 1. 1. 1. 1. 1. 1. 1. 1.]
Iter 0: obj=49.6768, best_obj=49.6768, ||b_new-b_prev||₂=2.846050
xi_k [0.51679711 0.51586069 0.50363102 0.48208863 0.48358792 0.48493146
 0.52875647 0.49910695 0.50407043 0.48884739]
max_exp: -1.0
coe: 10
Regulation [-1. -1. -1. -1. -1. -1. -1. -1. -1. -1.]
Solver status: optimal_inaccurate
b_new: [1. 1. 1. 1. 1. 1. 1. 1. 1. 1.]
Iter 1: obj=50.5768, best_obj=50.5768, ||b_new-b_prev||₂=0.000000
Converged.
Final b: [1. 1. 1. 1. 1. 1. 1. 1. 1. 1.]
<class 'numpy.ndarray'>
b_float: [1. 1. 1. 1. 1. 1. 1. 1. 1. 1.]
b: [1 1 1 1 1 1 1 1 1 1]
active_clients:  [0, 1, 2, 3, 4, 5, 6, 7, 8, 9]
Client 0's s_k are:[0 0 0 0 0 0 0 0 0 0]
Client 1's s_k are:[0 0 0 0 0 0 0 0 0 0]
Client 2's s_k are:[0 0 0 0 0 0 0 0 0 0]
Client 3's s_k are:[0 0 0 0 0 0 0 0 0 0]
Client 4's s_k are:[0 0 0 0 0 0 0 0 0 0]
Client 5's s_k are:[0 0 0 0 0 0 0 0 0 0]
Client 6's s_k are:[0 0 0 0 0 0 0 0 0 0]
Client 7's s_k are:[0 0 0 0 0 0 0 0 0 0]
Client 8's s_k are:[0 0 0 0 0 0 0 0 0 0]
Client 9's s_k are:[0 0 0 0 0 0 0 0 0 0]
| Global Round : 22 | Client :0 | Local Epoch : 0 | [64/594 (11%)]	Loss1: 5.842976 Loss2: 0.000000 
| Global Round : 22 | Client :0 | Local Epoch : 1 | [64/594 (11%)]	Loss1: 5.843128 Loss2: 0.000000 
| Global Round : 22 | Client :0 | Local Epoch : 2 | [64/594 (11%)]	Loss1: 5.843860 Loss2: 0.000000 
| Global Round : 22 | Client :0 | Local Epoch : 3 | [64/594 (11%)]	Loss1: 5.842582 Loss2: 0.000000 
| Global Round : 22 | Client :0 | Local Epoch : 4 | [64/594 (11%)]	Loss1: 5.844790 Loss2: 0.000000 
| Global Round : 22 | Client :1 | Local Epoch : 0 | [64/595 (11%)]	Loss1: 5.843786 Loss2: 0.000000 
| Global Round : 22 | Client :1 | Local Epoch : 1 | [64/595 (11%)]	Loss1: 5.842369 Loss2: 0.000000 
| Global Round : 22 | Client :1 | Local Epoch : 2 | [64/595 (11%)]	Loss1: 5.843676 Loss2: 0.000000 
| Global Round : 22 | Client :1 | Local Epoch : 3 | [64/595 (11%)]	Loss1: 5.842091 Loss2: 0.000000 
| Global Round : 22 | Client :1 | Local Epoch : 4 | [64/595 (11%)]	Loss1: 5.842335 Loss2: 0.000000 
| Global Round : 22 | Client :2 | Local Epoch : 0 | [64/474 (14%)]	Loss1: 5.843465 Loss2: 0.000000 
| Global Round : 22 | Client :2 | Local Epoch : 1 | [64/474 (14%)]	Loss1: 5.843785 Loss2: 0.000000 
| Global Round : 22 | Client :2 | Local Epoch : 2 | [64/474 (14%)]	Loss1: 5.842635 Loss2: 0.000000 
| Global Round : 22 | Client :2 | Local Epoch : 3 | [64/474 (14%)]	Loss1: 5.844114 Loss2: 0.000000 
| Global Round : 22 | Client :2 | Local Epoch : 4 | [64/474 (14%)]	Loss1: 5.843314 Loss2: 0.000000 
| Global Round : 22 | Client :3 | Local Epoch : 0 | [64/566 (12%)]	Loss1: 5.843763 Loss2: 0.000000 
| Global Round : 22 | Client :3 | Local Epoch : 1 | [64/566 (12%)]	Loss1: 5.844913 Loss2: 0.000000 
| Global Round : 22 | Client :3 | Local Epoch : 2 | [64/566 (12%)]	Loss1: 5.843716 Loss2: 0.000000 
| Global Round : 22 | Client :3 | Local Epoch : 3 | [64/566 (12%)]	Loss1: 5.843673 Loss2: 0.000000 
| Global Round : 22 | Client :3 | Local Epoch : 4 | [64/566 (12%)]	Loss1: 5.844338 Loss2: 0.000000 
| Global Round : 22 | Client :4 | Local Epoch : 0 | [64/635 (11%)]	Loss1: 5.845291 Loss2: 0.000000 
| Global Round : 22 | Client :4 | Local Epoch : 1 | [64/635 (11%)]	Loss1: 5.844362 Loss2: 0.000000 
| Global Round : 22 | Client :4 | Local Epoch : 2 | [64/635 (11%)]	Loss1: 5.843605 Loss2: 0.000000 
| Global Round : 22 | Client :4 | Local Epoch : 3 | [64/635 (11%)]	Loss1: 5.843865 Loss2: 0.000000 
| Global Round : 22 | Client :4 | Local Epoch : 4 | [64/635 (11%)]	Loss1: 5.844238 Loss2: 0.000000 
| Global Round : 22 | Client :5 | Local Epoch : 0 | [64/633 (11%)]	Loss1: 5.843399 Loss2: 0.000000 
| Global Round : 22 | Client :5 | Local Epoch : 1 | [64/633 (11%)]	Loss1: 5.843579 Loss2: 0.000000 
| Global Round : 22 | Client :5 | Local Epoch : 2 | [64/633 (11%)]	Loss1: 5.842628 Loss2: 0.000000 
| Global Round : 22 | Client :5 | Local Epoch : 3 | [64/633 (11%)]	Loss1: 5.844090 Loss2: 0.000000 
| Global Round : 22 | Client :5 | Local Epoch : 4 | [64/633 (11%)]	Loss1: 5.843454 Loss2: 0.000000 
| Global Round : 22 | Client :6 | Local Epoch : 0 | [64/645 (10%)]	Loss1: 5.842033 Loss2: 0.000000 
| Global Round : 22 | Client :6 | Local Epoch : 1 | [64/645 (10%)]	Loss1: 5.843834 Loss2: 0.000000 
| Global Round : 22 | Client :6 | Local Epoch : 2 | [64/645 (10%)]	Loss1: 5.842484 Loss2: 0.000000 
| Global Round : 22 | Client :6 | Local Epoch : 3 | [64/645 (10%)]	Loss1: 5.842717 Loss2: 0.000000 
| Global Round : 22 | Client :6 | Local Epoch : 4 | [64/645 (10%)]	Loss1: 5.842136 Loss2: 0.000000 
| Global Round : 22 | Client :7 | Local Epoch : 0 | [64/615 (11%)]	Loss1: 5.842399 Loss2: 0.000000 
| Global Round : 22 | Client :7 | Local Epoch : 1 | [64/615 (11%)]	Loss1: 5.842712 Loss2: 0.000000 
| Global Round : 22 | Client :7 | Local Epoch : 2 | [64/615 (11%)]	Loss1: 5.842907 Loss2: 0.000000 
| Global Round : 22 | Client :7 | Local Epoch : 3 | [64/615 (11%)]	Loss1: 5.843393 Loss2: 0.000000 
| Global Round : 22 | Client :7 | Local Epoch : 4 | [64/615 (11%)]	Loss1: 5.845223 Loss2: 0.000000 
| Global Round : 22 | Client :8 | Local Epoch : 0 | [64/609 (11%)]	Loss1: 5.843445 Loss2: 0.000000 
| Global Round : 22 | Client :8 | Local Epoch : 1 | [64/609 (11%)]	Loss1: 5.843675 Loss2: 0.000000 
| Global Round : 22 | Client :8 | Local Epoch : 2 | [64/609 (11%)]	Loss1: 5.844386 Loss2: 0.000000 
| Global Round : 22 | Client :8 | Local Epoch : 3 | [64/609 (11%)]	Loss1: 5.844190 Loss2: 0.000000 
| Global Round : 22 | Client :8 | Local Epoch : 4 | [64/609 (11%)]	Loss1: 5.843251 Loss2: 0.000000 
| Global Round : 22 | Client :9 | Local Epoch : 0 | [64/628 (11%)]	Loss1: 5.844131 Loss2: 0.000000 
| Global Round : 22 | Client :9 | Local Epoch : 1 | [64/628 (11%)]	Loss1: 5.844162 Loss2: 0.000000 
| Global Round : 22 | Client :9 | Local Epoch : 2 | [64/628 (11%)]	Loss1: 5.844507 Loss2: 0.000000 
| Global Round : 22 | Client :9 | Local Epoch : 3 | [64/628 (11%)]	Loss1: 5.844695 Loss2: 0.000000 
| Global Round : 22 | Client :9 | Local Epoch : 4 | [64/628 (11%)]	Loss1: 5.844108 Loss2: 0.000000 
average loss:   5.840318664898947
average local test accuracy: 0.7984375
average global test accuracy:  0.8114583333333334

 | Global Training Round : 23 |

xi_k [0.51676883 0.51580076 0.50362242 0.48204138 0.48353745 0.484918
 0.52875366 0.49907578 0.5040551  0.48878634]
max_exp: -1.0
coe: 10
Regulation [0.8 0.8 0.8 0.8 0.8 0.8 0.8 0.8 0.8 0.8]
Solver status: optimal_inaccurate
b_new: [1. 1. 1. 1. 1. 1. 1. 1. 1. 1.]
Iter 0: obj=49.6736, best_obj=49.6736, ||b_new-b_prev||₂=2.846050
xi_k [0.51676883 0.51580076 0.50362242 0.48204138 0.48353745 0.484918
 0.52875366 0.49907578 0.5040551  0.48878634]
max_exp: -1.0
coe: 10
Regulation [-1. -1. -1. -1. -1. -1. -1. -1. -1. -1.]
Solver status: optimal_inaccurate
b_new: [1. 1. 1. 1. 1. 1. 1. 1. 1. 1.]
Iter 1: obj=50.5736, best_obj=50.5736, ||b_new-b_prev||₂=0.000000
Converged.
Final b: [1. 1. 1. 1. 1. 1. 1. 1. 1. 1.]
<class 'numpy.ndarray'>
b_float: [1. 1. 1. 1. 1. 1. 1. 1. 1. 1.]
b: [1 1 1 1 1 1 1 1 1 1]
active_clients:  [0, 1, 2, 3, 4, 5, 6, 7, 8, 9]
Client 0's s_k are:[0 0 0 0 0 0 0 0 0 0]
Client 1's s_k are:[0 0 0 0 0 0 0 0 0 0]
Client 2's s_k are:[0 0 0 0 0 0 0 0 0 0]
Client 3's s_k are:[0 0 0 0 0 0 0 0 0 0]
Client 4's s_k are:[0 0 0 0 0 0 0 0 0 0]
Client 5's s_k are:[0 0 0 0 0 0 0 0 0 0]
Client 6's s_k are:[0 0 0 0 0 0 0 0 0 0]
Client 7's s_k are:[0 0 0 0 0 0 0 0 0 0]
Client 8's s_k are:[0 0 0 0 0 0 0 0 0 0]
Client 9's s_k are:[0 0 0 0 0 0 0 0 0 0]
| Global Round : 23 | Client :0 | Local Epoch : 0 | [64/594 (11%)]	Loss1: 5.843736 Loss2: 0.000000 
| Global Round : 23 | Client :0 | Local Epoch : 1 | [64/594 (11%)]	Loss1: 5.842505 Loss2: 0.000000 
| Global Round : 23 | Client :0 | Local Epoch : 2 | [64/594 (11%)]	Loss1: 5.844593 Loss2: 0.000000 
| Global Round : 23 | Client :0 | Local Epoch : 3 | [64/594 (11%)]	Loss1: 5.842983 Loss2: 0.000000 
| Global Round : 23 | Client :0 | Local Epoch : 4 | [64/594 (11%)]	Loss1: 5.840700 Loss2: 0.000000 
| Global Round : 23 | Client :1 | Local Epoch : 0 | [64/595 (11%)]	Loss1: 5.843351 Loss2: 0.000000 
| Global Round : 23 | Client :1 | Local Epoch : 1 | [64/595 (11%)]	Loss1: 5.844080 Loss2: 0.000000 
| Global Round : 23 | Client :1 | Local Epoch : 2 | [64/595 (11%)]	Loss1: 5.841998 Loss2: 0.000000 
| Global Round : 23 | Client :1 | Local Epoch : 3 | [64/595 (11%)]	Loss1: 5.842023 Loss2: 0.000000 
| Global Round : 23 | Client :1 | Local Epoch : 4 | [64/595 (11%)]	Loss1: 5.843574 Loss2: 0.000000 
| Global Round : 23 | Client :2 | Local Epoch : 0 | [64/474 (14%)]	Loss1: 5.843020 Loss2: 0.000000 
| Global Round : 23 | Client :2 | Local Epoch : 1 | [64/474 (14%)]	Loss1: 5.844074 Loss2: 0.000000 
| Global Round : 23 | Client :2 | Local Epoch : 2 | [64/474 (14%)]	Loss1: 5.843536 Loss2: 0.000000 
| Global Round : 23 | Client :2 | Local Epoch : 3 | [64/474 (14%)]	Loss1: 5.842514 Loss2: 0.000000 
| Global Round : 23 | Client :2 | Local Epoch : 4 | [64/474 (14%)]	Loss1: 5.844182 Loss2: 0.000000 
| Global Round : 23 | Client :3 | Local Epoch : 0 | [64/566 (12%)]	Loss1: 5.843986 Loss2: 0.000000 
| Global Round : 23 | Client :3 | Local Epoch : 1 | [64/566 (12%)]	Loss1: 5.844347 Loss2: 0.000000 
| Global Round : 23 | Client :3 | Local Epoch : 2 | [64/566 (12%)]	Loss1: 5.845018 Loss2: 0.000000 
| Global Round : 23 | Client :3 | Local Epoch : 3 | [64/566 (12%)]	Loss1: 5.844892 Loss2: 0.000000 
| Global Round : 23 | Client :3 | Local Epoch : 4 | [64/566 (12%)]	Loss1: 5.842291 Loss2: 0.000000 
| Global Round : 23 | Client :4 | Local Epoch : 0 | [64/635 (11%)]	Loss1: 5.843458 Loss2: 0.000000 
| Global Round : 23 | Client :4 | Local Epoch : 1 | [64/635 (11%)]	Loss1: 5.844555 Loss2: 0.000000 
| Global Round : 23 | Client :4 | Local Epoch : 2 | [64/635 (11%)]	Loss1: 5.843533 Loss2: 0.000000 
| Global Round : 23 | Client :4 | Local Epoch : 3 | [64/635 (11%)]	Loss1: 5.844051 Loss2: 0.000000 
| Global Round : 23 | Client :4 | Local Epoch : 4 | [64/635 (11%)]	Loss1: 5.844812 Loss2: 0.000000 
| Global Round : 23 | Client :5 | Local Epoch : 0 | [64/633 (11%)]	Loss1: 5.842382 Loss2: 0.000000 
| Global Round : 23 | Client :5 | Local Epoch : 1 | [64/633 (11%)]	Loss1: 5.843860 Loss2: 0.000000 
| Global Round : 23 | Client :5 | Local Epoch : 2 | [64/633 (11%)]	Loss1: 5.845158 Loss2: 0.000000 
| Global Round : 23 | Client :5 | Local Epoch : 3 | [64/633 (11%)]	Loss1: 5.843260 Loss2: 0.000000 
| Global Round : 23 | Client :5 | Local Epoch : 4 | [64/633 (11%)]	Loss1: 5.844034 Loss2: 0.000000 
| Global Round : 23 | Client :6 | Local Epoch : 0 | [64/645 (10%)]	Loss1: 5.843999 Loss2: 0.000000 
| Global Round : 23 | Client :6 | Local Epoch : 1 | [64/645 (10%)]	Loss1: 5.843622 Loss2: 0.000000 
| Global Round : 23 | Client :6 | Local Epoch : 2 | [64/645 (10%)]	Loss1: 5.842402 Loss2: 0.000000 
| Global Round : 23 | Client :6 | Local Epoch : 3 | [64/645 (10%)]	Loss1: 5.842678 Loss2: 0.000000 
| Global Round : 23 | Client :6 | Local Epoch : 4 | [64/645 (10%)]	Loss1: 5.842292 Loss2: 0.000000 
| Global Round : 23 | Client :7 | Local Epoch : 0 | [64/615 (11%)]	Loss1: 5.844658 Loss2: 0.000000 
| Global Round : 23 | Client :7 | Local Epoch : 1 | [64/615 (11%)]	Loss1: 5.843721 Loss2: 0.000000 
| Global Round : 23 | Client :7 | Local Epoch : 2 | [64/615 (11%)]	Loss1: 5.843683 Loss2: 0.000000 
| Global Round : 23 | Client :7 | Local Epoch : 3 | [64/615 (11%)]	Loss1: 5.842401 Loss2: 0.000000 
| Global Round : 23 | Client :7 | Local Epoch : 4 | [64/615 (11%)]	Loss1: 5.842767 Loss2: 0.000000 
| Global Round : 23 | Client :8 | Local Epoch : 0 | [64/609 (11%)]	Loss1: 5.843763 Loss2: 0.000000 
| Global Round : 23 | Client :8 | Local Epoch : 1 | [64/609 (11%)]	Loss1: 5.841996 Loss2: 0.000000 
| Global Round : 23 | Client :8 | Local Epoch : 2 | [64/609 (11%)]	Loss1: 5.842998 Loss2: 0.000000 
| Global Round : 23 | Client :8 | Local Epoch : 3 | [64/609 (11%)]	Loss1: 5.844297 Loss2: 0.000000 
| Global Round : 23 | Client :8 | Local Epoch : 4 | [64/609 (11%)]	Loss1: 5.844935 Loss2: 0.000000 
| Global Round : 23 | Client :9 | Local Epoch : 0 | [64/628 (11%)]	Loss1: 5.843309 Loss2: 0.000000 
| Global Round : 23 | Client :9 | Local Epoch : 1 | [64/628 (11%)]	Loss1: 5.844299 Loss2: 0.000000 
| Global Round : 23 | Client :9 | Local Epoch : 2 | [64/628 (11%)]	Loss1: 5.842574 Loss2: 0.000000 
| Global Round : 23 | Client :9 | Local Epoch : 3 | [64/628 (11%)]	Loss1: 5.843734 Loss2: 0.000000 
| Global Round : 23 | Client :9 | Local Epoch : 4 | [64/628 (11%)]	Loss1: 5.843032 Loss2: 0.000000 
average loss:   5.840162136157353
average local test accuracy: 0.7940104166666668
average global test accuracy:  0.8225260416666668

 | Global Training Round : 24 |

xi_k [0.5167279  0.5158321  0.5035531  0.48204936 0.4834547  0.48486443
 0.52867047 0.49903856 0.50401178 0.48877763]
max_exp: -1.0
coe: 10
Regulation [0.8 0.8 0.8 0.8 0.8 0.8 0.8 0.8 0.8 0.8]
Solver status: optimal_inaccurate
b_new: [1. 1. 1. 1. 1. 1. 1. 1. 1. 1.]
Iter 0: obj=49.6698, best_obj=49.6698, ||b_new-b_prev||₂=2.846050
xi_k [0.5167279  0.5158321  0.5035531  0.48204936 0.4834547  0.48486443
 0.52867047 0.49903856 0.50401178 0.48877763]
max_exp: -1.0
coe: 10
Regulation [-1. -1. -1. -1. -1. -1. -1. -1. -1. -1.]
Solver status: optimal_inaccurate
b_new: [1. 1. 1. 1. 1. 1. 1. 1. 1. 1.]
Iter 1: obj=50.5698, best_obj=50.5698, ||b_new-b_prev||₂=0.000000
Converged.
Final b: [1. 1. 1. 1. 1. 1. 1. 1. 1. 1.]
<class 'numpy.ndarray'>
b_float: [1. 1. 1. 1. 1. 1. 1. 1. 1. 1.]
b: [1 1 1 1 1 1 1 1 1 1]
active_clients:  [0, 1, 2, 3, 4, 5, 6, 7, 8, 9]
Client 0's s_k are:[0 0 0 0 0 0 0 0 0 0]
Client 1's s_k are:[0 0 0 0 0 0 0 0 0 0]
Client 2's s_k are:[0 0 0 0 0 0 0 0 0 0]
Client 3's s_k are:[0 0 0 0 0 0 0 0 0 0]
Client 4's s_k are:[0 0 0 0 0 0 0 0 0 0]
Client 5's s_k are:[0 0 0 0 0 0 0 0 0 0]
Client 6's s_k are:[0 0 0 0 0 0 0 0 0 0]
Client 7's s_k are:[0 0 0 0 0 0 0 0 0 0]
Client 8's s_k are:[0 0 0 0 0 0 0 0 0 0]
Client 9's s_k are:[0 0 0 0 0 0 0 0 0 0]
| Global Round : 24 | Client :0 | Local Epoch : 0 | [64/594 (11%)]	Loss1: 5.843561 Loss2: 0.000000 
| Global Round : 24 | Client :0 | Local Epoch : 1 | [64/594 (11%)]	Loss1: 5.843486 Loss2: 0.000000 
| Global Round : 24 | Client :0 | Local Epoch : 2 | [64/594 (11%)]	Loss1: 5.842807 Loss2: 0.000000 
| Global Round : 24 | Client :0 | Local Epoch : 3 | [64/594 (11%)]	Loss1: 5.843754 Loss2: 0.000000 
| Global Round : 24 | Client :0 | Local Epoch : 4 | [64/594 (11%)]	Loss1: 5.843307 Loss2: 0.000000 
| Global Round : 24 | Client :1 | Local Epoch : 0 | [64/595 (11%)]	Loss1: 5.842128 Loss2: 0.000000 
| Global Round : 24 | Client :1 | Local Epoch : 1 | [64/595 (11%)]	Loss1: 5.842333 Loss2: 0.000000 
| Global Round : 24 | Client :1 | Local Epoch : 2 | [64/595 (11%)]	Loss1: 5.841531 Loss2: 0.000000 
| Global Round : 24 | Client :1 | Local Epoch : 3 | [64/595 (11%)]	Loss1: 5.842301 Loss2: 0.000000 
| Global Round : 24 | Client :1 | Local Epoch : 4 | [64/595 (11%)]	Loss1: 5.842003 Loss2: 0.000000 
| Global Round : 24 | Client :2 | Local Epoch : 0 | [64/474 (14%)]	Loss1: 5.841978 Loss2: 0.000000 
| Global Round : 24 | Client :2 | Local Epoch : 1 | [64/474 (14%)]	Loss1: 5.843011 Loss2: 0.000000 
| Global Round : 24 | Client :2 | Local Epoch : 2 | [64/474 (14%)]	Loss1: 5.842678 Loss2: 0.000000 
| Global Round : 24 | Client :2 | Local Epoch : 3 | [64/474 (14%)]	Loss1: 5.842347 Loss2: 0.000000 
| Global Round : 24 | Client :2 | Local Epoch : 4 | [64/474 (14%)]	Loss1: 5.843682 Loss2: 0.000000 
| Global Round : 24 | Client :3 | Local Epoch : 0 | [64/566 (12%)]	Loss1: 5.841504 Loss2: 0.000000 
| Global Round : 24 | Client :3 | Local Epoch : 1 | [64/566 (12%)]	Loss1: 5.842947 Loss2: 0.000000 
| Global Round : 24 | Client :3 | Local Epoch : 2 | [64/566 (12%)]	Loss1: 5.844358 Loss2: 0.000000 
| Global Round : 24 | Client :3 | Local Epoch : 3 | [64/566 (12%)]	Loss1: 5.841906 Loss2: 0.000000 
| Global Round : 24 | Client :3 | Local Epoch : 4 | [64/566 (12%)]	Loss1: 5.841700 Loss2: 0.000000 
| Global Round : 24 | Client :4 | Local Epoch : 0 | [64/635 (11%)]	Loss1: 5.843270 Loss2: 0.000000 
| Global Round : 24 | Client :4 | Local Epoch : 1 | [64/635 (11%)]	Loss1: 5.845310 Loss2: 0.000000 
| Global Round : 24 | Client :4 | Local Epoch : 2 | [64/635 (11%)]	Loss1: 5.843952 Loss2: 0.000000 
| Global Round : 24 | Client :4 | Local Epoch : 3 | [64/635 (11%)]	Loss1: 5.843915 Loss2: 0.000000 
| Global Round : 24 | Client :4 | Local Epoch : 4 | [64/635 (11%)]	Loss1: 5.843385 Loss2: 0.000000 
| Global Round : 24 | Client :5 | Local Epoch : 0 | [64/633 (11%)]	Loss1: 5.843372 Loss2: 0.000000 
| Global Round : 24 | Client :5 | Local Epoch : 1 | [64/633 (11%)]	Loss1: 5.842650 Loss2: 0.000000 
| Global Round : 24 | Client :5 | Local Epoch : 2 | [64/633 (11%)]	Loss1: 5.842549 Loss2: 0.000000 
| Global Round : 24 | Client :5 | Local Epoch : 3 | [64/633 (11%)]	Loss1: 5.843301 Loss2: 0.000000 
| Global Round : 24 | Client :5 | Local Epoch : 4 | [64/633 (11%)]	Loss1: 5.842870 Loss2: 0.000000 
| Global Round : 24 | Client :6 | Local Epoch : 0 | [64/645 (10%)]	Loss1: 5.842497 Loss2: 0.000000 
| Global Round : 24 | Client :6 | Local Epoch : 1 | [64/645 (10%)]	Loss1: 5.842443 Loss2: 0.000000 
| Global Round : 24 | Client :6 | Local Epoch : 2 | [64/645 (10%)]	Loss1: 5.842496 Loss2: 0.000000 
| Global Round : 24 | Client :6 | Local Epoch : 3 | [64/645 (10%)]	Loss1: 5.844044 Loss2: 0.000000 
| Global Round : 24 | Client :6 | Local Epoch : 4 | [64/645 (10%)]	Loss1: 5.842340 Loss2: 0.000000 
| Global Round : 24 | Client :7 | Local Epoch : 0 | [64/615 (11%)]	Loss1: 5.843414 Loss2: 0.000000 
| Global Round : 24 | Client :7 | Local Epoch : 1 | [64/615 (11%)]	Loss1: 5.841632 Loss2: 0.000000 
| Global Round : 24 | Client :7 | Local Epoch : 2 | [64/615 (11%)]	Loss1: 5.843245 Loss2: 0.000000 
| Global Round : 24 | Client :7 | Local Epoch : 3 | [64/615 (11%)]	Loss1: 5.842919 Loss2: 0.000000 
| Global Round : 24 | Client :7 | Local Epoch : 4 | [64/615 (11%)]	Loss1: 5.844401 Loss2: 0.000000 
| Global Round : 24 | Client :8 | Local Epoch : 0 | [64/609 (11%)]	Loss1: 5.842981 Loss2: 0.000000 
| Global Round : 24 | Client :8 | Local Epoch : 1 | [64/609 (11%)]	Loss1: 5.843178 Loss2: 0.000000 
| Global Round : 24 | Client :8 | Local Epoch : 2 | [64/609 (11%)]	Loss1: 5.842322 Loss2: 0.000000 
| Global Round : 24 | Client :8 | Local Epoch : 3 | [64/609 (11%)]	Loss1: 5.842526 Loss2: 0.000000 
| Global Round : 24 | Client :8 | Local Epoch : 4 | [64/609 (11%)]	Loss1: 5.844131 Loss2: 0.000000 
| Global Round : 24 | Client :9 | Local Epoch : 0 | [64/628 (11%)]	Loss1: 5.842683 Loss2: 0.000000 
| Global Round : 24 | Client :9 | Local Epoch : 1 | [64/628 (11%)]	Loss1: 5.845363 Loss2: 0.000000 
| Global Round : 24 | Client :9 | Local Epoch : 2 | [64/628 (11%)]	Loss1: 5.844213 Loss2: 0.000000 
| Global Round : 24 | Client :9 | Local Epoch : 3 | [64/628 (11%)]	Loss1: 5.845703 Loss2: 0.000000 
| Global Round : 24 | Client :9 | Local Epoch : 4 | [64/628 (11%)]	Loss1: 5.844561 Loss2: 0.000000 
average loss:   5.8400059022979125
average local test accuracy: 0.7984375000000001
average global test accuracy:  0.823046875

 | Global Training Round : 25 |

xi_k [0.51669116 0.51580324 0.5035725  0.48202345 0.48347185 0.48488229
 0.52866878 0.49901478 0.50397337 0.48884509]
max_exp: -1.0
coe: 10
Regulation [0.8 0.8 0.8 0.8 0.8 0.8 0.8 0.8 0.8 0.8]
Solver status: optimal_inaccurate
b_new: [1. 1. 1. 1. 1. 1. 1. 1. 1. 1.]
Iter 0: obj=49.6695, best_obj=49.6695, ||b_new-b_prev||₂=2.846050
xi_k [0.51669116 0.51580324 0.5035725  0.48202345 0.48347185 0.48488229
 0.52866878 0.49901478 0.50397337 0.48884509]
max_exp: -1.0
coe: 10
Regulation [-1. -1. -1. -1. -1. -1. -1. -1. -1. -1.]
Solver status: optimal_inaccurate
b_new: [1. 1. 1. 1. 1. 1. 1. 1. 1. 1.]
Iter 1: obj=50.5695, best_obj=50.5695, ||b_new-b_prev||₂=0.000000
Converged.
Final b: [1. 1. 1. 1. 1. 1. 1. 1. 1. 1.]
<class 'numpy.ndarray'>
b_float: [1. 1. 1. 1. 1. 1. 1. 1. 1. 1.]
b: [1 1 1 1 1 1 1 1 1 1]
active_clients:  [0, 1, 2, 3, 4, 5, 6, 7, 8, 9]
Client 0's s_k are:[0 0 0 0 0 0 0 0 0 0]
Client 1's s_k are:[0 0 0 0 0 0 0 0 0 0]
Client 2's s_k are:[0 0 0 0 0 0 0 0 0 0]
Client 3's s_k are:[0 0 0 0 0 0 0 0 0 0]
Client 4's s_k are:[0 0 0 0 0 0 0 0 0 0]
Client 5's s_k are:[0 0 0 0 0 0 0 0 0 0]
Client 6's s_k are:[0 0 0 0 0 0 0 0 0 0]
Client 7's s_k are:[0 0 0 0 0 0 0 0 0 0]
Client 8's s_k are:[0 0 0 0 0 0 0 0 0 0]
Client 9's s_k are:[0 0 0 0 0 0 0 0 0 0]
| Global Round : 25 | Client :0 | Local Epoch : 0 | [64/594 (11%)]	Loss1: 5.843215 Loss2: 0.000000 
| Global Round : 25 | Client :0 | Local Epoch : 1 | [64/594 (11%)]	Loss1: 5.843091 Loss2: 0.000000 
| Global Round : 25 | Client :0 | Local Epoch : 2 | [64/594 (11%)]	Loss1: 5.843563 Loss2: 0.000000 
| Global Round : 25 | Client :0 | Local Epoch : 3 | [64/594 (11%)]	Loss1: 5.842528 Loss2: 0.000000 
| Global Round : 25 | Client :0 | Local Epoch : 4 | [64/594 (11%)]	Loss1: 5.843668 Loss2: 0.000000 
| Global Round : 25 | Client :1 | Local Epoch : 0 | [64/595 (11%)]	Loss1: 5.842515 Loss2: 0.000000 
| Global Round : 25 | Client :1 | Local Epoch : 1 | [64/595 (11%)]	Loss1: 5.844533 Loss2: 0.000000 
| Global Round : 25 | Client :1 | Local Epoch : 2 | [64/595 (11%)]	Loss1: 5.843188 Loss2: 0.000000 
| Global Round : 25 | Client :1 | Local Epoch : 3 | [64/595 (11%)]	Loss1: 5.843856 Loss2: 0.000000 
| Global Round : 25 | Client :1 | Local Epoch : 4 | [64/595 (11%)]	Loss1: 5.842264 Loss2: 0.000000 
| Global Round : 25 | Client :2 | Local Epoch : 0 | [64/474 (14%)]	Loss1: 5.842759 Loss2: 0.000000 
| Global Round : 25 | Client :2 | Local Epoch : 1 | [64/474 (14%)]	Loss1: 5.842831 Loss2: 0.000000 
| Global Round : 25 | Client :2 | Local Epoch : 2 | [64/474 (14%)]	Loss1: 5.843524 Loss2: 0.000000 
| Global Round : 25 | Client :2 | Local Epoch : 3 | [64/474 (14%)]	Loss1: 5.843559 Loss2: 0.000000 
| Global Round : 25 | Client :2 | Local Epoch : 4 | [64/474 (14%)]	Loss1: 5.841990 Loss2: 0.000000 
| Global Round : 25 | Client :3 | Local Epoch : 0 | [64/566 (12%)]	Loss1: 5.842530 Loss2: 0.000000 
| Global Round : 25 | Client :3 | Local Epoch : 1 | [64/566 (12%)]	Loss1: 5.843024 Loss2: 0.000000 
| Global Round : 25 | Client :3 | Local Epoch : 2 | [64/566 (12%)]	Loss1: 5.842123 Loss2: 0.000000 
| Global Round : 25 | Client :3 | Local Epoch : 3 | [64/566 (12%)]	Loss1: 5.843750 Loss2: 0.000000 
| Global Round : 25 | Client :3 | Local Epoch : 4 | [64/566 (12%)]	Loss1: 5.843336 Loss2: 0.000000 
| Global Round : 25 | Client :4 | Local Epoch : 0 | [64/635 (11%)]	Loss1: 5.842925 Loss2: 0.000000 
| Global Round : 25 | Client :4 | Local Epoch : 1 | [64/635 (11%)]	Loss1: 5.843526 Loss2: 0.000000 
| Global Round : 25 | Client :4 | Local Epoch : 2 | [64/635 (11%)]	Loss1: 5.844579 Loss2: 0.000000 
| Global Round : 25 | Client :4 | Local Epoch : 3 | [64/635 (11%)]	Loss1: 5.843704 Loss2: 0.000000 
| Global Round : 25 | Client :4 | Local Epoch : 4 | [64/635 (11%)]	Loss1: 5.843496 Loss2: 0.000000 
| Global Round : 25 | Client :5 | Local Epoch : 0 | [64/633 (11%)]	Loss1: 5.842968 Loss2: 0.000000 
| Global Round : 25 | Client :5 | Local Epoch : 1 | [64/633 (11%)]	Loss1: 5.842865 Loss2: 0.000000 
| Global Round : 25 | Client :5 | Local Epoch : 2 | [64/633 (11%)]	Loss1: 5.842782 Loss2: 0.000000 
| Global Round : 25 | Client :5 | Local Epoch : 3 | [64/633 (11%)]	Loss1: 5.844090 Loss2: 0.000000 
| Global Round : 25 | Client :5 | Local Epoch : 4 | [64/633 (11%)]	Loss1: 5.841700 Loss2: 0.000000 
| Global Round : 25 | Client :6 | Local Epoch : 0 | [64/645 (10%)]	Loss1: 5.842823 Loss2: 0.000000 
| Global Round : 25 | Client :6 | Local Epoch : 1 | [64/645 (10%)]	Loss1: 5.842932 Loss2: 0.000000 
| Global Round : 25 | Client :6 | Local Epoch : 2 | [64/645 (10%)]	Loss1: 5.842939 Loss2: 0.000000 
| Global Round : 25 | Client :6 | Local Epoch : 3 | [64/645 (10%)]	Loss1: 5.842542 Loss2: 0.000000 
| Global Round : 25 | Client :6 | Local Epoch : 4 | [64/645 (10%)]	Loss1: 5.843185 Loss2: 0.000000 
| Global Round : 25 | Client :7 | Local Epoch : 0 | [64/615 (11%)]	Loss1: 5.843084 Loss2: 0.000000 
| Global Round : 25 | Client :7 | Local Epoch : 1 | [64/615 (11%)]	Loss1: 5.843129 Loss2: 0.000000 
| Global Round : 25 | Client :7 | Local Epoch : 2 | [64/615 (11%)]	Loss1: 5.842898 Loss2: 0.000000 
| Global Round : 25 | Client :7 | Local Epoch : 3 | [64/615 (11%)]	Loss1: 5.843001 Loss2: 0.000000 
| Global Round : 25 | Client :7 | Local Epoch : 4 | [64/615 (11%)]	Loss1: 5.843218 Loss2: 0.000000 
| Global Round : 25 | Client :8 | Local Epoch : 0 | [64/609 (11%)]	Loss1: 5.843759 Loss2: 0.000000 
| Global Round : 25 | Client :8 | Local Epoch : 1 | [64/609 (11%)]	Loss1: 5.842974 Loss2: 0.000000 
| Global Round : 25 | Client :8 | Local Epoch : 2 | [64/609 (11%)]	Loss1: 5.842809 Loss2: 0.000000 
| Global Round : 25 | Client :8 | Local Epoch : 3 | [64/609 (11%)]	Loss1: 5.842721 Loss2: 0.000000 
| Global Round : 25 | Client :8 | Local Epoch : 4 | [64/609 (11%)]	Loss1: 5.842136 Loss2: 0.000000 
| Global Round : 25 | Client :9 | Local Epoch : 0 | [64/628 (11%)]	Loss1: 5.843652 Loss2: 0.000000 
| Global Round : 25 | Client :9 | Local Epoch : 1 | [64/628 (11%)]	Loss1: 5.843609 Loss2: 0.000000 
| Global Round : 25 | Client :9 | Local Epoch : 2 | [64/628 (11%)]	Loss1: 5.844844 Loss2: 0.000000 
| Global Round : 25 | Client :9 | Local Epoch : 3 | [64/628 (11%)]	Loss1: 5.841928 Loss2: 0.000000 
| Global Round : 25 | Client :9 | Local Epoch : 4 | [64/628 (11%)]	Loss1: 5.843407 Loss2: 0.000000 
average loss:   5.8399074240904
average local test accuracy: 0.7971354166666668
average global test accuracy:  0.7880208333333334

 | Global Training Round : 26 |

xi_k [0.51672131 0.51574561 0.50352843 0.48199532 0.48341527 0.48478075
 0.52870029 0.4989828  0.50395181 0.4887148 ]
max_exp: -1.0
coe: 10
Regulation [0.8 0.8 0.8 0.8 0.8 0.8 0.8 0.8 0.8 0.8]
Solver status: optimal_inaccurate
b_new: [1. 1. 1. 1. 1. 1. 1. 1. 1. 1.]
Iter 0: obj=49.6654, best_obj=49.6654, ||b_new-b_prev||₂=2.846050
xi_k [0.51672131 0.51574561 0.50352843 0.48199532 0.48341527 0.48478075
 0.52870029 0.4989828  0.50395181 0.4887148 ]
max_exp: -1.0
coe: 10
Regulation [-1. -1. -1. -1. -1. -1. -1. -1. -1. -1.]
Solver status: optimal_inaccurate
b_new: [1. 1. 1. 1. 1. 1. 1. 1. 1. 1.]
Iter 1: obj=50.5654, best_obj=50.5654, ||b_new-b_prev||₂=0.000000
Converged.
Final b: [1. 1. 1. 1. 1. 1. 1. 1. 1. 1.]
<class 'numpy.ndarray'>
b_float: [1. 1. 1. 1. 1. 1. 1. 1. 1. 1.]
b: [1 1 1 1 1 1 1 1 1 1]
active_clients:  [0, 1, 2, 3, 4, 5, 6, 7, 8, 9]
Client 0's s_k are:[0 0 0 0 0 0 0 0 0 0]
Client 1's s_k are:[0 0 0 0 0 0 0 0 0 0]
Client 2's s_k are:[0 0 0 0 0 0 0 0 0 0]
Client 3's s_k are:[0 0 0 0 0 0 0 0 0 0]
Client 4's s_k are:[0 0 0 0 0 0 0 0 0 0]
Client 5's s_k are:[0 0 0 0 0 0 0 0 0 0]
Client 6's s_k are:[0 0 0 0 0 0 0 0 0 0]
Client 7's s_k are:[0 0 0 0 0 0 0 0 0 0]
Client 8's s_k are:[0 0 0 0 0 0 0 0 0 0]
Client 9's s_k are:[0 0 0 0 0 0 0 0 0 0]
| Global Round : 26 | Client :0 | Local Epoch : 0 | [64/594 (11%)]	Loss1: 5.843645 Loss2: 0.000000 
| Global Round : 26 | Client :0 | Local Epoch : 1 | [64/594 (11%)]	Loss1: 5.842206 Loss2: 0.000000 
| Global Round : 26 | Client :0 | Local Epoch : 2 | [64/594 (11%)]	Loss1: 5.844224 Loss2: 0.000000 
| Global Round : 26 | Client :0 | Local Epoch : 3 | [64/594 (11%)]	Loss1: 5.845170 Loss2: 0.000000 
| Global Round : 26 | Client :0 | Local Epoch : 4 | [64/594 (11%)]	Loss1: 5.843695 Loss2: 0.000000 
| Global Round : 26 | Client :1 | Local Epoch : 0 | [64/595 (11%)]	Loss1: 5.842360 Loss2: 0.000000 
| Global Round : 26 | Client :1 | Local Epoch : 1 | [64/595 (11%)]	Loss1: 5.841618 Loss2: 0.000000 
| Global Round : 26 | Client :1 | Local Epoch : 2 | [64/595 (11%)]	Loss1: 5.841531 Loss2: 0.000000 
| Global Round : 26 | Client :1 | Local Epoch : 3 | [64/595 (11%)]	Loss1: 5.842027 Loss2: 0.000000 
| Global Round : 26 | Client :1 | Local Epoch : 4 | [64/595 (11%)]	Loss1: 5.842431 Loss2: 0.000000 
| Global Round : 26 | Client :2 | Local Epoch : 0 | [64/474 (14%)]	Loss1: 5.842510 Loss2: 0.000000 
| Global Round : 26 | Client :2 | Local Epoch : 1 | [64/474 (14%)]	Loss1: 5.841319 Loss2: 0.000000 
| Global Round : 26 | Client :2 | Local Epoch : 2 | [64/474 (14%)]	Loss1: 5.842450 Loss2: 0.000000 
| Global Round : 26 | Client :2 | Local Epoch : 3 | [64/474 (14%)]	Loss1: 5.842983 Loss2: 0.000000 
| Global Round : 26 | Client :2 | Local Epoch : 4 | [64/474 (14%)]	Loss1: 5.841932 Loss2: 0.000000 
| Global Round : 26 | Client :3 | Local Epoch : 0 | [64/566 (12%)]	Loss1: 5.842599 Loss2: 0.000000 
| Global Round : 26 | Client :3 | Local Epoch : 1 | [64/566 (12%)]	Loss1: 5.843051 Loss2: 0.000000 
| Global Round : 26 | Client :3 | Local Epoch : 2 | [64/566 (12%)]	Loss1: 5.842394 Loss2: 0.000000 
| Global Round : 26 | Client :3 | Local Epoch : 3 | [64/566 (12%)]	Loss1: 5.842580 Loss2: 0.000000 
| Global Round : 26 | Client :3 | Local Epoch : 4 | [64/566 (12%)]	Loss1: 5.842906 Loss2: 0.000000 
| Global Round : 26 | Client :4 | Local Epoch : 0 | [64/635 (11%)]	Loss1: 5.844087 Loss2: 0.000000 
| Global Round : 26 | Client :4 | Local Epoch : 1 | [64/635 (11%)]	Loss1: 5.842402 Loss2: 0.000000 
| Global Round : 26 | Client :4 | Local Epoch : 2 | [64/635 (11%)]	Loss1: 5.844124 Loss2: 0.000000 
| Global Round : 26 | Client :4 | Local Epoch : 3 | [64/635 (11%)]	Loss1: 5.843740 Loss2: 0.000000 
| Global Round : 26 | Client :4 | Local Epoch : 4 | [64/635 (11%)]	Loss1: 5.843346 Loss2: 0.000000 
| Global Round : 26 | Client :5 | Local Epoch : 0 | [64/633 (11%)]	Loss1: 5.842054 Loss2: 0.000000 
| Global Round : 26 | Client :5 | Local Epoch : 1 | [64/633 (11%)]	Loss1: 5.842422 Loss2: 0.000000 
| Global Round : 26 | Client :5 | Local Epoch : 2 | [64/633 (11%)]	Loss1: 5.842838 Loss2: 0.000000 
| Global Round : 26 | Client :5 | Local Epoch : 3 | [64/633 (11%)]	Loss1: 5.841801 Loss2: 0.000000 
| Global Round : 26 | Client :5 | Local Epoch : 4 | [64/633 (11%)]	Loss1: 5.843251 Loss2: 0.000000 
| Global Round : 26 | Client :6 | Local Epoch : 0 | [64/645 (10%)]	Loss1: 5.843002 Loss2: 0.000000 
| Global Round : 26 | Client :6 | Local Epoch : 1 | [64/645 (10%)]	Loss1: 5.843107 Loss2: 0.000000 
| Global Round : 26 | Client :6 | Local Epoch : 2 | [64/645 (10%)]	Loss1: 5.844115 Loss2: 0.000000 
| Global Round : 26 | Client :6 | Local Epoch : 3 | [64/645 (10%)]	Loss1: 5.842825 Loss2: 0.000000 
| Global Round : 26 | Client :6 | Local Epoch : 4 | [64/645 (10%)]	Loss1: 5.842594 Loss2: 0.000000 
| Global Round : 26 | Client :7 | Local Epoch : 0 | [64/615 (11%)]	Loss1: 5.843116 Loss2: 0.000000 
| Global Round : 26 | Client :7 | Local Epoch : 1 | [64/615 (11%)]	Loss1: 5.843336 Loss2: 0.000000 
| Global Round : 26 | Client :7 | Local Epoch : 2 | [64/615 (11%)]	Loss1: 5.842208 Loss2: 0.000000 
| Global Round : 26 | Client :7 | Local Epoch : 3 | [64/615 (11%)]	Loss1: 5.843071 Loss2: 0.000000 
| Global Round : 26 | Client :7 | Local Epoch : 4 | [64/615 (11%)]	Loss1: 5.842830 Loss2: 0.000000 
| Global Round : 26 | Client :8 | Local Epoch : 0 | [64/609 (11%)]	Loss1: 5.843801 Loss2: 0.000000 
| Global Round : 26 | Client :8 | Local Epoch : 1 | [64/609 (11%)]	Loss1: 5.842681 Loss2: 0.000000 
| Global Round : 26 | Client :8 | Local Epoch : 2 | [64/609 (11%)]	Loss1: 5.843788 Loss2: 0.000000 
| Global Round : 26 | Client :8 | Local Epoch : 3 | [64/609 (11%)]	Loss1: 5.843677 Loss2: 0.000000 
| Global Round : 26 | Client :8 | Local Epoch : 4 | [64/609 (11%)]	Loss1: 5.842974 Loss2: 0.000000 
| Global Round : 26 | Client :9 | Local Epoch : 0 | [64/628 (11%)]	Loss1: 5.842769 Loss2: 0.000000 
| Global Round : 26 | Client :9 | Local Epoch : 1 | [64/628 (11%)]	Loss1: 5.843808 Loss2: 0.000000 
| Global Round : 26 | Client :9 | Local Epoch : 2 | [64/628 (11%)]	Loss1: 5.843137 Loss2: 0.000000 
| Global Round : 26 | Client :9 | Local Epoch : 3 | [64/628 (11%)]	Loss1: 5.843142 Loss2: 0.000000 
| Global Round : 26 | Client :9 | Local Epoch : 4 | [64/628 (11%)]	Loss1: 5.843243 Loss2: 0.000000 
average loss:   5.839770916965272
average local test accuracy: 0.7921875
average global test accuracy:  0.7940104166666667

 | Global Training Round : 27 |

xi_k [0.5166544  0.51575524 0.50348548 0.48201182 0.48338637 0.48481306
 0.52866353 0.49901618 0.5039371  0.488715  ]
max_exp: -1.0
coe: 10
Regulation [0.8 0.8 0.8 0.8 0.8 0.8 0.8 0.8 0.8 0.8]
Solver status: optimal_inaccurate
b_new: [1. 1. 1. 1. 1. 1. 1. 1. 1. 1.]
Iter 0: obj=49.6644, best_obj=49.6644, ||b_new-b_prev||₂=2.846050
xi_k [0.5166544  0.51575524 0.50348548 0.48201182 0.48338637 0.48481306
 0.52866353 0.49901618 0.5039371  0.488715  ]
max_exp: -1.0
coe: 10
Regulation [-1. -1. -1. -1. -1. -1. -1. -1. -1. -1.]
Solver status: optimal_inaccurate
b_new: [1. 1. 1. 1. 1. 1. 1. 1. 1. 1.]
Iter 1: obj=50.5644, best_obj=50.5644, ||b_new-b_prev||₂=0.000000
Converged.
Final b: [1. 1. 1. 1. 1. 1. 1. 1. 1. 1.]
<class 'numpy.ndarray'>
b_float: [1. 1. 1. 1. 1. 1. 1. 1. 1. 1.]
b: [1 1 1 1 1 1 1 1 1 1]
active_clients:  [0, 1, 2, 3, 4, 5, 6, 7, 8, 9]
Client 0's s_k are:[0 0 0 0 0 0 0 0 0 0]
Client 1's s_k are:[0 0 0 0 0 0 0 0 0 0]
Client 2's s_k are:[0 0 0 0 0 0 0 0 0 0]
Client 3's s_k are:[0 0 0 0 0 0 0 0 0 0]
Client 4's s_k are:[0 0 0 0 0 0 0 0 0 0]
Client 5's s_k are:[0 0 0 0 0 0 0 0 0 0]
Client 6's s_k are:[0 0 0 0 0 0 0 0 0 0]
Client 7's s_k are:[0 0 0 0 0 0 0 0 0 0]
Client 8's s_k are:[0 0 0 0 0 0 0 0 0 0]
Client 9's s_k are:[0 0 0 0 0 0 0 0 0 0]
| Global Round : 27 | Client :0 | Local Epoch : 0 | [64/594 (11%)]	Loss1: 5.842357 Loss2: 0.000000 
| Global Round : 27 | Client :0 | Local Epoch : 1 | [64/594 (11%)]	Loss1: 5.843331 Loss2: 0.000000 
| Global Round : 27 | Client :0 | Local Epoch : 2 | [64/594 (11%)]	Loss1: 5.841901 Loss2: 0.000000 
| Global Round : 27 | Client :0 | Local Epoch : 3 | [64/594 (11%)]	Loss1: 5.843770 Loss2: 0.000000 
| Global Round : 27 | Client :0 | Local Epoch : 4 | [64/594 (11%)]	Loss1: 5.844755 Loss2: 0.000000 
| Global Round : 27 | Client :1 | Local Epoch : 0 | [64/595 (11%)]	Loss1: 5.843629 Loss2: 0.000000 
| Global Round : 27 | Client :1 | Local Epoch : 1 | [64/595 (11%)]	Loss1: 5.842340 Loss2: 0.000000 
| Global Round : 27 | Client :1 | Local Epoch : 2 | [64/595 (11%)]	Loss1: 5.841665 Loss2: 0.000000 
| Global Round : 27 | Client :1 | Local Epoch : 3 | [64/595 (11%)]	Loss1: 5.842835 Loss2: 0.000000 
| Global Round : 27 | Client :1 | Local Epoch : 4 | [64/595 (11%)]	Loss1: 5.842043 Loss2: 0.000000 
| Global Round : 27 | Client :2 | Local Epoch : 0 | [64/474 (14%)]	Loss1: 5.842199 Loss2: 0.000000 
| Global Round : 27 | Client :2 | Local Epoch : 1 | [64/474 (14%)]	Loss1: 5.841962 Loss2: 0.000000 
| Global Round : 27 | Client :2 | Local Epoch : 2 | [64/474 (14%)]	Loss1: 5.842856 Loss2: 0.000000 
| Global Round : 27 | Client :2 | Local Epoch : 3 | [64/474 (14%)]	Loss1: 5.841785 Loss2: 0.000000 
| Global Round : 27 | Client :2 | Local Epoch : 4 | [64/474 (14%)]	Loss1: 5.843555 Loss2: 0.000000 
| Global Round : 27 | Client :3 | Local Epoch : 0 | [64/566 (12%)]	Loss1: 5.844019 Loss2: 0.000000 
| Global Round : 27 | Client :3 | Local Epoch : 1 | [64/566 (12%)]	Loss1: 5.843837 Loss2: 0.000000 
| Global Round : 27 | Client :3 | Local Epoch : 2 | [64/566 (12%)]	Loss1: 5.841484 Loss2: 0.000000 
| Global Round : 27 | Client :3 | Local Epoch : 3 | [64/566 (12%)]	Loss1: 5.842195 Loss2: 0.000000 
| Global Round : 27 | Client :3 | Local Epoch : 4 | [64/566 (12%)]	Loss1: 5.842792 Loss2: 0.000000 
| Global Round : 27 | Client :4 | Local Epoch : 0 | [64/635 (11%)]	Loss1: 5.842723 Loss2: 0.000000 
| Global Round : 27 | Client :4 | Local Epoch : 1 | [64/635 (11%)]	Loss1: 5.842988 Loss2: 0.000000 
| Global Round : 27 | Client :4 | Local Epoch : 2 | [64/635 (11%)]	Loss1: 5.844061 Loss2: 0.000000 
| Global Round : 27 | Client :4 | Local Epoch : 3 | [64/635 (11%)]	Loss1: 5.842942 Loss2: 0.000000 
| Global Round : 27 | Client :4 | Local Epoch : 4 | [64/635 (11%)]	Loss1: 5.844026 Loss2: 0.000000 
| Global Round : 27 | Client :5 | Local Epoch : 0 | [64/633 (11%)]	Loss1: 5.843588 Loss2: 0.000000 
| Global Round : 27 | Client :5 | Local Epoch : 1 | [64/633 (11%)]	Loss1: 5.842641 Loss2: 0.000000 
| Global Round : 27 | Client :5 | Local Epoch : 2 | [64/633 (11%)]	Loss1: 5.842372 Loss2: 0.000000 
| Global Round : 27 | Client :5 | Local Epoch : 3 | [64/633 (11%)]	Loss1: 5.843284 Loss2: 0.000000 
| Global Round : 27 | Client :5 | Local Epoch : 4 | [64/633 (11%)]	Loss1: 5.842582 Loss2: 0.000000 
| Global Round : 27 | Client :6 | Local Epoch : 0 | [64/645 (10%)]	Loss1: 5.842381 Loss2: 0.000000 
| Global Round : 27 | Client :6 | Local Epoch : 1 | [64/645 (10%)]	Loss1: 5.842464 Loss2: 0.000000 
| Global Round : 27 | Client :6 | Local Epoch : 2 | [64/645 (10%)]	Loss1: 5.842600 Loss2: 0.000000 
| Global Round : 27 | Client :6 | Local Epoch : 3 | [64/645 (10%)]	Loss1: 5.842228 Loss2: 0.000000 
| Global Round : 27 | Client :6 | Local Epoch : 4 | [64/645 (10%)]	Loss1: 5.842520 Loss2: 0.000000 
| Global Round : 27 | Client :7 | Local Epoch : 0 | [64/615 (11%)]	Loss1: 5.842718 Loss2: 0.000000 
| Global Round : 27 | Client :7 | Local Epoch : 1 | [64/615 (11%)]	Loss1: 5.842815 Loss2: 0.000000 
| Global Round : 27 | Client :7 | Local Epoch : 2 | [64/615 (11%)]	Loss1: 5.842278 Loss2: 0.000000 
| Global Round : 27 | Client :7 | Local Epoch : 3 | [64/615 (11%)]	Loss1: 5.842258 Loss2: 0.000000 
| Global Round : 27 | Client :7 | Local Epoch : 4 | [64/615 (11%)]	Loss1: 5.842542 Loss2: 0.000000 
| Global Round : 27 | Client :8 | Local Epoch : 0 | [64/609 (11%)]	Loss1: 5.842663 Loss2: 0.000000 
| Global Round : 27 | Client :8 | Local Epoch : 1 | [64/609 (11%)]	Loss1: 5.844299 Loss2: 0.000000 
| Global Round : 27 | Client :8 | Local Epoch : 2 | [64/609 (11%)]	Loss1: 5.842079 Loss2: 0.000000 
| Global Round : 27 | Client :8 | Local Epoch : 3 | [64/609 (11%)]	Loss1: 5.841714 Loss2: 0.000000 
| Global Round : 27 | Client :8 | Local Epoch : 4 | [64/609 (11%)]	Loss1: 5.841835 Loss2: 0.000000 
| Global Round : 27 | Client :9 | Local Epoch : 0 | [64/628 (11%)]	Loss1: 5.843012 Loss2: 0.000000 
| Global Round : 27 | Client :9 | Local Epoch : 1 | [64/628 (11%)]	Loss1: 5.843486 Loss2: 0.000000 
| Global Round : 27 | Client :9 | Local Epoch : 2 | [64/628 (11%)]	Loss1: 5.841978 Loss2: 0.000000 
| Global Round : 27 | Client :9 | Local Epoch : 3 | [64/628 (11%)]	Loss1: 5.843719 Loss2: 0.000000 
| Global Round : 27 | Client :9 | Local Epoch : 4 | [64/628 (11%)]	Loss1: 5.844407 Loss2: 0.000000 
average loss:   5.839725878919873
average local test accuracy: 0.7984375000000001
average global test accuracy:  0.7869791666666666

 | Global Training Round : 28 |

xi_k [0.51668143 0.5156905  0.50348567 0.48194018 0.48343703 0.48481959
 0.52865405 0.49895178 0.50392711 0.48869423]
max_exp: -1.0
coe: 10
Regulation [0.8 0.8 0.8 0.8 0.8 0.8 0.8 0.8 0.8 0.8]
Solver status: optimal_inaccurate
b_new: [1. 1. 1. 1. 1. 1. 1. 1. 1. 1.]
Iter 0: obj=49.6628, best_obj=49.6628, ||b_new-b_prev||₂=2.846050
xi_k [0.51668143 0.5156905  0.50348567 0.48194018 0.48343703 0.48481959
 0.52865405 0.49895178 0.50392711 0.48869423]
max_exp: -1.0
coe: 10
Regulation [-1. -1. -1. -1. -1. -1. -1. -1. -1. -1.]
Solver status: optimal_inaccurate
b_new: [1. 1. 1. 1. 1. 1. 1. 1. 1. 1.]
Iter 1: obj=50.5628, best_obj=50.5628, ||b_new-b_prev||₂=0.000000
Converged.
Final b: [1. 1. 1. 1. 1. 1. 1. 1. 1. 1.]
<class 'numpy.ndarray'>
b_float: [1. 1. 1. 1. 1. 1. 1. 1. 1. 1.]
b: [1 1 1 1 1 1 1 1 1 1]
active_clients:  [0, 1, 2, 3, 4, 5, 6, 7, 8, 9]
Client 0's s_k are:[0 0 0 0 0 0 0 0 0 0]
Client 1's s_k are:[0 0 0 0 0 0 0 0 0 0]
Client 2's s_k are:[0 0 0 0 0 0 0 0 0 0]
Client 3's s_k are:[0 0 0 0 0 0 0 0 0 0]
Client 4's s_k are:[0 0 0 0 0 0 0 0 0 0]
Client 5's s_k are:[0 0 0 0 0 0 0 0 0 0]
Client 6's s_k are:[0 0 0 0 0 0 0 0 0 0]
Client 7's s_k are:[0 0 0 0 0 0 0 0 0 0]
Client 8's s_k are:[0 0 0 0 0 0 0 0 0 0]
Client 9's s_k are:[0 0 0 0 0 0 0 0 0 0]
| Global Round : 28 | Client :0 | Local Epoch : 0 | [64/594 (11%)]	Loss1: 5.841811 Loss2: 0.000000 
| Global Round : 28 | Client :0 | Local Epoch : 1 | [64/594 (11%)]	Loss1: 5.842968 Loss2: 0.000000 
| Global Round : 28 | Client :0 | Local Epoch : 2 | [64/594 (11%)]	Loss1: 5.841685 Loss2: 0.000000 
| Global Round : 28 | Client :0 | Local Epoch : 3 | [64/594 (11%)]	Loss1: 5.843517 Loss2: 0.000000 
| Global Round : 28 | Client :0 | Local Epoch : 4 | [64/594 (11%)]	Loss1: 5.841931 Loss2: 0.000000 
| Global Round : 28 | Client :1 | Local Epoch : 0 | [64/595 (11%)]	Loss1: 5.841703 Loss2: 0.000000 
| Global Round : 28 | Client :1 | Local Epoch : 1 | [64/595 (11%)]	Loss1: 5.841215 Loss2: 0.000000 
| Global Round : 28 | Client :1 | Local Epoch : 2 | [64/595 (11%)]	Loss1: 5.842691 Loss2: 0.000000 
| Global Round : 28 | Client :1 | Local Epoch : 3 | [64/595 (11%)]	Loss1: 5.842017 Loss2: 0.000000 
| Global Round : 28 | Client :1 | Local Epoch : 4 | [64/595 (11%)]	Loss1: 5.840527 Loss2: 0.000000 
| Global Round : 28 | Client :2 | Local Epoch : 0 | [64/474 (14%)]	Loss1: 5.841957 Loss2: 0.000000 
| Global Round : 28 | Client :2 | Local Epoch : 1 | [64/474 (14%)]	Loss1: 5.842613 Loss2: 0.000000 
| Global Round : 28 | Client :2 | Local Epoch : 2 | [64/474 (14%)]	Loss1: 5.841276 Loss2: 0.000000 
| Global Round : 28 | Client :2 | Local Epoch : 3 | [64/474 (14%)]	Loss1: 5.843197 Loss2: 0.000000 
| Global Round : 28 | Client :2 | Local Epoch : 4 | [64/474 (14%)]	Loss1: 5.842419 Loss2: 0.000000 
| Global Round : 28 | Client :3 | Local Epoch : 0 | [64/566 (12%)]	Loss1: 5.844140 Loss2: 0.000000 
| Global Round : 28 | Client :3 | Local Epoch : 1 | [64/566 (12%)]	Loss1: 5.842912 Loss2: 0.000000 
| Global Round : 28 | Client :3 | Local Epoch : 2 | [64/566 (12%)]	Loss1: 5.843185 Loss2: 0.000000 
| Global Round : 28 | Client :3 | Local Epoch : 3 | [64/566 (12%)]	Loss1: 5.843883 Loss2: 0.000000 
| Global Round : 28 | Client :3 | Local Epoch : 4 | [64/566 (12%)]	Loss1: 5.844305 Loss2: 0.000000 
| Global Round : 28 | Client :4 | Local Epoch : 0 | [64/635 (11%)]	Loss1: 5.844213 Loss2: 0.000000 
| Global Round : 28 | Client :4 | Local Epoch : 1 | [64/635 (11%)]	Loss1: 5.842847 Loss2: 0.000000 
| Global Round : 28 | Client :4 | Local Epoch : 2 | [64/635 (11%)]	Loss1: 5.844160 Loss2: 0.000000 
| Global Round : 28 | Client :4 | Local Epoch : 3 | [64/635 (11%)]	Loss1: 5.843859 Loss2: 0.000000 
| Global Round : 28 | Client :4 | Local Epoch : 4 | [64/635 (11%)]	Loss1: 5.842941 Loss2: 0.000000 
| Global Round : 28 | Client :5 | Local Epoch : 0 | [64/633 (11%)]	Loss1: 5.843328 Loss2: 0.000000 
| Global Round : 28 | Client :5 | Local Epoch : 1 | [64/633 (11%)]	Loss1: 5.841341 Loss2: 0.000000 
| Global Round : 28 | Client :5 | Local Epoch : 2 | [64/633 (11%)]	Loss1: 5.841730 Loss2: 0.000000 
| Global Round : 28 | Client :5 | Local Epoch : 3 | [64/633 (11%)]	Loss1: 5.843071 Loss2: 0.000000 
| Global Round : 28 | Client :5 | Local Epoch : 4 | [64/633 (11%)]	Loss1: 5.842350 Loss2: 0.000000 
| Global Round : 28 | Client :6 | Local Epoch : 0 | [64/645 (10%)]	Loss1: 5.841370 Loss2: 0.000000 
| Global Round : 28 | Client :6 | Local Epoch : 1 | [64/645 (10%)]	Loss1: 5.842046 Loss2: 0.000000 
| Global Round : 28 | Client :6 | Local Epoch : 2 | [64/645 (10%)]	Loss1: 5.841424 Loss2: 0.000000 
| Global Round : 28 | Client :6 | Local Epoch : 3 | [64/645 (10%)]	Loss1: 5.841777 Loss2: 0.000000 
| Global Round : 28 | Client :6 | Local Epoch : 4 | [64/645 (10%)]	Loss1: 5.842935 Loss2: 0.000000 
| Global Round : 28 | Client :7 | Local Epoch : 0 | [64/615 (11%)]	Loss1: 5.842817 Loss2: 0.000000 
| Global Round : 28 | Client :7 | Local Epoch : 1 | [64/615 (11%)]	Loss1: 5.844656 Loss2: 0.000000 
| Global Round : 28 | Client :7 | Local Epoch : 2 | [64/615 (11%)]	Loss1: 5.842641 Loss2: 0.000000 
| Global Round : 28 | Client :7 | Local Epoch : 3 | [64/615 (11%)]	Loss1: 5.842156 Loss2: 0.000000 
| Global Round : 28 | Client :7 | Local Epoch : 4 | [64/615 (11%)]	Loss1: 5.842312 Loss2: 0.000000 
| Global Round : 28 | Client :8 | Local Epoch : 0 | [64/609 (11%)]	Loss1: 5.841831 Loss2: 0.000000 
| Global Round : 28 | Client :8 | Local Epoch : 1 | [64/609 (11%)]	Loss1: 5.843306 Loss2: 0.000000 
| Global Round : 28 | Client :8 | Local Epoch : 2 | [64/609 (11%)]	Loss1: 5.843439 Loss2: 0.000000 
| Global Round : 28 | Client :8 | Local Epoch : 3 | [64/609 (11%)]	Loss1: 5.842190 Loss2: 0.000000 
| Global Round : 28 | Client :8 | Local Epoch : 4 | [64/609 (11%)]	Loss1: 5.843736 Loss2: 0.000000 
| Global Round : 28 | Client :9 | Local Epoch : 0 | [64/628 (11%)]	Loss1: 5.841787 Loss2: 0.000000 
| Global Round : 28 | Client :9 | Local Epoch : 1 | [64/628 (11%)]	Loss1: 5.843165 Loss2: 0.000000 
| Global Round : 28 | Client :9 | Local Epoch : 2 | [64/628 (11%)]	Loss1: 5.842954 Loss2: 0.000000 
| Global Round : 28 | Client :9 | Local Epoch : 3 | [64/628 (11%)]	Loss1: 5.842697 Loss2: 0.000000 
| Global Round : 28 | Client :9 | Local Epoch : 4 | [64/628 (11%)]	Loss1: 5.842628 Loss2: 0.000000 
average loss:   5.839729894134733
average local test accuracy: 0.7958333333333333
average global test accuracy:  0.8209635416666667

 | Global Training Round : 29 |

xi_k [0.51669548 0.51575403 0.5034585  0.48198023 0.48338696 0.48481373
 0.5286609  0.49893293 0.50391073 0.48871561]
max_exp: -1.0
coe: 10
Regulation [0.8 0.8 0.8 0.8 0.8 0.8 0.8 0.8 0.8 0.8]
Solver status: optimal_inaccurate
b_new: [1. 1. 1. 1. 1. 1. 1. 1. 1. 1.]
Iter 0: obj=49.6631, best_obj=49.6631, ||b_new-b_prev||₂=2.846050
xi_k [0.51669548 0.51575403 0.5034585  0.48198023 0.48338696 0.48481373
 0.5286609  0.49893293 0.50391073 0.48871561]
max_exp: -1.0
coe: 10
Regulation [-1. -1. -1. -1. -1. -1. -1. -1. -1. -1.]
Solver status: optimal_inaccurate
b_new: [1. 1. 1. 1. 1. 1. 1. 1. 1. 1.]
Iter 1: obj=50.5631, best_obj=50.5631, ||b_new-b_prev||₂=0.000000
Converged.
Final b: [1. 1. 1. 1. 1. 1. 1. 1. 1. 1.]
<class 'numpy.ndarray'>
b_float: [1. 1. 1. 1. 1. 1. 1. 1. 1. 1.]
b: [1 1 1 1 1 1 1 1 1 1]
active_clients:  [0, 1, 2, 3, 4, 5, 6, 7, 8, 9]
Client 0's s_k are:[0 0 0 0 0 0 0 0 0 0]
Client 1's s_k are:[0 0 0 0 0 0 0 0 0 0]
Client 2's s_k are:[0 0 0 0 0 0 0 0 0 0]
Client 3's s_k are:[0 0 0 0 0 0 0 0 0 0]
Client 4's s_k are:[0 0 0 0 0 0 0 0 0 0]
Client 5's s_k are:[0 0 0 0 0 0 0 0 0 0]
Client 6's s_k are:[0 0 0 0 0 0 0 0 0 0]
Client 7's s_k are:[0 0 0 0 0 0 0 0 0 0]
Client 8's s_k are:[0 0 0 0 0 0 0 0 0 0]
Client 9's s_k are:[0 0 0 0 0 0 0 0 0 0]
| Global Round : 29 | Client :0 | Local Epoch : 0 | [64/594 (11%)]	Loss1: 5.842543 Loss2: 0.000000 
| Global Round : 29 | Client :0 | Local Epoch : 1 | [64/594 (11%)]	Loss1: 5.844894 Loss2: 0.000000 
| Global Round : 29 | Client :0 | Local Epoch : 2 | [64/594 (11%)]	Loss1: 5.842655 Loss2: 0.000000 
| Global Round : 29 | Client :0 | Local Epoch : 3 | [64/594 (11%)]	Loss1: 5.843130 Loss2: 0.000000 
| Global Round : 29 | Client :0 | Local Epoch : 4 | [64/594 (11%)]	Loss1: 5.844110 Loss2: 0.000000 
| Global Round : 29 | Client :1 | Local Epoch : 0 | [64/595 (11%)]	Loss1: 5.841784 Loss2: 0.000000 
| Global Round : 29 | Client :1 | Local Epoch : 1 | [64/595 (11%)]	Loss1: 5.842257 Loss2: 0.000000 
| Global Round : 29 | Client :1 | Local Epoch : 2 | [64/595 (11%)]	Loss1: 5.843017 Loss2: 0.000000 
| Global Round : 29 | Client :1 | Local Epoch : 3 | [64/595 (11%)]	Loss1: 5.842427 Loss2: 0.000000 
| Global Round : 29 | Client :1 | Local Epoch : 4 | [64/595 (11%)]	Loss1: 5.841759 Loss2: 0.000000 
| Global Round : 29 | Client :2 | Local Epoch : 0 | [64/474 (14%)]	Loss1: 5.841869 Loss2: 0.000000 
| Global Round : 29 | Client :2 | Local Epoch : 1 | [64/474 (14%)]	Loss1: 5.841321 Loss2: 0.000000 
| Global Round : 29 | Client :2 | Local Epoch : 2 | [64/474 (14%)]	Loss1: 5.842692 Loss2: 0.000000 
| Global Round : 29 | Client :2 | Local Epoch : 3 | [64/474 (14%)]	Loss1: 5.842716 Loss2: 0.000000 
| Global Round : 29 | Client :2 | Local Epoch : 4 | [64/474 (14%)]	Loss1: 5.841424 Loss2: 0.000000 
| Global Round : 29 | Client :3 | Local Epoch : 0 | [64/566 (12%)]	Loss1: 5.843193 Loss2: 0.000000 
| Global Round : 29 | Client :3 | Local Epoch : 1 | [64/566 (12%)]	Loss1: 5.842310 Loss2: 0.000000 
| Global Round : 29 | Client :3 | Local Epoch : 2 | [64/566 (12%)]	Loss1: 5.842172 Loss2: 0.000000 
| Global Round : 29 | Client :3 | Local Epoch : 3 | [64/566 (12%)]	Loss1: 5.841807 Loss2: 0.000000 
| Global Round : 29 | Client :3 | Local Epoch : 4 | [64/566 (12%)]	Loss1: 5.842908 Loss2: 0.000000 
| Global Round : 29 | Client :4 | Local Epoch : 0 | [64/635 (11%)]	Loss1: 5.843345 Loss2: 0.000000 
| Global Round : 29 | Client :4 | Local Epoch : 1 | [64/635 (11%)]	Loss1: 5.842964 Loss2: 0.000000 
| Global Round : 29 | Client :4 | Local Epoch : 2 | [64/635 (11%)]	Loss1: 5.843654 Loss2: 0.000000 
| Global Round : 29 | Client :4 | Local Epoch : 3 | [64/635 (11%)]	Loss1: 5.843855 Loss2: 0.000000 
| Global Round : 29 | Client :4 | Local Epoch : 4 | [64/635 (11%)]	Loss1: 5.844519 Loss2: 0.000000 
| Global Round : 29 | Client :5 | Local Epoch : 0 | [64/633 (11%)]	Loss1: 5.844847 Loss2: 0.000000 
| Global Round : 29 | Client :5 | Local Epoch : 1 | [64/633 (11%)]	Loss1: 5.844144 Loss2: 0.000000 
| Global Round : 29 | Client :5 | Local Epoch : 2 | [64/633 (11%)]	Loss1: 5.842840 Loss2: 0.000000 
| Global Round : 29 | Client :5 | Local Epoch : 3 | [64/633 (11%)]	Loss1: 5.843137 Loss2: 0.000000 
| Global Round : 29 | Client :5 | Local Epoch : 4 | [64/633 (11%)]	Loss1: 5.842542 Loss2: 0.000000 
| Global Round : 29 | Client :6 | Local Epoch : 0 | [64/645 (10%)]	Loss1: 5.842046 Loss2: 0.000000 
| Global Round : 29 | Client :6 | Local Epoch : 1 | [64/645 (10%)]	Loss1: 5.843526 Loss2: 0.000000 
| Global Round : 29 | Client :6 | Local Epoch : 2 | [64/645 (10%)]	Loss1: 5.841678 Loss2: 0.000000 
| Global Round : 29 | Client :6 | Local Epoch : 3 | [64/645 (10%)]	Loss1: 5.841434 Loss2: 0.000000 
| Global Round : 29 | Client :6 | Local Epoch : 4 | [64/645 (10%)]	Loss1: 5.840428 Loss2: 0.000000 
| Global Round : 29 | Client :7 | Local Epoch : 0 | [64/615 (11%)]	Loss1: 5.842477 Loss2: 0.000000 
| Global Round : 29 | Client :7 | Local Epoch : 1 | [64/615 (11%)]	Loss1: 5.843456 Loss2: 0.000000 
| Global Round : 29 | Client :7 | Local Epoch : 2 | [64/615 (11%)]	Loss1: 5.843213 Loss2: 0.000000 
| Global Round : 29 | Client :7 | Local Epoch : 3 | [64/615 (11%)]	Loss1: 5.841399 Loss2: 0.000000 
| Global Round : 29 | Client :7 | Local Epoch : 4 | [64/615 (11%)]	Loss1: 5.842270 Loss2: 0.000000 
| Global Round : 29 | Client :8 | Local Epoch : 0 | [64/609 (11%)]	Loss1: 5.842717 Loss2: 0.000000 
| Global Round : 29 | Client :8 | Local Epoch : 1 | [64/609 (11%)]	Loss1: 5.842470 Loss2: 0.000000 
| Global Round : 29 | Client :8 | Local Epoch : 2 | [64/609 (11%)]	Loss1: 5.842743 Loss2: 0.000000 
| Global Round : 29 | Client :8 | Local Epoch : 3 | [64/609 (11%)]	Loss1: 5.841583 Loss2: 0.000000 
| Global Round : 29 | Client :8 | Local Epoch : 4 | [64/609 (11%)]	Loss1: 5.842298 Loss2: 0.000000 
| Global Round : 29 | Client :9 | Local Epoch : 0 | [64/628 (11%)]	Loss1: 5.842672 Loss2: 0.000000 
| Global Round : 29 | Client :9 | Local Epoch : 1 | [64/628 (11%)]	Loss1: 5.842624 Loss2: 0.000000 
| Global Round : 29 | Client :9 | Local Epoch : 2 | [64/628 (11%)]	Loss1: 5.844513 Loss2: 0.000000 
| Global Round : 29 | Client :9 | Local Epoch : 3 | [64/628 (11%)]	Loss1: 5.842629 Loss2: 0.000000 
| Global Round : 29 | Client :9 | Local Epoch : 4 | [64/628 (11%)]	Loss1: 5.841318 Loss2: 0.000000 
average loss:   5.8395307304745625
average local test accuracy: 0.7901041666666667
average global test accuracy:  0.7837239583333332

 | Global Training Round : 30 |

xi_k [0.51661069 0.51568553 0.50345798 0.48194911 0.48337899 0.48473984
 0.52867361 0.49894634 0.50387785 0.48865932]
max_exp: -1.0
coe: 10
Regulation [0.8 0.8 0.8 0.8 0.8 0.8 0.8 0.8 0.8 0.8]
Solver status: optimal_inaccurate
b_new: [1. 1. 1. 1. 1. 1. 1. 1. 1. 1.]
Iter 0: obj=49.6598, best_obj=49.6598, ||b_new-b_prev||₂=2.846050
xi_k [0.51661069 0.51568553 0.50345798 0.48194911 0.48337899 0.48473984
 0.52867361 0.49894634 0.50387785 0.48865932]
max_exp: -1.0
coe: 10
Regulation [-1. -1. -1. -1. -1. -1. -1. -1. -1. -1.]
Solver status: optimal_inaccurate
b_new: [1. 1. 1. 1. 1. 1. 1. 1. 1. 1.]
Iter 1: obj=50.5598, best_obj=50.5598, ||b_new-b_prev||₂=0.000000
Converged.
Final b: [1. 1. 1. 1. 1. 1. 1. 1. 1. 1.]
<class 'numpy.ndarray'>
b_float: [1. 1. 1. 1. 1. 1. 1. 1. 1. 1.]
b: [1 1 1 1 1 1 1 1 1 1]
active_clients:  [0, 1, 2, 3, 4, 5, 6, 7, 8, 9]
Client 0's s_k are:[0 0 0 0 0 0 0 0 0 0]
Client 1's s_k are:[0 0 0 0 0 0 0 0 0 0]
Client 2's s_k are:[0 0 0 0 0 0 0 0 0 0]
Client 3's s_k are:[0 0 0 0 0 0 0 0 0 0]
Client 4's s_k are:[0 0 0 0 0 0 0 0 0 0]
Client 5's s_k are:[0 0 0 0 0 0 0 0 0 0]
Client 6's s_k are:[0 0 0 0 0 0 0 0 0 0]
Client 7's s_k are:[0 0 0 0 0 0 0 0 0 0]
Client 8's s_k are:[0 0 0 0 0 0 0 0 0 0]
Client 9's s_k are:[0 0 0 0 0 0 0 0 0 0]
| Global Round : 30 | Client :0 | Local Epoch : 0 | [64/594 (11%)]	Loss1: 5.842023 Loss2: 0.000000 
| Global Round : 30 | Client :0 | Local Epoch : 1 | [64/594 (11%)]	Loss1: 5.842225 Loss2: 0.000000 
| Global Round : 30 | Client :0 | Local Epoch : 2 | [64/594 (11%)]	Loss1: 5.842336 Loss2: 0.000000 
| Global Round : 30 | Client :0 | Local Epoch : 3 | [64/594 (11%)]	Loss1: 5.842736 Loss2: 0.000000 
| Global Round : 30 | Client :0 | Local Epoch : 4 | [64/594 (11%)]	Loss1: 5.844444 Loss2: 0.000000 
| Global Round : 30 | Client :1 | Local Epoch : 0 | [64/595 (11%)]	Loss1: 5.842148 Loss2: 0.000000 
| Global Round : 30 | Client :1 | Local Epoch : 1 | [64/595 (11%)]	Loss1: 5.842577 Loss2: 0.000000 
| Global Round : 30 | Client :1 | Local Epoch : 2 | [64/595 (11%)]	Loss1: 5.842411 Loss2: 0.000000 
| Global Round : 30 | Client :1 | Local Epoch : 3 | [64/595 (11%)]	Loss1: 5.841535 Loss2: 0.000000 
| Global Round : 30 | Client :1 | Local Epoch : 4 | [64/595 (11%)]	Loss1: 5.842235 Loss2: 0.000000 
| Global Round : 30 | Client :2 | Local Epoch : 0 | [64/474 (14%)]	Loss1: 5.841023 Loss2: 0.000000 
| Global Round : 30 | Client :2 | Local Epoch : 1 | [64/474 (14%)]	Loss1: 5.842577 Loss2: 0.000000 
| Global Round : 30 | Client :2 | Local Epoch : 2 | [64/474 (14%)]	Loss1: 5.842807 Loss2: 0.000000 
| Global Round : 30 | Client :2 | Local Epoch : 3 | [64/474 (14%)]	Loss1: 5.842128 Loss2: 0.000000 
| Global Round : 30 | Client :2 | Local Epoch : 4 | [64/474 (14%)]	Loss1: 5.842083 Loss2: 0.000000 
| Global Round : 30 | Client :3 | Local Epoch : 0 | [64/566 (12%)]	Loss1: 5.842332 Loss2: 0.000000 
| Global Round : 30 | Client :3 | Local Epoch : 1 | [64/566 (12%)]	Loss1: 5.842796 Loss2: 0.000000 
| Global Round : 30 | Client :3 | Local Epoch : 2 | [64/566 (12%)]	Loss1: 5.844177 Loss2: 0.000000 
| Global Round : 30 | Client :3 | Local Epoch : 3 | [64/566 (12%)]	Loss1: 5.843029 Loss2: 0.000000 
| Global Round : 30 | Client :3 | Local Epoch : 4 | [64/566 (12%)]	Loss1: 5.842557 Loss2: 0.000000 
| Global Round : 30 | Client :4 | Local Epoch : 0 | [64/635 (11%)]	Loss1: 5.843056 Loss2: 0.000000 
| Global Round : 30 | Client :4 | Local Epoch : 1 | [64/635 (11%)]	Loss1: 5.843671 Loss2: 0.000000 
| Global Round : 30 | Client :4 | Local Epoch : 2 | [64/635 (11%)]	Loss1: 5.842855 Loss2: 0.000000 
| Global Round : 30 | Client :4 | Local Epoch : 3 | [64/635 (11%)]	Loss1: 5.843291 Loss2: 0.000000 
| Global Round : 30 | Client :4 | Local Epoch : 4 | [64/635 (11%)]	Loss1: 5.841614 Loss2: 0.000000 
| Global Round : 30 | Client :5 | Local Epoch : 0 | [64/633 (11%)]	Loss1: 5.841571 Loss2: 0.000000 
| Global Round : 30 | Client :5 | Local Epoch : 1 | [64/633 (11%)]	Loss1: 5.841927 Loss2: 0.000000 
| Global Round : 30 | Client :5 | Local Epoch : 2 | [64/633 (11%)]	Loss1: 5.842648 Loss2: 0.000000 
| Global Round : 30 | Client :5 | Local Epoch : 3 | [64/633 (11%)]	Loss1: 5.841915 Loss2: 0.000000 
| Global Round : 30 | Client :5 | Local Epoch : 4 | [64/633 (11%)]	Loss1: 5.842202 Loss2: 0.000000 
| Global Round : 30 | Client :6 | Local Epoch : 0 | [64/645 (10%)]	Loss1: 5.843460 Loss2: 0.000000 
| Global Round : 30 | Client :6 | Local Epoch : 1 | [64/645 (10%)]	Loss1: 5.843055 Loss2: 0.000000 
| Global Round : 30 | Client :6 | Local Epoch : 2 | [64/645 (10%)]	Loss1: 5.842067 Loss2: 0.000000 
| Global Round : 30 | Client :6 | Local Epoch : 3 | [64/645 (10%)]	Loss1: 5.841650 Loss2: 0.000000 
| Global Round : 30 | Client :6 | Local Epoch : 4 | [64/645 (10%)]	Loss1: 5.842143 Loss2: 0.000000 
| Global Round : 30 | Client :7 | Local Epoch : 0 | [64/615 (11%)]	Loss1: 5.843569 Loss2: 0.000000 
| Global Round : 30 | Client :7 | Local Epoch : 1 | [64/615 (11%)]	Loss1: 5.842018 Loss2: 0.000000 
| Global Round : 30 | Client :7 | Local Epoch : 2 | [64/615 (11%)]	Loss1: 5.842360 Loss2: 0.000000 
| Global Round : 30 | Client :7 | Local Epoch : 3 | [64/615 (11%)]	Loss1: 5.842083 Loss2: 0.000000 
| Global Round : 30 | Client :7 | Local Epoch : 4 | [64/615 (11%)]	Loss1: 5.841773 Loss2: 0.000000 
| Global Round : 30 | Client :8 | Local Epoch : 0 | [64/609 (11%)]	Loss1: 5.841981 Loss2: 0.000000 
| Global Round : 30 | Client :8 | Local Epoch : 1 | [64/609 (11%)]	Loss1: 5.842126 Loss2: 0.000000 
| Global Round : 30 | Client :8 | Local Epoch : 2 | [64/609 (11%)]	Loss1: 5.843021 Loss2: 0.000000 
| Global Round : 30 | Client :8 | Local Epoch : 3 | [64/609 (11%)]	Loss1: 5.842439 Loss2: 0.000000 
| Global Round : 30 | Client :8 | Local Epoch : 4 | [64/609 (11%)]	Loss1: 5.842756 Loss2: 0.000000 
| Global Round : 30 | Client :9 | Local Epoch : 0 | [64/628 (11%)]	Loss1: 5.842783 Loss2: 0.000000 
| Global Round : 30 | Client :9 | Local Epoch : 1 | [64/628 (11%)]	Loss1: 5.842418 Loss2: 0.000000 
| Global Round : 30 | Client :9 | Local Epoch : 2 | [64/628 (11%)]	Loss1: 5.842890 Loss2: 0.000000 
| Global Round : 30 | Client :9 | Local Epoch : 3 | [64/628 (11%)]	Loss1: 5.843664 Loss2: 0.000000 
| Global Round : 30 | Client :9 | Local Epoch : 4 | [64/628 (11%)]	Loss1: 5.842439 Loss2: 0.000000 
average loss:   5.839502196595782
average local test accuracy: 0.7888020833333333
average global test accuracy:  0.801171875

 | Global Training Round : 31 |

xi_k [0.5166236  0.51571731 0.50342984 0.48191544 0.48336988 0.48473651
 0.52858595 0.49891182 0.50392224 0.48869618]
max_exp: -1.0
coe: 10
Regulation [0.8 0.8 0.8 0.8 0.8 0.8 0.8 0.8 0.8 0.8]
Solver status: optimal_inaccurate
b_new: [1. 1. 1. 1. 1. 1. 1. 1. 1. 1.]
Iter 0: obj=49.6591, best_obj=49.6591, ||b_new-b_prev||₂=2.846050
xi_k [0.5166236  0.51571731 0.50342984 0.48191544 0.48336988 0.48473651
 0.52858595 0.49891182 0.50392224 0.48869618]
max_exp: -1.0
coe: 10
Regulation [-1. -1. -1. -1. -1. -1. -1. -1. -1. -1.]
Solver status: optimal_inaccurate
b_new: [1. 1. 1. 1. 1. 1. 1. 1. 1. 1.]
Iter 1: obj=50.5591, best_obj=50.5591, ||b_new-b_prev||₂=0.000000
Converged.
Final b: [1. 1. 1. 1. 1. 1. 1. 1. 1. 1.]
<class 'numpy.ndarray'>
b_float: [1. 1. 1. 1. 1. 1. 1. 1. 1. 1.]
b: [1 1 1 1 1 1 1 1 1 1]
active_clients:  [0, 1, 2, 3, 4, 5, 6, 7, 8, 9]
Client 0's s_k are:[0 0 0 0 0 0 0 0 0 0]
Client 1's s_k are:[0 0 0 0 0 0 0 0 0 0]
Client 2's s_k are:[0 0 0 0 0 0 0 0 0 0]
Client 3's s_k are:[0 0 0 0 0 0 0 0 0 0]
Client 4's s_k are:[0 0 0 0 0 0 0 0 0 0]
Client 5's s_k are:[0 0 0 0 0 0 0 0 0 0]
Client 6's s_k are:[0 0 0 0 0 0 0 0 0 0]
Client 7's s_k are:[0 0 0 0 0 0 0 0 0 0]
Client 8's s_k are:[0 0 0 0 0 0 0 0 0 0]
Client 9's s_k are:[0 0 0 0 0 0 0 0 0 0]
| Global Round : 31 | Client :0 | Local Epoch : 0 | [64/594 (11%)]	Loss1: 5.841491 Loss2: 0.000000 
| Global Round : 31 | Client :0 | Local Epoch : 1 | [64/594 (11%)]	Loss1: 5.842426 Loss2: 0.000000 
| Global Round : 31 | Client :0 | Local Epoch : 2 | [64/594 (11%)]	Loss1: 5.841595 Loss2: 0.000000 
| Global Round : 31 | Client :0 | Local Epoch : 3 | [64/594 (11%)]	Loss1: 5.842243 Loss2: 0.000000 
| Global Round : 31 | Client :0 | Local Epoch : 4 | [64/594 (11%)]	Loss1: 5.843723 Loss2: 0.000000 
| Global Round : 31 | Client :1 | Local Epoch : 0 | [64/595 (11%)]	Loss1: 5.842000 Loss2: 0.000000 
| Global Round : 31 | Client :1 | Local Epoch : 1 | [64/595 (11%)]	Loss1: 5.842355 Loss2: 0.000000 
| Global Round : 31 | Client :1 | Local Epoch : 2 | [64/595 (11%)]	Loss1: 5.843912 Loss2: 0.000000 
| Global Round : 31 | Client :1 | Local Epoch : 3 | [64/595 (11%)]	Loss1: 5.841796 Loss2: 0.000000 
| Global Round : 31 | Client :1 | Local Epoch : 4 | [64/595 (11%)]	Loss1: 5.841352 Loss2: 0.000000 
| Global Round : 31 | Client :2 | Local Epoch : 0 | [64/474 (14%)]	Loss1: 5.841550 Loss2: 0.000000 
| Global Round : 31 | Client :2 | Local Epoch : 1 | [64/474 (14%)]	Loss1: 5.841278 Loss2: 0.000000 
| Global Round : 31 | Client :2 | Local Epoch : 2 | [64/474 (14%)]	Loss1: 5.841387 Loss2: 0.000000 
| Global Round : 31 | Client :2 | Local Epoch : 3 | [64/474 (14%)]	Loss1: 5.841408 Loss2: 0.000000 
| Global Round : 31 | Client :2 | Local Epoch : 4 | [64/474 (14%)]	Loss1: 5.842119 Loss2: 0.000000 
| Global Round : 31 | Client :3 | Local Epoch : 0 | [64/566 (12%)]	Loss1: 5.841742 Loss2: 0.000000 
| Global Round : 31 | Client :3 | Local Epoch : 1 | [64/566 (12%)]	Loss1: 5.842649 Loss2: 0.000000 
| Global Round : 31 | Client :3 | Local Epoch : 2 | [64/566 (12%)]	Loss1: 5.842801 Loss2: 0.000000 
| Global Round : 31 | Client :3 | Local Epoch : 3 | [64/566 (12%)]	Loss1: 5.841035 Loss2: 0.000000 
| Global Round : 31 | Client :3 | Local Epoch : 4 | [64/566 (12%)]	Loss1: 5.843364 Loss2: 0.000000 
| Global Round : 31 | Client :4 | Local Epoch : 0 | [64/635 (11%)]	Loss1: 5.843369 Loss2: 0.000000 
| Global Round : 31 | Client :4 | Local Epoch : 1 | [64/635 (11%)]	Loss1: 5.843692 Loss2: 0.000000 
| Global Round : 31 | Client :4 | Local Epoch : 2 | [64/635 (11%)]	Loss1: 5.844117 Loss2: 0.000000 
| Global Round : 31 | Client :4 | Local Epoch : 3 | [64/635 (11%)]	Loss1: 5.844011 Loss2: 0.000000 
| Global Round : 31 | Client :4 | Local Epoch : 4 | [64/635 (11%)]	Loss1: 5.843433 Loss2: 0.000000 
| Global Round : 31 | Client :5 | Local Epoch : 0 | [64/633 (11%)]	Loss1: 5.841312 Loss2: 0.000000 
| Global Round : 31 | Client :5 | Local Epoch : 1 | [64/633 (11%)]	Loss1: 5.843530 Loss2: 0.000000 
| Global Round : 31 | Client :5 | Local Epoch : 2 | [64/633 (11%)]	Loss1: 5.841541 Loss2: 0.000000 
| Global Round : 31 | Client :5 | Local Epoch : 3 | [64/633 (11%)]	Loss1: 5.841860 Loss2: 0.000000 
| Global Round : 31 | Client :5 | Local Epoch : 4 | [64/633 (11%)]	Loss1: 5.842828 Loss2: 0.000000 
| Global Round : 31 | Client :6 | Local Epoch : 0 | [64/645 (10%)]	Loss1: 5.843299 Loss2: 0.000000 
| Global Round : 31 | Client :6 | Local Epoch : 1 | [64/645 (10%)]	Loss1: 5.840515 Loss2: 0.000000 
| Global Round : 31 | Client :6 | Local Epoch : 2 | [64/645 (10%)]	Loss1: 5.841515 Loss2: 0.000000 
| Global Round : 31 | Client :6 | Local Epoch : 3 | [64/645 (10%)]	Loss1: 5.841853 Loss2: 0.000000 
| Global Round : 31 | Client :6 | Local Epoch : 4 | [64/645 (10%)]	Loss1: 5.842209 Loss2: 0.000000 
| Global Round : 31 | Client :7 | Local Epoch : 0 | [64/615 (11%)]	Loss1: 5.841602 Loss2: 0.000000 
| Global Round : 31 | Client :7 | Local Epoch : 1 | [64/615 (11%)]	Loss1: 5.842961 Loss2: 0.000000 
| Global Round : 31 | Client :7 | Local Epoch : 2 | [64/615 (11%)]	Loss1: 5.842021 Loss2: 0.000000 
| Global Round : 31 | Client :7 | Local Epoch : 3 | [64/615 (11%)]	Loss1: 5.842237 Loss2: 0.000000 
| Global Round : 31 | Client :7 | Local Epoch : 4 | [64/615 (11%)]	Loss1: 5.842304 Loss2: 0.000000 
| Global Round : 31 | Client :8 | Local Epoch : 0 | [64/609 (11%)]	Loss1: 5.843253 Loss2: 0.000000 
| Global Round : 31 | Client :8 | Local Epoch : 1 | [64/609 (11%)]	Loss1: 5.841721 Loss2: 0.000000 
| Global Round : 31 | Client :8 | Local Epoch : 2 | [64/609 (11%)]	Loss1: 5.843472 Loss2: 0.000000 
| Global Round : 31 | Client :8 | Local Epoch : 3 | [64/609 (11%)]	Loss1: 5.841444 Loss2: 0.000000 
| Global Round : 31 | Client :8 | Local Epoch : 4 | [64/609 (11%)]	Loss1: 5.842267 Loss2: 0.000000 
| Global Round : 31 | Client :9 | Local Epoch : 0 | [64/628 (11%)]	Loss1: 5.843117 Loss2: 0.000000 
| Global Round : 31 | Client :9 | Local Epoch : 1 | [64/628 (11%)]	Loss1: 5.842506 Loss2: 0.000000 
| Global Round : 31 | Client :9 | Local Epoch : 2 | [64/628 (11%)]	Loss1: 5.842366 Loss2: 0.000000 
| Global Round : 31 | Client :9 | Local Epoch : 3 | [64/628 (11%)]	Loss1: 5.843215 Loss2: 0.000000 
| Global Round : 31 | Client :9 | Local Epoch : 4 | [64/628 (11%)]	Loss1: 5.843647 Loss2: 0.000000 
average loss:   5.839327431898267
average local test accuracy: 0.79140625
average global test accuracy:  0.8110677083333334

 | Global Training Round : 32 |

xi_k [0.51656757 0.51566467 0.50341374 0.48191277 0.48328254 0.48474804
 0.52858327 0.49892571 0.50388207 0.48861992]
max_exp: -1.0
coe: 10
Regulation [0.8 0.8 0.8 0.8 0.8 0.8 0.8 0.8 0.8 0.8]
Solver status: optimal_inaccurate
b_new: [1. 1. 1. 1. 1. 1. 1. 1. 1. 1.]
Iter 0: obj=49.6560, best_obj=49.6560, ||b_new-b_prev||₂=2.846050
xi_k [0.51656757 0.51566467 0.50341374 0.48191277 0.48328254 0.48474804
 0.52858327 0.49892571 0.50388207 0.48861992]
max_exp: -1.0
coe: 10
Regulation [-1. -1. -1. -1. -1. -1. -1. -1. -1. -1.]
Solver status: optimal_inaccurate
b_new: [1. 1. 1. 1. 1. 1. 1. 1. 1. 1.]
Iter 1: obj=50.5560, best_obj=50.5560, ||b_new-b_prev||₂=0.000000
Converged.
Final b: [1. 1. 1. 1. 1. 1. 1. 1. 1. 1.]
<class 'numpy.ndarray'>
b_float: [1. 1. 1. 1. 1. 1. 1. 1. 1. 1.]
b: [1 1 1 1 1 1 1 1 1 1]
active_clients:  [0, 1, 2, 3, 4, 5, 6, 7, 8, 9]
Client 0's s_k are:[0 0 0 0 0 0 0 0 0 0]
Client 1's s_k are:[0 0 0 0 0 0 0 0 0 0]
Client 2's s_k are:[0 0 0 0 0 0 0 0 0 0]
Client 3's s_k are:[0 0 0 0 0 0 0 0 0 0]
Client 4's s_k are:[0 0 0 0 0 0 0 0 0 0]
Client 5's s_k are:[0 0 0 0 0 0 0 0 0 0]
Client 6's s_k are:[0 0 0 0 0 0 0 0 0 0]
Client 7's s_k are:[0 0 0 0 0 0 0 0 0 0]
Client 8's s_k are:[0 0 0 0 0 0 0 0 0 0]
Client 9's s_k are:[0 0 0 0 0 0 0 0 0 0]
| Global Round : 32 | Client :0 | Local Epoch : 0 | [64/594 (11%)]	Loss1: 5.843195 Loss2: 0.000000 
| Global Round : 32 | Client :0 | Local Epoch : 1 | [64/594 (11%)]	Loss1: 5.841578 Loss2: 0.000000 
| Global Round : 32 | Client :0 | Local Epoch : 2 | [64/594 (11%)]	Loss1: 5.842416 Loss2: 0.000000 
| Global Round : 32 | Client :0 | Local Epoch : 3 | [64/594 (11%)]	Loss1: 5.843405 Loss2: 0.000000 
| Global Round : 32 | Client :0 | Local Epoch : 4 | [64/594 (11%)]	Loss1: 5.841891 Loss2: 0.000000 
| Global Round : 32 | Client :1 | Local Epoch : 0 | [64/595 (11%)]	Loss1: 5.843386 Loss2: 0.000000 
| Global Round : 32 | Client :1 | Local Epoch : 1 | [64/595 (11%)]	Loss1: 5.841666 Loss2: 0.000000 
| Global Round : 32 | Client :1 | Local Epoch : 2 | [64/595 (11%)]	Loss1: 5.841925 Loss2: 0.000000 
| Global Round : 32 | Client :1 | Local Epoch : 3 | [64/595 (11%)]	Loss1: 5.841663 Loss2: 0.000000 
| Global Round : 32 | Client :1 | Local Epoch : 4 | [64/595 (11%)]	Loss1: 5.842168 Loss2: 0.000000 
| Global Round : 32 | Client :2 | Local Epoch : 0 | [64/474 (14%)]	Loss1: 5.843263 Loss2: 0.000000 
| Global Round : 32 | Client :2 | Local Epoch : 1 | [64/474 (14%)]	Loss1: 5.842437 Loss2: 0.000000 
| Global Round : 32 | Client :2 | Local Epoch : 2 | [64/474 (14%)]	Loss1: 5.841787 Loss2: 0.000000 
| Global Round : 32 | Client :2 | Local Epoch : 3 | [64/474 (14%)]	Loss1: 5.841399 Loss2: 0.000000 
| Global Round : 32 | Client :2 | Local Epoch : 4 | [64/474 (14%)]	Loss1: 5.842231 Loss2: 0.000000 
| Global Round : 32 | Client :3 | Local Epoch : 0 | [64/566 (12%)]	Loss1: 5.842947 Loss2: 0.000000 
| Global Round : 32 | Client :3 | Local Epoch : 1 | [64/566 (12%)]	Loss1: 5.842080 Loss2: 0.000000 
| Global Round : 32 | Client :3 | Local Epoch : 2 | [64/566 (12%)]	Loss1: 5.843668 Loss2: 0.000000 
| Global Round : 32 | Client :3 | Local Epoch : 3 | [64/566 (12%)]	Loss1: 5.843545 Loss2: 0.000000 
| Global Round : 32 | Client :3 | Local Epoch : 4 | [64/566 (12%)]	Loss1: 5.841582 Loss2: 0.000000 
| Global Round : 32 | Client :4 | Local Epoch : 0 | [64/635 (11%)]	Loss1: 5.843379 Loss2: 0.000000 
| Global Round : 32 | Client :4 | Local Epoch : 1 | [64/635 (11%)]	Loss1: 5.842685 Loss2: 0.000000 
| Global Round : 32 | Client :4 | Local Epoch : 2 | [64/635 (11%)]	Loss1: 5.843526 Loss2: 0.000000 
| Global Round : 32 | Client :4 | Local Epoch : 3 | [64/635 (11%)]	Loss1: 5.841441 Loss2: 0.000000 
| Global Round : 32 | Client :4 | Local Epoch : 4 | [64/635 (11%)]	Loss1: 5.843228 Loss2: 0.000000 
| Global Round : 32 | Client :5 | Local Epoch : 0 | [64/633 (11%)]	Loss1: 5.842261 Loss2: 0.000000 
| Global Round : 32 | Client :5 | Local Epoch : 1 | [64/633 (11%)]	Loss1: 5.842162 Loss2: 0.000000 
| Global Round : 32 | Client :5 | Local Epoch : 2 | [64/633 (11%)]	Loss1: 5.842572 Loss2: 0.000000 
| Global Round : 32 | Client :5 | Local Epoch : 3 | [64/633 (11%)]	Loss1: 5.843000 Loss2: 0.000000 
| Global Round : 32 | Client :5 | Local Epoch : 4 | [64/633 (11%)]	Loss1: 5.842421 Loss2: 0.000000 
| Global Round : 32 | Client :6 | Local Epoch : 0 | [64/645 (10%)]	Loss1: 5.842082 Loss2: 0.000000 
| Global Round : 32 | Client :6 | Local Epoch : 1 | [64/645 (10%)]	Loss1: 5.840954 Loss2: 0.000000 
| Global Round : 32 | Client :6 | Local Epoch : 2 | [64/645 (10%)]	Loss1: 5.842222 Loss2: 0.000000 
| Global Round : 32 | Client :6 | Local Epoch : 3 | [64/645 (10%)]	Loss1: 5.842021 Loss2: 0.000000 
| Global Round : 32 | Client :6 | Local Epoch : 4 | [64/645 (10%)]	Loss1: 5.842380 Loss2: 0.000000 
| Global Round : 32 | Client :7 | Local Epoch : 0 | [64/615 (11%)]	Loss1: 5.842883 Loss2: 0.000000 
| Global Round : 32 | Client :7 | Local Epoch : 1 | [64/615 (11%)]	Loss1: 5.841779 Loss2: 0.000000 
| Global Round : 32 | Client :7 | Local Epoch : 2 | [64/615 (11%)]	Loss1: 5.842573 Loss2: 0.000000 
| Global Round : 32 | Client :7 | Local Epoch : 3 | [64/615 (11%)]	Loss1: 5.843309 Loss2: 0.000000 
| Global Round : 32 | Client :7 | Local Epoch : 4 | [64/615 (11%)]	Loss1: 5.842205 Loss2: 0.000000 
| Global Round : 32 | Client :8 | Local Epoch : 0 | [64/609 (11%)]	Loss1: 5.842091 Loss2: 0.000000 
| Global Round : 32 | Client :8 | Local Epoch : 1 | [64/609 (11%)]	Loss1: 5.843921 Loss2: 0.000000 
| Global Round : 32 | Client :8 | Local Epoch : 2 | [64/609 (11%)]	Loss1: 5.842861 Loss2: 0.000000 
| Global Round : 32 | Client :8 | Local Epoch : 3 | [64/609 (11%)]	Loss1: 5.843553 Loss2: 0.000000 
| Global Round : 32 | Client :8 | Local Epoch : 4 | [64/609 (11%)]	Loss1: 5.841063 Loss2: 0.000000 
| Global Round : 32 | Client :9 | Local Epoch : 0 | [64/628 (11%)]	Loss1: 5.841310 Loss2: 0.000000 
| Global Round : 32 | Client :9 | Local Epoch : 1 | [64/628 (11%)]	Loss1: 5.842545 Loss2: 0.000000 
| Global Round : 32 | Client :9 | Local Epoch : 2 | [64/628 (11%)]	Loss1: 5.842987 Loss2: 0.000000 
| Global Round : 32 | Client :9 | Local Epoch : 3 | [64/628 (11%)]	Loss1: 5.841296 Loss2: 0.000000 
| Global Round : 32 | Client :9 | Local Epoch : 4 | [64/628 (11%)]	Loss1: 5.843813 Loss2: 0.000000 
average loss:   5.839347648942281
average local test accuracy: 0.7963541666666667
average global test accuracy:  0.801171875

 | Global Training Round : 33 |

xi_k [0.51660906 0.51564662 0.50344223 0.48189139 0.48336477 0.48474306
 0.52854075 0.4988993  0.5038742  0.48862138]
max_exp: -1.0
coe: 10
Regulation [0.8 0.8 0.8 0.8 0.8 0.8 0.8 0.8 0.8 0.8]
Solver status: optimal_inaccurate
b_new: [1. 1. 1. 1. 1. 1. 1. 1. 1. 1.]
Iter 0: obj=49.6563, best_obj=49.6563, ||b_new-b_prev||₂=2.846050
xi_k [0.51660906 0.51564662 0.50344223 0.48189139 0.48336477 0.48474306
 0.52854075 0.4988993  0.5038742  0.48862138]
max_exp: -1.0
coe: 10
Regulation [-1. -1. -1. -1. -1. -1. -1. -1. -1. -1.]
Solver status: optimal_inaccurate
b_new: [1. 1. 1. 1. 1. 1. 1. 1. 1. 1.]
Iter 1: obj=50.5563, best_obj=50.5563, ||b_new-b_prev||₂=0.000000
Converged.
Final b: [1. 1. 1. 1. 1. 1. 1. 1. 1. 1.]
<class 'numpy.ndarray'>
b_float: [1. 1. 1. 1. 1. 1. 1. 1. 1. 1.]
b: [1 1 1 1 1 1 1 1 1 1]
active_clients:  [0, 1, 2, 3, 4, 5, 6, 7, 8, 9]
Client 0's s_k are:[0 0 0 0 0 0 0 0 0 0]
Client 1's s_k are:[0 0 0 0 0 0 0 0 0 0]
Client 2's s_k are:[0 0 0 0 0 0 0 0 0 0]
Client 3's s_k are:[0 0 0 0 0 0 0 0 0 0]
Client 4's s_k are:[0 0 0 0 0 0 0 0 0 0]
Client 5's s_k are:[0 0 0 0 0 0 0 0 0 0]
Client 6's s_k are:[0 0 0 0 0 0 0 0 0 0]
Client 7's s_k are:[0 0 0 0 0 0 0 0 0 0]
Client 8's s_k are:[0 0 0 0 0 0 0 0 0 0]
Client 9's s_k are:[0 0 0 0 0 0 0 0 0 0]
| Global Round : 33 | Client :0 | Local Epoch : 0 | [64/594 (11%)]	Loss1: 5.841861 Loss2: 0.000000 
| Global Round : 33 | Client :0 | Local Epoch : 1 | [64/594 (11%)]	Loss1: 5.843109 Loss2: 0.000000 
| Global Round : 33 | Client :0 | Local Epoch : 2 | [64/594 (11%)]	Loss1: 5.841184 Loss2: 0.000000 
| Global Round : 33 | Client :0 | Local Epoch : 3 | [64/594 (11%)]	Loss1: 5.841870 Loss2: 0.000000 
| Global Round : 33 | Client :0 | Local Epoch : 4 | [64/594 (11%)]	Loss1: 5.842962 Loss2: 0.000000 
| Global Round : 33 | Client :1 | Local Epoch : 0 | [64/595 (11%)]	Loss1: 5.842008 Loss2: 0.000000 
| Global Round : 33 | Client :1 | Local Epoch : 1 | [64/595 (11%)]	Loss1: 5.842617 Loss2: 0.000000 
| Global Round : 33 | Client :1 | Local Epoch : 2 | [64/595 (11%)]	Loss1: 5.843148 Loss2: 0.000000 
| Global Round : 33 | Client :1 | Local Epoch : 3 | [64/595 (11%)]	Loss1: 5.841001 Loss2: 0.000000 
| Global Round : 33 | Client :1 | Local Epoch : 4 | [64/595 (11%)]	Loss1: 5.842269 Loss2: 0.000000 
| Global Round : 33 | Client :2 | Local Epoch : 0 | [64/474 (14%)]	Loss1: 5.840465 Loss2: 0.000000 
| Global Round : 33 | Client :2 | Local Epoch : 1 | [64/474 (14%)]	Loss1: 5.841501 Loss2: 0.000000 
| Global Round : 33 | Client :2 | Local Epoch : 2 | [64/474 (14%)]	Loss1: 5.842186 Loss2: 0.000000 
| Global Round : 33 | Client :2 | Local Epoch : 3 | [64/474 (14%)]	Loss1: 5.842435 Loss2: 0.000000 
| Global Round : 33 | Client :2 | Local Epoch : 4 | [64/474 (14%)]	Loss1: 5.841589 Loss2: 0.000000 
| Global Round : 33 | Client :3 | Local Epoch : 0 | [64/566 (12%)]	Loss1: 5.842591 Loss2: 0.000000 
| Global Round : 33 | Client :3 | Local Epoch : 1 | [64/566 (12%)]	Loss1: 5.844263 Loss2: 0.000000 
| Global Round : 33 | Client :3 | Local Epoch : 2 | [64/566 (12%)]	Loss1: 5.841812 Loss2: 0.000000 
| Global Round : 33 | Client :3 | Local Epoch : 3 | [64/566 (12%)]	Loss1: 5.841054 Loss2: 0.000000 
| Global Round : 33 | Client :3 | Local Epoch : 4 | [64/566 (12%)]	Loss1: 5.842109 Loss2: 0.000000 
| Global Round : 33 | Client :4 | Local Epoch : 0 | [64/635 (11%)]	Loss1: 5.843174 Loss2: 0.000000 
| Global Round : 33 | Client :4 | Local Epoch : 1 | [64/635 (11%)]	Loss1: 5.842598 Loss2: 0.000000 
| Global Round : 33 | Client :4 | Local Epoch : 2 | [64/635 (11%)]	Loss1: 5.843110 Loss2: 0.000000 
| Global Round : 33 | Client :4 | Local Epoch : 3 | [64/635 (11%)]	Loss1: 5.842697 Loss2: 0.000000 
| Global Round : 33 | Client :4 | Local Epoch : 4 | [64/635 (11%)]	Loss1: 5.843643 Loss2: 0.000000 
| Global Round : 33 | Client :5 | Local Epoch : 0 | [64/633 (11%)]	Loss1: 5.842897 Loss2: 0.000000 
| Global Round : 33 | Client :5 | Local Epoch : 1 | [64/633 (11%)]	Loss1: 5.841609 Loss2: 0.000000 
| Global Round : 33 | Client :5 | Local Epoch : 2 | [64/633 (11%)]	Loss1: 5.842206 Loss2: 0.000000 
| Global Round : 33 | Client :5 | Local Epoch : 3 | [64/633 (11%)]	Loss1: 5.843044 Loss2: 0.000000 
| Global Round : 33 | Client :5 | Local Epoch : 4 | [64/633 (11%)]	Loss1: 5.842023 Loss2: 0.000000 
| Global Round : 33 | Client :6 | Local Epoch : 0 | [64/645 (10%)]	Loss1: 5.843391 Loss2: 0.000000 
| Global Round : 33 | Client :6 | Local Epoch : 1 | [64/645 (10%)]	Loss1: 5.842004 Loss2: 0.000000 
| Global Round : 33 | Client :6 | Local Epoch : 2 | [64/645 (10%)]	Loss1: 5.841517 Loss2: 0.000000 
| Global Round : 33 | Client :6 | Local Epoch : 3 | [64/645 (10%)]	Loss1: 5.844114 Loss2: 0.000000 
| Global Round : 33 | Client :6 | Local Epoch : 4 | [64/645 (10%)]	Loss1: 5.843989 Loss2: 0.000000 
| Global Round : 33 | Client :7 | Local Epoch : 0 | [64/615 (11%)]	Loss1: 5.842768 Loss2: 0.000000 
| Global Round : 33 | Client :7 | Local Epoch : 1 | [64/615 (11%)]	Loss1: 5.842985 Loss2: 0.000000 
| Global Round : 33 | Client :7 | Local Epoch : 2 | [64/615 (11%)]	Loss1: 5.842669 Loss2: 0.000000 
| Global Round : 33 | Client :7 | Local Epoch : 3 | [64/615 (11%)]	Loss1: 5.843200 Loss2: 0.000000 
| Global Round : 33 | Client :7 | Local Epoch : 4 | [64/615 (11%)]	Loss1: 5.842421 Loss2: 0.000000 
| Global Round : 33 | Client :8 | Local Epoch : 0 | [64/609 (11%)]	Loss1: 5.842327 Loss2: 0.000000 
| Global Round : 33 | Client :8 | Local Epoch : 1 | [64/609 (11%)]	Loss1: 5.842516 Loss2: 0.000000 
| Global Round : 33 | Client :8 | Local Epoch : 2 | [64/609 (11%)]	Loss1: 5.844587 Loss2: 0.000000 
| Global Round : 33 | Client :8 | Local Epoch : 3 | [64/609 (11%)]	Loss1: 5.842653 Loss2: 0.000000 
| Global Round : 33 | Client :8 | Local Epoch : 4 | [64/609 (11%)]	Loss1: 5.842256 Loss2: 0.000000 
| Global Round : 33 | Client :9 | Local Epoch : 0 | [64/628 (11%)]	Loss1: 5.843103 Loss2: 0.000000 
| Global Round : 33 | Client :9 | Local Epoch : 1 | [64/628 (11%)]	Loss1: 5.842139 Loss2: 0.000000 
| Global Round : 33 | Client :9 | Local Epoch : 2 | [64/628 (11%)]	Loss1: 5.842594 Loss2: 0.000000 
| Global Round : 33 | Client :9 | Local Epoch : 3 | [64/628 (11%)]	Loss1: 5.843495 Loss2: 0.000000 
| Global Round : 33 | Client :9 | Local Epoch : 4 | [64/628 (11%)]	Loss1: 5.843406 Loss2: 0.000000 
average loss:   5.839271184338464
average local test accuracy: 0.7955729166666666
average global test accuracy:  0.805078125

 | Global Training Round : 34 |

xi_k [0.51662645 0.51564266 0.5034359  0.48187256 0.48329364 0.48470529
 0.5285835  0.49889387 0.50386911 0.48861278]
max_exp: -1.0
coe: 10
Regulation [0.8 0.8 0.8 0.8 0.8 0.8 0.8 0.8 0.8 0.8]
Solver status: optimal_inaccurate
b_new: [1. 1. 1. 1. 1. 1. 1. 1. 1. 1.]
Iter 0: obj=49.6554, best_obj=49.6554, ||b_new-b_prev||₂=2.846050
xi_k [0.51662645 0.51564266 0.5034359  0.48187256 0.48329364 0.48470529
 0.5285835  0.49889387 0.50386911 0.48861278]
max_exp: -1.0
coe: 10
Regulation [-1. -1. -1. -1. -1. -1. -1. -1. -1. -1.]
Solver status: optimal_inaccurate
b_new: [1. 1. 1. 1. 1. 1. 1. 1. 1. 1.]
Iter 1: obj=50.5554, best_obj=50.5554, ||b_new-b_prev||₂=0.000000
Converged.
Final b: [1. 1. 1. 1. 1. 1. 1. 1. 1. 1.]
<class 'numpy.ndarray'>
b_float: [1. 1. 1. 1. 1. 1. 1. 1. 1. 1.]
b: [1 1 1 1 1 1 1 1 1 1]
active_clients:  [0, 1, 2, 3, 4, 5, 6, 7, 8, 9]
Client 0's s_k are:[0 0 0 0 0 0 0 0 0 0]
Client 1's s_k are:[0 0 0 0 0 0 0 0 0 0]
Client 2's s_k are:[0 0 0 0 0 0 0 0 0 0]
Client 3's s_k are:[0 0 0 0 0 0 0 0 0 0]
Client 4's s_k are:[0 0 0 0 0 0 0 0 0 0]
Client 5's s_k are:[0 0 0 0 0 0 0 0 0 0]
Client 6's s_k are:[0 0 0 0 0 0 0 0 0 0]
Client 7's s_k are:[0 0 0 0 0 0 0 0 0 0]
Client 8's s_k are:[0 0 0 0 0 0 0 0 0 0]
Client 9's s_k are:[0 0 0 0 0 0 0 0 0 0]
| Global Round : 34 | Client :0 | Local Epoch : 0 | [64/594 (11%)]	Loss1: 5.841836 Loss2: 0.000000 
| Global Round : 34 | Client :0 | Local Epoch : 1 | [64/594 (11%)]	Loss1: 5.844599 Loss2: 0.000000 
| Global Round : 34 | Client :0 | Local Epoch : 2 | [64/594 (11%)]	Loss1: 5.842542 Loss2: 0.000000 
| Global Round : 34 | Client :0 | Local Epoch : 3 | [64/594 (11%)]	Loss1: 5.842507 Loss2: 0.000000 
| Global Round : 34 | Client :0 | Local Epoch : 4 | [64/594 (11%)]	Loss1: 5.842246 Loss2: 0.000000 
| Global Round : 34 | Client :1 | Local Epoch : 0 | [64/595 (11%)]	Loss1: 5.841715 Loss2: 0.000000 
| Global Round : 34 | Client :1 | Local Epoch : 1 | [64/595 (11%)]	Loss1: 5.841424 Loss2: 0.000000 
| Global Round : 34 | Client :1 | Local Epoch : 2 | [64/595 (11%)]	Loss1: 5.841352 Loss2: 0.000000 
| Global Round : 34 | Client :1 | Local Epoch : 3 | [64/595 (11%)]	Loss1: 5.841282 Loss2: 0.000000 
| Global Round : 34 | Client :1 | Local Epoch : 4 | [64/595 (11%)]	Loss1: 5.841075 Loss2: 0.000000 
| Global Round : 34 | Client :2 | Local Epoch : 0 | [64/474 (14%)]	Loss1: 5.841754 Loss2: 0.000000 
| Global Round : 34 | Client :2 | Local Epoch : 1 | [64/474 (14%)]	Loss1: 5.841824 Loss2: 0.000000 
| Global Round : 34 | Client :2 | Local Epoch : 2 | [64/474 (14%)]	Loss1: 5.841093 Loss2: 0.000000 
| Global Round : 34 | Client :2 | Local Epoch : 3 | [64/474 (14%)]	Loss1: 5.840788 Loss2: 0.000000 
| Global Round : 34 | Client :2 | Local Epoch : 4 | [64/474 (14%)]	Loss1: 5.841920 Loss2: 0.000000 
| Global Round : 34 | Client :3 | Local Epoch : 0 | [64/566 (12%)]	Loss1: 5.841947 Loss2: 0.000000 
| Global Round : 34 | Client :3 | Local Epoch : 1 | [64/566 (12%)]	Loss1: 5.842221 Loss2: 0.000000 
| Global Round : 34 | Client :3 | Local Epoch : 2 | [64/566 (12%)]	Loss1: 5.842279 Loss2: 0.000000 
| Global Round : 34 | Client :3 | Local Epoch : 3 | [64/566 (12%)]	Loss1: 5.845006 Loss2: 0.000000 
| Global Round : 34 | Client :3 | Local Epoch : 4 | [64/566 (12%)]	Loss1: 5.842434 Loss2: 0.000000 
| Global Round : 34 | Client :4 | Local Epoch : 0 | [64/635 (11%)]	Loss1: 5.843529 Loss2: 0.000000 
| Global Round : 34 | Client :4 | Local Epoch : 1 | [64/635 (11%)]	Loss1: 5.843472 Loss2: 0.000000 
| Global Round : 34 | Client :4 | Local Epoch : 2 | [64/635 (11%)]	Loss1: 5.841946 Loss2: 0.000000 
| Global Round : 34 | Client :4 | Local Epoch : 3 | [64/635 (11%)]	Loss1: 5.842656 Loss2: 0.000000 
| Global Round : 34 | Client :4 | Local Epoch : 4 | [64/635 (11%)]	Loss1: 5.842213 Loss2: 0.000000 
| Global Round : 34 | Client :5 | Local Epoch : 0 | [64/633 (11%)]	Loss1: 5.842741 Loss2: 0.000000 
| Global Round : 34 | Client :5 | Local Epoch : 1 | [64/633 (11%)]	Loss1: 5.842431 Loss2: 0.000000 
| Global Round : 34 | Client :5 | Local Epoch : 2 | [64/633 (11%)]	Loss1: 5.842863 Loss2: 0.000000 
| Global Round : 34 | Client :5 | Local Epoch : 3 | [64/633 (11%)]	Loss1: 5.842144 Loss2: 0.000000 
| Global Round : 34 | Client :5 | Local Epoch : 4 | [64/633 (11%)]	Loss1: 5.841560 Loss2: 0.000000 
| Global Round : 34 | Client :6 | Local Epoch : 0 | [64/645 (10%)]	Loss1: 5.843319 Loss2: 0.000000 
| Global Round : 34 | Client :6 | Local Epoch : 1 | [64/645 (10%)]	Loss1: 5.842986 Loss2: 0.000000 
| Global Round : 34 | Client :6 | Local Epoch : 2 | [64/645 (10%)]	Loss1: 5.841556 Loss2: 0.000000 
| Global Round : 34 | Client :6 | Local Epoch : 3 | [64/645 (10%)]	Loss1: 5.842115 Loss2: 0.000000 
| Global Round : 34 | Client :6 | Local Epoch : 4 | [64/645 (10%)]	Loss1: 5.841747 Loss2: 0.000000 
| Global Round : 34 | Client :7 | Local Epoch : 0 | [64/615 (11%)]	Loss1: 5.841470 Loss2: 0.000000 
| Global Round : 34 | Client :7 | Local Epoch : 1 | [64/615 (11%)]	Loss1: 5.842294 Loss2: 0.000000 
| Global Round : 34 | Client :7 | Local Epoch : 2 | [64/615 (11%)]	Loss1: 5.842831 Loss2: 0.000000 
| Global Round : 34 | Client :7 | Local Epoch : 3 | [64/615 (11%)]	Loss1: 5.841640 Loss2: 0.000000 
| Global Round : 34 | Client :7 | Local Epoch : 4 | [64/615 (11%)]	Loss1: 5.842625 Loss2: 0.000000 
| Global Round : 34 | Client :8 | Local Epoch : 0 | [64/609 (11%)]	Loss1: 5.841762 Loss2: 0.000000 
| Global Round : 34 | Client :8 | Local Epoch : 1 | [64/609 (11%)]	Loss1: 5.841732 Loss2: 0.000000 
| Global Round : 34 | Client :8 | Local Epoch : 2 | [64/609 (11%)]	Loss1: 5.842060 Loss2: 0.000000 
| Global Round : 34 | Client :8 | Local Epoch : 3 | [64/609 (11%)]	Loss1: 5.841383 Loss2: 0.000000 
| Global Round : 34 | Client :8 | Local Epoch : 4 | [64/609 (11%)]	Loss1: 5.842543 Loss2: 0.000000 
| Global Round : 34 | Client :9 | Local Epoch : 0 | [64/628 (11%)]	Loss1: 5.842752 Loss2: 0.000000 
| Global Round : 34 | Client :9 | Local Epoch : 1 | [64/628 (11%)]	Loss1: 5.842965 Loss2: 0.000000 
| Global Round : 34 | Client :9 | Local Epoch : 2 | [64/628 (11%)]	Loss1: 5.841721 Loss2: 0.000000 
| Global Round : 34 | Client :9 | Local Epoch : 3 | [64/628 (11%)]	Loss1: 5.842616 Loss2: 0.000000 
| Global Round : 34 | Client :9 | Local Epoch : 4 | [64/628 (11%)]	Loss1: 5.843048 Loss2: 0.000000 
average loss:   5.839337219075551
average local test accuracy: 0.7947916666666667
average global test accuracy:  0.7999999999999999

 | Global Training Round : 35 |

xi_k [0.51665365 0.51563191 0.50343905 0.48191259 0.48325567 0.48470895
 0.5285693  0.49889624 0.5038873  0.48861689]
max_exp: -1.0
coe: 10
Regulation [0.8 0.8 0.8 0.8 0.8 0.8 0.8 0.8 0.8 0.8]
Solver status: optimal_inaccurate
b_new: [1. 1. 1. 1. 1. 1. 1. 1. 1. 1.]
Iter 0: obj=49.6557, best_obj=49.6557, ||b_new-b_prev||₂=2.846050
xi_k [0.51665365 0.51563191 0.50343905 0.48191259 0.48325567 0.48470895
 0.5285693  0.49889624 0.5038873  0.48861689]
max_exp: -1.0
coe: 10
Regulation [-1. -1. -1. -1. -1. -1. -1. -1. -1. -1.]
Solver status: optimal_inaccurate
b_new: [1. 1. 1. 1. 1. 1. 1. 1. 1. 1.]
Iter 1: obj=50.5557, best_obj=50.5557, ||b_new-b_prev||₂=0.000000
Converged.
Final b: [1. 1. 1. 1. 1. 1. 1. 1. 1. 1.]
<class 'numpy.ndarray'>
b_float: [1. 1. 1. 1. 1. 1. 1. 1. 1. 1.]
b: [1 1 1 1 1 1 1 1 1 1]
active_clients:  [0, 1, 2, 3, 4, 5, 6, 7, 8, 9]
Client 0's s_k are:[0 0 0 0 0 0 0 0 0 0]
Client 1's s_k are:[0 0 0 0 0 0 0 0 0 0]
Client 2's s_k are:[0 0 0 0 0 0 0 0 0 0]
Client 3's s_k are:[0 0 0 0 0 0 0 0 0 0]
Client 4's s_k are:[0 0 0 0 0 0 0 0 0 0]
Client 5's s_k are:[0 0 0 0 0 0 0 0 0 0]
Client 6's s_k are:[0 0 0 0 0 0 0 0 0 0]
Client 7's s_k are:[0 0 0 0 0 0 0 0 0 0]
Client 8's s_k are:[0 0 0 0 0 0 0 0 0 0]
Client 9's s_k are:[0 0 0 0 0 0 0 0 0 0]
| Global Round : 35 | Client :0 | Local Epoch : 0 | [64/594 (11%)]	Loss1: 5.841868 Loss2: 0.000000 
| Global Round : 35 | Client :0 | Local Epoch : 1 | [64/594 (11%)]	Loss1: 5.842927 Loss2: 0.000000 
| Global Round : 35 | Client :0 | Local Epoch : 2 | [64/594 (11%)]	Loss1: 5.844358 Loss2: 0.000000 
| Global Round : 35 | Client :0 | Local Epoch : 3 | [64/594 (11%)]	Loss1: 5.840799 Loss2: 0.000000 
| Global Round : 35 | Client :0 | Local Epoch : 4 | [64/594 (11%)]	Loss1: 5.842056 Loss2: 0.000000 
| Global Round : 35 | Client :1 | Local Epoch : 0 | [64/595 (11%)]	Loss1: 5.840637 Loss2: 0.000000 
| Global Round : 35 | Client :1 | Local Epoch : 1 | [64/595 (11%)]	Loss1: 5.842109 Loss2: 0.000000 
| Global Round : 35 | Client :1 | Local Epoch : 2 | [64/595 (11%)]	Loss1: 5.841693 Loss2: 0.000000 
| Global Round : 35 | Client :1 | Local Epoch : 3 | [64/595 (11%)]	Loss1: 5.843112 Loss2: 0.000000 
| Global Round : 35 | Client :1 | Local Epoch : 4 | [64/595 (11%)]	Loss1: 5.842210 Loss2: 0.000000 
| Global Round : 35 | Client :2 | Local Epoch : 0 | [64/474 (14%)]	Loss1: 5.840797 Loss2: 0.000000 
| Global Round : 35 | Client :2 | Local Epoch : 1 | [64/474 (14%)]	Loss1: 5.841578 Loss2: 0.000000 
| Global Round : 35 | Client :2 | Local Epoch : 2 | [64/474 (14%)]	Loss1: 5.841937 Loss2: 0.000000 
| Global Round : 35 | Client :2 | Local Epoch : 3 | [64/474 (14%)]	Loss1: 5.841941 Loss2: 0.000000 
| Global Round : 35 | Client :2 | Local Epoch : 4 | [64/474 (14%)]	Loss1: 5.841900 Loss2: 0.000000 
| Global Round : 35 | Client :3 | Local Epoch : 0 | [64/566 (12%)]	Loss1: 5.842482 Loss2: 0.000000 
| Global Round : 35 | Client :3 | Local Epoch : 1 | [64/566 (12%)]	Loss1: 5.842354 Loss2: 0.000000 
| Global Round : 35 | Client :3 | Local Epoch : 2 | [64/566 (12%)]	Loss1: 5.842302 Loss2: 0.000000 
| Global Round : 35 | Client :3 | Local Epoch : 3 | [64/566 (12%)]	Loss1: 5.841871 Loss2: 0.000000 
| Global Round : 35 | Client :3 | Local Epoch : 4 | [64/566 (12%)]	Loss1: 5.841840 Loss2: 0.000000 
| Global Round : 35 | Client :4 | Local Epoch : 0 | [64/635 (11%)]	Loss1: 5.843025 Loss2: 0.000000 
| Global Round : 35 | Client :4 | Local Epoch : 1 | [64/635 (11%)]	Loss1: 5.843345 Loss2: 0.000000 
| Global Round : 35 | Client :4 | Local Epoch : 2 | [64/635 (11%)]	Loss1: 5.841165 Loss2: 0.000000 
| Global Round : 35 | Client :4 | Local Epoch : 3 | [64/635 (11%)]	Loss1: 5.842236 Loss2: 0.000000 
| Global Round : 35 | Client :4 | Local Epoch : 4 | [64/635 (11%)]	Loss1: 5.843035 Loss2: 0.000000 
| Global Round : 35 | Client :5 | Local Epoch : 0 | [64/633 (11%)]	Loss1: 5.841459 Loss2: 0.000000 
| Global Round : 35 | Client :5 | Local Epoch : 1 | [64/633 (11%)]	Loss1: 5.841780 Loss2: 0.000000 
| Global Round : 35 | Client :5 | Local Epoch : 2 | [64/633 (11%)]	Loss1: 5.840598 Loss2: 0.000000 
| Global Round : 35 | Client :5 | Local Epoch : 3 | [64/633 (11%)]	Loss1: 5.842722 Loss2: 0.000000 
| Global Round : 35 | Client :5 | Local Epoch : 4 | [64/633 (11%)]	Loss1: 5.842127 Loss2: 0.000000 
| Global Round : 35 | Client :6 | Local Epoch : 0 | [64/645 (10%)]	Loss1: 5.841558 Loss2: 0.000000 
| Global Round : 35 | Client :6 | Local Epoch : 1 | [64/645 (10%)]	Loss1: 5.842062 Loss2: 0.000000 
| Global Round : 35 | Client :6 | Local Epoch : 2 | [64/645 (10%)]	Loss1: 5.840980 Loss2: 0.000000 
| Global Round : 35 | Client :6 | Local Epoch : 3 | [64/645 (10%)]	Loss1: 5.841673 Loss2: 0.000000 
| Global Round : 35 | Client :6 | Local Epoch : 4 | [64/645 (10%)]	Loss1: 5.841238 Loss2: 0.000000 
| Global Round : 35 | Client :7 | Local Epoch : 0 | [64/615 (11%)]	Loss1: 5.843431 Loss2: 0.000000 
| Global Round : 35 | Client :7 | Local Epoch : 1 | [64/615 (11%)]	Loss1: 5.842073 Loss2: 0.000000 
| Global Round : 35 | Client :7 | Local Epoch : 2 | [64/615 (11%)]	Loss1: 5.841980 Loss2: 0.000000 
| Global Round : 35 | Client :7 | Local Epoch : 3 | [64/615 (11%)]	Loss1: 5.841631 Loss2: 0.000000 
| Global Round : 35 | Client :7 | Local Epoch : 4 | [64/615 (11%)]	Loss1: 5.843284 Loss2: 0.000000 
| Global Round : 35 | Client :8 | Local Epoch : 0 | [64/609 (11%)]	Loss1: 5.841912 Loss2: 0.000000 
| Global Round : 35 | Client :8 | Local Epoch : 1 | [64/609 (11%)]	Loss1: 5.842285 Loss2: 0.000000 
| Global Round : 35 | Client :8 | Local Epoch : 2 | [64/609 (11%)]	Loss1: 5.841630 Loss2: 0.000000 
| Global Round : 35 | Client :8 | Local Epoch : 3 | [64/609 (11%)]	Loss1: 5.842019 Loss2: 0.000000 
| Global Round : 35 | Client :8 | Local Epoch : 4 | [64/609 (11%)]	Loss1: 5.844033 Loss2: 0.000000 
| Global Round : 35 | Client :9 | Local Epoch : 0 | [64/628 (11%)]	Loss1: 5.842006 Loss2: 0.000000 
| Global Round : 35 | Client :9 | Local Epoch : 1 | [64/628 (11%)]	Loss1: 5.842624 Loss2: 0.000000 
| Global Round : 35 | Client :9 | Local Epoch : 2 | [64/628 (11%)]	Loss1: 5.842660 Loss2: 0.000000 
| Global Round : 35 | Client :9 | Local Epoch : 3 | [64/628 (11%)]	Loss1: 5.843734 Loss2: 0.000000 
| Global Round : 35 | Client :9 | Local Epoch : 4 | [64/628 (11%)]	Loss1: 5.841808 Loss2: 0.000000 
average loss:   5.839127955001497
average local test accuracy: 0.7992187499999999
average global test accuracy:  0.7769531250000001

 | Global Training Round : 36 |

xi_k [0.51656559 0.515629   0.50337411 0.4818693  0.48324995 0.48469786
 0.52851632 0.49889476 0.50384582 0.48860529]
max_exp: -1.0
coe: 10
Regulation [0.8 0.8 0.8 0.8 0.8 0.8 0.8 0.8 0.8 0.8]
Solver status: optimal_inaccurate
b_new: [1. 1. 1. 1. 1. 1. 1. 1. 1. 1.]
Iter 0: obj=49.6525, best_obj=49.6525, ||b_new-b_prev||₂=2.846050
xi_k [0.51656559 0.515629   0.50337411 0.4818693  0.48324995 0.48469786
 0.52851632 0.49889476 0.50384582 0.48860529]
max_exp: -1.0
coe: 10
Regulation [-1. -1. -1. -1. -1. -1. -1. -1. -1. -1.]
Solver status: optimal_inaccurate
b_new: [1. 1. 1. 1. 1. 1. 1. 1. 1. 1.]
Iter 1: obj=50.5525, best_obj=50.5525, ||b_new-b_prev||₂=0.000000
Converged.
Final b: [1. 1. 1. 1. 1. 1. 1. 1. 1. 1.]
<class 'numpy.ndarray'>
b_float: [1. 1. 1. 1. 1. 1. 1. 1. 1. 1.]
b: [1 1 1 1 1 1 1 1 1 1]
active_clients:  [0, 1, 2, 3, 4, 5, 6, 7, 8, 9]
Client 0's s_k are:[0 0 0 0 0 0 0 0 0 0]
Client 1's s_k are:[0 0 0 0 0 0 0 0 0 0]
Client 2's s_k are:[0 0 0 0 0 0 0 0 0 0]
Client 3's s_k are:[0 0 0 0 0 0 0 0 0 0]
Client 4's s_k are:[0 0 0 0 0 0 0 0 0 0]
Client 5's s_k are:[0 0 0 0 0 0 0 0 0 0]
Client 6's s_k are:[0 0 0 0 0 0 0 0 0 0]
Client 7's s_k are:[0 0 0 0 0 0 0 0 0 0]
Client 8's s_k are:[0 0 0 0 0 0 0 0 0 0]
Client 9's s_k are:[0 0 0 0 0 0 0 0 0 0]
| Global Round : 36 | Client :0 | Local Epoch : 0 | [64/594 (11%)]	Loss1: 5.842018 Loss2: 0.000000 
| Global Round : 36 | Client :0 | Local Epoch : 1 | [64/594 (11%)]	Loss1: 5.843586 Loss2: 0.000000 
| Global Round : 36 | Client :0 | Local Epoch : 2 | [64/594 (11%)]	Loss1: 5.842752 Loss2: 0.000000 
| Global Round : 36 | Client :0 | Local Epoch : 3 | [64/594 (11%)]	Loss1: 5.841990 Loss2: 0.000000 
| Global Round : 36 | Client :0 | Local Epoch : 4 | [64/594 (11%)]	Loss1: 5.843125 Loss2: 0.000000 
| Global Round : 36 | Client :1 | Local Epoch : 0 | [64/595 (11%)]	Loss1: 5.842032 Loss2: 0.000000 
| Global Round : 36 | Client :1 | Local Epoch : 1 | [64/595 (11%)]	Loss1: 5.841819 Loss2: 0.000000 
| Global Round : 36 | Client :1 | Local Epoch : 2 | [64/595 (11%)]	Loss1: 5.841554 Loss2: 0.000000 
| Global Round : 36 | Client :1 | Local Epoch : 3 | [64/595 (11%)]	Loss1: 5.841329 Loss2: 0.000000 
| Global Round : 36 | Client :1 | Local Epoch : 4 | [64/595 (11%)]	Loss1: 5.842540 Loss2: 0.000000 
| Global Round : 36 | Client :2 | Local Epoch : 0 | [64/474 (14%)]	Loss1: 5.840703 Loss2: 0.000000 
| Global Round : 36 | Client :2 | Local Epoch : 1 | [64/474 (14%)]	Loss1: 5.842897 Loss2: 0.000000 
| Global Round : 36 | Client :2 | Local Epoch : 2 | [64/474 (14%)]	Loss1: 5.841153 Loss2: 0.000000 
| Global Round : 36 | Client :2 | Local Epoch : 3 | [64/474 (14%)]	Loss1: 5.841665 Loss2: 0.000000 
| Global Round : 36 | Client :2 | Local Epoch : 4 | [64/474 (14%)]	Loss1: 5.842054 Loss2: 0.000000 
| Global Round : 36 | Client :3 | Local Epoch : 0 | [64/566 (12%)]	Loss1: 5.842049 Loss2: 0.000000 
| Global Round : 36 | Client :3 | Local Epoch : 1 | [64/566 (12%)]	Loss1: 5.842733 Loss2: 0.000000 
| Global Round : 36 | Client :3 | Local Epoch : 2 | [64/566 (12%)]	Loss1: 5.841672 Loss2: 0.000000 
| Global Round : 36 | Client :3 | Local Epoch : 3 | [64/566 (12%)]	Loss1: 5.842729 Loss2: 0.000000 
| Global Round : 36 | Client :3 | Local Epoch : 4 | [64/566 (12%)]	Loss1: 5.843037 Loss2: 0.000000 
| Global Round : 36 | Client :4 | Local Epoch : 0 | [64/635 (11%)]	Loss1: 5.842467 Loss2: 0.000000 
| Global Round : 36 | Client :4 | Local Epoch : 1 | [64/635 (11%)]	Loss1: 5.842479 Loss2: 0.000000 
| Global Round : 36 | Client :4 | Local Epoch : 2 | [64/635 (11%)]	Loss1: 5.841706 Loss2: 0.000000 
| Global Round : 36 | Client :4 | Local Epoch : 3 | [64/635 (11%)]	Loss1: 5.842847 Loss2: 0.000000 
| Global Round : 36 | Client :4 | Local Epoch : 4 | [64/635 (11%)]	Loss1: 5.842511 Loss2: 0.000000 
| Global Round : 36 | Client :5 | Local Epoch : 0 | [64/633 (11%)]	Loss1: 5.840625 Loss2: 0.000000 
| Global Round : 36 | Client :5 | Local Epoch : 1 | [64/633 (11%)]	Loss1: 5.841697 Loss2: 0.000000 
| Global Round : 36 | Client :5 | Local Epoch : 2 | [64/633 (11%)]	Loss1: 5.841588 Loss2: 0.000000 
| Global Round : 36 | Client :5 | Local Epoch : 3 | [64/633 (11%)]	Loss1: 5.841363 Loss2: 0.000000 
| Global Round : 36 | Client :5 | Local Epoch : 4 | [64/633 (11%)]	Loss1: 5.841821 Loss2: 0.000000 
| Global Round : 36 | Client :6 | Local Epoch : 0 | [64/645 (10%)]	Loss1: 5.842812 Loss2: 0.000000 
| Global Round : 36 | Client :6 | Local Epoch : 1 | [64/645 (10%)]	Loss1: 5.841929 Loss2: 0.000000 
| Global Round : 36 | Client :6 | Local Epoch : 2 | [64/645 (10%)]	Loss1: 5.842753 Loss2: 0.000000 
| Global Round : 36 | Client :6 | Local Epoch : 3 | [64/645 (10%)]	Loss1: 5.842238 Loss2: 0.000000 
| Global Round : 36 | Client :6 | Local Epoch : 4 | [64/645 (10%)]	Loss1: 5.842357 Loss2: 0.000000 
| Global Round : 36 | Client :7 | Local Epoch : 0 | [64/615 (11%)]	Loss1: 5.840702 Loss2: 0.000000 
| Global Round : 36 | Client :7 | Local Epoch : 1 | [64/615 (11%)]	Loss1: 5.842113 Loss2: 0.000000 
| Global Round : 36 | Client :7 | Local Epoch : 2 | [64/615 (11%)]	Loss1: 5.841275 Loss2: 0.000000 
| Global Round : 36 | Client :7 | Local Epoch : 3 | [64/615 (11%)]	Loss1: 5.841566 Loss2: 0.000000 
| Global Round : 36 | Client :7 | Local Epoch : 4 | [64/615 (11%)]	Loss1: 5.841671 Loss2: 0.000000 
| Global Round : 36 | Client :8 | Local Epoch : 0 | [64/609 (11%)]	Loss1: 5.842502 Loss2: 0.000000 
| Global Round : 36 | Client :8 | Local Epoch : 1 | [64/609 (11%)]	Loss1: 5.842273 Loss2: 0.000000 
| Global Round : 36 | Client :8 | Local Epoch : 2 | [64/609 (11%)]	Loss1: 5.842876 Loss2: 0.000000 
| Global Round : 36 | Client :8 | Local Epoch : 3 | [64/609 (11%)]	Loss1: 5.843090 Loss2: 0.000000 
| Global Round : 36 | Client :8 | Local Epoch : 4 | [64/609 (11%)]	Loss1: 5.842122 Loss2: 0.000000 
| Global Round : 36 | Client :9 | Local Epoch : 0 | [64/628 (11%)]	Loss1: 5.843094 Loss2: 0.000000 
| Global Round : 36 | Client :9 | Local Epoch : 1 | [64/628 (11%)]	Loss1: 5.841403 Loss2: 0.000000 
| Global Round : 36 | Client :9 | Local Epoch : 2 | [64/628 (11%)]	Loss1: 5.841915 Loss2: 0.000000 
| Global Round : 36 | Client :9 | Local Epoch : 3 | [64/628 (11%)]	Loss1: 5.842023 Loss2: 0.000000 
| Global Round : 36 | Client :9 | Local Epoch : 4 | [64/628 (11%)]	Loss1: 5.843227 Loss2: 0.000000 
average loss:   5.839148471147295
average local test accuracy: 0.7942708333333333
average global test accuracy:  0.7889322916666668

 | Global Training Round : 37 |

xi_k [0.51657604 0.51562815 0.50340794 0.48186984 0.48325435 0.48468497
 0.52856614 0.49890691 0.5038604  0.48859912]
max_exp: -1.0
coe: 10
Regulation [0.8 0.8 0.8 0.8 0.8 0.8 0.8 0.8 0.8 0.8]
Solver status: optimal_inaccurate
b_new: [1. 1. 1. 1. 1. 1. 1. 1. 1. 1.]
Iter 0: obj=49.6535, best_obj=49.6535, ||b_new-b_prev||₂=2.846050
xi_k [0.51657604 0.51562815 0.50340794 0.48186984 0.48325435 0.48468497
 0.52856614 0.49890691 0.5038604  0.48859912]
max_exp: -1.0
coe: 10
Regulation [-1. -1. -1. -1. -1. -1. -1. -1. -1. -1.]
Solver status: optimal_inaccurate
b_new: [1. 1. 1. 1. 1. 1. 1. 1. 1. 1.]
Iter 1: obj=50.5535, best_obj=50.5535, ||b_new-b_prev||₂=0.000000
Converged.
Final b: [1. 1. 1. 1. 1. 1. 1. 1. 1. 1.]
<class 'numpy.ndarray'>
b_float: [1. 1. 1. 1. 1. 1. 1. 1. 1. 1.]
b: [1 1 1 1 1 1 1 1 1 1]
active_clients:  [0, 1, 2, 3, 4, 5, 6, 7, 8, 9]
Client 0's s_k are:[0 0 0 0 0 0 0 0 0 0]
Client 1's s_k are:[0 0 0 0 0 0 0 0 0 0]
Client 2's s_k are:[0 0 0 0 0 0 0 0 0 0]
Client 3's s_k are:[0 0 0 0 0 0 0 0 0 0]
Client 4's s_k are:[0 0 0 0 0 0 0 0 0 0]
Client 5's s_k are:[0 0 0 0 0 0 0 0 0 0]
Client 6's s_k are:[0 0 0 0 0 0 0 0 0 0]
Client 7's s_k are:[0 0 0 0 0 0 0 0 0 0]
Client 8's s_k are:[0 0 0 0 0 0 0 0 0 0]
Client 9's s_k are:[0 0 0 0 0 0 0 0 0 0]
| Global Round : 37 | Client :0 | Local Epoch : 0 | [64/594 (11%)]	Loss1: 5.842838 Loss2: 0.000000 
| Global Round : 37 | Client :0 | Local Epoch : 1 | [64/594 (11%)]	Loss1: 5.842671 Loss2: 0.000000 
| Global Round : 37 | Client :0 | Local Epoch : 2 | [64/594 (11%)]	Loss1: 5.840986 Loss2: 0.000000 
| Global Round : 37 | Client :0 | Local Epoch : 3 | [64/594 (11%)]	Loss1: 5.841931 Loss2: 0.000000 
| Global Round : 37 | Client :0 | Local Epoch : 4 | [64/594 (11%)]	Loss1: 5.841424 Loss2: 0.000000 
| Global Round : 37 | Client :1 | Local Epoch : 0 | [64/595 (11%)]	Loss1: 5.841429 Loss2: 0.000000 
| Global Round : 37 | Client :1 | Local Epoch : 1 | [64/595 (11%)]	Loss1: 5.842279 Loss2: 0.000000 
| Global Round : 37 | Client :1 | Local Epoch : 2 | [64/595 (11%)]	Loss1: 5.841481 Loss2: 0.000000 
| Global Round : 37 | Client :1 | Local Epoch : 3 | [64/595 (11%)]	Loss1: 5.840654 Loss2: 0.000000 
| Global Round : 37 | Client :1 | Local Epoch : 4 | [64/595 (11%)]	Loss1: 5.841017 Loss2: 0.000000 
| Global Round : 37 | Client :2 | Local Epoch : 0 | [64/474 (14%)]	Loss1: 5.841011 Loss2: 0.000000 
| Global Round : 37 | Client :2 | Local Epoch : 1 | [64/474 (14%)]	Loss1: 5.841562 Loss2: 0.000000 
| Global Round : 37 | Client :2 | Local Epoch : 2 | [64/474 (14%)]	Loss1: 5.841779 Loss2: 0.000000 
| Global Round : 37 | Client :2 | Local Epoch : 3 | [64/474 (14%)]	Loss1: 5.840904 Loss2: 0.000000 
| Global Round : 37 | Client :2 | Local Epoch : 4 | [64/474 (14%)]	Loss1: 5.841963 Loss2: 0.000000 
| Global Round : 37 | Client :3 | Local Epoch : 0 | [64/566 (12%)]	Loss1: 5.841381 Loss2: 0.000000 
| Global Round : 37 | Client :3 | Local Epoch : 1 | [64/566 (12%)]	Loss1: 5.843383 Loss2: 0.000000 
| Global Round : 37 | Client :3 | Local Epoch : 2 | [64/566 (12%)]	Loss1: 5.843009 Loss2: 0.000000 
| Global Round : 37 | Client :3 | Local Epoch : 3 | [64/566 (12%)]	Loss1: 5.842722 Loss2: 0.000000 
| Global Round : 37 | Client :3 | Local Epoch : 4 | [64/566 (12%)]	Loss1: 5.843372 Loss2: 0.000000 
| Global Round : 37 | Client :4 | Local Epoch : 0 | [64/635 (11%)]	Loss1: 5.842166 Loss2: 0.000000 
| Global Round : 37 | Client :4 | Local Epoch : 1 | [64/635 (11%)]	Loss1: 5.842769 Loss2: 0.000000 
| Global Round : 37 | Client :4 | Local Epoch : 2 | [64/635 (11%)]	Loss1: 5.841855 Loss2: 0.000000 
| Global Round : 37 | Client :4 | Local Epoch : 3 | [64/635 (11%)]	Loss1: 5.843864 Loss2: 0.000000 
| Global Round : 37 | Client :4 | Local Epoch : 4 | [64/635 (11%)]	Loss1: 5.842532 Loss2: 0.000000 
| Global Round : 37 | Client :5 | Local Epoch : 0 | [64/633 (11%)]	Loss1: 5.841774 Loss2: 0.000000 
| Global Round : 37 | Client :5 | Local Epoch : 1 | [64/633 (11%)]	Loss1: 5.842237 Loss2: 0.000000 
| Global Round : 37 | Client :5 | Local Epoch : 2 | [64/633 (11%)]	Loss1: 5.842078 Loss2: 0.000000 
| Global Round : 37 | Client :5 | Local Epoch : 3 | [64/633 (11%)]	Loss1: 5.840895 Loss2: 0.000000 
| Global Round : 37 | Client :5 | Local Epoch : 4 | [64/633 (11%)]	Loss1: 5.843334 Loss2: 0.000000 
| Global Round : 37 | Client :6 | Local Epoch : 0 | [64/645 (10%)]	Loss1: 5.841331 Loss2: 0.000000 
| Global Round : 37 | Client :6 | Local Epoch : 1 | [64/645 (10%)]	Loss1: 5.842059 Loss2: 0.000000 
| Global Round : 37 | Client :6 | Local Epoch : 2 | [64/645 (10%)]	Loss1: 5.842781 Loss2: 0.000000 
| Global Round : 37 | Client :6 | Local Epoch : 3 | [64/645 (10%)]	Loss1: 5.842142 Loss2: 0.000000 
| Global Round : 37 | Client :6 | Local Epoch : 4 | [64/645 (10%)]	Loss1: 5.840612 Loss2: 0.000000 
| Global Round : 37 | Client :7 | Local Epoch : 0 | [64/615 (11%)]	Loss1: 5.841536 Loss2: 0.000000 
| Global Round : 37 | Client :7 | Local Epoch : 1 | [64/615 (11%)]	Loss1: 5.841638 Loss2: 0.000000 
| Global Round : 37 | Client :7 | Local Epoch : 2 | [64/615 (11%)]	Loss1: 5.841466 Loss2: 0.000000 
| Global Round : 37 | Client :7 | Local Epoch : 3 | [64/615 (11%)]	Loss1: 5.841176 Loss2: 0.000000 
| Global Round : 37 | Client :7 | Local Epoch : 4 | [64/615 (11%)]	Loss1: 5.842351 Loss2: 0.000000 
| Global Round : 37 | Client :8 | Local Epoch : 0 | [64/609 (11%)]	Loss1: 5.841087 Loss2: 0.000000 
| Global Round : 37 | Client :8 | Local Epoch : 1 | [64/609 (11%)]	Loss1: 5.841639 Loss2: 0.000000 
| Global Round : 37 | Client :8 | Local Epoch : 2 | [64/609 (11%)]	Loss1: 5.841108 Loss2: 0.000000 
| Global Round : 37 | Client :8 | Local Epoch : 3 | [64/609 (11%)]	Loss1: 5.841845 Loss2: 0.000000 
| Global Round : 37 | Client :8 | Local Epoch : 4 | [64/609 (11%)]	Loss1: 5.841968 Loss2: 0.000000 
| Global Round : 37 | Client :9 | Local Epoch : 0 | [64/628 (11%)]	Loss1: 5.841798 Loss2: 0.000000 
| Global Round : 37 | Client :9 | Local Epoch : 1 | [64/628 (11%)]	Loss1: 5.842792 Loss2: 0.000000 
| Global Round : 37 | Client :9 | Local Epoch : 2 | [64/628 (11%)]	Loss1: 5.843254 Loss2: 0.000000 
| Global Round : 37 | Client :9 | Local Epoch : 3 | [64/628 (11%)]	Loss1: 5.842059 Loss2: 0.000000 
| Global Round : 37 | Client :9 | Local Epoch : 4 | [64/628 (11%)]	Loss1: 5.842491 Loss2: 0.000000 
average loss:   5.8391216568152124
average local test accuracy: 0.7966145833333333
average global test accuracy:  0.7841145833333334

 | Global Training Round : 38 |

xi_k [0.51655554 0.51567224 0.50342116 0.48187295 0.48329785 0.48470724
 0.52855753 0.49885745 0.50380116 0.48861083]
max_exp: -1.0
coe: 10
Regulation [0.8 0.8 0.8 0.8 0.8 0.8 0.8 0.8 0.8 0.8]
Solver status: optimal_inaccurate
b_new: [1. 1. 1. 1. 1. 1. 1. 1. 1. 1.]
Iter 0: obj=49.6535, best_obj=49.6535, ||b_new-b_prev||₂=2.846050
xi_k [0.51655554 0.51567224 0.50342116 0.48187295 0.48329785 0.48470724
 0.52855753 0.49885745 0.50380116 0.48861083]
max_exp: -1.0
coe: 10
Regulation [-1. -1. -1. -1. -1. -1. -1. -1. -1. -1.]
Solver status: optimal_inaccurate
b_new: [1. 1. 1. 1. 1. 1. 1. 1. 1. 1.]
Iter 1: obj=50.5535, best_obj=50.5535, ||b_new-b_prev||₂=0.000000
Converged.
Final b: [1. 1. 1. 1. 1. 1. 1. 1. 1. 1.]
<class 'numpy.ndarray'>
b_float: [1. 1. 1. 1. 1. 1. 1. 1. 1. 1.]
b: [1 1 1 1 1 1 1 1 1 1]
active_clients:  [0, 1, 2, 3, 4, 5, 6, 7, 8, 9]
Client 0's s_k are:[0 0 0 0 0 0 0 0 0 0]
Client 1's s_k are:[0 0 0 0 0 0 0 0 0 0]
Client 2's s_k are:[0 0 0 0 0 0 0 0 0 0]
Client 3's s_k are:[0 0 0 0 0 0 0 0 0 0]
Client 4's s_k are:[0 0 0 0 0 0 0 0 0 0]
Client 5's s_k are:[0 0 0 0 0 0 0 0 0 0]
Client 6's s_k are:[0 0 0 0 0 0 0 0 0 0]
Client 7's s_k are:[0 0 0 0 0 0 0 0 0 0]
Client 8's s_k are:[0 0 0 0 0 0 0 0 0 0]
Client 9's s_k are:[0 0 0 0 0 0 0 0 0 0]
| Global Round : 38 | Client :0 | Local Epoch : 0 | [64/594 (11%)]	Loss1: 5.841252 Loss2: 0.000000 
| Global Round : 38 | Client :0 | Local Epoch : 1 | [64/594 (11%)]	Loss1: 5.841717 Loss2: 0.000000 
| Global Round : 38 | Client :0 | Local Epoch : 2 | [64/594 (11%)]	Loss1: 5.842453 Loss2: 0.000000 
| Global Round : 38 | Client :0 | Local Epoch : 3 | [64/594 (11%)]	Loss1: 5.843261 Loss2: 0.000000 
| Global Round : 38 | Client :0 | Local Epoch : 4 | [64/594 (11%)]	Loss1: 5.841593 Loss2: 0.000000 
| Global Round : 38 | Client :1 | Local Epoch : 0 | [64/595 (11%)]	Loss1: 5.842216 Loss2: 0.000000 
| Global Round : 38 | Client :1 | Local Epoch : 1 | [64/595 (11%)]	Loss1: 5.841197 Loss2: 0.000000 
| Global Round : 38 | Client :1 | Local Epoch : 2 | [64/595 (11%)]	Loss1: 5.841597 Loss2: 0.000000 
| Global Round : 38 | Client :1 | Local Epoch : 3 | [64/595 (11%)]	Loss1: 5.841486 Loss2: 0.000000 
| Global Round : 38 | Client :1 | Local Epoch : 4 | [64/595 (11%)]	Loss1: 5.841505 Loss2: 0.000000 
| Global Round : 38 | Client :2 | Local Epoch : 0 | [64/474 (14%)]	Loss1: 5.841363 Loss2: 0.000000 
| Global Round : 38 | Client :2 | Local Epoch : 1 | [64/474 (14%)]	Loss1: 5.841732 Loss2: 0.000000 
| Global Round : 38 | Client :2 | Local Epoch : 2 | [64/474 (14%)]	Loss1: 5.841231 Loss2: 0.000000 
| Global Round : 38 | Client :2 | Local Epoch : 3 | [64/474 (14%)]	Loss1: 5.841424 Loss2: 0.000000 
| Global Round : 38 | Client :2 | Local Epoch : 4 | [64/474 (14%)]	Loss1: 5.840725 Loss2: 0.000000 
| Global Round : 38 | Client :3 | Local Epoch : 0 | [64/566 (12%)]	Loss1: 5.842874 Loss2: 0.000000 
| Global Round : 38 | Client :3 | Local Epoch : 1 | [64/566 (12%)]	Loss1: 5.841604 Loss2: 0.000000 
| Global Round : 38 | Client :3 | Local Epoch : 2 | [64/566 (12%)]	Loss1: 5.843576 Loss2: 0.000000 
| Global Round : 38 | Client :3 | Local Epoch : 3 | [64/566 (12%)]	Loss1: 5.843389 Loss2: 0.000000 
| Global Round : 38 | Client :3 | Local Epoch : 4 | [64/566 (12%)]	Loss1: 5.841651 Loss2: 0.000000 
| Global Round : 38 | Client :4 | Local Epoch : 0 | [64/635 (11%)]	Loss1: 5.843886 Loss2: 0.000000 
| Global Round : 38 | Client :4 | Local Epoch : 1 | [64/635 (11%)]	Loss1: 5.842613 Loss2: 0.000000 
| Global Round : 38 | Client :4 | Local Epoch : 2 | [64/635 (11%)]	Loss1: 5.841883 Loss2: 0.000000 
| Global Round : 38 | Client :4 | Local Epoch : 3 | [64/635 (11%)]	Loss1: 5.841321 Loss2: 0.000000 
| Global Round : 38 | Client :4 | Local Epoch : 4 | [64/635 (11%)]	Loss1: 5.841847 Loss2: 0.000000 
| Global Round : 38 | Client :5 | Local Epoch : 0 | [64/633 (11%)]	Loss1: 5.841251 Loss2: 0.000000 
| Global Round : 38 | Client :5 | Local Epoch : 1 | [64/633 (11%)]	Loss1: 5.841019 Loss2: 0.000000 
| Global Round : 38 | Client :5 | Local Epoch : 2 | [64/633 (11%)]	Loss1: 5.841861 Loss2: 0.000000 
| Global Round : 38 | Client :5 | Local Epoch : 3 | [64/633 (11%)]	Loss1: 5.842024 Loss2: 0.000000 
| Global Round : 38 | Client :5 | Local Epoch : 4 | [64/633 (11%)]	Loss1: 5.842073 Loss2: 0.000000 
| Global Round : 38 | Client :6 | Local Epoch : 0 | [64/645 (10%)]	Loss1: 5.843349 Loss2: 0.000000 
| Global Round : 38 | Client :6 | Local Epoch : 1 | [64/645 (10%)]	Loss1: 5.842585 Loss2: 0.000000 
| Global Round : 38 | Client :6 | Local Epoch : 2 | [64/645 (10%)]	Loss1: 5.842117 Loss2: 0.000000 
| Global Round : 38 | Client :6 | Local Epoch : 3 | [64/645 (10%)]	Loss1: 5.842069 Loss2: 0.000000 
| Global Round : 38 | Client :6 | Local Epoch : 4 | [64/645 (10%)]	Loss1: 5.841705 Loss2: 0.000000 
| Global Round : 38 | Client :7 | Local Epoch : 0 | [64/615 (11%)]	Loss1: 5.841159 Loss2: 0.000000 
| Global Round : 38 | Client :7 | Local Epoch : 1 | [64/615 (11%)]	Loss1: 5.842012 Loss2: 0.000000 
| Global Round : 38 | Client :7 | Local Epoch : 2 | [64/615 (11%)]	Loss1: 5.841266 Loss2: 0.000000 
| Global Round : 38 | Client :7 | Local Epoch : 3 | [64/615 (11%)]	Loss1: 5.841788 Loss2: 0.000000 
| Global Round : 38 | Client :7 | Local Epoch : 4 | [64/615 (11%)]	Loss1: 5.841334 Loss2: 0.000000 
| Global Round : 38 | Client :8 | Local Epoch : 0 | [64/609 (11%)]	Loss1: 5.842260 Loss2: 0.000000 
| Global Round : 38 | Client :8 | Local Epoch : 1 | [64/609 (11%)]	Loss1: 5.841946 Loss2: 0.000000 
| Global Round : 38 | Client :8 | Local Epoch : 2 | [64/609 (11%)]	Loss1: 5.842412 Loss2: 0.000000 
| Global Round : 38 | Client :8 | Local Epoch : 3 | [64/609 (11%)]	Loss1: 5.842290 Loss2: 0.000000 
| Global Round : 38 | Client :8 | Local Epoch : 4 | [64/609 (11%)]	Loss1: 5.842348 Loss2: 0.000000 
| Global Round : 38 | Client :9 | Local Epoch : 0 | [64/628 (11%)]	Loss1: 5.842445 Loss2: 0.000000 
| Global Round : 38 | Client :9 | Local Epoch : 1 | [64/628 (11%)]	Loss1: 5.843236 Loss2: 0.000000 
| Global Round : 38 | Client :9 | Local Epoch : 2 | [64/628 (11%)]	Loss1: 5.840819 Loss2: 0.000000 
| Global Round : 38 | Client :9 | Local Epoch : 3 | [64/628 (11%)]	Loss1: 5.841722 Loss2: 0.000000 
| Global Round : 38 | Client :9 | Local Epoch : 4 | [64/628 (11%)]	Loss1: 5.841176 Loss2: 0.000000 
average loss:   5.839056981972286
average local test accuracy: 0.7992187499999999
average global test accuracy:  0.8170572916666666

 | Global Training Round : 39 |

xi_k [0.51658788 0.51560883 0.50338024 0.48189256 0.48321355 0.48469387
 0.52855121 0.49884933 0.50380421 0.48857116]
max_exp: -1.0
coe: 10
Regulation [0.8 0.8 0.8 0.8 0.8 0.8 0.8 0.8 0.8 0.8]
Solver status: optimal_inaccurate
b_new: [1. 1. 1. 1. 1. 1. 1. 1. 1. 1.]
Iter 0: obj=49.6515, best_obj=49.6515, ||b_new-b_prev||₂=2.846050
xi_k [0.51658788 0.51560883 0.50338024 0.48189256 0.48321355 0.48469387
 0.52855121 0.49884933 0.50380421 0.48857116]
max_exp: -1.0
coe: 10
Regulation [-1. -1. -1. -1. -1. -1. -1. -1. -1. -1.]
Solver status: optimal_inaccurate
b_new: [1. 1. 1. 1. 1. 1. 1. 1. 1. 1.]
Iter 1: obj=50.5515, best_obj=50.5515, ||b_new-b_prev||₂=0.000000
Converged.
Final b: [1. 1. 1. 1. 1. 1. 1. 1. 1. 1.]
<class 'numpy.ndarray'>
b_float: [1. 1. 1. 1. 1. 1. 1. 1. 1. 1.]
b: [1 1 1 1 1 1 1 1 1 1]
active_clients:  [0, 1, 2, 3, 4, 5, 6, 7, 8, 9]
Client 0's s_k are:[0 0 0 0 0 0 0 0 0 0]
Client 1's s_k are:[0 0 0 0 0 0 0 0 0 0]
Client 2's s_k are:[0 0 0 0 0 0 0 0 0 0]
Client 3's s_k are:[0 0 0 0 0 0 0 0 0 0]
Client 4's s_k are:[0 0 0 0 0 0 0 0 0 0]
Client 5's s_k are:[0 0 0 0 0 0 0 0 0 0]
Client 6's s_k are:[0 0 0 0 0 0 0 0 0 0]
Client 7's s_k are:[0 0 0 0 0 0 0 0 0 0]
Client 8's s_k are:[0 0 0 0 0 0 0 0 0 0]
Client 9's s_k are:[0 0 0 0 0 0 0 0 0 0]
| Global Round : 39 | Client :0 | Local Epoch : 0 | [64/594 (11%)]	Loss1: 5.841371 Loss2: 0.000000 
| Global Round : 39 | Client :0 | Local Epoch : 1 | [64/594 (11%)]	Loss1: 5.841348 Loss2: 0.000000 
| Global Round : 39 | Client :0 | Local Epoch : 2 | [64/594 (11%)]	Loss1: 5.842284 Loss2: 0.000000 
| Global Round : 39 | Client :0 | Local Epoch : 3 | [64/594 (11%)]	Loss1: 5.841545 Loss2: 0.000000 
| Global Round : 39 | Client :0 | Local Epoch : 4 | [64/594 (11%)]	Loss1: 5.842254 Loss2: 0.000000 
| Global Round : 39 | Client :1 | Local Epoch : 0 | [64/595 (11%)]	Loss1: 5.843204 Loss2: 0.000000 
| Global Round : 39 | Client :1 | Local Epoch : 1 | [64/595 (11%)]	Loss1: 5.842289 Loss2: 0.000000 
| Global Round : 39 | Client :1 | Local Epoch : 2 | [64/595 (11%)]	Loss1: 5.841049 Loss2: 0.000000 
| Global Round : 39 | Client :1 | Local Epoch : 3 | [64/595 (11%)]	Loss1: 5.840918 Loss2: 0.000000 
| Global Round : 39 | Client :1 | Local Epoch : 4 | [64/595 (11%)]	Loss1: 5.842729 Loss2: 0.000000 
| Global Round : 39 | Client :2 | Local Epoch : 0 | [64/474 (14%)]	Loss1: 5.840915 Loss2: 0.000000 
| Global Round : 39 | Client :2 | Local Epoch : 1 | [64/474 (14%)]	Loss1: 5.841750 Loss2: 0.000000 
| Global Round : 39 | Client :2 | Local Epoch : 2 | [64/474 (14%)]	Loss1: 5.842950 Loss2: 0.000000 
| Global Round : 39 | Client :2 | Local Epoch : 3 | [64/474 (14%)]	Loss1: 5.840793 Loss2: 0.000000 
| Global Round : 39 | Client :2 | Local Epoch : 4 | [64/474 (14%)]	Loss1: 5.841474 Loss2: 0.000000 
| Global Round : 39 | Client :3 | Local Epoch : 0 | [64/566 (12%)]	Loss1: 5.842653 Loss2: 0.000000 
| Global Round : 39 | Client :3 | Local Epoch : 1 | [64/566 (12%)]	Loss1: 5.842151 Loss2: 0.000000 
| Global Round : 39 | Client :3 | Local Epoch : 2 | [64/566 (12%)]	Loss1: 5.842402 Loss2: 0.000000 
| Global Round : 39 | Client :3 | Local Epoch : 3 | [64/566 (12%)]	Loss1: 5.842079 Loss2: 0.000000 
| Global Round : 39 | Client :3 | Local Epoch : 4 | [64/566 (12%)]	Loss1: 5.840928 Loss2: 0.000000 
| Global Round : 39 | Client :4 | Local Epoch : 0 | [64/635 (11%)]	Loss1: 5.842386 Loss2: 0.000000 
| Global Round : 39 | Client :4 | Local Epoch : 1 | [64/635 (11%)]	Loss1: 5.842926 Loss2: 0.000000 
| Global Round : 39 | Client :4 | Local Epoch : 2 | [64/635 (11%)]	Loss1: 5.842510 Loss2: 0.000000 
| Global Round : 39 | Client :4 | Local Epoch : 3 | [64/635 (11%)]	Loss1: 5.841035 Loss2: 0.000000 
| Global Round : 39 | Client :4 | Local Epoch : 4 | [64/635 (11%)]	Loss1: 5.843063 Loss2: 0.000000 
| Global Round : 39 | Client :5 | Local Epoch : 0 | [64/633 (11%)]	Loss1: 5.841444 Loss2: 0.000000 
| Global Round : 39 | Client :5 | Local Epoch : 1 | [64/633 (11%)]	Loss1: 5.841868 Loss2: 0.000000 
| Global Round : 39 | Client :5 | Local Epoch : 2 | [64/633 (11%)]	Loss1: 5.842225 Loss2: 0.000000 
| Global Round : 39 | Client :5 | Local Epoch : 3 | [64/633 (11%)]	Loss1: 5.841467 Loss2: 0.000000 
| Global Round : 39 | Client :5 | Local Epoch : 4 | [64/633 (11%)]	Loss1: 5.842268 Loss2: 0.000000 
| Global Round : 39 | Client :6 | Local Epoch : 0 | [64/645 (10%)]	Loss1: 5.841089 Loss2: 0.000000 
| Global Round : 39 | Client :6 | Local Epoch : 1 | [64/645 (10%)]	Loss1: 5.841643 Loss2: 0.000000 
| Global Round : 39 | Client :6 | Local Epoch : 2 | [64/645 (10%)]	Loss1: 5.842648 Loss2: 0.000000 
| Global Round : 39 | Client :6 | Local Epoch : 3 | [64/645 (10%)]	Loss1: 5.841622 Loss2: 0.000000 
| Global Round : 39 | Client :6 | Local Epoch : 4 | [64/645 (10%)]	Loss1: 5.841258 Loss2: 0.000000 
| Global Round : 39 | Client :7 | Local Epoch : 0 | [64/615 (11%)]	Loss1: 5.842482 Loss2: 0.000000 
| Global Round : 39 | Client :7 | Local Epoch : 1 | [64/615 (11%)]	Loss1: 5.842524 Loss2: 0.000000 
| Global Round : 39 | Client :7 | Local Epoch : 2 | [64/615 (11%)]	Loss1: 5.843005 Loss2: 0.000000 
| Global Round : 39 | Client :7 | Local Epoch : 3 | [64/615 (11%)]	Loss1: 5.840724 Loss2: 0.000000 
| Global Round : 39 | Client :7 | Local Epoch : 4 | [64/615 (11%)]	Loss1: 5.842494 Loss2: 0.000000 
| Global Round : 39 | Client :8 | Local Epoch : 0 | [64/609 (11%)]	Loss1: 5.840642 Loss2: 0.000000 
| Global Round : 39 | Client :8 | Local Epoch : 1 | [64/609 (11%)]	Loss1: 5.841907 Loss2: 0.000000 
| Global Round : 39 | Client :8 | Local Epoch : 2 | [64/609 (11%)]	Loss1: 5.843112 Loss2: 0.000000 
| Global Round : 39 | Client :8 | Local Epoch : 3 | [64/609 (11%)]	Loss1: 5.842828 Loss2: 0.000000 
| Global Round : 39 | Client :8 | Local Epoch : 4 | [64/609 (11%)]	Loss1: 5.841251 Loss2: 0.000000 
| Global Round : 39 | Client :9 | Local Epoch : 0 | [64/628 (11%)]	Loss1: 5.842231 Loss2: 0.000000 
| Global Round : 39 | Client :9 | Local Epoch : 1 | [64/628 (11%)]	Loss1: 5.842166 Loss2: 0.000000 
| Global Round : 39 | Client :9 | Local Epoch : 2 | [64/628 (11%)]	Loss1: 5.842433 Loss2: 0.000000 
| Global Round : 39 | Client :9 | Local Epoch : 3 | [64/628 (11%)]	Loss1: 5.842086 Loss2: 0.000000 
| Global Round : 39 | Client :9 | Local Epoch : 4 | [64/628 (11%)]	Loss1: 5.842666 Loss2: 0.000000 
average loss:   5.838972581927739
average local test accuracy: 0.7963541666666666
average global test accuracy:  0.7845052083333334

 | Global Training Round : 40 |

xi_k [0.51651782 0.51563259 0.50336801 0.48187872 0.48319441 0.48470511
 0.52851413 0.49883792 0.50378816 0.48857609]
max_exp: -1.0
coe: 10
Regulation [0.8 0.8 0.8 0.8 0.8 0.8 0.8 0.8 0.8 0.8]
Solver status: optimal_inaccurate
b_new: [1. 1. 1. 1. 1. 1. 1. 1. 1. 1.]
Iter 0: obj=49.6501, best_obj=49.6501, ||b_new-b_prev||₂=2.846050
xi_k [0.51651782 0.51563259 0.50336801 0.48187872 0.48319441 0.48470511
 0.52851413 0.49883792 0.50378816 0.48857609]
max_exp: -1.0
coe: 10
Regulation [-1. -1. -1. -1. -1. -1. -1. -1. -1. -1.]
Solver status: optimal_inaccurate
b_new: [1. 1. 1. 1. 1. 1. 1. 1. 1. 1.]
Iter 1: obj=50.5501, best_obj=50.5501, ||b_new-b_prev||₂=0.000000
Converged.
Final b: [1. 1. 1. 1. 1. 1. 1. 1. 1. 1.]
<class 'numpy.ndarray'>
b_float: [1. 1. 1. 1. 1. 1. 1. 1. 1. 1.]
b: [1 1 1 1 1 1 1 1 1 1]
active_clients:  [0, 1, 2, 3, 4, 5, 6, 7, 8, 9]
Client 0's s_k are:[0 0 0 0 0 0 0 0 0 0]
Client 1's s_k are:[0 0 0 0 0 0 0 0 0 0]
Client 2's s_k are:[0 0 0 0 0 0 0 0 0 0]
Client 3's s_k are:[0 0 0 0 0 0 0 0 0 0]
Client 4's s_k are:[0 0 0 0 0 0 0 0 0 0]
Client 5's s_k are:[0 0 0 0 0 0 0 0 0 0]
Client 6's s_k are:[0 0 0 0 0 0 0 0 0 0]
Client 7's s_k are:[0 0 0 0 0 0 0 0 0 0]
Client 8's s_k are:[0 0 0 0 0 0 0 0 0 0]
Client 9's s_k are:[0 0 0 0 0 0 0 0 0 0]
| Global Round : 40 | Client :0 | Local Epoch : 0 | [64/594 (11%)]	Loss1: 5.841488 Loss2: 0.000000 
| Global Round : 40 | Client :0 | Local Epoch : 1 | [64/594 (11%)]	Loss1: 5.842113 Loss2: 0.000000 
| Global Round : 40 | Client :0 | Local Epoch : 2 | [64/594 (11%)]	Loss1: 5.840385 Loss2: 0.000000 
| Global Round : 40 | Client :0 | Local Epoch : 3 | [64/594 (11%)]	Loss1: 5.843110 Loss2: 0.000000 
| Global Round : 40 | Client :0 | Local Epoch : 4 | [64/594 (11%)]	Loss1: 5.842750 Loss2: 0.000000 
| Global Round : 40 | Client :1 | Local Epoch : 0 | [64/595 (11%)]	Loss1: 5.841353 Loss2: 0.000000 
| Global Round : 40 | Client :1 | Local Epoch : 1 | [64/595 (11%)]	Loss1: 5.841288 Loss2: 0.000000 
| Global Round : 40 | Client :1 | Local Epoch : 2 | [64/595 (11%)]	Loss1: 5.840570 Loss2: 0.000000 
| Global Round : 40 | Client :1 | Local Epoch : 3 | [64/595 (11%)]	Loss1: 5.842384 Loss2: 0.000000 
| Global Round : 40 | Client :1 | Local Epoch : 4 | [64/595 (11%)]	Loss1: 5.841329 Loss2: 0.000000 
| Global Round : 40 | Client :2 | Local Epoch : 0 | [64/474 (14%)]	Loss1: 5.840065 Loss2: 0.000000 
| Global Round : 40 | Client :2 | Local Epoch : 1 | [64/474 (14%)]	Loss1: 5.841416 Loss2: 0.000000 
| Global Round : 40 | Client :2 | Local Epoch : 2 | [64/474 (14%)]	Loss1: 5.842337 Loss2: 0.000000 
| Global Round : 40 | Client :2 | Local Epoch : 3 | [64/474 (14%)]	Loss1: 5.841299 Loss2: 0.000000 
| Global Round : 40 | Client :2 | Local Epoch : 4 | [64/474 (14%)]	Loss1: 5.841057 Loss2: 0.000000 
| Global Round : 40 | Client :3 | Local Epoch : 0 | [64/566 (12%)]	Loss1: 5.841857 Loss2: 0.000000 
| Global Round : 40 | Client :3 | Local Epoch : 1 | [64/566 (12%)]	Loss1: 5.843362 Loss2: 0.000000 
| Global Round : 40 | Client :3 | Local Epoch : 2 | [64/566 (12%)]	Loss1: 5.841211 Loss2: 0.000000 
| Global Round : 40 | Client :3 | Local Epoch : 3 | [64/566 (12%)]	Loss1: 5.841255 Loss2: 0.000000 
| Global Round : 40 | Client :3 | Local Epoch : 4 | [64/566 (12%)]	Loss1: 5.842416 Loss2: 0.000000 
| Global Round : 40 | Client :4 | Local Epoch : 0 | [64/635 (11%)]	Loss1: 5.842735 Loss2: 0.000000 
| Global Round : 40 | Client :4 | Local Epoch : 1 | [64/635 (11%)]	Loss1: 5.842741 Loss2: 0.000000 
| Global Round : 40 | Client :4 | Local Epoch : 2 | [64/635 (11%)]	Loss1: 5.841257 Loss2: 0.000000 
| Global Round : 40 | Client :4 | Local Epoch : 3 | [64/635 (11%)]	Loss1: 5.841367 Loss2: 0.000000 
| Global Round : 40 | Client :4 | Local Epoch : 4 | [64/635 (11%)]	Loss1: 5.843353 Loss2: 0.000000 
| Global Round : 40 | Client :5 | Local Epoch : 0 | [64/633 (11%)]	Loss1: 5.840825 Loss2: 0.000000 
| Global Round : 40 | Client :5 | Local Epoch : 1 | [64/633 (11%)]	Loss1: 5.840996 Loss2: 0.000000 
| Global Round : 40 | Client :5 | Local Epoch : 2 | [64/633 (11%)]	Loss1: 5.842018 Loss2: 0.000000 
| Global Round : 40 | Client :5 | Local Epoch : 3 | [64/633 (11%)]	Loss1: 5.842072 Loss2: 0.000000 
| Global Round : 40 | Client :5 | Local Epoch : 4 | [64/633 (11%)]	Loss1: 5.841520 Loss2: 0.000000 
| Global Round : 40 | Client :6 | Local Epoch : 0 | [64/645 (10%)]	Loss1: 5.841968 Loss2: 0.000000 
| Global Round : 40 | Client :6 | Local Epoch : 1 | [64/645 (10%)]	Loss1: 5.842744 Loss2: 0.000000 
| Global Round : 40 | Client :6 | Local Epoch : 2 | [64/645 (10%)]	Loss1: 5.842846 Loss2: 0.000000 
| Global Round : 40 | Client :6 | Local Epoch : 3 | [64/645 (10%)]	Loss1: 5.841986 Loss2: 0.000000 
| Global Round : 40 | Client :6 | Local Epoch : 4 | [64/645 (10%)]	Loss1: 5.841893 Loss2: 0.000000 
| Global Round : 40 | Client :7 | Local Epoch : 0 | [64/615 (11%)]	Loss1: 5.841805 Loss2: 0.000000 
| Global Round : 40 | Client :7 | Local Epoch : 1 | [64/615 (11%)]	Loss1: 5.841836 Loss2: 0.000000 
| Global Round : 40 | Client :7 | Local Epoch : 2 | [64/615 (11%)]	Loss1: 5.841217 Loss2: 0.000000 
| Global Round : 40 | Client :7 | Local Epoch : 3 | [64/615 (11%)]	Loss1: 5.841273 Loss2: 0.000000 
| Global Round : 40 | Client :7 | Local Epoch : 4 | [64/615 (11%)]	Loss1: 5.842448 Loss2: 0.000000 
| Global Round : 40 | Client :8 | Local Epoch : 0 | [64/609 (11%)]	Loss1: 5.842103 Loss2: 0.000000 
| Global Round : 40 | Client :8 | Local Epoch : 1 | [64/609 (11%)]	Loss1: 5.842954 Loss2: 0.000000 
| Global Round : 40 | Client :8 | Local Epoch : 2 | [64/609 (11%)]	Loss1: 5.842770 Loss2: 0.000000 
| Global Round : 40 | Client :8 | Local Epoch : 3 | [64/609 (11%)]	Loss1: 5.842499 Loss2: 0.000000 
| Global Round : 40 | Client :8 | Local Epoch : 4 | [64/609 (11%)]	Loss1: 5.842279 Loss2: 0.000000 
| Global Round : 40 | Client :9 | Local Epoch : 0 | [64/628 (11%)]	Loss1: 5.841993 Loss2: 0.000000 
| Global Round : 40 | Client :9 | Local Epoch : 1 | [64/628 (11%)]	Loss1: 5.842952 Loss2: 0.000000 
| Global Round : 40 | Client :9 | Local Epoch : 2 | [64/628 (11%)]	Loss1: 5.841102 Loss2: 0.000000 
| Global Round : 40 | Client :9 | Local Epoch : 3 | [64/628 (11%)]	Loss1: 5.842042 Loss2: 0.000000 
| Global Round : 40 | Client :9 | Local Epoch : 4 | [64/628 (11%)]	Loss1: 5.842030 Loss2: 0.000000 
average loss:   5.8390417158036
average local test accuracy: 0.7953124999999999
average global test accuracy:  0.8286458333333334

 | Global Training Round : 41 |

xi_k [0.51659569 0.5155891  0.50336325 0.4818373  0.48326615 0.4846788
 0.52852627 0.49883769 0.50382397 0.48861722]
max_exp: -1.0
coe: 10
Regulation [0.8 0.8 0.8 0.8 0.8 0.8 0.8 0.8 0.8 0.8]
Solver status: optimal_inaccurate
b_new: [1. 1. 1. 1. 1. 1. 1. 1. 1. 1.]
Iter 0: obj=49.6514, best_obj=49.6514, ||b_new-b_prev||₂=2.846050
xi_k [0.51659569 0.5155891  0.50336325 0.4818373  0.48326615 0.4846788
 0.52852627 0.49883769 0.50382397 0.48861722]
max_exp: -1.0
coe: 10
Regulation [-1. -1. -1. -1. -1. -1. -1. -1. -1. -1.]
Solver status: optimal_inaccurate
b_new: [1. 1. 1. 1. 1. 1. 1. 1. 1. 1.]
Iter 1: obj=50.5514, best_obj=50.5514, ||b_new-b_prev||₂=0.000000
Converged.
Final b: [1. 1. 1. 1. 1. 1. 1. 1. 1. 1.]
<class 'numpy.ndarray'>
b_float: [1. 1. 1. 1. 1. 1. 1. 1. 1. 1.]
b: [1 1 1 1 1 1 1 1 1 1]
active_clients:  [0, 1, 2, 3, 4, 5, 6, 7, 8, 9]
Client 0's s_k are:[0 0 0 0 0 0 0 0 0 0]
Client 1's s_k are:[0 0 0 0 0 0 0 0 0 0]
Client 2's s_k are:[0 0 0 0 0 0 0 0 0 0]
Client 3's s_k are:[0 0 0 0 0 0 0 0 0 0]
Client 4's s_k are:[0 0 0 0 0 0 0 0 0 0]
Client 5's s_k are:[0 0 0 0 0 0 0 0 0 0]
Client 6's s_k are:[0 0 0 0 0 0 0 0 0 0]
Client 7's s_k are:[0 0 0 0 0 0 0 0 0 0]
Client 8's s_k are:[0 0 0 0 0 0 0 0 0 0]
Client 9's s_k are:[0 0 0 0 0 0 0 0 0 0]
| Global Round : 41 | Client :0 | Local Epoch : 0 | [64/594 (11%)]	Loss1: 5.841422 Loss2: 0.000000 
| Global Round : 41 | Client :0 | Local Epoch : 1 | [64/594 (11%)]	Loss1: 5.841560 Loss2: 0.000000 
| Global Round : 41 | Client :0 | Local Epoch : 2 | [64/594 (11%)]	Loss1: 5.843206 Loss2: 0.000000 
| Global Round : 41 | Client :0 | Local Epoch : 3 | [64/594 (11%)]	Loss1: 5.842873 Loss2: 0.000000 
| Global Round : 41 | Client :0 | Local Epoch : 4 | [64/594 (11%)]	Loss1: 5.843950 Loss2: 0.000000 
| Global Round : 41 | Client :1 | Local Epoch : 0 | [64/595 (11%)]	Loss1: 5.843008 Loss2: 0.000000 
| Global Round : 41 | Client :1 | Local Epoch : 1 | [64/595 (11%)]	Loss1: 5.841531 Loss2: 0.000000 
| Global Round : 41 | Client :1 | Local Epoch : 2 | [64/595 (11%)]	Loss1: 5.842469 Loss2: 0.000000 
| Global Round : 41 | Client :1 | Local Epoch : 3 | [64/595 (11%)]	Loss1: 5.840826 Loss2: 0.000000 
| Global Round : 41 | Client :1 | Local Epoch : 4 | [64/595 (11%)]	Loss1: 5.841609 Loss2: 0.000000 
| Global Round : 41 | Client :2 | Local Epoch : 0 | [64/474 (14%)]	Loss1: 5.841064 Loss2: 0.000000 
| Global Round : 41 | Client :2 | Local Epoch : 1 | [64/474 (14%)]	Loss1: 5.841724 Loss2: 0.000000 
| Global Round : 41 | Client :2 | Local Epoch : 2 | [64/474 (14%)]	Loss1: 5.842008 Loss2: 0.000000 
| Global Round : 41 | Client :2 | Local Epoch : 3 | [64/474 (14%)]	Loss1: 5.840909 Loss2: 0.000000 
| Global Round : 41 | Client :2 | Local Epoch : 4 | [64/474 (14%)]	Loss1: 5.841854 Loss2: 0.000000 
| Global Round : 41 | Client :3 | Local Epoch : 0 | [64/566 (12%)]	Loss1: 5.840954 Loss2: 0.000000 
| Global Round : 41 | Client :3 | Local Epoch : 1 | [64/566 (12%)]	Loss1: 5.842873 Loss2: 0.000000 
| Global Round : 41 | Client :3 | Local Epoch : 2 | [64/566 (12%)]	Loss1: 5.842445 Loss2: 0.000000 
| Global Round : 41 | Client :3 | Local Epoch : 3 | [64/566 (12%)]	Loss1: 5.841958 Loss2: 0.000000 
| Global Round : 41 | Client :3 | Local Epoch : 4 | [64/566 (12%)]	Loss1: 5.840909 Loss2: 0.000000 
| Global Round : 41 | Client :4 | Local Epoch : 0 | [64/635 (11%)]	Loss1: 5.842370 Loss2: 0.000000 
| Global Round : 41 | Client :4 | Local Epoch : 1 | [64/635 (11%)]	Loss1: 5.841262 Loss2: 0.000000 
| Global Round : 41 | Client :4 | Local Epoch : 2 | [64/635 (11%)]	Loss1: 5.842733 Loss2: 0.000000 
| Global Round : 41 | Client :4 | Local Epoch : 3 | [64/635 (11%)]	Loss1: 5.842287 Loss2: 0.000000 
| Global Round : 41 | Client :4 | Local Epoch : 4 | [64/635 (11%)]	Loss1: 5.841565 Loss2: 0.000000 
| Global Round : 41 | Client :5 | Local Epoch : 0 | [64/633 (11%)]	Loss1: 5.841948 Loss2: 0.000000 
| Global Round : 41 | Client :5 | Local Epoch : 1 | [64/633 (11%)]	Loss1: 5.842113 Loss2: 0.000000 
| Global Round : 41 | Client :5 | Local Epoch : 2 | [64/633 (11%)]	Loss1: 5.841957 Loss2: 0.000000 
| Global Round : 41 | Client :5 | Local Epoch : 3 | [64/633 (11%)]	Loss1: 5.842265 Loss2: 0.000000 
| Global Round : 41 | Client :5 | Local Epoch : 4 | [64/633 (11%)]	Loss1: 5.841197 Loss2: 0.000000 
| Global Round : 41 | Client :6 | Local Epoch : 0 | [64/645 (10%)]	Loss1: 5.841035 Loss2: 0.000000 
| Global Round : 41 | Client :6 | Local Epoch : 1 | [64/645 (10%)]	Loss1: 5.842018 Loss2: 0.000000 
| Global Round : 41 | Client :6 | Local Epoch : 2 | [64/645 (10%)]	Loss1: 5.843042 Loss2: 0.000000 
| Global Round : 41 | Client :6 | Local Epoch : 3 | [64/645 (10%)]	Loss1: 5.841696 Loss2: 0.000000 
| Global Round : 41 | Client :6 | Local Epoch : 4 | [64/645 (10%)]	Loss1: 5.842006 Loss2: 0.000000 
| Global Round : 41 | Client :7 | Local Epoch : 0 | [64/615 (11%)]	Loss1: 5.841483 Loss2: 0.000000 
| Global Round : 41 | Client :7 | Local Epoch : 1 | [64/615 (11%)]	Loss1: 5.842862 Loss2: 0.000000 
| Global Round : 41 | Client :7 | Local Epoch : 2 | [64/615 (11%)]	Loss1: 5.841722 Loss2: 0.000000 
| Global Round : 41 | Client :7 | Local Epoch : 3 | [64/615 (11%)]	Loss1: 5.842936 Loss2: 0.000000 
| Global Round : 41 | Client :7 | Local Epoch : 4 | [64/615 (11%)]	Loss1: 5.841448 Loss2: 0.000000 
| Global Round : 41 | Client :8 | Local Epoch : 0 | [64/609 (11%)]	Loss1: 5.841806 Loss2: 0.000000 
| Global Round : 41 | Client :8 | Local Epoch : 1 | [64/609 (11%)]	Loss1: 5.841518 Loss2: 0.000000 
| Global Round : 41 | Client :8 | Local Epoch : 2 | [64/609 (11%)]	Loss1: 5.841690 Loss2: 0.000000 
| Global Round : 41 | Client :8 | Local Epoch : 3 | [64/609 (11%)]	Loss1: 5.842717 Loss2: 0.000000 
| Global Round : 41 | Client :8 | Local Epoch : 4 | [64/609 (11%)]	Loss1: 5.841996 Loss2: 0.000000 
| Global Round : 41 | Client :9 | Local Epoch : 0 | [64/628 (11%)]	Loss1: 5.842401 Loss2: 0.000000 
| Global Round : 41 | Client :9 | Local Epoch : 1 | [64/628 (11%)]	Loss1: 5.842557 Loss2: 0.000000 
| Global Round : 41 | Client :9 | Local Epoch : 2 | [64/628 (11%)]	Loss1: 5.841014 Loss2: 0.000000 
| Global Round : 41 | Client :9 | Local Epoch : 3 | [64/628 (11%)]	Loss1: 5.841792 Loss2: 0.000000 
| Global Round : 41 | Client :9 | Local Epoch : 4 | [64/628 (11%)]	Loss1: 5.842319 Loss2: 0.000000 
average loss:   5.838914176906858
average local test accuracy: 0.7916666666666667
average global test accuracy:  0.8154947916666666

 | Global Training Round : 42 |

xi_k [0.51652253 0.51557758 0.50337779 0.48183583 0.48319677 0.48471039
 0.52852954 0.49883549 0.50381178 0.48858485]
max_exp: -1.0
coe: 10
Regulation [0.8 0.8 0.8 0.8 0.8 0.8 0.8 0.8 0.8 0.8]
Solver status: optimal_inaccurate
b_new: [1. 1. 1. 1. 1. 1. 1. 1. 1. 1.]
Iter 0: obj=49.6498, best_obj=49.6498, ||b_new-b_prev||₂=2.846050
xi_k [0.51652253 0.51557758 0.50337779 0.48183583 0.48319677 0.48471039
 0.52852954 0.49883549 0.50381178 0.48858485]
max_exp: -1.0
coe: 10
Regulation [-1. -1. -1. -1. -1. -1. -1. -1. -1. -1.]
Solver status: optimal_inaccurate
b_new: [1. 1. 1. 1. 1. 1. 1. 1. 1. 1.]
Iter 1: obj=50.5498, best_obj=50.5498, ||b_new-b_prev||₂=0.000000
Converged.
Final b: [1. 1. 1. 1. 1. 1. 1. 1. 1. 1.]
<class 'numpy.ndarray'>
b_float: [1. 1. 1. 1. 1. 1. 1. 1. 1. 1.]
b: [1 1 1 1 1 1 1 1 1 1]
active_clients:  [0, 1, 2, 3, 4, 5, 6, 7, 8, 9]
Client 0's s_k are:[0 0 0 0 0 0 0 0 0 0]
Client 1's s_k are:[0 0 0 0 0 0 0 0 0 0]
Client 2's s_k are:[0 0 0 0 0 0 0 0 0 0]
Client 3's s_k are:[0 0 0 0 0 0 0 0 0 0]
Client 4's s_k are:[0 0 0 0 0 0 0 0 0 0]
Client 5's s_k are:[0 0 0 0 0 0 0 0 0 0]
Client 6's s_k are:[0 0 0 0 0 0 0 0 0 0]
Client 7's s_k are:[0 0 0 0 0 0 0 0 0 0]
Client 8's s_k are:[0 0 0 0 0 0 0 0 0 0]
Client 9's s_k are:[0 0 0 0 0 0 0 0 0 0]
| Global Round : 42 | Client :0 | Local Epoch : 0 | [64/594 (11%)]	Loss1: 5.843135 Loss2: 0.000000 
| Global Round : 42 | Client :0 | Local Epoch : 1 | [64/594 (11%)]	Loss1: 5.842539 Loss2: 0.000000 
| Global Round : 42 | Client :0 | Local Epoch : 2 | [64/594 (11%)]	Loss1: 5.842547 Loss2: 0.000000 
| Global Round : 42 | Client :0 | Local Epoch : 3 | [64/594 (11%)]	Loss1: 5.841097 Loss2: 0.000000 
| Global Round : 42 | Client :0 | Local Epoch : 4 | [64/594 (11%)]	Loss1: 5.841545 Loss2: 0.000000 
| Global Round : 42 | Client :1 | Local Epoch : 0 | [64/595 (11%)]	Loss1: 5.841084 Loss2: 0.000000 
| Global Round : 42 | Client :1 | Local Epoch : 1 | [64/595 (11%)]	Loss1: 5.842062 Loss2: 0.000000 
| Global Round : 42 | Client :1 | Local Epoch : 2 | [64/595 (11%)]	Loss1: 5.840419 Loss2: 0.000000 
| Global Round : 42 | Client :1 | Local Epoch : 3 | [64/595 (11%)]	Loss1: 5.841240 Loss2: 0.000000 
| Global Round : 42 | Client :1 | Local Epoch : 4 | [64/595 (11%)]	Loss1: 5.841247 Loss2: 0.000000 
| Global Round : 42 | Client :2 | Local Epoch : 0 | [64/474 (14%)]	Loss1: 5.841419 Loss2: 0.000000 
| Global Round : 42 | Client :2 | Local Epoch : 1 | [64/474 (14%)]	Loss1: 5.840737 Loss2: 0.000000 
| Global Round : 42 | Client :2 | Local Epoch : 2 | [64/474 (14%)]	Loss1: 5.841487 Loss2: 0.000000 
| Global Round : 42 | Client :2 | Local Epoch : 3 | [64/474 (14%)]	Loss1: 5.840869 Loss2: 0.000000 
| Global Round : 42 | Client :2 | Local Epoch : 4 | [64/474 (14%)]	Loss1: 5.842482 Loss2: 0.000000 
| Global Round : 42 | Client :3 | Local Epoch : 0 | [64/566 (12%)]	Loss1: 5.841791 Loss2: 0.000000 
| Global Round : 42 | Client :3 | Local Epoch : 1 | [64/566 (12%)]	Loss1: 5.840894 Loss2: 0.000000 
| Global Round : 42 | Client :3 | Local Epoch : 2 | [64/566 (12%)]	Loss1: 5.842888 Loss2: 0.000000 
| Global Round : 42 | Client :3 | Local Epoch : 3 | [64/566 (12%)]	Loss1: 5.841452 Loss2: 0.000000 
| Global Round : 42 | Client :3 | Local Epoch : 4 | [64/566 (12%)]	Loss1: 5.842862 Loss2: 0.000000 
| Global Round : 42 | Client :4 | Local Epoch : 0 | [64/635 (11%)]	Loss1: 5.842107 Loss2: 0.000000 
| Global Round : 42 | Client :4 | Local Epoch : 1 | [64/635 (11%)]	Loss1: 5.842674 Loss2: 0.000000 
| Global Round : 42 | Client :4 | Local Epoch : 2 | [64/635 (11%)]	Loss1: 5.844011 Loss2: 0.000000 
| Global Round : 42 | Client :4 | Local Epoch : 3 | [64/635 (11%)]	Loss1: 5.842319 Loss2: 0.000000 
| Global Round : 42 | Client :4 | Local Epoch : 4 | [64/635 (11%)]	Loss1: 5.842473 Loss2: 0.000000 
| Global Round : 42 | Client :5 | Local Epoch : 0 | [64/633 (11%)]	Loss1: 5.842332 Loss2: 0.000000 
| Global Round : 42 | Client :5 | Local Epoch : 1 | [64/633 (11%)]	Loss1: 5.841887 Loss2: 0.000000 
| Global Round : 42 | Client :5 | Local Epoch : 2 | [64/633 (11%)]	Loss1: 5.842135 Loss2: 0.000000 
| Global Round : 42 | Client :5 | Local Epoch : 3 | [64/633 (11%)]	Loss1: 5.842298 Loss2: 0.000000 
| Global Round : 42 | Client :5 | Local Epoch : 4 | [64/633 (11%)]	Loss1: 5.842349 Loss2: 0.000000 
| Global Round : 42 | Client :6 | Local Epoch : 0 | [64/645 (10%)]	Loss1: 5.842069 Loss2: 0.000000 
| Global Round : 42 | Client :6 | Local Epoch : 1 | [64/645 (10%)]	Loss1: 5.841520 Loss2: 0.000000 
| Global Round : 42 | Client :6 | Local Epoch : 2 | [64/645 (10%)]	Loss1: 5.842625 Loss2: 0.000000 
| Global Round : 42 | Client :6 | Local Epoch : 3 | [64/645 (10%)]	Loss1: 5.841934 Loss2: 0.000000 
| Global Round : 42 | Client :6 | Local Epoch : 4 | [64/645 (10%)]	Loss1: 5.842149 Loss2: 0.000000 
| Global Round : 42 | Client :7 | Local Epoch : 0 | [64/615 (11%)]	Loss1: 5.841940 Loss2: 0.000000 
| Global Round : 42 | Client :7 | Local Epoch : 1 | [64/615 (11%)]	Loss1: 5.841928 Loss2: 0.000000 
| Global Round : 42 | Client :7 | Local Epoch : 2 | [64/615 (11%)]	Loss1: 5.841691 Loss2: 0.000000 
| Global Round : 42 | Client :7 | Local Epoch : 3 | [64/615 (11%)]	Loss1: 5.841729 Loss2: 0.000000 
| Global Round : 42 | Client :7 | Local Epoch : 4 | [64/615 (11%)]	Loss1: 5.842190 Loss2: 0.000000 
| Global Round : 42 | Client :8 | Local Epoch : 0 | [64/609 (11%)]	Loss1: 5.842745 Loss2: 0.000000 
| Global Round : 42 | Client :8 | Local Epoch : 1 | [64/609 (11%)]	Loss1: 5.840360 Loss2: 0.000000 
| Global Round : 42 | Client :8 | Local Epoch : 2 | [64/609 (11%)]	Loss1: 5.842870 Loss2: 0.000000 
| Global Round : 42 | Client :8 | Local Epoch : 3 | [64/609 (11%)]	Loss1: 5.842404 Loss2: 0.000000 
| Global Round : 42 | Client :8 | Local Epoch : 4 | [64/609 (11%)]	Loss1: 5.842905 Loss2: 0.000000 
| Global Round : 42 | Client :9 | Local Epoch : 0 | [64/628 (11%)]	Loss1: 5.841386 Loss2: 0.000000 
| Global Round : 42 | Client :9 | Local Epoch : 1 | [64/628 (11%)]	Loss1: 5.842852 Loss2: 0.000000 
| Global Round : 42 | Client :9 | Local Epoch : 2 | [64/628 (11%)]	Loss1: 5.841623 Loss2: 0.000000 
| Global Round : 42 | Client :9 | Local Epoch : 3 | [64/628 (11%)]	Loss1: 5.840476 Loss2: 0.000000 
| Global Round : 42 | Client :9 | Local Epoch : 4 | [64/628 (11%)]	Loss1: 5.842500 Loss2: 0.000000 
average loss:   5.8389052303821325
average local test accuracy: 0.7867187499999999
average global test accuracy:  0.8154947916666668

 | Global Training Round : 43 |

xi_k [0.51656024 0.51559788 0.50339352 0.48184559 0.48317073 0.48466518
 0.5284833  0.49879303 0.50379159 0.48856275]
max_exp: -1.0
coe: 10
Regulation [0.8 0.8 0.8 0.8 0.8 0.8 0.8 0.8 0.8 0.8]
Solver status: optimal_inaccurate
b_new: [1. 1. 1. 1. 1. 1. 1. 1. 1. 1.]
Iter 0: obj=49.6486, best_obj=49.6486, ||b_new-b_prev||₂=2.846050
xi_k [0.51656024 0.51559788 0.50339352 0.48184559 0.48317073 0.48466518
 0.5284833  0.49879303 0.50379159 0.48856275]
max_exp: -1.0
coe: 10
Regulation [-1. -1. -1. -1. -1. -1. -1. -1. -1. -1.]
Solver status: optimal_inaccurate
b_new: [1. 1. 1. 1. 1. 1. 1. 1. 1. 1.]
Iter 1: obj=50.5486, best_obj=50.5486, ||b_new-b_prev||₂=0.000000
Converged.
Final b: [1. 1. 1. 1. 1. 1. 1. 1. 1. 1.]
<class 'numpy.ndarray'>
b_float: [1. 1. 1. 1. 1. 1. 1. 1. 1. 1.]
b: [1 1 1 1 1 1 1 1 1 1]
active_clients:  [0, 1, 2, 3, 4, 5, 6, 7, 8, 9]
Client 0's s_k are:[0 0 0 0 0 0 0 0 0 0]
Client 1's s_k are:[0 0 0 0 0 0 0 0 0 0]
Client 2's s_k are:[0 0 0 0 0 0 0 0 0 0]
Client 3's s_k are:[0 0 0 0 0 0 0 0 0 0]
Client 4's s_k are:[0 0 0 0 0 0 0 0 0 0]
Client 5's s_k are:[0 0 0 0 0 0 0 0 0 0]
Client 6's s_k are:[0 0 0 0 0 0 0 0 0 0]
Client 7's s_k are:[0 0 0 0 0 0 0 0 0 0]
Client 8's s_k are:[0 0 0 0 0 0 0 0 0 0]
Client 9's s_k are:[0 0 0 0 0 0 0 0 0 0]
| Global Round : 43 | Client :0 | Local Epoch : 0 | [64/594 (11%)]	Loss1: 5.842798 Loss2: 0.000000 
| Global Round : 43 | Client :0 | Local Epoch : 1 | [64/594 (11%)]	Loss1: 5.841712 Loss2: 0.000000 
| Global Round : 43 | Client :0 | Local Epoch : 2 | [64/594 (11%)]	Loss1: 5.842965 Loss2: 0.000000 
| Global Round : 43 | Client :0 | Local Epoch : 3 | [64/594 (11%)]	Loss1: 5.841352 Loss2: 0.000000 
| Global Round : 43 | Client :0 | Local Epoch : 4 | [64/594 (11%)]	Loss1: 5.841710 Loss2: 0.000000 
| Global Round : 43 | Client :1 | Local Epoch : 0 | [64/595 (11%)]	Loss1: 5.840721 Loss2: 0.000000 
| Global Round : 43 | Client :1 | Local Epoch : 1 | [64/595 (11%)]	Loss1: 5.841690 Loss2: 0.000000 
| Global Round : 43 | Client :1 | Local Epoch : 2 | [64/595 (11%)]	Loss1: 5.842690 Loss2: 0.000000 
| Global Round : 43 | Client :1 | Local Epoch : 3 | [64/595 (11%)]	Loss1: 5.841374 Loss2: 0.000000 
| Global Round : 43 | Client :1 | Local Epoch : 4 | [64/595 (11%)]	Loss1: 5.840933 Loss2: 0.000000 
| Global Round : 43 | Client :2 | Local Epoch : 0 | [64/474 (14%)]	Loss1: 5.842105 Loss2: 0.000000 
| Global Round : 43 | Client :2 | Local Epoch : 1 | [64/474 (14%)]	Loss1: 5.840997 Loss2: 0.000000 
| Global Round : 43 | Client :2 | Local Epoch : 2 | [64/474 (14%)]	Loss1: 5.841892 Loss2: 0.000000 
| Global Round : 43 | Client :2 | Local Epoch : 3 | [64/474 (14%)]	Loss1: 5.840887 Loss2: 0.000000 
| Global Round : 43 | Client :2 | Local Epoch : 4 | [64/474 (14%)]	Loss1: 5.840561 Loss2: 0.000000 
| Global Round : 43 | Client :3 | Local Epoch : 0 | [64/566 (12%)]	Loss1: 5.842736 Loss2: 0.000000 
| Global Round : 43 | Client :3 | Local Epoch : 1 | [64/566 (12%)]	Loss1: 5.842104 Loss2: 0.000000 
| Global Round : 43 | Client :3 | Local Epoch : 2 | [64/566 (12%)]	Loss1: 5.842639 Loss2: 0.000000 
| Global Round : 43 | Client :3 | Local Epoch : 3 | [64/566 (12%)]	Loss1: 5.841702 Loss2: 0.000000 
| Global Round : 43 | Client :3 | Local Epoch : 4 | [64/566 (12%)]	Loss1: 5.843070 Loss2: 0.000000 
| Global Round : 43 | Client :4 | Local Epoch : 0 | [64/635 (11%)]	Loss1: 5.842548 Loss2: 0.000000 
| Global Round : 43 | Client :4 | Local Epoch : 1 | [64/635 (11%)]	Loss1: 5.841827 Loss2: 0.000000 
| Global Round : 43 | Client :4 | Local Epoch : 2 | [64/635 (11%)]	Loss1: 5.842456 Loss2: 0.000000 
| Global Round : 43 | Client :4 | Local Epoch : 3 | [64/635 (11%)]	Loss1: 5.841300 Loss2: 0.000000 
| Global Round : 43 | Client :4 | Local Epoch : 4 | [64/635 (11%)]	Loss1: 5.840968 Loss2: 0.000000 
| Global Round : 43 | Client :5 | Local Epoch : 0 | [64/633 (11%)]	Loss1: 5.840979 Loss2: 0.000000 
| Global Round : 43 | Client :5 | Local Epoch : 1 | [64/633 (11%)]	Loss1: 5.841686 Loss2: 0.000000 
| Global Round : 43 | Client :5 | Local Epoch : 2 | [64/633 (11%)]	Loss1: 5.840922 Loss2: 0.000000 
| Global Round : 43 | Client :5 | Local Epoch : 3 | [64/633 (11%)]	Loss1: 5.841065 Loss2: 0.000000 
| Global Round : 43 | Client :5 | Local Epoch : 4 | [64/633 (11%)]	Loss1: 5.841453 Loss2: 0.000000 
| Global Round : 43 | Client :6 | Local Epoch : 0 | [64/645 (10%)]	Loss1: 5.841595 Loss2: 0.000000 
| Global Round : 43 | Client :6 | Local Epoch : 1 | [64/645 (10%)]	Loss1: 5.841139 Loss2: 0.000000 
| Global Round : 43 | Client :6 | Local Epoch : 2 | [64/645 (10%)]	Loss1: 5.841544 Loss2: 0.000000 
| Global Round : 43 | Client :6 | Local Epoch : 3 | [64/645 (10%)]	Loss1: 5.841626 Loss2: 0.000000 
| Global Round : 43 | Client :6 | Local Epoch : 4 | [64/645 (10%)]	Loss1: 5.840966 Loss2: 0.000000 
| Global Round : 43 | Client :7 | Local Epoch : 0 | [64/615 (11%)]	Loss1: 5.841197 Loss2: 0.000000 
| Global Round : 43 | Client :7 | Local Epoch : 1 | [64/615 (11%)]	Loss1: 5.841386 Loss2: 0.000000 
| Global Round : 43 | Client :7 | Local Epoch : 2 | [64/615 (11%)]	Loss1: 5.842240 Loss2: 0.000000 
| Global Round : 43 | Client :7 | Local Epoch : 3 | [64/615 (11%)]	Loss1: 5.841231 Loss2: 0.000000 
| Global Round : 43 | Client :7 | Local Epoch : 4 | [64/615 (11%)]	Loss1: 5.842610 Loss2: 0.000000 
| Global Round : 43 | Client :8 | Local Epoch : 0 | [64/609 (11%)]	Loss1: 5.842124 Loss2: 0.000000 
| Global Round : 43 | Client :8 | Local Epoch : 1 | [64/609 (11%)]	Loss1: 5.841856 Loss2: 0.000000 
| Global Round : 43 | Client :8 | Local Epoch : 2 | [64/609 (11%)]	Loss1: 5.842610 Loss2: 0.000000 
| Global Round : 43 | Client :8 | Local Epoch : 3 | [64/609 (11%)]	Loss1: 5.841821 Loss2: 0.000000 
| Global Round : 43 | Client :8 | Local Epoch : 4 | [64/609 (11%)]	Loss1: 5.841749 Loss2: 0.000000 
| Global Round : 43 | Client :9 | Local Epoch : 0 | [64/628 (11%)]	Loss1: 5.842158 Loss2: 0.000000 
| Global Round : 43 | Client :9 | Local Epoch : 1 | [64/628 (11%)]	Loss1: 5.841946 Loss2: 0.000000 
| Global Round : 43 | Client :9 | Local Epoch : 2 | [64/628 (11%)]	Loss1: 5.842948 Loss2: 0.000000 
| Global Round : 43 | Client :9 | Local Epoch : 3 | [64/628 (11%)]	Loss1: 5.841394 Loss2: 0.000000 
| Global Round : 43 | Client :9 | Local Epoch : 4 | [64/628 (11%)]	Loss1: 5.841477 Loss2: 0.000000 
average loss:   5.838916727682901
average local test accuracy: 0.7968750000000001
average global test accuracy:  0.816796875

 | Global Training Round : 44 |

xi_k [0.51654263 0.51559598 0.50334584 0.48184869 0.4831764  0.48468027
 0.52853987 0.49888238 0.50382288 0.48854313]
max_exp: -1.0
coe: 10
Regulation [0.8 0.8 0.8 0.8 0.8 0.8 0.8 0.8 0.8 0.8]
Solver status: optimal_inaccurate
b_new: [1. 1. 1. 1. 1. 1. 1. 1. 1. 1.]
Iter 0: obj=49.6498, best_obj=49.6498, ||b_new-b_prev||₂=2.846050
xi_k [0.51654263 0.51559598 0.50334584 0.48184869 0.4831764  0.48468027
 0.52853987 0.49888238 0.50382288 0.48854313]
max_exp: -1.0
coe: 10
Regulation [-1. -1. -1. -1. -1. -1. -1. -1. -1. -1.]
Solver status: optimal_inaccurate
b_new: [1. 1. 1. 1. 1. 1. 1. 1. 1. 1.]
Iter 1: obj=50.5498, best_obj=50.5498, ||b_new-b_prev||₂=0.000000
Converged.
Final b: [1. 1. 1. 1. 1. 1. 1. 1. 1. 1.]
<class 'numpy.ndarray'>
b_float: [1. 1. 1. 1. 1. 1. 1. 1. 1. 1.]
b: [1 1 1 1 1 1 1 1 1 1]
active_clients:  [0, 1, 2, 3, 4, 5, 6, 7, 8, 9]
Client 0's s_k are:[0 0 0 0 0 0 0 0 0 0]
Client 1's s_k are:[0 0 0 0 0 0 0 0 0 0]
Client 2's s_k are:[0 0 0 0 0 0 0 0 0 0]
Client 3's s_k are:[0 0 0 0 0 0 0 0 0 0]
Client 4's s_k are:[0 0 0 0 0 0 0 0 0 0]
Client 5's s_k are:[0 0 0 0 0 0 0 0 0 0]
Client 6's s_k are:[0 0 0 0 0 0 0 0 0 0]
Client 7's s_k are:[0 0 0 0 0 0 0 0 0 0]
Client 8's s_k are:[0 0 0 0 0 0 0 0 0 0]
Client 9's s_k are:[0 0 0 0 0 0 0 0 0 0]
| Global Round : 44 | Client :0 | Local Epoch : 0 | [64/594 (11%)]	Loss1: 5.841622 Loss2: 0.000000 
| Global Round : 44 | Client :0 | Local Epoch : 1 | [64/594 (11%)]	Loss1: 5.842147 Loss2: 0.000000 
| Global Round : 44 | Client :0 | Local Epoch : 2 | [64/594 (11%)]	Loss1: 5.842403 Loss2: 0.000000 
| Global Round : 44 | Client :0 | Local Epoch : 3 | [64/594 (11%)]	Loss1: 5.842966 Loss2: 0.000000 
| Global Round : 44 | Client :0 | Local Epoch : 4 | [64/594 (11%)]	Loss1: 5.841766 Loss2: 0.000000 
| Global Round : 44 | Client :1 | Local Epoch : 0 | [64/595 (11%)]	Loss1: 5.840869 Loss2: 0.000000 
| Global Round : 44 | Client :1 | Local Epoch : 1 | [64/595 (11%)]	Loss1: 5.841998 Loss2: 0.000000 
| Global Round : 44 | Client :1 | Local Epoch : 2 | [64/595 (11%)]	Loss1: 5.841377 Loss2: 0.000000 
| Global Round : 44 | Client :1 | Local Epoch : 3 | [64/595 (11%)]	Loss1: 5.840646 Loss2: 0.000000 
| Global Round : 44 | Client :1 | Local Epoch : 4 | [64/595 (11%)]	Loss1: 5.841721 Loss2: 0.000000 
| Global Round : 44 | Client :2 | Local Epoch : 0 | [64/474 (14%)]	Loss1: 5.841660 Loss2: 0.000000 
| Global Round : 44 | Client :2 | Local Epoch : 1 | [64/474 (14%)]	Loss1: 5.841026 Loss2: 0.000000 
| Global Round : 44 | Client :2 | Local Epoch : 2 | [64/474 (14%)]	Loss1: 5.841430 Loss2: 0.000000 
| Global Round : 44 | Client :2 | Local Epoch : 3 | [64/474 (14%)]	Loss1: 5.842031 Loss2: 0.000000 
| Global Round : 44 | Client :2 | Local Epoch : 4 | [64/474 (14%)]	Loss1: 5.840951 Loss2: 0.000000 
| Global Round : 44 | Client :3 | Local Epoch : 0 | [64/566 (12%)]	Loss1: 5.842312 Loss2: 0.000000 
| Global Round : 44 | Client :3 | Local Epoch : 1 | [64/566 (12%)]	Loss1: 5.841381 Loss2: 0.000000 
| Global Round : 44 | Client :3 | Local Epoch : 2 | [64/566 (12%)]	Loss1: 5.841619 Loss2: 0.000000 
| Global Round : 44 | Client :3 | Local Epoch : 3 | [64/566 (12%)]	Loss1: 5.841552 Loss2: 0.000000 
| Global Round : 44 | Client :3 | Local Epoch : 4 | [64/566 (12%)]	Loss1: 5.842112 Loss2: 0.000000 
| Global Round : 44 | Client :4 | Local Epoch : 0 | [64/635 (11%)]	Loss1: 5.842163 Loss2: 0.000000 
| Global Round : 44 | Client :4 | Local Epoch : 1 | [64/635 (11%)]	Loss1: 5.842456 Loss2: 0.000000 
| Global Round : 44 | Client :4 | Local Epoch : 2 | [64/635 (11%)]	Loss1: 5.841588 Loss2: 0.000000 
| Global Round : 44 | Client :4 | Local Epoch : 3 | [64/635 (11%)]	Loss1: 5.843044 Loss2: 0.000000 
| Global Round : 44 | Client :4 | Local Epoch : 4 | [64/635 (11%)]	Loss1: 5.841473 Loss2: 0.000000 
| Global Round : 44 | Client :5 | Local Epoch : 0 | [64/633 (11%)]	Loss1: 5.842150 Loss2: 0.000000 
| Global Round : 44 | Client :5 | Local Epoch : 1 | [64/633 (11%)]	Loss1: 5.841798 Loss2: 0.000000 
| Global Round : 44 | Client :5 | Local Epoch : 2 | [64/633 (11%)]	Loss1: 5.842500 Loss2: 0.000000 
| Global Round : 44 | Client :5 | Local Epoch : 3 | [64/633 (11%)]	Loss1: 5.842368 Loss2: 0.000000 
| Global Round : 44 | Client :5 | Local Epoch : 4 | [64/633 (11%)]	Loss1: 5.841413 Loss2: 0.000000 
| Global Round : 44 | Client :6 | Local Epoch : 0 | [64/645 (10%)]	Loss1: 5.842128 Loss2: 0.000000 
| Global Round : 44 | Client :6 | Local Epoch : 1 | [64/645 (10%)]	Loss1: 5.841385 Loss2: 0.000000 
| Global Round : 44 | Client :6 | Local Epoch : 2 | [64/645 (10%)]	Loss1: 5.842793 Loss2: 0.000000 
| Global Round : 44 | Client :6 | Local Epoch : 3 | [64/645 (10%)]	Loss1: 5.840232 Loss2: 0.000000 
| Global Round : 44 | Client :6 | Local Epoch : 4 | [64/645 (10%)]	Loss1: 5.841852 Loss2: 0.000000 
| Global Round : 44 | Client :7 | Local Epoch : 0 | [64/615 (11%)]	Loss1: 5.841747 Loss2: 0.000000 
| Global Round : 44 | Client :7 | Local Epoch : 1 | [64/615 (11%)]	Loss1: 5.842518 Loss2: 0.000000 
| Global Round : 44 | Client :7 | Local Epoch : 2 | [64/615 (11%)]	Loss1: 5.841321 Loss2: 0.000000 
| Global Round : 44 | Client :7 | Local Epoch : 3 | [64/615 (11%)]	Loss1: 5.840901 Loss2: 0.000000 
| Global Round : 44 | Client :7 | Local Epoch : 4 | [64/615 (11%)]	Loss1: 5.841800 Loss2: 0.000000 
| Global Round : 44 | Client :8 | Local Epoch : 0 | [64/609 (11%)]	Loss1: 5.842535 Loss2: 0.000000 
| Global Round : 44 | Client :8 | Local Epoch : 1 | [64/609 (11%)]	Loss1: 5.842976 Loss2: 0.000000 
| Global Round : 44 | Client :8 | Local Epoch : 2 | [64/609 (11%)]	Loss1: 5.841619 Loss2: 0.000000 
| Global Round : 44 | Client :8 | Local Epoch : 3 | [64/609 (11%)]	Loss1: 5.842804 Loss2: 0.000000 
| Global Round : 44 | Client :8 | Local Epoch : 4 | [64/609 (11%)]	Loss1: 5.842253 Loss2: 0.000000 
| Global Round : 44 | Client :9 | Local Epoch : 0 | [64/628 (11%)]	Loss1: 5.841753 Loss2: 0.000000 
| Global Round : 44 | Client :9 | Local Epoch : 1 | [64/628 (11%)]	Loss1: 5.842005 Loss2: 0.000000 
| Global Round : 44 | Client :9 | Local Epoch : 2 | [64/628 (11%)]	Loss1: 5.842977 Loss2: 0.000000 
| Global Round : 44 | Client :9 | Local Epoch : 3 | [64/628 (11%)]	Loss1: 5.841547 Loss2: 0.000000 
| Global Round : 44 | Client :9 | Local Epoch : 4 | [64/628 (11%)]	Loss1: 5.841039 Loss2: 0.000000 
average loss:   5.838816888162068
average local test accuracy: 0.7927083333333333
average global test accuracy:  0.819140625

 | Global Training Round : 45 |

xi_k [0.5165283  0.51562553 0.50335167 0.48179418 0.48315428 0.48465056
 0.52851906 0.49883483 0.50382246 0.48853021]
max_exp: -1.0
coe: 10
Regulation [0.8 0.8 0.8 0.8 0.8 0.8 0.8 0.8 0.8 0.8]
Solver status: optimal_inaccurate
b_new: [1. 1. 1. 1. 1. 1. 1. 1. 1. 1.]
Iter 0: obj=49.6481, best_obj=49.6481, ||b_new-b_prev||₂=2.846050
xi_k [0.5165283  0.51562553 0.50335167 0.48179418 0.48315428 0.48465056
 0.52851906 0.49883483 0.50382246 0.48853021]
max_exp: -1.0
coe: 10
Regulation [-1. -1. -1. -1. -1. -1. -1. -1. -1. -1.]
Solver status: optimal_inaccurate
b_new: [1. 1. 1. 1. 1. 1. 1. 1. 1. 1.]
Iter 1: obj=50.5481, best_obj=50.5481, ||b_new-b_prev||₂=0.000000
Converged.
Final b: [1. 1. 1. 1. 1. 1. 1. 1. 1. 1.]
<class 'numpy.ndarray'>
b_float: [1. 1. 1. 1. 1. 1. 1. 1. 1. 1.]
b: [1 1 1 1 1 1 1 1 1 1]
active_clients:  [0, 1, 2, 3, 4, 5, 6, 7, 8, 9]
Client 0's s_k are:[0 0 0 0 0 0 0 0 0 0]
Client 1's s_k are:[0 0 0 0 0 0 0 0 0 0]
Client 2's s_k are:[0 0 0 0 0 0 0 0 0 0]
Client 3's s_k are:[0 0 0 0 0 0 0 0 0 0]
Client 4's s_k are:[0 0 0 0 0 0 0 0 0 0]
Client 5's s_k are:[0 0 0 0 0 0 0 0 0 0]
Client 6's s_k are:[0 0 0 0 0 0 0 0 0 0]
Client 7's s_k are:[0 0 0 0 0 0 0 0 0 0]
Client 8's s_k are:[0 0 0 0 0 0 0 0 0 0]
Client 9's s_k are:[0 0 0 0 0 0 0 0 0 0]
| Global Round : 45 | Client :0 | Local Epoch : 0 | [64/594 (11%)]	Loss1: 5.842451 Loss2: 0.000000 
| Global Round : 45 | Client :0 | Local Epoch : 1 | [64/594 (11%)]	Loss1: 5.843999 Loss2: 0.000000 
| Global Round : 45 | Client :0 | Local Epoch : 2 | [64/594 (11%)]	Loss1: 5.841074 Loss2: 0.000000 
| Global Round : 45 | Client :0 | Local Epoch : 3 | [64/594 (11%)]	Loss1: 5.843248 Loss2: 0.000000 
| Global Round : 45 | Client :0 | Local Epoch : 4 | [64/594 (11%)]	Loss1: 5.842691 Loss2: 0.000000 
| Global Round : 45 | Client :1 | Local Epoch : 0 | [64/595 (11%)]	Loss1: 5.841291 Loss2: 0.000000 
| Global Round : 45 | Client :1 | Local Epoch : 1 | [64/595 (11%)]	Loss1: 5.840453 Loss2: 0.000000 
| Global Round : 45 | Client :1 | Local Epoch : 2 | [64/595 (11%)]	Loss1: 5.842219 Loss2: 0.000000 
| Global Round : 45 | Client :1 | Local Epoch : 3 | [64/595 (11%)]	Loss1: 5.841094 Loss2: 0.000000 
| Global Round : 45 | Client :1 | Local Epoch : 4 | [64/595 (11%)]	Loss1: 5.841411 Loss2: 0.000000 
| Global Round : 45 | Client :2 | Local Epoch : 0 | [64/474 (14%)]	Loss1: 5.841577 Loss2: 0.000000 
| Global Round : 45 | Client :2 | Local Epoch : 1 | [64/474 (14%)]	Loss1: 5.841125 Loss2: 0.000000 
| Global Round : 45 | Client :2 | Local Epoch : 2 | [64/474 (14%)]	Loss1: 5.842210 Loss2: 0.000000 
| Global Round : 45 | Client :2 | Local Epoch : 3 | [64/474 (14%)]	Loss1: 5.839918 Loss2: 0.000000 
| Global Round : 45 | Client :2 | Local Epoch : 4 | [64/474 (14%)]	Loss1: 5.840935 Loss2: 0.000000 
| Global Round : 45 | Client :3 | Local Epoch : 0 | [64/566 (12%)]	Loss1: 5.841941 Loss2: 0.000000 
| Global Round : 45 | Client :3 | Local Epoch : 1 | [64/566 (12%)]	Loss1: 5.841045 Loss2: 0.000000 
| Global Round : 45 | Client :3 | Local Epoch : 2 | [64/566 (12%)]	Loss1: 5.843151 Loss2: 0.000000 
| Global Round : 45 | Client :3 | Local Epoch : 3 | [64/566 (12%)]	Loss1: 5.841859 Loss2: 0.000000 
| Global Round : 45 | Client :3 | Local Epoch : 4 | [64/566 (12%)]	Loss1: 5.841821 Loss2: 0.000000 
| Global Round : 45 | Client :4 | Local Epoch : 0 | [64/635 (11%)]	Loss1: 5.843429 Loss2: 0.000000 
| Global Round : 45 | Client :4 | Local Epoch : 1 | [64/635 (11%)]	Loss1: 5.842519 Loss2: 0.000000 
| Global Round : 45 | Client :4 | Local Epoch : 2 | [64/635 (11%)]	Loss1: 5.841544 Loss2: 0.000000 
| Global Round : 45 | Client :4 | Local Epoch : 3 | [64/635 (11%)]	Loss1: 5.842023 Loss2: 0.000000 
| Global Round : 45 | Client :4 | Local Epoch : 4 | [64/635 (11%)]	Loss1: 5.841454 Loss2: 0.000000 
| Global Round : 45 | Client :5 | Local Epoch : 0 | [64/633 (11%)]	Loss1: 5.842672 Loss2: 0.000000 
| Global Round : 45 | Client :5 | Local Epoch : 1 | [64/633 (11%)]	Loss1: 5.840943 Loss2: 0.000000 
| Global Round : 45 | Client :5 | Local Epoch : 2 | [64/633 (11%)]	Loss1: 5.841328 Loss2: 0.000000 
| Global Round : 45 | Client :5 | Local Epoch : 3 | [64/633 (11%)]	Loss1: 5.841112 Loss2: 0.000000 
| Global Round : 45 | Client :5 | Local Epoch : 4 | [64/633 (11%)]	Loss1: 5.841188 Loss2: 0.000000 
| Global Round : 45 | Client :6 | Local Epoch : 0 | [64/645 (10%)]	Loss1: 5.841518 Loss2: 0.000000 
| Global Round : 45 | Client :6 | Local Epoch : 1 | [64/645 (10%)]	Loss1: 5.840479 Loss2: 0.000000 
| Global Round : 45 | Client :6 | Local Epoch : 2 | [64/645 (10%)]	Loss1: 5.840534 Loss2: 0.000000 
| Global Round : 45 | Client :6 | Local Epoch : 3 | [64/645 (10%)]	Loss1: 5.842025 Loss2: 0.000000 
| Global Round : 45 | Client :6 | Local Epoch : 4 | [64/645 (10%)]	Loss1: 5.842213 Loss2: 0.000000 
| Global Round : 45 | Client :7 | Local Epoch : 0 | [64/615 (11%)]	Loss1: 5.842065 Loss2: 0.000000 
| Global Round : 45 | Client :7 | Local Epoch : 1 | [64/615 (11%)]	Loss1: 5.841930 Loss2: 0.000000 
| Global Round : 45 | Client :7 | Local Epoch : 2 | [64/615 (11%)]	Loss1: 5.841853 Loss2: 0.000000 
| Global Round : 45 | Client :7 | Local Epoch : 3 | [64/615 (11%)]	Loss1: 5.840701 Loss2: 0.000000 
| Global Round : 45 | Client :7 | Local Epoch : 4 | [64/615 (11%)]	Loss1: 5.842834 Loss2: 0.000000 
| Global Round : 45 | Client :8 | Local Epoch : 0 | [64/609 (11%)]	Loss1: 5.842379 Loss2: 0.000000 
| Global Round : 45 | Client :8 | Local Epoch : 1 | [64/609 (11%)]	Loss1: 5.840632 Loss2: 0.000000 
| Global Round : 45 | Client :8 | Local Epoch : 2 | [64/609 (11%)]	Loss1: 5.840082 Loss2: 0.000000 
| Global Round : 45 | Client :8 | Local Epoch : 3 | [64/609 (11%)]	Loss1: 5.843412 Loss2: 0.000000 
| Global Round : 45 | Client :8 | Local Epoch : 4 | [64/609 (11%)]	Loss1: 5.842064 Loss2: 0.000000 
| Global Round : 45 | Client :9 | Local Epoch : 0 | [64/628 (11%)]	Loss1: 5.841477 Loss2: 0.000000 
| Global Round : 45 | Client :9 | Local Epoch : 1 | [64/628 (11%)]	Loss1: 5.842002 Loss2: 0.000000 
| Global Round : 45 | Client :9 | Local Epoch : 2 | [64/628 (11%)]	Loss1: 5.840484 Loss2: 0.000000 
| Global Round : 45 | Client :9 | Local Epoch : 3 | [64/628 (11%)]	Loss1: 5.841472 Loss2: 0.000000 
| Global Round : 45 | Client :9 | Local Epoch : 4 | [64/628 (11%)]	Loss1: 5.842037 Loss2: 0.000000 
average loss:   5.8389080045336765
average local test accuracy: 0.79453125
average global test accuracy:  0.7897135416666666

 | Global Training Round : 46 |

xi_k [0.51654698 0.51559286 0.50337846 0.48181589 0.48316091 0.48468085
 0.52854262 0.4988132  0.50380636 0.4885824 ]
max_exp: -1.0
coe: 10
Regulation [0.8 0.8 0.8 0.8 0.8 0.8 0.8 0.8 0.8 0.8]
Solver status: optimal_inaccurate
b_new: [1. 1. 1. 1. 1. 1. 1. 1. 1. 1.]
Iter 0: obj=49.6492, best_obj=49.6492, ||b_new-b_prev||₂=2.846050
xi_k [0.51654698 0.51559286 0.50337846 0.48181589 0.48316091 0.48468085
 0.52854262 0.4988132  0.50380636 0.4885824 ]
max_exp: -1.0
coe: 10
Regulation [-1. -1. -1. -1. -1. -1. -1. -1. -1. -1.]
Solver status: optimal_inaccurate
b_new: [1. 1. 1. 1. 1. 1. 1. 1. 1. 1.]
Iter 1: obj=50.5492, best_obj=50.5492, ||b_new-b_prev||₂=0.000000
Converged.
Final b: [1. 1. 1. 1. 1. 1. 1. 1. 1. 1.]
<class 'numpy.ndarray'>
b_float: [1. 1. 1. 1. 1. 1. 1. 1. 1. 1.]
b: [1 1 1 1 1 1 1 1 1 1]
active_clients:  [0, 1, 2, 3, 4, 5, 6, 7, 8, 9]
Client 0's s_k are:[0 0 0 0 0 0 0 0 0 0]
Client 1's s_k are:[0 0 0 0 0 0 0 0 0 0]
Client 2's s_k are:[0 0 0 0 0 0 0 0 0 0]
Client 3's s_k are:[0 0 0 0 0 0 0 0 0 0]
Client 4's s_k are:[0 0 0 0 0 0 0 0 0 0]
Client 5's s_k are:[0 0 0 0 0 0 0 0 0 0]
Client 6's s_k are:[0 0 0 0 0 0 0 0 0 0]
Client 7's s_k are:[0 0 0 0 0 0 0 0 0 0]
Client 8's s_k are:[0 0 0 0 0 0 0 0 0 0]
Client 9's s_k are:[0 0 0 0 0 0 0 0 0 0]
| Global Round : 46 | Client :0 | Local Epoch : 0 | [64/594 (11%)]	Loss1: 5.842497 Loss2: 0.000000 
| Global Round : 46 | Client :0 | Local Epoch : 1 | [64/594 (11%)]	Loss1: 5.842289 Loss2: 0.000000 
| Global Round : 46 | Client :0 | Local Epoch : 2 | [64/594 (11%)]	Loss1: 5.840759 Loss2: 0.000000 
| Global Round : 46 | Client :0 | Local Epoch : 3 | [64/594 (11%)]	Loss1: 5.841057 Loss2: 0.000000 
| Global Round : 46 | Client :0 | Local Epoch : 4 | [64/594 (11%)]	Loss1: 5.840469 Loss2: 0.000000 
| Global Round : 46 | Client :1 | Local Epoch : 0 | [64/595 (11%)]	Loss1: 5.841146 Loss2: 0.000000 
| Global Round : 46 | Client :1 | Local Epoch : 1 | [64/595 (11%)]	Loss1: 5.841430 Loss2: 0.000000 
| Global Round : 46 | Client :1 | Local Epoch : 2 | [64/595 (11%)]	Loss1: 5.841435 Loss2: 0.000000 
| Global Round : 46 | Client :1 | Local Epoch : 3 | [64/595 (11%)]	Loss1: 5.841729 Loss2: 0.000000 
| Global Round : 46 | Client :1 | Local Epoch : 4 | [64/595 (11%)]	Loss1: 5.842208 Loss2: 0.000000 
| Global Round : 46 | Client :2 | Local Epoch : 0 | [64/474 (14%)]	Loss1: 5.842077 Loss2: 0.000000 
| Global Round : 46 | Client :2 | Local Epoch : 1 | [64/474 (14%)]	Loss1: 5.840709 Loss2: 0.000000 
| Global Round : 46 | Client :2 | Local Epoch : 2 | [64/474 (14%)]	Loss1: 5.840488 Loss2: 0.000000 
| Global Round : 46 | Client :2 | Local Epoch : 3 | [64/474 (14%)]	Loss1: 5.841081 Loss2: 0.000000 
| Global Round : 46 | Client :2 | Local Epoch : 4 | [64/474 (14%)]	Loss1: 5.840448 Loss2: 0.000000 
| Global Round : 46 | Client :3 | Local Epoch : 0 | [64/566 (12%)]	Loss1: 5.842159 Loss2: 0.000000 
| Global Round : 46 | Client :3 | Local Epoch : 1 | [64/566 (12%)]	Loss1: 5.843116 Loss2: 0.000000 
| Global Round : 46 | Client :3 | Local Epoch : 2 | [64/566 (12%)]	Loss1: 5.840901 Loss2: 0.000000 
| Global Round : 46 | Client :3 | Local Epoch : 3 | [64/566 (12%)]	Loss1: 5.841483 Loss2: 0.000000 
| Global Round : 46 | Client :3 | Local Epoch : 4 | [64/566 (12%)]	Loss1: 5.841896 Loss2: 0.000000 
| Global Round : 46 | Client :4 | Local Epoch : 0 | [64/635 (11%)]	Loss1: 5.841506 Loss2: 0.000000 
| Global Round : 46 | Client :4 | Local Epoch : 1 | [64/635 (11%)]	Loss1: 5.841723 Loss2: 0.000000 
| Global Round : 46 | Client :4 | Local Epoch : 2 | [64/635 (11%)]	Loss1: 5.842183 Loss2: 0.000000 
| Global Round : 46 | Client :4 | Local Epoch : 3 | [64/635 (11%)]	Loss1: 5.844039 Loss2: 0.000000 
| Global Round : 46 | Client :4 | Local Epoch : 4 | [64/635 (11%)]	Loss1: 5.843238 Loss2: 0.000000 
| Global Round : 46 | Client :5 | Local Epoch : 0 | [64/633 (11%)]	Loss1: 5.842273 Loss2: 0.000000 
| Global Round : 46 | Client :5 | Local Epoch : 1 | [64/633 (11%)]	Loss1: 5.841014 Loss2: 0.000000 
| Global Round : 46 | Client :5 | Local Epoch : 2 | [64/633 (11%)]	Loss1: 5.841494 Loss2: 0.000000 
| Global Round : 46 | Client :5 | Local Epoch : 3 | [64/633 (11%)]	Loss1: 5.842064 Loss2: 0.000000 
| Global Round : 46 | Client :5 | Local Epoch : 4 | [64/633 (11%)]	Loss1: 5.842283 Loss2: 0.000000 
| Global Round : 46 | Client :6 | Local Epoch : 0 | [64/645 (10%)]	Loss1: 5.842375 Loss2: 0.000000 
| Global Round : 46 | Client :6 | Local Epoch : 1 | [64/645 (10%)]	Loss1: 5.840908 Loss2: 0.000000 
| Global Round : 46 | Client :6 | Local Epoch : 2 | [64/645 (10%)]	Loss1: 5.841944 Loss2: 0.000000 
| Global Round : 46 | Client :6 | Local Epoch : 3 | [64/645 (10%)]	Loss1: 5.841996 Loss2: 0.000000 
| Global Round : 46 | Client :6 | Local Epoch : 4 | [64/645 (10%)]	Loss1: 5.841924 Loss2: 0.000000 
| Global Round : 46 | Client :7 | Local Epoch : 0 | [64/615 (11%)]	Loss1: 5.842617 Loss2: 0.000000 
| Global Round : 46 | Client :7 | Local Epoch : 1 | [64/615 (11%)]	Loss1: 5.841722 Loss2: 0.000000 
| Global Round : 46 | Client :7 | Local Epoch : 2 | [64/615 (11%)]	Loss1: 5.841988 Loss2: 0.000000 
| Global Round : 46 | Client :7 | Local Epoch : 3 | [64/615 (11%)]	Loss1: 5.843252 Loss2: 0.000000 
| Global Round : 46 | Client :7 | Local Epoch : 4 | [64/615 (11%)]	Loss1: 5.841987 Loss2: 0.000000 
| Global Round : 46 | Client :8 | Local Epoch : 0 | [64/609 (11%)]	Loss1: 5.841908 Loss2: 0.000000 
| Global Round : 46 | Client :8 | Local Epoch : 1 | [64/609 (11%)]	Loss1: 5.841014 Loss2: 0.000000 
| Global Round : 46 | Client :8 | Local Epoch : 2 | [64/609 (11%)]	Loss1: 5.840910 Loss2: 0.000000 
| Global Round : 46 | Client :8 | Local Epoch : 3 | [64/609 (11%)]	Loss1: 5.842870 Loss2: 0.000000 
| Global Round : 46 | Client :8 | Local Epoch : 4 | [64/609 (11%)]	Loss1: 5.843232 Loss2: 0.000000 
| Global Round : 46 | Client :9 | Local Epoch : 0 | [64/628 (11%)]	Loss1: 5.842046 Loss2: 0.000000 
| Global Round : 46 | Client :9 | Local Epoch : 1 | [64/628 (11%)]	Loss1: 5.841736 Loss2: 0.000000 
| Global Round : 46 | Client :9 | Local Epoch : 2 | [64/628 (11%)]	Loss1: 5.842422 Loss2: 0.000000 
| Global Round : 46 | Client :9 | Local Epoch : 3 | [64/628 (11%)]	Loss1: 5.842353 Loss2: 0.000000 
| Global Round : 46 | Client :9 | Local Epoch : 4 | [64/628 (11%)]	Loss1: 5.841578 Loss2: 0.000000 
average loss:   5.838859240535706
average local test accuracy: 0.7890625
average global test accuracy:  0.7619791666666667

 | Global Training Round : 47 |

xi_k [0.51651637 0.51561568 0.50338355 0.48180168 0.4831938  0.48463216
 0.52850416 0.49882376 0.50381852 0.48852343]
max_exp: -1.0
coe: 10
Regulation [0.8 0.8 0.8 0.8 0.8 0.8 0.8 0.8 0.8 0.8]
Solver status: optimal_inaccurate
b_new: [1. 1. 1. 1. 1. 1. 1. 1. 1. 1.]
Iter 0: obj=49.6481, best_obj=49.6481, ||b_new-b_prev||₂=2.846050
xi_k [0.51651637 0.51561568 0.50338355 0.48180168 0.4831938  0.48463216
 0.52850416 0.49882376 0.50381852 0.48852343]
max_exp: -1.0
coe: 10
Regulation [-1. -1. -1. -1. -1. -1. -1. -1. -1. -1.]
Solver status: optimal_inaccurate
b_new: [1. 1. 1. 1. 1. 1. 1. 1. 1. 1.]
Iter 1: obj=50.5481, best_obj=50.5481, ||b_new-b_prev||₂=0.000000
Converged.
Final b: [1. 1. 1. 1. 1. 1. 1. 1. 1. 1.]
<class 'numpy.ndarray'>
b_float: [1. 1. 1. 1. 1. 1. 1. 1. 1. 1.]
b: [1 1 1 1 1 1 1 1 1 1]
active_clients:  [0, 1, 2, 3, 4, 5, 6, 7, 8, 9]
Client 0's s_k are:[0 0 0 0 0 0 0 0 0 0]
Client 1's s_k are:[0 0 0 0 0 0 0 0 0 0]
Client 2's s_k are:[0 0 0 0 0 0 0 0 0 0]
Client 3's s_k are:[0 0 0 0 0 0 0 0 0 0]
Client 4's s_k are:[0 0 0 0 0 0 0 0 0 0]
Client 5's s_k are:[0 0 0 0 0 0 0 0 0 0]
Client 6's s_k are:[0 0 0 0 0 0 0 0 0 0]
Client 7's s_k are:[0 0 0 0 0 0 0 0 0 0]
Client 8's s_k are:[0 0 0 0 0 0 0 0 0 0]
Client 9's s_k are:[0 0 0 0 0 0 0 0 0 0]
| Global Round : 47 | Client :0 | Local Epoch : 0 | [64/594 (11%)]	Loss1: 5.841193 Loss2: 0.000000 
| Global Round : 47 | Client :0 | Local Epoch : 1 | [64/594 (11%)]	Loss1: 5.841709 Loss2: 0.000000 
| Global Round : 47 | Client :0 | Local Epoch : 2 | [64/594 (11%)]	Loss1: 5.842738 Loss2: 0.000000 
| Global Round : 47 | Client :0 | Local Epoch : 3 | [64/594 (11%)]	Loss1: 5.842866 Loss2: 0.000000 
| Global Round : 47 | Client :0 | Local Epoch : 4 | [64/594 (11%)]	Loss1: 5.842036 Loss2: 0.000000 
| Global Round : 47 | Client :1 | Local Epoch : 0 | [64/595 (11%)]	Loss1: 5.840592 Loss2: 0.000000 
| Global Round : 47 | Client :1 | Local Epoch : 1 | [64/595 (11%)]	Loss1: 5.841861 Loss2: 0.000000 
| Global Round : 47 | Client :1 | Local Epoch : 2 | [64/595 (11%)]	Loss1: 5.840925 Loss2: 0.000000 
| Global Round : 47 | Client :1 | Local Epoch : 3 | [64/595 (11%)]	Loss1: 5.842323 Loss2: 0.000000 
| Global Round : 47 | Client :1 | Local Epoch : 4 | [64/595 (11%)]	Loss1: 5.841360 Loss2: 0.000000 
| Global Round : 47 | Client :2 | Local Epoch : 0 | [64/474 (14%)]	Loss1: 5.841146 Loss2: 0.000000 
| Global Round : 47 | Client :2 | Local Epoch : 1 | [64/474 (14%)]	Loss1: 5.842229 Loss2: 0.000000 
| Global Round : 47 | Client :2 | Local Epoch : 2 | [64/474 (14%)]	Loss1: 5.842041 Loss2: 0.000000 
| Global Round : 47 | Client :2 | Local Epoch : 3 | [64/474 (14%)]	Loss1: 5.840752 Loss2: 0.000000 
| Global Round : 47 | Client :2 | Local Epoch : 4 | [64/474 (14%)]	Loss1: 5.841824 Loss2: 0.000000 
| Global Round : 47 | Client :3 | Local Epoch : 0 | [64/566 (12%)]	Loss1: 5.841105 Loss2: 0.000000 
| Global Round : 47 | Client :3 | Local Epoch : 1 | [64/566 (12%)]	Loss1: 5.841609 Loss2: 0.000000 
| Global Round : 47 | Client :3 | Local Epoch : 2 | [64/566 (12%)]	Loss1: 5.842050 Loss2: 0.000000 
| Global Round : 47 | Client :3 | Local Epoch : 3 | [64/566 (12%)]	Loss1: 5.841469 Loss2: 0.000000 
| Global Round : 47 | Client :3 | Local Epoch : 4 | [64/566 (12%)]	Loss1: 5.842469 Loss2: 0.000000 
| Global Round : 47 | Client :4 | Local Epoch : 0 | [64/635 (11%)]	Loss1: 5.842023 Loss2: 0.000000 
| Global Round : 47 | Client :4 | Local Epoch : 1 | [64/635 (11%)]	Loss1: 5.841433 Loss2: 0.000000 
| Global Round : 47 | Client :4 | Local Epoch : 2 | [64/635 (11%)]	Loss1: 5.842431 Loss2: 0.000000 
| Global Round : 47 | Client :4 | Local Epoch : 3 | [64/635 (11%)]	Loss1: 5.842996 Loss2: 0.000000 
| Global Round : 47 | Client :4 | Local Epoch : 4 | [64/635 (11%)]	Loss1: 5.841146 Loss2: 0.000000 
| Global Round : 47 | Client :5 | Local Epoch : 0 | [64/633 (11%)]	Loss1: 5.840764 Loss2: 0.000000 
| Global Round : 47 | Client :5 | Local Epoch : 1 | [64/633 (11%)]	Loss1: 5.841261 Loss2: 0.000000 
| Global Round : 47 | Client :5 | Local Epoch : 2 | [64/633 (11%)]	Loss1: 5.841768 Loss2: 0.000000 
| Global Round : 47 | Client :5 | Local Epoch : 3 | [64/633 (11%)]	Loss1: 5.842778 Loss2: 0.000000 
| Global Round : 47 | Client :5 | Local Epoch : 4 | [64/633 (11%)]	Loss1: 5.842905 Loss2: 0.000000 
| Global Round : 47 | Client :6 | Local Epoch : 0 | [64/645 (10%)]	Loss1: 5.840373 Loss2: 0.000000 
| Global Round : 47 | Client :6 | Local Epoch : 1 | [64/645 (10%)]	Loss1: 5.842190 Loss2: 0.000000 
| Global Round : 47 | Client :6 | Local Epoch : 2 | [64/645 (10%)]	Loss1: 5.841862 Loss2: 0.000000 
| Global Round : 47 | Client :6 | Local Epoch : 3 | [64/645 (10%)]	Loss1: 5.840819 Loss2: 0.000000 
| Global Round : 47 | Client :6 | Local Epoch : 4 | [64/645 (10%)]	Loss1: 5.840946 Loss2: 0.000000 
| Global Round : 47 | Client :7 | Local Epoch : 0 | [64/615 (11%)]	Loss1: 5.841090 Loss2: 0.000000 
| Global Round : 47 | Client :7 | Local Epoch : 1 | [64/615 (11%)]	Loss1: 5.842360 Loss2: 0.000000 
| Global Round : 47 | Client :7 | Local Epoch : 2 | [64/615 (11%)]	Loss1: 5.841390 Loss2: 0.000000 
| Global Round : 47 | Client :7 | Local Epoch : 3 | [64/615 (11%)]	Loss1: 5.841496 Loss2: 0.000000 
| Global Round : 47 | Client :7 | Local Epoch : 4 | [64/615 (11%)]	Loss1: 5.841503 Loss2: 0.000000 
| Global Round : 47 | Client :8 | Local Epoch : 0 | [64/609 (11%)]	Loss1: 5.841996 Loss2: 0.000000 
| Global Round : 47 | Client :8 | Local Epoch : 1 | [64/609 (11%)]	Loss1: 5.841850 Loss2: 0.000000 
| Global Round : 47 | Client :8 | Local Epoch : 2 | [64/609 (11%)]	Loss1: 5.842406 Loss2: 0.000000 
| Global Round : 47 | Client :8 | Local Epoch : 3 | [64/609 (11%)]	Loss1: 5.841745 Loss2: 0.000000 
| Global Round : 47 | Client :8 | Local Epoch : 4 | [64/609 (11%)]	Loss1: 5.841875 Loss2: 0.000000 
| Global Round : 47 | Client :9 | Local Epoch : 0 | [64/628 (11%)]	Loss1: 5.842052 Loss2: 0.000000 
| Global Round : 47 | Client :9 | Local Epoch : 1 | [64/628 (11%)]	Loss1: 5.841706 Loss2: 0.000000 
| Global Round : 47 | Client :9 | Local Epoch : 2 | [64/628 (11%)]	Loss1: 5.841476 Loss2: 0.000000 
| Global Round : 47 | Client :9 | Local Epoch : 3 | [64/628 (11%)]	Loss1: 5.840554 Loss2: 0.000000 
| Global Round : 47 | Client :9 | Local Epoch : 4 | [64/628 (11%)]	Loss1: 5.841475 Loss2: 0.000000 
average loss:   5.838870633745951
average local test accuracy: 0.7919270833333334
average global test accuracy:  0.7794270833333334

 | Global Training Round : 48 |

xi_k [0.51650884 0.51559609 0.50339051 0.48183963 0.48318809 0.48468355
 0.52852789 0.49883522 0.50374449 0.48853103]
max_exp: -1.0
coe: 10
Regulation [0.8 0.8 0.8 0.8 0.8 0.8 0.8 0.8 0.8 0.8]
Solver status: optimal_inaccurate
b_new: [1. 1. 1. 1. 1. 1. 1. 1. 1. 1.]
Iter 0: obj=49.6485, best_obj=49.6485, ||b_new-b_prev||₂=2.846050
xi_k [0.51650884 0.51559609 0.50339051 0.48183963 0.48318809 0.48468355
 0.52852789 0.49883522 0.50374449 0.48853103]
max_exp: -1.0
coe: 10
Regulation [-1. -1. -1. -1. -1. -1. -1. -1. -1. -1.]
Solver status: optimal_inaccurate
b_new: [1. 1. 1. 1. 1. 1. 1. 1. 1. 1.]
Iter 1: obj=50.5485, best_obj=50.5485, ||b_new-b_prev||₂=0.000000
Converged.
Final b: [1. 1. 1. 1. 1. 1. 1. 1. 1. 1.]
<class 'numpy.ndarray'>
b_float: [1. 1. 1. 1. 1. 1. 1. 1. 1. 1.]
b: [1 1 1 1 1 1 1 1 1 1]
active_clients:  [0, 1, 2, 3, 4, 5, 6, 7, 8, 9]
Client 0's s_k are:[0 0 0 0 0 0 0 0 0 0]
Client 1's s_k are:[0 0 0 0 0 0 0 0 0 0]
Client 2's s_k are:[0 0 0 0 0 0 0 0 0 0]
Client 3's s_k are:[0 0 0 0 0 0 0 0 0 0]
Client 4's s_k are:[0 0 0 0 0 0 0 0 0 0]
Client 5's s_k are:[0 0 0 0 0 0 0 0 0 0]
Client 6's s_k are:[0 0 0 0 0 0 0 0 0 0]
Client 7's s_k are:[0 0 0 0 0 0 0 0 0 0]
Client 8's s_k are:[0 0 0 0 0 0 0 0 0 0]
Client 9's s_k are:[0 0 0 0 0 0 0 0 0 0]
| Global Round : 48 | Client :0 | Local Epoch : 0 | [64/594 (11%)]	Loss1: 5.841441 Loss2: 0.000000 
| Global Round : 48 | Client :0 | Local Epoch : 1 | [64/594 (11%)]	Loss1: 5.842289 Loss2: 0.000000 
| Global Round : 48 | Client :0 | Local Epoch : 2 | [64/594 (11%)]	Loss1: 5.841899 Loss2: 0.000000 
| Global Round : 48 | Client :0 | Local Epoch : 3 | [64/594 (11%)]	Loss1: 5.841819 Loss2: 0.000000 
| Global Round : 48 | Client :0 | Local Epoch : 4 | [64/594 (11%)]	Loss1: 5.841358 Loss2: 0.000000 
| Global Round : 48 | Client :1 | Local Epoch : 0 | [64/595 (11%)]	Loss1: 5.840834 Loss2: 0.000000 
| Global Round : 48 | Client :1 | Local Epoch : 1 | [64/595 (11%)]	Loss1: 5.840970 Loss2: 0.000000 
| Global Round : 48 | Client :1 | Local Epoch : 2 | [64/595 (11%)]	Loss1: 5.841293 Loss2: 0.000000 
| Global Round : 48 | Client :1 | Local Epoch : 3 | [64/595 (11%)]	Loss1: 5.842504 Loss2: 0.000000 
| Global Round : 48 | Client :1 | Local Epoch : 4 | [64/595 (11%)]	Loss1: 5.841218 Loss2: 0.000000 
| Global Round : 48 | Client :2 | Local Epoch : 0 | [64/474 (14%)]	Loss1: 5.842288 Loss2: 0.000000 
| Global Round : 48 | Client :2 | Local Epoch : 1 | [64/474 (14%)]	Loss1: 5.841734 Loss2: 0.000000 
| Global Round : 48 | Client :2 | Local Epoch : 2 | [64/474 (14%)]	Loss1: 5.840805 Loss2: 0.000000 
| Global Round : 48 | Client :2 | Local Epoch : 3 | [64/474 (14%)]	Loss1: 5.841066 Loss2: 0.000000 
| Global Round : 48 | Client :2 | Local Epoch : 4 | [64/474 (14%)]	Loss1: 5.841909 Loss2: 0.000000 
| Global Round : 48 | Client :3 | Local Epoch : 0 | [64/566 (12%)]	Loss1: 5.842411 Loss2: 0.000000 
| Global Round : 48 | Client :3 | Local Epoch : 1 | [64/566 (12%)]	Loss1: 5.842707 Loss2: 0.000000 
| Global Round : 48 | Client :3 | Local Epoch : 2 | [64/566 (12%)]	Loss1: 5.842477 Loss2: 0.000000 
| Global Round : 48 | Client :3 | Local Epoch : 3 | [64/566 (12%)]	Loss1: 5.842586 Loss2: 0.000000 
| Global Round : 48 | Client :3 | Local Epoch : 4 | [64/566 (12%)]	Loss1: 5.841563 Loss2: 0.000000 
| Global Round : 48 | Client :4 | Local Epoch : 0 | [64/635 (11%)]	Loss1: 5.840974 Loss2: 0.000000 
| Global Round : 48 | Client :4 | Local Epoch : 1 | [64/635 (11%)]	Loss1: 5.842909 Loss2: 0.000000 
| Global Round : 48 | Client :4 | Local Epoch : 2 | [64/635 (11%)]	Loss1: 5.841510 Loss2: 0.000000 
| Global Round : 48 | Client :4 | Local Epoch : 3 | [64/635 (11%)]	Loss1: 5.843028 Loss2: 0.000000 
| Global Round : 48 | Client :4 | Local Epoch : 4 | [64/635 (11%)]	Loss1: 5.842638 Loss2: 0.000000 
| Global Round : 48 | Client :5 | Local Epoch : 0 | [64/633 (11%)]	Loss1: 5.841449 Loss2: 0.000000 
| Global Round : 48 | Client :5 | Local Epoch : 1 | [64/633 (11%)]	Loss1: 5.841291 Loss2: 0.000000 
| Global Round : 48 | Client :5 | Local Epoch : 2 | [64/633 (11%)]	Loss1: 5.841047 Loss2: 0.000000 
| Global Round : 48 | Client :5 | Local Epoch : 3 | [64/633 (11%)]	Loss1: 5.841140 Loss2: 0.000000 
| Global Round : 48 | Client :5 | Local Epoch : 4 | [64/633 (11%)]	Loss1: 5.840419 Loss2: 0.000000 
| Global Round : 48 | Client :6 | Local Epoch : 0 | [64/645 (10%)]	Loss1: 5.840748 Loss2: 0.000000 
| Global Round : 48 | Client :6 | Local Epoch : 1 | [64/645 (10%)]	Loss1: 5.842114 Loss2: 0.000000 
| Global Round : 48 | Client :6 | Local Epoch : 2 | [64/645 (10%)]	Loss1: 5.841388 Loss2: 0.000000 
| Global Round : 48 | Client :6 | Local Epoch : 3 | [64/645 (10%)]	Loss1: 5.841039 Loss2: 0.000000 
| Global Round : 48 | Client :6 | Local Epoch : 4 | [64/645 (10%)]	Loss1: 5.842744 Loss2: 0.000000 
| Global Round : 48 | Client :7 | Local Epoch : 0 | [64/615 (11%)]	Loss1: 5.840215 Loss2: 0.000000 
| Global Round : 48 | Client :7 | Local Epoch : 1 | [64/615 (11%)]	Loss1: 5.841804 Loss2: 0.000000 
| Global Round : 48 | Client :7 | Local Epoch : 2 | [64/615 (11%)]	Loss1: 5.840933 Loss2: 0.000000 
| Global Round : 48 | Client :7 | Local Epoch : 3 | [64/615 (11%)]	Loss1: 5.841034 Loss2: 0.000000 
| Global Round : 48 | Client :7 | Local Epoch : 4 | [64/615 (11%)]	Loss1: 5.841366 Loss2: 0.000000 
| Global Round : 48 | Client :8 | Local Epoch : 0 | [64/609 (11%)]	Loss1: 5.842119 Loss2: 0.000000 
| Global Round : 48 | Client :8 | Local Epoch : 1 | [64/609 (11%)]	Loss1: 5.842369 Loss2: 0.000000 
| Global Round : 48 | Client :8 | Local Epoch : 2 | [64/609 (11%)]	Loss1: 5.842567 Loss2: 0.000000 
| Global Round : 48 | Client :8 | Local Epoch : 3 | [64/609 (11%)]	Loss1: 5.841190 Loss2: 0.000000 
| Global Round : 48 | Client :8 | Local Epoch : 4 | [64/609 (11%)]	Loss1: 5.842187 Loss2: 0.000000 
| Global Round : 48 | Client :9 | Local Epoch : 0 | [64/628 (11%)]	Loss1: 5.840885 Loss2: 0.000000 
| Global Round : 48 | Client :9 | Local Epoch : 1 | [64/628 (11%)]	Loss1: 5.841647 Loss2: 0.000000 
| Global Round : 48 | Client :9 | Local Epoch : 2 | [64/628 (11%)]	Loss1: 5.842041 Loss2: 0.000000 
| Global Round : 48 | Client :9 | Local Epoch : 3 | [64/628 (11%)]	Loss1: 5.841906 Loss2: 0.000000 
| Global Round : 48 | Client :9 | Local Epoch : 4 | [64/628 (11%)]	Loss1: 5.842450 Loss2: 0.000000 
average loss:   5.8388165259739715
average local test accuracy: 0.8049479166666668
average global test accuracy:  0.7805989583333333

 | Global Training Round : 49 |

xi_k [0.51649751 0.51558948 0.50337059 0.4818345  0.48318619 0.48468098
 0.528464   0.49883356 0.50380617 0.48854053]
max_exp: -1.0
coe: 10
Regulation [0.8 0.8 0.8 0.8 0.8 0.8 0.8 0.8 0.8 0.8]
Solver status: optimal_inaccurate
b_new: [1. 1. 1. 1. 1. 1. 1. 1. 1. 1.]
Iter 0: obj=49.6480, best_obj=49.6480, ||b_new-b_prev||₂=2.846050
xi_k [0.51649751 0.51558948 0.50337059 0.4818345  0.48318619 0.48468098
 0.528464   0.49883356 0.50380617 0.48854053]
max_exp: -1.0
coe: 10
Regulation [-1. -1. -1. -1. -1. -1. -1. -1. -1. -1.]
Solver status: optimal_inaccurate
b_new: [1. 1. 1. 1. 1. 1. 1. 1. 1. 1.]
Iter 1: obj=50.5480, best_obj=50.5480, ||b_new-b_prev||₂=0.000000
Converged.
Final b: [1. 1. 1. 1. 1. 1. 1. 1. 1. 1.]
<class 'numpy.ndarray'>
b_float: [1. 1. 1. 1. 1. 1. 1. 1. 1. 1.]
b: [1 1 1 1 1 1 1 1 1 1]
active_clients:  [0, 1, 2, 3, 4, 5, 6, 7, 8, 9]
Client 0's s_k are:[0 0 0 0 0 0 0 0 0 0]
Client 1's s_k are:[0 0 0 0 0 0 0 0 0 0]
Client 2's s_k are:[0 0 0 0 0 0 0 0 0 0]
Client 3's s_k are:[0 0 0 0 0 0 0 0 0 0]
Client 4's s_k are:[0 0 0 0 0 0 0 0 0 0]
Client 5's s_k are:[0 0 0 0 0 0 0 0 0 0]
Client 6's s_k are:[0 0 0 0 0 0 0 0 0 0]
Client 7's s_k are:[0 0 0 0 0 0 0 0 0 0]
Client 8's s_k are:[0 0 0 0 0 0 0 0 0 0]
Client 9's s_k are:[0 0 0 0 0 0 0 0 0 0]
| Global Round : 49 | Client :0 | Local Epoch : 0 | [64/594 (11%)]	Loss1: 5.842612 Loss2: 0.000000 
| Global Round : 49 | Client :0 | Local Epoch : 1 | [64/594 (11%)]	Loss1: 5.841747 Loss2: 0.000000 
| Global Round : 49 | Client :0 | Local Epoch : 2 | [64/594 (11%)]	Loss1: 5.840471 Loss2: 0.000000 
| Global Round : 49 | Client :0 | Local Epoch : 3 | [64/594 (11%)]	Loss1: 5.842130 Loss2: 0.000000 
| Global Round : 49 | Client :0 | Local Epoch : 4 | [64/594 (11%)]	Loss1: 5.841760 Loss2: 0.000000 
| Global Round : 49 | Client :1 | Local Epoch : 0 | [64/595 (11%)]	Loss1: 5.840829 Loss2: 0.000000 
| Global Round : 49 | Client :1 | Local Epoch : 1 | [64/595 (11%)]	Loss1: 5.841355 Loss2: 0.000000 
| Global Round : 49 | Client :1 | Local Epoch : 2 | [64/595 (11%)]	Loss1: 5.840690 Loss2: 0.000000 
| Global Round : 49 | Client :1 | Local Epoch : 3 | [64/595 (11%)]	Loss1: 5.841154 Loss2: 0.000000 
| Global Round : 49 | Client :1 | Local Epoch : 4 | [64/595 (11%)]	Loss1: 5.841344 Loss2: 0.000000 
| Global Round : 49 | Client :2 | Local Epoch : 0 | [64/474 (14%)]	Loss1: 5.841961 Loss2: 0.000000 
| Global Round : 49 | Client :2 | Local Epoch : 1 | [64/474 (14%)]	Loss1: 5.841609 Loss2: 0.000000 
| Global Round : 49 | Client :2 | Local Epoch : 2 | [64/474 (14%)]	Loss1: 5.840728 Loss2: 0.000000 
| Global Round : 49 | Client :2 | Local Epoch : 3 | [64/474 (14%)]	Loss1: 5.841758 Loss2: 0.000000 
| Global Round : 49 | Client :2 | Local Epoch : 4 | [64/474 (14%)]	Loss1: 5.840787 Loss2: 0.000000 
| Global Round : 49 | Client :3 | Local Epoch : 0 | [64/566 (12%)]	Loss1: 5.841816 Loss2: 0.000000 
| Global Round : 49 | Client :3 | Local Epoch : 1 | [64/566 (12%)]	Loss1: 5.841947 Loss2: 0.000000 
| Global Round : 49 | Client :3 | Local Epoch : 2 | [64/566 (12%)]	Loss1: 5.843273 Loss2: 0.000000 
| Global Round : 49 | Client :3 | Local Epoch : 3 | [64/566 (12%)]	Loss1: 5.843136 Loss2: 0.000000 
| Global Round : 49 | Client :3 | Local Epoch : 4 | [64/566 (12%)]	Loss1: 5.841986 Loss2: 0.000000 
| Global Round : 49 | Client :4 | Local Epoch : 0 | [64/635 (11%)]	Loss1: 5.842515 Loss2: 0.000000 
| Global Round : 49 | Client :4 | Local Epoch : 1 | [64/635 (11%)]	Loss1: 5.842307 Loss2: 0.000000 
| Global Round : 49 | Client :4 | Local Epoch : 2 | [64/635 (11%)]	Loss1: 5.842065 Loss2: 0.000000 
| Global Round : 49 | Client :4 | Local Epoch : 3 | [64/635 (11%)]	Loss1: 5.841767 Loss2: 0.000000 
| Global Round : 49 | Client :4 | Local Epoch : 4 | [64/635 (11%)]	Loss1: 5.841308 Loss2: 0.000000 
| Global Round : 49 | Client :5 | Local Epoch : 0 | [64/633 (11%)]	Loss1: 5.842012 Loss2: 0.000000 
| Global Round : 49 | Client :5 | Local Epoch : 1 | [64/633 (11%)]	Loss1: 5.840555 Loss2: 0.000000 
| Global Round : 49 | Client :5 | Local Epoch : 2 | [64/633 (11%)]	Loss1: 5.841143 Loss2: 0.000000 
| Global Round : 49 | Client :5 | Local Epoch : 3 | [64/633 (11%)]	Loss1: 5.841594 Loss2: 0.000000 
| Global Round : 49 | Client :5 | Local Epoch : 4 | [64/633 (11%)]	Loss1: 5.841349 Loss2: 0.000000 
| Global Round : 49 | Client :6 | Local Epoch : 0 | [64/645 (10%)]	Loss1: 5.841496 Loss2: 0.000000 
| Global Round : 49 | Client :6 | Local Epoch : 1 | [64/645 (10%)]	Loss1: 5.841378 Loss2: 0.000000 
| Global Round : 49 | Client :6 | Local Epoch : 2 | [64/645 (10%)]	Loss1: 5.842362 Loss2: 0.000000 
| Global Round : 49 | Client :6 | Local Epoch : 3 | [64/645 (10%)]	Loss1: 5.841044 Loss2: 0.000000 
| Global Round : 49 | Client :6 | Local Epoch : 4 | [64/645 (10%)]	Loss1: 5.841691 Loss2: 0.000000 
| Global Round : 49 | Client :7 | Local Epoch : 0 | [64/615 (11%)]	Loss1: 5.841671 Loss2: 0.000000 
| Global Round : 49 | Client :7 | Local Epoch : 1 | [64/615 (11%)]	Loss1: 5.842168 Loss2: 0.000000 
| Global Round : 49 | Client :7 | Local Epoch : 2 | [64/615 (11%)]	Loss1: 5.840495 Loss2: 0.000000 
| Global Round : 49 | Client :7 | Local Epoch : 3 | [64/615 (11%)]	Loss1: 5.841385 Loss2: 0.000000 
| Global Round : 49 | Client :7 | Local Epoch : 4 | [64/615 (11%)]	Loss1: 5.841126 Loss2: 0.000000 
| Global Round : 49 | Client :8 | Local Epoch : 0 | [64/609 (11%)]	Loss1: 5.842124 Loss2: 0.000000 
| Global Round : 49 | Client :8 | Local Epoch : 1 | [64/609 (11%)]	Loss1: 5.841333 Loss2: 0.000000 
| Global Round : 49 | Client :8 | Local Epoch : 2 | [64/609 (11%)]	Loss1: 5.843167 Loss2: 0.000000 
| Global Round : 49 | Client :8 | Local Epoch : 3 | [64/609 (11%)]	Loss1: 5.842916 Loss2: 0.000000 
| Global Round : 49 | Client :8 | Local Epoch : 4 | [64/609 (11%)]	Loss1: 5.842148 Loss2: 0.000000 
| Global Round : 49 | Client :9 | Local Epoch : 0 | [64/628 (11%)]	Loss1: 5.841419 Loss2: 0.000000 
| Global Round : 49 | Client :9 | Local Epoch : 1 | [64/628 (11%)]	Loss1: 5.841731 Loss2: 0.000000 
| Global Round : 49 | Client :9 | Local Epoch : 2 | [64/628 (11%)]	Loss1: 5.841510 Loss2: 0.000000 
| Global Round : 49 | Client :9 | Local Epoch : 3 | [64/628 (11%)]	Loss1: 5.841469 Loss2: 0.000000 
| Global Round : 49 | Client :9 | Local Epoch : 4 | [64/628 (11%)]	Loss1: 5.842124 Loss2: 0.000000 
average loss:   5.838793813765996
average local test accuracy: 0.7932291666666667
average global test accuracy:  0.8020833333333334

 | Global Training Round : 50 |

xi_k [0.51654189 0.51555323 0.50333891 0.48184718 0.48320635 0.48464658
 0.52848912 0.49882007 0.50380664 0.48852763]
max_exp: -1.0
coe: 10
Regulation [0.8 0.8 0.8 0.8 0.8 0.8 0.8 0.8 0.8 0.8]
Solver status: optimal_inaccurate
b_new: [1. 1. 1. 1. 1. 1. 1. 1. 1. 1.]
Iter 0: obj=49.6478, best_obj=49.6478, ||b_new-b_prev||₂=2.846050
xi_k [0.51654189 0.51555323 0.50333891 0.48184718 0.48320635 0.48464658
 0.52848912 0.49882007 0.50380664 0.48852763]
max_exp: -1.0
coe: 10
Regulation [-1. -1. -1. -1. -1. -1. -1. -1. -1. -1.]
Solver status: optimal_inaccurate
b_new: [1. 1. 1. 1. 1. 1. 1. 1. 1. 1.]
Iter 1: obj=50.5478, best_obj=50.5478, ||b_new-b_prev||₂=0.000000
Converged.
Final b: [1. 1. 1. 1. 1. 1. 1. 1. 1. 1.]
<class 'numpy.ndarray'>
b_float: [1. 1. 1. 1. 1. 1. 1. 1. 1. 1.]
b: [1 1 1 1 1 1 1 1 1 1]
active_clients:  [0, 1, 2, 3, 4, 5, 6, 7, 8, 9]
Client 0's s_k are:[0 0 0 0 0 0 0 0 0 0]
Client 1's s_k are:[0 0 0 0 0 0 0 0 0 0]
Client 2's s_k are:[0 0 0 0 0 0 0 0 0 0]
Client 3's s_k are:[0 0 0 0 0 0 0 0 0 0]
Client 4's s_k are:[0 0 0 0 0 0 0 0 0 0]
Client 5's s_k are:[0 0 0 0 0 0 0 0 0 0]
Client 6's s_k are:[0 0 0 0 0 0 0 0 0 0]
Client 7's s_k are:[0 0 0 0 0 0 0 0 0 0]
Client 8's s_k are:[0 0 0 0 0 0 0 0 0 0]
Client 9's s_k are:[0 0 0 0 0 0 0 0 0 0]
| Global Round : 50 | Client :0 | Local Epoch : 0 | [64/594 (11%)]	Loss1: 5.841942 Loss2: 0.000000 
| Global Round : 50 | Client :0 | Local Epoch : 1 | [64/594 (11%)]	Loss1: 5.841418 Loss2: 0.000000 
| Global Round : 50 | Client :0 | Local Epoch : 2 | [64/594 (11%)]	Loss1: 5.841529 Loss2: 0.000000 
| Global Round : 50 | Client :0 | Local Epoch : 3 | [64/594 (11%)]	Loss1: 5.841342 Loss2: 0.000000 
| Global Round : 50 | Client :0 | Local Epoch : 4 | [64/594 (11%)]	Loss1: 5.841766 Loss2: 0.000000 
| Global Round : 50 | Client :1 | Local Epoch : 0 | [64/595 (11%)]	Loss1: 5.841138 Loss2: 0.000000 
| Global Round : 50 | Client :1 | Local Epoch : 1 | [64/595 (11%)]	Loss1: 5.841653 Loss2: 0.000000 
| Global Round : 50 | Client :1 | Local Epoch : 2 | [64/595 (11%)]	Loss1: 5.841133 Loss2: 0.000000 
| Global Round : 50 | Client :1 | Local Epoch : 3 | [64/595 (11%)]	Loss1: 5.840520 Loss2: 0.000000 
| Global Round : 50 | Client :1 | Local Epoch : 4 | [64/595 (11%)]	Loss1: 5.841624 Loss2: 0.000000 
| Global Round : 50 | Client :2 | Local Epoch : 0 | [64/474 (14%)]	Loss1: 5.841075 Loss2: 0.000000 
| Global Round : 50 | Client :2 | Local Epoch : 1 | [64/474 (14%)]	Loss1: 5.840942 Loss2: 0.000000 
| Global Round : 50 | Client :2 | Local Epoch : 2 | [64/474 (14%)]	Loss1: 5.840942 Loss2: 0.000000 
| Global Round : 50 | Client :2 | Local Epoch : 3 | [64/474 (14%)]	Loss1: 5.841187 Loss2: 0.000000 
| Global Round : 50 | Client :2 | Local Epoch : 4 | [64/474 (14%)]	Loss1: 5.840963 Loss2: 0.000000 
| Global Round : 50 | Client :3 | Local Epoch : 0 | [64/566 (12%)]	Loss1: 5.843961 Loss2: 0.000000 
| Global Round : 50 | Client :3 | Local Epoch : 1 | [64/566 (12%)]	Loss1: 5.842899 Loss2: 0.000000 
| Global Round : 50 | Client :3 | Local Epoch : 2 | [64/566 (12%)]	Loss1: 5.842618 Loss2: 0.000000 
| Global Round : 50 | Client :3 | Local Epoch : 3 | [64/566 (12%)]	Loss1: 5.841185 Loss2: 0.000000 
| Global Round : 50 | Client :3 | Local Epoch : 4 | [64/566 (12%)]	Loss1: 5.841300 Loss2: 0.000000 
| Global Round : 50 | Client :4 | Local Epoch : 0 | [64/635 (11%)]	Loss1: 5.842201 Loss2: 0.000000 
| Global Round : 50 | Client :4 | Local Epoch : 1 | [64/635 (11%)]	Loss1: 5.842432 Loss2: 0.000000 
| Global Round : 50 | Client :4 | Local Epoch : 2 | [64/635 (11%)]	Loss1: 5.840412 Loss2: 0.000000 
| Global Round : 50 | Client :4 | Local Epoch : 3 | [64/635 (11%)]	Loss1: 5.841526 Loss2: 0.000000 
| Global Round : 50 | Client :4 | Local Epoch : 4 | [64/635 (11%)]	Loss1: 5.841648 Loss2: 0.000000 
| Global Round : 50 | Client :5 | Local Epoch : 0 | [64/633 (11%)]	Loss1: 5.842431 Loss2: 0.000000 
| Global Round : 50 | Client :5 | Local Epoch : 1 | [64/633 (11%)]	Loss1: 5.841662 Loss2: 0.000000 
| Global Round : 50 | Client :5 | Local Epoch : 2 | [64/633 (11%)]	Loss1: 5.841703 Loss2: 0.000000 
| Global Round : 50 | Client :5 | Local Epoch : 3 | [64/633 (11%)]	Loss1: 5.841833 Loss2: 0.000000 
| Global Round : 50 | Client :5 | Local Epoch : 4 | [64/633 (11%)]	Loss1: 5.841833 Loss2: 0.000000 
| Global Round : 50 | Client :6 | Local Epoch : 0 | [64/645 (10%)]	Loss1: 5.842051 Loss2: 0.000000 
| Global Round : 50 | Client :6 | Local Epoch : 1 | [64/645 (10%)]	Loss1: 5.842340 Loss2: 0.000000 
| Global Round : 50 | Client :6 | Local Epoch : 2 | [64/645 (10%)]	Loss1: 5.841614 Loss2: 0.000000 
| Global Round : 50 | Client :6 | Local Epoch : 3 | [64/645 (10%)]	Loss1: 5.841027 Loss2: 0.000000 
| Global Round : 50 | Client :6 | Local Epoch : 4 | [64/645 (10%)]	Loss1: 5.841885 Loss2: 0.000000 
| Global Round : 50 | Client :7 | Local Epoch : 0 | [64/615 (11%)]	Loss1: 5.841225 Loss2: 0.000000 
| Global Round : 50 | Client :7 | Local Epoch : 1 | [64/615 (11%)]	Loss1: 5.841896 Loss2: 0.000000 
| Global Round : 50 | Client :7 | Local Epoch : 2 | [64/615 (11%)]	Loss1: 5.841320 Loss2: 0.000000 
| Global Round : 50 | Client :7 | Local Epoch : 3 | [64/615 (11%)]	Loss1: 5.841611 Loss2: 0.000000 
| Global Round : 50 | Client :7 | Local Epoch : 4 | [64/615 (11%)]	Loss1: 5.841556 Loss2: 0.000000 
| Global Round : 50 | Client :8 | Local Epoch : 0 | [64/609 (11%)]	Loss1: 5.842383 Loss2: 0.000000 
| Global Round : 50 | Client :8 | Local Epoch : 1 | [64/609 (11%)]	Loss1: 5.843601 Loss2: 0.000000 
| Global Round : 50 | Client :8 | Local Epoch : 2 | [64/609 (11%)]	Loss1: 5.842500 Loss2: 0.000000 
| Global Round : 50 | Client :8 | Local Epoch : 3 | [64/609 (11%)]	Loss1: 5.843879 Loss2: 0.000000 
| Global Round : 50 | Client :8 | Local Epoch : 4 | [64/609 (11%)]	Loss1: 5.841427 Loss2: 0.000000 
| Global Round : 50 | Client :9 | Local Epoch : 0 | [64/628 (11%)]	Loss1: 5.841951 Loss2: 0.000000 
| Global Round : 50 | Client :9 | Local Epoch : 1 | [64/628 (11%)]	Loss1: 5.841815 Loss2: 0.000000 
| Global Round : 50 | Client :9 | Local Epoch : 2 | [64/628 (11%)]	Loss1: 5.842075 Loss2: 0.000000 
| Global Round : 50 | Client :9 | Local Epoch : 3 | [64/628 (11%)]	Loss1: 5.841296 Loss2: 0.000000 
| Global Round : 50 | Client :9 | Local Epoch : 4 | [64/628 (11%)]	Loss1: 5.841380 Loss2: 0.000000 
/home/gyh/anaconda3/envs/pt_38py_env/lib/python3.8/site-packages/torch/distributed/distributed_c10d.py:151: UserWarning: torch.distributed.reduce_op is deprecated, please use torch.distributed.ReduceOp instead
  warnings.warn("torch.distributed.reduce_op is deprecated, please use "
average loss:   5.838786006087348
average local test accuracy: 0.7934895833333334
average global test accuracy:  0.8342447916666668
Figures plotted successfully.
Training is completed.
running time: 4247.139182806015 s 

Storage on cpu
-------------------------------------------------------------------------------
Total Tensors: 55285948 	Used Memory: 54.15M
-------------------------------------------------------------------------------

Storage on cuda:0
-------------------------------------------------------------------------------
Total Tensors: 345885 	Used Memory: 1.31M
The allocated memory on cuda:0: 5.54M
Memory differs due to the matrix alignment or invisible gradient buffer tensors
-------------------------------------------------------------------------------
Model is saved on: 
./checkpoint/FMNIST/35dd2b6a124d78eb834f6713d6dc463ab483dfdb53e14cfe1f5bf19be5adfb10.pth
