nohup: 忽略输入
1.9.0+cu111
cuda
Namespace(CVX_iterations=20, alg='FedKD', batch_size=64, beta=10, clip_grad=None, clock_frequency=array([1808963.79922717, 8160714.64649867, 3091213.64555019,
       1206490.34907066, 2048760.62405009, 3718143.78889457,
       5183999.68922887, 6827036.84348192, 6804246.35043647,
       4848804.09801813]), code_len=32, dataset='FMNIST', duration_round=1000000, energy_threshold=1000000.0, eval_only=False, gamma=0.05, is_allocation=True, lam=100, lambda2=0.05, local_ep=5, log_frq=5, loss_F='MSE', lr=0.001, lr_sh_rate=10, method_Bandwidth='CVX', method_Frequency='CVX', method_Teacher='Greedy', method_tier='Random', model='CNN', num_classes=10, num_clients=10, num_epochs=50, num_tiers=1, part=0.1, sample_method='Dirichlet', sampling_rate=1, save_model=True, seed=0, std=2, temp=1, tol=0.001, total_bandwidth=1e+30, transmit_power=0.5, upload_model=True, use_lrschd=False)
idx_batch [5949, 5955, 4747, 5661, 6355, 6331, 6458, 6159, 6099, 6286]
idx_batch_test [988, 992, 791, 944, 1061, 1054, 1074, 1027, 1018, 1051]
min_size 791
Loaders_test[0] is empty: False
Loaders_test[1] is empty: False
Loaders_test[2] is empty: False
Loaders_test[3] is empty: False
Loaders_test[4] is empty: False
Loaders_test[5] is empty: False
Loaders_test[6] is empty: False
Loaders_test[7] is empty: False
Loaders_test[8] is empty: False
Loaders_test[9] is empty: False
Length of Loaders_test[0]: 197
Length of Loaders_test[1]: 198
Length of Loaders_test[2]: 158
Length of Loaders_test[3]: 188
Length of Loaders_test[4]: 212
Length of Loaders_test[5]: 210
Length of Loaders_test[6]: 214
Length of Loaders_test[7]: 205
Length of Loaders_test[8]: 203
Length of Loaders_test[9]: 210
Length of global_loader_test: 195
len(Loaders_train) 9
Client 0 data distribution:
[54, 45, 68, 49, 46, 70, 45, 34, 75, 90]
Client 1 data distribution:
[52, 43, 39, 58, 32, 47, 57, 78, 68, 102]
Client 2 data distribution:
[47, 73, 32, 48, 44, 31, 47, 40, 49, 37]
Client 3 data distribution:
[37, 52, 68, 26, 44, 82, 74, 49, 38, 42]
Client 4 data distribution:
[86, 59, 46, 67, 85, 54, 60, 41, 78, 0]
Client 5 data distribution:
[47, 35, 50, 86, 101, 59, 67, 82, 49, 0]
Client 6 data distribution:
[81, 49, 43, 54, 51, 73, 37, 50, 52, 150]
Client 7 data distribution:
[18, 87, 52, 51, 67, 61, 77, 59, 39, 65]
Client 8 data distribution:
[73, 52, 60, 70, 29, 32, 51, 62, 66, 81]
Client 9 data distribution:
[48, 69, 73, 57, 61, 76, 45, 80, 67, 0]
Checkpoint dir: ./checkpoint/FMNIST/
CNN
# model parameters: 15722
variances:  [0.9307601141667029, 0.48185114682397046, 0.6645067513941435, 0.6572466463121934, 0.3267631619388457, 0.6747059084550923, 0.010415663419456211, 0.3508637924397502, 0.5807081064435688, 0.3899525644823423]
h:  [6.89184883e+00 2.40256346e+00 1.96898480e-01 3.45889295e+00
 2.87521633e-01 6.10576172e-01 5.79235210e-03 9.87802140e-01
 2.06985193e-01 1.50943467e+00]
Random
tiered_clients:  {1: [7, 8, 5, 2, 1, 9, 6, 3, 4, 0]}

 | Global Training Round : 1 |

xi_k [0.52864834 0.5277226  0.51434456 0.49384538 0.49335952 0.49533858
 0.54149813 0.51065028 0.51496156 0.49976268]
max_exp: -1.0
coe: 10
Regulation [0.8 0.8 0.8 0.8 0.8 0.8 0.8 0.8 0.8 0.8]
Solver status: optimal_inaccurate
b_new: [1. 1. 1. 1. 1. 1. 1. 1. 1. 1.]
Iter 0: obj=50.8013, best_obj=50.8013, ||b_new-b_prev||₂=2.846050
xi_k [0.52864834 0.5277226  0.51434456 0.49384538 0.49335952 0.49533858
 0.54149813 0.51065028 0.51496156 0.49976268]
max_exp: -1.0
coe: 10
Regulation [-1. -1. -1. -1. -1. -1. -1. -1. -1. -1.]
Solver status: optimal_inaccurate
b_new: [1. 1. 1. 1. 1. 1. 1. 1. 1. 1.]
Iter 1: obj=51.7013, best_obj=51.7013, ||b_new-b_prev||₂=0.000000
Converged.
Final b: [1. 1. 1. 1. 1. 1. 1. 1. 1. 1.]
<class 'numpy.ndarray'>
b_float: [1. 1. 1. 1. 1. 1. 1. 1. 1. 1.]
b: [1 1 1 1 1 1 1 1 1 1]
active_clients:  [0, 1, 2, 3, 4, 5, 6, 7, 8, 9]
Client 0's s_k are:[0 1 1 1 1 1 1 1 1 1]
Client 1's s_k are:[1 0 1 1 1 1 1 1 1 1]
Client 2's s_k are:[1 1 0 1 1 1 1 1 1 1]
Client 3's s_k are:[1 1 1 0 1 1 1 1 1 1]
Client 4's s_k are:[1 1 1 1 0 1 1 1 1 1]
Client 5's s_k are:[1 1 1 1 1 0 1 1 1 1]
Client 6's s_k are:[1 1 1 1 1 1 0 1 1 1]
Client 7's s_k are:[1 1 1 1 1 1 1 0 1 1]
Client 8's s_k are:[1 1 1 1 1 1 1 1 0 1]
Client 9's s_k are:[1 1 1 1 1 1 1 1 1 0]
| Global Round : 1 | Client :0 | Local Epoch : 0 | [64/594 (11%)]	Loss1: 5.905509 Loss2: 0.000029 
| Global Round : 1 | Client :0 | Local Epoch : 1 | [64/594 (11%)]	Loss1: 5.867428 Loss2: 0.000055 
| Global Round : 1 | Client :0 | Local Epoch : 2 | [64/594 (11%)]	Loss1: 5.864751 Loss2: 0.000059 
| Global Round : 1 | Client :0 | Local Epoch : 3 | [64/594 (11%)]	Loss1: 5.862792 Loss2: 0.000058 
| Global Round : 1 | Client :0 | Local Epoch : 4 | [64/594 (11%)]	Loss1: 5.860838 Loss2: 0.000066 
| Global Round : 1 | Client :1 | Local Epoch : 0 | [64/595 (11%)]	Loss1: 5.902931 Loss2: 0.000025 
| Global Round : 1 | Client :1 | Local Epoch : 1 | [64/595 (11%)]	Loss1: 5.865842 Loss2: 0.000057 
| Global Round : 1 | Client :1 | Local Epoch : 2 | [64/595 (11%)]	Loss1: 5.863252 Loss2: 0.000041 
| Global Round : 1 | Client :1 | Local Epoch : 3 | [64/595 (11%)]	Loss1: 5.861907 Loss2: 0.000044 
| Global Round : 1 | Client :1 | Local Epoch : 4 | [64/595 (11%)]	Loss1: 5.860257 Loss2: 0.000049 
| Global Round : 1 | Client :2 | Local Epoch : 0 | [64/474 (14%)]	Loss1: 5.899552 Loss2: 0.000033 
| Global Round : 1 | Client :2 | Local Epoch : 1 | [64/474 (14%)]	Loss1: 5.865659 Loss2: 0.000040 
| Global Round : 1 | Client :2 | Local Epoch : 2 | [64/474 (14%)]	Loss1: 5.865494 Loss2: 0.000031 
| Global Round : 1 | Client :2 | Local Epoch : 3 | [64/474 (14%)]	Loss1: 5.863405 Loss2: 0.000038 
| Global Round : 1 | Client :2 | Local Epoch : 4 | [64/474 (14%)]	Loss1: 5.861773 Loss2: 0.000040 
| Global Round : 1 | Client :3 | Local Epoch : 0 | [64/566 (12%)]	Loss1: 5.906742 Loss2: 0.000038 
| Global Round : 1 | Client :3 | Local Epoch : 1 | [64/566 (12%)]	Loss1: 5.868825 Loss2: 0.000040 
| Global Round : 1 | Client :3 | Local Epoch : 2 | [64/566 (12%)]	Loss1: 5.864794 Loss2: 0.000033 
| Global Round : 1 | Client :3 | Local Epoch : 3 | [64/566 (12%)]	Loss1: 5.863624 Loss2: 0.000027 
| Global Round : 1 | Client :3 | Local Epoch : 4 | [64/566 (12%)]	Loss1: 5.861584 Loss2: 0.000035 
| Global Round : 1 | Client :4 | Local Epoch : 0 | [64/635 (11%)]	Loss1: 5.891550 Loss2: 0.000038 
| Global Round : 1 | Client :4 | Local Epoch : 1 | [64/635 (11%)]	Loss1: 5.865474 Loss2: 0.000021 
| Global Round : 1 | Client :4 | Local Epoch : 2 | [64/635 (11%)]	Loss1: 5.862270 Loss2: 0.000025 
| Global Round : 1 | Client :4 | Local Epoch : 3 | [64/635 (11%)]	Loss1: 5.861154 Loss2: 0.000027 
| Global Round : 1 | Client :4 | Local Epoch : 4 | [64/635 (11%)]	Loss1: 5.860072 Loss2: 0.000023 
| Global Round : 1 | Client :5 | Local Epoch : 0 | [64/633 (11%)]	Loss1: 5.899733 Loss2: 0.000040 
| Global Round : 1 | Client :5 | Local Epoch : 1 | [64/633 (11%)]	Loss1: 5.865419 Loss2: 0.000016 
| Global Round : 1 | Client :5 | Local Epoch : 2 | [64/633 (11%)]	Loss1: 5.863236 Loss2: 0.000024 
| Global Round : 1 | Client :5 | Local Epoch : 3 | [64/633 (11%)]	Loss1: 5.861957 Loss2: 0.000017 
| Global Round : 1 | Client :5 | Local Epoch : 4 | [64/633 (11%)]	Loss1: 5.860854 Loss2: 0.000022 
| Global Round : 1 | Client :6 | Local Epoch : 0 | [64/645 (10%)]	Loss1: 5.901007 Loss2: 0.000057 
| Global Round : 1 | Client :6 | Local Epoch : 1 | [64/645 (10%)]	Loss1: 5.865619 Loss2: 0.000021 
| Global Round : 1 | Client :6 | Local Epoch : 2 | [64/645 (10%)]	Loss1: 5.863610 Loss2: 0.000023 
| Global Round : 1 | Client :6 | Local Epoch : 3 | [64/645 (10%)]	Loss1: 5.860245 Loss2: 0.000016 
| Global Round : 1 | Client :6 | Local Epoch : 4 | [64/645 (10%)]	Loss1: 5.857761 Loss2: 0.000018 
| Global Round : 1 | Client :7 | Local Epoch : 0 | [64/615 (11%)]	Loss1: 5.905806 Loss2: 0.000056 
| Global Round : 1 | Client :7 | Local Epoch : 1 | [64/615 (11%)]	Loss1: 5.866931 Loss2: 0.000019 
| Global Round : 1 | Client :7 | Local Epoch : 2 | [64/615 (11%)]	Loss1: 5.863464 Loss2: 0.000017 
| Global Round : 1 | Client :7 | Local Epoch : 3 | [64/615 (11%)]	Loss1: 5.862606 Loss2: 0.000013 
| Global Round : 1 | Client :7 | Local Epoch : 4 | [64/615 (11%)]	Loss1: 5.859359 Loss2: 0.000015 
| Global Round : 1 | Client :8 | Local Epoch : 0 | [64/609 (11%)]	Loss1: 5.907241 Loss2: 0.000063 
| Global Round : 1 | Client :8 | Local Epoch : 1 | [64/609 (11%)]	Loss1: 5.865383 Loss2: 0.000017 
| Global Round : 1 | Client :8 | Local Epoch : 2 | [64/609 (11%)]	Loss1: 5.863581 Loss2: 0.000011 
| Global Round : 1 | Client :8 | Local Epoch : 3 | [64/609 (11%)]	Loss1: 5.860219 Loss2: 0.000010 
| Global Round : 1 | Client :8 | Local Epoch : 4 | [64/609 (11%)]	Loss1: 5.858331 Loss2: 0.000012 
| Global Round : 1 | Client :9 | Local Epoch : 0 | [64/628 (11%)]	Loss1: 5.907294 Loss2: 0.000084 
| Global Round : 1 | Client :9 | Local Epoch : 1 | [64/628 (11%)]	Loss1: 5.868543 Loss2: 0.000015 
| Global Round : 1 | Client :9 | Local Epoch : 2 | [64/628 (11%)]	Loss1: 5.861423 Loss2: 0.000010 
| Global Round : 1 | Client :9 | Local Epoch : 3 | [64/628 (11%)]	Loss1: 5.860419 Loss2: 0.000010 
| Global Round : 1 | Client :9 | Local Epoch : 4 | [64/628 (11%)]	Loss1: 5.859676 Loss2: 0.000009 
<frozen importlib._bootstrap>:219: RuntimeWarning: scipy._lib.messagestream.MessageStream size changed, may indicate binary incompatibility. Expected 56 from C header, got 64 from PyObject
/home/gyh/anaconda3/envs/pt_38py_env/lib/python3.8/site-packages/torchvision/datasets/mnist.py:498: UserWarning: The given NumPy array is not writeable, and PyTorch does not support non-writeable tensors. This means you can write to the underlying (supposedly non-writeable) NumPy array using the tensor. You may want to copy the array to protect its data or make it writeable before converting it to a tensor. This type of warning will be suppressed for the rest of this program. (Triggered internally at  /pytorch/torch/csrc/utils/tensor_numpy.cpp:180.)
  return torch.from_numpy(parsed.astype(m[2], copy=False)).view(*s)
/home/gyh/anaconda3/envs/pt_38py_env/lib/python3.8/site-packages/torch/nn/functional.py:718: UserWarning: Named tensors and all their associated APIs are an experimental feature and subject to change. Please do not use them for anything important until they are released as stable. (Triggered internally at  /pytorch/c10/core/TensorImpl.h:1156.)
  return torch.max_pool2d(input, kernel_size, stride, padding, dilation, ceil_mode)
/home/gyh/anaconda3/envs/pt_38py_env/lib/python3.8/site-packages/cvxpy/problems/problem.py:1407: UserWarning: Solution may be inaccurate. Try another solver, adjusting the solver settings, or solve with verbose=True for more information.
  warnings.warn(
average loss:   5.8577111992760305
average local test accuracy: 0.4950520833333333
average global test accuracy:  0.4389322916666666

 | Global Training Round : 2 |

xi_k [0.51988808 0.51915162 0.50695324 0.4852769  0.48627808 0.48781993
 0.53149824 0.50209888 0.50679953 0.49144671]
max_exp: -1.0
coe: 10
Regulation [0.8 0.8 0.8 0.8 0.8 0.8 0.8 0.8 0.8 0.8]
Solver status: optimal_inaccurate
b_new: [1. 1. 1. 1. 1. 1. 1. 1. 1. 1.]
Iter 0: obj=49.9721, best_obj=49.9721, ||b_new-b_prev||₂=2.846050
xi_k [0.51988808 0.51915162 0.50695324 0.4852769  0.48627808 0.48781993
 0.53149824 0.50209888 0.50679953 0.49144671]
max_exp: -1.0
coe: 10
Regulation [-1. -1. -1. -1. -1. -1. -1. -1. -1. -1.]
Solver status: optimal_inaccurate
b_new: [1. 1. 1. 1. 1. 1. 1. 1. 1. 1.]
Iter 1: obj=50.8721, best_obj=50.8721, ||b_new-b_prev||₂=0.000000
Converged.
Final b: [1. 1. 1. 1. 1. 1. 1. 1. 1. 1.]
<class 'numpy.ndarray'>
b_float: [1. 1. 1. 1. 1. 1. 1. 1. 1. 1.]
b: [1 1 1 1 1 1 1 1 1 1]
active_clients:  [0, 1, 2, 3, 4, 5, 6, 7, 8, 9]
Client 0's s_k are:[0 1 1 1 1 1 1 1 1 1]
Client 1's s_k are:[1 0 1 1 1 1 1 1 1 1]
Client 2's s_k are:[1 1 0 1 1 1 1 1 1 1]
Client 3's s_k are:[1 1 1 0 1 1 1 1 1 1]
Client 4's s_k are:[1 1 1 1 0 1 1 1 1 1]
Client 5's s_k are:[1 1 1 1 1 0 1 1 1 1]
Client 6's s_k are:[1 1 1 1 1 1 0 1 1 1]
Client 7's s_k are:[1 1 1 1 1 1 1 0 1 1]
Client 8's s_k are:[1 1 1 1 1 1 1 1 0 1]
Client 9's s_k are:[1 1 1 1 1 1 1 1 1 0]
| Global Round : 2 | Client :0 | Local Epoch : 0 | [64/594 (11%)]	Loss1: 5.860381 Loss2: 0.000008 
| Global Round : 2 | Client :0 | Local Epoch : 1 | [64/594 (11%)]	Loss1: 5.858965 Loss2: 0.000012 
| Global Round : 2 | Client :0 | Local Epoch : 2 | [64/594 (11%)]	Loss1: 5.856599 Loss2: 0.000008 
| Global Round : 2 | Client :0 | Local Epoch : 3 | [64/594 (11%)]	Loss1: 5.855972 Loss2: 0.000008 
| Global Round : 2 | Client :0 | Local Epoch : 4 | [64/594 (11%)]	Loss1: 5.852806 Loss2: 0.000015 
| Global Round : 2 | Client :1 | Local Epoch : 0 | [64/595 (11%)]	Loss1: 5.858959 Loss2: 0.000006 
| Global Round : 2 | Client :1 | Local Epoch : 1 | [64/595 (11%)]	Loss1: 5.857502 Loss2: 0.000011 
| Global Round : 2 | Client :1 | Local Epoch : 2 | [64/595 (11%)]	Loss1: 5.856764 Loss2: 0.000006 
| Global Round : 2 | Client :1 | Local Epoch : 3 | [64/595 (11%)]	Loss1: 5.855806 Loss2: 0.000007 
| Global Round : 2 | Client :1 | Local Epoch : 4 | [64/595 (11%)]	Loss1: 5.855062 Loss2: 0.000008 
| Global Round : 2 | Client :2 | Local Epoch : 0 | [64/474 (14%)]	Loss1: 5.860994 Loss2: 0.000007 
| Global Round : 2 | Client :2 | Local Epoch : 1 | [64/474 (14%)]	Loss1: 5.858754 Loss2: 0.000007 
| Global Round : 2 | Client :2 | Local Epoch : 2 | [64/474 (14%)]	Loss1: 5.856468 Loss2: 0.000006 
| Global Round : 2 | Client :2 | Local Epoch : 3 | [64/474 (14%)]	Loss1: 5.857893 Loss2: 0.000009 
| Global Round : 2 | Client :2 | Local Epoch : 4 | [64/474 (14%)]	Loss1: 5.855337 Loss2: 0.000007 
| Global Round : 2 | Client :3 | Local Epoch : 0 | [64/566 (12%)]	Loss1: 5.860937 Loss2: 0.000007 
| Global Round : 2 | Client :3 | Local Epoch : 1 | [64/566 (12%)]	Loss1: 5.860454 Loss2: 0.000009 
| Global Round : 2 | Client :3 | Local Epoch : 2 | [64/566 (12%)]	Loss1: 5.857345 Loss2: 0.000009 
| Global Round : 2 | Client :3 | Local Epoch : 3 | [64/566 (12%)]	Loss1: 5.856138 Loss2: 0.000006 
| Global Round : 2 | Client :3 | Local Epoch : 4 | [64/566 (12%)]	Loss1: 5.856809 Loss2: 0.000009 
| Global Round : 2 | Client :4 | Local Epoch : 0 | [64/635 (11%)]	Loss1: 5.858667 Loss2: 0.000008 
| Global Round : 2 | Client :4 | Local Epoch : 1 | [64/635 (11%)]	Loss1: 5.859565 Loss2: 0.000009 
| Global Round : 2 | Client :4 | Local Epoch : 2 | [64/635 (11%)]	Loss1: 5.856678 Loss2: 0.000008 
| Global Round : 2 | Client :4 | Local Epoch : 3 | [64/635 (11%)]	Loss1: 5.856105 Loss2: 0.000007 
| Global Round : 2 | Client :4 | Local Epoch : 4 | [64/635 (11%)]	Loss1: 5.856113 Loss2: 0.000008 
| Global Round : 2 | Client :5 | Local Epoch : 0 | [64/633 (11%)]	Loss1: 5.859875 Loss2: 0.000009 
| Global Round : 2 | Client :5 | Local Epoch : 1 | [64/633 (11%)]	Loss1: 5.857825 Loss2: 0.000010 
| Global Round : 2 | Client :5 | Local Epoch : 2 | [64/633 (11%)]	Loss1: 5.856403 Loss2: 0.000010 
| Global Round : 2 | Client :5 | Local Epoch : 3 | [64/633 (11%)]	Loss1: 5.855222 Loss2: 0.000009 
| Global Round : 2 | Client :5 | Local Epoch : 4 | [64/633 (11%)]	Loss1: 5.855363 Loss2: 0.000009 
| Global Round : 2 | Client :6 | Local Epoch : 0 | [64/645 (10%)]	Loss1: 5.858245 Loss2: 0.000011 
| Global Round : 2 | Client :6 | Local Epoch : 1 | [64/645 (10%)]	Loss1: 5.855718 Loss2: 0.000009 
| Global Round : 2 | Client :6 | Local Epoch : 2 | [64/645 (10%)]	Loss1: 5.855072 Loss2: 0.000007 
| Global Round : 2 | Client :6 | Local Epoch : 3 | [64/645 (10%)]	Loss1: 5.854047 Loss2: 0.000007 
| Global Round : 2 | Client :6 | Local Epoch : 4 | [64/645 (10%)]	Loss1: 5.853405 Loss2: 0.000008 
| Global Round : 2 | Client :7 | Local Epoch : 0 | [64/615 (11%)]	Loss1: 5.859752 Loss2: 0.000006 
| Global Round : 2 | Client :7 | Local Epoch : 1 | [64/615 (11%)]	Loss1: 5.859875 Loss2: 0.000011 
| Global Round : 2 | Client :7 | Local Epoch : 2 | [64/615 (11%)]	Loss1: 5.857129 Loss2: 0.000009 
| Global Round : 2 | Client :7 | Local Epoch : 3 | [64/615 (11%)]	Loss1: 5.855779 Loss2: 0.000008 
| Global Round : 2 | Client :7 | Local Epoch : 4 | [64/615 (11%)]	Loss1: 5.855327 Loss2: 0.000006 
| Global Round : 2 | Client :8 | Local Epoch : 0 | [64/609 (11%)]	Loss1: 5.858176 Loss2: 0.000009 
| Global Round : 2 | Client :8 | Local Epoch : 1 | [64/609 (11%)]	Loss1: 5.856619 Loss2: 0.000008 
| Global Round : 2 | Client :8 | Local Epoch : 2 | [64/609 (11%)]	Loss1: 5.855857 Loss2: 0.000008 
| Global Round : 2 | Client :8 | Local Epoch : 3 | [64/609 (11%)]	Loss1: 5.854120 Loss2: 0.000008 
| Global Round : 2 | Client :8 | Local Epoch : 4 | [64/609 (11%)]	Loss1: 5.853281 Loss2: 0.000007 
| Global Round : 2 | Client :9 | Local Epoch : 0 | [64/628 (11%)]	Loss1: 5.856998 Loss2: 0.000009 
| Global Round : 2 | Client :9 | Local Epoch : 1 | [64/628 (11%)]	Loss1: 5.856218 Loss2: 0.000010 
| Global Round : 2 | Client :9 | Local Epoch : 2 | [64/628 (11%)]	Loss1: 5.856968 Loss2: 0.000008 
| Global Round : 2 | Client :9 | Local Epoch : 3 | [64/628 (11%)]	Loss1: 5.854834 Loss2: 0.000008 
| Global Round : 2 | Client :9 | Local Epoch : 4 | [64/628 (11%)]	Loss1: 5.855141 Loss2: 0.000009 
average loss:   5.852228700490224
average local test accuracy: 0.6921875000000001
average global test accuracy:  0.6584635416666667

 | Global Training Round : 3 |

xi_k [0.51879957 0.51803591 0.50597269 0.48420263 0.48538458 0.48697445
 0.53062152 0.50117413 0.50602491 0.49071681]
max_exp: -1.0
coe: 10
Regulation [0.8 0.8 0.8 0.8 0.8 0.8 0.8 0.8 0.8 0.8]
Solver status: optimal_inaccurate
b_new: [1. 1. 1. 1. 1. 1. 1. 1. 1. 1.]
Iter 0: obj=49.8791, best_obj=49.8791, ||b_new-b_prev||₂=2.846050
xi_k [0.51879957 0.51803591 0.50597269 0.48420263 0.48538458 0.48697445
 0.53062152 0.50117413 0.50602491 0.49071681]
max_exp: -1.0
coe: 10
Regulation [-1. -1. -1. -1. -1. -1. -1. -1. -1. -1.]
Solver status: optimal_inaccurate
b_new: [1. 1. 1. 1. 1. 1. 1. 1. 1. 1.]
Iter 1: obj=50.7791, best_obj=50.7791, ||b_new-b_prev||₂=0.000000
Converged.
Final b: [1. 1. 1. 1. 1. 1. 1. 1. 1. 1.]
<class 'numpy.ndarray'>
b_float: [1. 1. 1. 1. 1. 1. 1. 1. 1. 1.]
b: [1 1 1 1 1 1 1 1 1 1]
active_clients:  [0, 1, 2, 3, 4, 5, 6, 7, 8, 9]
Client 0's s_k are:[0 1 1 1 1 1 1 1 1 1]
Client 1's s_k are:[1 0 1 1 1 1 1 1 1 1]
Client 2's s_k are:[1 1 0 1 1 1 1 1 1 1]
Client 3's s_k are:[1 1 1 0 1 1 1 1 1 1]
Client 4's s_k are:[1 1 1 1 0 1 1 1 1 1]
Client 5's s_k are:[1 1 1 1 1 0 1 1 1 1]
Client 6's s_k are:[1 1 1 1 1 1 0 1 1 1]
Client 7's s_k are:[1 1 1 1 1 1 1 0 1 1]
Client 8's s_k are:[1 1 1 1 1 1 1 1 0 1]
Client 9's s_k are:[1 1 1 1 1 1 1 1 1 0]
| Global Round : 3 | Client :0 | Local Epoch : 0 | [64/594 (11%)]	Loss1: 5.851551 Loss2: 0.000008 
| Global Round : 3 | Client :0 | Local Epoch : 1 | [64/594 (11%)]	Loss1: 5.851728 Loss2: 0.000009 
| Global Round : 3 | Client :0 | Local Epoch : 2 | [64/594 (11%)]	Loss1: 5.851319 Loss2: 0.000010 
| Global Round : 3 | Client :0 | Local Epoch : 3 | [64/594 (11%)]	Loss1: 5.851716 Loss2: 0.000007 
| Global Round : 3 | Client :0 | Local Epoch : 4 | [64/594 (11%)]	Loss1: 5.850858 Loss2: 0.000009 
| Global Round : 3 | Client :1 | Local Epoch : 0 | [64/595 (11%)]	Loss1: 5.853864 Loss2: 0.000007 
| Global Round : 3 | Client :1 | Local Epoch : 1 | [64/595 (11%)]	Loss1: 5.854373 Loss2: 0.000006 
| Global Round : 3 | Client :1 | Local Epoch : 2 | [64/595 (11%)]	Loss1: 5.854027 Loss2: 0.000007 
| Global Round : 3 | Client :1 | Local Epoch : 3 | [64/595 (11%)]	Loss1: 5.853599 Loss2: 0.000008 
| Global Round : 3 | Client :1 | Local Epoch : 4 | [64/595 (11%)]	Loss1: 5.851865 Loss2: 0.000009 
| Global Round : 3 | Client :2 | Local Epoch : 0 | [64/474 (14%)]	Loss1: 5.854629 Loss2: 0.000008 
| Global Round : 3 | Client :2 | Local Epoch : 1 | [64/474 (14%)]	Loss1: 5.854429 Loss2: 0.000007 
| Global Round : 3 | Client :2 | Local Epoch : 2 | [64/474 (14%)]	Loss1: 5.855678 Loss2: 0.000008 
| Global Round : 3 | Client :2 | Local Epoch : 3 | [64/474 (14%)]	Loss1: 5.853235 Loss2: 0.000007 
| Global Round : 3 | Client :2 | Local Epoch : 4 | [64/474 (14%)]	Loss1: 5.853054 Loss2: 0.000007 
| Global Round : 3 | Client :3 | Local Epoch : 0 | [64/566 (12%)]	Loss1: 5.854986 Loss2: 0.000008 
| Global Round : 3 | Client :3 | Local Epoch : 1 | [64/566 (12%)]	Loss1: 5.855202 Loss2: 0.000012 
| Global Round : 3 | Client :3 | Local Epoch : 2 | [64/566 (12%)]	Loss1: 5.853634 Loss2: 0.000008 
| Global Round : 3 | Client :3 | Local Epoch : 3 | [64/566 (12%)]	Loss1: 5.855289 Loss2: 0.000008 
| Global Round : 3 | Client :3 | Local Epoch : 4 | [64/566 (12%)]	Loss1: 5.853320 Loss2: 0.000010 
| Global Round : 3 | Client :4 | Local Epoch : 0 | [64/635 (11%)]	Loss1: 5.854579 Loss2: 0.000010 
| Global Round : 3 | Client :4 | Local Epoch : 1 | [64/635 (11%)]	Loss1: 5.854404 Loss2: 0.000009 
| Global Round : 3 | Client :4 | Local Epoch : 2 | [64/635 (11%)]	Loss1: 5.852661 Loss2: 0.000011 
| Global Round : 3 | Client :4 | Local Epoch : 3 | [64/635 (11%)]	Loss1: 5.852222 Loss2: 0.000009 
| Global Round : 3 | Client :4 | Local Epoch : 4 | [64/635 (11%)]	Loss1: 5.853368 Loss2: 0.000009 
| Global Round : 3 | Client :5 | Local Epoch : 0 | [64/633 (11%)]	Loss1: 5.852792 Loss2: 0.000009 
| Global Round : 3 | Client :5 | Local Epoch : 1 | [64/633 (11%)]	Loss1: 5.853731 Loss2: 0.000009 
| Global Round : 3 | Client :5 | Local Epoch : 2 | [64/633 (11%)]	Loss1: 5.851364 Loss2: 0.000011 
| Global Round : 3 | Client :5 | Local Epoch : 3 | [64/633 (11%)]	Loss1: 5.852584 Loss2: 0.000008 
| Global Round : 3 | Client :5 | Local Epoch : 4 | [64/633 (11%)]	Loss1: 5.852050 Loss2: 0.000010 
| Global Round : 3 | Client :6 | Local Epoch : 0 | [64/645 (10%)]	Loss1: 5.851849 Loss2: 0.000010 
| Global Round : 3 | Client :6 | Local Epoch : 1 | [64/645 (10%)]	Loss1: 5.852989 Loss2: 0.000010 
| Global Round : 3 | Client :6 | Local Epoch : 2 | [64/645 (10%)]	Loss1: 5.851543 Loss2: 0.000007 
| Global Round : 3 | Client :6 | Local Epoch : 3 | [64/645 (10%)]	Loss1: 5.850944 Loss2: 0.000012 
| Global Round : 3 | Client :6 | Local Epoch : 4 | [64/645 (10%)]	Loss1: 5.851745 Loss2: 0.000008 
| Global Round : 3 | Client :7 | Local Epoch : 0 | [64/615 (11%)]	Loss1: 5.855520 Loss2: 0.000010 
| Global Round : 3 | Client :7 | Local Epoch : 1 | [64/615 (11%)]	Loss1: 5.853905 Loss2: 0.000008 
| Global Round : 3 | Client :7 | Local Epoch : 2 | [64/615 (11%)]	Loss1: 5.854676 Loss2: 0.000007 
| Global Round : 3 | Client :7 | Local Epoch : 3 | [64/615 (11%)]	Loss1: 5.855314 Loss2: 0.000007 
| Global Round : 3 | Client :7 | Local Epoch : 4 | [64/615 (11%)]	Loss1: 5.851732 Loss2: 0.000008 
| Global Round : 3 | Client :8 | Local Epoch : 0 | [64/609 (11%)]	Loss1: 5.853160 Loss2: 0.000010 
| Global Round : 3 | Client :8 | Local Epoch : 1 | [64/609 (11%)]	Loss1: 5.856046 Loss2: 0.000008 
| Global Round : 3 | Client :8 | Local Epoch : 2 | [64/609 (11%)]	Loss1: 5.854000 Loss2: 0.000008 
| Global Round : 3 | Client :8 | Local Epoch : 3 | [64/609 (11%)]	Loss1: 5.852041 Loss2: 0.000008 
| Global Round : 3 | Client :8 | Local Epoch : 4 | [64/609 (11%)]	Loss1: 5.851698 Loss2: 0.000007 
| Global Round : 3 | Client :9 | Local Epoch : 0 | [64/628 (11%)]	Loss1: 5.853660 Loss2: 0.000009 
| Global Round : 3 | Client :9 | Local Epoch : 1 | [64/628 (11%)]	Loss1: 5.853504 Loss2: 0.000009 
| Global Round : 3 | Client :9 | Local Epoch : 2 | [64/628 (11%)]	Loss1: 5.852529 Loss2: 0.000010 
| Global Round : 3 | Client :9 | Local Epoch : 3 | [64/628 (11%)]	Loss1: 5.854092 Loss2: 0.000010 
| Global Round : 3 | Client :9 | Local Epoch : 4 | [64/628 (11%)]	Loss1: 5.851573 Loss2: 0.000008 
average loss:   5.849674589633942
average local test accuracy: 0.7315104166666667
average global test accuracy:  0.64375

 | Global Training Round : 4 |

xi_k [0.51830646 0.51763327 0.50539465 0.48381927 0.48501127 0.48649708
 0.53022851 0.50073686 0.50556101 0.49043646]
max_exp: -1.0
coe: 10
Regulation [0.8 0.8 0.8 0.8 0.8 0.8 0.8 0.8 0.8 0.8]
Solver status: optimal_inaccurate
b_new: [1. 1. 1. 1. 1. 1. 1. 1. 1. 1.]
Iter 0: obj=49.8362, best_obj=49.8362, ||b_new-b_prev||₂=2.846050
xi_k [0.51830646 0.51763327 0.50539465 0.48381927 0.48501127 0.48649708
 0.53022851 0.50073686 0.50556101 0.49043646]
max_exp: -1.0
coe: 10
Regulation [-1. -1. -1. -1. -1. -1. -1. -1. -1. -1.]
Solver status: optimal_inaccurate
b_new: [1. 1. 1. 1. 1. 1. 1. 1. 1. 1.]
Iter 1: obj=50.7362, best_obj=50.7362, ||b_new-b_prev||₂=0.000000
Converged.
Final b: [1. 1. 1. 1. 1. 1. 1. 1. 1. 1.]
<class 'numpy.ndarray'>
b_float: [1. 1. 1. 1. 1. 1. 1. 1. 1. 1.]
b: [1 1 1 1 1 1 1 1 1 1]
active_clients:  [0, 1, 2, 3, 4, 5, 6, 7, 8, 9]
Client 0's s_k are:[0 1 1 1 1 1 1 1 1 1]
Client 1's s_k are:[1 0 1 1 1 1 1 1 1 1]
Client 2's s_k are:[1 1 0 1 1 1 1 1 1 1]
Client 3's s_k are:[1 1 1 0 1 1 1 1 1 1]
Client 4's s_k are:[1 1 1 1 0 1 1 1 1 1]
Client 5's s_k are:[1 1 1 1 1 0 1 1 1 1]
Client 6's s_k are:[1 1 1 1 1 1 0 1 1 1]
Client 7's s_k are:[1 1 1 1 1 1 1 0 1 1]
Client 8's s_k are:[1 1 1 1 1 1 1 1 0 1]
Client 9's s_k are:[1 1 1 1 1 1 1 1 1 0]
| Global Round : 4 | Client :0 | Local Epoch : 0 | [64/594 (11%)]	Loss1: 5.850198 Loss2: 0.000008 
| Global Round : 4 | Client :0 | Local Epoch : 1 | [64/594 (11%)]	Loss1: 5.850150 Loss2: 0.000012 
| Global Round : 4 | Client :0 | Local Epoch : 2 | [64/594 (11%)]	Loss1: 5.850529 Loss2: 0.000011 
| Global Round : 4 | Client :0 | Local Epoch : 3 | [64/594 (11%)]	Loss1: 5.849180 Loss2: 0.000008 
| Global Round : 4 | Client :0 | Local Epoch : 4 | [64/594 (11%)]	Loss1: 5.850165 Loss2: 0.000012 
| Global Round : 4 | Client :1 | Local Epoch : 0 | [64/595 (11%)]	Loss1: 5.849883 Loss2: 0.000010 
| Global Round : 4 | Client :1 | Local Epoch : 1 | [64/595 (11%)]	Loss1: 5.852480 Loss2: 0.000007 
| Global Round : 4 | Client :1 | Local Epoch : 2 | [64/595 (11%)]	Loss1: 5.850788 Loss2: 0.000008 
| Global Round : 4 | Client :1 | Local Epoch : 3 | [64/595 (11%)]	Loss1: 5.850348 Loss2: 0.000007 
| Global Round : 4 | Client :1 | Local Epoch : 4 | [64/595 (11%)]	Loss1: 5.851142 Loss2: 0.000007 
| Global Round : 4 | Client :2 | Local Epoch : 0 | [64/474 (14%)]	Loss1: 5.851963 Loss2: 0.000008 
| Global Round : 4 | Client :2 | Local Epoch : 1 | [64/474 (14%)]	Loss1: 5.853237 Loss2: 0.000007 
| Global Round : 4 | Client :2 | Local Epoch : 2 | [64/474 (14%)]	Loss1: 5.853025 Loss2: 0.000010 
| Global Round : 4 | Client :2 | Local Epoch : 3 | [64/474 (14%)]	Loss1: 5.851977 Loss2: 0.000010 
| Global Round : 4 | Client :2 | Local Epoch : 4 | [64/474 (14%)]	Loss1: 5.851532 Loss2: 0.000009 
| Global Round : 4 | Client :3 | Local Epoch : 0 | [64/566 (12%)]	Loss1: 5.852134 Loss2: 0.000008 
| Global Round : 4 | Client :3 | Local Epoch : 1 | [64/566 (12%)]	Loss1: 5.853051 Loss2: 0.000009 
| Global Round : 4 | Client :3 | Local Epoch : 2 | [64/566 (12%)]	Loss1: 5.853105 Loss2: 0.000008 
| Global Round : 4 | Client :3 | Local Epoch : 3 | [64/566 (12%)]	Loss1: 5.852380 Loss2: 0.000008 
| Global Round : 4 | Client :3 | Local Epoch : 4 | [64/566 (12%)]	Loss1: 5.852163 Loss2: 0.000010 
| Global Round : 4 | Client :4 | Local Epoch : 0 | [64/635 (11%)]	Loss1: 5.852400 Loss2: 0.000009 
| Global Round : 4 | Client :4 | Local Epoch : 1 | [64/635 (11%)]	Loss1: 5.853941 Loss2: 0.000011 
| Global Round : 4 | Client :4 | Local Epoch : 2 | [64/635 (11%)]	Loss1: 5.851814 Loss2: 0.000012 
| Global Round : 4 | Client :4 | Local Epoch : 3 | [64/635 (11%)]	Loss1: 5.850292 Loss2: 0.000009 
| Global Round : 4 | Client :4 | Local Epoch : 4 | [64/635 (11%)]	Loss1: 5.851296 Loss2: 0.000008 
| Global Round : 4 | Client :5 | Local Epoch : 0 | [64/633 (11%)]	Loss1: 5.849357 Loss2: 0.000012 
| Global Round : 4 | Client :5 | Local Epoch : 1 | [64/633 (11%)]	Loss1: 5.849602 Loss2: 0.000012 
| Global Round : 4 | Client :5 | Local Epoch : 2 | [64/633 (11%)]	Loss1: 5.849642 Loss2: 0.000011 
| Global Round : 4 | Client :5 | Local Epoch : 3 | [64/633 (11%)]	Loss1: 5.851650 Loss2: 0.000010 
| Global Round : 4 | Client :5 | Local Epoch : 4 | [64/633 (11%)]	Loss1: 5.850230 Loss2: 0.000010 
| Global Round : 4 | Client :6 | Local Epoch : 0 | [64/645 (10%)]	Loss1: 5.850852 Loss2: 0.000009 
| Global Round : 4 | Client :6 | Local Epoch : 1 | [64/645 (10%)]	Loss1: 5.851289 Loss2: 0.000008 
| Global Round : 4 | Client :6 | Local Epoch : 2 | [64/645 (10%)]	Loss1: 5.848470 Loss2: 0.000010 
| Global Round : 4 | Client :6 | Local Epoch : 3 | [64/645 (10%)]	Loss1: 5.850407 Loss2: 0.000007 
| Global Round : 4 | Client :6 | Local Epoch : 4 | [64/645 (10%)]	Loss1: 5.849515 Loss2: 0.000008 
| Global Round : 4 | Client :7 | Local Epoch : 0 | [64/615 (11%)]	Loss1: 5.851851 Loss2: 0.000009 
| Global Round : 4 | Client :7 | Local Epoch : 1 | [64/615 (11%)]	Loss1: 5.851276 Loss2: 0.000010 
| Global Round : 4 | Client :7 | Local Epoch : 2 | [64/615 (11%)]	Loss1: 5.849760 Loss2: 0.000009 
| Global Round : 4 | Client :7 | Local Epoch : 3 | [64/615 (11%)]	Loss1: 5.851914 Loss2: 0.000008 
| Global Round : 4 | Client :7 | Local Epoch : 4 | [64/615 (11%)]	Loss1: 5.849320 Loss2: 0.000009 
| Global Round : 4 | Client :8 | Local Epoch : 0 | [64/609 (11%)]	Loss1: 5.852049 Loss2: 0.000009 
| Global Round : 4 | Client :8 | Local Epoch : 1 | [64/609 (11%)]	Loss1: 5.853089 Loss2: 0.000008 
| Global Round : 4 | Client :8 | Local Epoch : 2 | [64/609 (11%)]	Loss1: 5.852470 Loss2: 0.000010 
| Global Round : 4 | Client :8 | Local Epoch : 3 | [64/609 (11%)]	Loss1: 5.851048 Loss2: 0.000010 
| Global Round : 4 | Client :8 | Local Epoch : 4 | [64/609 (11%)]	Loss1: 5.848104 Loss2: 0.000007 
| Global Round : 4 | Client :9 | Local Epoch : 0 | [64/628 (11%)]	Loss1: 5.851688 Loss2: 0.000009 
| Global Round : 4 | Client :9 | Local Epoch : 1 | [64/628 (11%)]	Loss1: 5.852249 Loss2: 0.000012 
| Global Round : 4 | Client :9 | Local Epoch : 2 | [64/628 (11%)]	Loss1: 5.850698 Loss2: 0.000008 
| Global Round : 4 | Client :9 | Local Epoch : 3 | [64/628 (11%)]	Loss1: 5.850599 Loss2: 0.000011 
| Global Round : 4 | Client :9 | Local Epoch : 4 | [64/628 (11%)]	Loss1: 5.851156 Loss2: 0.000010 
average loss:   5.848029962399649
average local test accuracy: 0.7333333333333333
average global test accuracy:  0.7395833333333334

 | Global Training Round : 5 |

xi_k [0.51808806 0.51730708 0.5051599  0.4834915  0.48476279 0.48613843
 0.52992232 0.50043599 0.5053157  0.49008602]
max_exp: -1.0
coe: 10
Regulation [0.8 0.8 0.8 0.8 0.8 0.8 0.8 0.8 0.8 0.8]
Solver status: optimal_inaccurate
b_new: [1. 1. 1. 1. 1. 1. 1. 1. 1. 1.]
Iter 0: obj=49.8071, best_obj=49.8071, ||b_new-b_prev||₂=2.846050
xi_k [0.51808806 0.51730708 0.5051599  0.4834915  0.48476279 0.48613843
 0.52992232 0.50043599 0.5053157  0.49008602]
max_exp: -1.0
coe: 10
Regulation [-1. -1. -1. -1. -1. -1. -1. -1. -1. -1.]
Solver status: optimal_inaccurate
b_new: [1. 1. 1. 1. 1. 1. 1. 1. 1. 1.]
Iter 1: obj=50.7071, best_obj=50.7071, ||b_new-b_prev||₂=0.000000
Converged.
Final b: [1. 1. 1. 1. 1. 1. 1. 1. 1. 1.]
<class 'numpy.ndarray'>
b_float: [1. 1. 1. 1. 1. 1. 1. 1. 1. 1.]
b: [1 1 1 1 1 1 1 1 1 1]
active_clients:  [0, 1, 2, 3, 4, 5, 6, 7, 8, 9]
Client 0's s_k are:[0 1 1 1 1 1 1 1 1 1]
Client 1's s_k are:[1 0 1 1 1 1 1 1 1 1]
Client 2's s_k are:[1 1 0 1 1 1 1 1 1 1]
Client 3's s_k are:[1 1 1 0 1 1 1 1 1 1]
Client 4's s_k are:[1 1 1 1 0 1 1 1 1 1]
Client 5's s_k are:[1 1 1 1 1 0 1 1 1 1]
Client 6's s_k are:[1 1 1 1 1 1 0 1 1 1]
Client 7's s_k are:[1 1 1 1 1 1 1 0 1 1]
Client 8's s_k are:[1 1 1 1 1 1 1 1 0 1]
Client 9's s_k are:[1 1 1 1 1 1 1 1 1 0]
| Global Round : 5 | Client :0 | Local Epoch : 0 | [64/594 (11%)]	Loss1: 5.850478 Loss2: 0.000008 
| Global Round : 5 | Client :0 | Local Epoch : 1 | [64/594 (11%)]	Loss1: 5.851093 Loss2: 0.000007 
| Global Round : 5 | Client :0 | Local Epoch : 2 | [64/594 (11%)]	Loss1: 5.849823 Loss2: 0.000008 
| Global Round : 5 | Client :0 | Local Epoch : 3 | [64/594 (11%)]	Loss1: 5.849262 Loss2: 0.000008 
| Global Round : 5 | Client :0 | Local Epoch : 4 | [64/594 (11%)]	Loss1: 5.850345 Loss2: 0.000008 
| Global Round : 5 | Client :1 | Local Epoch : 0 | [64/595 (11%)]	Loss1: 5.851968 Loss2: 0.000008 
| Global Round : 5 | Client :1 | Local Epoch : 1 | [64/595 (11%)]	Loss1: 5.849290 Loss2: 0.000008 
| Global Round : 5 | Client :1 | Local Epoch : 2 | [64/595 (11%)]	Loss1: 5.849761 Loss2: 0.000010 
| Global Round : 5 | Client :1 | Local Epoch : 3 | [64/595 (11%)]	Loss1: 5.850171 Loss2: 0.000007 
| Global Round : 5 | Client :1 | Local Epoch : 4 | [64/595 (11%)]	Loss1: 5.848058 Loss2: 0.000010 
| Global Round : 5 | Client :2 | Local Epoch : 0 | [64/474 (14%)]	Loss1: 5.851411 Loss2: 0.000008 
| Global Round : 5 | Client :2 | Local Epoch : 1 | [64/474 (14%)]	Loss1: 5.851934 Loss2: 0.000009 
| Global Round : 5 | Client :2 | Local Epoch : 2 | [64/474 (14%)]	Loss1: 5.848785 Loss2: 0.000010 
| Global Round : 5 | Client :2 | Local Epoch : 3 | [64/474 (14%)]	Loss1: 5.850868 Loss2: 0.000008 
| Global Round : 5 | Client :2 | Local Epoch : 4 | [64/474 (14%)]	Loss1: 5.849432 Loss2: 0.000009 
| Global Round : 5 | Client :3 | Local Epoch : 0 | [64/566 (12%)]	Loss1: 5.849483 Loss2: 0.000010 
| Global Round : 5 | Client :3 | Local Epoch : 1 | [64/566 (12%)]	Loss1: 5.851183 Loss2: 0.000008 
| Global Round : 5 | Client :3 | Local Epoch : 2 | [64/566 (12%)]	Loss1: 5.850504 Loss2: 0.000008 
| Global Round : 5 | Client :3 | Local Epoch : 3 | [64/566 (12%)]	Loss1: 5.850817 Loss2: 0.000008 
| Global Round : 5 | Client :3 | Local Epoch : 4 | [64/566 (12%)]	Loss1: 5.849432 Loss2: 0.000008 
| Global Round : 5 | Client :4 | Local Epoch : 0 | [64/635 (11%)]	Loss1: 5.849565 Loss2: 0.000010 
| Global Round : 5 | Client :4 | Local Epoch : 1 | [64/635 (11%)]	Loss1: 5.850774 Loss2: 0.000009 
| Global Round : 5 | Client :4 | Local Epoch : 2 | [64/635 (11%)]	Loss1: 5.851417 Loss2: 0.000011 
| Global Round : 5 | Client :4 | Local Epoch : 3 | [64/635 (11%)]	Loss1: 5.850345 Loss2: 0.000008 
| Global Round : 5 | Client :4 | Local Epoch : 4 | [64/635 (11%)]	Loss1: 5.851820 Loss2: 0.000012 
| Global Round : 5 | Client :5 | Local Epoch : 0 | [64/633 (11%)]	Loss1: 5.850389 Loss2: 0.000011 
| Global Round : 5 | Client :5 | Local Epoch : 1 | [64/633 (11%)]	Loss1: 5.848971 Loss2: 0.000012 
| Global Round : 5 | Client :5 | Local Epoch : 2 | [64/633 (11%)]	Loss1: 5.850034 Loss2: 0.000010 
| Global Round : 5 | Client :5 | Local Epoch : 3 | [64/633 (11%)]	Loss1: 5.847999 Loss2: 0.000010 
| Global Round : 5 | Client :5 | Local Epoch : 4 | [64/633 (11%)]	Loss1: 5.848572 Loss2: 0.000013 
| Global Round : 5 | Client :6 | Local Epoch : 0 | [64/645 (10%)]	Loss1: 5.848489 Loss2: 0.000011 
| Global Round : 5 | Client :6 | Local Epoch : 1 | [64/645 (10%)]	Loss1: 5.848865 Loss2: 0.000011 
| Global Round : 5 | Client :6 | Local Epoch : 2 | [64/645 (10%)]	Loss1: 5.848192 Loss2: 0.000009 
| Global Round : 5 | Client :6 | Local Epoch : 3 | [64/645 (10%)]	Loss1: 5.849800 Loss2: 0.000010 
| Global Round : 5 | Client :6 | Local Epoch : 4 | [64/645 (10%)]	Loss1: 5.849030 Loss2: 0.000009 
| Global Round : 5 | Client :7 | Local Epoch : 0 | [64/615 (11%)]	Loss1: 5.849825 Loss2: 0.000009 
| Global Round : 5 | Client :7 | Local Epoch : 1 | [64/615 (11%)]	Loss1: 5.851099 Loss2: 0.000009 
| Global Round : 5 | Client :7 | Local Epoch : 2 | [64/615 (11%)]	Loss1: 5.850781 Loss2: 0.000010 
| Global Round : 5 | Client :7 | Local Epoch : 3 | [64/615 (11%)]	Loss1: 5.848451 Loss2: 0.000011 
| Global Round : 5 | Client :7 | Local Epoch : 4 | [64/615 (11%)]	Loss1: 5.849143 Loss2: 0.000010 
| Global Round : 5 | Client :8 | Local Epoch : 0 | [64/609 (11%)]	Loss1: 5.848562 Loss2: 0.000009 
| Global Round : 5 | Client :8 | Local Epoch : 1 | [64/609 (11%)]	Loss1: 5.850126 Loss2: 0.000009 
| Global Round : 5 | Client :8 | Local Epoch : 2 | [64/609 (11%)]	Loss1: 5.850561 Loss2: 0.000010 
| Global Round : 5 | Client :8 | Local Epoch : 3 | [64/609 (11%)]	Loss1: 5.851470 Loss2: 0.000009 
| Global Round : 5 | Client :8 | Local Epoch : 4 | [64/609 (11%)]	Loss1: 5.849668 Loss2: 0.000010 
| Global Round : 5 | Client :9 | Local Epoch : 0 | [64/628 (11%)]	Loss1: 5.852106 Loss2: 0.000010 
| Global Round : 5 | Client :9 | Local Epoch : 1 | [64/628 (11%)]	Loss1: 5.849778 Loss2: 0.000011 
| Global Round : 5 | Client :9 | Local Epoch : 2 | [64/628 (11%)]	Loss1: 5.849158 Loss2: 0.000010 
| Global Round : 5 | Client :9 | Local Epoch : 3 | [64/628 (11%)]	Loss1: 5.848485 Loss2: 0.000011 
| Global Round : 5 | Client :9 | Local Epoch : 4 | [64/628 (11%)]	Loss1: 5.849864 Loss2: 0.000009 
average loss:   5.846993987162908
average local test accuracy: 0.7518229166666667
average global test accuracy:  0.7735677083333333

 | Global Training Round : 6 |

xi_k [0.51785529 0.51708973 0.50491427 0.48328967 0.4845844  0.48602957
 0.52985127 0.50021836 0.50518485 0.48990193]
max_exp: -1.0
coe: 10
Regulation [0.8 0.8 0.8 0.8 0.8 0.8 0.8 0.8 0.8 0.8]
Solver status: optimal_inaccurate
b_new: [1. 1. 1. 1. 1. 1. 1. 1. 1. 1.]
Iter 0: obj=49.7892, best_obj=49.7892, ||b_new-b_prev||₂=2.846050
xi_k [0.51785529 0.51708973 0.50491427 0.48328967 0.4845844  0.48602957
 0.52985127 0.50021836 0.50518485 0.48990193]
max_exp: -1.0
coe: 10
Regulation [-1. -1. -1. -1. -1. -1. -1. -1. -1. -1.]
Solver status: optimal_inaccurate
b_new: [1. 1. 1. 1. 1. 1. 1. 1. 1. 1.]
Iter 1: obj=50.6892, best_obj=50.6892, ||b_new-b_prev||₂=0.000000
Converged.
Final b: [1. 1. 1. 1. 1. 1. 1. 1. 1. 1.]
<class 'numpy.ndarray'>
b_float: [1. 1. 1. 1. 1. 1. 1. 1. 1. 1.]
b: [1 1 1 1 1 1 1 1 1 1]
active_clients:  [0, 1, 2, 3, 4, 5, 6, 7, 8, 9]
Client 0's s_k are:[0 1 1 1 1 1 1 1 1 1]
Client 1's s_k are:[1 0 1 1 1 1 1 1 1 1]
Client 2's s_k are:[1 1 0 1 1 1 1 1 1 1]
Client 3's s_k are:[1 1 1 0 1 1 1 1 1 1]
Client 4's s_k are:[1 1 1 1 0 1 1 1 1 1]
Client 5's s_k are:[1 1 1 1 1 0 1 1 1 1]
Client 6's s_k are:[1 1 1 1 1 1 0 1 1 1]
Client 7's s_k are:[1 1 1 1 1 1 1 0 1 1]
Client 8's s_k are:[1 1 1 1 1 1 1 1 0 1]
Client 9's s_k are:[1 1 1 1 1 1 1 1 1 0]
| Global Round : 6 | Client :0 | Local Epoch : 0 | [64/594 (11%)]	Loss1: 5.848386 Loss2: 0.000008 
| Global Round : 6 | Client :0 | Local Epoch : 1 | [64/594 (11%)]	Loss1: 5.848957 Loss2: 0.000011 
| Global Round : 6 | Client :0 | Local Epoch : 2 | [64/594 (11%)]	Loss1: 5.848226 Loss2: 0.000009 
| Global Round : 6 | Client :0 | Local Epoch : 3 | [64/594 (11%)]	Loss1: 5.847661 Loss2: 0.000009 
| Global Round : 6 | Client :0 | Local Epoch : 4 | [64/594 (11%)]	Loss1: 5.847284 Loss2: 0.000008 
| Global Round : 6 | Client :1 | Local Epoch : 0 | [64/595 (11%)]	Loss1: 5.850570 Loss2: 0.000007 
| Global Round : 6 | Client :1 | Local Epoch : 1 | [64/595 (11%)]	Loss1: 5.851933 Loss2: 0.000009 
| Global Round : 6 | Client :1 | Local Epoch : 2 | [64/595 (11%)]	Loss1: 5.848347 Loss2: 0.000010 
| Global Round : 6 | Client :1 | Local Epoch : 3 | [64/595 (11%)]	Loss1: 5.846460 Loss2: 0.000007 
| Global Round : 6 | Client :1 | Local Epoch : 4 | [64/595 (11%)]	Loss1: 5.848928 Loss2: 0.000009 
| Global Round : 6 | Client :2 | Local Epoch : 0 | [64/474 (14%)]	Loss1: 5.850110 Loss2: 0.000008 
| Global Round : 6 | Client :2 | Local Epoch : 1 | [64/474 (14%)]	Loss1: 5.850388 Loss2: 0.000009 
| Global Round : 6 | Client :2 | Local Epoch : 2 | [64/474 (14%)]	Loss1: 5.848194 Loss2: 0.000011 
| Global Round : 6 | Client :2 | Local Epoch : 3 | [64/474 (14%)]	Loss1: 5.849628 Loss2: 0.000007 
| Global Round : 6 | Client :2 | Local Epoch : 4 | [64/474 (14%)]	Loss1: 5.849706 Loss2: 0.000011 
| Global Round : 6 | Client :3 | Local Epoch : 0 | [64/566 (12%)]	Loss1: 5.849091 Loss2: 0.000009 
| Global Round : 6 | Client :3 | Local Epoch : 1 | [64/566 (12%)]	Loss1: 5.848793 Loss2: 0.000010 
| Global Round : 6 | Client :3 | Local Epoch : 2 | [64/566 (12%)]	Loss1: 5.850056 Loss2: 0.000010 
| Global Round : 6 | Client :3 | Local Epoch : 3 | [64/566 (12%)]	Loss1: 5.847192 Loss2: 0.000009 
| Global Round : 6 | Client :3 | Local Epoch : 4 | [64/566 (12%)]	Loss1: 5.847576 Loss2: 0.000010 
| Global Round : 6 | Client :4 | Local Epoch : 0 | [64/635 (11%)]	Loss1: 5.848426 Loss2: 0.000010 
| Global Round : 6 | Client :4 | Local Epoch : 1 | [64/635 (11%)]	Loss1: 5.850396 Loss2: 0.000009 
| Global Round : 6 | Client :4 | Local Epoch : 2 | [64/635 (11%)]	Loss1: 5.849578 Loss2: 0.000008 
| Global Round : 6 | Client :4 | Local Epoch : 3 | [64/635 (11%)]	Loss1: 5.849910 Loss2: 0.000011 
| Global Round : 6 | Client :4 | Local Epoch : 4 | [64/635 (11%)]	Loss1: 5.847531 Loss2: 0.000011 
| Global Round : 6 | Client :5 | Local Epoch : 0 | [64/633 (11%)]	Loss1: 5.847850 Loss2: 0.000009 
| Global Round : 6 | Client :5 | Local Epoch : 1 | [64/633 (11%)]	Loss1: 5.848260 Loss2: 0.000012 
| Global Round : 6 | Client :5 | Local Epoch : 2 | [64/633 (11%)]	Loss1: 5.848815 Loss2: 0.000009 
| Global Round : 6 | Client :5 | Local Epoch : 3 | [64/633 (11%)]	Loss1: 5.847689 Loss2: 0.000011 
| Global Round : 6 | Client :5 | Local Epoch : 4 | [64/633 (11%)]	Loss1: 5.849773 Loss2: 0.000009 
| Global Round : 6 | Client :6 | Local Epoch : 0 | [64/645 (10%)]	Loss1: 5.849305 Loss2: 0.000008 
| Global Round : 6 | Client :6 | Local Epoch : 1 | [64/645 (10%)]	Loss1: 5.848168 Loss2: 0.000009 
| Global Round : 6 | Client :6 | Local Epoch : 2 | [64/645 (10%)]	Loss1: 5.847507 Loss2: 0.000007 
| Global Round : 6 | Client :6 | Local Epoch : 3 | [64/645 (10%)]	Loss1: 5.849157 Loss2: 0.000010 
| Global Round : 6 | Client :6 | Local Epoch : 4 | [64/645 (10%)]	Loss1: 5.848752 Loss2: 0.000010 
| Global Round : 6 | Client :7 | Local Epoch : 0 | [64/615 (11%)]	Loss1: 5.847100 Loss2: 0.000011 
| Global Round : 6 | Client :7 | Local Epoch : 1 | [64/615 (11%)]	Loss1: 5.847582 Loss2: 0.000011 
| Global Round : 6 | Client :7 | Local Epoch : 2 | [64/615 (11%)]	Loss1: 5.849505 Loss2: 0.000009 
| Global Round : 6 | Client :7 | Local Epoch : 3 | [64/615 (11%)]	Loss1: 5.849143 Loss2: 0.000010 
| Global Round : 6 | Client :7 | Local Epoch : 4 | [64/615 (11%)]	Loss1: 5.847873 Loss2: 0.000008 
| Global Round : 6 | Client :8 | Local Epoch : 0 | [64/609 (11%)]	Loss1: 5.849337 Loss2: 0.000009 
| Global Round : 6 | Client :8 | Local Epoch : 1 | [64/609 (11%)]	Loss1: 5.849914 Loss2: 0.000008 
| Global Round : 6 | Client :8 | Local Epoch : 2 | [64/609 (11%)]	Loss1: 5.847446 Loss2: 0.000009 
| Global Round : 6 | Client :8 | Local Epoch : 3 | [64/609 (11%)]	Loss1: 5.847450 Loss2: 0.000008 
| Global Round : 6 | Client :8 | Local Epoch : 4 | [64/609 (11%)]	Loss1: 5.848134 Loss2: 0.000008 
| Global Round : 6 | Client :9 | Local Epoch : 0 | [64/628 (11%)]	Loss1: 5.849844 Loss2: 0.000009 
| Global Round : 6 | Client :9 | Local Epoch : 1 | [64/628 (11%)]	Loss1: 5.847878 Loss2: 0.000010 
| Global Round : 6 | Client :9 | Local Epoch : 2 | [64/628 (11%)]	Loss1: 5.848300 Loss2: 0.000012 
| Global Round : 6 | Client :9 | Local Epoch : 3 | [64/628 (11%)]	Loss1: 5.849279 Loss2: 0.000009 
| Global Round : 6 | Client :9 | Local Epoch : 4 | [64/628 (11%)]	Loss1: 5.848559 Loss2: 0.000012 
average loss:   5.846288188866207
average local test accuracy: 0.7625
average global test accuracy:  0.7709635416666667

 | Global Training Round : 7 |

xi_k [0.51768924 0.51692802 0.50486319 0.483096   0.48451674 0.48584574
 0.52976009 0.50009942 0.50505211 0.48988968]
max_exp: -1.0
coe: 10
Regulation [0.8 0.8 0.8 0.8 0.8 0.8 0.8 0.8 0.8 0.8]
Solver status: optimal_inaccurate
b_new: [1. 1. 1. 1. 1. 1. 1. 1. 1. 1.]
Iter 0: obj=49.7774, best_obj=49.7774, ||b_new-b_prev||₂=2.846050
xi_k [0.51768924 0.51692802 0.50486319 0.483096   0.48451674 0.48584574
 0.52976009 0.50009942 0.50505211 0.48988968]
max_exp: -1.0
coe: 10
Regulation [-1. -1. -1. -1. -1. -1. -1. -1. -1. -1.]
Solver status: optimal_inaccurate
b_new: [1. 1. 1. 1. 1. 1. 1. 1. 1. 1.]
Iter 1: obj=50.6774, best_obj=50.6774, ||b_new-b_prev||₂=0.000000
Converged.
Final b: [1. 1. 1. 1. 1. 1. 1. 1. 1. 1.]
<class 'numpy.ndarray'>
b_float: [1. 1. 1. 1. 1. 1. 1. 1. 1. 1.]
b: [1 1 1 1 1 1 1 1 1 1]
active_clients:  [0, 1, 2, 3, 4, 5, 6, 7, 8, 9]
Client 0's s_k are:[0 1 1 1 1 1 1 1 1 1]
Client 1's s_k are:[1 0 1 1 1 1 1 1 1 1]
Client 2's s_k are:[1 1 0 1 1 1 1 1 1 1]
Client 3's s_k are:[1 1 1 0 1 1 1 1 1 1]
Client 4's s_k are:[1 1 1 1 0 1 1 1 1 1]
Client 5's s_k are:[1 1 1 1 1 0 1 1 1 1]
Client 6's s_k are:[1 1 1 1 1 1 0 1 1 1]
Client 7's s_k are:[1 1 1 1 1 1 1 0 1 1]
Client 8's s_k are:[1 1 1 1 1 1 1 1 0 1]
Client 9's s_k are:[1 1 1 1 1 1 1 1 1 0]
| Global Round : 7 | Client :0 | Local Epoch : 0 | [64/594 (11%)]	Loss1: 5.848873 Loss2: 0.000008 
| Global Round : 7 | Client :0 | Local Epoch : 1 | [64/594 (11%)]	Loss1: 5.846200 Loss2: 0.000008 
| Global Round : 7 | Client :0 | Local Epoch : 2 | [64/594 (11%)]	Loss1: 5.846979 Loss2: 0.000009 
| Global Round : 7 | Client :0 | Local Epoch : 3 | [64/594 (11%)]	Loss1: 5.847620 Loss2: 0.000009 
| Global Round : 7 | Client :0 | Local Epoch : 4 | [64/594 (11%)]	Loss1: 5.848303 Loss2: 0.000008 
| Global Round : 7 | Client :1 | Local Epoch : 0 | [64/595 (11%)]	Loss1: 5.850256 Loss2: 0.000010 
| Global Round : 7 | Client :1 | Local Epoch : 1 | [64/595 (11%)]	Loss1: 5.848789 Loss2: 0.000010 
| Global Round : 7 | Client :1 | Local Epoch : 2 | [64/595 (11%)]	Loss1: 5.847354 Loss2: 0.000010 
| Global Round : 7 | Client :1 | Local Epoch : 3 | [64/595 (11%)]	Loss1: 5.847128 Loss2: 0.000008 
| Global Round : 7 | Client :1 | Local Epoch : 4 | [64/595 (11%)]	Loss1: 5.848923 Loss2: 0.000009 
| Global Round : 7 | Client :2 | Local Epoch : 0 | [64/474 (14%)]	Loss1: 5.848447 Loss2: 0.000008 
| Global Round : 7 | Client :2 | Local Epoch : 1 | [64/474 (14%)]	Loss1: 5.848037 Loss2: 0.000007 
| Global Round : 7 | Client :2 | Local Epoch : 2 | [64/474 (14%)]	Loss1: 5.847757 Loss2: 0.000009 
| Global Round : 7 | Client :2 | Local Epoch : 3 | [64/474 (14%)]	Loss1: 5.848835 Loss2: 0.000010 
| Global Round : 7 | Client :2 | Local Epoch : 4 | [64/474 (14%)]	Loss1: 5.848197 Loss2: 0.000009 
| Global Round : 7 | Client :3 | Local Epoch : 0 | [64/566 (12%)]	Loss1: 5.850071 Loss2: 0.000009 
| Global Round : 7 | Client :3 | Local Epoch : 1 | [64/566 (12%)]	Loss1: 5.849905 Loss2: 0.000009 
| Global Round : 7 | Client :3 | Local Epoch : 2 | [64/566 (12%)]	Loss1: 5.847339 Loss2: 0.000009 
| Global Round : 7 | Client :3 | Local Epoch : 3 | [64/566 (12%)]	Loss1: 5.848789 Loss2: 0.000009 
| Global Round : 7 | Client :3 | Local Epoch : 4 | [64/566 (12%)]	Loss1: 5.847298 Loss2: 0.000008 
| Global Round : 7 | Client :4 | Local Epoch : 0 | [64/635 (11%)]	Loss1: 5.849519 Loss2: 0.000008 
| Global Round : 7 | Client :4 | Local Epoch : 1 | [64/635 (11%)]	Loss1: 5.848293 Loss2: 0.000010 
| Global Round : 7 | Client :4 | Local Epoch : 2 | [64/635 (11%)]	Loss1: 5.848454 Loss2: 0.000009 
| Global Round : 7 | Client :4 | Local Epoch : 3 | [64/635 (11%)]	Loss1: 5.849602 Loss2: 0.000010 
| Global Round : 7 | Client :4 | Local Epoch : 4 | [64/635 (11%)]	Loss1: 5.847932 Loss2: 0.000010 
| Global Round : 7 | Client :5 | Local Epoch : 0 | [64/633 (11%)]	Loss1: 5.847898 Loss2: 0.000012 
| Global Round : 7 | Client :5 | Local Epoch : 1 | [64/633 (11%)]	Loss1: 5.848469 Loss2: 0.000010 
| Global Round : 7 | Client :5 | Local Epoch : 2 | [64/633 (11%)]	Loss1: 5.847356 Loss2: 0.000008 
| Global Round : 7 | Client :5 | Local Epoch : 3 | [64/633 (11%)]	Loss1: 5.847012 Loss2: 0.000009 
| Global Round : 7 | Client :5 | Local Epoch : 4 | [64/633 (11%)]	Loss1: 5.848233 Loss2: 0.000010 
| Global Round : 7 | Client :6 | Local Epoch : 0 | [64/645 (10%)]	Loss1: 5.846339 Loss2: 0.000010 
| Global Round : 7 | Client :6 | Local Epoch : 1 | [64/645 (10%)]	Loss1: 5.847716 Loss2: 0.000009 
| Global Round : 7 | Client :6 | Local Epoch : 2 | [64/645 (10%)]	Loss1: 5.847677 Loss2: 0.000009 
| Global Round : 7 | Client :6 | Local Epoch : 3 | [64/645 (10%)]	Loss1: 5.847527 Loss2: 0.000009 
| Global Round : 7 | Client :6 | Local Epoch : 4 | [64/645 (10%)]	Loss1: 5.845787 Loss2: 0.000008 
| Global Round : 7 | Client :7 | Local Epoch : 0 | [64/615 (11%)]	Loss1: 5.847965 Loss2: 0.000010 
| Global Round : 7 | Client :7 | Local Epoch : 1 | [64/615 (11%)]	Loss1: 5.847314 Loss2: 0.000011 
| Global Round : 7 | Client :7 | Local Epoch : 2 | [64/615 (11%)]	Loss1: 5.848602 Loss2: 0.000008 
| Global Round : 7 | Client :7 | Local Epoch : 3 | [64/615 (11%)]	Loss1: 5.846789 Loss2: 0.000009 
| Global Round : 7 | Client :7 | Local Epoch : 4 | [64/615 (11%)]	Loss1: 5.847547 Loss2: 0.000008 
| Global Round : 7 | Client :8 | Local Epoch : 0 | [64/609 (11%)]	Loss1: 5.848067 Loss2: 0.000007 
| Global Round : 7 | Client :8 | Local Epoch : 1 | [64/609 (11%)]	Loss1: 5.848029 Loss2: 0.000008 
| Global Round : 7 | Client :8 | Local Epoch : 2 | [64/609 (11%)]	Loss1: 5.848642 Loss2: 0.000008 
| Global Round : 7 | Client :8 | Local Epoch : 3 | [64/609 (11%)]	Loss1: 5.849709 Loss2: 0.000011 
| Global Round : 7 | Client :8 | Local Epoch : 4 | [64/609 (11%)]	Loss1: 5.848413 Loss2: 0.000011 
| Global Round : 7 | Client :9 | Local Epoch : 0 | [64/628 (11%)]	Loss1: 5.848792 Loss2: 0.000011 
| Global Round : 7 | Client :9 | Local Epoch : 1 | [64/628 (11%)]	Loss1: 5.848034 Loss2: 0.000011 
| Global Round : 7 | Client :9 | Local Epoch : 2 | [64/628 (11%)]	Loss1: 5.848392 Loss2: 0.000013 
| Global Round : 7 | Client :9 | Local Epoch : 3 | [64/628 (11%)]	Loss1: 5.848140 Loss2: 0.000011 
| Global Round : 7 | Client :9 | Local Epoch : 4 | [64/628 (11%)]	Loss1: 5.846850 Loss2: 0.000012 
average loss:   5.845560749977354
average local test accuracy: 0.7658854166666667
average global test accuracy:  0.7919270833333333

 | Global Training Round : 8 |

xi_k [0.51759552 0.51682192 0.50467556 0.48301631 0.48434783 0.48569582
 0.52966689 0.49998314 0.50492693 0.48967804]
max_exp: -1.0
coe: 10
Regulation [0.8 0.8 0.8 0.8 0.8 0.8 0.8 0.8 0.8 0.8]
Solver status: optimal_inaccurate
b_new: [1. 1. 1. 1. 1. 1. 1. 1. 1. 1.]
Iter 0: obj=49.7641, best_obj=49.7641, ||b_new-b_prev||₂=2.846050
xi_k [0.51759552 0.51682192 0.50467556 0.48301631 0.48434783 0.48569582
 0.52966689 0.49998314 0.50492693 0.48967804]
max_exp: -1.0
coe: 10
Regulation [-1. -1. -1. -1. -1. -1. -1. -1. -1. -1.]
Solver status: optimal_inaccurate
b_new: [1. 1. 1. 1. 1. 1. 1. 1. 1. 1.]
Iter 1: obj=50.6641, best_obj=50.6641, ||b_new-b_prev||₂=0.000000
Converged.
Final b: [1. 1. 1. 1. 1. 1. 1. 1. 1. 1.]
<class 'numpy.ndarray'>
b_float: [1. 1. 1. 1. 1. 1. 1. 1. 1. 1.]
b: [1 1 1 1 1 1 1 1 1 1]
active_clients:  [0, 1, 2, 3, 4, 5, 6, 7, 8, 9]
Client 0's s_k are:[0 1 1 1 1 1 1 1 1 1]
Client 1's s_k are:[1 0 1 1 1 1 1 1 1 1]
Client 2's s_k are:[1 1 0 1 1 1 1 1 1 1]
Client 3's s_k are:[1 1 1 0 1 1 1 1 1 1]
Client 4's s_k are:[1 1 1 1 0 1 1 1 1 1]
Client 5's s_k are:[1 1 1 1 1 0 1 1 1 1]
Client 6's s_k are:[1 1 1 1 1 1 0 1 1 1]
Client 7's s_k are:[1 1 1 1 1 1 1 0 1 1]
Client 8's s_k are:[1 1 1 1 1 1 1 1 0 1]
Client 9's s_k are:[1 1 1 1 1 1 1 1 1 0]
| Global Round : 8 | Client :0 | Local Epoch : 0 | [64/594 (11%)]	Loss1: 5.848541 Loss2: 0.000007 
| Global Round : 8 | Client :0 | Local Epoch : 1 | [64/594 (11%)]	Loss1: 5.846982 Loss2: 0.000010 
| Global Round : 8 | Client :0 | Local Epoch : 2 | [64/594 (11%)]	Loss1: 5.846715 Loss2: 0.000007 
| Global Round : 8 | Client :0 | Local Epoch : 3 | [64/594 (11%)]	Loss1: 5.846881 Loss2: 0.000009 
| Global Round : 8 | Client :0 | Local Epoch : 4 | [64/594 (11%)]	Loss1: 5.846345 Loss2: 0.000007 
| Global Round : 8 | Client :1 | Local Epoch : 0 | [64/595 (11%)]	Loss1: 5.846260 Loss2: 0.000008 
| Global Round : 8 | Client :1 | Local Epoch : 1 | [64/595 (11%)]	Loss1: 5.846334 Loss2: 0.000010 
| Global Round : 8 | Client :1 | Local Epoch : 2 | [64/595 (11%)]	Loss1: 5.846097 Loss2: 0.000009 
| Global Round : 8 | Client :1 | Local Epoch : 3 | [64/595 (11%)]	Loss1: 5.846842 Loss2: 0.000009 
| Global Round : 8 | Client :1 | Local Epoch : 4 | [64/595 (11%)]	Loss1: 5.847183 Loss2: 0.000009 
| Global Round : 8 | Client :2 | Local Epoch : 0 | [64/474 (14%)]	Loss1: 5.847836 Loss2: 0.000009 
| Global Round : 8 | Client :2 | Local Epoch : 1 | [64/474 (14%)]	Loss1: 5.848972 Loss2: 0.000009 
| Global Round : 8 | Client :2 | Local Epoch : 2 | [64/474 (14%)]	Loss1: 5.849207 Loss2: 0.000008 
| Global Round : 8 | Client :2 | Local Epoch : 3 | [64/474 (14%)]	Loss1: 5.847377 Loss2: 0.000007 
| Global Round : 8 | Client :2 | Local Epoch : 4 | [64/474 (14%)]	Loss1: 5.848399 Loss2: 0.000009 
| Global Round : 8 | Client :3 | Local Epoch : 0 | [64/566 (12%)]	Loss1: 5.847851 Loss2: 0.000009 
| Global Round : 8 | Client :3 | Local Epoch : 1 | [64/566 (12%)]	Loss1: 5.847307 Loss2: 0.000009 
| Global Round : 8 | Client :3 | Local Epoch : 2 | [64/566 (12%)]	Loss1: 5.849774 Loss2: 0.000009 
| Global Round : 8 | Client :3 | Local Epoch : 3 | [64/566 (12%)]	Loss1: 5.847440 Loss2: 0.000011 
| Global Round : 8 | Client :3 | Local Epoch : 4 | [64/566 (12%)]	Loss1: 5.846617 Loss2: 0.000009 
| Global Round : 8 | Client :4 | Local Epoch : 0 | [64/635 (11%)]	Loss1: 5.848250 Loss2: 0.000009 
| Global Round : 8 | Client :4 | Local Epoch : 1 | [64/635 (11%)]	Loss1: 5.849194 Loss2: 0.000009 
| Global Round : 8 | Client :4 | Local Epoch : 2 | [64/635 (11%)]	Loss1: 5.850489 Loss2: 0.000012 
| Global Round : 8 | Client :4 | Local Epoch : 3 | [64/635 (11%)]	Loss1: 5.848473 Loss2: 0.000011 
| Global Round : 8 | Client :4 | Local Epoch : 4 | [64/635 (11%)]	Loss1: 5.847415 Loss2: 0.000010 
| Global Round : 8 | Client :5 | Local Epoch : 0 | [64/633 (11%)]	Loss1: 5.847981 Loss2: 0.000012 
| Global Round : 8 | Client :5 | Local Epoch : 1 | [64/633 (11%)]	Loss1: 5.845434 Loss2: 0.000011 
| Global Round : 8 | Client :5 | Local Epoch : 2 | [64/633 (11%)]	Loss1: 5.847357 Loss2: 0.000009 
| Global Round : 8 | Client :5 | Local Epoch : 3 | [64/633 (11%)]	Loss1: 5.847515 Loss2: 0.000010 
| Global Round : 8 | Client :5 | Local Epoch : 4 | [64/633 (11%)]	Loss1: 5.846885 Loss2: 0.000011 
| Global Round : 8 | Client :6 | Local Epoch : 0 | [64/645 (10%)]	Loss1: 5.847036 Loss2: 0.000007 
| Global Round : 8 | Client :6 | Local Epoch : 1 | [64/645 (10%)]	Loss1: 5.846658 Loss2: 0.000010 
| Global Round : 8 | Client :6 | Local Epoch : 2 | [64/645 (10%)]	Loss1: 5.846416 Loss2: 0.000009 
| Global Round : 8 | Client :6 | Local Epoch : 3 | [64/645 (10%)]	Loss1: 5.847344 Loss2: 0.000008 
| Global Round : 8 | Client :6 | Local Epoch : 4 | [64/645 (10%)]	Loss1: 5.847777 Loss2: 0.000009 
| Global Round : 8 | Client :7 | Local Epoch : 0 | [64/615 (11%)]	Loss1: 5.846725 Loss2: 0.000009 
| Global Round : 8 | Client :7 | Local Epoch : 1 | [64/615 (11%)]	Loss1: 5.847359 Loss2: 0.000009 
| Global Round : 8 | Client :7 | Local Epoch : 2 | [64/615 (11%)]	Loss1: 5.847953 Loss2: 0.000010 
| Global Round : 8 | Client :7 | Local Epoch : 3 | [64/615 (11%)]	Loss1: 5.849066 Loss2: 0.000009 
| Global Round : 8 | Client :7 | Local Epoch : 4 | [64/615 (11%)]	Loss1: 5.847165 Loss2: 0.000009 
| Global Round : 8 | Client :8 | Local Epoch : 0 | [64/609 (11%)]	Loss1: 5.847898 Loss2: 0.000008 
| Global Round : 8 | Client :8 | Local Epoch : 1 | [64/609 (11%)]	Loss1: 5.846793 Loss2: 0.000009 
| Global Round : 8 | Client :8 | Local Epoch : 2 | [64/609 (11%)]	Loss1: 5.848233 Loss2: 0.000008 
| Global Round : 8 | Client :8 | Local Epoch : 3 | [64/609 (11%)]	Loss1: 5.847904 Loss2: 0.000009 
| Global Round : 8 | Client :8 | Local Epoch : 4 | [64/609 (11%)]	Loss1: 5.847326 Loss2: 0.000008 
| Global Round : 8 | Client :9 | Local Epoch : 0 | [64/628 (11%)]	Loss1: 5.847332 Loss2: 0.000011 
| Global Round : 8 | Client :9 | Local Epoch : 1 | [64/628 (11%)]	Loss1: 5.847235 Loss2: 0.000010 
| Global Round : 8 | Client :9 | Local Epoch : 2 | [64/628 (11%)]	Loss1: 5.845141 Loss2: 0.000011 
| Global Round : 8 | Client :9 | Local Epoch : 3 | [64/628 (11%)]	Loss1: 5.847373 Loss2: 0.000009 
| Global Round : 8 | Client :9 | Local Epoch : 4 | [64/628 (11%)]	Loss1: 5.849608 Loss2: 0.000009 
average loss:   5.844863287002322
average local test accuracy: 0.7729166666666666
average global test accuracy:  0.7747395833333333

 | Global Training Round : 9 |

xi_k [0.51745243 0.51671859 0.50451017 0.48283094 0.4842428  0.48561354
 0.5295439  0.49986408 0.50486307 0.48957299]
max_exp: -1.0
coe: 10
Regulation [0.8 0.8 0.8 0.8 0.8 0.8 0.8 0.8 0.8 0.8]
Solver status: optimal_inaccurate
b_new: [1. 1. 1. 1. 1. 1. 1. 1. 1. 1.]
Iter 0: obj=49.7521, best_obj=49.7521, ||b_new-b_prev||₂=2.846050
xi_k [0.51745243 0.51671859 0.50451017 0.48283094 0.4842428  0.48561354
 0.5295439  0.49986408 0.50486307 0.48957299]
max_exp: -1.0
coe: 10
Regulation [-1. -1. -1. -1. -1. -1. -1. -1. -1. -1.]
Solver status: optimal_inaccurate
b_new: [1. 1. 1. 1. 1. 1. 1. 1. 1. 1.]
Iter 1: obj=50.6521, best_obj=50.6521, ||b_new-b_prev||₂=0.000000
Converged.
Final b: [1. 1. 1. 1. 1. 1. 1. 1. 1. 1.]
<class 'numpy.ndarray'>
b_float: [1. 1. 1. 1. 1. 1. 1. 1. 1. 1.]
b: [1 1 1 1 1 1 1 1 1 1]
active_clients:  [0, 1, 2, 3, 4, 5, 6, 7, 8, 9]
Client 0's s_k are:[0 1 1 1 1 1 1 1 1 1]
Client 1's s_k are:[1 0 1 1 1 1 1 1 1 1]
Client 2's s_k are:[1 1 0 1 1 1 1 1 1 1]
Client 3's s_k are:[1 1 1 0 1 1 1 1 1 1]
Client 4's s_k are:[1 1 1 1 0 1 1 1 1 1]
Client 5's s_k are:[1 1 1 1 1 0 1 1 1 1]
Client 6's s_k are:[1 1 1 1 1 1 0 1 1 1]
Client 7's s_k are:[1 1 1 1 1 1 1 0 1 1]
Client 8's s_k are:[1 1 1 1 1 1 1 1 0 1]
Client 9's s_k are:[1 1 1 1 1 1 1 1 1 0]
| Global Round : 9 | Client :0 | Local Epoch : 0 | [64/594 (11%)]	Loss1: 5.847204 Loss2: 0.000009 
| Global Round : 9 | Client :0 | Local Epoch : 1 | [64/594 (11%)]	Loss1: 5.845906 Loss2: 0.000010 
| Global Round : 9 | Client :0 | Local Epoch : 2 | [64/594 (11%)]	Loss1: 5.845973 Loss2: 0.000009 
| Global Round : 9 | Client :0 | Local Epoch : 3 | [64/594 (11%)]	Loss1: 5.845571 Loss2: 0.000008 
| Global Round : 9 | Client :0 | Local Epoch : 4 | [64/594 (11%)]	Loss1: 5.845803 Loss2: 0.000009 
| Global Round : 9 | Client :1 | Local Epoch : 0 | [64/595 (11%)]	Loss1: 5.845727 Loss2: 0.000011 
| Global Round : 9 | Client :1 | Local Epoch : 1 | [64/595 (11%)]	Loss1: 5.847098 Loss2: 0.000009 
| Global Round : 9 | Client :1 | Local Epoch : 2 | [64/595 (11%)]	Loss1: 5.847273 Loss2: 0.000009 
| Global Round : 9 | Client :1 | Local Epoch : 3 | [64/595 (11%)]	Loss1: 5.845212 Loss2: 0.000010 
| Global Round : 9 | Client :1 | Local Epoch : 4 | [64/595 (11%)]	Loss1: 5.845341 Loss2: 0.000009 
| Global Round : 9 | Client :2 | Local Epoch : 0 | [64/474 (14%)]	Loss1: 5.849063 Loss2: 0.000008 
| Global Round : 9 | Client :2 | Local Epoch : 1 | [64/474 (14%)]	Loss1: 5.846651 Loss2: 0.000010 
| Global Round : 9 | Client :2 | Local Epoch : 2 | [64/474 (14%)]	Loss1: 5.846827 Loss2: 0.000010 
| Global Round : 9 | Client :2 | Local Epoch : 3 | [64/474 (14%)]	Loss1: 5.846974 Loss2: 0.000008 
| Global Round : 9 | Client :2 | Local Epoch : 4 | [64/474 (14%)]	Loss1: 5.847240 Loss2: 0.000010 
| Global Round : 9 | Client :3 | Local Epoch : 0 | [64/566 (12%)]	Loss1: 5.847166 Loss2: 0.000009 
| Global Round : 9 | Client :3 | Local Epoch : 1 | [64/566 (12%)]	Loss1: 5.845876 Loss2: 0.000009 
| Global Round : 9 | Client :3 | Local Epoch : 2 | [64/566 (12%)]	Loss1: 5.847658 Loss2: 0.000010 
| Global Round : 9 | Client :3 | Local Epoch : 3 | [64/566 (12%)]	Loss1: 5.847037 Loss2: 0.000011 
| Global Round : 9 | Client :3 | Local Epoch : 4 | [64/566 (12%)]	Loss1: 5.845918 Loss2: 0.000011 
| Global Round : 9 | Client :4 | Local Epoch : 0 | [64/635 (11%)]	Loss1: 5.847060 Loss2: 0.000011 
| Global Round : 9 | Client :4 | Local Epoch : 1 | [64/635 (11%)]	Loss1: 5.847178 Loss2: 0.000009 
| Global Round : 9 | Client :4 | Local Epoch : 2 | [64/635 (11%)]	Loss1: 5.848272 Loss2: 0.000012 
| Global Round : 9 | Client :4 | Local Epoch : 3 | [64/635 (11%)]	Loss1: 5.847694 Loss2: 0.000010 
| Global Round : 9 | Client :4 | Local Epoch : 4 | [64/635 (11%)]	Loss1: 5.848873 Loss2: 0.000010 
| Global Round : 9 | Client :5 | Local Epoch : 0 | [64/633 (11%)]	Loss1: 5.844669 Loss2: 0.000009 
| Global Round : 9 | Client :5 | Local Epoch : 1 | [64/633 (11%)]	Loss1: 5.849084 Loss2: 0.000009 
| Global Round : 9 | Client :5 | Local Epoch : 2 | [64/633 (11%)]	Loss1: 5.845200 Loss2: 0.000009 
| Global Round : 9 | Client :5 | Local Epoch : 3 | [64/633 (11%)]	Loss1: 5.846332 Loss2: 0.000012 
| Global Round : 9 | Client :5 | Local Epoch : 4 | [64/633 (11%)]	Loss1: 5.848677 Loss2: 0.000009 
| Global Round : 9 | Client :6 | Local Epoch : 0 | [64/645 (10%)]	Loss1: 5.845651 Loss2: 0.000009 
| Global Round : 9 | Client :6 | Local Epoch : 1 | [64/645 (10%)]	Loss1: 5.848910 Loss2: 0.000007 
| Global Round : 9 | Client :6 | Local Epoch : 2 | [64/645 (10%)]	Loss1: 5.846876 Loss2: 0.000008 
| Global Round : 9 | Client :6 | Local Epoch : 3 | [64/645 (10%)]	Loss1: 5.845829 Loss2: 0.000009 
| Global Round : 9 | Client :6 | Local Epoch : 4 | [64/645 (10%)]	Loss1: 5.846184 Loss2: 0.000008 
| Global Round : 9 | Client :7 | Local Epoch : 0 | [64/615 (11%)]	Loss1: 5.849097 Loss2: 0.000009 
| Global Round : 9 | Client :7 | Local Epoch : 1 | [64/615 (11%)]	Loss1: 5.847291 Loss2: 0.000010 
| Global Round : 9 | Client :7 | Local Epoch : 2 | [64/615 (11%)]	Loss1: 5.845377 Loss2: 0.000009 
| Global Round : 9 | Client :7 | Local Epoch : 3 | [64/615 (11%)]	Loss1: 5.846249 Loss2: 0.000009 
| Global Round : 9 | Client :7 | Local Epoch : 4 | [64/615 (11%)]	Loss1: 5.847296 Loss2: 0.000010 
| Global Round : 9 | Client :8 | Local Epoch : 0 | [64/609 (11%)]	Loss1: 5.849155 Loss2: 0.000007 
| Global Round : 9 | Client :8 | Local Epoch : 1 | [64/609 (11%)]	Loss1: 5.845117 Loss2: 0.000009 
| Global Round : 9 | Client :8 | Local Epoch : 2 | [64/609 (11%)]	Loss1: 5.846883 Loss2: 0.000007 
| Global Round : 9 | Client :8 | Local Epoch : 3 | [64/609 (11%)]	Loss1: 5.846380 Loss2: 0.000007 
| Global Round : 9 | Client :8 | Local Epoch : 4 | [64/609 (11%)]	Loss1: 5.847221 Loss2: 0.000010 
| Global Round : 9 | Client :9 | Local Epoch : 0 | [64/628 (11%)]	Loss1: 5.847977 Loss2: 0.000010 
| Global Round : 9 | Client :9 | Local Epoch : 1 | [64/628 (11%)]	Loss1: 5.846691 Loss2: 0.000009 
| Global Round : 9 | Client :9 | Local Epoch : 2 | [64/628 (11%)]	Loss1: 5.847851 Loss2: 0.000012 
| Global Round : 9 | Client :9 | Local Epoch : 3 | [64/628 (11%)]	Loss1: 5.846543 Loss2: 0.000008 
| Global Round : 9 | Client :9 | Local Epoch : 4 | [64/628 (11%)]	Loss1: 5.844871 Loss2: 0.000011 
average loss:   5.844279568895461
average local test accuracy: 0.7778645833333334
average global test accuracy:  0.7947916666666668

 | Global Training Round : 10 |

xi_k [0.51740774 0.51667547 0.50442816 0.48272731 0.48414352 0.48546202
 0.52947494 0.49976737 0.50478231 0.48951428]
max_exp: -1.0
coe: 10
Regulation [0.8 0.8 0.8 0.8 0.8 0.8 0.8 0.8 0.8 0.8]
Solver status: optimal_inaccurate
b_new: [1. 1. 1. 1. 1. 1. 1. 1. 1. 1.]
Iter 0: obj=49.7438, best_obj=49.7438, ||b_new-b_prev||₂=2.846050
xi_k [0.51740774 0.51667547 0.50442816 0.48272731 0.48414352 0.48546202
 0.52947494 0.49976737 0.50478231 0.48951428]
max_exp: -1.0
coe: 10
Regulation [-1. -1. -1. -1. -1. -1. -1. -1. -1. -1.]
Solver status: optimal_inaccurate
b_new: [1. 1. 1. 1. 1. 1. 1. 1. 1. 1.]
Iter 1: obj=50.6438, best_obj=50.6438, ||b_new-b_prev||₂=0.000000
Converged.
Final b: [1. 1. 1. 1. 1. 1. 1. 1. 1. 1.]
<class 'numpy.ndarray'>
b_float: [1. 1. 1. 1. 1. 1. 1. 1. 1. 1.]
b: [1 1 1 1 1 1 1 1 1 1]
active_clients:  [0, 1, 2, 3, 4, 5, 6, 7, 8, 9]
Client 0's s_k are:[0 1 1 1 1 1 1 1 1 1]
Client 1's s_k are:[1 0 1 1 1 1 1 1 1 1]
Client 2's s_k are:[1 1 0 1 1 1 1 1 1 1]
Client 3's s_k are:[1 1 1 0 1 1 1 1 1 1]
Client 4's s_k are:[1 1 1 1 0 1 1 1 1 1]
Client 5's s_k are:[1 1 1 1 1 0 1 1 1 1]
Client 6's s_k are:[1 1 1 1 1 1 0 1 1 1]
Client 7's s_k are:[1 1 1 1 1 1 1 0 1 1]
Client 8's s_k are:[1 1 1 1 1 1 1 1 0 1]
Client 9's s_k are:[1 1 1 1 1 1 1 1 1 0]
| Global Round : 10 | Client :0 | Local Epoch : 0 | [64/594 (11%)]	Loss1: 5.847218 Loss2: 0.000007 
| Global Round : 10 | Client :0 | Local Epoch : 1 | [64/594 (11%)]	Loss1: 5.844972 Loss2: 0.000009 
| Global Round : 10 | Client :0 | Local Epoch : 2 | [64/594 (11%)]	Loss1: 5.845687 Loss2: 0.000009 
| Global Round : 10 | Client :0 | Local Epoch : 3 | [64/594 (11%)]	Loss1: 5.846153 Loss2: 0.000007 
| Global Round : 10 | Client :0 | Local Epoch : 4 | [64/594 (11%)]	Loss1: 5.845071 Loss2: 0.000007 
| Global Round : 10 | Client :1 | Local Epoch : 0 | [64/595 (11%)]	Loss1: 5.845663 Loss2: 0.000008 
| Global Round : 10 | Client :1 | Local Epoch : 1 | [64/595 (11%)]	Loss1: 5.846297 Loss2: 0.000011 
| Global Round : 10 | Client :1 | Local Epoch : 2 | [64/595 (11%)]	Loss1: 5.847474 Loss2: 0.000008 
| Global Round : 10 | Client :1 | Local Epoch : 3 | [64/595 (11%)]	Loss1: 5.847185 Loss2: 0.000007 
| Global Round : 10 | Client :1 | Local Epoch : 4 | [64/595 (11%)]	Loss1: 5.846040 Loss2: 0.000008 
| Global Round : 10 | Client :2 | Local Epoch : 0 | [64/474 (14%)]	Loss1: 5.846979 Loss2: 0.000011 
| Global Round : 10 | Client :2 | Local Epoch : 1 | [64/474 (14%)]	Loss1: 5.848175 Loss2: 0.000009 
| Global Round : 10 | Client :2 | Local Epoch : 2 | [64/474 (14%)]	Loss1: 5.848287 Loss2: 0.000007 
| Global Round : 10 | Client :2 | Local Epoch : 3 | [64/474 (14%)]	Loss1: 5.847375 Loss2: 0.000010 
| Global Round : 10 | Client :2 | Local Epoch : 4 | [64/474 (14%)]	Loss1: 5.844752 Loss2: 0.000008 
| Global Round : 10 | Client :3 | Local Epoch : 0 | [64/566 (12%)]	Loss1: 5.845936 Loss2: 0.000010 
| Global Round : 10 | Client :3 | Local Epoch : 1 | [64/566 (12%)]	Loss1: 5.846050 Loss2: 0.000009 
| Global Round : 10 | Client :3 | Local Epoch : 2 | [64/566 (12%)]	Loss1: 5.846084 Loss2: 0.000008 
| Global Round : 10 | Client :3 | Local Epoch : 3 | [64/566 (12%)]	Loss1: 5.846719 Loss2: 0.000009 
| Global Round : 10 | Client :3 | Local Epoch : 4 | [64/566 (12%)]	Loss1: 5.846208 Loss2: 0.000010 
| Global Round : 10 | Client :4 | Local Epoch : 0 | [64/635 (11%)]	Loss1: 5.846313 Loss2: 0.000009 
| Global Round : 10 | Client :4 | Local Epoch : 1 | [64/635 (11%)]	Loss1: 5.848329 Loss2: 0.000010 
| Global Round : 10 | Client :4 | Local Epoch : 2 | [64/635 (11%)]	Loss1: 5.849102 Loss2: 0.000010 
| Global Round : 10 | Client :4 | Local Epoch : 3 | [64/635 (11%)]	Loss1: 5.847800 Loss2: 0.000010 
| Global Round : 10 | Client :4 | Local Epoch : 4 | [64/635 (11%)]	Loss1: 5.846115 Loss2: 0.000010 
| Global Round : 10 | Client :5 | Local Epoch : 0 | [64/633 (11%)]	Loss1: 5.845891 Loss2: 0.000011 
| Global Round : 10 | Client :5 | Local Epoch : 1 | [64/633 (11%)]	Loss1: 5.844265 Loss2: 0.000010 
| Global Round : 10 | Client :5 | Local Epoch : 2 | [64/633 (11%)]	Loss1: 5.845342 Loss2: 0.000010 
| Global Round : 10 | Client :5 | Local Epoch : 3 | [64/633 (11%)]	Loss1: 5.847913 Loss2: 0.000009 
| Global Round : 10 | Client :5 | Local Epoch : 4 | [64/633 (11%)]	Loss1: 5.845930 Loss2: 0.000010 
| Global Round : 10 | Client :6 | Local Epoch : 0 | [64/645 (10%)]	Loss1: 5.846449 Loss2: 0.000007 
| Global Round : 10 | Client :6 | Local Epoch : 1 | [64/645 (10%)]	Loss1: 5.847897 Loss2: 0.000007 
| Global Round : 10 | Client :6 | Local Epoch : 2 | [64/645 (10%)]	Loss1: 5.848047 Loss2: 0.000008 
| Global Round : 10 | Client :6 | Local Epoch : 3 | [64/645 (10%)]	Loss1: 5.845686 Loss2: 0.000010 
| Global Round : 10 | Client :6 | Local Epoch : 4 | [64/645 (10%)]	Loss1: 5.844616 Loss2: 0.000008 
| Global Round : 10 | Client :7 | Local Epoch : 0 | [64/615 (11%)]	Loss1: 5.845572 Loss2: 0.000010 
| Global Round : 10 | Client :7 | Local Epoch : 1 | [64/615 (11%)]	Loss1: 5.846303 Loss2: 0.000008 
| Global Round : 10 | Client :7 | Local Epoch : 2 | [64/615 (11%)]	Loss1: 5.847463 Loss2: 0.000010 
| Global Round : 10 | Client :7 | Local Epoch : 3 | [64/615 (11%)]	Loss1: 5.845109 Loss2: 0.000009 
| Global Round : 10 | Client :7 | Local Epoch : 4 | [64/615 (11%)]	Loss1: 5.846128 Loss2: 0.000010 
| Global Round : 10 | Client :8 | Local Epoch : 0 | [64/609 (11%)]	Loss1: 5.847579 Loss2: 0.000008 
| Global Round : 10 | Client :8 | Local Epoch : 1 | [64/609 (11%)]	Loss1: 5.848342 Loss2: 0.000009 
| Global Round : 10 | Client :8 | Local Epoch : 2 | [64/609 (11%)]	Loss1: 5.846419 Loss2: 0.000009 
| Global Round : 10 | Client :8 | Local Epoch : 3 | [64/609 (11%)]	Loss1: 5.845620 Loss2: 0.000010 
| Global Round : 10 | Client :8 | Local Epoch : 4 | [64/609 (11%)]	Loss1: 5.844838 Loss2: 0.000007 
| Global Round : 10 | Client :9 | Local Epoch : 0 | [64/628 (11%)]	Loss1: 5.845521 Loss2: 0.000008 
| Global Round : 10 | Client :9 | Local Epoch : 1 | [64/628 (11%)]	Loss1: 5.847653 Loss2: 0.000009 
| Global Round : 10 | Client :9 | Local Epoch : 2 | [64/628 (11%)]	Loss1: 5.845376 Loss2: 0.000011 
| Global Round : 10 | Client :9 | Local Epoch : 3 | [64/628 (11%)]	Loss1: 5.845936 Loss2: 0.000011 
| Global Round : 10 | Client :9 | Local Epoch : 4 | [64/628 (11%)]	Loss1: 5.846506 Loss2: 0.000010 
average loss:   5.8438013874349135
average local test accuracy: 0.7713541666666666
average global test accuracy:  0.796875

 | Global Training Round : 11 |

xi_k [0.51723713 0.51651788 0.50433824 0.48263571 0.48407234 0.4854223
 0.52939628 0.49965674 0.50470118 0.48941836]
max_exp: -1.0
coe: 10
Regulation [0.8 0.8 0.8 0.8 0.8 0.8 0.8 0.8 0.8 0.8]
Solver status: optimal_inaccurate
b_new: [1. 1. 1. 1. 1. 1. 1. 1. 1. 1.]
Iter 0: obj=49.7340, best_obj=49.7340, ||b_new-b_prev||₂=2.846050
xi_k [0.51723713 0.51651788 0.50433824 0.48263571 0.48407234 0.4854223
 0.52939628 0.49965674 0.50470118 0.48941836]
max_exp: -1.0
coe: 10
Regulation [-1. -1. -1. -1. -1. -1. -1. -1. -1. -1.]
Solver status: optimal_inaccurate
b_new: [1. 1. 1. 1. 1. 1. 1. 1. 1. 1.]
Iter 1: obj=50.6340, best_obj=50.6340, ||b_new-b_prev||₂=0.000000
Converged.
Final b: [1. 1. 1. 1. 1. 1. 1. 1. 1. 1.]
<class 'numpy.ndarray'>
b_float: [1. 1. 1. 1. 1. 1. 1. 1. 1. 1.]
b: [1 1 1 1 1 1 1 1 1 1]
active_clients:  [0, 1, 2, 3, 4, 5, 6, 7, 8, 9]
Client 0's s_k are:[0 1 1 1 1 1 1 1 1 1]
Client 1's s_k are:[1 0 1 1 1 1 1 1 1 1]
Client 2's s_k are:[1 1 0 1 1 1 1 1 1 1]
Client 3's s_k are:[1 1 1 0 1 1 1 1 1 1]
Client 4's s_k are:[1 1 1 1 0 1 1 1 1 1]
Client 5's s_k are:[1 1 1 1 1 0 1 1 1 1]
Client 6's s_k are:[1 1 1 1 1 1 0 1 1 1]
Client 7's s_k are:[1 1 1 1 1 1 1 0 1 1]
Client 8's s_k are:[1 1 1 1 1 1 1 1 0 1]
Client 9's s_k are:[1 1 1 1 1 1 1 1 1 0]
| Global Round : 11 | Client :0 | Local Epoch : 0 | [64/594 (11%)]	Loss1: 5.844373 Loss2: 0.000007 
| Global Round : 11 | Client :0 | Local Epoch : 1 | [64/594 (11%)]	Loss1: 5.845870 Loss2: 0.000008 
| Global Round : 11 | Client :0 | Local Epoch : 2 | [64/594 (11%)]	Loss1: 5.847275 Loss2: 0.000009 
| Global Round : 11 | Client :0 | Local Epoch : 3 | [64/594 (11%)]	Loss1: 5.846669 Loss2: 0.000008 
| Global Round : 11 | Client :0 | Local Epoch : 4 | [64/594 (11%)]	Loss1: 5.844267 Loss2: 0.000008 
| Global Round : 11 | Client :1 | Local Epoch : 0 | [64/595 (11%)]	Loss1: 5.846475 Loss2: 0.000007 
| Global Round : 11 | Client :1 | Local Epoch : 1 | [64/595 (11%)]	Loss1: 5.844775 Loss2: 0.000009 
| Global Round : 11 | Client :1 | Local Epoch : 2 | [64/595 (11%)]	Loss1: 5.844379 Loss2: 0.000008 
| Global Round : 11 | Client :1 | Local Epoch : 3 | [64/595 (11%)]	Loss1: 5.844270 Loss2: 0.000009 
| Global Round : 11 | Client :1 | Local Epoch : 4 | [64/595 (11%)]	Loss1: 5.845749 Loss2: 0.000008 
| Global Round : 11 | Client :2 | Local Epoch : 0 | [64/474 (14%)]	Loss1: 5.845670 Loss2: 0.000008 
| Global Round : 11 | Client :2 | Local Epoch : 1 | [64/474 (14%)]	Loss1: 5.846016 Loss2: 0.000007 
| Global Round : 11 | Client :2 | Local Epoch : 2 | [64/474 (14%)]	Loss1: 5.848805 Loss2: 0.000010 
| Global Round : 11 | Client :2 | Local Epoch : 3 | [64/474 (14%)]	Loss1: 5.847312 Loss2: 0.000007 
| Global Round : 11 | Client :2 | Local Epoch : 4 | [64/474 (14%)]	Loss1: 5.846134 Loss2: 0.000007 
| Global Round : 11 | Client :3 | Local Epoch : 0 | [64/566 (12%)]	Loss1: 5.844821 Loss2: 0.000008 
| Global Round : 11 | Client :3 | Local Epoch : 1 | [64/566 (12%)]	Loss1: 5.846368 Loss2: 0.000009 
| Global Round : 11 | Client :3 | Local Epoch : 2 | [64/566 (12%)]	Loss1: 5.845851 Loss2: 0.000008 
| Global Round : 11 | Client :3 | Local Epoch : 3 | [64/566 (12%)]	Loss1: 5.848279 Loss2: 0.000009 
| Global Round : 11 | Client :3 | Local Epoch : 4 | [64/566 (12%)]	Loss1: 5.844935 Loss2: 0.000010 
| Global Round : 11 | Client :4 | Local Epoch : 0 | [64/635 (11%)]	Loss1: 5.846296 Loss2: 0.000010 
| Global Round : 11 | Client :4 | Local Epoch : 1 | [64/635 (11%)]	Loss1: 5.844499 Loss2: 0.000012 
| Global Round : 11 | Client :4 | Local Epoch : 2 | [64/635 (11%)]	Loss1: 5.846937 Loss2: 0.000008 
| Global Round : 11 | Client :4 | Local Epoch : 3 | [64/635 (11%)]	Loss1: 5.846658 Loss2: 0.000009 
| Global Round : 11 | Client :4 | Local Epoch : 4 | [64/635 (11%)]	Loss1: 5.847311 Loss2: 0.000009 
| Global Round : 11 | Client :5 | Local Epoch : 0 | [64/633 (11%)]	Loss1: 5.846358 Loss2: 0.000009 
| Global Round : 11 | Client :5 | Local Epoch : 1 | [64/633 (11%)]	Loss1: 5.844580 Loss2: 0.000009 
| Global Round : 11 | Client :5 | Local Epoch : 2 | [64/633 (11%)]	Loss1: 5.845062 Loss2: 0.000011 
| Global Round : 11 | Client :5 | Local Epoch : 3 | [64/633 (11%)]	Loss1: 5.846382 Loss2: 0.000008 
| Global Round : 11 | Client :5 | Local Epoch : 4 | [64/633 (11%)]	Loss1: 5.849020 Loss2: 0.000008 
| Global Round : 11 | Client :6 | Local Epoch : 0 | [64/645 (10%)]	Loss1: 5.845469 Loss2: 0.000009 
| Global Round : 11 | Client :6 | Local Epoch : 1 | [64/645 (10%)]	Loss1: 5.847543 Loss2: 0.000011 
| Global Round : 11 | Client :6 | Local Epoch : 2 | [64/645 (10%)]	Loss1: 5.844585 Loss2: 0.000010 
| Global Round : 11 | Client :6 | Local Epoch : 3 | [64/645 (10%)]	Loss1: 5.845712 Loss2: 0.000008 
| Global Round : 11 | Client :6 | Local Epoch : 4 | [64/645 (10%)]	Loss1: 5.846318 Loss2: 0.000008 
| Global Round : 11 | Client :7 | Local Epoch : 0 | [64/615 (11%)]	Loss1: 5.845905 Loss2: 0.000010 
| Global Round : 11 | Client :7 | Local Epoch : 1 | [64/615 (11%)]	Loss1: 5.844891 Loss2: 0.000009 
| Global Round : 11 | Client :7 | Local Epoch : 2 | [64/615 (11%)]	Loss1: 5.844738 Loss2: 0.000007 
| Global Round : 11 | Client :7 | Local Epoch : 3 | [64/615 (11%)]	Loss1: 5.846061 Loss2: 0.000010 
| Global Round : 11 | Client :7 | Local Epoch : 4 | [64/615 (11%)]	Loss1: 5.846252 Loss2: 0.000008 
| Global Round : 11 | Client :8 | Local Epoch : 0 | [64/609 (11%)]	Loss1: 5.845853 Loss2: 0.000009 
| Global Round : 11 | Client :8 | Local Epoch : 1 | [64/609 (11%)]	Loss1: 5.846159 Loss2: 0.000008 
| Global Round : 11 | Client :8 | Local Epoch : 2 | [64/609 (11%)]	Loss1: 5.846734 Loss2: 0.000012 
| Global Round : 11 | Client :8 | Local Epoch : 3 | [64/609 (11%)]	Loss1: 5.844566 Loss2: 0.000010 
| Global Round : 11 | Client :8 | Local Epoch : 4 | [64/609 (11%)]	Loss1: 5.845578 Loss2: 0.000009 
| Global Round : 11 | Client :9 | Local Epoch : 0 | [64/628 (11%)]	Loss1: 5.846600 Loss2: 0.000010 
| Global Round : 11 | Client :9 | Local Epoch : 1 | [64/628 (11%)]	Loss1: 5.848695 Loss2: 0.000011 
| Global Round : 11 | Client :9 | Local Epoch : 2 | [64/628 (11%)]	Loss1: 5.846976 Loss2: 0.000010 
| Global Round : 11 | Client :9 | Local Epoch : 3 | [64/628 (11%)]	Loss1: 5.847073 Loss2: 0.000007 
| Global Round : 11 | Client :9 | Local Epoch : 4 | [64/628 (11%)]	Loss1: 5.845587 Loss2: 0.000010 
average loss:   5.843368314428935
average local test accuracy: 0.7833333333333334
average global test accuracy:  0.7951822916666667

 | Global Training Round : 12 |

xi_k [0.5171813  0.5164801  0.5042016  0.48249277 0.48406414 0.48533763
 0.52928407 0.49962006 0.50462404 0.48935038]
max_exp: -1.0
coe: 10
Regulation [0.8 0.8 0.8 0.8 0.8 0.8 0.8 0.8 0.8 0.8]
Solver status: optimal_inaccurate
b_new: [1. 1. 1. 1. 1. 1. 1. 1. 1. 1.]
Iter 0: obj=49.7264, best_obj=49.7264, ||b_new-b_prev||₂=2.846050
xi_k [0.5171813  0.5164801  0.5042016  0.48249277 0.48406414 0.48533763
 0.52928407 0.49962006 0.50462404 0.48935038]
max_exp: -1.0
coe: 10
Regulation [-1. -1. -1. -1. -1. -1. -1. -1. -1. -1.]
Solver status: optimal_inaccurate
b_new: [1. 1. 1. 1. 1. 1. 1. 1. 1. 1.]
Iter 1: obj=50.6264, best_obj=50.6264, ||b_new-b_prev||₂=0.000000
Converged.
Final b: [1. 1. 1. 1. 1. 1. 1. 1. 1. 1.]
<class 'numpy.ndarray'>
b_float: [1. 1. 1. 1. 1. 1. 1. 1. 1. 1.]
b: [1 1 1 1 1 1 1 1 1 1]
active_clients:  [0, 1, 2, 3, 4, 5, 6, 7, 8, 9]
Client 0's s_k are:[0 1 1 1 1 1 1 1 1 1]
Client 1's s_k are:[1 0 1 1 1 1 1 1 1 1]
Client 2's s_k are:[1 1 0 1 1 1 1 1 1 1]
Client 3's s_k are:[1 1 1 0 1 1 1 1 1 1]
Client 4's s_k are:[1 1 1 1 0 1 1 1 1 1]
Client 5's s_k are:[1 1 1 1 1 0 1 1 1 1]
Client 6's s_k are:[1 1 1 1 1 1 0 1 1 1]
Client 7's s_k are:[1 1 1 1 1 1 1 0 1 1]
Client 8's s_k are:[1 1 1 1 1 1 1 1 0 1]
Client 9's s_k are:[1 1 1 1 1 1 1 1 1 0]
| Global Round : 12 | Client :0 | Local Epoch : 0 | [64/594 (11%)]	Loss1: 5.844422 Loss2: 0.000009 
| Global Round : 12 | Client :0 | Local Epoch : 1 | [64/594 (11%)]	Loss1: 5.844483 Loss2: 0.000010 
| Global Round : 12 | Client :0 | Local Epoch : 2 | [64/594 (11%)]	Loss1: 5.843902 Loss2: 0.000008 
| Global Round : 12 | Client :0 | Local Epoch : 3 | [64/594 (11%)]	Loss1: 5.844347 Loss2: 0.000010 
| Global Round : 12 | Client :0 | Local Epoch : 4 | [64/594 (11%)]	Loss1: 5.844420 Loss2: 0.000008 
| Global Round : 12 | Client :1 | Local Epoch : 0 | [64/595 (11%)]	Loss1: 5.845706 Loss2: 0.000008 
| Global Round : 12 | Client :1 | Local Epoch : 1 | [64/595 (11%)]	Loss1: 5.845866 Loss2: 0.000008 
| Global Round : 12 | Client :1 | Local Epoch : 2 | [64/595 (11%)]	Loss1: 5.846189 Loss2: 0.000011 
| Global Round : 12 | Client :1 | Local Epoch : 3 | [64/595 (11%)]	Loss1: 5.846420 Loss2: 0.000008 
| Global Round : 12 | Client :1 | Local Epoch : 4 | [64/595 (11%)]	Loss1: 5.845702 Loss2: 0.000010 
| Global Round : 12 | Client :2 | Local Epoch : 0 | [64/474 (14%)]	Loss1: 5.846391 Loss2: 0.000008 
| Global Round : 12 | Client :2 | Local Epoch : 1 | [64/474 (14%)]	Loss1: 5.845265 Loss2: 0.000010 
| Global Round : 12 | Client :2 | Local Epoch : 2 | [64/474 (14%)]	Loss1: 5.846381 Loss2: 0.000007 
| Global Round : 12 | Client :2 | Local Epoch : 3 | [64/474 (14%)]	Loss1: 5.846864 Loss2: 0.000008 
| Global Round : 12 | Client :2 | Local Epoch : 4 | [64/474 (14%)]	Loss1: 5.846640 Loss2: 0.000009 
| Global Round : 12 | Client :3 | Local Epoch : 0 | [64/566 (12%)]	Loss1: 5.846296 Loss2: 0.000010 
| Global Round : 12 | Client :3 | Local Epoch : 1 | [64/566 (12%)]	Loss1: 5.846749 Loss2: 0.000009 
| Global Round : 12 | Client :3 | Local Epoch : 2 | [64/566 (12%)]	Loss1: 5.846017 Loss2: 0.000010 
| Global Round : 12 | Client :3 | Local Epoch : 3 | [64/566 (12%)]	Loss1: 5.845345 Loss2: 0.000009 
| Global Round : 12 | Client :3 | Local Epoch : 4 | [64/566 (12%)]	Loss1: 5.845689 Loss2: 0.000009 
| Global Round : 12 | Client :4 | Local Epoch : 0 | [64/635 (11%)]	Loss1: 5.845908 Loss2: 0.000008 
| Global Round : 12 | Client :4 | Local Epoch : 1 | [64/635 (11%)]	Loss1: 5.847150 Loss2: 0.000015 
| Global Round : 12 | Client :4 | Local Epoch : 2 | [64/635 (11%)]	Loss1: 5.846603 Loss2: 0.000010 
| Global Round : 12 | Client :4 | Local Epoch : 3 | [64/635 (11%)]	Loss1: 5.847090 Loss2: 0.000009 
| Global Round : 12 | Client :4 | Local Epoch : 4 | [64/635 (11%)]	Loss1: 5.845226 Loss2: 0.000009 
| Global Round : 12 | Client :5 | Local Epoch : 0 | [64/633 (11%)]	Loss1: 5.845175 Loss2: 0.000010 
| Global Round : 12 | Client :5 | Local Epoch : 1 | [64/633 (11%)]	Loss1: 5.844849 Loss2: 0.000010 
| Global Round : 12 | Client :5 | Local Epoch : 2 | [64/633 (11%)]	Loss1: 5.844427 Loss2: 0.000009 
| Global Round : 12 | Client :5 | Local Epoch : 3 | [64/633 (11%)]	Loss1: 5.844448 Loss2: 0.000010 
| Global Round : 12 | Client :5 | Local Epoch : 4 | [64/633 (11%)]	Loss1: 5.846541 Loss2: 0.000009 
| Global Round : 12 | Client :6 | Local Epoch : 0 | [64/645 (10%)]	Loss1: 5.847042 Loss2: 0.000009 
| Global Round : 12 | Client :6 | Local Epoch : 1 | [64/645 (10%)]	Loss1: 5.843818 Loss2: 0.000010 
| Global Round : 12 | Client :6 | Local Epoch : 2 | [64/645 (10%)]	Loss1: 5.846302 Loss2: 0.000007 
| Global Round : 12 | Client :6 | Local Epoch : 3 | [64/645 (10%)]	Loss1: 5.845222 Loss2: 0.000010 
| Global Round : 12 | Client :6 | Local Epoch : 4 | [64/645 (10%)]	Loss1: 5.845247 Loss2: 0.000008 
| Global Round : 12 | Client :7 | Local Epoch : 0 | [64/615 (11%)]	Loss1: 5.845375 Loss2: 0.000009 
| Global Round : 12 | Client :7 | Local Epoch : 1 | [64/615 (11%)]	Loss1: 5.846108 Loss2: 0.000007 
| Global Round : 12 | Client :7 | Local Epoch : 2 | [64/615 (11%)]	Loss1: 5.846853 Loss2: 0.000010 
| Global Round : 12 | Client :7 | Local Epoch : 3 | [64/615 (11%)]	Loss1: 5.846322 Loss2: 0.000008 
| Global Round : 12 | Client :7 | Local Epoch : 4 | [64/615 (11%)]	Loss1: 5.843810 Loss2: 0.000010 
| Global Round : 12 | Client :8 | Local Epoch : 0 | [64/609 (11%)]	Loss1: 5.845695 Loss2: 0.000006 
| Global Round : 12 | Client :8 | Local Epoch : 1 | [64/609 (11%)]	Loss1: 5.847518 Loss2: 0.000008 
| Global Round : 12 | Client :8 | Local Epoch : 2 | [64/609 (11%)]	Loss1: 5.845413 Loss2: 0.000012 
| Global Round : 12 | Client :8 | Local Epoch : 3 | [64/609 (11%)]	Loss1: 5.845113 Loss2: 0.000008 
| Global Round : 12 | Client :8 | Local Epoch : 4 | [64/609 (11%)]	Loss1: 5.844855 Loss2: 0.000011 
| Global Round : 12 | Client :9 | Local Epoch : 0 | [64/628 (11%)]	Loss1: 5.845459 Loss2: 0.000009 
| Global Round : 12 | Client :9 | Local Epoch : 1 | [64/628 (11%)]	Loss1: 5.846326 Loss2: 0.000010 
| Global Round : 12 | Client :9 | Local Epoch : 2 | [64/628 (11%)]	Loss1: 5.844428 Loss2: 0.000009 
| Global Round : 12 | Client :9 | Local Epoch : 3 | [64/628 (11%)]	Loss1: 5.845033 Loss2: 0.000010 
| Global Round : 12 | Client :9 | Local Epoch : 4 | [64/628 (11%)]	Loss1: 5.845767 Loss2: 0.000008 
average loss:   5.842942625435572
average local test accuracy: 0.7854166666666667
average global test accuracy:  0.808203125

 | Global Training Round : 13 |

xi_k [0.51709167 0.51640574 0.50424489 0.48243969 0.4839101  0.48526247
 0.52925602 0.49950784 0.50452367 0.48925185]
max_exp: -1.0
coe: 10
Regulation [0.8 0.8 0.8 0.8 0.8 0.8 0.8 0.8 0.8 0.8]
Solver status: optimal_inaccurate
b_new: [1. 1. 1. 1. 1. 1. 1. 1. 1. 1.]
Iter 0: obj=49.7189, best_obj=49.7189, ||b_new-b_prev||₂=2.846050
xi_k [0.51709167 0.51640574 0.50424489 0.48243969 0.4839101  0.48526247
 0.52925602 0.49950784 0.50452367 0.48925185]
max_exp: -1.0
coe: 10
Regulation [-1. -1. -1. -1. -1. -1. -1. -1. -1. -1.]
Solver status: optimal_inaccurate
b_new: [1. 1. 1. 1. 1. 1. 1. 1. 1. 1.]
Iter 1: obj=50.6189, best_obj=50.6189, ||b_new-b_prev||₂=0.000000
Converged.
Final b: [1. 1. 1. 1. 1. 1. 1. 1. 1. 1.]
<class 'numpy.ndarray'>
b_float: [1. 1. 1. 1. 1. 1. 1. 1. 1. 1.]
b: [1 1 1 1 1 1 1 1 1 1]
active_clients:  [0, 1, 2, 3, 4, 5, 6, 7, 8, 9]
Client 0's s_k are:[0 1 1 1 1 1 1 1 1 1]
Client 1's s_k are:[1 0 1 1 1 1 1 1 1 1]
Client 2's s_k are:[1 1 0 1 1 1 1 1 1 1]
Client 3's s_k are:[1 1 1 0 1 1 1 1 1 1]
Client 4's s_k are:[1 1 1 1 0 1 1 1 1 1]
Client 5's s_k are:[1 1 1 1 1 0 1 1 1 1]
Client 6's s_k are:[1 1 1 1 1 1 0 1 1 1]
Client 7's s_k are:[1 1 1 1 1 1 1 0 1 1]
Client 8's s_k are:[1 1 1 1 1 1 1 1 0 1]
Client 9's s_k are:[1 1 1 1 1 1 1 1 1 0]
| Global Round : 13 | Client :0 | Local Epoch : 0 | [64/594 (11%)]	Loss1: 5.844129 Loss2: 0.000007 
| Global Round : 13 | Client :0 | Local Epoch : 1 | [64/594 (11%)]	Loss1: 5.844475 Loss2: 0.000007 
| Global Round : 13 | Client :0 | Local Epoch : 2 | [64/594 (11%)]	Loss1: 5.845772 Loss2: 0.000008 
| Global Round : 13 | Client :0 | Local Epoch : 3 | [64/594 (11%)]	Loss1: 5.846522 Loss2: 0.000009 
| Global Round : 13 | Client :0 | Local Epoch : 4 | [64/594 (11%)]	Loss1: 5.844711 Loss2: 0.000009 
| Global Round : 13 | Client :1 | Local Epoch : 0 | [64/595 (11%)]	Loss1: 5.845685 Loss2: 0.000011 
| Global Round : 13 | Client :1 | Local Epoch : 1 | [64/595 (11%)]	Loss1: 5.844760 Loss2: 0.000010 
| Global Round : 13 | Client :1 | Local Epoch : 2 | [64/595 (11%)]	Loss1: 5.845137 Loss2: 0.000008 
| Global Round : 13 | Client :1 | Local Epoch : 3 | [64/595 (11%)]	Loss1: 5.845314 Loss2: 0.000009 
| Global Round : 13 | Client :1 | Local Epoch : 4 | [64/595 (11%)]	Loss1: 5.845583 Loss2: 0.000008 
| Global Round : 13 | Client :2 | Local Epoch : 0 | [64/474 (14%)]	Loss1: 5.845737 Loss2: 0.000008 
| Global Round : 13 | Client :2 | Local Epoch : 1 | [64/474 (14%)]	Loss1: 5.844995 Loss2: 0.000009 
| Global Round : 13 | Client :2 | Local Epoch : 2 | [64/474 (14%)]	Loss1: 5.845012 Loss2: 0.000007 
| Global Round : 13 | Client :2 | Local Epoch : 3 | [64/474 (14%)]	Loss1: 5.846548 Loss2: 0.000009 
| Global Round : 13 | Client :2 | Local Epoch : 4 | [64/474 (14%)]	Loss1: 5.845248 Loss2: 0.000007 
| Global Round : 13 | Client :3 | Local Epoch : 0 | [64/566 (12%)]	Loss1: 5.844362 Loss2: 0.000011 
| Global Round : 13 | Client :3 | Local Epoch : 1 | [64/566 (12%)]	Loss1: 5.844823 Loss2: 0.000008 
| Global Round : 13 | Client :3 | Local Epoch : 2 | [64/566 (12%)]	Loss1: 5.845257 Loss2: 0.000009 
| Global Round : 13 | Client :3 | Local Epoch : 3 | [64/566 (12%)]	Loss1: 5.845397 Loss2: 0.000009 
| Global Round : 13 | Client :3 | Local Epoch : 4 | [64/566 (12%)]	Loss1: 5.845397 Loss2: 0.000009 
| Global Round : 13 | Client :4 | Local Epoch : 0 | [64/635 (11%)]	Loss1: 5.845807 Loss2: 0.000007 
| Global Round : 13 | Client :4 | Local Epoch : 1 | [64/635 (11%)]	Loss1: 5.847278 Loss2: 0.000012 
| Global Round : 13 | Client :4 | Local Epoch : 2 | [64/635 (11%)]	Loss1: 5.846338 Loss2: 0.000012 
| Global Round : 13 | Client :4 | Local Epoch : 3 | [64/635 (11%)]	Loss1: 5.844763 Loss2: 0.000012 
| Global Round : 13 | Client :4 | Local Epoch : 4 | [64/635 (11%)]	Loss1: 5.844777 Loss2: 0.000008 
| Global Round : 13 | Client :5 | Local Epoch : 0 | [64/633 (11%)]	Loss1: 5.846506 Loss2: 0.000009 
| Global Round : 13 | Client :5 | Local Epoch : 1 | [64/633 (11%)]	Loss1: 5.844949 Loss2: 0.000010 
| Global Round : 13 | Client :5 | Local Epoch : 2 | [64/633 (11%)]	Loss1: 5.845357 Loss2: 0.000010 
| Global Round : 13 | Client :5 | Local Epoch : 3 | [64/633 (11%)]	Loss1: 5.845345 Loss2: 0.000009 
| Global Round : 13 | Client :5 | Local Epoch : 4 | [64/633 (11%)]	Loss1: 5.845029 Loss2: 0.000010 
| Global Round : 13 | Client :6 | Local Epoch : 0 | [64/645 (10%)]	Loss1: 5.845048 Loss2: 0.000009 
| Global Round : 13 | Client :6 | Local Epoch : 1 | [64/645 (10%)]	Loss1: 5.844154 Loss2: 0.000009 
| Global Round : 13 | Client :6 | Local Epoch : 2 | [64/645 (10%)]	Loss1: 5.844313 Loss2: 0.000008 
| Global Round : 13 | Client :6 | Local Epoch : 3 | [64/645 (10%)]	Loss1: 5.844711 Loss2: 0.000009 
| Global Round : 13 | Client :6 | Local Epoch : 4 | [64/645 (10%)]	Loss1: 5.843328 Loss2: 0.000008 
| Global Round : 13 | Client :7 | Local Epoch : 0 | [64/615 (11%)]	Loss1: 5.843466 Loss2: 0.000009 
| Global Round : 13 | Client :7 | Local Epoch : 1 | [64/615 (11%)]	Loss1: 5.846447 Loss2: 0.000009 
| Global Round : 13 | Client :7 | Local Epoch : 2 | [64/615 (11%)]	Loss1: 5.844541 Loss2: 0.000009 
| Global Round : 13 | Client :7 | Local Epoch : 3 | [64/615 (11%)]	Loss1: 5.845029 Loss2: 0.000009 
| Global Round : 13 | Client :7 | Local Epoch : 4 | [64/615 (11%)]	Loss1: 5.843932 Loss2: 0.000010 
| Global Round : 13 | Client :8 | Local Epoch : 0 | [64/609 (11%)]	Loss1: 5.847044 Loss2: 0.000009 
| Global Round : 13 | Client :8 | Local Epoch : 1 | [64/609 (11%)]	Loss1: 5.845501 Loss2: 0.000009 
| Global Round : 13 | Client :8 | Local Epoch : 2 | [64/609 (11%)]	Loss1: 5.846002 Loss2: 0.000007 
| Global Round : 13 | Client :8 | Local Epoch : 3 | [64/609 (11%)]	Loss1: 5.845278 Loss2: 0.000008 
| Global Round : 13 | Client :8 | Local Epoch : 4 | [64/609 (11%)]	Loss1: 5.845361 Loss2: 0.000008 
| Global Round : 13 | Client :9 | Local Epoch : 0 | [64/628 (11%)]	Loss1: 5.845534 Loss2: 0.000009 
| Global Round : 13 | Client :9 | Local Epoch : 1 | [64/628 (11%)]	Loss1: 5.846132 Loss2: 0.000009 
| Global Round : 13 | Client :9 | Local Epoch : 2 | [64/628 (11%)]	Loss1: 5.846899 Loss2: 0.000006 
| Global Round : 13 | Client :9 | Local Epoch : 3 | [64/628 (11%)]	Loss1: 5.845028 Loss2: 0.000010 
| Global Round : 13 | Client :9 | Local Epoch : 4 | [64/628 (11%)]	Loss1: 5.843799 Loss2: 0.000010 
average loss:   5.842511989918967
average local test accuracy: 0.7859375000000001
average global test accuracy:  0.8125

 | Global Training Round : 14 |

xi_k [0.5170398  0.51635852 0.50410725 0.4823624  0.48382985 0.48516806
 0.5292309  0.4994555  0.50446137 0.48920533]
max_exp: -1.0
coe: 10
Regulation [0.8 0.8 0.8 0.8 0.8 0.8 0.8 0.8 0.8 0.8]
Solver status: optimal_inaccurate
b_new: [1. 1. 1. 1. 1. 1. 1. 1. 1. 1.]
Iter 0: obj=49.7122, best_obj=49.7122, ||b_new-b_prev||₂=2.846050
xi_k [0.5170398  0.51635852 0.50410725 0.4823624  0.48382985 0.48516806
 0.5292309  0.4994555  0.50446137 0.48920533]
max_exp: -1.0
coe: 10
Regulation [-1. -1. -1. -1. -1. -1. -1. -1. -1. -1.]
Solver status: optimal_inaccurate
b_new: [1. 1. 1. 1. 1. 1. 1. 1. 1. 1.]
Iter 1: obj=50.6122, best_obj=50.6122, ||b_new-b_prev||₂=0.000000
Converged.
Final b: [1. 1. 1. 1. 1. 1. 1. 1. 1. 1.]
<class 'numpy.ndarray'>
b_float: [1. 1. 1. 1. 1. 1. 1. 1. 1. 1.]
b: [1 1 1 1 1 1 1 1 1 1]
active_clients:  [0, 1, 2, 3, 4, 5, 6, 7, 8, 9]
Client 0's s_k are:[0 1 1 1 1 1 1 1 1 1]
Client 1's s_k are:[1 0 1 1 1 1 1 1 1 1]
Client 2's s_k are:[1 1 0 1 1 1 1 1 1 1]
Client 3's s_k are:[1 1 1 0 1 1 1 1 1 1]
Client 4's s_k are:[1 1 1 1 0 1 1 1 1 1]
Client 5's s_k are:[1 1 1 1 1 0 1 1 1 1]
Client 6's s_k are:[1 1 1 1 1 1 0 1 1 1]
Client 7's s_k are:[1 1 1 1 1 1 1 0 1 1]
Client 8's s_k are:[1 1 1 1 1 1 1 1 0 1]
Client 9's s_k are:[1 1 1 1 1 1 1 1 1 0]
| Global Round : 14 | Client :0 | Local Epoch : 0 | [64/594 (11%)]	Loss1: 5.845053 Loss2: 0.000010 
| Global Round : 14 | Client :0 | Local Epoch : 1 | [64/594 (11%)]	Loss1: 5.843359 Loss2: 0.000008 
| Global Round : 14 | Client :0 | Local Epoch : 2 | [64/594 (11%)]	Loss1: 5.843228 Loss2: 0.000008 
| Global Round : 14 | Client :0 | Local Epoch : 3 | [64/594 (11%)]	Loss1: 5.844511 Loss2: 0.000008 
| Global Round : 14 | Client :0 | Local Epoch : 4 | [64/594 (11%)]	Loss1: 5.845251 Loss2: 0.000009 
| Global Round : 14 | Client :1 | Local Epoch : 0 | [64/595 (11%)]	Loss1: 5.845984 Loss2: 0.000009 
| Global Round : 14 | Client :1 | Local Epoch : 1 | [64/595 (11%)]	Loss1: 5.846303 Loss2: 0.000009 
| Global Round : 14 | Client :1 | Local Epoch : 2 | [64/595 (11%)]	Loss1: 5.846617 Loss2: 0.000009 
| Global Round : 14 | Client :1 | Local Epoch : 3 | [64/595 (11%)]	Loss1: 5.845748 Loss2: 0.000009 
| Global Round : 14 | Client :1 | Local Epoch : 4 | [64/595 (11%)]	Loss1: 5.843868 Loss2: 0.000008 
| Global Round : 14 | Client :2 | Local Epoch : 0 | [64/474 (14%)]	Loss1: 5.845538 Loss2: 0.000007 
| Global Round : 14 | Client :2 | Local Epoch : 1 | [64/474 (14%)]	Loss1: 5.847142 Loss2: 0.000009 
| Global Round : 14 | Client :2 | Local Epoch : 2 | [64/474 (14%)]	Loss1: 5.845167 Loss2: 0.000008 
| Global Round : 14 | Client :2 | Local Epoch : 3 | [64/474 (14%)]	Loss1: 5.845209 Loss2: 0.000007 
| Global Round : 14 | Client :2 | Local Epoch : 4 | [64/474 (14%)]	Loss1: 5.846291 Loss2: 0.000007 
| Global Round : 14 | Client :3 | Local Epoch : 0 | [64/566 (12%)]	Loss1: 5.845028 Loss2: 0.000009 
| Global Round : 14 | Client :3 | Local Epoch : 1 | [64/566 (12%)]	Loss1: 5.844242 Loss2: 0.000008 
| Global Round : 14 | Client :3 | Local Epoch : 2 | [64/566 (12%)]	Loss1: 5.845155 Loss2: 0.000008 
| Global Round : 14 | Client :3 | Local Epoch : 3 | [64/566 (12%)]	Loss1: 5.844545 Loss2: 0.000008 
| Global Round : 14 | Client :3 | Local Epoch : 4 | [64/566 (12%)]	Loss1: 5.843108 Loss2: 0.000009 
| Global Round : 14 | Client :4 | Local Epoch : 0 | [64/635 (11%)]	Loss1: 5.844667 Loss2: 0.000011 
| Global Round : 14 | Client :4 | Local Epoch : 1 | [64/635 (11%)]	Loss1: 5.844219 Loss2: 0.000010 
| Global Round : 14 | Client :4 | Local Epoch : 2 | [64/635 (11%)]	Loss1: 5.845179 Loss2: 0.000010 
| Global Round : 14 | Client :4 | Local Epoch : 3 | [64/635 (11%)]	Loss1: 5.845557 Loss2: 0.000010 
| Global Round : 14 | Client :4 | Local Epoch : 4 | [64/635 (11%)]	Loss1: 5.843933 Loss2: 0.000012 
| Global Round : 14 | Client :5 | Local Epoch : 0 | [64/633 (11%)]	Loss1: 5.845081 Loss2: 0.000009 
| Global Round : 14 | Client :5 | Local Epoch : 1 | [64/633 (11%)]	Loss1: 5.846321 Loss2: 0.000009 
| Global Round : 14 | Client :5 | Local Epoch : 2 | [64/633 (11%)]	Loss1: 5.843739 Loss2: 0.000009 
| Global Round : 14 | Client :5 | Local Epoch : 3 | [64/633 (11%)]	Loss1: 5.844835 Loss2: 0.000008 
| Global Round : 14 | Client :5 | Local Epoch : 4 | [64/633 (11%)]	Loss1: 5.844586 Loss2: 0.000009 
| Global Round : 14 | Client :6 | Local Epoch : 0 | [64/645 (10%)]	Loss1: 5.844822 Loss2: 0.000008 
| Global Round : 14 | Client :6 | Local Epoch : 1 | [64/645 (10%)]	Loss1: 5.846608 Loss2: 0.000008 
| Global Round : 14 | Client :6 | Local Epoch : 2 | [64/645 (10%)]	Loss1: 5.844594 Loss2: 0.000010 
| Global Round : 14 | Client :6 | Local Epoch : 3 | [64/645 (10%)]	Loss1: 5.845996 Loss2: 0.000008 
| Global Round : 14 | Client :6 | Local Epoch : 4 | [64/645 (10%)]	Loss1: 5.843635 Loss2: 0.000010 
| Global Round : 14 | Client :7 | Local Epoch : 0 | [64/615 (11%)]	Loss1: 5.845309 Loss2: 0.000009 
| Global Round : 14 | Client :7 | Local Epoch : 1 | [64/615 (11%)]	Loss1: 5.846295 Loss2: 0.000008 
| Global Round : 14 | Client :7 | Local Epoch : 2 | [64/615 (11%)]	Loss1: 5.845117 Loss2: 0.000009 
| Global Round : 14 | Client :7 | Local Epoch : 3 | [64/615 (11%)]	Loss1: 5.845202 Loss2: 0.000012 
| Global Round : 14 | Client :7 | Local Epoch : 4 | [64/615 (11%)]	Loss1: 5.843643 Loss2: 0.000009 
| Global Round : 14 | Client :8 | Local Epoch : 0 | [64/609 (11%)]	Loss1: 5.845880 Loss2: 0.000009 
| Global Round : 14 | Client :8 | Local Epoch : 1 | [64/609 (11%)]	Loss1: 5.845998 Loss2: 0.000008 
| Global Round : 14 | Client :8 | Local Epoch : 2 | [64/609 (11%)]	Loss1: 5.845175 Loss2: 0.000008 
| Global Round : 14 | Client :8 | Local Epoch : 3 | [64/609 (11%)]	Loss1: 5.844609 Loss2: 0.000007 
| Global Round : 14 | Client :8 | Local Epoch : 4 | [64/609 (11%)]	Loss1: 5.845787 Loss2: 0.000010 
| Global Round : 14 | Client :9 | Local Epoch : 0 | [64/628 (11%)]	Loss1: 5.845068 Loss2: 0.000009 
| Global Round : 14 | Client :9 | Local Epoch : 1 | [64/628 (11%)]	Loss1: 5.844017 Loss2: 0.000008 
| Global Round : 14 | Client :9 | Local Epoch : 2 | [64/628 (11%)]	Loss1: 5.846130 Loss2: 0.000007 
| Global Round : 14 | Client :9 | Local Epoch : 3 | [64/628 (11%)]	Loss1: 5.844530 Loss2: 0.000008 
| Global Round : 14 | Client :9 | Local Epoch : 4 | [64/628 (11%)]	Loss1: 5.847751 Loss2: 0.000009 
average loss:   5.8422247144343356
average local test accuracy: 0.7786458333333333
average global test accuracy:  0.8375

 | Global Training Round : 15 |

xi_k [0.51696885 0.51630661 0.50411059 0.48237446 0.48378195 0.48514684
 0.52913728 0.49938541 0.50438951 0.48915022]
max_exp: -1.0
coe: 10
Regulation [0.8 0.8 0.8 0.8 0.8 0.8 0.8 0.8 0.8 0.8]
Solver status: optimal_inaccurate
b_new: [1. 1. 1. 1. 1. 1. 1. 1. 1. 1.]
Iter 0: obj=49.7075, best_obj=49.7075, ||b_new-b_prev||₂=2.846050
xi_k [0.51696885 0.51630661 0.50411059 0.48237446 0.48378195 0.48514684
 0.52913728 0.49938541 0.50438951 0.48915022]
max_exp: -1.0
coe: 10
Regulation [-1. -1. -1. -1. -1. -1. -1. -1. -1. -1.]
Solver status: optimal_inaccurate
b_new: [1. 1. 1. 1. 1. 1. 1. 1. 1. 1.]
Iter 1: obj=50.6075, best_obj=50.6075, ||b_new-b_prev||₂=0.000000
Converged.
Final b: [1. 1. 1. 1. 1. 1. 1. 1. 1. 1.]
<class 'numpy.ndarray'>
b_float: [1. 1. 1. 1. 1. 1. 1. 1. 1. 1.]
b: [1 1 1 1 1 1 1 1 1 1]
active_clients:  [0, 1, 2, 3, 4, 5, 6, 7, 8, 9]
Client 0's s_k are:[0 1 1 1 1 1 1 1 1 1]
Client 1's s_k are:[1 0 1 1 1 1 1 1 1 1]
Client 2's s_k are:[1 1 0 1 1 1 1 1 1 1]
Client 3's s_k are:[1 1 1 0 1 1 1 1 1 1]
Client 4's s_k are:[1 1 1 1 0 1 1 1 1 1]
Client 5's s_k are:[1 1 1 1 1 0 1 1 1 1]
Client 6's s_k are:[1 1 1 1 1 1 0 1 1 1]
Client 7's s_k are:[1 1 1 1 1 1 1 0 1 1]
Client 8's s_k are:[1 1 1 1 1 1 1 1 0 1]
Client 9's s_k are:[1 1 1 1 1 1 1 1 1 0]
| Global Round : 15 | Client :0 | Local Epoch : 0 | [64/594 (11%)]	Loss1: 5.844380 Loss2: 0.000007 
| Global Round : 15 | Client :0 | Local Epoch : 1 | [64/594 (11%)]	Loss1: 5.845299 Loss2: 0.000009 
| Global Round : 15 | Client :0 | Local Epoch : 2 | [64/594 (11%)]	Loss1: 5.846239 Loss2: 0.000006 
| Global Round : 15 | Client :0 | Local Epoch : 3 | [64/594 (11%)]	Loss1: 5.844483 Loss2: 0.000011 
| Global Round : 15 | Client :0 | Local Epoch : 4 | [64/594 (11%)]	Loss1: 5.843108 Loss2: 0.000009 
| Global Round : 15 | Client :1 | Local Epoch : 0 | [64/595 (11%)]	Loss1: 5.844708 Loss2: 0.000007 
| Global Round : 15 | Client :1 | Local Epoch : 1 | [64/595 (11%)]	Loss1: 5.845886 Loss2: 0.000009 
| Global Round : 15 | Client :1 | Local Epoch : 2 | [64/595 (11%)]	Loss1: 5.844471 Loss2: 0.000011 
| Global Round : 15 | Client :1 | Local Epoch : 3 | [64/595 (11%)]	Loss1: 5.843921 Loss2: 0.000008 
| Global Round : 15 | Client :1 | Local Epoch : 4 | [64/595 (11%)]	Loss1: 5.844028 Loss2: 0.000008 
| Global Round : 15 | Client :2 | Local Epoch : 0 | [64/474 (14%)]	Loss1: 5.844579 Loss2: 0.000008 
| Global Round : 15 | Client :2 | Local Epoch : 1 | [64/474 (14%)]	Loss1: 5.845539 Loss2: 0.000008 
| Global Round : 15 | Client :2 | Local Epoch : 2 | [64/474 (14%)]	Loss1: 5.845154 Loss2: 0.000008 
| Global Round : 15 | Client :2 | Local Epoch : 3 | [64/474 (14%)]	Loss1: 5.843175 Loss2: 0.000007 
| Global Round : 15 | Client :2 | Local Epoch : 4 | [64/474 (14%)]	Loss1: 5.844523 Loss2: 0.000007 
| Global Round : 15 | Client :3 | Local Epoch : 0 | [64/566 (12%)]	Loss1: 5.845490 Loss2: 0.000007 
| Global Round : 15 | Client :3 | Local Epoch : 1 | [64/566 (12%)]	Loss1: 5.845677 Loss2: 0.000008 
| Global Round : 15 | Client :3 | Local Epoch : 2 | [64/566 (12%)]	Loss1: 5.844922 Loss2: 0.000008 
| Global Round : 15 | Client :3 | Local Epoch : 3 | [64/566 (12%)]	Loss1: 5.846910 Loss2: 0.000011 
| Global Round : 15 | Client :3 | Local Epoch : 4 | [64/566 (12%)]	Loss1: 5.845197 Loss2: 0.000007 
| Global Round : 15 | Client :4 | Local Epoch : 0 | [64/635 (11%)]	Loss1: 5.847003 Loss2: 0.000009 
| Global Round : 15 | Client :4 | Local Epoch : 1 | [64/635 (11%)]	Loss1: 5.844825 Loss2: 0.000010 
| Global Round : 15 | Client :4 | Local Epoch : 2 | [64/635 (11%)]	Loss1: 5.846101 Loss2: 0.000009 
| Global Round : 15 | Client :4 | Local Epoch : 3 | [64/635 (11%)]	Loss1: 5.845079 Loss2: 0.000009 
| Global Round : 15 | Client :4 | Local Epoch : 4 | [64/635 (11%)]	Loss1: 5.844889 Loss2: 0.000008 
| Global Round : 15 | Client :5 | Local Epoch : 0 | [64/633 (11%)]	Loss1: 5.845233 Loss2: 0.000012 
| Global Round : 15 | Client :5 | Local Epoch : 1 | [64/633 (11%)]	Loss1: 5.844687 Loss2: 0.000012 
| Global Round : 15 | Client :5 | Local Epoch : 2 | [64/633 (11%)]	Loss1: 5.845325 Loss2: 0.000011 
| Global Round : 15 | Client :5 | Local Epoch : 3 | [64/633 (11%)]	Loss1: 5.843959 Loss2: 0.000008 
| Global Round : 15 | Client :5 | Local Epoch : 4 | [64/633 (11%)]	Loss1: 5.843858 Loss2: 0.000008 
| Global Round : 15 | Client :6 | Local Epoch : 0 | [64/645 (10%)]	Loss1: 5.844405 Loss2: 0.000009 
| Global Round : 15 | Client :6 | Local Epoch : 1 | [64/645 (10%)]	Loss1: 5.846116 Loss2: 0.000006 
| Global Round : 15 | Client :6 | Local Epoch : 2 | [64/645 (10%)]	Loss1: 5.844878 Loss2: 0.000010 
| Global Round : 15 | Client :6 | Local Epoch : 3 | [64/645 (10%)]	Loss1: 5.844841 Loss2: 0.000006 
| Global Round : 15 | Client :6 | Local Epoch : 4 | [64/645 (10%)]	Loss1: 5.846907 Loss2: 0.000009 
| Global Round : 15 | Client :7 | Local Epoch : 0 | [64/615 (11%)]	Loss1: 5.844545 Loss2: 0.000008 
| Global Round : 15 | Client :7 | Local Epoch : 1 | [64/615 (11%)]	Loss1: 5.844233 Loss2: 0.000009 
| Global Round : 15 | Client :7 | Local Epoch : 2 | [64/615 (11%)]	Loss1: 5.845050 Loss2: 0.000012 
| Global Round : 15 | Client :7 | Local Epoch : 3 | [64/615 (11%)]	Loss1: 5.843701 Loss2: 0.000006 
| Global Round : 15 | Client :7 | Local Epoch : 4 | [64/615 (11%)]	Loss1: 5.842881 Loss2: 0.000007 
| Global Round : 15 | Client :8 | Local Epoch : 0 | [64/609 (11%)]	Loss1: 5.845455 Loss2: 0.000009 
| Global Round : 15 | Client :8 | Local Epoch : 1 | [64/609 (11%)]	Loss1: 5.845250 Loss2: 0.000010 
| Global Round : 15 | Client :8 | Local Epoch : 2 | [64/609 (11%)]	Loss1: 5.845306 Loss2: 0.000010 
| Global Round : 15 | Client :8 | Local Epoch : 3 | [64/609 (11%)]	Loss1: 5.844335 Loss2: 0.000006 
| Global Round : 15 | Client :8 | Local Epoch : 4 | [64/609 (11%)]	Loss1: 5.844742 Loss2: 0.000008 
| Global Round : 15 | Client :9 | Local Epoch : 0 | [64/628 (11%)]	Loss1: 5.845069 Loss2: 0.000008 
| Global Round : 15 | Client :9 | Local Epoch : 1 | [64/628 (11%)]	Loss1: 5.843256 Loss2: 0.000010 
| Global Round : 15 | Client :9 | Local Epoch : 2 | [64/628 (11%)]	Loss1: 5.845671 Loss2: 0.000009 
| Global Round : 15 | Client :9 | Local Epoch : 3 | [64/628 (11%)]	Loss1: 5.843990 Loss2: 0.000008 
| Global Round : 15 | Client :9 | Local Epoch : 4 | [64/628 (11%)]	Loss1: 5.845108 Loss2: 0.000009 
average loss:   5.8419514983230165
average local test accuracy: 0.7856770833333332
average global test accuracy:  0.8256510416666668

 | Global Training Round : 16 |

xi_k [0.51696334 0.51621114 0.50398915 0.48231442 0.4837664  0.48508829
 0.52912541 0.49930302 0.50435471 0.48910106]
max_exp: -1.0
coe: 10
Regulation [0.8 0.8 0.8 0.8 0.8 0.8 0.8 0.8 0.8 0.8]
Solver status: optimal_inaccurate
b_new: [1. 1. 1. 1. 1. 1. 1. 1. 1. 1.]
Iter 0: obj=49.7022, best_obj=49.7022, ||b_new-b_prev||₂=2.846050
xi_k [0.51696334 0.51621114 0.50398915 0.48231442 0.4837664  0.48508829
 0.52912541 0.49930302 0.50435471 0.48910106]
max_exp: -1.0
coe: 10
Regulation [-1. -1. -1. -1. -1. -1. -1. -1. -1. -1.]
Solver status: optimal_inaccurate
b_new: [1. 1. 1. 1. 1. 1. 1. 1. 1. 1.]
Iter 1: obj=50.6022, best_obj=50.6022, ||b_new-b_prev||₂=0.000000
Converged.
Final b: [1. 1. 1. 1. 1. 1. 1. 1. 1. 1.]
<class 'numpy.ndarray'>
b_float: [1. 1. 1. 1. 1. 1. 1. 1. 1. 1.]
b: [1 1 1 1 1 1 1 1 1 1]
active_clients:  [0, 1, 2, 3, 4, 5, 6, 7, 8, 9]
Client 0's s_k are:[0 1 1 1 1 1 1 1 1 1]
Client 1's s_k are:[1 0 1 1 1 1 1 1 1 1]
Client 2's s_k are:[1 1 0 1 1 1 1 1 1 1]
Client 3's s_k are:[1 1 1 0 1 1 1 1 1 1]
Client 4's s_k are:[1 1 1 1 0 1 1 1 1 1]
Client 5's s_k are:[1 1 1 1 1 0 1 1 1 1]
Client 6's s_k are:[1 1 1 1 1 1 0 1 1 1]
Client 7's s_k are:[1 1 1 1 1 1 1 0 1 1]
Client 8's s_k are:[1 1 1 1 1 1 1 1 0 1]
Client 9's s_k are:[1 1 1 1 1 1 1 1 1 0]
| Global Round : 16 | Client :0 | Local Epoch : 0 | [64/594 (11%)]	Loss1: 5.843057 Loss2: 0.000008 
| Global Round : 16 | Client :0 | Local Epoch : 1 | [64/594 (11%)]	Loss1: 5.843567 Loss2: 0.000011 
| Global Round : 16 | Client :0 | Local Epoch : 2 | [64/594 (11%)]	Loss1: 5.844228 Loss2: 0.000009 
| Global Round : 16 | Client :0 | Local Epoch : 3 | [64/594 (11%)]	Loss1: 5.843342 Loss2: 0.000007 
| Global Round : 16 | Client :0 | Local Epoch : 4 | [64/594 (11%)]	Loss1: 5.843178 Loss2: 0.000007 
| Global Round : 16 | Client :1 | Local Epoch : 0 | [64/595 (11%)]	Loss1: 5.845199 Loss2: 0.000009 
| Global Round : 16 | Client :1 | Local Epoch : 1 | [64/595 (11%)]	Loss1: 5.843290 Loss2: 0.000009 
| Global Round : 16 | Client :1 | Local Epoch : 2 | [64/595 (11%)]	Loss1: 5.845470 Loss2: 0.000008 
| Global Round : 16 | Client :1 | Local Epoch : 3 | [64/595 (11%)]	Loss1: 5.844095 Loss2: 0.000008 
| Global Round : 16 | Client :1 | Local Epoch : 4 | [64/595 (11%)]	Loss1: 5.843974 Loss2: 0.000008 
| Global Round : 16 | Client :2 | Local Epoch : 0 | [64/474 (14%)]	Loss1: 5.844629 Loss2: 0.000007 
| Global Round : 16 | Client :2 | Local Epoch : 1 | [64/474 (14%)]	Loss1: 5.844800 Loss2: 0.000009 
| Global Round : 16 | Client :2 | Local Epoch : 2 | [64/474 (14%)]	Loss1: 5.845706 Loss2: 0.000009 
| Global Round : 16 | Client :2 | Local Epoch : 3 | [64/474 (14%)]	Loss1: 5.845172 Loss2: 0.000007 
| Global Round : 16 | Client :2 | Local Epoch : 4 | [64/474 (14%)]	Loss1: 5.846277 Loss2: 0.000008 
| Global Round : 16 | Client :3 | Local Epoch : 0 | [64/566 (12%)]	Loss1: 5.844635 Loss2: 0.000009 
| Global Round : 16 | Client :3 | Local Epoch : 1 | [64/566 (12%)]	Loss1: 5.843797 Loss2: 0.000007 
| Global Round : 16 | Client :3 | Local Epoch : 2 | [64/566 (12%)]	Loss1: 5.844538 Loss2: 0.000010 
| Global Round : 16 | Client :3 | Local Epoch : 3 | [64/566 (12%)]	Loss1: 5.844322 Loss2: 0.000007 
| Global Round : 16 | Client :3 | Local Epoch : 4 | [64/566 (12%)]	Loss1: 5.843997 Loss2: 0.000008 
| Global Round : 16 | Client :4 | Local Epoch : 0 | [64/635 (11%)]	Loss1: 5.843720 Loss2: 0.000009 
| Global Round : 16 | Client :4 | Local Epoch : 1 | [64/635 (11%)]	Loss1: 5.842324 Loss2: 0.000009 
| Global Round : 16 | Client :4 | Local Epoch : 2 | [64/635 (11%)]	Loss1: 5.846889 Loss2: 0.000010 
| Global Round : 16 | Client :4 | Local Epoch : 3 | [64/635 (11%)]	Loss1: 5.843968 Loss2: 0.000010 
| Global Round : 16 | Client :4 | Local Epoch : 4 | [64/635 (11%)]	Loss1: 5.844514 Loss2: 0.000009 
| Global Round : 16 | Client :5 | Local Epoch : 0 | [64/633 (11%)]	Loss1: 5.844862 Loss2: 0.000008 
| Global Round : 16 | Client :5 | Local Epoch : 1 | [64/633 (11%)]	Loss1: 5.844476 Loss2: 0.000009 
| Global Round : 16 | Client :5 | Local Epoch : 2 | [64/633 (11%)]	Loss1: 5.842762 Loss2: 0.000008 
| Global Round : 16 | Client :5 | Local Epoch : 3 | [64/633 (11%)]	Loss1: 5.844219 Loss2: 0.000008 
| Global Round : 16 | Client :5 | Local Epoch : 4 | [64/633 (11%)]	Loss1: 5.843596 Loss2: 0.000010 
| Global Round : 16 | Client :6 | Local Epoch : 0 | [64/645 (10%)]	Loss1: 5.843992 Loss2: 0.000010 
| Global Round : 16 | Client :6 | Local Epoch : 1 | [64/645 (10%)]	Loss1: 5.844913 Loss2: 0.000009 
| Global Round : 16 | Client :6 | Local Epoch : 2 | [64/645 (10%)]	Loss1: 5.843841 Loss2: 0.000007 
| Global Round : 16 | Client :6 | Local Epoch : 3 | [64/645 (10%)]	Loss1: 5.845272 Loss2: 0.000010 
| Global Round : 16 | Client :6 | Local Epoch : 4 | [64/645 (10%)]	Loss1: 5.844791 Loss2: 0.000011 
| Global Round : 16 | Client :7 | Local Epoch : 0 | [64/615 (11%)]	Loss1: 5.842402 Loss2: 0.000009 
| Global Round : 16 | Client :7 | Local Epoch : 1 | [64/615 (11%)]	Loss1: 5.843217 Loss2: 0.000008 
| Global Round : 16 | Client :7 | Local Epoch : 2 | [64/615 (11%)]	Loss1: 5.843336 Loss2: 0.000010 
| Global Round : 16 | Client :7 | Local Epoch : 3 | [64/615 (11%)]	Loss1: 5.844327 Loss2: 0.000012 
| Global Round : 16 | Client :7 | Local Epoch : 4 | [64/615 (11%)]	Loss1: 5.843443 Loss2: 0.000010 
| Global Round : 16 | Client :8 | Local Epoch : 0 | [64/609 (11%)]	Loss1: 5.844289 Loss2: 0.000008 
| Global Round : 16 | Client :8 | Local Epoch : 1 | [64/609 (11%)]	Loss1: 5.844285 Loss2: 0.000009 
| Global Round : 16 | Client :8 | Local Epoch : 2 | [64/609 (11%)]	Loss1: 5.844194 Loss2: 0.000008 
| Global Round : 16 | Client :8 | Local Epoch : 3 | [64/609 (11%)]	Loss1: 5.843551 Loss2: 0.000008 
| Global Round : 16 | Client :8 | Local Epoch : 4 | [64/609 (11%)]	Loss1: 5.843484 Loss2: 0.000008 
| Global Round : 16 | Client :9 | Local Epoch : 0 | [64/628 (11%)]	Loss1: 5.843713 Loss2: 0.000007 
| Global Round : 16 | Client :9 | Local Epoch : 1 | [64/628 (11%)]	Loss1: 5.843790 Loss2: 0.000008 
| Global Round : 16 | Client :9 | Local Epoch : 2 | [64/628 (11%)]	Loss1: 5.843865 Loss2: 0.000011 
| Global Round : 16 | Client :9 | Local Epoch : 3 | [64/628 (11%)]	Loss1: 5.844589 Loss2: 0.000009 
| Global Round : 16 | Client :9 | Local Epoch : 4 | [64/628 (11%)]	Loss1: 5.844065 Loss2: 0.000008 
average loss:   5.841603439970622
average local test accuracy: 0.7958333333333334
average global test accuracy:  0.8234375

 | Global Training Round : 17 |

xi_k [0.51690665 0.51614536 0.50395437 0.48218618 0.48365182 0.48502493
 0.52907887 0.49927503 0.50431469 0.48908432]
max_exp: -1.0
coe: 10
Regulation [0.8 0.8 0.8 0.8 0.8 0.8 0.8 0.8 0.8 0.8]
Solver status: optimal_inaccurate
b_new: [1. 1. 1. 1. 1. 1. 1. 1. 1. 1.]
Iter 0: obj=49.6962, best_obj=49.6962, ||b_new-b_prev||₂=2.846050
xi_k [0.51690665 0.51614536 0.50395437 0.48218618 0.48365182 0.48502493
 0.52907887 0.49927503 0.50431469 0.48908432]
max_exp: -1.0
coe: 10
Regulation [-1. -1. -1. -1. -1. -1. -1. -1. -1. -1.]
Solver status: optimal_inaccurate
b_new: [1. 1. 1. 1. 1. 1. 1. 1. 1. 1.]
Iter 1: obj=50.5962, best_obj=50.5962, ||b_new-b_prev||₂=0.000000
Converged.
Final b: [1. 1. 1. 1. 1. 1. 1. 1. 1. 1.]
<class 'numpy.ndarray'>
b_float: [1. 1. 1. 1. 1. 1. 1. 1. 1. 1.]
b: [1 1 1 1 1 1 1 1 1 1]
active_clients:  [0, 1, 2, 3, 4, 5, 6, 7, 8, 9]
Client 0's s_k are:[0 1 1 1 1 1 1 1 1 1]
Client 1's s_k are:[1 0 1 1 1 1 1 1 1 1]
Client 2's s_k are:[1 1 0 1 1 1 1 1 1 1]
Client 3's s_k are:[1 1 1 0 1 1 1 1 1 1]
Client 4's s_k are:[1 1 1 1 0 1 1 1 1 1]
Client 5's s_k are:[1 1 1 1 1 0 1 1 1 1]
Client 6's s_k are:[1 1 1 1 1 1 0 1 1 1]
Client 7's s_k are:[1 1 1 1 1 1 1 0 1 1]
Client 8's s_k are:[1 1 1 1 1 1 1 1 0 1]
Client 9's s_k are:[1 1 1 1 1 1 1 1 1 0]
| Global Round : 17 | Client :0 | Local Epoch : 0 | [64/594 (11%)]	Loss1: 5.843626 Loss2: 0.000010 
| Global Round : 17 | Client :0 | Local Epoch : 1 | [64/594 (11%)]	Loss1: 5.843897 Loss2: 0.000009 
| Global Round : 17 | Client :0 | Local Epoch : 2 | [64/594 (11%)]	Loss1: 5.842592 Loss2: 0.000007 
| Global Round : 17 | Client :0 | Local Epoch : 3 | [64/594 (11%)]	Loss1: 5.844063 Loss2: 0.000009 
| Global Round : 17 | Client :0 | Local Epoch : 4 | [64/594 (11%)]	Loss1: 5.842900 Loss2: 0.000009 
| Global Round : 17 | Client :1 | Local Epoch : 0 | [64/595 (11%)]	Loss1: 5.844098 Loss2: 0.000009 
| Global Round : 17 | Client :1 | Local Epoch : 1 | [64/595 (11%)]	Loss1: 5.844028 Loss2: 0.000008 
| Global Round : 17 | Client :1 | Local Epoch : 2 | [64/595 (11%)]	Loss1: 5.844855 Loss2: 0.000010 
| Global Round : 17 | Client :1 | Local Epoch : 3 | [64/595 (11%)]	Loss1: 5.844583 Loss2: 0.000010 
| Global Round : 17 | Client :1 | Local Epoch : 4 | [64/595 (11%)]	Loss1: 5.844090 Loss2: 0.000008 
| Global Round : 17 | Client :2 | Local Epoch : 0 | [64/474 (14%)]	Loss1: 5.845341 Loss2: 0.000008 
| Global Round : 17 | Client :2 | Local Epoch : 1 | [64/474 (14%)]	Loss1: 5.844746 Loss2: 0.000011 
| Global Round : 17 | Client :2 | Local Epoch : 2 | [64/474 (14%)]	Loss1: 5.844461 Loss2: 0.000008 
| Global Round : 17 | Client :2 | Local Epoch : 3 | [64/474 (14%)]	Loss1: 5.846031 Loss2: 0.000009 
| Global Round : 17 | Client :2 | Local Epoch : 4 | [64/474 (14%)]	Loss1: 5.844074 Loss2: 0.000011 
| Global Round : 17 | Client :3 | Local Epoch : 0 | [64/566 (12%)]	Loss1: 5.844125 Loss2: 0.000011 
| Global Round : 17 | Client :3 | Local Epoch : 1 | [64/566 (12%)]	Loss1: 5.844631 Loss2: 0.000010 
| Global Round : 17 | Client :3 | Local Epoch : 2 | [64/566 (12%)]	Loss1: 5.843608 Loss2: 0.000010 
| Global Round : 17 | Client :3 | Local Epoch : 3 | [64/566 (12%)]	Loss1: 5.842225 Loss2: 0.000008 
| Global Round : 17 | Client :3 | Local Epoch : 4 | [64/566 (12%)]	Loss1: 5.843650 Loss2: 0.000008 
| Global Round : 17 | Client :4 | Local Epoch : 0 | [64/635 (11%)]	Loss1: 5.844983 Loss2: 0.000012 
| Global Round : 17 | Client :4 | Local Epoch : 1 | [64/635 (11%)]	Loss1: 5.846133 Loss2: 0.000007 
| Global Round : 17 | Client :4 | Local Epoch : 2 | [64/635 (11%)]	Loss1: 5.845216 Loss2: 0.000011 
| Global Round : 17 | Client :4 | Local Epoch : 3 | [64/635 (11%)]	Loss1: 5.845937 Loss2: 0.000009 
| Global Round : 17 | Client :4 | Local Epoch : 4 | [64/635 (11%)]	Loss1: 5.844099 Loss2: 0.000009 
| Global Round : 17 | Client :5 | Local Epoch : 0 | [64/633 (11%)]	Loss1: 5.843247 Loss2: 0.000009 
| Global Round : 17 | Client :5 | Local Epoch : 1 | [64/633 (11%)]	Loss1: 5.843997 Loss2: 0.000010 
| Global Round : 17 | Client :5 | Local Epoch : 2 | [64/633 (11%)]	Loss1: 5.844429 Loss2: 0.000010 
| Global Round : 17 | Client :5 | Local Epoch : 3 | [64/633 (11%)]	Loss1: 5.843902 Loss2: 0.000009 
| Global Round : 17 | Client :5 | Local Epoch : 4 | [64/633 (11%)]	Loss1: 5.842903 Loss2: 0.000010 
| Global Round : 17 | Client :6 | Local Epoch : 0 | [64/645 (10%)]	Loss1: 5.844308 Loss2: 0.000009 
| Global Round : 17 | Client :6 | Local Epoch : 1 | [64/645 (10%)]	Loss1: 5.845220 Loss2: 0.000008 
| Global Round : 17 | Client :6 | Local Epoch : 2 | [64/645 (10%)]	Loss1: 5.842859 Loss2: 0.000009 
| Global Round : 17 | Client :6 | Local Epoch : 3 | [64/645 (10%)]	Loss1: 5.844262 Loss2: 0.000012 
| Global Round : 17 | Client :6 | Local Epoch : 4 | [64/645 (10%)]	Loss1: 5.844368 Loss2: 0.000010 
| Global Round : 17 | Client :7 | Local Epoch : 0 | [64/615 (11%)]	Loss1: 5.844066 Loss2: 0.000010 
| Global Round : 17 | Client :7 | Local Epoch : 1 | [64/615 (11%)]	Loss1: 5.844047 Loss2: 0.000009 
| Global Round : 17 | Client :7 | Local Epoch : 2 | [64/615 (11%)]	Loss1: 5.844694 Loss2: 0.000008 
| Global Round : 17 | Client :7 | Local Epoch : 3 | [64/615 (11%)]	Loss1: 5.844464 Loss2: 0.000011 
| Global Round : 17 | Client :7 | Local Epoch : 4 | [64/615 (11%)]	Loss1: 5.843063 Loss2: 0.000010 
| Global Round : 17 | Client :8 | Local Epoch : 0 | [64/609 (11%)]	Loss1: 5.842983 Loss2: 0.000007 
| Global Round : 17 | Client :8 | Local Epoch : 1 | [64/609 (11%)]	Loss1: 5.844338 Loss2: 0.000008 
| Global Round : 17 | Client :8 | Local Epoch : 2 | [64/609 (11%)]	Loss1: 5.842962 Loss2: 0.000009 
| Global Round : 17 | Client :8 | Local Epoch : 3 | [64/609 (11%)]	Loss1: 5.845077 Loss2: 0.000008 
| Global Round : 17 | Client :8 | Local Epoch : 4 | [64/609 (11%)]	Loss1: 5.846123 Loss2: 0.000011 
| Global Round : 17 | Client :9 | Local Epoch : 0 | [64/628 (11%)]	Loss1: 5.844869 Loss2: 0.000009 
| Global Round : 17 | Client :9 | Local Epoch : 1 | [64/628 (11%)]	Loss1: 5.845033 Loss2: 0.000010 
| Global Round : 17 | Client :9 | Local Epoch : 2 | [64/628 (11%)]	Loss1: 5.845479 Loss2: 0.000008 
| Global Round : 17 | Client :9 | Local Epoch : 3 | [64/628 (11%)]	Loss1: 5.844205 Loss2: 0.000008 
| Global Round : 17 | Client :9 | Local Epoch : 4 | [64/628 (11%)]	Loss1: 5.843557 Loss2: 0.000010 
average loss:   5.841347180131882
average local test accuracy: 0.8020833333333333
average global test accuracy:  0.8135416666666668

 | Global Training Round : 18 |

xi_k [0.51685726 0.51612421 0.50392462 0.48214805 0.48365373 0.48497522
 0.52900437 0.49925228 0.50430236 0.48899714]
max_exp: -1.0
coe: 10
Regulation [0.8 0.8 0.8 0.8 0.8 0.8 0.8 0.8 0.8 0.8]
Solver status: optimal_inaccurate
b_new: [1. 1. 1. 1. 1. 1. 1. 1. 1. 1.]
Iter 0: obj=49.6924, best_obj=49.6924, ||b_new-b_prev||₂=2.846050
xi_k [0.51685726 0.51612421 0.50392462 0.48214805 0.48365373 0.48497522
 0.52900437 0.49925228 0.50430236 0.48899714]
max_exp: -1.0
coe: 10
Regulation [-1. -1. -1. -1. -1. -1. -1. -1. -1. -1.]
Solver status: optimal_inaccurate
b_new: [1. 1. 1. 1. 1. 1. 1. 1. 1. 1.]
Iter 1: obj=50.5924, best_obj=50.5924, ||b_new-b_prev||₂=0.000000
Converged.
Final b: [1. 1. 1. 1. 1. 1. 1. 1. 1. 1.]
<class 'numpy.ndarray'>
b_float: [1. 1. 1. 1. 1. 1. 1. 1. 1. 1.]
b: [1 1 1 1 1 1 1 1 1 1]
active_clients:  [0, 1, 2, 3, 4, 5, 6, 7, 8, 9]
Client 0's s_k are:[0 1 1 1 1 1 1 1 1 1]
Client 1's s_k are:[1 0 1 1 1 1 1 1 1 1]
Client 2's s_k are:[1 1 0 1 1 1 1 1 1 1]
Client 3's s_k are:[1 1 1 0 1 1 1 1 1 1]
Client 4's s_k are:[1 1 1 1 0 1 1 1 1 1]
Client 5's s_k are:[1 1 1 1 1 0 1 1 1 1]
Client 6's s_k are:[1 1 1 1 1 1 0 1 1 1]
Client 7's s_k are:[1 1 1 1 1 1 1 0 1 1]
Client 8's s_k are:[1 1 1 1 1 1 1 1 0 1]
Client 9's s_k are:[1 1 1 1 1 1 1 1 1 0]
| Global Round : 18 | Client :0 | Local Epoch : 0 | [64/594 (11%)]	Loss1: 5.842991 Loss2: 0.000008 
| Global Round : 18 | Client :0 | Local Epoch : 1 | [64/594 (11%)]	Loss1: 5.844328 Loss2: 0.000008 
| Global Round : 18 | Client :0 | Local Epoch : 2 | [64/594 (11%)]	Loss1: 5.842832 Loss2: 0.000008 
| Global Round : 18 | Client :0 | Local Epoch : 3 | [64/594 (11%)]	Loss1: 5.844104 Loss2: 0.000010 
| Global Round : 18 | Client :0 | Local Epoch : 4 | [64/594 (11%)]	Loss1: 5.843582 Loss2: 0.000007 
| Global Round : 18 | Client :1 | Local Epoch : 0 | [64/595 (11%)]	Loss1: 5.844509 Loss2: 0.000008 
| Global Round : 18 | Client :1 | Local Epoch : 1 | [64/595 (11%)]	Loss1: 5.844768 Loss2: 0.000007 
| Global Round : 18 | Client :1 | Local Epoch : 2 | [64/595 (11%)]	Loss1: 5.842937 Loss2: 0.000010 
| Global Round : 18 | Client :1 | Local Epoch : 3 | [64/595 (11%)]	Loss1: 5.845058 Loss2: 0.000011 
| Global Round : 18 | Client :1 | Local Epoch : 4 | [64/595 (11%)]	Loss1: 5.844638 Loss2: 0.000009 
| Global Round : 18 | Client :2 | Local Epoch : 0 | [64/474 (14%)]	Loss1: 5.845423 Loss2: 0.000009 
| Global Round : 18 | Client :2 | Local Epoch : 1 | [64/474 (14%)]	Loss1: 5.845103 Loss2: 0.000008 
| Global Round : 18 | Client :2 | Local Epoch : 2 | [64/474 (14%)]	Loss1: 5.843984 Loss2: 0.000007 
| Global Round : 18 | Client :2 | Local Epoch : 3 | [64/474 (14%)]	Loss1: 5.845172 Loss2: 0.000009 
| Global Round : 18 | Client :2 | Local Epoch : 4 | [64/474 (14%)]	Loss1: 5.843543 Loss2: 0.000006 
| Global Round : 18 | Client :3 | Local Epoch : 0 | [64/566 (12%)]	Loss1: 5.844631 Loss2: 0.000011 
| Global Round : 18 | Client :3 | Local Epoch : 1 | [64/566 (12%)]	Loss1: 5.843894 Loss2: 0.000010 
| Global Round : 18 | Client :3 | Local Epoch : 2 | [64/566 (12%)]	Loss1: 5.844558 Loss2: 0.000008 
| Global Round : 18 | Client :3 | Local Epoch : 3 | [64/566 (12%)]	Loss1: 5.843289 Loss2: 0.000008 
| Global Round : 18 | Client :3 | Local Epoch : 4 | [64/566 (12%)]	Loss1: 5.843869 Loss2: 0.000008 
| Global Round : 18 | Client :4 | Local Epoch : 0 | [64/635 (11%)]	Loss1: 5.844209 Loss2: 0.000010 
| Global Round : 18 | Client :4 | Local Epoch : 1 | [64/635 (11%)]	Loss1: 5.844902 Loss2: 0.000012 
| Global Round : 18 | Client :4 | Local Epoch : 2 | [64/635 (11%)]	Loss1: 5.844561 Loss2: 0.000010 
| Global Round : 18 | Client :4 | Local Epoch : 3 | [64/635 (11%)]	Loss1: 5.844612 Loss2: 0.000011 
| Global Round : 18 | Client :4 | Local Epoch : 4 | [64/635 (11%)]	Loss1: 5.843461 Loss2: 0.000010 
| Global Round : 18 | Client :5 | Local Epoch : 0 | [64/633 (11%)]	Loss1: 5.842879 Loss2: 0.000009 
| Global Round : 18 | Client :5 | Local Epoch : 1 | [64/633 (11%)]	Loss1: 5.843977 Loss2: 0.000010 
| Global Round : 18 | Client :5 | Local Epoch : 2 | [64/633 (11%)]	Loss1: 5.843584 Loss2: 0.000007 
| Global Round : 18 | Client :5 | Local Epoch : 3 | [64/633 (11%)]	Loss1: 5.844466 Loss2: 0.000008 
| Global Round : 18 | Client :5 | Local Epoch : 4 | [64/633 (11%)]	Loss1: 5.843919 Loss2: 0.000008 
| Global Round : 18 | Client :6 | Local Epoch : 0 | [64/645 (10%)]	Loss1: 5.844564 Loss2: 0.000008 
| Global Round : 18 | Client :6 | Local Epoch : 1 | [64/645 (10%)]	Loss1: 5.843697 Loss2: 0.000011 
| Global Round : 18 | Client :6 | Local Epoch : 2 | [64/645 (10%)]	Loss1: 5.844689 Loss2: 0.000007 
| Global Round : 18 | Client :6 | Local Epoch : 3 | [64/645 (10%)]	Loss1: 5.844670 Loss2: 0.000008 
| Global Round : 18 | Client :6 | Local Epoch : 4 | [64/645 (10%)]	Loss1: 5.842808 Loss2: 0.000008 
| Global Round : 18 | Client :7 | Local Epoch : 0 | [64/615 (11%)]	Loss1: 5.844196 Loss2: 0.000008 
| Global Round : 18 | Client :7 | Local Epoch : 1 | [64/615 (11%)]	Loss1: 5.843320 Loss2: 0.000010 
| Global Round : 18 | Client :7 | Local Epoch : 2 | [64/615 (11%)]	Loss1: 5.842603 Loss2: 0.000012 
| Global Round : 18 | Client :7 | Local Epoch : 3 | [64/615 (11%)]	Loss1: 5.843510 Loss2: 0.000008 
| Global Round : 18 | Client :7 | Local Epoch : 4 | [64/615 (11%)]	Loss1: 5.845443 Loss2: 0.000010 
| Global Round : 18 | Client :8 | Local Epoch : 0 | [64/609 (11%)]	Loss1: 5.845840 Loss2: 0.000008 
| Global Round : 18 | Client :8 | Local Epoch : 1 | [64/609 (11%)]	Loss1: 5.843208 Loss2: 0.000010 
| Global Round : 18 | Client :8 | Local Epoch : 2 | [64/609 (11%)]	Loss1: 5.843884 Loss2: 0.000010 
| Global Round : 18 | Client :8 | Local Epoch : 3 | [64/609 (11%)]	Loss1: 5.843991 Loss2: 0.000007 
| Global Round : 18 | Client :8 | Local Epoch : 4 | [64/609 (11%)]	Loss1: 5.843534 Loss2: 0.000008 
| Global Round : 18 | Client :9 | Local Epoch : 0 | [64/628 (11%)]	Loss1: 5.844670 Loss2: 0.000010 
| Global Round : 18 | Client :9 | Local Epoch : 1 | [64/628 (11%)]	Loss1: 5.845899 Loss2: 0.000008 
| Global Round : 18 | Client :9 | Local Epoch : 2 | [64/628 (11%)]	Loss1: 5.844865 Loss2: 0.000009 
| Global Round : 18 | Client :9 | Local Epoch : 3 | [64/628 (11%)]	Loss1: 5.844847 Loss2: 0.000014 
| Global Round : 18 | Client :9 | Local Epoch : 4 | [64/628 (11%)]	Loss1: 5.845196 Loss2: 0.000009 
average loss:   5.841224335545586
average local test accuracy: 0.7984375
average global test accuracy:  0.844140625

 | Global Training Round : 19 |

xi_k [0.51681527 0.51607203 0.50385202 0.48210644 0.48360656 0.48495694
 0.52905075 0.49919458 0.50422544 0.48899168]
max_exp: -1.0
coe: 10
Regulation [0.8 0.8 0.8 0.8 0.8 0.8 0.8 0.8 0.8 0.8]
Solver status: optimal_inaccurate
b_new: [1. 1. 1. 1. 1. 1. 1. 1. 1. 1.]
Iter 0: obj=49.6887, best_obj=49.6887, ||b_new-b_prev||₂=2.846050
xi_k [0.51681527 0.51607203 0.50385202 0.48210644 0.48360656 0.48495694
 0.52905075 0.49919458 0.50422544 0.48899168]
max_exp: -1.0
coe: 10
Regulation [-1. -1. -1. -1. -1. -1. -1. -1. -1. -1.]
Solver status: optimal_inaccurate
b_new: [1. 1. 1. 1. 1. 1. 1. 1. 1. 1.]
Iter 1: obj=50.5887, best_obj=50.5887, ||b_new-b_prev||₂=0.000000
Converged.
Final b: [1. 1. 1. 1. 1. 1. 1. 1. 1. 1.]
<class 'numpy.ndarray'>
b_float: [1. 1. 1. 1. 1. 1. 1. 1. 1. 1.]
b: [1 1 1 1 1 1 1 1 1 1]
active_clients:  [0, 1, 2, 3, 4, 5, 6, 7, 8, 9]
Client 0's s_k are:[0 1 1 1 1 1 1 1 1 1]
Client 1's s_k are:[1 0 1 1 1 1 1 1 1 1]
Client 2's s_k are:[1 1 0 1 1 1 1 1 1 1]
Client 3's s_k are:[1 1 1 0 1 1 1 1 1 1]
Client 4's s_k are:[1 1 1 1 0 1 1 1 1 1]
Client 5's s_k are:[1 1 1 1 1 0 1 1 1 1]
Client 6's s_k are:[1 1 1 1 1 1 0 1 1 1]
Client 7's s_k are:[1 1 1 1 1 1 1 0 1 1]
Client 8's s_k are:[1 1 1 1 1 1 1 1 0 1]
Client 9's s_k are:[1 1 1 1 1 1 1 1 1 0]
| Global Round : 19 | Client :0 | Local Epoch : 0 | [64/594 (11%)]	Loss1: 5.841727 Loss2: 0.000007 
| Global Round : 19 | Client :0 | Local Epoch : 1 | [64/594 (11%)]	Loss1: 5.842775 Loss2: 0.000008 
| Global Round : 19 | Client :0 | Local Epoch : 2 | [64/594 (11%)]	Loss1: 5.844262 Loss2: 0.000009 
| Global Round : 19 | Client :0 | Local Epoch : 3 | [64/594 (11%)]	Loss1: 5.843170 Loss2: 0.000009 
| Global Round : 19 | Client :0 | Local Epoch : 4 | [64/594 (11%)]	Loss1: 5.843846 Loss2: 0.000008 
| Global Round : 19 | Client :1 | Local Epoch : 0 | [64/595 (11%)]	Loss1: 5.845659 Loss2: 0.000008 
| Global Round : 19 | Client :1 | Local Epoch : 1 | [64/595 (11%)]	Loss1: 5.843454 Loss2: 0.000010 
| Global Round : 19 | Client :1 | Local Epoch : 2 | [64/595 (11%)]	Loss1: 5.842988 Loss2: 0.000008 
| Global Round : 19 | Client :1 | Local Epoch : 3 | [64/595 (11%)]	Loss1: 5.843621 Loss2: 0.000011 
| Global Round : 19 | Client :1 | Local Epoch : 4 | [64/595 (11%)]	Loss1: 5.841818 Loss2: 0.000007 
| Global Round : 19 | Client :2 | Local Epoch : 0 | [64/474 (14%)]	Loss1: 5.843240 Loss2: 0.000007 
| Global Round : 19 | Client :2 | Local Epoch : 1 | [64/474 (14%)]	Loss1: 5.842851 Loss2: 0.000006 
| Global Round : 19 | Client :2 | Local Epoch : 2 | [64/474 (14%)]	Loss1: 5.843204 Loss2: 0.000008 
| Global Round : 19 | Client :2 | Local Epoch : 3 | [64/474 (14%)]	Loss1: 5.841680 Loss2: 0.000009 
| Global Round : 19 | Client :2 | Local Epoch : 4 | [64/474 (14%)]	Loss1: 5.844840 Loss2: 0.000007 
| Global Round : 19 | Client :3 | Local Epoch : 0 | [64/566 (12%)]	Loss1: 5.842749 Loss2: 0.000008 
| Global Round : 19 | Client :3 | Local Epoch : 1 | [64/566 (12%)]	Loss1: 5.841970 Loss2: 0.000007 
| Global Round : 19 | Client :3 | Local Epoch : 2 | [64/566 (12%)]	Loss1: 5.843688 Loss2: 0.000008 
| Global Round : 19 | Client :3 | Local Epoch : 3 | [64/566 (12%)]	Loss1: 5.845263 Loss2: 0.000009 
| Global Round : 19 | Client :3 | Local Epoch : 4 | [64/566 (12%)]	Loss1: 5.843271 Loss2: 0.000008 
| Global Round : 19 | Client :4 | Local Epoch : 0 | [64/635 (11%)]	Loss1: 5.845336 Loss2: 0.000010 
| Global Round : 19 | Client :4 | Local Epoch : 1 | [64/635 (11%)]	Loss1: 5.844642 Loss2: 0.000007 
| Global Round : 19 | Client :4 | Local Epoch : 2 | [64/635 (11%)]	Loss1: 5.843330 Loss2: 0.000009 
| Global Round : 19 | Client :4 | Local Epoch : 3 | [64/635 (11%)]	Loss1: 5.845573 Loss2: 0.000014 
| Global Round : 19 | Client :4 | Local Epoch : 4 | [64/635 (11%)]	Loss1: 5.844740 Loss2: 0.000008 
| Global Round : 19 | Client :5 | Local Epoch : 0 | [64/633 (11%)]	Loss1: 5.843994 Loss2: 0.000007 
| Global Round : 19 | Client :5 | Local Epoch : 1 | [64/633 (11%)]	Loss1: 5.843050 Loss2: 0.000009 
| Global Round : 19 | Client :5 | Local Epoch : 2 | [64/633 (11%)]	Loss1: 5.843995 Loss2: 0.000011 
| Global Round : 19 | Client :5 | Local Epoch : 3 | [64/633 (11%)]	Loss1: 5.842268 Loss2: 0.000009 
| Global Round : 19 | Client :5 | Local Epoch : 4 | [64/633 (11%)]	Loss1: 5.843148 Loss2: 0.000008 
| Global Round : 19 | Client :6 | Local Epoch : 0 | [64/645 (10%)]	Loss1: 5.842427 Loss2: 0.000007 
| Global Round : 19 | Client :6 | Local Epoch : 1 | [64/645 (10%)]	Loss1: 5.844538 Loss2: 0.000008 
| Global Round : 19 | Client :6 | Local Epoch : 2 | [64/645 (10%)]	Loss1: 5.843758 Loss2: 0.000008 
| Global Round : 19 | Client :6 | Local Epoch : 3 | [64/645 (10%)]	Loss1: 5.844472 Loss2: 0.000008 
| Global Round : 19 | Client :6 | Local Epoch : 4 | [64/645 (10%)]	Loss1: 5.843236 Loss2: 0.000010 
| Global Round : 19 | Client :7 | Local Epoch : 0 | [64/615 (11%)]	Loss1: 5.843487 Loss2: 0.000007 
| Global Round : 19 | Client :7 | Local Epoch : 1 | [64/615 (11%)]	Loss1: 5.842638 Loss2: 0.000009 
| Global Round : 19 | Client :7 | Local Epoch : 2 | [64/615 (11%)]	Loss1: 5.843957 Loss2: 0.000008 
| Global Round : 19 | Client :7 | Local Epoch : 3 | [64/615 (11%)]	Loss1: 5.841987 Loss2: 0.000008 
| Global Round : 19 | Client :7 | Local Epoch : 4 | [64/615 (11%)]	Loss1: 5.843171 Loss2: 0.000010 
| Global Round : 19 | Client :8 | Local Epoch : 0 | [64/609 (11%)]	Loss1: 5.842597 Loss2: 0.000008 
| Global Round : 19 | Client :8 | Local Epoch : 1 | [64/609 (11%)]	Loss1: 5.843929 Loss2: 0.000008 
| Global Round : 19 | Client :8 | Local Epoch : 2 | [64/609 (11%)]	Loss1: 5.845572 Loss2: 0.000007 
| Global Round : 19 | Client :8 | Local Epoch : 3 | [64/609 (11%)]	Loss1: 5.843434 Loss2: 0.000010 
| Global Round : 19 | Client :8 | Local Epoch : 4 | [64/609 (11%)]	Loss1: 5.843078 Loss2: 0.000007 
| Global Round : 19 | Client :9 | Local Epoch : 0 | [64/628 (11%)]	Loss1: 5.843501 Loss2: 0.000009 
| Global Round : 19 | Client :9 | Local Epoch : 1 | [64/628 (11%)]	Loss1: 5.843661 Loss2: 0.000010 
| Global Round : 19 | Client :9 | Local Epoch : 2 | [64/628 (11%)]	Loss1: 5.844671 Loss2: 0.000008 
| Global Round : 19 | Client :9 | Local Epoch : 3 | [64/628 (11%)]	Loss1: 5.843505 Loss2: 0.000008 
| Global Round : 19 | Client :9 | Local Epoch : 4 | [64/628 (11%)]	Loss1: 5.843759 Loss2: 0.000009 
average loss:   5.841046815713247
average local test accuracy: 0.7880208333333333
average global test accuracy:  0.8611979166666668

 | Global Training Round : 20 |

xi_k [0.51682951 0.51601541 0.50389591 0.48215042 0.48357918 0.48497437
 0.52899548 0.49917513 0.50419218 0.48895682]
max_exp: -1.0
coe: 10
Regulation [0.8 0.8 0.8 0.8 0.8 0.8 0.8 0.8 0.8 0.8]
Solver status: optimal_inaccurate
b_new: [1. 1. 1. 1. 1. 1. 1. 1. 1. 1.]
Iter 0: obj=49.6876, best_obj=49.6876, ||b_new-b_prev||₂=2.846050
xi_k [0.51682951 0.51601541 0.50389591 0.48215042 0.48357918 0.48497437
 0.52899548 0.49917513 0.50419218 0.48895682]
max_exp: -1.0
coe: 10
Regulation [-1. -1. -1. -1. -1. -1. -1. -1. -1. -1.]
Solver status: optimal_inaccurate
b_new: [1. 1. 1. 1. 1. 1. 1. 1. 1. 1.]
Iter 1: obj=50.5876, best_obj=50.5876, ||b_new-b_prev||₂=0.000000
Converged.
Final b: [1. 1. 1. 1. 1. 1. 1. 1. 1. 1.]
<class 'numpy.ndarray'>
b_float: [1. 1. 1. 1. 1. 1. 1. 1. 1. 1.]
b: [1 1 1 1 1 1 1 1 1 1]
active_clients:  [0, 1, 2, 3, 4, 5, 6, 7, 8, 9]
Client 0's s_k are:[0 1 1 1 1 1 1 1 1 1]
Client 1's s_k are:[1 0 1 1 1 1 1 1 1 1]
Client 2's s_k are:[1 1 0 1 1 1 1 1 1 1]
Client 3's s_k are:[1 1 1 0 1 1 1 1 1 1]
Client 4's s_k are:[1 1 1 1 0 1 1 1 1 1]
Client 5's s_k are:[1 1 1 1 1 0 1 1 1 1]
Client 6's s_k are:[1 1 1 1 1 1 0 1 1 1]
Client 7's s_k are:[1 1 1 1 1 1 1 0 1 1]
Client 8's s_k are:[1 1 1 1 1 1 1 1 0 1]
Client 9's s_k are:[1 1 1 1 1 1 1 1 1 0]
| Global Round : 20 | Client :0 | Local Epoch : 0 | [64/594 (11%)]	Loss1: 5.842109 Loss2: 0.000006 
| Global Round : 20 | Client :0 | Local Epoch : 1 | [64/594 (11%)]	Loss1: 5.842420 Loss2: 0.000007 
| Global Round : 20 | Client :0 | Local Epoch : 2 | [64/594 (11%)]	Loss1: 5.842355 Loss2: 0.000008 
| Global Round : 20 | Client :0 | Local Epoch : 3 | [64/594 (11%)]	Loss1: 5.842679 Loss2: 0.000009 
| Global Round : 20 | Client :0 | Local Epoch : 4 | [64/594 (11%)]	Loss1: 5.842996 Loss2: 0.000010 
| Global Round : 20 | Client :1 | Local Epoch : 0 | [64/595 (11%)]	Loss1: 5.844346 Loss2: 0.000009 
| Global Round : 20 | Client :1 | Local Epoch : 1 | [64/595 (11%)]	Loss1: 5.845595 Loss2: 0.000007 
| Global Round : 20 | Client :1 | Local Epoch : 2 | [64/595 (11%)]	Loss1: 5.843124 Loss2: 0.000009 
| Global Round : 20 | Client :1 | Local Epoch : 3 | [64/595 (11%)]	Loss1: 5.843099 Loss2: 0.000008 
| Global Round : 20 | Client :1 | Local Epoch : 4 | [64/595 (11%)]	Loss1: 5.843941 Loss2: 0.000008 
| Global Round : 20 | Client :2 | Local Epoch : 0 | [64/474 (14%)]	Loss1: 5.844613 Loss2: 0.000006 
| Global Round : 20 | Client :2 | Local Epoch : 1 | [64/474 (14%)]	Loss1: 5.843501 Loss2: 0.000008 
| Global Round : 20 | Client :2 | Local Epoch : 2 | [64/474 (14%)]	Loss1: 5.843251 Loss2: 0.000007 
| Global Round : 20 | Client :2 | Local Epoch : 3 | [64/474 (14%)]	Loss1: 5.844266 Loss2: 0.000007 
| Global Round : 20 | Client :2 | Local Epoch : 4 | [64/474 (14%)]	Loss1: 5.842734 Loss2: 0.000007 
| Global Round : 20 | Client :3 | Local Epoch : 0 | [64/566 (12%)]	Loss1: 5.842664 Loss2: 0.000009 
| Global Round : 20 | Client :3 | Local Epoch : 1 | [64/566 (12%)]	Loss1: 5.842797 Loss2: 0.000008 
| Global Round : 20 | Client :3 | Local Epoch : 2 | [64/566 (12%)]	Loss1: 5.843434 Loss2: 0.000007 
| Global Round : 20 | Client :3 | Local Epoch : 3 | [64/566 (12%)]	Loss1: 5.843341 Loss2: 0.000008 
| Global Round : 20 | Client :3 | Local Epoch : 4 | [64/566 (12%)]	Loss1: 5.842914 Loss2: 0.000009 
| Global Round : 20 | Client :4 | Local Epoch : 0 | [64/635 (11%)]	Loss1: 5.844032 Loss2: 0.000008 
| Global Round : 20 | Client :4 | Local Epoch : 1 | [64/635 (11%)]	Loss1: 5.843883 Loss2: 0.000012 
| Global Round : 20 | Client :4 | Local Epoch : 2 | [64/635 (11%)]	Loss1: 5.844101 Loss2: 0.000009 
| Global Round : 20 | Client :4 | Local Epoch : 3 | [64/635 (11%)]	Loss1: 5.844297 Loss2: 0.000007 
| Global Round : 20 | Client :4 | Local Epoch : 4 | [64/635 (11%)]	Loss1: 5.843801 Loss2: 0.000010 
| Global Round : 20 | Client :5 | Local Epoch : 0 | [64/633 (11%)]	Loss1: 5.843060 Loss2: 0.000010 
| Global Round : 20 | Client :5 | Local Epoch : 1 | [64/633 (11%)]	Loss1: 5.845666 Loss2: 0.000008 
| Global Round : 20 | Client :5 | Local Epoch : 2 | [64/633 (11%)]	Loss1: 5.843207 Loss2: 0.000011 
| Global Round : 20 | Client :5 | Local Epoch : 3 | [64/633 (11%)]	Loss1: 5.842855 Loss2: 0.000008 
| Global Round : 20 | Client :5 | Local Epoch : 4 | [64/633 (11%)]	Loss1: 5.843683 Loss2: 0.000006 
| Global Round : 20 | Client :6 | Local Epoch : 0 | [64/645 (10%)]	Loss1: 5.843099 Loss2: 0.000008 
| Global Round : 20 | Client :6 | Local Epoch : 1 | [64/645 (10%)]	Loss1: 5.842869 Loss2: 0.000008 
| Global Round : 20 | Client :6 | Local Epoch : 2 | [64/645 (10%)]	Loss1: 5.843715 Loss2: 0.000007 
| Global Round : 20 | Client :6 | Local Epoch : 3 | [64/645 (10%)]	Loss1: 5.845270 Loss2: 0.000010 
| Global Round : 20 | Client :6 | Local Epoch : 4 | [64/645 (10%)]	Loss1: 5.843533 Loss2: 0.000008 
| Global Round : 20 | Client :7 | Local Epoch : 0 | [64/615 (11%)]	Loss1: 5.844065 Loss2: 0.000008 
| Global Round : 20 | Client :7 | Local Epoch : 1 | [64/615 (11%)]	Loss1: 5.843768 Loss2: 0.000007 
| Global Round : 20 | Client :7 | Local Epoch : 2 | [64/615 (11%)]	Loss1: 5.843501 Loss2: 0.000009 
| Global Round : 20 | Client :7 | Local Epoch : 3 | [64/615 (11%)]	Loss1: 5.842683 Loss2: 0.000010 
| Global Round : 20 | Client :7 | Local Epoch : 4 | [64/615 (11%)]	Loss1: 5.844539 Loss2: 0.000007 
| Global Round : 20 | Client :8 | Local Epoch : 0 | [64/609 (11%)]	Loss1: 5.843894 Loss2: 0.000009 
| Global Round : 20 | Client :8 | Local Epoch : 1 | [64/609 (11%)]	Loss1: 5.842347 Loss2: 0.000010 
| Global Round : 20 | Client :8 | Local Epoch : 2 | [64/609 (11%)]	Loss1: 5.842548 Loss2: 0.000008 
| Global Round : 20 | Client :8 | Local Epoch : 3 | [64/609 (11%)]	Loss1: 5.843279 Loss2: 0.000009 
| Global Round : 20 | Client :8 | Local Epoch : 4 | [64/609 (11%)]	Loss1: 5.843585 Loss2: 0.000010 
| Global Round : 20 | Client :9 | Local Epoch : 0 | [64/628 (11%)]	Loss1: 5.843788 Loss2: 0.000009 
| Global Round : 20 | Client :9 | Local Epoch : 1 | [64/628 (11%)]	Loss1: 5.843723 Loss2: 0.000009 
| Global Round : 20 | Client :9 | Local Epoch : 2 | [64/628 (11%)]	Loss1: 5.843903 Loss2: 0.000006 
| Global Round : 20 | Client :9 | Local Epoch : 3 | [64/628 (11%)]	Loss1: 5.843574 Loss2: 0.000010 
| Global Round : 20 | Client :9 | Local Epoch : 4 | [64/628 (11%)]	Loss1: 5.843762 Loss2: 0.000007 
average loss:   5.840739109421532
average local test accuracy: 0.78046875
average global test accuracy:  0.8393229166666666

 | Global Training Round : 21 |

xi_k [0.51679277 0.51598183 0.50381731 0.48205295 0.4835508  0.48490845
 0.52895699 0.49910034 0.50414726 0.48889666]
max_exp: -1.0
coe: 10
Regulation [0.8 0.8 0.8 0.8 0.8 0.8 0.8 0.8 0.8 0.8]
Solver status: optimal_inaccurate
b_new: [1. 1. 1. 1. 1. 1. 1. 1. 1. 1.]
Iter 0: obj=49.6821, best_obj=49.6821, ||b_new-b_prev||₂=2.846050
xi_k [0.51679277 0.51598183 0.50381731 0.48205295 0.4835508  0.48490845
 0.52895699 0.49910034 0.50414726 0.48889666]
max_exp: -1.0
coe: 10
Regulation [-1. -1. -1. -1. -1. -1. -1. -1. -1. -1.]
Solver status: optimal_inaccurate
b_new: [1. 1. 1. 1. 1. 1. 1. 1. 1. 1.]
Iter 1: obj=50.5821, best_obj=50.5821, ||b_new-b_prev||₂=0.000000
Converged.
Final b: [1. 1. 1. 1. 1. 1. 1. 1. 1. 1.]
<class 'numpy.ndarray'>
b_float: [1. 1. 1. 1. 1. 1. 1. 1. 1. 1.]
b: [1 1 1 1 1 1 1 1 1 1]
active_clients:  [0, 1, 2, 3, 4, 5, 6, 7, 8, 9]
Client 0's s_k are:[0 1 1 1 1 1 1 1 1 1]
Client 1's s_k are:[1 0 1 1 1 1 1 1 1 1]
Client 2's s_k are:[1 1 0 1 1 1 1 1 1 1]
Client 3's s_k are:[1 1 1 0 1 1 1 1 1 1]
Client 4's s_k are:[1 1 1 1 0 1 1 1 1 1]
Client 5's s_k are:[1 1 1 1 1 0 1 1 1 1]
Client 6's s_k are:[1 1 1 1 1 1 0 1 1 1]
Client 7's s_k are:[1 1 1 1 1 1 1 0 1 1]
Client 8's s_k are:[1 1 1 1 1 1 1 1 0 1]
Client 9's s_k are:[1 1 1 1 1 1 1 1 1 0]
| Global Round : 21 | Client :0 | Local Epoch : 0 | [64/594 (11%)]	Loss1: 5.842196 Loss2: 0.000007 
| Global Round : 21 | Client :0 | Local Epoch : 1 | [64/594 (11%)]	Loss1: 5.843424 Loss2: 0.000008 
| Global Round : 21 | Client :0 | Local Epoch : 2 | [64/594 (11%)]	Loss1: 5.842699 Loss2: 0.000007 
| Global Round : 21 | Client :0 | Local Epoch : 3 | [64/594 (11%)]	Loss1: 5.843349 Loss2: 0.000008 
| Global Round : 21 | Client :0 | Local Epoch : 4 | [64/594 (11%)]	Loss1: 5.842315 Loss2: 0.000008 
| Global Round : 21 | Client :1 | Local Epoch : 0 | [64/595 (11%)]	Loss1: 5.842319 Loss2: 0.000008 
| Global Round : 21 | Client :1 | Local Epoch : 1 | [64/595 (11%)]	Loss1: 5.843974 Loss2: 0.000009 
| Global Round : 21 | Client :1 | Local Epoch : 2 | [64/595 (11%)]	Loss1: 5.843236 Loss2: 0.000009 
| Global Round : 21 | Client :1 | Local Epoch : 3 | [64/595 (11%)]	Loss1: 5.843871 Loss2: 0.000010 
| Global Round : 21 | Client :1 | Local Epoch : 4 | [64/595 (11%)]	Loss1: 5.843060 Loss2: 0.000008 
| Global Round : 21 | Client :2 | Local Epoch : 0 | [64/474 (14%)]	Loss1: 5.844242 Loss2: 0.000006 
| Global Round : 21 | Client :2 | Local Epoch : 1 | [64/474 (14%)]	Loss1: 5.844327 Loss2: 0.000010 
| Global Round : 21 | Client :2 | Local Epoch : 2 | [64/474 (14%)]	Loss1: 5.844398 Loss2: 0.000007 
| Global Round : 21 | Client :2 | Local Epoch : 3 | [64/474 (14%)]	Loss1: 5.843580 Loss2: 0.000008 
| Global Round : 21 | Client :2 | Local Epoch : 4 | [64/474 (14%)]	Loss1: 5.843917 Loss2: 0.000007 
| Global Round : 21 | Client :3 | Local Epoch : 0 | [64/566 (12%)]	Loss1: 5.842689 Loss2: 0.000007 
| Global Round : 21 | Client :3 | Local Epoch : 1 | [64/566 (12%)]	Loss1: 5.842675 Loss2: 0.000010 
| Global Round : 21 | Client :3 | Local Epoch : 2 | [64/566 (12%)]	Loss1: 5.843883 Loss2: 0.000009 
| Global Round : 21 | Client :3 | Local Epoch : 3 | [64/566 (12%)]	Loss1: 5.843071 Loss2: 0.000007 
| Global Round : 21 | Client :3 | Local Epoch : 4 | [64/566 (12%)]	Loss1: 5.843463 Loss2: 0.000007 
| Global Round : 21 | Client :4 | Local Epoch : 0 | [64/635 (11%)]	Loss1: 5.844057 Loss2: 0.000007 
| Global Round : 21 | Client :4 | Local Epoch : 1 | [64/635 (11%)]	Loss1: 5.842384 Loss2: 0.000007 
| Global Round : 21 | Client :4 | Local Epoch : 2 | [64/635 (11%)]	Loss1: 5.842669 Loss2: 0.000009 
| Global Round : 21 | Client :4 | Local Epoch : 3 | [64/635 (11%)]	Loss1: 5.843250 Loss2: 0.000011 
| Global Round : 21 | Client :4 | Local Epoch : 4 | [64/635 (11%)]	Loss1: 5.843479 Loss2: 0.000006 
| Global Round : 21 | Client :5 | Local Epoch : 0 | [64/633 (11%)]	Loss1: 5.843163 Loss2: 0.000010 
| Global Round : 21 | Client :5 | Local Epoch : 1 | [64/633 (11%)]	Loss1: 5.844940 Loss2: 0.000010 
| Global Round : 21 | Client :5 | Local Epoch : 2 | [64/633 (11%)]	Loss1: 5.842951 Loss2: 0.000008 
| Global Round : 21 | Client :5 | Local Epoch : 3 | [64/633 (11%)]	Loss1: 5.843023 Loss2: 0.000009 
| Global Round : 21 | Client :5 | Local Epoch : 4 | [64/633 (11%)]	Loss1: 5.843116 Loss2: 0.000006 
| Global Round : 21 | Client :6 | Local Epoch : 0 | [64/645 (10%)]	Loss1: 5.843219 Loss2: 0.000009 
| Global Round : 21 | Client :6 | Local Epoch : 1 | [64/645 (10%)]	Loss1: 5.843976 Loss2: 0.000008 
| Global Round : 21 | Client :6 | Local Epoch : 2 | [64/645 (10%)]	Loss1: 5.844532 Loss2: 0.000011 
| Global Round : 21 | Client :6 | Local Epoch : 3 | [64/645 (10%)]	Loss1: 5.843389 Loss2: 0.000009 
| Global Round : 21 | Client :6 | Local Epoch : 4 | [64/645 (10%)]	Loss1: 5.844209 Loss2: 0.000008 
| Global Round : 21 | Client :7 | Local Epoch : 0 | [64/615 (11%)]	Loss1: 5.844642 Loss2: 0.000009 
| Global Round : 21 | Client :7 | Local Epoch : 1 | [64/615 (11%)]	Loss1: 5.843419 Loss2: 0.000009 
| Global Round : 21 | Client :7 | Local Epoch : 2 | [64/615 (11%)]	Loss1: 5.843414 Loss2: 0.000009 
| Global Round : 21 | Client :7 | Local Epoch : 3 | [64/615 (11%)]	Loss1: 5.843937 Loss2: 0.000010 
| Global Round : 21 | Client :7 | Local Epoch : 4 | [64/615 (11%)]	Loss1: 5.842847 Loss2: 0.000009 
| Global Round : 21 | Client :8 | Local Epoch : 0 | [64/609 (11%)]	Loss1: 5.843631 Loss2: 0.000007 
| Global Round : 21 | Client :8 | Local Epoch : 1 | [64/609 (11%)]	Loss1: 5.844172 Loss2: 0.000009 
| Global Round : 21 | Client :8 | Local Epoch : 2 | [64/609 (11%)]	Loss1: 5.842717 Loss2: 0.000008 
| Global Round : 21 | Client :8 | Local Epoch : 3 | [64/609 (11%)]	Loss1: 5.843983 Loss2: 0.000008 
| Global Round : 21 | Client :8 | Local Epoch : 4 | [64/609 (11%)]	Loss1: 5.842294 Loss2: 0.000008 
| Global Round : 21 | Client :9 | Local Epoch : 0 | [64/628 (11%)]	Loss1: 5.844867 Loss2: 0.000009 
| Global Round : 21 | Client :9 | Local Epoch : 1 | [64/628 (11%)]	Loss1: 5.843759 Loss2: 0.000010 
| Global Round : 21 | Client :9 | Local Epoch : 2 | [64/628 (11%)]	Loss1: 5.842342 Loss2: 0.000007 
| Global Round : 21 | Client :9 | Local Epoch : 3 | [64/628 (11%)]	Loss1: 5.843165 Loss2: 0.000010 
| Global Round : 21 | Client :9 | Local Epoch : 4 | [64/628 (11%)]	Loss1: 5.841733 Loss2: 0.000009 
average loss:   5.840585283192377
average local test accuracy: 0.7908854166666667
average global test accuracy:  0.82109375

 | Global Training Round : 22 |

xi_k [0.51673186 0.51594529 0.50369572 0.48206523 0.48347817 0.48488417
 0.52888334 0.499145   0.50410532 0.48886435]
max_exp: -1.0
coe: 10
Regulation [0.8 0.8 0.8 0.8 0.8 0.8 0.8 0.8 0.8 0.8]
Solver status: optimal_inaccurate
b_new: [1. 1. 1. 1. 1. 1. 1. 1. 1. 1.]
Iter 0: obj=49.6780, best_obj=49.6780, ||b_new-b_prev||₂=2.846050
xi_k [0.51673186 0.51594529 0.50369572 0.48206523 0.48347817 0.48488417
 0.52888334 0.499145   0.50410532 0.48886435]
max_exp: -1.0
coe: 10
Regulation [-1. -1. -1. -1. -1. -1. -1. -1. -1. -1.]
Solver status: optimal_inaccurate
b_new: [1. 1. 1. 1. 1. 1. 1. 1. 1. 1.]
Iter 1: obj=50.5780, best_obj=50.5780, ||b_new-b_prev||₂=0.000000
Converged.
Final b: [1. 1. 1. 1. 1. 1. 1. 1. 1. 1.]
<class 'numpy.ndarray'>
b_float: [1. 1. 1. 1. 1. 1. 1. 1. 1. 1.]
b: [1 1 1 1 1 1 1 1 1 1]
active_clients:  [0, 1, 2, 3, 4, 5, 6, 7, 8, 9]
Client 0's s_k are:[0 1 1 1 1 1 1 1 1 1]
Client 1's s_k are:[1 0 1 1 1 1 1 1 1 1]
Client 2's s_k are:[1 1 0 1 1 1 1 1 1 1]
Client 3's s_k are:[1 1 1 0 1 1 1 1 1 1]
Client 4's s_k are:[1 1 1 1 0 1 1 1 1 1]
Client 5's s_k are:[1 1 1 1 1 0 1 1 1 1]
Client 6's s_k are:[1 1 1 1 1 1 0 1 1 1]
Client 7's s_k are:[1 1 1 1 1 1 1 0 1 1]
Client 8's s_k are:[1 1 1 1 1 1 1 1 0 1]
Client 9's s_k are:[1 1 1 1 1 1 1 1 1 0]
| Global Round : 22 | Client :0 | Local Epoch : 0 | [64/594 (11%)]	Loss1: 5.841769 Loss2: 0.000008 
| Global Round : 22 | Client :0 | Local Epoch : 1 | [64/594 (11%)]	Loss1: 5.842364 Loss2: 0.000007 
| Global Round : 22 | Client :0 | Local Epoch : 2 | [64/594 (11%)]	Loss1: 5.843120 Loss2: 0.000008 
| Global Round : 22 | Client :0 | Local Epoch : 3 | [64/594 (11%)]	Loss1: 5.842693 Loss2: 0.000008 
| Global Round : 22 | Client :0 | Local Epoch : 4 | [64/594 (11%)]	Loss1: 5.843262 Loss2: 0.000008 
| Global Round : 22 | Client :1 | Local Epoch : 0 | [64/595 (11%)]	Loss1: 5.842351 Loss2: 0.000007 
| Global Round : 22 | Client :1 | Local Epoch : 1 | [64/595 (11%)]	Loss1: 5.843732 Loss2: 0.000009 
| Global Round : 22 | Client :1 | Local Epoch : 2 | [64/595 (11%)]	Loss1: 5.842092 Loss2: 0.000007 
| Global Round : 22 | Client :1 | Local Epoch : 3 | [64/595 (11%)]	Loss1: 5.842649 Loss2: 0.000010 
| Global Round : 22 | Client :1 | Local Epoch : 4 | [64/595 (11%)]	Loss1: 5.843210 Loss2: 0.000008 
| Global Round : 22 | Client :2 | Local Epoch : 0 | [64/474 (14%)]	Loss1: 5.842149 Loss2: 0.000008 
| Global Round : 22 | Client :2 | Local Epoch : 1 | [64/474 (14%)]	Loss1: 5.846216 Loss2: 0.000006 
| Global Round : 22 | Client :2 | Local Epoch : 2 | [64/474 (14%)]	Loss1: 5.845222 Loss2: 0.000008 
| Global Round : 22 | Client :2 | Local Epoch : 3 | [64/474 (14%)]	Loss1: 5.844147 Loss2: 0.000009 
| Global Round : 22 | Client :2 | Local Epoch : 4 | [64/474 (14%)]	Loss1: 5.844000 Loss2: 0.000009 
| Global Round : 22 | Client :3 | Local Epoch : 0 | [64/566 (12%)]	Loss1: 5.842641 Loss2: 0.000008 
| Global Round : 22 | Client :3 | Local Epoch : 1 | [64/566 (12%)]	Loss1: 5.843522 Loss2: 0.000008 
| Global Round : 22 | Client :3 | Local Epoch : 2 | [64/566 (12%)]	Loss1: 5.843298 Loss2: 0.000009 
| Global Round : 22 | Client :3 | Local Epoch : 3 | [64/566 (12%)]	Loss1: 5.842380 Loss2: 0.000007 
| Global Round : 22 | Client :3 | Local Epoch : 4 | [64/566 (12%)]	Loss1: 5.842461 Loss2: 0.000007 
| Global Round : 22 | Client :4 | Local Epoch : 0 | [64/635 (11%)]	Loss1: 5.845725 Loss2: 0.000009 
| Global Round : 22 | Client :4 | Local Epoch : 1 | [64/635 (11%)]	Loss1: 5.843606 Loss2: 0.000009 
| Global Round : 22 | Client :4 | Local Epoch : 2 | [64/635 (11%)]	Loss1: 5.844016 Loss2: 0.000009 
| Global Round : 22 | Client :4 | Local Epoch : 3 | [64/635 (11%)]	Loss1: 5.843980 Loss2: 0.000009 
| Global Round : 22 | Client :4 | Local Epoch : 4 | [64/635 (11%)]	Loss1: 5.842123 Loss2: 0.000009 
| Global Round : 22 | Client :5 | Local Epoch : 0 | [64/633 (11%)]	Loss1: 5.843378 Loss2: 0.000008 
| Global Round : 22 | Client :5 | Local Epoch : 1 | [64/633 (11%)]	Loss1: 5.844135 Loss2: 0.000012 
| Global Round : 22 | Client :5 | Local Epoch : 2 | [64/633 (11%)]	Loss1: 5.842558 Loss2: 0.000009 
| Global Round : 22 | Client :5 | Local Epoch : 3 | [64/633 (11%)]	Loss1: 5.841885 Loss2: 0.000007 
| Global Round : 22 | Client :5 | Local Epoch : 4 | [64/633 (11%)]	Loss1: 5.841276 Loss2: 0.000007 
| Global Round : 22 | Client :6 | Local Epoch : 0 | [64/645 (10%)]	Loss1: 5.844593 Loss2: 0.000009 
| Global Round : 22 | Client :6 | Local Epoch : 1 | [64/645 (10%)]	Loss1: 5.842432 Loss2: 0.000007 
| Global Round : 22 | Client :6 | Local Epoch : 2 | [64/645 (10%)]	Loss1: 5.842883 Loss2: 0.000007 
| Global Round : 22 | Client :6 | Local Epoch : 3 | [64/645 (10%)]	Loss1: 5.842927 Loss2: 0.000008 
| Global Round : 22 | Client :6 | Local Epoch : 4 | [64/645 (10%)]	Loss1: 5.843000 Loss2: 0.000007 
| Global Round : 22 | Client :7 | Local Epoch : 0 | [64/615 (11%)]	Loss1: 5.843708 Loss2: 0.000010 
| Global Round : 22 | Client :7 | Local Epoch : 1 | [64/615 (11%)]	Loss1: 5.842434 Loss2: 0.000009 
| Global Round : 22 | Client :7 | Local Epoch : 2 | [64/615 (11%)]	Loss1: 5.842508 Loss2: 0.000009 
| Global Round : 22 | Client :7 | Local Epoch : 3 | [64/615 (11%)]	Loss1: 5.843986 Loss2: 0.000008 
| Global Round : 22 | Client :7 | Local Epoch : 4 | [64/615 (11%)]	Loss1: 5.842027 Loss2: 0.000009 
| Global Round : 22 | Client :8 | Local Epoch : 0 | [64/609 (11%)]	Loss1: 5.842573 Loss2: 0.000009 
| Global Round : 22 | Client :8 | Local Epoch : 1 | [64/609 (11%)]	Loss1: 5.843085 Loss2: 0.000008 
| Global Round : 22 | Client :8 | Local Epoch : 2 | [64/609 (11%)]	Loss1: 5.843399 Loss2: 0.000007 
| Global Round : 22 | Client :8 | Local Epoch : 3 | [64/609 (11%)]	Loss1: 5.844338 Loss2: 0.000006 
| Global Round : 22 | Client :8 | Local Epoch : 4 | [64/609 (11%)]	Loss1: 5.843025 Loss2: 0.000009 
| Global Round : 22 | Client :9 | Local Epoch : 0 | [64/628 (11%)]	Loss1: 5.843336 Loss2: 0.000008 
| Global Round : 22 | Client :9 | Local Epoch : 1 | [64/628 (11%)]	Loss1: 5.844743 Loss2: 0.000009 
| Global Round : 22 | Client :9 | Local Epoch : 2 | [64/628 (11%)]	Loss1: 5.843055 Loss2: 0.000010 
| Global Round : 22 | Client :9 | Local Epoch : 3 | [64/628 (11%)]	Loss1: 5.842760 Loss2: 0.000008 
| Global Round : 22 | Client :9 | Local Epoch : 4 | [64/628 (11%)]	Loss1: 5.842905 Loss2: 0.000007 
average loss:   5.840418875387737
average local test accuracy: 0.7825520833333334
average global test accuracy:  0.820703125

 | Global Training Round : 23 |

xi_k [0.51668542 0.51592081 0.50368721 0.48204822 0.48345924 0.4848363
 0.52886734 0.49908874 0.50410726 0.4888656 ]
max_exp: -1.0
coe: 10
Regulation [0.8 0.8 0.8 0.8 0.8 0.8 0.8 0.8 0.8 0.8]
Solver status: optimal_inaccurate
b_new: [1. 1. 1. 1. 1. 1. 1. 1. 1. 1.]
Iter 0: obj=49.6757, best_obj=49.6757, ||b_new-b_prev||₂=2.846050
xi_k [0.51668542 0.51592081 0.50368721 0.48204822 0.48345924 0.4848363
 0.52886734 0.49908874 0.50410726 0.4888656 ]
max_exp: -1.0
coe: 10
Regulation [-1. -1. -1. -1. -1. -1. -1. -1. -1. -1.]
Solver status: optimal_inaccurate
b_new: [1. 1. 1. 1. 1. 1. 1. 1. 1. 1.]
Iter 1: obj=50.5757, best_obj=50.5757, ||b_new-b_prev||₂=0.000000
Converged.
Final b: [1. 1. 1. 1. 1. 1. 1. 1. 1. 1.]
<class 'numpy.ndarray'>
b_float: [1. 1. 1. 1. 1. 1. 1. 1. 1. 1.]
b: [1 1 1 1 1 1 1 1 1 1]
active_clients:  [0, 1, 2, 3, 4, 5, 6, 7, 8, 9]
Client 0's s_k are:[0 1 1 1 1 1 1 1 1 1]
Client 1's s_k are:[1 0 1 1 1 1 1 1 1 1]
Client 2's s_k are:[1 1 0 1 1 1 1 1 1 1]
Client 3's s_k are:[1 1 1 0 1 1 1 1 1 1]
Client 4's s_k are:[1 1 1 1 0 1 1 1 1 1]
Client 5's s_k are:[1 1 1 1 1 0 1 1 1 1]
Client 6's s_k are:[1 1 1 1 1 1 0 1 1 1]
Client 7's s_k are:[1 1 1 1 1 1 1 0 1 1]
Client 8's s_k are:[1 1 1 1 1 1 1 1 0 1]
Client 9's s_k are:[1 1 1 1 1 1 1 1 1 0]
| Global Round : 23 | Client :0 | Local Epoch : 0 | [64/594 (11%)]	Loss1: 5.843896 Loss2: 0.000008 
| Global Round : 23 | Client :0 | Local Epoch : 1 | [64/594 (11%)]	Loss1: 5.843038 Loss2: 0.000011 
| Global Round : 23 | Client :0 | Local Epoch : 2 | [64/594 (11%)]	Loss1: 5.842416 Loss2: 0.000009 
| Global Round : 23 | Client :0 | Local Epoch : 3 | [64/594 (11%)]	Loss1: 5.842002 Loss2: 0.000007 
| Global Round : 23 | Client :0 | Local Epoch : 4 | [64/594 (11%)]	Loss1: 5.842567 Loss2: 0.000008 
| Global Round : 23 | Client :1 | Local Epoch : 0 | [64/595 (11%)]	Loss1: 5.842518 Loss2: 0.000009 
| Global Round : 23 | Client :1 | Local Epoch : 1 | [64/595 (11%)]	Loss1: 5.844317 Loss2: 0.000007 
| Global Round : 23 | Client :1 | Local Epoch : 2 | [64/595 (11%)]	Loss1: 5.841897 Loss2: 0.000006 
| Global Round : 23 | Client :1 | Local Epoch : 3 | [64/595 (11%)]	Loss1: 5.842571 Loss2: 0.000009 
| Global Round : 23 | Client :1 | Local Epoch : 4 | [64/595 (11%)]	Loss1: 5.841762 Loss2: 0.000008 
| Global Round : 23 | Client :2 | Local Epoch : 0 | [64/474 (14%)]	Loss1: 5.843900 Loss2: 0.000007 
| Global Round : 23 | Client :2 | Local Epoch : 1 | [64/474 (14%)]	Loss1: 5.842235 Loss2: 0.000008 
| Global Round : 23 | Client :2 | Local Epoch : 2 | [64/474 (14%)]	Loss1: 5.844040 Loss2: 0.000009 
| Global Round : 23 | Client :2 | Local Epoch : 3 | [64/474 (14%)]	Loss1: 5.844276 Loss2: 0.000006 
| Global Round : 23 | Client :2 | Local Epoch : 4 | [64/474 (14%)]	Loss1: 5.843098 Loss2: 0.000007 
| Global Round : 23 | Client :3 | Local Epoch : 0 | [64/566 (12%)]	Loss1: 5.841873 Loss2: 0.000008 
| Global Round : 23 | Client :3 | Local Epoch : 1 | [64/566 (12%)]	Loss1: 5.842060 Loss2: 0.000008 
| Global Round : 23 | Client :3 | Local Epoch : 2 | [64/566 (12%)]	Loss1: 5.841433 Loss2: 0.000007 
| Global Round : 23 | Client :3 | Local Epoch : 3 | [64/566 (12%)]	Loss1: 5.842586 Loss2: 0.000007 
| Global Round : 23 | Client :3 | Local Epoch : 4 | [64/566 (12%)]	Loss1: 5.843240 Loss2: 0.000006 
| Global Round : 23 | Client :4 | Local Epoch : 0 | [64/635 (11%)]	Loss1: 5.842256 Loss2: 0.000008 
| Global Round : 23 | Client :4 | Local Epoch : 1 | [64/635 (11%)]	Loss1: 5.843576 Loss2: 0.000009 
| Global Round : 23 | Client :4 | Local Epoch : 2 | [64/635 (11%)]	Loss1: 5.841970 Loss2: 0.000009 
| Global Round : 23 | Client :4 | Local Epoch : 3 | [64/635 (11%)]	Loss1: 5.843170 Loss2: 0.000010 
| Global Round : 23 | Client :4 | Local Epoch : 4 | [64/635 (11%)]	Loss1: 5.841928 Loss2: 0.000008 
| Global Round : 23 | Client :5 | Local Epoch : 0 | [64/633 (11%)]	Loss1: 5.842964 Loss2: 0.000007 
| Global Round : 23 | Client :5 | Local Epoch : 1 | [64/633 (11%)]	Loss1: 5.844347 Loss2: 0.000012 
| Global Round : 23 | Client :5 | Local Epoch : 2 | [64/633 (11%)]	Loss1: 5.843972 Loss2: 0.000008 
| Global Round : 23 | Client :5 | Local Epoch : 3 | [64/633 (11%)]	Loss1: 5.843601 Loss2: 0.000010 
| Global Round : 23 | Client :5 | Local Epoch : 4 | [64/633 (11%)]	Loss1: 5.843212 Loss2: 0.000007 
| Global Round : 23 | Client :6 | Local Epoch : 0 | [64/645 (10%)]	Loss1: 5.843755 Loss2: 0.000009 
| Global Round : 23 | Client :6 | Local Epoch : 1 | [64/645 (10%)]	Loss1: 5.843720 Loss2: 0.000007 
| Global Round : 23 | Client :6 | Local Epoch : 2 | [64/645 (10%)]	Loss1: 5.841687 Loss2: 0.000007 
| Global Round : 23 | Client :6 | Local Epoch : 3 | [64/645 (10%)]	Loss1: 5.842855 Loss2: 0.000006 
| Global Round : 23 | Client :6 | Local Epoch : 4 | [64/645 (10%)]	Loss1: 5.844482 Loss2: 0.000008 
| Global Round : 23 | Client :7 | Local Epoch : 0 | [64/615 (11%)]	Loss1: 5.842661 Loss2: 0.000009 
| Global Round : 23 | Client :7 | Local Epoch : 1 | [64/615 (11%)]	Loss1: 5.841747 Loss2: 0.000010 
| Global Round : 23 | Client :7 | Local Epoch : 2 | [64/615 (11%)]	Loss1: 5.842126 Loss2: 0.000009 
| Global Round : 23 | Client :7 | Local Epoch : 3 | [64/615 (11%)]	Loss1: 5.842860 Loss2: 0.000008 
| Global Round : 23 | Client :7 | Local Epoch : 4 | [64/615 (11%)]	Loss1: 5.841609 Loss2: 0.000009 
| Global Round : 23 | Client :8 | Local Epoch : 0 | [64/609 (11%)]	Loss1: 5.842116 Loss2: 0.000007 
| Global Round : 23 | Client :8 | Local Epoch : 1 | [64/609 (11%)]	Loss1: 5.843065 Loss2: 0.000007 
| Global Round : 23 | Client :8 | Local Epoch : 2 | [64/609 (11%)]	Loss1: 5.842210 Loss2: 0.000010 
| Global Round : 23 | Client :8 | Local Epoch : 3 | [64/609 (11%)]	Loss1: 5.842697 Loss2: 0.000010 
| Global Round : 23 | Client :8 | Local Epoch : 4 | [64/609 (11%)]	Loss1: 5.843812 Loss2: 0.000008 
| Global Round : 23 | Client :9 | Local Epoch : 0 | [64/628 (11%)]	Loss1: 5.843879 Loss2: 0.000007 
| Global Round : 23 | Client :9 | Local Epoch : 1 | [64/628 (11%)]	Loss1: 5.844050 Loss2: 0.000008 
| Global Round : 23 | Client :9 | Local Epoch : 2 | [64/628 (11%)]	Loss1: 5.842850 Loss2: 0.000007 
| Global Round : 23 | Client :9 | Local Epoch : 3 | [64/628 (11%)]	Loss1: 5.844229 Loss2: 0.000009 
| Global Round : 23 | Client :9 | Local Epoch : 4 | [64/628 (11%)]	Loss1: 5.842644 Loss2: 0.000008 
average loss:   5.840244963320475
average local test accuracy: 0.7861979166666666
average global test accuracy:  0.82734375

 | Global Training Round : 24 |

xi_k [0.51665896 0.51587827 0.50366113 0.48201062 0.48342836 0.48481453
 0.52887933 0.4990482  0.50407144 0.4888706 ]
max_exp: -1.0
coe: 10
Regulation [0.8 0.8 0.8 0.8 0.8 0.8 0.8 0.8 0.8 0.8]
Solver status: optimal_inaccurate
b_new: [1. 1. 1. 1. 1. 1. 1. 1. 1. 1.]
Iter 0: obj=49.6732, best_obj=49.6732, ||b_new-b_prev||₂=2.846050
xi_k [0.51665896 0.51587827 0.50366113 0.48201062 0.48342836 0.48481453
 0.52887933 0.4990482  0.50407144 0.4888706 ]
max_exp: -1.0
coe: 10
Regulation [-1. -1. -1. -1. -1. -1. -1. -1. -1. -1.]
Solver status: optimal_inaccurate
b_new: [1. 1. 1. 1. 1. 1. 1. 1. 1. 1.]
Iter 1: obj=50.5732, best_obj=50.5732, ||b_new-b_prev||₂=0.000000
Converged.
Final b: [1. 1. 1. 1. 1. 1. 1. 1. 1. 1.]
<class 'numpy.ndarray'>
b_float: [1. 1. 1. 1. 1. 1. 1. 1. 1. 1.]
b: [1 1 1 1 1 1 1 1 1 1]
active_clients:  [0, 1, 2, 3, 4, 5, 6, 7, 8, 9]
Client 0's s_k are:[0 1 1 1 1 1 1 1 1 1]
Client 1's s_k are:[1 0 1 1 1 1 1 1 1 1]
Client 2's s_k are:[1 1 0 1 1 1 1 1 1 1]
Client 3's s_k are:[1 1 1 0 1 1 1 1 1 1]
Client 4's s_k are:[1 1 1 1 0 1 1 1 1 1]
Client 5's s_k are:[1 1 1 1 1 0 1 1 1 1]
Client 6's s_k are:[1 1 1 1 1 1 0 1 1 1]
Client 7's s_k are:[1 1 1 1 1 1 1 0 1 1]
Client 8's s_k are:[1 1 1 1 1 1 1 1 0 1]
Client 9's s_k are:[1 1 1 1 1 1 1 1 1 0]
| Global Round : 24 | Client :0 | Local Epoch : 0 | [64/594 (11%)]	Loss1: 5.842993 Loss2: 0.000009 
| Global Round : 24 | Client :0 | Local Epoch : 1 | [64/594 (11%)]	Loss1: 5.842126 Loss2: 0.000008 
| Global Round : 24 | Client :0 | Local Epoch : 2 | [64/594 (11%)]	Loss1: 5.841555 Loss2: 0.000007 
| Global Round : 24 | Client :0 | Local Epoch : 3 | [64/594 (11%)]	Loss1: 5.843389 Loss2: 0.000007 
| Global Round : 24 | Client :0 | Local Epoch : 4 | [64/594 (11%)]	Loss1: 5.841590 Loss2: 0.000007 
| Global Round : 24 | Client :1 | Local Epoch : 0 | [64/595 (11%)]	Loss1: 5.843477 Loss2: 0.000008 
| Global Round : 24 | Client :1 | Local Epoch : 1 | [64/595 (11%)]	Loss1: 5.842920 Loss2: 0.000007 
| Global Round : 24 | Client :1 | Local Epoch : 2 | [64/595 (11%)]	Loss1: 5.843530 Loss2: 0.000007 
| Global Round : 24 | Client :1 | Local Epoch : 3 | [64/595 (11%)]	Loss1: 5.842143 Loss2: 0.000011 
| Global Round : 24 | Client :1 | Local Epoch : 4 | [64/595 (11%)]	Loss1: 5.843644 Loss2: 0.000009 
| Global Round : 24 | Client :2 | Local Epoch : 0 | [64/474 (14%)]	Loss1: 5.843459 Loss2: 0.000007 
| Global Round : 24 | Client :2 | Local Epoch : 1 | [64/474 (14%)]	Loss1: 5.842735 Loss2: 0.000008 
| Global Round : 24 | Client :2 | Local Epoch : 2 | [64/474 (14%)]	Loss1: 5.844707 Loss2: 0.000008 
| Global Round : 24 | Client :2 | Local Epoch : 3 | [64/474 (14%)]	Loss1: 5.843661 Loss2: 0.000007 
| Global Round : 24 | Client :2 | Local Epoch : 4 | [64/474 (14%)]	Loss1: 5.842716 Loss2: 0.000007 
| Global Round : 24 | Client :3 | Local Epoch : 0 | [64/566 (12%)]	Loss1: 5.842649 Loss2: 0.000008 
| Global Round : 24 | Client :3 | Local Epoch : 1 | [64/566 (12%)]	Loss1: 5.842928 Loss2: 0.000006 
| Global Round : 24 | Client :3 | Local Epoch : 2 | [64/566 (12%)]	Loss1: 5.841586 Loss2: 0.000008 
| Global Round : 24 | Client :3 | Local Epoch : 3 | [64/566 (12%)]	Loss1: 5.843230 Loss2: 0.000008 
| Global Round : 24 | Client :3 | Local Epoch : 4 | [64/566 (12%)]	Loss1: 5.843263 Loss2: 0.000007 
| Global Round : 24 | Client :4 | Local Epoch : 0 | [64/635 (11%)]	Loss1: 5.842151 Loss2: 0.000009 
| Global Round : 24 | Client :4 | Local Epoch : 1 | [64/635 (11%)]	Loss1: 5.842928 Loss2: 0.000008 
| Global Round : 24 | Client :4 | Local Epoch : 2 | [64/635 (11%)]	Loss1: 5.843343 Loss2: 0.000009 
| Global Round : 24 | Client :4 | Local Epoch : 3 | [64/635 (11%)]	Loss1: 5.843137 Loss2: 0.000009 
| Global Round : 24 | Client :4 | Local Epoch : 4 | [64/635 (11%)]	Loss1: 5.842764 Loss2: 0.000007 
| Global Round : 24 | Client :5 | Local Epoch : 0 | [64/633 (11%)]	Loss1: 5.842394 Loss2: 0.000010 
| Global Round : 24 | Client :5 | Local Epoch : 1 | [64/633 (11%)]	Loss1: 5.842765 Loss2: 0.000008 
| Global Round : 24 | Client :5 | Local Epoch : 2 | [64/633 (11%)]	Loss1: 5.843465 Loss2: 0.000007 
| Global Round : 24 | Client :5 | Local Epoch : 3 | [64/633 (11%)]	Loss1: 5.842510 Loss2: 0.000007 
| Global Round : 24 | Client :5 | Local Epoch : 4 | [64/633 (11%)]	Loss1: 5.843394 Loss2: 0.000007 
| Global Round : 24 | Client :6 | Local Epoch : 0 | [64/645 (10%)]	Loss1: 5.843952 Loss2: 0.000008 
| Global Round : 24 | Client :6 | Local Epoch : 1 | [64/645 (10%)]	Loss1: 5.843353 Loss2: 0.000009 
| Global Round : 24 | Client :6 | Local Epoch : 2 | [64/645 (10%)]	Loss1: 5.842029 Loss2: 0.000007 
| Global Round : 24 | Client :6 | Local Epoch : 3 | [64/645 (10%)]	Loss1: 5.843694 Loss2: 0.000008 
| Global Round : 24 | Client :6 | Local Epoch : 4 | [64/645 (10%)]	Loss1: 5.842768 Loss2: 0.000008 
| Global Round : 24 | Client :7 | Local Epoch : 0 | [64/615 (11%)]	Loss1: 5.843761 Loss2: 0.000008 
| Global Round : 24 | Client :7 | Local Epoch : 1 | [64/615 (11%)]	Loss1: 5.843772 Loss2: 0.000010 
| Global Round : 24 | Client :7 | Local Epoch : 2 | [64/615 (11%)]	Loss1: 5.842027 Loss2: 0.000010 
| Global Round : 24 | Client :7 | Local Epoch : 3 | [64/615 (11%)]	Loss1: 5.841555 Loss2: 0.000007 
| Global Round : 24 | Client :7 | Local Epoch : 4 | [64/615 (11%)]	Loss1: 5.842013 Loss2: 0.000008 
| Global Round : 24 | Client :8 | Local Epoch : 0 | [64/609 (11%)]	Loss1: 5.841422 Loss2: 0.000008 
| Global Round : 24 | Client :8 | Local Epoch : 1 | [64/609 (11%)]	Loss1: 5.843556 Loss2: 0.000007 
| Global Round : 24 | Client :8 | Local Epoch : 2 | [64/609 (11%)]	Loss1: 5.843479 Loss2: 0.000008 
| Global Round : 24 | Client :8 | Local Epoch : 3 | [64/609 (11%)]	Loss1: 5.843391 Loss2: 0.000009 
| Global Round : 24 | Client :8 | Local Epoch : 4 | [64/609 (11%)]	Loss1: 5.844268 Loss2: 0.000008 
| Global Round : 24 | Client :9 | Local Epoch : 0 | [64/628 (11%)]	Loss1: 5.843174 Loss2: 0.000005 
| Global Round : 24 | Client :9 | Local Epoch : 1 | [64/628 (11%)]	Loss1: 5.841700 Loss2: 0.000008 
| Global Round : 24 | Client :9 | Local Epoch : 2 | [64/628 (11%)]	Loss1: 5.843226 Loss2: 0.000009 
| Global Round : 24 | Client :9 | Local Epoch : 3 | [64/628 (11%)]	Loss1: 5.842887 Loss2: 0.000009 
| Global Round : 24 | Client :9 | Local Epoch : 4 | [64/628 (11%)]	Loss1: 5.842839 Loss2: 0.000009 
average loss:   5.840197484058047
average local test accuracy: 0.7856770833333334
average global test accuracy:  0.8131510416666666

 | Global Training Round : 25 |

xi_k [0.51671464 0.51588392 0.50367326 0.48199682 0.48338892 0.48480569
 0.52883541 0.49902339 0.5040086  0.48880774]
max_exp: -1.0
coe: 10
Regulation [0.8 0.8 0.8 0.8 0.8 0.8 0.8 0.8 0.8 0.8]
Solver status: optimal_inaccurate
b_new: [1. 1. 1. 1. 1. 1. 1. 1. 1. 1.]
Iter 0: obj=49.6714, best_obj=49.6714, ||b_new-b_prev||₂=2.846050
xi_k [0.51671464 0.51588392 0.50367326 0.48199682 0.48338892 0.48480569
 0.52883541 0.49902339 0.5040086  0.48880774]
max_exp: -1.0
coe: 10
Regulation [-1. -1. -1. -1. -1. -1. -1. -1. -1. -1.]
Solver status: optimal_inaccurate
b_new: [1. 1. 1. 1. 1. 1. 1. 1. 1. 1.]
Iter 1: obj=50.5714, best_obj=50.5714, ||b_new-b_prev||₂=0.000000
Converged.
Final b: [1. 1. 1. 1. 1. 1. 1. 1. 1. 1.]
<class 'numpy.ndarray'>
b_float: [1. 1. 1. 1. 1. 1. 1. 1. 1. 1.]
b: [1 1 1 1 1 1 1 1 1 1]
active_clients:  [0, 1, 2, 3, 4, 5, 6, 7, 8, 9]
Client 0's s_k are:[0 1 1 1 1 1 1 1 1 1]
Client 1's s_k are:[1 0 1 1 1 1 1 1 1 1]
Client 2's s_k are:[1 1 0 1 1 1 1 1 1 1]
Client 3's s_k are:[1 1 1 0 1 1 1 1 1 1]
Client 4's s_k are:[1 1 1 1 0 1 1 1 1 1]
Client 5's s_k are:[1 1 1 1 1 0 1 1 1 1]
Client 6's s_k are:[1 1 1 1 1 1 0 1 1 1]
Client 7's s_k are:[1 1 1 1 1 1 1 0 1 1]
Client 8's s_k are:[1 1 1 1 1 1 1 1 0 1]
Client 9's s_k are:[1 1 1 1 1 1 1 1 1 0]
| Global Round : 25 | Client :0 | Local Epoch : 0 | [64/594 (11%)]	Loss1: 5.843423 Loss2: 0.000006 
| Global Round : 25 | Client :0 | Local Epoch : 1 | [64/594 (11%)]	Loss1: 5.842983 Loss2: 0.000007 
| Global Round : 25 | Client :0 | Local Epoch : 2 | [64/594 (11%)]	Loss1: 5.841929 Loss2: 0.000009 
| Global Round : 25 | Client :0 | Local Epoch : 3 | [64/594 (11%)]	Loss1: 5.842973 Loss2: 0.000008 
| Global Round : 25 | Client :0 | Local Epoch : 4 | [64/594 (11%)]	Loss1: 5.842339 Loss2: 0.000010 
| Global Round : 25 | Client :1 | Local Epoch : 0 | [64/595 (11%)]	Loss1: 5.842114 Loss2: 0.000009 
| Global Round : 25 | Client :1 | Local Epoch : 1 | [64/595 (11%)]	Loss1: 5.842346 Loss2: 0.000009 
| Global Round : 25 | Client :1 | Local Epoch : 2 | [64/595 (11%)]	Loss1: 5.842581 Loss2: 0.000007 
| Global Round : 25 | Client :1 | Local Epoch : 3 | [64/595 (11%)]	Loss1: 5.842330 Loss2: 0.000007 
| Global Round : 25 | Client :1 | Local Epoch : 4 | [64/595 (11%)]	Loss1: 5.842715 Loss2: 0.000008 
| Global Round : 25 | Client :2 | Local Epoch : 0 | [64/474 (14%)]	Loss1: 5.842461 Loss2: 0.000007 
| Global Round : 25 | Client :2 | Local Epoch : 1 | [64/474 (14%)]	Loss1: 5.844110 Loss2: 0.000010 
| Global Round : 25 | Client :2 | Local Epoch : 2 | [64/474 (14%)]	Loss1: 5.843719 Loss2: 0.000009 
| Global Round : 25 | Client :2 | Local Epoch : 3 | [64/474 (14%)]	Loss1: 5.843402 Loss2: 0.000008 
| Global Round : 25 | Client :2 | Local Epoch : 4 | [64/474 (14%)]	Loss1: 5.843204 Loss2: 0.000009 
| Global Round : 25 | Client :3 | Local Epoch : 0 | [64/566 (12%)]	Loss1: 5.842372 Loss2: 0.000009 
| Global Round : 25 | Client :3 | Local Epoch : 1 | [64/566 (12%)]	Loss1: 5.843439 Loss2: 0.000006 
| Global Round : 25 | Client :3 | Local Epoch : 2 | [64/566 (12%)]	Loss1: 5.842884 Loss2: 0.000008 
| Global Round : 25 | Client :3 | Local Epoch : 3 | [64/566 (12%)]	Loss1: 5.841184 Loss2: 0.000009 
| Global Round : 25 | Client :3 | Local Epoch : 4 | [64/566 (12%)]	Loss1: 5.843298 Loss2: 0.000007 
| Global Round : 25 | Client :4 | Local Epoch : 0 | [64/635 (11%)]	Loss1: 5.843055 Loss2: 0.000009 
| Global Round : 25 | Client :4 | Local Epoch : 1 | [64/635 (11%)]	Loss1: 5.841887 Loss2: 0.000009 
| Global Round : 25 | Client :4 | Local Epoch : 2 | [64/635 (11%)]	Loss1: 5.844428 Loss2: 0.000008 
| Global Round : 25 | Client :4 | Local Epoch : 3 | [64/635 (11%)]	Loss1: 5.842303 Loss2: 0.000010 
| Global Round : 25 | Client :4 | Local Epoch : 4 | [64/635 (11%)]	Loss1: 5.843248 Loss2: 0.000008 
| Global Round : 25 | Client :5 | Local Epoch : 0 | [64/633 (11%)]	Loss1: 5.842863 Loss2: 0.000007 
| Global Round : 25 | Client :5 | Local Epoch : 1 | [64/633 (11%)]	Loss1: 5.843372 Loss2: 0.000007 
| Global Round : 25 | Client :5 | Local Epoch : 2 | [64/633 (11%)]	Loss1: 5.842802 Loss2: 0.000010 
| Global Round : 25 | Client :5 | Local Epoch : 3 | [64/633 (11%)]	Loss1: 5.842605 Loss2: 0.000007 
| Global Round : 25 | Client :5 | Local Epoch : 4 | [64/633 (11%)]	Loss1: 5.842926 Loss2: 0.000008 
| Global Round : 25 | Client :6 | Local Epoch : 0 | [64/645 (10%)]	Loss1: 5.843349 Loss2: 0.000008 
| Global Round : 25 | Client :6 | Local Epoch : 1 | [64/645 (10%)]	Loss1: 5.842105 Loss2: 0.000008 
| Global Round : 25 | Client :6 | Local Epoch : 2 | [64/645 (10%)]	Loss1: 5.843370 Loss2: 0.000006 
| Global Round : 25 | Client :6 | Local Epoch : 3 | [64/645 (10%)]	Loss1: 5.843652 Loss2: 0.000007 
| Global Round : 25 | Client :6 | Local Epoch : 4 | [64/645 (10%)]	Loss1: 5.842247 Loss2: 0.000010 
| Global Round : 25 | Client :7 | Local Epoch : 0 | [64/615 (11%)]	Loss1: 5.843091 Loss2: 0.000009 
| Global Round : 25 | Client :7 | Local Epoch : 1 | [64/615 (11%)]	Loss1: 5.842600 Loss2: 0.000013 
| Global Round : 25 | Client :7 | Local Epoch : 2 | [64/615 (11%)]	Loss1: 5.842101 Loss2: 0.000009 
| Global Round : 25 | Client :7 | Local Epoch : 3 | [64/615 (11%)]	Loss1: 5.842033 Loss2: 0.000008 
| Global Round : 25 | Client :7 | Local Epoch : 4 | [64/615 (11%)]	Loss1: 5.841413 Loss2: 0.000008 
| Global Round : 25 | Client :8 | Local Epoch : 0 | [64/609 (11%)]	Loss1: 5.843939 Loss2: 0.000008 
| Global Round : 25 | Client :8 | Local Epoch : 1 | [64/609 (11%)]	Loss1: 5.843206 Loss2: 0.000008 
| Global Round : 25 | Client :8 | Local Epoch : 2 | [64/609 (11%)]	Loss1: 5.841553 Loss2: 0.000007 
| Global Round : 25 | Client :8 | Local Epoch : 3 | [64/609 (11%)]	Loss1: 5.842446 Loss2: 0.000009 
| Global Round : 25 | Client :8 | Local Epoch : 4 | [64/609 (11%)]	Loss1: 5.842950 Loss2: 0.000007 
| Global Round : 25 | Client :9 | Local Epoch : 0 | [64/628 (11%)]	Loss1: 5.842410 Loss2: 0.000010 
| Global Round : 25 | Client :9 | Local Epoch : 1 | [64/628 (11%)]	Loss1: 5.842151 Loss2: 0.000007 
| Global Round : 25 | Client :9 | Local Epoch : 2 | [64/628 (11%)]	Loss1: 5.843433 Loss2: 0.000007 
| Global Round : 25 | Client :9 | Local Epoch : 3 | [64/628 (11%)]	Loss1: 5.843788 Loss2: 0.000008 
| Global Round : 25 | Client :9 | Local Epoch : 4 | [64/628 (11%)]	Loss1: 5.841461 Loss2: 0.000009 
average loss:   5.840042033990224
average local test accuracy: 0.7791666666666667
average global test accuracy:  0.822265625

 | Global Training Round : 26 |

xi_k [0.51666117 0.51583233 0.50368864 0.48203392 0.48333976 0.4848175
 0.52881616 0.49897948 0.50398341 0.48880334]
max_exp: -1.0
coe: 10
Regulation [0.8 0.8 0.8 0.8 0.8 0.8 0.8 0.8 0.8 0.8]
Solver status: optimal_inaccurate
b_new: [1. 1. 1. 1. 1. 1. 1. 1. 1. 1.]
Iter 0: obj=49.6696, best_obj=49.6696, ||b_new-b_prev||₂=2.846050
xi_k [0.51666117 0.51583233 0.50368864 0.48203392 0.48333976 0.4848175
 0.52881616 0.49897948 0.50398341 0.48880334]
max_exp: -1.0
coe: 10
Regulation [-1. -1. -1. -1. -1. -1. -1. -1. -1. -1.]
Solver status: optimal_inaccurate
b_new: [1. 1. 1. 1. 1. 1. 1. 1. 1. 1.]
Iter 1: obj=50.5696, best_obj=50.5696, ||b_new-b_prev||₂=0.000000
Converged.
Final b: [1. 1. 1. 1. 1. 1. 1. 1. 1. 1.]
<class 'numpy.ndarray'>
b_float: [1. 1. 1. 1. 1. 1. 1. 1. 1. 1.]
b: [1 1 1 1 1 1 1 1 1 1]
active_clients:  [0, 1, 2, 3, 4, 5, 6, 7, 8, 9]
Client 0's s_k are:[0 1 1 1 1 1 1 1 1 1]
Client 1's s_k are:[1 0 1 1 1 1 1 1 1 1]
Client 2's s_k are:[1 1 0 1 1 1 1 1 1 1]
Client 3's s_k are:[1 1 1 0 1 1 1 1 1 1]
Client 4's s_k are:[1 1 1 1 0 1 1 1 1 1]
Client 5's s_k are:[1 1 1 1 1 0 1 1 1 1]
Client 6's s_k are:[1 1 1 1 1 1 0 1 1 1]
Client 7's s_k are:[1 1 1 1 1 1 1 0 1 1]
Client 8's s_k are:[1 1 1 1 1 1 1 1 0 1]
Client 9's s_k are:[1 1 1 1 1 1 1 1 1 0]
| Global Round : 26 | Client :0 | Local Epoch : 0 | [64/594 (11%)]	Loss1: 5.843006 Loss2: 0.000008 
| Global Round : 26 | Client :0 | Local Epoch : 1 | [64/594 (11%)]	Loss1: 5.843033 Loss2: 0.000008 
| Global Round : 26 | Client :0 | Local Epoch : 2 | [64/594 (11%)]	Loss1: 5.841884 Loss2: 0.000007 
| Global Round : 26 | Client :0 | Local Epoch : 3 | [64/594 (11%)]	Loss1: 5.840495 Loss2: 0.000009 
| Global Round : 26 | Client :0 | Local Epoch : 4 | [64/594 (11%)]	Loss1: 5.842864 Loss2: 0.000009 
| Global Round : 26 | Client :1 | Local Epoch : 0 | [64/595 (11%)]	Loss1: 5.843643 Loss2: 0.000008 
| Global Round : 26 | Client :1 | Local Epoch : 1 | [64/595 (11%)]	Loss1: 5.843317 Loss2: 0.000011 
| Global Round : 26 | Client :1 | Local Epoch : 2 | [64/595 (11%)]	Loss1: 5.842637 Loss2: 0.000009 
| Global Round : 26 | Client :1 | Local Epoch : 3 | [64/595 (11%)]	Loss1: 5.841865 Loss2: 0.000007 
| Global Round : 26 | Client :1 | Local Epoch : 4 | [64/595 (11%)]	Loss1: 5.841801 Loss2: 0.000007 
| Global Round : 26 | Client :2 | Local Epoch : 0 | [64/474 (14%)]	Loss1: 5.842851 Loss2: 0.000007 
| Global Round : 26 | Client :2 | Local Epoch : 1 | [64/474 (14%)]	Loss1: 5.842688 Loss2: 0.000008 
| Global Round : 26 | Client :2 | Local Epoch : 2 | [64/474 (14%)]	Loss1: 5.844001 Loss2: 0.000007 
| Global Round : 26 | Client :2 | Local Epoch : 3 | [64/474 (14%)]	Loss1: 5.842748 Loss2: 0.000007 
| Global Round : 26 | Client :2 | Local Epoch : 4 | [64/474 (14%)]	Loss1: 5.842977 Loss2: 0.000007 
| Global Round : 26 | Client :3 | Local Epoch : 0 | [64/566 (12%)]	Loss1: 5.843411 Loss2: 0.000009 
| Global Round : 26 | Client :3 | Local Epoch : 1 | [64/566 (12%)]	Loss1: 5.841641 Loss2: 0.000009 
| Global Round : 26 | Client :3 | Local Epoch : 2 | [64/566 (12%)]	Loss1: 5.841983 Loss2: 0.000007 
| Global Round : 26 | Client :3 | Local Epoch : 3 | [64/566 (12%)]	Loss1: 5.842480 Loss2: 0.000009 
| Global Round : 26 | Client :3 | Local Epoch : 4 | [64/566 (12%)]	Loss1: 5.841983 Loss2: 0.000007 
| Global Round : 26 | Client :4 | Local Epoch : 0 | [64/635 (11%)]	Loss1: 5.841613 Loss2: 0.000012 
| Global Round : 26 | Client :4 | Local Epoch : 1 | [64/635 (11%)]	Loss1: 5.842400 Loss2: 0.000008 
| Global Round : 26 | Client :4 | Local Epoch : 2 | [64/635 (11%)]	Loss1: 5.842688 Loss2: 0.000010 
| Global Round : 26 | Client :4 | Local Epoch : 3 | [64/635 (11%)]	Loss1: 5.841692 Loss2: 0.000009 
| Global Round : 26 | Client :4 | Local Epoch : 4 | [64/635 (11%)]	Loss1: 5.842695 Loss2: 0.000008 
| Global Round : 26 | Client :5 | Local Epoch : 0 | [64/633 (11%)]	Loss1: 5.842747 Loss2: 0.000009 
| Global Round : 26 | Client :5 | Local Epoch : 1 | [64/633 (11%)]	Loss1: 5.843529 Loss2: 0.000007 
| Global Round : 26 | Client :5 | Local Epoch : 2 | [64/633 (11%)]	Loss1: 5.841710 Loss2: 0.000007 
| Global Round : 26 | Client :5 | Local Epoch : 3 | [64/633 (11%)]	Loss1: 5.842403 Loss2: 0.000009 
| Global Round : 26 | Client :5 | Local Epoch : 4 | [64/633 (11%)]	Loss1: 5.841454 Loss2: 0.000007 
| Global Round : 26 | Client :6 | Local Epoch : 0 | [64/645 (10%)]	Loss1: 5.842712 Loss2: 0.000009 
| Global Round : 26 | Client :6 | Local Epoch : 1 | [64/645 (10%)]	Loss1: 5.843437 Loss2: 0.000010 
| Global Round : 26 | Client :6 | Local Epoch : 2 | [64/645 (10%)]	Loss1: 5.842065 Loss2: 0.000008 
| Global Round : 26 | Client :6 | Local Epoch : 3 | [64/645 (10%)]	Loss1: 5.841294 Loss2: 0.000009 
| Global Round : 26 | Client :6 | Local Epoch : 4 | [64/645 (10%)]	Loss1: 5.842473 Loss2: 0.000008 
| Global Round : 26 | Client :7 | Local Epoch : 0 | [64/615 (11%)]	Loss1: 5.842525 Loss2: 0.000008 
| Global Round : 26 | Client :7 | Local Epoch : 1 | [64/615 (11%)]	Loss1: 5.843374 Loss2: 0.000010 
| Global Round : 26 | Client :7 | Local Epoch : 2 | [64/615 (11%)]	Loss1: 5.841592 Loss2: 0.000007 
| Global Round : 26 | Client :7 | Local Epoch : 3 | [64/615 (11%)]	Loss1: 5.842442 Loss2: 0.000007 
| Global Round : 26 | Client :7 | Local Epoch : 4 | [64/615 (11%)]	Loss1: 5.842670 Loss2: 0.000008 
| Global Round : 26 | Client :8 | Local Epoch : 0 | [64/609 (11%)]	Loss1: 5.842164 Loss2: 0.000007 
| Global Round : 26 | Client :8 | Local Epoch : 1 | [64/609 (11%)]	Loss1: 5.842431 Loss2: 0.000006 
| Global Round : 26 | Client :8 | Local Epoch : 2 | [64/609 (11%)]	Loss1: 5.843950 Loss2: 0.000007 
| Global Round : 26 | Client :8 | Local Epoch : 3 | [64/609 (11%)]	Loss1: 5.842500 Loss2: 0.000008 
| Global Round : 26 | Client :8 | Local Epoch : 4 | [64/609 (11%)]	Loss1: 5.843449 Loss2: 0.000009 
| Global Round : 26 | Client :9 | Local Epoch : 0 | [64/628 (11%)]	Loss1: 5.842319 Loss2: 0.000008 
| Global Round : 26 | Client :9 | Local Epoch : 1 | [64/628 (11%)]	Loss1: 5.843098 Loss2: 0.000011 
| Global Round : 26 | Client :9 | Local Epoch : 2 | [64/628 (11%)]	Loss1: 5.842317 Loss2: 0.000009 
| Global Round : 26 | Client :9 | Local Epoch : 3 | [64/628 (11%)]	Loss1: 5.843133 Loss2: 0.000009 
| Global Round : 26 | Client :9 | Local Epoch : 4 | [64/628 (11%)]	Loss1: 5.842891 Loss2: 0.000006 
average loss:   5.839888377605923
average local test accuracy: 0.7854166666666667
average global test accuracy:  0.8278645833333333

 | Global Training Round : 27 |

xi_k [0.51667618 0.5157905  0.50362642 0.48197141 0.48333828 0.48478322
 0.5287657  0.49897006 0.50399064 0.48877202]
max_exp: -1.0
coe: 10
Regulation [0.8 0.8 0.8 0.8 0.8 0.8 0.8 0.8 0.8 0.8]
Solver status: optimal_inaccurate
b_new: [1. 1. 1. 1. 1. 1. 1. 1. 1. 1.]
Iter 0: obj=49.6668, best_obj=49.6668, ||b_new-b_prev||₂=2.846050
xi_k [0.51667618 0.5157905  0.50362642 0.48197141 0.48333828 0.48478322
 0.5287657  0.49897006 0.50399064 0.48877202]
max_exp: -1.0
coe: 10
Regulation [-1. -1. -1. -1. -1. -1. -1. -1. -1. -1.]
Solver status: optimal_inaccurate
b_new: [1. 1. 1. 1. 1. 1. 1. 1. 1. 1.]
Iter 1: obj=50.5668, best_obj=50.5668, ||b_new-b_prev||₂=0.000000
Converged.
Final b: [1. 1. 1. 1. 1. 1. 1. 1. 1. 1.]
<class 'numpy.ndarray'>
b_float: [1. 1. 1. 1. 1. 1. 1. 1. 1. 1.]
b: [1 1 1 1 1 1 1 1 1 1]
active_clients:  [0, 1, 2, 3, 4, 5, 6, 7, 8, 9]
Client 0's s_k are:[0 1 1 1 1 1 1 1 1 1]
Client 1's s_k are:[1 0 1 1 1 1 1 1 1 1]
Client 2's s_k are:[1 1 0 1 1 1 1 1 1 1]
Client 3's s_k are:[1 1 1 0 1 1 1 1 1 1]
Client 4's s_k are:[1 1 1 1 0 1 1 1 1 1]
Client 5's s_k are:[1 1 1 1 1 0 1 1 1 1]
Client 6's s_k are:[1 1 1 1 1 1 0 1 1 1]
Client 7's s_k are:[1 1 1 1 1 1 1 0 1 1]
Client 8's s_k are:[1 1 1 1 1 1 1 1 0 1]
Client 9's s_k are:[1 1 1 1 1 1 1 1 1 0]
| Global Round : 27 | Client :0 | Local Epoch : 0 | [64/594 (11%)]	Loss1: 5.842282 Loss2: 0.000007 
| Global Round : 27 | Client :0 | Local Epoch : 1 | [64/594 (11%)]	Loss1: 5.841061 Loss2: 0.000006 
| Global Round : 27 | Client :0 | Local Epoch : 2 | [64/594 (11%)]	Loss1: 5.841728 Loss2: 0.000007 
| Global Round : 27 | Client :0 | Local Epoch : 3 | [64/594 (11%)]	Loss1: 5.842789 Loss2: 0.000006 
| Global Round : 27 | Client :0 | Local Epoch : 4 | [64/594 (11%)]	Loss1: 5.841038 Loss2: 0.000010 
| Global Round : 27 | Client :1 | Local Epoch : 0 | [64/595 (11%)]	Loss1: 5.841734 Loss2: 0.000008 
| Global Round : 27 | Client :1 | Local Epoch : 1 | [64/595 (11%)]	Loss1: 5.842432 Loss2: 0.000007 
| Global Round : 27 | Client :1 | Local Epoch : 2 | [64/595 (11%)]	Loss1: 5.841844 Loss2: 0.000006 
| Global Round : 27 | Client :1 | Local Epoch : 3 | [64/595 (11%)]	Loss1: 5.842478 Loss2: 0.000009 
| Global Round : 27 | Client :1 | Local Epoch : 4 | [64/595 (11%)]	Loss1: 5.843118 Loss2: 0.000008 
| Global Round : 27 | Client :2 | Local Epoch : 0 | [64/474 (14%)]	Loss1: 5.841560 Loss2: 0.000007 
| Global Round : 27 | Client :2 | Local Epoch : 1 | [64/474 (14%)]	Loss1: 5.842124 Loss2: 0.000008 
| Global Round : 27 | Client :2 | Local Epoch : 2 | [64/474 (14%)]	Loss1: 5.843328 Loss2: 0.000007 
| Global Round : 27 | Client :2 | Local Epoch : 3 | [64/474 (14%)]	Loss1: 5.843403 Loss2: 0.000008 
| Global Round : 27 | Client :2 | Local Epoch : 4 | [64/474 (14%)]	Loss1: 5.843334 Loss2: 0.000007 
| Global Round : 27 | Client :3 | Local Epoch : 0 | [64/566 (12%)]	Loss1: 5.841413 Loss2: 0.000008 
| Global Round : 27 | Client :3 | Local Epoch : 1 | [64/566 (12%)]	Loss1: 5.842489 Loss2: 0.000007 
| Global Round : 27 | Client :3 | Local Epoch : 2 | [64/566 (12%)]	Loss1: 5.842179 Loss2: 0.000007 
| Global Round : 27 | Client :3 | Local Epoch : 3 | [64/566 (12%)]	Loss1: 5.844100 Loss2: 0.000008 
| Global Round : 27 | Client :3 | Local Epoch : 4 | [64/566 (12%)]	Loss1: 5.842622 Loss2: 0.000008 
| Global Round : 27 | Client :4 | Local Epoch : 0 | [64/635 (11%)]	Loss1: 5.841919 Loss2: 0.000010 
| Global Round : 27 | Client :4 | Local Epoch : 1 | [64/635 (11%)]	Loss1: 5.842738 Loss2: 0.000009 
| Global Round : 27 | Client :4 | Local Epoch : 2 | [64/635 (11%)]	Loss1: 5.844391 Loss2: 0.000009 
| Global Round : 27 | Client :4 | Local Epoch : 3 | [64/635 (11%)]	Loss1: 5.843942 Loss2: 0.000008 
| Global Round : 27 | Client :4 | Local Epoch : 4 | [64/635 (11%)]	Loss1: 5.844254 Loss2: 0.000010 
| Global Round : 27 | Client :5 | Local Epoch : 0 | [64/633 (11%)]	Loss1: 5.842395 Loss2: 0.000011 
| Global Round : 27 | Client :5 | Local Epoch : 1 | [64/633 (11%)]	Loss1: 5.842152 Loss2: 0.000009 
| Global Round : 27 | Client :5 | Local Epoch : 2 | [64/633 (11%)]	Loss1: 5.843209 Loss2: 0.000007 
| Global Round : 27 | Client :5 | Local Epoch : 3 | [64/633 (11%)]	Loss1: 5.841938 Loss2: 0.000008 
| Global Round : 27 | Client :5 | Local Epoch : 4 | [64/633 (11%)]	Loss1: 5.841293 Loss2: 0.000008 
| Global Round : 27 | Client :6 | Local Epoch : 0 | [64/645 (10%)]	Loss1: 5.841868 Loss2: 0.000007 
| Global Round : 27 | Client :6 | Local Epoch : 1 | [64/645 (10%)]	Loss1: 5.843959 Loss2: 0.000009 
| Global Round : 27 | Client :6 | Local Epoch : 2 | [64/645 (10%)]	Loss1: 5.841515 Loss2: 0.000008 
| Global Round : 27 | Client :6 | Local Epoch : 3 | [64/645 (10%)]	Loss1: 5.843681 Loss2: 0.000007 
| Global Round : 27 | Client :6 | Local Epoch : 4 | [64/645 (10%)]	Loss1: 5.842987 Loss2: 0.000009 
| Global Round : 27 | Client :7 | Local Epoch : 0 | [64/615 (11%)]	Loss1: 5.842768 Loss2: 0.000008 
| Global Round : 27 | Client :7 | Local Epoch : 1 | [64/615 (11%)]	Loss1: 5.843326 Loss2: 0.000010 
| Global Round : 27 | Client :7 | Local Epoch : 2 | [64/615 (11%)]	Loss1: 5.842762 Loss2: 0.000006 
| Global Round : 27 | Client :7 | Local Epoch : 3 | [64/615 (11%)]	Loss1: 5.841840 Loss2: 0.000006 
| Global Round : 27 | Client :7 | Local Epoch : 4 | [64/615 (11%)]	Loss1: 5.842649 Loss2: 0.000007 
| Global Round : 27 | Client :8 | Local Epoch : 0 | [64/609 (11%)]	Loss1: 5.842113 Loss2: 0.000009 
| Global Round : 27 | Client :8 | Local Epoch : 1 | [64/609 (11%)]	Loss1: 5.841281 Loss2: 0.000007 
| Global Round : 27 | Client :8 | Local Epoch : 2 | [64/609 (11%)]	Loss1: 5.842403 Loss2: 0.000009 
| Global Round : 27 | Client :8 | Local Epoch : 3 | [64/609 (11%)]	Loss1: 5.841554 Loss2: 0.000008 
| Global Round : 27 | Client :8 | Local Epoch : 4 | [64/609 (11%)]	Loss1: 5.841775 Loss2: 0.000006 
| Global Round : 27 | Client :9 | Local Epoch : 0 | [64/628 (11%)]	Loss1: 5.842925 Loss2: 0.000009 
| Global Round : 27 | Client :9 | Local Epoch : 1 | [64/628 (11%)]	Loss1: 5.842655 Loss2: 0.000007 
| Global Round : 27 | Client :9 | Local Epoch : 2 | [64/628 (11%)]	Loss1: 5.843328 Loss2: 0.000009 
| Global Round : 27 | Client :9 | Local Epoch : 3 | [64/628 (11%)]	Loss1: 5.842953 Loss2: 0.000007 
| Global Round : 27 | Client :9 | Local Epoch : 4 | [64/628 (11%)]	Loss1: 5.843769 Loss2: 0.000006 
average loss:   5.8397831506199305
average local test accuracy: 0.7841145833333333
average global test accuracy:  0.8024739583333332

 | Global Training Round : 28 |

xi_k [0.5166327  0.51578096 0.5035967  0.48192772 0.4834315  0.48479808
 0.52875495 0.49897821 0.50395153 0.48875147]
max_exp: -1.0
coe: 10
Regulation [0.8 0.8 0.8 0.8 0.8 0.8 0.8 0.8 0.8 0.8]
Solver status: optimal_inaccurate
b_new: [1. 1. 1. 1. 1. 1. 1. 1. 1. 1.]
Iter 0: obj=49.6660, best_obj=49.6660, ||b_new-b_prev||₂=2.846050
xi_k [0.5166327  0.51578096 0.5035967  0.48192772 0.4834315  0.48479808
 0.52875495 0.49897821 0.50395153 0.48875147]
max_exp: -1.0
coe: 10
Regulation [-1. -1. -1. -1. -1. -1. -1. -1. -1. -1.]
Solver status: optimal_inaccurate
b_new: [1. 1. 1. 1. 1. 1. 1. 1. 1. 1.]
Iter 1: obj=50.5660, best_obj=50.5660, ||b_new-b_prev||₂=0.000000
Converged.
Final b: [1. 1. 1. 1. 1. 1. 1. 1. 1. 1.]
<class 'numpy.ndarray'>
b_float: [1. 1. 1. 1. 1. 1. 1. 1. 1. 1.]
b: [1 1 1 1 1 1 1 1 1 1]
active_clients:  [0, 1, 2, 3, 4, 5, 6, 7, 8, 9]
Client 0's s_k are:[0 1 1 1 1 1 1 1 1 1]
Client 1's s_k are:[1 0 1 1 1 1 1 1 1 1]
Client 2's s_k are:[1 1 0 1 1 1 1 1 1 1]
Client 3's s_k are:[1 1 1 0 1 1 1 1 1 1]
Client 4's s_k are:[1 1 1 1 0 1 1 1 1 1]
Client 5's s_k are:[1 1 1 1 1 0 1 1 1 1]
Client 6's s_k are:[1 1 1 1 1 1 0 1 1 1]
Client 7's s_k are:[1 1 1 1 1 1 1 0 1 1]
Client 8's s_k are:[1 1 1 1 1 1 1 1 0 1]
Client 9's s_k are:[1 1 1 1 1 1 1 1 1 0]
| Global Round : 28 | Client :0 | Local Epoch : 0 | [64/594 (11%)]	Loss1: 5.842287 Loss2: 0.000006 
| Global Round : 28 | Client :0 | Local Epoch : 1 | [64/594 (11%)]	Loss1: 5.843040 Loss2: 0.000009 
| Global Round : 28 | Client :0 | Local Epoch : 2 | [64/594 (11%)]	Loss1: 5.842312 Loss2: 0.000008 
| Global Round : 28 | Client :0 | Local Epoch : 3 | [64/594 (11%)]	Loss1: 5.842097 Loss2: 0.000005 
| Global Round : 28 | Client :0 | Local Epoch : 4 | [64/594 (11%)]	Loss1: 5.842833 Loss2: 0.000008 
| Global Round : 28 | Client :1 | Local Epoch : 0 | [64/595 (11%)]	Loss1: 5.840376 Loss2: 0.000009 
| Global Round : 28 | Client :1 | Local Epoch : 1 | [64/595 (11%)]	Loss1: 5.841850 Loss2: 0.000008 
| Global Round : 28 | Client :1 | Local Epoch : 2 | [64/595 (11%)]	Loss1: 5.842884 Loss2: 0.000007 
| Global Round : 28 | Client :1 | Local Epoch : 3 | [64/595 (11%)]	Loss1: 5.843268 Loss2: 0.000007 
| Global Round : 28 | Client :1 | Local Epoch : 4 | [64/595 (11%)]	Loss1: 5.842879 Loss2: 0.000008 
| Global Round : 28 | Client :2 | Local Epoch : 0 | [64/474 (14%)]	Loss1: 5.842341 Loss2: 0.000007 
| Global Round : 28 | Client :2 | Local Epoch : 1 | [64/474 (14%)]	Loss1: 5.843618 Loss2: 0.000009 
| Global Round : 28 | Client :2 | Local Epoch : 2 | [64/474 (14%)]	Loss1: 5.843444 Loss2: 0.000007 
| Global Round : 28 | Client :2 | Local Epoch : 3 | [64/474 (14%)]	Loss1: 5.840967 Loss2: 0.000006 
| Global Round : 28 | Client :2 | Local Epoch : 4 | [64/474 (14%)]	Loss1: 5.842494 Loss2: 0.000006 
| Global Round : 28 | Client :3 | Local Epoch : 0 | [64/566 (12%)]	Loss1: 5.843331 Loss2: 0.000006 
| Global Round : 28 | Client :3 | Local Epoch : 1 | [64/566 (12%)]	Loss1: 5.842235 Loss2: 0.000007 
| Global Round : 28 | Client :3 | Local Epoch : 2 | [64/566 (12%)]	Loss1: 5.842536 Loss2: 0.000008 
| Global Round : 28 | Client :3 | Local Epoch : 3 | [64/566 (12%)]	Loss1: 5.841565 Loss2: 0.000008 
| Global Round : 28 | Client :3 | Local Epoch : 4 | [64/566 (12%)]	Loss1: 5.842752 Loss2: 0.000007 
| Global Round : 28 | Client :4 | Local Epoch : 0 | [64/635 (11%)]	Loss1: 5.843040 Loss2: 0.000006 
| Global Round : 28 | Client :4 | Local Epoch : 1 | [64/635 (11%)]	Loss1: 5.843871 Loss2: 0.000009 
| Global Round : 28 | Client :4 | Local Epoch : 2 | [64/635 (11%)]	Loss1: 5.842999 Loss2: 0.000012 
| Global Round : 28 | Client :4 | Local Epoch : 3 | [64/635 (11%)]	Loss1: 5.842805 Loss2: 0.000008 
| Global Round : 28 | Client :4 | Local Epoch : 4 | [64/635 (11%)]	Loss1: 5.842740 Loss2: 0.000009 
| Global Round : 28 | Client :5 | Local Epoch : 0 | [64/633 (11%)]	Loss1: 5.842754 Loss2: 0.000006 
| Global Round : 28 | Client :5 | Local Epoch : 1 | [64/633 (11%)]	Loss1: 5.841741 Loss2: 0.000009 
| Global Round : 28 | Client :5 | Local Epoch : 2 | [64/633 (11%)]	Loss1: 5.840920 Loss2: 0.000006 
| Global Round : 28 | Client :5 | Local Epoch : 3 | [64/633 (11%)]	Loss1: 5.842051 Loss2: 0.000009 
| Global Round : 28 | Client :5 | Local Epoch : 4 | [64/633 (11%)]	Loss1: 5.841978 Loss2: 0.000007 
| Global Round : 28 | Client :6 | Local Epoch : 0 | [64/645 (10%)]	Loss1: 5.842995 Loss2: 0.000011 
| Global Round : 28 | Client :6 | Local Epoch : 1 | [64/645 (10%)]	Loss1: 5.842361 Loss2: 0.000011 
| Global Round : 28 | Client :6 | Local Epoch : 2 | [64/645 (10%)]	Loss1: 5.842317 Loss2: 0.000008 
| Global Round : 28 | Client :6 | Local Epoch : 3 | [64/645 (10%)]	Loss1: 5.842451 Loss2: 0.000007 
| Global Round : 28 | Client :6 | Local Epoch : 4 | [64/645 (10%)]	Loss1: 5.841634 Loss2: 0.000007 
| Global Round : 28 | Client :7 | Local Epoch : 0 | [64/615 (11%)]	Loss1: 5.843408 Loss2: 0.000010 
| Global Round : 28 | Client :7 | Local Epoch : 1 | [64/615 (11%)]	Loss1: 5.842587 Loss2: 0.000010 
| Global Round : 28 | Client :7 | Local Epoch : 2 | [64/615 (11%)]	Loss1: 5.841101 Loss2: 0.000009 
| Global Round : 28 | Client :7 | Local Epoch : 3 | [64/615 (11%)]	Loss1: 5.842312 Loss2: 0.000008 
| Global Round : 28 | Client :7 | Local Epoch : 4 | [64/615 (11%)]	Loss1: 5.841377 Loss2: 0.000009 
| Global Round : 28 | Client :8 | Local Epoch : 0 | [64/609 (11%)]	Loss1: 5.842989 Loss2: 0.000008 
| Global Round : 28 | Client :8 | Local Epoch : 1 | [64/609 (11%)]	Loss1: 5.842289 Loss2: 0.000008 
| Global Round : 28 | Client :8 | Local Epoch : 2 | [64/609 (11%)]	Loss1: 5.843254 Loss2: 0.000007 
| Global Round : 28 | Client :8 | Local Epoch : 3 | [64/609 (11%)]	Loss1: 5.843298 Loss2: 0.000010 
| Global Round : 28 | Client :8 | Local Epoch : 4 | [64/609 (11%)]	Loss1: 5.843200 Loss2: 0.000008 
| Global Round : 28 | Client :9 | Local Epoch : 0 | [64/628 (11%)]	Loss1: 5.842219 Loss2: 0.000009 
| Global Round : 28 | Client :9 | Local Epoch : 1 | [64/628 (11%)]	Loss1: 5.841740 Loss2: 0.000006 
| Global Round : 28 | Client :9 | Local Epoch : 2 | [64/628 (11%)]	Loss1: 5.842227 Loss2: 0.000007 
| Global Round : 28 | Client :9 | Local Epoch : 3 | [64/628 (11%)]	Loss1: 5.843519 Loss2: 0.000007 
| Global Round : 28 | Client :9 | Local Epoch : 4 | [64/628 (11%)]	Loss1: 5.843522 Loss2: 0.000009 
average loss:   5.839777846279598
average local test accuracy: 0.7796875
average global test accuracy:  0.798828125

 | Global Training Round : 29 |

xi_k [0.51660937 0.51573558 0.50358304 0.4819728  0.48332965 0.48479466
 0.5287695  0.49892871 0.50400014 0.48872628]
max_exp: -1.0
coe: 10
Regulation [0.8 0.8 0.8 0.8 0.8 0.8 0.8 0.8 0.8 0.8]
Solver status: optimal_inaccurate
b_new: [1. 1. 1. 1. 1. 1. 1. 1. 1. 1.]
Iter 0: obj=49.6645, best_obj=49.6645, ||b_new-b_prev||₂=2.846050
xi_k [0.51660937 0.51573558 0.50358304 0.4819728  0.48332965 0.48479466
 0.5287695  0.49892871 0.50400014 0.48872628]
max_exp: -1.0
coe: 10
Regulation [-1. -1. -1. -1. -1. -1. -1. -1. -1. -1.]
Solver status: optimal_inaccurate
b_new: [1. 1. 1. 1. 1. 1. 1. 1. 1. 1.]
Iter 1: obj=50.5645, best_obj=50.5645, ||b_new-b_prev||₂=0.000000
Converged.
Final b: [1. 1. 1. 1. 1. 1. 1. 1. 1. 1.]
<class 'numpy.ndarray'>
b_float: [1. 1. 1. 1. 1. 1. 1. 1. 1. 1.]
b: [1 1 1 1 1 1 1 1 1 1]
active_clients:  [0, 1, 2, 3, 4, 5, 6, 7, 8, 9]
Client 0's s_k are:[0 1 1 1 1 1 1 1 1 1]
Client 1's s_k are:[1 0 1 1 1 1 1 1 1 1]
Client 2's s_k are:[1 1 0 1 1 1 1 1 1 1]
Client 3's s_k are:[1 1 1 0 1 1 1 1 1 1]
Client 4's s_k are:[1 1 1 1 0 1 1 1 1 1]
Client 5's s_k are:[1 1 1 1 1 0 1 1 1 1]
Client 6's s_k are:[1 1 1 1 1 1 0 1 1 1]
Client 7's s_k are:[1 1 1 1 1 1 1 0 1 1]
Client 8's s_k are:[1 1 1 1 1 1 1 1 0 1]
Client 9's s_k are:[1 1 1 1 1 1 1 1 1 0]
| Global Round : 29 | Client :0 | Local Epoch : 0 | [64/594 (11%)]	Loss1: 5.842536 Loss2: 0.000006 
| Global Round : 29 | Client :0 | Local Epoch : 1 | [64/594 (11%)]	Loss1: 5.843129 Loss2: 0.000006 
| Global Round : 29 | Client :0 | Local Epoch : 2 | [64/594 (11%)]	Loss1: 5.841497 Loss2: 0.000006 
| Global Round : 29 | Client :0 | Local Epoch : 3 | [64/594 (11%)]	Loss1: 5.842429 Loss2: 0.000009 
| Global Round : 29 | Client :0 | Local Epoch : 4 | [64/594 (11%)]	Loss1: 5.842852 Loss2: 0.000009 
| Global Round : 29 | Client :1 | Local Epoch : 0 | [64/595 (11%)]	Loss1: 5.842276 Loss2: 0.000009 
| Global Round : 29 | Client :1 | Local Epoch : 1 | [64/595 (11%)]	Loss1: 5.843844 Loss2: 0.000008 
| Global Round : 29 | Client :1 | Local Epoch : 2 | [64/595 (11%)]	Loss1: 5.842547 Loss2: 0.000006 
| Global Round : 29 | Client :1 | Local Epoch : 3 | [64/595 (11%)]	Loss1: 5.841482 Loss2: 0.000006 
| Global Round : 29 | Client :1 | Local Epoch : 4 | [64/595 (11%)]	Loss1: 5.842033 Loss2: 0.000007 
| Global Round : 29 | Client :2 | Local Epoch : 0 | [64/474 (14%)]	Loss1: 5.843009 Loss2: 0.000007 
| Global Round : 29 | Client :2 | Local Epoch : 1 | [64/474 (14%)]	Loss1: 5.841461 Loss2: 0.000008 
| Global Round : 29 | Client :2 | Local Epoch : 2 | [64/474 (14%)]	Loss1: 5.843354 Loss2: 0.000007 
| Global Round : 29 | Client :2 | Local Epoch : 3 | [64/474 (14%)]	Loss1: 5.842510 Loss2: 0.000007 
| Global Round : 29 | Client :2 | Local Epoch : 4 | [64/474 (14%)]	Loss1: 5.843685 Loss2: 0.000006 
| Global Round : 29 | Client :3 | Local Epoch : 0 | [64/566 (12%)]	Loss1: 5.842178 Loss2: 0.000007 
| Global Round : 29 | Client :3 | Local Epoch : 1 | [64/566 (12%)]	Loss1: 5.842654 Loss2: 0.000007 
| Global Round : 29 | Client :3 | Local Epoch : 2 | [64/566 (12%)]	Loss1: 5.842514 Loss2: 0.000008 
| Global Round : 29 | Client :3 | Local Epoch : 3 | [64/566 (12%)]	Loss1: 5.842330 Loss2: 0.000009 
| Global Round : 29 | Client :3 | Local Epoch : 4 | [64/566 (12%)]	Loss1: 5.843129 Loss2: 0.000009 
| Global Round : 29 | Client :4 | Local Epoch : 0 | [64/635 (11%)]	Loss1: 5.841350 Loss2: 0.000007 
| Global Round : 29 | Client :4 | Local Epoch : 1 | [64/635 (11%)]	Loss1: 5.842496 Loss2: 0.000007 
| Global Round : 29 | Client :4 | Local Epoch : 2 | [64/635 (11%)]	Loss1: 5.841466 Loss2: 0.000008 
| Global Round : 29 | Client :4 | Local Epoch : 3 | [64/635 (11%)]	Loss1: 5.843081 Loss2: 0.000008 
| Global Round : 29 | Client :4 | Local Epoch : 4 | [64/635 (11%)]	Loss1: 5.841103 Loss2: 0.000009 
| Global Round : 29 | Client :5 | Local Epoch : 0 | [64/633 (11%)]	Loss1: 5.842468 Loss2: 0.000007 
| Global Round : 29 | Client :5 | Local Epoch : 1 | [64/633 (11%)]	Loss1: 5.842981 Loss2: 0.000009 
| Global Round : 29 | Client :5 | Local Epoch : 2 | [64/633 (11%)]	Loss1: 5.843109 Loss2: 0.000011 
| Global Round : 29 | Client :5 | Local Epoch : 3 | [64/633 (11%)]	Loss1: 5.842017 Loss2: 0.000009 
| Global Round : 29 | Client :5 | Local Epoch : 4 | [64/633 (11%)]	Loss1: 5.841243 Loss2: 0.000008 
| Global Round : 29 | Client :6 | Local Epoch : 0 | [64/645 (10%)]	Loss1: 5.842804 Loss2: 0.000007 
| Global Round : 29 | Client :6 | Local Epoch : 1 | [64/645 (10%)]	Loss1: 5.844059 Loss2: 0.000008 
| Global Round : 29 | Client :6 | Local Epoch : 2 | [64/645 (10%)]	Loss1: 5.843307 Loss2: 0.000007 
| Global Round : 29 | Client :6 | Local Epoch : 3 | [64/645 (10%)]	Loss1: 5.843011 Loss2: 0.000009 
| Global Round : 29 | Client :6 | Local Epoch : 4 | [64/645 (10%)]	Loss1: 5.843020 Loss2: 0.000007 
| Global Round : 29 | Client :7 | Local Epoch : 0 | [64/615 (11%)]	Loss1: 5.841749 Loss2: 0.000010 
| Global Round : 29 | Client :7 | Local Epoch : 1 | [64/615 (11%)]	Loss1: 5.842101 Loss2: 0.000008 
| Global Round : 29 | Client :7 | Local Epoch : 2 | [64/615 (11%)]	Loss1: 5.841674 Loss2: 0.000009 
| Global Round : 29 | Client :7 | Local Epoch : 3 | [64/615 (11%)]	Loss1: 5.842107 Loss2: 0.000006 
| Global Round : 29 | Client :7 | Local Epoch : 4 | [64/615 (11%)]	Loss1: 5.841716 Loss2: 0.000008 
| Global Round : 29 | Client :8 | Local Epoch : 0 | [64/609 (11%)]	Loss1: 5.843148 Loss2: 0.000008 
| Global Round : 29 | Client :8 | Local Epoch : 1 | [64/609 (11%)]	Loss1: 5.843424 Loss2: 0.000007 
| Global Round : 29 | Client :8 | Local Epoch : 2 | [64/609 (11%)]	Loss1: 5.842534 Loss2: 0.000009 
| Global Round : 29 | Client :8 | Local Epoch : 3 | [64/609 (11%)]	Loss1: 5.843607 Loss2: 0.000008 
| Global Round : 29 | Client :8 | Local Epoch : 4 | [64/609 (11%)]	Loss1: 5.843746 Loss2: 0.000007 
| Global Round : 29 | Client :9 | Local Epoch : 0 | [64/628 (11%)]	Loss1: 5.841519 Loss2: 0.000007 
| Global Round : 29 | Client :9 | Local Epoch : 1 | [64/628 (11%)]	Loss1: 5.843027 Loss2: 0.000006 
| Global Round : 29 | Client :9 | Local Epoch : 2 | [64/628 (11%)]	Loss1: 5.842635 Loss2: 0.000007 
| Global Round : 29 | Client :9 | Local Epoch : 3 | [64/628 (11%)]	Loss1: 5.842502 Loss2: 0.000010 
| Global Round : 29 | Client :9 | Local Epoch : 4 | [64/628 (11%)]	Loss1: 5.841438 Loss2: 0.000006 
average loss:   5.8397206389336365
average local test accuracy: 0.7783854166666667
average global test accuracy:  0.8199218749999998

 | Global Training Round : 30 |

xi_k [0.51663578 0.51573068 0.5035932  0.48194506 0.4833357  0.48476244
 0.52872437 0.49900645 0.50391784 0.48874652]
max_exp: -1.0
coe: 10
Regulation [0.8 0.8 0.8 0.8 0.8 0.8 0.8 0.8 0.8 0.8]
Solver status: optimal_inaccurate
b_new: [1. 1. 1. 1. 1. 1. 1. 1. 1. 1.]
Iter 0: obj=49.6640, best_obj=49.6640, ||b_new-b_prev||₂=2.846050
xi_k [0.51663578 0.51573068 0.5035932  0.48194506 0.4833357  0.48476244
 0.52872437 0.49900645 0.50391784 0.48874652]
max_exp: -1.0
coe: 10
Regulation [-1. -1. -1. -1. -1. -1. -1. -1. -1. -1.]
Solver status: optimal_inaccurate
b_new: [1. 1. 1. 1. 1. 1. 1. 1. 1. 1.]
Iter 1: obj=50.5640, best_obj=50.5640, ||b_new-b_prev||₂=0.000000
Converged.
Final b: [1. 1. 1. 1. 1. 1. 1. 1. 1. 1.]
<class 'numpy.ndarray'>
b_float: [1. 1. 1. 1. 1. 1. 1. 1. 1. 1.]
b: [1 1 1 1 1 1 1 1 1 1]
active_clients:  [0, 1, 2, 3, 4, 5, 6, 7, 8, 9]
Client 0's s_k are:[0 1 1 1 1 1 1 1 1 1]
Client 1's s_k are:[1 0 1 1 1 1 1 1 1 1]
Client 2's s_k are:[1 1 0 1 1 1 1 1 1 1]
Client 3's s_k are:[1 1 1 0 1 1 1 1 1 1]
Client 4's s_k are:[1 1 1 1 0 1 1 1 1 1]
Client 5's s_k are:[1 1 1 1 1 0 1 1 1 1]
Client 6's s_k are:[1 1 1 1 1 1 0 1 1 1]
Client 7's s_k are:[1 1 1 1 1 1 1 0 1 1]
Client 8's s_k are:[1 1 1 1 1 1 1 1 0 1]
Client 9's s_k are:[1 1 1 1 1 1 1 1 1 0]
| Global Round : 30 | Client :0 | Local Epoch : 0 | [64/594 (11%)]	Loss1: 5.842486 Loss2: 0.000006 
| Global Round : 30 | Client :0 | Local Epoch : 1 | [64/594 (11%)]	Loss1: 5.841767 Loss2: 0.000008 
| Global Round : 30 | Client :0 | Local Epoch : 2 | [64/594 (11%)]	Loss1: 5.840950 Loss2: 0.000008 
| Global Round : 30 | Client :0 | Local Epoch : 3 | [64/594 (11%)]	Loss1: 5.841644 Loss2: 0.000008 
| Global Round : 30 | Client :0 | Local Epoch : 4 | [64/594 (11%)]	Loss1: 5.842628 Loss2: 0.000005 
| Global Round : 30 | Client :1 | Local Epoch : 0 | [64/595 (11%)]	Loss1: 5.842524 Loss2: 0.000009 
| Global Round : 30 | Client :1 | Local Epoch : 1 | [64/595 (11%)]	Loss1: 5.842220 Loss2: 0.000007 
| Global Round : 30 | Client :1 | Local Epoch : 2 | [64/595 (11%)]	Loss1: 5.843731 Loss2: 0.000005 
| Global Round : 30 | Client :1 | Local Epoch : 3 | [64/595 (11%)]	Loss1: 5.842103 Loss2: 0.000011 
| Global Round : 30 | Client :1 | Local Epoch : 4 | [64/595 (11%)]	Loss1: 5.842929 Loss2: 0.000007 
| Global Round : 30 | Client :2 | Local Epoch : 0 | [64/474 (14%)]	Loss1: 5.841064 Loss2: 0.000006 
| Global Round : 30 | Client :2 | Local Epoch : 1 | [64/474 (14%)]	Loss1: 5.842414 Loss2: 0.000008 
| Global Round : 30 | Client :2 | Local Epoch : 2 | [64/474 (14%)]	Loss1: 5.840880 Loss2: 0.000008 
| Global Round : 30 | Client :2 | Local Epoch : 3 | [64/474 (14%)]	Loss1: 5.842819 Loss2: 0.000007 
| Global Round : 30 | Client :2 | Local Epoch : 4 | [64/474 (14%)]	Loss1: 5.842397 Loss2: 0.000007 
| Global Round : 30 | Client :3 | Local Epoch : 0 | [64/566 (12%)]	Loss1: 5.840696 Loss2: 0.000006 
| Global Round : 30 | Client :3 | Local Epoch : 1 | [64/566 (12%)]	Loss1: 5.842158 Loss2: 0.000008 
| Global Round : 30 | Client :3 | Local Epoch : 2 | [64/566 (12%)]	Loss1: 5.842460 Loss2: 0.000006 
| Global Round : 30 | Client :3 | Local Epoch : 3 | [64/566 (12%)]	Loss1: 5.842248 Loss2: 0.000007 
| Global Round : 30 | Client :3 | Local Epoch : 4 | [64/566 (12%)]	Loss1: 5.840744 Loss2: 0.000007 
| Global Round : 30 | Client :4 | Local Epoch : 0 | [64/635 (11%)]	Loss1: 5.843321 Loss2: 0.000007 
| Global Round : 30 | Client :4 | Local Epoch : 1 | [64/635 (11%)]	Loss1: 5.842388 Loss2: 0.000009 
| Global Round : 30 | Client :4 | Local Epoch : 2 | [64/635 (11%)]	Loss1: 5.843641 Loss2: 0.000009 
| Global Round : 30 | Client :4 | Local Epoch : 3 | [64/635 (11%)]	Loss1: 5.841843 Loss2: 0.000008 
| Global Round : 30 | Client :4 | Local Epoch : 4 | [64/635 (11%)]	Loss1: 5.842247 Loss2: 0.000007 
| Global Round : 30 | Client :5 | Local Epoch : 0 | [64/633 (11%)]	Loss1: 5.842178 Loss2: 0.000009 
| Global Round : 30 | Client :5 | Local Epoch : 1 | [64/633 (11%)]	Loss1: 5.841480 Loss2: 0.000008 
| Global Round : 30 | Client :5 | Local Epoch : 2 | [64/633 (11%)]	Loss1: 5.841995 Loss2: 0.000009 
| Global Round : 30 | Client :5 | Local Epoch : 3 | [64/633 (11%)]	Loss1: 5.842444 Loss2: 0.000007 
| Global Round : 30 | Client :5 | Local Epoch : 4 | [64/633 (11%)]	Loss1: 5.843544 Loss2: 0.000009 
| Global Round : 30 | Client :6 | Local Epoch : 0 | [64/645 (10%)]	Loss1: 5.841569 Loss2: 0.000009 
| Global Round : 30 | Client :6 | Local Epoch : 1 | [64/645 (10%)]	Loss1: 5.842078 Loss2: 0.000009 
| Global Round : 30 | Client :6 | Local Epoch : 2 | [64/645 (10%)]	Loss1: 5.841756 Loss2: 0.000008 
| Global Round : 30 | Client :6 | Local Epoch : 3 | [64/645 (10%)]	Loss1: 5.842602 Loss2: 0.000007 
| Global Round : 30 | Client :6 | Local Epoch : 4 | [64/645 (10%)]	Loss1: 5.842677 Loss2: 0.000008 
| Global Round : 30 | Client :7 | Local Epoch : 0 | [64/615 (11%)]	Loss1: 5.842174 Loss2: 0.000009 
| Global Round : 30 | Client :7 | Local Epoch : 1 | [64/615 (11%)]	Loss1: 5.842843 Loss2: 0.000007 
| Global Round : 30 | Client :7 | Local Epoch : 2 | [64/615 (11%)]	Loss1: 5.841834 Loss2: 0.000007 
| Global Round : 30 | Client :7 | Local Epoch : 3 | [64/615 (11%)]	Loss1: 5.841523 Loss2: 0.000009 
| Global Round : 30 | Client :7 | Local Epoch : 4 | [64/615 (11%)]	Loss1: 5.841757 Loss2: 0.000007 
| Global Round : 30 | Client :8 | Local Epoch : 0 | [64/609 (11%)]	Loss1: 5.843137 Loss2: 0.000007 
| Global Round : 30 | Client :8 | Local Epoch : 1 | [64/609 (11%)]	Loss1: 5.842937 Loss2: 0.000006 
| Global Round : 30 | Client :8 | Local Epoch : 2 | [64/609 (11%)]	Loss1: 5.841745 Loss2: 0.000008 
| Global Round : 30 | Client :8 | Local Epoch : 3 | [64/609 (11%)]	Loss1: 5.841480 Loss2: 0.000005 
| Global Round : 30 | Client :8 | Local Epoch : 4 | [64/609 (11%)]	Loss1: 5.842638 Loss2: 0.000007 
| Global Round : 30 | Client :9 | Local Epoch : 0 | [64/628 (11%)]	Loss1: 5.841615 Loss2: 0.000008 
| Global Round : 30 | Client :9 | Local Epoch : 1 | [64/628 (11%)]	Loss1: 5.842528 Loss2: 0.000008 
| Global Round : 30 | Client :9 | Local Epoch : 2 | [64/628 (11%)]	Loss1: 5.842847 Loss2: 0.000008 
| Global Round : 30 | Client :9 | Local Epoch : 3 | [64/628 (11%)]	Loss1: 5.842343 Loss2: 0.000007 
| Global Round : 30 | Client :9 | Local Epoch : 4 | [64/628 (11%)]	Loss1: 5.842668 Loss2: 0.000008 
average loss:   5.839642865525351
average local test accuracy: 0.7815104166666667
average global test accuracy:  0.84140625

 | Global Training Round : 31 |

xi_k [0.5165796  0.51576212 0.50362656 0.4818756  0.48334126 0.48478684
 0.5287515  0.49891236 0.50394183 0.48867884]
max_exp: -1.0
coe: 10
Regulation [0.8 0.8 0.8 0.8 0.8 0.8 0.8 0.8 0.8 0.8]
Solver status: optimal_inaccurate
b_new: [1. 1. 1. 1. 1. 1. 1. 1. 1. 1.]
Iter 0: obj=49.6626, best_obj=49.6626, ||b_new-b_prev||₂=2.846050
xi_k [0.5165796  0.51576212 0.50362656 0.4818756  0.48334126 0.48478684
 0.5287515  0.49891236 0.50394183 0.48867884]
max_exp: -1.0
coe: 10
Regulation [-1. -1. -1. -1. -1. -1. -1. -1. -1. -1.]
Solver status: optimal_inaccurate
b_new: [1. 1. 1. 1. 1. 1. 1. 1. 1. 1.]
Iter 1: obj=50.5626, best_obj=50.5626, ||b_new-b_prev||₂=0.000000
Converged.
Final b: [1. 1. 1. 1. 1. 1. 1. 1. 1. 1.]
<class 'numpy.ndarray'>
b_float: [1. 1. 1. 1. 1. 1. 1. 1. 1. 1.]
b: [1 1 1 1 1 1 1 1 1 1]
active_clients:  [0, 1, 2, 3, 4, 5, 6, 7, 8, 9]
Client 0's s_k are:[0 1 1 1 1 1 1 1 1 1]
Client 1's s_k are:[1 0 1 1 1 1 1 1 1 1]
Client 2's s_k are:[1 1 0 1 1 1 1 1 1 1]
Client 3's s_k are:[1 1 1 0 1 1 1 1 1 1]
Client 4's s_k are:[1 1 1 1 0 1 1 1 1 1]
Client 5's s_k are:[1 1 1 1 1 0 1 1 1 1]
Client 6's s_k are:[1 1 1 1 1 1 0 1 1 1]
Client 7's s_k are:[1 1 1 1 1 1 1 0 1 1]
Client 8's s_k are:[1 1 1 1 1 1 1 1 0 1]
Client 9's s_k are:[1 1 1 1 1 1 1 1 1 0]
| Global Round : 31 | Client :0 | Local Epoch : 0 | [64/594 (11%)]	Loss1: 5.841389 Loss2: 0.000009 
| Global Round : 31 | Client :0 | Local Epoch : 1 | [64/594 (11%)]	Loss1: 5.842027 Loss2: 0.000007 
| Global Round : 31 | Client :0 | Local Epoch : 2 | [64/594 (11%)]	Loss1: 5.841096 Loss2: 0.000006 
| Global Round : 31 | Client :0 | Local Epoch : 3 | [64/594 (11%)]	Loss1: 5.842385 Loss2: 0.000009 
| Global Round : 31 | Client :0 | Local Epoch : 4 | [64/594 (11%)]	Loss1: 5.841999 Loss2: 0.000007 
| Global Round : 31 | Client :1 | Local Epoch : 0 | [64/595 (11%)]	Loss1: 5.841739 Loss2: 0.000009 
| Global Round : 31 | Client :1 | Local Epoch : 1 | [64/595 (11%)]	Loss1: 5.843523 Loss2: 0.000007 
| Global Round : 31 | Client :1 | Local Epoch : 2 | [64/595 (11%)]	Loss1: 5.841276 Loss2: 0.000008 
| Global Round : 31 | Client :1 | Local Epoch : 3 | [64/595 (11%)]	Loss1: 5.842345 Loss2: 0.000008 
| Global Round : 31 | Client :1 | Local Epoch : 4 | [64/595 (11%)]	Loss1: 5.842288 Loss2: 0.000009 
| Global Round : 31 | Client :2 | Local Epoch : 0 | [64/474 (14%)]	Loss1: 5.843321 Loss2: 0.000008 
| Global Round : 31 | Client :2 | Local Epoch : 1 | [64/474 (14%)]	Loss1: 5.843491 Loss2: 0.000009 
| Global Round : 31 | Client :2 | Local Epoch : 2 | [64/474 (14%)]	Loss1: 5.841693 Loss2: 0.000008 
| Global Round : 31 | Client :2 | Local Epoch : 3 | [64/474 (14%)]	Loss1: 5.842336 Loss2: 0.000006 
| Global Round : 31 | Client :2 | Local Epoch : 4 | [64/474 (14%)]	Loss1: 5.844048 Loss2: 0.000010 
| Global Round : 31 | Client :3 | Local Epoch : 0 | [64/566 (12%)]	Loss1: 5.840883 Loss2: 0.000005 
| Global Round : 31 | Client :3 | Local Epoch : 1 | [64/566 (12%)]	Loss1: 5.841657 Loss2: 0.000008 
| Global Round : 31 | Client :3 | Local Epoch : 2 | [64/566 (12%)]	Loss1: 5.842051 Loss2: 0.000005 
| Global Round : 31 | Client :3 | Local Epoch : 3 | [64/566 (12%)]	Loss1: 5.841625 Loss2: 0.000005 
| Global Round : 31 | Client :3 | Local Epoch : 4 | [64/566 (12%)]	Loss1: 5.841745 Loss2: 0.000006 
| Global Round : 31 | Client :4 | Local Epoch : 0 | [64/635 (11%)]	Loss1: 5.841281 Loss2: 0.000008 
| Global Round : 31 | Client :4 | Local Epoch : 1 | [64/635 (11%)]	Loss1: 5.841457 Loss2: 0.000008 
| Global Round : 31 | Client :4 | Local Epoch : 2 | [64/635 (11%)]	Loss1: 5.842784 Loss2: 0.000008 
| Global Round : 31 | Client :4 | Local Epoch : 3 | [64/635 (11%)]	Loss1: 5.841531 Loss2: 0.000009 
| Global Round : 31 | Client :4 | Local Epoch : 4 | [64/635 (11%)]	Loss1: 5.842474 Loss2: 0.000009 
| Global Round : 31 | Client :5 | Local Epoch : 0 | [64/633 (11%)]	Loss1: 5.841940 Loss2: 0.000005 
| Global Round : 31 | Client :5 | Local Epoch : 1 | [64/633 (11%)]	Loss1: 5.842490 Loss2: 0.000005 
| Global Round : 31 | Client :5 | Local Epoch : 2 | [64/633 (11%)]	Loss1: 5.841061 Loss2: 0.000007 
| Global Round : 31 | Client :5 | Local Epoch : 3 | [64/633 (11%)]	Loss1: 5.840721 Loss2: 0.000010 
| Global Round : 31 | Client :5 | Local Epoch : 4 | [64/633 (11%)]	Loss1: 5.840869 Loss2: 0.000009 
| Global Round : 31 | Client :6 | Local Epoch : 0 | [64/645 (10%)]	Loss1: 5.841123 Loss2: 0.000007 
| Global Round : 31 | Client :6 | Local Epoch : 1 | [64/645 (10%)]	Loss1: 5.843424 Loss2: 0.000009 
| Global Round : 31 | Client :6 | Local Epoch : 2 | [64/645 (10%)]	Loss1: 5.842133 Loss2: 0.000009 
| Global Round : 31 | Client :6 | Local Epoch : 3 | [64/645 (10%)]	Loss1: 5.842184 Loss2: 0.000007 
| Global Round : 31 | Client :6 | Local Epoch : 4 | [64/645 (10%)]	Loss1: 5.842844 Loss2: 0.000008 
| Global Round : 31 | Client :7 | Local Epoch : 0 | [64/615 (11%)]	Loss1: 5.842636 Loss2: 0.000008 
| Global Round : 31 | Client :7 | Local Epoch : 1 | [64/615 (11%)]	Loss1: 5.842385 Loss2: 0.000009 
| Global Round : 31 | Client :7 | Local Epoch : 2 | [64/615 (11%)]	Loss1: 5.843834 Loss2: 0.000007 
| Global Round : 31 | Client :7 | Local Epoch : 3 | [64/615 (11%)]	Loss1: 5.842050 Loss2: 0.000007 
| Global Round : 31 | Client :7 | Local Epoch : 4 | [64/615 (11%)]	Loss1: 5.841725 Loss2: 0.000008 
| Global Round : 31 | Client :8 | Local Epoch : 0 | [64/609 (11%)]	Loss1: 5.843172 Loss2: 0.000008 
| Global Round : 31 | Client :8 | Local Epoch : 1 | [64/609 (11%)]	Loss1: 5.843041 Loss2: 0.000006 
| Global Round : 31 | Client :8 | Local Epoch : 2 | [64/609 (11%)]	Loss1: 5.842818 Loss2: 0.000009 
| Global Round : 31 | Client :8 | Local Epoch : 3 | [64/609 (11%)]	Loss1: 5.841657 Loss2: 0.000008 
| Global Round : 31 | Client :8 | Local Epoch : 4 | [64/609 (11%)]	Loss1: 5.843616 Loss2: 0.000007 
| Global Round : 31 | Client :9 | Local Epoch : 0 | [64/628 (11%)]	Loss1: 5.841371 Loss2: 0.000009 
| Global Round : 31 | Client :9 | Local Epoch : 1 | [64/628 (11%)]	Loss1: 5.844678 Loss2: 0.000008 
| Global Round : 31 | Client :9 | Local Epoch : 2 | [64/628 (11%)]	Loss1: 5.841132 Loss2: 0.000007 
| Global Round : 31 | Client :9 | Local Epoch : 3 | [64/628 (11%)]	Loss1: 5.842819 Loss2: 0.000007 
| Global Round : 31 | Client :9 | Local Epoch : 4 | [64/628 (11%)]	Loss1: 5.842449 Loss2: 0.000007 
average loss:   5.839536714667366
average local test accuracy: 0.7807291666666667
average global test accuracy:  0.82109375

 | Global Training Round : 32 |

xi_k [0.51659493 0.51573865 0.50356867 0.48189731 0.48331704 0.48477912
 0.52868451 0.49893575 0.5039232  0.48869658]
max_exp: -1.0
coe: 10
Regulation [0.8 0.8 0.8 0.8 0.8 0.8 0.8 0.8 0.8 0.8]
Solver status: optimal_inaccurate
b_new: [1. 1. 1. 1. 1. 1. 1. 1. 1. 1.]
Iter 0: obj=49.6614, best_obj=49.6614, ||b_new-b_prev||₂=2.846050
xi_k [0.51659493 0.51573865 0.50356867 0.48189731 0.48331704 0.48477912
 0.52868451 0.49893575 0.5039232  0.48869658]
max_exp: -1.0
coe: 10
Regulation [-1. -1. -1. -1. -1. -1. -1. -1. -1. -1.]
Solver status: optimal_inaccurate
b_new: [1. 1. 1. 1. 1. 1. 1. 1. 1. 1.]
Iter 1: obj=50.5614, best_obj=50.5614, ||b_new-b_prev||₂=0.000000
Converged.
Final b: [1. 1. 1. 1. 1. 1. 1. 1. 1. 1.]
<class 'numpy.ndarray'>
b_float: [1. 1. 1. 1. 1. 1. 1. 1. 1. 1.]
b: [1 1 1 1 1 1 1 1 1 1]
active_clients:  [0, 1, 2, 3, 4, 5, 6, 7, 8, 9]
Client 0's s_k are:[0 1 1 1 1 1 1 1 1 1]
Client 1's s_k are:[1 0 1 1 1 1 1 1 1 1]
Client 2's s_k are:[1 1 0 1 1 1 1 1 1 1]
Client 3's s_k are:[1 1 1 0 1 1 1 1 1 1]
Client 4's s_k are:[1 1 1 1 0 1 1 1 1 1]
Client 5's s_k are:[1 1 1 1 1 0 1 1 1 1]
Client 6's s_k are:[1 1 1 1 1 1 0 1 1 1]
Client 7's s_k are:[1 1 1 1 1 1 1 0 1 1]
Client 8's s_k are:[1 1 1 1 1 1 1 1 0 1]
Client 9's s_k are:[1 1 1 1 1 1 1 1 1 0]
| Global Round : 32 | Client :0 | Local Epoch : 0 | [64/594 (11%)]	Loss1: 5.841597 Loss2: 0.000007 
| Global Round : 32 | Client :0 | Local Epoch : 1 | [64/594 (11%)]	Loss1: 5.842355 Loss2: 0.000007 
| Global Round : 32 | Client :0 | Local Epoch : 2 | [64/594 (11%)]	Loss1: 5.841939 Loss2: 0.000006 
| Global Round : 32 | Client :0 | Local Epoch : 3 | [64/594 (11%)]	Loss1: 5.842088 Loss2: 0.000006 
| Global Round : 32 | Client :0 | Local Epoch : 4 | [64/594 (11%)]	Loss1: 5.842046 Loss2: 0.000007 
| Global Round : 32 | Client :1 | Local Epoch : 0 | [64/595 (11%)]	Loss1: 5.841424 Loss2: 0.000007 
| Global Round : 32 | Client :1 | Local Epoch : 1 | [64/595 (11%)]	Loss1: 5.841290 Loss2: 0.000007 
| Global Round : 32 | Client :1 | Local Epoch : 2 | [64/595 (11%)]	Loss1: 5.841845 Loss2: 0.000008 
| Global Round : 32 | Client :1 | Local Epoch : 3 | [64/595 (11%)]	Loss1: 5.841841 Loss2: 0.000010 
| Global Round : 32 | Client :1 | Local Epoch : 4 | [64/595 (11%)]	Loss1: 5.841341 Loss2: 0.000007 
| Global Round : 32 | Client :2 | Local Epoch : 0 | [64/474 (14%)]	Loss1: 5.840322 Loss2: 0.000008 
| Global Round : 32 | Client :2 | Local Epoch : 1 | [64/474 (14%)]	Loss1: 5.842682 Loss2: 0.000008 
| Global Round : 32 | Client :2 | Local Epoch : 2 | [64/474 (14%)]	Loss1: 5.841835 Loss2: 0.000006 
| Global Round : 32 | Client :2 | Local Epoch : 3 | [64/474 (14%)]	Loss1: 5.842418 Loss2: 0.000010 
| Global Round : 32 | Client :2 | Local Epoch : 4 | [64/474 (14%)]	Loss1: 5.842413 Loss2: 0.000005 
| Global Round : 32 | Client :3 | Local Epoch : 0 | [64/566 (12%)]	Loss1: 5.842133 Loss2: 0.000008 
| Global Round : 32 | Client :3 | Local Epoch : 1 | [64/566 (12%)]	Loss1: 5.841747 Loss2: 0.000007 
| Global Round : 32 | Client :3 | Local Epoch : 2 | [64/566 (12%)]	Loss1: 5.842744 Loss2: 0.000006 
| Global Round : 32 | Client :3 | Local Epoch : 3 | [64/566 (12%)]	Loss1: 5.843430 Loss2: 0.000006 
| Global Round : 32 | Client :3 | Local Epoch : 4 | [64/566 (12%)]	Loss1: 5.842294 Loss2: 0.000007 
| Global Round : 32 | Client :4 | Local Epoch : 0 | [64/635 (11%)]	Loss1: 5.843163 Loss2: 0.000008 
| Global Round : 32 | Client :4 | Local Epoch : 1 | [64/635 (11%)]	Loss1: 5.843183 Loss2: 0.000008 
| Global Round : 32 | Client :4 | Local Epoch : 2 | [64/635 (11%)]	Loss1: 5.843907 Loss2: 0.000006 
| Global Round : 32 | Client :4 | Local Epoch : 3 | [64/635 (11%)]	Loss1: 5.842361 Loss2: 0.000010 
| Global Round : 32 | Client :4 | Local Epoch : 4 | [64/635 (11%)]	Loss1: 5.842639 Loss2: 0.000007 
| Global Round : 32 | Client :5 | Local Epoch : 0 | [64/633 (11%)]	Loss1: 5.841423 Loss2: 0.000008 
| Global Round : 32 | Client :5 | Local Epoch : 1 | [64/633 (11%)]	Loss1: 5.843892 Loss2: 0.000008 
| Global Round : 32 | Client :5 | Local Epoch : 2 | [64/633 (11%)]	Loss1: 5.841536 Loss2: 0.000008 
| Global Round : 32 | Client :5 | Local Epoch : 3 | [64/633 (11%)]	Loss1: 5.842243 Loss2: 0.000008 
| Global Round : 32 | Client :5 | Local Epoch : 4 | [64/633 (11%)]	Loss1: 5.840622 Loss2: 0.000006 
| Global Round : 32 | Client :6 | Local Epoch : 0 | [64/645 (10%)]	Loss1: 5.843422 Loss2: 0.000008 
| Global Round : 32 | Client :6 | Local Epoch : 1 | [64/645 (10%)]	Loss1: 5.842899 Loss2: 0.000007 
| Global Round : 32 | Client :6 | Local Epoch : 2 | [64/645 (10%)]	Loss1: 5.842144 Loss2: 0.000006 
| Global Round : 32 | Client :6 | Local Epoch : 3 | [64/645 (10%)]	Loss1: 5.842622 Loss2: 0.000010 
| Global Round : 32 | Client :6 | Local Epoch : 4 | [64/645 (10%)]	Loss1: 5.843128 Loss2: 0.000009 
| Global Round : 32 | Client :7 | Local Epoch : 0 | [64/615 (11%)]	Loss1: 5.842072 Loss2: 0.000008 
| Global Round : 32 | Client :7 | Local Epoch : 1 | [64/615 (11%)]	Loss1: 5.841987 Loss2: 0.000008 
| Global Round : 32 | Client :7 | Local Epoch : 2 | [64/615 (11%)]	Loss1: 5.841723 Loss2: 0.000008 
| Global Round : 32 | Client :7 | Local Epoch : 3 | [64/615 (11%)]	Loss1: 5.840639 Loss2: 0.000008 
| Global Round : 32 | Client :7 | Local Epoch : 4 | [64/615 (11%)]	Loss1: 5.841310 Loss2: 0.000006 
| Global Round : 32 | Client :8 | Local Epoch : 0 | [64/609 (11%)]	Loss1: 5.843038 Loss2: 0.000008 
| Global Round : 32 | Client :8 | Local Epoch : 1 | [64/609 (11%)]	Loss1: 5.841774 Loss2: 0.000007 
| Global Round : 32 | Client :8 | Local Epoch : 2 | [64/609 (11%)]	Loss1: 5.841716 Loss2: 0.000008 
| Global Round : 32 | Client :8 | Local Epoch : 3 | [64/609 (11%)]	Loss1: 5.842603 Loss2: 0.000010 
| Global Round : 32 | Client :8 | Local Epoch : 4 | [64/609 (11%)]	Loss1: 5.841657 Loss2: 0.000006 
| Global Round : 32 | Client :9 | Local Epoch : 0 | [64/628 (11%)]	Loss1: 5.842405 Loss2: 0.000008 
| Global Round : 32 | Client :9 | Local Epoch : 1 | [64/628 (11%)]	Loss1: 5.843158 Loss2: 0.000009 
| Global Round : 32 | Client :9 | Local Epoch : 2 | [64/628 (11%)]	Loss1: 5.842814 Loss2: 0.000007 
| Global Round : 32 | Client :9 | Local Epoch : 3 | [64/628 (11%)]	Loss1: 5.842487 Loss2: 0.000008 
| Global Round : 32 | Client :9 | Local Epoch : 4 | [64/628 (11%)]	Loss1: 5.843413 Loss2: 0.000010 
average loss:   5.839410970721926
average local test accuracy: 0.7872395833333333
average global test accuracy:  0.840234375

 | Global Training Round : 33 |

xi_k [0.51659154 0.51568409 0.50354592 0.48187252 0.48327139 0.48473727
 0.52867996 0.49889553 0.50388612 0.48868884]
max_exp: -1.0
coe: 10
Regulation [0.8 0.8 0.8 0.8 0.8 0.8 0.8 0.8 0.8 0.8]
Solver status: optimal_inaccurate
b_new: [1. 1. 1. 1. 1. 1. 1. 1. 1. 1.]
Iter 0: obj=49.6585, best_obj=49.6585, ||b_new-b_prev||₂=2.846050
xi_k [0.51659154 0.51568409 0.50354592 0.48187252 0.48327139 0.48473727
 0.52867996 0.49889553 0.50388612 0.48868884]
max_exp: -1.0
coe: 10
Regulation [-1. -1. -1. -1. -1. -1. -1. -1. -1. -1.]
Solver status: optimal_inaccurate
b_new: [1. 1. 1. 1. 1. 1. 1. 1. 1. 1.]
Iter 1: obj=50.5585, best_obj=50.5585, ||b_new-b_prev||₂=0.000000
Converged.
Final b: [1. 1. 1. 1. 1. 1. 1. 1. 1. 1.]
<class 'numpy.ndarray'>
b_float: [1. 1. 1. 1. 1. 1. 1. 1. 1. 1.]
b: [1 1 1 1 1 1 1 1 1 1]
active_clients:  [0, 1, 2, 3, 4, 5, 6, 7, 8, 9]
Client 0's s_k are:[0 1 1 1 1 1 1 1 1 1]
Client 1's s_k are:[1 0 1 1 1 1 1 1 1 1]
Client 2's s_k are:[1 1 0 1 1 1 1 1 1 1]
Client 3's s_k are:[1 1 1 0 1 1 1 1 1 1]
Client 4's s_k are:[1 1 1 1 0 1 1 1 1 1]
Client 5's s_k are:[1 1 1 1 1 0 1 1 1 1]
Client 6's s_k are:[1 1 1 1 1 1 0 1 1 1]
Client 7's s_k are:[1 1 1 1 1 1 1 0 1 1]
Client 8's s_k are:[1 1 1 1 1 1 1 1 0 1]
Client 9's s_k are:[1 1 1 1 1 1 1 1 1 0]
| Global Round : 33 | Client :0 | Local Epoch : 0 | [64/594 (11%)]	Loss1: 5.842380 Loss2: 0.000006 
| Global Round : 33 | Client :0 | Local Epoch : 1 | [64/594 (11%)]	Loss1: 5.842473 Loss2: 0.000006 
| Global Round : 33 | Client :0 | Local Epoch : 2 | [64/594 (11%)]	Loss1: 5.841197 Loss2: 0.000007 
| Global Round : 33 | Client :0 | Local Epoch : 3 | [64/594 (11%)]	Loss1: 5.841691 Loss2: 0.000008 
| Global Round : 33 | Client :0 | Local Epoch : 4 | [64/594 (11%)]	Loss1: 5.841777 Loss2: 0.000006 
| Global Round : 33 | Client :1 | Local Epoch : 0 | [64/595 (11%)]	Loss1: 5.841940 Loss2: 0.000007 
| Global Round : 33 | Client :1 | Local Epoch : 1 | [64/595 (11%)]	Loss1: 5.841859 Loss2: 0.000009 
| Global Round : 33 | Client :1 | Local Epoch : 2 | [64/595 (11%)]	Loss1: 5.842185 Loss2: 0.000006 
| Global Round : 33 | Client :1 | Local Epoch : 3 | [64/595 (11%)]	Loss1: 5.842386 Loss2: 0.000007 
| Global Round : 33 | Client :1 | Local Epoch : 4 | [64/595 (11%)]	Loss1: 5.842170 Loss2: 0.000007 
| Global Round : 33 | Client :2 | Local Epoch : 0 | [64/474 (14%)]	Loss1: 5.842747 Loss2: 0.000006 
| Global Round : 33 | Client :2 | Local Epoch : 1 | [64/474 (14%)]	Loss1: 5.842319 Loss2: 0.000007 
| Global Round : 33 | Client :2 | Local Epoch : 2 | [64/474 (14%)]	Loss1: 5.842305 Loss2: 0.000006 
| Global Round : 33 | Client :2 | Local Epoch : 3 | [64/474 (14%)]	Loss1: 5.842860 Loss2: 0.000010 
| Global Round : 33 | Client :2 | Local Epoch : 4 | [64/474 (14%)]	Loss1: 5.842935 Loss2: 0.000007 
| Global Round : 33 | Client :3 | Local Epoch : 0 | [64/566 (12%)]	Loss1: 5.840602 Loss2: 0.000006 
| Global Round : 33 | Client :3 | Local Epoch : 1 | [64/566 (12%)]	Loss1: 5.841750 Loss2: 0.000007 
| Global Round : 33 | Client :3 | Local Epoch : 2 | [64/566 (12%)]	Loss1: 5.841488 Loss2: 0.000008 
| Global Round : 33 | Client :3 | Local Epoch : 3 | [64/566 (12%)]	Loss1: 5.841888 Loss2: 0.000007 
| Global Round : 33 | Client :3 | Local Epoch : 4 | [64/566 (12%)]	Loss1: 5.842315 Loss2: 0.000008 
| Global Round : 33 | Client :4 | Local Epoch : 0 | [64/635 (11%)]	Loss1: 5.842258 Loss2: 0.000008 
| Global Round : 33 | Client :4 | Local Epoch : 1 | [64/635 (11%)]	Loss1: 5.841604 Loss2: 0.000008 
| Global Round : 33 | Client :4 | Local Epoch : 2 | [64/635 (11%)]	Loss1: 5.841905 Loss2: 0.000007 
| Global Round : 33 | Client :4 | Local Epoch : 3 | [64/635 (11%)]	Loss1: 5.843310 Loss2: 0.000007 
| Global Round : 33 | Client :4 | Local Epoch : 4 | [64/635 (11%)]	Loss1: 5.843704 Loss2: 0.000010 
| Global Round : 33 | Client :5 | Local Epoch : 0 | [64/633 (11%)]	Loss1: 5.841418 Loss2: 0.000007 
| Global Round : 33 | Client :5 | Local Epoch : 1 | [64/633 (11%)]	Loss1: 5.841422 Loss2: 0.000007 
| Global Round : 33 | Client :5 | Local Epoch : 2 | [64/633 (11%)]	Loss1: 5.842359 Loss2: 0.000007 
| Global Round : 33 | Client :5 | Local Epoch : 3 | [64/633 (11%)]	Loss1: 5.841772 Loss2: 0.000008 
| Global Round : 33 | Client :5 | Local Epoch : 4 | [64/633 (11%)]	Loss1: 5.841487 Loss2: 0.000010 
| Global Round : 33 | Client :6 | Local Epoch : 0 | [64/645 (10%)]	Loss1: 5.842756 Loss2: 0.000008 
| Global Round : 33 | Client :6 | Local Epoch : 1 | [64/645 (10%)]	Loss1: 5.842666 Loss2: 0.000008 
| Global Round : 33 | Client :6 | Local Epoch : 2 | [64/645 (10%)]	Loss1: 5.843332 Loss2: 0.000006 
| Global Round : 33 | Client :6 | Local Epoch : 3 | [64/645 (10%)]	Loss1: 5.842407 Loss2: 0.000008 
| Global Round : 33 | Client :6 | Local Epoch : 4 | [64/645 (10%)]	Loss1: 5.843418 Loss2: 0.000007 
| Global Round : 33 | Client :7 | Local Epoch : 0 | [64/615 (11%)]	Loss1: 5.841967 Loss2: 0.000009 
| Global Round : 33 | Client :7 | Local Epoch : 1 | [64/615 (11%)]	Loss1: 5.842472 Loss2: 0.000007 
| Global Round : 33 | Client :7 | Local Epoch : 2 | [64/615 (11%)]	Loss1: 5.841965 Loss2: 0.000009 
| Global Round : 33 | Client :7 | Local Epoch : 3 | [64/615 (11%)]	Loss1: 5.841616 Loss2: 0.000008 
| Global Round : 33 | Client :7 | Local Epoch : 4 | [64/615 (11%)]	Loss1: 5.841077 Loss2: 0.000007 
| Global Round : 33 | Client :8 | Local Epoch : 0 | [64/609 (11%)]	Loss1: 5.842317 Loss2: 0.000007 
| Global Round : 33 | Client :8 | Local Epoch : 1 | [64/609 (11%)]	Loss1: 5.841423 Loss2: 0.000006 
| Global Round : 33 | Client :8 | Local Epoch : 2 | [64/609 (11%)]	Loss1: 5.843198 Loss2: 0.000007 
| Global Round : 33 | Client :8 | Local Epoch : 3 | [64/609 (11%)]	Loss1: 5.842189 Loss2: 0.000008 
| Global Round : 33 | Client :8 | Local Epoch : 4 | [64/609 (11%)]	Loss1: 5.841908 Loss2: 0.000007 
| Global Round : 33 | Client :9 | Local Epoch : 0 | [64/628 (11%)]	Loss1: 5.842325 Loss2: 0.000007 
| Global Round : 33 | Client :9 | Local Epoch : 1 | [64/628 (11%)]	Loss1: 5.842686 Loss2: 0.000007 
| Global Round : 33 | Client :9 | Local Epoch : 2 | [64/628 (11%)]	Loss1: 5.841685 Loss2: 0.000009 
| Global Round : 33 | Client :9 | Local Epoch : 3 | [64/628 (11%)]	Loss1: 5.841867 Loss2: 0.000006 
| Global Round : 33 | Client :9 | Local Epoch : 4 | [64/628 (11%)]	Loss1: 5.841691 Loss2: 0.000008 
average loss:   5.839488938498119
average local test accuracy: 0.7835937500000001
average global test accuracy:  0.81484375

 | Global Training Round : 34 |

xi_k [0.51655216 0.51571339 0.50356475 0.4818863  0.48331997 0.48475493
 0.5286489  0.49894909 0.50389807 0.48864094]
max_exp: -1.0
coe: 10
Regulation [0.8 0.8 0.8 0.8 0.8 0.8 0.8 0.8 0.8 0.8]
Solver status: optimal_inaccurate
b_new: [1. 1. 1. 1. 1. 1. 1. 1. 1. 1.]
Iter 0: obj=49.6593, best_obj=49.6593, ||b_new-b_prev||₂=2.846050
xi_k [0.51655216 0.51571339 0.50356475 0.4818863  0.48331997 0.48475493
 0.5286489  0.49894909 0.50389807 0.48864094]
max_exp: -1.0
coe: 10
Regulation [-1. -1. -1. -1. -1. -1. -1. -1. -1. -1.]
Solver status: optimal_inaccurate
b_new: [1. 1. 1. 1. 1. 1. 1. 1. 1. 1.]
Iter 1: obj=50.5593, best_obj=50.5593, ||b_new-b_prev||₂=0.000000
Converged.
Final b: [1. 1. 1. 1. 1. 1. 1. 1. 1. 1.]
<class 'numpy.ndarray'>
b_float: [1. 1. 1. 1. 1. 1. 1. 1. 1. 1.]
b: [1 1 1 1 1 1 1 1 1 1]
active_clients:  [0, 1, 2, 3, 4, 5, 6, 7, 8, 9]
Client 0's s_k are:[0 1 1 1 1 1 1 1 1 1]
Client 1's s_k are:[1 0 1 1 1 1 1 1 1 1]
Client 2's s_k are:[1 1 0 1 1 1 1 1 1 1]
Client 3's s_k are:[1 1 1 0 1 1 1 1 1 1]
Client 4's s_k are:[1 1 1 1 0 1 1 1 1 1]
Client 5's s_k are:[1 1 1 1 1 0 1 1 1 1]
Client 6's s_k are:[1 1 1 1 1 1 0 1 1 1]
Client 7's s_k are:[1 1 1 1 1 1 1 0 1 1]
Client 8's s_k are:[1 1 1 1 1 1 1 1 0 1]
Client 9's s_k are:[1 1 1 1 1 1 1 1 1 0]
| Global Round : 34 | Client :0 | Local Epoch : 0 | [64/594 (11%)]	Loss1: 5.842693 Loss2: 0.000009 
| Global Round : 34 | Client :0 | Local Epoch : 1 | [64/594 (11%)]	Loss1: 5.843603 Loss2: 0.000006 
| Global Round : 34 | Client :0 | Local Epoch : 2 | [64/594 (11%)]	Loss1: 5.841217 Loss2: 0.000008 
| Global Round : 34 | Client :0 | Local Epoch : 3 | [64/594 (11%)]	Loss1: 5.842069 Loss2: 0.000008 
| Global Round : 34 | Client :0 | Local Epoch : 4 | [64/594 (11%)]	Loss1: 5.842305 Loss2: 0.000006 
| Global Round : 34 | Client :1 | Local Epoch : 0 | [64/595 (11%)]	Loss1: 5.842580 Loss2: 0.000008 
| Global Round : 34 | Client :1 | Local Epoch : 1 | [64/595 (11%)]	Loss1: 5.841728 Loss2: 0.000008 
| Global Round : 34 | Client :1 | Local Epoch : 2 | [64/595 (11%)]	Loss1: 5.842380 Loss2: 0.000007 
| Global Round : 34 | Client :1 | Local Epoch : 3 | [64/595 (11%)]	Loss1: 5.841681 Loss2: 0.000008 
| Global Round : 34 | Client :1 | Local Epoch : 4 | [64/595 (11%)]	Loss1: 5.841210 Loss2: 0.000007 
| Global Round : 34 | Client :2 | Local Epoch : 0 | [64/474 (14%)]	Loss1: 5.842752 Loss2: 0.000008 
| Global Round : 34 | Client :2 | Local Epoch : 1 | [64/474 (14%)]	Loss1: 5.843014 Loss2: 0.000009 
| Global Round : 34 | Client :2 | Local Epoch : 2 | [64/474 (14%)]	Loss1: 5.843015 Loss2: 0.000009 
| Global Round : 34 | Client :2 | Local Epoch : 3 | [64/474 (14%)]	Loss1: 5.841896 Loss2: 0.000008 
| Global Round : 34 | Client :2 | Local Epoch : 4 | [64/474 (14%)]	Loss1: 5.841331 Loss2: 0.000006 
| Global Round : 34 | Client :3 | Local Epoch : 0 | [64/566 (12%)]	Loss1: 5.841179 Loss2: 0.000006 
| Global Round : 34 | Client :3 | Local Epoch : 1 | [64/566 (12%)]	Loss1: 5.842812 Loss2: 0.000005 
| Global Round : 34 | Client :3 | Local Epoch : 2 | [64/566 (12%)]	Loss1: 5.842384 Loss2: 0.000007 
| Global Round : 34 | Client :3 | Local Epoch : 3 | [64/566 (12%)]	Loss1: 5.841555 Loss2: 0.000007 
| Global Round : 34 | Client :3 | Local Epoch : 4 | [64/566 (12%)]	Loss1: 5.842360 Loss2: 0.000008 
| Global Round : 34 | Client :4 | Local Epoch : 0 | [64/635 (11%)]	Loss1: 5.842477 Loss2: 0.000010 
| Global Round : 34 | Client :4 | Local Epoch : 1 | [64/635 (11%)]	Loss1: 5.844729 Loss2: 0.000008 
| Global Round : 34 | Client :4 | Local Epoch : 2 | [64/635 (11%)]	Loss1: 5.841845 Loss2: 0.000010 
| Global Round : 34 | Client :4 | Local Epoch : 3 | [64/635 (11%)]	Loss1: 5.841833 Loss2: 0.000008 
| Global Round : 34 | Client :4 | Local Epoch : 4 | [64/635 (11%)]	Loss1: 5.841623 Loss2: 0.000008 
| Global Round : 34 | Client :5 | Local Epoch : 0 | [64/633 (11%)]	Loss1: 5.841233 Loss2: 0.000007 
| Global Round : 34 | Client :5 | Local Epoch : 1 | [64/633 (11%)]	Loss1: 5.842396 Loss2: 0.000011 
| Global Round : 34 | Client :5 | Local Epoch : 2 | [64/633 (11%)]	Loss1: 5.841564 Loss2: 0.000007 
| Global Round : 34 | Client :5 | Local Epoch : 3 | [64/633 (11%)]	Loss1: 5.843300 Loss2: 0.000009 
| Global Round : 34 | Client :5 | Local Epoch : 4 | [64/633 (11%)]	Loss1: 5.842181 Loss2: 0.000006 
| Global Round : 34 | Client :6 | Local Epoch : 0 | [64/645 (10%)]	Loss1: 5.843425 Loss2: 0.000006 
| Global Round : 34 | Client :6 | Local Epoch : 1 | [64/645 (10%)]	Loss1: 5.840150 Loss2: 0.000008 
| Global Round : 34 | Client :6 | Local Epoch : 2 | [64/645 (10%)]	Loss1: 5.843867 Loss2: 0.000007 
| Global Round : 34 | Client :6 | Local Epoch : 3 | [64/645 (10%)]	Loss1: 5.843313 Loss2: 0.000006 
| Global Round : 34 | Client :6 | Local Epoch : 4 | [64/645 (10%)]	Loss1: 5.843192 Loss2: 0.000006 
| Global Round : 34 | Client :7 | Local Epoch : 0 | [64/615 (11%)]	Loss1: 5.842092 Loss2: 0.000006 
| Global Round : 34 | Client :7 | Local Epoch : 1 | [64/615 (11%)]	Loss1: 5.842958 Loss2: 0.000009 
| Global Round : 34 | Client :7 | Local Epoch : 2 | [64/615 (11%)]	Loss1: 5.841469 Loss2: 0.000008 
| Global Round : 34 | Client :7 | Local Epoch : 3 | [64/615 (11%)]	Loss1: 5.841503 Loss2: 0.000007 
| Global Round : 34 | Client :7 | Local Epoch : 4 | [64/615 (11%)]	Loss1: 5.840796 Loss2: 0.000007 
| Global Round : 34 | Client :8 | Local Epoch : 0 | [64/609 (11%)]	Loss1: 5.841571 Loss2: 0.000008 
| Global Round : 34 | Client :8 | Local Epoch : 1 | [64/609 (11%)]	Loss1: 5.842469 Loss2: 0.000007 
| Global Round : 34 | Client :8 | Local Epoch : 2 | [64/609 (11%)]	Loss1: 5.842896 Loss2: 0.000005 
| Global Round : 34 | Client :8 | Local Epoch : 3 | [64/609 (11%)]	Loss1: 5.842369 Loss2: 0.000006 
| Global Round : 34 | Client :8 | Local Epoch : 4 | [64/609 (11%)]	Loss1: 5.841855 Loss2: 0.000009 
| Global Round : 34 | Client :9 | Local Epoch : 0 | [64/628 (11%)]	Loss1: 5.841285 Loss2: 0.000009 
| Global Round : 34 | Client :9 | Local Epoch : 1 | [64/628 (11%)]	Loss1: 5.843156 Loss2: 0.000009 
| Global Round : 34 | Client :9 | Local Epoch : 2 | [64/628 (11%)]	Loss1: 5.841082 Loss2: 0.000005 
| Global Round : 34 | Client :9 | Local Epoch : 3 | [64/628 (11%)]	Loss1: 5.843530 Loss2: 0.000010 
| Global Round : 34 | Client :9 | Local Epoch : 4 | [64/628 (11%)]	Loss1: 5.842510 Loss2: 0.000007 
average loss:   5.839399753695443
average local test accuracy: 0.7802083333333333
average global test accuracy:  0.8203125

 | Global Training Round : 35 |

xi_k [0.51655844 0.51569968 0.50349652 0.48185958 0.48324989 0.48472007
 0.52869204 0.49890428 0.50392415 0.48868151]
max_exp: -1.0
coe: 10
Regulation [0.8 0.8 0.8 0.8 0.8 0.8 0.8 0.8 0.8 0.8]
Solver status: optimal_inaccurate
b_new: [1. 1. 1. 1. 1. 1. 1. 1. 1. 1.]
Iter 0: obj=49.6579, best_obj=49.6579, ||b_new-b_prev||₂=2.846050
xi_k [0.51655844 0.51569968 0.50349652 0.48185958 0.48324989 0.48472007
 0.52869204 0.49890428 0.50392415 0.48868151]
max_exp: -1.0
coe: 10
Regulation [-1. -1. -1. -1. -1. -1. -1. -1. -1. -1.]
Solver status: optimal_inaccurate
b_new: [1. 1. 1. 1. 1. 1. 1. 1. 1. 1.]
Iter 1: obj=50.5579, best_obj=50.5579, ||b_new-b_prev||₂=0.000000
Converged.
Final b: [1. 1. 1. 1. 1. 1. 1. 1. 1. 1.]
<class 'numpy.ndarray'>
b_float: [1. 1. 1. 1. 1. 1. 1. 1. 1. 1.]
b: [1 1 1 1 1 1 1 1 1 1]
active_clients:  [0, 1, 2, 3, 4, 5, 6, 7, 8, 9]
Client 0's s_k are:[0 1 1 1 1 1 1 1 1 1]
Client 1's s_k are:[1 0 1 1 1 1 1 1 1 1]
Client 2's s_k are:[1 1 0 1 1 1 1 1 1 1]
Client 3's s_k are:[1 1 1 0 1 1 1 1 1 1]
Client 4's s_k are:[1 1 1 1 0 1 1 1 1 1]
Client 5's s_k are:[1 1 1 1 1 0 1 1 1 1]
Client 6's s_k are:[1 1 1 1 1 1 0 1 1 1]
Client 7's s_k are:[1 1 1 1 1 1 1 0 1 1]
Client 8's s_k are:[1 1 1 1 1 1 1 1 0 1]
Client 9's s_k are:[1 1 1 1 1 1 1 1 1 0]
| Global Round : 35 | Client :0 | Local Epoch : 0 | [64/594 (11%)]	Loss1: 5.841729 Loss2: 0.000006 
| Global Round : 35 | Client :0 | Local Epoch : 1 | [64/594 (11%)]	Loss1: 5.842721 Loss2: 0.000006 
| Global Round : 35 | Client :0 | Local Epoch : 2 | [64/594 (11%)]	Loss1: 5.842035 Loss2: 0.000007 
| Global Round : 35 | Client :0 | Local Epoch : 3 | [64/594 (11%)]	Loss1: 5.842004 Loss2: 0.000007 
| Global Round : 35 | Client :0 | Local Epoch : 4 | [64/594 (11%)]	Loss1: 5.841295 Loss2: 0.000007 
| Global Round : 35 | Client :1 | Local Epoch : 0 | [64/595 (11%)]	Loss1: 5.842332 Loss2: 0.000008 
| Global Round : 35 | Client :1 | Local Epoch : 1 | [64/595 (11%)]	Loss1: 5.842597 Loss2: 0.000007 
| Global Round : 35 | Client :1 | Local Epoch : 2 | [64/595 (11%)]	Loss1: 5.841650 Loss2: 0.000007 
| Global Round : 35 | Client :1 | Local Epoch : 3 | [64/595 (11%)]	Loss1: 5.842382 Loss2: 0.000007 
| Global Round : 35 | Client :1 | Local Epoch : 4 | [64/595 (11%)]	Loss1: 5.841723 Loss2: 0.000006 
| Global Round : 35 | Client :2 | Local Epoch : 0 | [64/474 (14%)]	Loss1: 5.842086 Loss2: 0.000007 
| Global Round : 35 | Client :2 | Local Epoch : 1 | [64/474 (14%)]	Loss1: 5.841470 Loss2: 0.000009 
| Global Round : 35 | Client :2 | Local Epoch : 2 | [64/474 (14%)]	Loss1: 5.842098 Loss2: 0.000010 
| Global Round : 35 | Client :2 | Local Epoch : 3 | [64/474 (14%)]	Loss1: 5.841774 Loss2: 0.000007 
| Global Round : 35 | Client :2 | Local Epoch : 4 | [64/474 (14%)]	Loss1: 5.841326 Loss2: 0.000006 
| Global Round : 35 | Client :3 | Local Epoch : 0 | [64/566 (12%)]	Loss1: 5.841597 Loss2: 0.000007 
| Global Round : 35 | Client :3 | Local Epoch : 1 | [64/566 (12%)]	Loss1: 5.842464 Loss2: 0.000008 
| Global Round : 35 | Client :3 | Local Epoch : 2 | [64/566 (12%)]	Loss1: 5.841887 Loss2: 0.000006 
| Global Round : 35 | Client :3 | Local Epoch : 3 | [64/566 (12%)]	Loss1: 5.842354 Loss2: 0.000007 
| Global Round : 35 | Client :3 | Local Epoch : 4 | [64/566 (12%)]	Loss1: 5.840616 Loss2: 0.000007 
| Global Round : 35 | Client :4 | Local Epoch : 0 | [64/635 (11%)]	Loss1: 5.840981 Loss2: 0.000008 
| Global Round : 35 | Client :4 | Local Epoch : 1 | [64/635 (11%)]	Loss1: 5.841903 Loss2: 0.000007 
| Global Round : 35 | Client :4 | Local Epoch : 2 | [64/635 (11%)]	Loss1: 5.841906 Loss2: 0.000008 
| Global Round : 35 | Client :4 | Local Epoch : 3 | [64/635 (11%)]	Loss1: 5.842350 Loss2: 0.000010 
| Global Round : 35 | Client :4 | Local Epoch : 4 | [64/635 (11%)]	Loss1: 5.841562 Loss2: 0.000006 
| Global Round : 35 | Client :5 | Local Epoch : 0 | [64/633 (11%)]	Loss1: 5.840803 Loss2: 0.000007 
| Global Round : 35 | Client :5 | Local Epoch : 1 | [64/633 (11%)]	Loss1: 5.842719 Loss2: 0.000009 
| Global Round : 35 | Client :5 | Local Epoch : 2 | [64/633 (11%)]	Loss1: 5.842857 Loss2: 0.000009 
| Global Round : 35 | Client :5 | Local Epoch : 3 | [64/633 (11%)]	Loss1: 5.840559 Loss2: 0.000006 
| Global Round : 35 | Client :5 | Local Epoch : 4 | [64/633 (11%)]	Loss1: 5.842074 Loss2: 0.000010 
| Global Round : 35 | Client :6 | Local Epoch : 0 | [64/645 (10%)]	Loss1: 5.843010 Loss2: 0.000007 
| Global Round : 35 | Client :6 | Local Epoch : 1 | [64/645 (10%)]	Loss1: 5.843159 Loss2: 0.000006 
| Global Round : 35 | Client :6 | Local Epoch : 2 | [64/645 (10%)]	Loss1: 5.842325 Loss2: 0.000008 
| Global Round : 35 | Client :6 | Local Epoch : 3 | [64/645 (10%)]	Loss1: 5.843302 Loss2: 0.000006 
| Global Round : 35 | Client :6 | Local Epoch : 4 | [64/645 (10%)]	Loss1: 5.843218 Loss2: 0.000007 
| Global Round : 35 | Client :7 | Local Epoch : 0 | [64/615 (11%)]	Loss1: 5.842034 Loss2: 0.000008 
| Global Round : 35 | Client :7 | Local Epoch : 1 | [64/615 (11%)]	Loss1: 5.841958 Loss2: 0.000007 
| Global Round : 35 | Client :7 | Local Epoch : 2 | [64/615 (11%)]	Loss1: 5.841193 Loss2: 0.000008 
| Global Round : 35 | Client :7 | Local Epoch : 3 | [64/615 (11%)]	Loss1: 5.842640 Loss2: 0.000006 
| Global Round : 35 | Client :7 | Local Epoch : 4 | [64/615 (11%)]	Loss1: 5.842134 Loss2: 0.000006 
| Global Round : 35 | Client :8 | Local Epoch : 0 | [64/609 (11%)]	Loss1: 5.841797 Loss2: 0.000007 
| Global Round : 35 | Client :8 | Local Epoch : 1 | [64/609 (11%)]	Loss1: 5.841526 Loss2: 0.000006 
| Global Round : 35 | Client :8 | Local Epoch : 2 | [64/609 (11%)]	Loss1: 5.842528 Loss2: 0.000007 
| Global Round : 35 | Client :8 | Local Epoch : 3 | [64/609 (11%)]	Loss1: 5.843376 Loss2: 0.000006 
| Global Round : 35 | Client :8 | Local Epoch : 4 | [64/609 (11%)]	Loss1: 5.842546 Loss2: 0.000006 
| Global Round : 35 | Client :9 | Local Epoch : 0 | [64/628 (11%)]	Loss1: 5.841653 Loss2: 0.000006 
| Global Round : 35 | Client :9 | Local Epoch : 1 | [64/628 (11%)]	Loss1: 5.840445 Loss2: 0.000010 
| Global Round : 35 | Client :9 | Local Epoch : 2 | [64/628 (11%)]	Loss1: 5.841679 Loss2: 0.000008 
| Global Round : 35 | Client :9 | Local Epoch : 3 | [64/628 (11%)]	Loss1: 5.843563 Loss2: 0.000008 
| Global Round : 35 | Client :9 | Local Epoch : 4 | [64/628 (11%)]	Loss1: 5.842162 Loss2: 0.000006 
average loss:   5.83927489004438
average local test accuracy: 0.7828125000000001
average global test accuracy:  0.819140625

 | Global Training Round : 36 |

xi_k [0.51653771 0.51571339 0.5034989  0.48185837 0.48324016 0.4847114
 0.52867643 0.49886297 0.50387644 0.48863257]
max_exp: -1.0
coe: 10
Regulation [0.8 0.8 0.8 0.8 0.8 0.8 0.8 0.8 0.8 0.8]
Solver status: optimal_inaccurate
b_new: [1. 1. 1. 1. 1. 1. 1. 1. 1. 1.]
Iter 0: obj=49.6561, best_obj=49.6561, ||b_new-b_prev||₂=2.846050
xi_k [0.51653771 0.51571339 0.5034989  0.48185837 0.48324016 0.4847114
 0.52867643 0.49886297 0.50387644 0.48863257]
max_exp: -1.0
coe: 10
Regulation [-1. -1. -1. -1. -1. -1. -1. -1. -1. -1.]
Solver status: optimal_inaccurate
b_new: [1. 1. 1. 1. 1. 1. 1. 1. 1. 1.]
Iter 1: obj=50.5561, best_obj=50.5561, ||b_new-b_prev||₂=0.000000
Converged.
Final b: [1. 1. 1. 1. 1. 1. 1. 1. 1. 1.]
<class 'numpy.ndarray'>
b_float: [1. 1. 1. 1. 1. 1. 1. 1. 1. 1.]
b: [1 1 1 1 1 1 1 1 1 1]
active_clients:  [0, 1, 2, 3, 4, 5, 6, 7, 8, 9]
Client 0's s_k are:[0 1 1 1 1 1 1 1 1 1]
Client 1's s_k are:[1 0 1 1 1 1 1 1 1 1]
Client 2's s_k are:[1 1 0 1 1 1 1 1 1 1]
Client 3's s_k are:[1 1 1 0 1 1 1 1 1 1]
Client 4's s_k are:[1 1 1 1 0 1 1 1 1 1]
Client 5's s_k are:[1 1 1 1 1 0 1 1 1 1]
Client 6's s_k are:[1 1 1 1 1 1 0 1 1 1]
Client 7's s_k are:[1 1 1 1 1 1 1 0 1 1]
Client 8's s_k are:[1 1 1 1 1 1 1 1 0 1]
Client 9's s_k are:[1 1 1 1 1 1 1 1 1 0]
| Global Round : 36 | Client :0 | Local Epoch : 0 | [64/594 (11%)]	Loss1: 5.841888 Loss2: 0.000009 
| Global Round : 36 | Client :0 | Local Epoch : 1 | [64/594 (11%)]	Loss1: 5.841494 Loss2: 0.000006 
| Global Round : 36 | Client :0 | Local Epoch : 2 | [64/594 (11%)]	Loss1: 5.842203 Loss2: 0.000007 
| Global Round : 36 | Client :0 | Local Epoch : 3 | [64/594 (11%)]	Loss1: 5.842487 Loss2: 0.000007 
| Global Round : 36 | Client :0 | Local Epoch : 4 | [64/594 (11%)]	Loss1: 5.841899 Loss2: 0.000005 
| Global Round : 36 | Client :1 | Local Epoch : 0 | [64/595 (11%)]	Loss1: 5.841675 Loss2: 0.000007 
| Global Round : 36 | Client :1 | Local Epoch : 1 | [64/595 (11%)]	Loss1: 5.842239 Loss2: 0.000007 
| Global Round : 36 | Client :1 | Local Epoch : 2 | [64/595 (11%)]	Loss1: 5.843452 Loss2: 0.000007 
| Global Round : 36 | Client :1 | Local Epoch : 3 | [64/595 (11%)]	Loss1: 5.842729 Loss2: 0.000009 
| Global Round : 36 | Client :1 | Local Epoch : 4 | [64/595 (11%)]	Loss1: 5.841568 Loss2: 0.000005 
| Global Round : 36 | Client :2 | Local Epoch : 0 | [64/474 (14%)]	Loss1: 5.842456 Loss2: 0.000007 
| Global Round : 36 | Client :2 | Local Epoch : 1 | [64/474 (14%)]	Loss1: 5.842914 Loss2: 0.000007 
| Global Round : 36 | Client :2 | Local Epoch : 2 | [64/474 (14%)]	Loss1: 5.841802 Loss2: 0.000008 
| Global Round : 36 | Client :2 | Local Epoch : 3 | [64/474 (14%)]	Loss1: 5.841569 Loss2: 0.000006 
| Global Round : 36 | Client :2 | Local Epoch : 4 | [64/474 (14%)]	Loss1: 5.841478 Loss2: 0.000007 
| Global Round : 36 | Client :3 | Local Epoch : 0 | [64/566 (12%)]	Loss1: 5.842336 Loss2: 0.000006 
| Global Round : 36 | Client :3 | Local Epoch : 1 | [64/566 (12%)]	Loss1: 5.842105 Loss2: 0.000007 
| Global Round : 36 | Client :3 | Local Epoch : 2 | [64/566 (12%)]	Loss1: 5.842152 Loss2: 0.000005 
| Global Round : 36 | Client :3 | Local Epoch : 3 | [64/566 (12%)]	Loss1: 5.841769 Loss2: 0.000006 
| Global Round : 36 | Client :3 | Local Epoch : 4 | [64/566 (12%)]	Loss1: 5.842529 Loss2: 0.000008 
| Global Round : 36 | Client :4 | Local Epoch : 0 | [64/635 (11%)]	Loss1: 5.842854 Loss2: 0.000007 
| Global Round : 36 | Client :4 | Local Epoch : 1 | [64/635 (11%)]	Loss1: 5.840927 Loss2: 0.000009 
| Global Round : 36 | Client :4 | Local Epoch : 2 | [64/635 (11%)]	Loss1: 5.840768 Loss2: 0.000008 
| Global Round : 36 | Client :4 | Local Epoch : 3 | [64/635 (11%)]	Loss1: 5.842731 Loss2: 0.000009 
| Global Round : 36 | Client :4 | Local Epoch : 4 | [64/635 (11%)]	Loss1: 5.841395 Loss2: 0.000007 
| Global Round : 36 | Client :5 | Local Epoch : 0 | [64/633 (11%)]	Loss1: 5.840858 Loss2: 0.000006 
| Global Round : 36 | Client :5 | Local Epoch : 1 | [64/633 (11%)]	Loss1: 5.841633 Loss2: 0.000007 
| Global Round : 36 | Client :5 | Local Epoch : 2 | [64/633 (11%)]	Loss1: 5.842308 Loss2: 0.000006 
| Global Round : 36 | Client :5 | Local Epoch : 3 | [64/633 (11%)]	Loss1: 5.842106 Loss2: 0.000010 
| Global Round : 36 | Client :5 | Local Epoch : 4 | [64/633 (11%)]	Loss1: 5.842494 Loss2: 0.000008 
| Global Round : 36 | Client :6 | Local Epoch : 0 | [64/645 (10%)]	Loss1: 5.841894 Loss2: 0.000007 
| Global Round : 36 | Client :6 | Local Epoch : 1 | [64/645 (10%)]	Loss1: 5.844036 Loss2: 0.000008 
| Global Round : 36 | Client :6 | Local Epoch : 2 | [64/645 (10%)]	Loss1: 5.841556 Loss2: 0.000008 
| Global Round : 36 | Client :6 | Local Epoch : 3 | [64/645 (10%)]	Loss1: 5.843118 Loss2: 0.000007 
| Global Round : 36 | Client :6 | Local Epoch : 4 | [64/645 (10%)]	Loss1: 5.843046 Loss2: 0.000008 
| Global Round : 36 | Client :7 | Local Epoch : 0 | [64/615 (11%)]	Loss1: 5.841951 Loss2: 0.000007 
| Global Round : 36 | Client :7 | Local Epoch : 1 | [64/615 (11%)]	Loss1: 5.841403 Loss2: 0.000006 
| Global Round : 36 | Client :7 | Local Epoch : 2 | [64/615 (11%)]	Loss1: 5.841536 Loss2: 0.000006 
| Global Round : 36 | Client :7 | Local Epoch : 3 | [64/615 (11%)]	Loss1: 5.840836 Loss2: 0.000006 
| Global Round : 36 | Client :7 | Local Epoch : 4 | [64/615 (11%)]	Loss1: 5.841869 Loss2: 0.000007 
| Global Round : 36 | Client :8 | Local Epoch : 0 | [64/609 (11%)]	Loss1: 5.842594 Loss2: 0.000007 
| Global Round : 36 | Client :8 | Local Epoch : 1 | [64/609 (11%)]	Loss1: 5.841619 Loss2: 0.000008 
| Global Round : 36 | Client :8 | Local Epoch : 2 | [64/609 (11%)]	Loss1: 5.842173 Loss2: 0.000009 
| Global Round : 36 | Client :8 | Local Epoch : 3 | [64/609 (11%)]	Loss1: 5.841503 Loss2: 0.000006 
| Global Round : 36 | Client :8 | Local Epoch : 4 | [64/609 (11%)]	Loss1: 5.843231 Loss2: 0.000006 
| Global Round : 36 | Client :9 | Local Epoch : 0 | [64/628 (11%)]	Loss1: 5.841937 Loss2: 0.000008 
| Global Round : 36 | Client :9 | Local Epoch : 1 | [64/628 (11%)]	Loss1: 5.842270 Loss2: 0.000010 
| Global Round : 36 | Client :9 | Local Epoch : 2 | [64/628 (11%)]	Loss1: 5.842796 Loss2: 0.000008 
| Global Round : 36 | Client :9 | Local Epoch : 3 | [64/628 (11%)]	Loss1: 5.840815 Loss2: 0.000007 
| Global Round : 36 | Client :9 | Local Epoch : 4 | [64/628 (11%)]	Loss1: 5.841997 Loss2: 0.000006 
average loss:   5.8392350855327795
average local test accuracy: 0.7830729166666666
average global test accuracy:  0.8227864583333332

 | Global Training Round : 37 |

xi_k [0.51655124 0.51567794 0.50349518 0.48184983 0.48322846 0.48473133
 0.52864687 0.49893495 0.50384535 0.4885958 ]
max_exp: -1.0
coe: 10
Regulation [0.8 0.8 0.8 0.8 0.8 0.8 0.8 0.8 0.8 0.8]
Solver status: optimal_inaccurate
b_new: [1. 1. 1. 1. 1. 1. 1. 1. 1. 1.]
Iter 0: obj=49.6556, best_obj=49.6556, ||b_new-b_prev||₂=2.846050
xi_k [0.51655124 0.51567794 0.50349518 0.48184983 0.48322846 0.48473133
 0.52864687 0.49893495 0.50384535 0.4885958 ]
max_exp: -1.0
coe: 10
Regulation [-1. -1. -1. -1. -1. -1. -1. -1. -1. -1.]
Solver status: optimal_inaccurate
b_new: [1. 1. 1. 1. 1. 1. 1. 1. 1. 1.]
Iter 1: obj=50.5556, best_obj=50.5556, ||b_new-b_prev||₂=0.000000
Converged.
Final b: [1. 1. 1. 1. 1. 1. 1. 1. 1. 1.]
<class 'numpy.ndarray'>
b_float: [1. 1. 1. 1. 1. 1. 1. 1. 1. 1.]
b: [1 1 1 1 1 1 1 1 1 1]
active_clients:  [0, 1, 2, 3, 4, 5, 6, 7, 8, 9]
Client 0's s_k are:[0 1 1 1 1 1 1 1 1 1]
Client 1's s_k are:[1 0 1 1 1 1 1 1 1 1]
Client 2's s_k are:[1 1 0 1 1 1 1 1 1 1]
Client 3's s_k are:[1 1 1 0 1 1 1 1 1 1]
Client 4's s_k are:[1 1 1 1 0 1 1 1 1 1]
Client 5's s_k are:[1 1 1 1 1 0 1 1 1 1]
Client 6's s_k are:[1 1 1 1 1 1 0 1 1 1]
Client 7's s_k are:[1 1 1 1 1 1 1 0 1 1]
Client 8's s_k are:[1 1 1 1 1 1 1 1 0 1]
Client 9's s_k are:[1 1 1 1 1 1 1 1 1 0]
| Global Round : 37 | Client :0 | Local Epoch : 0 | [64/594 (11%)]	Loss1: 5.841992 Loss2: 0.000009 
| Global Round : 37 | Client :0 | Local Epoch : 1 | [64/594 (11%)]	Loss1: 5.841764 Loss2: 0.000007 
| Global Round : 37 | Client :0 | Local Epoch : 2 | [64/594 (11%)]	Loss1: 5.841541 Loss2: 0.000005 
| Global Round : 37 | Client :0 | Local Epoch : 3 | [64/594 (11%)]	Loss1: 5.840639 Loss2: 0.000008 
| Global Round : 37 | Client :0 | Local Epoch : 4 | [64/594 (11%)]	Loss1: 5.841143 Loss2: 0.000006 
| Global Round : 37 | Client :1 | Local Epoch : 0 | [64/595 (11%)]	Loss1: 5.841722 Loss2: 0.000008 
| Global Round : 37 | Client :1 | Local Epoch : 1 | [64/595 (11%)]	Loss1: 5.841751 Loss2: 0.000008 
| Global Round : 37 | Client :1 | Local Epoch : 2 | [64/595 (11%)]	Loss1: 5.841776 Loss2: 0.000008 
| Global Round : 37 | Client :1 | Local Epoch : 3 | [64/595 (11%)]	Loss1: 5.841251 Loss2: 0.000007 
| Global Round : 37 | Client :1 | Local Epoch : 4 | [64/595 (11%)]	Loss1: 5.842172 Loss2: 0.000008 
| Global Round : 37 | Client :2 | Local Epoch : 0 | [64/474 (14%)]	Loss1: 5.842264 Loss2: 0.000008 
| Global Round : 37 | Client :2 | Local Epoch : 1 | [64/474 (14%)]	Loss1: 5.842443 Loss2: 0.000005 
| Global Round : 37 | Client :2 | Local Epoch : 2 | [64/474 (14%)]	Loss1: 5.841073 Loss2: 0.000008 
| Global Round : 37 | Client :2 | Local Epoch : 3 | [64/474 (14%)]	Loss1: 5.843209 Loss2: 0.000006 
| Global Round : 37 | Client :2 | Local Epoch : 4 | [64/474 (14%)]	Loss1: 5.841912 Loss2: 0.000006 
| Global Round : 37 | Client :3 | Local Epoch : 0 | [64/566 (12%)]	Loss1: 5.840841 Loss2: 0.000008 
| Global Round : 37 | Client :3 | Local Epoch : 1 | [64/566 (12%)]	Loss1: 5.841195 Loss2: 0.000005 
| Global Round : 37 | Client :3 | Local Epoch : 2 | [64/566 (12%)]	Loss1: 5.841491 Loss2: 0.000006 
| Global Round : 37 | Client :3 | Local Epoch : 3 | [64/566 (12%)]	Loss1: 5.842155 Loss2: 0.000006 
| Global Round : 37 | Client :3 | Local Epoch : 4 | [64/566 (12%)]	Loss1: 5.841489 Loss2: 0.000007 
| Global Round : 37 | Client :4 | Local Epoch : 0 | [64/635 (11%)]	Loss1: 5.841796 Loss2: 0.000010 
| Global Round : 37 | Client :4 | Local Epoch : 1 | [64/635 (11%)]	Loss1: 5.842247 Loss2: 0.000008 
| Global Round : 37 | Client :4 | Local Epoch : 2 | [64/635 (11%)]	Loss1: 5.841859 Loss2: 0.000008 
| Global Round : 37 | Client :4 | Local Epoch : 3 | [64/635 (11%)]	Loss1: 5.843014 Loss2: 0.000007 
| Global Round : 37 | Client :4 | Local Epoch : 4 | [64/635 (11%)]	Loss1: 5.842060 Loss2: 0.000007 
| Global Round : 37 | Client :5 | Local Epoch : 0 | [64/633 (11%)]	Loss1: 5.841645 Loss2: 0.000010 
| Global Round : 37 | Client :5 | Local Epoch : 1 | [64/633 (11%)]	Loss1: 5.841551 Loss2: 0.000009 
| Global Round : 37 | Client :5 | Local Epoch : 2 | [64/633 (11%)]	Loss1: 5.841836 Loss2: 0.000008 
| Global Round : 37 | Client :5 | Local Epoch : 3 | [64/633 (11%)]	Loss1: 5.840513 Loss2: 0.000008 
| Global Round : 37 | Client :5 | Local Epoch : 4 | [64/633 (11%)]	Loss1: 5.841252 Loss2: 0.000009 
| Global Round : 37 | Client :6 | Local Epoch : 0 | [64/645 (10%)]	Loss1: 5.842351 Loss2: 0.000007 
| Global Round : 37 | Client :6 | Local Epoch : 1 | [64/645 (10%)]	Loss1: 5.841611 Loss2: 0.000009 
| Global Round : 37 | Client :6 | Local Epoch : 2 | [64/645 (10%)]	Loss1: 5.843537 Loss2: 0.000009 
| Global Round : 37 | Client :6 | Local Epoch : 3 | [64/645 (10%)]	Loss1: 5.842203 Loss2: 0.000007 
| Global Round : 37 | Client :6 | Local Epoch : 4 | [64/645 (10%)]	Loss1: 5.842290 Loss2: 0.000007 
| Global Round : 37 | Client :7 | Local Epoch : 0 | [64/615 (11%)]	Loss1: 5.842923 Loss2: 0.000008 
| Global Round : 37 | Client :7 | Local Epoch : 1 | [64/615 (11%)]	Loss1: 5.842260 Loss2: 0.000009 
| Global Round : 37 | Client :7 | Local Epoch : 2 | [64/615 (11%)]	Loss1: 5.842851 Loss2: 0.000005 
| Global Round : 37 | Client :7 | Local Epoch : 3 | [64/615 (11%)]	Loss1: 5.840240 Loss2: 0.000007 
| Global Round : 37 | Client :7 | Local Epoch : 4 | [64/615 (11%)]	Loss1: 5.841107 Loss2: 0.000009 
| Global Round : 37 | Client :8 | Local Epoch : 0 | [64/609 (11%)]	Loss1: 5.841885 Loss2: 0.000007 
| Global Round : 37 | Client :8 | Local Epoch : 1 | [64/609 (11%)]	Loss1: 5.842128 Loss2: 0.000008 
| Global Round : 37 | Client :8 | Local Epoch : 2 | [64/609 (11%)]	Loss1: 5.842034 Loss2: 0.000006 
| Global Round : 37 | Client :8 | Local Epoch : 3 | [64/609 (11%)]	Loss1: 5.842819 Loss2: 0.000007 
| Global Round : 37 | Client :8 | Local Epoch : 4 | [64/609 (11%)]	Loss1: 5.842447 Loss2: 0.000007 
| Global Round : 37 | Client :9 | Local Epoch : 0 | [64/628 (11%)]	Loss1: 5.841653 Loss2: 0.000010 
| Global Round : 37 | Client :9 | Local Epoch : 1 | [64/628 (11%)]	Loss1: 5.841290 Loss2: 0.000008 
| Global Round : 37 | Client :9 | Local Epoch : 2 | [64/628 (11%)]	Loss1: 5.841528 Loss2: 0.000007 
| Global Round : 37 | Client :9 | Local Epoch : 3 | [64/628 (11%)]	Loss1: 5.841171 Loss2: 0.000009 
| Global Round : 37 | Client :9 | Local Epoch : 4 | [64/628 (11%)]	Loss1: 5.841657 Loss2: 0.000009 
average loss:   5.839335628861472
average local test accuracy: 0.7796875
average global test accuracy:  0.7708333333333334

 | Global Training Round : 38 |

xi_k [0.51654671 0.51571617 0.50348652 0.48184617 0.4833676  0.48472671
 0.52863811 0.49892414 0.50389628 0.48866085]
max_exp: -1.0
coe: 10
Regulation [0.8 0.8 0.8 0.8 0.8 0.8 0.8 0.8 0.8 0.8]
Solver status: optimal_inaccurate
b_new: [1. 1. 1. 1. 1. 1. 1. 1. 1. 1.]
Iter 0: obj=49.6581, best_obj=49.6581, ||b_new-b_prev||₂=2.846050
xi_k [0.51654671 0.51571617 0.50348652 0.48184617 0.4833676  0.48472671
 0.52863811 0.49892414 0.50389628 0.48866085]
max_exp: -1.0
coe: 10
Regulation [-1. -1. -1. -1. -1. -1. -1. -1. -1. -1.]
Solver status: optimal_inaccurate
b_new: [1. 1. 1. 1. 1. 1. 1. 1. 1. 1.]
Iter 1: obj=50.5581, best_obj=50.5581, ||b_new-b_prev||₂=0.000000
Converged.
Final b: [1. 1. 1. 1. 1. 1. 1. 1. 1. 1.]
<class 'numpy.ndarray'>
b_float: [1. 1. 1. 1. 1. 1. 1. 1. 1. 1.]
b: [1 1 1 1 1 1 1 1 1 1]
active_clients:  [0, 1, 2, 3, 4, 5, 6, 7, 8, 9]
Client 0's s_k are:[0 1 1 1 1 1 1 1 1 1]
Client 1's s_k are:[1 0 1 1 1 1 1 1 1 1]
Client 2's s_k are:[1 1 0 1 1 1 1 1 1 1]
Client 3's s_k are:[1 1 1 0 1 1 1 1 1 1]
Client 4's s_k are:[1 1 1 1 0 1 1 1 1 1]
Client 5's s_k are:[1 1 1 1 1 0 1 1 1 1]
Client 6's s_k are:[1 1 1 1 1 1 0 1 1 1]
Client 7's s_k are:[1 1 1 1 1 1 1 0 1 1]
Client 8's s_k are:[1 1 1 1 1 1 1 1 0 1]
Client 9's s_k are:[1 1 1 1 1 1 1 1 1 0]
| Global Round : 38 | Client :0 | Local Epoch : 0 | [64/594 (11%)]	Loss1: 5.842898 Loss2: 0.000006 
| Global Round : 38 | Client :0 | Local Epoch : 1 | [64/594 (11%)]	Loss1: 5.842870 Loss2: 0.000006 
| Global Round : 38 | Client :0 | Local Epoch : 2 | [64/594 (11%)]	Loss1: 5.840185 Loss2: 0.000007 
| Global Round : 38 | Client :0 | Local Epoch : 3 | [64/594 (11%)]	Loss1: 5.843019 Loss2: 0.000005 
| Global Round : 38 | Client :0 | Local Epoch : 4 | [64/594 (11%)]	Loss1: 5.840819 Loss2: 0.000006 
| Global Round : 38 | Client :1 | Local Epoch : 0 | [64/595 (11%)]	Loss1: 5.841396 Loss2: 0.000008 
| Global Round : 38 | Client :1 | Local Epoch : 1 | [64/595 (11%)]	Loss1: 5.843271 Loss2: 0.000007 
| Global Round : 38 | Client :1 | Local Epoch : 2 | [64/595 (11%)]	Loss1: 5.840677 Loss2: 0.000007 
| Global Round : 38 | Client :1 | Local Epoch : 3 | [64/595 (11%)]	Loss1: 5.841238 Loss2: 0.000006 
| Global Round : 38 | Client :1 | Local Epoch : 4 | [64/595 (11%)]	Loss1: 5.842326 Loss2: 0.000009 
| Global Round : 38 | Client :2 | Local Epoch : 0 | [64/474 (14%)]	Loss1: 5.841530 Loss2: 0.000006 
| Global Round : 38 | Client :2 | Local Epoch : 1 | [64/474 (14%)]	Loss1: 5.841751 Loss2: 0.000009 
| Global Round : 38 | Client :2 | Local Epoch : 2 | [64/474 (14%)]	Loss1: 5.841638 Loss2: 0.000007 
| Global Round : 38 | Client :2 | Local Epoch : 3 | [64/474 (14%)]	Loss1: 5.842109 Loss2: 0.000008 
| Global Round : 38 | Client :2 | Local Epoch : 4 | [64/474 (14%)]	Loss1: 5.841876 Loss2: 0.000007 
| Global Round : 38 | Client :3 | Local Epoch : 0 | [64/566 (12%)]	Loss1: 5.841703 Loss2: 0.000008 
| Global Round : 38 | Client :3 | Local Epoch : 1 | [64/566 (12%)]	Loss1: 5.842046 Loss2: 0.000006 
| Global Round : 38 | Client :3 | Local Epoch : 2 | [64/566 (12%)]	Loss1: 5.841399 Loss2: 0.000006 
| Global Round : 38 | Client :3 | Local Epoch : 3 | [64/566 (12%)]	Loss1: 5.841848 Loss2: 0.000007 
| Global Round : 38 | Client :3 | Local Epoch : 4 | [64/566 (12%)]	Loss1: 5.841675 Loss2: 0.000007 
| Global Round : 38 | Client :4 | Local Epoch : 0 | [64/635 (11%)]	Loss1: 5.843680 Loss2: 0.000008 
| Global Round : 38 | Client :4 | Local Epoch : 1 | [64/635 (11%)]	Loss1: 5.842046 Loss2: 0.000009 
| Global Round : 38 | Client :4 | Local Epoch : 2 | [64/635 (11%)]	Loss1: 5.842582 Loss2: 0.000007 
| Global Round : 38 | Client :4 | Local Epoch : 3 | [64/635 (11%)]	Loss1: 5.841602 Loss2: 0.000008 
| Global Round : 38 | Client :4 | Local Epoch : 4 | [64/635 (11%)]	Loss1: 5.841581 Loss2: 0.000007 
| Global Round : 38 | Client :5 | Local Epoch : 0 | [64/633 (11%)]	Loss1: 5.843001 Loss2: 0.000006 
| Global Round : 38 | Client :5 | Local Epoch : 1 | [64/633 (11%)]	Loss1: 5.841545 Loss2: 0.000007 
| Global Round : 38 | Client :5 | Local Epoch : 2 | [64/633 (11%)]	Loss1: 5.840546 Loss2: 0.000007 
| Global Round : 38 | Client :5 | Local Epoch : 3 | [64/633 (11%)]	Loss1: 5.842433 Loss2: 0.000008 
| Global Round : 38 | Client :5 | Local Epoch : 4 | [64/633 (11%)]	Loss1: 5.841783 Loss2: 0.000007 
| Global Round : 38 | Client :6 | Local Epoch : 0 | [64/645 (10%)]	Loss1: 5.841630 Loss2: 0.000010 
| Global Round : 38 | Client :6 | Local Epoch : 1 | [64/645 (10%)]	Loss1: 5.843369 Loss2: 0.000008 
| Global Round : 38 | Client :6 | Local Epoch : 2 | [64/645 (10%)]	Loss1: 5.841308 Loss2: 0.000009 
| Global Round : 38 | Client :6 | Local Epoch : 3 | [64/645 (10%)]	Loss1: 5.841660 Loss2: 0.000006 
| Global Round : 38 | Client :6 | Local Epoch : 4 | [64/645 (10%)]	Loss1: 5.841499 Loss2: 0.000009 
| Global Round : 38 | Client :7 | Local Epoch : 0 | [64/615 (11%)]	Loss1: 5.840248 Loss2: 0.000006 
| Global Round : 38 | Client :7 | Local Epoch : 1 | [64/615 (11%)]	Loss1: 5.841443 Loss2: 0.000010 
| Global Round : 38 | Client :7 | Local Epoch : 2 | [64/615 (11%)]	Loss1: 5.842101 Loss2: 0.000008 
| Global Round : 38 | Client :7 | Local Epoch : 3 | [64/615 (11%)]	Loss1: 5.842059 Loss2: 0.000007 
| Global Round : 38 | Client :7 | Local Epoch : 4 | [64/615 (11%)]	Loss1: 5.841776 Loss2: 0.000006 
| Global Round : 38 | Client :8 | Local Epoch : 0 | [64/609 (11%)]	Loss1: 5.844276 Loss2: 0.000006 
| Global Round : 38 | Client :8 | Local Epoch : 1 | [64/609 (11%)]	Loss1: 5.842846 Loss2: 0.000008 
| Global Round : 38 | Client :8 | Local Epoch : 2 | [64/609 (11%)]	Loss1: 5.841395 Loss2: 0.000008 
| Global Round : 38 | Client :8 | Local Epoch : 3 | [64/609 (11%)]	Loss1: 5.842372 Loss2: 0.000006 
| Global Round : 38 | Client :8 | Local Epoch : 4 | [64/609 (11%)]	Loss1: 5.841325 Loss2: 0.000007 
| Global Round : 38 | Client :9 | Local Epoch : 0 | [64/628 (11%)]	Loss1: 5.843436 Loss2: 0.000005 
| Global Round : 38 | Client :9 | Local Epoch : 1 | [64/628 (11%)]	Loss1: 5.842150 Loss2: 0.000009 
| Global Round : 38 | Client :9 | Local Epoch : 2 | [64/628 (11%)]	Loss1: 5.841434 Loss2: 0.000007 
| Global Round : 38 | Client :9 | Local Epoch : 3 | [64/628 (11%)]	Loss1: 5.843219 Loss2: 0.000009 
| Global Round : 38 | Client :9 | Local Epoch : 4 | [64/628 (11%)]	Loss1: 5.841879 Loss2: 0.000006 
average loss:   5.839228009401806
average local test accuracy: 0.7729166666666668
average global test accuracy:  0.8220052083333333

 | Global Training Round : 39 |

xi_k [0.51652236 0.51565604 0.50347552 0.48185241 0.48321389 0.4846984
 0.5286339  0.49891218 0.50390664 0.48863267]
max_exp: -1.0
coe: 10
Regulation [0.8 0.8 0.8 0.8 0.8 0.8 0.8 0.8 0.8 0.8]
Solver status: optimal_inaccurate
b_new: [1. 1. 1. 1. 1. 1. 1. 1. 1. 1.]
Iter 0: obj=49.6550, best_obj=49.6550, ||b_new-b_prev||₂=2.846050
xi_k [0.51652236 0.51565604 0.50347552 0.48185241 0.48321389 0.4846984
 0.5286339  0.49891218 0.50390664 0.48863267]
max_exp: -1.0
coe: 10
Regulation [-1. -1. -1. -1. -1. -1. -1. -1. -1. -1.]
Solver status: optimal_inaccurate
b_new: [1. 1. 1. 1. 1. 1. 1. 1. 1. 1.]
Iter 1: obj=50.5550, best_obj=50.5550, ||b_new-b_prev||₂=0.000000
Converged.
Final b: [1. 1. 1. 1. 1. 1. 1. 1. 1. 1.]
<class 'numpy.ndarray'>
b_float: [1. 1. 1. 1. 1. 1. 1. 1. 1. 1.]
b: [1 1 1 1 1 1 1 1 1 1]
active_clients:  [0, 1, 2, 3, 4, 5, 6, 7, 8, 9]
Client 0's s_k are:[0 1 1 1 1 1 1 1 1 1]
Client 1's s_k are:[1 0 1 1 1 1 1 1 1 1]
Client 2's s_k are:[1 1 0 1 1 1 1 1 1 1]
Client 3's s_k are:[1 1 1 0 1 1 1 1 1 1]
Client 4's s_k are:[1 1 1 1 0 1 1 1 1 1]
Client 5's s_k are:[1 1 1 1 1 0 1 1 1 1]
Client 6's s_k are:[1 1 1 1 1 1 0 1 1 1]
Client 7's s_k are:[1 1 1 1 1 1 1 0 1 1]
Client 8's s_k are:[1 1 1 1 1 1 1 1 0 1]
Client 9's s_k are:[1 1 1 1 1 1 1 1 1 0]
| Global Round : 39 | Client :0 | Local Epoch : 0 | [64/594 (11%)]	Loss1: 5.841935 Loss2: 0.000009 
| Global Round : 39 | Client :0 | Local Epoch : 1 | [64/594 (11%)]	Loss1: 5.840500 Loss2: 0.000009 
| Global Round : 39 | Client :0 | Local Epoch : 2 | [64/594 (11%)]	Loss1: 5.841427 Loss2: 0.000006 
| Global Round : 39 | Client :0 | Local Epoch : 3 | [64/594 (11%)]	Loss1: 5.841961 Loss2: 0.000009 
| Global Round : 39 | Client :0 | Local Epoch : 4 | [64/594 (11%)]	Loss1: 5.841974 Loss2: 0.000007 
| Global Round : 39 | Client :1 | Local Epoch : 0 | [64/595 (11%)]	Loss1: 5.841070 Loss2: 0.000008 
| Global Round : 39 | Client :1 | Local Epoch : 1 | [64/595 (11%)]	Loss1: 5.842721 Loss2: 0.000005 
| Global Round : 39 | Client :1 | Local Epoch : 2 | [64/595 (11%)]	Loss1: 5.842641 Loss2: 0.000007 
| Global Round : 39 | Client :1 | Local Epoch : 3 | [64/595 (11%)]	Loss1: 5.841465 Loss2: 0.000007 
| Global Round : 39 | Client :1 | Local Epoch : 4 | [64/595 (11%)]	Loss1: 5.842077 Loss2: 0.000007 
| Global Round : 39 | Client :2 | Local Epoch : 0 | [64/474 (14%)]	Loss1: 5.842125 Loss2: 0.000008 
| Global Round : 39 | Client :2 | Local Epoch : 1 | [64/474 (14%)]	Loss1: 5.841328 Loss2: 0.000007 
| Global Round : 39 | Client :2 | Local Epoch : 2 | [64/474 (14%)]	Loss1: 5.841208 Loss2: 0.000006 
| Global Round : 39 | Client :2 | Local Epoch : 3 | [64/474 (14%)]	Loss1: 5.841401 Loss2: 0.000006 
| Global Round : 39 | Client :2 | Local Epoch : 4 | [64/474 (14%)]	Loss1: 5.840841 Loss2: 0.000008 
| Global Round : 39 | Client :3 | Local Epoch : 0 | [64/566 (12%)]	Loss1: 5.841315 Loss2: 0.000006 
| Global Round : 39 | Client :3 | Local Epoch : 1 | [64/566 (12%)]	Loss1: 5.841194 Loss2: 0.000006 
| Global Round : 39 | Client :3 | Local Epoch : 2 | [64/566 (12%)]	Loss1: 5.841793 Loss2: 0.000007 
| Global Round : 39 | Client :3 | Local Epoch : 3 | [64/566 (12%)]	Loss1: 5.841903 Loss2: 0.000007 
| Global Round : 39 | Client :3 | Local Epoch : 4 | [64/566 (12%)]	Loss1: 5.841891 Loss2: 0.000007 
| Global Round : 39 | Client :4 | Local Epoch : 0 | [64/635 (11%)]	Loss1: 5.842366 Loss2: 0.000007 
| Global Round : 39 | Client :4 | Local Epoch : 1 | [64/635 (11%)]	Loss1: 5.841237 Loss2: 0.000007 
| Global Round : 39 | Client :4 | Local Epoch : 2 | [64/635 (11%)]	Loss1: 5.841275 Loss2: 0.000007 
| Global Round : 39 | Client :4 | Local Epoch : 3 | [64/635 (11%)]	Loss1: 5.842502 Loss2: 0.000007 
| Global Round : 39 | Client :4 | Local Epoch : 4 | [64/635 (11%)]	Loss1: 5.841562 Loss2: 0.000007 
| Global Round : 39 | Client :5 | Local Epoch : 0 | [64/633 (11%)]	Loss1: 5.841241 Loss2: 0.000006 
| Global Round : 39 | Client :5 | Local Epoch : 1 | [64/633 (11%)]	Loss1: 5.841546 Loss2: 0.000006 
| Global Round : 39 | Client :5 | Local Epoch : 2 | [64/633 (11%)]	Loss1: 5.843324 Loss2: 0.000008 
| Global Round : 39 | Client :5 | Local Epoch : 3 | [64/633 (11%)]	Loss1: 5.841336 Loss2: 0.000006 
| Global Round : 39 | Client :5 | Local Epoch : 4 | [64/633 (11%)]	Loss1: 5.840640 Loss2: 0.000011 
| Global Round : 39 | Client :6 | Local Epoch : 0 | [64/645 (10%)]	Loss1: 5.841355 Loss2: 0.000008 
| Global Round : 39 | Client :6 | Local Epoch : 1 | [64/645 (10%)]	Loss1: 5.841731 Loss2: 0.000009 
| Global Round : 39 | Client :6 | Local Epoch : 2 | [64/645 (10%)]	Loss1: 5.841524 Loss2: 0.000005 
| Global Round : 39 | Client :6 | Local Epoch : 3 | [64/645 (10%)]	Loss1: 5.841001 Loss2: 0.000009 
| Global Round : 39 | Client :6 | Local Epoch : 4 | [64/645 (10%)]	Loss1: 5.841074 Loss2: 0.000007 
| Global Round : 39 | Client :7 | Local Epoch : 0 | [64/615 (11%)]	Loss1: 5.841727 Loss2: 0.000007 
| Global Round : 39 | Client :7 | Local Epoch : 1 | [64/615 (11%)]	Loss1: 5.841400 Loss2: 0.000005 
| Global Round : 39 | Client :7 | Local Epoch : 2 | [64/615 (11%)]	Loss1: 5.841712 Loss2: 0.000007 
| Global Round : 39 | Client :7 | Local Epoch : 3 | [64/615 (11%)]	Loss1: 5.842116 Loss2: 0.000009 
| Global Round : 39 | Client :7 | Local Epoch : 4 | [64/615 (11%)]	Loss1: 5.840530 Loss2: 0.000007 
| Global Round : 39 | Client :8 | Local Epoch : 0 | [64/609 (11%)]	Loss1: 5.842142 Loss2: 0.000007 
| Global Round : 39 | Client :8 | Local Epoch : 1 | [64/609 (11%)]	Loss1: 5.841325 Loss2: 0.000008 
| Global Round : 39 | Client :8 | Local Epoch : 2 | [64/609 (11%)]	Loss1: 5.841766 Loss2: 0.000005 
| Global Round : 39 | Client :8 | Local Epoch : 3 | [64/609 (11%)]	Loss1: 5.842985 Loss2: 0.000007 
| Global Round : 39 | Client :8 | Local Epoch : 4 | [64/609 (11%)]	Loss1: 5.840936 Loss2: 0.000006 
| Global Round : 39 | Client :9 | Local Epoch : 0 | [64/628 (11%)]	Loss1: 5.842912 Loss2: 0.000006 
| Global Round : 39 | Client :9 | Local Epoch : 1 | [64/628 (11%)]	Loss1: 5.841797 Loss2: 0.000010 
| Global Round : 39 | Client :9 | Local Epoch : 2 | [64/628 (11%)]	Loss1: 5.841862 Loss2: 0.000006 
| Global Round : 39 | Client :9 | Local Epoch : 3 | [64/628 (11%)]	Loss1: 5.841962 Loss2: 0.000007 
| Global Round : 39 | Client :9 | Local Epoch : 4 | [64/628 (11%)]	Loss1: 5.842280 Loss2: 0.000006 
average loss:   5.839159665599701
average local test accuracy: 0.7768229166666666
average global test accuracy:  0.8572916666666666

 | Global Training Round : 40 |

xi_k [0.51653228 0.51566431 0.50349397 0.48183684 0.48321444 0.48473024
 0.52857762 0.49890997 0.50387174 0.48859628]
max_exp: -1.0
coe: 10
Regulation [0.8 0.8 0.8 0.8 0.8 0.8 0.8 0.8 0.8 0.8]
Solver status: optimal_inaccurate
b_new: [1. 1. 1. 1. 1. 1. 1. 1. 1. 1.]
Iter 0: obj=49.6543, best_obj=49.6543, ||b_new-b_prev||₂=2.846050
xi_k [0.51653228 0.51566431 0.50349397 0.48183684 0.48321444 0.48473024
 0.52857762 0.49890997 0.50387174 0.48859628]
max_exp: -1.0
coe: 10
Regulation [-1. -1. -1. -1. -1. -1. -1. -1. -1. -1.]
Solver status: optimal_inaccurate
b_new: [1. 1. 1. 1. 1. 1. 1. 1. 1. 1.]
Iter 1: obj=50.5543, best_obj=50.5543, ||b_new-b_prev||₂=0.000000
Converged.
Final b: [1. 1. 1. 1. 1. 1. 1. 1. 1. 1.]
<class 'numpy.ndarray'>
b_float: [1. 1. 1. 1. 1. 1. 1. 1. 1. 1.]
b: [1 1 1 1 1 1 1 1 1 1]
active_clients:  [0, 1, 2, 3, 4, 5, 6, 7, 8, 9]
Client 0's s_k are:[0 1 1 1 1 1 1 1 1 1]
Client 1's s_k are:[1 0 1 1 1 1 1 1 1 1]
Client 2's s_k are:[1 1 0 1 1 1 1 1 1 1]
Client 3's s_k are:[1 1 1 0 1 1 1 1 1 1]
Client 4's s_k are:[1 1 1 1 0 1 1 1 1 1]
Client 5's s_k are:[1 1 1 1 1 0 1 1 1 1]
Client 6's s_k are:[1 1 1 1 1 1 0 1 1 1]
Client 7's s_k are:[1 1 1 1 1 1 1 0 1 1]
Client 8's s_k are:[1 1 1 1 1 1 1 1 0 1]
Client 9's s_k are:[1 1 1 1 1 1 1 1 1 0]
| Global Round : 40 | Client :0 | Local Epoch : 0 | [64/594 (11%)]	Loss1: 5.841764 Loss2: 0.000007 
| Global Round : 40 | Client :0 | Local Epoch : 1 | [64/594 (11%)]	Loss1: 5.841316 Loss2: 0.000008 
| Global Round : 40 | Client :0 | Local Epoch : 2 | [64/594 (11%)]	Loss1: 5.841392 Loss2: 0.000009 
| Global Round : 40 | Client :0 | Local Epoch : 3 | [64/594 (11%)]	Loss1: 5.841646 Loss2: 0.000007 
| Global Round : 40 | Client :0 | Local Epoch : 4 | [64/594 (11%)]	Loss1: 5.842235 Loss2: 0.000005 
| Global Round : 40 | Client :1 | Local Epoch : 0 | [64/595 (11%)]	Loss1: 5.841145 Loss2: 0.000008 
| Global Round : 40 | Client :1 | Local Epoch : 1 | [64/595 (11%)]	Loss1: 5.842050 Loss2: 0.000007 
| Global Round : 40 | Client :1 | Local Epoch : 2 | [64/595 (11%)]	Loss1: 5.840661 Loss2: 0.000008 
| Global Round : 40 | Client :1 | Local Epoch : 3 | [64/595 (11%)]	Loss1: 5.840497 Loss2: 0.000007 
| Global Round : 40 | Client :1 | Local Epoch : 4 | [64/595 (11%)]	Loss1: 5.841743 Loss2: 0.000006 
| Global Round : 40 | Client :2 | Local Epoch : 0 | [64/474 (14%)]	Loss1: 5.841623 Loss2: 0.000005 
| Global Round : 40 | Client :2 | Local Epoch : 1 | [64/474 (14%)]	Loss1: 5.841537 Loss2: 0.000005 
| Global Round : 40 | Client :2 | Local Epoch : 2 | [64/474 (14%)]	Loss1: 5.842237 Loss2: 0.000007 
| Global Round : 40 | Client :2 | Local Epoch : 3 | [64/474 (14%)]	Loss1: 5.842486 Loss2: 0.000008 
| Global Round : 40 | Client :2 | Local Epoch : 4 | [64/474 (14%)]	Loss1: 5.841170 Loss2: 0.000005 
| Global Round : 40 | Client :3 | Local Epoch : 0 | [64/566 (12%)]	Loss1: 5.841769 Loss2: 0.000007 
| Global Round : 40 | Client :3 | Local Epoch : 1 | [64/566 (12%)]	Loss1: 5.841595 Loss2: 0.000006 
| Global Round : 40 | Client :3 | Local Epoch : 2 | [64/566 (12%)]	Loss1: 5.842023 Loss2: 0.000006 
| Global Round : 40 | Client :3 | Local Epoch : 3 | [64/566 (12%)]	Loss1: 5.841781 Loss2: 0.000007 
| Global Round : 40 | Client :3 | Local Epoch : 4 | [64/566 (12%)]	Loss1: 5.841424 Loss2: 0.000006 
| Global Round : 40 | Client :4 | Local Epoch : 0 | [64/635 (11%)]	Loss1: 5.841986 Loss2: 0.000007 
| Global Round : 40 | Client :4 | Local Epoch : 1 | [64/635 (11%)]	Loss1: 5.842346 Loss2: 0.000009 
| Global Round : 40 | Client :4 | Local Epoch : 2 | [64/635 (11%)]	Loss1: 5.841238 Loss2: 0.000010 
| Global Round : 40 | Client :4 | Local Epoch : 3 | [64/635 (11%)]	Loss1: 5.842523 Loss2: 0.000007 
| Global Round : 40 | Client :4 | Local Epoch : 4 | [64/635 (11%)]	Loss1: 5.842403 Loss2: 0.000010 
| Global Round : 40 | Client :5 | Local Epoch : 0 | [64/633 (11%)]	Loss1: 5.841516 Loss2: 0.000007 
| Global Round : 40 | Client :5 | Local Epoch : 1 | [64/633 (11%)]	Loss1: 5.841938 Loss2: 0.000008 
| Global Round : 40 | Client :5 | Local Epoch : 2 | [64/633 (11%)]	Loss1: 5.841645 Loss2: 0.000006 
| Global Round : 40 | Client :5 | Local Epoch : 3 | [64/633 (11%)]	Loss1: 5.841998 Loss2: 0.000007 
| Global Round : 40 | Client :5 | Local Epoch : 4 | [64/633 (11%)]	Loss1: 5.842649 Loss2: 0.000007 
| Global Round : 40 | Client :6 | Local Epoch : 0 | [64/645 (10%)]	Loss1: 5.841998 Loss2: 0.000010 
| Global Round : 40 | Client :6 | Local Epoch : 1 | [64/645 (10%)]	Loss1: 5.841722 Loss2: 0.000007 
| Global Round : 40 | Client :6 | Local Epoch : 2 | [64/645 (10%)]	Loss1: 5.842282 Loss2: 0.000006 
| Global Round : 40 | Client :6 | Local Epoch : 3 | [64/645 (10%)]	Loss1: 5.841185 Loss2: 0.000007 
| Global Round : 40 | Client :6 | Local Epoch : 4 | [64/645 (10%)]	Loss1: 5.842464 Loss2: 0.000007 
| Global Round : 40 | Client :7 | Local Epoch : 0 | [64/615 (11%)]	Loss1: 5.842327 Loss2: 0.000007 
| Global Round : 40 | Client :7 | Local Epoch : 1 | [64/615 (11%)]	Loss1: 5.841727 Loss2: 0.000010 
| Global Round : 40 | Client :7 | Local Epoch : 2 | [64/615 (11%)]	Loss1: 5.841737 Loss2: 0.000006 
| Global Round : 40 | Client :7 | Local Epoch : 3 | [64/615 (11%)]	Loss1: 5.841122 Loss2: 0.000007 
| Global Round : 40 | Client :7 | Local Epoch : 4 | [64/615 (11%)]	Loss1: 5.840738 Loss2: 0.000006 
| Global Round : 40 | Client :8 | Local Epoch : 0 | [64/609 (11%)]	Loss1: 5.841416 Loss2: 0.000007 
| Global Round : 40 | Client :8 | Local Epoch : 1 | [64/609 (11%)]	Loss1: 5.842338 Loss2: 0.000008 
| Global Round : 40 | Client :8 | Local Epoch : 2 | [64/609 (11%)]	Loss1: 5.841969 Loss2: 0.000007 
| Global Round : 40 | Client :8 | Local Epoch : 3 | [64/609 (11%)]	Loss1: 5.841158 Loss2: 0.000007 
| Global Round : 40 | Client :8 | Local Epoch : 4 | [64/609 (11%)]	Loss1: 5.841012 Loss2: 0.000007 
| Global Round : 40 | Client :9 | Local Epoch : 0 | [64/628 (11%)]	Loss1: 5.841688 Loss2: 0.000007 
| Global Round : 40 | Client :9 | Local Epoch : 1 | [64/628 (11%)]	Loss1: 5.840631 Loss2: 0.000007 
| Global Round : 40 | Client :9 | Local Epoch : 2 | [64/628 (11%)]	Loss1: 5.842314 Loss2: 0.000008 
| Global Round : 40 | Client :9 | Local Epoch : 3 | [64/628 (11%)]	Loss1: 5.841684 Loss2: 0.000007 
| Global Round : 40 | Client :9 | Local Epoch : 4 | [64/628 (11%)]	Loss1: 5.841183 Loss2: 0.000006 
average loss:   5.839204100105498
average local test accuracy: 0.7903645833333334
average global test accuracy:  0.81875

 | Global Training Round : 41 |

xi_k [0.51653592 0.51566377 0.50346082 0.48181655 0.48320854 0.48473578
 0.52860537 0.49889428 0.50389918 0.48862341]
max_exp: -1.0
coe: 10
Regulation [0.8 0.8 0.8 0.8 0.8 0.8 0.8 0.8 0.8 0.8]
Solver status: optimal_inaccurate
b_new: [1. 1. 1. 1. 1. 1. 1. 1. 1. 1.]
Iter 0: obj=49.6544, best_obj=49.6544, ||b_new-b_prev||₂=2.846050
xi_k [0.51653592 0.51566377 0.50346082 0.48181655 0.48320854 0.48473578
 0.52860537 0.49889428 0.50389918 0.48862341]
max_exp: -1.0
coe: 10
Regulation [-1. -1. -1. -1. -1. -1. -1. -1. -1. -1.]
Solver status: optimal_inaccurate
b_new: [1. 1. 1. 1. 1. 1. 1. 1. 1. 1.]
Iter 1: obj=50.5544, best_obj=50.5544, ||b_new-b_prev||₂=0.000000
Converged.
Final b: [1. 1. 1. 1. 1. 1. 1. 1. 1. 1.]
<class 'numpy.ndarray'>
b_float: [1. 1. 1. 1. 1. 1. 1. 1. 1. 1.]
b: [1 1 1 1 1 1 1 1 1 1]
active_clients:  [0, 1, 2, 3, 4, 5, 6, 7, 8, 9]
Client 0's s_k are:[0 1 1 1 1 1 1 1 1 1]
Client 1's s_k are:[1 0 1 1 1 1 1 1 1 1]
Client 2's s_k are:[1 1 0 1 1 1 1 1 1 1]
Client 3's s_k are:[1 1 1 0 1 1 1 1 1 1]
Client 4's s_k are:[1 1 1 1 0 1 1 1 1 1]
Client 5's s_k are:[1 1 1 1 1 0 1 1 1 1]
Client 6's s_k are:[1 1 1 1 1 1 0 1 1 1]
Client 7's s_k are:[1 1 1 1 1 1 1 0 1 1]
Client 8's s_k are:[1 1 1 1 1 1 1 1 0 1]
Client 9's s_k are:[1 1 1 1 1 1 1 1 1 0]
| Global Round : 41 | Client :0 | Local Epoch : 0 | [64/594 (11%)]	Loss1: 5.841583 Loss2: 0.000008 
| Global Round : 41 | Client :0 | Local Epoch : 1 | [64/594 (11%)]	Loss1: 5.841424 Loss2: 0.000008 
| Global Round : 41 | Client :0 | Local Epoch : 2 | [64/594 (11%)]	Loss1: 5.840744 Loss2: 0.000005 
| Global Round : 41 | Client :0 | Local Epoch : 3 | [64/594 (11%)]	Loss1: 5.841985 Loss2: 0.000007 
| Global Round : 41 | Client :0 | Local Epoch : 4 | [64/594 (11%)]	Loss1: 5.842569 Loss2: 0.000006 
| Global Round : 41 | Client :1 | Local Epoch : 0 | [64/595 (11%)]	Loss1: 5.842322 Loss2: 0.000007 
| Global Round : 41 | Client :1 | Local Epoch : 1 | [64/595 (11%)]	Loss1: 5.841872 Loss2: 0.000007 
| Global Round : 41 | Client :1 | Local Epoch : 2 | [64/595 (11%)]	Loss1: 5.841701 Loss2: 0.000005 
| Global Round : 41 | Client :1 | Local Epoch : 3 | [64/595 (11%)]	Loss1: 5.840534 Loss2: 0.000008 
| Global Round : 41 | Client :1 | Local Epoch : 4 | [64/595 (11%)]	Loss1: 5.840975 Loss2: 0.000008 
| Global Round : 41 | Client :2 | Local Epoch : 0 | [64/474 (14%)]	Loss1: 5.841328 Loss2: 0.000005 
| Global Round : 41 | Client :2 | Local Epoch : 1 | [64/474 (14%)]	Loss1: 5.841557 Loss2: 0.000007 
| Global Round : 41 | Client :2 | Local Epoch : 2 | [64/474 (14%)]	Loss1: 5.841510 Loss2: 0.000007 
| Global Round : 41 | Client :2 | Local Epoch : 3 | [64/474 (14%)]	Loss1: 5.842618 Loss2: 0.000006 
| Global Round : 41 | Client :2 | Local Epoch : 4 | [64/474 (14%)]	Loss1: 5.841608 Loss2: 0.000006 
| Global Round : 41 | Client :3 | Local Epoch : 0 | [64/566 (12%)]	Loss1: 5.841943 Loss2: 0.000006 
| Global Round : 41 | Client :3 | Local Epoch : 1 | [64/566 (12%)]	Loss1: 5.841798 Loss2: 0.000007 
| Global Round : 41 | Client :3 | Local Epoch : 2 | [64/566 (12%)]	Loss1: 5.842632 Loss2: 0.000006 
| Global Round : 41 | Client :3 | Local Epoch : 3 | [64/566 (12%)]	Loss1: 5.842689 Loss2: 0.000007 
| Global Round : 41 | Client :3 | Local Epoch : 4 | [64/566 (12%)]	Loss1: 5.841928 Loss2: 0.000006 
| Global Round : 41 | Client :4 | Local Epoch : 0 | [64/635 (11%)]	Loss1: 5.841985 Loss2: 0.000008 
| Global Round : 41 | Client :4 | Local Epoch : 1 | [64/635 (11%)]	Loss1: 5.841647 Loss2: 0.000008 
| Global Round : 41 | Client :4 | Local Epoch : 2 | [64/635 (11%)]	Loss1: 5.842641 Loss2: 0.000007 
| Global Round : 41 | Client :4 | Local Epoch : 3 | [64/635 (11%)]	Loss1: 5.842321 Loss2: 0.000006 
| Global Round : 41 | Client :4 | Local Epoch : 4 | [64/635 (11%)]	Loss1: 5.841421 Loss2: 0.000007 
| Global Round : 41 | Client :5 | Local Epoch : 0 | [64/633 (11%)]	Loss1: 5.841171 Loss2: 0.000007 
| Global Round : 41 | Client :5 | Local Epoch : 1 | [64/633 (11%)]	Loss1: 5.841148 Loss2: 0.000008 
| Global Round : 41 | Client :5 | Local Epoch : 2 | [64/633 (11%)]	Loss1: 5.841720 Loss2: 0.000006 
| Global Round : 41 | Client :5 | Local Epoch : 3 | [64/633 (11%)]	Loss1: 5.841245 Loss2: 0.000010 
| Global Round : 41 | Client :5 | Local Epoch : 4 | [64/633 (11%)]	Loss1: 5.842603 Loss2: 0.000005 
| Global Round : 41 | Client :6 | Local Epoch : 0 | [64/645 (10%)]	Loss1: 5.841815 Loss2: 0.000006 
| Global Round : 41 | Client :6 | Local Epoch : 1 | [64/645 (10%)]	Loss1: 5.841326 Loss2: 0.000007 
| Global Round : 41 | Client :6 | Local Epoch : 2 | [64/645 (10%)]	Loss1: 5.841670 Loss2: 0.000007 
| Global Round : 41 | Client :6 | Local Epoch : 3 | [64/645 (10%)]	Loss1: 5.841850 Loss2: 0.000006 
| Global Round : 41 | Client :6 | Local Epoch : 4 | [64/645 (10%)]	Loss1: 5.841862 Loss2: 0.000008 
| Global Round : 41 | Client :7 | Local Epoch : 0 | [64/615 (11%)]	Loss1: 5.841334 Loss2: 0.000006 
| Global Round : 41 | Client :7 | Local Epoch : 1 | [64/615 (11%)]	Loss1: 5.841401 Loss2: 0.000006 
| Global Round : 41 | Client :7 | Local Epoch : 2 | [64/615 (11%)]	Loss1: 5.840863 Loss2: 0.000006 
| Global Round : 41 | Client :7 | Local Epoch : 3 | [64/615 (11%)]	Loss1: 5.840246 Loss2: 0.000008 
| Global Round : 41 | Client :7 | Local Epoch : 4 | [64/615 (11%)]	Loss1: 5.842648 Loss2: 0.000008 
| Global Round : 41 | Client :8 | Local Epoch : 0 | [64/609 (11%)]	Loss1: 5.841770 Loss2: 0.000006 
| Global Round : 41 | Client :8 | Local Epoch : 1 | [64/609 (11%)]	Loss1: 5.841612 Loss2: 0.000008 
| Global Round : 41 | Client :8 | Local Epoch : 2 | [64/609 (11%)]	Loss1: 5.842323 Loss2: 0.000008 
| Global Round : 41 | Client :8 | Local Epoch : 3 | [64/609 (11%)]	Loss1: 5.843087 Loss2: 0.000006 
| Global Round : 41 | Client :8 | Local Epoch : 4 | [64/609 (11%)]	Loss1: 5.840905 Loss2: 0.000008 
| Global Round : 41 | Client :9 | Local Epoch : 0 | [64/628 (11%)]	Loss1: 5.841588 Loss2: 0.000006 
| Global Round : 41 | Client :9 | Local Epoch : 1 | [64/628 (11%)]	Loss1: 5.840093 Loss2: 0.000008 
| Global Round : 41 | Client :9 | Local Epoch : 2 | [64/628 (11%)]	Loss1: 5.843025 Loss2: 0.000007 
| Global Round : 41 | Client :9 | Local Epoch : 3 | [64/628 (11%)]	Loss1: 5.841623 Loss2: 0.000006 
| Global Round : 41 | Client :9 | Local Epoch : 4 | [64/628 (11%)]	Loss1: 5.840622 Loss2: 0.000008 
average loss:   5.83912313580513
average local test accuracy: 0.7763020833333333
average global test accuracy:  0.8274739583333334

 | Global Training Round : 42 |

xi_k [0.51652698 0.51563551 0.50343118 0.48183858 0.48321499 0.48465093
 0.52860001 0.49889312 0.50391935 0.48862621]
max_exp: -1.0
coe: 10
Regulation [0.8 0.8 0.8 0.8 0.8 0.8 0.8 0.8 0.8 0.8]
Solver status: optimal_inaccurate
b_new: [1. 1. 1. 1. 1. 1. 1. 1. 1. 1.]
Iter 0: obj=49.6534, best_obj=49.6534, ||b_new-b_prev||₂=2.846050
xi_k [0.51652698 0.51563551 0.50343118 0.48183858 0.48321499 0.48465093
 0.52860001 0.49889312 0.50391935 0.48862621]
max_exp: -1.0
coe: 10
Regulation [-1. -1. -1. -1. -1. -1. -1. -1. -1. -1.]
Solver status: optimal_inaccurate
b_new: [1. 1. 1. 1. 1. 1. 1. 1. 1. 1.]
Iter 1: obj=50.5534, best_obj=50.5534, ||b_new-b_prev||₂=0.000000
Converged.
Final b: [1. 1. 1. 1. 1. 1. 1. 1. 1. 1.]
<class 'numpy.ndarray'>
b_float: [1. 1. 1. 1. 1. 1. 1. 1. 1. 1.]
b: [1 1 1 1 1 1 1 1 1 1]
active_clients:  [0, 1, 2, 3, 4, 5, 6, 7, 8, 9]
Client 0's s_k are:[0 1 1 1 1 1 1 1 1 1]
Client 1's s_k are:[1 0 1 1 1 1 1 1 1 1]
Client 2's s_k are:[1 1 0 1 1 1 1 1 1 1]
Client 3's s_k are:[1 1 1 0 1 1 1 1 1 1]
Client 4's s_k are:[1 1 1 1 0 1 1 1 1 1]
Client 5's s_k are:[1 1 1 1 1 0 1 1 1 1]
Client 6's s_k are:[1 1 1 1 1 1 0 1 1 1]
Client 7's s_k are:[1 1 1 1 1 1 1 0 1 1]
Client 8's s_k are:[1 1 1 1 1 1 1 1 0 1]
Client 9's s_k are:[1 1 1 1 1 1 1 1 1 0]
| Global Round : 42 | Client :0 | Local Epoch : 0 | [64/594 (11%)]	Loss1: 5.841655 Loss2: 0.000006 
| Global Round : 42 | Client :0 | Local Epoch : 1 | [64/594 (11%)]	Loss1: 5.841045 Loss2: 0.000007 
| Global Round : 42 | Client :0 | Local Epoch : 2 | [64/594 (11%)]	Loss1: 5.841494 Loss2: 0.000006 
| Global Round : 42 | Client :0 | Local Epoch : 3 | [64/594 (11%)]	Loss1: 5.841051 Loss2: 0.000008 
| Global Round : 42 | Client :0 | Local Epoch : 4 | [64/594 (11%)]	Loss1: 5.840641 Loss2: 0.000007 
| Global Round : 42 | Client :1 | Local Epoch : 0 | [64/595 (11%)]	Loss1: 5.841776 Loss2: 0.000006 
| Global Round : 42 | Client :1 | Local Epoch : 1 | [64/595 (11%)]	Loss1: 5.842595 Loss2: 0.000007 
| Global Round : 42 | Client :1 | Local Epoch : 2 | [64/595 (11%)]	Loss1: 5.842692 Loss2: 0.000008 
| Global Round : 42 | Client :1 | Local Epoch : 3 | [64/595 (11%)]	Loss1: 5.841693 Loss2: 0.000006 
| Global Round : 42 | Client :1 | Local Epoch : 4 | [64/595 (11%)]	Loss1: 5.842052 Loss2: 0.000010 
| Global Round : 42 | Client :2 | Local Epoch : 0 | [64/474 (14%)]	Loss1: 5.842695 Loss2: 0.000009 
| Global Round : 42 | Client :2 | Local Epoch : 1 | [64/474 (14%)]	Loss1: 5.841690 Loss2: 0.000006 
| Global Round : 42 | Client :2 | Local Epoch : 2 | [64/474 (14%)]	Loss1: 5.841167 Loss2: 0.000006 
| Global Round : 42 | Client :2 | Local Epoch : 3 | [64/474 (14%)]	Loss1: 5.840750 Loss2: 0.000006 
| Global Round : 42 | Client :2 | Local Epoch : 4 | [64/474 (14%)]	Loss1: 5.842557 Loss2: 0.000005 
| Global Round : 42 | Client :3 | Local Epoch : 0 | [64/566 (12%)]	Loss1: 5.840418 Loss2: 0.000005 
| Global Round : 42 | Client :3 | Local Epoch : 1 | [64/566 (12%)]	Loss1: 5.841762 Loss2: 0.000006 
| Global Round : 42 | Client :3 | Local Epoch : 2 | [64/566 (12%)]	Loss1: 5.841601 Loss2: 0.000005 
| Global Round : 42 | Client :3 | Local Epoch : 3 | [64/566 (12%)]	Loss1: 5.842349 Loss2: 0.000007 
| Global Round : 42 | Client :3 | Local Epoch : 4 | [64/566 (12%)]	Loss1: 5.840653 Loss2: 0.000006 
| Global Round : 42 | Client :4 | Local Epoch : 0 | [64/635 (11%)]	Loss1: 5.842744 Loss2: 0.000008 
| Global Round : 42 | Client :4 | Local Epoch : 1 | [64/635 (11%)]	Loss1: 5.841335 Loss2: 0.000009 
| Global Round : 42 | Client :4 | Local Epoch : 2 | [64/635 (11%)]	Loss1: 5.841855 Loss2: 0.000009 
| Global Round : 42 | Client :4 | Local Epoch : 3 | [64/635 (11%)]	Loss1: 5.842541 Loss2: 0.000012 
| Global Round : 42 | Client :4 | Local Epoch : 4 | [64/635 (11%)]	Loss1: 5.842983 Loss2: 0.000008 
| Global Round : 42 | Client :5 | Local Epoch : 0 | [64/633 (11%)]	Loss1: 5.841638 Loss2: 0.000007 
| Global Round : 42 | Client :5 | Local Epoch : 1 | [64/633 (11%)]	Loss1: 5.840043 Loss2: 0.000008 
| Global Round : 42 | Client :5 | Local Epoch : 2 | [64/633 (11%)]	Loss1: 5.841313 Loss2: 0.000008 
| Global Round : 42 | Client :5 | Local Epoch : 3 | [64/633 (11%)]	Loss1: 5.842098 Loss2: 0.000006 
| Global Round : 42 | Client :5 | Local Epoch : 4 | [64/633 (11%)]	Loss1: 5.840704 Loss2: 0.000008 
| Global Round : 42 | Client :6 | Local Epoch : 0 | [64/645 (10%)]	Loss1: 5.841259 Loss2: 0.000006 
| Global Round : 42 | Client :6 | Local Epoch : 1 | [64/645 (10%)]	Loss1: 5.841497 Loss2: 0.000008 
| Global Round : 42 | Client :6 | Local Epoch : 2 | [64/645 (10%)]	Loss1: 5.840893 Loss2: 0.000007 
| Global Round : 42 | Client :6 | Local Epoch : 3 | [64/645 (10%)]	Loss1: 5.841726 Loss2: 0.000007 
| Global Round : 42 | Client :6 | Local Epoch : 4 | [64/645 (10%)]	Loss1: 5.841511 Loss2: 0.000007 
| Global Round : 42 | Client :7 | Local Epoch : 0 | [64/615 (11%)]	Loss1: 5.841906 Loss2: 0.000006 
| Global Round : 42 | Client :7 | Local Epoch : 1 | [64/615 (11%)]	Loss1: 5.841873 Loss2: 0.000006 
| Global Round : 42 | Client :7 | Local Epoch : 2 | [64/615 (11%)]	Loss1: 5.841941 Loss2: 0.000009 
| Global Round : 42 | Client :7 | Local Epoch : 3 | [64/615 (11%)]	Loss1: 5.842207 Loss2: 0.000006 
| Global Round : 42 | Client :7 | Local Epoch : 4 | [64/615 (11%)]	Loss1: 5.841809 Loss2: 0.000006 
| Global Round : 42 | Client :8 | Local Epoch : 0 | [64/609 (11%)]	Loss1: 5.842636 Loss2: 0.000006 
| Global Round : 42 | Client :8 | Local Epoch : 1 | [64/609 (11%)]	Loss1: 5.841325 Loss2: 0.000007 
| Global Round : 42 | Client :8 | Local Epoch : 2 | [64/609 (11%)]	Loss1: 5.841311 Loss2: 0.000007 
| Global Round : 42 | Client :8 | Local Epoch : 3 | [64/609 (11%)]	Loss1: 5.842034 Loss2: 0.000005 
| Global Round : 42 | Client :8 | Local Epoch : 4 | [64/609 (11%)]	Loss1: 5.841100 Loss2: 0.000007 
| Global Round : 42 | Client :9 | Local Epoch : 0 | [64/628 (11%)]	Loss1: 5.840596 Loss2: 0.000006 
| Global Round : 42 | Client :9 | Local Epoch : 1 | [64/628 (11%)]	Loss1: 5.841885 Loss2: 0.000007 
| Global Round : 42 | Client :9 | Local Epoch : 2 | [64/628 (11%)]	Loss1: 5.842761 Loss2: 0.000007 
| Global Round : 42 | Client :9 | Local Epoch : 3 | [64/628 (11%)]	Loss1: 5.841557 Loss2: 0.000006 
| Global Round : 42 | Client :9 | Local Epoch : 4 | [64/628 (11%)]	Loss1: 5.841485 Loss2: 0.000006 
average loss:   5.8391704761414305
average local test accuracy: 0.7888020833333333
average global test accuracy:  0.808203125

 | Global Training Round : 43 |

xi_k [0.51651705 0.51568935 0.50348452 0.48184136 0.48326122 0.4846937
 0.52859139 0.49890407 0.50385471 0.4886138 ]
max_exp: -1.0
coe: 10
Regulation [0.8 0.8 0.8 0.8 0.8 0.8 0.8 0.8 0.8 0.8]
Solver status: optimal_inaccurate
b_new: [1. 1. 1. 1. 1. 1. 1. 1. 1. 1.]
Iter 0: obj=49.6545, best_obj=49.6545, ||b_new-b_prev||₂=2.846050
xi_k [0.51651705 0.51568935 0.50348452 0.48184136 0.48326122 0.4846937
 0.52859139 0.49890407 0.50385471 0.4886138 ]
max_exp: -1.0
coe: 10
Regulation [-1. -1. -1. -1. -1. -1. -1. -1. -1. -1.]
Solver status: optimal_inaccurate
b_new: [1. 1. 1. 1. 1. 1. 1. 1. 1. 1.]
Iter 1: obj=50.5545, best_obj=50.5545, ||b_new-b_prev||₂=0.000000
Converged.
Final b: [1. 1. 1. 1. 1. 1. 1. 1. 1. 1.]
<class 'numpy.ndarray'>
b_float: [1. 1. 1. 1. 1. 1. 1. 1. 1. 1.]
b: [1 1 1 1 1 1 1 1 1 1]
active_clients:  [0, 1, 2, 3, 4, 5, 6, 7, 8, 9]
Client 0's s_k are:[0 1 1 1 1 1 1 1 1 1]
Client 1's s_k are:[1 0 1 1 1 1 1 1 1 1]
Client 2's s_k are:[1 1 0 1 1 1 1 1 1 1]
Client 3's s_k are:[1 1 1 0 1 1 1 1 1 1]
Client 4's s_k are:[1 1 1 1 0 1 1 1 1 1]
Client 5's s_k are:[1 1 1 1 1 0 1 1 1 1]
Client 6's s_k are:[1 1 1 1 1 1 0 1 1 1]
Client 7's s_k are:[1 1 1 1 1 1 1 0 1 1]
Client 8's s_k are:[1 1 1 1 1 1 1 1 0 1]
Client 9's s_k are:[1 1 1 1 1 1 1 1 1 0]
| Global Round : 43 | Client :0 | Local Epoch : 0 | [64/594 (11%)]	Loss1: 5.841574 Loss2: 0.000009 
| Global Round : 43 | Client :0 | Local Epoch : 1 | [64/594 (11%)]	Loss1: 5.841436 Loss2: 0.000005 
| Global Round : 43 | Client :0 | Local Epoch : 2 | [64/594 (11%)]	Loss1: 5.842072 Loss2: 0.000005 
| Global Round : 43 | Client :0 | Local Epoch : 3 | [64/594 (11%)]	Loss1: 5.842651 Loss2: 0.000006 
| Global Round : 43 | Client :0 | Local Epoch : 4 | [64/594 (11%)]	Loss1: 5.842024 Loss2: 0.000006 
| Global Round : 43 | Client :1 | Local Epoch : 0 | [64/595 (11%)]	Loss1: 5.841826 Loss2: 0.000006 
| Global Round : 43 | Client :1 | Local Epoch : 1 | [64/595 (11%)]	Loss1: 5.841636 Loss2: 0.000006 
| Global Round : 43 | Client :1 | Local Epoch : 2 | [64/595 (11%)]	Loss1: 5.841821 Loss2: 0.000007 
| Global Round : 43 | Client :1 | Local Epoch : 3 | [64/595 (11%)]	Loss1: 5.842554 Loss2: 0.000007 
| Global Round : 43 | Client :1 | Local Epoch : 4 | [64/595 (11%)]	Loss1: 5.841592 Loss2: 0.000007 
| Global Round : 43 | Client :2 | Local Epoch : 0 | [64/474 (14%)]	Loss1: 5.843143 Loss2: 0.000007 
| Global Round : 43 | Client :2 | Local Epoch : 1 | [64/474 (14%)]	Loss1: 5.841764 Loss2: 0.000009 
| Global Round : 43 | Client :2 | Local Epoch : 2 | [64/474 (14%)]	Loss1: 5.842336 Loss2: 0.000007 
| Global Round : 43 | Client :2 | Local Epoch : 3 | [64/474 (14%)]	Loss1: 5.841535 Loss2: 0.000006 
| Global Round : 43 | Client :2 | Local Epoch : 4 | [64/474 (14%)]	Loss1: 5.841826 Loss2: 0.000004 
| Global Round : 43 | Client :3 | Local Epoch : 0 | [64/566 (12%)]	Loss1: 5.841185 Loss2: 0.000005 
| Global Round : 43 | Client :3 | Local Epoch : 1 | [64/566 (12%)]	Loss1: 5.840435 Loss2: 0.000007 
| Global Round : 43 | Client :3 | Local Epoch : 2 | [64/566 (12%)]	Loss1: 5.841894 Loss2: 0.000005 
| Global Round : 43 | Client :3 | Local Epoch : 3 | [64/566 (12%)]	Loss1: 5.840772 Loss2: 0.000006 
| Global Round : 43 | Client :3 | Local Epoch : 4 | [64/566 (12%)]	Loss1: 5.841810 Loss2: 0.000005 
| Global Round : 43 | Client :4 | Local Epoch : 0 | [64/635 (11%)]	Loss1: 5.841819 Loss2: 0.000005 
| Global Round : 43 | Client :4 | Local Epoch : 1 | [64/635 (11%)]	Loss1: 5.840880 Loss2: 0.000010 
| Global Round : 43 | Client :4 | Local Epoch : 2 | [64/635 (11%)]	Loss1: 5.842564 Loss2: 0.000009 
| Global Round : 43 | Client :4 | Local Epoch : 3 | [64/635 (11%)]	Loss1: 5.841219 Loss2: 0.000006 
| Global Round : 43 | Client :4 | Local Epoch : 4 | [64/635 (11%)]	Loss1: 5.841874 Loss2: 0.000009 
| Global Round : 43 | Client :5 | Local Epoch : 0 | [64/633 (11%)]	Loss1: 5.841588 Loss2: 0.000009 
| Global Round : 43 | Client :5 | Local Epoch : 1 | [64/633 (11%)]	Loss1: 5.841352 Loss2: 0.000006 
| Global Round : 43 | Client :5 | Local Epoch : 2 | [64/633 (11%)]	Loss1: 5.842048 Loss2: 0.000006 
| Global Round : 43 | Client :5 | Local Epoch : 3 | [64/633 (11%)]	Loss1: 5.841579 Loss2: 0.000007 
| Global Round : 43 | Client :5 | Local Epoch : 4 | [64/633 (11%)]	Loss1: 5.841228 Loss2: 0.000005 
| Global Round : 43 | Client :6 | Local Epoch : 0 | [64/645 (10%)]	Loss1: 5.842601 Loss2: 0.000006 
| Global Round : 43 | Client :6 | Local Epoch : 1 | [64/645 (10%)]	Loss1: 5.841695 Loss2: 0.000007 
| Global Round : 43 | Client :6 | Local Epoch : 2 | [64/645 (10%)]	Loss1: 5.842225 Loss2: 0.000007 
| Global Round : 43 | Client :6 | Local Epoch : 3 | [64/645 (10%)]	Loss1: 5.841064 Loss2: 0.000007 
| Global Round : 43 | Client :6 | Local Epoch : 4 | [64/645 (10%)]	Loss1: 5.842313 Loss2: 0.000008 
| Global Round : 43 | Client :7 | Local Epoch : 0 | [64/615 (11%)]	Loss1: 5.841551 Loss2: 0.000005 
| Global Round : 43 | Client :7 | Local Epoch : 1 | [64/615 (11%)]	Loss1: 5.841664 Loss2: 0.000008 
| Global Round : 43 | Client :7 | Local Epoch : 2 | [64/615 (11%)]	Loss1: 5.840972 Loss2: 0.000006 
| Global Round : 43 | Client :7 | Local Epoch : 3 | [64/615 (11%)]	Loss1: 5.841148 Loss2: 0.000006 
| Global Round : 43 | Client :7 | Local Epoch : 4 | [64/615 (11%)]	Loss1: 5.841601 Loss2: 0.000006 
| Global Round : 43 | Client :8 | Local Epoch : 0 | [64/609 (11%)]	Loss1: 5.842868 Loss2: 0.000006 
| Global Round : 43 | Client :8 | Local Epoch : 1 | [64/609 (11%)]	Loss1: 5.842257 Loss2: 0.000008 
| Global Round : 43 | Client :8 | Local Epoch : 2 | [64/609 (11%)]	Loss1: 5.841606 Loss2: 0.000007 
| Global Round : 43 | Client :8 | Local Epoch : 3 | [64/609 (11%)]	Loss1: 5.842422 Loss2: 0.000007 
| Global Round : 43 | Client :8 | Local Epoch : 4 | [64/609 (11%)]	Loss1: 5.842306 Loss2: 0.000007 
| Global Round : 43 | Client :9 | Local Epoch : 0 | [64/628 (11%)]	Loss1: 5.841929 Loss2: 0.000008 
| Global Round : 43 | Client :9 | Local Epoch : 1 | [64/628 (11%)]	Loss1: 5.841223 Loss2: 0.000008 
| Global Round : 43 | Client :9 | Local Epoch : 2 | [64/628 (11%)]	Loss1: 5.841442 Loss2: 0.000004 
| Global Round : 43 | Client :9 | Local Epoch : 3 | [64/628 (11%)]	Loss1: 5.841002 Loss2: 0.000008 
| Global Round : 43 | Client :9 | Local Epoch : 4 | [64/628 (11%)]	Loss1: 5.842531 Loss2: 0.000008 
average loss:   5.839073492231824
average local test accuracy: 0.7755208333333334
average global test accuracy:  0.814453125

 | Global Training Round : 44 |

xi_k [0.5165242  0.51565922 0.50345414 0.48183073 0.48323308 0.48465961
 0.52859283 0.49890485 0.50386087 0.48860496]
max_exp: -1.0
coe: 10
Regulation [0.8 0.8 0.8 0.8 0.8 0.8 0.8 0.8 0.8 0.8]
Solver status: optimal_inaccurate
b_new: [1. 1. 1. 1. 1. 1. 1. 1. 1. 1.]
Iter 0: obj=49.6532, best_obj=49.6532, ||b_new-b_prev||₂=2.846050
xi_k [0.5165242  0.51565922 0.50345414 0.48183073 0.48323308 0.48465961
 0.52859283 0.49890485 0.50386087 0.48860496]
max_exp: -1.0
coe: 10
Regulation [-1. -1. -1. -1. -1. -1. -1. -1. -1. -1.]
Solver status: optimal_inaccurate
b_new: [1. 1. 1. 1. 1. 1. 1. 1. 1. 1.]
Iter 1: obj=50.5532, best_obj=50.5532, ||b_new-b_prev||₂=0.000000
Converged.
Final b: [1. 1. 1. 1. 1. 1. 1. 1. 1. 1.]
<class 'numpy.ndarray'>
b_float: [1. 1. 1. 1. 1. 1. 1. 1. 1. 1.]
b: [1 1 1 1 1 1 1 1 1 1]
active_clients:  [0, 1, 2, 3, 4, 5, 6, 7, 8, 9]
Client 0's s_k are:[0 1 1 1 1 1 1 1 1 1]
Client 1's s_k are:[1 0 1 1 1 1 1 1 1 1]
Client 2's s_k are:[1 1 0 1 1 1 1 1 1 1]
Client 3's s_k are:[1 1 1 0 1 1 1 1 1 1]
Client 4's s_k are:[1 1 1 1 0 1 1 1 1 1]
Client 5's s_k are:[1 1 1 1 1 0 1 1 1 1]
Client 6's s_k are:[1 1 1 1 1 1 0 1 1 1]
Client 7's s_k are:[1 1 1 1 1 1 1 0 1 1]
Client 8's s_k are:[1 1 1 1 1 1 1 1 0 1]
Client 9's s_k are:[1 1 1 1 1 1 1 1 1 0]
| Global Round : 44 | Client :0 | Local Epoch : 0 | [64/594 (11%)]	Loss1: 5.839427 Loss2: 0.000009 
| Global Round : 44 | Client :0 | Local Epoch : 1 | [64/594 (11%)]	Loss1: 5.841724 Loss2: 0.000006 
| Global Round : 44 | Client :0 | Local Epoch : 2 | [64/594 (11%)]	Loss1: 5.840726 Loss2: 0.000007 
| Global Round : 44 | Client :0 | Local Epoch : 3 | [64/594 (11%)]	Loss1: 5.841434 Loss2: 0.000005 
| Global Round : 44 | Client :0 | Local Epoch : 4 | [64/594 (11%)]	Loss1: 5.841363 Loss2: 0.000006 
| Global Round : 44 | Client :1 | Local Epoch : 0 | [64/595 (11%)]	Loss1: 5.841003 Loss2: 0.000010 
| Global Round : 44 | Client :1 | Local Epoch : 1 | [64/595 (11%)]	Loss1: 5.842800 Loss2: 0.000008 
| Global Round : 44 | Client :1 | Local Epoch : 2 | [64/595 (11%)]	Loss1: 5.841134 Loss2: 0.000008 
| Global Round : 44 | Client :1 | Local Epoch : 3 | [64/595 (11%)]	Loss1: 5.842236 Loss2: 0.000007 
| Global Round : 44 | Client :1 | Local Epoch : 4 | [64/595 (11%)]	Loss1: 5.841394 Loss2: 0.000007 
| Global Round : 44 | Client :2 | Local Epoch : 0 | [64/474 (14%)]	Loss1: 5.841466 Loss2: 0.000006 
| Global Round : 44 | Client :2 | Local Epoch : 1 | [64/474 (14%)]	Loss1: 5.842592 Loss2: 0.000006 
| Global Round : 44 | Client :2 | Local Epoch : 2 | [64/474 (14%)]	Loss1: 5.841909 Loss2: 0.000007 
| Global Round : 44 | Client :2 | Local Epoch : 3 | [64/474 (14%)]	Loss1: 5.841122 Loss2: 0.000007 
| Global Round : 44 | Client :2 | Local Epoch : 4 | [64/474 (14%)]	Loss1: 5.840991 Loss2: 0.000005 
| Global Round : 44 | Client :3 | Local Epoch : 0 | [64/566 (12%)]	Loss1: 5.841521 Loss2: 0.000006 
| Global Round : 44 | Client :3 | Local Epoch : 1 | [64/566 (12%)]	Loss1: 5.841246 Loss2: 0.000007 
| Global Round : 44 | Client :3 | Local Epoch : 2 | [64/566 (12%)]	Loss1: 5.841634 Loss2: 0.000007 
| Global Round : 44 | Client :3 | Local Epoch : 3 | [64/566 (12%)]	Loss1: 5.841765 Loss2: 0.000006 
| Global Round : 44 | Client :3 | Local Epoch : 4 | [64/566 (12%)]	Loss1: 5.841867 Loss2: 0.000006 
| Global Round : 44 | Client :4 | Local Epoch : 0 | [64/635 (11%)]	Loss1: 5.842194 Loss2: 0.000006 
| Global Round : 44 | Client :4 | Local Epoch : 1 | [64/635 (11%)]	Loss1: 5.841939 Loss2: 0.000008 
| Global Round : 44 | Client :4 | Local Epoch : 2 | [64/635 (11%)]	Loss1: 5.841394 Loss2: 0.000009 
| Global Round : 44 | Client :4 | Local Epoch : 3 | [64/635 (11%)]	Loss1: 5.841992 Loss2: 0.000005 
| Global Round : 44 | Client :4 | Local Epoch : 4 | [64/635 (11%)]	Loss1: 5.841903 Loss2: 0.000007 
| Global Round : 44 | Client :5 | Local Epoch : 0 | [64/633 (11%)]	Loss1: 5.840271 Loss2: 0.000007 
| Global Round : 44 | Client :5 | Local Epoch : 1 | [64/633 (11%)]	Loss1: 5.840966 Loss2: 0.000008 
| Global Round : 44 | Client :5 | Local Epoch : 2 | [64/633 (11%)]	Loss1: 5.840915 Loss2: 0.000006 
| Global Round : 44 | Client :5 | Local Epoch : 3 | [64/633 (11%)]	Loss1: 5.840597 Loss2: 0.000007 
| Global Round : 44 | Client :5 | Local Epoch : 4 | [64/633 (11%)]	Loss1: 5.840774 Loss2: 0.000006 
| Global Round : 44 | Client :6 | Local Epoch : 0 | [64/645 (10%)]	Loss1: 5.842079 Loss2: 0.000006 
| Global Round : 44 | Client :6 | Local Epoch : 1 | [64/645 (10%)]	Loss1: 5.842529 Loss2: 0.000008 
| Global Round : 44 | Client :6 | Local Epoch : 2 | [64/645 (10%)]	Loss1: 5.841961 Loss2: 0.000006 
| Global Round : 44 | Client :6 | Local Epoch : 3 | [64/645 (10%)]	Loss1: 5.840257 Loss2: 0.000010 
| Global Round : 44 | Client :6 | Local Epoch : 4 | [64/645 (10%)]	Loss1: 5.841480 Loss2: 0.000008 
| Global Round : 44 | Client :7 | Local Epoch : 0 | [64/615 (11%)]	Loss1: 5.842678 Loss2: 0.000007 
| Global Round : 44 | Client :7 | Local Epoch : 1 | [64/615 (11%)]	Loss1: 5.842004 Loss2: 0.000007 
| Global Round : 44 | Client :7 | Local Epoch : 2 | [64/615 (11%)]	Loss1: 5.841063 Loss2: 0.000006 
| Global Round : 44 | Client :7 | Local Epoch : 3 | [64/615 (11%)]	Loss1: 5.842789 Loss2: 0.000009 
| Global Round : 44 | Client :7 | Local Epoch : 4 | [64/615 (11%)]	Loss1: 5.841545 Loss2: 0.000006 
| Global Round : 44 | Client :8 | Local Epoch : 0 | [64/609 (11%)]	Loss1: 5.844419 Loss2: 0.000005 
| Global Round : 44 | Client :8 | Local Epoch : 1 | [64/609 (11%)]	Loss1: 5.842045 Loss2: 0.000007 
| Global Round : 44 | Client :8 | Local Epoch : 2 | [64/609 (11%)]	Loss1: 5.841400 Loss2: 0.000007 
| Global Round : 44 | Client :8 | Local Epoch : 3 | [64/609 (11%)]	Loss1: 5.841523 Loss2: 0.000008 
| Global Round : 44 | Client :8 | Local Epoch : 4 | [64/609 (11%)]	Loss1: 5.841484 Loss2: 0.000007 
| Global Round : 44 | Client :9 | Local Epoch : 0 | [64/628 (11%)]	Loss1: 5.843048 Loss2: 0.000008 
| Global Round : 44 | Client :9 | Local Epoch : 1 | [64/628 (11%)]	Loss1: 5.842219 Loss2: 0.000009 
| Global Round : 44 | Client :9 | Local Epoch : 2 | [64/628 (11%)]	Loss1: 5.841438 Loss2: 0.000008 
| Global Round : 44 | Client :9 | Local Epoch : 3 | [64/628 (11%)]	Loss1: 5.842556 Loss2: 0.000007 
| Global Round : 44 | Client :9 | Local Epoch : 4 | [64/628 (11%)]	Loss1: 5.842472 Loss2: 0.000006 
average loss:   5.839156513989918
average local test accuracy: 0.77734375
average global test accuracy:  0.816796875

 | Global Training Round : 45 |

xi_k [0.51650489 0.51567766 0.50346387 0.48186671 0.48322574 0.48470246
 0.5286083  0.49888556 0.5038685  0.48857522]
max_exp: -1.0
coe: 10
Regulation [0.8 0.8 0.8 0.8 0.8 0.8 0.8 0.8 0.8 0.8]
Solver status: optimal_inaccurate
b_new: [1. 1. 1. 1. 1. 1. 1. 1. 1. 1.]
Iter 0: obj=49.6538, best_obj=49.6538, ||b_new-b_prev||₂=2.846050
xi_k [0.51650489 0.51567766 0.50346387 0.48186671 0.48322574 0.48470246
 0.5286083  0.49888556 0.5038685  0.48857522]
max_exp: -1.0
coe: 10
Regulation [-1. -1. -1. -1. -1. -1. -1. -1. -1. -1.]
Solver status: optimal_inaccurate
b_new: [1. 1. 1. 1. 1. 1. 1. 1. 1. 1.]
Iter 1: obj=50.5538, best_obj=50.5538, ||b_new-b_prev||₂=0.000000
Converged.
Final b: [1. 1. 1. 1. 1. 1. 1. 1. 1. 1.]
<class 'numpy.ndarray'>
b_float: [1. 1. 1. 1. 1. 1. 1. 1. 1. 1.]
b: [1 1 1 1 1 1 1 1 1 1]
active_clients:  [0, 1, 2, 3, 4, 5, 6, 7, 8, 9]
Client 0's s_k are:[0 1 1 1 1 1 1 1 1 1]
Client 1's s_k are:[1 0 1 1 1 1 1 1 1 1]
Client 2's s_k are:[1 1 0 1 1 1 1 1 1 1]
Client 3's s_k are:[1 1 1 0 1 1 1 1 1 1]
Client 4's s_k are:[1 1 1 1 0 1 1 1 1 1]
Client 5's s_k are:[1 1 1 1 1 0 1 1 1 1]
Client 6's s_k are:[1 1 1 1 1 1 0 1 1 1]
Client 7's s_k are:[1 1 1 1 1 1 1 0 1 1]
Client 8's s_k are:[1 1 1 1 1 1 1 1 0 1]
Client 9's s_k are:[1 1 1 1 1 1 1 1 1 0]
| Global Round : 45 | Client :0 | Local Epoch : 0 | [64/594 (11%)]	Loss1: 5.841702 Loss2: 0.000005 
| Global Round : 45 | Client :0 | Local Epoch : 1 | [64/594 (11%)]	Loss1: 5.842144 Loss2: 0.000009 
| Global Round : 45 | Client :0 | Local Epoch : 2 | [64/594 (11%)]	Loss1: 5.841344 Loss2: 0.000005 
| Global Round : 45 | Client :0 | Local Epoch : 3 | [64/594 (11%)]	Loss1: 5.842414 Loss2: 0.000005 
| Global Round : 45 | Client :0 | Local Epoch : 4 | [64/594 (11%)]	Loss1: 5.841968 Loss2: 0.000006 
| Global Round : 45 | Client :1 | Local Epoch : 0 | [64/595 (11%)]	Loss1: 5.841599 Loss2: 0.000006 
| Global Round : 45 | Client :1 | Local Epoch : 1 | [64/595 (11%)]	Loss1: 5.840891 Loss2: 0.000010 
| Global Round : 45 | Client :1 | Local Epoch : 2 | [64/595 (11%)]	Loss1: 5.841873 Loss2: 0.000006 
| Global Round : 45 | Client :1 | Local Epoch : 3 | [64/595 (11%)]	Loss1: 5.842333 Loss2: 0.000005 
| Global Round : 45 | Client :1 | Local Epoch : 4 | [64/595 (11%)]	Loss1: 5.841320 Loss2: 0.000008 
| Global Round : 45 | Client :2 | Local Epoch : 0 | [64/474 (14%)]	Loss1: 5.842945 Loss2: 0.000006 
| Global Round : 45 | Client :2 | Local Epoch : 1 | [64/474 (14%)]	Loss1: 5.841760 Loss2: 0.000008 
| Global Round : 45 | Client :2 | Local Epoch : 2 | [64/474 (14%)]	Loss1: 5.841129 Loss2: 0.000007 
| Global Round : 45 | Client :2 | Local Epoch : 3 | [64/474 (14%)]	Loss1: 5.843156 Loss2: 0.000006 
| Global Round : 45 | Client :2 | Local Epoch : 4 | [64/474 (14%)]	Loss1: 5.841714 Loss2: 0.000005 
| Global Round : 45 | Client :3 | Local Epoch : 0 | [64/566 (12%)]	Loss1: 5.843012 Loss2: 0.000006 
| Global Round : 45 | Client :3 | Local Epoch : 1 | [64/566 (12%)]	Loss1: 5.841856 Loss2: 0.000006 
| Global Round : 45 | Client :3 | Local Epoch : 2 | [64/566 (12%)]	Loss1: 5.841801 Loss2: 0.000005 
| Global Round : 45 | Client :3 | Local Epoch : 3 | [64/566 (12%)]	Loss1: 5.841077 Loss2: 0.000006 
| Global Round : 45 | Client :3 | Local Epoch : 4 | [64/566 (12%)]	Loss1: 5.840227 Loss2: 0.000006 
| Global Round : 45 | Client :4 | Local Epoch : 0 | [64/635 (11%)]	Loss1: 5.841064 Loss2: 0.000008 
| Global Round : 45 | Client :4 | Local Epoch : 1 | [64/635 (11%)]	Loss1: 5.842359 Loss2: 0.000007 
| Global Round : 45 | Client :4 | Local Epoch : 2 | [64/635 (11%)]	Loss1: 5.842660 Loss2: 0.000006 
| Global Round : 45 | Client :4 | Local Epoch : 3 | [64/635 (11%)]	Loss1: 5.840944 Loss2: 0.000008 
| Global Round : 45 | Client :4 | Local Epoch : 4 | [64/635 (11%)]	Loss1: 5.841958 Loss2: 0.000007 
| Global Round : 45 | Client :5 | Local Epoch : 0 | [64/633 (11%)]	Loss1: 5.840961 Loss2: 0.000004 
| Global Round : 45 | Client :5 | Local Epoch : 1 | [64/633 (11%)]	Loss1: 5.842906 Loss2: 0.000008 
| Global Round : 45 | Client :5 | Local Epoch : 2 | [64/633 (11%)]	Loss1: 5.841063 Loss2: 0.000005 
| Global Round : 45 | Client :5 | Local Epoch : 3 | [64/633 (11%)]	Loss1: 5.841080 Loss2: 0.000007 
| Global Round : 45 | Client :5 | Local Epoch : 4 | [64/633 (11%)]	Loss1: 5.841045 Loss2: 0.000005 
| Global Round : 45 | Client :6 | Local Epoch : 0 | [64/645 (10%)]	Loss1: 5.842058 Loss2: 0.000007 
| Global Round : 45 | Client :6 | Local Epoch : 1 | [64/645 (10%)]	Loss1: 5.841376 Loss2: 0.000007 
| Global Round : 45 | Client :6 | Local Epoch : 2 | [64/645 (10%)]	Loss1: 5.840540 Loss2: 0.000008 
| Global Round : 45 | Client :6 | Local Epoch : 3 | [64/645 (10%)]	Loss1: 5.842819 Loss2: 0.000007 
| Global Round : 45 | Client :6 | Local Epoch : 4 | [64/645 (10%)]	Loss1: 5.841623 Loss2: 0.000006 
| Global Round : 45 | Client :7 | Local Epoch : 0 | [64/615 (11%)]	Loss1: 5.841683 Loss2: 0.000008 
| Global Round : 45 | Client :7 | Local Epoch : 1 | [64/615 (11%)]	Loss1: 5.841152 Loss2: 0.000007 
| Global Round : 45 | Client :7 | Local Epoch : 2 | [64/615 (11%)]	Loss1: 5.841716 Loss2: 0.000007 
| Global Round : 45 | Client :7 | Local Epoch : 3 | [64/615 (11%)]	Loss1: 5.840823 Loss2: 0.000008 
| Global Round : 45 | Client :7 | Local Epoch : 4 | [64/615 (11%)]	Loss1: 5.842375 Loss2: 0.000005 
| Global Round : 45 | Client :8 | Local Epoch : 0 | [64/609 (11%)]	Loss1: 5.840993 Loss2: 0.000006 
| Global Round : 45 | Client :8 | Local Epoch : 1 | [64/609 (11%)]	Loss1: 5.842472 Loss2: 0.000008 
| Global Round : 45 | Client :8 | Local Epoch : 2 | [64/609 (11%)]	Loss1: 5.843619 Loss2: 0.000006 
| Global Round : 45 | Client :8 | Local Epoch : 3 | [64/609 (11%)]	Loss1: 5.840958 Loss2: 0.000008 
| Global Round : 45 | Client :8 | Local Epoch : 4 | [64/609 (11%)]	Loss1: 5.841422 Loss2: 0.000006 
| Global Round : 45 | Client :9 | Local Epoch : 0 | [64/628 (11%)]	Loss1: 5.841104 Loss2: 0.000008 
| Global Round : 45 | Client :9 | Local Epoch : 1 | [64/628 (11%)]	Loss1: 5.842449 Loss2: 0.000006 
| Global Round : 45 | Client :9 | Local Epoch : 2 | [64/628 (11%)]	Loss1: 5.839870 Loss2: 0.000007 
| Global Round : 45 | Client :9 | Local Epoch : 3 | [64/628 (11%)]	Loss1: 5.842988 Loss2: 0.000005 
| Global Round : 45 | Client :9 | Local Epoch : 4 | [64/628 (11%)]	Loss1: 5.841152 Loss2: 0.000008 
average loss:   5.839056059273463
average local test accuracy: 0.775
average global test accuracy:  0.8216145833333333

 | Global Training Round : 46 |

xi_k [0.51654852 0.51567248 0.50344814 0.48181526 0.48317222 0.48465479
 0.52860112 0.49888674 0.50380903 0.48858879]
max_exp: -1.0
coe: 10
Regulation [0.8 0.8 0.8 0.8 0.8 0.8 0.8 0.8 0.8 0.8]
Solver status: optimal_inaccurate
b_new: [1. 1. 1. 1. 1. 1. 1. 1. 1. 1.]
Iter 0: obj=49.6520, best_obj=49.6520, ||b_new-b_prev||₂=2.846050
xi_k [0.51654852 0.51567248 0.50344814 0.48181526 0.48317222 0.48465479
 0.52860112 0.49888674 0.50380903 0.48858879]
max_exp: -1.0
coe: 10
Regulation [-1. -1. -1. -1. -1. -1. -1. -1. -1. -1.]
Solver status: optimal_inaccurate
b_new: [1. 1. 1. 1. 1. 1. 1. 1. 1. 1.]
Iter 1: obj=50.5520, best_obj=50.5520, ||b_new-b_prev||₂=0.000000
Converged.
Final b: [1. 1. 1. 1. 1. 1. 1. 1. 1. 1.]
<class 'numpy.ndarray'>
b_float: [1. 1. 1. 1. 1. 1. 1. 1. 1. 1.]
b: [1 1 1 1 1 1 1 1 1 1]
active_clients:  [0, 1, 2, 3, 4, 5, 6, 7, 8, 9]
Client 0's s_k are:[0 1 1 1 1 1 1 1 1 1]
Client 1's s_k are:[1 0 1 1 1 1 1 1 1 1]
Client 2's s_k are:[1 1 0 1 1 1 1 1 1 1]
Client 3's s_k are:[1 1 1 0 1 1 1 1 1 1]
Client 4's s_k are:[1 1 1 1 0 1 1 1 1 1]
Client 5's s_k are:[1 1 1 1 1 0 1 1 1 1]
Client 6's s_k are:[1 1 1 1 1 1 0 1 1 1]
Client 7's s_k are:[1 1 1 1 1 1 1 0 1 1]
Client 8's s_k are:[1 1 1 1 1 1 1 1 0 1]
Client 9's s_k are:[1 1 1 1 1 1 1 1 1 0]
| Global Round : 46 | Client :0 | Local Epoch : 0 | [64/594 (11%)]	Loss1: 5.841767 Loss2: 0.000005 
| Global Round : 46 | Client :0 | Local Epoch : 1 | [64/594 (11%)]	Loss1: 5.841445 Loss2: 0.000008 
| Global Round : 46 | Client :0 | Local Epoch : 2 | [64/594 (11%)]	Loss1: 5.844192 Loss2: 0.000008 
| Global Round : 46 | Client :0 | Local Epoch : 3 | [64/594 (11%)]	Loss1: 5.841435 Loss2: 0.000008 
| Global Round : 46 | Client :0 | Local Epoch : 4 | [64/594 (11%)]	Loss1: 5.840110 Loss2: 0.000006 
| Global Round : 46 | Client :1 | Local Epoch : 0 | [64/595 (11%)]	Loss1: 5.842022 Loss2: 0.000006 
| Global Round : 46 | Client :1 | Local Epoch : 1 | [64/595 (11%)]	Loss1: 5.841076 Loss2: 0.000010 
| Global Round : 46 | Client :1 | Local Epoch : 2 | [64/595 (11%)]	Loss1: 5.842309 Loss2: 0.000007 
| Global Round : 46 | Client :1 | Local Epoch : 3 | [64/595 (11%)]	Loss1: 5.841943 Loss2: 0.000004 
| Global Round : 46 | Client :1 | Local Epoch : 4 | [64/595 (11%)]	Loss1: 5.841352 Loss2: 0.000005 
| Global Round : 46 | Client :2 | Local Epoch : 0 | [64/474 (14%)]	Loss1: 5.841077 Loss2: 0.000007 
| Global Round : 46 | Client :2 | Local Epoch : 1 | [64/474 (14%)]	Loss1: 5.841996 Loss2: 0.000007 
| Global Round : 46 | Client :2 | Local Epoch : 2 | [64/474 (14%)]	Loss1: 5.840693 Loss2: 0.000005 
| Global Round : 46 | Client :2 | Local Epoch : 3 | [64/474 (14%)]	Loss1: 5.842132 Loss2: 0.000006 
| Global Round : 46 | Client :2 | Local Epoch : 4 | [64/474 (14%)]	Loss1: 5.841665 Loss2: 0.000006 
| Global Round : 46 | Client :3 | Local Epoch : 0 | [64/566 (12%)]	Loss1: 5.841897 Loss2: 0.000008 
| Global Round : 46 | Client :3 | Local Epoch : 1 | [64/566 (12%)]	Loss1: 5.840691 Loss2: 0.000007 
| Global Round : 46 | Client :3 | Local Epoch : 2 | [64/566 (12%)]	Loss1: 5.841327 Loss2: 0.000005 
| Global Round : 46 | Client :3 | Local Epoch : 3 | [64/566 (12%)]	Loss1: 5.841690 Loss2: 0.000007 
| Global Round : 46 | Client :3 | Local Epoch : 4 | [64/566 (12%)]	Loss1: 5.841007 Loss2: 0.000005 
| Global Round : 46 | Client :4 | Local Epoch : 0 | [64/635 (11%)]	Loss1: 5.841092 Loss2: 0.000007 
| Global Round : 46 | Client :4 | Local Epoch : 1 | [64/635 (11%)]	Loss1: 5.841434 Loss2: 0.000007 
| Global Round : 46 | Client :4 | Local Epoch : 2 | [64/635 (11%)]	Loss1: 5.841406 Loss2: 0.000007 
| Global Round : 46 | Client :4 | Local Epoch : 3 | [64/635 (11%)]	Loss1: 5.841004 Loss2: 0.000007 
| Global Round : 46 | Client :4 | Local Epoch : 4 | [64/635 (11%)]	Loss1: 5.840759 Loss2: 0.000007 
| Global Round : 46 | Client :5 | Local Epoch : 0 | [64/633 (11%)]	Loss1: 5.840420 Loss2: 0.000009 
| Global Round : 46 | Client :5 | Local Epoch : 1 | [64/633 (11%)]	Loss1: 5.841348 Loss2: 0.000007 
| Global Round : 46 | Client :5 | Local Epoch : 2 | [64/633 (11%)]	Loss1: 5.841303 Loss2: 0.000006 
| Global Round : 46 | Client :5 | Local Epoch : 3 | [64/633 (11%)]	Loss1: 5.841188 Loss2: 0.000007 
| Global Round : 46 | Client :5 | Local Epoch : 4 | [64/633 (11%)]	Loss1: 5.841437 Loss2: 0.000008 
| Global Round : 46 | Client :6 | Local Epoch : 0 | [64/645 (10%)]	Loss1: 5.840796 Loss2: 0.000006 
| Global Round : 46 | Client :6 | Local Epoch : 1 | [64/645 (10%)]	Loss1: 5.841491 Loss2: 0.000005 
| Global Round : 46 | Client :6 | Local Epoch : 2 | [64/645 (10%)]	Loss1: 5.842346 Loss2: 0.000006 
| Global Round : 46 | Client :6 | Local Epoch : 3 | [64/645 (10%)]	Loss1: 5.841531 Loss2: 0.000008 
| Global Round : 46 | Client :6 | Local Epoch : 4 | [64/645 (10%)]	Loss1: 5.841691 Loss2: 0.000007 
| Global Round : 46 | Client :7 | Local Epoch : 0 | [64/615 (11%)]	Loss1: 5.842086 Loss2: 0.000008 
| Global Round : 46 | Client :7 | Local Epoch : 1 | [64/615 (11%)]	Loss1: 5.841714 Loss2: 0.000008 
| Global Round : 46 | Client :7 | Local Epoch : 2 | [64/615 (11%)]	Loss1: 5.841264 Loss2: 0.000006 
| Global Round : 46 | Client :7 | Local Epoch : 3 | [64/615 (11%)]	Loss1: 5.841321 Loss2: 0.000009 
| Global Round : 46 | Client :7 | Local Epoch : 4 | [64/615 (11%)]	Loss1: 5.840906 Loss2: 0.000007 
| Global Round : 46 | Client :8 | Local Epoch : 0 | [64/609 (11%)]	Loss1: 5.842043 Loss2: 0.000006 
| Global Round : 46 | Client :8 | Local Epoch : 1 | [64/609 (11%)]	Loss1: 5.841016 Loss2: 0.000006 
| Global Round : 46 | Client :8 | Local Epoch : 2 | [64/609 (11%)]	Loss1: 5.842446 Loss2: 0.000008 
| Global Round : 46 | Client :8 | Local Epoch : 3 | [64/609 (11%)]	Loss1: 5.841156 Loss2: 0.000006 
| Global Round : 46 | Client :8 | Local Epoch : 4 | [64/609 (11%)]	Loss1: 5.840874 Loss2: 0.000007 
| Global Round : 46 | Client :9 | Local Epoch : 0 | [64/628 (11%)]	Loss1: 5.841980 Loss2: 0.000007 
| Global Round : 46 | Client :9 | Local Epoch : 1 | [64/628 (11%)]	Loss1: 5.841406 Loss2: 0.000009 
| Global Round : 46 | Client :9 | Local Epoch : 2 | [64/628 (11%)]	Loss1: 5.842025 Loss2: 0.000006 
| Global Round : 46 | Client :9 | Local Epoch : 3 | [64/628 (11%)]	Loss1: 5.841660 Loss2: 0.000006 
| Global Round : 46 | Client :9 | Local Epoch : 4 | [64/628 (11%)]	Loss1: 5.842073 Loss2: 0.000006 
average loss:   5.838985243373446
average local test accuracy: 0.7768229166666666
average global test accuracy:  0.8477864583333334

 | Global Training Round : 47 |

xi_k [0.51652609 0.51563372 0.50341107 0.48177812 0.48317066 0.48467864
 0.52859405 0.49884246 0.5038646  0.4885846 ]
max_exp: -1.0
coe: 10
Regulation [0.8 0.8 0.8 0.8 0.8 0.8 0.8 0.8 0.8 0.8]
Solver status: optimal_inaccurate
b_new: [1. 1. 1. 1. 1. 1. 1. 1. 1. 1.]
Iter 0: obj=49.6508, best_obj=49.6508, ||b_new-b_prev||₂=2.846050
xi_k [0.51652609 0.51563372 0.50341107 0.48177812 0.48317066 0.48467864
 0.52859405 0.49884246 0.5038646  0.4885846 ]
max_exp: -1.0
coe: 10
Regulation [-1. -1. -1. -1. -1. -1. -1. -1. -1. -1.]
Solver status: optimal_inaccurate
b_new: [1. 1. 1. 1. 1. 1. 1. 1. 1. 1.]
Iter 1: obj=50.5508, best_obj=50.5508, ||b_new-b_prev||₂=0.000000
Converged.
Final b: [1. 1. 1. 1. 1. 1. 1. 1. 1. 1.]
<class 'numpy.ndarray'>
b_float: [1. 1. 1. 1. 1. 1. 1. 1. 1. 1.]
b: [1 1 1 1 1 1 1 1 1 1]
active_clients:  [0, 1, 2, 3, 4, 5, 6, 7, 8, 9]
Client 0's s_k are:[0 1 1 1 1 1 1 1 1 1]
Client 1's s_k are:[1 0 1 1 1 1 1 1 1 1]
Client 2's s_k are:[1 1 0 1 1 1 1 1 1 1]
Client 3's s_k are:[1 1 1 0 1 1 1 1 1 1]
Client 4's s_k are:[1 1 1 1 0 1 1 1 1 1]
Client 5's s_k are:[1 1 1 1 1 0 1 1 1 1]
Client 6's s_k are:[1 1 1 1 1 1 0 1 1 1]
Client 7's s_k are:[1 1 1 1 1 1 1 0 1 1]
Client 8's s_k are:[1 1 1 1 1 1 1 1 0 1]
Client 9's s_k are:[1 1 1 1 1 1 1 1 1 0]
| Global Round : 47 | Client :0 | Local Epoch : 0 | [64/594 (11%)]	Loss1: 5.840639 Loss2: 0.000005 
| Global Round : 47 | Client :0 | Local Epoch : 1 | [64/594 (11%)]	Loss1: 5.841087 Loss2: 0.000007 
| Global Round : 47 | Client :0 | Local Epoch : 2 | [64/594 (11%)]	Loss1: 5.841896 Loss2: 0.000006 
| Global Round : 47 | Client :0 | Local Epoch : 3 | [64/594 (11%)]	Loss1: 5.842000 Loss2: 0.000006 
| Global Round : 47 | Client :0 | Local Epoch : 4 | [64/594 (11%)]	Loss1: 5.840606 Loss2: 0.000008 
| Global Round : 47 | Client :1 | Local Epoch : 0 | [64/595 (11%)]	Loss1: 5.842273 Loss2: 0.000006 
| Global Round : 47 | Client :1 | Local Epoch : 1 | [64/595 (11%)]	Loss1: 5.841295 Loss2: 0.000005 
| Global Round : 47 | Client :1 | Local Epoch : 2 | [64/595 (11%)]	Loss1: 5.841319 Loss2: 0.000009 
| Global Round : 47 | Client :1 | Local Epoch : 3 | [64/595 (11%)]	Loss1: 5.842154 Loss2: 0.000005 
| Global Round : 47 | Client :1 | Local Epoch : 4 | [64/595 (11%)]	Loss1: 5.841755 Loss2: 0.000009 
| Global Round : 47 | Client :2 | Local Epoch : 0 | [64/474 (14%)]	Loss1: 5.842697 Loss2: 0.000009 
| Global Round : 47 | Client :2 | Local Epoch : 1 | [64/474 (14%)]	Loss1: 5.842069 Loss2: 0.000005 
| Global Round : 47 | Client :2 | Local Epoch : 2 | [64/474 (14%)]	Loss1: 5.842979 Loss2: 0.000005 
| Global Round : 47 | Client :2 | Local Epoch : 3 | [64/474 (14%)]	Loss1: 5.841247 Loss2: 0.000005 
| Global Round : 47 | Client :2 | Local Epoch : 4 | [64/474 (14%)]	Loss1: 5.840570 Loss2: 0.000009 
| Global Round : 47 | Client :3 | Local Epoch : 0 | [64/566 (12%)]	Loss1: 5.841619 Loss2: 0.000006 
| Global Round : 47 | Client :3 | Local Epoch : 1 | [64/566 (12%)]	Loss1: 5.841604 Loss2: 0.000006 
| Global Round : 47 | Client :3 | Local Epoch : 2 | [64/566 (12%)]	Loss1: 5.841583 Loss2: 0.000006 
| Global Round : 47 | Client :3 | Local Epoch : 3 | [64/566 (12%)]	Loss1: 5.840823 Loss2: 0.000007 
| Global Round : 47 | Client :3 | Local Epoch : 4 | [64/566 (12%)]	Loss1: 5.841915 Loss2: 0.000007 
| Global Round : 47 | Client :4 | Local Epoch : 0 | [64/635 (11%)]	Loss1: 5.840645 Loss2: 0.000008 
| Global Round : 47 | Client :4 | Local Epoch : 1 | [64/635 (11%)]	Loss1: 5.841527 Loss2: 0.000006 
| Global Round : 47 | Client :4 | Local Epoch : 2 | [64/635 (11%)]	Loss1: 5.842210 Loss2: 0.000008 
| Global Round : 47 | Client :4 | Local Epoch : 3 | [64/635 (11%)]	Loss1: 5.841084 Loss2: 0.000006 
| Global Round : 47 | Client :4 | Local Epoch : 4 | [64/635 (11%)]	Loss1: 5.842180 Loss2: 0.000008 
| Global Round : 47 | Client :5 | Local Epoch : 0 | [64/633 (11%)]	Loss1: 5.841937 Loss2: 0.000007 
| Global Round : 47 | Client :5 | Local Epoch : 1 | [64/633 (11%)]	Loss1: 5.840992 Loss2: 0.000006 
| Global Round : 47 | Client :5 | Local Epoch : 2 | [64/633 (11%)]	Loss1: 5.840746 Loss2: 0.000006 
| Global Round : 47 | Client :5 | Local Epoch : 3 | [64/633 (11%)]	Loss1: 5.842347 Loss2: 0.000006 
| Global Round : 47 | Client :5 | Local Epoch : 4 | [64/633 (11%)]	Loss1: 5.842503 Loss2: 0.000009 
| Global Round : 47 | Client :6 | Local Epoch : 0 | [64/645 (10%)]	Loss1: 5.841741 Loss2: 0.000006 
| Global Round : 47 | Client :6 | Local Epoch : 1 | [64/645 (10%)]	Loss1: 5.841871 Loss2: 0.000007 
| Global Round : 47 | Client :6 | Local Epoch : 2 | [64/645 (10%)]	Loss1: 5.840901 Loss2: 0.000006 
| Global Round : 47 | Client :6 | Local Epoch : 3 | [64/645 (10%)]	Loss1: 5.843400 Loss2: 0.000007 
| Global Round : 47 | Client :6 | Local Epoch : 4 | [64/645 (10%)]	Loss1: 5.842055 Loss2: 0.000006 
| Global Round : 47 | Client :7 | Local Epoch : 0 | [64/615 (11%)]	Loss1: 5.841601 Loss2: 0.000006 
| Global Round : 47 | Client :7 | Local Epoch : 1 | [64/615 (11%)]	Loss1: 5.841119 Loss2: 0.000006 
| Global Round : 47 | Client :7 | Local Epoch : 2 | [64/615 (11%)]	Loss1: 5.841926 Loss2: 0.000008 
| Global Round : 47 | Client :7 | Local Epoch : 3 | [64/615 (11%)]	Loss1: 5.840858 Loss2: 0.000007 
| Global Round : 47 | Client :7 | Local Epoch : 4 | [64/615 (11%)]	Loss1: 5.841692 Loss2: 0.000007 
| Global Round : 47 | Client :8 | Local Epoch : 0 | [64/609 (11%)]	Loss1: 5.843553 Loss2: 0.000006 
| Global Round : 47 | Client :8 | Local Epoch : 1 | [64/609 (11%)]	Loss1: 5.842538 Loss2: 0.000008 
| Global Round : 47 | Client :8 | Local Epoch : 2 | [64/609 (11%)]	Loss1: 5.841185 Loss2: 0.000008 
| Global Round : 47 | Client :8 | Local Epoch : 3 | [64/609 (11%)]	Loss1: 5.841327 Loss2: 0.000009 
| Global Round : 47 | Client :8 | Local Epoch : 4 | [64/609 (11%)]	Loss1: 5.839811 Loss2: 0.000005 
| Global Round : 47 | Client :9 | Local Epoch : 0 | [64/628 (11%)]	Loss1: 5.843229 Loss2: 0.000005 
| Global Round : 47 | Client :9 | Local Epoch : 1 | [64/628 (11%)]	Loss1: 5.840791 Loss2: 0.000008 
| Global Round : 47 | Client :9 | Local Epoch : 2 | [64/628 (11%)]	Loss1: 5.842230 Loss2: 0.000005 
| Global Round : 47 | Client :9 | Local Epoch : 3 | [64/628 (11%)]	Loss1: 5.841639 Loss2: 0.000006 
| Global Round : 47 | Client :9 | Local Epoch : 4 | [64/628 (11%)]	Loss1: 5.841420 Loss2: 0.000006 
average loss:   5.838998731317974
average local test accuracy: 0.7778645833333333
average global test accuracy:  0.81171875

 | Global Training Round : 48 |

xi_k [0.51650929 0.51563992 0.50345414 0.4818229  0.48321485 0.48465035
 0.52858629 0.49888232 0.50383876 0.48861599]
max_exp: -1.0
coe: 10
Regulation [0.8 0.8 0.8 0.8 0.8 0.8 0.8 0.8 0.8 0.8]
Solver status: optimal_inaccurate
b_new: [1. 1. 1. 1. 1. 1. 1. 1. 1. 1.]
Iter 0: obj=49.6521, best_obj=49.6521, ||b_new-b_prev||₂=2.846050
xi_k [0.51650929 0.51563992 0.50345414 0.4818229  0.48321485 0.48465035
 0.52858629 0.49888232 0.50383876 0.48861599]
max_exp: -1.0
coe: 10
Regulation [-1. -1. -1. -1. -1. -1. -1. -1. -1. -1.]
Solver status: optimal_inaccurate
b_new: [1. 1. 1. 1. 1. 1. 1. 1. 1. 1.]
Iter 1: obj=50.5521, best_obj=50.5521, ||b_new-b_prev||₂=0.000000
Converged.
Final b: [1. 1. 1. 1. 1. 1. 1. 1. 1. 1.]
<class 'numpy.ndarray'>
b_float: [1. 1. 1. 1. 1. 1. 1. 1. 1. 1.]
b: [1 1 1 1 1 1 1 1 1 1]
active_clients:  [0, 1, 2, 3, 4, 5, 6, 7, 8, 9]
Client 0's s_k are:[0 1 1 1 1 1 1 1 1 1]
Client 1's s_k are:[1 0 1 1 1 1 1 1 1 1]
Client 2's s_k are:[1 1 0 1 1 1 1 1 1 1]
Client 3's s_k are:[1 1 1 0 1 1 1 1 1 1]
Client 4's s_k are:[1 1 1 1 0 1 1 1 1 1]
Client 5's s_k are:[1 1 1 1 1 0 1 1 1 1]
Client 6's s_k are:[1 1 1 1 1 1 0 1 1 1]
Client 7's s_k are:[1 1 1 1 1 1 1 0 1 1]
Client 8's s_k are:[1 1 1 1 1 1 1 1 0 1]
Client 9's s_k are:[1 1 1 1 1 1 1 1 1 0]
| Global Round : 48 | Client :0 | Local Epoch : 0 | [64/594 (11%)]	Loss1: 5.840450 Loss2: 0.000005 
| Global Round : 48 | Client :0 | Local Epoch : 1 | [64/594 (11%)]	Loss1: 5.841049 Loss2: 0.000006 
| Global Round : 48 | Client :0 | Local Epoch : 2 | [64/594 (11%)]	Loss1: 5.841904 Loss2: 0.000006 
| Global Round : 48 | Client :0 | Local Epoch : 3 | [64/594 (11%)]	Loss1: 5.841277 Loss2: 0.000004 
| Global Round : 48 | Client :0 | Local Epoch : 4 | [64/594 (11%)]	Loss1: 5.841228 Loss2: 0.000007 
| Global Round : 48 | Client :1 | Local Epoch : 0 | [64/595 (11%)]	Loss1: 5.841992 Loss2: 0.000006 
| Global Round : 48 | Client :1 | Local Epoch : 1 | [64/595 (11%)]	Loss1: 5.841633 Loss2: 0.000009 
| Global Round : 48 | Client :1 | Local Epoch : 2 | [64/595 (11%)]	Loss1: 5.841725 Loss2: 0.000008 
| Global Round : 48 | Client :1 | Local Epoch : 3 | [64/595 (11%)]	Loss1: 5.842005 Loss2: 0.000005 
| Global Round : 48 | Client :1 | Local Epoch : 4 | [64/595 (11%)]	Loss1: 5.840856 Loss2: 0.000010 
| Global Round : 48 | Client :2 | Local Epoch : 0 | [64/474 (14%)]	Loss1: 5.843228 Loss2: 0.000007 
| Global Round : 48 | Client :2 | Local Epoch : 1 | [64/474 (14%)]	Loss1: 5.842317 Loss2: 0.000005 
| Global Round : 48 | Client :2 | Local Epoch : 2 | [64/474 (14%)]	Loss1: 5.842249 Loss2: 0.000007 
| Global Round : 48 | Client :2 | Local Epoch : 3 | [64/474 (14%)]	Loss1: 5.842382 Loss2: 0.000006 
| Global Round : 48 | Client :2 | Local Epoch : 4 | [64/474 (14%)]	Loss1: 5.841758 Loss2: 0.000006 
| Global Round : 48 | Client :3 | Local Epoch : 0 | [64/566 (12%)]	Loss1: 5.841680 Loss2: 0.000005 
| Global Round : 48 | Client :3 | Local Epoch : 1 | [64/566 (12%)]	Loss1: 5.841760 Loss2: 0.000007 
| Global Round : 48 | Client :3 | Local Epoch : 2 | [64/566 (12%)]	Loss1: 5.840820 Loss2: 0.000008 
| Global Round : 48 | Client :3 | Local Epoch : 3 | [64/566 (12%)]	Loss1: 5.840476 Loss2: 0.000005 
| Global Round : 48 | Client :3 | Local Epoch : 4 | [64/566 (12%)]	Loss1: 5.840947 Loss2: 0.000008 
| Global Round : 48 | Client :4 | Local Epoch : 0 | [64/635 (11%)]	Loss1: 5.841278 Loss2: 0.000006 
| Global Round : 48 | Client :4 | Local Epoch : 1 | [64/635 (11%)]	Loss1: 5.840875 Loss2: 0.000008 
| Global Round : 48 | Client :4 | Local Epoch : 2 | [64/635 (11%)]	Loss1: 5.842911 Loss2: 0.000006 
| Global Round : 48 | Client :4 | Local Epoch : 3 | [64/635 (11%)]	Loss1: 5.841843 Loss2: 0.000007 
| Global Round : 48 | Client :4 | Local Epoch : 4 | [64/635 (11%)]	Loss1: 5.840896 Loss2: 0.000005 
| Global Round : 48 | Client :5 | Local Epoch : 0 | [64/633 (11%)]	Loss1: 5.840969 Loss2: 0.000007 
| Global Round : 48 | Client :5 | Local Epoch : 1 | [64/633 (11%)]	Loss1: 5.841988 Loss2: 0.000007 
| Global Round : 48 | Client :5 | Local Epoch : 2 | [64/633 (11%)]	Loss1: 5.840303 Loss2: 0.000006 
| Global Round : 48 | Client :5 | Local Epoch : 3 | [64/633 (11%)]	Loss1: 5.841165 Loss2: 0.000007 
| Global Round : 48 | Client :5 | Local Epoch : 4 | [64/633 (11%)]	Loss1: 5.841830 Loss2: 0.000006 
| Global Round : 48 | Client :6 | Local Epoch : 0 | [64/645 (10%)]	Loss1: 5.840913 Loss2: 0.000007 
| Global Round : 48 | Client :6 | Local Epoch : 1 | [64/645 (10%)]	Loss1: 5.842730 Loss2: 0.000007 
| Global Round : 48 | Client :6 | Local Epoch : 2 | [64/645 (10%)]	Loss1: 5.841606 Loss2: 0.000008 
| Global Round : 48 | Client :6 | Local Epoch : 3 | [64/645 (10%)]	Loss1: 5.841383 Loss2: 0.000009 
| Global Round : 48 | Client :6 | Local Epoch : 4 | [64/645 (10%)]	Loss1: 5.842296 Loss2: 0.000006 
| Global Round : 48 | Client :7 | Local Epoch : 0 | [64/615 (11%)]	Loss1: 5.841428 Loss2: 0.000008 
| Global Round : 48 | Client :7 | Local Epoch : 1 | [64/615 (11%)]	Loss1: 5.840383 Loss2: 0.000008 
| Global Round : 48 | Client :7 | Local Epoch : 2 | [64/615 (11%)]	Loss1: 5.841016 Loss2: 0.000004 
| Global Round : 48 | Client :7 | Local Epoch : 3 | [64/615 (11%)]	Loss1: 5.840249 Loss2: 0.000008 
| Global Round : 48 | Client :7 | Local Epoch : 4 | [64/615 (11%)]	Loss1: 5.841249 Loss2: 0.000007 
| Global Round : 48 | Client :8 | Local Epoch : 0 | [64/609 (11%)]	Loss1: 5.841606 Loss2: 0.000005 
| Global Round : 48 | Client :8 | Local Epoch : 1 | [64/609 (11%)]	Loss1: 5.842100 Loss2: 0.000008 
| Global Round : 48 | Client :8 | Local Epoch : 2 | [64/609 (11%)]	Loss1: 5.841893 Loss2: 0.000006 
| Global Round : 48 | Client :8 | Local Epoch : 3 | [64/609 (11%)]	Loss1: 5.841945 Loss2: 0.000008 
| Global Round : 48 | Client :8 | Local Epoch : 4 | [64/609 (11%)]	Loss1: 5.842160 Loss2: 0.000008 
| Global Round : 48 | Client :9 | Local Epoch : 0 | [64/628 (11%)]	Loss1: 5.841645 Loss2: 0.000007 
| Global Round : 48 | Client :9 | Local Epoch : 1 | [64/628 (11%)]	Loss1: 5.842811 Loss2: 0.000010 
| Global Round : 48 | Client :9 | Local Epoch : 2 | [64/628 (11%)]	Loss1: 5.840862 Loss2: 0.000011 
| Global Round : 48 | Client :9 | Local Epoch : 3 | [64/628 (11%)]	Loss1: 5.840115 Loss2: 0.000007 
| Global Round : 48 | Client :9 | Local Epoch : 4 | [64/628 (11%)]	Loss1: 5.842296 Loss2: 0.000005 
average loss:   5.838945188389884
average local test accuracy: 0.7739583333333333
average global test accuracy:  0.7787760416666668

 | Global Training Round : 49 |

xi_k [0.51649778 0.51567572 0.50342188 0.48180821 0.48317637 0.48464788
 0.52854563 0.49884685 0.50381643 0.48858173]
max_exp: -1.0
coe: 10
Regulation [0.8 0.8 0.8 0.8 0.8 0.8 0.8 0.8 0.8 0.8]
Solver status: optimal_inaccurate
b_new: [1. 1. 1. 1. 1. 1. 1. 1. 1. 1.]
Iter 0: obj=49.6502, best_obj=49.6502, ||b_new-b_prev||₂=2.846050
xi_k [0.51649778 0.51567572 0.50342188 0.48180821 0.48317637 0.48464788
 0.52854563 0.49884685 0.50381643 0.48858173]
max_exp: -1.0
coe: 10
Regulation [-1. -1. -1. -1. -1. -1. -1. -1. -1. -1.]
Solver status: optimal_inaccurate
b_new: [1. 1. 1. 1. 1. 1. 1. 1. 1. 1.]
Iter 1: obj=50.5502, best_obj=50.5502, ||b_new-b_prev||₂=0.000000
Converged.
Final b: [1. 1. 1. 1. 1. 1. 1. 1. 1. 1.]
<class 'numpy.ndarray'>
b_float: [1. 1. 1. 1. 1. 1. 1. 1. 1. 1.]
b: [1 1 1 1 1 1 1 1 1 1]
active_clients:  [0, 1, 2, 3, 4, 5, 6, 7, 8, 9]
Client 0's s_k are:[0 1 1 1 1 1 1 1 1 1]
Client 1's s_k are:[1 0 1 1 1 1 1 1 1 1]
Client 2's s_k are:[1 1 0 1 1 1 1 1 1 1]
Client 3's s_k are:[1 1 1 0 1 1 1 1 1 1]
Client 4's s_k are:[1 1 1 1 0 1 1 1 1 1]
Client 5's s_k are:[1 1 1 1 1 0 1 1 1 1]
Client 6's s_k are:[1 1 1 1 1 1 0 1 1 1]
Client 7's s_k are:[1 1 1 1 1 1 1 0 1 1]
Client 8's s_k are:[1 1 1 1 1 1 1 1 0 1]
Client 9's s_k are:[1 1 1 1 1 1 1 1 1 0]
| Global Round : 49 | Client :0 | Local Epoch : 0 | [64/594 (11%)]	Loss1: 5.839455 Loss2: 0.000006 
| Global Round : 49 | Client :0 | Local Epoch : 1 | [64/594 (11%)]	Loss1: 5.841136 Loss2: 0.000006 
| Global Round : 49 | Client :0 | Local Epoch : 2 | [64/594 (11%)]	Loss1: 5.842117 Loss2: 0.000007 
| Global Round : 49 | Client :0 | Local Epoch : 3 | [64/594 (11%)]	Loss1: 5.841352 Loss2: 0.000007 
| Global Round : 49 | Client :0 | Local Epoch : 4 | [64/594 (11%)]	Loss1: 5.841560 Loss2: 0.000007 
| Global Round : 49 | Client :1 | Local Epoch : 0 | [64/595 (11%)]	Loss1: 5.842103 Loss2: 0.000007 
| Global Round : 49 | Client :1 | Local Epoch : 1 | [64/595 (11%)]	Loss1: 5.841690 Loss2: 0.000007 
| Global Round : 49 | Client :1 | Local Epoch : 2 | [64/595 (11%)]	Loss1: 5.841156 Loss2: 0.000008 
| Global Round : 49 | Client :1 | Local Epoch : 3 | [64/595 (11%)]	Loss1: 5.841464 Loss2: 0.000006 
| Global Round : 49 | Client :1 | Local Epoch : 4 | [64/595 (11%)]	Loss1: 5.842144 Loss2: 0.000005 
| Global Round : 49 | Client :2 | Local Epoch : 0 | [64/474 (14%)]	Loss1: 5.840740 Loss2: 0.000006 
| Global Round : 49 | Client :2 | Local Epoch : 1 | [64/474 (14%)]	Loss1: 5.840612 Loss2: 0.000007 
| Global Round : 49 | Client :2 | Local Epoch : 2 | [64/474 (14%)]	Loss1: 5.841676 Loss2: 0.000008 
| Global Round : 49 | Client :2 | Local Epoch : 3 | [64/474 (14%)]	Loss1: 5.841189 Loss2: 0.000005 
| Global Round : 49 | Client :2 | Local Epoch : 4 | [64/474 (14%)]	Loss1: 5.840052 Loss2: 0.000007 
| Global Round : 49 | Client :3 | Local Epoch : 0 | [64/566 (12%)]	Loss1: 5.841993 Loss2: 0.000007 
| Global Round : 49 | Client :3 | Local Epoch : 1 | [64/566 (12%)]	Loss1: 5.841884 Loss2: 0.000007 
| Global Round : 49 | Client :3 | Local Epoch : 2 | [64/566 (12%)]	Loss1: 5.842720 Loss2: 0.000005 
| Global Round : 49 | Client :3 | Local Epoch : 3 | [64/566 (12%)]	Loss1: 5.841241 Loss2: 0.000007 
| Global Round : 49 | Client :3 | Local Epoch : 4 | [64/566 (12%)]	Loss1: 5.841035 Loss2: 0.000005 
| Global Round : 49 | Client :4 | Local Epoch : 0 | [64/635 (11%)]	Loss1: 5.841365 Loss2: 0.000007 
| Global Round : 49 | Client :4 | Local Epoch : 1 | [64/635 (11%)]	Loss1: 5.841594 Loss2: 0.000008 
| Global Round : 49 | Client :4 | Local Epoch : 2 | [64/635 (11%)]	Loss1: 5.841215 Loss2: 0.000008 
| Global Round : 49 | Client :4 | Local Epoch : 3 | [64/635 (11%)]	Loss1: 5.841647 Loss2: 0.000006 
| Global Round : 49 | Client :4 | Local Epoch : 4 | [64/635 (11%)]	Loss1: 5.842824 Loss2: 0.000006 
| Global Round : 49 | Client :5 | Local Epoch : 0 | [64/633 (11%)]	Loss1: 5.840864 Loss2: 0.000005 
| Global Round : 49 | Client :5 | Local Epoch : 1 | [64/633 (11%)]	Loss1: 5.840624 Loss2: 0.000007 
| Global Round : 49 | Client :5 | Local Epoch : 2 | [64/633 (11%)]	Loss1: 5.840154 Loss2: 0.000008 
| Global Round : 49 | Client :5 | Local Epoch : 3 | [64/633 (11%)]	Loss1: 5.841025 Loss2: 0.000005 
| Global Round : 49 | Client :5 | Local Epoch : 4 | [64/633 (11%)]	Loss1: 5.840671 Loss2: 0.000004 
| Global Round : 49 | Client :6 | Local Epoch : 0 | [64/645 (10%)]	Loss1: 5.841464 Loss2: 0.000008 
| Global Round : 49 | Client :6 | Local Epoch : 1 | [64/645 (10%)]	Loss1: 5.842105 Loss2: 0.000006 
| Global Round : 49 | Client :6 | Local Epoch : 2 | [64/645 (10%)]	Loss1: 5.841498 Loss2: 0.000004 
| Global Round : 49 | Client :6 | Local Epoch : 3 | [64/645 (10%)]	Loss1: 5.841395 Loss2: 0.000008 
| Global Round : 49 | Client :6 | Local Epoch : 4 | [64/645 (10%)]	Loss1: 5.841740 Loss2: 0.000005 
| Global Round : 49 | Client :7 | Local Epoch : 0 | [64/615 (11%)]	Loss1: 5.840947 Loss2: 0.000004 
| Global Round : 49 | Client :7 | Local Epoch : 1 | [64/615 (11%)]	Loss1: 5.841219 Loss2: 0.000005 
| Global Round : 49 | Client :7 | Local Epoch : 2 | [64/615 (11%)]	Loss1: 5.842102 Loss2: 0.000007 
| Global Round : 49 | Client :7 | Local Epoch : 3 | [64/615 (11%)]	Loss1: 5.840299 Loss2: 0.000007 
| Global Round : 49 | Client :7 | Local Epoch : 4 | [64/615 (11%)]	Loss1: 5.841069 Loss2: 0.000006 
| Global Round : 49 | Client :8 | Local Epoch : 0 | [64/609 (11%)]	Loss1: 5.842154 Loss2: 0.000006 
| Global Round : 49 | Client :8 | Local Epoch : 1 | [64/609 (11%)]	Loss1: 5.841049 Loss2: 0.000007 
| Global Round : 49 | Client :8 | Local Epoch : 2 | [64/609 (11%)]	Loss1: 5.841550 Loss2: 0.000006 
| Global Round : 49 | Client :8 | Local Epoch : 3 | [64/609 (11%)]	Loss1: 5.842522 Loss2: 0.000006 
| Global Round : 49 | Client :8 | Local Epoch : 4 | [64/609 (11%)]	Loss1: 5.842350 Loss2: 0.000007 
| Global Round : 49 | Client :9 | Local Epoch : 0 | [64/628 (11%)]	Loss1: 5.841629 Loss2: 0.000006 
| Global Round : 49 | Client :9 | Local Epoch : 1 | [64/628 (11%)]	Loss1: 5.842435 Loss2: 0.000008 
| Global Round : 49 | Client :9 | Local Epoch : 2 | [64/628 (11%)]	Loss1: 5.841362 Loss2: 0.000007 
| Global Round : 49 | Client :9 | Local Epoch : 3 | [64/628 (11%)]	Loss1: 5.841561 Loss2: 0.000005 
| Global Round : 49 | Client :9 | Local Epoch : 4 | [64/628 (11%)]	Loss1: 5.842098 Loss2: 0.000007 
average loss:   5.8389551140959295
average local test accuracy: 0.7736979166666667
average global test accuracy:  0.8434895833333332

 | Global Training Round : 50 |

xi_k [0.51650033 0.51562683 0.50339524 0.48183449 0.48315497 0.48466274
 0.52861073 0.4988559  0.50383562 0.48859582]
max_exp: -1.0
coe: 10
Regulation [0.8 0.8 0.8 0.8 0.8 0.8 0.8 0.8 0.8 0.8]
Solver status: optimal_inaccurate
b_new: [1. 1. 1. 1. 1. 1. 1. 1. 1. 1.]
Iter 0: obj=49.6507, best_obj=49.6507, ||b_new-b_prev||₂=2.846050
xi_k [0.51650033 0.51562683 0.50339524 0.48183449 0.48315497 0.48466274
 0.52861073 0.4988559  0.50383562 0.48859582]
max_exp: -1.0
coe: 10
Regulation [-1. -1. -1. -1. -1. -1. -1. -1. -1. -1.]
Solver status: optimal_inaccurate
b_new: [1. 1. 1. 1. 1. 1. 1. 1. 1. 1.]
Iter 1: obj=50.5507, best_obj=50.5507, ||b_new-b_prev||₂=0.000000
Converged.
Final b: [1. 1. 1. 1. 1. 1. 1. 1. 1. 1.]
<class 'numpy.ndarray'>
b_float: [1. 1. 1. 1. 1. 1. 1. 1. 1. 1.]
b: [1 1 1 1 1 1 1 1 1 1]
active_clients:  [0, 1, 2, 3, 4, 5, 6, 7, 8, 9]
Client 0's s_k are:[0 1 1 1 1 1 1 1 1 1]
Client 1's s_k are:[1 0 1 1 1 1 1 1 1 1]
Client 2's s_k are:[1 1 0 1 1 1 1 1 1 1]
Client 3's s_k are:[1 1 1 0 1 1 1 1 1 1]
Client 4's s_k are:[1 1 1 1 0 1 1 1 1 1]
Client 5's s_k are:[1 1 1 1 1 0 1 1 1 1]
Client 6's s_k are:[1 1 1 1 1 1 0 1 1 1]
Client 7's s_k are:[1 1 1 1 1 1 1 0 1 1]
Client 8's s_k are:[1 1 1 1 1 1 1 1 0 1]
Client 9's s_k are:[1 1 1 1 1 1 1 1 1 0]
| Global Round : 50 | Client :0 | Local Epoch : 0 | [64/594 (11%)]	Loss1: 5.841783 Loss2: 0.000006 
| Global Round : 50 | Client :0 | Local Epoch : 1 | [64/594 (11%)]	Loss1: 5.840333 Loss2: 0.000007 
| Global Round : 50 | Client :0 | Local Epoch : 2 | [64/594 (11%)]	Loss1: 5.842535 Loss2: 0.000006 
| Global Round : 50 | Client :0 | Local Epoch : 3 | [64/594 (11%)]	Loss1: 5.840392 Loss2: 0.000010 
| Global Round : 50 | Client :0 | Local Epoch : 4 | [64/594 (11%)]	Loss1: 5.842044 Loss2: 0.000008 
| Global Round : 50 | Client :1 | Local Epoch : 0 | [64/595 (11%)]	Loss1: 5.841376 Loss2: 0.000007 
| Global Round : 50 | Client :1 | Local Epoch : 1 | [64/595 (11%)]	Loss1: 5.842075 Loss2: 0.000007 
| Global Round : 50 | Client :1 | Local Epoch : 2 | [64/595 (11%)]	Loss1: 5.841322 Loss2: 0.000007 
| Global Round : 50 | Client :1 | Local Epoch : 3 | [64/595 (11%)]	Loss1: 5.841167 Loss2: 0.000006 
| Global Round : 50 | Client :1 | Local Epoch : 4 | [64/595 (11%)]	Loss1: 5.841267 Loss2: 0.000005 
| Global Round : 50 | Client :2 | Local Epoch : 0 | [64/474 (14%)]	Loss1: 5.840413 Loss2: 0.000007 
| Global Round : 50 | Client :2 | Local Epoch : 1 | [64/474 (14%)]	Loss1: 5.840267 Loss2: 0.000006 
| Global Round : 50 | Client :2 | Local Epoch : 2 | [64/474 (14%)]	Loss1: 5.842214 Loss2: 0.000006 
| Global Round : 50 | Client :2 | Local Epoch : 3 | [64/474 (14%)]	Loss1: 5.840553 Loss2: 0.000005 
| Global Round : 50 | Client :2 | Local Epoch : 4 | [64/474 (14%)]	Loss1: 5.843066 Loss2: 0.000006 
| Global Round : 50 | Client :3 | Local Epoch : 0 | [64/566 (12%)]	Loss1: 5.840168 Loss2: 0.000006 
| Global Round : 50 | Client :3 | Local Epoch : 1 | [64/566 (12%)]	Loss1: 5.842020 Loss2: 0.000007 
| Global Round : 50 | Client :3 | Local Epoch : 2 | [64/566 (12%)]	Loss1: 5.841178 Loss2: 0.000006 
| Global Round : 50 | Client :3 | Local Epoch : 3 | [64/566 (12%)]	Loss1: 5.840909 Loss2: 0.000005 
| Global Round : 50 | Client :3 | Local Epoch : 4 | [64/566 (12%)]	Loss1: 5.840937 Loss2: 0.000006 
| Global Round : 50 | Client :4 | Local Epoch : 0 | [64/635 (11%)]	Loss1: 5.841549 Loss2: 0.000007 
| Global Round : 50 | Client :4 | Local Epoch : 1 | [64/635 (11%)]	Loss1: 5.841609 Loss2: 0.000006 
| Global Round : 50 | Client :4 | Local Epoch : 2 | [64/635 (11%)]	Loss1: 5.841027 Loss2: 0.000007 
| Global Round : 50 | Client :4 | Local Epoch : 3 | [64/635 (11%)]	Loss1: 5.841850 Loss2: 0.000007 
| Global Round : 50 | Client :4 | Local Epoch : 4 | [64/635 (11%)]	Loss1: 5.841371 Loss2: 0.000006 
| Global Round : 50 | Client :5 | Local Epoch : 0 | [64/633 (11%)]	Loss1: 5.841405 Loss2: 0.000005 
| Global Round : 50 | Client :5 | Local Epoch : 1 | [64/633 (11%)]	Loss1: 5.841806 Loss2: 0.000006 
| Global Round : 50 | Client :5 | Local Epoch : 2 | [64/633 (11%)]	Loss1: 5.841238 Loss2: 0.000008 
| Global Round : 50 | Client :5 | Local Epoch : 3 | [64/633 (11%)]	Loss1: 5.841097 Loss2: 0.000004 
| Global Round : 50 | Client :5 | Local Epoch : 4 | [64/633 (11%)]	Loss1: 5.841171 Loss2: 0.000008 
| Global Round : 50 | Client :6 | Local Epoch : 0 | [64/645 (10%)]	Loss1: 5.841299 Loss2: 0.000005 
| Global Round : 50 | Client :6 | Local Epoch : 1 | [64/645 (10%)]	Loss1: 5.840539 Loss2: 0.000008 
| Global Round : 50 | Client :6 | Local Epoch : 2 | [64/645 (10%)]	Loss1: 5.840585 Loss2: 0.000006 
| Global Round : 50 | Client :6 | Local Epoch : 3 | [64/645 (10%)]	Loss1: 5.841476 Loss2: 0.000007 
| Global Round : 50 | Client :6 | Local Epoch : 4 | [64/645 (10%)]	Loss1: 5.843330 Loss2: 0.000007 
| Global Round : 50 | Client :7 | Local Epoch : 0 | [64/615 (11%)]	Loss1: 5.841257 Loss2: 0.000008 
| Global Round : 50 | Client :7 | Local Epoch : 1 | [64/615 (11%)]	Loss1: 5.840959 Loss2: 0.000006 
| Global Round : 50 | Client :7 | Local Epoch : 2 | [64/615 (11%)]	Loss1: 5.841604 Loss2: 0.000007 
| Global Round : 50 | Client :7 | Local Epoch : 3 | [64/615 (11%)]	Loss1: 5.841341 Loss2: 0.000006 
| Global Round : 50 | Client :7 | Local Epoch : 4 | [64/615 (11%)]	Loss1: 5.841878 Loss2: 0.000007 
| Global Round : 50 | Client :8 | Local Epoch : 0 | [64/609 (11%)]	Loss1: 5.842112 Loss2: 0.000007 
| Global Round : 50 | Client :8 | Local Epoch : 1 | [64/609 (11%)]	Loss1: 5.841908 Loss2: 0.000006 
| Global Round : 50 | Client :8 | Local Epoch : 2 | [64/609 (11%)]	Loss1: 5.840477 Loss2: 0.000006 
| Global Round : 50 | Client :8 | Local Epoch : 3 | [64/609 (11%)]	Loss1: 5.841553 Loss2: 0.000006 
| Global Round : 50 | Client :8 | Local Epoch : 4 | [64/609 (11%)]	Loss1: 5.841254 Loss2: 0.000005 
| Global Round : 50 | Client :9 | Local Epoch : 0 | [64/628 (11%)]	Loss1: 5.842759 Loss2: 0.000006 
| Global Round : 50 | Client :9 | Local Epoch : 1 | [64/628 (11%)]	Loss1: 5.840252 Loss2: 0.000009 
| Global Round : 50 | Client :9 | Local Epoch : 2 | [64/628 (11%)]	Loss1: 5.843453 Loss2: 0.000008 
| Global Round : 50 | Client :9 | Local Epoch : 3 | [64/628 (11%)]	Loss1: 5.840490 Loss2: 0.000005 
| Global Round : 50 | Client :9 | Local Epoch : 4 | [64/628 (11%)]	Loss1: 5.842534 Loss2: 0.000006 
/home/gyh/anaconda3/envs/pt_38py_env/lib/python3.8/site-packages/torch/distributed/distributed_c10d.py:151: UserWarning: torch.distributed.reduce_op is deprecated, please use torch.distributed.ReduceOp instead
  warnings.warn("torch.distributed.reduce_op is deprecated, please use "
average loss:   5.838917324145635
average local test accuracy: 0.7763020833333333
average global test accuracy:  0.8454427083333332
Figures plotted successfully.
Training is completed.
running time: 12931.074485063553 s 

Storage on cpu
-------------------------------------------------------------------------------
Total Tensors: 55285948 	Used Memory: 54.15M
-------------------------------------------------------------------------------

Storage on cuda:0
-------------------------------------------------------------------------------
Total Tensors: 345885 	Used Memory: 1.31M
The allocated memory on cuda:0: 5.54M
Memory differs due to the matrix alignment or invisible gradient buffer tensors
-------------------------------------------------------------------------------
Model is saved on: 
./checkpoint/FMNIST/01a517a4281ca1a7429570221491d7af4411a76d02a0f4c01664982ad73ce190.pth
