nohup: 忽略输入
1.9.0+cu111
cuda
Namespace(CVX_iterations=20, alg='FedKD', batch_size=64, beta=0.5, clip_grad=None, clock_frequency=array([1177683.50635638, 1501560.20838227, 9740021.56084757,
       4491659.76993711, 6232779.78233239, 6405662.87617184,
       6053281.58951642, 6886641.15522931, 5557816.62415515,
       8263012.46395318]), code_len=32, dataset='FMNIST', duration_round=1000000, energy_threshold=1000000.0, eval_only=False, gamma=0.05, is_allocation=True, lam=0.5, lambda2=0.05, local_ep=5, log_frq=5, loss_F='MSE', lr=0.001, lr_sh_rate=10, method_Bandwidth='CVX', method_Frequency='CVX', method_Teacher='Random', method_tier='Random', model='CNN', num_classes=10, num_clients=10, num_epochs=50, num_tiers=1, part=0.1, sample_method='Dirichlet', sampling_rate=1, save_model=True, seed=0, std=2, temp=1, tol=0.001, total_bandwidth=1e+30, transmit_power=0.5, upload_model=True, use_lrschd=False)
idx_batch [6260, 4975, 5977, 6056, 4360, 6274, 5714, 6651, 5615, 8118]
idx_batch_test [1040, 826, 999, 1008, 728, 1046, 952, 1107, 936, 1358]
min_size 728
Loaders_test[0] is empty: False
Loaders_test[1] is empty: False
Loaders_test[2] is empty: False
Loaders_test[3] is empty: False
Loaders_test[4] is empty: False
Loaders_test[5] is empty: False
Loaders_test[6] is empty: False
Loaders_test[7] is empty: False
Loaders_test[8] is empty: False
Loaders_test[9] is empty: False
Length of Loaders_test[0]: 208
Length of Loaders_test[1]: 165
Length of Loaders_test[2]: 199
Length of Loaders_test[3]: 201
Length of Loaders_test[4]: 145
Length of Loaders_test[5]: 209
Length of Loaders_test[6]: 190
Length of Loaders_test[7]: 221
Length of Loaders_test[8]: 187
Length of Loaders_test[9]: 271
Length of global_loader_test: 195
len(Loaders_train) 9
Client 0 data distribution:
[115, 15, 0, 94, 13, 9, 151, 51, 128, 0]
Client 1 data distribution:
[5, 1, 31, 9, 130, 56, 191, 5, 14, 6]
Client 2 data distribution:
[4, 62, 38, 111, 9, 174, 4, 160, 3, 11]
Client 3 data distribution:
[14, 182, 155, 16, 30, 11, 109, 51, 8, 0]
Client 4 data distribution:
[167, 0, 5, 1, 105, 9, 5, 19, 64, 9]
Client 5 data distribution:
[26, 84, 257, 75, 134, 0, 0, 0, 0, 0]
Client 6 data distribution:
[2, 13, 9, 19, 25, 139, 28, 168, 109, 0]
Client 7 data distribution:
[6, 48, 6, 160, 97, 3, 22, 70, 155, 73]
Client 8 data distribution:
[186, 64, 17, 18, 4, 20, 52, 0, 20, 131]
Client 9 data distribution:
[18, 69, 60, 69, 5, 127, 8, 35, 39, 338]
Checkpoint dir: ./checkpoint/FMNIST/
CNN
# model parameters: 15722
variances:  [0.3629149589082665, 0.9576674269987132, 0.9123420069588598, 0.40690338404331317, 0.9669374111845102, 0.03584113952107326, 0.2028165679319468, 0.898279142410506, 0.5010094081839137, 0.830163557570702]
h:  [6.56940601e-01 4.66598392e+00 2.06875696e-02 2.27516770e-01
 4.23827610e-02 1.80223614e-03 3.71238945e-01 7.83039553e+00
 4.73291080e-02 6.91287424e-01]
Random
tiered_clients:  {1: [7, 3, 0, 8, 9, 5, 4, 1, 2, 6]}

 | Global Training Round : 1 |

xi_k [0.50340194 0.49467632 0.52506239 0.52177214 0.48015207 0.50155941
 0.48904003 0.52699104 0.49915274 0.51871789]
max_exp: -1.0
coe: 10
Regulation [0.8 0.8 0.8 0.8 0.8 0.8 0.8 0.8 0.8 0.8]
Solver status: optimal_inaccurate
b_new: [1. 1. 1. 1. 1. 1. 1. 1. 1. 1.]
Iter 0: obj=50.2053, best_obj=50.2053, ||b_new-b_prev||₂=2.846050
xi_k [0.50340194 0.49467632 0.52506239 0.52177214 0.48015207 0.50155941
 0.48904003 0.52699104 0.49915274 0.51871789]
max_exp: -1.0
coe: 10
Regulation [-1. -1. -1. -1. -1. -1. -1. -1. -1. -1.]
Solver status: optimal_inaccurate
b_new: [1. 1. 1. 1. 1. 1. 1. 1. 1. 1.]
Iter 1: obj=51.1053, best_obj=51.1053, ||b_new-b_prev||₂=0.000000
Converged.
Final b: [1. 1. 1. 1. 1. 1. 1. 1. 1. 1.]
<class 'numpy.ndarray'>
b_float: [1. 1. 1. 1. 1. 1. 1. 1. 1. 1.]
b: [1 1 1 1 1 1 1 1 1 1]
active_clients:  [0, 1, 2, 3, 4, 5, 6, 7, 8, 9]
Client 0's s_k are:[0 1 0 0 0 1 0 0 0 0]
Client 1's s_k are:[1 0 1 1 0 0 1 0 1 0]
Client 2's s_k are:[0 1 0 0 0 0 0 1 0 1]
Client 3's s_k are:[0 1 1 0 0 0 1 1 1 0]
Client 4's s_k are:[0 0 1 1 0 0 1 1 1 1]
Client 5's s_k are:[0 1 0 1 0 0 0 0 0 1]
Client 6's s_k are:[1 0 1 0 1 1 0 1 1 1]
Client 7's s_k are:[0 0 0 0 0 1 0 0 0 0]
Client 8's s_k are:[0 0 1 0 1 0 0 1 0 1]
Client 9's s_k are:[1 1 0 1 0 0 1 1 1 0]
| Global Round : 1 | Client :0 | Local Epoch : 0 | [64/626 (11%)]	Loss1: 5.915824 Loss2: 0.000034 
| Global Round : 1 | Client :0 | Local Epoch : 1 | [64/626 (11%)]	Loss1: 5.874452 Loss2: 0.000109 
| Global Round : 1 | Client :0 | Local Epoch : 2 | [64/626 (11%)]	Loss1: 5.865146 Loss2: 0.000123 
| Global Round : 1 | Client :0 | Local Epoch : 3 | [64/626 (11%)]	Loss1: 5.863377 Loss2: 0.000117 
| Global Round : 1 | Client :0 | Local Epoch : 4 | [64/626 (11%)]	Loss1: 5.859125 Loss2: 0.000111 
| Global Round : 1 | Client :1 | Local Epoch : 0 | [64/497 (14%)]	Loss1: 5.928476 Loss2: 0.000035 
| Global Round : 1 | Client :1 | Local Epoch : 1 | [64/497 (14%)]	Loss1: 5.877231 Loss2: 0.000138 
| Global Round : 1 | Client :1 | Local Epoch : 2 | [64/497 (14%)]	Loss1: 5.869236 Loss2: 0.000072 
| Global Round : 1 | Client :1 | Local Epoch : 3 | [64/497 (14%)]	Loss1: 5.865282 Loss2: 0.000149 
| Global Round : 1 | Client :1 | Local Epoch : 4 | [64/497 (14%)]	Loss1: 5.863908 Loss2: 0.000076 
| Global Round : 1 | Client :2 | Local Epoch : 0 | [64/597 (11%)]	Loss1: 5.902828 Loss2: 0.000053 
| Global Round : 1 | Client :2 | Local Epoch : 1 | [64/597 (11%)]	Loss1: 5.865277 Loss2: 0.000044 
| Global Round : 1 | Client :2 | Local Epoch : 2 | [64/597 (11%)]	Loss1: 5.860602 Loss2: 0.000051 
| Global Round : 1 | Client :2 | Local Epoch : 3 | [64/597 (11%)]	Loss1: 5.858975 Loss2: 0.000046 
| Global Round : 1 | Client :2 | Local Epoch : 4 | [64/597 (11%)]	Loss1: 5.856896 Loss2: 0.000045 
| Global Round : 1 | Client :3 | Local Epoch : 0 | [64/605 (11%)]	Loss1: 5.923238 Loss2: 0.000051 
| Global Round : 1 | Client :3 | Local Epoch : 1 | [64/605 (11%)]	Loss1: 5.872562 Loss2: 0.000083 
| Global Round : 1 | Client :3 | Local Epoch : 2 | [64/605 (11%)]	Loss1: 5.864118 Loss2: 0.000076 
| Global Round : 1 | Client :3 | Local Epoch : 3 | [64/605 (11%)]	Loss1: 5.863664 Loss2: 0.000052 
| Global Round : 1 | Client :3 | Local Epoch : 4 | [64/605 (11%)]	Loss1: 5.857743 Loss2: 0.000049 
| Global Round : 1 | Client :4 | Local Epoch : 0 | [64/436 (17%)]	Loss1: 5.901691 Loss2: 0.000039 
| Global Round : 1 | Client :4 | Local Epoch : 1 | [64/436 (17%)]	Loss1: 5.867872 Loss2: 0.000054 
| Global Round : 1 | Client :4 | Local Epoch : 2 | [64/436 (17%)]	Loss1: 5.863827 Loss2: 0.000041 
| Global Round : 1 | Client :4 | Local Epoch : 3 | [64/436 (17%)]	Loss1: 5.860886 Loss2: 0.000071 
| Global Round : 1 | Client :4 | Local Epoch : 4 | [64/436 (17%)]	Loss1: 5.858427 Loss2: 0.000064 
| Global Round : 1 | Client :5 | Local Epoch : 0 | [64/627 (11%)]	Loss1: 5.911135 Loss2: 0.000090 
| Global Round : 1 | Client :5 | Local Epoch : 1 | [64/627 (11%)]	Loss1: 5.866991 Loss2: 0.000042 
| Global Round : 1 | Client :5 | Local Epoch : 2 | [64/627 (11%)]	Loss1: 5.861249 Loss2: 0.000061 
| Global Round : 1 | Client :5 | Local Epoch : 3 | [64/627 (11%)]	Loss1: 5.858287 Loss2: 0.000047 
| Global Round : 1 | Client :5 | Local Epoch : 4 | [64/627 (11%)]	Loss1: 5.854587 Loss2: 0.000047 
| Global Round : 1 | Client :6 | Local Epoch : 0 | [64/571 (12%)]	Loss1: 5.906364 Loss2: 0.000062 
| Global Round : 1 | Client :6 | Local Epoch : 1 | [64/571 (12%)]	Loss1: 5.870904 Loss2: 0.000046 
| Global Round : 1 | Client :6 | Local Epoch : 2 | [64/571 (12%)]	Loss1: 5.865224 Loss2: 0.000040 
| Global Round : 1 | Client :6 | Local Epoch : 3 | [64/571 (12%)]	Loss1: 5.862547 Loss2: 0.000037 
| Global Round : 1 | Client :6 | Local Epoch : 4 | [64/571 (12%)]	Loss1: 5.857891 Loss2: 0.000041 
| Global Round : 1 | Client :7 | Local Epoch : 0 | [64/665 (10%)]	Loss1: 5.924256 Loss2: 0.000119 
| Global Round : 1 | Client :7 | Local Epoch : 1 | [64/665 (10%)]	Loss1: 5.869205 Loss2: 0.000051 
| Global Round : 1 | Client :7 | Local Epoch : 2 | [64/665 (10%)]	Loss1: 5.865980 Loss2: 0.000056 
| Global Round : 1 | Client :7 | Local Epoch : 3 | [64/665 (10%)]	Loss1: 5.862696 Loss2: 0.000051 
| Global Round : 1 | Client :7 | Local Epoch : 4 | [64/665 (10%)]	Loss1: 5.859174 Loss2: 0.000039 
| Global Round : 1 | Client :8 | Local Epoch : 0 | [64/561 (12%)]	Loss1: 5.917005 Loss2: 0.000079 
| Global Round : 1 | Client :8 | Local Epoch : 1 | [64/561 (12%)]	Loss1: 5.866094 Loss2: 0.000067 
| Global Round : 1 | Client :8 | Local Epoch : 2 | [64/561 (12%)]	Loss1: 5.862110 Loss2: 0.000038 
| Global Round : 1 | Client :8 | Local Epoch : 3 | [64/561 (12%)]	Loss1: 5.861232 Loss2: 0.000028 
| Global Round : 1 | Client :8 | Local Epoch : 4 | [64/561 (12%)]	Loss1: 5.859937 Loss2: 0.000055 
| Global Round : 1 | Client :9 | Local Epoch : 0 | [64/811 (8%)]	Loss1: 5.927212 Loss2: 0.000132 
| Global Round : 1 | Client :9 | Local Epoch : 0 | [704/811 (92%)]	Loss1: 5.865567 Loss2: 0.000030 
| Global Round : 1 | Client :9 | Local Epoch : 1 | [64/811 (8%)]	Loss1: 5.868434 Loss2: 0.000029 
| Global Round : 1 | Client :9 | Local Epoch : 1 | [704/811 (92%)]	Loss1: 5.859009 Loss2: 0.000039 
| Global Round : 1 | Client :9 | Local Epoch : 2 | [64/811 (8%)]	Loss1: 5.860054 Loss2: 0.000024 
| Global Round : 1 | Client :9 | Local Epoch : 2 | [704/811 (92%)]	Loss1: 5.857633 Loss2: 0.000026 
| Global Round : 1 | Client :9 | Local Epoch : 3 | [64/811 (8%)]	Loss1: 5.856846 Loss2: 0.000030 
| Global Round : 1 | Client :9 | Local Epoch : 3 | [704/811 (92%)]	Loss1: 5.854429 Loss2: 0.000028 
| Global Round : 1 | Client :9 | Local Epoch : 4 | [64/811 (8%)]	Loss1: 5.855597 Loss2: 0.000023 
| Global Round : 1 | Client :9 | Local Epoch : 4 | [704/811 (92%)]	Loss1: 5.852869 Loss2: 0.000027 
<frozen importlib._bootstrap>:219: RuntimeWarning: scipy._lib.messagestream.MessageStream size changed, may indicate binary incompatibility. Expected 56 from C header, got 64 from PyObject
/home/gyh/anaconda3/envs/pt_38py_env/lib/python3.8/site-packages/torchvision/datasets/mnist.py:498: UserWarning: The given NumPy array is not writeable, and PyTorch does not support non-writeable tensors. This means you can write to the underlying (supposedly non-writeable) NumPy array using the tensor. You may want to copy the array to protect its data or make it writeable before converting it to a tensor. This type of warning will be suppressed for the rest of this program. (Triggered internally at  /pytorch/torch/csrc/utils/tensor_numpy.cpp:180.)
  return torch.from_numpy(parsed.astype(m[2], copy=False)).view(*s)
/home/gyh/anaconda3/envs/pt_38py_env/lib/python3.8/site-packages/torch/nn/functional.py:718: UserWarning: Named tensors and all their associated APIs are an experimental feature and subject to change. Please do not use them for anything important until they are released as stable. (Triggered internally at  /pytorch/c10/core/TensorImpl.h:1156.)
  return torch.max_pool2d(input, kernel_size, stride, padding, dilation, ceil_mode)
/home/gyh/anaconda3/envs/pt_38py_env/lib/python3.8/site-packages/cvxpy/problems/problem.py:1407: UserWarning: Solution may be inaccurate. Try another solver, adjusting the solver settings, or solve with verbose=True for more information.
  warnings.warn(
average loss:   5.852112678459712
average local test accuracy: 0.6967447916666666
average global test accuracy:  0.31809895833333335

 | Global Training Round : 2 |

xi_k [0.4926138  0.48276569 0.51587976 0.50948518 0.47113215 0.49138319
 0.47970888 0.51491138 0.4884719  0.50621748]
max_exp: -1.0
coe: 10
Regulation [0.8 0.8 0.8 0.8 0.8 0.8 0.8 0.8 0.8 0.8]
Solver status: optimal_inaccurate
b_new: [1. 1. 1. 1. 1. 1. 1. 1. 1. 1.]
Iter 0: obj=49.1257, best_obj=49.1257, ||b_new-b_prev||₂=2.846050
xi_k [0.4926138  0.48276569 0.51587976 0.50948518 0.47113215 0.49138319
 0.47970888 0.51491138 0.4884719  0.50621748]
max_exp: -1.0
coe: 10
Regulation [-1. -1. -1. -1. -1. -1. -1. -1. -1. -1.]
Solver status: optimal_inaccurate
b_new: [1. 1. 1. 1. 1. 1. 1. 1. 1. 1.]
Iter 1: obj=50.0257, best_obj=50.0257, ||b_new-b_prev||₂=0.000000
Converged.
Final b: [1. 1. 1. 1. 1. 1. 1. 1. 1. 1.]
<class 'numpy.ndarray'>
b_float: [1. 1. 1. 1. 1. 1. 1. 1. 1. 1.]
b: [1 1 1 1 1 1 1 1 1 1]
active_clients:  [0, 1, 2, 3, 4, 5, 6, 7, 8, 9]
Client 0's s_k are:[0 0 1 0 0 0 0 0 1 0]
Client 1's s_k are:[0 0 1 1 0 0 1 0 1 1]
Client 2's s_k are:[0 0 0 0 1 0 0 0 0 0]
Client 3's s_k are:[0 1 0 0 0 0 1 0 1 1]
Client 4's s_k are:[1 0 1 0 0 1 0 1 1 1]
Client 5's s_k are:[1 0 1 0 0 0 0 0 0 0]
Client 6's s_k are:[0 0 0 0 0 1 0 1 1 0]
Client 7's s_k are:[1 0 1 1 1 1 1 0 1 0]
Client 8's s_k are:[1 1 1 1 1 1 1 1 0 1]
Client 9's s_k are:[1 1 0 1 0 1 1 0 1 0]
| Global Round : 2 | Client :0 | Local Epoch : 0 | [64/626 (11%)]	Loss1: 5.860704 Loss2: 0.000035 
| Global Round : 2 | Client :0 | Local Epoch : 1 | [64/626 (11%)]	Loss1: 5.857124 Loss2: 0.000036 
| Global Round : 2 | Client :0 | Local Epoch : 2 | [64/626 (11%)]	Loss1: 5.856105 Loss2: 0.000039 
| Global Round : 2 | Client :0 | Local Epoch : 3 | [64/626 (11%)]	Loss1: 5.857284 Loss2: 0.000035 
| Global Round : 2 | Client :0 | Local Epoch : 4 | [64/626 (11%)]	Loss1: 5.853217 Loss2: 0.000040 
| Global Round : 2 | Client :1 | Local Epoch : 0 | [64/497 (14%)]	Loss1: 5.859849 Loss2: 0.000038 
| Global Round : 2 | Client :1 | Local Epoch : 1 | [64/497 (14%)]	Loss1: 5.858753 Loss2: 0.000027 
| Global Round : 2 | Client :1 | Local Epoch : 2 | [64/497 (14%)]	Loss1: 5.858762 Loss2: 0.000023 
| Global Round : 2 | Client :1 | Local Epoch : 3 | [64/497 (14%)]	Loss1: 5.858673 Loss2: 0.000043 
| Global Round : 2 | Client :1 | Local Epoch : 4 | [64/497 (14%)]	Loss1: 5.856950 Loss2: 0.000026 
| Global Round : 2 | Client :2 | Local Epoch : 0 | [64/597 (11%)]	Loss1: 5.854724 Loss2: 0.000046 
| Global Round : 2 | Client :2 | Local Epoch : 1 | [64/597 (11%)]	Loss1: 5.853035 Loss2: 0.000061 
| Global Round : 2 | Client :2 | Local Epoch : 2 | [64/597 (11%)]	Loss1: 5.854407 Loss2: 0.000059 
| Global Round : 2 | Client :2 | Local Epoch : 3 | [64/597 (11%)]	Loss1: 5.849517 Loss2: 0.000058 
| Global Round : 2 | Client :2 | Local Epoch : 4 | [64/597 (11%)]	Loss1: 5.848954 Loss2: 0.000048 
| Global Round : 2 | Client :3 | Local Epoch : 0 | [64/605 (11%)]	Loss1: 5.858503 Loss2: 0.000026 
| Global Round : 2 | Client :3 | Local Epoch : 1 | [64/605 (11%)]	Loss1: 5.855349 Loss2: 0.000031 
| Global Round : 2 | Client :3 | Local Epoch : 2 | [64/605 (11%)]	Loss1: 5.856316 Loss2: 0.000032 
| Global Round : 2 | Client :3 | Local Epoch : 3 | [64/605 (11%)]	Loss1: 5.853128 Loss2: 0.000023 
| Global Round : 2 | Client :3 | Local Epoch : 4 | [64/605 (11%)]	Loss1: 5.849833 Loss2: 0.000032 
| Global Round : 2 | Client :4 | Local Epoch : 0 | [64/436 (17%)]	Loss1: 5.859162 Loss2: 0.000034 
| Global Round : 2 | Client :4 | Local Epoch : 1 | [64/436 (17%)]	Loss1: 5.856098 Loss2: 0.000032 
| Global Round : 2 | Client :4 | Local Epoch : 2 | [64/436 (17%)]	Loss1: 5.850942 Loss2: 0.000029 
| Global Round : 2 | Client :4 | Local Epoch : 3 | [64/436 (17%)]	Loss1: 5.852180 Loss2: 0.000034 
| Global Round : 2 | Client :4 | Local Epoch : 4 | [64/436 (17%)]	Loss1: 5.853109 Loss2: 0.000027 
| Global Round : 2 | Client :5 | Local Epoch : 0 | [64/627 (11%)]	Loss1: 5.854387 Loss2: 0.000033 
| Global Round : 2 | Client :5 | Local Epoch : 1 | [64/627 (11%)]	Loss1: 5.852849 Loss2: 0.000040 
| Global Round : 2 | Client :5 | Local Epoch : 2 | [64/627 (11%)]	Loss1: 5.853994 Loss2: 0.000046 
| Global Round : 2 | Client :5 | Local Epoch : 3 | [64/627 (11%)]	Loss1: 5.851110 Loss2: 0.000038 
| Global Round : 2 | Client :5 | Local Epoch : 4 | [64/627 (11%)]	Loss1: 5.848924 Loss2: 0.000032 
| Global Round : 2 | Client :6 | Local Epoch : 0 | [64/571 (12%)]	Loss1: 5.855281 Loss2: 0.000028 
| Global Round : 2 | Client :6 | Local Epoch : 1 | [64/571 (12%)]	Loss1: 5.856019 Loss2: 0.000023 
| Global Round : 2 | Client :6 | Local Epoch : 2 | [64/571 (12%)]	Loss1: 5.853675 Loss2: 0.000025 
| Global Round : 2 | Client :6 | Local Epoch : 3 | [64/571 (12%)]	Loss1: 5.853473 Loss2: 0.000030 
| Global Round : 2 | Client :6 | Local Epoch : 4 | [64/571 (12%)]	Loss1: 5.851399 Loss2: 0.000022 
| Global Round : 2 | Client :7 | Local Epoch : 0 | [64/665 (10%)]	Loss1: 5.859600 Loss2: 0.000027 
| Global Round : 2 | Client :7 | Local Epoch : 1 | [64/665 (10%)]	Loss1: 5.856120 Loss2: 0.000018 
| Global Round : 2 | Client :7 | Local Epoch : 2 | [64/665 (10%)]	Loss1: 5.856436 Loss2: 0.000017 
| Global Round : 2 | Client :7 | Local Epoch : 3 | [64/665 (10%)]	Loss1: 5.854896 Loss2: 0.000017 
| Global Round : 2 | Client :7 | Local Epoch : 4 | [64/665 (10%)]	Loss1: 5.849541 Loss2: 0.000022 
| Global Round : 2 | Client :8 | Local Epoch : 0 | [64/561 (12%)]	Loss1: 5.858147 Loss2: 0.000027 
| Global Round : 2 | Client :8 | Local Epoch : 1 | [64/561 (12%)]	Loss1: 5.851440 Loss2: 0.000027 
| Global Round : 2 | Client :8 | Local Epoch : 2 | [64/561 (12%)]	Loss1: 5.852130 Loss2: 0.000030 
| Global Round : 2 | Client :8 | Local Epoch : 3 | [64/561 (12%)]	Loss1: 5.851333 Loss2: 0.000027 
| Global Round : 2 | Client :8 | Local Epoch : 4 | [64/561 (12%)]	Loss1: 5.849838 Loss2: 0.000027 
| Global Round : 2 | Client :9 | Local Epoch : 0 | [64/811 (8%)]	Loss1: 5.852996 Loss2: 0.000022 
| Global Round : 2 | Client :9 | Local Epoch : 0 | [704/811 (92%)]	Loss1: 5.851132 Loss2: 0.000028 
| Global Round : 2 | Client :9 | Local Epoch : 1 | [64/811 (8%)]	Loss1: 5.854568 Loss2: 0.000023 
| Global Round : 2 | Client :9 | Local Epoch : 1 | [704/811 (92%)]	Loss1: 5.849072 Loss2: 0.000018 
| Global Round : 2 | Client :9 | Local Epoch : 2 | [64/811 (8%)]	Loss1: 5.851179 Loss2: 0.000019 
| Global Round : 2 | Client :9 | Local Epoch : 2 | [704/811 (92%)]	Loss1: 5.849361 Loss2: 0.000024 
| Global Round : 2 | Client :9 | Local Epoch : 3 | [64/811 (8%)]	Loss1: 5.850940 Loss2: 0.000021 
| Global Round : 2 | Client :9 | Local Epoch : 3 | [704/811 (92%)]	Loss1: 5.847459 Loss2: 0.000022 
| Global Round : 2 | Client :9 | Local Epoch : 4 | [64/811 (8%)]	Loss1: 5.849170 Loss2: 0.000025 
| Global Round : 2 | Client :9 | Local Epoch : 4 | [704/811 (92%)]	Loss1: 5.848204 Loss2: 0.000023 
average loss:   5.847500429683262
average local test accuracy: 0.7799479166666667
average global test accuracy:  0.443359375

 | Global Training Round : 3 |

xi_k [0.49206779 0.48235683 0.51500952 0.50878368 0.47020237 0.49073035
 0.47897547 0.51392743 0.48735716 0.50539859]
max_exp: -1.0
coe: 10
Regulation [0.8 0.8 0.8 0.8 0.8 0.8 0.8 0.8 0.8 0.8]
Solver status: optimal_inaccurate
b_new: [1. 1. 1. 1. 1. 1. 1. 1. 1. 1.]
Iter 0: obj=49.0481, best_obj=49.0481, ||b_new-b_prev||₂=2.846050
xi_k [0.49206779 0.48235683 0.51500952 0.50878368 0.47020237 0.49073035
 0.47897547 0.51392743 0.48735716 0.50539859]
max_exp: -1.0
coe: 10
Regulation [-1. -1. -1. -1. -1. -1. -1. -1. -1. -1.]
Solver status: optimal_inaccurate
b_new: [1. 1. 1. 1. 1. 1. 1. 1. 1. 1.]
Iter 1: obj=49.9481, best_obj=49.9481, ||b_new-b_prev||₂=0.000000
Converged.
Final b: [1. 1. 1. 1. 1. 1. 1. 1. 1. 1.]
<class 'numpy.ndarray'>
b_float: [1. 1. 1. 1. 1. 1. 1. 1. 1. 1.]
b: [1 1 1 1 1 1 1 1 1 1]
active_clients:  [0, 1, 2, 3, 4, 5, 6, 7, 8, 9]
Client 0's s_k are:[0 0 0 0 0 0 0 0 1 0]
Client 1's s_k are:[1 0 1 1 1 1 1 1 0 0]
Client 2's s_k are:[0 1 0 1 0 1 0 0 1 0]
Client 3's s_k are:[0 0 0 0 0 0 0 1 1 0]
Client 4's s_k are:[1 0 1 1 0 0 1 1 1 1]
Client 5's s_k are:[1 0 0 1 0 0 0 0 0 0]
Client 6's s_k are:[0 0 0 1 0 1 0 0 1 1]
Client 7's s_k are:[1 1 1 1 0 1 0 0 1 1]
Client 8's s_k are:[0 1 0 0 1 0 0 0 0 1]
Client 9's s_k are:[1 1 1 1 1 1 1 1 1 0]
| Global Round : 3 | Client :0 | Local Epoch : 0 | [64/626 (11%)]	Loss1: 5.851769 Loss2: 0.000027 
| Global Round : 3 | Client :0 | Local Epoch : 1 | [64/626 (11%)]	Loss1: 5.851565 Loss2: 0.000043 
| Global Round : 3 | Client :0 | Local Epoch : 2 | [64/626 (11%)]	Loss1: 5.852421 Loss2: 0.000029 
| Global Round : 3 | Client :0 | Local Epoch : 3 | [64/626 (11%)]	Loss1: 5.850330 Loss2: 0.000040 
| Global Round : 3 | Client :0 | Local Epoch : 4 | [64/626 (11%)]	Loss1: 5.850341 Loss2: 0.000035 
| Global Round : 3 | Client :1 | Local Epoch : 0 | [64/497 (14%)]	Loss1: 5.853654 Loss2: 0.000024 
| Global Round : 3 | Client :1 | Local Epoch : 1 | [64/497 (14%)]	Loss1: 5.856083 Loss2: 0.000025 
| Global Round : 3 | Client :1 | Local Epoch : 2 | [64/497 (14%)]	Loss1: 5.855615 Loss2: 0.000028 
| Global Round : 3 | Client :1 | Local Epoch : 3 | [64/497 (14%)]	Loss1: 5.854116 Loss2: 0.000021 
| Global Round : 3 | Client :1 | Local Epoch : 4 | [64/497 (14%)]	Loss1: 5.853246 Loss2: 0.000026 
| Global Round : 3 | Client :2 | Local Epoch : 0 | [64/597 (11%)]	Loss1: 5.849157 Loss2: 0.000024 
| Global Round : 3 | Client :2 | Local Epoch : 1 | [64/597 (11%)]	Loss1: 5.847886 Loss2: 0.000021 
| Global Round : 3 | Client :2 | Local Epoch : 2 | [64/597 (11%)]	Loss1: 5.848232 Loss2: 0.000028 
| Global Round : 3 | Client :2 | Local Epoch : 3 | [64/597 (11%)]	Loss1: 5.846567 Loss2: 0.000027 
| Global Round : 3 | Client :2 | Local Epoch : 4 | [64/597 (11%)]	Loss1: 5.846950 Loss2: 0.000028 
| Global Round : 3 | Client :3 | Local Epoch : 0 | [64/605 (11%)]	Loss1: 5.852891 Loss2: 0.000031 
| Global Round : 3 | Client :3 | Local Epoch : 1 | [64/605 (11%)]	Loss1: 5.849243 Loss2: 0.000026 
| Global Round : 3 | Client :3 | Local Epoch : 2 | [64/605 (11%)]	Loss1: 5.850185 Loss2: 0.000028 
| Global Round : 3 | Client :3 | Local Epoch : 3 | [64/605 (11%)]	Loss1: 5.850605 Loss2: 0.000031 
| Global Round : 3 | Client :3 | Local Epoch : 4 | [64/605 (11%)]	Loss1: 5.850791 Loss2: 0.000039 
| Global Round : 3 | Client :4 | Local Epoch : 0 | [64/436 (17%)]	Loss1: 5.852073 Loss2: 0.000039 
| Global Round : 3 | Client :4 | Local Epoch : 1 | [64/436 (17%)]	Loss1: 5.850650 Loss2: 0.000042 
| Global Round : 3 | Client :4 | Local Epoch : 2 | [64/436 (17%)]	Loss1: 5.849019 Loss2: 0.000041 
| Global Round : 3 | Client :4 | Local Epoch : 3 | [64/436 (17%)]	Loss1: 5.848550 Loss2: 0.000038 
| Global Round : 3 | Client :4 | Local Epoch : 4 | [64/436 (17%)]	Loss1: 5.846687 Loss2: 0.000036 
| Global Round : 3 | Client :5 | Local Epoch : 0 | [64/627 (11%)]	Loss1: 5.848456 Loss2: 0.000033 
| Global Round : 3 | Client :5 | Local Epoch : 1 | [64/627 (11%)]	Loss1: 5.850139 Loss2: 0.000038 
| Global Round : 3 | Client :5 | Local Epoch : 2 | [64/627 (11%)]	Loss1: 5.848916 Loss2: 0.000039 
| Global Round : 3 | Client :5 | Local Epoch : 3 | [64/627 (11%)]	Loss1: 5.850221 Loss2: 0.000036 
| Global Round : 3 | Client :5 | Local Epoch : 4 | [64/627 (11%)]	Loss1: 5.846483 Loss2: 0.000037 
| Global Round : 3 | Client :6 | Local Epoch : 0 | [64/571 (12%)]	Loss1: 5.850948 Loss2: 0.000032 
| Global Round : 3 | Client :6 | Local Epoch : 1 | [64/571 (12%)]	Loss1: 5.851223 Loss2: 0.000029 
| Global Round : 3 | Client :6 | Local Epoch : 2 | [64/571 (12%)]	Loss1: 5.851034 Loss2: 0.000032 
| Global Round : 3 | Client :6 | Local Epoch : 3 | [64/571 (12%)]	Loss1: 5.849607 Loss2: 0.000027 
| Global Round : 3 | Client :6 | Local Epoch : 4 | [64/571 (12%)]	Loss1: 5.845952 Loss2: 0.000030 
| Global Round : 3 | Client :7 | Local Epoch : 0 | [64/665 (10%)]	Loss1: 5.849574 Loss2: 0.000029 
| Global Round : 3 | Client :7 | Local Epoch : 1 | [64/665 (10%)]	Loss1: 5.848088 Loss2: 0.000029 
| Global Round : 3 | Client :7 | Local Epoch : 2 | [64/665 (10%)]	Loss1: 5.848207 Loss2: 0.000022 
| Global Round : 3 | Client :7 | Local Epoch : 3 | [64/665 (10%)]	Loss1: 5.848396 Loss2: 0.000026 
| Global Round : 3 | Client :7 | Local Epoch : 4 | [64/665 (10%)]	Loss1: 5.846048 Loss2: 0.000026 
| Global Round : 3 | Client :8 | Local Epoch : 0 | [64/561 (12%)]	Loss1: 5.850155 Loss2: 0.000020 
| Global Round : 3 | Client :8 | Local Epoch : 1 | [64/561 (12%)]	Loss1: 5.850198 Loss2: 0.000027 
| Global Round : 3 | Client :8 | Local Epoch : 2 | [64/561 (12%)]	Loss1: 5.849301 Loss2: 0.000020 
| Global Round : 3 | Client :8 | Local Epoch : 3 | [64/561 (12%)]	Loss1: 5.849613 Loss2: 0.000025 
| Global Round : 3 | Client :8 | Local Epoch : 4 | [64/561 (12%)]	Loss1: 5.847981 Loss2: 0.000019 
| Global Round : 3 | Client :9 | Local Epoch : 0 | [64/811 (8%)]	Loss1: 5.845243 Loss2: 0.000020 
| Global Round : 3 | Client :9 | Local Epoch : 0 | [704/811 (92%)]	Loss1: 5.847492 Loss2: 0.000020 
| Global Round : 3 | Client :9 | Local Epoch : 1 | [64/811 (8%)]	Loss1: 5.845016 Loss2: 0.000017 
| Global Round : 3 | Client :9 | Local Epoch : 1 | [704/811 (92%)]	Loss1: 5.846457 Loss2: 0.000018 
| Global Round : 3 | Client :9 | Local Epoch : 2 | [64/811 (8%)]	Loss1: 5.846855 Loss2: 0.000020 
| Global Round : 3 | Client :9 | Local Epoch : 2 | [704/811 (92%)]	Loss1: 5.846208 Loss2: 0.000026 
| Global Round : 3 | Client :9 | Local Epoch : 3 | [64/811 (8%)]	Loss1: 5.846617 Loss2: 0.000023 
| Global Round : 3 | Client :9 | Local Epoch : 3 | [704/811 (92%)]	Loss1: 5.844844 Loss2: 0.000023 
| Global Round : 3 | Client :9 | Local Epoch : 4 | [64/811 (8%)]	Loss1: 5.847206 Loss2: 0.000020 
| Global Round : 3 | Client :9 | Local Epoch : 4 | [704/811 (92%)]	Loss1: 5.846015 Loss2: 0.000024 
average loss:   5.845605181342079
average local test accuracy: 0.8109375
average global test accuracy:  0.4423177083333333

 | Global Training Round : 4 |

xi_k [0.49165164 0.48204691 0.5146625  0.50854843 0.46993607 0.49046579
 0.47865569 0.5136107  0.48717026 0.50512724]
max_exp: -1.0
coe: 10
Regulation [0.8 0.8 0.8 0.8 0.8 0.8 0.8 0.8 0.8 0.8]
Solver status: optimal_inaccurate
b_new: [1. 1. 1. 1. 1. 1. 1. 1. 1. 1.]
Iter 0: obj=49.0188, best_obj=49.0188, ||b_new-b_prev||₂=2.846050
xi_k [0.49165164 0.48204691 0.5146625  0.50854843 0.46993607 0.49046579
 0.47865569 0.5136107  0.48717026 0.50512724]
max_exp: -1.0
coe: 10
Regulation [-1. -1. -1. -1. -1. -1. -1. -1. -1. -1.]
Solver status: optimal_inaccurate
b_new: [1. 1. 1. 1. 1. 1. 1. 1. 1. 1.]
Iter 1: obj=49.9188, best_obj=49.9188, ||b_new-b_prev||₂=0.000000
Converged.
Final b: [1. 1. 1. 1. 1. 1. 1. 1. 1. 1.]
<class 'numpy.ndarray'>
b_float: [1. 1. 1. 1. 1. 1. 1. 1. 1. 1.]
b: [1 1 1 1 1 1 1 1 1 1]
active_clients:  [0, 1, 2, 3, 4, 5, 6, 7, 8, 9]
Client 0's s_k are:[0 1 0 1 0 1 1 0 0 0]
Client 1's s_k are:[0 0 0 0 1 0 1 0 0 0]
Client 2's s_k are:[1 0 0 0 0 0 1 1 1 0]
Client 3's s_k are:[0 0 0 0 1 0 0 1 0 1]
Client 4's s_k are:[1 0 0 0 0 1 0 0 1 1]
Client 5's s_k are:[1 1 1 1 1 0 0 0 1 1]
Client 6's s_k are:[0 1 1 0 1 1 0 1 1 0]
Client 7's s_k are:[0 0 0 0 1 0 0 0 0 0]
Client 8's s_k are:[1 1 0 1 1 0 0 1 0 1]
Client 9's s_k are:[1 1 1 1 1 1 1 1 1 0]
| Global Round : 4 | Client :0 | Local Epoch : 0 | [64/626 (11%)]	Loss1: 5.851314 Loss2: 0.000031 
| Global Round : 4 | Client :0 | Local Epoch : 1 | [64/626 (11%)]	Loss1: 5.848180 Loss2: 0.000025 
| Global Round : 4 | Client :0 | Local Epoch : 2 | [64/626 (11%)]	Loss1: 5.849950 Loss2: 0.000028 
| Global Round : 4 | Client :0 | Local Epoch : 3 | [64/626 (11%)]	Loss1: 5.848081 Loss2: 0.000026 
| Global Round : 4 | Client :0 | Local Epoch : 4 | [64/626 (11%)]	Loss1: 5.847386 Loss2: 0.000027 
| Global Round : 4 | Client :1 | Local Epoch : 0 | [64/497 (14%)]	Loss1: 5.853289 Loss2: 0.000029 
| Global Round : 4 | Client :1 | Local Epoch : 1 | [64/497 (14%)]	Loss1: 5.852208 Loss2: 0.000024 
| Global Round : 4 | Client :1 | Local Epoch : 2 | [64/497 (14%)]	Loss1: 5.852760 Loss2: 0.000034 
| Global Round : 4 | Client :1 | Local Epoch : 3 | [64/497 (14%)]	Loss1: 5.851532 Loss2: 0.000031 
| Global Round : 4 | Client :1 | Local Epoch : 4 | [64/497 (14%)]	Loss1: 5.852436 Loss2: 0.000030 
| Global Round : 4 | Client :2 | Local Epoch : 0 | [64/597 (11%)]	Loss1: 5.844934 Loss2: 0.000027 
| Global Round : 4 | Client :2 | Local Epoch : 1 | [64/597 (11%)]	Loss1: 5.846000 Loss2: 0.000027 
| Global Round : 4 | Client :2 | Local Epoch : 2 | [64/597 (11%)]	Loss1: 5.845769 Loss2: 0.000031 
| Global Round : 4 | Client :2 | Local Epoch : 3 | [64/597 (11%)]	Loss1: 5.848858 Loss2: 0.000033 
| Global Round : 4 | Client :2 | Local Epoch : 4 | [64/597 (11%)]	Loss1: 5.845081 Loss2: 0.000030 
| Global Round : 4 | Client :3 | Local Epoch : 0 | [64/605 (11%)]	Loss1: 5.846910 Loss2: 0.000029 
| Global Round : 4 | Client :3 | Local Epoch : 1 | [64/605 (11%)]	Loss1: 5.847906 Loss2: 0.000029 
| Global Round : 4 | Client :3 | Local Epoch : 2 | [64/605 (11%)]	Loss1: 5.848195 Loss2: 0.000033 
| Global Round : 4 | Client :3 | Local Epoch : 3 | [64/605 (11%)]	Loss1: 5.847567 Loss2: 0.000031 
| Global Round : 4 | Client :3 | Local Epoch : 4 | [64/605 (11%)]	Loss1: 5.847905 Loss2: 0.000029 
| Global Round : 4 | Client :4 | Local Epoch : 0 | [64/436 (17%)]	Loss1: 5.847079 Loss2: 0.000044 
| Global Round : 4 | Client :4 | Local Epoch : 1 | [64/436 (17%)]	Loss1: 5.847927 Loss2: 0.000048 
| Global Round : 4 | Client :4 | Local Epoch : 2 | [64/436 (17%)]	Loss1: 5.848081 Loss2: 0.000039 
| Global Round : 4 | Client :4 | Local Epoch : 3 | [64/436 (17%)]	Loss1: 5.846018 Loss2: 0.000041 
| Global Round : 4 | Client :4 | Local Epoch : 4 | [64/436 (17%)]	Loss1: 5.844965 Loss2: 0.000042 
| Global Round : 4 | Client :5 | Local Epoch : 0 | [64/627 (11%)]	Loss1: 5.847864 Loss2: 0.000037 
| Global Round : 4 | Client :5 | Local Epoch : 1 | [64/627 (11%)]	Loss1: 5.846369 Loss2: 0.000032 
| Global Round : 4 | Client :5 | Local Epoch : 2 | [64/627 (11%)]	Loss1: 5.847794 Loss2: 0.000036 
| Global Round : 4 | Client :5 | Local Epoch : 3 | [64/627 (11%)]	Loss1: 5.846920 Loss2: 0.000031 
| Global Round : 4 | Client :5 | Local Epoch : 4 | [64/627 (11%)]	Loss1: 5.847666 Loss2: 0.000035 
| Global Round : 4 | Client :6 | Local Epoch : 0 | [64/571 (12%)]	Loss1: 5.847323 Loss2: 0.000020 
| Global Round : 4 | Client :6 | Local Epoch : 1 | [64/571 (12%)]	Loss1: 5.848786 Loss2: 0.000022 
| Global Round : 4 | Client :6 | Local Epoch : 2 | [64/571 (12%)]	Loss1: 5.847041 Loss2: 0.000024 
| Global Round : 4 | Client :6 | Local Epoch : 3 | [64/571 (12%)]	Loss1: 5.846531 Loss2: 0.000026 
| Global Round : 4 | Client :6 | Local Epoch : 4 | [64/571 (12%)]	Loss1: 5.845916 Loss2: 0.000022 
| Global Round : 4 | Client :7 | Local Epoch : 0 | [64/665 (10%)]	Loss1: 5.848300 Loss2: 0.000046 
| Global Round : 4 | Client :7 | Local Epoch : 1 | [64/665 (10%)]	Loss1: 5.845062 Loss2: 0.000050 
| Global Round : 4 | Client :7 | Local Epoch : 2 | [64/665 (10%)]	Loss1: 5.845622 Loss2: 0.000052 
| Global Round : 4 | Client :7 | Local Epoch : 3 | [64/665 (10%)]	Loss1: 5.847955 Loss2: 0.000043 
| Global Round : 4 | Client :7 | Local Epoch : 4 | [64/665 (10%)]	Loss1: 5.845313 Loss2: 0.000045 
| Global Round : 4 | Client :8 | Local Epoch : 0 | [64/561 (12%)]	Loss1: 5.848277 Loss2: 0.000022 
| Global Round : 4 | Client :8 | Local Epoch : 1 | [64/561 (12%)]	Loss1: 5.848464 Loss2: 0.000022 
| Global Round : 4 | Client :8 | Local Epoch : 2 | [64/561 (12%)]	Loss1: 5.847681 Loss2: 0.000022 
| Global Round : 4 | Client :8 | Local Epoch : 3 | [64/561 (12%)]	Loss1: 5.846981 Loss2: 0.000029 
| Global Round : 4 | Client :8 | Local Epoch : 4 | [64/561 (12%)]	Loss1: 5.847970 Loss2: 0.000021 
| Global Round : 4 | Client :9 | Local Epoch : 0 | [64/811 (8%)]	Loss1: 5.845212 Loss2: 0.000020 
| Global Round : 4 | Client :9 | Local Epoch : 0 | [704/811 (92%)]	Loss1: 5.845092 Loss2: 0.000023 
| Global Round : 4 | Client :9 | Local Epoch : 1 | [64/811 (8%)]	Loss1: 5.846113 Loss2: 0.000026 
| Global Round : 4 | Client :9 | Local Epoch : 1 | [704/811 (92%)]	Loss1: 5.845537 Loss2: 0.000027 
| Global Round : 4 | Client :9 | Local Epoch : 2 | [64/811 (8%)]	Loss1: 5.845396 Loss2: 0.000023 
| Global Round : 4 | Client :9 | Local Epoch : 2 | [704/811 (92%)]	Loss1: 5.845706 Loss2: 0.000026 
| Global Round : 4 | Client :9 | Local Epoch : 3 | [64/811 (8%)]	Loss1: 5.846991 Loss2: 0.000021 
| Global Round : 4 | Client :9 | Local Epoch : 3 | [704/811 (92%)]	Loss1: 5.843069 Loss2: 0.000028 
| Global Round : 4 | Client :9 | Local Epoch : 4 | [64/811 (8%)]	Loss1: 5.844133 Loss2: 0.000022 
| Global Round : 4 | Client :9 | Local Epoch : 4 | [704/811 (92%)]	Loss1: 5.845605 Loss2: 0.000028 
average loss:   5.844135551074194
average local test accuracy: 0.82578125
average global test accuracy:  0.480859375

 | Global Training Round : 5 |

xi_k [0.49124861 0.48164098 0.51451614 0.50829298 0.46979136 0.49020705
 0.47838757 0.51336944 0.48698613 0.50492809]
max_exp: -1.0
coe: 10
Regulation [0.8 0.8 0.8 0.8 0.8 0.8 0.8 0.8 0.8 0.8]
Solver status: optimal_inaccurate
b_new: [1. 1. 1. 1. 1. 1. 1. 1. 1. 1.]
Iter 0: obj=48.9937, best_obj=48.9937, ||b_new-b_prev||₂=2.846050
xi_k [0.49124861 0.48164098 0.51451614 0.50829298 0.46979136 0.49020705
 0.47838757 0.51336944 0.48698613 0.50492809]
max_exp: -1.0
coe: 10
Regulation [-1. -1. -1. -1. -1. -1. -1. -1. -1. -1.]
Solver status: optimal_inaccurate
b_new: [1. 1. 1. 1. 1. 1. 1. 1. 1. 1.]
Iter 1: obj=49.8937, best_obj=49.8937, ||b_new-b_prev||₂=0.000000
Converged.
Final b: [1. 1. 1. 1. 1. 1. 1. 1. 1. 1.]
<class 'numpy.ndarray'>
b_float: [1. 1. 1. 1. 1. 1. 1. 1. 1. 1.]
b: [1 1 1 1 1 1 1 1 1 1]
active_clients:  [0, 1, 2, 3, 4, 5, 6, 7, 8, 9]
Client 0's s_k are:[0 0 1 0 0 1 0 1 1 0]
Client 1's s_k are:[1 0 1 1 1 1 1 1 1 1]
Client 2's s_k are:[1 1 0 1 1 1 1 1 1 1]
Client 3's s_k are:[1 1 1 0 0 1 0 0 1 1]
Client 4's s_k are:[1 1 1 1 0 1 1 1 1 1]
Client 5's s_k are:[0 0 0 0 1 0 0 0 0 1]
Client 6's s_k are:[1 0 0 0 1 0 0 1 1 1]
Client 7's s_k are:[0 0 0 0 1 0 0 0 0 0]
Client 8's s_k are:[0 1 0 1 0 0 0 1 0 1]
Client 9's s_k are:[1 1 1 1 1 1 1 1 0 0]
| Global Round : 5 | Client :0 | Local Epoch : 0 | [64/626 (11%)]	Loss1: 5.849248 Loss2: 0.000030 
| Global Round : 5 | Client :0 | Local Epoch : 1 | [64/626 (11%)]	Loss1: 5.846977 Loss2: 0.000036 
| Global Round : 5 | Client :0 | Local Epoch : 2 | [64/626 (11%)]	Loss1: 5.846902 Loss2: 0.000031 
| Global Round : 5 | Client :0 | Local Epoch : 3 | [64/626 (11%)]	Loss1: 5.849126 Loss2: 0.000030 
| Global Round : 5 | Client :0 | Local Epoch : 4 | [64/626 (11%)]	Loss1: 5.847660 Loss2: 0.000028 
| Global Round : 5 | Client :1 | Local Epoch : 0 | [64/497 (14%)]	Loss1: 5.850795 Loss2: 0.000035 
| Global Round : 5 | Client :1 | Local Epoch : 1 | [64/497 (14%)]	Loss1: 5.852078 Loss2: 0.000031 
| Global Round : 5 | Client :1 | Local Epoch : 2 | [64/497 (14%)]	Loss1: 5.850734 Loss2: 0.000033 
| Global Round : 5 | Client :1 | Local Epoch : 3 | [64/497 (14%)]	Loss1: 5.851363 Loss2: 0.000032 
| Global Round : 5 | Client :1 | Local Epoch : 4 | [64/497 (14%)]	Loss1: 5.847772 Loss2: 0.000032 
| Global Round : 5 | Client :2 | Local Epoch : 0 | [64/597 (11%)]	Loss1: 5.844100 Loss2: 0.000022 
| Global Round : 5 | Client :2 | Local Epoch : 1 | [64/597 (11%)]	Loss1: 5.844665 Loss2: 0.000023 
| Global Round : 5 | Client :2 | Local Epoch : 2 | [64/597 (11%)]	Loss1: 5.844836 Loss2: 0.000027 
| Global Round : 5 | Client :2 | Local Epoch : 3 | [64/597 (11%)]	Loss1: 5.845199 Loss2: 0.000022 
| Global Round : 5 | Client :2 | Local Epoch : 4 | [64/597 (11%)]	Loss1: 5.844279 Loss2: 0.000026 
| Global Round : 5 | Client :3 | Local Epoch : 0 | [64/605 (11%)]	Loss1: 5.845897 Loss2: 0.000021 
| Global Round : 5 | Client :3 | Local Epoch : 1 | [64/605 (11%)]	Loss1: 5.847124 Loss2: 0.000017 
| Global Round : 5 | Client :3 | Local Epoch : 2 | [64/605 (11%)]	Loss1: 5.847351 Loss2: 0.000024 
| Global Round : 5 | Client :3 | Local Epoch : 3 | [64/605 (11%)]	Loss1: 5.845274 Loss2: 0.000021 
| Global Round : 5 | Client :3 | Local Epoch : 4 | [64/605 (11%)]	Loss1: 5.847848 Loss2: 0.000021 
| Global Round : 5 | Client :4 | Local Epoch : 0 | [64/436 (17%)]	Loss1: 5.847272 Loss2: 0.000039 
| Global Round : 5 | Client :4 | Local Epoch : 1 | [64/436 (17%)]	Loss1: 5.846061 Loss2: 0.000041 
| Global Round : 5 | Client :4 | Local Epoch : 2 | [64/436 (17%)]	Loss1: 5.844379 Loss2: 0.000040 
| Global Round : 5 | Client :4 | Local Epoch : 3 | [64/436 (17%)]	Loss1: 5.843709 Loss2: 0.000043 
| Global Round : 5 | Client :4 | Local Epoch : 4 | [64/436 (17%)]	Loss1: 5.842979 Loss2: 0.000040 
| Global Round : 5 | Client :5 | Local Epoch : 0 | [64/627 (11%)]	Loss1: 5.846180 Loss2: 0.000040 
| Global Round : 5 | Client :5 | Local Epoch : 1 | [64/627 (11%)]	Loss1: 5.846206 Loss2: 0.000042 
| Global Round : 5 | Client :5 | Local Epoch : 2 | [64/627 (11%)]	Loss1: 5.845226 Loss2: 0.000042 
| Global Round : 5 | Client :5 | Local Epoch : 3 | [64/627 (11%)]	Loss1: 5.845728 Loss2: 0.000043 
| Global Round : 5 | Client :5 | Local Epoch : 4 | [64/627 (11%)]	Loss1: 5.845488 Loss2: 0.000039 
| Global Round : 5 | Client :6 | Local Epoch : 0 | [64/571 (12%)]	Loss1: 5.846343 Loss2: 0.000019 
| Global Round : 5 | Client :6 | Local Epoch : 1 | [64/571 (12%)]	Loss1: 5.844963 Loss2: 0.000023 
| Global Round : 5 | Client :6 | Local Epoch : 2 | [64/571 (12%)]	Loss1: 5.845897 Loss2: 0.000020 
| Global Round : 5 | Client :6 | Local Epoch : 3 | [64/571 (12%)]	Loss1: 5.844927 Loss2: 0.000021 
| Global Round : 5 | Client :6 | Local Epoch : 4 | [64/571 (12%)]	Loss1: 5.845175 Loss2: 0.000019 
| Global Round : 5 | Client :7 | Local Epoch : 0 | [64/665 (10%)]	Loss1: 5.845361 Loss2: 0.000054 
| Global Round : 5 | Client :7 | Local Epoch : 1 | [64/665 (10%)]	Loss1: 5.845470 Loss2: 0.000043 
| Global Round : 5 | Client :7 | Local Epoch : 2 | [64/665 (10%)]	Loss1: 5.845575 Loss2: 0.000043 
| Global Round : 5 | Client :7 | Local Epoch : 3 | [64/665 (10%)]	Loss1: 5.843662 Loss2: 0.000050 
| Global Round : 5 | Client :7 | Local Epoch : 4 | [64/665 (10%)]	Loss1: 5.846000 Loss2: 0.000045 
| Global Round : 5 | Client :8 | Local Epoch : 0 | [64/561 (12%)]	Loss1: 5.847274 Loss2: 0.000028 
| Global Round : 5 | Client :8 | Local Epoch : 1 | [64/561 (12%)]	Loss1: 5.845506 Loss2: 0.000026 
| Global Round : 5 | Client :8 | Local Epoch : 2 | [64/561 (12%)]	Loss1: 5.848107 Loss2: 0.000024 
| Global Round : 5 | Client :8 | Local Epoch : 3 | [64/561 (12%)]	Loss1: 5.846099 Loss2: 0.000023 
| Global Round : 5 | Client :8 | Local Epoch : 4 | [64/561 (12%)]	Loss1: 5.845309 Loss2: 0.000028 
| Global Round : 5 | Client :9 | Local Epoch : 0 | [64/811 (8%)]	Loss1: 5.845039 Loss2: 0.000025 
| Global Round : 5 | Client :9 | Local Epoch : 0 | [704/811 (92%)]	Loss1: 5.845542 Loss2: 0.000028 
| Global Round : 5 | Client :9 | Local Epoch : 1 | [64/811 (8%)]	Loss1: 5.843810 Loss2: 0.000023 
| Global Round : 5 | Client :9 | Local Epoch : 1 | [704/811 (92%)]	Loss1: 5.843159 Loss2: 0.000028 
| Global Round : 5 | Client :9 | Local Epoch : 2 | [64/811 (8%)]	Loss1: 5.843595 Loss2: 0.000027 
| Global Round : 5 | Client :9 | Local Epoch : 2 | [704/811 (92%)]	Loss1: 5.842311 Loss2: 0.000032 
| Global Round : 5 | Client :9 | Local Epoch : 3 | [64/811 (8%)]	Loss1: 5.843778 Loss2: 0.000029 
| Global Round : 5 | Client :9 | Local Epoch : 3 | [704/811 (92%)]	Loss1: 5.844634 Loss2: 0.000030 
| Global Round : 5 | Client :9 | Local Epoch : 4 | [64/811 (8%)]	Loss1: 5.843484 Loss2: 0.000023 
| Global Round : 5 | Client :9 | Local Epoch : 4 | [704/811 (92%)]	Loss1: 5.844496 Loss2: 0.000032 
average loss:   5.843393700709418
average local test accuracy: 0.8317708333333332
average global test accuracy:  0.4833333333333333

 | Global Training Round : 6 |

xi_k [0.49112093 0.48151968 0.5144458  0.50805017 0.46968173 0.49001322
 0.47824111 0.51325206 0.48686661 0.50480399]
max_exp: -1.0
coe: 10
Regulation [0.8 0.8 0.8 0.8 0.8 0.8 0.8 0.8 0.8 0.8]
Solver status: optimal_inaccurate
b_new: [1. 1. 1. 1. 1. 1. 1. 1. 1. 1.]
Iter 0: obj=48.9800, best_obj=48.9800, ||b_new-b_prev||₂=2.846050
xi_k [0.49112093 0.48151968 0.5144458  0.50805017 0.46968173 0.49001322
 0.47824111 0.51325206 0.48686661 0.50480399]
max_exp: -1.0
coe: 10
Regulation [-1. -1. -1. -1. -1. -1. -1. -1. -1. -1.]
Solver status: optimal_inaccurate
b_new: [1. 1. 1. 1. 1. 1. 1. 1. 1. 1.]
Iter 1: obj=49.8800, best_obj=49.8800, ||b_new-b_prev||₂=0.000000
Converged.
Final b: [1. 1. 1. 1. 1. 1. 1. 1. 1. 1.]
<class 'numpy.ndarray'>
b_float: [1. 1. 1. 1. 1. 1. 1. 1. 1. 1.]
b: [1 1 1 1 1 1 1 1 1 1]
active_clients:  [0, 1, 2, 3, 4, 5, 6, 7, 8, 9]
Client 0's s_k are:[0 1 1 0 1 1 0 0 0 1]
Client 1's s_k are:[1 0 1 0 1 1 0 1 0 1]
Client 2's s_k are:[1 1 0 1 1 0 1 1 1 1]
Client 3's s_k are:[1 1 1 0 1 0 1 0 0 1]
Client 4's s_k are:[1 0 1 0 0 1 1 0 0 0]
Client 5's s_k are:[1 1 0 1 0 0 0 1 0 1]
Client 6's s_k are:[0 1 1 0 1 1 0 1 1 0]
Client 7's s_k are:[0 0 1 1 0 0 0 0 0 1]
Client 8's s_k are:[0 0 1 0 1 1 1 0 0 1]
Client 9's s_k are:[0 1 0 1 1 1 1 1 1 0]
| Global Round : 6 | Client :0 | Local Epoch : 0 | [64/626 (11%)]	Loss1: 5.847446 Loss2: 0.000036 
| Global Round : 6 | Client :0 | Local Epoch : 1 | [64/626 (11%)]	Loss1: 5.849632 Loss2: 0.000030 
| Global Round : 6 | Client :0 | Local Epoch : 2 | [64/626 (11%)]	Loss1: 5.846478 Loss2: 0.000037 
| Global Round : 6 | Client :0 | Local Epoch : 3 | [64/626 (11%)]	Loss1: 5.846906 Loss2: 0.000037 
| Global Round : 6 | Client :0 | Local Epoch : 4 | [64/626 (11%)]	Loss1: 5.846776 Loss2: 0.000029 
| Global Round : 6 | Client :1 | Local Epoch : 0 | [64/497 (14%)]	Loss1: 5.850656 Loss2: 0.000035 
| Global Round : 6 | Client :1 | Local Epoch : 1 | [64/497 (14%)]	Loss1: 5.849627 Loss2: 0.000039 
| Global Round : 6 | Client :1 | Local Epoch : 2 | [64/497 (14%)]	Loss1: 5.849014 Loss2: 0.000038 
| Global Round : 6 | Client :1 | Local Epoch : 3 | [64/497 (14%)]	Loss1: 5.849113 Loss2: 0.000043 
| Global Round : 6 | Client :1 | Local Epoch : 4 | [64/497 (14%)]	Loss1: 5.848873 Loss2: 0.000050 
| Global Round : 6 | Client :2 | Local Epoch : 0 | [64/597 (11%)]	Loss1: 5.844272 Loss2: 0.000021 
| Global Round : 6 | Client :2 | Local Epoch : 1 | [64/597 (11%)]	Loss1: 5.843925 Loss2: 0.000025 
| Global Round : 6 | Client :2 | Local Epoch : 2 | [64/597 (11%)]	Loss1: 5.842914 Loss2: 0.000028 
| Global Round : 6 | Client :2 | Local Epoch : 3 | [64/597 (11%)]	Loss1: 5.844105 Loss2: 0.000026 
| Global Round : 6 | Client :2 | Local Epoch : 4 | [64/597 (11%)]	Loss1: 5.845542 Loss2: 0.000022 
| Global Round : 6 | Client :3 | Local Epoch : 0 | [64/605 (11%)]	Loss1: 5.846348 Loss2: 0.000025 
| Global Round : 6 | Client :3 | Local Epoch : 1 | [64/605 (11%)]	Loss1: 5.845197 Loss2: 0.000024 
| Global Round : 6 | Client :3 | Local Epoch : 2 | [64/605 (11%)]	Loss1: 5.847700 Loss2: 0.000023 
| Global Round : 6 | Client :3 | Local Epoch : 3 | [64/605 (11%)]	Loss1: 5.845722 Loss2: 0.000024 
| Global Round : 6 | Client :3 | Local Epoch : 4 | [64/605 (11%)]	Loss1: 5.843921 Loss2: 0.000026 
| Global Round : 6 | Client :4 | Local Epoch : 0 | [64/436 (17%)]	Loss1: 5.844051 Loss2: 0.000042 
| Global Round : 6 | Client :4 | Local Epoch : 1 | [64/436 (17%)]	Loss1: 5.844850 Loss2: 0.000047 
| Global Round : 6 | Client :4 | Local Epoch : 2 | [64/436 (17%)]	Loss1: 5.846594 Loss2: 0.000057 
| Global Round : 6 | Client :4 | Local Epoch : 3 | [64/436 (17%)]	Loss1: 5.846072 Loss2: 0.000044 
| Global Round : 6 | Client :4 | Local Epoch : 4 | [64/436 (17%)]	Loss1: 5.844750 Loss2: 0.000052 
| Global Round : 6 | Client :5 | Local Epoch : 0 | [64/627 (11%)]	Loss1: 5.843641 Loss2: 0.000033 
| Global Round : 6 | Client :5 | Local Epoch : 1 | [64/627 (11%)]	Loss1: 5.845463 Loss2: 0.000034 
| Global Round : 6 | Client :5 | Local Epoch : 2 | [64/627 (11%)]	Loss1: 5.846119 Loss2: 0.000035 
| Global Round : 6 | Client :5 | Local Epoch : 3 | [64/627 (11%)]	Loss1: 5.846437 Loss2: 0.000034 
| Global Round : 6 | Client :5 | Local Epoch : 4 | [64/627 (11%)]	Loss1: 5.843778 Loss2: 0.000039 
| Global Round : 6 | Client :6 | Local Epoch : 0 | [64/571 (12%)]	Loss1: 5.846992 Loss2: 0.000022 
| Global Round : 6 | Client :6 | Local Epoch : 1 | [64/571 (12%)]	Loss1: 5.846054 Loss2: 0.000021 
| Global Round : 6 | Client :6 | Local Epoch : 2 | [64/571 (12%)]	Loss1: 5.844681 Loss2: 0.000024 
| Global Round : 6 | Client :6 | Local Epoch : 3 | [64/571 (12%)]	Loss1: 5.843410 Loss2: 0.000025 
| Global Round : 6 | Client :6 | Local Epoch : 4 | [64/571 (12%)]	Loss1: 5.844219 Loss2: 0.000027 
| Global Round : 6 | Client :7 | Local Epoch : 0 | [64/665 (10%)]	Loss1: 5.845699 Loss2: 0.000033 
| Global Round : 6 | Client :7 | Local Epoch : 1 | [64/665 (10%)]	Loss1: 5.843775 Loss2: 0.000031 
| Global Round : 6 | Client :7 | Local Epoch : 2 | [64/665 (10%)]	Loss1: 5.845953 Loss2: 0.000032 
| Global Round : 6 | Client :7 | Local Epoch : 3 | [64/665 (10%)]	Loss1: 5.846391 Loss2: 0.000037 
| Global Round : 6 | Client :7 | Local Epoch : 4 | [64/665 (10%)]	Loss1: 5.844452 Loss2: 0.000034 
| Global Round : 6 | Client :8 | Local Epoch : 0 | [64/561 (12%)]	Loss1: 5.844323 Loss2: 0.000029 
| Global Round : 6 | Client :8 | Local Epoch : 1 | [64/561 (12%)]	Loss1: 5.845835 Loss2: 0.000038 
| Global Round : 6 | Client :8 | Local Epoch : 2 | [64/561 (12%)]	Loss1: 5.845849 Loss2: 0.000027 
| Global Round : 6 | Client :8 | Local Epoch : 3 | [64/561 (12%)]	Loss1: 5.845395 Loss2: 0.000026 
| Global Round : 6 | Client :8 | Local Epoch : 4 | [64/561 (12%)]	Loss1: 5.844799 Loss2: 0.000025 
| Global Round : 6 | Client :9 | Local Epoch : 0 | [64/811 (8%)]	Loss1: 5.842134 Loss2: 0.000032 
| Global Round : 6 | Client :9 | Local Epoch : 0 | [704/811 (92%)]	Loss1: 5.842250 Loss2: 0.000030 
| Global Round : 6 | Client :9 | Local Epoch : 1 | [64/811 (8%)]	Loss1: 5.844709 Loss2: 0.000029 
| Global Round : 6 | Client :9 | Local Epoch : 1 | [704/811 (92%)]	Loss1: 5.844508 Loss2: 0.000030 
| Global Round : 6 | Client :9 | Local Epoch : 2 | [64/811 (8%)]	Loss1: 5.844039 Loss2: 0.000027 
| Global Round : 6 | Client :9 | Local Epoch : 2 | [704/811 (92%)]	Loss1: 5.842351 Loss2: 0.000028 
| Global Round : 6 | Client :9 | Local Epoch : 3 | [64/811 (8%)]	Loss1: 5.841574 Loss2: 0.000030 
| Global Round : 6 | Client :9 | Local Epoch : 3 | [704/811 (92%)]	Loss1: 5.842714 Loss2: 0.000026 
| Global Round : 6 | Client :9 | Local Epoch : 4 | [64/811 (8%)]	Loss1: 5.842575 Loss2: 0.000026 
| Global Round : 6 | Client :9 | Local Epoch : 4 | [704/811 (92%)]	Loss1: 5.842847 Loss2: 0.000028 
average loss:   5.842721218797896
average local test accuracy: 0.84453125
average global test accuracy:  0.4884114583333333

 | Global Training Round : 7 |

xi_k [0.49096701 0.48135331 0.51429867 0.50790895 0.46956233 0.48988253
 0.47827849 0.51313584 0.48682473 0.50477022]
max_exp: -1.0
coe: 10
Regulation [0.8 0.8 0.8 0.8 0.8 0.8 0.8 0.8 0.8 0.8]
Solver status: optimal_inaccurate
b_new: [1. 1. 1. 1. 1. 1. 1. 1. 1. 1.]
Iter 0: obj=48.9698, best_obj=48.9698, ||b_new-b_prev||₂=2.846050
xi_k [0.49096701 0.48135331 0.51429867 0.50790895 0.46956233 0.48988253
 0.47827849 0.51313584 0.48682473 0.50477022]
max_exp: -1.0
coe: 10
Regulation [-1. -1. -1. -1. -1. -1. -1. -1. -1. -1.]
Solver status: optimal_inaccurate
b_new: [1. 1. 1. 1. 1. 1. 1. 1. 1. 1.]
Iter 1: obj=49.8698, best_obj=49.8698, ||b_new-b_prev||₂=0.000000
Converged.
Final b: [1. 1. 1. 1. 1. 1. 1. 1. 1. 1.]
<class 'numpy.ndarray'>
b_float: [1. 1. 1. 1. 1. 1. 1. 1. 1. 1.]
b: [1 1 1 1 1 1 1 1 1 1]
active_clients:  [0, 1, 2, 3, 4, 5, 6, 7, 8, 9]
Client 0's s_k are:[0 0 1 0 1 1 1 0 0 0]
Client 1's s_k are:[0 0 1 1 0 0 1 1 1 1]
Client 2's s_k are:[0 1 0 1 1 1 1 1 0 1]
Client 3's s_k are:[1 0 0 0 0 0 1 1 1 0]
Client 4's s_k are:[1 0 0 1 0 1 1 1 0 1]
Client 5's s_k are:[0 0 1 0 0 0 0 0 1 0]
Client 6's s_k are:[0 0 1 0 1 1 0 0 0 0]
Client 7's s_k are:[0 0 0 0 0 0 1 0 1 0]
Client 8's s_k are:[0 1 1 1 1 1 1 1 0 0]
Client 9's s_k are:[1 0 0 0 0 0 1 0 0 0]
| Global Round : 7 | Client :0 | Local Epoch : 0 | [64/626 (11%)]	Loss1: 5.845894 Loss2: 0.000031 
| Global Round : 7 | Client :0 | Local Epoch : 1 | [64/626 (11%)]	Loss1: 5.846551 Loss2: 0.000035 
| Global Round : 7 | Client :0 | Local Epoch : 2 | [64/626 (11%)]	Loss1: 5.846601 Loss2: 0.000029 
| Global Round : 7 | Client :0 | Local Epoch : 3 | [64/626 (11%)]	Loss1: 5.847686 Loss2: 0.000031 
| Global Round : 7 | Client :0 | Local Epoch : 4 | [64/626 (11%)]	Loss1: 5.846034 Loss2: 0.000033 
| Global Round : 7 | Client :1 | Local Epoch : 0 | [64/497 (14%)]	Loss1: 5.846752 Loss2: 0.000038 
| Global Round : 7 | Client :1 | Local Epoch : 1 | [64/497 (14%)]	Loss1: 5.846655 Loss2: 0.000046 
| Global Round : 7 | Client :1 | Local Epoch : 2 | [64/497 (14%)]	Loss1: 5.845593 Loss2: 0.000036 
| Global Round : 7 | Client :1 | Local Epoch : 3 | [64/497 (14%)]	Loss1: 5.846502 Loss2: 0.000043 
| Global Round : 7 | Client :1 | Local Epoch : 4 | [64/497 (14%)]	Loss1: 5.845763 Loss2: 0.000039 
| Global Round : 7 | Client :2 | Local Epoch : 0 | [64/597 (11%)]	Loss1: 5.843558 Loss2: 0.000020 
| Global Round : 7 | Client :2 | Local Epoch : 1 | [64/597 (11%)]	Loss1: 5.842971 Loss2: 0.000025 
| Global Round : 7 | Client :2 | Local Epoch : 2 | [64/597 (11%)]	Loss1: 5.842732 Loss2: 0.000022 
| Global Round : 7 | Client :2 | Local Epoch : 3 | [64/597 (11%)]	Loss1: 5.842440 Loss2: 0.000017 
| Global Round : 7 | Client :2 | Local Epoch : 4 | [64/597 (11%)]	Loss1: 5.842693 Loss2: 0.000024 
| Global Round : 7 | Client :3 | Local Epoch : 0 | [64/605 (11%)]	Loss1: 5.846682 Loss2: 0.000031 
| Global Round : 7 | Client :3 | Local Epoch : 1 | [64/605 (11%)]	Loss1: 5.846635 Loss2: 0.000029 
| Global Round : 7 | Client :3 | Local Epoch : 2 | [64/605 (11%)]	Loss1: 5.847824 Loss2: 0.000028 
| Global Round : 7 | Client :3 | Local Epoch : 3 | [64/605 (11%)]	Loss1: 5.844833 Loss2: 0.000026 
| Global Round : 7 | Client :3 | Local Epoch : 4 | [64/605 (11%)]	Loss1: 5.843379 Loss2: 0.000029 
| Global Round : 7 | Client :4 | Local Epoch : 0 | [64/436 (17%)]	Loss1: 5.843666 Loss2: 0.000040 
| Global Round : 7 | Client :4 | Local Epoch : 1 | [64/436 (17%)]	Loss1: 5.846482 Loss2: 0.000044 
| Global Round : 7 | Client :4 | Local Epoch : 2 | [64/436 (17%)]	Loss1: 5.845173 Loss2: 0.000046 
| Global Round : 7 | Client :4 | Local Epoch : 3 | [64/436 (17%)]	Loss1: 5.842148 Loss2: 0.000043 
| Global Round : 7 | Client :4 | Local Epoch : 4 | [64/436 (17%)]	Loss1: 5.844753 Loss2: 0.000043 
| Global Round : 7 | Client :5 | Local Epoch : 0 | [64/627 (11%)]	Loss1: 5.844667 Loss2: 0.000033 
| Global Round : 7 | Client :5 | Local Epoch : 1 | [64/627 (11%)]	Loss1: 5.843885 Loss2: 0.000033 
| Global Round : 7 | Client :5 | Local Epoch : 2 | [64/627 (11%)]	Loss1: 5.844480 Loss2: 0.000036 
| Global Round : 7 | Client :5 | Local Epoch : 3 | [64/627 (11%)]	Loss1: 5.844336 Loss2: 0.000037 
| Global Round : 7 | Client :5 | Local Epoch : 4 | [64/627 (11%)]	Loss1: 5.843365 Loss2: 0.000031 
| Global Round : 7 | Client :6 | Local Epoch : 0 | [64/571 (12%)]	Loss1: 5.844610 Loss2: 0.000025 
| Global Round : 7 | Client :6 | Local Epoch : 1 | [64/571 (12%)]	Loss1: 5.842496 Loss2: 0.000030 
| Global Round : 7 | Client :6 | Local Epoch : 2 | [64/571 (12%)]	Loss1: 5.844873 Loss2: 0.000028 
| Global Round : 7 | Client :6 | Local Epoch : 3 | [64/571 (12%)]	Loss1: 5.845603 Loss2: 0.000035 
| Global Round : 7 | Client :6 | Local Epoch : 4 | [64/571 (12%)]	Loss1: 5.843997 Loss2: 0.000030 
| Global Round : 7 | Client :7 | Local Epoch : 0 | [64/665 (10%)]	Loss1: 5.844057 Loss2: 0.000026 
| Global Round : 7 | Client :7 | Local Epoch : 1 | [64/665 (10%)]	Loss1: 5.844386 Loss2: 0.000026 
| Global Round : 7 | Client :7 | Local Epoch : 2 | [64/665 (10%)]	Loss1: 5.844701 Loss2: 0.000025 
| Global Round : 7 | Client :7 | Local Epoch : 3 | [64/665 (10%)]	Loss1: 5.843673 Loss2: 0.000026 
| Global Round : 7 | Client :7 | Local Epoch : 4 | [64/665 (10%)]	Loss1: 5.843938 Loss2: 0.000026 
| Global Round : 7 | Client :8 | Local Epoch : 0 | [64/561 (12%)]	Loss1: 5.845123 Loss2: 0.000028 
| Global Round : 7 | Client :8 | Local Epoch : 1 | [64/561 (12%)]	Loss1: 5.845031 Loss2: 0.000031 
| Global Round : 7 | Client :8 | Local Epoch : 2 | [64/561 (12%)]	Loss1: 5.843015 Loss2: 0.000028 
| Global Round : 7 | Client :8 | Local Epoch : 3 | [64/561 (12%)]	Loss1: 5.844747 Loss2: 0.000031 
| Global Round : 7 | Client :8 | Local Epoch : 4 | [64/561 (12%)]	Loss1: 5.843709 Loss2: 0.000028 
| Global Round : 7 | Client :9 | Local Epoch : 0 | [64/811 (8%)]	Loss1: 5.842208 Loss2: 0.000036 
| Global Round : 7 | Client :9 | Local Epoch : 0 | [704/811 (92%)]	Loss1: 5.842926 Loss2: 0.000046 
| Global Round : 7 | Client :9 | Local Epoch : 1 | [64/811 (8%)]	Loss1: 5.841654 Loss2: 0.000039 
| Global Round : 7 | Client :9 | Local Epoch : 1 | [704/811 (92%)]	Loss1: 5.843724 Loss2: 0.000046 
| Global Round : 7 | Client :9 | Local Epoch : 2 | [64/811 (8%)]	Loss1: 5.843146 Loss2: 0.000035 
| Global Round : 7 | Client :9 | Local Epoch : 2 | [704/811 (92%)]	Loss1: 5.842387 Loss2: 0.000048 
| Global Round : 7 | Client :9 | Local Epoch : 3 | [64/811 (8%)]	Loss1: 5.845356 Loss2: 0.000036 
| Global Round : 7 | Client :9 | Local Epoch : 3 | [704/811 (92%)]	Loss1: 5.845392 Loss2: 0.000042 
| Global Round : 7 | Client :9 | Local Epoch : 4 | [64/811 (8%)]	Loss1: 5.842638 Loss2: 0.000031 
| Global Round : 7 | Client :9 | Local Epoch : 4 | [704/811 (92%)]	Loss1: 5.842404 Loss2: 0.000049 
average loss:   5.842052380603457
average local test accuracy: 0.8481770833333334
average global test accuracy:  0.5411458333333333

 | Global Training Round : 8 |

xi_k [0.49085441 0.48111277 0.51430883 0.50782802 0.4694352  0.48968893
 0.47802058 0.51309243 0.48675999 0.50464611]
max_exp: -1.0
coe: 10
Regulation [0.8 0.8 0.8 0.8 0.8 0.8 0.8 0.8 0.8 0.8]
Solver status: optimal_inaccurate
b_new: [1. 1. 1. 1. 1. 1. 1. 1. 1. 1.]
Iter 0: obj=48.9575, best_obj=48.9575, ||b_new-b_prev||₂=2.846050
xi_k [0.49085441 0.48111277 0.51430883 0.50782802 0.4694352  0.48968893
 0.47802058 0.51309243 0.48675999 0.50464611]
max_exp: -1.0
coe: 10
Regulation [-1. -1. -1. -1. -1. -1. -1. -1. -1. -1.]
Solver status: optimal_inaccurate
b_new: [1. 1. 1. 1. 1. 1. 1. 1. 1. 1.]
Iter 1: obj=49.8575, best_obj=49.8575, ||b_new-b_prev||₂=0.000000
Converged.
Final b: [1. 1. 1. 1. 1. 1. 1. 1. 1. 1.]
<class 'numpy.ndarray'>
b_float: [1. 1. 1. 1. 1. 1. 1. 1. 1. 1.]
b: [1 1 1 1 1 1 1 1 1 1]
active_clients:  [0, 1, 2, 3, 4, 5, 6, 7, 8, 9]
Client 0's s_k are:[0 1 1 1 1 1 1 1 1 1]
Client 1's s_k are:[0 0 0 0 1 0 0 0 0 0]
Client 2's s_k are:[0 1 0 1 1 1 0 0 1 1]
Client 3's s_k are:[1 0 1 0 0 0 1 1 1 0]
Client 4's s_k are:[1 0 0 1 0 0 0 0 1 0]
Client 5's s_k are:[0 1 0 0 0 0 1 1 1 0]
Client 6's s_k are:[0 1 1 0 0 0 0 0 0 0]
Client 7's s_k are:[0 1 1 1 1 0 1 0 1 1]
Client 8's s_k are:[1 0 1 1 0 0 0 0 0 1]
Client 9's s_k are:[1 1 0 0 0 1 0 0 1 0]
| Global Round : 8 | Client :0 | Local Epoch : 0 | [64/626 (11%)]	Loss1: 5.845117 Loss2: 0.000030 
| Global Round : 8 | Client :0 | Local Epoch : 1 | [64/626 (11%)]	Loss1: 5.845559 Loss2: 0.000032 
| Global Round : 8 | Client :0 | Local Epoch : 2 | [64/626 (11%)]	Loss1: 5.846717 Loss2: 0.000027 
| Global Round : 8 | Client :0 | Local Epoch : 3 | [64/626 (11%)]	Loss1: 5.844466 Loss2: 0.000028 
| Global Round : 8 | Client :0 | Local Epoch : 4 | [64/626 (11%)]	Loss1: 5.847147 Loss2: 0.000028 
| Global Round : 8 | Client :1 | Local Epoch : 0 | [64/497 (14%)]	Loss1: 5.846970 Loss2: 0.000057 
| Global Round : 8 | Client :1 | Local Epoch : 1 | [64/497 (14%)]	Loss1: 5.846882 Loss2: 0.000060 
| Global Round : 8 | Client :1 | Local Epoch : 2 | [64/497 (14%)]	Loss1: 5.847475 Loss2: 0.000057 
| Global Round : 8 | Client :1 | Local Epoch : 3 | [64/497 (14%)]	Loss1: 5.847803 Loss2: 0.000061 
| Global Round : 8 | Client :1 | Local Epoch : 4 | [64/497 (14%)]	Loss1: 5.845815 Loss2: 0.000060 
| Global Round : 8 | Client :2 | Local Epoch : 0 | [64/597 (11%)]	Loss1: 5.842648 Loss2: 0.000023 
| Global Round : 8 | Client :2 | Local Epoch : 1 | [64/597 (11%)]	Loss1: 5.842776 Loss2: 0.000019 
| Global Round : 8 | Client :2 | Local Epoch : 2 | [64/597 (11%)]	Loss1: 5.841897 Loss2: 0.000027 
| Global Round : 8 | Client :2 | Local Epoch : 3 | [64/597 (11%)]	Loss1: 5.842328 Loss2: 0.000023 
| Global Round : 8 | Client :2 | Local Epoch : 4 | [64/597 (11%)]	Loss1: 5.842391 Loss2: 0.000027 
| Global Round : 8 | Client :3 | Local Epoch : 0 | [64/605 (11%)]	Loss1: 5.843567 Loss2: 0.000027 
| Global Round : 8 | Client :3 | Local Epoch : 1 | [64/605 (11%)]	Loss1: 5.844846 Loss2: 0.000023 
| Global Round : 8 | Client :3 | Local Epoch : 2 | [64/605 (11%)]	Loss1: 5.845500 Loss2: 0.000025 
| Global Round : 8 | Client :3 | Local Epoch : 3 | [64/605 (11%)]	Loss1: 5.847217 Loss2: 0.000019 
| Global Round : 8 | Client :3 | Local Epoch : 4 | [64/605 (11%)]	Loss1: 5.844936 Loss2: 0.000024 
| Global Round : 8 | Client :4 | Local Epoch : 0 | [64/436 (17%)]	Loss1: 5.843643 Loss2: 0.000047 
| Global Round : 8 | Client :4 | Local Epoch : 1 | [64/436 (17%)]	Loss1: 5.842265 Loss2: 0.000054 
| Global Round : 8 | Client :4 | Local Epoch : 2 | [64/436 (17%)]	Loss1: 5.841969 Loss2: 0.000044 
| Global Round : 8 | Client :4 | Local Epoch : 3 | [64/436 (17%)]	Loss1: 5.842880 Loss2: 0.000048 
| Global Round : 8 | Client :4 | Local Epoch : 4 | [64/436 (17%)]	Loss1: 5.842185 Loss2: 0.000050 
| Global Round : 8 | Client :5 | Local Epoch : 0 | [64/627 (11%)]	Loss1: 5.843923 Loss2: 0.000042 
| Global Round : 8 | Client :5 | Local Epoch : 1 | [64/627 (11%)]	Loss1: 5.841836 Loss2: 0.000044 
| Global Round : 8 | Client :5 | Local Epoch : 2 | [64/627 (11%)]	Loss1: 5.842113 Loss2: 0.000040 
| Global Round : 8 | Client :5 | Local Epoch : 3 | [64/627 (11%)]	Loss1: 5.843194 Loss2: 0.000054 
| Global Round : 8 | Client :5 | Local Epoch : 4 | [64/627 (11%)]	Loss1: 5.843246 Loss2: 0.000044 
| Global Round : 8 | Client :6 | Local Epoch : 0 | [64/571 (12%)]	Loss1: 5.842947 Loss2: 0.000024 
| Global Round : 8 | Client :6 | Local Epoch : 1 | [64/571 (12%)]	Loss1: 5.843602 Loss2: 0.000030 
| Global Round : 8 | Client :6 | Local Epoch : 2 | [64/571 (12%)]	Loss1: 5.844406 Loss2: 0.000020 
| Global Round : 8 | Client :6 | Local Epoch : 3 | [64/571 (12%)]	Loss1: 5.843524 Loss2: 0.000027 
| Global Round : 8 | Client :6 | Local Epoch : 4 | [64/571 (12%)]	Loss1: 5.844003 Loss2: 0.000021 
| Global Round : 8 | Client :7 | Local Epoch : 0 | [64/665 (10%)]	Loss1: 5.842700 Loss2: 0.000025 
| Global Round : 8 | Client :7 | Local Epoch : 1 | [64/665 (10%)]	Loss1: 5.842966 Loss2: 0.000022 
| Global Round : 8 | Client :7 | Local Epoch : 2 | [64/665 (10%)]	Loss1: 5.844689 Loss2: 0.000026 
| Global Round : 8 | Client :7 | Local Epoch : 3 | [64/665 (10%)]	Loss1: 5.844783 Loss2: 0.000025 
| Global Round : 8 | Client :7 | Local Epoch : 4 | [64/665 (10%)]	Loss1: 5.843460 Loss2: 0.000027 
| Global Round : 8 | Client :8 | Local Epoch : 0 | [64/561 (12%)]	Loss1: 5.846689 Loss2: 0.000027 
| Global Round : 8 | Client :8 | Local Epoch : 1 | [64/561 (12%)]	Loss1: 5.845022 Loss2: 0.000027 
| Global Round : 8 | Client :8 | Local Epoch : 2 | [64/561 (12%)]	Loss1: 5.845016 Loss2: 0.000031 
| Global Round : 8 | Client :8 | Local Epoch : 3 | [64/561 (12%)]	Loss1: 5.843952 Loss2: 0.000028 
| Global Round : 8 | Client :8 | Local Epoch : 4 | [64/561 (12%)]	Loss1: 5.845874 Loss2: 0.000028 
| Global Round : 8 | Client :9 | Local Epoch : 0 | [64/811 (8%)]	Loss1: 5.841705 Loss2: 0.000036 
| Global Round : 8 | Client :9 | Local Epoch : 0 | [704/811 (92%)]	Loss1: 5.844246 Loss2: 0.000038 
| Global Round : 8 | Client :9 | Local Epoch : 1 | [64/811 (8%)]	Loss1: 5.843086 Loss2: 0.000036 
| Global Round : 8 | Client :9 | Local Epoch : 1 | [704/811 (92%)]	Loss1: 5.841783 Loss2: 0.000033 
| Global Round : 8 | Client :9 | Local Epoch : 2 | [64/811 (8%)]	Loss1: 5.841205 Loss2: 0.000034 
| Global Round : 8 | Client :9 | Local Epoch : 2 | [704/811 (92%)]	Loss1: 5.841152 Loss2: 0.000034 
| Global Round : 8 | Client :9 | Local Epoch : 3 | [64/811 (8%)]	Loss1: 5.843087 Loss2: 0.000033 
| Global Round : 8 | Client :9 | Local Epoch : 3 | [704/811 (92%)]	Loss1: 5.841079 Loss2: 0.000033 
| Global Round : 8 | Client :9 | Local Epoch : 4 | [64/811 (8%)]	Loss1: 5.841057 Loss2: 0.000035 
| Global Round : 8 | Client :9 | Local Epoch : 4 | [704/811 (92%)]	Loss1: 5.842557 Loss2: 0.000034 
average loss:   5.841578182265872
average local test accuracy: 0.8453125
average global test accuracy:  0.5287760416666667

 | Global Training Round : 9 |

xi_k [0.49076023 0.48106235 0.51420016 0.50771261 0.46942525 0.48962728
 0.47795643 0.51304091 0.486741   0.50468049]
max_exp: -1.0
coe: 10
Regulation [0.8 0.8 0.8 0.8 0.8 0.8 0.8 0.8 0.8 0.8]
Solver status: optimal_inaccurate
b_new: [1. 1. 1. 1. 1. 1. 1. 1. 1. 1.]
Iter 0: obj=48.9521, best_obj=48.9521, ||b_new-b_prev||₂=2.846050
xi_k [0.49076023 0.48106235 0.51420016 0.50771261 0.46942525 0.48962728
 0.47795643 0.51304091 0.486741   0.50468049]
max_exp: -1.0
coe: 10
Regulation [-1. -1. -1. -1. -1. -1. -1. -1. -1. -1.]
Solver status: optimal_inaccurate
b_new: [1. 1. 1. 1. 1. 1. 1. 1. 1. 1.]
Iter 1: obj=49.8521, best_obj=49.8521, ||b_new-b_prev||₂=0.000000
Converged.
Final b: [1. 1. 1. 1. 1. 1. 1. 1. 1. 1.]
<class 'numpy.ndarray'>
b_float: [1. 1. 1. 1. 1. 1. 1. 1. 1. 1.]
b: [1 1 1 1 1 1 1 1 1 1]
active_clients:  [0, 1, 2, 3, 4, 5, 6, 7, 8, 9]
Client 0's s_k are:[0 0 0 0 1 0 1 0 0 0]
Client 1's s_k are:[0 0 0 0 0 1 1 1 1 0]
Client 2's s_k are:[0 0 0 0 0 0 1 1 1 1]
Client 3's s_k are:[1 1 1 0 1 1 1 1 1 1]
Client 4's s_k are:[0 1 0 1 0 1 1 1 1 1]
Client 5's s_k are:[1 1 0 1 1 0 1 0 1 1]
Client 6's s_k are:[1 1 1 1 0 0 0 0 1 0]
Client 7's s_k are:[1 1 0 0 1 0 0 0 0 1]
Client 8's s_k are:[0 1 1 0 0 0 0 0 0 1]
Client 9's s_k are:[1 1 0 0 1 1 0 1 1 0]
| Global Round : 9 | Client :0 | Local Epoch : 0 | [64/626 (11%)]	Loss1: 5.843943 Loss2: 0.000030 
| Global Round : 9 | Client :0 | Local Epoch : 1 | [64/626 (11%)]	Loss1: 5.846672 Loss2: 0.000033 
| Global Round : 9 | Client :0 | Local Epoch : 2 | [64/626 (11%)]	Loss1: 5.845284 Loss2: 0.000029 
| Global Round : 9 | Client :0 | Local Epoch : 3 | [64/626 (11%)]	Loss1: 5.843710 Loss2: 0.000036 
| Global Round : 9 | Client :0 | Local Epoch : 4 | [64/626 (11%)]	Loss1: 5.845784 Loss2: 0.000033 
| Global Round : 9 | Client :1 | Local Epoch : 0 | [64/497 (14%)]	Loss1: 5.847156 Loss2: 0.000041 
| Global Round : 9 | Client :1 | Local Epoch : 1 | [64/497 (14%)]	Loss1: 5.846774 Loss2: 0.000040 
| Global Round : 9 | Client :1 | Local Epoch : 2 | [64/497 (14%)]	Loss1: 5.848520 Loss2: 0.000043 
| Global Round : 9 | Client :1 | Local Epoch : 3 | [64/497 (14%)]	Loss1: 5.846282 Loss2: 0.000037 
| Global Round : 9 | Client :1 | Local Epoch : 4 | [64/497 (14%)]	Loss1: 5.845886 Loss2: 0.000038 
| Global Round : 9 | Client :2 | Local Epoch : 0 | [64/597 (11%)]	Loss1: 5.841566 Loss2: 0.000023 
| Global Round : 9 | Client :2 | Local Epoch : 1 | [64/597 (11%)]	Loss1: 5.842999 Loss2: 0.000023 
| Global Round : 9 | Client :2 | Local Epoch : 2 | [64/597 (11%)]	Loss1: 5.843166 Loss2: 0.000026 
| Global Round : 9 | Client :2 | Local Epoch : 3 | [64/597 (11%)]	Loss1: 5.842203 Loss2: 0.000026 
| Global Round : 9 | Client :2 | Local Epoch : 4 | [64/597 (11%)]	Loss1: 5.842184 Loss2: 0.000025 
| Global Round : 9 | Client :3 | Local Epoch : 0 | [64/605 (11%)]	Loss1: 5.845994 Loss2: 0.000029 
| Global Round : 9 | Client :3 | Local Epoch : 1 | [64/605 (11%)]	Loss1: 5.843139 Loss2: 0.000024 
| Global Round : 9 | Client :3 | Local Epoch : 2 | [64/605 (11%)]	Loss1: 5.843680 Loss2: 0.000023 
| Global Round : 9 | Client :3 | Local Epoch : 3 | [64/605 (11%)]	Loss1: 5.844225 Loss2: 0.000022 
| Global Round : 9 | Client :3 | Local Epoch : 4 | [64/605 (11%)]	Loss1: 5.843352 Loss2: 0.000024 
| Global Round : 9 | Client :4 | Local Epoch : 0 | [64/436 (17%)]	Loss1: 5.843034 Loss2: 0.000045 
| Global Round : 9 | Client :4 | Local Epoch : 1 | [64/436 (17%)]	Loss1: 5.844400 Loss2: 0.000047 
| Global Round : 9 | Client :4 | Local Epoch : 2 | [64/436 (17%)]	Loss1: 5.842101 Loss2: 0.000043 
| Global Round : 9 | Client :4 | Local Epoch : 3 | [64/436 (17%)]	Loss1: 5.844862 Loss2: 0.000045 
| Global Round : 9 | Client :4 | Local Epoch : 4 | [64/436 (17%)]	Loss1: 5.841407 Loss2: 0.000042 
| Global Round : 9 | Client :5 | Local Epoch : 0 | [64/627 (11%)]	Loss1: 5.843820 Loss2: 0.000042 
| Global Round : 9 | Client :5 | Local Epoch : 1 | [64/627 (11%)]	Loss1: 5.844663 Loss2: 0.000045 
| Global Round : 9 | Client :5 | Local Epoch : 2 | [64/627 (11%)]	Loss1: 5.842021 Loss2: 0.000042 
| Global Round : 9 | Client :5 | Local Epoch : 3 | [64/627 (11%)]	Loss1: 5.843385 Loss2: 0.000046 
| Global Round : 9 | Client :5 | Local Epoch : 4 | [64/627 (11%)]	Loss1: 5.843219 Loss2: 0.000042 
| Global Round : 9 | Client :6 | Local Epoch : 0 | [64/571 (12%)]	Loss1: 5.844020 Loss2: 0.000025 
| Global Round : 9 | Client :6 | Local Epoch : 1 | [64/571 (12%)]	Loss1: 5.842974 Loss2: 0.000024 
| Global Round : 9 | Client :6 | Local Epoch : 2 | [64/571 (12%)]	Loss1: 5.842107 Loss2: 0.000021 
| Global Round : 9 | Client :6 | Local Epoch : 3 | [64/571 (12%)]	Loss1: 5.842447 Loss2: 0.000020 
| Global Round : 9 | Client :6 | Local Epoch : 4 | [64/571 (12%)]	Loss1: 5.841227 Loss2: 0.000022 
| Global Round : 9 | Client :7 | Local Epoch : 0 | [64/665 (10%)]	Loss1: 5.843170 Loss2: 0.000027 
| Global Round : 9 | Client :7 | Local Epoch : 1 | [64/665 (10%)]	Loss1: 5.843904 Loss2: 0.000032 
| Global Round : 9 | Client :7 | Local Epoch : 2 | [64/665 (10%)]	Loss1: 5.843183 Loss2: 0.000031 
| Global Round : 9 | Client :7 | Local Epoch : 3 | [64/665 (10%)]	Loss1: 5.844769 Loss2: 0.000027 
| Global Round : 9 | Client :7 | Local Epoch : 4 | [64/665 (10%)]	Loss1: 5.842141 Loss2: 0.000029 
| Global Round : 9 | Client :8 | Local Epoch : 0 | [64/561 (12%)]	Loss1: 5.847073 Loss2: 0.000031 
| Global Round : 9 | Client :8 | Local Epoch : 1 | [64/561 (12%)]	Loss1: 5.844579 Loss2: 0.000031 
| Global Round : 9 | Client :8 | Local Epoch : 2 | [64/561 (12%)]	Loss1: 5.844080 Loss2: 0.000034 
| Global Round : 9 | Client :8 | Local Epoch : 3 | [64/561 (12%)]	Loss1: 5.843800 Loss2: 0.000033 
| Global Round : 9 | Client :8 | Local Epoch : 4 | [64/561 (12%)]	Loss1: 5.843482 Loss2: 0.000027 
| Global Round : 9 | Client :9 | Local Epoch : 0 | [64/811 (8%)]	Loss1: 5.841537 Loss2: 0.000032 
| Global Round : 9 | Client :9 | Local Epoch : 0 | [704/811 (92%)]	Loss1: 5.842484 Loss2: 0.000034 
| Global Round : 9 | Client :9 | Local Epoch : 1 | [64/811 (8%)]	Loss1: 5.842232 Loss2: 0.000042 
| Global Round : 9 | Client :9 | Local Epoch : 1 | [704/811 (92%)]	Loss1: 5.840771 Loss2: 0.000028 
| Global Round : 9 | Client :9 | Local Epoch : 2 | [64/811 (8%)]	Loss1: 5.841099 Loss2: 0.000028 
| Global Round : 9 | Client :9 | Local Epoch : 2 | [704/811 (92%)]	Loss1: 5.843018 Loss2: 0.000030 
| Global Round : 9 | Client :9 | Local Epoch : 3 | [64/811 (8%)]	Loss1: 5.842304 Loss2: 0.000034 
| Global Round : 9 | Client :9 | Local Epoch : 3 | [704/811 (92%)]	Loss1: 5.842669 Loss2: 0.000031 
| Global Round : 9 | Client :9 | Local Epoch : 4 | [64/811 (8%)]	Loss1: 5.841234 Loss2: 0.000035 
| Global Round : 9 | Client :9 | Local Epoch : 4 | [704/811 (92%)]	Loss1: 5.843028 Loss2: 0.000030 
average loss:   5.841281185433979
average local test accuracy: 0.85625
average global test accuracy:  0.5182291666666667

 | Global Training Round : 10 |

xi_k [0.49072458 0.48092125 0.51419071 0.5076589  0.46937093 0.48957416
 0.47790895 0.51300538 0.48662147 0.5045792 ]
max_exp: -1.0
coe: 10
Regulation [0.8 0.8 0.8 0.8 0.8 0.8 0.8 0.8 0.8 0.8]
Solver status: optimal_inaccurate
b_new: [1. 1. 1. 1. 1. 1. 1. 1. 1. 1.]
Iter 0: obj=48.9456, best_obj=48.9456, ||b_new-b_prev||₂=2.846050
xi_k [0.49072458 0.48092125 0.51419071 0.5076589  0.46937093 0.48957416
 0.47790895 0.51300538 0.48662147 0.5045792 ]
max_exp: -1.0
coe: 10
Regulation [-1. -1. -1. -1. -1. -1. -1. -1. -1. -1.]
Solver status: optimal_inaccurate
b_new: [1. 1. 1. 1. 1. 1. 1. 1. 1. 1.]
Iter 1: obj=49.8456, best_obj=49.8456, ||b_new-b_prev||₂=0.000000
Converged.
Final b: [1. 1. 1. 1. 1. 1. 1. 1. 1. 1.]
<class 'numpy.ndarray'>
b_float: [1. 1. 1. 1. 1. 1. 1. 1. 1. 1.]
b: [1 1 1 1 1 1 1 1 1 1]
active_clients:  [0, 1, 2, 3, 4, 5, 6, 7, 8, 9]
Client 0's s_k are:[0 1 0 1 1 0 1 1 0 1]
Client 1's s_k are:[0 0 1 0 1 1 0 1 0 1]
Client 2's s_k are:[0 0 0 1 0 1 0 1 1 1]
Client 3's s_k are:[0 1 1 0 0 1 0 1 0 1]
Client 4's s_k are:[0 1 0 1 0 0 1 0 1 0]
Client 5's s_k are:[1 1 1 1 1 0 1 1 1 1]
Client 6's s_k are:[0 0 0 0 0 0 0 0 0 1]
Client 7's s_k are:[1 1 0 1 0 1 0 0 0 0]
Client 8's s_k are:[0 0 0 1 1 0 1 0 0 0]
Client 9's s_k are:[0 0 1 0 0 0 1 0 0 0]
| Global Round : 10 | Client :0 | Local Epoch : 0 | [64/626 (11%)]	Loss1: 5.846751 Loss2: 0.000027 
| Global Round : 10 | Client :0 | Local Epoch : 1 | [64/626 (11%)]	Loss1: 5.845858 Loss2: 0.000028 
| Global Round : 10 | Client :0 | Local Epoch : 2 | [64/626 (11%)]	Loss1: 5.844511 Loss2: 0.000030 
| Global Round : 10 | Client :0 | Local Epoch : 3 | [64/626 (11%)]	Loss1: 5.846948 Loss2: 0.000026 
| Global Round : 10 | Client :0 | Local Epoch : 4 | [64/626 (11%)]	Loss1: 5.845883 Loss2: 0.000023 
| Global Round : 10 | Client :1 | Local Epoch : 0 | [64/497 (14%)]	Loss1: 5.846223 Loss2: 0.000047 
| Global Round : 10 | Client :1 | Local Epoch : 1 | [64/497 (14%)]	Loss1: 5.846141 Loss2: 0.000049 
| Global Round : 10 | Client :1 | Local Epoch : 2 | [64/497 (14%)]	Loss1: 5.847129 Loss2: 0.000048 
| Global Round : 10 | Client :1 | Local Epoch : 3 | [64/497 (14%)]	Loss1: 5.846560 Loss2: 0.000039 
| Global Round : 10 | Client :1 | Local Epoch : 4 | [64/497 (14%)]	Loss1: 5.846855 Loss2: 0.000046 
| Global Round : 10 | Client :2 | Local Epoch : 0 | [64/597 (11%)]	Loss1: 5.842942 Loss2: 0.000022 
| Global Round : 10 | Client :2 | Local Epoch : 1 | [64/597 (11%)]	Loss1: 5.841775 Loss2: 0.000026 
| Global Round : 10 | Client :2 | Local Epoch : 2 | [64/597 (11%)]	Loss1: 5.842819 Loss2: 0.000020 
| Global Round : 10 | Client :2 | Local Epoch : 3 | [64/597 (11%)]	Loss1: 5.843346 Loss2: 0.000023 
| Global Round : 10 | Client :2 | Local Epoch : 4 | [64/597 (11%)]	Loss1: 5.841384 Loss2: 0.000021 
| Global Round : 10 | Client :3 | Local Epoch : 0 | [64/605 (11%)]	Loss1: 5.843529 Loss2: 0.000022 
| Global Round : 10 | Client :3 | Local Epoch : 1 | [64/605 (11%)]	Loss1: 5.845743 Loss2: 0.000030 
| Global Round : 10 | Client :3 | Local Epoch : 2 | [64/605 (11%)]	Loss1: 5.843474 Loss2: 0.000025 
| Global Round : 10 | Client :3 | Local Epoch : 3 | [64/605 (11%)]	Loss1: 5.844182 Loss2: 0.000023 
| Global Round : 10 | Client :3 | Local Epoch : 4 | [64/605 (11%)]	Loss1: 5.843240 Loss2: 0.000023 
| Global Round : 10 | Client :4 | Local Epoch : 0 | [64/436 (17%)]	Loss1: 5.844380 Loss2: 0.000044 
| Global Round : 10 | Client :4 | Local Epoch : 1 | [64/436 (17%)]	Loss1: 5.842884 Loss2: 0.000041 
| Global Round : 10 | Client :4 | Local Epoch : 2 | [64/436 (17%)]	Loss1: 5.842234 Loss2: 0.000040 
| Global Round : 10 | Client :4 | Local Epoch : 3 | [64/436 (17%)]	Loss1: 5.840950 Loss2: 0.000046 
| Global Round : 10 | Client :4 | Local Epoch : 4 | [64/436 (17%)]	Loss1: 5.840250 Loss2: 0.000042 
| Global Round : 10 | Client :5 | Local Epoch : 0 | [64/627 (11%)]	Loss1: 5.842317 Loss2: 0.000039 
| Global Round : 10 | Client :5 | Local Epoch : 1 | [64/627 (11%)]	Loss1: 5.842130 Loss2: 0.000034 
| Global Round : 10 | Client :5 | Local Epoch : 2 | [64/627 (11%)]	Loss1: 5.842213 Loss2: 0.000035 
| Global Round : 10 | Client :5 | Local Epoch : 3 | [64/627 (11%)]	Loss1: 5.842007 Loss2: 0.000039 
| Global Round : 10 | Client :5 | Local Epoch : 4 | [64/627 (11%)]	Loss1: 5.841003 Loss2: 0.000038 
| Global Round : 10 | Client :6 | Local Epoch : 0 | [64/571 (12%)]	Loss1: 5.842668 Loss2: 0.000038 
| Global Round : 10 | Client :6 | Local Epoch : 1 | [64/571 (12%)]	Loss1: 5.843013 Loss2: 0.000043 
| Global Round : 10 | Client :6 | Local Epoch : 2 | [64/571 (12%)]	Loss1: 5.843553 Loss2: 0.000039 
| Global Round : 10 | Client :6 | Local Epoch : 3 | [64/571 (12%)]	Loss1: 5.841454 Loss2: 0.000038 
| Global Round : 10 | Client :6 | Local Epoch : 4 | [64/571 (12%)]	Loss1: 5.844461 Loss2: 0.000038 
| Global Round : 10 | Client :7 | Local Epoch : 0 | [64/665 (10%)]	Loss1: 5.842072 Loss2: 0.000026 
| Global Round : 10 | Client :7 | Local Epoch : 1 | [64/665 (10%)]	Loss1: 5.843479 Loss2: 0.000030 
| Global Round : 10 | Client :7 | Local Epoch : 2 | [64/665 (10%)]	Loss1: 5.844106 Loss2: 0.000026 
| Global Round : 10 | Client :7 | Local Epoch : 3 | [64/665 (10%)]	Loss1: 5.842798 Loss2: 0.000032 
| Global Round : 10 | Client :7 | Local Epoch : 4 | [64/665 (10%)]	Loss1: 5.844081 Loss2: 0.000023 
| Global Round : 10 | Client :8 | Local Epoch : 0 | [64/561 (12%)]	Loss1: 5.844059 Loss2: 0.000028 
| Global Round : 10 | Client :8 | Local Epoch : 1 | [64/561 (12%)]	Loss1: 5.843144 Loss2: 0.000029 
| Global Round : 10 | Client :8 | Local Epoch : 2 | [64/561 (12%)]	Loss1: 5.842991 Loss2: 0.000028 
| Global Round : 10 | Client :8 | Local Epoch : 3 | [64/561 (12%)]	Loss1: 5.842891 Loss2: 0.000029 
| Global Round : 10 | Client :8 | Local Epoch : 4 | [64/561 (12%)]	Loss1: 5.844285 Loss2: 0.000031 
| Global Round : 10 | Client :9 | Local Epoch : 0 | [64/811 (8%)]	Loss1: 5.842240 Loss2: 0.000025 
| Global Round : 10 | Client :9 | Local Epoch : 0 | [704/811 (92%)]	Loss1: 5.843792 Loss2: 0.000034 
| Global Round : 10 | Client :9 | Local Epoch : 1 | [64/811 (8%)]	Loss1: 5.841560 Loss2: 0.000023 
| Global Round : 10 | Client :9 | Local Epoch : 1 | [704/811 (92%)]	Loss1: 5.842607 Loss2: 0.000032 
| Global Round : 10 | Client :9 | Local Epoch : 2 | [64/811 (8%)]	Loss1: 5.840610 Loss2: 0.000026 
| Global Round : 10 | Client :9 | Local Epoch : 2 | [704/811 (92%)]	Loss1: 5.841893 Loss2: 0.000036 
| Global Round : 10 | Client :9 | Local Epoch : 3 | [64/811 (8%)]	Loss1: 5.840110 Loss2: 0.000026 
| Global Round : 10 | Client :9 | Local Epoch : 3 | [704/811 (92%)]	Loss1: 5.840847 Loss2: 0.000037 
| Global Round : 10 | Client :9 | Local Epoch : 4 | [64/811 (8%)]	Loss1: 5.843349 Loss2: 0.000025 
| Global Round : 10 | Client :9 | Local Epoch : 4 | [704/811 (92%)]	Loss1: 5.840600 Loss2: 0.000036 
average loss:   5.8409218736678845
average local test accuracy: 0.8563802083333332
average global test accuracy:  0.5725260416666667

 | Global Training Round : 11 |

xi_k [0.49061829 0.48087005 0.51412202 0.50758921 0.46931771 0.48955385
 0.47787697 0.51293081 0.48653684 0.50452501]
max_exp: -1.0
coe: 10
Regulation [0.8 0.8 0.8 0.8 0.8 0.8 0.8 0.8 0.8 0.8]
Solver status: optimal_inaccurate
b_new: [1. 1. 1. 1. 1. 1. 1. 1. 1. 1.]
Iter 0: obj=48.9394, best_obj=48.9394, ||b_new-b_prev||₂=2.846050
xi_k [0.49061829 0.48087005 0.51412202 0.50758921 0.46931771 0.48955385
 0.47787697 0.51293081 0.48653684 0.50452501]
max_exp: -1.0
coe: 10
Regulation [-1. -1. -1. -1. -1. -1. -1. -1. -1. -1.]
Solver status: optimal_inaccurate
b_new: [1. 1. 1. 1. 1. 1. 1. 1. 1. 1.]
Iter 1: obj=49.8394, best_obj=49.8394, ||b_new-b_prev||₂=0.000000
Converged.
Final b: [1. 1. 1. 1. 1. 1. 1. 1. 1. 1.]
<class 'numpy.ndarray'>
b_float: [1. 1. 1. 1. 1. 1. 1. 1. 1. 1.]
b: [1 1 1 1 1 1 1 1 1 1]
active_clients:  [0, 1, 2, 3, 4, 5, 6, 7, 8, 9]
Client 0's s_k are:[0 1 0 0 0 0 1 0 1 0]
Client 1's s_k are:[1 0 1 0 1 1 0 1 1 0]
Client 2's s_k are:[0 0 0 0 1 0 0 0 0 0]
Client 3's s_k are:[0 0 0 0 0 0 1 0 0 0]
Client 4's s_k are:[0 1 0 1 0 1 0 0 1 0]
Client 5's s_k are:[1 1 1 1 1 0 1 1 1 1]
Client 6's s_k are:[0 1 0 0 1 1 0 0 0 1]
Client 7's s_k are:[1 0 1 0 1 1 1 0 0 1]
Client 8's s_k are:[0 0 1 0 0 0 0 0 0 0]
Client 9's s_k are:[0 0 0 0 1 1 0 1 1 0]
| Global Round : 11 | Client :0 | Local Epoch : 0 | [64/626 (11%)]	Loss1: 5.845186 Loss2: 0.000028 
| Global Round : 11 | Client :0 | Local Epoch : 1 | [64/626 (11%)]	Loss1: 5.843534 Loss2: 0.000031 
| Global Round : 11 | Client :0 | Local Epoch : 2 | [64/626 (11%)]	Loss1: 5.843969 Loss2: 0.000024 
| Global Round : 11 | Client :0 | Local Epoch : 3 | [64/626 (11%)]	Loss1: 5.844444 Loss2: 0.000027 
| Global Round : 11 | Client :0 | Local Epoch : 4 | [64/626 (11%)]	Loss1: 5.845224 Loss2: 0.000027 
| Global Round : 11 | Client :1 | Local Epoch : 0 | [64/497 (14%)]	Loss1: 5.846341 Loss2: 0.000037 
| Global Round : 11 | Client :1 | Local Epoch : 1 | [64/497 (14%)]	Loss1: 5.844437 Loss2: 0.000042 
| Global Round : 11 | Client :1 | Local Epoch : 2 | [64/497 (14%)]	Loss1: 5.845406 Loss2: 0.000039 
| Global Round : 11 | Client :1 | Local Epoch : 3 | [64/497 (14%)]	Loss1: 5.846363 Loss2: 0.000041 
| Global Round : 11 | Client :1 | Local Epoch : 4 | [64/497 (14%)]	Loss1: 5.845037 Loss2: 0.000042 
| Global Round : 11 | Client :2 | Local Epoch : 0 | [64/597 (11%)]	Loss1: 5.843459 Loss2: 0.000069 
| Global Round : 11 | Client :2 | Local Epoch : 1 | [64/597 (11%)]	Loss1: 5.840856 Loss2: 0.000070 
| Global Round : 11 | Client :2 | Local Epoch : 2 | [64/597 (11%)]	Loss1: 5.842730 Loss2: 0.000074 
| Global Round : 11 | Client :2 | Local Epoch : 3 | [64/597 (11%)]	Loss1: 5.840932 Loss2: 0.000065 
| Global Round : 11 | Client :2 | Local Epoch : 4 | [64/597 (11%)]	Loss1: 5.842163 Loss2: 0.000073 
| Global Round : 11 | Client :3 | Local Epoch : 0 | [64/605 (11%)]	Loss1: 5.843672 Loss2: 0.000034 
| Global Round : 11 | Client :3 | Local Epoch : 1 | [64/605 (11%)]	Loss1: 5.844544 Loss2: 0.000036 
| Global Round : 11 | Client :3 | Local Epoch : 2 | [64/605 (11%)]	Loss1: 5.845225 Loss2: 0.000036 
| Global Round : 11 | Client :3 | Local Epoch : 3 | [64/605 (11%)]	Loss1: 5.843913 Loss2: 0.000034 
| Global Round : 11 | Client :3 | Local Epoch : 4 | [64/605 (11%)]	Loss1: 5.843657 Loss2: 0.000039 
| Global Round : 11 | Client :4 | Local Epoch : 0 | [64/436 (17%)]	Loss1: 5.843511 Loss2: 0.000043 
| Global Round : 11 | Client :4 | Local Epoch : 1 | [64/436 (17%)]	Loss1: 5.841161 Loss2: 0.000051 
| Global Round : 11 | Client :4 | Local Epoch : 2 | [64/436 (17%)]	Loss1: 5.842941 Loss2: 0.000043 
| Global Round : 11 | Client :4 | Local Epoch : 3 | [64/436 (17%)]	Loss1: 5.841922 Loss2: 0.000044 
| Global Round : 11 | Client :4 | Local Epoch : 4 | [64/436 (17%)]	Loss1: 5.841821 Loss2: 0.000042 
| Global Round : 11 | Client :5 | Local Epoch : 0 | [64/627 (11%)]	Loss1: 5.842522 Loss2: 0.000036 
| Global Round : 11 | Client :5 | Local Epoch : 1 | [64/627 (11%)]	Loss1: 5.843949 Loss2: 0.000037 
| Global Round : 11 | Client :5 | Local Epoch : 2 | [64/627 (11%)]	Loss1: 5.842240 Loss2: 0.000037 
| Global Round : 11 | Client :5 | Local Epoch : 3 | [64/627 (11%)]	Loss1: 5.842000 Loss2: 0.000045 
| Global Round : 11 | Client :5 | Local Epoch : 4 | [64/627 (11%)]	Loss1: 5.842189 Loss2: 0.000038 
| Global Round : 11 | Client :6 | Local Epoch : 0 | [64/571 (12%)]	Loss1: 5.842702 Loss2: 0.000035 
| Global Round : 11 | Client :6 | Local Epoch : 1 | [64/571 (12%)]	Loss1: 5.842083 Loss2: 0.000032 
| Global Round : 11 | Client :6 | Local Epoch : 2 | [64/571 (12%)]	Loss1: 5.842196 Loss2: 0.000038 
| Global Round : 11 | Client :6 | Local Epoch : 3 | [64/571 (12%)]	Loss1: 5.841796 Loss2: 0.000033 
| Global Round : 11 | Client :6 | Local Epoch : 4 | [64/571 (12%)]	Loss1: 5.842525 Loss2: 0.000029 
| Global Round : 11 | Client :7 | Local Epoch : 0 | [64/665 (10%)]	Loss1: 5.840992 Loss2: 0.000022 
| Global Round : 11 | Client :7 | Local Epoch : 1 | [64/665 (10%)]	Loss1: 5.842683 Loss2: 0.000022 
| Global Round : 11 | Client :7 | Local Epoch : 2 | [64/665 (10%)]	Loss1: 5.840940 Loss2: 0.000022 
| Global Round : 11 | Client :7 | Local Epoch : 3 | [64/665 (10%)]	Loss1: 5.842519 Loss2: 0.000025 
| Global Round : 11 | Client :7 | Local Epoch : 4 | [64/665 (10%)]	Loss1: 5.845088 Loss2: 0.000022 
| Global Round : 11 | Client :8 | Local Epoch : 0 | [64/561 (12%)]	Loss1: 5.843441 Loss2: 0.000053 
| Global Round : 11 | Client :8 | Local Epoch : 1 | [64/561 (12%)]	Loss1: 5.843597 Loss2: 0.000049 
| Global Round : 11 | Client :8 | Local Epoch : 2 | [64/561 (12%)]	Loss1: 5.842623 Loss2: 0.000043 
| Global Round : 11 | Client :8 | Local Epoch : 3 | [64/561 (12%)]	Loss1: 5.842964 Loss2: 0.000048 
| Global Round : 11 | Client :8 | Local Epoch : 4 | [64/561 (12%)]	Loss1: 5.843749 Loss2: 0.000057 
| Global Round : 11 | Client :9 | Local Epoch : 0 | [64/811 (8%)]	Loss1: 5.839827 Loss2: 0.000028 
| Global Round : 11 | Client :9 | Local Epoch : 0 | [704/811 (92%)]	Loss1: 5.842844 Loss2: 0.000029 
| Global Round : 11 | Client :9 | Local Epoch : 1 | [64/811 (8%)]	Loss1: 5.841749 Loss2: 0.000031 
| Global Round : 11 | Client :9 | Local Epoch : 1 | [704/811 (92%)]	Loss1: 5.841035 Loss2: 0.000029 
| Global Round : 11 | Client :9 | Local Epoch : 2 | [64/811 (8%)]	Loss1: 5.840924 Loss2: 0.000029 
| Global Round : 11 | Client :9 | Local Epoch : 2 | [704/811 (92%)]	Loss1: 5.842050 Loss2: 0.000033 
| Global Round : 11 | Client :9 | Local Epoch : 3 | [64/811 (8%)]	Loss1: 5.842289 Loss2: 0.000031 
| Global Round : 11 | Client :9 | Local Epoch : 3 | [704/811 (92%)]	Loss1: 5.841285 Loss2: 0.000027 
| Global Round : 11 | Client :9 | Local Epoch : 4 | [64/811 (8%)]	Loss1: 5.841249 Loss2: 0.000030 
| Global Round : 11 | Client :9 | Local Epoch : 4 | [704/811 (92%)]	Loss1: 5.842100 Loss2: 0.000029 
average loss:   5.840642108179273
average local test accuracy: 0.8592447916666668
average global test accuracy:  0.5295572916666667

 | Global Training Round : 12 |

xi_k [0.49057498 0.48070835 0.51411734 0.50753947 0.46932411 0.48948769
 0.47788442 0.51289038 0.4865112  0.50449527]
max_exp: -1.0
coe: 10
Regulation [0.8 0.8 0.8 0.8 0.8 0.8 0.8 0.8 0.8 0.8]
Solver status: optimal_inaccurate
b_new: [1. 1. 1. 1. 1. 1. 1. 1. 1. 1.]
Iter 0: obj=48.9353, best_obj=48.9353, ||b_new-b_prev||₂=2.846050
xi_k [0.49057498 0.48070835 0.51411734 0.50753947 0.46932411 0.48948769
 0.47788442 0.51289038 0.4865112  0.50449527]
max_exp: -1.0
coe: 10
Regulation [-1. -1. -1. -1. -1. -1. -1. -1. -1. -1.]
Solver status: optimal_inaccurate
b_new: [1. 1. 1. 1. 1. 1. 1. 1. 1. 1.]
Iter 1: obj=49.8353, best_obj=49.8353, ||b_new-b_prev||₂=0.000000
Converged.
Final b: [1. 1. 1. 1. 1. 1. 1. 1. 1. 1.]
<class 'numpy.ndarray'>
b_float: [1. 1. 1. 1. 1. 1. 1. 1. 1. 1.]
b: [1 1 1 1 1 1 1 1 1 1]
active_clients:  [0, 1, 2, 3, 4, 5, 6, 7, 8, 9]
Client 0's s_k are:[0 1 0 0 0 0 0 0 0 0]
Client 1's s_k are:[1 0 1 1 0 0 0 0 0 1]
Client 2's s_k are:[1 1 0 1 1 0 1 0 0 0]
Client 3's s_k are:[1 0 0 0 0 1 1 1 1 0]
Client 4's s_k are:[0 0 0 0 0 0 0 1 1 0]
Client 5's s_k are:[0 0 0 1 0 0 1 1 0 0]
Client 6's s_k are:[0 0 0 0 0 1 0 0 1 0]
Client 7's s_k are:[0 0 0 1 0 1 1 0 1 1]
Client 8's s_k are:[0 0 1 0 0 1 0 0 0 1]
Client 9's s_k are:[0 1 1 1 1 1 1 1 1 0]
| Global Round : 12 | Client :0 | Local Epoch : 0 | [64/626 (11%)]	Loss1: 5.844564 Loss2: 0.000051 
| Global Round : 12 | Client :0 | Local Epoch : 1 | [64/626 (11%)]	Loss1: 5.845239 Loss2: 0.000050 
| Global Round : 12 | Client :0 | Local Epoch : 2 | [64/626 (11%)]	Loss1: 5.842897 Loss2: 0.000053 
| Global Round : 12 | Client :0 | Local Epoch : 3 | [64/626 (11%)]	Loss1: 5.845837 Loss2: 0.000064 
| Global Round : 12 | Client :0 | Local Epoch : 4 | [64/626 (11%)]	Loss1: 5.844248 Loss2: 0.000059 
| Global Round : 12 | Client :1 | Local Epoch : 0 | [64/497 (14%)]	Loss1: 5.845245 Loss2: 0.000047 
| Global Round : 12 | Client :1 | Local Epoch : 1 | [64/497 (14%)]	Loss1: 5.845914 Loss2: 0.000047 
| Global Round : 12 | Client :1 | Local Epoch : 2 | [64/497 (14%)]	Loss1: 5.844072 Loss2: 0.000046 
| Global Round : 12 | Client :1 | Local Epoch : 3 | [64/497 (14%)]	Loss1: 5.846915 Loss2: 0.000043 
| Global Round : 12 | Client :1 | Local Epoch : 4 | [64/497 (14%)]	Loss1: 5.843845 Loss2: 0.000058 
| Global Round : 12 | Client :2 | Local Epoch : 0 | [64/597 (11%)]	Loss1: 5.840497 Loss2: 0.000030 
| Global Round : 12 | Client :2 | Local Epoch : 1 | [64/597 (11%)]	Loss1: 5.843433 Loss2: 0.000028 
| Global Round : 12 | Client :2 | Local Epoch : 2 | [64/597 (11%)]	Loss1: 5.841944 Loss2: 0.000030 
| Global Round : 12 | Client :2 | Local Epoch : 3 | [64/597 (11%)]	Loss1: 5.840477 Loss2: 0.000030 
| Global Round : 12 | Client :2 | Local Epoch : 4 | [64/597 (11%)]	Loss1: 5.842030 Loss2: 0.000031 
| Global Round : 12 | Client :3 | Local Epoch : 0 | [64/605 (11%)]	Loss1: 5.845145 Loss2: 0.000025 
| Global Round : 12 | Client :3 | Local Epoch : 1 | [64/605 (11%)]	Loss1: 5.843006 Loss2: 0.000024 
| Global Round : 12 | Client :3 | Local Epoch : 2 | [64/605 (11%)]	Loss1: 5.843458 Loss2: 0.000020 
| Global Round : 12 | Client :3 | Local Epoch : 3 | [64/605 (11%)]	Loss1: 5.844397 Loss2: 0.000021 
| Global Round : 12 | Client :3 | Local Epoch : 4 | [64/605 (11%)]	Loss1: 5.842786 Loss2: 0.000029 
| Global Round : 12 | Client :4 | Local Epoch : 0 | [64/436 (17%)]	Loss1: 5.841859 Loss2: 0.000038 
| Global Round : 12 | Client :4 | Local Epoch : 1 | [64/436 (17%)]	Loss1: 5.841259 Loss2: 0.000040 
| Global Round : 12 | Client :4 | Local Epoch : 2 | [64/436 (17%)]	Loss1: 5.843382 Loss2: 0.000037 
| Global Round : 12 | Client :4 | Local Epoch : 3 | [64/436 (17%)]	Loss1: 5.841516 Loss2: 0.000039 
| Global Round : 12 | Client :4 | Local Epoch : 4 | [64/436 (17%)]	Loss1: 5.842975 Loss2: 0.000039 
| Global Round : 12 | Client :5 | Local Epoch : 0 | [64/627 (11%)]	Loss1: 5.841644 Loss2: 0.000042 
| Global Round : 12 | Client :5 | Local Epoch : 1 | [64/627 (11%)]	Loss1: 5.842187 Loss2: 0.000041 
| Global Round : 12 | Client :5 | Local Epoch : 2 | [64/627 (11%)]	Loss1: 5.842409 Loss2: 0.000041 
| Global Round : 12 | Client :5 | Local Epoch : 3 | [64/627 (11%)]	Loss1: 5.842444 Loss2: 0.000040 
| Global Round : 12 | Client :5 | Local Epoch : 4 | [64/627 (11%)]	Loss1: 5.841379 Loss2: 0.000044 
| Global Round : 12 | Client :6 | Local Epoch : 0 | [64/571 (12%)]	Loss1: 5.840229 Loss2: 0.000042 
| Global Round : 12 | Client :6 | Local Epoch : 1 | [64/571 (12%)]	Loss1: 5.841709 Loss2: 0.000043 
| Global Round : 12 | Client :6 | Local Epoch : 2 | [64/571 (12%)]	Loss1: 5.842328 Loss2: 0.000044 
| Global Round : 12 | Client :6 | Local Epoch : 3 | [64/571 (12%)]	Loss1: 5.842623 Loss2: 0.000045 
| Global Round : 12 | Client :6 | Local Epoch : 4 | [64/571 (12%)]	Loss1: 5.842039 Loss2: 0.000042 
| Global Round : 12 | Client :7 | Local Epoch : 0 | [64/665 (10%)]	Loss1: 5.841935 Loss2: 0.000024 
| Global Round : 12 | Client :7 | Local Epoch : 1 | [64/665 (10%)]	Loss1: 5.841952 Loss2: 0.000027 
| Global Round : 12 | Client :7 | Local Epoch : 2 | [64/665 (10%)]	Loss1: 5.843082 Loss2: 0.000024 
| Global Round : 12 | Client :7 | Local Epoch : 3 | [64/665 (10%)]	Loss1: 5.842489 Loss2: 0.000028 
| Global Round : 12 | Client :7 | Local Epoch : 4 | [64/665 (10%)]	Loss1: 5.841930 Loss2: 0.000023 
| Global Round : 12 | Client :8 | Local Epoch : 0 | [64/561 (12%)]	Loss1: 5.845601 Loss2: 0.000036 
| Global Round : 12 | Client :8 | Local Epoch : 1 | [64/561 (12%)]	Loss1: 5.843970 Loss2: 0.000037 
| Global Round : 12 | Client :8 | Local Epoch : 2 | [64/561 (12%)]	Loss1: 5.843555 Loss2: 0.000038 
| Global Round : 12 | Client :8 | Local Epoch : 3 | [64/561 (12%)]	Loss1: 5.843395 Loss2: 0.000037 
| Global Round : 12 | Client :8 | Local Epoch : 4 | [64/561 (12%)]	Loss1: 5.842734 Loss2: 0.000034 
| Global Round : 12 | Client :9 | Local Epoch : 0 | [64/811 (8%)]	Loss1: 5.840407 Loss2: 0.000027 
| Global Round : 12 | Client :9 | Local Epoch : 0 | [704/811 (92%)]	Loss1: 5.842043 Loss2: 0.000025 
| Global Round : 12 | Client :9 | Local Epoch : 1 | [64/811 (8%)]	Loss1: 5.841718 Loss2: 0.000025 
| Global Round : 12 | Client :9 | Local Epoch : 1 | [704/811 (92%)]	Loss1: 5.841377 Loss2: 0.000028 
| Global Round : 12 | Client :9 | Local Epoch : 2 | [64/811 (8%)]	Loss1: 5.841654 Loss2: 0.000027 
| Global Round : 12 | Client :9 | Local Epoch : 2 | [704/811 (92%)]	Loss1: 5.840082 Loss2: 0.000025 
| Global Round : 12 | Client :9 | Local Epoch : 3 | [64/811 (8%)]	Loss1: 5.841629 Loss2: 0.000034 
| Global Round : 12 | Client :9 | Local Epoch : 3 | [704/811 (92%)]	Loss1: 5.841575 Loss2: 0.000027 
| Global Round : 12 | Client :9 | Local Epoch : 4 | [64/811 (8%)]	Loss1: 5.841566 Loss2: 0.000024 
| Global Round : 12 | Client :9 | Local Epoch : 4 | [704/811 (92%)]	Loss1: 5.841045 Loss2: 0.000027 
average loss:   5.8403666240639165
average local test accuracy: 0.8490885416666666
average global test accuracy:  0.5200520833333333

 | Global Training Round : 13 |

xi_k [0.49052537 0.48069653 0.51409627 0.50751304 0.46933969 0.48944203
 0.47777207 0.51287597 0.48643443 0.50449743]
max_exp: -1.0
coe: 10
Regulation [0.8 0.8 0.8 0.8 0.8 0.8 0.8 0.8 0.8 0.8]
Solver status: optimal_inaccurate
b_new: [1. 1. 1. 1. 1. 1. 1. 1. 1. 1.]
Iter 0: obj=48.9319, best_obj=48.9319, ||b_new-b_prev||₂=2.846050
xi_k [0.49052537 0.48069653 0.51409627 0.50751304 0.46933969 0.48944203
 0.47777207 0.51287597 0.48643443 0.50449743]
max_exp: -1.0
coe: 10
Regulation [-1. -1. -1. -1. -1. -1. -1. -1. -1. -1.]
Solver status: optimal_inaccurate
b_new: [1. 1. 1. 1. 1. 1. 1. 1. 1. 1.]
Iter 1: obj=49.8319, best_obj=49.8319, ||b_new-b_prev||₂=0.000000
Converged.
Final b: [1. 1. 1. 1. 1. 1. 1. 1. 1. 1.]
<class 'numpy.ndarray'>
b_float: [1. 1. 1. 1. 1. 1. 1. 1. 1. 1.]
b: [1 1 1 1 1 1 1 1 1 1]
active_clients:  [0, 1, 2, 3, 4, 5, 6, 7, 8, 9]
Client 0's s_k are:[0 1 0 1 0 1 1 1 1 1]
Client 1's s_k are:[1 0 0 0 0 1 0 0 0 0]
Client 2's s_k are:[1 1 0 1 1 1 1 1 1 1]
Client 3's s_k are:[0 0 0 0 1 0 0 0 1 0]
Client 4's s_k are:[0 0 0 1 0 0 1 0 0 0]
Client 5's s_k are:[1 0 0 1 1 0 1 1 1 1]
Client 6's s_k are:[1 1 1 1 1 1 0 0 1 0]
Client 7's s_k are:[1 1 1 1 1 0 1 0 1 1]
Client 8's s_k are:[1 0 1 1 1 1 1 1 0 1]
Client 9's s_k are:[1 1 1 1 1 1 1 1 1 0]
| Global Round : 13 | Client :0 | Local Epoch : 0 | [64/626 (11%)]	Loss1: 5.843722 Loss2: 0.000029 
| Global Round : 13 | Client :0 | Local Epoch : 1 | [64/626 (11%)]	Loss1: 5.845041 Loss2: 0.000028 
| Global Round : 13 | Client :0 | Local Epoch : 2 | [64/626 (11%)]	Loss1: 5.842257 Loss2: 0.000027 
| Global Round : 13 | Client :0 | Local Epoch : 3 | [64/626 (11%)]	Loss1: 5.844096 Loss2: 0.000030 
| Global Round : 13 | Client :0 | Local Epoch : 4 | [64/626 (11%)]	Loss1: 5.843733 Loss2: 0.000027 
| Global Round : 13 | Client :1 | Local Epoch : 0 | [64/497 (14%)]	Loss1: 5.843616 Loss2: 0.000045 
| Global Round : 13 | Client :1 | Local Epoch : 1 | [64/497 (14%)]	Loss1: 5.845331 Loss2: 0.000047 
| Global Round : 13 | Client :1 | Local Epoch : 2 | [64/497 (14%)]	Loss1: 5.843606 Loss2: 0.000056 
| Global Round : 13 | Client :1 | Local Epoch : 3 | [64/497 (14%)]	Loss1: 5.844223 Loss2: 0.000052 
| Global Round : 13 | Client :1 | Local Epoch : 4 | [64/497 (14%)]	Loss1: 5.845223 Loss2: 0.000051 
| Global Round : 13 | Client :2 | Local Epoch : 0 | [64/597 (11%)]	Loss1: 5.841111 Loss2: 0.000023 
| Global Round : 13 | Client :2 | Local Epoch : 1 | [64/597 (11%)]	Loss1: 5.841820 Loss2: 0.000031 
| Global Round : 13 | Client :2 | Local Epoch : 2 | [64/597 (11%)]	Loss1: 5.841181 Loss2: 0.000025 
| Global Round : 13 | Client :2 | Local Epoch : 3 | [64/597 (11%)]	Loss1: 5.840353 Loss2: 0.000024 
| Global Round : 13 | Client :2 | Local Epoch : 4 | [64/597 (11%)]	Loss1: 5.840499 Loss2: 0.000021 
| Global Round : 13 | Client :3 | Local Epoch : 0 | [64/605 (11%)]	Loss1: 5.843535 Loss2: 0.000052 
| Global Round : 13 | Client :3 | Local Epoch : 1 | [64/605 (11%)]	Loss1: 5.844372 Loss2: 0.000043 
| Global Round : 13 | Client :3 | Local Epoch : 2 | [64/605 (11%)]	Loss1: 5.842118 Loss2: 0.000056 
| Global Round : 13 | Client :3 | Local Epoch : 3 | [64/605 (11%)]	Loss1: 5.843458 Loss2: 0.000051 
| Global Round : 13 | Client :3 | Local Epoch : 4 | [64/605 (11%)]	Loss1: 5.842815 Loss2: 0.000046 
| Global Round : 13 | Client :4 | Local Epoch : 0 | [64/436 (17%)]	Loss1: 5.841155 Loss2: 0.000060 
| Global Round : 13 | Client :4 | Local Epoch : 1 | [64/436 (17%)]	Loss1: 5.841012 Loss2: 0.000063 
| Global Round : 13 | Client :4 | Local Epoch : 2 | [64/436 (17%)]	Loss1: 5.842149 Loss2: 0.000058 
| Global Round : 13 | Client :4 | Local Epoch : 3 | [64/436 (17%)]	Loss1: 5.841120 Loss2: 0.000060 
| Global Round : 13 | Client :4 | Local Epoch : 4 | [64/436 (17%)]	Loss1: 5.842128 Loss2: 0.000058 
| Global Round : 13 | Client :5 | Local Epoch : 0 | [64/627 (11%)]	Loss1: 5.841814 Loss2: 0.000037 
| Global Round : 13 | Client :5 | Local Epoch : 1 | [64/627 (11%)]	Loss1: 5.842605 Loss2: 0.000038 
| Global Round : 13 | Client :5 | Local Epoch : 2 | [64/627 (11%)]	Loss1: 5.840962 Loss2: 0.000042 
| Global Round : 13 | Client :5 | Local Epoch : 3 | [64/627 (11%)]	Loss1: 5.841583 Loss2: 0.000030 
| Global Round : 13 | Client :5 | Local Epoch : 4 | [64/627 (11%)]	Loss1: 5.841341 Loss2: 0.000037 
| Global Round : 13 | Client :6 | Local Epoch : 0 | [64/571 (12%)]	Loss1: 5.841749 Loss2: 0.000027 
| Global Round : 13 | Client :6 | Local Epoch : 1 | [64/571 (12%)]	Loss1: 5.843356 Loss2: 0.000023 
| Global Round : 13 | Client :6 | Local Epoch : 2 | [64/571 (12%)]	Loss1: 5.841983 Loss2: 0.000027 
| Global Round : 13 | Client :6 | Local Epoch : 3 | [64/571 (12%)]	Loss1: 5.842326 Loss2: 0.000025 
| Global Round : 13 | Client :6 | Local Epoch : 4 | [64/571 (12%)]	Loss1: 5.843212 Loss2: 0.000022 
| Global Round : 13 | Client :7 | Local Epoch : 0 | [64/665 (10%)]	Loss1: 5.841788 Loss2: 0.000022 
| Global Round : 13 | Client :7 | Local Epoch : 1 | [64/665 (10%)]	Loss1: 5.842816 Loss2: 0.000022 
| Global Round : 13 | Client :7 | Local Epoch : 2 | [64/665 (10%)]	Loss1: 5.841022 Loss2: 0.000021 
| Global Round : 13 | Client :7 | Local Epoch : 3 | [64/665 (10%)]	Loss1: 5.842078 Loss2: 0.000021 
| Global Round : 13 | Client :7 | Local Epoch : 4 | [64/665 (10%)]	Loss1: 5.841583 Loss2: 0.000025 
| Global Round : 13 | Client :8 | Local Epoch : 0 | [64/561 (12%)]	Loss1: 5.844089 Loss2: 0.000028 
| Global Round : 13 | Client :8 | Local Epoch : 1 | [64/561 (12%)]	Loss1: 5.842107 Loss2: 0.000038 
| Global Round : 13 | Client :8 | Local Epoch : 2 | [64/561 (12%)]	Loss1: 5.841707 Loss2: 0.000030 
| Global Round : 13 | Client :8 | Local Epoch : 3 | [64/561 (12%)]	Loss1: 5.843423 Loss2: 0.000029 
| Global Round : 13 | Client :8 | Local Epoch : 4 | [64/561 (12%)]	Loss1: 5.842056 Loss2: 0.000028 
| Global Round : 13 | Client :9 | Local Epoch : 0 | [64/811 (8%)]	Loss1: 5.842288 Loss2: 0.000026 
| Global Round : 13 | Client :9 | Local Epoch : 0 | [704/811 (92%)]	Loss1: 5.840584 Loss2: 0.000036 
| Global Round : 13 | Client :9 | Local Epoch : 1 | [64/811 (8%)]	Loss1: 5.841024 Loss2: 0.000032 
| Global Round : 13 | Client :9 | Local Epoch : 1 | [704/811 (92%)]	Loss1: 5.840657 Loss2: 0.000028 
| Global Round : 13 | Client :9 | Local Epoch : 2 | [64/811 (8%)]	Loss1: 5.841335 Loss2: 0.000025 
| Global Round : 13 | Client :9 | Local Epoch : 2 | [704/811 (92%)]	Loss1: 5.840700 Loss2: 0.000031 
| Global Round : 13 | Client :9 | Local Epoch : 3 | [64/811 (8%)]	Loss1: 5.841138 Loss2: 0.000028 
| Global Round : 13 | Client :9 | Local Epoch : 3 | [704/811 (92%)]	Loss1: 5.841428 Loss2: 0.000030 
| Global Round : 13 | Client :9 | Local Epoch : 4 | [64/811 (8%)]	Loss1: 5.841331 Loss2: 0.000028 
| Global Round : 13 | Client :9 | Local Epoch : 4 | [704/811 (92%)]	Loss1: 5.841506 Loss2: 0.000029 
average loss:   5.840135931949767
average local test accuracy: 0.8467447916666666
average global test accuracy:  0.5338541666666667

 | Global Training Round : 14 |

xi_k [0.49050188 0.48061252 0.51403782 0.50743767 0.46924679 0.4893958
 0.47778654 0.51283312 0.48639636 0.5044668 ]
max_exp: -1.0
coe: 10
Regulation [0.8 0.8 0.8 0.8 0.8 0.8 0.8 0.8 0.8 0.8]
Solver status: optimal_inaccurate
b_new: [1. 1. 1. 1. 1. 1. 1. 1. 1. 1.]
Iter 0: obj=48.9272, best_obj=48.9272, ||b_new-b_prev||₂=2.846050
xi_k [0.49050188 0.48061252 0.51403782 0.50743767 0.46924679 0.4893958
 0.47778654 0.51283312 0.48639636 0.5044668 ]
max_exp: -1.0
coe: 10
Regulation [-1. -1. -1. -1. -1. -1. -1. -1. -1. -1.]
Solver status: optimal_inaccurate
b_new: [1. 1. 1. 1. 1. 1. 1. 1. 1. 1.]
Iter 1: obj=49.8272, best_obj=49.8272, ||b_new-b_prev||₂=0.000000
Converged.
Final b: [1. 1. 1. 1. 1. 1. 1. 1. 1. 1.]
<class 'numpy.ndarray'>
b_float: [1. 1. 1. 1. 1. 1. 1. 1. 1. 1.]
b: [1 1 1 1 1 1 1 1 1 1]
active_clients:  [0, 1, 2, 3, 4, 5, 6, 7, 8, 9]
Client 0's s_k are:[0 1 1 1 1 0 0 0 0 0]
Client 1's s_k are:[1 0 1 0 1 0 1 1 0 0]
Client 2's s_k are:[1 0 0 1 0 0 0 1 0 0]
Client 3's s_k are:[0 1 0 0 0 1 1 0 0 0]
Client 4's s_k are:[0 1 1 0 0 0 0 0 0 0]
Client 5's s_k are:[1 1 1 1 1 0 1 1 1 1]
Client 6's s_k are:[0 1 1 1 1 1 0 1 1 1]
Client 7's s_k are:[0 0 1 1 0 0 0 0 0 0]
Client 8's s_k are:[0 1 0 1 0 1 1 0 0 1]
Client 9's s_k are:[0 1 0 0 0 0 1 1 1 0]
| Global Round : 14 | Client :0 | Local Epoch : 0 | [64/626 (11%)]	Loss1: 5.844711 Loss2: 0.000036 
| Global Round : 14 | Client :0 | Local Epoch : 1 | [64/626 (11%)]	Loss1: 5.842773 Loss2: 0.000031 
| Global Round : 14 | Client :0 | Local Epoch : 2 | [64/626 (11%)]	Loss1: 5.843831 Loss2: 0.000030 
| Global Round : 14 | Client :0 | Local Epoch : 3 | [64/626 (11%)]	Loss1: 5.844155 Loss2: 0.000041 
| Global Round : 14 | Client :0 | Local Epoch : 4 | [64/626 (11%)]	Loss1: 5.843525 Loss2: 0.000030 
| Global Round : 14 | Client :1 | Local Epoch : 0 | [64/497 (14%)]	Loss1: 5.844938 Loss2: 0.000038 
| Global Round : 14 | Client :1 | Local Epoch : 1 | [64/497 (14%)]	Loss1: 5.843743 Loss2: 0.000042 
| Global Round : 14 | Client :1 | Local Epoch : 2 | [64/497 (14%)]	Loss1: 5.842496 Loss2: 0.000037 
| Global Round : 14 | Client :1 | Local Epoch : 3 | [64/497 (14%)]	Loss1: 5.843480 Loss2: 0.000043 
| Global Round : 14 | Client :1 | Local Epoch : 4 | [64/497 (14%)]	Loss1: 5.842256 Loss2: 0.000038 
| Global Round : 14 | Client :2 | Local Epoch : 0 | [64/597 (11%)]	Loss1: 5.842148 Loss2: 0.000033 
| Global Round : 14 | Client :2 | Local Epoch : 1 | [64/597 (11%)]	Loss1: 5.840485 Loss2: 0.000031 
| Global Round : 14 | Client :2 | Local Epoch : 2 | [64/597 (11%)]	Loss1: 5.841719 Loss2: 0.000029 
| Global Round : 14 | Client :2 | Local Epoch : 3 | [64/597 (11%)]	Loss1: 5.842928 Loss2: 0.000030 
| Global Round : 14 | Client :2 | Local Epoch : 4 | [64/597 (11%)]	Loss1: 5.840776 Loss2: 0.000026 
| Global Round : 14 | Client :3 | Local Epoch : 0 | [64/605 (11%)]	Loss1: 5.843117 Loss2: 0.000028 
| Global Round : 14 | Client :3 | Local Epoch : 1 | [64/605 (11%)]	Loss1: 5.844297 Loss2: 0.000023 
| Global Round : 14 | Client :3 | Local Epoch : 2 | [64/605 (11%)]	Loss1: 5.844231 Loss2: 0.000023 
| Global Round : 14 | Client :3 | Local Epoch : 3 | [64/605 (11%)]	Loss1: 5.843014 Loss2: 0.000025 
| Global Round : 14 | Client :3 | Local Epoch : 4 | [64/605 (11%)]	Loss1: 5.843229 Loss2: 0.000026 
| Global Round : 14 | Client :4 | Local Epoch : 0 | [64/436 (17%)]	Loss1: 5.840508 Loss2: 0.000057 
| Global Round : 14 | Client :4 | Local Epoch : 1 | [64/436 (17%)]	Loss1: 5.841047 Loss2: 0.000054 
| Global Round : 14 | Client :4 | Local Epoch : 2 | [64/436 (17%)]	Loss1: 5.842406 Loss2: 0.000053 
| Global Round : 14 | Client :4 | Local Epoch : 3 | [64/436 (17%)]	Loss1: 5.840223 Loss2: 0.000050 
| Global Round : 14 | Client :4 | Local Epoch : 4 | [64/436 (17%)]	Loss1: 5.841457 Loss2: 0.000055 
| Global Round : 14 | Client :5 | Local Epoch : 0 | [64/627 (11%)]	Loss1: 5.841602 Loss2: 0.000036 
| Global Round : 14 | Client :5 | Local Epoch : 1 | [64/627 (11%)]	Loss1: 5.840880 Loss2: 0.000040 
| Global Round : 14 | Client :5 | Local Epoch : 2 | [64/627 (11%)]	Loss1: 5.842450 Loss2: 0.000036 
| Global Round : 14 | Client :5 | Local Epoch : 3 | [64/627 (11%)]	Loss1: 5.840365 Loss2: 0.000036 
| Global Round : 14 | Client :5 | Local Epoch : 4 | [64/627 (11%)]	Loss1: 5.841081 Loss2: 0.000034 
| Global Round : 14 | Client :6 | Local Epoch : 0 | [64/571 (12%)]	Loss1: 5.840544 Loss2: 0.000023 
| Global Round : 14 | Client :6 | Local Epoch : 1 | [64/571 (12%)]	Loss1: 5.843751 Loss2: 0.000025 
| Global Round : 14 | Client :6 | Local Epoch : 2 | [64/571 (12%)]	Loss1: 5.841698 Loss2: 0.000032 
| Global Round : 14 | Client :6 | Local Epoch : 3 | [64/571 (12%)]	Loss1: 5.843175 Loss2: 0.000027 
| Global Round : 14 | Client :6 | Local Epoch : 4 | [64/571 (12%)]	Loss1: 5.842248 Loss2: 0.000026 
| Global Round : 14 | Client :7 | Local Epoch : 0 | [64/665 (10%)]	Loss1: 5.842027 Loss2: 0.000034 
| Global Round : 14 | Client :7 | Local Epoch : 1 | [64/665 (10%)]	Loss1: 5.841530 Loss2: 0.000035 
| Global Round : 14 | Client :7 | Local Epoch : 2 | [64/665 (10%)]	Loss1: 5.840890 Loss2: 0.000033 
| Global Round : 14 | Client :7 | Local Epoch : 3 | [64/665 (10%)]	Loss1: 5.841988 Loss2: 0.000032 
| Global Round : 14 | Client :7 | Local Epoch : 4 | [64/665 (10%)]	Loss1: 5.841692 Loss2: 0.000031 
| Global Round : 14 | Client :8 | Local Epoch : 0 | [64/561 (12%)]	Loss1: 5.842093 Loss2: 0.000029 
| Global Round : 14 | Client :8 | Local Epoch : 1 | [64/561 (12%)]	Loss1: 5.843494 Loss2: 0.000034 
| Global Round : 14 | Client :8 | Local Epoch : 2 | [64/561 (12%)]	Loss1: 5.842285 Loss2: 0.000028 
| Global Round : 14 | Client :8 | Local Epoch : 3 | [64/561 (12%)]	Loss1: 5.842153 Loss2: 0.000036 
| Global Round : 14 | Client :8 | Local Epoch : 4 | [64/561 (12%)]	Loss1: 5.841716 Loss2: 0.000030 
| Global Round : 14 | Client :9 | Local Epoch : 0 | [64/811 (8%)]	Loss1: 5.841147 Loss2: 0.000035 
| Global Round : 14 | Client :9 | Local Epoch : 0 | [704/811 (92%)]	Loss1: 5.840822 Loss2: 0.000030 
| Global Round : 14 | Client :9 | Local Epoch : 1 | [64/811 (8%)]	Loss1: 5.842102 Loss2: 0.000035 
| Global Round : 14 | Client :9 | Local Epoch : 1 | [704/811 (92%)]	Loss1: 5.840124 Loss2: 0.000029 
| Global Round : 14 | Client :9 | Local Epoch : 2 | [64/811 (8%)]	Loss1: 5.842494 Loss2: 0.000025 
| Global Round : 14 | Client :9 | Local Epoch : 2 | [704/811 (92%)]	Loss1: 5.840506 Loss2: 0.000030 
| Global Round : 14 | Client :9 | Local Epoch : 3 | [64/811 (8%)]	Loss1: 5.840065 Loss2: 0.000038 
| Global Round : 14 | Client :9 | Local Epoch : 3 | [704/811 (92%)]	Loss1: 5.842185 Loss2: 0.000031 
| Global Round : 14 | Client :9 | Local Epoch : 4 | [64/811 (8%)]	Loss1: 5.841292 Loss2: 0.000032 
| Global Round : 14 | Client :9 | Local Epoch : 4 | [704/811 (92%)]	Loss1: 5.840618 Loss2: 0.000028 
average loss:   5.839935617617199
average local test accuracy: 0.8569010416666666
average global test accuracy:  0.5571614583333334

 | Global Training Round : 15 |

xi_k [0.49042073 0.48058092 0.51397959 0.5074009  0.46923315 0.48937931
 0.47775209 0.51283195 0.48635335 0.50447907]
max_exp: -1.0
coe: 10
Regulation [0.8 0.8 0.8 0.8 0.8 0.8 0.8 0.8 0.8 0.8]
Solver status: optimal_inaccurate
b_new: [1. 1. 1. 1. 1. 1. 1. 1. 1. 1.]
Iter 0: obj=48.9241, best_obj=48.9241, ||b_new-b_prev||₂=2.846050
xi_k [0.49042073 0.48058092 0.51397959 0.5074009  0.46923315 0.48937931
 0.47775209 0.51283195 0.48635335 0.50447907]
max_exp: -1.0
coe: 10
Regulation [-1. -1. -1. -1. -1. -1. -1. -1. -1. -1.]
Solver status: optimal_inaccurate
b_new: [1. 1. 1. 1. 1. 1. 1. 1. 1. 1.]
Iter 1: obj=49.8241, best_obj=49.8241, ||b_new-b_prev||₂=0.000000
Converged.
Final b: [1. 1. 1. 1. 1. 1. 1. 1. 1. 1.]
<class 'numpy.ndarray'>
b_float: [1. 1. 1. 1. 1. 1. 1. 1. 1. 1.]
b: [1 1 1 1 1 1 1 1 1 1]
active_clients:  [0, 1, 2, 3, 4, 5, 6, 7, 8, 9]
Client 0's s_k are:[0 1 1 0 0 1 1 1 0 0]
Client 1's s_k are:[1 0 1 1 1 1 1 1 1 1]
Client 2's s_k are:[0 0 0 0 0 1 0 1 1 0]
Client 3's s_k are:[0 0 1 0 1 1 0 0 1 0]
Client 4's s_k are:[1 1 1 1 0 1 1 1 1 1]
Client 5's s_k are:[0 1 0 0 0 0 1 0 1 0]
Client 6's s_k are:[1 1 1 1 1 1 0 1 1 1]
Client 7's s_k are:[1 0 0 1 0 0 0 0 0 1]
Client 8's s_k are:[0 1 1 0 1 0 1 1 0 1]
Client 9's s_k are:[1 1 1 1 1 1 1 1 1 0]
| Global Round : 15 | Client :0 | Local Epoch : 0 | [64/626 (11%)]	Loss1: 5.844934 Loss2: 0.000035 
| Global Round : 15 | Client :0 | Local Epoch : 1 | [64/626 (11%)]	Loss1: 5.843697 Loss2: 0.000033 
| Global Round : 15 | Client :0 | Local Epoch : 2 | [64/626 (11%)]	Loss1: 5.842510 Loss2: 0.000028 
| Global Round : 15 | Client :0 | Local Epoch : 3 | [64/626 (11%)]	Loss1: 5.842626 Loss2: 0.000036 
| Global Round : 15 | Client :0 | Local Epoch : 4 | [64/626 (11%)]	Loss1: 5.842375 Loss2: 0.000029 
| Global Round : 15 | Client :1 | Local Epoch : 0 | [64/497 (14%)]	Loss1: 5.841943 Loss2: 0.000045 
| Global Round : 15 | Client :1 | Local Epoch : 1 | [64/497 (14%)]	Loss1: 5.845361 Loss2: 0.000039 
| Global Round : 15 | Client :1 | Local Epoch : 2 | [64/497 (14%)]	Loss1: 5.843987 Loss2: 0.000047 
| Global Round : 15 | Client :1 | Local Epoch : 3 | [64/497 (14%)]	Loss1: 5.841949 Loss2: 0.000048 
| Global Round : 15 | Client :1 | Local Epoch : 4 | [64/497 (14%)]	Loss1: 5.842317 Loss2: 0.000043 
| Global Round : 15 | Client :2 | Local Epoch : 0 | [64/597 (11%)]	Loss1: 5.840347 Loss2: 0.000023 
| Global Round : 15 | Client :2 | Local Epoch : 1 | [64/597 (11%)]	Loss1: 5.842191 Loss2: 0.000028 
| Global Round : 15 | Client :2 | Local Epoch : 2 | [64/597 (11%)]	Loss1: 5.841573 Loss2: 0.000027 
| Global Round : 15 | Client :2 | Local Epoch : 3 | [64/597 (11%)]	Loss1: 5.841287 Loss2: 0.000030 
| Global Round : 15 | Client :2 | Local Epoch : 4 | [64/597 (11%)]	Loss1: 5.841225 Loss2: 0.000026 
| Global Round : 15 | Client :3 | Local Epoch : 0 | [64/605 (11%)]	Loss1: 5.843306 Loss2: 0.000027 
| Global Round : 15 | Client :3 | Local Epoch : 1 | [64/605 (11%)]	Loss1: 5.843340 Loss2: 0.000029 
| Global Round : 15 | Client :3 | Local Epoch : 2 | [64/605 (11%)]	Loss1: 5.841740 Loss2: 0.000027 
| Global Round : 15 | Client :3 | Local Epoch : 3 | [64/605 (11%)]	Loss1: 5.843540 Loss2: 0.000026 
| Global Round : 15 | Client :3 | Local Epoch : 4 | [64/605 (11%)]	Loss1: 5.842752 Loss2: 0.000027 
| Global Round : 15 | Client :4 | Local Epoch : 0 | [64/436 (17%)]	Loss1: 5.843489 Loss2: 0.000046 
| Global Round : 15 | Client :4 | Local Epoch : 1 | [64/436 (17%)]	Loss1: 5.840796 Loss2: 0.000046 
| Global Round : 15 | Client :4 | Local Epoch : 2 | [64/436 (17%)]	Loss1: 5.840946 Loss2: 0.000043 
| Global Round : 15 | Client :4 | Local Epoch : 3 | [64/436 (17%)]	Loss1: 5.841020 Loss2: 0.000048 
| Global Round : 15 | Client :4 | Local Epoch : 4 | [64/436 (17%)]	Loss1: 5.841320 Loss2: 0.000043 
| Global Round : 15 | Client :5 | Local Epoch : 0 | [64/627 (11%)]	Loss1: 5.840136 Loss2: 0.000048 
| Global Round : 15 | Client :5 | Local Epoch : 1 | [64/627 (11%)]	Loss1: 5.840496 Loss2: 0.000049 
| Global Round : 15 | Client :5 | Local Epoch : 2 | [64/627 (11%)]	Loss1: 5.841373 Loss2: 0.000049 
| Global Round : 15 | Client :5 | Local Epoch : 3 | [64/627 (11%)]	Loss1: 5.842135 Loss2: 0.000047 
| Global Round : 15 | Client :5 | Local Epoch : 4 | [64/627 (11%)]	Loss1: 5.842053 Loss2: 0.000046 
| Global Round : 15 | Client :6 | Local Epoch : 0 | [64/571 (12%)]	Loss1: 5.842239 Loss2: 0.000026 
| Global Round : 15 | Client :6 | Local Epoch : 1 | [64/571 (12%)]	Loss1: 5.842576 Loss2: 0.000022 
| Global Round : 15 | Client :6 | Local Epoch : 2 | [64/571 (12%)]	Loss1: 5.841043 Loss2: 0.000025 
| Global Round : 15 | Client :6 | Local Epoch : 3 | [64/571 (12%)]	Loss1: 5.840788 Loss2: 0.000024 
| Global Round : 15 | Client :6 | Local Epoch : 4 | [64/571 (12%)]	Loss1: 5.841010 Loss2: 0.000023 
| Global Round : 15 | Client :7 | Local Epoch : 0 | [64/665 (10%)]	Loss1: 5.842675 Loss2: 0.000025 
| Global Round : 15 | Client :7 | Local Epoch : 1 | [64/665 (10%)]	Loss1: 5.844428 Loss2: 0.000028 
| Global Round : 15 | Client :7 | Local Epoch : 2 | [64/665 (10%)]	Loss1: 5.841228 Loss2: 0.000023 
| Global Round : 15 | Client :7 | Local Epoch : 3 | [64/665 (10%)]	Loss1: 5.841900 Loss2: 0.000027 
| Global Round : 15 | Client :7 | Local Epoch : 4 | [64/665 (10%)]	Loss1: 5.840324 Loss2: 0.000025 
| Global Round : 15 | Client :8 | Local Epoch : 0 | [64/561 (12%)]	Loss1: 5.842540 Loss2: 0.000030 
| Global Round : 15 | Client :8 | Local Epoch : 1 | [64/561 (12%)]	Loss1: 5.842063 Loss2: 0.000030 
| Global Round : 15 | Client :8 | Local Epoch : 2 | [64/561 (12%)]	Loss1: 5.841686 Loss2: 0.000029 
| Global Round : 15 | Client :8 | Local Epoch : 3 | [64/561 (12%)]	Loss1: 5.842872 Loss2: 0.000030 
| Global Round : 15 | Client :8 | Local Epoch : 4 | [64/561 (12%)]	Loss1: 5.844553 Loss2: 0.000029 
| Global Round : 15 | Client :9 | Local Epoch : 0 | [64/811 (8%)]	Loss1: 5.841022 Loss2: 0.000030 
| Global Round : 15 | Client :9 | Local Epoch : 0 | [704/811 (92%)]	Loss1: 5.841938 Loss2: 0.000026 
| Global Round : 15 | Client :9 | Local Epoch : 1 | [64/811 (8%)]	Loss1: 5.839950 Loss2: 0.000023 
| Global Round : 15 | Client :9 | Local Epoch : 1 | [704/811 (92%)]	Loss1: 5.841023 Loss2: 0.000028 
| Global Round : 15 | Client :9 | Local Epoch : 2 | [64/811 (8%)]	Loss1: 5.841549 Loss2: 0.000030 
| Global Round : 15 | Client :9 | Local Epoch : 2 | [704/811 (92%)]	Loss1: 5.841236 Loss2: 0.000030 
| Global Round : 15 | Client :9 | Local Epoch : 3 | [64/811 (8%)]	Loss1: 5.841129 Loss2: 0.000024 
| Global Round : 15 | Client :9 | Local Epoch : 3 | [704/811 (92%)]	Loss1: 5.840926 Loss2: 0.000031 
| Global Round : 15 | Client :9 | Local Epoch : 4 | [64/811 (8%)]	Loss1: 5.840300 Loss2: 0.000030 
| Global Round : 15 | Client :9 | Local Epoch : 4 | [704/811 (92%)]	Loss1: 5.840528 Loss2: 0.000027 
average loss:   5.839783526526557
average local test accuracy: 0.8592447916666666
average global test accuracy:  0.5908854166666666

 | Global Training Round : 16 |

xi_k [0.49042058 0.48054514 0.5139973  0.5073667  0.46926623 0.4893231
 0.47770066 0.51279561 0.48628312 0.50447987]
max_exp: -1.0
coe: 10
Regulation [0.8 0.8 0.8 0.8 0.8 0.8 0.8 0.8 0.8 0.8]
Solver status: optimal_inaccurate
b_new: [1. 1. 1. 1. 1. 1. 1. 1. 1. 1.]
Iter 0: obj=48.9218, best_obj=48.9218, ||b_new-b_prev||₂=2.846050
xi_k [0.49042058 0.48054514 0.5139973  0.5073667  0.46926623 0.4893231
 0.47770066 0.51279561 0.48628312 0.50447987]
max_exp: -1.0
coe: 10
Regulation [-1. -1. -1. -1. -1. -1. -1. -1. -1. -1.]
Solver status: optimal_inaccurate
b_new: [1. 1. 1. 1. 1. 1. 1. 1. 1. 1.]
Iter 1: obj=49.8218, best_obj=49.8218, ||b_new-b_prev||₂=0.000000
Converged.
Final b: [1. 1. 1. 1. 1. 1. 1. 1. 1. 1.]
<class 'numpy.ndarray'>
b_float: [1. 1. 1. 1. 1. 1. 1. 1. 1. 1.]
b: [1 1 1 1 1 1 1 1 1 1]
active_clients:  [0, 1, 2, 3, 4, 5, 6, 7, 8, 9]
Client 0's s_k are:[0 0 1 1 0 1 1 0 1 1]
Client 1's s_k are:[1 0 1 1 1 0 1 0 1 1]
Client 2's s_k are:[1 1 0 1 0 0 1 0 1 1]
Client 3's s_k are:[1 1 1 0 1 1 1 1 1 1]
Client 4's s_k are:[1 1 1 1 0 1 1 1 1 1]
Client 5's s_k are:[1 0 1 0 1 0 1 0 0 0]
Client 6's s_k are:[1 0 0 1 1 1 0 0 1 1]
Client 7's s_k are:[1 1 0 1 1 1 1 0 1 1]
Client 8's s_k are:[1 0 1 0 1 1 1 1 0 0]
Client 9's s_k are:[1 0 1 0 1 1 1 1 1 0]
| Global Round : 16 | Client :0 | Local Epoch : 0 | [64/626 (11%)]	Loss1: 5.842445 Loss2: 0.000031 
| Global Round : 16 | Client :0 | Local Epoch : 1 | [64/626 (11%)]	Loss1: 5.842670 Loss2: 0.000034 
| Global Round : 16 | Client :0 | Local Epoch : 2 | [64/626 (11%)]	Loss1: 5.842458 Loss2: 0.000034 
| Global Round : 16 | Client :0 | Local Epoch : 3 | [64/626 (11%)]	Loss1: 5.844059 Loss2: 0.000029 
| Global Round : 16 | Client :0 | Local Epoch : 4 | [64/626 (11%)]	Loss1: 5.841888 Loss2: 0.000030 
| Global Round : 16 | Client :1 | Local Epoch : 0 | [64/497 (14%)]	Loss1: 5.845441 Loss2: 0.000045 
| Global Round : 16 | Client :1 | Local Epoch : 1 | [64/497 (14%)]	Loss1: 5.844236 Loss2: 0.000039 
| Global Round : 16 | Client :1 | Local Epoch : 2 | [64/497 (14%)]	Loss1: 5.842435 Loss2: 0.000044 
| Global Round : 16 | Client :1 | Local Epoch : 3 | [64/497 (14%)]	Loss1: 5.844032 Loss2: 0.000037 
| Global Round : 16 | Client :1 | Local Epoch : 4 | [64/497 (14%)]	Loss1: 5.843244 Loss2: 0.000044 
| Global Round : 16 | Client :2 | Local Epoch : 0 | [64/597 (11%)]	Loss1: 5.840883 Loss2: 0.000023 
| Global Round : 16 | Client :2 | Local Epoch : 1 | [64/597 (11%)]	Loss1: 5.841142 Loss2: 0.000023 
| Global Round : 16 | Client :2 | Local Epoch : 2 | [64/597 (11%)]	Loss1: 5.840579 Loss2: 0.000028 
| Global Round : 16 | Client :2 | Local Epoch : 3 | [64/597 (11%)]	Loss1: 5.841039 Loss2: 0.000024 
| Global Round : 16 | Client :2 | Local Epoch : 4 | [64/597 (11%)]	Loss1: 5.841712 Loss2: 0.000030 
| Global Round : 16 | Client :3 | Local Epoch : 0 | [64/605 (11%)]	Loss1: 5.842868 Loss2: 0.000022 
| Global Round : 16 | Client :3 | Local Epoch : 1 | [64/605 (11%)]	Loss1: 5.842167 Loss2: 0.000025 
| Global Round : 16 | Client :3 | Local Epoch : 2 | [64/605 (11%)]	Loss1: 5.843106 Loss2: 0.000017 
| Global Round : 16 | Client :3 | Local Epoch : 3 | [64/605 (11%)]	Loss1: 5.842535 Loss2: 0.000029 
| Global Round : 16 | Client :3 | Local Epoch : 4 | [64/605 (11%)]	Loss1: 5.842663 Loss2: 0.000028 
| Global Round : 16 | Client :4 | Local Epoch : 0 | [64/436 (17%)]	Loss1: 5.840454 Loss2: 0.000040 
| Global Round : 16 | Client :4 | Local Epoch : 1 | [64/436 (17%)]	Loss1: 5.842735 Loss2: 0.000047 
| Global Round : 16 | Client :4 | Local Epoch : 2 | [64/436 (17%)]	Loss1: 5.841743 Loss2: 0.000041 
| Global Round : 16 | Client :4 | Local Epoch : 3 | [64/436 (17%)]	Loss1: 5.841797 Loss2: 0.000043 
| Global Round : 16 | Client :4 | Local Epoch : 4 | [64/436 (17%)]	Loss1: 5.841638 Loss2: 0.000046 
| Global Round : 16 | Client :5 | Local Epoch : 0 | [64/627 (11%)]	Loss1: 5.839581 Loss2: 0.000037 
| Global Round : 16 | Client :5 | Local Epoch : 1 | [64/627 (11%)]	Loss1: 5.841278 Loss2: 0.000051 
| Global Round : 16 | Client :5 | Local Epoch : 2 | [64/627 (11%)]	Loss1: 5.841150 Loss2: 0.000043 
| Global Round : 16 | Client :5 | Local Epoch : 3 | [64/627 (11%)]	Loss1: 5.841212 Loss2: 0.000037 
| Global Round : 16 | Client :5 | Local Epoch : 4 | [64/627 (11%)]	Loss1: 5.839963 Loss2: 0.000038 
| Global Round : 16 | Client :6 | Local Epoch : 0 | [64/571 (12%)]	Loss1: 5.840675 Loss2: 0.000026 
| Global Round : 16 | Client :6 | Local Epoch : 1 | [64/571 (12%)]	Loss1: 5.840776 Loss2: 0.000029 
| Global Round : 16 | Client :6 | Local Epoch : 2 | [64/571 (12%)]	Loss1: 5.841669 Loss2: 0.000028 
| Global Round : 16 | Client :6 | Local Epoch : 3 | [64/571 (12%)]	Loss1: 5.841720 Loss2: 0.000027 
| Global Round : 16 | Client :6 | Local Epoch : 4 | [64/571 (12%)]	Loss1: 5.841369 Loss2: 0.000030 
| Global Round : 16 | Client :7 | Local Epoch : 0 | [64/665 (10%)]	Loss1: 5.841434 Loss2: 0.000022 
| Global Round : 16 | Client :7 | Local Epoch : 1 | [64/665 (10%)]	Loss1: 5.841719 Loss2: 0.000026 
| Global Round : 16 | Client :7 | Local Epoch : 2 | [64/665 (10%)]	Loss1: 5.842499 Loss2: 0.000028 
| Global Round : 16 | Client :7 | Local Epoch : 3 | [64/665 (10%)]	Loss1: 5.841877 Loss2: 0.000027 
| Global Round : 16 | Client :7 | Local Epoch : 4 | [64/665 (10%)]	Loss1: 5.840569 Loss2: 0.000024 
| Global Round : 16 | Client :8 | Local Epoch : 0 | [64/561 (12%)]	Loss1: 5.840790 Loss2: 0.000031 
| Global Round : 16 | Client :8 | Local Epoch : 1 | [64/561 (12%)]	Loss1: 5.841298 Loss2: 0.000032 
| Global Round : 16 | Client :8 | Local Epoch : 2 | [64/561 (12%)]	Loss1: 5.842374 Loss2: 0.000027 
| Global Round : 16 | Client :8 | Local Epoch : 3 | [64/561 (12%)]	Loss1: 5.841184 Loss2: 0.000030 
| Global Round : 16 | Client :8 | Local Epoch : 4 | [64/561 (12%)]	Loss1: 5.841158 Loss2: 0.000030 
| Global Round : 16 | Client :9 | Local Epoch : 0 | [64/811 (8%)]	Loss1: 5.841508 Loss2: 0.000022 
| Global Round : 16 | Client :9 | Local Epoch : 0 | [704/811 (92%)]	Loss1: 5.840124 Loss2: 0.000029 
| Global Round : 16 | Client :9 | Local Epoch : 1 | [64/811 (8%)]	Loss1: 5.841678 Loss2: 0.000025 
| Global Round : 16 | Client :9 | Local Epoch : 1 | [704/811 (92%)]	Loss1: 5.840060 Loss2: 0.000025 
| Global Round : 16 | Client :9 | Local Epoch : 2 | [64/811 (8%)]	Loss1: 5.840391 Loss2: 0.000026 
| Global Round : 16 | Client :9 | Local Epoch : 2 | [704/811 (92%)]	Loss1: 5.840801 Loss2: 0.000027 
| Global Round : 16 | Client :9 | Local Epoch : 3 | [64/811 (8%)]	Loss1: 5.840358 Loss2: 0.000023 
| Global Round : 16 | Client :9 | Local Epoch : 3 | [704/811 (92%)]	Loss1: 5.840394 Loss2: 0.000031 
| Global Round : 16 | Client :9 | Local Epoch : 4 | [64/811 (8%)]	Loss1: 5.841839 Loss2: 0.000022 
| Global Round : 16 | Client :9 | Local Epoch : 4 | [704/811 (92%)]	Loss1: 5.842260 Loss2: 0.000025 
average loss:   5.839674594269859
average local test accuracy: 0.8462239583333334
average global test accuracy:  0.5725260416666667

 | Global Training Round : 17 |

xi_k [0.49037861 0.48049392 0.51401521 0.50734196 0.46917026 0.48933523
 0.47774186 0.51276924 0.48624312 0.50443393]
max_exp: -1.0
coe: 10
Regulation [0.8 0.8 0.8 0.8 0.8 0.8 0.8 0.8 0.8 0.8]
Solver status: optimal_inaccurate
b_new: [1. 1. 1. 1. 1. 1. 1. 1. 1. 1.]
Iter 0: obj=48.9192, best_obj=48.9192, ||b_new-b_prev||₂=2.846050
xi_k [0.49037861 0.48049392 0.51401521 0.50734196 0.46917026 0.48933523
 0.47774186 0.51276924 0.48624312 0.50443393]
max_exp: -1.0
coe: 10
Regulation [-1. -1. -1. -1. -1. -1. -1. -1. -1. -1.]
Solver status: optimal_inaccurate
b_new: [1. 1. 1. 1. 1. 1. 1. 1. 1. 1.]
Iter 1: obj=49.8192, best_obj=49.8192, ||b_new-b_prev||₂=0.000000
Converged.
Final b: [1. 1. 1. 1. 1. 1. 1. 1. 1. 1.]
<class 'numpy.ndarray'>
b_float: [1. 1. 1. 1. 1. 1. 1. 1. 1. 1.]
b: [1 1 1 1 1 1 1 1 1 1]
active_clients:  [0, 1, 2, 3, 4, 5, 6, 7, 8, 9]
Client 0's s_k are:[0 1 1 1 1 1 1 1 1 1]
Client 1's s_k are:[1 0 0 0 0 0 0 0 0 0]
Client 2's s_k are:[0 0 0 1 0 0 0 0 1 1]
Client 3's s_k are:[1 1 1 0 1 1 1 1 1 1]
Client 4's s_k are:[1 1 1 1 0 1 1 1 0 1]
Client 5's s_k are:[0 1 0 1 1 0 0 1 1 1]
Client 6's s_k are:[1 0 0 0 0 0 0 0 0 0]
Client 7's s_k are:[1 0 0 0 0 0 0 0 0 0]
Client 8's s_k are:[0 1 0 1 0 0 0 1 0 0]
Client 9's s_k are:[0 0 1 0 0 0 1 1 0 0]
| Global Round : 17 | Client :0 | Local Epoch : 0 | [64/626 (11%)]	Loss1: 5.844728 Loss2: 0.000027 
| Global Round : 17 | Client :0 | Local Epoch : 1 | [64/626 (11%)]	Loss1: 5.844118 Loss2: 0.000034 
| Global Round : 17 | Client :0 | Local Epoch : 2 | [64/626 (11%)]	Loss1: 5.841763 Loss2: 0.000026 
| Global Round : 17 | Client :0 | Local Epoch : 3 | [64/626 (11%)]	Loss1: 5.842239 Loss2: 0.000026 
| Global Round : 17 | Client :0 | Local Epoch : 4 | [64/626 (11%)]	Loss1: 5.844987 Loss2: 0.000030 
| Global Round : 17 | Client :1 | Local Epoch : 0 | [64/497 (14%)]	Loss1: 5.842459 Loss2: 0.000048 
| Global Round : 17 | Client :1 | Local Epoch : 1 | [64/497 (14%)]	Loss1: 5.843637 Loss2: 0.000053 
| Global Round : 17 | Client :1 | Local Epoch : 2 | [64/497 (14%)]	Loss1: 5.842673 Loss2: 0.000046 
| Global Round : 17 | Client :1 | Local Epoch : 3 | [64/497 (14%)]	Loss1: 5.843076 Loss2: 0.000058 
| Global Round : 17 | Client :1 | Local Epoch : 4 | [64/497 (14%)]	Loss1: 5.842527 Loss2: 0.000044 
| Global Round : 17 | Client :2 | Local Epoch : 0 | [64/597 (11%)]	Loss1: 5.840742 Loss2: 0.000020 
| Global Round : 17 | Client :2 | Local Epoch : 1 | [64/597 (11%)]	Loss1: 5.841486 Loss2: 0.000027 
| Global Round : 17 | Client :2 | Local Epoch : 2 | [64/597 (11%)]	Loss1: 5.841518 Loss2: 0.000026 
| Global Round : 17 | Client :2 | Local Epoch : 3 | [64/597 (11%)]	Loss1: 5.841439 Loss2: 0.000022 
| Global Round : 17 | Client :2 | Local Epoch : 4 | [64/597 (11%)]	Loss1: 5.841848 Loss2: 0.000023 
| Global Round : 17 | Client :3 | Local Epoch : 0 | [64/605 (11%)]	Loss1: 5.842229 Loss2: 0.000026 
| Global Round : 17 | Client :3 | Local Epoch : 1 | [64/605 (11%)]	Loss1: 5.842174 Loss2: 0.000021 
| Global Round : 17 | Client :3 | Local Epoch : 2 | [64/605 (11%)]	Loss1: 5.842834 Loss2: 0.000027 
| Global Round : 17 | Client :3 | Local Epoch : 3 | [64/605 (11%)]	Loss1: 5.841985 Loss2: 0.000025 
| Global Round : 17 | Client :3 | Local Epoch : 4 | [64/605 (11%)]	Loss1: 5.841486 Loss2: 0.000021 
| Global Round : 17 | Client :4 | Local Epoch : 0 | [64/436 (17%)]	Loss1: 5.841020 Loss2: 0.000049 
| Global Round : 17 | Client :4 | Local Epoch : 1 | [64/436 (17%)]	Loss1: 5.840773 Loss2: 0.000044 
| Global Round : 17 | Client :4 | Local Epoch : 2 | [64/436 (17%)]	Loss1: 5.840245 Loss2: 0.000046 
| Global Round : 17 | Client :4 | Local Epoch : 3 | [64/436 (17%)]	Loss1: 5.840357 Loss2: 0.000052 
| Global Round : 17 | Client :4 | Local Epoch : 4 | [64/436 (17%)]	Loss1: 5.840418 Loss2: 0.000050 
| Global Round : 17 | Client :5 | Local Epoch : 0 | [64/627 (11%)]	Loss1: 5.839745 Loss2: 0.000031 
| Global Round : 17 | Client :5 | Local Epoch : 1 | [64/627 (11%)]	Loss1: 5.841759 Loss2: 0.000034 
| Global Round : 17 | Client :5 | Local Epoch : 2 | [64/627 (11%)]	Loss1: 5.842256 Loss2: 0.000032 
| Global Round : 17 | Client :5 | Local Epoch : 3 | [64/627 (11%)]	Loss1: 5.841121 Loss2: 0.000034 
| Global Round : 17 | Client :5 | Local Epoch : 4 | [64/627 (11%)]	Loss1: 5.840403 Loss2: 0.000033 
| Global Round : 17 | Client :6 | Local Epoch : 0 | [64/571 (12%)]	Loss1: 5.842219 Loss2: 0.000028 
| Global Round : 17 | Client :6 | Local Epoch : 1 | [64/571 (12%)]	Loss1: 5.841560 Loss2: 0.000028 
| Global Round : 17 | Client :6 | Local Epoch : 2 | [64/571 (12%)]	Loss1: 5.842257 Loss2: 0.000030 
| Global Round : 17 | Client :6 | Local Epoch : 3 | [64/571 (12%)]	Loss1: 5.843060 Loss2: 0.000027 
| Global Round : 17 | Client :6 | Local Epoch : 4 | [64/571 (12%)]	Loss1: 5.840160 Loss2: 0.000028 
| Global Round : 17 | Client :7 | Local Epoch : 0 | [64/665 (10%)]	Loss1: 5.841995 Loss2: 0.000030 
| Global Round : 17 | Client :7 | Local Epoch : 1 | [64/665 (10%)]	Loss1: 5.841593 Loss2: 0.000032 
| Global Round : 17 | Client :7 | Local Epoch : 2 | [64/665 (10%)]	Loss1: 5.842172 Loss2: 0.000029 
| Global Round : 17 | Client :7 | Local Epoch : 3 | [64/665 (10%)]	Loss1: 5.840870 Loss2: 0.000030 
| Global Round : 17 | Client :7 | Local Epoch : 4 | [64/665 (10%)]	Loss1: 5.842180 Loss2: 0.000032 
| Global Round : 17 | Client :8 | Local Epoch : 0 | [64/561 (12%)]	Loss1: 5.843247 Loss2: 0.000037 
| Global Round : 17 | Client :8 | Local Epoch : 1 | [64/561 (12%)]	Loss1: 5.842416 Loss2: 0.000041 
| Global Round : 17 | Client :8 | Local Epoch : 2 | [64/561 (12%)]	Loss1: 5.841773 Loss2: 0.000038 
| Global Round : 17 | Client :8 | Local Epoch : 3 | [64/561 (12%)]	Loss1: 5.842651 Loss2: 0.000038 
| Global Round : 17 | Client :8 | Local Epoch : 4 | [64/561 (12%)]	Loss1: 5.842793 Loss2: 0.000037 
| Global Round : 17 | Client :9 | Local Epoch : 0 | [64/811 (8%)]	Loss1: 5.839788 Loss2: 0.000025 
| Global Round : 17 | Client :9 | Local Epoch : 0 | [704/811 (92%)]	Loss1: 5.841045 Loss2: 0.000035 
| Global Round : 17 | Client :9 | Local Epoch : 1 | [64/811 (8%)]	Loss1: 5.841756 Loss2: 0.000023 
| Global Round : 17 | Client :9 | Local Epoch : 1 | [704/811 (92%)]	Loss1: 5.840583 Loss2: 0.000031 
| Global Round : 17 | Client :9 | Local Epoch : 2 | [64/811 (8%)]	Loss1: 5.839442 Loss2: 0.000027 
| Global Round : 17 | Client :9 | Local Epoch : 2 | [704/811 (92%)]	Loss1: 5.841441 Loss2: 0.000038 
| Global Round : 17 | Client :9 | Local Epoch : 3 | [64/811 (8%)]	Loss1: 5.840711 Loss2: 0.000025 
| Global Round : 17 | Client :9 | Local Epoch : 3 | [704/811 (92%)]	Loss1: 5.840690 Loss2: 0.000035 
| Global Round : 17 | Client :9 | Local Epoch : 4 | [64/811 (8%)]	Loss1: 5.840395 Loss2: 0.000028 
| Global Round : 17 | Client :9 | Local Epoch : 4 | [704/811 (92%)]	Loss1: 5.840364 Loss2: 0.000037 
average loss:   5.839505331989318
average local test accuracy: 0.8537760416666667
average global test accuracy:  0.601953125

 | Global Training Round : 18 |

xi_k [0.49034651 0.48047147 0.51391179 0.50729078 0.46915892 0.48931525
 0.47769707 0.51277524 0.48621551 0.50442262]
max_exp: -1.0
coe: 10
Regulation [0.8 0.8 0.8 0.8 0.8 0.8 0.8 0.8 0.8 0.8]
Solver status: optimal_inaccurate
b_new: [1. 1. 1. 1. 1. 1. 1. 1. 1. 1.]
Iter 0: obj=48.9161, best_obj=48.9161, ||b_new-b_prev||₂=2.846050
xi_k [0.49034651 0.48047147 0.51391179 0.50729078 0.46915892 0.48931525
 0.47769707 0.51277524 0.48621551 0.50442262]
max_exp: -1.0
coe: 10
Regulation [-1. -1. -1. -1. -1. -1. -1. -1. -1. -1.]
Solver status: optimal_inaccurate
b_new: [1. 1. 1. 1. 1. 1. 1. 1. 1. 1.]
Iter 1: obj=49.8161, best_obj=49.8161, ||b_new-b_prev||₂=0.000000
Converged.
Final b: [1. 1. 1. 1. 1. 1. 1. 1. 1. 1.]
<class 'numpy.ndarray'>
b_float: [1. 1. 1. 1. 1. 1. 1. 1. 1. 1.]
b: [1 1 1 1 1 1 1 1 1 1]
active_clients:  [0, 1, 2, 3, 4, 5, 6, 7, 8, 9]
Client 0's s_k are:[0 1 0 1 0 0 0 1 1 1]
Client 1's s_k are:[0 0 0 0 1 0 1 0 0 1]
Client 2's s_k are:[1 0 0 1 0 1 1 0 0 0]
Client 3's s_k are:[1 1 1 0 1 1 1 1 1 0]
Client 4's s_k are:[0 1 1 1 0 0 1 0 1 1]
Client 5's s_k are:[0 0 1 0 1 0 0 0 0 1]
Client 6's s_k are:[1 1 1 1 1 1 0 0 1 1]
Client 7's s_k are:[0 1 0 0 0 0 0 0 1 1]
Client 8's s_k are:[0 0 1 0 0 1 1 0 0 0]
Client 9's s_k are:[1 1 1 1 1 1 1 1 1 0]
| Global Round : 18 | Client :0 | Local Epoch : 0 | [64/626 (11%)]	Loss1: 5.844029 Loss2: 0.000027 
| Global Round : 18 | Client :0 | Local Epoch : 1 | [64/626 (11%)]	Loss1: 5.843543 Loss2: 0.000029 
| Global Round : 18 | Client :0 | Local Epoch : 2 | [64/626 (11%)]	Loss1: 5.843169 Loss2: 0.000024 
| Global Round : 18 | Client :0 | Local Epoch : 3 | [64/626 (11%)]	Loss1: 5.842090 Loss2: 0.000026 
| Global Round : 18 | Client :0 | Local Epoch : 4 | [64/626 (11%)]	Loss1: 5.842253 Loss2: 0.000028 
| Global Round : 18 | Client :1 | Local Epoch : 0 | [64/497 (14%)]	Loss1: 5.842253 Loss2: 0.000045 
| Global Round : 18 | Client :1 | Local Epoch : 1 | [64/497 (14%)]	Loss1: 5.843488 Loss2: 0.000042 
| Global Round : 18 | Client :1 | Local Epoch : 2 | [64/497 (14%)]	Loss1: 5.842030 Loss2: 0.000044 
| Global Round : 18 | Client :1 | Local Epoch : 3 | [64/497 (14%)]	Loss1: 5.842839 Loss2: 0.000044 
| Global Round : 18 | Client :1 | Local Epoch : 4 | [64/497 (14%)]	Loss1: 5.845043 Loss2: 0.000039 
| Global Round : 18 | Client :2 | Local Epoch : 0 | [64/597 (11%)]	Loss1: 5.839490 Loss2: 0.000026 
| Global Round : 18 | Client :2 | Local Epoch : 1 | [64/597 (11%)]	Loss1: 5.840690 Loss2: 0.000026 
| Global Round : 18 | Client :2 | Local Epoch : 2 | [64/597 (11%)]	Loss1: 5.839619 Loss2: 0.000021 
| Global Round : 18 | Client :2 | Local Epoch : 3 | [64/597 (11%)]	Loss1: 5.840610 Loss2: 0.000024 
| Global Round : 18 | Client :2 | Local Epoch : 4 | [64/597 (11%)]	Loss1: 5.841165 Loss2: 0.000023 
| Global Round : 18 | Client :3 | Local Epoch : 0 | [64/605 (11%)]	Loss1: 5.841456 Loss2: 0.000031 
| Global Round : 18 | Client :3 | Local Epoch : 1 | [64/605 (11%)]	Loss1: 5.841116 Loss2: 0.000024 
| Global Round : 18 | Client :3 | Local Epoch : 2 | [64/605 (11%)]	Loss1: 5.842886 Loss2: 0.000027 
| Global Round : 18 | Client :3 | Local Epoch : 3 | [64/605 (11%)]	Loss1: 5.842733 Loss2: 0.000025 
| Global Round : 18 | Client :3 | Local Epoch : 4 | [64/605 (11%)]	Loss1: 5.842016 Loss2: 0.000027 
| Global Round : 18 | Client :4 | Local Epoch : 0 | [64/436 (17%)]	Loss1: 5.840405 Loss2: 0.000051 
| Global Round : 18 | Client :4 | Local Epoch : 1 | [64/436 (17%)]	Loss1: 5.840205 Loss2: 0.000049 
| Global Round : 18 | Client :4 | Local Epoch : 2 | [64/436 (17%)]	Loss1: 5.839941 Loss2: 0.000052 
| Global Round : 18 | Client :4 | Local Epoch : 3 | [64/436 (17%)]	Loss1: 5.839491 Loss2: 0.000052 
| Global Round : 18 | Client :4 | Local Epoch : 4 | [64/436 (17%)]	Loss1: 5.841286 Loss2: 0.000047 
| Global Round : 18 | Client :5 | Local Epoch : 0 | [64/627 (11%)]	Loss1: 5.841336 Loss2: 0.000031 
| Global Round : 18 | Client :5 | Local Epoch : 1 | [64/627 (11%)]	Loss1: 5.840412 Loss2: 0.000032 
| Global Round : 18 | Client :5 | Local Epoch : 2 | [64/627 (11%)]	Loss1: 5.841142 Loss2: 0.000031 
| Global Round : 18 | Client :5 | Local Epoch : 3 | [64/627 (11%)]	Loss1: 5.839848 Loss2: 0.000035 
| Global Round : 18 | Client :5 | Local Epoch : 4 | [64/627 (11%)]	Loss1: 5.840209 Loss2: 0.000034 
| Global Round : 18 | Client :6 | Local Epoch : 0 | [64/571 (12%)]	Loss1: 5.840984 Loss2: 0.000030 
| Global Round : 18 | Client :6 | Local Epoch : 1 | [64/571 (12%)]	Loss1: 5.841836 Loss2: 0.000026 
| Global Round : 18 | Client :6 | Local Epoch : 2 | [64/571 (12%)]	Loss1: 5.841794 Loss2: 0.000027 
| Global Round : 18 | Client :6 | Local Epoch : 3 | [64/571 (12%)]	Loss1: 5.841096 Loss2: 0.000024 
| Global Round : 18 | Client :6 | Local Epoch : 4 | [64/571 (12%)]	Loss1: 5.841678 Loss2: 0.000027 
| Global Round : 18 | Client :7 | Local Epoch : 0 | [64/665 (10%)]	Loss1: 5.842374 Loss2: 0.000030 
| Global Round : 18 | Client :7 | Local Epoch : 1 | [64/665 (10%)]	Loss1: 5.842466 Loss2: 0.000029 
| Global Round : 18 | Client :7 | Local Epoch : 2 | [64/665 (10%)]	Loss1: 5.842915 Loss2: 0.000031 
| Global Round : 18 | Client :7 | Local Epoch : 3 | [64/665 (10%)]	Loss1: 5.841293 Loss2: 0.000030 
| Global Round : 18 | Client :7 | Local Epoch : 4 | [64/665 (10%)]	Loss1: 5.841118 Loss2: 0.000034 
| Global Round : 18 | Client :8 | Local Epoch : 0 | [64/561 (12%)]	Loss1: 5.842123 Loss2: 0.000038 
| Global Round : 18 | Client :8 | Local Epoch : 1 | [64/561 (12%)]	Loss1: 5.842031 Loss2: 0.000041 
| Global Round : 18 | Client :8 | Local Epoch : 2 | [64/561 (12%)]	Loss1: 5.841699 Loss2: 0.000036 
| Global Round : 18 | Client :8 | Local Epoch : 3 | [64/561 (12%)]	Loss1: 5.840897 Loss2: 0.000036 
| Global Round : 18 | Client :8 | Local Epoch : 4 | [64/561 (12%)]	Loss1: 5.841441 Loss2: 0.000034 
| Global Round : 18 | Client :9 | Local Epoch : 0 | [64/811 (8%)]	Loss1: 5.840613 Loss2: 0.000027 
| Global Round : 18 | Client :9 | Local Epoch : 0 | [704/811 (92%)]	Loss1: 5.840884 Loss2: 0.000032 
| Global Round : 18 | Client :9 | Local Epoch : 1 | [64/811 (8%)]	Loss1: 5.840955 Loss2: 0.000036 
| Global Round : 18 | Client :9 | Local Epoch : 1 | [704/811 (92%)]	Loss1: 5.840717 Loss2: 0.000030 
| Global Round : 18 | Client :9 | Local Epoch : 2 | [64/811 (8%)]	Loss1: 5.839829 Loss2: 0.000028 
| Global Round : 18 | Client :9 | Local Epoch : 2 | [704/811 (92%)]	Loss1: 5.841316 Loss2: 0.000030 
| Global Round : 18 | Client :9 | Local Epoch : 3 | [64/811 (8%)]	Loss1: 5.840597 Loss2: 0.000025 
| Global Round : 18 | Client :9 | Local Epoch : 3 | [704/811 (92%)]	Loss1: 5.841861 Loss2: 0.000034 
| Global Round : 18 | Client :9 | Local Epoch : 4 | [64/811 (8%)]	Loss1: 5.840638 Loss2: 0.000028 
| Global Round : 18 | Client :9 | Local Epoch : 4 | [704/811 (92%)]	Loss1: 5.840997 Loss2: 0.000033 
average loss:   5.839423845325197
average local test accuracy: 0.865625
average global test accuracy:  0.5649739583333334

 | Global Training Round : 19 |

xi_k [0.49032779 0.48044984 0.51392686 0.50724036 0.46921261 0.48931226
 0.47767305 0.51276224 0.48620676 0.50440402]
max_exp: -1.0
coe: 10
Regulation [0.8 0.8 0.8 0.8 0.8 0.8 0.8 0.8 0.8 0.8]
Solver status: optimal_inaccurate
b_new: [1. 1. 1. 1. 1. 1. 1. 1. 1. 1.]
Iter 0: obj=48.9152, best_obj=48.9152, ||b_new-b_prev||₂=2.846050
xi_k [0.49032779 0.48044984 0.51392686 0.50724036 0.46921261 0.48931226
 0.47767305 0.51276224 0.48620676 0.50440402]
max_exp: -1.0
coe: 10
Regulation [-1. -1. -1. -1. -1. -1. -1. -1. -1. -1.]
Solver status: optimal_inaccurate
b_new: [1. 1. 1. 1. 1. 1. 1. 1. 1. 1.]
Iter 1: obj=49.8152, best_obj=49.8152, ||b_new-b_prev||₂=0.000000
Converged.
Final b: [1. 1. 1. 1. 1. 1. 1. 1. 1. 1.]
<class 'numpy.ndarray'>
b_float: [1. 1. 1. 1. 1. 1. 1. 1. 1. 1.]
b: [1 1 1 1 1 1 1 1 1 1]
active_clients:  [0, 1, 2, 3, 4, 5, 6, 7, 8, 9]
Client 0's s_k are:[0 0 1 1 0 1 1 0 1 1]
Client 1's s_k are:[1 0 1 0 1 1 0 1 1 1]
Client 2's s_k are:[1 1 0 1 1 1 1 1 1 1]
Client 3's s_k are:[0 0 0 0 0 0 0 1 1 0]
Client 4's s_k are:[1 1 1 1 0 1 1 1 1 1]
Client 5's s_k are:[1 0 0 1 0 0 1 0 1 0]
Client 6's s_k are:[1 0 1 1 1 1 0 0 1 1]
Client 7's s_k are:[1 1 1 0 1 1 1 0 1 1]
Client 8's s_k are:[0 1 1 1 0 1 1 1 0 0]
Client 9's s_k are:[1 0 0 0 1 0 1 0 0 0]
| Global Round : 19 | Client :0 | Local Epoch : 0 | [64/626 (11%)]	Loss1: 5.841720 Loss2: 0.000030 
| Global Round : 19 | Client :0 | Local Epoch : 1 | [64/626 (11%)]	Loss1: 5.843719 Loss2: 0.000029 
| Global Round : 19 | Client :0 | Local Epoch : 2 | [64/626 (11%)]	Loss1: 5.842264 Loss2: 0.000034 
| Global Round : 19 | Client :0 | Local Epoch : 3 | [64/626 (11%)]	Loss1: 5.840427 Loss2: 0.000029 
| Global Round : 19 | Client :0 | Local Epoch : 4 | [64/626 (11%)]	Loss1: 5.842318 Loss2: 0.000036 
| Global Round : 19 | Client :1 | Local Epoch : 0 | [64/497 (14%)]	Loss1: 5.842409 Loss2: 0.000044 
| Global Round : 19 | Client :1 | Local Epoch : 1 | [64/497 (14%)]	Loss1: 5.841238 Loss2: 0.000044 
| Global Round : 19 | Client :1 | Local Epoch : 2 | [64/497 (14%)]	Loss1: 5.842446 Loss2: 0.000042 
| Global Round : 19 | Client :1 | Local Epoch : 3 | [64/497 (14%)]	Loss1: 5.843197 Loss2: 0.000048 
| Global Round : 19 | Client :1 | Local Epoch : 4 | [64/497 (14%)]	Loss1: 5.844694 Loss2: 0.000043 
| Global Round : 19 | Client :2 | Local Epoch : 0 | [64/597 (11%)]	Loss1: 5.841106 Loss2: 0.000025 
| Global Round : 19 | Client :2 | Local Epoch : 1 | [64/597 (11%)]	Loss1: 5.841817 Loss2: 0.000022 
| Global Round : 19 | Client :2 | Local Epoch : 2 | [64/597 (11%)]	Loss1: 5.840463 Loss2: 0.000027 
| Global Round : 19 | Client :2 | Local Epoch : 3 | [64/597 (11%)]	Loss1: 5.842056 Loss2: 0.000024 
| Global Round : 19 | Client :2 | Local Epoch : 4 | [64/597 (11%)]	Loss1: 5.840887 Loss2: 0.000024 
| Global Round : 19 | Client :3 | Local Epoch : 0 | [64/605 (11%)]	Loss1: 5.842595 Loss2: 0.000031 
| Global Round : 19 | Client :3 | Local Epoch : 1 | [64/605 (11%)]	Loss1: 5.842758 Loss2: 0.000031 
| Global Round : 19 | Client :3 | Local Epoch : 2 | [64/605 (11%)]	Loss1: 5.842103 Loss2: 0.000034 
| Global Round : 19 | Client :3 | Local Epoch : 3 | [64/605 (11%)]	Loss1: 5.841800 Loss2: 0.000034 
| Global Round : 19 | Client :3 | Local Epoch : 4 | [64/605 (11%)]	Loss1: 5.842483 Loss2: 0.000031 
| Global Round : 19 | Client :4 | Local Epoch : 0 | [64/436 (17%)]	Loss1: 5.842363 Loss2: 0.000043 
| Global Round : 19 | Client :4 | Local Epoch : 1 | [64/436 (17%)]	Loss1: 5.840816 Loss2: 0.000044 
| Global Round : 19 | Client :4 | Local Epoch : 2 | [64/436 (17%)]	Loss1: 5.840522 Loss2: 0.000044 
| Global Round : 19 | Client :4 | Local Epoch : 3 | [64/436 (17%)]	Loss1: 5.840738 Loss2: 0.000045 
| Global Round : 19 | Client :4 | Local Epoch : 4 | [64/436 (17%)]	Loss1: 5.839440 Loss2: 0.000044 
| Global Round : 19 | Client :5 | Local Epoch : 0 | [64/627 (11%)]	Loss1: 5.840734 Loss2: 0.000035 
| Global Round : 19 | Client :5 | Local Epoch : 1 | [64/627 (11%)]	Loss1: 5.840086 Loss2: 0.000041 
| Global Round : 19 | Client :5 | Local Epoch : 2 | [64/627 (11%)]	Loss1: 5.840867 Loss2: 0.000032 
| Global Round : 19 | Client :5 | Local Epoch : 3 | [64/627 (11%)]	Loss1: 5.840817 Loss2: 0.000039 
| Global Round : 19 | Client :5 | Local Epoch : 4 | [64/627 (11%)]	Loss1: 5.840580 Loss2: 0.000035 
| Global Round : 19 | Client :6 | Local Epoch : 0 | [64/571 (12%)]	Loss1: 5.841865 Loss2: 0.000030 
| Global Round : 19 | Client :6 | Local Epoch : 1 | [64/571 (12%)]	Loss1: 5.841805 Loss2: 0.000028 
| Global Round : 19 | Client :6 | Local Epoch : 2 | [64/571 (12%)]	Loss1: 5.840318 Loss2: 0.000028 
| Global Round : 19 | Client :6 | Local Epoch : 3 | [64/571 (12%)]	Loss1: 5.840492 Loss2: 0.000034 
| Global Round : 19 | Client :6 | Local Epoch : 4 | [64/571 (12%)]	Loss1: 5.840919 Loss2: 0.000033 
| Global Round : 19 | Client :7 | Local Epoch : 0 | [64/665 (10%)]	Loss1: 5.840528 Loss2: 0.000026 
| Global Round : 19 | Client :7 | Local Epoch : 1 | [64/665 (10%)]	Loss1: 5.841905 Loss2: 0.000025 
| Global Round : 19 | Client :7 | Local Epoch : 2 | [64/665 (10%)]	Loss1: 5.840961 Loss2: 0.000027 
| Global Round : 19 | Client :7 | Local Epoch : 3 | [64/665 (10%)]	Loss1: 5.841951 Loss2: 0.000021 
| Global Round : 19 | Client :7 | Local Epoch : 4 | [64/665 (10%)]	Loss1: 5.842575 Loss2: 0.000023 
| Global Round : 19 | Client :8 | Local Epoch : 0 | [64/561 (12%)]	Loss1: 5.840148 Loss2: 0.000032 
| Global Round : 19 | Client :8 | Local Epoch : 1 | [64/561 (12%)]	Loss1: 5.840279 Loss2: 0.000036 
| Global Round : 19 | Client :8 | Local Epoch : 2 | [64/561 (12%)]	Loss1: 5.842371 Loss2: 0.000031 
| Global Round : 19 | Client :8 | Local Epoch : 3 | [64/561 (12%)]	Loss1: 5.841323 Loss2: 0.000036 
| Global Round : 19 | Client :8 | Local Epoch : 4 | [64/561 (12%)]	Loss1: 5.841502 Loss2: 0.000032 
| Global Round : 19 | Client :9 | Local Epoch : 0 | [64/811 (8%)]	Loss1: 5.841630 Loss2: 0.000044 
| Global Round : 19 | Client :9 | Local Epoch : 0 | [704/811 (92%)]	Loss1: 5.840096 Loss2: 0.000046 
| Global Round : 19 | Client :9 | Local Epoch : 1 | [64/811 (8%)]	Loss1: 5.840740 Loss2: 0.000040 
| Global Round : 19 | Client :9 | Local Epoch : 1 | [704/811 (92%)]	Loss1: 5.841118 Loss2: 0.000046 
| Global Round : 19 | Client :9 | Local Epoch : 2 | [64/811 (8%)]	Loss1: 5.840009 Loss2: 0.000039 
| Global Round : 19 | Client :9 | Local Epoch : 2 | [704/811 (92%)]	Loss1: 5.841652 Loss2: 0.000046 
| Global Round : 19 | Client :9 | Local Epoch : 3 | [64/811 (8%)]	Loss1: 5.841550 Loss2: 0.000047 
| Global Round : 19 | Client :9 | Local Epoch : 3 | [704/811 (92%)]	Loss1: 5.840135 Loss2: 0.000037 
| Global Round : 19 | Client :9 | Local Epoch : 4 | [64/811 (8%)]	Loss1: 5.841312 Loss2: 0.000040 
| Global Round : 19 | Client :9 | Local Epoch : 4 | [704/811 (92%)]	Loss1: 5.840367 Loss2: 0.000038 
average loss:   5.839267742728429
average local test accuracy: 0.8584635416666666
average global test accuracy:  0.5458333333333333

 | Global Training Round : 20 |

xi_k [0.49027804 0.48039257 0.5138987  0.50725243 0.46917802 0.48926691
 0.47766004 0.51270073 0.48618949 0.50439241]
max_exp: -1.0
coe: 10
Regulation [0.8 0.8 0.8 0.8 0.8 0.8 0.8 0.8 0.8 0.8]
Solver status: optimal_inaccurate
b_new: [1. 1. 1. 1. 1. 1. 1. 1. 1. 1.]
Iter 0: obj=48.9121, best_obj=48.9121, ||b_new-b_prev||₂=2.846050
xi_k [0.49027804 0.48039257 0.5138987  0.50725243 0.46917802 0.48926691
 0.47766004 0.51270073 0.48618949 0.50439241]
max_exp: -1.0
coe: 10
Regulation [-1. -1. -1. -1. -1. -1. -1. -1. -1. -1.]
Solver status: optimal_inaccurate
b_new: [1. 1. 1. 1. 1. 1. 1. 1. 1. 1.]
Iter 1: obj=49.8121, best_obj=49.8121, ||b_new-b_prev||₂=0.000000
Converged.
Final b: [1. 1. 1. 1. 1. 1. 1. 1. 1. 1.]
<class 'numpy.ndarray'>
b_float: [1. 1. 1. 1. 1. 1. 1. 1. 1. 1.]
b: [1 1 1 1 1 1 1 1 1 1]
active_clients:  [0, 1, 2, 3, 4, 5, 6, 7, 8, 9]
Client 0's s_k are:[0 0 0 1 0 1 1 1 1 1]
Client 1's s_k are:[0 0 0 1 0 0 1 0 0 1]
Client 2's s_k are:[0 1 0 0 0 0 0 0 0 0]
Client 3's s_k are:[0 1 0 0 0 0 1 1 0 0]
Client 4's s_k are:[0 0 1 1 0 1 1 1 0 1]
Client 5's s_k are:[1 1 1 1 1 0 1 0 1 1]
Client 6's s_k are:[0 1 1 1 0 1 0 0 0 1]
Client 7's s_k are:[0 1 0 0 0 1 0 0 0 0]
Client 8's s_k are:[0 1 1 1 1 1 1 1 0 1]
Client 9's s_k are:[0 0 1 1 1 0 1 0 1 0]
| Global Round : 20 | Client :0 | Local Epoch : 0 | [64/626 (11%)]	Loss1: 5.842422 Loss2: 0.000025 
| Global Round : 20 | Client :0 | Local Epoch : 1 | [64/626 (11%)]	Loss1: 5.842103 Loss2: 0.000032 
| Global Round : 20 | Client :0 | Local Epoch : 2 | [64/626 (11%)]	Loss1: 5.841715 Loss2: 0.000029 
| Global Round : 20 | Client :0 | Local Epoch : 3 | [64/626 (11%)]	Loss1: 5.842508 Loss2: 0.000026 
| Global Round : 20 | Client :0 | Local Epoch : 4 | [64/626 (11%)]	Loss1: 5.842664 Loss2: 0.000029 
| Global Round : 20 | Client :1 | Local Epoch : 0 | [64/497 (14%)]	Loss1: 5.842498 Loss2: 0.000046 
| Global Round : 20 | Client :1 | Local Epoch : 1 | [64/497 (14%)]	Loss1: 5.842964 Loss2: 0.000047 
| Global Round : 20 | Client :1 | Local Epoch : 2 | [64/497 (14%)]	Loss1: 5.843503 Loss2: 0.000045 
| Global Round : 20 | Client :1 | Local Epoch : 3 | [64/497 (14%)]	Loss1: 5.841784 Loss2: 0.000043 
| Global Round : 20 | Client :1 | Local Epoch : 4 | [64/497 (14%)]	Loss1: 5.842185 Loss2: 0.000042 
| Global Round : 20 | Client :2 | Local Epoch : 0 | [64/597 (11%)]	Loss1: 5.839916 Loss2: 0.000058 
| Global Round : 20 | Client :2 | Local Epoch : 1 | [64/597 (11%)]	Loss1: 5.841138 Loss2: 0.000063 
| Global Round : 20 | Client :2 | Local Epoch : 2 | [64/597 (11%)]	Loss1: 5.841166 Loss2: 0.000059 
| Global Round : 20 | Client :2 | Local Epoch : 3 | [64/597 (11%)]	Loss1: 5.840185 Loss2: 0.000060 
| Global Round : 20 | Client :2 | Local Epoch : 4 | [64/597 (11%)]	Loss1: 5.840337 Loss2: 0.000057 
| Global Round : 20 | Client :3 | Local Epoch : 0 | [64/605 (11%)]	Loss1: 5.841964 Loss2: 0.000034 
| Global Round : 20 | Client :3 | Local Epoch : 1 | [64/605 (11%)]	Loss1: 5.841887 Loss2: 0.000038 
| Global Round : 20 | Client :3 | Local Epoch : 2 | [64/605 (11%)]	Loss1: 5.841535 Loss2: 0.000031 
| Global Round : 20 | Client :3 | Local Epoch : 3 | [64/605 (11%)]	Loss1: 5.842549 Loss2: 0.000036 
| Global Round : 20 | Client :3 | Local Epoch : 4 | [64/605 (11%)]	Loss1: 5.841721 Loss2: 0.000035 
| Global Round : 20 | Client :4 | Local Epoch : 0 | [64/436 (17%)]	Loss1: 5.840089 Loss2: 0.000053 
| Global Round : 20 | Client :4 | Local Epoch : 1 | [64/436 (17%)]	Loss1: 5.839854 Loss2: 0.000050 
| Global Round : 20 | Client :4 | Local Epoch : 2 | [64/436 (17%)]	Loss1: 5.840052 Loss2: 0.000047 
| Global Round : 20 | Client :4 | Local Epoch : 3 | [64/436 (17%)]	Loss1: 5.840730 Loss2: 0.000055 
| Global Round : 20 | Client :4 | Local Epoch : 4 | [64/436 (17%)]	Loss1: 5.840256 Loss2: 0.000052 
| Global Round : 20 | Client :5 | Local Epoch : 0 | [64/627 (11%)]	Loss1: 5.841110 Loss2: 0.000040 
| Global Round : 20 | Client :5 | Local Epoch : 1 | [64/627 (11%)]	Loss1: 5.842176 Loss2: 0.000034 
| Global Round : 20 | Client :5 | Local Epoch : 2 | [64/627 (11%)]	Loss1: 5.841476 Loss2: 0.000033 
| Global Round : 20 | Client :5 | Local Epoch : 3 | [64/627 (11%)]	Loss1: 5.840649 Loss2: 0.000032 
| Global Round : 20 | Client :5 | Local Epoch : 4 | [64/627 (11%)]	Loss1: 5.840869 Loss2: 0.000032 
| Global Round : 20 | Client :6 | Local Epoch : 0 | [64/571 (12%)]	Loss1: 5.840417 Loss2: 0.000029 
| Global Round : 20 | Client :6 | Local Epoch : 1 | [64/571 (12%)]	Loss1: 5.840696 Loss2: 0.000031 
| Global Round : 20 | Client :6 | Local Epoch : 2 | [64/571 (12%)]	Loss1: 5.840581 Loss2: 0.000031 
| Global Round : 20 | Client :6 | Local Epoch : 3 | [64/571 (12%)]	Loss1: 5.840810 Loss2: 0.000030 
| Global Round : 20 | Client :6 | Local Epoch : 4 | [64/571 (12%)]	Loss1: 5.840038 Loss2: 0.000033 
| Global Round : 20 | Client :7 | Local Epoch : 0 | [64/665 (10%)]	Loss1: 5.840565 Loss2: 0.000032 
| Global Round : 20 | Client :7 | Local Epoch : 1 | [64/665 (10%)]	Loss1: 5.842510 Loss2: 0.000031 
| Global Round : 20 | Client :7 | Local Epoch : 2 | [64/665 (10%)]	Loss1: 5.841080 Loss2: 0.000031 
| Global Round : 20 | Client :7 | Local Epoch : 3 | [64/665 (10%)]	Loss1: 5.841933 Loss2: 0.000034 
| Global Round : 20 | Client :7 | Local Epoch : 4 | [64/665 (10%)]	Loss1: 5.842437 Loss2: 0.000032 
| Global Round : 20 | Client :8 | Local Epoch : 0 | [64/561 (12%)]	Loss1: 5.841665 Loss2: 0.000030 
| Global Round : 20 | Client :8 | Local Epoch : 1 | [64/561 (12%)]	Loss1: 5.841355 Loss2: 0.000031 
| Global Round : 20 | Client :8 | Local Epoch : 2 | [64/561 (12%)]	Loss1: 5.840436 Loss2: 0.000032 
| Global Round : 20 | Client :8 | Local Epoch : 3 | [64/561 (12%)]	Loss1: 5.841283 Loss2: 0.000029 
| Global Round : 20 | Client :8 | Local Epoch : 4 | [64/561 (12%)]	Loss1: 5.840337 Loss2: 0.000026 
| Global Round : 20 | Client :9 | Local Epoch : 0 | [64/811 (8%)]	Loss1: 5.840755 Loss2: 0.000018 
| Global Round : 20 | Client :9 | Local Epoch : 0 | [704/811 (92%)]	Loss1: 5.840501 Loss2: 0.000022 
| Global Round : 20 | Client :9 | Local Epoch : 1 | [64/811 (8%)]	Loss1: 5.840265 Loss2: 0.000022 
| Global Round : 20 | Client :9 | Local Epoch : 1 | [704/811 (92%)]	Loss1: 5.839848 Loss2: 0.000026 
| Global Round : 20 | Client :9 | Local Epoch : 2 | [64/811 (8%)]	Loss1: 5.840762 Loss2: 0.000021 
| Global Round : 20 | Client :9 | Local Epoch : 2 | [704/811 (92%)]	Loss1: 5.839480 Loss2: 0.000029 
| Global Round : 20 | Client :9 | Local Epoch : 3 | [64/811 (8%)]	Loss1: 5.841186 Loss2: 0.000024 
| Global Round : 20 | Client :9 | Local Epoch : 3 | [704/811 (92%)]	Loss1: 5.840580 Loss2: 0.000027 
| Global Round : 20 | Client :9 | Local Epoch : 4 | [64/811 (8%)]	Loss1: 5.840378 Loss2: 0.000021 
| Global Round : 20 | Client :9 | Local Epoch : 4 | [704/811 (92%)]	Loss1: 5.839997 Loss2: 0.000024 
average loss:   5.839173100751544
average local test accuracy: 0.8614583333333332
average global test accuracy:  0.5549479166666668

 | Global Training Round : 21 |

xi_k [0.49028118 0.48033344 0.5138797  0.50721946 0.46916836 0.48924286
 0.47765288 0.512704   0.48617424 0.50438144]
max_exp: -1.0
coe: 10
Regulation [0.8 0.8 0.8 0.8 0.8 0.8 0.8 0.8 0.8 0.8]
Solver status: optimal_inaccurate
b_new: [1. 1. 1. 1. 1. 1. 1. 1. 1. 1.]
Iter 0: obj=48.9104, best_obj=48.9104, ||b_new-b_prev||₂=2.846050
xi_k [0.49028118 0.48033344 0.5138797  0.50721946 0.46916836 0.48924286
 0.47765288 0.512704   0.48617424 0.50438144]
max_exp: -1.0
coe: 10
Regulation [-1. -1. -1. -1. -1. -1. -1. -1. -1. -1.]
Solver status: optimal_inaccurate
b_new: [1. 1. 1. 1. 1. 1. 1. 1. 1. 1.]
Iter 1: obj=49.8104, best_obj=49.8104, ||b_new-b_prev||₂=0.000000
Converged.
Final b: [1. 1. 1. 1. 1. 1. 1. 1. 1. 1.]
<class 'numpy.ndarray'>
b_float: [1. 1. 1. 1. 1. 1. 1. 1. 1. 1.]
b: [1 1 1 1 1 1 1 1 1 1]
active_clients:  [0, 1, 2, 3, 4, 5, 6, 7, 8, 9]
Client 0's s_k are:[0 0 0 0 1 1 1 1 1 1]
Client 1's s_k are:[0 0 0 0 0 0 0 0 1 0]
Client 2's s_k are:[0 1 0 1 1 1 1 1 1 1]
Client 3's s_k are:[1 1 1 0 0 0 1 1 1 1]
Client 4's s_k are:[1 1 1 0 0 1 0 1 1 1]
Client 5's s_k are:[0 0 1 0 0 0 0 0 1 0]
Client 6's s_k are:[1 0 1 1 1 1 0 1 1 0]
Client 7's s_k are:[1 1 1 1 0 0 1 0 0 0]
Client 8's s_k are:[0 0 1 0 0 0 0 0 0 0]
Client 9's s_k are:[1 0 0 1 1 1 1 1 1 0]
| Global Round : 21 | Client :0 | Local Epoch : 0 | [64/626 (11%)]	Loss1: 5.841850 Loss2: 0.000025 
| Global Round : 21 | Client :0 | Local Epoch : 1 | [64/626 (11%)]	Loss1: 5.842875 Loss2: 0.000029 
| Global Round : 21 | Client :0 | Local Epoch : 2 | [64/626 (11%)]	Loss1: 5.842679 Loss2: 0.000030 
| Global Round : 21 | Client :0 | Local Epoch : 3 | [64/626 (11%)]	Loss1: 5.841621 Loss2: 0.000021 
| Global Round : 21 | Client :0 | Local Epoch : 4 | [64/626 (11%)]	Loss1: 5.842385 Loss2: 0.000024 
| Global Round : 21 | Client :1 | Local Epoch : 0 | [64/497 (14%)]	Loss1: 5.842977 Loss2: 0.000050 
| Global Round : 21 | Client :1 | Local Epoch : 1 | [64/497 (14%)]	Loss1: 5.844324 Loss2: 0.000049 
| Global Round : 21 | Client :1 | Local Epoch : 2 | [64/497 (14%)]	Loss1: 5.842542 Loss2: 0.000057 
| Global Round : 21 | Client :1 | Local Epoch : 3 | [64/497 (14%)]	Loss1: 5.841730 Loss2: 0.000055 
| Global Round : 21 | Client :1 | Local Epoch : 4 | [64/497 (14%)]	Loss1: 5.842620 Loss2: 0.000055 
| Global Round : 21 | Client :2 | Local Epoch : 0 | [64/597 (11%)]	Loss1: 5.841449 Loss2: 0.000024 
| Global Round : 21 | Client :2 | Local Epoch : 1 | [64/597 (11%)]	Loss1: 5.841217 Loss2: 0.000024 
| Global Round : 21 | Client :2 | Local Epoch : 2 | [64/597 (11%)]	Loss1: 5.841350 Loss2: 0.000023 
| Global Round : 21 | Client :2 | Local Epoch : 3 | [64/597 (11%)]	Loss1: 5.841484 Loss2: 0.000024 
| Global Round : 21 | Client :2 | Local Epoch : 4 | [64/597 (11%)]	Loss1: 5.840543 Loss2: 0.000029 
| Global Round : 21 | Client :3 | Local Epoch : 0 | [64/605 (11%)]	Loss1: 5.841088 Loss2: 0.000022 
| Global Round : 21 | Client :3 | Local Epoch : 1 | [64/605 (11%)]	Loss1: 5.841054 Loss2: 0.000024 
| Global Round : 21 | Client :3 | Local Epoch : 2 | [64/605 (11%)]	Loss1: 5.841275 Loss2: 0.000028 
| Global Round : 21 | Client :3 | Local Epoch : 3 | [64/605 (11%)]	Loss1: 5.841892 Loss2: 0.000023 
| Global Round : 21 | Client :3 | Local Epoch : 4 | [64/605 (11%)]	Loss1: 5.841549 Loss2: 0.000031 
| Global Round : 21 | Client :4 | Local Epoch : 0 | [64/436 (17%)]	Loss1: 5.838932 Loss2: 0.000047 
| Global Round : 21 | Client :4 | Local Epoch : 1 | [64/436 (17%)]	Loss1: 5.841623 Loss2: 0.000047 
| Global Round : 21 | Client :4 | Local Epoch : 2 | [64/436 (17%)]	Loss1: 5.840047 Loss2: 0.000049 
| Global Round : 21 | Client :4 | Local Epoch : 3 | [64/436 (17%)]	Loss1: 5.840396 Loss2: 0.000043 
| Global Round : 21 | Client :4 | Local Epoch : 4 | [64/436 (17%)]	Loss1: 5.840301 Loss2: 0.000047 
| Global Round : 21 | Client :5 | Local Epoch : 0 | [64/627 (11%)]	Loss1: 5.839977 Loss2: 0.000034 
| Global Round : 21 | Client :5 | Local Epoch : 1 | [64/627 (11%)]	Loss1: 5.841469 Loss2: 0.000029 
| Global Round : 21 | Client :5 | Local Epoch : 2 | [64/627 (11%)]	Loss1: 5.839669 Loss2: 0.000031 
| Global Round : 21 | Client :5 | Local Epoch : 3 | [64/627 (11%)]	Loss1: 5.840693 Loss2: 0.000031 
| Global Round : 21 | Client :5 | Local Epoch : 4 | [64/627 (11%)]	Loss1: 5.840766 Loss2: 0.000029 
| Global Round : 21 | Client :6 | Local Epoch : 0 | [64/571 (12%)]	Loss1: 5.839955 Loss2: 0.000027 
| Global Round : 21 | Client :6 | Local Epoch : 1 | [64/571 (12%)]	Loss1: 5.841986 Loss2: 0.000028 
| Global Round : 21 | Client :6 | Local Epoch : 2 | [64/571 (12%)]	Loss1: 5.840948 Loss2: 0.000028 
| Global Round : 21 | Client :6 | Local Epoch : 3 | [64/571 (12%)]	Loss1: 5.841472 Loss2: 0.000031 
| Global Round : 21 | Client :6 | Local Epoch : 4 | [64/571 (12%)]	Loss1: 5.840711 Loss2: 0.000031 
| Global Round : 21 | Client :7 | Local Epoch : 0 | [64/665 (10%)]	Loss1: 5.840733 Loss2: 0.000024 
| Global Round : 21 | Client :7 | Local Epoch : 1 | [64/665 (10%)]	Loss1: 5.840274 Loss2: 0.000030 
| Global Round : 21 | Client :7 | Local Epoch : 2 | [64/665 (10%)]	Loss1: 5.841064 Loss2: 0.000024 
| Global Round : 21 | Client :7 | Local Epoch : 3 | [64/665 (10%)]	Loss1: 5.841038 Loss2: 0.000027 
| Global Round : 21 | Client :7 | Local Epoch : 4 | [64/665 (10%)]	Loss1: 5.840622 Loss2: 0.000026 
| Global Round : 21 | Client :8 | Local Epoch : 0 | [64/561 (12%)]	Loss1: 5.841538 Loss2: 0.000053 
| Global Round : 21 | Client :8 | Local Epoch : 1 | [64/561 (12%)]	Loss1: 5.840593 Loss2: 0.000047 
| Global Round : 21 | Client :8 | Local Epoch : 2 | [64/561 (12%)]	Loss1: 5.839994 Loss2: 0.000054 
| Global Round : 21 | Client :8 | Local Epoch : 3 | [64/561 (12%)]	Loss1: 5.841348 Loss2: 0.000053 
| Global Round : 21 | Client :8 | Local Epoch : 4 | [64/561 (12%)]	Loss1: 5.841333 Loss2: 0.000054 
| Global Round : 21 | Client :9 | Local Epoch : 0 | [64/811 (8%)]	Loss1: 5.841969 Loss2: 0.000027 
| Global Round : 21 | Client :9 | Local Epoch : 0 | [704/811 (92%)]	Loss1: 5.840610 Loss2: 0.000030 
| Global Round : 21 | Client :9 | Local Epoch : 1 | [64/811 (8%)]	Loss1: 5.839874 Loss2: 0.000031 
| Global Round : 21 | Client :9 | Local Epoch : 1 | [704/811 (92%)]	Loss1: 5.840581 Loss2: 0.000035 
| Global Round : 21 | Client :9 | Local Epoch : 2 | [64/811 (8%)]	Loss1: 5.840386 Loss2: 0.000033 
| Global Round : 21 | Client :9 | Local Epoch : 2 | [704/811 (92%)]	Loss1: 5.840665 Loss2: 0.000029 
| Global Round : 21 | Client :9 | Local Epoch : 3 | [64/811 (8%)]	Loss1: 5.841552 Loss2: 0.000024 
| Global Round : 21 | Client :9 | Local Epoch : 3 | [704/811 (92%)]	Loss1: 5.840178 Loss2: 0.000030 
| Global Round : 21 | Client :9 | Local Epoch : 4 | [64/811 (8%)]	Loss1: 5.839451 Loss2: 0.000031 
| Global Round : 21 | Client :9 | Local Epoch : 4 | [704/811 (92%)]	Loss1: 5.840039 Loss2: 0.000032 
average loss:   5.839080835051008
average local test accuracy: 0.85546875
average global test accuracy:  0.5874999999999999

 | Global Training Round : 22 |

xi_k [0.49023305 0.48031611 0.51386882 0.50724112 0.46914571 0.48924008
 0.47764941 0.51271126 0.48615967 0.50437959]
max_exp: -1.0
coe: 10
Regulation [0.8 0.8 0.8 0.8 0.8 0.8 0.8 0.8 0.8 0.8]
Solver status: optimal_inaccurate
b_new: [1. 1. 1. 1. 1. 1. 1. 1. 1. 1.]
Iter 0: obj=48.9094, best_obj=48.9094, ||b_new-b_prev||₂=2.846050
xi_k [0.49023305 0.48031611 0.51386882 0.50724112 0.46914571 0.48924008
 0.47764941 0.51271126 0.48615967 0.50437959]
max_exp: -1.0
coe: 10
Regulation [-1. -1. -1. -1. -1. -1. -1. -1. -1. -1.]
Solver status: optimal_inaccurate
b_new: [1. 1. 1. 1. 1. 1. 1. 1. 1. 1.]
Iter 1: obj=49.8094, best_obj=49.8094, ||b_new-b_prev||₂=0.000000
Converged.
Final b: [1. 1. 1. 1. 1. 1. 1. 1. 1. 1.]
<class 'numpy.ndarray'>
b_float: [1. 1. 1. 1. 1. 1. 1. 1. 1. 1.]
b: [1 1 1 1 1 1 1 1 1 1]
active_clients:  [0, 1, 2, 3, 4, 5, 6, 7, 8, 9]
Client 0's s_k are:[0 1 1 0 0 1 0 1 1 0]
Client 1's s_k are:[0 0 0 0 0 0 1 0 0 0]
Client 2's s_k are:[1 1 0 0 1 1 0 0 1 1]
Client 3's s_k are:[0 0 0 0 0 0 0 0 1 0]
Client 4's s_k are:[1 0 1 0 0 0 0 0 0 0]
Client 5's s_k are:[1 0 0 0 0 0 0 0 0 0]
Client 6's s_k are:[1 1 1 1 1 1 0 0 1 1]
Client 7's s_k are:[0 1 1 0 0 0 1 0 1 1]
Client 8's s_k are:[1 1 0 0 1 0 1 0 0 0]
Client 9's s_k are:[0 1 1 1 1 0 0 1 1 0]
| Global Round : 22 | Client :0 | Local Epoch : 0 | [64/626 (11%)]	Loss1: 5.842233 Loss2: 0.000028 
| Global Round : 22 | Client :0 | Local Epoch : 1 | [64/626 (11%)]	Loss1: 5.842065 Loss2: 0.000034 
| Global Round : 22 | Client :0 | Local Epoch : 2 | [64/626 (11%)]	Loss1: 5.840518 Loss2: 0.000027 
| Global Round : 22 | Client :0 | Local Epoch : 3 | [64/626 (11%)]	Loss1: 5.842432 Loss2: 0.000031 
| Global Round : 22 | Client :0 | Local Epoch : 4 | [64/626 (11%)]	Loss1: 5.842221 Loss2: 0.000031 
| Global Round : 22 | Client :1 | Local Epoch : 0 | [64/497 (14%)]	Loss1: 5.841637 Loss2: 0.000042 
| Global Round : 22 | Client :1 | Local Epoch : 1 | [64/497 (14%)]	Loss1: 5.842624 Loss2: 0.000043 
| Global Round : 22 | Client :1 | Local Epoch : 2 | [64/497 (14%)]	Loss1: 5.842299 Loss2: 0.000038 
| Global Round : 22 | Client :1 | Local Epoch : 3 | [64/497 (14%)]	Loss1: 5.841802 Loss2: 0.000041 
| Global Round : 22 | Client :1 | Local Epoch : 4 | [64/497 (14%)]	Loss1: 5.839976 Loss2: 0.000043 
| Global Round : 22 | Client :2 | Local Epoch : 0 | [64/597 (11%)]	Loss1: 5.839736 Loss2: 0.000036 
| Global Round : 22 | Client :2 | Local Epoch : 1 | [64/597 (11%)]	Loss1: 5.840248 Loss2: 0.000025 
| Global Round : 22 | Client :2 | Local Epoch : 2 | [64/597 (11%)]	Loss1: 5.839708 Loss2: 0.000028 
| Global Round : 22 | Client :2 | Local Epoch : 3 | [64/597 (11%)]	Loss1: 5.840744 Loss2: 0.000030 
| Global Round : 22 | Client :2 | Local Epoch : 4 | [64/597 (11%)]	Loss1: 5.839531 Loss2: 0.000028 
| Global Round : 22 | Client :3 | Local Epoch : 0 | [64/605 (11%)]	Loss1: 5.841204 Loss2: 0.000043 
| Global Round : 22 | Client :3 | Local Epoch : 1 | [64/605 (11%)]	Loss1: 5.841249 Loss2: 0.000045 
| Global Round : 22 | Client :3 | Local Epoch : 2 | [64/605 (11%)]	Loss1: 5.840545 Loss2: 0.000049 
| Global Round : 22 | Client :3 | Local Epoch : 3 | [64/605 (11%)]	Loss1: 5.840401 Loss2: 0.000047 
| Global Round : 22 | Client :3 | Local Epoch : 4 | [64/605 (11%)]	Loss1: 5.842448 Loss2: 0.000047 
| Global Round : 22 | Client :4 | Local Epoch : 0 | [64/436 (17%)]	Loss1: 5.840260 Loss2: 0.000051 
| Global Round : 22 | Client :4 | Local Epoch : 1 | [64/436 (17%)]	Loss1: 5.840111 Loss2: 0.000053 
| Global Round : 22 | Client :4 | Local Epoch : 2 | [64/436 (17%)]	Loss1: 5.841094 Loss2: 0.000050 
| Global Round : 22 | Client :4 | Local Epoch : 3 | [64/436 (17%)]	Loss1: 5.839071 Loss2: 0.000053 
| Global Round : 22 | Client :4 | Local Epoch : 4 | [64/436 (17%)]	Loss1: 5.840443 Loss2: 0.000053 
| Global Round : 22 | Client :5 | Local Epoch : 0 | [64/627 (11%)]	Loss1: 5.840717 Loss2: 0.000054 
| Global Round : 22 | Client :5 | Local Epoch : 1 | [64/627 (11%)]	Loss1: 5.840346 Loss2: 0.000059 
| Global Round : 22 | Client :5 | Local Epoch : 2 | [64/627 (11%)]	Loss1: 5.841051 Loss2: 0.000061 
| Global Round : 22 | Client :5 | Local Epoch : 3 | [64/627 (11%)]	Loss1: 5.840201 Loss2: 0.000052 
| Global Round : 22 | Client :5 | Local Epoch : 4 | [64/627 (11%)]	Loss1: 5.840396 Loss2: 0.000052 
| Global Round : 22 | Client :6 | Local Epoch : 0 | [64/571 (12%)]	Loss1: 5.840403 Loss2: 0.000025 
| Global Round : 22 | Client :6 | Local Epoch : 1 | [64/571 (12%)]	Loss1: 5.840866 Loss2: 0.000028 
| Global Round : 22 | Client :6 | Local Epoch : 2 | [64/571 (12%)]	Loss1: 5.841376 Loss2: 0.000030 
| Global Round : 22 | Client :6 | Local Epoch : 3 | [64/571 (12%)]	Loss1: 5.841642 Loss2: 0.000028 
| Global Round : 22 | Client :6 | Local Epoch : 4 | [64/571 (12%)]	Loss1: 5.840709 Loss2: 0.000028 
| Global Round : 22 | Client :7 | Local Epoch : 0 | [64/665 (10%)]	Loss1: 5.841907 Loss2: 0.000034 
| Global Round : 22 | Client :7 | Local Epoch : 1 | [64/665 (10%)]	Loss1: 5.841245 Loss2: 0.000029 
| Global Round : 22 | Client :7 | Local Epoch : 2 | [64/665 (10%)]	Loss1: 5.840827 Loss2: 0.000021 
| Global Round : 22 | Client :7 | Local Epoch : 3 | [64/665 (10%)]	Loss1: 5.840884 Loss2: 0.000025 
| Global Round : 22 | Client :7 | Local Epoch : 4 | [64/665 (10%)]	Loss1: 5.842670 Loss2: 0.000028 
| Global Round : 22 | Client :8 | Local Epoch : 0 | [64/561 (12%)]	Loss1: 5.839795 Loss2: 0.000033 
| Global Round : 22 | Client :8 | Local Epoch : 1 | [64/561 (12%)]	Loss1: 5.841028 Loss2: 0.000036 
| Global Round : 22 | Client :8 | Local Epoch : 2 | [64/561 (12%)]	Loss1: 5.841140 Loss2: 0.000032 
| Global Round : 22 | Client :8 | Local Epoch : 3 | [64/561 (12%)]	Loss1: 5.841555 Loss2: 0.000032 
| Global Round : 22 | Client :8 | Local Epoch : 4 | [64/561 (12%)]	Loss1: 5.842771 Loss2: 0.000034 
| Global Round : 22 | Client :9 | Local Epoch : 0 | [64/811 (8%)]	Loss1: 5.839521 Loss2: 0.000028 
| Global Round : 22 | Client :9 | Local Epoch : 0 | [704/811 (92%)]	Loss1: 5.840644 Loss2: 0.000025 
| Global Round : 22 | Client :9 | Local Epoch : 1 | [64/811 (8%)]	Loss1: 5.839852 Loss2: 0.000022 
| Global Round : 22 | Client :9 | Local Epoch : 1 | [704/811 (92%)]	Loss1: 5.842121 Loss2: 0.000023 
| Global Round : 22 | Client :9 | Local Epoch : 2 | [64/811 (8%)]	Loss1: 5.840148 Loss2: 0.000023 
| Global Round : 22 | Client :9 | Local Epoch : 2 | [704/811 (92%)]	Loss1: 5.840250 Loss2: 0.000024 
| Global Round : 22 | Client :9 | Local Epoch : 3 | [64/811 (8%)]	Loss1: 5.840558 Loss2: 0.000026 
| Global Round : 22 | Client :9 | Local Epoch : 3 | [704/811 (92%)]	Loss1: 5.840584 Loss2: 0.000024 
| Global Round : 22 | Client :9 | Local Epoch : 4 | [64/811 (8%)]	Loss1: 5.840455 Loss2: 0.000020 
| Global Round : 22 | Client :9 | Local Epoch : 4 | [704/811 (92%)]	Loss1: 5.840885 Loss2: 0.000024 
average loss:   5.83899708166955
average local test accuracy: 0.8506510416666668
average global test accuracy:  0.580078125

 | Global Training Round : 23 |

xi_k [0.49019089 0.48027012 0.51384559 0.50717371 0.46914847 0.48924489
 0.47763628 0.51267845 0.48615072 0.50437237]
max_exp: -1.0
coe: 10
Regulation [0.8 0.8 0.8 0.8 0.8 0.8 0.8 0.8 0.8 0.8]
Solver status: optimal_inaccurate
b_new: [1. 1. 1. 1. 1. 1. 1. 1. 1. 1.]
Iter 0: obj=48.9071, best_obj=48.9071, ||b_new-b_prev||₂=2.846050
xi_k [0.49019089 0.48027012 0.51384559 0.50717371 0.46914847 0.48924489
 0.47763628 0.51267845 0.48615072 0.50437237]
max_exp: -1.0
coe: 10
Regulation [-1. -1. -1. -1. -1. -1. -1. -1. -1. -1.]
Solver status: optimal_inaccurate
b_new: [1. 1. 1. 1. 1. 1. 1. 1. 1. 1.]
Iter 1: obj=49.8071, best_obj=49.8071, ||b_new-b_prev||₂=0.000000
Converged.
Final b: [1. 1. 1. 1. 1. 1. 1. 1. 1. 1.]
<class 'numpy.ndarray'>
b_float: [1. 1. 1. 1. 1. 1. 1. 1. 1. 1.]
b: [1 1 1 1 1 1 1 1 1 1]
active_clients:  [0, 1, 2, 3, 4, 5, 6, 7, 8, 9]
Client 0's s_k are:[0 1 1 1 1 1 1 0 0 1]
Client 1's s_k are:[1 0 1 1 1 1 1 1 1 1]
Client 2's s_k are:[0 1 0 0 1 0 1 0 0 0]
Client 3's s_k are:[1 0 0 0 1 0 1 0 0 0]
Client 4's s_k are:[1 0 1 1 0 1 1 1 1 0]
Client 5's s_k are:[0 0 1 0 0 0 0 0 0 1]
Client 6's s_k are:[1 0 0 0 0 0 0 1 0 0]
Client 7's s_k are:[1 1 0 1 0 0 1 0 0 1]
Client 8's s_k are:[1 1 1 1 1 1 1 1 0 1]
Client 9's s_k are:[1 1 1 1 1 1 0 1 1 0]
| Global Round : 23 | Client :0 | Local Epoch : 0 | [64/626 (11%)]	Loss1: 5.841454 Loss2: 0.000028 
| Global Round : 23 | Client :0 | Local Epoch : 1 | [64/626 (11%)]	Loss1: 5.843226 Loss2: 0.000033 
| Global Round : 23 | Client :0 | Local Epoch : 2 | [64/626 (11%)]	Loss1: 5.841856 Loss2: 0.000028 
| Global Round : 23 | Client :0 | Local Epoch : 3 | [64/626 (11%)]	Loss1: 5.840487 Loss2: 0.000031 
| Global Round : 23 | Client :0 | Local Epoch : 4 | [64/626 (11%)]	Loss1: 5.842336 Loss2: 0.000034 
| Global Round : 23 | Client :1 | Local Epoch : 0 | [64/497 (14%)]	Loss1: 5.842469 Loss2: 0.000042 
| Global Round : 23 | Client :1 | Local Epoch : 1 | [64/497 (14%)]	Loss1: 5.842660 Loss2: 0.000038 
| Global Round : 23 | Client :1 | Local Epoch : 2 | [64/497 (14%)]	Loss1: 5.841416 Loss2: 0.000040 
| Global Round : 23 | Client :1 | Local Epoch : 3 | [64/497 (14%)]	Loss1: 5.842728 Loss2: 0.000040 
| Global Round : 23 | Client :1 | Local Epoch : 4 | [64/497 (14%)]	Loss1: 5.843075 Loss2: 0.000046 
| Global Round : 23 | Client :2 | Local Epoch : 0 | [64/597 (11%)]	Loss1: 5.839671 Loss2: 0.000042 
| Global Round : 23 | Client :2 | Local Epoch : 1 | [64/597 (11%)]	Loss1: 5.839816 Loss2: 0.000047 
| Global Round : 23 | Client :2 | Local Epoch : 2 | [64/597 (11%)]	Loss1: 5.840625 Loss2: 0.000042 
| Global Round : 23 | Client :2 | Local Epoch : 3 | [64/597 (11%)]	Loss1: 5.840112 Loss2: 0.000043 
| Global Round : 23 | Client :2 | Local Epoch : 4 | [64/597 (11%)]	Loss1: 5.839796 Loss2: 0.000048 
| Global Round : 23 | Client :3 | Local Epoch : 0 | [64/605 (11%)]	Loss1: 5.841801 Loss2: 0.000031 
| Global Round : 23 | Client :3 | Local Epoch : 1 | [64/605 (11%)]	Loss1: 5.841274 Loss2: 0.000032 
| Global Round : 23 | Client :3 | Local Epoch : 2 | [64/605 (11%)]	Loss1: 5.839523 Loss2: 0.000037 
| Global Round : 23 | Client :3 | Local Epoch : 3 | [64/605 (11%)]	Loss1: 5.840586 Loss2: 0.000036 
| Global Round : 23 | Client :3 | Local Epoch : 4 | [64/605 (11%)]	Loss1: 5.841758 Loss2: 0.000039 
| Global Round : 23 | Client :4 | Local Epoch : 0 | [64/436 (17%)]	Loss1: 5.841040 Loss2: 0.000040 
| Global Round : 23 | Client :4 | Local Epoch : 1 | [64/436 (17%)]	Loss1: 5.839587 Loss2: 0.000042 
| Global Round : 23 | Client :4 | Local Epoch : 2 | [64/436 (17%)]	Loss1: 5.840208 Loss2: 0.000041 
| Global Round : 23 | Client :4 | Local Epoch : 3 | [64/436 (17%)]	Loss1: 5.841678 Loss2: 0.000045 
| Global Round : 23 | Client :4 | Local Epoch : 4 | [64/436 (17%)]	Loss1: 5.840865 Loss2: 0.000047 
| Global Round : 23 | Client :5 | Local Epoch : 0 | [64/627 (11%)]	Loss1: 5.840154 Loss2: 0.000033 
| Global Round : 23 | Client :5 | Local Epoch : 1 | [64/627 (11%)]	Loss1: 5.839779 Loss2: 0.000034 
| Global Round : 23 | Client :5 | Local Epoch : 2 | [64/627 (11%)]	Loss1: 5.840851 Loss2: 0.000038 
| Global Round : 23 | Client :5 | Local Epoch : 3 | [64/627 (11%)]	Loss1: 5.840187 Loss2: 0.000030 
| Global Round : 23 | Client :5 | Local Epoch : 4 | [64/627 (11%)]	Loss1: 5.840087 Loss2: 0.000034 
| Global Round : 23 | Client :6 | Local Epoch : 0 | [64/571 (12%)]	Loss1: 5.842033 Loss2: 0.000023 
| Global Round : 23 | Client :6 | Local Epoch : 1 | [64/571 (12%)]	Loss1: 5.842107 Loss2: 0.000024 
| Global Round : 23 | Client :6 | Local Epoch : 2 | [64/571 (12%)]	Loss1: 5.841068 Loss2: 0.000021 
| Global Round : 23 | Client :6 | Local Epoch : 3 | [64/571 (12%)]	Loss1: 5.841577 Loss2: 0.000021 
| Global Round : 23 | Client :6 | Local Epoch : 4 | [64/571 (12%)]	Loss1: 5.840778 Loss2: 0.000022 
| Global Round : 23 | Client :7 | Local Epoch : 0 | [64/665 (10%)]	Loss1: 5.840755 Loss2: 0.000022 
| Global Round : 23 | Client :7 | Local Epoch : 1 | [64/665 (10%)]	Loss1: 5.840611 Loss2: 0.000027 
| Global Round : 23 | Client :7 | Local Epoch : 2 | [64/665 (10%)]	Loss1: 5.839946 Loss2: 0.000025 
| Global Round : 23 | Client :7 | Local Epoch : 3 | [64/665 (10%)]	Loss1: 5.841321 Loss2: 0.000027 
| Global Round : 23 | Client :7 | Local Epoch : 4 | [64/665 (10%)]	Loss1: 5.840909 Loss2: 0.000020 
| Global Round : 23 | Client :8 | Local Epoch : 0 | [64/561 (12%)]	Loss1: 5.840580 Loss2: 0.000030 
| Global Round : 23 | Client :8 | Local Epoch : 1 | [64/561 (12%)]	Loss1: 5.840748 Loss2: 0.000034 
| Global Round : 23 | Client :8 | Local Epoch : 2 | [64/561 (12%)]	Loss1: 5.840648 Loss2: 0.000038 
| Global Round : 23 | Client :8 | Local Epoch : 3 | [64/561 (12%)]	Loss1: 5.841871 Loss2: 0.000030 
| Global Round : 23 | Client :8 | Local Epoch : 4 | [64/561 (12%)]	Loss1: 5.840906 Loss2: 0.000029 
| Global Round : 23 | Client :9 | Local Epoch : 0 | [64/811 (8%)]	Loss1: 5.841035 Loss2: 0.000027 
| Global Round : 23 | Client :9 | Local Epoch : 0 | [704/811 (92%)]	Loss1: 5.840225 Loss2: 0.000023 
| Global Round : 23 | Client :9 | Local Epoch : 1 | [64/811 (8%)]	Loss1: 5.839734 Loss2: 0.000023 
| Global Round : 23 | Client :9 | Local Epoch : 1 | [704/811 (92%)]	Loss1: 5.839969 Loss2: 0.000028 
| Global Round : 23 | Client :9 | Local Epoch : 2 | [64/811 (8%)]	Loss1: 5.839534 Loss2: 0.000029 
| Global Round : 23 | Client :9 | Local Epoch : 2 | [704/811 (92%)]	Loss1: 5.841227 Loss2: 0.000031 
| Global Round : 23 | Client :9 | Local Epoch : 3 | [64/811 (8%)]	Loss1: 5.840544 Loss2: 0.000028 
| Global Round : 23 | Client :9 | Local Epoch : 3 | [704/811 (92%)]	Loss1: 5.841135 Loss2: 0.000029 
| Global Round : 23 | Client :9 | Local Epoch : 4 | [64/811 (8%)]	Loss1: 5.839947 Loss2: 0.000023 
| Global Round : 23 | Client :9 | Local Epoch : 4 | [704/811 (92%)]	Loss1: 5.840280 Loss2: 0.000032 
average loss:   5.838960908518897
average local test accuracy: 0.8520833333333334
average global test accuracy:  0.6161458333333334

 | Global Training Round : 24 |

xi_k [0.49014667 0.48026545 0.51387313 0.50716616 0.46917968 0.48924524
 0.47762528 0.51267765 0.48616041 0.50437261]
max_exp: -1.0
coe: 10
Regulation [0.8 0.8 0.8 0.8 0.8 0.8 0.8 0.8 0.8 0.8]
Solver status: optimal_inaccurate
b_new: [1. 1. 1. 1. 1. 1. 1. 1. 1. 1.]
Iter 0: obj=48.9071, best_obj=48.9071, ||b_new-b_prev||₂=2.846050
xi_k [0.49014667 0.48026545 0.51387313 0.50716616 0.46917968 0.48924524
 0.47762528 0.51267765 0.48616041 0.50437261]
max_exp: -1.0
coe: 10
Regulation [-1. -1. -1. -1. -1. -1. -1. -1. -1. -1.]
Solver status: optimal_inaccurate
b_new: [1. 1. 1. 1. 1. 1. 1. 1. 1. 1.]
Iter 1: obj=49.8071, best_obj=49.8071, ||b_new-b_prev||₂=0.000000
Converged.
Final b: [1. 1. 1. 1. 1. 1. 1. 1. 1. 1.]
<class 'numpy.ndarray'>
b_float: [1. 1. 1. 1. 1. 1. 1. 1. 1. 1.]
b: [1 1 1 1 1 1 1 1 1 1]
active_clients:  [0, 1, 2, 3, 4, 5, 6, 7, 8, 9]
Client 0's s_k are:[0 1 1 1 1 1 0 0 1 1]
Client 1's s_k are:[1 0 1 0 1 0 1 1 1 1]
Client 2's s_k are:[1 0 0 0 0 0 1 0 0 1]
Client 3's s_k are:[1 1 0 0 1 1 1 0 1 1]
Client 4's s_k are:[1 1 1 0 0 1 0 1 1 1]
Client 5's s_k are:[0 1 1 0 0 0 0 0 1 1]
Client 6's s_k are:[1 1 0 1 0 0 0 0 1 1]
Client 7's s_k are:[0 0 1 1 0 0 1 0 0 0]
Client 8's s_k are:[1 0 1 1 0 0 0 0 0 1]
Client 9's s_k are:[0 0 0 1 1 1 0 1 1 0]
| Global Round : 24 | Client :0 | Local Epoch : 0 | [64/626 (11%)]	Loss1: 5.841882 Loss2: 0.000036 
| Global Round : 24 | Client :0 | Local Epoch : 1 | [64/626 (11%)]	Loss1: 5.841581 Loss2: 0.000031 
| Global Round : 24 | Client :0 | Local Epoch : 2 | [64/626 (11%)]	Loss1: 5.841241 Loss2: 0.000031 
| Global Round : 24 | Client :0 | Local Epoch : 3 | [64/626 (11%)]	Loss1: 5.841722 Loss2: 0.000034 
| Global Round : 24 | Client :0 | Local Epoch : 4 | [64/626 (11%)]	Loss1: 5.842416 Loss2: 0.000033 
| Global Round : 24 | Client :1 | Local Epoch : 0 | [64/497 (14%)]	Loss1: 5.841906 Loss2: 0.000038 
| Global Round : 24 | Client :1 | Local Epoch : 1 | [64/497 (14%)]	Loss1: 5.841686 Loss2: 0.000043 
| Global Round : 24 | Client :1 | Local Epoch : 2 | [64/497 (14%)]	Loss1: 5.841003 Loss2: 0.000038 
| Global Round : 24 | Client :1 | Local Epoch : 3 | [64/497 (14%)]	Loss1: 5.840016 Loss2: 0.000044 
| Global Round : 24 | Client :1 | Local Epoch : 4 | [64/497 (14%)]	Loss1: 5.840980 Loss2: 0.000040 
| Global Round : 24 | Client :2 | Local Epoch : 0 | [64/597 (11%)]	Loss1: 5.840393 Loss2: 0.000025 
| Global Round : 24 | Client :2 | Local Epoch : 1 | [64/597 (11%)]	Loss1: 5.840127 Loss2: 0.000026 
| Global Round : 24 | Client :2 | Local Epoch : 2 | [64/597 (11%)]	Loss1: 5.839817 Loss2: 0.000028 
| Global Round : 24 | Client :2 | Local Epoch : 3 | [64/597 (11%)]	Loss1: 5.840280 Loss2: 0.000025 
| Global Round : 24 | Client :2 | Local Epoch : 4 | [64/597 (11%)]	Loss1: 5.840079 Loss2: 0.000024 
| Global Round : 24 | Client :3 | Local Epoch : 0 | [64/605 (11%)]	Loss1: 5.840717 Loss2: 0.000024 
| Global Round : 24 | Client :3 | Local Epoch : 1 | [64/605 (11%)]	Loss1: 5.840363 Loss2: 0.000027 
| Global Round : 24 | Client :3 | Local Epoch : 2 | [64/605 (11%)]	Loss1: 5.842443 Loss2: 0.000021 
| Global Round : 24 | Client :3 | Local Epoch : 3 | [64/605 (11%)]	Loss1: 5.839915 Loss2: 0.000022 
| Global Round : 24 | Client :3 | Local Epoch : 4 | [64/605 (11%)]	Loss1: 5.841213 Loss2: 0.000022 
| Global Round : 24 | Client :4 | Local Epoch : 0 | [64/436 (17%)]	Loss1: 5.839878 Loss2: 0.000041 
| Global Round : 24 | Client :4 | Local Epoch : 1 | [64/436 (17%)]	Loss1: 5.841450 Loss2: 0.000040 
| Global Round : 24 | Client :4 | Local Epoch : 2 | [64/436 (17%)]	Loss1: 5.840225 Loss2: 0.000040 
| Global Round : 24 | Client :4 | Local Epoch : 3 | [64/436 (17%)]	Loss1: 5.840173 Loss2: 0.000045 
| Global Round : 24 | Client :4 | Local Epoch : 4 | [64/436 (17%)]	Loss1: 5.840670 Loss2: 0.000045 
| Global Round : 24 | Client :5 | Local Epoch : 0 | [64/627 (11%)]	Loss1: 5.839710 Loss2: 0.000032 
| Global Round : 24 | Client :5 | Local Epoch : 1 | [64/627 (11%)]	Loss1: 5.840488 Loss2: 0.000032 
| Global Round : 24 | Client :5 | Local Epoch : 2 | [64/627 (11%)]	Loss1: 5.839733 Loss2: 0.000031 
| Global Round : 24 | Client :5 | Local Epoch : 3 | [64/627 (11%)]	Loss1: 5.841262 Loss2: 0.000038 
| Global Round : 24 | Client :5 | Local Epoch : 4 | [64/627 (11%)]	Loss1: 5.840505 Loss2: 0.000034 
| Global Round : 24 | Client :6 | Local Epoch : 0 | [64/571 (12%)]	Loss1: 5.840821 Loss2: 0.000028 
| Global Round : 24 | Client :6 | Local Epoch : 1 | [64/571 (12%)]	Loss1: 5.839796 Loss2: 0.000026 
| Global Round : 24 | Client :6 | Local Epoch : 2 | [64/571 (12%)]	Loss1: 5.840704 Loss2: 0.000025 
| Global Round : 24 | Client :6 | Local Epoch : 3 | [64/571 (12%)]	Loss1: 5.841004 Loss2: 0.000026 
| Global Round : 24 | Client :6 | Local Epoch : 4 | [64/571 (12%)]	Loss1: 5.841252 Loss2: 0.000029 
| Global Round : 24 | Client :7 | Local Epoch : 0 | [64/665 (10%)]	Loss1: 5.841777 Loss2: 0.000025 
| Global Round : 24 | Client :7 | Local Epoch : 1 | [64/665 (10%)]	Loss1: 5.841247 Loss2: 0.000028 
| Global Round : 24 | Client :7 | Local Epoch : 2 | [64/665 (10%)]	Loss1: 5.840852 Loss2: 0.000030 
| Global Round : 24 | Client :7 | Local Epoch : 3 | [64/665 (10%)]	Loss1: 5.841386 Loss2: 0.000028 
| Global Round : 24 | Client :7 | Local Epoch : 4 | [64/665 (10%)]	Loss1: 5.840940 Loss2: 0.000025 
| Global Round : 24 | Client :8 | Local Epoch : 0 | [64/561 (12%)]	Loss1: 5.841383 Loss2: 0.000030 
| Global Round : 24 | Client :8 | Local Epoch : 1 | [64/561 (12%)]	Loss1: 5.840985 Loss2: 0.000029 
| Global Round : 24 | Client :8 | Local Epoch : 2 | [64/561 (12%)]	Loss1: 5.840769 Loss2: 0.000031 
| Global Round : 24 | Client :8 | Local Epoch : 3 | [64/561 (12%)]	Loss1: 5.840315 Loss2: 0.000032 
| Global Round : 24 | Client :8 | Local Epoch : 4 | [64/561 (12%)]	Loss1: 5.841592 Loss2: 0.000031 
| Global Round : 24 | Client :9 | Local Epoch : 0 | [64/811 (8%)]	Loss1: 5.840052 Loss2: 0.000027 
| Global Round : 24 | Client :9 | Local Epoch : 0 | [704/811 (92%)]	Loss1: 5.840261 Loss2: 0.000031 
| Global Round : 24 | Client :9 | Local Epoch : 1 | [64/811 (8%)]	Loss1: 5.839626 Loss2: 0.000023 
| Global Round : 24 | Client :9 | Local Epoch : 1 | [704/811 (92%)]	Loss1: 5.839994 Loss2: 0.000028 
| Global Round : 24 | Client :9 | Local Epoch : 2 | [64/811 (8%)]	Loss1: 5.839902 Loss2: 0.000025 
| Global Round : 24 | Client :9 | Local Epoch : 2 | [704/811 (92%)]	Loss1: 5.839639 Loss2: 0.000031 
| Global Round : 24 | Client :9 | Local Epoch : 3 | [64/811 (8%)]	Loss1: 5.840226 Loss2: 0.000032 
| Global Round : 24 | Client :9 | Local Epoch : 3 | [704/811 (92%)]	Loss1: 5.839852 Loss2: 0.000028 
| Global Round : 24 | Client :9 | Local Epoch : 4 | [64/811 (8%)]	Loss1: 5.839831 Loss2: 0.000026 
| Global Round : 24 | Client :9 | Local Epoch : 4 | [704/811 (92%)]	Loss1: 5.841403 Loss2: 0.000032 
average loss:   5.83885748403413
average local test accuracy: 0.8532552083333332
average global test accuracy:  0.5729166666666666

 | Global Training Round : 25 |

xi_k [0.49015023 0.48024103 0.51386581 0.50712736 0.46914518 0.48923891
 0.47760276 0.51268153 0.48611308 0.50439098]
max_exp: -1.0
coe: 10
Regulation [0.8 0.8 0.8 0.8 0.8 0.8 0.8 0.8 0.8 0.8]
Solver status: optimal_inaccurate
b_new: [1. 1. 1. 1. 1. 1. 1. 1. 1. 1.]
Iter 0: obj=48.9056, best_obj=48.9056, ||b_new-b_prev||₂=2.846050
xi_k [0.49015023 0.48024103 0.51386581 0.50712736 0.46914518 0.48923891
 0.47760276 0.51268153 0.48611308 0.50439098]
max_exp: -1.0
coe: 10
Regulation [-1. -1. -1. -1. -1. -1. -1. -1. -1. -1.]
Solver status: optimal_inaccurate
b_new: [1. 1. 1. 1. 1. 1. 1. 1. 1. 1.]
Iter 1: obj=49.8056, best_obj=49.8056, ||b_new-b_prev||₂=0.000000
Converged.
Final b: [1. 1. 1. 1. 1. 1. 1. 1. 1. 1.]
<class 'numpy.ndarray'>
b_float: [1. 1. 1. 1. 1. 1. 1. 1. 1. 1.]
b: [1 1 1 1 1 1 1 1 1 1]
active_clients:  [0, 1, 2, 3, 4, 5, 6, 7, 8, 9]
Client 0's s_k are:[0 1 1 0 1 1 1 1 1 1]
Client 1's s_k are:[0 0 1 0 1 1 0 1 0 0]
Client 2's s_k are:[1 1 0 1 1 1 1 1 0 1]
Client 3's s_k are:[0 1 0 0 0 0 0 0 0 0]
Client 4's s_k are:[1 1 1 0 0 1 1 0 0 0]
Client 5's s_k are:[1 1 1 1 1 0 1 1 1 1]
Client 6's s_k are:[1 1 0 1 1 1 0 1 1 1]
Client 7's s_k are:[0 0 0 0 0 0 0 0 1 0]
Client 8's s_k are:[0 1 0 1 1 1 1 1 0 1]
Client 9's s_k are:[0 0 0 0 0 0 0 0 1 0]
| Global Round : 25 | Client :0 | Local Epoch : 0 | [64/626 (11%)]	Loss1: 5.842546 Loss2: 0.000023 
| Global Round : 25 | Client :0 | Local Epoch : 1 | [64/626 (11%)]	Loss1: 5.842022 Loss2: 0.000025 
| Global Round : 25 | Client :0 | Local Epoch : 2 | [64/626 (11%)]	Loss1: 5.841217 Loss2: 0.000027 
| Global Round : 25 | Client :0 | Local Epoch : 3 | [64/626 (11%)]	Loss1: 5.842342 Loss2: 0.000026 
| Global Round : 25 | Client :0 | Local Epoch : 4 | [64/626 (11%)]	Loss1: 5.842565 Loss2: 0.000024 
| Global Round : 25 | Client :1 | Local Epoch : 0 | [64/497 (14%)]	Loss1: 5.842204 Loss2: 0.000045 
| Global Round : 25 | Client :1 | Local Epoch : 1 | [64/497 (14%)]	Loss1: 5.841462 Loss2: 0.000042 
| Global Round : 25 | Client :1 | Local Epoch : 2 | [64/497 (14%)]	Loss1: 5.841274 Loss2: 0.000047 
| Global Round : 25 | Client :1 | Local Epoch : 3 | [64/497 (14%)]	Loss1: 5.842062 Loss2: 0.000046 
| Global Round : 25 | Client :1 | Local Epoch : 4 | [64/497 (14%)]	Loss1: 5.841069 Loss2: 0.000050 
| Global Round : 25 | Client :2 | Local Epoch : 0 | [64/597 (11%)]	Loss1: 5.841022 Loss2: 0.000024 
| Global Round : 25 | Client :2 | Local Epoch : 1 | [64/597 (11%)]	Loss1: 5.840336 Loss2: 0.000021 
| Global Round : 25 | Client :2 | Local Epoch : 2 | [64/597 (11%)]	Loss1: 5.839867 Loss2: 0.000024 
| Global Round : 25 | Client :2 | Local Epoch : 3 | [64/597 (11%)]	Loss1: 5.840126 Loss2: 0.000022 
| Global Round : 25 | Client :2 | Local Epoch : 4 | [64/597 (11%)]	Loss1: 5.840728 Loss2: 0.000026 
| Global Round : 25 | Client :3 | Local Epoch : 0 | [64/605 (11%)]	Loss1: 5.841399 Loss2: 0.000058 
| Global Round : 25 | Client :3 | Local Epoch : 1 | [64/605 (11%)]	Loss1: 5.840374 Loss2: 0.000055 
| Global Round : 25 | Client :3 | Local Epoch : 2 | [64/605 (11%)]	Loss1: 5.841097 Loss2: 0.000061 
| Global Round : 25 | Client :3 | Local Epoch : 3 | [64/605 (11%)]	Loss1: 5.841541 Loss2: 0.000049 
| Global Round : 25 | Client :3 | Local Epoch : 4 | [64/605 (11%)]	Loss1: 5.841004 Loss2: 0.000051 
| Global Round : 25 | Client :4 | Local Epoch : 0 | [64/436 (17%)]	Loss1: 5.840401 Loss2: 0.000043 
| Global Round : 25 | Client :4 | Local Epoch : 1 | [64/436 (17%)]	Loss1: 5.840985 Loss2: 0.000042 
| Global Round : 25 | Client :4 | Local Epoch : 2 | [64/436 (17%)]	Loss1: 5.840057 Loss2: 0.000045 
| Global Round : 25 | Client :4 | Local Epoch : 3 | [64/436 (17%)]	Loss1: 5.841687 Loss2: 0.000045 
| Global Round : 25 | Client :4 | Local Epoch : 4 | [64/436 (17%)]	Loss1: 5.840770 Loss2: 0.000043 
| Global Round : 25 | Client :5 | Local Epoch : 0 | [64/627 (11%)]	Loss1: 5.840865 Loss2: 0.000032 
| Global Round : 25 | Client :5 | Local Epoch : 1 | [64/627 (11%)]	Loss1: 5.840736 Loss2: 0.000035 
| Global Round : 25 | Client :5 | Local Epoch : 2 | [64/627 (11%)]	Loss1: 5.840032 Loss2: 0.000030 
| Global Round : 25 | Client :5 | Local Epoch : 3 | [64/627 (11%)]	Loss1: 5.840174 Loss2: 0.000029 
| Global Round : 25 | Client :5 | Local Epoch : 4 | [64/627 (11%)]	Loss1: 5.839929 Loss2: 0.000033 
| Global Round : 25 | Client :6 | Local Epoch : 0 | [64/571 (12%)]	Loss1: 5.840678 Loss2: 0.000027 
| Global Round : 25 | Client :6 | Local Epoch : 1 | [64/571 (12%)]	Loss1: 5.841289 Loss2: 0.000024 
| Global Round : 25 | Client :6 | Local Epoch : 2 | [64/571 (12%)]	Loss1: 5.843013 Loss2: 0.000025 
| Global Round : 25 | Client :6 | Local Epoch : 3 | [64/571 (12%)]	Loss1: 5.840189 Loss2: 0.000027 
| Global Round : 25 | Client :6 | Local Epoch : 4 | [64/571 (12%)]	Loss1: 5.839842 Loss2: 0.000028 
| Global Round : 25 | Client :7 | Local Epoch : 0 | [64/665 (10%)]	Loss1: 5.841825 Loss2: 0.000042 
| Global Round : 25 | Client :7 | Local Epoch : 1 | [64/665 (10%)]	Loss1: 5.840881 Loss2: 0.000045 
| Global Round : 25 | Client :7 | Local Epoch : 2 | [64/665 (10%)]	Loss1: 5.842540 Loss2: 0.000042 
| Global Round : 25 | Client :7 | Local Epoch : 3 | [64/665 (10%)]	Loss1: 5.839499 Loss2: 0.000046 
| Global Round : 25 | Client :7 | Local Epoch : 4 | [64/665 (10%)]	Loss1: 5.840803 Loss2: 0.000040 
| Global Round : 25 | Client :8 | Local Epoch : 0 | [64/561 (12%)]	Loss1: 5.841695 Loss2: 0.000026 
| Global Round : 25 | Client :8 | Local Epoch : 1 | [64/561 (12%)]	Loss1: 5.840444 Loss2: 0.000032 
| Global Round : 25 | Client :8 | Local Epoch : 2 | [64/561 (12%)]	Loss1: 5.840652 Loss2: 0.000034 
| Global Round : 25 | Client :8 | Local Epoch : 3 | [64/561 (12%)]	Loss1: 5.839647 Loss2: 0.000032 
| Global Round : 25 | Client :8 | Local Epoch : 4 | [64/561 (12%)]	Loss1: 5.840715 Loss2: 0.000027 
| Global Round : 25 | Client :9 | Local Epoch : 0 | [64/811 (8%)]	Loss1: 5.839942 Loss2: 0.000032 
| Global Round : 25 | Client :9 | Local Epoch : 0 | [704/811 (92%)]	Loss1: 5.840997 Loss2: 0.000037 
| Global Round : 25 | Client :9 | Local Epoch : 1 | [64/811 (8%)]	Loss1: 5.841258 Loss2: 0.000034 
| Global Round : 25 | Client :9 | Local Epoch : 1 | [704/811 (92%)]	Loss1: 5.840016 Loss2: 0.000035 
| Global Round : 25 | Client :9 | Local Epoch : 2 | [64/811 (8%)]	Loss1: 5.840322 Loss2: 0.000038 
| Global Round : 25 | Client :9 | Local Epoch : 2 | [704/811 (92%)]	Loss1: 5.841048 Loss2: 0.000039 
| Global Round : 25 | Client :9 | Local Epoch : 3 | [64/811 (8%)]	Loss1: 5.840730 Loss2: 0.000038 
| Global Round : 25 | Client :9 | Local Epoch : 3 | [704/811 (92%)]	Loss1: 5.840713 Loss2: 0.000037 
| Global Round : 25 | Client :9 | Local Epoch : 4 | [64/811 (8%)]	Loss1: 5.839687 Loss2: 0.000037 
| Global Round : 25 | Client :9 | Local Epoch : 4 | [704/811 (92%)]	Loss1: 5.840848 Loss2: 0.000036 
average loss:   5.83885203107955
average local test accuracy: 0.8583333333333332
average global test accuracy:  0.5645833333333333

 | Global Training Round : 26 |

xi_k [0.49015863 0.48024134 0.51388023 0.50713181 0.46912962 0.48922549
 0.47758957 0.51269373 0.48609519 0.50435918]
max_exp: -1.0
coe: 10
Regulation [0.8 0.8 0.8 0.8 0.8 0.8 0.8 0.8 0.8 0.8]
Solver status: optimal_inaccurate
b_new: [1. 1. 1. 1. 1. 1. 1. 1. 1. 1.]
Iter 0: obj=48.9050, best_obj=48.9050, ||b_new-b_prev||₂=2.846050
xi_k [0.49015863 0.48024134 0.51388023 0.50713181 0.46912962 0.48922549
 0.47758957 0.51269373 0.48609519 0.50435918]
max_exp: -1.0
coe: 10
Regulation [-1. -1. -1. -1. -1. -1. -1. -1. -1. -1.]
Solver status: optimal_inaccurate
b_new: [1. 1. 1. 1. 1. 1. 1. 1. 1. 1.]
Iter 1: obj=49.8050, best_obj=49.8050, ||b_new-b_prev||₂=0.000000
Converged.
Final b: [1. 1. 1. 1. 1. 1. 1. 1. 1. 1.]
<class 'numpy.ndarray'>
b_float: [1. 1. 1. 1. 1. 1. 1. 1. 1. 1.]
b: [1 1 1 1 1 1 1 1 1 1]
active_clients:  [0, 1, 2, 3, 4, 5, 6, 7, 8, 9]
Client 0's s_k are:[0 0 1 1 1 1 1 1 1 1]
Client 1's s_k are:[1 0 1 0 1 1 1 1 1 1]
Client 2's s_k are:[1 1 0 1 1 0 1 1 1 1]
Client 3's s_k are:[0 0 0 0 0 1 0 0 0 1]
Client 4's s_k are:[1 0 0 1 0 0 1 0 1 0]
Client 5's s_k are:[1 1 1 1 0 0 1 1 0 1]
Client 6's s_k are:[0 1 1 1 1 0 0 1 1 1]
Client 7's s_k are:[1 0 1 1 1 1 0 0 1 0]
Client 8's s_k are:[1 0 0 0 0 0 0 0 0 0]
Client 9's s_k are:[1 1 0 1 1 1 0 0 0 0]
| Global Round : 26 | Client :0 | Local Epoch : 0 | [64/626 (11%)]	Loss1: 5.841302 Loss2: 0.000031 
| Global Round : 26 | Client :0 | Local Epoch : 1 | [64/626 (11%)]	Loss1: 5.841436 Loss2: 0.000028 
| Global Round : 26 | Client :0 | Local Epoch : 2 | [64/626 (11%)]	Loss1: 5.841095 Loss2: 0.000027 
| Global Round : 26 | Client :0 | Local Epoch : 3 | [64/626 (11%)]	Loss1: 5.840992 Loss2: 0.000029 
| Global Round : 26 | Client :0 | Local Epoch : 4 | [64/626 (11%)]	Loss1: 5.840913 Loss2: 0.000027 
| Global Round : 26 | Client :1 | Local Epoch : 0 | [64/497 (14%)]	Loss1: 5.840976 Loss2: 0.000047 
| Global Round : 26 | Client :1 | Local Epoch : 1 | [64/497 (14%)]	Loss1: 5.842562 Loss2: 0.000047 
| Global Round : 26 | Client :1 | Local Epoch : 2 | [64/497 (14%)]	Loss1: 5.840472 Loss2: 0.000045 
| Global Round : 26 | Client :1 | Local Epoch : 3 | [64/497 (14%)]	Loss1: 5.841144 Loss2: 0.000043 
| Global Round : 26 | Client :1 | Local Epoch : 4 | [64/497 (14%)]	Loss1: 5.841848 Loss2: 0.000038 
| Global Round : 26 | Client :2 | Local Epoch : 0 | [64/597 (11%)]	Loss1: 5.839845 Loss2: 0.000023 
| Global Round : 26 | Client :2 | Local Epoch : 1 | [64/597 (11%)]	Loss1: 5.840154 Loss2: 0.000028 
| Global Round : 26 | Client :2 | Local Epoch : 2 | [64/597 (11%)]	Loss1: 5.840167 Loss2: 0.000026 
| Global Round : 26 | Client :2 | Local Epoch : 3 | [64/597 (11%)]	Loss1: 5.840171 Loss2: 0.000027 
| Global Round : 26 | Client :2 | Local Epoch : 4 | [64/597 (11%)]	Loss1: 5.840601 Loss2: 0.000024 
| Global Round : 26 | Client :3 | Local Epoch : 0 | [64/605 (11%)]	Loss1: 5.840920 Loss2: 0.000025 
| Global Round : 26 | Client :3 | Local Epoch : 1 | [64/605 (11%)]	Loss1: 5.841363 Loss2: 0.000021 
| Global Round : 26 | Client :3 | Local Epoch : 2 | [64/605 (11%)]	Loss1: 5.840860 Loss2: 0.000026 
| Global Round : 26 | Client :3 | Local Epoch : 3 | [64/605 (11%)]	Loss1: 5.841411 Loss2: 0.000023 
| Global Round : 26 | Client :3 | Local Epoch : 4 | [64/605 (11%)]	Loss1: 5.841336 Loss2: 0.000024 
| Global Round : 26 | Client :4 | Local Epoch : 0 | [64/436 (17%)]	Loss1: 5.841751 Loss2: 0.000046 
| Global Round : 26 | Client :4 | Local Epoch : 1 | [64/436 (17%)]	Loss1: 5.840344 Loss2: 0.000044 
| Global Round : 26 | Client :4 | Local Epoch : 2 | [64/436 (17%)]	Loss1: 5.839429 Loss2: 0.000044 
| Global Round : 26 | Client :4 | Local Epoch : 3 | [64/436 (17%)]	Loss1: 5.840230 Loss2: 0.000048 
| Global Round : 26 | Client :4 | Local Epoch : 4 | [64/436 (17%)]	Loss1: 5.841479 Loss2: 0.000043 
| Global Round : 26 | Client :5 | Local Epoch : 0 | [64/627 (11%)]	Loss1: 5.840149 Loss2: 0.000030 
| Global Round : 26 | Client :5 | Local Epoch : 1 | [64/627 (11%)]	Loss1: 5.840350 Loss2: 0.000032 
| Global Round : 26 | Client :5 | Local Epoch : 2 | [64/627 (11%)]	Loss1: 5.839759 Loss2: 0.000034 
| Global Round : 26 | Client :5 | Local Epoch : 3 | [64/627 (11%)]	Loss1: 5.840323 Loss2: 0.000033 
| Global Round : 26 | Client :5 | Local Epoch : 4 | [64/627 (11%)]	Loss1: 5.840994 Loss2: 0.000033 
| Global Round : 26 | Client :6 | Local Epoch : 0 | [64/571 (12%)]	Loss1: 5.839420 Loss2: 0.000023 
| Global Round : 26 | Client :6 | Local Epoch : 1 | [64/571 (12%)]	Loss1: 5.839569 Loss2: 0.000027 
| Global Round : 26 | Client :6 | Local Epoch : 2 | [64/571 (12%)]	Loss1: 5.840094 Loss2: 0.000028 
| Global Round : 26 | Client :6 | Local Epoch : 3 | [64/571 (12%)]	Loss1: 5.839817 Loss2: 0.000025 
| Global Round : 26 | Client :6 | Local Epoch : 4 | [64/571 (12%)]	Loss1: 5.840420 Loss2: 0.000025 
| Global Round : 26 | Client :7 | Local Epoch : 0 | [64/665 (10%)]	Loss1: 5.840377 Loss2: 0.000024 
| Global Round : 26 | Client :7 | Local Epoch : 1 | [64/665 (10%)]	Loss1: 5.841274 Loss2: 0.000025 
| Global Round : 26 | Client :7 | Local Epoch : 2 | [64/665 (10%)]	Loss1: 5.841151 Loss2: 0.000024 
| Global Round : 26 | Client :7 | Local Epoch : 3 | [64/665 (10%)]	Loss1: 5.841522 Loss2: 0.000023 
| Global Round : 26 | Client :7 | Local Epoch : 4 | [64/665 (10%)]	Loss1: 5.841209 Loss2: 0.000026 
| Global Round : 26 | Client :8 | Local Epoch : 0 | [64/561 (12%)]	Loss1: 5.841597 Loss2: 0.000039 
| Global Round : 26 | Client :8 | Local Epoch : 1 | [64/561 (12%)]	Loss1: 5.840894 Loss2: 0.000043 
| Global Round : 26 | Client :8 | Local Epoch : 2 | [64/561 (12%)]	Loss1: 5.839929 Loss2: 0.000035 
| Global Round : 26 | Client :8 | Local Epoch : 3 | [64/561 (12%)]	Loss1: 5.839575 Loss2: 0.000038 
| Global Round : 26 | Client :8 | Local Epoch : 4 | [64/561 (12%)]	Loss1: 5.840104 Loss2: 0.000044 
| Global Round : 26 | Client :9 | Local Epoch : 0 | [64/811 (8%)]	Loss1: 5.840806 Loss2: 0.000029 
| Global Round : 26 | Client :9 | Local Epoch : 0 | [704/811 (92%)]	Loss1: 5.841437 Loss2: 0.000041 
| Global Round : 26 | Client :9 | Local Epoch : 1 | [64/811 (8%)]	Loss1: 5.840199 Loss2: 0.000037 
| Global Round : 26 | Client :9 | Local Epoch : 1 | [704/811 (92%)]	Loss1: 5.839989 Loss2: 0.000036 
| Global Round : 26 | Client :9 | Local Epoch : 2 | [64/811 (8%)]	Loss1: 5.838960 Loss2: 0.000030 
| Global Round : 26 | Client :9 | Local Epoch : 2 | [704/811 (92%)]	Loss1: 5.839832 Loss2: 0.000037 
| Global Round : 26 | Client :9 | Local Epoch : 3 | [64/811 (8%)]	Loss1: 5.840740 Loss2: 0.000031 
| Global Round : 26 | Client :9 | Local Epoch : 3 | [704/811 (92%)]	Loss1: 5.839668 Loss2: 0.000034 
| Global Round : 26 | Client :9 | Local Epoch : 4 | [64/811 (8%)]	Loss1: 5.841220 Loss2: 0.000038 
| Global Round : 26 | Client :9 | Local Epoch : 4 | [704/811 (92%)]	Loss1: 5.839787 Loss2: 0.000031 
average loss:   5.838774374439604
average local test accuracy: 0.84375
average global test accuracy:  0.5809895833333333

 | Global Training Round : 27 |

xi_k [0.49012656 0.48022944 0.51384131 0.5071191  0.46916442 0.4892071
 0.47761614 0.51266813 0.48609634 0.50435298]
max_exp: -1.0
coe: 10
Regulation [0.8 0.8 0.8 0.8 0.8 0.8 0.8 0.8 0.8 0.8]
Solver status: optimal_inaccurate
b_new: [1. 1. 1. 1. 1. 1. 1. 1. 1. 1.]
Iter 0: obj=48.9042, best_obj=48.9042, ||b_new-b_prev||₂=2.846050
xi_k [0.49012656 0.48022944 0.51384131 0.5071191  0.46916442 0.4892071
 0.47761614 0.51266813 0.48609634 0.50435298]
max_exp: -1.0
coe: 10
Regulation [-1. -1. -1. -1. -1. -1. -1. -1. -1. -1.]
Solver status: optimal_inaccurate
b_new: [1. 1. 1. 1. 1. 1. 1. 1. 1. 1.]
Iter 1: obj=49.8042, best_obj=49.8042, ||b_new-b_prev||₂=0.000000
Converged.
Final b: [1. 1. 1. 1. 1. 1. 1. 1. 1. 1.]
<class 'numpy.ndarray'>
b_float: [1. 1. 1. 1. 1. 1. 1. 1. 1. 1.]
b: [1 1 1 1 1 1 1 1 1 1]
active_clients:  [0, 1, 2, 3, 4, 5, 6, 7, 8, 9]
Client 0's s_k are:[0 0 1 0 1 0 1 1 0 0]
Client 1's s_k are:[0 0 1 0 1 1 0 0 0 0]
Client 2's s_k are:[1 1 0 0 1 0 1 1 0 1]
Client 3's s_k are:[1 1 1 0 1 1 1 0 0 1]
Client 4's s_k are:[1 1 1 0 0 0 1 0 0 0]
Client 5's s_k are:[1 1 1 1 1 0 1 1 1 1]
Client 6's s_k are:[1 1 0 1 0 0 0 0 1 1]
Client 7's s_k are:[1 1 0 1 0 0 1 0 0 1]
Client 8's s_k are:[0 0 0 0 1 0 1 1 0 0]
Client 9's s_k are:[1 1 1 1 1 1 1 0 1 0]
| Global Round : 27 | Client :0 | Local Epoch : 0 | [64/626 (11%)]	Loss1: 5.840811 Loss2: 0.000032 
| Global Round : 27 | Client :0 | Local Epoch : 1 | [64/626 (11%)]	Loss1: 5.839633 Loss2: 0.000024 
| Global Round : 27 | Client :0 | Local Epoch : 2 | [64/626 (11%)]	Loss1: 5.841027 Loss2: 0.000029 
| Global Round : 27 | Client :0 | Local Epoch : 3 | [64/626 (11%)]	Loss1: 5.842604 Loss2: 0.000027 
| Global Round : 27 | Client :0 | Local Epoch : 4 | [64/626 (11%)]	Loss1: 5.840265 Loss2: 0.000032 
| Global Round : 27 | Client :1 | Local Epoch : 0 | [64/497 (14%)]	Loss1: 5.841369 Loss2: 0.000050 
| Global Round : 27 | Client :1 | Local Epoch : 1 | [64/497 (14%)]	Loss1: 5.841699 Loss2: 0.000044 
| Global Round : 27 | Client :1 | Local Epoch : 2 | [64/497 (14%)]	Loss1: 5.841718 Loss2: 0.000046 
| Global Round : 27 | Client :1 | Local Epoch : 3 | [64/497 (14%)]	Loss1: 5.841967 Loss2: 0.000045 
| Global Round : 27 | Client :1 | Local Epoch : 4 | [64/497 (14%)]	Loss1: 5.841516 Loss2: 0.000047 
| Global Round : 27 | Client :2 | Local Epoch : 0 | [64/597 (11%)]	Loss1: 5.840017 Loss2: 0.000032 
| Global Round : 27 | Client :2 | Local Epoch : 1 | [64/597 (11%)]	Loss1: 5.839218 Loss2: 0.000030 
| Global Round : 27 | Client :2 | Local Epoch : 2 | [64/597 (11%)]	Loss1: 5.840402 Loss2: 0.000024 
| Global Round : 27 | Client :2 | Local Epoch : 3 | [64/597 (11%)]	Loss1: 5.840935 Loss2: 0.000036 
| Global Round : 27 | Client :2 | Local Epoch : 4 | [64/597 (11%)]	Loss1: 5.839677 Loss2: 0.000029 
| Global Round : 27 | Client :3 | Local Epoch : 0 | [64/605 (11%)]	Loss1: 5.841774 Loss2: 0.000027 
| Global Round : 27 | Client :3 | Local Epoch : 1 | [64/605 (11%)]	Loss1: 5.840888 Loss2: 0.000019 
| Global Round : 27 | Client :3 | Local Epoch : 2 | [64/605 (11%)]	Loss1: 5.841613 Loss2: 0.000021 
| Global Round : 27 | Client :3 | Local Epoch : 3 | [64/605 (11%)]	Loss1: 5.841853 Loss2: 0.000020 
| Global Round : 27 | Client :3 | Local Epoch : 4 | [64/605 (11%)]	Loss1: 5.841238 Loss2: 0.000026 
| Global Round : 27 | Client :4 | Local Epoch : 0 | [64/436 (17%)]	Loss1: 5.840382 Loss2: 0.000047 
| Global Round : 27 | Client :4 | Local Epoch : 1 | [64/436 (17%)]	Loss1: 5.840776 Loss2: 0.000051 
| Global Round : 27 | Client :4 | Local Epoch : 2 | [64/436 (17%)]	Loss1: 5.840245 Loss2: 0.000042 
| Global Round : 27 | Client :4 | Local Epoch : 3 | [64/436 (17%)]	Loss1: 5.839767 Loss2: 0.000044 
| Global Round : 27 | Client :4 | Local Epoch : 4 | [64/436 (17%)]	Loss1: 5.839841 Loss2: 0.000043 
| Global Round : 27 | Client :5 | Local Epoch : 0 | [64/627 (11%)]	Loss1: 5.840998 Loss2: 0.000032 
| Global Round : 27 | Client :5 | Local Epoch : 1 | [64/627 (11%)]	Loss1: 5.839816 Loss2: 0.000036 
| Global Round : 27 | Client :5 | Local Epoch : 2 | [64/627 (11%)]	Loss1: 5.839050 Loss2: 0.000029 
| Global Round : 27 | Client :5 | Local Epoch : 3 | [64/627 (11%)]	Loss1: 5.840644 Loss2: 0.000029 
| Global Round : 27 | Client :5 | Local Epoch : 4 | [64/627 (11%)]	Loss1: 5.839511 Loss2: 0.000031 
| Global Round : 27 | Client :6 | Local Epoch : 0 | [64/571 (12%)]	Loss1: 5.840002 Loss2: 0.000022 
| Global Round : 27 | Client :6 | Local Epoch : 1 | [64/571 (12%)]	Loss1: 5.841267 Loss2: 0.000027 
| Global Round : 27 | Client :6 | Local Epoch : 2 | [64/571 (12%)]	Loss1: 5.841126 Loss2: 0.000024 
| Global Round : 27 | Client :6 | Local Epoch : 3 | [64/571 (12%)]	Loss1: 5.841050 Loss2: 0.000027 
| Global Round : 27 | Client :6 | Local Epoch : 4 | [64/571 (12%)]	Loss1: 5.840607 Loss2: 0.000025 
| Global Round : 27 | Client :7 | Local Epoch : 0 | [64/665 (10%)]	Loss1: 5.841156 Loss2: 0.000027 
| Global Round : 27 | Client :7 | Local Epoch : 1 | [64/665 (10%)]	Loss1: 5.841651 Loss2: 0.000025 
| Global Round : 27 | Client :7 | Local Epoch : 2 | [64/665 (10%)]	Loss1: 5.842014 Loss2: 0.000026 
| Global Round : 27 | Client :7 | Local Epoch : 3 | [64/665 (10%)]	Loss1: 5.842575 Loss2: 0.000020 
| Global Round : 27 | Client :7 | Local Epoch : 4 | [64/665 (10%)]	Loss1: 5.840737 Loss2: 0.000027 
| Global Round : 27 | Client :8 | Local Epoch : 0 | [64/561 (12%)]	Loss1: 5.839887 Loss2: 0.000035 
| Global Round : 27 | Client :8 | Local Epoch : 1 | [64/561 (12%)]	Loss1: 5.841125 Loss2: 0.000033 
| Global Round : 27 | Client :8 | Local Epoch : 2 | [64/561 (12%)]	Loss1: 5.839856 Loss2: 0.000037 
| Global Round : 27 | Client :8 | Local Epoch : 3 | [64/561 (12%)]	Loss1: 5.840086 Loss2: 0.000035 
| Global Round : 27 | Client :8 | Local Epoch : 4 | [64/561 (12%)]	Loss1: 5.841297 Loss2: 0.000040 
| Global Round : 27 | Client :9 | Local Epoch : 0 | [64/811 (8%)]	Loss1: 5.840581 Loss2: 0.000022 
| Global Round : 27 | Client :9 | Local Epoch : 0 | [704/811 (92%)]	Loss1: 5.840115 Loss2: 0.000025 
| Global Round : 27 | Client :9 | Local Epoch : 1 | [64/811 (8%)]	Loss1: 5.840101 Loss2: 0.000021 
| Global Round : 27 | Client :9 | Local Epoch : 1 | [704/811 (92%)]	Loss1: 5.840487 Loss2: 0.000027 
| Global Round : 27 | Client :9 | Local Epoch : 2 | [64/811 (8%)]	Loss1: 5.839592 Loss2: 0.000026 
| Global Round : 27 | Client :9 | Local Epoch : 2 | [704/811 (92%)]	Loss1: 5.840209 Loss2: 0.000029 
| Global Round : 27 | Client :9 | Local Epoch : 3 | [64/811 (8%)]	Loss1: 5.839877 Loss2: 0.000027 
| Global Round : 27 | Client :9 | Local Epoch : 3 | [704/811 (92%)]	Loss1: 5.841252 Loss2: 0.000032 
| Global Round : 27 | Client :9 | Local Epoch : 4 | [64/811 (8%)]	Loss1: 5.839846 Loss2: 0.000021 
| Global Round : 27 | Client :9 | Local Epoch : 4 | [704/811 (92%)]	Loss1: 5.840230 Loss2: 0.000027 
average loss:   5.8387808135577615
average local test accuracy: 0.855078125
average global test accuracy:  0.5420572916666667

 | Global Training Round : 28 |

xi_k [0.49013226 0.4802419  0.51383984 0.50715075 0.46915097 0.48919799
 0.47757748 0.51270048 0.48609123 0.50436686]
max_exp: -1.0
coe: 10
Regulation [0.8 0.8 0.8 0.8 0.8 0.8 0.8 0.8 0.8 0.8]
Solver status: optimal_inaccurate
b_new: [1. 1. 1. 1. 1. 1. 1. 1. 1. 1.]
Iter 0: obj=48.9045, best_obj=48.9045, ||b_new-b_prev||₂=2.846050
xi_k [0.49013226 0.4802419  0.51383984 0.50715075 0.46915097 0.48919799
 0.47757748 0.51270048 0.48609123 0.50436686]
max_exp: -1.0
coe: 10
Regulation [-1. -1. -1. -1. -1. -1. -1. -1. -1. -1.]
Solver status: optimal_inaccurate
b_new: [1. 1. 1. 1. 1. 1. 1. 1. 1. 1.]
Iter 1: obj=49.8045, best_obj=49.8045, ||b_new-b_prev||₂=0.000000
Converged.
Final b: [1. 1. 1. 1. 1. 1. 1. 1. 1. 1.]
<class 'numpy.ndarray'>
b_float: [1. 1. 1. 1. 1. 1. 1. 1. 1. 1.]
b: [1 1 1 1 1 1 1 1 1 1]
active_clients:  [0, 1, 2, 3, 4, 5, 6, 7, 8, 9]
Client 0's s_k are:[0 0 1 1 1 1 1 1 0 1]
Client 1's s_k are:[0 0 0 0 0 0 1 0 1 0]
Client 2's s_k are:[0 0 0 1 1 1 1 1 1 0]
Client 3's s_k are:[0 0 0 0 0 0 1 0 0 1]
Client 4's s_k are:[1 0 0 0 0 0 0 1 0 0]
Client 5's s_k are:[1 0 0 0 1 0 0 0 1 0]
Client 6's s_k are:[0 0 1 1 1 1 0 0 1 1]
Client 7's s_k are:[0 0 0 1 1 1 0 0 1 1]
Client 8's s_k are:[1 1 1 1 1 1 1 0 0 0]
Client 9's s_k are:[1 1 1 0 1 0 0 0 1 0]
| Global Round : 28 | Client :0 | Local Epoch : 0 | [64/626 (11%)]	Loss1: 5.840914 Loss2: 0.000028 
| Global Round : 28 | Client :0 | Local Epoch : 1 | [64/626 (11%)]	Loss1: 5.842181 Loss2: 0.000032 
| Global Round : 28 | Client :0 | Local Epoch : 2 | [64/626 (11%)]	Loss1: 5.841983 Loss2: 0.000029 
| Global Round : 28 | Client :0 | Local Epoch : 3 | [64/626 (11%)]	Loss1: 5.841533 Loss2: 0.000029 
| Global Round : 28 | Client :0 | Local Epoch : 4 | [64/626 (11%)]	Loss1: 5.841381 Loss2: 0.000035 
| Global Round : 28 | Client :1 | Local Epoch : 0 | [64/497 (14%)]	Loss1: 5.841774 Loss2: 0.000040 
| Global Round : 28 | Client :1 | Local Epoch : 1 | [64/497 (14%)]	Loss1: 5.841305 Loss2: 0.000035 
| Global Round : 28 | Client :1 | Local Epoch : 2 | [64/497 (14%)]	Loss1: 5.842896 Loss2: 0.000041 
| Global Round : 28 | Client :1 | Local Epoch : 3 | [64/497 (14%)]	Loss1: 5.841609 Loss2: 0.000034 
| Global Round : 28 | Client :1 | Local Epoch : 4 | [64/497 (14%)]	Loss1: 5.841328 Loss2: 0.000040 
| Global Round : 28 | Client :2 | Local Epoch : 0 | [64/597 (11%)]	Loss1: 5.840187 Loss2: 0.000026 
| Global Round : 28 | Client :2 | Local Epoch : 1 | [64/597 (11%)]	Loss1: 5.840658 Loss2: 0.000026 
| Global Round : 28 | Client :2 | Local Epoch : 2 | [64/597 (11%)]	Loss1: 5.840473 Loss2: 0.000023 
| Global Round : 28 | Client :2 | Local Epoch : 3 | [64/597 (11%)]	Loss1: 5.839784 Loss2: 0.000026 
| Global Round : 28 | Client :2 | Local Epoch : 4 | [64/597 (11%)]	Loss1: 5.839459 Loss2: 0.000025 
| Global Round : 28 | Client :3 | Local Epoch : 0 | [64/605 (11%)]	Loss1: 5.839854 Loss2: 0.000031 
| Global Round : 28 | Client :3 | Local Epoch : 1 | [64/605 (11%)]	Loss1: 5.840616 Loss2: 0.000027 
| Global Round : 28 | Client :3 | Local Epoch : 2 | [64/605 (11%)]	Loss1: 5.841363 Loss2: 0.000031 
| Global Round : 28 | Client :3 | Local Epoch : 3 | [64/605 (11%)]	Loss1: 5.840771 Loss2: 0.000025 
| Global Round : 28 | Client :3 | Local Epoch : 4 | [64/605 (11%)]	Loss1: 5.840521 Loss2: 0.000028 
| Global Round : 28 | Client :4 | Local Epoch : 0 | [64/436 (17%)]	Loss1: 5.840964 Loss2: 0.000042 
| Global Round : 28 | Client :4 | Local Epoch : 1 | [64/436 (17%)]	Loss1: 5.840812 Loss2: 0.000044 
| Global Round : 28 | Client :4 | Local Epoch : 2 | [64/436 (17%)]	Loss1: 5.840336 Loss2: 0.000042 
| Global Round : 28 | Client :4 | Local Epoch : 3 | [64/436 (17%)]	Loss1: 5.839042 Loss2: 0.000039 
| Global Round : 28 | Client :4 | Local Epoch : 4 | [64/436 (17%)]	Loss1: 5.840168 Loss2: 0.000042 
| Global Round : 28 | Client :5 | Local Epoch : 0 | [64/627 (11%)]	Loss1: 5.839715 Loss2: 0.000048 
| Global Round : 28 | Client :5 | Local Epoch : 1 | [64/627 (11%)]	Loss1: 5.839797 Loss2: 0.000038 
| Global Round : 28 | Client :5 | Local Epoch : 2 | [64/627 (11%)]	Loss1: 5.839383 Loss2: 0.000043 
| Global Round : 28 | Client :5 | Local Epoch : 3 | [64/627 (11%)]	Loss1: 5.839495 Loss2: 0.000042 
| Global Round : 28 | Client :5 | Local Epoch : 4 | [64/627 (11%)]	Loss1: 5.840230 Loss2: 0.000039 
| Global Round : 28 | Client :6 | Local Epoch : 0 | [64/571 (12%)]	Loss1: 5.840319 Loss2: 0.000035 
| Global Round : 28 | Client :6 | Local Epoch : 1 | [64/571 (12%)]	Loss1: 5.841714 Loss2: 0.000032 
| Global Round : 28 | Client :6 | Local Epoch : 2 | [64/571 (12%)]	Loss1: 5.839958 Loss2: 0.000031 
| Global Round : 28 | Client :6 | Local Epoch : 3 | [64/571 (12%)]	Loss1: 5.840159 Loss2: 0.000032 
| Global Round : 28 | Client :6 | Local Epoch : 4 | [64/571 (12%)]	Loss1: 5.840423 Loss2: 0.000030 
| Global Round : 28 | Client :7 | Local Epoch : 0 | [64/665 (10%)]	Loss1: 5.842340 Loss2: 0.000026 
| Global Round : 28 | Client :7 | Local Epoch : 1 | [64/665 (10%)]	Loss1: 5.841243 Loss2: 0.000028 
| Global Round : 28 | Client :7 | Local Epoch : 2 | [64/665 (10%)]	Loss1: 5.841551 Loss2: 0.000027 
| Global Round : 28 | Client :7 | Local Epoch : 3 | [64/665 (10%)]	Loss1: 5.839636 Loss2: 0.000028 
| Global Round : 28 | Client :7 | Local Epoch : 4 | [64/665 (10%)]	Loss1: 5.840718 Loss2: 0.000031 
| Global Round : 28 | Client :8 | Local Epoch : 0 | [64/561 (12%)]	Loss1: 5.841769 Loss2: 0.000027 
| Global Round : 28 | Client :8 | Local Epoch : 1 | [64/561 (12%)]	Loss1: 5.841371 Loss2: 0.000031 
| Global Round : 28 | Client :8 | Local Epoch : 2 | [64/561 (12%)]	Loss1: 5.840298 Loss2: 0.000030 
| Global Round : 28 | Client :8 | Local Epoch : 3 | [64/561 (12%)]	Loss1: 5.841029 Loss2: 0.000029 
| Global Round : 28 | Client :8 | Local Epoch : 4 | [64/561 (12%)]	Loss1: 5.840526 Loss2: 0.000028 
| Global Round : 28 | Client :9 | Local Epoch : 0 | [64/811 (8%)]	Loss1: 5.839859 Loss2: 0.000029 
| Global Round : 28 | Client :9 | Local Epoch : 0 | [704/811 (92%)]	Loss1: 5.840446 Loss2: 0.000027 
| Global Round : 28 | Client :9 | Local Epoch : 1 | [64/811 (8%)]	Loss1: 5.839797 Loss2: 0.000030 
| Global Round : 28 | Client :9 | Local Epoch : 1 | [704/811 (92%)]	Loss1: 5.840240 Loss2: 0.000037 
| Global Round : 28 | Client :9 | Local Epoch : 2 | [64/811 (8%)]	Loss1: 5.839977 Loss2: 0.000028 
| Global Round : 28 | Client :9 | Local Epoch : 2 | [704/811 (92%)]	Loss1: 5.839784 Loss2: 0.000025 
| Global Round : 28 | Client :9 | Local Epoch : 3 | [64/811 (8%)]	Loss1: 5.840547 Loss2: 0.000024 
| Global Round : 28 | Client :9 | Local Epoch : 3 | [704/811 (92%)]	Loss1: 5.839229 Loss2: 0.000026 
| Global Round : 28 | Client :9 | Local Epoch : 4 | [64/811 (8%)]	Loss1: 5.840058 Loss2: 0.000026 
| Global Round : 28 | Client :9 | Local Epoch : 4 | [704/811 (92%)]	Loss1: 5.840360 Loss2: 0.000030 
average loss:   5.838684356837045
average local test accuracy: 0.8430989583333333
average global test accuracy:  0.6084635416666666

 | Global Training Round : 29 |

xi_k [0.49012057 0.48017999 0.51383904 0.50713239 0.46910668 0.48918458
 0.47758935 0.51266132 0.48607172 0.5043765 ]
max_exp: -1.0
coe: 10
Regulation [0.8 0.8 0.8 0.8 0.8 0.8 0.8 0.8 0.8 0.8]
Solver status: optimal_inaccurate
b_new: [1. 1. 1. 1. 1. 1. 1. 1. 1. 1.]
Iter 0: obj=48.9026, best_obj=48.9026, ||b_new-b_prev||₂=2.846050
xi_k [0.49012057 0.48017999 0.51383904 0.50713239 0.46910668 0.48918458
 0.47758935 0.51266132 0.48607172 0.5043765 ]
max_exp: -1.0
coe: 10
Regulation [-1. -1. -1. -1. -1. -1. -1. -1. -1. -1.]
Solver status: optimal_inaccurate
b_new: [1. 1. 1. 1. 1. 1. 1. 1. 1. 1.]
Iter 1: obj=49.8026, best_obj=49.8026, ||b_new-b_prev||₂=0.000000
Converged.
Final b: [1. 1. 1. 1. 1. 1. 1. 1. 1. 1.]
<class 'numpy.ndarray'>
b_float: [1. 1. 1. 1. 1. 1. 1. 1. 1. 1.]
b: [1 1 1 1 1 1 1 1 1 1]
active_clients:  [0, 1, 2, 3, 4, 5, 6, 7, 8, 9]
Client 0's s_k are:[0 0 0 1 0 0 1 0 1 0]
Client 1's s_k are:[1 0 1 1 1 1 1 1 1 1]
Client 2's s_k are:[0 1 0 0 0 0 0 0 0 0]
Client 3's s_k are:[1 0 0 0 1 0 1 1 0 1]
Client 4's s_k are:[1 1 1 1 0 1 0 0 0 0]
Client 5's s_k are:[1 1 1 1 1 0 1 1 1 1]
Client 6's s_k are:[1 1 0 0 1 1 0 1 1 1]
Client 7's s_k are:[0 0 1 0 1 1 1 0 0 1]
Client 8's s_k are:[0 0 1 0 1 0 0 1 0 0]
Client 9's s_k are:[1 0 0 1 1 1 1 1 1 0]
| Global Round : 29 | Client :0 | Local Epoch : 0 | [64/626 (11%)]	Loss1: 5.841346 Loss2: 0.000021 
| Global Round : 29 | Client :0 | Local Epoch : 1 | [64/626 (11%)]	Loss1: 5.841446 Loss2: 0.000023 
| Global Round : 29 | Client :0 | Local Epoch : 2 | [64/626 (11%)]	Loss1: 5.840390 Loss2: 0.000022 
| Global Round : 29 | Client :0 | Local Epoch : 3 | [64/626 (11%)]	Loss1: 5.841956 Loss2: 0.000024 
| Global Round : 29 | Client :0 | Local Epoch : 4 | [64/626 (11%)]	Loss1: 5.840091 Loss2: 0.000027 
| Global Round : 29 | Client :1 | Local Epoch : 0 | [64/497 (14%)]	Loss1: 5.842126 Loss2: 0.000042 
| Global Round : 29 | Client :1 | Local Epoch : 1 | [64/497 (14%)]	Loss1: 5.841291 Loss2: 0.000038 
| Global Round : 29 | Client :1 | Local Epoch : 2 | [64/497 (14%)]	Loss1: 5.842942 Loss2: 0.000041 
| Global Round : 29 | Client :1 | Local Epoch : 3 | [64/497 (14%)]	Loss1: 5.841121 Loss2: 0.000040 
| Global Round : 29 | Client :1 | Local Epoch : 4 | [64/497 (14%)]	Loss1: 5.841857 Loss2: 0.000039 
| Global Round : 29 | Client :2 | Local Epoch : 0 | [64/597 (11%)]	Loss1: 5.840108 Loss2: 0.000065 
| Global Round : 29 | Client :2 | Local Epoch : 1 | [64/597 (11%)]	Loss1: 5.839828 Loss2: 0.000065 
| Global Round : 29 | Client :2 | Local Epoch : 2 | [64/597 (11%)]	Loss1: 5.839790 Loss2: 0.000065 
| Global Round : 29 | Client :2 | Local Epoch : 3 | [64/597 (11%)]	Loss1: 5.839624 Loss2: 0.000055 
| Global Round : 29 | Client :2 | Local Epoch : 4 | [64/597 (11%)]	Loss1: 5.839470 Loss2: 0.000064 
| Global Round : 29 | Client :3 | Local Epoch : 0 | [64/605 (11%)]	Loss1: 5.841630 Loss2: 0.000029 
| Global Round : 29 | Client :3 | Local Epoch : 1 | [64/605 (11%)]	Loss1: 5.840931 Loss2: 0.000034 
| Global Round : 29 | Client :3 | Local Epoch : 2 | [64/605 (11%)]	Loss1: 5.840939 Loss2: 0.000027 
| Global Round : 29 | Client :3 | Local Epoch : 3 | [64/605 (11%)]	Loss1: 5.841300 Loss2: 0.000026 
| Global Round : 29 | Client :3 | Local Epoch : 4 | [64/605 (11%)]	Loss1: 5.841871 Loss2: 0.000027 
| Global Round : 29 | Client :4 | Local Epoch : 0 | [64/436 (17%)]	Loss1: 5.839868 Loss2: 0.000043 
| Global Round : 29 | Client :4 | Local Epoch : 1 | [64/436 (17%)]	Loss1: 5.839962 Loss2: 0.000047 
| Global Round : 29 | Client :4 | Local Epoch : 2 | [64/436 (17%)]	Loss1: 5.839584 Loss2: 0.000045 
| Global Round : 29 | Client :4 | Local Epoch : 3 | [64/436 (17%)]	Loss1: 5.839443 Loss2: 0.000047 
| Global Round : 29 | Client :4 | Local Epoch : 4 | [64/436 (17%)]	Loss1: 5.839694 Loss2: 0.000046 
| Global Round : 29 | Client :5 | Local Epoch : 0 | [64/627 (11%)]	Loss1: 5.839798 Loss2: 0.000030 
| Global Round : 29 | Client :5 | Local Epoch : 1 | [64/627 (11%)]	Loss1: 5.840214 Loss2: 0.000033 
| Global Round : 29 | Client :5 | Local Epoch : 2 | [64/627 (11%)]	Loss1: 5.839743 Loss2: 0.000028 
| Global Round : 29 | Client :5 | Local Epoch : 3 | [64/627 (11%)]	Loss1: 5.839813 Loss2: 0.000032 
| Global Round : 29 | Client :5 | Local Epoch : 4 | [64/627 (11%)]	Loss1: 5.839414 Loss2: 0.000029 
| Global Round : 29 | Client :6 | Local Epoch : 0 | [64/571 (12%)]	Loss1: 5.839682 Loss2: 0.000026 
| Global Round : 29 | Client :6 | Local Epoch : 1 | [64/571 (12%)]	Loss1: 5.841899 Loss2: 0.000031 
| Global Round : 29 | Client :6 | Local Epoch : 2 | [64/571 (12%)]	Loss1: 5.841103 Loss2: 0.000026 
| Global Round : 29 | Client :6 | Local Epoch : 3 | [64/571 (12%)]	Loss1: 5.841511 Loss2: 0.000024 
| Global Round : 29 | Client :6 | Local Epoch : 4 | [64/571 (12%)]	Loss1: 5.841022 Loss2: 0.000031 
| Global Round : 29 | Client :7 | Local Epoch : 0 | [64/665 (10%)]	Loss1: 5.841979 Loss2: 0.000021 
| Global Round : 29 | Client :7 | Local Epoch : 1 | [64/665 (10%)]	Loss1: 5.841005 Loss2: 0.000022 
| Global Round : 29 | Client :7 | Local Epoch : 2 | [64/665 (10%)]	Loss1: 5.840051 Loss2: 0.000026 
| Global Round : 29 | Client :7 | Local Epoch : 3 | [64/665 (10%)]	Loss1: 5.842422 Loss2: 0.000023 
| Global Round : 29 | Client :7 | Local Epoch : 4 | [64/665 (10%)]	Loss1: 5.841359 Loss2: 0.000024 
| Global Round : 29 | Client :8 | Local Epoch : 0 | [64/561 (12%)]	Loss1: 5.841438 Loss2: 0.000032 
| Global Round : 29 | Client :8 | Local Epoch : 1 | [64/561 (12%)]	Loss1: 5.839591 Loss2: 0.000033 
| Global Round : 29 | Client :8 | Local Epoch : 2 | [64/561 (12%)]	Loss1: 5.841291 Loss2: 0.000035 
| Global Round : 29 | Client :8 | Local Epoch : 3 | [64/561 (12%)]	Loss1: 5.840254 Loss2: 0.000031 
| Global Round : 29 | Client :8 | Local Epoch : 4 | [64/561 (12%)]	Loss1: 5.840684 Loss2: 0.000035 
| Global Round : 29 | Client :9 | Local Epoch : 0 | [64/811 (8%)]	Loss1: 5.840136 Loss2: 0.000030 
| Global Round : 29 | Client :9 | Local Epoch : 0 | [704/811 (92%)]	Loss1: 5.839996 Loss2: 0.000032 
| Global Round : 29 | Client :9 | Local Epoch : 1 | [64/811 (8%)]	Loss1: 5.839789 Loss2: 0.000029 
| Global Round : 29 | Client :9 | Local Epoch : 1 | [704/811 (92%)]	Loss1: 5.840108 Loss2: 0.000025 
| Global Round : 29 | Client :9 | Local Epoch : 2 | [64/811 (8%)]	Loss1: 5.839807 Loss2: 0.000027 
| Global Round : 29 | Client :9 | Local Epoch : 2 | [704/811 (92%)]	Loss1: 5.840638 Loss2: 0.000031 
| Global Round : 29 | Client :9 | Local Epoch : 3 | [64/811 (8%)]	Loss1: 5.839969 Loss2: 0.000024 
| Global Round : 29 | Client :9 | Local Epoch : 3 | [704/811 (92%)]	Loss1: 5.839527 Loss2: 0.000027 
| Global Round : 29 | Client :9 | Local Epoch : 4 | [64/811 (8%)]	Loss1: 5.840519 Loss2: 0.000025 
| Global Round : 29 | Client :9 | Local Epoch : 4 | [704/811 (92%)]	Loss1: 5.839971 Loss2: 0.000027 
average loss:   5.838642179209088
average local test accuracy: 0.846484375
average global test accuracy:  0.5333333333333333

 | Global Training Round : 30 |

xi_k [0.4900855  0.48019739 0.51384821 0.50712823 0.46910867 0.48921537
 0.47759358 0.51263653 0.48608574 0.50434557]
max_exp: -1.0
coe: 10
Regulation [0.8 0.8 0.8 0.8 0.8 0.8 0.8 0.8 0.8 0.8]
Solver status: optimal_inaccurate
b_new: [1. 1. 1. 1. 1. 1. 1. 1. 1. 1.]
Iter 0: obj=48.9024, best_obj=48.9024, ||b_new-b_prev||₂=2.846050
xi_k [0.4900855  0.48019739 0.51384821 0.50712823 0.46910867 0.48921537
 0.47759358 0.51263653 0.48608574 0.50434557]
max_exp: -1.0
coe: 10
Regulation [-1. -1. -1. -1. -1. -1. -1. -1. -1. -1.]
Solver status: optimal_inaccurate
b_new: [1. 1. 1. 1. 1. 1. 1. 1. 1. 1.]
Iter 1: obj=49.8024, best_obj=49.8024, ||b_new-b_prev||₂=0.000000
Converged.
Final b: [1. 1. 1. 1. 1. 1. 1. 1. 1. 1.]
<class 'numpy.ndarray'>
b_float: [1. 1. 1. 1. 1. 1. 1. 1. 1. 1.]
b: [1 1 1 1 1 1 1 1 1 1]
active_clients:  [0, 1, 2, 3, 4, 5, 6, 7, 8, 9]
Client 0's s_k are:[0 0 0 0 1 1 0 1 1 0]
Client 1's s_k are:[0 0 0 0 0 1 1 1 0 1]
Client 2's s_k are:[0 0 0 0 1 1 0 0 1 0]
Client 3's s_k are:[0 0 0 0 0 0 0 1 0 0]
Client 4's s_k are:[0 0 0 0 0 1 0 0 0 0]
Client 5's s_k are:[1 1 1 1 1 0 1 1 1 1]
Client 6's s_k are:[0 1 0 1 0 1 0 1 1 1]
Client 7's s_k are:[1 0 0 0 1 0 1 0 1 0]
Client 8's s_k are:[1 1 1 1 1 1 1 1 0 1]
Client 9's s_k are:[0 0 1 0 1 0 0 0 0 0]
| Global Round : 30 | Client :0 | Local Epoch : 0 | [64/626 (11%)]	Loss1: 5.840230 Loss2: 0.000032 
| Global Round : 30 | Client :0 | Local Epoch : 1 | [64/626 (11%)]	Loss1: 5.842105 Loss2: 0.000033 
| Global Round : 30 | Client :0 | Local Epoch : 2 | [64/626 (11%)]	Loss1: 5.840557 Loss2: 0.000034 
| Global Round : 30 | Client :0 | Local Epoch : 3 | [64/626 (11%)]	Loss1: 5.841295 Loss2: 0.000034 
| Global Round : 30 | Client :0 | Local Epoch : 4 | [64/626 (11%)]	Loss1: 5.841828 Loss2: 0.000036 
| Global Round : 30 | Client :1 | Local Epoch : 0 | [64/497 (14%)]	Loss1: 5.842107 Loss2: 0.000045 
| Global Round : 30 | Client :1 | Local Epoch : 1 | [64/497 (14%)]	Loss1: 5.841708 Loss2: 0.000047 
| Global Round : 30 | Client :1 | Local Epoch : 2 | [64/497 (14%)]	Loss1: 5.840817 Loss2: 0.000051 
| Global Round : 30 | Client :1 | Local Epoch : 3 | [64/497 (14%)]	Loss1: 5.842390 Loss2: 0.000049 
| Global Round : 30 | Client :1 | Local Epoch : 4 | [64/497 (14%)]	Loss1: 5.840973 Loss2: 0.000045 
| Global Round : 30 | Client :2 | Local Epoch : 0 | [64/597 (11%)]	Loss1: 5.840356 Loss2: 0.000038 
| Global Round : 30 | Client :2 | Local Epoch : 1 | [64/597 (11%)]	Loss1: 5.839123 Loss2: 0.000035 
| Global Round : 30 | Client :2 | Local Epoch : 2 | [64/597 (11%)]	Loss1: 5.840815 Loss2: 0.000033 
| Global Round : 30 | Client :2 | Local Epoch : 3 | [64/597 (11%)]	Loss1: 5.839847 Loss2: 0.000035 
| Global Round : 30 | Client :2 | Local Epoch : 4 | [64/597 (11%)]	Loss1: 5.840111 Loss2: 0.000035 
| Global Round : 30 | Client :3 | Local Epoch : 0 | [64/605 (11%)]	Loss1: 5.840386 Loss2: 0.000039 
| Global Round : 30 | Client :3 | Local Epoch : 1 | [64/605 (11%)]	Loss1: 5.840729 Loss2: 0.000039 
| Global Round : 30 | Client :3 | Local Epoch : 2 | [64/605 (11%)]	Loss1: 5.840229 Loss2: 0.000038 
| Global Round : 30 | Client :3 | Local Epoch : 3 | [64/605 (11%)]	Loss1: 5.840604 Loss2: 0.000044 
| Global Round : 30 | Client :3 | Local Epoch : 4 | [64/605 (11%)]	Loss1: 5.840973 Loss2: 0.000036 
| Global Round : 30 | Client :4 | Local Epoch : 0 | [64/436 (17%)]	Loss1: 5.840415 Loss2: 0.000066 
| Global Round : 30 | Client :4 | Local Epoch : 1 | [64/436 (17%)]	Loss1: 5.841685 Loss2: 0.000063 
| Global Round : 30 | Client :4 | Local Epoch : 2 | [64/436 (17%)]	Loss1: 5.839709 Loss2: 0.000061 
| Global Round : 30 | Client :4 | Local Epoch : 3 | [64/436 (17%)]	Loss1: 5.840135 Loss2: 0.000067 
| Global Round : 30 | Client :4 | Local Epoch : 4 | [64/436 (17%)]	Loss1: 5.839565 Loss2: 0.000065 
| Global Round : 30 | Client :5 | Local Epoch : 0 | [64/627 (11%)]	Loss1: 5.839326 Loss2: 0.000032 
| Global Round : 30 | Client :5 | Local Epoch : 1 | [64/627 (11%)]	Loss1: 5.840884 Loss2: 0.000032 
| Global Round : 30 | Client :5 | Local Epoch : 2 | [64/627 (11%)]	Loss1: 5.839546 Loss2: 0.000030 
| Global Round : 30 | Client :5 | Local Epoch : 3 | [64/627 (11%)]	Loss1: 5.840460 Loss2: 0.000031 
| Global Round : 30 | Client :5 | Local Epoch : 4 | [64/627 (11%)]	Loss1: 5.839261 Loss2: 0.000033 
| Global Round : 30 | Client :6 | Local Epoch : 0 | [64/571 (12%)]	Loss1: 5.840098 Loss2: 0.000027 
| Global Round : 30 | Client :6 | Local Epoch : 1 | [64/571 (12%)]	Loss1: 5.841535 Loss2: 0.000032 
| Global Round : 30 | Client :6 | Local Epoch : 2 | [64/571 (12%)]	Loss1: 5.840791 Loss2: 0.000027 
| Global Round : 30 | Client :6 | Local Epoch : 3 | [64/571 (12%)]	Loss1: 5.839686 Loss2: 0.000026 
| Global Round : 30 | Client :6 | Local Epoch : 4 | [64/571 (12%)]	Loss1: 5.840995 Loss2: 0.000024 
| Global Round : 30 | Client :7 | Local Epoch : 0 | [64/665 (10%)]	Loss1: 5.840828 Loss2: 0.000023 
| Global Round : 30 | Client :7 | Local Epoch : 1 | [64/665 (10%)]	Loss1: 5.841266 Loss2: 0.000028 
| Global Round : 30 | Client :7 | Local Epoch : 2 | [64/665 (10%)]	Loss1: 5.840701 Loss2: 0.000024 
| Global Round : 30 | Client :7 | Local Epoch : 3 | [64/665 (10%)]	Loss1: 5.839881 Loss2: 0.000027 
| Global Round : 30 | Client :7 | Local Epoch : 4 | [64/665 (10%)]	Loss1: 5.842423 Loss2: 0.000023 
| Global Round : 30 | Client :8 | Local Epoch : 0 | [64/561 (12%)]	Loss1: 5.840461 Loss2: 0.000029 
| Global Round : 30 | Client :8 | Local Epoch : 1 | [64/561 (12%)]	Loss1: 5.841060 Loss2: 0.000034 
| Global Round : 30 | Client :8 | Local Epoch : 2 | [64/561 (12%)]	Loss1: 5.840420 Loss2: 0.000031 
| Global Round : 30 | Client :8 | Local Epoch : 3 | [64/561 (12%)]	Loss1: 5.840332 Loss2: 0.000025 
| Global Round : 30 | Client :8 | Local Epoch : 4 | [64/561 (12%)]	Loss1: 5.841722 Loss2: 0.000033 
| Global Round : 30 | Client :9 | Local Epoch : 0 | [64/811 (8%)]	Loss1: 5.839456 Loss2: 0.000029 
| Global Round : 30 | Client :9 | Local Epoch : 0 | [704/811 (92%)]	Loss1: 5.840084 Loss2: 0.000028 
| Global Round : 30 | Client :9 | Local Epoch : 1 | [64/811 (8%)]	Loss1: 5.841856 Loss2: 0.000028 
| Global Round : 30 | Client :9 | Local Epoch : 1 | [704/811 (92%)]	Loss1: 5.841015 Loss2: 0.000036 
| Global Round : 30 | Client :9 | Local Epoch : 2 | [64/811 (8%)]	Loss1: 5.840426 Loss2: 0.000028 
| Global Round : 30 | Client :9 | Local Epoch : 2 | [704/811 (92%)]	Loss1: 5.841554 Loss2: 0.000036 
| Global Round : 30 | Client :9 | Local Epoch : 3 | [64/811 (8%)]	Loss1: 5.839605 Loss2: 0.000027 
| Global Round : 30 | Client :9 | Local Epoch : 3 | [704/811 (92%)]	Loss1: 5.839896 Loss2: 0.000035 
| Global Round : 30 | Client :9 | Local Epoch : 4 | [64/811 (8%)]	Loss1: 5.840854 Loss2: 0.000027 
| Global Round : 30 | Client :9 | Local Epoch : 4 | [704/811 (92%)]	Loss1: 5.839448 Loss2: 0.000033 
average loss:   5.838638305342387
average local test accuracy: 0.8506510416666668
average global test accuracy:  0.5373697916666667

 | Global Training Round : 31 |

xi_k [0.49007704 0.48019567 0.51381854 0.50710572 0.46911331 0.48920529
 0.47756966 0.51265576 0.48607013 0.50436484]
max_exp: -1.0
coe: 10
Regulation [0.8 0.8 0.8 0.8 0.8 0.8 0.8 0.8 0.8 0.8]
Solver status: optimal_inaccurate
b_new: [1. 1. 1. 1. 1. 1. 1. 1. 1. 1.]
Iter 0: obj=48.9018, best_obj=48.9018, ||b_new-b_prev||₂=2.846050
xi_k [0.49007704 0.48019567 0.51381854 0.50710572 0.46911331 0.48920529
 0.47756966 0.51265576 0.48607013 0.50436484]
max_exp: -1.0
coe: 10
Regulation [-1. -1. -1. -1. -1. -1. -1. -1. -1. -1.]
Solver status: optimal_inaccurate
b_new: [1. 1. 1. 1. 1. 1. 1. 1. 1. 1.]
Iter 1: obj=49.8018, best_obj=49.8018, ||b_new-b_prev||₂=0.000000
Converged.
Final b: [1. 1. 1. 1. 1. 1. 1. 1. 1. 1.]
<class 'numpy.ndarray'>
b_float: [1. 1. 1. 1. 1. 1. 1. 1. 1. 1.]
b: [1 1 1 1 1 1 1 1 1 1]
active_clients:  [0, 1, 2, 3, 4, 5, 6, 7, 8, 9]
Client 0's s_k are:[0 0 1 0 1 0 0 1 1 1]
Client 1's s_k are:[1 0 0 1 1 0 1 1 1 1]
Client 2's s_k are:[1 1 0 1 1 0 0 1 1 0]
Client 3's s_k are:[1 0 1 0 0 0 0 1 1 1]
Client 4's s_k are:[0 0 0 0 0 1 0 0 0 0]
Client 5's s_k are:[0 0 1 0 0 0 1 0 0 0]
Client 6's s_k are:[1 0 1 1 1 1 0 1 1 1]
Client 7's s_k are:[1 0 1 1 1 0 1 0 0 0]
Client 8's s_k are:[0 0 0 0 0 0 0 0 0 1]
Client 9's s_k are:[0 1 0 0 0 0 0 1 0 0]
| Global Round : 31 | Client :0 | Local Epoch : 0 | [64/626 (11%)]	Loss1: 5.840698 Loss2: 0.000026 
| Global Round : 31 | Client :0 | Local Epoch : 1 | [64/626 (11%)]	Loss1: 5.841558 Loss2: 0.000031 
| Global Round : 31 | Client :0 | Local Epoch : 2 | [64/626 (11%)]	Loss1: 5.841486 Loss2: 0.000027 
| Global Round : 31 | Client :0 | Local Epoch : 3 | [64/626 (11%)]	Loss1: 5.841790 Loss2: 0.000033 
| Global Round : 31 | Client :0 | Local Epoch : 4 | [64/626 (11%)]	Loss1: 5.840901 Loss2: 0.000031 
| Global Round : 31 | Client :1 | Local Epoch : 0 | [64/497 (14%)]	Loss1: 5.841130 Loss2: 0.000037 
| Global Round : 31 | Client :1 | Local Epoch : 1 | [64/497 (14%)]	Loss1: 5.841070 Loss2: 0.000037 
| Global Round : 31 | Client :1 | Local Epoch : 2 | [64/497 (14%)]	Loss1: 5.841217 Loss2: 0.000039 
| Global Round : 31 | Client :1 | Local Epoch : 3 | [64/497 (14%)]	Loss1: 5.841854 Loss2: 0.000036 
| Global Round : 31 | Client :1 | Local Epoch : 4 | [64/497 (14%)]	Loss1: 5.840398 Loss2: 0.000036 
| Global Round : 31 | Client :2 | Local Epoch : 0 | [64/597 (11%)]	Loss1: 5.839970 Loss2: 0.000028 
| Global Round : 31 | Client :2 | Local Epoch : 1 | [64/597 (11%)]	Loss1: 5.841216 Loss2: 0.000027 
| Global Round : 31 | Client :2 | Local Epoch : 2 | [64/597 (11%)]	Loss1: 5.839834 Loss2: 0.000034 
| Global Round : 31 | Client :2 | Local Epoch : 3 | [64/597 (11%)]	Loss1: 5.839966 Loss2: 0.000030 
| Global Round : 31 | Client :2 | Local Epoch : 4 | [64/597 (11%)]	Loss1: 5.839523 Loss2: 0.000030 
| Global Round : 31 | Client :3 | Local Epoch : 0 | [64/605 (11%)]	Loss1: 5.840141 Loss2: 0.000025 
| Global Round : 31 | Client :3 | Local Epoch : 1 | [64/605 (11%)]	Loss1: 5.840291 Loss2: 0.000023 
| Global Round : 31 | Client :3 | Local Epoch : 2 | [64/605 (11%)]	Loss1: 5.839685 Loss2: 0.000025 
| Global Round : 31 | Client :3 | Local Epoch : 3 | [64/605 (11%)]	Loss1: 5.841115 Loss2: 0.000021 
| Global Round : 31 | Client :3 | Local Epoch : 4 | [64/605 (11%)]	Loss1: 5.842448 Loss2: 0.000028 
| Global Round : 31 | Client :4 | Local Epoch : 0 | [64/436 (17%)]	Loss1: 5.840633 Loss2: 0.000058 
| Global Round : 31 | Client :4 | Local Epoch : 1 | [64/436 (17%)]	Loss1: 5.839374 Loss2: 0.000063 
| Global Round : 31 | Client :4 | Local Epoch : 2 | [64/436 (17%)]	Loss1: 5.839208 Loss2: 0.000060 
| Global Round : 31 | Client :4 | Local Epoch : 3 | [64/436 (17%)]	Loss1: 5.838837 Loss2: 0.000063 
| Global Round : 31 | Client :4 | Local Epoch : 4 | [64/436 (17%)]	Loss1: 5.841152 Loss2: 0.000062 
| Global Round : 31 | Client :5 | Local Epoch : 0 | [64/627 (11%)]	Loss1: 5.839750 Loss2: 0.000036 
| Global Round : 31 | Client :5 | Local Epoch : 1 | [64/627 (11%)]	Loss1: 5.840443 Loss2: 0.000038 
| Global Round : 31 | Client :5 | Local Epoch : 2 | [64/627 (11%)]	Loss1: 5.839887 Loss2: 0.000038 
| Global Round : 31 | Client :5 | Local Epoch : 3 | [64/627 (11%)]	Loss1: 5.840172 Loss2: 0.000035 
| Global Round : 31 | Client :5 | Local Epoch : 4 | [64/627 (11%)]	Loss1: 5.839386 Loss2: 0.000035 
| Global Round : 31 | Client :6 | Local Epoch : 0 | [64/571 (12%)]	Loss1: 5.841282 Loss2: 0.000028 
| Global Round : 31 | Client :6 | Local Epoch : 1 | [64/571 (12%)]	Loss1: 5.840471 Loss2: 0.000024 
| Global Round : 31 | Client :6 | Local Epoch : 2 | [64/571 (12%)]	Loss1: 5.841067 Loss2: 0.000027 
| Global Round : 31 | Client :6 | Local Epoch : 3 | [64/571 (12%)]	Loss1: 5.841186 Loss2: 0.000024 
| Global Round : 31 | Client :6 | Local Epoch : 4 | [64/571 (12%)]	Loss1: 5.840775 Loss2: 0.000023 
| Global Round : 31 | Client :7 | Local Epoch : 0 | [64/665 (10%)]	Loss1: 5.840825 Loss2: 0.000020 
| Global Round : 31 | Client :7 | Local Epoch : 1 | [64/665 (10%)]	Loss1: 5.841005 Loss2: 0.000024 
| Global Round : 31 | Client :7 | Local Epoch : 2 | [64/665 (10%)]	Loss1: 5.841527 Loss2: 0.000024 
| Global Round : 31 | Client :7 | Local Epoch : 3 | [64/665 (10%)]	Loss1: 5.840786 Loss2: 0.000025 
| Global Round : 31 | Client :7 | Local Epoch : 4 | [64/665 (10%)]	Loss1: 5.840300 Loss2: 0.000023 
| Global Round : 31 | Client :8 | Local Epoch : 0 | [64/561 (12%)]	Loss1: 5.840583 Loss2: 0.000033 
| Global Round : 31 | Client :8 | Local Epoch : 1 | [64/561 (12%)]	Loss1: 5.839897 Loss2: 0.000041 
| Global Round : 31 | Client :8 | Local Epoch : 2 | [64/561 (12%)]	Loss1: 5.839947 Loss2: 0.000036 
| Global Round : 31 | Client :8 | Local Epoch : 3 | [64/561 (12%)]	Loss1: 5.841676 Loss2: 0.000033 
| Global Round : 31 | Client :8 | Local Epoch : 4 | [64/561 (12%)]	Loss1: 5.840906 Loss2: 0.000031 
| Global Round : 31 | Client :9 | Local Epoch : 0 | [64/811 (8%)]	Loss1: 5.840255 Loss2: 0.000041 
| Global Round : 31 | Client :9 | Local Epoch : 0 | [704/811 (92%)]	Loss1: 5.841833 Loss2: 0.000049 
| Global Round : 31 | Client :9 | Local Epoch : 1 | [64/811 (8%)]	Loss1: 5.839928 Loss2: 0.000038 
| Global Round : 31 | Client :9 | Local Epoch : 1 | [704/811 (92%)]	Loss1: 5.841429 Loss2: 0.000043 
| Global Round : 31 | Client :9 | Local Epoch : 2 | [64/811 (8%)]	Loss1: 5.840162 Loss2: 0.000035 
| Global Round : 31 | Client :9 | Local Epoch : 2 | [704/811 (92%)]	Loss1: 5.839449 Loss2: 0.000048 
| Global Round : 31 | Client :9 | Local Epoch : 3 | [64/811 (8%)]	Loss1: 5.839345 Loss2: 0.000043 
| Global Round : 31 | Client :9 | Local Epoch : 3 | [704/811 (92%)]	Loss1: 5.841274 Loss2: 0.000045 
| Global Round : 31 | Client :9 | Local Epoch : 4 | [64/811 (8%)]	Loss1: 5.839906 Loss2: 0.000039 
| Global Round : 31 | Client :9 | Local Epoch : 4 | [704/811 (92%)]	Loss1: 5.840322 Loss2: 0.000048 
average loss:   5.8385918915460975
average local test accuracy: 0.8608072916666666
average global test accuracy:  0.5610677083333333

 | Global Training Round : 32 |

xi_k [0.49007343 0.48016052 0.51381483 0.50708896 0.46910808 0.48919109
 0.47759306 0.51265674 0.48606875 0.50437841]
max_exp: -1.0
coe: 10
Regulation [0.8 0.8 0.8 0.8 0.8 0.8 0.8 0.8 0.8 0.8]
Solver status: optimal_inaccurate
b_new: [1. 1. 1. 1. 1. 1. 1. 1. 1. 1.]
Iter 0: obj=48.9013, best_obj=48.9013, ||b_new-b_prev||₂=2.846050
xi_k [0.49007343 0.48016052 0.51381483 0.50708896 0.46910808 0.48919109
 0.47759306 0.51265674 0.48606875 0.50437841]
max_exp: -1.0
coe: 10
Regulation [-1. -1. -1. -1. -1. -1. -1. -1. -1. -1.]
Solver status: optimal_inaccurate
b_new: [1. 1. 1. 1. 1. 1. 1. 1. 1. 1.]
Iter 1: obj=49.8013, best_obj=49.8013, ||b_new-b_prev||₂=0.000000
Converged.
Final b: [1. 1. 1. 1. 1. 1. 1. 1. 1. 1.]
<class 'numpy.ndarray'>
b_float: [1. 1. 1. 1. 1. 1. 1. 1. 1. 1.]
b: [1 1 1 1 1 1 1 1 1 1]
active_clients:  [0, 1, 2, 3, 4, 5, 6, 7, 8, 9]
Client 0's s_k are:[0 1 1 1 1 1 1 1 1 1]
Client 1's s_k are:[1 0 0 1 0 1 0 0 0 0]
Client 2's s_k are:[0 1 0 1 1 1 1 1 1 1]
Client 3's s_k are:[1 0 0 0 0 0 1 1 1 0]
Client 4's s_k are:[0 0 1 1 0 1 0 0 1 0]
Client 5's s_k are:[0 0 1 1 0 0 0 1 1 0]
Client 6's s_k are:[1 0 1 0 1 1 0 1 0 0]
Client 7's s_k are:[0 0 0 1 0 0 0 0 0 0]
Client 8's s_k are:[0 1 0 1 1 0 1 1 0 0]
Client 9's s_k are:[0 1 0 0 0 1 1 0 1 0]
| Global Round : 32 | Client :0 | Local Epoch : 0 | [64/626 (11%)]	Loss1: 5.840791 Loss2: 0.000024 
| Global Round : 32 | Client :0 | Local Epoch : 1 | [64/626 (11%)]	Loss1: 5.840164 Loss2: 0.000026 
| Global Round : 32 | Client :0 | Local Epoch : 2 | [64/626 (11%)]	Loss1: 5.840597 Loss2: 0.000027 
| Global Round : 32 | Client :0 | Local Epoch : 3 | [64/626 (11%)]	Loss1: 5.841087 Loss2: 0.000025 
| Global Round : 32 | Client :0 | Local Epoch : 4 | [64/626 (11%)]	Loss1: 5.840589 Loss2: 0.000026 
| Global Round : 32 | Client :1 | Local Epoch : 0 | [64/497 (14%)]	Loss1: 5.841195 Loss2: 0.000043 
| Global Round : 32 | Client :1 | Local Epoch : 1 | [64/497 (14%)]	Loss1: 5.840844 Loss2: 0.000047 
| Global Round : 32 | Client :1 | Local Epoch : 2 | [64/497 (14%)]	Loss1: 5.841844 Loss2: 0.000047 
| Global Round : 32 | Client :1 | Local Epoch : 3 | [64/497 (14%)]	Loss1: 5.841489 Loss2: 0.000048 
| Global Round : 32 | Client :1 | Local Epoch : 4 | [64/497 (14%)]	Loss1: 5.842165 Loss2: 0.000054 
| Global Round : 32 | Client :2 | Local Epoch : 0 | [64/597 (11%)]	Loss1: 5.839293 Loss2: 0.000022 
| Global Round : 32 | Client :2 | Local Epoch : 1 | [64/597 (11%)]	Loss1: 5.840255 Loss2: 0.000023 
| Global Round : 32 | Client :2 | Local Epoch : 2 | [64/597 (11%)]	Loss1: 5.839290 Loss2: 0.000025 
| Global Round : 32 | Client :2 | Local Epoch : 3 | [64/597 (11%)]	Loss1: 5.839612 Loss2: 0.000025 
| Global Round : 32 | Client :2 | Local Epoch : 4 | [64/597 (11%)]	Loss1: 5.840159 Loss2: 0.000023 
| Global Round : 32 | Client :3 | Local Epoch : 0 | [64/605 (11%)]	Loss1: 5.839953 Loss2: 0.000025 
| Global Round : 32 | Client :3 | Local Epoch : 1 | [64/605 (11%)]	Loss1: 5.840864 Loss2: 0.000031 
| Global Round : 32 | Client :3 | Local Epoch : 2 | [64/605 (11%)]	Loss1: 5.841156 Loss2: 0.000030 
| Global Round : 32 | Client :3 | Local Epoch : 3 | [64/605 (11%)]	Loss1: 5.840973 Loss2: 0.000027 
| Global Round : 32 | Client :3 | Local Epoch : 4 | [64/605 (11%)]	Loss1: 5.840945 Loss2: 0.000022 
| Global Round : 32 | Client :4 | Local Epoch : 0 | [64/436 (17%)]	Loss1: 5.839526 Loss2: 0.000045 
| Global Round : 32 | Client :4 | Local Epoch : 1 | [64/436 (17%)]	Loss1: 5.840702 Loss2: 0.000051 
| Global Round : 32 | Client :4 | Local Epoch : 2 | [64/436 (17%)]	Loss1: 5.841419 Loss2: 0.000047 
| Global Round : 32 | Client :4 | Local Epoch : 3 | [64/436 (17%)]	Loss1: 5.840057 Loss2: 0.000051 
| Global Round : 32 | Client :4 | Local Epoch : 4 | [64/436 (17%)]	Loss1: 5.839735 Loss2: 0.000049 
| Global Round : 32 | Client :5 | Local Epoch : 0 | [64/627 (11%)]	Loss1: 5.839337 Loss2: 0.000023 
| Global Round : 32 | Client :5 | Local Epoch : 1 | [64/627 (11%)]	Loss1: 5.839569 Loss2: 0.000022 
| Global Round : 32 | Client :5 | Local Epoch : 2 | [64/627 (11%)]	Loss1: 5.839944 Loss2: 0.000025 
| Global Round : 32 | Client :5 | Local Epoch : 3 | [64/627 (11%)]	Loss1: 5.839070 Loss2: 0.000027 
| Global Round : 32 | Client :5 | Local Epoch : 4 | [64/627 (11%)]	Loss1: 5.839883 Loss2: 0.000020 
| Global Round : 32 | Client :6 | Local Epoch : 0 | [64/571 (12%)]	Loss1: 5.840462 Loss2: 0.000025 
| Global Round : 32 | Client :6 | Local Epoch : 1 | [64/571 (12%)]	Loss1: 5.840913 Loss2: 0.000028 
| Global Round : 32 | Client :6 | Local Epoch : 2 | [64/571 (12%)]	Loss1: 5.840391 Loss2: 0.000021 
| Global Round : 32 | Client :6 | Local Epoch : 3 | [64/571 (12%)]	Loss1: 5.840258 Loss2: 0.000028 
| Global Round : 32 | Client :6 | Local Epoch : 4 | [64/571 (12%)]	Loss1: 5.840295 Loss2: 0.000028 
| Global Round : 32 | Client :7 | Local Epoch : 0 | [64/665 (10%)]	Loss1: 5.841175 Loss2: 0.000034 
| Global Round : 32 | Client :7 | Local Epoch : 1 | [64/665 (10%)]	Loss1: 5.840493 Loss2: 0.000042 
| Global Round : 32 | Client :7 | Local Epoch : 2 | [64/665 (10%)]	Loss1: 5.840974 Loss2: 0.000039 
| Global Round : 32 | Client :7 | Local Epoch : 3 | [64/665 (10%)]	Loss1: 5.840602 Loss2: 0.000040 
| Global Round : 32 | Client :7 | Local Epoch : 4 | [64/665 (10%)]	Loss1: 5.840908 Loss2: 0.000041 
| Global Round : 32 | Client :8 | Local Epoch : 0 | [64/561 (12%)]	Loss1: 5.840655 Loss2: 0.000032 
| Global Round : 32 | Client :8 | Local Epoch : 1 | [64/561 (12%)]	Loss1: 5.840664 Loss2: 0.000032 
| Global Round : 32 | Client :8 | Local Epoch : 2 | [64/561 (12%)]	Loss1: 5.840746 Loss2: 0.000032 
| Global Round : 32 | Client :8 | Local Epoch : 3 | [64/561 (12%)]	Loss1: 5.840668 Loss2: 0.000032 
| Global Round : 32 | Client :8 | Local Epoch : 4 | [64/561 (12%)]	Loss1: 5.841329 Loss2: 0.000032 
| Global Round : 32 | Client :9 | Local Epoch : 0 | [64/811 (8%)]	Loss1: 5.840943 Loss2: 0.000029 
| Global Round : 32 | Client :9 | Local Epoch : 0 | [704/811 (92%)]	Loss1: 5.839667 Loss2: 0.000030 
| Global Round : 32 | Client :9 | Local Epoch : 1 | [64/811 (8%)]	Loss1: 5.840117 Loss2: 0.000027 
| Global Round : 32 | Client :9 | Local Epoch : 1 | [704/811 (92%)]	Loss1: 5.839342 Loss2: 0.000030 
| Global Round : 32 | Client :9 | Local Epoch : 2 | [64/811 (8%)]	Loss1: 5.839178 Loss2: 0.000032 
| Global Round : 32 | Client :9 | Local Epoch : 2 | [704/811 (92%)]	Loss1: 5.840662 Loss2: 0.000034 
| Global Round : 32 | Client :9 | Local Epoch : 3 | [64/811 (8%)]	Loss1: 5.839756 Loss2: 0.000029 
| Global Round : 32 | Client :9 | Local Epoch : 3 | [704/811 (92%)]	Loss1: 5.839593 Loss2: 0.000030 
| Global Round : 32 | Client :9 | Local Epoch : 4 | [64/811 (8%)]	Loss1: 5.840423 Loss2: 0.000028 
| Global Round : 32 | Client :9 | Local Epoch : 4 | [704/811 (92%)]	Loss1: 5.841443 Loss2: 0.000031 
average loss:   5.838573086602347
average local test accuracy: 0.85078125
average global test accuracy:  0.5654947916666666

 | Global Training Round : 33 |

xi_k [0.490075   0.480196   0.51382718 0.50708082 0.46911804 0.48919882
 0.47754278 0.51263102 0.486073   0.50435413]
max_exp: -1.0
coe: 10
Regulation [0.8 0.8 0.8 0.8 0.8 0.8 0.8 0.8 0.8 0.8]
Solver status: optimal_inaccurate
b_new: [1. 1. 1. 1. 1. 1. 1. 1. 1. 1.]
Iter 0: obj=48.9010, best_obj=48.9010, ||b_new-b_prev||₂=2.846050
xi_k [0.490075   0.480196   0.51382718 0.50708082 0.46911804 0.48919882
 0.47754278 0.51263102 0.486073   0.50435413]
max_exp: -1.0
coe: 10
Regulation [-1. -1. -1. -1. -1. -1. -1. -1. -1. -1.]
Solver status: optimal_inaccurate
b_new: [1. 1. 1. 1. 1. 1. 1. 1. 1. 1.]
Iter 1: obj=49.8010, best_obj=49.8010, ||b_new-b_prev||₂=0.000000
Converged.
Final b: [1. 1. 1. 1. 1. 1. 1. 1. 1. 1.]
<class 'numpy.ndarray'>
b_float: [1. 1. 1. 1. 1. 1. 1. 1. 1. 1.]
b: [1 1 1 1 1 1 1 1 1 1]
active_clients:  [0, 1, 2, 3, 4, 5, 6, 7, 8, 9]
Client 0's s_k are:[0 1 0 1 1 1 0 0 0 0]
Client 1's s_k are:[0 0 0 0 0 0 1 0 0 0]
Client 2's s_k are:[0 1 0 0 0 0 1 1 1 0]
Client 3's s_k are:[1 0 0 0 0 0 1 1 0 0]
Client 4's s_k are:[1 1 1 1 0 1 1 1 1 1]
Client 5's s_k are:[1 1 1 0 1 0 1 0 0 1]
Client 6's s_k are:[1 1 1 1 1 1 0 1 1 1]
Client 7's s_k are:[1 1 1 1 1 1 1 0 1 1]
Client 8's s_k are:[0 1 0 1 1 1 1 1 0 0]
Client 9's s_k are:[1 0 1 1 1 1 1 1 1 0]
| Global Round : 33 | Client :0 | Local Epoch : 0 | [64/626 (11%)]	Loss1: 5.841005 Loss2: 0.000031 
| Global Round : 33 | Client :0 | Local Epoch : 1 | [64/626 (11%)]	Loss1: 5.841218 Loss2: 0.000031 
| Global Round : 33 | Client :0 | Local Epoch : 2 | [64/626 (11%)]	Loss1: 5.842581 Loss2: 0.000034 
| Global Round : 33 | Client :0 | Local Epoch : 3 | [64/626 (11%)]	Loss1: 5.841281 Loss2: 0.000029 
| Global Round : 33 | Client :0 | Local Epoch : 4 | [64/626 (11%)]	Loss1: 5.841619 Loss2: 0.000029 
| Global Round : 33 | Client :1 | Local Epoch : 0 | [64/497 (14%)]	Loss1: 5.841855 Loss2: 0.000046 
| Global Round : 33 | Client :1 | Local Epoch : 1 | [64/497 (14%)]	Loss1: 5.842369 Loss2: 0.000041 
| Global Round : 33 | Client :1 | Local Epoch : 2 | [64/497 (14%)]	Loss1: 5.842379 Loss2: 0.000038 
| Global Round : 33 | Client :1 | Local Epoch : 3 | [64/497 (14%)]	Loss1: 5.841344 Loss2: 0.000041 
| Global Round : 33 | Client :1 | Local Epoch : 4 | [64/497 (14%)]	Loss1: 5.841949 Loss2: 0.000038 
| Global Round : 33 | Client :2 | Local Epoch : 0 | [64/597 (11%)]	Loss1: 5.839876 Loss2: 0.000034 
| Global Round : 33 | Client :2 | Local Epoch : 1 | [64/597 (11%)]	Loss1: 5.840169 Loss2: 0.000029 
| Global Round : 33 | Client :2 | Local Epoch : 2 | [64/597 (11%)]	Loss1: 5.839642 Loss2: 0.000035 
| Global Round : 33 | Client :2 | Local Epoch : 3 | [64/597 (11%)]	Loss1: 5.841500 Loss2: 0.000033 
| Global Round : 33 | Client :2 | Local Epoch : 4 | [64/597 (11%)]	Loss1: 5.840147 Loss2: 0.000028 
| Global Round : 33 | Client :3 | Local Epoch : 0 | [64/605 (11%)]	Loss1: 5.841395 Loss2: 0.000030 
| Global Round : 33 | Client :3 | Local Epoch : 1 | [64/605 (11%)]	Loss1: 5.840189 Loss2: 0.000035 
| Global Round : 33 | Client :3 | Local Epoch : 2 | [64/605 (11%)]	Loss1: 5.840471 Loss2: 0.000031 
| Global Round : 33 | Client :3 | Local Epoch : 3 | [64/605 (11%)]	Loss1: 5.840000 Loss2: 0.000029 
| Global Round : 33 | Client :3 | Local Epoch : 4 | [64/605 (11%)]	Loss1: 5.841215 Loss2: 0.000028 
| Global Round : 33 | Client :4 | Local Epoch : 0 | [64/436 (17%)]	Loss1: 5.840363 Loss2: 0.000042 
| Global Round : 33 | Client :4 | Local Epoch : 1 | [64/436 (17%)]	Loss1: 5.841466 Loss2: 0.000042 
| Global Round : 33 | Client :4 | Local Epoch : 2 | [64/436 (17%)]	Loss1: 5.840055 Loss2: 0.000042 
| Global Round : 33 | Client :4 | Local Epoch : 3 | [64/436 (17%)]	Loss1: 5.840129 Loss2: 0.000043 
| Global Round : 33 | Client :4 | Local Epoch : 4 | [64/436 (17%)]	Loss1: 5.839399 Loss2: 0.000042 
| Global Round : 33 | Client :5 | Local Epoch : 0 | [64/627 (11%)]	Loss1: 5.840126 Loss2: 0.000036 
| Global Round : 33 | Client :5 | Local Epoch : 1 | [64/627 (11%)]	Loss1: 5.840032 Loss2: 0.000034 
| Global Round : 33 | Client :5 | Local Epoch : 2 | [64/627 (11%)]	Loss1: 5.839471 Loss2: 0.000035 
| Global Round : 33 | Client :5 | Local Epoch : 3 | [64/627 (11%)]	Loss1: 5.840477 Loss2: 0.000037 
| Global Round : 33 | Client :5 | Local Epoch : 4 | [64/627 (11%)]	Loss1: 5.839758 Loss2: 0.000038 
| Global Round : 33 | Client :6 | Local Epoch : 0 | [64/571 (12%)]	Loss1: 5.840822 Loss2: 0.000024 
| Global Round : 33 | Client :6 | Local Epoch : 1 | [64/571 (12%)]	Loss1: 5.840377 Loss2: 0.000023 
| Global Round : 33 | Client :6 | Local Epoch : 2 | [64/571 (12%)]	Loss1: 5.839657 Loss2: 0.000024 
| Global Round : 33 | Client :6 | Local Epoch : 3 | [64/571 (12%)]	Loss1: 5.840320 Loss2: 0.000022 
| Global Round : 33 | Client :6 | Local Epoch : 4 | [64/571 (12%)]	Loss1: 5.840857 Loss2: 0.000026 
| Global Round : 33 | Client :7 | Local Epoch : 0 | [64/665 (10%)]	Loss1: 5.840969 Loss2: 0.000020 
| Global Round : 33 | Client :7 | Local Epoch : 1 | [64/665 (10%)]	Loss1: 5.840274 Loss2: 0.000025 
| Global Round : 33 | Client :7 | Local Epoch : 2 | [64/665 (10%)]	Loss1: 5.840372 Loss2: 0.000021 
| Global Round : 33 | Client :7 | Local Epoch : 3 | [64/665 (10%)]	Loss1: 5.841321 Loss2: 0.000026 
| Global Round : 33 | Client :7 | Local Epoch : 4 | [64/665 (10%)]	Loss1: 5.842093 Loss2: 0.000023 
| Global Round : 33 | Client :8 | Local Epoch : 0 | [64/561 (12%)]	Loss1: 5.840345 Loss2: 0.000032 
| Global Round : 33 | Client :8 | Local Epoch : 1 | [64/561 (12%)]	Loss1: 5.839655 Loss2: 0.000031 
| Global Round : 33 | Client :8 | Local Epoch : 2 | [64/561 (12%)]	Loss1: 5.841362 Loss2: 0.000031 
| Global Round : 33 | Client :8 | Local Epoch : 3 | [64/561 (12%)]	Loss1: 5.840599 Loss2: 0.000034 
| Global Round : 33 | Client :8 | Local Epoch : 4 | [64/561 (12%)]	Loss1: 5.841158 Loss2: 0.000031 
| Global Round : 33 | Client :9 | Local Epoch : 0 | [64/811 (8%)]	Loss1: 5.839438 Loss2: 0.000022 
| Global Round : 33 | Client :9 | Local Epoch : 0 | [704/811 (92%)]	Loss1: 5.839946 Loss2: 0.000029 
| Global Round : 33 | Client :9 | Local Epoch : 1 | [64/811 (8%)]	Loss1: 5.840142 Loss2: 0.000022 
| Global Round : 33 | Client :9 | Local Epoch : 1 | [704/811 (92%)]	Loss1: 5.840425 Loss2: 0.000027 
| Global Round : 33 | Client :9 | Local Epoch : 2 | [64/811 (8%)]	Loss1: 5.840384 Loss2: 0.000026 
| Global Round : 33 | Client :9 | Local Epoch : 2 | [704/811 (92%)]	Loss1: 5.839412 Loss2: 0.000027 
| Global Round : 33 | Client :9 | Local Epoch : 3 | [64/811 (8%)]	Loss1: 5.840408 Loss2: 0.000022 
| Global Round : 33 | Client :9 | Local Epoch : 3 | [704/811 (92%)]	Loss1: 5.839777 Loss2: 0.000028 
| Global Round : 33 | Client :9 | Local Epoch : 4 | [64/811 (8%)]	Loss1: 5.840140 Loss2: 0.000022 
| Global Round : 33 | Client :9 | Local Epoch : 4 | [704/811 (92%)]	Loss1: 5.839905 Loss2: 0.000031 
average loss:   5.8385883985436156
average local test accuracy: 0.8576822916666667
average global test accuracy:  0.5722656249999999

 | Global Training Round : 34 |

xi_k [0.4900675  0.4801565  0.51380589 0.5070954  0.46912285 0.48919468
 0.47757176 0.51266551 0.48605866 0.5043557 ]
max_exp: -1.0
coe: 10
Regulation [0.8 0.8 0.8 0.8 0.8 0.8 0.8 0.8 0.8 0.8]
Solver status: optimal_inaccurate
b_new: [1. 1. 1. 1. 1. 1. 1. 1. 1. 1.]
Iter 0: obj=48.9009, best_obj=48.9009, ||b_new-b_prev||₂=2.846050
xi_k [0.4900675  0.4801565  0.51380589 0.5070954  0.46912285 0.48919468
 0.47757176 0.51266551 0.48605866 0.5043557 ]
max_exp: -1.0
coe: 10
Regulation [-1. -1. -1. -1. -1. -1. -1. -1. -1. -1.]
Solver status: optimal_inaccurate
b_new: [1. 1. 1. 1. 1. 1. 1. 1. 1. 1.]
Iter 1: obj=49.8009, best_obj=49.8009, ||b_new-b_prev||₂=0.000000
Converged.
Final b: [1. 1. 1. 1. 1. 1. 1. 1. 1. 1.]
<class 'numpy.ndarray'>
b_float: [1. 1. 1. 1. 1. 1. 1. 1. 1. 1.]
b: [1 1 1 1 1 1 1 1 1 1]
active_clients:  [0, 1, 2, 3, 4, 5, 6, 7, 8, 9]
Client 0's s_k are:[0 1 1 1 1 1 0 1 1 1]
Client 1's s_k are:[1 0 0 0 0 0 0 1 1 1]
Client 2's s_k are:[1 0 0 0 1 0 1 0 1 0]
Client 3's s_k are:[1 1 1 0 1 1 1 1 1 0]
Client 4's s_k are:[1 1 1 1 0 1 1 1 1 1]
Client 5's s_k are:[0 0 0 1 0 0 1 1 1 0]
Client 6's s_k are:[1 0 1 1 1 1 0 1 0 1]
Client 7's s_k are:[0 0 1 1 0 1 0 0 0 0]
Client 8's s_k are:[0 0 0 0 0 1 0 0 0 0]
Client 9's s_k are:[1 1 1 1 0 1 0 0 1 0]
| Global Round : 34 | Client :0 | Local Epoch : 0 | [64/626 (11%)]	Loss1: 5.840809 Loss2: 0.000027 
| Global Round : 34 | Client :0 | Local Epoch : 1 | [64/626 (11%)]	Loss1: 5.842319 Loss2: 0.000030 
| Global Round : 34 | Client :0 | Local Epoch : 2 | [64/626 (11%)]	Loss1: 5.840318 Loss2: 0.000032 
| Global Round : 34 | Client :0 | Local Epoch : 3 | [64/626 (11%)]	Loss1: 5.840800 Loss2: 0.000031 
| Global Round : 34 | Client :0 | Local Epoch : 4 | [64/626 (11%)]	Loss1: 5.840883 Loss2: 0.000024 
| Global Round : 34 | Client :1 | Local Epoch : 0 | [64/497 (14%)]	Loss1: 5.840608 Loss2: 0.000049 
| Global Round : 34 | Client :1 | Local Epoch : 1 | [64/497 (14%)]	Loss1: 5.842337 Loss2: 0.000047 
| Global Round : 34 | Client :1 | Local Epoch : 2 | [64/497 (14%)]	Loss1: 5.841421 Loss2: 0.000040 
| Global Round : 34 | Client :1 | Local Epoch : 3 | [64/497 (14%)]	Loss1: 5.841030 Loss2: 0.000043 
| Global Round : 34 | Client :1 | Local Epoch : 4 | [64/497 (14%)]	Loss1: 5.839711 Loss2: 0.000044 
| Global Round : 34 | Client :2 | Local Epoch : 0 | [64/597 (11%)]	Loss1: 5.840462 Loss2: 0.000036 
| Global Round : 34 | Client :2 | Local Epoch : 1 | [64/597 (11%)]	Loss1: 5.839357 Loss2: 0.000035 
| Global Round : 34 | Client :2 | Local Epoch : 2 | [64/597 (11%)]	Loss1: 5.838674 Loss2: 0.000032 
| Global Round : 34 | Client :2 | Local Epoch : 3 | [64/597 (11%)]	Loss1: 5.840443 Loss2: 0.000032 
| Global Round : 34 | Client :2 | Local Epoch : 4 | [64/597 (11%)]	Loss1: 5.841056 Loss2: 0.000035 
| Global Round : 34 | Client :3 | Local Epoch : 0 | [64/605 (11%)]	Loss1: 5.840815 Loss2: 0.000026 
| Global Round : 34 | Client :3 | Local Epoch : 1 | [64/605 (11%)]	Loss1: 5.840592 Loss2: 0.000027 
| Global Round : 34 | Client :3 | Local Epoch : 2 | [64/605 (11%)]	Loss1: 5.841172 Loss2: 0.000023 
| Global Round : 34 | Client :3 | Local Epoch : 3 | [64/605 (11%)]	Loss1: 5.840618 Loss2: 0.000023 
| Global Round : 34 | Client :3 | Local Epoch : 4 | [64/605 (11%)]	Loss1: 5.841735 Loss2: 0.000022 
| Global Round : 34 | Client :4 | Local Epoch : 0 | [64/436 (17%)]	Loss1: 5.840312 Loss2: 0.000043 
| Global Round : 34 | Client :4 | Local Epoch : 1 | [64/436 (17%)]	Loss1: 5.839636 Loss2: 0.000043 
| Global Round : 34 | Client :4 | Local Epoch : 2 | [64/436 (17%)]	Loss1: 5.840744 Loss2: 0.000045 
| Global Round : 34 | Client :4 | Local Epoch : 3 | [64/436 (17%)]	Loss1: 5.839933 Loss2: 0.000042 
| Global Round : 34 | Client :4 | Local Epoch : 4 | [64/436 (17%)]	Loss1: 5.840208 Loss2: 0.000040 
| Global Round : 34 | Client :5 | Local Epoch : 0 | [64/627 (11%)]	Loss1: 5.839465 Loss2: 0.000032 
| Global Round : 34 | Client :5 | Local Epoch : 1 | [64/627 (11%)]	Loss1: 5.839704 Loss2: 0.000030 
| Global Round : 34 | Client :5 | Local Epoch : 2 | [64/627 (11%)]	Loss1: 5.839116 Loss2: 0.000033 
| Global Round : 34 | Client :5 | Local Epoch : 3 | [64/627 (11%)]	Loss1: 5.839441 Loss2: 0.000027 
| Global Round : 34 | Client :5 | Local Epoch : 4 | [64/627 (11%)]	Loss1: 5.839607 Loss2: 0.000030 
| Global Round : 34 | Client :6 | Local Epoch : 0 | [64/571 (12%)]	Loss1: 5.840904 Loss2: 0.000026 
| Global Round : 34 | Client :6 | Local Epoch : 1 | [64/571 (12%)]	Loss1: 5.839458 Loss2: 0.000024 
| Global Round : 34 | Client :6 | Local Epoch : 2 | [64/571 (12%)]	Loss1: 5.839327 Loss2: 0.000024 
| Global Round : 34 | Client :6 | Local Epoch : 3 | [64/571 (12%)]	Loss1: 5.840344 Loss2: 0.000024 
| Global Round : 34 | Client :6 | Local Epoch : 4 | [64/571 (12%)]	Loss1: 5.839708 Loss2: 0.000025 
| Global Round : 34 | Client :7 | Local Epoch : 0 | [64/665 (10%)]	Loss1: 5.841096 Loss2: 0.000032 
| Global Round : 34 | Client :7 | Local Epoch : 1 | [64/665 (10%)]	Loss1: 5.842532 Loss2: 0.000036 
| Global Round : 34 | Client :7 | Local Epoch : 2 | [64/665 (10%)]	Loss1: 5.841144 Loss2: 0.000033 
| Global Round : 34 | Client :7 | Local Epoch : 3 | [64/665 (10%)]	Loss1: 5.841743 Loss2: 0.000032 
| Global Round : 34 | Client :7 | Local Epoch : 4 | [64/665 (10%)]	Loss1: 5.840707 Loss2: 0.000034 
| Global Round : 34 | Client :8 | Local Epoch : 0 | [64/561 (12%)]	Loss1: 5.840360 Loss2: 0.000050 
| Global Round : 34 | Client :8 | Local Epoch : 1 | [64/561 (12%)]	Loss1: 5.840248 Loss2: 0.000050 
| Global Round : 34 | Client :8 | Local Epoch : 2 | [64/561 (12%)]	Loss1: 5.839812 Loss2: 0.000051 
| Global Round : 34 | Client :8 | Local Epoch : 3 | [64/561 (12%)]	Loss1: 5.840477 Loss2: 0.000046 
| Global Round : 34 | Client :8 | Local Epoch : 4 | [64/561 (12%)]	Loss1: 5.840756 Loss2: 0.000047 
| Global Round : 34 | Client :9 | Local Epoch : 0 | [64/811 (8%)]	Loss1: 5.840456 Loss2: 0.000027 
| Global Round : 34 | Client :9 | Local Epoch : 0 | [704/811 (92%)]	Loss1: 5.839982 Loss2: 0.000028 
| Global Round : 34 | Client :9 | Local Epoch : 1 | [64/811 (8%)]	Loss1: 5.840776 Loss2: 0.000023 
| Global Round : 34 | Client :9 | Local Epoch : 1 | [704/811 (92%)]	Loss1: 5.841352 Loss2: 0.000026 
| Global Round : 34 | Client :9 | Local Epoch : 2 | [64/811 (8%)]	Loss1: 5.839519 Loss2: 0.000022 
| Global Round : 34 | Client :9 | Local Epoch : 2 | [704/811 (92%)]	Loss1: 5.840159 Loss2: 0.000026 
| Global Round : 34 | Client :9 | Local Epoch : 3 | [64/811 (8%)]	Loss1: 5.840093 Loss2: 0.000025 
| Global Round : 34 | Client :9 | Local Epoch : 3 | [704/811 (92%)]	Loss1: 5.840855 Loss2: 0.000026 
| Global Round : 34 | Client :9 | Local Epoch : 4 | [64/811 (8%)]	Loss1: 5.839349 Loss2: 0.000024 
| Global Round : 34 | Client :9 | Local Epoch : 4 | [704/811 (92%)]	Loss1: 5.839340 Loss2: 0.000025 
average loss:   5.838526643287567
average local test accuracy: 0.8501302083333332
average global test accuracy:  0.543359375

 | Global Training Round : 35 |

xi_k [0.49004199 0.48018073 0.51382007 0.50708687 0.46910121 0.48918365
 0.47753664 0.51266465 0.48602508 0.5043339 ]
max_exp: -1.0
coe: 10
Regulation [0.8 0.8 0.8 0.8 0.8 0.8 0.8 0.8 0.8 0.8]
Solver status: optimal_inaccurate
b_new: [1. 1. 1. 1. 1. 1. 1. 1. 1. 1.]
Iter 0: obj=48.8997, best_obj=48.8997, ||b_new-b_prev||₂=2.846050
xi_k [0.49004199 0.48018073 0.51382007 0.50708687 0.46910121 0.48918365
 0.47753664 0.51266465 0.48602508 0.5043339 ]
max_exp: -1.0
coe: 10
Regulation [-1. -1. -1. -1. -1. -1. -1. -1. -1. -1.]
Solver status: optimal_inaccurate
b_new: [1. 1. 1. 1. 1. 1. 1. 1. 1. 1.]
Iter 1: obj=49.7997, best_obj=49.7997, ||b_new-b_prev||₂=0.000000
Converged.
Final b: [1. 1. 1. 1. 1. 1. 1. 1. 1. 1.]
<class 'numpy.ndarray'>
b_float: [1. 1. 1. 1. 1. 1. 1. 1. 1. 1.]
b: [1 1 1 1 1 1 1 1 1 1]
active_clients:  [0, 1, 2, 3, 4, 5, 6, 7, 8, 9]
Client 0's s_k are:[0 0 0 0 0 0 0 1 0 0]
Client 1's s_k are:[1 0 0 1 0 1 1 0 0 1]
Client 2's s_k are:[0 0 0 0 0 1 0 0 0 0]
Client 3's s_k are:[0 0 1 0 1 0 1 0 0 0]
Client 4's s_k are:[1 1 1 0 0 1 1 0 0 0]
Client 5's s_k are:[1 0 1 0 0 0 0 0 0 0]
Client 6's s_k are:[1 0 0 1 1 0 0 0 0 0]
Client 7's s_k are:[1 1 1 1 1 1 1 0 1 0]
Client 8's s_k are:[0 0 0 0 1 1 1 0 0 0]
Client 9's s_k are:[0 1 0 1 0 0 0 1 1 0]
| Global Round : 35 | Client :0 | Local Epoch : 0 | [64/626 (11%)]	Loss1: 5.840499 Loss2: 0.000030 
| Global Round : 35 | Client :0 | Local Epoch : 1 | [64/626 (11%)]	Loss1: 5.840997 Loss2: 0.000034 
| Global Round : 35 | Client :0 | Local Epoch : 2 | [64/626 (11%)]	Loss1: 5.840899 Loss2: 0.000037 
| Global Round : 35 | Client :0 | Local Epoch : 3 | [64/626 (11%)]	Loss1: 5.840527 Loss2: 0.000032 
| Global Round : 35 | Client :0 | Local Epoch : 4 | [64/626 (11%)]	Loss1: 5.840696 Loss2: 0.000034 
| Global Round : 35 | Client :1 | Local Epoch : 0 | [64/497 (14%)]	Loss1: 5.840931 Loss2: 0.000045 
| Global Round : 35 | Client :1 | Local Epoch : 1 | [64/497 (14%)]	Loss1: 5.842391 Loss2: 0.000045 
| Global Round : 35 | Client :1 | Local Epoch : 2 | [64/497 (14%)]	Loss1: 5.840543 Loss2: 0.000044 
| Global Round : 35 | Client :1 | Local Epoch : 3 | [64/497 (14%)]	Loss1: 5.842404 Loss2: 0.000045 
| Global Round : 35 | Client :1 | Local Epoch : 4 | [64/497 (14%)]	Loss1: 5.842107 Loss2: 0.000050 
| Global Round : 35 | Client :2 | Local Epoch : 0 | [64/597 (11%)]	Loss1: 5.840604 Loss2: 0.000037 
| Global Round : 35 | Client :2 | Local Epoch : 1 | [64/597 (11%)]	Loss1: 5.839824 Loss2: 0.000038 
| Global Round : 35 | Client :2 | Local Epoch : 2 | [64/597 (11%)]	Loss1: 5.839094 Loss2: 0.000036 
| Global Round : 35 | Client :2 | Local Epoch : 3 | [64/597 (11%)]	Loss1: 5.840322 Loss2: 0.000030 
| Global Round : 35 | Client :2 | Local Epoch : 4 | [64/597 (11%)]	Loss1: 5.840251 Loss2: 0.000032 
| Global Round : 35 | Client :3 | Local Epoch : 0 | [64/605 (11%)]	Loss1: 5.839883 Loss2: 0.000034 
| Global Round : 35 | Client :3 | Local Epoch : 1 | [64/605 (11%)]	Loss1: 5.839817 Loss2: 0.000028 
| Global Round : 35 | Client :3 | Local Epoch : 2 | [64/605 (11%)]	Loss1: 5.841344 Loss2: 0.000031 
| Global Round : 35 | Client :3 | Local Epoch : 3 | [64/605 (11%)]	Loss1: 5.840536 Loss2: 0.000029 
| Global Round : 35 | Client :3 | Local Epoch : 4 | [64/605 (11%)]	Loss1: 5.840457 Loss2: 0.000027 
| Global Round : 35 | Client :4 | Local Epoch : 0 | [64/436 (17%)]	Loss1: 5.839378 Loss2: 0.000044 
| Global Round : 35 | Client :4 | Local Epoch : 1 | [64/436 (17%)]	Loss1: 5.840394 Loss2: 0.000037 
| Global Round : 35 | Client :4 | Local Epoch : 2 | [64/436 (17%)]	Loss1: 5.839490 Loss2: 0.000043 
| Global Round : 35 | Client :4 | Local Epoch : 3 | [64/436 (17%)]	Loss1: 5.839723 Loss2: 0.000040 
| Global Round : 35 | Client :4 | Local Epoch : 4 | [64/436 (17%)]	Loss1: 5.841555 Loss2: 0.000044 
| Global Round : 35 | Client :5 | Local Epoch : 0 | [64/627 (11%)]	Loss1: 5.839933 Loss2: 0.000033 
| Global Round : 35 | Client :5 | Local Epoch : 1 | [64/627 (11%)]	Loss1: 5.839188 Loss2: 0.000032 
| Global Round : 35 | Client :5 | Local Epoch : 2 | [64/627 (11%)]	Loss1: 5.839784 Loss2: 0.000037 
| Global Round : 35 | Client :5 | Local Epoch : 3 | [64/627 (11%)]	Loss1: 5.839654 Loss2: 0.000033 
| Global Round : 35 | Client :5 | Local Epoch : 4 | [64/627 (11%)]	Loss1: 5.839772 Loss2: 0.000031 
| Global Round : 35 | Client :6 | Local Epoch : 0 | [64/571 (12%)]	Loss1: 5.840666 Loss2: 0.000027 
| Global Round : 35 | Client :6 | Local Epoch : 1 | [64/571 (12%)]	Loss1: 5.840337 Loss2: 0.000028 
| Global Round : 35 | Client :6 | Local Epoch : 2 | [64/571 (12%)]	Loss1: 5.840307 Loss2: 0.000029 
| Global Round : 35 | Client :6 | Local Epoch : 3 | [64/571 (12%)]	Loss1: 5.840580 Loss2: 0.000027 
| Global Round : 35 | Client :6 | Local Epoch : 4 | [64/571 (12%)]	Loss1: 5.840086 Loss2: 0.000029 
| Global Round : 35 | Client :7 | Local Epoch : 0 | [64/665 (10%)]	Loss1: 5.840965 Loss2: 0.000021 
| Global Round : 35 | Client :7 | Local Epoch : 1 | [64/665 (10%)]	Loss1: 5.840521 Loss2: 0.000021 
| Global Round : 35 | Client :7 | Local Epoch : 2 | [64/665 (10%)]	Loss1: 5.840724 Loss2: 0.000023 
| Global Round : 35 | Client :7 | Local Epoch : 3 | [64/665 (10%)]	Loss1: 5.841932 Loss2: 0.000024 
| Global Round : 35 | Client :7 | Local Epoch : 4 | [64/665 (10%)]	Loss1: 5.840842 Loss2: 0.000021 
| Global Round : 35 | Client :8 | Local Epoch : 0 | [64/561 (12%)]	Loss1: 5.840135 Loss2: 0.000033 
| Global Round : 35 | Client :8 | Local Epoch : 1 | [64/561 (12%)]	Loss1: 5.841022 Loss2: 0.000033 
| Global Round : 35 | Client :8 | Local Epoch : 2 | [64/561 (12%)]	Loss1: 5.839227 Loss2: 0.000030 
| Global Round : 35 | Client :8 | Local Epoch : 3 | [64/561 (12%)]	Loss1: 5.839723 Loss2: 0.000029 
| Global Round : 35 | Client :8 | Local Epoch : 4 | [64/561 (12%)]	Loss1: 5.840013 Loss2: 0.000030 
| Global Round : 35 | Client :9 | Local Epoch : 0 | [64/811 (8%)]	Loss1: 5.839788 Loss2: 0.000036 
| Global Round : 35 | Client :9 | Local Epoch : 0 | [704/811 (92%)]	Loss1: 5.841021 Loss2: 0.000029 
| Global Round : 35 | Client :9 | Local Epoch : 1 | [64/811 (8%)]	Loss1: 5.841321 Loss2: 0.000025 
| Global Round : 35 | Client :9 | Local Epoch : 1 | [704/811 (92%)]	Loss1: 5.839922 Loss2: 0.000021 
| Global Round : 35 | Client :9 | Local Epoch : 2 | [64/811 (8%)]	Loss1: 5.840144 Loss2: 0.000026 
| Global Round : 35 | Client :9 | Local Epoch : 2 | [704/811 (92%)]	Loss1: 5.840345 Loss2: 0.000024 
| Global Round : 35 | Client :9 | Local Epoch : 3 | [64/811 (8%)]	Loss1: 5.839429 Loss2: 0.000023 
| Global Round : 35 | Client :9 | Local Epoch : 3 | [704/811 (92%)]	Loss1: 5.840160 Loss2: 0.000028 
| Global Round : 35 | Client :9 | Local Epoch : 4 | [64/811 (8%)]	Loss1: 5.839160 Loss2: 0.000025 
| Global Round : 35 | Client :9 | Local Epoch : 4 | [704/811 (92%)]	Loss1: 5.839265 Loss2: 0.000025 
average loss:   5.838540867661673
average local test accuracy: 0.8552083333333332
average global test accuracy:  0.5544270833333333

 | Global Training Round : 36 |

xi_k [0.49005558 0.48015251 0.51383127 0.50707931 0.46912261 0.48917626
 0.47756458 0.51262636 0.48606928 0.50432684]
max_exp: -1.0
coe: 10
Regulation [0.8 0.8 0.8 0.8 0.8 0.8 0.8 0.8 0.8 0.8]
Solver status: optimal_inaccurate
b_new: [1. 1. 1. 1. 1. 1. 1. 1. 1. 1.]
Iter 0: obj=48.9000, best_obj=48.9000, ||b_new-b_prev||₂=2.846050
xi_k [0.49005558 0.48015251 0.51383127 0.50707931 0.46912261 0.48917626
 0.47756458 0.51262636 0.48606928 0.50432684]
max_exp: -1.0
coe: 10
Regulation [-1. -1. -1. -1. -1. -1. -1. -1. -1. -1.]
Solver status: optimal_inaccurate
b_new: [1. 1. 1. 1. 1. 1. 1. 1. 1. 1.]
Iter 1: obj=49.8000, best_obj=49.8000, ||b_new-b_prev||₂=0.000000
Converged.
Final b: [1. 1. 1. 1. 1. 1. 1. 1. 1. 1.]
<class 'numpy.ndarray'>
b_float: [1. 1. 1. 1. 1. 1. 1. 1. 1. 1.]
b: [1 1 1 1 1 1 1 1 1 1]
active_clients:  [0, 1, 2, 3, 4, 5, 6, 7, 8, 9]
Client 0's s_k are:[0 0 1 0 1 0 0 1 1 1]
Client 1's s_k are:[1 0 1 1 1 1 1 1 1 1]
Client 2's s_k are:[1 1 0 0 1 1 0 0 1 0]
Client 3's s_k are:[1 0 0 0 0 0 0 1 0 0]
Client 4's s_k are:[1 1 0 0 0 1 1 0 1 1]
Client 5's s_k are:[1 1 1 1 1 0 1 0 1 1]
Client 6's s_k are:[0 0 0 0 1 0 0 0 0 0]
Client 7's s_k are:[1 0 1 1 1 1 0 0 1 1]
Client 8's s_k are:[0 0 0 1 0 0 0 0 0 0]
Client 9's s_k are:[1 1 1 1 0 1 1 0 1 0]
| Global Round : 36 | Client :0 | Local Epoch : 0 | [64/626 (11%)]	Loss1: 5.840818 Loss2: 0.000030 
| Global Round : 36 | Client :0 | Local Epoch : 1 | [64/626 (11%)]	Loss1: 5.841339 Loss2: 0.000035 
| Global Round : 36 | Client :0 | Local Epoch : 2 | [64/626 (11%)]	Loss1: 5.841297 Loss2: 0.000036 
| Global Round : 36 | Client :0 | Local Epoch : 3 | [64/626 (11%)]	Loss1: 5.840564 Loss2: 0.000030 
| Global Round : 36 | Client :0 | Local Epoch : 4 | [64/626 (11%)]	Loss1: 5.839846 Loss2: 0.000033 
| Global Round : 36 | Client :1 | Local Epoch : 0 | [64/497 (14%)]	Loss1: 5.839709 Loss2: 0.000040 
| Global Round : 36 | Client :1 | Local Epoch : 1 | [64/497 (14%)]	Loss1: 5.841508 Loss2: 0.000044 
| Global Round : 36 | Client :1 | Local Epoch : 2 | [64/497 (14%)]	Loss1: 5.841047 Loss2: 0.000043 
| Global Round : 36 | Client :1 | Local Epoch : 3 | [64/497 (14%)]	Loss1: 5.841495 Loss2: 0.000042 
| Global Round : 36 | Client :1 | Local Epoch : 4 | [64/497 (14%)]	Loss1: 5.842014 Loss2: 0.000037 
| Global Round : 36 | Client :2 | Local Epoch : 0 | [64/597 (11%)]	Loss1: 5.840162 Loss2: 0.000034 
| Global Round : 36 | Client :2 | Local Epoch : 1 | [64/597 (11%)]	Loss1: 5.839790 Loss2: 0.000028 
| Global Round : 36 | Client :2 | Local Epoch : 2 | [64/597 (11%)]	Loss1: 5.840569 Loss2: 0.000035 
| Global Round : 36 | Client :2 | Local Epoch : 3 | [64/597 (11%)]	Loss1: 5.839606 Loss2: 0.000032 
| Global Round : 36 | Client :2 | Local Epoch : 4 | [64/597 (11%)]	Loss1: 5.840518 Loss2: 0.000031 
| Global Round : 36 | Client :3 | Local Epoch : 0 | [64/605 (11%)]	Loss1: 5.840002 Loss2: 0.000033 
| Global Round : 36 | Client :3 | Local Epoch : 1 | [64/605 (11%)]	Loss1: 5.839891 Loss2: 0.000031 
| Global Round : 36 | Client :3 | Local Epoch : 2 | [64/605 (11%)]	Loss1: 5.840912 Loss2: 0.000031 
| Global Round : 36 | Client :3 | Local Epoch : 3 | [64/605 (11%)]	Loss1: 5.841564 Loss2: 0.000030 
| Global Round : 36 | Client :3 | Local Epoch : 4 | [64/605 (11%)]	Loss1: 5.841658 Loss2: 0.000031 
| Global Round : 36 | Client :4 | Local Epoch : 0 | [64/436 (17%)]	Loss1: 5.840753 Loss2: 0.000040 
| Global Round : 36 | Client :4 | Local Epoch : 1 | [64/436 (17%)]	Loss1: 5.840651 Loss2: 0.000042 
| Global Round : 36 | Client :4 | Local Epoch : 2 | [64/436 (17%)]	Loss1: 5.839540 Loss2: 0.000035 
| Global Round : 36 | Client :4 | Local Epoch : 3 | [64/436 (17%)]	Loss1: 5.839534 Loss2: 0.000038 
| Global Round : 36 | Client :4 | Local Epoch : 4 | [64/436 (17%)]	Loss1: 5.839333 Loss2: 0.000036 
| Global Round : 36 | Client :5 | Local Epoch : 0 | [64/627 (11%)]	Loss1: 5.839308 Loss2: 0.000033 
| Global Round : 36 | Client :5 | Local Epoch : 1 | [64/627 (11%)]	Loss1: 5.840419 Loss2: 0.000027 
| Global Round : 36 | Client :5 | Local Epoch : 2 | [64/627 (11%)]	Loss1: 5.840534 Loss2: 0.000031 
| Global Round : 36 | Client :5 | Local Epoch : 3 | [64/627 (11%)]	Loss1: 5.839377 Loss2: 0.000031 
| Global Round : 36 | Client :5 | Local Epoch : 4 | [64/627 (11%)]	Loss1: 5.839452 Loss2: 0.000029 
| Global Round : 36 | Client :6 | Local Epoch : 0 | [64/571 (12%)]	Loss1: 5.840937 Loss2: 0.000055 
| Global Round : 36 | Client :6 | Local Epoch : 1 | [64/571 (12%)]	Loss1: 5.840960 Loss2: 0.000062 
| Global Round : 36 | Client :6 | Local Epoch : 2 | [64/571 (12%)]	Loss1: 5.840112 Loss2: 0.000059 
| Global Round : 36 | Client :6 | Local Epoch : 3 | [64/571 (12%)]	Loss1: 5.839452 Loss2: 0.000060 
| Global Round : 36 | Client :6 | Local Epoch : 4 | [64/571 (12%)]	Loss1: 5.840927 Loss2: 0.000060 
| Global Round : 36 | Client :7 | Local Epoch : 0 | [64/665 (10%)]	Loss1: 5.840427 Loss2: 0.000022 
| Global Round : 36 | Client :7 | Local Epoch : 1 | [64/665 (10%)]	Loss1: 5.841377 Loss2: 0.000023 
| Global Round : 36 | Client :7 | Local Epoch : 2 | [64/665 (10%)]	Loss1: 5.842066 Loss2: 0.000024 
| Global Round : 36 | Client :7 | Local Epoch : 3 | [64/665 (10%)]	Loss1: 5.841664 Loss2: 0.000025 
| Global Round : 36 | Client :7 | Local Epoch : 4 | [64/665 (10%)]	Loss1: 5.840505 Loss2: 0.000027 
| Global Round : 36 | Client :8 | Local Epoch : 0 | [64/561 (12%)]	Loss1: 5.840179 Loss2: 0.000045 
| Global Round : 36 | Client :8 | Local Epoch : 1 | [64/561 (12%)]	Loss1: 5.840431 Loss2: 0.000047 
| Global Round : 36 | Client :8 | Local Epoch : 2 | [64/561 (12%)]	Loss1: 5.841092 Loss2: 0.000046 
| Global Round : 36 | Client :8 | Local Epoch : 3 | [64/561 (12%)]	Loss1: 5.840748 Loss2: 0.000048 
| Global Round : 36 | Client :8 | Local Epoch : 4 | [64/561 (12%)]	Loss1: 5.840880 Loss2: 0.000043 
| Global Round : 36 | Client :9 | Local Epoch : 0 | [64/811 (8%)]	Loss1: 5.839577 Loss2: 0.000027 
| Global Round : 36 | Client :9 | Local Epoch : 0 | [704/811 (92%)]	Loss1: 5.840327 Loss2: 0.000026 
| Global Round : 36 | Client :9 | Local Epoch : 1 | [64/811 (8%)]	Loss1: 5.838854 Loss2: 0.000029 
| Global Round : 36 | Client :9 | Local Epoch : 1 | [704/811 (92%)]	Loss1: 5.840391 Loss2: 0.000024 
| Global Round : 36 | Client :9 | Local Epoch : 2 | [64/811 (8%)]	Loss1: 5.841161 Loss2: 0.000023 
| Global Round : 36 | Client :9 | Local Epoch : 2 | [704/811 (92%)]	Loss1: 5.839869 Loss2: 0.000032 
| Global Round : 36 | Client :9 | Local Epoch : 3 | [64/811 (8%)]	Loss1: 5.839645 Loss2: 0.000032 
| Global Round : 36 | Client :9 | Local Epoch : 3 | [704/811 (92%)]	Loss1: 5.839666 Loss2: 0.000023 
| Global Round : 36 | Client :9 | Local Epoch : 4 | [64/811 (8%)]	Loss1: 5.839260 Loss2: 0.000024 
| Global Round : 36 | Client :9 | Local Epoch : 4 | [704/811 (92%)]	Loss1: 5.841056 Loss2: 0.000028 
average loss:   5.8384357004884695
average local test accuracy: 0.8576822916666667
average global test accuracy:  0.57109375

 | Global Training Round : 37 |

xi_k [0.49002547 0.48015437 0.51380729 0.50707833 0.46908338 0.48918351
 0.47753821 0.5126198  0.4860512  0.50432242]
max_exp: -1.0
coe: 10
Regulation [0.8 0.8 0.8 0.8 0.8 0.8 0.8 0.8 0.8 0.8]
Solver status: optimal_inaccurate
b_new: [1. 1. 1. 1. 1. 1. 1. 1. 1. 1.]
Iter 0: obj=48.8986, best_obj=48.8986, ||b_new-b_prev||₂=2.846050
xi_k [0.49002547 0.48015437 0.51380729 0.50707833 0.46908338 0.48918351
 0.47753821 0.5126198  0.4860512  0.50432242]
max_exp: -1.0
coe: 10
Regulation [-1. -1. -1. -1. -1. -1. -1. -1. -1. -1.]
Solver status: optimal_inaccurate
b_new: [1. 1. 1. 1. 1. 1. 1. 1. 1. 1.]
Iter 1: obj=49.7986, best_obj=49.7986, ||b_new-b_prev||₂=0.000000
Converged.
Final b: [1. 1. 1. 1. 1. 1. 1. 1. 1. 1.]
<class 'numpy.ndarray'>
b_float: [1. 1. 1. 1. 1. 1. 1. 1. 1. 1.]
b: [1 1 1 1 1 1 1 1 1 1]
active_clients:  [0, 1, 2, 3, 4, 5, 6, 7, 8, 9]
Client 0's s_k are:[0 1 1 1 1 1 1 1 1 1]
Client 1's s_k are:[1 0 1 0 1 1 0 1 1 1]
Client 2's s_k are:[1 1 0 1 1 1 1 1 1 0]
Client 3's s_k are:[0 1 1 0 1 0 0 0 1 1]
Client 4's s_k are:[1 1 0 1 0 1 1 1 0 1]
Client 5's s_k are:[0 0 1 0 0 0 0 0 0 0]
Client 6's s_k are:[0 0 0 0 0 0 0 0 0 1]
Client 7's s_k are:[0 1 0 0 0 0 0 0 0 0]
Client 8's s_k are:[1 1 1 0 0 0 1 1 0 1]
Client 9's s_k are:[1 1 1 1 0 0 1 1 1 0]
| Global Round : 37 | Client :0 | Local Epoch : 0 | [64/626 (11%)]	Loss1: 5.840748 Loss2: 0.000028 
| Global Round : 37 | Client :0 | Local Epoch : 1 | [64/626 (11%)]	Loss1: 5.840818 Loss2: 0.000027 
| Global Round : 37 | Client :0 | Local Epoch : 2 | [64/626 (11%)]	Loss1: 5.840709 Loss2: 0.000029 
| Global Round : 37 | Client :0 | Local Epoch : 3 | [64/626 (11%)]	Loss1: 5.841068 Loss2: 0.000029 
| Global Round : 37 | Client :0 | Local Epoch : 4 | [64/626 (11%)]	Loss1: 5.840298 Loss2: 0.000023 
| Global Round : 37 | Client :1 | Local Epoch : 0 | [64/497 (14%)]	Loss1: 5.841036 Loss2: 0.000039 
| Global Round : 37 | Client :1 | Local Epoch : 1 | [64/497 (14%)]	Loss1: 5.840383 Loss2: 0.000038 
| Global Round : 37 | Client :1 | Local Epoch : 2 | [64/497 (14%)]	Loss1: 5.840826 Loss2: 0.000040 
| Global Round : 37 | Client :1 | Local Epoch : 3 | [64/497 (14%)]	Loss1: 5.841743 Loss2: 0.000044 
| Global Round : 37 | Client :1 | Local Epoch : 4 | [64/497 (14%)]	Loss1: 5.841293 Loss2: 0.000044 
| Global Round : 37 | Client :2 | Local Epoch : 0 | [64/597 (11%)]	Loss1: 5.840932 Loss2: 0.000031 
| Global Round : 37 | Client :2 | Local Epoch : 1 | [64/597 (11%)]	Loss1: 5.839624 Loss2: 0.000027 
| Global Round : 37 | Client :2 | Local Epoch : 2 | [64/597 (11%)]	Loss1: 5.840094 Loss2: 0.000026 
| Global Round : 37 | Client :2 | Local Epoch : 3 | [64/597 (11%)]	Loss1: 5.839933 Loss2: 0.000030 
| Global Round : 37 | Client :2 | Local Epoch : 4 | [64/597 (11%)]	Loss1: 5.839928 Loss2: 0.000026 
| Global Round : 37 | Client :3 | Local Epoch : 0 | [64/605 (11%)]	Loss1: 5.840945 Loss2: 0.000030 
| Global Round : 37 | Client :3 | Local Epoch : 1 | [64/605 (11%)]	Loss1: 5.840019 Loss2: 0.000028 
| Global Round : 37 | Client :3 | Local Epoch : 2 | [64/605 (11%)]	Loss1: 5.840072 Loss2: 0.000024 
| Global Round : 37 | Client :3 | Local Epoch : 3 | [64/605 (11%)]	Loss1: 5.840032 Loss2: 0.000031 
| Global Round : 37 | Client :3 | Local Epoch : 4 | [64/605 (11%)]	Loss1: 5.841009 Loss2: 0.000023 
| Global Round : 37 | Client :4 | Local Epoch : 0 | [64/436 (17%)]	Loss1: 5.838888 Loss2: 0.000042 
| Global Round : 37 | Client :4 | Local Epoch : 1 | [64/436 (17%)]	Loss1: 5.841550 Loss2: 0.000039 
| Global Round : 37 | Client :4 | Local Epoch : 2 | [64/436 (17%)]	Loss1: 5.839026 Loss2: 0.000044 
| Global Round : 37 | Client :4 | Local Epoch : 3 | [64/436 (17%)]	Loss1: 5.839810 Loss2: 0.000039 
| Global Round : 37 | Client :4 | Local Epoch : 4 | [64/436 (17%)]	Loss1: 5.840809 Loss2: 0.000044 
| Global Round : 37 | Client :5 | Local Epoch : 0 | [64/627 (11%)]	Loss1: 5.839630 Loss2: 0.000038 
| Global Round : 37 | Client :5 | Local Epoch : 1 | [64/627 (11%)]	Loss1: 5.839462 Loss2: 0.000032 
| Global Round : 37 | Client :5 | Local Epoch : 2 | [64/627 (11%)]	Loss1: 5.839477 Loss2: 0.000035 
| Global Round : 37 | Client :5 | Local Epoch : 3 | [64/627 (11%)]	Loss1: 5.840063 Loss2: 0.000035 
| Global Round : 37 | Client :5 | Local Epoch : 4 | [64/627 (11%)]	Loss1: 5.839585 Loss2: 0.000037 
| Global Round : 37 | Client :6 | Local Epoch : 0 | [64/571 (12%)]	Loss1: 5.840311 Loss2: 0.000040 
| Global Round : 37 | Client :6 | Local Epoch : 1 | [64/571 (12%)]	Loss1: 5.840423 Loss2: 0.000040 
| Global Round : 37 | Client :6 | Local Epoch : 2 | [64/571 (12%)]	Loss1: 5.840065 Loss2: 0.000041 
| Global Round : 37 | Client :6 | Local Epoch : 3 | [64/571 (12%)]	Loss1: 5.839811 Loss2: 0.000044 
| Global Round : 37 | Client :6 | Local Epoch : 4 | [64/571 (12%)]	Loss1: 5.840113 Loss2: 0.000042 
| Global Round : 37 | Client :7 | Local Epoch : 0 | [64/665 (10%)]	Loss1: 5.841917 Loss2: 0.000044 
| Global Round : 37 | Client :7 | Local Epoch : 1 | [64/665 (10%)]	Loss1: 5.842261 Loss2: 0.000051 
| Global Round : 37 | Client :7 | Local Epoch : 2 | [64/665 (10%)]	Loss1: 5.841654 Loss2: 0.000054 
| Global Round : 37 | Client :7 | Local Epoch : 3 | [64/665 (10%)]	Loss1: 5.840650 Loss2: 0.000053 
| Global Round : 37 | Client :7 | Local Epoch : 4 | [64/665 (10%)]	Loss1: 5.840241 Loss2: 0.000050 
| Global Round : 37 | Client :8 | Local Epoch : 0 | [64/561 (12%)]	Loss1: 5.841785 Loss2: 0.000031 
| Global Round : 37 | Client :8 | Local Epoch : 1 | [64/561 (12%)]	Loss1: 5.839941 Loss2: 0.000032 
| Global Round : 37 | Client :8 | Local Epoch : 2 | [64/561 (12%)]	Loss1: 5.839697 Loss2: 0.000027 
| Global Round : 37 | Client :8 | Local Epoch : 3 | [64/561 (12%)]	Loss1: 5.840694 Loss2: 0.000034 
| Global Round : 37 | Client :8 | Local Epoch : 4 | [64/561 (12%)]	Loss1: 5.839613 Loss2: 0.000030 
| Global Round : 37 | Client :9 | Local Epoch : 0 | [64/811 (8%)]	Loss1: 5.840501 Loss2: 0.000032 
| Global Round : 37 | Client :9 | Local Epoch : 0 | [704/811 (92%)]	Loss1: 5.839476 Loss2: 0.000026 
| Global Round : 37 | Client :9 | Local Epoch : 1 | [64/811 (8%)]	Loss1: 5.841215 Loss2: 0.000024 
| Global Round : 37 | Client :9 | Local Epoch : 1 | [704/811 (92%)]	Loss1: 5.839375 Loss2: 0.000022 
| Global Round : 37 | Client :9 | Local Epoch : 2 | [64/811 (8%)]	Loss1: 5.839797 Loss2: 0.000022 
| Global Round : 37 | Client :9 | Local Epoch : 2 | [704/811 (92%)]	Loss1: 5.840565 Loss2: 0.000031 
| Global Round : 37 | Client :9 | Local Epoch : 3 | [64/811 (8%)]	Loss1: 5.839771 Loss2: 0.000022 
| Global Round : 37 | Client :9 | Local Epoch : 3 | [704/811 (92%)]	Loss1: 5.839811 Loss2: 0.000032 
| Global Round : 37 | Client :9 | Local Epoch : 4 | [64/811 (8%)]	Loss1: 5.840971 Loss2: 0.000024 
| Global Round : 37 | Client :9 | Local Epoch : 4 | [704/811 (92%)]	Loss1: 5.840359 Loss2: 0.000026 
average loss:   5.83845878445913
average local test accuracy: 0.851953125
average global test accuracy:  0.544140625

 | Global Training Round : 38 |

xi_k [0.4900313  0.48014759 0.51383521 0.50706972 0.4691343  0.48916787
 0.47753185 0.51262895 0.48605077 0.50432835]
max_exp: -1.0
coe: 10
Regulation [0.8 0.8 0.8 0.8 0.8 0.8 0.8 0.8 0.8 0.8]
Solver status: optimal_inaccurate
b_new: [1. 1. 1. 1. 1. 1. 1. 1. 1. 1.]
Iter 0: obj=48.8993, best_obj=48.8993, ||b_new-b_prev||₂=2.846050
xi_k [0.4900313  0.48014759 0.51383521 0.50706972 0.4691343  0.48916787
 0.47753185 0.51262895 0.48605077 0.50432835]
max_exp: -1.0
coe: 10
Regulation [-1. -1. -1. -1. -1. -1. -1. -1. -1. -1.]
Solver status: optimal_inaccurate
b_new: [1. 1. 1. 1. 1. 1. 1. 1. 1. 1.]
Iter 1: obj=49.7993, best_obj=49.7993, ||b_new-b_prev||₂=0.000000
Converged.
Final b: [1. 1. 1. 1. 1. 1. 1. 1. 1. 1.]
<class 'numpy.ndarray'>
b_float: [1. 1. 1. 1. 1. 1. 1. 1. 1. 1.]
b: [1 1 1 1 1 1 1 1 1 1]
active_clients:  [0, 1, 2, 3, 4, 5, 6, 7, 8, 9]
Client 0's s_k are:[0 1 0 0 0 1 0 0 0 0]
Client 1's s_k are:[1 0 1 1 1 1 1 1 1 0]
Client 2's s_k are:[1 0 0 0 1 0 0 0 0 0]
Client 3's s_k are:[0 1 0 0 0 0 0 1 0 1]
Client 4's s_k are:[1 1 1 0 0 0 1 1 1 1]
Client 5's s_k are:[1 1 0 0 1 0 1 0 1 1]
Client 6's s_k are:[0 1 1 0 0 0 0 0 0 0]
Client 7's s_k are:[0 1 1 1 1 1 0 0 1 1]
Client 8's s_k are:[0 1 0 0 0 0 0 0 0 0]
Client 9's s_k are:[1 1 1 0 0 0 0 1 0 0]
| Global Round : 38 | Client :0 | Local Epoch : 0 | [64/626 (11%)]	Loss1: 5.840838 Loss2: 0.000035 
| Global Round : 38 | Client :0 | Local Epoch : 1 | [64/626 (11%)]	Loss1: 5.841767 Loss2: 0.000042 
| Global Round : 38 | Client :0 | Local Epoch : 2 | [64/626 (11%)]	Loss1: 5.840201 Loss2: 0.000041 
| Global Round : 38 | Client :0 | Local Epoch : 3 | [64/626 (11%)]	Loss1: 5.841391 Loss2: 0.000036 
| Global Round : 38 | Client :0 | Local Epoch : 4 | [64/626 (11%)]	Loss1: 5.840864 Loss2: 0.000041 
| Global Round : 38 | Client :1 | Local Epoch : 0 | [64/497 (14%)]	Loss1: 5.841573 Loss2: 0.000039 
| Global Round : 38 | Client :1 | Local Epoch : 1 | [64/497 (14%)]	Loss1: 5.841739 Loss2: 0.000040 
| Global Round : 38 | Client :1 | Local Epoch : 2 | [64/497 (14%)]	Loss1: 5.840561 Loss2: 0.000037 
| Global Round : 38 | Client :1 | Local Epoch : 3 | [64/497 (14%)]	Loss1: 5.839749 Loss2: 0.000038 
| Global Round : 38 | Client :1 | Local Epoch : 4 | [64/497 (14%)]	Loss1: 5.841991 Loss2: 0.000044 
| Global Round : 38 | Client :2 | Local Epoch : 0 | [64/597 (11%)]	Loss1: 5.839548 Loss2: 0.000045 
| Global Round : 38 | Client :2 | Local Epoch : 1 | [64/597 (11%)]	Loss1: 5.839887 Loss2: 0.000054 
| Global Round : 38 | Client :2 | Local Epoch : 2 | [64/597 (11%)]	Loss1: 5.841244 Loss2: 0.000046 
| Global Round : 38 | Client :2 | Local Epoch : 3 | [64/597 (11%)]	Loss1: 5.839757 Loss2: 0.000049 
| Global Round : 38 | Client :2 | Local Epoch : 4 | [64/597 (11%)]	Loss1: 5.839554 Loss2: 0.000051 
| Global Round : 38 | Client :3 | Local Epoch : 0 | [64/605 (11%)]	Loss1: 5.840783 Loss2: 0.000027 
| Global Round : 38 | Client :3 | Local Epoch : 1 | [64/605 (11%)]	Loss1: 5.840749 Loss2: 0.000029 
| Global Round : 38 | Client :3 | Local Epoch : 2 | [64/605 (11%)]	Loss1: 5.841033 Loss2: 0.000029 
| Global Round : 38 | Client :3 | Local Epoch : 3 | [64/605 (11%)]	Loss1: 5.841515 Loss2: 0.000026 
| Global Round : 38 | Client :3 | Local Epoch : 4 | [64/605 (11%)]	Loss1: 5.840312 Loss2: 0.000027 
| Global Round : 38 | Client :4 | Local Epoch : 0 | [64/436 (17%)]	Loss1: 5.840620 Loss2: 0.000039 
| Global Round : 38 | Client :4 | Local Epoch : 1 | [64/436 (17%)]	Loss1: 5.840304 Loss2: 0.000043 
| Global Round : 38 | Client :4 | Local Epoch : 2 | [64/436 (17%)]	Loss1: 5.839507 Loss2: 0.000040 
| Global Round : 38 | Client :4 | Local Epoch : 3 | [64/436 (17%)]	Loss1: 5.839987 Loss2: 0.000039 
| Global Round : 38 | Client :4 | Local Epoch : 4 | [64/436 (17%)]	Loss1: 5.841220 Loss2: 0.000038 
| Global Round : 38 | Client :5 | Local Epoch : 0 | [64/627 (11%)]	Loss1: 5.839660 Loss2: 0.000040 
| Global Round : 38 | Client :5 | Local Epoch : 1 | [64/627 (11%)]	Loss1: 5.840905 Loss2: 0.000039 
| Global Round : 38 | Client :5 | Local Epoch : 2 | [64/627 (11%)]	Loss1: 5.839382 Loss2: 0.000042 
| Global Round : 38 | Client :5 | Local Epoch : 3 | [64/627 (11%)]	Loss1: 5.838909 Loss2: 0.000041 
| Global Round : 38 | Client :5 | Local Epoch : 4 | [64/627 (11%)]	Loss1: 5.839457 Loss2: 0.000040 
| Global Round : 38 | Client :6 | Local Epoch : 0 | [64/571 (12%)]	Loss1: 5.839910 Loss2: 0.000021 
| Global Round : 38 | Client :6 | Local Epoch : 1 | [64/571 (12%)]	Loss1: 5.839338 Loss2: 0.000027 
| Global Round : 38 | Client :6 | Local Epoch : 2 | [64/571 (12%)]	Loss1: 5.839552 Loss2: 0.000027 
| Global Round : 38 | Client :6 | Local Epoch : 3 | [64/571 (12%)]	Loss1: 5.839990 Loss2: 0.000026 
| Global Round : 38 | Client :6 | Local Epoch : 4 | [64/571 (12%)]	Loss1: 5.840781 Loss2: 0.000025 
| Global Round : 38 | Client :7 | Local Epoch : 0 | [64/665 (10%)]	Loss1: 5.840540 Loss2: 0.000025 
| Global Round : 38 | Client :7 | Local Epoch : 1 | [64/665 (10%)]	Loss1: 5.840547 Loss2: 0.000028 
| Global Round : 38 | Client :7 | Local Epoch : 2 | [64/665 (10%)]	Loss1: 5.840311 Loss2: 0.000027 
| Global Round : 38 | Client :7 | Local Epoch : 3 | [64/665 (10%)]	Loss1: 5.840745 Loss2: 0.000028 
| Global Round : 38 | Client :7 | Local Epoch : 4 | [64/665 (10%)]	Loss1: 5.840806 Loss2: 0.000018 
| Global Round : 38 | Client :8 | Local Epoch : 0 | [64/561 (12%)]	Loss1: 5.840293 Loss2: 0.000052 
| Global Round : 38 | Client :8 | Local Epoch : 1 | [64/561 (12%)]	Loss1: 5.839925 Loss2: 0.000052 
| Global Round : 38 | Client :8 | Local Epoch : 2 | [64/561 (12%)]	Loss1: 5.839498 Loss2: 0.000063 
| Global Round : 38 | Client :8 | Local Epoch : 3 | [64/561 (12%)]	Loss1: 5.839625 Loss2: 0.000057 
| Global Round : 38 | Client :8 | Local Epoch : 4 | [64/561 (12%)]	Loss1: 5.839907 Loss2: 0.000058 
| Global Round : 38 | Client :9 | Local Epoch : 0 | [64/811 (8%)]	Loss1: 5.838863 Loss2: 0.000027 
| Global Round : 38 | Client :9 | Local Epoch : 0 | [704/811 (92%)]	Loss1: 5.841353 Loss2: 0.000036 
| Global Round : 38 | Client :9 | Local Epoch : 1 | [64/811 (8%)]	Loss1: 5.839365 Loss2: 0.000031 
| Global Round : 38 | Client :9 | Local Epoch : 1 | [704/811 (92%)]	Loss1: 5.839434 Loss2: 0.000031 
| Global Round : 38 | Client :9 | Local Epoch : 2 | [64/811 (8%)]	Loss1: 5.839160 Loss2: 0.000022 
| Global Round : 38 | Client :9 | Local Epoch : 2 | [704/811 (92%)]	Loss1: 5.840565 Loss2: 0.000031 
| Global Round : 38 | Client :9 | Local Epoch : 3 | [64/811 (8%)]	Loss1: 5.840195 Loss2: 0.000024 
| Global Round : 38 | Client :9 | Local Epoch : 3 | [704/811 (92%)]	Loss1: 5.840363 Loss2: 0.000033 
| Global Round : 38 | Client :9 | Local Epoch : 4 | [64/811 (8%)]	Loss1: 5.839286 Loss2: 0.000028 
| Global Round : 38 | Client :9 | Local Epoch : 4 | [704/811 (92%)]	Loss1: 5.840469 Loss2: 0.000031 
average loss:   5.838428321679434
average local test accuracy: 0.8513020833333332
average global test accuracy:  0.5373697916666667

 | Global Training Round : 39 |

xi_k [0.49003992 0.48015008 0.51379212 0.50705431 0.46909785 0.48918458
 0.47752609 0.51262784 0.48603256 0.5043414 ]
max_exp: -1.0
coe: 10
Regulation [0.8 0.8 0.8 0.8 0.8 0.8 0.8 0.8 0.8 0.8]
Solver status: optimal_inaccurate
b_new: [1. 1. 1. 1. 1. 1. 1. 1. 1. 1.]
Iter 0: obj=48.8985, best_obj=48.8985, ||b_new-b_prev||₂=2.846050
xi_k [0.49003992 0.48015008 0.51379212 0.50705431 0.46909785 0.48918458
 0.47752609 0.51262784 0.48603256 0.5043414 ]
max_exp: -1.0
coe: 10
Regulation [-1. -1. -1. -1. -1. -1. -1. -1. -1. -1.]
Solver status: optimal_inaccurate
b_new: [1. 1. 1. 1. 1. 1. 1. 1. 1. 1.]
Iter 1: obj=49.7985, best_obj=49.7985, ||b_new-b_prev||₂=0.000000
Converged.
Final b: [1. 1. 1. 1. 1. 1. 1. 1. 1. 1.]
<class 'numpy.ndarray'>
b_float: [1. 1. 1. 1. 1. 1. 1. 1. 1. 1.]
b: [1 1 1 1 1 1 1 1 1 1]
active_clients:  [0, 1, 2, 3, 4, 5, 6, 7, 8, 9]
Client 0's s_k are:[0 0 1 1 0 1 1 0 1 0]
Client 1's s_k are:[1 0 1 1 0 1 1 0 0 1]
Client 2's s_k are:[0 0 0 0 0 0 0 0 0 1]
Client 3's s_k are:[1 1 1 0 1 1 1 1 1 1]
Client 4's s_k are:[1 1 1 1 0 1 1 1 1 1]
Client 5's s_k are:[1 1 0 0 1 0 1 0 0 0]
Client 6's s_k are:[1 1 1 1 1 1 0 1 1 1]
Client 7's s_k are:[1 1 1 0 0 1 0 0 1 1]
Client 8's s_k are:[1 0 1 0 1 1 1 1 0 1]
Client 9's s_k are:[1 1 0 1 0 1 1 1 1 0]
| Global Round : 39 | Client :0 | Local Epoch : 0 | [64/626 (11%)]	Loss1: 5.840786 Loss2: 0.000034 
| Global Round : 39 | Client :0 | Local Epoch : 1 | [64/626 (11%)]	Loss1: 5.841208 Loss2: 0.000030 
| Global Round : 39 | Client :0 | Local Epoch : 2 | [64/626 (11%)]	Loss1: 5.840477 Loss2: 0.000035 
| Global Round : 39 | Client :0 | Local Epoch : 3 | [64/626 (11%)]	Loss1: 5.840216 Loss2: 0.000031 
| Global Round : 39 | Client :0 | Local Epoch : 4 | [64/626 (11%)]	Loss1: 5.841017 Loss2: 0.000034 
| Global Round : 39 | Client :1 | Local Epoch : 0 | [64/497 (14%)]	Loss1: 5.840620 Loss2: 0.000044 
| Global Round : 39 | Client :1 | Local Epoch : 1 | [64/497 (14%)]	Loss1: 5.841286 Loss2: 0.000046 
| Global Round : 39 | Client :1 | Local Epoch : 2 | [64/497 (14%)]	Loss1: 5.841064 Loss2: 0.000040 
| Global Round : 39 | Client :1 | Local Epoch : 3 | [64/497 (14%)]	Loss1: 5.840639 Loss2: 0.000050 
| Global Round : 39 | Client :1 | Local Epoch : 4 | [64/497 (14%)]	Loss1: 5.841224 Loss2: 0.000040 
| Global Round : 39 | Client :2 | Local Epoch : 0 | [64/597 (11%)]	Loss1: 5.839452 Loss2: 0.000020 
| Global Round : 39 | Client :2 | Local Epoch : 1 | [64/597 (11%)]	Loss1: 5.841403 Loss2: 0.000022 
| Global Round : 39 | Client :2 | Local Epoch : 2 | [64/597 (11%)]	Loss1: 5.839807 Loss2: 0.000020 
| Global Round : 39 | Client :2 | Local Epoch : 3 | [64/597 (11%)]	Loss1: 5.839765 Loss2: 0.000022 
| Global Round : 39 | Client :2 | Local Epoch : 4 | [64/597 (11%)]	Loss1: 5.839482 Loss2: 0.000023 
| Global Round : 39 | Client :3 | Local Epoch : 0 | [64/605 (11%)]	Loss1: 5.840308 Loss2: 0.000020 
| Global Round : 39 | Client :3 | Local Epoch : 1 | [64/605 (11%)]	Loss1: 5.840431 Loss2: 0.000024 
| Global Round : 39 | Client :3 | Local Epoch : 2 | [64/605 (11%)]	Loss1: 5.839799 Loss2: 0.000022 
| Global Round : 39 | Client :3 | Local Epoch : 3 | [64/605 (11%)]	Loss1: 5.840917 Loss2: 0.000026 
| Global Round : 39 | Client :3 | Local Epoch : 4 | [64/605 (11%)]	Loss1: 5.840010 Loss2: 0.000023 
| Global Round : 39 | Client :4 | Local Epoch : 0 | [64/436 (17%)]	Loss1: 5.841045 Loss2: 0.000045 
| Global Round : 39 | Client :4 | Local Epoch : 1 | [64/436 (17%)]	Loss1: 5.840031 Loss2: 0.000041 
| Global Round : 39 | Client :4 | Local Epoch : 2 | [64/436 (17%)]	Loss1: 5.840061 Loss2: 0.000038 
| Global Round : 39 | Client :4 | Local Epoch : 3 | [64/436 (17%)]	Loss1: 5.840358 Loss2: 0.000041 
| Global Round : 39 | Client :4 | Local Epoch : 4 | [64/436 (17%)]	Loss1: 5.840133 Loss2: 0.000041 
| Global Round : 39 | Client :5 | Local Epoch : 0 | [64/627 (11%)]	Loss1: 5.839712 Loss2: 0.000047 
| Global Round : 39 | Client :5 | Local Epoch : 1 | [64/627 (11%)]	Loss1: 5.839073 Loss2: 0.000044 
| Global Round : 39 | Client :5 | Local Epoch : 2 | [64/627 (11%)]	Loss1: 5.839314 Loss2: 0.000046 
| Global Round : 39 | Client :5 | Local Epoch : 3 | [64/627 (11%)]	Loss1: 5.838701 Loss2: 0.000050 
| Global Round : 39 | Client :5 | Local Epoch : 4 | [64/627 (11%)]	Loss1: 5.839379 Loss2: 0.000044 
| Global Round : 39 | Client :6 | Local Epoch : 0 | [64/571 (12%)]	Loss1: 5.839702 Loss2: 0.000026 
| Global Round : 39 | Client :6 | Local Epoch : 1 | [64/571 (12%)]	Loss1: 5.840262 Loss2: 0.000021 
| Global Round : 39 | Client :6 | Local Epoch : 2 | [64/571 (12%)]	Loss1: 5.840028 Loss2: 0.000024 
| Global Round : 39 | Client :6 | Local Epoch : 3 | [64/571 (12%)]	Loss1: 5.840119 Loss2: 0.000026 
| Global Round : 39 | Client :6 | Local Epoch : 4 | [64/571 (12%)]	Loss1: 5.839824 Loss2: 0.000020 
| Global Round : 39 | Client :7 | Local Epoch : 0 | [64/665 (10%)]	Loss1: 5.841486 Loss2: 0.000025 
| Global Round : 39 | Client :7 | Local Epoch : 1 | [64/665 (10%)]	Loss1: 5.841456 Loss2: 0.000027 
| Global Round : 39 | Client :7 | Local Epoch : 2 | [64/665 (10%)]	Loss1: 5.842239 Loss2: 0.000024 
| Global Round : 39 | Client :7 | Local Epoch : 3 | [64/665 (10%)]	Loss1: 5.840734 Loss2: 0.000023 
| Global Round : 39 | Client :7 | Local Epoch : 4 | [64/665 (10%)]	Loss1: 5.839736 Loss2: 0.000029 
| Global Round : 39 | Client :8 | Local Epoch : 0 | [64/561 (12%)]	Loss1: 5.840051 Loss2: 0.000028 
| Global Round : 39 | Client :8 | Local Epoch : 1 | [64/561 (12%)]	Loss1: 5.840328 Loss2: 0.000024 
| Global Round : 39 | Client :8 | Local Epoch : 2 | [64/561 (12%)]	Loss1: 5.840048 Loss2: 0.000025 
| Global Round : 39 | Client :8 | Local Epoch : 3 | [64/561 (12%)]	Loss1: 5.840074 Loss2: 0.000028 
| Global Round : 39 | Client :8 | Local Epoch : 4 | [64/561 (12%)]	Loss1: 5.840093 Loss2: 0.000027 
| Global Round : 39 | Client :9 | Local Epoch : 0 | [64/811 (8%)]	Loss1: 5.839469 Loss2: 0.000021 
| Global Round : 39 | Client :9 | Local Epoch : 0 | [704/811 (92%)]	Loss1: 5.839776 Loss2: 0.000029 
| Global Round : 39 | Client :9 | Local Epoch : 1 | [64/811 (8%)]	Loss1: 5.839358 Loss2: 0.000029 
| Global Round : 39 | Client :9 | Local Epoch : 1 | [704/811 (92%)]	Loss1: 5.839006 Loss2: 0.000029 
| Global Round : 39 | Client :9 | Local Epoch : 2 | [64/811 (8%)]	Loss1: 5.839378 Loss2: 0.000023 
| Global Round : 39 | Client :9 | Local Epoch : 2 | [704/811 (92%)]	Loss1: 5.839620 Loss2: 0.000027 
| Global Round : 39 | Client :9 | Local Epoch : 3 | [64/811 (8%)]	Loss1: 5.840150 Loss2: 0.000025 
| Global Round : 39 | Client :9 | Local Epoch : 3 | [704/811 (92%)]	Loss1: 5.839801 Loss2: 0.000031 
| Global Round : 39 | Client :9 | Local Epoch : 4 | [64/811 (8%)]	Loss1: 5.840044 Loss2: 0.000019 
| Global Round : 39 | Client :9 | Local Epoch : 4 | [704/811 (92%)]	Loss1: 5.841147 Loss2: 0.000030 
average loss:   5.838369050536837
average local test accuracy: 0.8615885416666667
average global test accuracy:  0.5643229166666667

 | Global Training Round : 40 |

xi_k [0.49001182 0.4801117  0.51379938 0.50707239 0.46907279 0.4891738
 0.47751289 0.51264905 0.48602364 0.50433482]
max_exp: -1.0
coe: 10
Regulation [0.8 0.8 0.8 0.8 0.8 0.8 0.8 0.8 0.8 0.8]
Solver status: optimal_inaccurate
b_new: [1. 1. 1. 1. 1. 1. 1. 1. 1. 1.]
Iter 0: obj=48.8976, best_obj=48.8976, ||b_new-b_prev||₂=2.846050
xi_k [0.49001182 0.4801117  0.51379938 0.50707239 0.46907279 0.4891738
 0.47751289 0.51264905 0.48602364 0.50433482]
max_exp: -1.0
coe: 10
Regulation [-1. -1. -1. -1. -1. -1. -1. -1. -1. -1.]
Solver status: optimal_inaccurate
b_new: [1. 1. 1. 1. 1. 1. 1. 1. 1. 1.]
Iter 1: obj=49.7976, best_obj=49.7976, ||b_new-b_prev||₂=0.000000
Converged.
Final b: [1. 1. 1. 1. 1. 1. 1. 1. 1. 1.]
<class 'numpy.ndarray'>
b_float: [1. 1. 1. 1. 1. 1. 1. 1. 1. 1.]
b: [1 1 1 1 1 1 1 1 1 1]
active_clients:  [0, 1, 2, 3, 4, 5, 6, 7, 8, 9]
Client 0's s_k are:[0 1 0 0 0 1 0 0 0 0]
Client 1's s_k are:[0 0 1 1 1 1 1 1 1 1]
Client 2's s_k are:[1 0 0 1 0 1 0 0 0 1]
Client 3's s_k are:[1 1 1 0 1 0 1 0 0 0]
Client 4's s_k are:[0 1 1 1 0 0 0 0 0 0]
Client 5's s_k are:[1 1 1 0 1 0 1 1 1 1]
Client 6's s_k are:[1 0 1 1 0 1 0 1 0 1]
Client 7's s_k are:[1 1 0 1 0 0 0 0 1 1]
Client 8's s_k are:[1 1 1 1 1 0 0 1 0 1]
Client 9's s_k are:[0 0 0 1 0 1 0 0 0 0]
| Global Round : 40 | Client :0 | Local Epoch : 0 | [64/626 (11%)]	Loss1: 5.840019 Loss2: 0.000037 
| Global Round : 40 | Client :0 | Local Epoch : 1 | [64/626 (11%)]	Loss1: 5.840846 Loss2: 0.000037 
| Global Round : 40 | Client :0 | Local Epoch : 2 | [64/626 (11%)]	Loss1: 5.840477 Loss2: 0.000037 
| Global Round : 40 | Client :0 | Local Epoch : 3 | [64/626 (11%)]	Loss1: 5.840995 Loss2: 0.000033 
| Global Round : 40 | Client :0 | Local Epoch : 4 | [64/626 (11%)]	Loss1: 5.840644 Loss2: 0.000040 
| Global Round : 40 | Client :1 | Local Epoch : 0 | [64/497 (14%)]	Loss1: 5.842269 Loss2: 0.000037 
| Global Round : 40 | Client :1 | Local Epoch : 1 | [64/497 (14%)]	Loss1: 5.842203 Loss2: 0.000039 
| Global Round : 40 | Client :1 | Local Epoch : 2 | [64/497 (14%)]	Loss1: 5.841175 Loss2: 0.000042 
| Global Round : 40 | Client :1 | Local Epoch : 3 | [64/497 (14%)]	Loss1: 5.841171 Loss2: 0.000040 
| Global Round : 40 | Client :1 | Local Epoch : 4 | [64/497 (14%)]	Loss1: 5.841629 Loss2: 0.000041 
| Global Round : 40 | Client :2 | Local Epoch : 0 | [64/597 (11%)]	Loss1: 5.839900 Loss2: 0.000019 
| Global Round : 40 | Client :2 | Local Epoch : 1 | [64/597 (11%)]	Loss1: 5.839174 Loss2: 0.000021 
| Global Round : 40 | Client :2 | Local Epoch : 2 | [64/597 (11%)]	Loss1: 5.839749 Loss2: 0.000019 
| Global Round : 40 | Client :2 | Local Epoch : 3 | [64/597 (11%)]	Loss1: 5.839634 Loss2: 0.000018 
| Global Round : 40 | Client :2 | Local Epoch : 4 | [64/597 (11%)]	Loss1: 5.840652 Loss2: 0.000020 
| Global Round : 40 | Client :3 | Local Epoch : 0 | [64/605 (11%)]	Loss1: 5.841249 Loss2: 0.000024 
| Global Round : 40 | Client :3 | Local Epoch : 1 | [64/605 (11%)]	Loss1: 5.839608 Loss2: 0.000029 
| Global Round : 40 | Client :3 | Local Epoch : 2 | [64/605 (11%)]	Loss1: 5.840468 Loss2: 0.000026 
| Global Round : 40 | Client :3 | Local Epoch : 3 | [64/605 (11%)]	Loss1: 5.841903 Loss2: 0.000032 
| Global Round : 40 | Client :3 | Local Epoch : 4 | [64/605 (11%)]	Loss1: 5.840718 Loss2: 0.000026 
| Global Round : 40 | Client :4 | Local Epoch : 0 | [64/436 (17%)]	Loss1: 5.842013 Loss2: 0.000055 
| Global Round : 40 | Client :4 | Local Epoch : 1 | [64/436 (17%)]	Loss1: 5.839836 Loss2: 0.000051 
| Global Round : 40 | Client :4 | Local Epoch : 2 | [64/436 (17%)]	Loss1: 5.839852 Loss2: 0.000049 
| Global Round : 40 | Client :4 | Local Epoch : 3 | [64/436 (17%)]	Loss1: 5.839450 Loss2: 0.000052 
| Global Round : 40 | Client :4 | Local Epoch : 4 | [64/436 (17%)]	Loss1: 5.839964 Loss2: 0.000049 
| Global Round : 40 | Client :5 | Local Epoch : 0 | [64/627 (11%)]	Loss1: 5.839870 Loss2: 0.000034 
| Global Round : 40 | Client :5 | Local Epoch : 1 | [64/627 (11%)]	Loss1: 5.840033 Loss2: 0.000030 
| Global Round : 40 | Client :5 | Local Epoch : 2 | [64/627 (11%)]	Loss1: 5.839578 Loss2: 0.000033 
| Global Round : 40 | Client :5 | Local Epoch : 3 | [64/627 (11%)]	Loss1: 5.839912 Loss2: 0.000031 
| Global Round : 40 | Client :5 | Local Epoch : 4 | [64/627 (11%)]	Loss1: 5.839207 Loss2: 0.000034 
| Global Round : 40 | Client :6 | Local Epoch : 0 | [64/571 (12%)]	Loss1: 5.840058 Loss2: 0.000026 
| Global Round : 40 | Client :6 | Local Epoch : 1 | [64/571 (12%)]	Loss1: 5.840050 Loss2: 0.000024 
| Global Round : 40 | Client :6 | Local Epoch : 2 | [64/571 (12%)]	Loss1: 5.839785 Loss2: 0.000024 
| Global Round : 40 | Client :6 | Local Epoch : 3 | [64/571 (12%)]	Loss1: 5.839780 Loss2: 0.000023 
| Global Round : 40 | Client :6 | Local Epoch : 4 | [64/571 (12%)]	Loss1: 5.839715 Loss2: 0.000029 
| Global Round : 40 | Client :7 | Local Epoch : 0 | [64/665 (10%)]	Loss1: 5.841245 Loss2: 0.000023 
| Global Round : 40 | Client :7 | Local Epoch : 1 | [64/665 (10%)]	Loss1: 5.840566 Loss2: 0.000024 
| Global Round : 40 | Client :7 | Local Epoch : 2 | [64/665 (10%)]	Loss1: 5.842619 Loss2: 0.000029 
| Global Round : 40 | Client :7 | Local Epoch : 3 | [64/665 (10%)]	Loss1: 5.840366 Loss2: 0.000023 
| Global Round : 40 | Client :7 | Local Epoch : 4 | [64/665 (10%)]	Loss1: 5.841594 Loss2: 0.000026 
| Global Round : 40 | Client :8 | Local Epoch : 0 | [64/561 (12%)]	Loss1: 5.840249 Loss2: 0.000028 
| Global Round : 40 | Client :8 | Local Epoch : 1 | [64/561 (12%)]	Loss1: 5.840300 Loss2: 0.000032 
| Global Round : 40 | Client :8 | Local Epoch : 2 | [64/561 (12%)]	Loss1: 5.839850 Loss2: 0.000029 
| Global Round : 40 | Client :8 | Local Epoch : 3 | [64/561 (12%)]	Loss1: 5.839473 Loss2: 0.000027 
| Global Round : 40 | Client :8 | Local Epoch : 4 | [64/561 (12%)]	Loss1: 5.840141 Loss2: 0.000030 
| Global Round : 40 | Client :9 | Local Epoch : 0 | [64/811 (8%)]	Loss1: 5.839572 Loss2: 0.000026 
| Global Round : 40 | Client :9 | Local Epoch : 0 | [704/811 (92%)]	Loss1: 5.840706 Loss2: 0.000038 
| Global Round : 40 | Client :9 | Local Epoch : 1 | [64/811 (8%)]	Loss1: 5.840016 Loss2: 0.000032 
| Global Round : 40 | Client :9 | Local Epoch : 1 | [704/811 (92%)]	Loss1: 5.840600 Loss2: 0.000032 
| Global Round : 40 | Client :9 | Local Epoch : 2 | [64/811 (8%)]	Loss1: 5.840845 Loss2: 0.000036 
| Global Round : 40 | Client :9 | Local Epoch : 2 | [704/811 (92%)]	Loss1: 5.840644 Loss2: 0.000038 
| Global Round : 40 | Client :9 | Local Epoch : 3 | [64/811 (8%)]	Loss1: 5.840085 Loss2: 0.000031 
| Global Round : 40 | Client :9 | Local Epoch : 3 | [704/811 (92%)]	Loss1: 5.839559 Loss2: 0.000037 
| Global Round : 40 | Client :9 | Local Epoch : 4 | [64/811 (8%)]	Loss1: 5.840076 Loss2: 0.000034 
| Global Round : 40 | Client :9 | Local Epoch : 4 | [704/811 (92%)]	Loss1: 5.839101 Loss2: 0.000038 
average loss:   5.838401736777927
average local test accuracy: 0.8479166666666668
average global test accuracy:  0.5726562500000001

 | Global Training Round : 41 |

xi_k [0.49000734 0.48012835 0.513836   0.50707416 0.46907897 0.48921812
 0.47752827 0.5125973  0.48600887 0.50432434]
max_exp: -1.0
coe: 10
Regulation [0.8 0.8 0.8 0.8 0.8 0.8 0.8 0.8 0.8 0.8]
Solver status: optimal_inaccurate
b_new: [1. 1. 1. 1. 1. 1. 1. 1. 1. 1.]
Iter 0: obj=48.8980, best_obj=48.8980, ||b_new-b_prev||₂=2.846050
xi_k [0.49000734 0.48012835 0.513836   0.50707416 0.46907897 0.48921812
 0.47752827 0.5125973  0.48600887 0.50432434]
max_exp: -1.0
coe: 10
Regulation [-1. -1. -1. -1. -1. -1. -1. -1. -1. -1.]
Solver status: optimal_inaccurate
b_new: [1. 1. 1. 1. 1. 1. 1. 1. 1. 1.]
Iter 1: obj=49.7980, best_obj=49.7980, ||b_new-b_prev||₂=0.000000
Converged.
Final b: [1. 1. 1. 1. 1. 1. 1. 1. 1. 1.]
<class 'numpy.ndarray'>
b_float: [1. 1. 1. 1. 1. 1. 1. 1. 1. 1.]
b: [1 1 1 1 1 1 1 1 1 1]
active_clients:  [0, 1, 2, 3, 4, 5, 6, 7, 8, 9]
Client 0's s_k are:[0 0 0 0 0 0 0 0 0 1]
Client 1's s_k are:[1 0 1 0 1 1 1 1 1 0]
Client 2's s_k are:[1 1 0 1 1 1 1 1 1 1]
Client 3's s_k are:[0 1 0 0 1 0 0 0 0 1]
Client 4's s_k are:[1 1 0 0 0 1 0 0 0 0]
Client 5's s_k are:[0 0 0 1 0 0 0 0 1 0]
Client 6's s_k are:[0 1 0 1 1 1 0 1 1 1]
Client 7's s_k are:[0 0 1 0 1 0 1 0 0 1]
Client 8's s_k are:[1 1 1 0 1 1 1 1 0 1]
Client 9's s_k are:[0 0 0 1 0 0 0 0 0 0]
| Global Round : 41 | Client :0 | Local Epoch : 0 | [64/626 (11%)]	Loss1: 5.839532 Loss2: 0.000045 
| Global Round : 41 | Client :0 | Local Epoch : 1 | [64/626 (11%)]	Loss1: 5.840731 Loss2: 0.000048 
| Global Round : 41 | Client :0 | Local Epoch : 2 | [64/626 (11%)]	Loss1: 5.840171 Loss2: 0.000044 
| Global Round : 41 | Client :0 | Local Epoch : 3 | [64/626 (11%)]	Loss1: 5.840479 Loss2: 0.000043 
| Global Round : 41 | Client :0 | Local Epoch : 4 | [64/626 (11%)]	Loss1: 5.839780 Loss2: 0.000047 
| Global Round : 41 | Client :1 | Local Epoch : 0 | [64/497 (14%)]	Loss1: 5.841616 Loss2: 0.000037 
| Global Round : 41 | Client :1 | Local Epoch : 1 | [64/497 (14%)]	Loss1: 5.839797 Loss2: 0.000038 
| Global Round : 41 | Client :1 | Local Epoch : 2 | [64/497 (14%)]	Loss1: 5.841096 Loss2: 0.000041 
| Global Round : 41 | Client :1 | Local Epoch : 3 | [64/497 (14%)]	Loss1: 5.841033 Loss2: 0.000036 
| Global Round : 41 | Client :1 | Local Epoch : 4 | [64/497 (14%)]	Loss1: 5.840182 Loss2: 0.000041 
| Global Round : 41 | Client :2 | Local Epoch : 0 | [64/597 (11%)]	Loss1: 5.840296 Loss2: 0.000022 
| Global Round : 41 | Client :2 | Local Epoch : 1 | [64/597 (11%)]	Loss1: 5.839819 Loss2: 0.000023 
| Global Round : 41 | Client :2 | Local Epoch : 2 | [64/597 (11%)]	Loss1: 5.840575 Loss2: 0.000023 
| Global Round : 41 | Client :2 | Local Epoch : 3 | [64/597 (11%)]	Loss1: 5.839420 Loss2: 0.000027 
| Global Round : 41 | Client :2 | Local Epoch : 4 | [64/597 (11%)]	Loss1: 5.839489 Loss2: 0.000024 
| Global Round : 41 | Client :3 | Local Epoch : 0 | [64/605 (11%)]	Loss1: 5.840034 Loss2: 0.000031 
| Global Round : 41 | Client :3 | Local Epoch : 1 | [64/605 (11%)]	Loss1: 5.840621 Loss2: 0.000037 
| Global Round : 41 | Client :3 | Local Epoch : 2 | [64/605 (11%)]	Loss1: 5.839981 Loss2: 0.000029 
| Global Round : 41 | Client :3 | Local Epoch : 3 | [64/605 (11%)]	Loss1: 5.840899 Loss2: 0.000034 
| Global Round : 41 | Client :3 | Local Epoch : 4 | [64/605 (11%)]	Loss1: 5.840541 Loss2: 0.000032 
| Global Round : 41 | Client :4 | Local Epoch : 0 | [64/436 (17%)]	Loss1: 5.839620 Loss2: 0.000035 
| Global Round : 41 | Client :4 | Local Epoch : 1 | [64/436 (17%)]	Loss1: 5.839086 Loss2: 0.000038 
| Global Round : 41 | Client :4 | Local Epoch : 2 | [64/436 (17%)]	Loss1: 5.840538 Loss2: 0.000037 
| Global Round : 41 | Client :4 | Local Epoch : 3 | [64/436 (17%)]	Loss1: 5.840739 Loss2: 0.000045 
| Global Round : 41 | Client :4 | Local Epoch : 4 | [64/436 (17%)]	Loss1: 5.840042 Loss2: 0.000038 
| Global Round : 41 | Client :5 | Local Epoch : 0 | [64/627 (11%)]	Loss1: 5.839071 Loss2: 0.000029 
| Global Round : 41 | Client :5 | Local Epoch : 1 | [64/627 (11%)]	Loss1: 5.839612 Loss2: 0.000030 
| Global Round : 41 | Client :5 | Local Epoch : 2 | [64/627 (11%)]	Loss1: 5.839719 Loss2: 0.000029 
| Global Round : 41 | Client :5 | Local Epoch : 3 | [64/627 (11%)]	Loss1: 5.838907 Loss2: 0.000031 
| Global Round : 41 | Client :5 | Local Epoch : 4 | [64/627 (11%)]	Loss1: 5.839217 Loss2: 0.000026 
| Global Round : 41 | Client :6 | Local Epoch : 0 | [64/571 (12%)]	Loss1: 5.839698 Loss2: 0.000027 
| Global Round : 41 | Client :6 | Local Epoch : 1 | [64/571 (12%)]	Loss1: 5.839417 Loss2: 0.000023 
| Global Round : 41 | Client :6 | Local Epoch : 2 | [64/571 (12%)]	Loss1: 5.839513 Loss2: 0.000026 
| Global Round : 41 | Client :6 | Local Epoch : 3 | [64/571 (12%)]	Loss1: 5.840278 Loss2: 0.000029 
| Global Round : 41 | Client :6 | Local Epoch : 4 | [64/571 (12%)]	Loss1: 5.839509 Loss2: 0.000027 
| Global Round : 41 | Client :7 | Local Epoch : 0 | [64/665 (10%)]	Loss1: 5.840503 Loss2: 0.000025 
| Global Round : 41 | Client :7 | Local Epoch : 1 | [64/665 (10%)]	Loss1: 5.840230 Loss2: 0.000023 
| Global Round : 41 | Client :7 | Local Epoch : 2 | [64/665 (10%)]	Loss1: 5.841115 Loss2: 0.000024 
| Global Round : 41 | Client :7 | Local Epoch : 3 | [64/665 (10%)]	Loss1: 5.840996 Loss2: 0.000026 
| Global Round : 41 | Client :7 | Local Epoch : 4 | [64/665 (10%)]	Loss1: 5.839427 Loss2: 0.000024 
| Global Round : 41 | Client :8 | Local Epoch : 0 | [64/561 (12%)]	Loss1: 5.840412 Loss2: 0.000030 
| Global Round : 41 | Client :8 | Local Epoch : 1 | [64/561 (12%)]	Loss1: 5.840120 Loss2: 0.000026 
| Global Round : 41 | Client :8 | Local Epoch : 2 | [64/561 (12%)]	Loss1: 5.840282 Loss2: 0.000027 
| Global Round : 41 | Client :8 | Local Epoch : 3 | [64/561 (12%)]	Loss1: 5.840553 Loss2: 0.000029 
| Global Round : 41 | Client :8 | Local Epoch : 4 | [64/561 (12%)]	Loss1: 5.840413 Loss2: 0.000030 
| Global Round : 41 | Client :9 | Local Epoch : 0 | [64/811 (8%)]	Loss1: 5.840835 Loss2: 0.000034 
| Global Round : 41 | Client :9 | Local Epoch : 0 | [704/811 (92%)]	Loss1: 5.840002 Loss2: 0.000035 
| Global Round : 41 | Client :9 | Local Epoch : 1 | [64/811 (8%)]	Loss1: 5.839174 Loss2: 0.000036 
| Global Round : 41 | Client :9 | Local Epoch : 1 | [704/811 (92%)]	Loss1: 5.839439 Loss2: 0.000033 
| Global Round : 41 | Client :9 | Local Epoch : 2 | [64/811 (8%)]	Loss1: 5.839331 Loss2: 0.000033 
| Global Round : 41 | Client :9 | Local Epoch : 2 | [704/811 (92%)]	Loss1: 5.839433 Loss2: 0.000045 
| Global Round : 41 | Client :9 | Local Epoch : 3 | [64/811 (8%)]	Loss1: 5.841173 Loss2: 0.000037 
| Global Round : 41 | Client :9 | Local Epoch : 3 | [704/811 (92%)]	Loss1: 5.840140 Loss2: 0.000036 
| Global Round : 41 | Client :9 | Local Epoch : 4 | [64/811 (8%)]	Loss1: 5.839842 Loss2: 0.000039 
| Global Round : 41 | Client :9 | Local Epoch : 4 | [704/811 (92%)]	Loss1: 5.840967 Loss2: 0.000040 
average loss:   5.838434013222891
average local test accuracy: 0.8520833333333332
average global test accuracy:  0.5466145833333333

 | Global Training Round : 42 |

xi_k [0.49003703 0.48012494 0.51380851 0.5070797  0.46906927 0.48918616
 0.47750544 0.51261852 0.4860748  0.50432571]
max_exp: -1.0
coe: 10
Regulation [0.8 0.8 0.8 0.8 0.8 0.8 0.8 0.8 0.8 0.8]
Solver status: optimal_inaccurate
b_new: [1. 1. 1. 1. 1. 1. 1. 1. 1. 1.]
Iter 0: obj=48.8983, best_obj=48.8983, ||b_new-b_prev||₂=2.846050
xi_k [0.49003703 0.48012494 0.51380851 0.5070797  0.46906927 0.48918616
 0.47750544 0.51261852 0.4860748  0.50432571]
max_exp: -1.0
coe: 10
Regulation [-1. -1. -1. -1. -1. -1. -1. -1. -1. -1.]
Solver status: optimal_inaccurate
b_new: [1. 1. 1. 1. 1. 1. 1. 1. 1. 1.]
Iter 1: obj=49.7983, best_obj=49.7983, ||b_new-b_prev||₂=0.000000
Converged.
Final b: [1. 1. 1. 1. 1. 1. 1. 1. 1. 1.]
<class 'numpy.ndarray'>
b_float: [1. 1. 1. 1. 1. 1. 1. 1. 1. 1.]
b: [1 1 1 1 1 1 1 1 1 1]
active_clients:  [0, 1, 2, 3, 4, 5, 6, 7, 8, 9]
Client 0's s_k are:[0 1 0 0 0 1 0 1 1 1]
Client 1's s_k are:[1 0 0 0 1 1 1 1 1 0]
Client 2's s_k are:[1 1 0 1 1 1 1 1 0 1]
Client 3's s_k are:[1 1 0 0 1 1 0 1 1 0]
Client 4's s_k are:[0 0 0 1 0 0 0 0 0 0]
Client 5's s_k are:[0 0 0 0 0 0 1 0 0 1]
Client 6's s_k are:[1 0 0 0 0 0 0 0 0 0]
Client 7's s_k are:[1 1 1 0 0 0 0 0 0 1]
Client 8's s_k are:[0 1 0 0 1 1 1 1 0 0]
Client 9's s_k are:[1 0 0 0 0 1 0 0 0 0]
| Global Round : 42 | Client :0 | Local Epoch : 0 | [64/626 (11%)]	Loss1: 5.840131 Loss2: 0.000031 
| Global Round : 42 | Client :0 | Local Epoch : 1 | [64/626 (11%)]	Loss1: 5.840651 Loss2: 0.000026 
| Global Round : 42 | Client :0 | Local Epoch : 2 | [64/626 (11%)]	Loss1: 5.841076 Loss2: 0.000030 
| Global Round : 42 | Client :0 | Local Epoch : 3 | [64/626 (11%)]	Loss1: 5.840030 Loss2: 0.000031 
| Global Round : 42 | Client :0 | Local Epoch : 4 | [64/626 (11%)]	Loss1: 5.840546 Loss2: 0.000029 
| Global Round : 42 | Client :1 | Local Epoch : 0 | [64/497 (14%)]	Loss1: 5.841885 Loss2: 0.000043 
| Global Round : 42 | Client :1 | Local Epoch : 1 | [64/497 (14%)]	Loss1: 5.841667 Loss2: 0.000039 
| Global Round : 42 | Client :1 | Local Epoch : 2 | [64/497 (14%)]	Loss1: 5.839708 Loss2: 0.000038 
| Global Round : 42 | Client :1 | Local Epoch : 3 | [64/497 (14%)]	Loss1: 5.840488 Loss2: 0.000042 
| Global Round : 42 | Client :1 | Local Epoch : 4 | [64/497 (14%)]	Loss1: 5.840467 Loss2: 0.000043 
| Global Round : 42 | Client :2 | Local Epoch : 0 | [64/597 (11%)]	Loss1: 5.839274 Loss2: 0.000024 
| Global Round : 42 | Client :2 | Local Epoch : 1 | [64/597 (11%)]	Loss1: 5.840530 Loss2: 0.000024 
| Global Round : 42 | Client :2 | Local Epoch : 2 | [64/597 (11%)]	Loss1: 5.839652 Loss2: 0.000022 
| Global Round : 42 | Client :2 | Local Epoch : 3 | [64/597 (11%)]	Loss1: 5.841049 Loss2: 0.000022 
| Global Round : 42 | Client :2 | Local Epoch : 4 | [64/597 (11%)]	Loss1: 5.839280 Loss2: 0.000026 
| Global Round : 42 | Client :3 | Local Epoch : 0 | [64/605 (11%)]	Loss1: 5.839727 Loss2: 0.000026 
| Global Round : 42 | Client :3 | Local Epoch : 1 | [64/605 (11%)]	Loss1: 5.840623 Loss2: 0.000028 
| Global Round : 42 | Client :3 | Local Epoch : 2 | [64/605 (11%)]	Loss1: 5.841598 Loss2: 0.000027 
| Global Round : 42 | Client :3 | Local Epoch : 3 | [64/605 (11%)]	Loss1: 5.840343 Loss2: 0.000027 
| Global Round : 42 | Client :3 | Local Epoch : 4 | [64/605 (11%)]	Loss1: 5.841115 Loss2: 0.000028 
| Global Round : 42 | Client :4 | Local Epoch : 0 | [64/436 (17%)]	Loss1: 5.841648 Loss2: 0.000070 
| Global Round : 42 | Client :4 | Local Epoch : 1 | [64/436 (17%)]	Loss1: 5.841156 Loss2: 0.000064 
| Global Round : 42 | Client :4 | Local Epoch : 2 | [64/436 (17%)]	Loss1: 5.840411 Loss2: 0.000066 
| Global Round : 42 | Client :4 | Local Epoch : 3 | [64/436 (17%)]	Loss1: 5.840263 Loss2: 0.000068 
| Global Round : 42 | Client :4 | Local Epoch : 4 | [64/436 (17%)]	Loss1: 5.839318 Loss2: 0.000067 
| Global Round : 42 | Client :5 | Local Epoch : 0 | [64/627 (11%)]	Loss1: 5.839917 Loss2: 0.000036 
| Global Round : 42 | Client :5 | Local Epoch : 1 | [64/627 (11%)]	Loss1: 5.839203 Loss2: 0.000036 
| Global Round : 42 | Client :5 | Local Epoch : 2 | [64/627 (11%)]	Loss1: 5.838633 Loss2: 0.000033 
| Global Round : 42 | Client :5 | Local Epoch : 3 | [64/627 (11%)]	Loss1: 5.839640 Loss2: 0.000039 
| Global Round : 42 | Client :5 | Local Epoch : 4 | [64/627 (11%)]	Loss1: 5.839168 Loss2: 0.000036 
| Global Round : 42 | Client :6 | Local Epoch : 0 | [64/571 (12%)]	Loss1: 5.839438 Loss2: 0.000030 
| Global Round : 42 | Client :6 | Local Epoch : 1 | [64/571 (12%)]	Loss1: 5.840197 Loss2: 0.000032 
| Global Round : 42 | Client :6 | Local Epoch : 2 | [64/571 (12%)]	Loss1: 5.840834 Loss2: 0.000027 
| Global Round : 42 | Client :6 | Local Epoch : 3 | [64/571 (12%)]	Loss1: 5.839149 Loss2: 0.000030 
| Global Round : 42 | Client :6 | Local Epoch : 4 | [64/571 (12%)]	Loss1: 5.839066 Loss2: 0.000029 
| Global Round : 42 | Client :7 | Local Epoch : 0 | [64/665 (10%)]	Loss1: 5.841089 Loss2: 0.000024 
| Global Round : 42 | Client :7 | Local Epoch : 1 | [64/665 (10%)]	Loss1: 5.839651 Loss2: 0.000025 
| Global Round : 42 | Client :7 | Local Epoch : 2 | [64/665 (10%)]	Loss1: 5.840485 Loss2: 0.000026 
| Global Round : 42 | Client :7 | Local Epoch : 3 | [64/665 (10%)]	Loss1: 5.840832 Loss2: 0.000025 
| Global Round : 42 | Client :7 | Local Epoch : 4 | [64/665 (10%)]	Loss1: 5.841009 Loss2: 0.000023 
| Global Round : 42 | Client :8 | Local Epoch : 0 | [64/561 (12%)]	Loss1: 5.839615 Loss2: 0.000027 
| Global Round : 42 | Client :8 | Local Epoch : 1 | [64/561 (12%)]	Loss1: 5.839994 Loss2: 0.000031 
| Global Round : 42 | Client :8 | Local Epoch : 2 | [64/561 (12%)]	Loss1: 5.839756 Loss2: 0.000036 
| Global Round : 42 | Client :8 | Local Epoch : 3 | [64/561 (12%)]	Loss1: 5.840236 Loss2: 0.000031 
| Global Round : 42 | Client :8 | Local Epoch : 4 | [64/561 (12%)]	Loss1: 5.840198 Loss2: 0.000030 
| Global Round : 42 | Client :9 | Local Epoch : 0 | [64/811 (8%)]	Loss1: 5.840215 Loss2: 0.000027 
| Global Round : 42 | Client :9 | Local Epoch : 0 | [704/811 (92%)]	Loss1: 5.841337 Loss2: 0.000034 
| Global Round : 42 | Client :9 | Local Epoch : 1 | [64/811 (8%)]	Loss1: 5.839433 Loss2: 0.000025 
| Global Round : 42 | Client :9 | Local Epoch : 1 | [704/811 (92%)]	Loss1: 5.839212 Loss2: 0.000038 
| Global Round : 42 | Client :9 | Local Epoch : 2 | [64/811 (8%)]	Loss1: 5.840427 Loss2: 0.000031 
| Global Round : 42 | Client :9 | Local Epoch : 2 | [704/811 (92%)]	Loss1: 5.839837 Loss2: 0.000039 
| Global Round : 42 | Client :9 | Local Epoch : 3 | [64/811 (8%)]	Loss1: 5.840682 Loss2: 0.000029 
| Global Round : 42 | Client :9 | Local Epoch : 3 | [704/811 (92%)]	Loss1: 5.840167 Loss2: 0.000041 
| Global Round : 42 | Client :9 | Local Epoch : 4 | [64/811 (8%)]	Loss1: 5.840122 Loss2: 0.000030 
| Global Round : 42 | Client :9 | Local Epoch : 4 | [704/811 (92%)]	Loss1: 5.839597 Loss2: 0.000033 
average loss:   5.838369199889047
average local test accuracy: 0.846484375
average global test accuracy:  0.5688802083333334

 | Global Training Round : 43 |

xi_k [0.49001121 0.48014155 0.51378523 0.50708124 0.46908855 0.48918724
 0.47749333 0.51263153 0.48602033 0.50435153]
max_exp: -1.0
coe: 10
Regulation [0.8 0.8 0.8 0.8 0.8 0.8 0.8 0.8 0.8 0.8]
Solver status: optimal_inaccurate
b_new: [1. 1. 1. 1. 1. 1. 1. 1. 1. 1.]
Iter 0: obj=48.8979, best_obj=48.8979, ||b_new-b_prev||₂=2.846050
xi_k [0.49001121 0.48014155 0.51378523 0.50708124 0.46908855 0.48918724
 0.47749333 0.51263153 0.48602033 0.50435153]
max_exp: -1.0
coe: 10
Regulation [-1. -1. -1. -1. -1. -1. -1. -1. -1. -1.]
Solver status: optimal_inaccurate
b_new: [1. 1. 1. 1. 1. 1. 1. 1. 1. 1.]
Iter 1: obj=49.7979, best_obj=49.7979, ||b_new-b_prev||₂=0.000000
Converged.
Final b: [1. 1. 1. 1. 1. 1. 1. 1. 1. 1.]
<class 'numpy.ndarray'>
b_float: [1. 1. 1. 1. 1. 1. 1. 1. 1. 1.]
b: [1 1 1 1 1 1 1 1 1 1]
active_clients:  [0, 1, 2, 3, 4, 5, 6, 7, 8, 9]
Client 0's s_k are:[0 0 1 1 1 0 0 1 0 1]
Client 1's s_k are:[1 0 0 0 0 0 1 1 0 0]
Client 2's s_k are:[1 0 0 1 0 0 0 0 1 0]
Client 3's s_k are:[0 0 0 0 0 0 0 1 0 1]
Client 4's s_k are:[0 1 1 1 0 1 1 1 1 1]
Client 5's s_k are:[0 1 1 0 0 0 0 0 0 1]
Client 6's s_k are:[1 1 1 1 1 1 0 0 1 1]
Client 7's s_k are:[0 0 1 1 1 1 1 0 1 0]
Client 8's s_k are:[0 1 1 0 1 0 0 0 0 0]
Client 9's s_k are:[1 1 0 0 0 0 1 0 1 0]
| Global Round : 43 | Client :0 | Local Epoch : 0 | [64/626 (11%)]	Loss1: 5.841424 Loss2: 0.000029 
| Global Round : 43 | Client :0 | Local Epoch : 1 | [64/626 (11%)]	Loss1: 5.840181 Loss2: 0.000032 
| Global Round : 43 | Client :0 | Local Epoch : 2 | [64/626 (11%)]	Loss1: 5.841522 Loss2: 0.000031 
| Global Round : 43 | Client :0 | Local Epoch : 3 | [64/626 (11%)]	Loss1: 5.840080 Loss2: 0.000030 
| Global Round : 43 | Client :0 | Local Epoch : 4 | [64/626 (11%)]	Loss1: 5.840601 Loss2: 0.000029 
| Global Round : 43 | Client :1 | Local Epoch : 0 | [64/497 (14%)]	Loss1: 5.840007 Loss2: 0.000041 
| Global Round : 43 | Client :1 | Local Epoch : 1 | [64/497 (14%)]	Loss1: 5.841917 Loss2: 0.000045 
| Global Round : 43 | Client :1 | Local Epoch : 2 | [64/497 (14%)]	Loss1: 5.840912 Loss2: 0.000038 
| Global Round : 43 | Client :1 | Local Epoch : 3 | [64/497 (14%)]	Loss1: 5.840945 Loss2: 0.000041 
| Global Round : 43 | Client :1 | Local Epoch : 4 | [64/497 (14%)]	Loss1: 5.840874 Loss2: 0.000051 
| Global Round : 43 | Client :2 | Local Epoch : 0 | [64/597 (11%)]	Loss1: 5.839365 Loss2: 0.000033 
| Global Round : 43 | Client :2 | Local Epoch : 1 | [64/597 (11%)]	Loss1: 5.840072 Loss2: 0.000029 
| Global Round : 43 | Client :2 | Local Epoch : 2 | [64/597 (11%)]	Loss1: 5.839382 Loss2: 0.000033 
| Global Round : 43 | Client :2 | Local Epoch : 3 | [64/597 (11%)]	Loss1: 5.839301 Loss2: 0.000031 
| Global Round : 43 | Client :2 | Local Epoch : 4 | [64/597 (11%)]	Loss1: 5.839413 Loss2: 0.000029 
| Global Round : 43 | Client :3 | Local Epoch : 0 | [64/605 (11%)]	Loss1: 5.839797 Loss2: 0.000030 
| Global Round : 43 | Client :3 | Local Epoch : 1 | [64/605 (11%)]	Loss1: 5.839476 Loss2: 0.000029 
| Global Round : 43 | Client :3 | Local Epoch : 2 | [64/605 (11%)]	Loss1: 5.839445 Loss2: 0.000025 
| Global Round : 43 | Client :3 | Local Epoch : 3 | [64/605 (11%)]	Loss1: 5.839480 Loss2: 0.000028 
| Global Round : 43 | Client :3 | Local Epoch : 4 | [64/605 (11%)]	Loss1: 5.840879 Loss2: 0.000030 
| Global Round : 43 | Client :4 | Local Epoch : 0 | [64/436 (17%)]	Loss1: 5.840002 Loss2: 0.000041 
| Global Round : 43 | Client :4 | Local Epoch : 1 | [64/436 (17%)]	Loss1: 5.840852 Loss2: 0.000043 
| Global Round : 43 | Client :4 | Local Epoch : 2 | [64/436 (17%)]	Loss1: 5.839697 Loss2: 0.000041 
| Global Round : 43 | Client :4 | Local Epoch : 3 | [64/436 (17%)]	Loss1: 5.840561 Loss2: 0.000041 
| Global Round : 43 | Client :4 | Local Epoch : 4 | [64/436 (17%)]	Loss1: 5.839560 Loss2: 0.000043 
| Global Round : 43 | Client :5 | Local Epoch : 0 | [64/627 (11%)]	Loss1: 5.838722 Loss2: 0.000030 
| Global Round : 43 | Client :5 | Local Epoch : 1 | [64/627 (11%)]	Loss1: 5.840003 Loss2: 0.000030 
| Global Round : 43 | Client :5 | Local Epoch : 2 | [64/627 (11%)]	Loss1: 5.839208 Loss2: 0.000034 
| Global Round : 43 | Client :5 | Local Epoch : 3 | [64/627 (11%)]	Loss1: 5.839687 Loss2: 0.000032 
| Global Round : 43 | Client :5 | Local Epoch : 4 | [64/627 (11%)]	Loss1: 5.839392 Loss2: 0.000034 
| Global Round : 43 | Client :6 | Local Epoch : 0 | [64/571 (12%)]	Loss1: 5.840228 Loss2: 0.000023 
| Global Round : 43 | Client :6 | Local Epoch : 1 | [64/571 (12%)]	Loss1: 5.839632 Loss2: 0.000025 
| Global Round : 43 | Client :6 | Local Epoch : 2 | [64/571 (12%)]	Loss1: 5.839917 Loss2: 0.000023 
| Global Round : 43 | Client :6 | Local Epoch : 3 | [64/571 (12%)]	Loss1: 5.840721 Loss2: 0.000026 
| Global Round : 43 | Client :6 | Local Epoch : 4 | [64/571 (12%)]	Loss1: 5.839489 Loss2: 0.000023 
| Global Round : 43 | Client :7 | Local Epoch : 0 | [64/665 (10%)]	Loss1: 5.841449 Loss2: 0.000023 
| Global Round : 43 | Client :7 | Local Epoch : 1 | [64/665 (10%)]	Loss1: 5.840875 Loss2: 0.000026 
| Global Round : 43 | Client :7 | Local Epoch : 2 | [64/665 (10%)]	Loss1: 5.840260 Loss2: 0.000026 
| Global Round : 43 | Client :7 | Local Epoch : 3 | [64/665 (10%)]	Loss1: 5.841186 Loss2: 0.000024 
| Global Round : 43 | Client :7 | Local Epoch : 4 | [64/665 (10%)]	Loss1: 5.840286 Loss2: 0.000024 
| Global Round : 43 | Client :8 | Local Epoch : 0 | [64/561 (12%)]	Loss1: 5.839793 Loss2: 0.000040 
| Global Round : 43 | Client :8 | Local Epoch : 1 | [64/561 (12%)]	Loss1: 5.840341 Loss2: 0.000031 
| Global Round : 43 | Client :8 | Local Epoch : 2 | [64/561 (12%)]	Loss1: 5.839813 Loss2: 0.000033 
| Global Round : 43 | Client :8 | Local Epoch : 3 | [64/561 (12%)]	Loss1: 5.840476 Loss2: 0.000027 
| Global Round : 43 | Client :8 | Local Epoch : 4 | [64/561 (12%)]	Loss1: 5.840465 Loss2: 0.000037 
| Global Round : 43 | Client :9 | Local Epoch : 0 | [64/811 (8%)]	Loss1: 5.839579 Loss2: 0.000030 
| Global Round : 43 | Client :9 | Local Epoch : 0 | [704/811 (92%)]	Loss1: 5.840070 Loss2: 0.000032 
| Global Round : 43 | Client :9 | Local Epoch : 1 | [64/811 (8%)]	Loss1: 5.840659 Loss2: 0.000037 
| Global Round : 43 | Client :9 | Local Epoch : 1 | [704/811 (92%)]	Loss1: 5.839674 Loss2: 0.000034 
| Global Round : 43 | Client :9 | Local Epoch : 2 | [64/811 (8%)]	Loss1: 5.840131 Loss2: 0.000031 
| Global Round : 43 | Client :9 | Local Epoch : 2 | [704/811 (92%)]	Loss1: 5.839193 Loss2: 0.000031 
| Global Round : 43 | Client :9 | Local Epoch : 3 | [64/811 (8%)]	Loss1: 5.840065 Loss2: 0.000031 
| Global Round : 43 | Client :9 | Local Epoch : 3 | [704/811 (92%)]	Loss1: 5.839818 Loss2: 0.000034 
| Global Round : 43 | Client :9 | Local Epoch : 4 | [64/811 (8%)]	Loss1: 5.839941 Loss2: 0.000037 
| Global Round : 43 | Client :9 | Local Epoch : 4 | [704/811 (92%)]	Loss1: 5.840216 Loss2: 0.000028 
average loss:   5.838393419564716
average local test accuracy: 0.8516927083333332
average global test accuracy:  0.5416666666666667

 | Global Training Round : 44 |

xi_k [0.49003051 0.4801208  0.51380695 0.50706288 0.46907652 0.48918938
 0.47750355 0.51261659 0.48604779 0.50432755]
max_exp: -1.0
coe: 10
Regulation [0.8 0.8 0.8 0.8 0.8 0.8 0.8 0.8 0.8 0.8]
Solver status: optimal_inaccurate
b_new: [1. 1. 1. 1. 1. 1. 1. 1. 1. 1.]
Iter 0: obj=48.8978, best_obj=48.8978, ||b_new-b_prev||₂=2.846050
xi_k [0.49003051 0.4801208  0.51380695 0.50706288 0.46907652 0.48918938
 0.47750355 0.51261659 0.48604779 0.50432755]
max_exp: -1.0
coe: 10
Regulation [-1. -1. -1. -1. -1. -1. -1. -1. -1. -1.]
Solver status: optimal_inaccurate
b_new: [1. 1. 1. 1. 1. 1. 1. 1. 1. 1.]
Iter 1: obj=49.7978, best_obj=49.7978, ||b_new-b_prev||₂=0.000000
Converged.
Final b: [1. 1. 1. 1. 1. 1. 1. 1. 1. 1.]
<class 'numpy.ndarray'>
b_float: [1. 1. 1. 1. 1. 1. 1. 1. 1. 1.]
b: [1 1 1 1 1 1 1 1 1 1]
active_clients:  [0, 1, 2, 3, 4, 5, 6, 7, 8, 9]
Client 0's s_k are:[0 1 1 1 1 1 0 1 1 1]
Client 1's s_k are:[1 0 0 0 1 0 0 0 1 0]
Client 2's s_k are:[1 0 0 1 0 1 1 0 1 0]
Client 3's s_k are:[0 0 0 0 1 0 0 0 0 1]
Client 4's s_k are:[1 1 1 1 0 1 1 1 1 1]
Client 5's s_k are:[0 1 1 1 1 0 1 1 1 0]
Client 6's s_k are:[0 0 0 0 0 0 0 0 0 1]
Client 7's s_k are:[0 0 0 1 1 1 0 0 1 0]
Client 8's s_k are:[0 0 1 0 0 1 0 0 0 0]
Client 9's s_k are:[1 1 0 0 0 1 0 1 1 0]
| Global Round : 44 | Client :0 | Local Epoch : 0 | [64/626 (11%)]	Loss1: 5.840969 Loss2: 0.000024 
| Global Round : 44 | Client :0 | Local Epoch : 1 | [64/626 (11%)]	Loss1: 5.841794 Loss2: 0.000026 
| Global Round : 44 | Client :0 | Local Epoch : 2 | [64/626 (11%)]	Loss1: 5.840944 Loss2: 0.000027 
| Global Round : 44 | Client :0 | Local Epoch : 3 | [64/626 (11%)]	Loss1: 5.841060 Loss2: 0.000029 
| Global Round : 44 | Client :0 | Local Epoch : 4 | [64/626 (11%)]	Loss1: 5.839861 Loss2: 0.000029 
| Global Round : 44 | Client :1 | Local Epoch : 0 | [64/497 (14%)]	Loss1: 5.840120 Loss2: 0.000035 
| Global Round : 44 | Client :1 | Local Epoch : 1 | [64/497 (14%)]	Loss1: 5.840294 Loss2: 0.000040 
| Global Round : 44 | Client :1 | Local Epoch : 2 | [64/497 (14%)]	Loss1: 5.840563 Loss2: 0.000038 
| Global Round : 44 | Client :1 | Local Epoch : 3 | [64/497 (14%)]	Loss1: 5.840178 Loss2: 0.000041 
| Global Round : 44 | Client :1 | Local Epoch : 4 | [64/497 (14%)]	Loss1: 5.841032 Loss2: 0.000037 
| Global Round : 44 | Client :2 | Local Epoch : 0 | [64/597 (11%)]	Loss1: 5.839879 Loss2: 0.000024 
| Global Round : 44 | Client :2 | Local Epoch : 1 | [64/597 (11%)]	Loss1: 5.839357 Loss2: 0.000028 
| Global Round : 44 | Client :2 | Local Epoch : 2 | [64/597 (11%)]	Loss1: 5.840123 Loss2: 0.000025 
| Global Round : 44 | Client :2 | Local Epoch : 3 | [64/597 (11%)]	Loss1: 5.840587 Loss2: 0.000024 
| Global Round : 44 | Client :2 | Local Epoch : 4 | [64/597 (11%)]	Loss1: 5.839761 Loss2: 0.000024 
| Global Round : 44 | Client :3 | Local Epoch : 0 | [64/605 (11%)]	Loss1: 5.839340 Loss2: 0.000035 
| Global Round : 44 | Client :3 | Local Epoch : 1 | [64/605 (11%)]	Loss1: 5.839685 Loss2: 0.000039 
| Global Round : 44 | Client :3 | Local Epoch : 2 | [64/605 (11%)]	Loss1: 5.840524 Loss2: 0.000034 
| Global Round : 44 | Client :3 | Local Epoch : 3 | [64/605 (11%)]	Loss1: 5.839972 Loss2: 0.000035 
| Global Round : 44 | Client :3 | Local Epoch : 4 | [64/605 (11%)]	Loss1: 5.840456 Loss2: 0.000036 
| Global Round : 44 | Client :4 | Local Epoch : 0 | [64/436 (17%)]	Loss1: 5.839996 Loss2: 0.000041 
| Global Round : 44 | Client :4 | Local Epoch : 1 | [64/436 (17%)]	Loss1: 5.841149 Loss2: 0.000041 
| Global Round : 44 | Client :4 | Local Epoch : 2 | [64/436 (17%)]	Loss1: 5.839451 Loss2: 0.000039 
| Global Round : 44 | Client :4 | Local Epoch : 3 | [64/436 (17%)]	Loss1: 5.839698 Loss2: 0.000043 
| Global Round : 44 | Client :4 | Local Epoch : 4 | [64/436 (17%)]	Loss1: 5.839645 Loss2: 0.000041 
| Global Round : 44 | Client :5 | Local Epoch : 0 | [64/627 (11%)]	Loss1: 5.838864 Loss2: 0.000031 
| Global Round : 44 | Client :5 | Local Epoch : 1 | [64/627 (11%)]	Loss1: 5.839532 Loss2: 0.000028 
| Global Round : 44 | Client :5 | Local Epoch : 2 | [64/627 (11%)]	Loss1: 5.839311 Loss2: 0.000032 
| Global Round : 44 | Client :5 | Local Epoch : 3 | [64/627 (11%)]	Loss1: 5.839746 Loss2: 0.000034 
| Global Round : 44 | Client :5 | Local Epoch : 4 | [64/627 (11%)]	Loss1: 5.838785 Loss2: 0.000027 
| Global Round : 44 | Client :6 | Local Epoch : 0 | [64/571 (12%)]	Loss1: 5.839873 Loss2: 0.000038 
| Global Round : 44 | Client :6 | Local Epoch : 1 | [64/571 (12%)]	Loss1: 5.840271 Loss2: 0.000038 
| Global Round : 44 | Client :6 | Local Epoch : 2 | [64/571 (12%)]	Loss1: 5.839154 Loss2: 0.000038 
| Global Round : 44 | Client :6 | Local Epoch : 3 | [64/571 (12%)]	Loss1: 5.840158 Loss2: 0.000042 
| Global Round : 44 | Client :6 | Local Epoch : 4 | [64/571 (12%)]	Loss1: 5.840307 Loss2: 0.000035 
| Global Round : 44 | Client :7 | Local Epoch : 0 | [64/665 (10%)]	Loss1: 5.840276 Loss2: 0.000027 
| Global Round : 44 | Client :7 | Local Epoch : 1 | [64/665 (10%)]	Loss1: 5.840332 Loss2: 0.000034 
| Global Round : 44 | Client :7 | Local Epoch : 2 | [64/665 (10%)]	Loss1: 5.840700 Loss2: 0.000031 
| Global Round : 44 | Client :7 | Local Epoch : 3 | [64/665 (10%)]	Loss1: 5.840003 Loss2: 0.000026 
| Global Round : 44 | Client :7 | Local Epoch : 4 | [64/665 (10%)]	Loss1: 5.841185 Loss2: 0.000028 
| Global Round : 44 | Client :8 | Local Epoch : 0 | [64/561 (12%)]	Loss1: 5.840232 Loss2: 0.000044 
| Global Round : 44 | Client :8 | Local Epoch : 1 | [64/561 (12%)]	Loss1: 5.840610 Loss2: 0.000044 
| Global Round : 44 | Client :8 | Local Epoch : 2 | [64/561 (12%)]	Loss1: 5.840989 Loss2: 0.000040 
| Global Round : 44 | Client :8 | Local Epoch : 3 | [64/561 (12%)]	Loss1: 5.840890 Loss2: 0.000038 
| Global Round : 44 | Client :8 | Local Epoch : 4 | [64/561 (12%)]	Loss1: 5.839818 Loss2: 0.000043 
| Global Round : 44 | Client :9 | Local Epoch : 0 | [64/811 (8%)]	Loss1: 5.840598 Loss2: 0.000024 
| Global Round : 44 | Client :9 | Local Epoch : 0 | [704/811 (92%)]	Loss1: 5.840472 Loss2: 0.000031 
| Global Round : 44 | Client :9 | Local Epoch : 1 | [64/811 (8%)]	Loss1: 5.840041 Loss2: 0.000031 
| Global Round : 44 | Client :9 | Local Epoch : 1 | [704/811 (92%)]	Loss1: 5.839431 Loss2: 0.000027 
| Global Round : 44 | Client :9 | Local Epoch : 2 | [64/811 (8%)]	Loss1: 5.839747 Loss2: 0.000031 
| Global Round : 44 | Client :9 | Local Epoch : 2 | [704/811 (92%)]	Loss1: 5.839205 Loss2: 0.000030 
| Global Round : 44 | Client :9 | Local Epoch : 3 | [64/811 (8%)]	Loss1: 5.840711 Loss2: 0.000026 
| Global Round : 44 | Client :9 | Local Epoch : 3 | [704/811 (92%)]	Loss1: 5.839691 Loss2: 0.000031 
| Global Round : 44 | Client :9 | Local Epoch : 4 | [64/811 (8%)]	Loss1: 5.840047 Loss2: 0.000025 
| Global Round : 44 | Client :9 | Local Epoch : 4 | [704/811 (92%)]	Loss1: 5.839913 Loss2: 0.000028 
average loss:   5.83835245471152
average local test accuracy: 0.8450520833333333
average global test accuracy:  0.5203125

 | Global Training Round : 45 |

xi_k [0.4900427  0.48011405 0.51378733 0.50704941 0.4690931  0.4891679
 0.4775136  0.51261444 0.48604711 0.50430946]
max_exp: -1.0
coe: 10
Regulation [0.8 0.8 0.8 0.8 0.8 0.8 0.8 0.8 0.8 0.8]
Solver status: optimal_inaccurate
b_new: [1. 1. 1. 1. 1. 1. 1. 1. 1. 1.]
Iter 0: obj=48.8974, best_obj=48.8974, ||b_new-b_prev||₂=2.846050
xi_k [0.4900427  0.48011405 0.51378733 0.50704941 0.4690931  0.4891679
 0.4775136  0.51261444 0.48604711 0.50430946]
max_exp: -1.0
coe: 10
Regulation [-1. -1. -1. -1. -1. -1. -1. -1. -1. -1.]
Solver status: optimal_inaccurate
b_new: [1. 1. 1. 1. 1. 1. 1. 1. 1. 1.]
Iter 1: obj=49.7974, best_obj=49.7974, ||b_new-b_prev||₂=0.000000
Converged.
Final b: [1. 1. 1. 1. 1. 1. 1. 1. 1. 1.]
<class 'numpy.ndarray'>
b_float: [1. 1. 1. 1. 1. 1. 1. 1. 1. 1.]
b: [1 1 1 1 1 1 1 1 1 1]
active_clients:  [0, 1, 2, 3, 4, 5, 6, 7, 8, 9]
Client 0's s_k are:[0 1 1 1 1 1 1 1 1 1]
Client 1's s_k are:[1 0 0 0 0 0 0 0 0 0]
Client 2's s_k are:[0 0 0 1 1 1 1 1 0 0]
Client 3's s_k are:[0 1 1 0 1 1 1 1 1 0]
Client 4's s_k are:[0 0 1 0 0 0 0 0 0 0]
Client 5's s_k are:[1 1 1 1 0 0 1 0 1 1]
Client 6's s_k are:[0 0 1 0 0 0 0 0 0 1]
Client 7's s_k are:[1 1 1 1 1 1 1 0 1 1]
Client 8's s_k are:[1 1 0 1 1 0 1 1 0 1]
Client 9's s_k are:[0 0 1 0 0 0 0 0 1 0]
| Global Round : 45 | Client :0 | Local Epoch : 0 | [64/626 (11%)]	Loss1: 5.841201 Loss2: 0.000026 
| Global Round : 45 | Client :0 | Local Epoch : 1 | [64/626 (11%)]	Loss1: 5.841108 Loss2: 0.000029 
| Global Round : 45 | Client :0 | Local Epoch : 2 | [64/626 (11%)]	Loss1: 5.840425 Loss2: 0.000027 
| Global Round : 45 | Client :0 | Local Epoch : 3 | [64/626 (11%)]	Loss1: 5.841075 Loss2: 0.000028 
| Global Round : 45 | Client :0 | Local Epoch : 4 | [64/626 (11%)]	Loss1: 5.839995 Loss2: 0.000025 
| Global Round : 45 | Client :1 | Local Epoch : 0 | [64/497 (14%)]	Loss1: 5.840513 Loss2: 0.000044 
| Global Round : 45 | Client :1 | Local Epoch : 1 | [64/497 (14%)]	Loss1: 5.840080 Loss2: 0.000040 
| Global Round : 45 | Client :1 | Local Epoch : 2 | [64/497 (14%)]	Loss1: 5.839820 Loss2: 0.000045 
| Global Round : 45 | Client :1 | Local Epoch : 3 | [64/497 (14%)]	Loss1: 5.840370 Loss2: 0.000051 
| Global Round : 45 | Client :1 | Local Epoch : 4 | [64/497 (14%)]	Loss1: 5.841450 Loss2: 0.000047 
| Global Round : 45 | Client :2 | Local Epoch : 0 | [64/597 (11%)]	Loss1: 5.839645 Loss2: 0.000023 
| Global Round : 45 | Client :2 | Local Epoch : 1 | [64/597 (11%)]	Loss1: 5.839880 Loss2: 0.000028 
| Global Round : 45 | Client :2 | Local Epoch : 2 | [64/597 (11%)]	Loss1: 5.840008 Loss2: 0.000024 
| Global Round : 45 | Client :2 | Local Epoch : 3 | [64/597 (11%)]	Loss1: 5.840097 Loss2: 0.000023 
| Global Round : 45 | Client :2 | Local Epoch : 4 | [64/597 (11%)]	Loss1: 5.839442 Loss2: 0.000024 
| Global Round : 45 | Client :3 | Local Epoch : 0 | [64/605 (11%)]	Loss1: 5.839662 Loss2: 0.000025 
| Global Round : 45 | Client :3 | Local Epoch : 1 | [64/605 (11%)]	Loss1: 5.840272 Loss2: 0.000021 
| Global Round : 45 | Client :3 | Local Epoch : 2 | [64/605 (11%)]	Loss1: 5.839831 Loss2: 0.000021 
| Global Round : 45 | Client :3 | Local Epoch : 3 | [64/605 (11%)]	Loss1: 5.841565 Loss2: 0.000024 
| Global Round : 45 | Client :3 | Local Epoch : 4 | [64/605 (11%)]	Loss1: 5.840597 Loss2: 0.000021 
| Global Round : 45 | Client :4 | Local Epoch : 0 | [64/436 (17%)]	Loss1: 5.840407 Loss2: 0.000068 
| Global Round : 45 | Client :4 | Local Epoch : 1 | [64/436 (17%)]	Loss1: 5.840656 Loss2: 0.000071 
| Global Round : 45 | Client :4 | Local Epoch : 2 | [64/436 (17%)]	Loss1: 5.840662 Loss2: 0.000067 
| Global Round : 45 | Client :4 | Local Epoch : 3 | [64/436 (17%)]	Loss1: 5.839505 Loss2: 0.000065 
| Global Round : 45 | Client :4 | Local Epoch : 4 | [64/436 (17%)]	Loss1: 5.840455 Loss2: 0.000065 
| Global Round : 45 | Client :5 | Local Epoch : 0 | [64/627 (11%)]	Loss1: 5.839653 Loss2: 0.000030 
| Global Round : 45 | Client :5 | Local Epoch : 1 | [64/627 (11%)]	Loss1: 5.839599 Loss2: 0.000029 
| Global Round : 45 | Client :5 | Local Epoch : 2 | [64/627 (11%)]	Loss1: 5.839963 Loss2: 0.000031 
| Global Round : 45 | Client :5 | Local Epoch : 3 | [64/627 (11%)]	Loss1: 5.838889 Loss2: 0.000032 
| Global Round : 45 | Client :5 | Local Epoch : 4 | [64/627 (11%)]	Loss1: 5.839241 Loss2: 0.000030 
| Global Round : 45 | Client :6 | Local Epoch : 0 | [64/571 (12%)]	Loss1: 5.840267 Loss2: 0.000036 
| Global Round : 45 | Client :6 | Local Epoch : 1 | [64/571 (12%)]	Loss1: 5.839150 Loss2: 0.000038 
| Global Round : 45 | Client :6 | Local Epoch : 2 | [64/571 (12%)]	Loss1: 5.839278 Loss2: 0.000035 
| Global Round : 45 | Client :6 | Local Epoch : 3 | [64/571 (12%)]	Loss1: 5.839705 Loss2: 0.000031 
| Global Round : 45 | Client :6 | Local Epoch : 4 | [64/571 (12%)]	Loss1: 5.839734 Loss2: 0.000036 
| Global Round : 45 | Client :7 | Local Epoch : 0 | [64/665 (10%)]	Loss1: 5.840262 Loss2: 0.000022 
| Global Round : 45 | Client :7 | Local Epoch : 1 | [64/665 (10%)]	Loss1: 5.840106 Loss2: 0.000022 
| Global Round : 45 | Client :7 | Local Epoch : 2 | [64/665 (10%)]	Loss1: 5.841090 Loss2: 0.000021 
| Global Round : 45 | Client :7 | Local Epoch : 3 | [64/665 (10%)]	Loss1: 5.841651 Loss2: 0.000026 
| Global Round : 45 | Client :7 | Local Epoch : 4 | [64/665 (10%)]	Loss1: 5.839687 Loss2: 0.000023 
| Global Round : 45 | Client :8 | Local Epoch : 0 | [64/561 (12%)]	Loss1: 5.840419 Loss2: 0.000024 
| Global Round : 45 | Client :8 | Local Epoch : 1 | [64/561 (12%)]	Loss1: 5.840163 Loss2: 0.000029 
| Global Round : 45 | Client :8 | Local Epoch : 2 | [64/561 (12%)]	Loss1: 5.840305 Loss2: 0.000029 
| Global Round : 45 | Client :8 | Local Epoch : 3 | [64/561 (12%)]	Loss1: 5.840050 Loss2: 0.000029 
| Global Round : 45 | Client :8 | Local Epoch : 4 | [64/561 (12%)]	Loss1: 5.840217 Loss2: 0.000033 
| Global Round : 45 | Client :9 | Local Epoch : 0 | [64/811 (8%)]	Loss1: 5.839259 Loss2: 0.000018 
| Global Round : 45 | Client :9 | Local Epoch : 0 | [704/811 (92%)]	Loss1: 5.840577 Loss2: 0.000021 
| Global Round : 45 | Client :9 | Local Epoch : 1 | [64/811 (8%)]	Loss1: 5.840143 Loss2: 0.000022 
| Global Round : 45 | Client :9 | Local Epoch : 1 | [704/811 (92%)]	Loss1: 5.840125 Loss2: 0.000020 
| Global Round : 45 | Client :9 | Local Epoch : 2 | [64/811 (8%)]	Loss1: 5.839878 Loss2: 0.000016 
| Global Round : 45 | Client :9 | Local Epoch : 2 | [704/811 (92%)]	Loss1: 5.839710 Loss2: 0.000019 
| Global Round : 45 | Client :9 | Local Epoch : 3 | [64/811 (8%)]	Loss1: 5.839225 Loss2: 0.000016 
| Global Round : 45 | Client :9 | Local Epoch : 3 | [704/811 (92%)]	Loss1: 5.839590 Loss2: 0.000020 
| Global Round : 45 | Client :9 | Local Epoch : 4 | [64/811 (8%)]	Loss1: 5.840192 Loss2: 0.000018 
| Global Round : 45 | Client :9 | Local Epoch : 4 | [704/811 (92%)]	Loss1: 5.839334 Loss2: 0.000017 
average loss:   5.83834314647175
average local test accuracy: 0.856640625
average global test accuracy:  0.5759114583333333

 | Global Training Round : 46 |

xi_k [0.4900104  0.4801331  0.51380587 0.50705354 0.46906473 0.48918746
 0.47751886 0.5126039  0.48602257 0.504318  ]
max_exp: -1.0
coe: 10
Regulation [0.8 0.8 0.8 0.8 0.8 0.8 0.8 0.8 0.8 0.8]
Solver status: optimal_inaccurate
b_new: [1. 1. 1. 1. 1. 1. 1. 1. 1. 1.]
Iter 0: obj=48.8972, best_obj=48.8972, ||b_new-b_prev||₂=2.846050
xi_k [0.4900104  0.4801331  0.51380587 0.50705354 0.46906473 0.48918746
 0.47751886 0.5126039  0.48602257 0.504318  ]
max_exp: -1.0
coe: 10
Regulation [-1. -1. -1. -1. -1. -1. -1. -1. -1. -1.]
Solver status: optimal_inaccurate
b_new: [1. 1. 1. 1. 1. 1. 1. 1. 1. 1.]
Iter 1: obj=49.7972, best_obj=49.7972, ||b_new-b_prev||₂=0.000000
Converged.
Final b: [1. 1. 1. 1. 1. 1. 1. 1. 1. 1.]
<class 'numpy.ndarray'>
b_float: [1. 1. 1. 1. 1. 1. 1. 1. 1. 1.]
b: [1 1 1 1 1 1 1 1 1 1]
active_clients:  [0, 1, 2, 3, 4, 5, 6, 7, 8, 9]
Client 0's s_k are:[0 0 1 1 0 1 1 1 0 1]
Client 1's s_k are:[1 0 1 1 0 1 0 1 0 0]
Client 2's s_k are:[0 1 0 0 1 0 1 1 1 1]
Client 3's s_k are:[0 1 1 0 1 1 1 1 0 0]
Client 4's s_k are:[1 1 1 1 0 1 1 1 1 1]
Client 5's s_k are:[1 1 1 1 1 0 1 0 1 1]
Client 6's s_k are:[0 0 0 0 0 0 0 0 0 1]
Client 7's s_k are:[0 0 0 1 0 1 1 0 1 1]
Client 8's s_k are:[1 1 1 1 1 1 1 1 0 1]
Client 9's s_k are:[0 0 0 0 0 0 0 0 1 0]
| Global Round : 46 | Client :0 | Local Epoch : 0 | [64/626 (11%)]	Loss1: 5.841827 Loss2: 0.000030 
| Global Round : 46 | Client :0 | Local Epoch : 1 | [64/626 (11%)]	Loss1: 5.839479 Loss2: 0.000030 
| Global Round : 46 | Client :0 | Local Epoch : 2 | [64/626 (11%)]	Loss1: 5.841150 Loss2: 0.000026 
| Global Round : 46 | Client :0 | Local Epoch : 3 | [64/626 (11%)]	Loss1: 5.840953 Loss2: 0.000030 
| Global Round : 46 | Client :0 | Local Epoch : 4 | [64/626 (11%)]	Loss1: 5.839700 Loss2: 0.000033 
| Global Round : 46 | Client :1 | Local Epoch : 0 | [64/497 (14%)]	Loss1: 5.840415 Loss2: 0.000046 
| Global Round : 46 | Client :1 | Local Epoch : 1 | [64/497 (14%)]	Loss1: 5.840773 Loss2: 0.000043 
| Global Round : 46 | Client :1 | Local Epoch : 2 | [64/497 (14%)]	Loss1: 5.840169 Loss2: 0.000045 
| Global Round : 46 | Client :1 | Local Epoch : 3 | [64/497 (14%)]	Loss1: 5.839848 Loss2: 0.000041 
| Global Round : 46 | Client :1 | Local Epoch : 4 | [64/497 (14%)]	Loss1: 5.840816 Loss2: 0.000045 
| Global Round : 46 | Client :2 | Local Epoch : 0 | [64/597 (11%)]	Loss1: 5.839448 Loss2: 0.000024 
| Global Round : 46 | Client :2 | Local Epoch : 1 | [64/597 (11%)]	Loss1: 5.840361 Loss2: 0.000028 
| Global Round : 46 | Client :2 | Local Epoch : 2 | [64/597 (11%)]	Loss1: 5.839732 Loss2: 0.000029 
| Global Round : 46 | Client :2 | Local Epoch : 3 | [64/597 (11%)]	Loss1: 5.839598 Loss2: 0.000024 
| Global Round : 46 | Client :2 | Local Epoch : 4 | [64/597 (11%)]	Loss1: 5.839009 Loss2: 0.000024 
| Global Round : 46 | Client :3 | Local Epoch : 0 | [64/605 (11%)]	Loss1: 5.840053 Loss2: 0.000023 
| Global Round : 46 | Client :3 | Local Epoch : 1 | [64/605 (11%)]	Loss1: 5.839857 Loss2: 0.000024 
| Global Round : 46 | Client :3 | Local Epoch : 2 | [64/605 (11%)]	Loss1: 5.840142 Loss2: 0.000029 
| Global Round : 46 | Client :3 | Local Epoch : 3 | [64/605 (11%)]	Loss1: 5.840209 Loss2: 0.000023 
| Global Round : 46 | Client :3 | Local Epoch : 4 | [64/605 (11%)]	Loss1: 5.839939 Loss2: 0.000028 
| Global Round : 46 | Client :4 | Local Epoch : 0 | [64/436 (17%)]	Loss1: 5.839051 Loss2: 0.000036 
| Global Round : 46 | Client :4 | Local Epoch : 1 | [64/436 (17%)]	Loss1: 5.840384 Loss2: 0.000038 
| Global Round : 46 | Client :4 | Local Epoch : 2 | [64/436 (17%)]	Loss1: 5.839091 Loss2: 0.000041 
| Global Round : 46 | Client :4 | Local Epoch : 3 | [64/436 (17%)]	Loss1: 5.840489 Loss2: 0.000040 
| Global Round : 46 | Client :4 | Local Epoch : 4 | [64/436 (17%)]	Loss1: 5.839515 Loss2: 0.000043 
| Global Round : 46 | Client :5 | Local Epoch : 0 | [64/627 (11%)]	Loss1: 5.838840 Loss2: 0.000028 
| Global Round : 46 | Client :5 | Local Epoch : 1 | [64/627 (11%)]	Loss1: 5.838980 Loss2: 0.000031 
| Global Round : 46 | Client :5 | Local Epoch : 2 | [64/627 (11%)]	Loss1: 5.840126 Loss2: 0.000030 
| Global Round : 46 | Client :5 | Local Epoch : 3 | [64/627 (11%)]	Loss1: 5.839759 Loss2: 0.000029 
| Global Round : 46 | Client :5 | Local Epoch : 4 | [64/627 (11%)]	Loss1: 5.839653 Loss2: 0.000029 
| Global Round : 46 | Client :6 | Local Epoch : 0 | [64/571 (12%)]	Loss1: 5.839403 Loss2: 0.000039 
| Global Round : 46 | Client :6 | Local Epoch : 1 | [64/571 (12%)]	Loss1: 5.839819 Loss2: 0.000036 
| Global Round : 46 | Client :6 | Local Epoch : 2 | [64/571 (12%)]	Loss1: 5.840123 Loss2: 0.000041 
| Global Round : 46 | Client :6 | Local Epoch : 3 | [64/571 (12%)]	Loss1: 5.840366 Loss2: 0.000040 
| Global Round : 46 | Client :6 | Local Epoch : 4 | [64/571 (12%)]	Loss1: 5.840689 Loss2: 0.000037 
| Global Round : 46 | Client :7 | Local Epoch : 0 | [64/665 (10%)]	Loss1: 5.839582 Loss2: 0.000027 
| Global Round : 46 | Client :7 | Local Epoch : 1 | [64/665 (10%)]	Loss1: 5.841182 Loss2: 0.000025 
| Global Round : 46 | Client :7 | Local Epoch : 2 | [64/665 (10%)]	Loss1: 5.842056 Loss2: 0.000023 
| Global Round : 46 | Client :7 | Local Epoch : 3 | [64/665 (10%)]	Loss1: 5.840189 Loss2: 0.000026 
| Global Round : 46 | Client :7 | Local Epoch : 4 | [64/665 (10%)]	Loss1: 5.840780 Loss2: 0.000025 
| Global Round : 46 | Client :8 | Local Epoch : 0 | [64/561 (12%)]	Loss1: 5.839927 Loss2: 0.000030 
| Global Round : 46 | Client :8 | Local Epoch : 1 | [64/561 (12%)]	Loss1: 5.841290 Loss2: 0.000032 
| Global Round : 46 | Client :8 | Local Epoch : 2 | [64/561 (12%)]	Loss1: 5.840103 Loss2: 0.000027 
| Global Round : 46 | Client :8 | Local Epoch : 3 | [64/561 (12%)]	Loss1: 5.840210 Loss2: 0.000028 
| Global Round : 46 | Client :8 | Local Epoch : 4 | [64/561 (12%)]	Loss1: 5.839910 Loss2: 0.000029 
| Global Round : 46 | Client :9 | Local Epoch : 0 | [64/811 (8%)]	Loss1: 5.840405 Loss2: 0.000040 
| Global Round : 46 | Client :9 | Local Epoch : 0 | [704/811 (92%)]	Loss1: 5.840911 Loss2: 0.000037 
| Global Round : 46 | Client :9 | Local Epoch : 1 | [64/811 (8%)]	Loss1: 5.840623 Loss2: 0.000029 
| Global Round : 46 | Client :9 | Local Epoch : 1 | [704/811 (92%)]	Loss1: 5.839330 Loss2: 0.000037 
| Global Round : 46 | Client :9 | Local Epoch : 2 | [64/811 (8%)]	Loss1: 5.839939 Loss2: 0.000037 
| Global Round : 46 | Client :9 | Local Epoch : 2 | [704/811 (92%)]	Loss1: 5.839440 Loss2: 0.000035 
| Global Round : 46 | Client :9 | Local Epoch : 3 | [64/811 (8%)]	Loss1: 5.840579 Loss2: 0.000034 
| Global Round : 46 | Client :9 | Local Epoch : 3 | [704/811 (92%)]	Loss1: 5.840492 Loss2: 0.000034 
| Global Round : 46 | Client :9 | Local Epoch : 4 | [64/811 (8%)]	Loss1: 5.839157 Loss2: 0.000033 
| Global Round : 46 | Client :9 | Local Epoch : 4 | [704/811 (92%)]	Loss1: 5.840118 Loss2: 0.000037 
average loss:   5.838260047662827
average local test accuracy: 0.850390625
average global test accuracy:  0.57734375

 | Global Training Round : 47 |

xi_k [0.48999081 0.48015248 0.51378057 0.50705491 0.46907326 0.48915966
 0.47749726 0.51258333 0.48601265 0.50433   ]
max_exp: -1.0
coe: 10
Regulation [0.8 0.8 0.8 0.8 0.8 0.8 0.8 0.8 0.8 0.8]
Solver status: optimal_inaccurate
b_new: [1. 1. 1. 1. 1. 1. 1. 1. 1. 1.]
Iter 0: obj=48.8963, best_obj=48.8963, ||b_new-b_prev||₂=2.846050
xi_k [0.48999081 0.48015248 0.51378057 0.50705491 0.46907326 0.48915966
 0.47749726 0.51258333 0.48601265 0.50433   ]
max_exp: -1.0
coe: 10
Regulation [-1. -1. -1. -1. -1. -1. -1. -1. -1. -1.]
Solver status: optimal_inaccurate
b_new: [1. 1. 1. 1. 1. 1. 1. 1. 1. 1.]
Iter 1: obj=49.7963, best_obj=49.7963, ||b_new-b_prev||₂=0.000000
Converged.
Final b: [1. 1. 1. 1. 1. 1. 1. 1. 1. 1.]
<class 'numpy.ndarray'>
b_float: [1. 1. 1. 1. 1. 1. 1. 1. 1. 1.]
b: [1 1 1 1 1 1 1 1 1 1]
active_clients:  [0, 1, 2, 3, 4, 5, 6, 7, 8, 9]
Client 0's s_k are:[0 0 0 1 0 0 0 0 0 0]
Client 1's s_k are:[1 0 1 1 0 1 1 1 1 0]
Client 2's s_k are:[1 1 0 1 1 1 1 1 1 1]
Client 3's s_k are:[0 0 0 0 1 1 0 1 1 1]
Client 4's s_k are:[1 1 1 1 0 1 1 1 1 1]
Client 5's s_k are:[0 1 0 0 0 0 0 0 0 0]
Client 6's s_k are:[1 1 1 1 1 1 0 1 0 1]
Client 7's s_k are:[1 1 0 0 0 1 0 0 1 1]
Client 8's s_k are:[1 1 1 1 1 1 0 1 0 1]
Client 9's s_k are:[1 1 0 1 0 1 0 0 0 0]
| Global Round : 47 | Client :0 | Local Epoch : 0 | [64/626 (11%)]	Loss1: 5.840505 Loss2: 0.000038 
| Global Round : 47 | Client :0 | Local Epoch : 1 | [64/626 (11%)]	Loss1: 5.840591 Loss2: 0.000043 
| Global Round : 47 | Client :0 | Local Epoch : 2 | [64/626 (11%)]	Loss1: 5.840796 Loss2: 0.000035 
| Global Round : 47 | Client :0 | Local Epoch : 3 | [64/626 (11%)]	Loss1: 5.840805 Loss2: 0.000039 
| Global Round : 47 | Client :0 | Local Epoch : 4 | [64/626 (11%)]	Loss1: 5.840295 Loss2: 0.000037 
| Global Round : 47 | Client :1 | Local Epoch : 0 | [64/497 (14%)]	Loss1: 5.840224 Loss2: 0.000034 
| Global Round : 47 | Client :1 | Local Epoch : 1 | [64/497 (14%)]	Loss1: 5.841045 Loss2: 0.000041 
| Global Round : 47 | Client :1 | Local Epoch : 2 | [64/497 (14%)]	Loss1: 5.840210 Loss2: 0.000045 
| Global Round : 47 | Client :1 | Local Epoch : 3 | [64/497 (14%)]	Loss1: 5.840515 Loss2: 0.000040 
| Global Round : 47 | Client :1 | Local Epoch : 4 | [64/497 (14%)]	Loss1: 5.839650 Loss2: 0.000043 
| Global Round : 47 | Client :2 | Local Epoch : 0 | [64/597 (11%)]	Loss1: 5.840782 Loss2: 0.000026 
| Global Round : 47 | Client :2 | Local Epoch : 1 | [64/597 (11%)]	Loss1: 5.838738 Loss2: 0.000024 
| Global Round : 47 | Client :2 | Local Epoch : 2 | [64/597 (11%)]	Loss1: 5.840751 Loss2: 0.000024 
| Global Round : 47 | Client :2 | Local Epoch : 3 | [64/597 (11%)]	Loss1: 5.839700 Loss2: 0.000022 
| Global Round : 47 | Client :2 | Local Epoch : 4 | [64/597 (11%)]	Loss1: 5.839800 Loss2: 0.000023 
| Global Round : 47 | Client :3 | Local Epoch : 0 | [64/605 (11%)]	Loss1: 5.841133 Loss2: 0.000026 
| Global Round : 47 | Client :3 | Local Epoch : 1 | [64/605 (11%)]	Loss1: 5.839693 Loss2: 0.000023 
| Global Round : 47 | Client :3 | Local Epoch : 2 | [64/605 (11%)]	Loss1: 5.840334 Loss2: 0.000025 
| Global Round : 47 | Client :3 | Local Epoch : 3 | [64/605 (11%)]	Loss1: 5.840188 Loss2: 0.000027 
| Global Round : 47 | Client :3 | Local Epoch : 4 | [64/605 (11%)]	Loss1: 5.840737 Loss2: 0.000024 
| Global Round : 47 | Client :4 | Local Epoch : 0 | [64/436 (17%)]	Loss1: 5.840031 Loss2: 0.000040 
| Global Round : 47 | Client :4 | Local Epoch : 1 | [64/436 (17%)]	Loss1: 5.839616 Loss2: 0.000044 
| Global Round : 47 | Client :4 | Local Epoch : 2 | [64/436 (17%)]	Loss1: 5.840250 Loss2: 0.000039 
| Global Round : 47 | Client :4 | Local Epoch : 3 | [64/436 (17%)]	Loss1: 5.839801 Loss2: 0.000045 
| Global Round : 47 | Client :4 | Local Epoch : 4 | [64/436 (17%)]	Loss1: 5.840420 Loss2: 0.000042 
| Global Round : 47 | Client :5 | Local Epoch : 0 | [64/627 (11%)]	Loss1: 5.839371 Loss2: 0.000068 
| Global Round : 47 | Client :5 | Local Epoch : 1 | [64/627 (11%)]	Loss1: 5.839260 Loss2: 0.000068 
| Global Round : 47 | Client :5 | Local Epoch : 2 | [64/627 (11%)]	Loss1: 5.838715 Loss2: 0.000065 
| Global Round : 47 | Client :5 | Local Epoch : 3 | [64/627 (11%)]	Loss1: 5.839356 Loss2: 0.000067 
| Global Round : 47 | Client :5 | Local Epoch : 4 | [64/627 (11%)]	Loss1: 5.839099 Loss2: 0.000070 
| Global Round : 47 | Client :6 | Local Epoch : 0 | [64/571 (12%)]	Loss1: 5.839487 Loss2: 0.000024 
| Global Round : 47 | Client :6 | Local Epoch : 1 | [64/571 (12%)]	Loss1: 5.840068 Loss2: 0.000019 
| Global Round : 47 | Client :6 | Local Epoch : 2 | [64/571 (12%)]	Loss1: 5.839522 Loss2: 0.000024 
| Global Round : 47 | Client :6 | Local Epoch : 3 | [64/571 (12%)]	Loss1: 5.840511 Loss2: 0.000025 
| Global Round : 47 | Client :6 | Local Epoch : 4 | [64/571 (12%)]	Loss1: 5.841619 Loss2: 0.000022 
| Global Round : 47 | Client :7 | Local Epoch : 0 | [64/665 (10%)]	Loss1: 5.842169 Loss2: 0.000029 
| Global Round : 47 | Client :7 | Local Epoch : 1 | [64/665 (10%)]	Loss1: 5.839756 Loss2: 0.000026 
| Global Round : 47 | Client :7 | Local Epoch : 2 | [64/665 (10%)]	Loss1: 5.841325 Loss2: 0.000024 
| Global Round : 47 | Client :7 | Local Epoch : 3 | [64/665 (10%)]	Loss1: 5.839889 Loss2: 0.000027 
| Global Round : 47 | Client :7 | Local Epoch : 4 | [64/665 (10%)]	Loss1: 5.841140 Loss2: 0.000024 
| Global Round : 47 | Client :8 | Local Epoch : 0 | [64/561 (12%)]	Loss1: 5.839321 Loss2: 0.000021 
| Global Round : 47 | Client :8 | Local Epoch : 1 | [64/561 (12%)]	Loss1: 5.839954 Loss2: 0.000028 
| Global Round : 47 | Client :8 | Local Epoch : 2 | [64/561 (12%)]	Loss1: 5.839747 Loss2: 0.000028 
| Global Round : 47 | Client :8 | Local Epoch : 3 | [64/561 (12%)]	Loss1: 5.840348 Loss2: 0.000029 
| Global Round : 47 | Client :8 | Local Epoch : 4 | [64/561 (12%)]	Loss1: 5.839641 Loss2: 0.000027 
| Global Round : 47 | Client :9 | Local Epoch : 0 | [64/811 (8%)]	Loss1: 5.840055 Loss2: 0.000026 
| Global Round : 47 | Client :9 | Local Epoch : 0 | [704/811 (92%)]	Loss1: 5.839427 Loss2: 0.000030 
| Global Round : 47 | Client :9 | Local Epoch : 1 | [64/811 (8%)]	Loss1: 5.840509 Loss2: 0.000032 
| Global Round : 47 | Client :9 | Local Epoch : 1 | [704/811 (92%)]	Loss1: 5.839937 Loss2: 0.000030 
| Global Round : 47 | Client :9 | Local Epoch : 2 | [64/811 (8%)]	Loss1: 5.839869 Loss2: 0.000022 
| Global Round : 47 | Client :9 | Local Epoch : 2 | [704/811 (92%)]	Loss1: 5.839764 Loss2: 0.000031 
| Global Round : 47 | Client :9 | Local Epoch : 3 | [64/811 (8%)]	Loss1: 5.840002 Loss2: 0.000024 
| Global Round : 47 | Client :9 | Local Epoch : 3 | [704/811 (92%)]	Loss1: 5.840305 Loss2: 0.000036 
| Global Round : 47 | Client :9 | Local Epoch : 4 | [64/811 (8%)]	Loss1: 5.839366 Loss2: 0.000030 
| Global Round : 47 | Client :9 | Local Epoch : 4 | [704/811 (92%)]	Loss1: 5.839749 Loss2: 0.000032 
average loss:   5.83828250323023
average local test accuracy: 0.8563802083333332
average global test accuracy:  0.5766927083333334

 | Global Training Round : 48 |

xi_k [0.49001415 0.4801078  0.51378171 0.50705844 0.46905788 0.48916843
 0.47748901 0.51260757 0.48601676 0.5043298 ]
max_exp: -1.0
coe: 10
Regulation [0.8 0.8 0.8 0.8 0.8 0.8 0.8 0.8 0.8 0.8]
Solver status: optimal_inaccurate
b_new: [1. 1. 1. 1. 1. 1. 1. 1. 1. 1.]
Iter 0: obj=48.8963, best_obj=48.8963, ||b_new-b_prev||₂=2.846050
xi_k [0.49001415 0.4801078  0.51378171 0.50705844 0.46905788 0.48916843
 0.47748901 0.51260757 0.48601676 0.5043298 ]
max_exp: -1.0
coe: 10
Regulation [-1. -1. -1. -1. -1. -1. -1. -1. -1. -1.]
Solver status: optimal_inaccurate
b_new: [1. 1. 1. 1. 1. 1. 1. 1. 1. 1.]
Iter 1: obj=49.7963, best_obj=49.7963, ||b_new-b_prev||₂=0.000000
Converged.
Final b: [1. 1. 1. 1. 1. 1. 1. 1. 1. 1.]
<class 'numpy.ndarray'>
b_float: [1. 1. 1. 1. 1. 1. 1. 1. 1. 1.]
b: [1 1 1 1 1 1 1 1 1 1]
active_clients:  [0, 1, 2, 3, 4, 5, 6, 7, 8, 9]
Client 0's s_k are:[0 0 0 0 0 0 0 0 1 1]
Client 1's s_k are:[1 0 0 0 0 1 0 1 1 0]
Client 2's s_k are:[0 0 0 0 0 1 1 0 0 0]
Client 3's s_k are:[0 1 0 0 0 0 0 0 1 0]
Client 4's s_k are:[0 1 0 0 0 0 1 1 0 0]
Client 5's s_k are:[1 1 0 1 0 0 0 0 0 1]
Client 6's s_k are:[1 1 1 1 1 1 0 1 1 1]
Client 7's s_k are:[0 1 1 1 1 1 1 0 1 1]
Client 8's s_k are:[0 1 0 0 0 0 0 0 0 0]
Client 9's s_k are:[1 1 1 0 1 1 1 1 1 0]
| Global Round : 48 | Client :0 | Local Epoch : 0 | [64/626 (11%)]	Loss1: 5.840570 Loss2: 0.000033 
| Global Round : 48 | Client :0 | Local Epoch : 1 | [64/626 (11%)]	Loss1: 5.840826 Loss2: 0.000040 
| Global Round : 48 | Client :0 | Local Epoch : 2 | [64/626 (11%)]	Loss1: 5.839803 Loss2: 0.000041 
| Global Round : 48 | Client :0 | Local Epoch : 3 | [64/626 (11%)]	Loss1: 5.840570 Loss2: 0.000040 
| Global Round : 48 | Client :0 | Local Epoch : 4 | [64/626 (11%)]	Loss1: 5.839963 Loss2: 0.000032 
| Global Round : 48 | Client :1 | Local Epoch : 0 | [64/497 (14%)]	Loss1: 5.840419 Loss2: 0.000042 
| Global Round : 48 | Client :1 | Local Epoch : 1 | [64/497 (14%)]	Loss1: 5.839829 Loss2: 0.000040 
| Global Round : 48 | Client :1 | Local Epoch : 2 | [64/497 (14%)]	Loss1: 5.840202 Loss2: 0.000041 
| Global Round : 48 | Client :1 | Local Epoch : 3 | [64/497 (14%)]	Loss1: 5.841043 Loss2: 0.000039 
| Global Round : 48 | Client :1 | Local Epoch : 4 | [64/497 (14%)]	Loss1: 5.841457 Loss2: 0.000040 
| Global Round : 48 | Client :2 | Local Epoch : 0 | [64/597 (11%)]	Loss1: 5.840433 Loss2: 0.000022 
| Global Round : 48 | Client :2 | Local Epoch : 1 | [64/597 (11%)]	Loss1: 5.839265 Loss2: 0.000018 
| Global Round : 48 | Client :2 | Local Epoch : 2 | [64/597 (11%)]	Loss1: 5.839582 Loss2: 0.000021 
| Global Round : 48 | Client :2 | Local Epoch : 3 | [64/597 (11%)]	Loss1: 5.840512 Loss2: 0.000025 
| Global Round : 48 | Client :2 | Local Epoch : 4 | [64/597 (11%)]	Loss1: 5.839905 Loss2: 0.000021 
| Global Round : 48 | Client :3 | Local Epoch : 0 | [64/605 (11%)]	Loss1: 5.839705 Loss2: 0.000036 
| Global Round : 48 | Client :3 | Local Epoch : 1 | [64/605 (11%)]	Loss1: 5.840755 Loss2: 0.000035 
| Global Round : 48 | Client :3 | Local Epoch : 2 | [64/605 (11%)]	Loss1: 5.841502 Loss2: 0.000033 
| Global Round : 48 | Client :3 | Local Epoch : 3 | [64/605 (11%)]	Loss1: 5.840082 Loss2: 0.000033 
| Global Round : 48 | Client :3 | Local Epoch : 4 | [64/605 (11%)]	Loss1: 5.839356 Loss2: 0.000032 
| Global Round : 48 | Client :4 | Local Epoch : 0 | [64/436 (17%)]	Loss1: 5.838784 Loss2: 0.000038 
| Global Round : 48 | Client :4 | Local Epoch : 1 | [64/436 (17%)]	Loss1: 5.839973 Loss2: 0.000041 
| Global Round : 48 | Client :4 | Local Epoch : 2 | [64/436 (17%)]	Loss1: 5.839696 Loss2: 0.000038 
| Global Round : 48 | Client :4 | Local Epoch : 3 | [64/436 (17%)]	Loss1: 5.840136 Loss2: 0.000035 
| Global Round : 48 | Client :4 | Local Epoch : 4 | [64/436 (17%)]	Loss1: 5.840789 Loss2: 0.000039 
| Global Round : 48 | Client :5 | Local Epoch : 0 | [64/627 (11%)]	Loss1: 5.839148 Loss2: 0.000034 
| Global Round : 48 | Client :5 | Local Epoch : 1 | [64/627 (11%)]	Loss1: 5.839466 Loss2: 0.000035 
| Global Round : 48 | Client :5 | Local Epoch : 2 | [64/627 (11%)]	Loss1: 5.840012 Loss2: 0.000034 
| Global Round : 48 | Client :5 | Local Epoch : 3 | [64/627 (11%)]	Loss1: 5.839723 Loss2: 0.000037 
| Global Round : 48 | Client :5 | Local Epoch : 4 | [64/627 (11%)]	Loss1: 5.839242 Loss2: 0.000035 
| Global Round : 48 | Client :6 | Local Epoch : 0 | [64/571 (12%)]	Loss1: 5.839977 Loss2: 0.000024 
| Global Round : 48 | Client :6 | Local Epoch : 1 | [64/571 (12%)]	Loss1: 5.840811 Loss2: 0.000024 
| Global Round : 48 | Client :6 | Local Epoch : 2 | [64/571 (12%)]	Loss1: 5.839508 Loss2: 0.000024 
| Global Round : 48 | Client :6 | Local Epoch : 3 | [64/571 (12%)]	Loss1: 5.839504 Loss2: 0.000023 
| Global Round : 48 | Client :6 | Local Epoch : 4 | [64/571 (12%)]	Loss1: 5.839966 Loss2: 0.000021 
| Global Round : 48 | Client :7 | Local Epoch : 0 | [64/665 (10%)]	Loss1: 5.840490 Loss2: 0.000024 
| Global Round : 48 | Client :7 | Local Epoch : 1 | [64/665 (10%)]	Loss1: 5.840487 Loss2: 0.000026 
| Global Round : 48 | Client :7 | Local Epoch : 2 | [64/665 (10%)]	Loss1: 5.839367 Loss2: 0.000023 
| Global Round : 48 | Client :7 | Local Epoch : 3 | [64/665 (10%)]	Loss1: 5.839880 Loss2: 0.000025 
| Global Round : 48 | Client :7 | Local Epoch : 4 | [64/665 (10%)]	Loss1: 5.840293 Loss2: 0.000024 
| Global Round : 48 | Client :8 | Local Epoch : 0 | [64/561 (12%)]	Loss1: 5.839941 Loss2: 0.000050 
| Global Round : 48 | Client :8 | Local Epoch : 1 | [64/561 (12%)]	Loss1: 5.840487 Loss2: 0.000047 
| Global Round : 48 | Client :8 | Local Epoch : 2 | [64/561 (12%)]	Loss1: 5.839231 Loss2: 0.000047 
| Global Round : 48 | Client :8 | Local Epoch : 3 | [64/561 (12%)]	Loss1: 5.840443 Loss2: 0.000046 
| Global Round : 48 | Client :8 | Local Epoch : 4 | [64/561 (12%)]	Loss1: 5.839785 Loss2: 0.000045 
| Global Round : 48 | Client :9 | Local Epoch : 0 | [64/811 (8%)]	Loss1: 5.840348 Loss2: 0.000024 
| Global Round : 48 | Client :9 | Local Epoch : 0 | [704/811 (92%)]	Loss1: 5.839520 Loss2: 0.000032 
| Global Round : 48 | Client :9 | Local Epoch : 1 | [64/811 (8%)]	Loss1: 5.840423 Loss2: 0.000026 
| Global Round : 48 | Client :9 | Local Epoch : 1 | [704/811 (92%)]	Loss1: 5.840192 Loss2: 0.000021 
| Global Round : 48 | Client :9 | Local Epoch : 2 | [64/811 (8%)]	Loss1: 5.839642 Loss2: 0.000026 
| Global Round : 48 | Client :9 | Local Epoch : 2 | [704/811 (92%)]	Loss1: 5.841287 Loss2: 0.000029 
| Global Round : 48 | Client :9 | Local Epoch : 3 | [64/811 (8%)]	Loss1: 5.840302 Loss2: 0.000031 
| Global Round : 48 | Client :9 | Local Epoch : 3 | [704/811 (92%)]	Loss1: 5.840034 Loss2: 0.000024 
| Global Round : 48 | Client :9 | Local Epoch : 4 | [64/811 (8%)]	Loss1: 5.839133 Loss2: 0.000025 
| Global Round : 48 | Client :9 | Local Epoch : 4 | [704/811 (92%)]	Loss1: 5.840223 Loss2: 0.000028 
average loss:   5.838304357263778
average local test accuracy: 0.8548177083333334
average global test accuracy:  0.5584635416666666

 | Global Training Round : 49 |

xi_k [0.48999938 0.48012497 0.51379089 0.50705245 0.46906206 0.48918284
 0.47749025 0.51259324 0.48600975 0.50431178]
max_exp: -1.0
coe: 10
Regulation [0.8 0.8 0.8 0.8 0.8 0.8 0.8 0.8 0.8 0.8]
Solver status: optimal_inaccurate
b_new: [1. 1. 1. 1. 1. 1. 1. 1. 1. 1.]
Iter 0: obj=48.8962, best_obj=48.8962, ||b_new-b_prev||₂=2.846050
xi_k [0.48999938 0.48012497 0.51379089 0.50705245 0.46906206 0.48918284
 0.47749025 0.51259324 0.48600975 0.50431178]
max_exp: -1.0
coe: 10
Regulation [-1. -1. -1. -1. -1. -1. -1. -1. -1. -1.]
Solver status: optimal_inaccurate
b_new: [1. 1. 1. 1. 1. 1. 1. 1. 1. 1.]
Iter 1: obj=49.7962, best_obj=49.7962, ||b_new-b_prev||₂=0.000000
Converged.
Final b: [1. 1. 1. 1. 1. 1. 1. 1. 1. 1.]
<class 'numpy.ndarray'>
b_float: [1. 1. 1. 1. 1. 1. 1. 1. 1. 1.]
b: [1 1 1 1 1 1 1 1 1 1]
active_clients:  [0, 1, 2, 3, 4, 5, 6, 7, 8, 9]
Client 0's s_k are:[0 1 1 1 1 1 1 1 0 1]
Client 1's s_k are:[0 0 0 0 0 1 0 0 0 0]
Client 2's s_k are:[0 0 0 1 0 1 0 0 0 0]
Client 3's s_k are:[0 0 1 0 0 1 0 0 1 0]
Client 4's s_k are:[1 1 1 0 0 1 1 1 0 1]
Client 5's s_k are:[1 1 1 1 1 0 1 1 1 1]
Client 6's s_k are:[0 1 0 0 1 1 0 1 1 1]
Client 7's s_k are:[1 1 0 1 1 1 1 0 1 1]
Client 8's s_k are:[0 1 0 0 0 0 0 0 0 0]
Client 9's s_k are:[1 0 0 0 0 1 1 0 1 0]
| Global Round : 49 | Client :0 | Local Epoch : 0 | [64/626 (11%)]	Loss1: 5.839361 Loss2: 0.000032 
| Global Round : 49 | Client :0 | Local Epoch : 1 | [64/626 (11%)]	Loss1: 5.841013 Loss2: 0.000025 
| Global Round : 49 | Client :0 | Local Epoch : 2 | [64/626 (11%)]	Loss1: 5.839782 Loss2: 0.000026 
| Global Round : 49 | Client :0 | Local Epoch : 3 | [64/626 (11%)]	Loss1: 5.840362 Loss2: 0.000025 
| Global Round : 49 | Client :0 | Local Epoch : 4 | [64/626 (11%)]	Loss1: 5.840830 Loss2: 0.000022 
| Global Round : 49 | Client :1 | Local Epoch : 0 | [64/497 (14%)]	Loss1: 5.839479 Loss2: 0.000060 
| Global Round : 49 | Client :1 | Local Epoch : 1 | [64/497 (14%)]	Loss1: 5.840213 Loss2: 0.000064 
| Global Round : 49 | Client :1 | Local Epoch : 2 | [64/497 (14%)]	Loss1: 5.841496 Loss2: 0.000066 
| Global Round : 49 | Client :1 | Local Epoch : 3 | [64/497 (14%)]	Loss1: 5.840517 Loss2: 0.000067 
| Global Round : 49 | Client :1 | Local Epoch : 4 | [64/497 (14%)]	Loss1: 5.840838 Loss2: 0.000063 
| Global Round : 49 | Client :2 | Local Epoch : 0 | [64/597 (11%)]	Loss1: 5.839938 Loss2: 0.000026 
| Global Round : 49 | Client :2 | Local Epoch : 1 | [64/597 (11%)]	Loss1: 5.839416 Loss2: 0.000029 
| Global Round : 49 | Client :2 | Local Epoch : 2 | [64/597 (11%)]	Loss1: 5.839387 Loss2: 0.000028 
| Global Round : 49 | Client :2 | Local Epoch : 3 | [64/597 (11%)]	Loss1: 5.839513 Loss2: 0.000026 
| Global Round : 49 | Client :2 | Local Epoch : 4 | [64/597 (11%)]	Loss1: 5.840089 Loss2: 0.000023 
| Global Round : 49 | Client :3 | Local Epoch : 0 | [64/605 (11%)]	Loss1: 5.839960 Loss2: 0.000019 
| Global Round : 49 | Client :3 | Local Epoch : 1 | [64/605 (11%)]	Loss1: 5.840817 Loss2: 0.000024 
| Global Round : 49 | Client :3 | Local Epoch : 2 | [64/605 (11%)]	Loss1: 5.841404 Loss2: 0.000024 
| Global Round : 49 | Client :3 | Local Epoch : 3 | [64/605 (11%)]	Loss1: 5.839681 Loss2: 0.000021 
| Global Round : 49 | Client :3 | Local Epoch : 4 | [64/605 (11%)]	Loss1: 5.839969 Loss2: 0.000024 
| Global Round : 49 | Client :4 | Local Epoch : 0 | [64/436 (17%)]	Loss1: 5.839785 Loss2: 0.000043 
| Global Round : 49 | Client :4 | Local Epoch : 1 | [64/436 (17%)]	Loss1: 5.839697 Loss2: 0.000036 
| Global Round : 49 | Client :4 | Local Epoch : 2 | [64/436 (17%)]	Loss1: 5.840444 Loss2: 0.000042 
| Global Round : 49 | Client :4 | Local Epoch : 3 | [64/436 (17%)]	Loss1: 5.839925 Loss2: 0.000042 
| Global Round : 49 | Client :4 | Local Epoch : 4 | [64/436 (17%)]	Loss1: 5.840055 Loss2: 0.000041 
| Global Round : 49 | Client :5 | Local Epoch : 0 | [64/627 (11%)]	Loss1: 5.840102 Loss2: 0.000032 
| Global Round : 49 | Client :5 | Local Epoch : 1 | [64/627 (11%)]	Loss1: 5.839493 Loss2: 0.000033 
| Global Round : 49 | Client :5 | Local Epoch : 2 | [64/627 (11%)]	Loss1: 5.839790 Loss2: 0.000036 
| Global Round : 49 | Client :5 | Local Epoch : 3 | [64/627 (11%)]	Loss1: 5.839076 Loss2: 0.000033 
| Global Round : 49 | Client :5 | Local Epoch : 4 | [64/627 (11%)]	Loss1: 5.839889 Loss2: 0.000034 
| Global Round : 49 | Client :6 | Local Epoch : 0 | [64/571 (12%)]	Loss1: 5.840415 Loss2: 0.000027 
| Global Round : 49 | Client :6 | Local Epoch : 1 | [64/571 (12%)]	Loss1: 5.839415 Loss2: 0.000029 
| Global Round : 49 | Client :6 | Local Epoch : 2 | [64/571 (12%)]	Loss1: 5.839584 Loss2: 0.000028 
| Global Round : 49 | Client :6 | Local Epoch : 3 | [64/571 (12%)]	Loss1: 5.839776 Loss2: 0.000031 
| Global Round : 49 | Client :6 | Local Epoch : 4 | [64/571 (12%)]	Loss1: 5.839221 Loss2: 0.000028 
| Global Round : 49 | Client :7 | Local Epoch : 0 | [64/665 (10%)]	Loss1: 5.840000 Loss2: 0.000023 
| Global Round : 49 | Client :7 | Local Epoch : 1 | [64/665 (10%)]	Loss1: 5.840928 Loss2: 0.000023 
| Global Round : 49 | Client :7 | Local Epoch : 2 | [64/665 (10%)]	Loss1: 5.840202 Loss2: 0.000021 
| Global Round : 49 | Client :7 | Local Epoch : 3 | [64/665 (10%)]	Loss1: 5.840505 Loss2: 0.000020 
| Global Round : 49 | Client :7 | Local Epoch : 4 | [64/665 (10%)]	Loss1: 5.840578 Loss2: 0.000022 
| Global Round : 49 | Client :8 | Local Epoch : 0 | [64/561 (12%)]	Loss1: 5.839578 Loss2: 0.000047 
| Global Round : 49 | Client :8 | Local Epoch : 1 | [64/561 (12%)]	Loss1: 5.840138 Loss2: 0.000050 
| Global Round : 49 | Client :8 | Local Epoch : 2 | [64/561 (12%)]	Loss1: 5.841733 Loss2: 0.000044 
| Global Round : 49 | Client :8 | Local Epoch : 3 | [64/561 (12%)]	Loss1: 5.839878 Loss2: 0.000048 
| Global Round : 49 | Client :8 | Local Epoch : 4 | [64/561 (12%)]	Loss1: 5.840413 Loss2: 0.000046 
| Global Round : 49 | Client :9 | Local Epoch : 0 | [64/811 (8%)]	Loss1: 5.839814 Loss2: 0.000021 
| Global Round : 49 | Client :9 | Local Epoch : 0 | [704/811 (92%)]	Loss1: 5.839900 Loss2: 0.000032 
| Global Round : 49 | Client :9 | Local Epoch : 1 | [64/811 (8%)]	Loss1: 5.840070 Loss2: 0.000026 
| Global Round : 49 | Client :9 | Local Epoch : 1 | [704/811 (92%)]	Loss1: 5.839166 Loss2: 0.000032 
| Global Round : 49 | Client :9 | Local Epoch : 2 | [64/811 (8%)]	Loss1: 5.839625 Loss2: 0.000026 
| Global Round : 49 | Client :9 | Local Epoch : 2 | [704/811 (92%)]	Loss1: 5.840693 Loss2: 0.000029 
| Global Round : 49 | Client :9 | Local Epoch : 3 | [64/811 (8%)]	Loss1: 5.840166 Loss2: 0.000031 
| Global Round : 49 | Client :9 | Local Epoch : 3 | [704/811 (92%)]	Loss1: 5.840278 Loss2: 0.000029 
| Global Round : 49 | Client :9 | Local Epoch : 4 | [64/811 (8%)]	Loss1: 5.839799 Loss2: 0.000027 
| Global Round : 49 | Client :9 | Local Epoch : 4 | [704/811 (92%)]	Loss1: 5.839926 Loss2: 0.000034 
average loss:   5.838303962624262
average local test accuracy: 0.8567708333333333
average global test accuracy:  0.5834635416666667

 | Global Training Round : 50 |

xi_k [0.49000075 0.48014069 0.5137895  0.50703739 0.46907466 0.48916139
 0.47749393 0.51259521 0.48601862 0.50430067]
max_exp: -1.0
coe: 10
Regulation [0.8 0.8 0.8 0.8 0.8 0.8 0.8 0.8 0.8 0.8]
Solver status: optimal_inaccurate
b_new: [1. 1. 1. 1. 1. 1. 1. 1. 1. 1.]
Iter 0: obj=48.8961, best_obj=48.8961, ||b_new-b_prev||₂=2.846050
xi_k [0.49000075 0.48014069 0.5137895  0.50703739 0.46907466 0.48916139
 0.47749393 0.51259521 0.48601862 0.50430067]
max_exp: -1.0
coe: 10
Regulation [-1. -1. -1. -1. -1. -1. -1. -1. -1. -1.]
Solver status: optimal_inaccurate
b_new: [1. 1. 1. 1. 1. 1. 1. 1. 1. 1.]
Iter 1: obj=49.7961, best_obj=49.7961, ||b_new-b_prev||₂=0.000000
Converged.
Final b: [1. 1. 1. 1. 1. 1. 1. 1. 1. 1.]
<class 'numpy.ndarray'>
b_float: [1. 1. 1. 1. 1. 1. 1. 1. 1. 1.]
b: [1 1 1 1 1 1 1 1 1 1]
active_clients:  [0, 1, 2, 3, 4, 5, 6, 7, 8, 9]
Client 0's s_k are:[0 0 1 0 1 0 0 0 0 0]
Client 1's s_k are:[0 0 0 0 0 0 0 0 0 1]
Client 2's s_k are:[0 0 0 1 1 1 1 1 0 1]
Client 3's s_k are:[0 0 1 0 1 1 0 0 1 0]
Client 4's s_k are:[0 0 1 0 0 0 1 0 0 0]
Client 5's s_k are:[0 0 0 0 0 0 0 0 0 1]
Client 6's s_k are:[1 1 1 1 1 1 0 1 1 1]
Client 7's s_k are:[1 0 0 1 0 0 1 0 1 1]
Client 8's s_k are:[1 1 1 1 1 1 0 0 0 0]
Client 9's s_k are:[0 0 0 0 1 0 0 1 0 0]
| Global Round : 50 | Client :0 | Local Epoch : 0 | [64/626 (11%)]	Loss1: 5.840170 Loss2: 0.000030 
| Global Round : 50 | Client :0 | Local Epoch : 1 | [64/626 (11%)]	Loss1: 5.840189 Loss2: 0.000036 
| Global Round : 50 | Client :0 | Local Epoch : 2 | [64/626 (11%)]	Loss1: 5.841063 Loss2: 0.000033 
| Global Round : 50 | Client :0 | Local Epoch : 3 | [64/626 (11%)]	Loss1: 5.840136 Loss2: 0.000030 
| Global Round : 50 | Client :0 | Local Epoch : 4 | [64/626 (11%)]	Loss1: 5.839626 Loss2: 0.000029 
| Global Round : 50 | Client :1 | Local Epoch : 0 | [64/497 (14%)]	Loss1: 5.840899 Loss2: 0.000061 
| Global Round : 50 | Client :1 | Local Epoch : 1 | [64/497 (14%)]	Loss1: 5.840873 Loss2: 0.000065 
| Global Round : 50 | Client :1 | Local Epoch : 2 | [64/497 (14%)]	Loss1: 5.841058 Loss2: 0.000062 
| Global Round : 50 | Client :1 | Local Epoch : 3 | [64/497 (14%)]	Loss1: 5.840303 Loss2: 0.000054 
| Global Round : 50 | Client :1 | Local Epoch : 4 | [64/497 (14%)]	Loss1: 5.839765 Loss2: 0.000060 
| Global Round : 50 | Client :2 | Local Epoch : 0 | [64/597 (11%)]	Loss1: 5.839243 Loss2: 0.000020 
| Global Round : 50 | Client :2 | Local Epoch : 1 | [64/597 (11%)]	Loss1: 5.839654 Loss2: 0.000020 
| Global Round : 50 | Client :2 | Local Epoch : 2 | [64/597 (11%)]	Loss1: 5.839643 Loss2: 0.000023 
| Global Round : 50 | Client :2 | Local Epoch : 3 | [64/597 (11%)]	Loss1: 5.839289 Loss2: 0.000024 
| Global Round : 50 | Client :2 | Local Epoch : 4 | [64/597 (11%)]	Loss1: 5.839329 Loss2: 0.000020 
| Global Round : 50 | Client :3 | Local Epoch : 0 | [64/605 (11%)]	Loss1: 5.840656 Loss2: 0.000024 
| Global Round : 50 | Client :3 | Local Epoch : 1 | [64/605 (11%)]	Loss1: 5.840824 Loss2: 0.000030 
| Global Round : 50 | Client :3 | Local Epoch : 2 | [64/605 (11%)]	Loss1: 5.840711 Loss2: 0.000023 
| Global Round : 50 | Client :3 | Local Epoch : 3 | [64/605 (11%)]	Loss1: 5.840138 Loss2: 0.000025 
| Global Round : 50 | Client :3 | Local Epoch : 4 | [64/605 (11%)]	Loss1: 5.840927 Loss2: 0.000025 
| Global Round : 50 | Client :4 | Local Epoch : 0 | [64/436 (17%)]	Loss1: 5.840413 Loss2: 0.000054 
| Global Round : 50 | Client :4 | Local Epoch : 1 | [64/436 (17%)]	Loss1: 5.839653 Loss2: 0.000056 
| Global Round : 50 | Client :4 | Local Epoch : 2 | [64/436 (17%)]	Loss1: 5.840308 Loss2: 0.000055 
| Global Round : 50 | Client :4 | Local Epoch : 3 | [64/436 (17%)]	Loss1: 5.839181 Loss2: 0.000055 
| Global Round : 50 | Client :4 | Local Epoch : 4 | [64/436 (17%)]	Loss1: 5.840698 Loss2: 0.000051 
| Global Round : 50 | Client :5 | Local Epoch : 0 | [64/627 (11%)]	Loss1: 5.839479 Loss2: 0.000036 
| Global Round : 50 | Client :5 | Local Epoch : 1 | [64/627 (11%)]	Loss1: 5.839317 Loss2: 0.000035 
| Global Round : 50 | Client :5 | Local Epoch : 2 | [64/627 (11%)]	Loss1: 5.839224 Loss2: 0.000031 
| Global Round : 50 | Client :5 | Local Epoch : 3 | [64/627 (11%)]	Loss1: 5.839603 Loss2: 0.000033 
| Global Round : 50 | Client :5 | Local Epoch : 4 | [64/627 (11%)]	Loss1: 5.839761 Loss2: 0.000036 
| Global Round : 50 | Client :6 | Local Epoch : 0 | [64/571 (12%)]	Loss1: 5.840009 Loss2: 0.000025 
| Global Round : 50 | Client :6 | Local Epoch : 1 | [64/571 (12%)]	Loss1: 5.840646 Loss2: 0.000024 
| Global Round : 50 | Client :6 | Local Epoch : 2 | [64/571 (12%)]	Loss1: 5.839880 Loss2: 0.000026 
| Global Round : 50 | Client :6 | Local Epoch : 3 | [64/571 (12%)]	Loss1: 5.839065 Loss2: 0.000021 
| Global Round : 50 | Client :6 | Local Epoch : 4 | [64/571 (12%)]	Loss1: 5.840546 Loss2: 0.000024 
| Global Round : 50 | Client :7 | Local Epoch : 0 | [64/665 (10%)]	Loss1: 5.840534 Loss2: 0.000025 
| Global Round : 50 | Client :7 | Local Epoch : 1 | [64/665 (10%)]	Loss1: 5.841014 Loss2: 0.000023 
| Global Round : 50 | Client :7 | Local Epoch : 2 | [64/665 (10%)]	Loss1: 5.839607 Loss2: 0.000025 
| Global Round : 50 | Client :7 | Local Epoch : 3 | [64/665 (10%)]	Loss1: 5.839410 Loss2: 0.000023 
| Global Round : 50 | Client :7 | Local Epoch : 4 | [64/665 (10%)]	Loss1: 5.840318 Loss2: 0.000030 
| Global Round : 50 | Client :8 | Local Epoch : 0 | [64/561 (12%)]	Loss1: 5.839685 Loss2: 0.000029 
| Global Round : 50 | Client :8 | Local Epoch : 1 | [64/561 (12%)]	Loss1: 5.840544 Loss2: 0.000029 
| Global Round : 50 | Client :8 | Local Epoch : 2 | [64/561 (12%)]	Loss1: 5.840273 Loss2: 0.000026 
| Global Round : 50 | Client :8 | Local Epoch : 3 | [64/561 (12%)]	Loss1: 5.840038 Loss2: 0.000026 
| Global Round : 50 | Client :8 | Local Epoch : 4 | [64/561 (12%)]	Loss1: 5.840778 Loss2: 0.000025 
| Global Round : 50 | Client :9 | Local Epoch : 0 | [64/811 (8%)]	Loss1: 5.840155 Loss2: 0.000041 
| Global Round : 50 | Client :9 | Local Epoch : 0 | [704/811 (92%)]	Loss1: 5.840306 Loss2: 0.000041 
| Global Round : 50 | Client :9 | Local Epoch : 1 | [64/811 (8%)]	Loss1: 5.839934 Loss2: 0.000045 
| Global Round : 50 | Client :9 | Local Epoch : 1 | [704/811 (92%)]	Loss1: 5.840304 Loss2: 0.000047 
| Global Round : 50 | Client :9 | Local Epoch : 2 | [64/811 (8%)]	Loss1: 5.839294 Loss2: 0.000038 
| Global Round : 50 | Client :9 | Local Epoch : 2 | [704/811 (92%)]	Loss1: 5.839943 Loss2: 0.000036 
| Global Round : 50 | Client :9 | Local Epoch : 3 | [64/811 (8%)]	Loss1: 5.839195 Loss2: 0.000043 
| Global Round : 50 | Client :9 | Local Epoch : 3 | [704/811 (92%)]	Loss1: 5.839916 Loss2: 0.000047 
| Global Round : 50 | Client :9 | Local Epoch : 4 | [64/811 (8%)]	Loss1: 5.840846 Loss2: 0.000039 
| Global Round : 50 | Client :9 | Local Epoch : 4 | [704/811 (92%)]	Loss1: 5.840303 Loss2: 0.000043 
/home/gyh/anaconda3/envs/pt_38py_env/lib/python3.8/site-packages/torch/distributed/distributed_c10d.py:151: UserWarning: torch.distributed.reduce_op is deprecated, please use torch.distributed.ReduceOp instead
  warnings.warn("torch.distributed.reduce_op is deprecated, please use "
average loss:   5.838289728221439
average local test accuracy: 0.8532552083333332
average global test accuracy:  0.5421875
Figures plotted successfully.
Training is completed.
running time: 8057.364454507828 s 

Storage on cpu
-------------------------------------------------------------------------------
Total Tensors: 55285948 	Used Memory: 54.15M
-------------------------------------------------------------------------------

Storage on cuda:0
-------------------------------------------------------------------------------
Total Tensors: 345885 	Used Memory: 1.31M
The allocated memory on cuda:0: 5.54M
Memory differs due to the matrix alignment or invisible gradient buffer tensors
-------------------------------------------------------------------------------
Model is saved on: 
./checkpoint/FMNIST/0627c76c6fe226dc2ef8b4f5ccb0e77b38c1dbca762dff2def95d0e0b0142749.pth
