nohup: 忽略输入
1.9.0+cu111
cuda
Namespace(CVX_iterations=20, alg='FedKD', batch_size=64, beta=1.0, clip_grad=None, clock_frequency=array([1943792.60849419, 2061493.5520041 , 4635783.51768636,
       6391655.8404885 , 8954447.94721292, 9858260.87766588,
       9984857.60775736, 2047933.70025441, 6266505.19089207,
       5442048.82138628]), code_len=32, dataset='FMNIST', duration_round=1000000, energy_threshold=1000000.0, eval_only=False, gamma=0.05, is_allocation=True, lam=10, lambda2=0.05, local_ep=5, log_frq=5, loss_F='MSE', lr=0.001, lr_sh_rate=10, method_Bandwidth='CVX', method_Frequency='CVX', method_Teacher='Greedy', method_tier='Random', model='CNN', num_classes=10, num_clients=10, num_epochs=50, num_tiers=1, part=0.1, sample_method='Dirichlet', sampling_rate=1, save_model=True, seed=0, std=2, temp=1, tol=0.001, total_bandwidth=1e+30, transmit_power=0.5, upload_model=True, use_lrschd=False)
idx_batch [5732, 4481, 4482, 6200, 6252, 6048, 5342, 8244, 7149, 6070]
idx_batch_test [952, 746, 747, 1033, 1042, 1008, 891, 1373, 1192, 1016]
min_size 746
Loaders_test[0] is empty: False
Loaders_test[1] is empty: False
Loaders_test[2] is empty: False
Loaders_test[3] is empty: False
Loaders_test[4] is empty: False
Loaders_test[5] is empty: False
Loaders_test[6] is empty: False
Loaders_test[7] is empty: False
Loaders_test[8] is empty: False
Loaders_test[9] is empty: False
Length of Loaders_test[0]: 190
Length of Loaders_test[1]: 149
Length of Loaders_test[2]: 149
Length of Loaders_test[3]: 206
Length of Loaders_test[4]: 208
Length of Loaders_test[5]: 201
Length of Loaders_test[6]: 178
Length of Loaders_test[7]: 274
Length of Loaders_test[8]: 238
Length of Loaders_test[9]: 203
Length of global_loader_test: 194
len(Loaders_train) 8
Client 0 data distribution:
[110, 13, 15, 94, 206, 5, 0, 4, 10, 55]
Client 1 data distribution:
[51, 7, 8, 29, 8, 107, 57, 85, 38, 58]
Client 2 data distribution:
[17, 96, 60, 120, 22, 45, 61, 15, 1, 11]
Client 3 data distribution:
[20, 28, 122, 36, 30, 26, 22, 153, 7, 132]
Client 4 data distribution:
[10, 12, 154, 10, 18, 76, 20, 41, 205, 30]
Client 5 data distribution:
[77, 115, 24, 90, 30, 38, 0, 202, 0, 0]
Client 6 data distribution:
[28, 82, 39, 26, 15, 106, 41, 29, 85, 61]
Client 7 data distribution:
[16, 31, 5, 32, 20, 47, 147, 8, 241, 221]
Client 8 data distribution:
[151, 100, 57, 23, 115, 81, 177, 0, 0, 0]
Client 9 data distribution:
[84, 69, 42, 139, 99, 27, 71, 45, 0, 0]
Checkpoint dir: ./checkpoint/FMNIST/
CNN
# model parameters: 15722
variances:  [0.26453688725452096, 0.7113418833792982, 0.5252510531506868, 0.44938769592857386, 0.7197843741236869, 0.06392554544380658, 0.22013792966965628, 0.20582562740371924, 0.8791766065720436, 0.7516427436019142]
h:  [0.53644633 0.64254115 1.19308462 0.02725807 1.48386375 0.0605044
 0.27911137 0.59717542 2.26547395 1.75143193]
Random
tiered_clients:  {1: [5, 1, 6, 2, 9, 7, 0, 3, 4, 8]}

 | Global Training Round : 1 |

xi_k [0.4854223  0.54972609 0.54629329 0.50858883 0.50394772 0.52408201
 0.52570769 0.51077161 0.53941159 0.51803001]
max_exp: -1.0
coe: 10
Regulation [0.8 0.8 0.8 0.8 0.8 0.8 0.8 0.8 0.8 0.8]
Solver status: optimal_inaccurate
b_new: [1. 1. 1. 1. 1. 1. 1. 1. 1. 1.]
Iter 0: obj=51.7198, best_obj=51.7198, ||b_new-b_prev||₂=2.846050
xi_k [0.4854223  0.54972609 0.54629329 0.50858883 0.50394772 0.52408201
 0.52570769 0.51077161 0.53941159 0.51803001]
max_exp: -1.0
coe: 10
Regulation [-1. -1. -1. -1. -1. -1. -1. -1. -1. -1.]
Solver status: optimal_inaccurate
b_new: [1. 1. 1. 1. 1. 1. 1. 1. 1. 1.]
Iter 1: obj=52.6198, best_obj=52.6198, ||b_new-b_prev||₂=0.000000
Converged.
Final b: [1. 1. 1. 1. 1. 1. 1. 1. 1. 1.]
<class 'numpy.ndarray'>
b_float: [1. 1. 1. 1. 1. 1. 1. 1. 1. 1.]
b: [1 1 1 1 1 1 1 1 1 1]
active_clients:  [0, 1, 2, 3, 4, 5, 6, 7, 8, 9]
Client 0's s_k are:[0 1 1 1 1 1 1 1 1 1]
Client 1's s_k are:[1 0 1 1 1 1 1 1 1 1]
Client 2's s_k are:[1 1 0 1 1 1 1 1 1 1]
Client 3's s_k are:[1 1 1 0 1 1 1 1 1 1]
Client 4's s_k are:[1 1 1 1 0 1 1 1 1 1]
Client 5's s_k are:[1 1 1 1 1 0 1 1 1 1]
Client 6's s_k are:[1 1 1 1 1 1 0 1 1 1]
Client 7's s_k are:[1 1 1 1 1 1 1 0 1 1]
Client 8's s_k are:[1 1 1 1 1 1 1 1 0 1]
Client 9's s_k are:[1 1 1 1 1 1 1 1 1 0]
| Global Round : 1 | Client :0 | Local Epoch : 0 | [64/573 (12%)]	Loss1: 5.902564 Loss2: 0.000026 
| Global Round : 1 | Client :0 | Local Epoch : 1 | [64/573 (12%)]	Loss1: 5.867069 Loss2: 0.000077 
| Global Round : 1 | Client :0 | Local Epoch : 2 | [64/573 (12%)]	Loss1: 5.858119 Loss2: 0.000080 
| Global Round : 1 | Client :0 | Local Epoch : 3 | [64/573 (12%)]	Loss1: 5.861067 Loss2: 0.000083 
| Global Round : 1 | Client :0 | Local Epoch : 4 | [64/573 (12%)]	Loss1: 5.854218 Loss2: 0.000088 
| Global Round : 1 | Client :1 | Local Epoch : 0 | [64/448 (14%)]	Loss1: 5.928227 Loss2: 0.000026 
| Global Round : 1 | Client :1 | Local Epoch : 1 | [64/448 (14%)]	Loss1: 5.879426 Loss2: 0.000093 
| Global Round : 1 | Client :1 | Local Epoch : 2 | [64/448 (14%)]	Loss1: 5.874776 Loss2: 0.000083 
| Global Round : 1 | Client :1 | Local Epoch : 3 | [64/448 (14%)]	Loss1: 5.869003 Loss2: 0.000103 
| Global Round : 1 | Client :1 | Local Epoch : 4 | [64/448 (14%)]	Loss1: 5.866445 Loss2: 0.000100 
| Global Round : 1 | Client :2 | Local Epoch : 0 | [64/448 (14%)]	Loss1: 5.911106 Loss2: 0.000028 
| Global Round : 1 | Client :2 | Local Epoch : 1 | [64/448 (14%)]	Loss1: 5.873553 Loss2: 0.000066 
| Global Round : 1 | Client :2 | Local Epoch : 2 | [64/448 (14%)]	Loss1: 5.865958 Loss2: 0.000057 
| Global Round : 1 | Client :2 | Local Epoch : 3 | [64/448 (14%)]	Loss1: 5.863672 Loss2: 0.000053 
| Global Round : 1 | Client :2 | Local Epoch : 4 | [64/448 (14%)]	Loss1: 5.862706 Loss2: 0.000065 
| Global Round : 1 | Client :3 | Local Epoch : 0 | [64/620 (11%)]	Loss1: 5.918130 Loss2: 0.000041 
| Global Round : 1 | Client :3 | Local Epoch : 1 | [64/620 (11%)]	Loss1: 5.871218 Loss2: 0.000079 
| Global Round : 1 | Client :3 | Local Epoch : 2 | [64/620 (11%)]	Loss1: 5.868493 Loss2: 0.000051 
| Global Round : 1 | Client :3 | Local Epoch : 3 | [64/620 (11%)]	Loss1: 5.862384 Loss2: 0.000052 
| Global Round : 1 | Client :3 | Local Epoch : 4 | [64/620 (11%)]	Loss1: 5.859010 Loss2: 0.000066 
| Global Round : 1 | Client :4 | Local Epoch : 0 | [64/625 (11%)]	Loss1: 5.916439 Loss2: 0.000045 
| Global Round : 1 | Client :4 | Local Epoch : 1 | [64/625 (11%)]	Loss1: 5.874043 Loss2: 0.000029 
| Global Round : 1 | Client :4 | Local Epoch : 2 | [64/625 (11%)]	Loss1: 5.864911 Loss2: 0.000034 
| Global Round : 1 | Client :4 | Local Epoch : 3 | [64/625 (11%)]	Loss1: 5.864054 Loss2: 0.000038 
| Global Round : 1 | Client :4 | Local Epoch : 4 | [64/625 (11%)]	Loss1: 5.859571 Loss2: 0.000047 
| Global Round : 1 | Client :5 | Local Epoch : 0 | [64/604 (11%)]	Loss1: 5.928470 Loss2: 0.000062 
| Global Round : 1 | Client :5 | Local Epoch : 1 | [64/604 (11%)]	Loss1: 5.872842 Loss2: 0.000072 
| Global Round : 1 | Client :5 | Local Epoch : 2 | [64/604 (11%)]	Loss1: 5.864443 Loss2: 0.000045 
| Global Round : 1 | Client :5 | Local Epoch : 3 | [64/604 (11%)]	Loss1: 5.861206 Loss2: 0.000050 
| Global Round : 1 | Client :5 | Local Epoch : 4 | [64/604 (11%)]	Loss1: 5.860394 Loss2: 0.000036 
| Global Round : 1 | Client :6 | Local Epoch : 0 | [64/534 (12%)]	Loss1: 5.927837 Loss2: 0.000072 
| Global Round : 1 | Client :6 | Local Epoch : 1 | [64/534 (12%)]	Loss1: 5.875236 Loss2: 0.000033 
| Global Round : 1 | Client :6 | Local Epoch : 2 | [64/534 (12%)]	Loss1: 5.872261 Loss2: 0.000026 
| Global Round : 1 | Client :6 | Local Epoch : 3 | [64/534 (12%)]	Loss1: 5.865686 Loss2: 0.000034 
| Global Round : 1 | Client :6 | Local Epoch : 4 | [64/534 (12%)]	Loss1: 5.864095 Loss2: 0.000024 
| Global Round : 1 | Client :7 | Local Epoch : 0 | [64/824 (8%)]	Loss1: 5.919288 Loss2: 0.000093 
| Global Round : 1 | Client :7 | Local Epoch : 0 | [704/824 (92%)]	Loss1: 5.874051 Loss2: 0.000041 
| Global Round : 1 | Client :7 | Local Epoch : 1 | [64/824 (8%)]	Loss1: 5.874899 Loss2: 0.000025 
| Global Round : 1 | Client :7 | Local Epoch : 1 | [704/824 (92%)]	Loss1: 5.865019 Loss2: 0.000035 
| Global Round : 1 | Client :7 | Local Epoch : 2 | [64/824 (8%)]	Loss1: 5.866838 Loss2: 0.000026 
| Global Round : 1 | Client :7 | Local Epoch : 2 | [704/824 (92%)]	Loss1: 5.857604 Loss2: 0.000032 
| Global Round : 1 | Client :7 | Local Epoch : 3 | [64/824 (8%)]	Loss1: 5.858490 Loss2: 0.000031 
| Global Round : 1 | Client :7 | Local Epoch : 3 | [704/824 (92%)]	Loss1: 5.857305 Loss2: 0.000029 
| Global Round : 1 | Client :7 | Local Epoch : 4 | [64/824 (8%)]	Loss1: 5.857746 Loss2: 0.000033 
| Global Round : 1 | Client :7 | Local Epoch : 4 | [704/824 (92%)]	Loss1: 5.855640 Loss2: 0.000044 
| Global Round : 1 | Client :8 | Local Epoch : 0 | [64/714 (9%)]	Loss1: 5.921956 Loss2: 0.000123 
| Global Round : 1 | Client :8 | Local Epoch : 0 | [704/714 (100%)]	Loss1: 5.873630 Loss2: 0.000028 
| Global Round : 1 | Client :8 | Local Epoch : 1 | [64/714 (9%)]	Loss1: 5.870199 Loss2: 0.000030 
| Global Round : 1 | Client :8 | Local Epoch : 1 | [704/714 (100%)]	Loss1: 5.866096 Loss2: 0.000022 
| Global Round : 1 | Client :8 | Local Epoch : 2 | [64/714 (9%)]	Loss1: 5.869158 Loss2: 0.000028 
| Global Round : 1 | Client :8 | Local Epoch : 2 | [704/714 (100%)]	Loss1: 5.862459 Loss2: 0.000022 
| Global Round : 1 | Client :8 | Local Epoch : 3 | [64/714 (9%)]	Loss1: 5.863797 Loss2: 0.000021 
| Global Round : 1 | Client :8 | Local Epoch : 3 | [704/714 (100%)]	Loss1: 5.863416 Loss2: 0.000029 
| Global Round : 1 | Client :8 | Local Epoch : 4 | [64/714 (9%)]	Loss1: 5.861091 Loss2: 0.000024 
| Global Round : 1 | Client :8 | Local Epoch : 4 | [704/714 (100%)]	Loss1: 5.859902 Loss2: 0.000019 
| Global Round : 1 | Client :9 | Local Epoch : 0 | [64/607 (11%)]	Loss1: 5.921780 Loss2: 0.000133 
| Global Round : 1 | Client :9 | Local Epoch : 1 | [64/607 (11%)]	Loss1: 5.870016 Loss2: 0.000031 
| Global Round : 1 | Client :9 | Local Epoch : 2 | [64/607 (11%)]	Loss1: 5.862998 Loss2: 0.000021 
| Global Round : 1 | Client :9 | Local Epoch : 3 | [64/607 (11%)]	Loss1: 5.862589 Loss2: 0.000017 
| Global Round : 1 | Client :9 | Local Epoch : 4 | [64/607 (11%)]	Loss1: 5.863449 Loss2: 0.000014 
<frozen importlib._bootstrap>:219: RuntimeWarning: scipy._lib.messagestream.MessageStream size changed, may indicate binary incompatibility. Expected 56 from C header, got 64 from PyObject
/home/gyh/anaconda3/envs/pt_38py_env/lib/python3.8/site-packages/torchvision/datasets/mnist.py:498: UserWarning: The given NumPy array is not writeable, and PyTorch does not support non-writeable tensors. This means you can write to the underlying (supposedly non-writeable) NumPy array using the tensor. You may want to copy the array to protect its data or make it writeable before converting it to a tensor. This type of warning will be suppressed for the rest of this program. (Triggered internally at  /pytorch/torch/csrc/utils/tensor_numpy.cpp:180.)
  return torch.from_numpy(parsed.astype(m[2], copy=False)).view(*s)
/home/gyh/anaconda3/envs/pt_38py_env/lib/python3.8/site-packages/torch/nn/functional.py:718: UserWarning: Named tensors and all their associated APIs are an experimental feature and subject to change. Please do not use them for anything important until they are released as stable. (Triggered internally at  /pytorch/c10/core/TensorImpl.h:1156.)
  return torch.max_pool2d(input, kernel_size, stride, padding, dilation, ceil_mode)
/home/gyh/anaconda3/envs/pt_38py_env/lib/python3.8/site-packages/cvxpy/problems/problem.py:1407: UserWarning: Solution may be inaccurate. Try another solver, adjusting the solver settings, or solve with verbose=True for more information.
  warnings.warn(
average loss:   5.8557378522331405
average local test accuracy: 0.5322916666666666
average global test accuracy:  0.29609375

 | Global Training Round : 2 |

xi_k [0.47818151 0.53642649 0.53625346 0.49748454 0.49345612 0.51041478
 0.5143269  0.49850639 0.52837955 0.50875962]
max_exp: -1.0
coe: 10
Regulation [0.8 0.8 0.8 0.8 0.8 0.8 0.8 0.8 0.8 0.8]
Solver status: optimal_inaccurate
b_new: [1. 1. 1. 1. 1. 1. 1. 1. 1. 1.]
Iter 0: obj=50.6219, best_obj=50.6219, ||b_new-b_prev||₂=2.846050
xi_k [0.47818151 0.53642649 0.53625346 0.49748454 0.49345612 0.51041478
 0.5143269  0.49850639 0.52837955 0.50875962]
max_exp: -1.0
coe: 10
Regulation [-1. -1. -1. -1. -1. -1. -1. -1. -1. -1.]
Solver status: optimal_inaccurate
b_new: [1. 1. 1. 1. 1. 1. 1. 1. 1. 1.]
Iter 1: obj=51.5219, best_obj=51.5219, ||b_new-b_prev||₂=0.000000
Converged.
Final b: [1. 1. 1. 1. 1. 1. 1. 1. 1. 1.]
<class 'numpy.ndarray'>
b_float: [1. 1. 1. 1. 1. 1. 1. 1. 1. 1.]
b: [1 1 1 1 1 1 1 1 1 1]
active_clients:  [0, 1, 2, 3, 4, 5, 6, 7, 8, 9]
Client 0's s_k are:[0 1 1 1 1 1 1 1 1 1]
Client 1's s_k are:[1 0 1 1 1 1 1 1 1 1]
Client 2's s_k are:[1 1 0 1 1 1 1 1 1 1]
Client 3's s_k are:[1 1 1 0 1 1 1 1 1 1]
Client 4's s_k are:[1 1 1 1 0 1 1 1 1 1]
Client 5's s_k are:[1 1 1 1 1 0 1 1 1 1]
Client 6's s_k are:[1 1 1 1 1 1 0 1 1 1]
Client 7's s_k are:[1 1 1 1 1 1 1 0 1 1]
Client 8's s_k are:[1 1 1 1 1 1 1 1 0 1]
Client 9's s_k are:[1 1 1 1 1 1 1 1 1 0]
| Global Round : 2 | Client :0 | Local Epoch : 0 | [64/573 (12%)]	Loss1: 5.854939 Loss2: 0.000025 
| Global Round : 2 | Client :0 | Local Epoch : 1 | [64/573 (12%)]	Loss1: 5.853494 Loss2: 0.000020 
| Global Round : 2 | Client :0 | Local Epoch : 2 | [64/573 (12%)]	Loss1: 5.852533 Loss2: 0.000033 
| Global Round : 2 | Client :0 | Local Epoch : 3 | [64/573 (12%)]	Loss1: 5.850795 Loss2: 0.000023 
| Global Round : 2 | Client :0 | Local Epoch : 4 | [64/573 (12%)]	Loss1: 5.849445 Loss2: 0.000028 
| Global Round : 2 | Client :1 | Local Epoch : 0 | [64/448 (14%)]	Loss1: 5.863315 Loss2: 0.000020 
| Global Round : 2 | Client :1 | Local Epoch : 1 | [64/448 (14%)]	Loss1: 5.863206 Loss2: 0.000017 
| Global Round : 2 | Client :1 | Local Epoch : 2 | [64/448 (14%)]	Loss1: 5.860717 Loss2: 0.000017 
| Global Round : 2 | Client :1 | Local Epoch : 3 | [64/448 (14%)]	Loss1: 5.858831 Loss2: 0.000023 
| Global Round : 2 | Client :1 | Local Epoch : 4 | [64/448 (14%)]	Loss1: 5.857386 Loss2: 0.000019 
| Global Round : 2 | Client :2 | Local Epoch : 0 | [64/448 (14%)]	Loss1: 5.860139 Loss2: 0.000016 
| Global Round : 2 | Client :2 | Local Epoch : 1 | [64/448 (14%)]	Loss1: 5.860451 Loss2: 0.000015 
| Global Round : 2 | Client :2 | Local Epoch : 2 | [64/448 (14%)]	Loss1: 5.859388 Loss2: 0.000014 
| Global Round : 2 | Client :2 | Local Epoch : 3 | [64/448 (14%)]	Loss1: 5.859813 Loss2: 0.000015 
| Global Round : 2 | Client :2 | Local Epoch : 4 | [64/448 (14%)]	Loss1: 5.856407 Loss2: 0.000012 
| Global Round : 2 | Client :3 | Local Epoch : 0 | [64/620 (11%)]	Loss1: 5.857032 Loss2: 0.000020 
| Global Round : 2 | Client :3 | Local Epoch : 1 | [64/620 (11%)]	Loss1: 5.860615 Loss2: 0.000013 
| Global Round : 2 | Client :3 | Local Epoch : 2 | [64/620 (11%)]	Loss1: 5.856326 Loss2: 0.000021 
| Global Round : 2 | Client :3 | Local Epoch : 3 | [64/620 (11%)]	Loss1: 5.853593 Loss2: 0.000013 
| Global Round : 2 | Client :3 | Local Epoch : 4 | [64/620 (11%)]	Loss1: 5.853428 Loss2: 0.000012 
| Global Round : 2 | Client :4 | Local Epoch : 0 | [64/625 (11%)]	Loss1: 5.859436 Loss2: 0.000026 
| Global Round : 2 | Client :4 | Local Epoch : 1 | [64/625 (11%)]	Loss1: 5.856497 Loss2: 0.000028 
| Global Round : 2 | Client :4 | Local Epoch : 2 | [64/625 (11%)]	Loss1: 5.854593 Loss2: 0.000021 
| Global Round : 2 | Client :4 | Local Epoch : 3 | [64/625 (11%)]	Loss1: 5.854967 Loss2: 0.000024 
| Global Round : 2 | Client :4 | Local Epoch : 4 | [64/625 (11%)]	Loss1: 5.851479 Loss2: 0.000023 
| Global Round : 2 | Client :5 | Local Epoch : 0 | [64/604 (11%)]	Loss1: 5.858264 Loss2: 0.000021 
| Global Round : 2 | Client :5 | Local Epoch : 1 | [64/604 (11%)]	Loss1: 5.857948 Loss2: 0.000028 
| Global Round : 2 | Client :5 | Local Epoch : 2 | [64/604 (11%)]	Loss1: 5.855108 Loss2: 0.000024 
| Global Round : 2 | Client :5 | Local Epoch : 3 | [64/604 (11%)]	Loss1: 5.853335 Loss2: 0.000017 
| Global Round : 2 | Client :5 | Local Epoch : 4 | [64/604 (11%)]	Loss1: 5.854007 Loss2: 0.000020 
| Global Round : 2 | Client :6 | Local Epoch : 0 | [64/534 (12%)]	Loss1: 5.865148 Loss2: 0.000013 
| Global Round : 2 | Client :6 | Local Epoch : 1 | [64/534 (12%)]	Loss1: 5.861266 Loss2: 0.000018 
| Global Round : 2 | Client :6 | Local Epoch : 2 | [64/534 (12%)]	Loss1: 5.858940 Loss2: 0.000019 
| Global Round : 2 | Client :6 | Local Epoch : 3 | [64/534 (12%)]	Loss1: 5.858639 Loss2: 0.000011 
| Global Round : 2 | Client :6 | Local Epoch : 4 | [64/534 (12%)]	Loss1: 5.856966 Loss2: 0.000014 
| Global Round : 2 | Client :7 | Local Epoch : 0 | [64/824 (8%)]	Loss1: 5.856005 Loss2: 0.000023 
| Global Round : 2 | Client :7 | Local Epoch : 0 | [704/824 (92%)]	Loss1: 5.854007 Loss2: 0.000031 
| Global Round : 2 | Client :7 | Local Epoch : 1 | [64/824 (8%)]	Loss1: 5.853714 Loss2: 0.000026 
| Global Round : 2 | Client :7 | Local Epoch : 1 | [704/824 (92%)]	Loss1: 5.853208 Loss2: 0.000031 
| Global Round : 2 | Client :7 | Local Epoch : 2 | [64/824 (8%)]	Loss1: 5.852046 Loss2: 0.000026 
| Global Round : 2 | Client :7 | Local Epoch : 2 | [704/824 (92%)]	Loss1: 5.848512 Loss2: 0.000029 
| Global Round : 2 | Client :7 | Local Epoch : 3 | [64/824 (8%)]	Loss1: 5.850158 Loss2: 0.000023 
| Global Round : 2 | Client :7 | Local Epoch : 3 | [704/824 (92%)]	Loss1: 5.850108 Loss2: 0.000029 
| Global Round : 2 | Client :7 | Local Epoch : 4 | [64/824 (8%)]	Loss1: 5.849319 Loss2: 0.000035 
| Global Round : 2 | Client :7 | Local Epoch : 4 | [704/824 (92%)]	Loss1: 5.849058 Loss2: 0.000026 
| Global Round : 2 | Client :8 | Local Epoch : 0 | [64/714 (9%)]	Loss1: 5.859526 Loss2: 0.000018 
| Global Round : 2 | Client :8 | Local Epoch : 0 | [704/714 (100%)]	Loss1: 5.857984 Loss2: 0.000018 
| Global Round : 2 | Client :8 | Local Epoch : 1 | [64/714 (9%)]	Loss1: 5.855710 Loss2: 0.000017 
| Global Round : 2 | Client :8 | Local Epoch : 1 | [704/714 (100%)]	Loss1: 5.858484 Loss2: 0.000017 
| Global Round : 2 | Client :8 | Local Epoch : 2 | [64/714 (9%)]	Loss1: 5.856356 Loss2: 0.000017 
| Global Round : 2 | Client :8 | Local Epoch : 2 | [704/714 (100%)]	Loss1: 5.855415 Loss2: 0.000022 
| Global Round : 2 | Client :8 | Local Epoch : 3 | [64/714 (9%)]	Loss1: 5.854269 Loss2: 0.000029 
| Global Round : 2 | Client :8 | Local Epoch : 3 | [704/714 (100%)]	Loss1: 5.854558 Loss2: 0.000020 
| Global Round : 2 | Client :8 | Local Epoch : 4 | [64/714 (9%)]	Loss1: 5.852602 Loss2: 0.000025 
| Global Round : 2 | Client :8 | Local Epoch : 4 | [704/714 (100%)]	Loss1: 5.852891 Loss2: 0.000019 
| Global Round : 2 | Client :9 | Local Epoch : 0 | [64/607 (11%)]	Loss1: 5.860969 Loss2: 0.000021 
| Global Round : 2 | Client :9 | Local Epoch : 1 | [64/607 (11%)]	Loss1: 5.859750 Loss2: 0.000020 
| Global Round : 2 | Client :9 | Local Epoch : 2 | [64/607 (11%)]	Loss1: 5.858422 Loss2: 0.000017 
| Global Round : 2 | Client :9 | Local Epoch : 3 | [64/607 (11%)]	Loss1: 5.855802 Loss2: 0.000015 
| Global Round : 2 | Client :9 | Local Epoch : 4 | [64/607 (11%)]	Loss1: 5.857815 Loss2: 0.000013 
average loss:   5.850223652478765
average local test accuracy: 0.7111979166666667
average global test accuracy:  0.41640625

 | Global Training Round : 3 |

xi_k [0.47719582 0.53520038 0.53533329 0.49675116 0.49264569 0.5094765
 0.51303759 0.49762198 0.52732058 0.50809501]
max_exp: -1.0
coe: 10
Regulation [0.8 0.8 0.8 0.8 0.8 0.8 0.8 0.8 0.8 0.8]
Solver status: optimal_inaccurate
b_new: [1. 1. 1. 1. 1. 1. 1. 1. 1. 1.]
Iter 0: obj=50.5268, best_obj=50.5268, ||b_new-b_prev||₂=2.846050
xi_k [0.47719582 0.53520038 0.53533329 0.49675116 0.49264569 0.5094765
 0.51303759 0.49762198 0.52732058 0.50809501]
max_exp: -1.0
coe: 10
Regulation [-1. -1. -1. -1. -1. -1. -1. -1. -1. -1.]
Solver status: optimal_inaccurate
b_new: [1. 1. 1. 1. 1. 1. 1. 1. 1. 1.]
Iter 1: obj=51.4268, best_obj=51.4268, ||b_new-b_prev||₂=0.000000
Converged.
Final b: [1. 1. 1. 1. 1. 1. 1. 1. 1. 1.]
<class 'numpy.ndarray'>
b_float: [1. 1. 1. 1. 1. 1. 1. 1. 1. 1.]
b: [1 1 1 1 1 1 1 1 1 1]
active_clients:  [0, 1, 2, 3, 4, 5, 6, 7, 8, 9]
Client 0's s_k are:[0 1 1 1 1 1 1 1 1 1]
Client 1's s_k are:[1 0 1 1 1 1 1 1 1 1]
Client 2's s_k are:[1 1 0 1 1 1 1 1 1 1]
Client 3's s_k are:[1 1 1 0 1 1 1 1 1 1]
Client 4's s_k are:[1 1 1 1 0 1 1 1 1 1]
Client 5's s_k are:[1 1 1 1 1 0 1 1 1 1]
Client 6's s_k are:[1 1 1 1 1 1 0 1 1 1]
Client 7's s_k are:[1 1 1 1 1 1 1 0 1 1]
Client 8's s_k are:[1 1 1 1 1 1 1 1 0 1]
Client 9's s_k are:[1 1 1 1 1 1 1 1 1 0]
| Global Round : 3 | Client :0 | Local Epoch : 0 | [64/573 (12%)]	Loss1: 5.849939 Loss2: 0.000028 
| Global Round : 3 | Client :0 | Local Epoch : 1 | [64/573 (12%)]	Loss1: 5.849858 Loss2: 0.000030 
| Global Round : 3 | Client :0 | Local Epoch : 2 | [64/573 (12%)]	Loss1: 5.848529 Loss2: 0.000022 
| Global Round : 3 | Client :0 | Local Epoch : 3 | [64/573 (12%)]	Loss1: 5.846555 Loss2: 0.000028 
| Global Round : 3 | Client :0 | Local Epoch : 4 | [64/573 (12%)]	Loss1: 5.847785 Loss2: 0.000028 
| Global Round : 3 | Client :1 | Local Epoch : 0 | [64/448 (14%)]	Loss1: 5.858327 Loss2: 0.000016 
| Global Round : 3 | Client :1 | Local Epoch : 1 | [64/448 (14%)]	Loss1: 5.856255 Loss2: 0.000014 
| Global Round : 3 | Client :1 | Local Epoch : 2 | [64/448 (14%)]	Loss1: 5.855426 Loss2: 0.000020 
| Global Round : 3 | Client :1 | Local Epoch : 3 | [64/448 (14%)]	Loss1: 5.855747 Loss2: 0.000025 
| Global Round : 3 | Client :1 | Local Epoch : 4 | [64/448 (14%)]	Loss1: 5.851680 Loss2: 0.000021 
| Global Round : 3 | Client :2 | Local Epoch : 0 | [64/448 (14%)]	Loss1: 5.855978 Loss2: 0.000016 
| Global Round : 3 | Client :2 | Local Epoch : 1 | [64/448 (14%)]	Loss1: 5.856950 Loss2: 0.000019 
| Global Round : 3 | Client :2 | Local Epoch : 2 | [64/448 (14%)]	Loss1: 5.854722 Loss2: 0.000016 
| Global Round : 3 | Client :2 | Local Epoch : 3 | [64/448 (14%)]	Loss1: 5.855807 Loss2: 0.000017 
| Global Round : 3 | Client :2 | Local Epoch : 4 | [64/448 (14%)]	Loss1: 5.852976 Loss2: 0.000015 
| Global Round : 3 | Client :3 | Local Epoch : 0 | [64/620 (11%)]	Loss1: 5.853291 Loss2: 0.000018 
| Global Round : 3 | Client :3 | Local Epoch : 1 | [64/620 (11%)]	Loss1: 5.853475 Loss2: 0.000014 
| Global Round : 3 | Client :3 | Local Epoch : 2 | [64/620 (11%)]	Loss1: 5.853088 Loss2: 0.000021 
| Global Round : 3 | Client :3 | Local Epoch : 3 | [64/620 (11%)]	Loss1: 5.848868 Loss2: 0.000015 
| Global Round : 3 | Client :3 | Local Epoch : 4 | [64/620 (11%)]	Loss1: 5.850715 Loss2: 0.000020 
| Global Round : 3 | Client :4 | Local Epoch : 0 | [64/625 (11%)]	Loss1: 5.848726 Loss2: 0.000023 
| Global Round : 3 | Client :4 | Local Epoch : 1 | [64/625 (11%)]	Loss1: 5.852329 Loss2: 0.000022 
| Global Round : 3 | Client :4 | Local Epoch : 2 | [64/625 (11%)]	Loss1: 5.851299 Loss2: 0.000023 
| Global Round : 3 | Client :4 | Local Epoch : 3 | [64/625 (11%)]	Loss1: 5.848396 Loss2: 0.000027 
| Global Round : 3 | Client :4 | Local Epoch : 4 | [64/625 (11%)]	Loss1: 5.848385 Loss2: 0.000023 
| Global Round : 3 | Client :5 | Local Epoch : 0 | [64/604 (11%)]	Loss1: 5.850650 Loss2: 0.000024 
| Global Round : 3 | Client :5 | Local Epoch : 1 | [64/604 (11%)]	Loss1: 5.851893 Loss2: 0.000020 
| Global Round : 3 | Client :5 | Local Epoch : 2 | [64/604 (11%)]	Loss1: 5.849787 Loss2: 0.000020 
| Global Round : 3 | Client :5 | Local Epoch : 3 | [64/604 (11%)]	Loss1: 5.851588 Loss2: 0.000033 
| Global Round : 3 | Client :5 | Local Epoch : 4 | [64/604 (11%)]	Loss1: 5.850147 Loss2: 0.000018 
| Global Round : 3 | Client :6 | Local Epoch : 0 | [64/534 (12%)]	Loss1: 5.854946 Loss2: 0.000016 
| Global Round : 3 | Client :6 | Local Epoch : 1 | [64/534 (12%)]	Loss1: 5.853770 Loss2: 0.000023 
| Global Round : 3 | Client :6 | Local Epoch : 2 | [64/534 (12%)]	Loss1: 5.853349 Loss2: 0.000014 
| Global Round : 3 | Client :6 | Local Epoch : 3 | [64/534 (12%)]	Loss1: 5.853383 Loss2: 0.000019 
| Global Round : 3 | Client :6 | Local Epoch : 4 | [64/534 (12%)]	Loss1: 5.851405 Loss2: 0.000019 
| Global Round : 3 | Client :7 | Local Epoch : 0 | [64/824 (8%)]	Loss1: 5.850220 Loss2: 0.000022 
| Global Round : 3 | Client :7 | Local Epoch : 0 | [704/824 (92%)]	Loss1: 5.849841 Loss2: 0.000025 
| Global Round : 3 | Client :7 | Local Epoch : 1 | [64/824 (8%)]	Loss1: 5.848814 Loss2: 0.000027 
| Global Round : 3 | Client :7 | Local Epoch : 1 | [704/824 (92%)]	Loss1: 5.847444 Loss2: 0.000026 
| Global Round : 3 | Client :7 | Local Epoch : 2 | [64/824 (8%)]	Loss1: 5.848906 Loss2: 0.000028 
| Global Round : 3 | Client :7 | Local Epoch : 2 | [704/824 (92%)]	Loss1: 5.847396 Loss2: 0.000028 
| Global Round : 3 | Client :7 | Local Epoch : 3 | [64/824 (8%)]	Loss1: 5.847553 Loss2: 0.000028 
| Global Round : 3 | Client :7 | Local Epoch : 3 | [704/824 (92%)]	Loss1: 5.846662 Loss2: 0.000029 
| Global Round : 3 | Client :7 | Local Epoch : 4 | [64/824 (8%)]	Loss1: 5.846256 Loss2: 0.000029 
| Global Round : 3 | Client :7 | Local Epoch : 4 | [704/824 (92%)]	Loss1: 5.845570 Loss2: 0.000029 
| Global Round : 3 | Client :8 | Local Epoch : 0 | [64/714 (9%)]	Loss1: 5.854558 Loss2: 0.000023 
| Global Round : 3 | Client :8 | Local Epoch : 0 | [704/714 (100%)]	Loss1: 5.852195 Loss2: 0.000024 
| Global Round : 3 | Client :8 | Local Epoch : 1 | [64/714 (9%)]	Loss1: 5.852814 Loss2: 0.000020 
| Global Round : 3 | Client :8 | Local Epoch : 1 | [704/714 (100%)]	Loss1: 5.851490 Loss2: 0.000027 
| Global Round : 3 | Client :8 | Local Epoch : 2 | [64/714 (9%)]	Loss1: 5.855628 Loss2: 0.000022 
| Global Round : 3 | Client :8 | Local Epoch : 2 | [704/714 (100%)]	Loss1: 5.853848 Loss2: 0.000023 
| Global Round : 3 | Client :8 | Local Epoch : 3 | [64/714 (9%)]	Loss1: 5.851642 Loss2: 0.000022 
| Global Round : 3 | Client :8 | Local Epoch : 3 | [704/714 (100%)]	Loss1: 5.850370 Loss2: 0.000019 
| Global Round : 3 | Client :8 | Local Epoch : 4 | [64/714 (9%)]	Loss1: 5.851772 Loss2: 0.000019 
| Global Round : 3 | Client :8 | Local Epoch : 4 | [704/714 (100%)]	Loss1: 5.849996 Loss2: 0.000023 
| Global Round : 3 | Client :9 | Local Epoch : 0 | [64/607 (11%)]	Loss1: 5.854667 Loss2: 0.000015 
| Global Round : 3 | Client :9 | Local Epoch : 1 | [64/607 (11%)]	Loss1: 5.856605 Loss2: 0.000013 
| Global Round : 3 | Client :9 | Local Epoch : 2 | [64/607 (11%)]	Loss1: 5.854321 Loss2: 0.000014 
| Global Round : 3 | Client :9 | Local Epoch : 3 | [64/607 (11%)]	Loss1: 5.852496 Loss2: 0.000015 
| Global Round : 3 | Client :9 | Local Epoch : 4 | [64/607 (11%)]	Loss1: 5.853688 Loss2: 0.000014 
average loss:   5.847608495764918
average local test accuracy: 0.7411458333333333
average global test accuracy:  0.407421875

 | Global Training Round : 4 |

xi_k [0.47685986 0.53468252 0.53474327 0.49635063 0.49229147 0.50902876
 0.51240938 0.49729332 0.52697744 0.50752213]
max_exp: -1.0
coe: 10
Regulation [0.8 0.8 0.8 0.8 0.8 0.8 0.8 0.8 0.8 0.8]
Solver status: optimal_inaccurate
b_new: [1. 1. 1. 1. 1. 1. 1. 1. 1. 1.]
Iter 0: obj=50.4816, best_obj=50.4816, ||b_new-b_prev||₂=2.846050
xi_k [0.47685986 0.53468252 0.53474327 0.49635063 0.49229147 0.50902876
 0.51240938 0.49729332 0.52697744 0.50752213]
max_exp: -1.0
coe: 10
Regulation [-1. -1. -1. -1. -1. -1. -1. -1. -1. -1.]
Solver status: optimal_inaccurate
b_new: [1. 1. 1. 1. 1. 1. 1. 1. 1. 1.]
Iter 1: obj=51.3816, best_obj=51.3816, ||b_new-b_prev||₂=0.000000
Converged.
Final b: [1. 1. 1. 1. 1. 1. 1. 1. 1. 1.]
<class 'numpy.ndarray'>
b_float: [1. 1. 1. 1. 1. 1. 1. 1. 1. 1.]
b: [1 1 1 1 1 1 1 1 1 1]
active_clients:  [0, 1, 2, 3, 4, 5, 6, 7, 8, 9]
Client 0's s_k are:[0 1 1 1 1 1 1 1 1 1]
Client 1's s_k are:[1 0 1 1 1 1 1 1 1 1]
Client 2's s_k are:[1 1 0 1 1 1 1 1 1 1]
Client 3's s_k are:[1 1 1 0 1 1 1 1 1 1]
Client 4's s_k are:[1 1 1 1 0 1 1 1 1 1]
Client 5's s_k are:[1 1 1 1 1 0 1 1 1 1]
Client 6's s_k are:[1 1 1 1 1 1 0 1 1 1]
Client 7's s_k are:[1 1 1 1 1 1 1 0 1 1]
Client 8's s_k are:[1 1 1 1 1 1 1 1 0 1]
Client 9's s_k are:[1 1 1 1 1 1 1 1 1 0]
| Global Round : 4 | Client :0 | Local Epoch : 0 | [64/573 (12%)]	Loss1: 5.847615 Loss2: 0.000028 
| Global Round : 4 | Client :0 | Local Epoch : 1 | [64/573 (12%)]	Loss1: 5.846072 Loss2: 0.000032 
| Global Round : 4 | Client :0 | Local Epoch : 2 | [64/573 (12%)]	Loss1: 5.845466 Loss2: 0.000026 
| Global Round : 4 | Client :0 | Local Epoch : 3 | [64/573 (12%)]	Loss1: 5.847591 Loss2: 0.000026 
| Global Round : 4 | Client :0 | Local Epoch : 4 | [64/573 (12%)]	Loss1: 5.844674 Loss2: 0.000029 
| Global Round : 4 | Client :1 | Local Epoch : 0 | [64/448 (14%)]	Loss1: 5.852307 Loss2: 0.000017 
| Global Round : 4 | Client :1 | Local Epoch : 1 | [64/448 (14%)]	Loss1: 5.850837 Loss2: 0.000025 
| Global Round : 4 | Client :1 | Local Epoch : 2 | [64/448 (14%)]	Loss1: 5.851682 Loss2: 0.000020 
| Global Round : 4 | Client :1 | Local Epoch : 3 | [64/448 (14%)]	Loss1: 5.849945 Loss2: 0.000024 
| Global Round : 4 | Client :1 | Local Epoch : 4 | [64/448 (14%)]	Loss1: 5.848512 Loss2: 0.000023 
| Global Round : 4 | Client :2 | Local Epoch : 0 | [64/448 (14%)]	Loss1: 5.853676 Loss2: 0.000015 
| Global Round : 4 | Client :2 | Local Epoch : 1 | [64/448 (14%)]	Loss1: 5.851781 Loss2: 0.000016 
| Global Round : 4 | Client :2 | Local Epoch : 2 | [64/448 (14%)]	Loss1: 5.853344 Loss2: 0.000014 
| Global Round : 4 | Client :2 | Local Epoch : 3 | [64/448 (14%)]	Loss1: 5.852487 Loss2: 0.000016 
| Global Round : 4 | Client :2 | Local Epoch : 4 | [64/448 (14%)]	Loss1: 5.850849 Loss2: 0.000014 
| Global Round : 4 | Client :3 | Local Epoch : 0 | [64/620 (11%)]	Loss1: 5.850390 Loss2: 0.000017 
| Global Round : 4 | Client :3 | Local Epoch : 1 | [64/620 (11%)]	Loss1: 5.849652 Loss2: 0.000019 
| Global Round : 4 | Client :3 | Local Epoch : 2 | [64/620 (11%)]	Loss1: 5.850897 Loss2: 0.000020 
| Global Round : 4 | Client :3 | Local Epoch : 3 | [64/620 (11%)]	Loss1: 5.848238 Loss2: 0.000019 
| Global Round : 4 | Client :3 | Local Epoch : 4 | [64/620 (11%)]	Loss1: 5.850662 Loss2: 0.000019 
| Global Round : 4 | Client :4 | Local Epoch : 0 | [64/625 (11%)]	Loss1: 5.850206 Loss2: 0.000028 
| Global Round : 4 | Client :4 | Local Epoch : 1 | [64/625 (11%)]	Loss1: 5.848454 Loss2: 0.000024 
| Global Round : 4 | Client :4 | Local Epoch : 2 | [64/625 (11%)]	Loss1: 5.850116 Loss2: 0.000027 
| Global Round : 4 | Client :4 | Local Epoch : 3 | [64/625 (11%)]	Loss1: 5.846763 Loss2: 0.000026 
| Global Round : 4 | Client :4 | Local Epoch : 4 | [64/625 (11%)]	Loss1: 5.848429 Loss2: 0.000023 
| Global Round : 4 | Client :5 | Local Epoch : 0 | [64/604 (11%)]	Loss1: 5.851276 Loss2: 0.000023 
| Global Round : 4 | Client :5 | Local Epoch : 1 | [64/604 (11%)]	Loss1: 5.848901 Loss2: 0.000024 
| Global Round : 4 | Client :5 | Local Epoch : 2 | [64/604 (11%)]	Loss1: 5.846769 Loss2: 0.000025 
| Global Round : 4 | Client :5 | Local Epoch : 3 | [64/604 (11%)]	Loss1: 5.846866 Loss2: 0.000021 
| Global Round : 4 | Client :5 | Local Epoch : 4 | [64/604 (11%)]	Loss1: 5.846855 Loss2: 0.000019 
| Global Round : 4 | Client :6 | Local Epoch : 0 | [64/534 (12%)]	Loss1: 5.850754 Loss2: 0.000015 
| Global Round : 4 | Client :6 | Local Epoch : 1 | [64/534 (12%)]	Loss1: 5.852712 Loss2: 0.000019 
| Global Round : 4 | Client :6 | Local Epoch : 2 | [64/534 (12%)]	Loss1: 5.851631 Loss2: 0.000018 
| Global Round : 4 | Client :6 | Local Epoch : 3 | [64/534 (12%)]	Loss1: 5.850469 Loss2: 0.000013 
| Global Round : 4 | Client :6 | Local Epoch : 4 | [64/534 (12%)]	Loss1: 5.850385 Loss2: 0.000016 
| Global Round : 4 | Client :7 | Local Epoch : 0 | [64/824 (8%)]	Loss1: 5.845145 Loss2: 0.000022 
| Global Round : 4 | Client :7 | Local Epoch : 0 | [704/824 (92%)]	Loss1: 5.846642 Loss2: 0.000028 
| Global Round : 4 | Client :7 | Local Epoch : 1 | [64/824 (8%)]	Loss1: 5.845266 Loss2: 0.000032 
| Global Round : 4 | Client :7 | Local Epoch : 1 | [704/824 (92%)]	Loss1: 5.845953 Loss2: 0.000030 
| Global Round : 4 | Client :7 | Local Epoch : 2 | [64/824 (8%)]	Loss1: 5.845767 Loss2: 0.000033 
| Global Round : 4 | Client :7 | Local Epoch : 2 | [704/824 (92%)]	Loss1: 5.844778 Loss2: 0.000028 
| Global Round : 4 | Client :7 | Local Epoch : 3 | [64/824 (8%)]	Loss1: 5.846647 Loss2: 0.000029 
| Global Round : 4 | Client :7 | Local Epoch : 3 | [704/824 (92%)]	Loss1: 5.845605 Loss2: 0.000022 
| Global Round : 4 | Client :7 | Local Epoch : 4 | [64/824 (8%)]	Loss1: 5.847024 Loss2: 0.000028 
| Global Round : 4 | Client :7 | Local Epoch : 4 | [704/824 (92%)]	Loss1: 5.846564 Loss2: 0.000025 
| Global Round : 4 | Client :8 | Local Epoch : 0 | [64/714 (9%)]	Loss1: 5.852283 Loss2: 0.000021 
| Global Round : 4 | Client :8 | Local Epoch : 0 | [704/714 (100%)]	Loss1: 5.852187 Loss2: 0.000026 
| Global Round : 4 | Client :8 | Local Epoch : 1 | [64/714 (9%)]	Loss1: 5.851097 Loss2: 0.000021 
| Global Round : 4 | Client :8 | Local Epoch : 1 | [704/714 (100%)]	Loss1: 5.851154 Loss2: 0.000021 
| Global Round : 4 | Client :8 | Local Epoch : 2 | [64/714 (9%)]	Loss1: 5.849994 Loss2: 0.000020 
| Global Round : 4 | Client :8 | Local Epoch : 2 | [704/714 (100%)]	Loss1: 5.851350 Loss2: 0.000030 
| Global Round : 4 | Client :8 | Local Epoch : 3 | [64/714 (9%)]	Loss1: 5.851456 Loss2: 0.000029 
| Global Round : 4 | Client :8 | Local Epoch : 3 | [704/714 (100%)]	Loss1: 5.848433 Loss2: 0.000023 
| Global Round : 4 | Client :8 | Local Epoch : 4 | [64/714 (9%)]	Loss1: 5.853479 Loss2: 0.000020 
| Global Round : 4 | Client :8 | Local Epoch : 4 | [704/714 (100%)]	Loss1: 5.849984 Loss2: 0.000022 
| Global Round : 4 | Client :9 | Local Epoch : 0 | [64/607 (11%)]	Loss1: 5.851971 Loss2: 0.000015 
| Global Round : 4 | Client :9 | Local Epoch : 1 | [64/607 (11%)]	Loss1: 5.851839 Loss2: 0.000016 
| Global Round : 4 | Client :9 | Local Epoch : 2 | [64/607 (11%)]	Loss1: 5.854040 Loss2: 0.000018 
| Global Round : 4 | Client :9 | Local Epoch : 3 | [64/607 (11%)]	Loss1: 5.849433 Loss2: 0.000018 
| Global Round : 4 | Client :9 | Local Epoch : 4 | [64/607 (11%)]	Loss1: 5.851555 Loss2: 0.000014 
average loss:   5.846200715945052
average local test accuracy: 0.7597656250000001
average global test accuracy:  0.411328125

 | Global Training Round : 5 |

xi_k [0.47675521 0.53416762 0.53444028 0.49612219 0.49202534 0.50888655
 0.51214078 0.49707138 0.52682337 0.50710929]
max_exp: -1.0
coe: 10
Regulation [0.8 0.8 0.8 0.8 0.8 0.8 0.8 0.8 0.8 0.8]
Solver status: optimal_inaccurate
b_new: [1. 1. 1. 1. 1. 1. 1. 1. 1. 1.]
Iter 0: obj=50.4554, best_obj=50.4554, ||b_new-b_prev||₂=2.846050
xi_k [0.47675521 0.53416762 0.53444028 0.49612219 0.49202534 0.50888655
 0.51214078 0.49707138 0.52682337 0.50710929]
max_exp: -1.0
coe: 10
Regulation [-1. -1. -1. -1. -1. -1. -1. -1. -1. -1.]
Solver status: optimal_inaccurate
b_new: [1. 1. 1. 1. 1. 1. 1. 1. 1. 1.]
Iter 1: obj=51.3554, best_obj=51.3554, ||b_new-b_prev||₂=0.000000
Converged.
Final b: [1. 1. 1. 1. 1. 1. 1. 1. 1. 1.]
<class 'numpy.ndarray'>
b_float: [1. 1. 1. 1. 1. 1. 1. 1. 1. 1.]
b: [1 1 1 1 1 1 1 1 1 1]
active_clients:  [0, 1, 2, 3, 4, 5, 6, 7, 8, 9]
Client 0's s_k are:[0 1 1 1 1 1 1 1 1 1]
Client 1's s_k are:[1 0 1 1 1 1 1 1 1 1]
Client 2's s_k are:[1 1 0 1 1 1 1 1 1 1]
Client 3's s_k are:[1 1 1 0 1 1 1 1 1 1]
Client 4's s_k are:[1 1 1 1 0 1 1 1 1 1]
Client 5's s_k are:[1 1 1 1 1 0 1 1 1 1]
Client 6's s_k are:[1 1 1 1 1 1 0 1 1 1]
Client 7's s_k are:[1 1 1 1 1 1 1 0 1 1]
Client 8's s_k are:[1 1 1 1 1 1 1 1 0 1]
Client 9's s_k are:[1 1 1 1 1 1 1 1 1 0]
| Global Round : 5 | Client :0 | Local Epoch : 0 | [64/573 (12%)]	Loss1: 5.845760 Loss2: 0.000026 
| Global Round : 5 | Client :0 | Local Epoch : 1 | [64/573 (12%)]	Loss1: 5.846924 Loss2: 0.000032 
| Global Round : 5 | Client :0 | Local Epoch : 2 | [64/573 (12%)]	Loss1: 5.844682 Loss2: 0.000029 
| Global Round : 5 | Client :0 | Local Epoch : 3 | [64/573 (12%)]	Loss1: 5.845479 Loss2: 0.000027 
| Global Round : 5 | Client :0 | Local Epoch : 4 | [64/573 (12%)]	Loss1: 5.844745 Loss2: 0.000028 
| Global Round : 5 | Client :1 | Local Epoch : 0 | [64/448 (14%)]	Loss1: 5.852229 Loss2: 0.000020 
| Global Round : 5 | Client :1 | Local Epoch : 1 | [64/448 (14%)]	Loss1: 5.849457 Loss2: 0.000023 
| Global Round : 5 | Client :1 | Local Epoch : 2 | [64/448 (14%)]	Loss1: 5.849470 Loss2: 0.000021 
| Global Round : 5 | Client :1 | Local Epoch : 3 | [64/448 (14%)]	Loss1: 5.850124 Loss2: 0.000023 
| Global Round : 5 | Client :1 | Local Epoch : 4 | [64/448 (14%)]	Loss1: 5.848987 Loss2: 0.000024 
| Global Round : 5 | Client :2 | Local Epoch : 0 | [64/448 (14%)]	Loss1: 5.850937 Loss2: 0.000015 
| Global Round : 5 | Client :2 | Local Epoch : 1 | [64/448 (14%)]	Loss1: 5.850414 Loss2: 0.000018 
| Global Round : 5 | Client :2 | Local Epoch : 2 | [64/448 (14%)]	Loss1: 5.851812 Loss2: 0.000015 
| Global Round : 5 | Client :2 | Local Epoch : 3 | [64/448 (14%)]	Loss1: 5.848895 Loss2: 0.000014 
| Global Round : 5 | Client :2 | Local Epoch : 4 | [64/448 (14%)]	Loss1: 5.849584 Loss2: 0.000014 
| Global Round : 5 | Client :3 | Local Epoch : 0 | [64/620 (11%)]	Loss1: 5.848188 Loss2: 0.000022 
| Global Round : 5 | Client :3 | Local Epoch : 1 | [64/620 (11%)]	Loss1: 5.848809 Loss2: 0.000020 
| Global Round : 5 | Client :3 | Local Epoch : 2 | [64/620 (11%)]	Loss1: 5.846401 Loss2: 0.000018 
| Global Round : 5 | Client :3 | Local Epoch : 3 | [64/620 (11%)]	Loss1: 5.848558 Loss2: 0.000021 
| Global Round : 5 | Client :3 | Local Epoch : 4 | [64/620 (11%)]	Loss1: 5.848047 Loss2: 0.000017 
| Global Round : 5 | Client :4 | Local Epoch : 0 | [64/625 (11%)]	Loss1: 5.850391 Loss2: 0.000029 
| Global Round : 5 | Client :4 | Local Epoch : 1 | [64/625 (11%)]	Loss1: 5.847290 Loss2: 0.000031 
| Global Round : 5 | Client :4 | Local Epoch : 2 | [64/625 (11%)]	Loss1: 5.847486 Loss2: 0.000025 
| Global Round : 5 | Client :4 | Local Epoch : 3 | [64/625 (11%)]	Loss1: 5.847299 Loss2: 0.000024 
| Global Round : 5 | Client :4 | Local Epoch : 4 | [64/625 (11%)]	Loss1: 5.846258 Loss2: 0.000024 
| Global Round : 5 | Client :5 | Local Epoch : 0 | [64/604 (11%)]	Loss1: 5.846850 Loss2: 0.000019 
| Global Round : 5 | Client :5 | Local Epoch : 1 | [64/604 (11%)]	Loss1: 5.849033 Loss2: 0.000024 
| Global Round : 5 | Client :5 | Local Epoch : 2 | [64/604 (11%)]	Loss1: 5.847423 Loss2: 0.000026 
| Global Round : 5 | Client :5 | Local Epoch : 3 | [64/604 (11%)]	Loss1: 5.845445 Loss2: 0.000022 
| Global Round : 5 | Client :5 | Local Epoch : 4 | [64/604 (11%)]	Loss1: 5.846125 Loss2: 0.000020 
| Global Round : 5 | Client :6 | Local Epoch : 0 | [64/534 (12%)]	Loss1: 5.849767 Loss2: 0.000018 
| Global Round : 5 | Client :6 | Local Epoch : 1 | [64/534 (12%)]	Loss1: 5.848951 Loss2: 0.000017 
| Global Round : 5 | Client :6 | Local Epoch : 2 | [64/534 (12%)]	Loss1: 5.850549 Loss2: 0.000016 
| Global Round : 5 | Client :6 | Local Epoch : 3 | [64/534 (12%)]	Loss1: 5.849025 Loss2: 0.000017 
| Global Round : 5 | Client :6 | Local Epoch : 4 | [64/534 (12%)]	Loss1: 5.848024 Loss2: 0.000013 
| Global Round : 5 | Client :7 | Local Epoch : 0 | [64/824 (8%)]	Loss1: 5.844394 Loss2: 0.000028 
| Global Round : 5 | Client :7 | Local Epoch : 0 | [704/824 (92%)]	Loss1: 5.844356 Loss2: 0.000029 
| Global Round : 5 | Client :7 | Local Epoch : 1 | [64/824 (8%)]	Loss1: 5.846862 Loss2: 0.000035 
| Global Round : 5 | Client :7 | Local Epoch : 1 | [704/824 (92%)]	Loss1: 5.843982 Loss2: 0.000028 
| Global Round : 5 | Client :7 | Local Epoch : 2 | [64/824 (8%)]	Loss1: 5.845387 Loss2: 0.000032 
| Global Round : 5 | Client :7 | Local Epoch : 2 | [704/824 (92%)]	Loss1: 5.846012 Loss2: 0.000028 
| Global Round : 5 | Client :7 | Local Epoch : 3 | [64/824 (8%)]	Loss1: 5.844850 Loss2: 0.000028 
| Global Round : 5 | Client :7 | Local Epoch : 3 | [704/824 (92%)]	Loss1: 5.842046 Loss2: 0.000029 
| Global Round : 5 | Client :7 | Local Epoch : 4 | [64/824 (8%)]	Loss1: 5.843202 Loss2: 0.000022 
| Global Round : 5 | Client :7 | Local Epoch : 4 | [704/824 (92%)]	Loss1: 5.845384 Loss2: 0.000029 
| Global Round : 5 | Client :8 | Local Epoch : 0 | [64/714 (9%)]	Loss1: 5.849342 Loss2: 0.000020 
| Global Round : 5 | Client :8 | Local Epoch : 0 | [704/714 (100%)]	Loss1: 5.850106 Loss2: 0.000022 
| Global Round : 5 | Client :8 | Local Epoch : 1 | [64/714 (9%)]	Loss1: 5.849854 Loss2: 0.000020 
| Global Round : 5 | Client :8 | Local Epoch : 1 | [704/714 (100%)]	Loss1: 5.848482 Loss2: 0.000032 
| Global Round : 5 | Client :8 | Local Epoch : 2 | [64/714 (9%)]	Loss1: 5.849267 Loss2: 0.000021 
| Global Round : 5 | Client :8 | Local Epoch : 2 | [704/714 (100%)]	Loss1: 5.849951 Loss2: 0.000021 
| Global Round : 5 | Client :8 | Local Epoch : 3 | [64/714 (9%)]	Loss1: 5.848864 Loss2: 0.000022 
| Global Round : 5 | Client :8 | Local Epoch : 3 | [704/714 (100%)]	Loss1: 5.849901 Loss2: 0.000026 
| Global Round : 5 | Client :8 | Local Epoch : 4 | [64/714 (9%)]	Loss1: 5.849440 Loss2: 0.000022 
| Global Round : 5 | Client :8 | Local Epoch : 4 | [704/714 (100%)]	Loss1: 5.848024 Loss2: 0.000031 
| Global Round : 5 | Client :9 | Local Epoch : 0 | [64/607 (11%)]	Loss1: 5.849390 Loss2: 0.000014 
| Global Round : 5 | Client :9 | Local Epoch : 1 | [64/607 (11%)]	Loss1: 5.851441 Loss2: 0.000020 
| Global Round : 5 | Client :9 | Local Epoch : 2 | [64/607 (11%)]	Loss1: 5.851122 Loss2: 0.000014 
| Global Round : 5 | Client :9 | Local Epoch : 3 | [64/607 (11%)]	Loss1: 5.850097 Loss2: 0.000020 
| Global Round : 5 | Client :9 | Local Epoch : 4 | [64/607 (11%)]	Loss1: 5.849777 Loss2: 0.000011 
average loss:   5.845109189072728
average local test accuracy: 0.7700520833333334
average global test accuracy:  0.50546875

 | Global Training Round : 6 |

xi_k [0.47652414 0.53396603 0.53421985 0.49593943 0.49180027 0.50871296
 0.51189457 0.49707503 0.52657359 0.50688864]
max_exp: -1.0
coe: 10
Regulation [0.8 0.8 0.8 0.8 0.8 0.8 0.8 0.8 0.8 0.8]
Solver status: optimal_inaccurate
b_new: [1. 1. 1. 1. 1. 1. 1. 1. 1. 1.]
Iter 0: obj=50.4359, best_obj=50.4359, ||b_new-b_prev||₂=2.846050
xi_k [0.47652414 0.53396603 0.53421985 0.49593943 0.49180027 0.50871296
 0.51189457 0.49707503 0.52657359 0.50688864]
max_exp: -1.0
coe: 10
Regulation [-1. -1. -1. -1. -1. -1. -1. -1. -1. -1.]
Solver status: optimal_inaccurate
b_new: [1. 1. 1. 1. 1. 1. 1. 1. 1. 1.]
Iter 1: obj=51.3359, best_obj=51.3359, ||b_new-b_prev||₂=0.000000
Converged.
Final b: [1. 1. 1. 1. 1. 1. 1. 1. 1. 1.]
<class 'numpy.ndarray'>
b_float: [1. 1. 1. 1. 1. 1. 1. 1. 1. 1.]
b: [1 1 1 1 1 1 1 1 1 1]
active_clients:  [0, 1, 2, 3, 4, 5, 6, 7, 8, 9]
Client 0's s_k are:[0 1 1 1 1 1 1 1 1 1]
Client 1's s_k are:[1 0 1 1 1 1 1 1 1 1]
Client 2's s_k are:[1 1 0 1 1 1 1 1 1 1]
Client 3's s_k are:[1 1 1 0 1 1 1 1 1 1]
Client 4's s_k are:[1 1 1 1 0 1 1 1 1 1]
Client 5's s_k are:[1 1 1 1 1 0 1 1 1 1]
Client 6's s_k are:[1 1 1 1 1 1 0 1 1 1]
Client 7's s_k are:[1 1 1 1 1 1 1 0 1 1]
Client 8's s_k are:[1 1 1 1 1 1 1 1 0 1]
Client 9's s_k are:[1 1 1 1 1 1 1 1 1 0]
| Global Round : 6 | Client :0 | Local Epoch : 0 | [64/573 (12%)]	Loss1: 5.844310 Loss2: 0.000030 
| Global Round : 6 | Client :0 | Local Epoch : 1 | [64/573 (12%)]	Loss1: 5.844559 Loss2: 0.000029 
| Global Round : 6 | Client :0 | Local Epoch : 2 | [64/573 (12%)]	Loss1: 5.846484 Loss2: 0.000031 
| Global Round : 6 | Client :0 | Local Epoch : 3 | [64/573 (12%)]	Loss1: 5.844501 Loss2: 0.000029 
| Global Round : 6 | Client :0 | Local Epoch : 4 | [64/573 (12%)]	Loss1: 5.846169 Loss2: 0.000028 
| Global Round : 6 | Client :1 | Local Epoch : 0 | [64/448 (14%)]	Loss1: 5.847291 Loss2: 0.000020 
| Global Round : 6 | Client :1 | Local Epoch : 1 | [64/448 (14%)]	Loss1: 5.847605 Loss2: 0.000019 
| Global Round : 6 | Client :1 | Local Epoch : 2 | [64/448 (14%)]	Loss1: 5.849975 Loss2: 0.000018 
| Global Round : 6 | Client :1 | Local Epoch : 3 | [64/448 (14%)]	Loss1: 5.850133 Loss2: 0.000028 
| Global Round : 6 | Client :1 | Local Epoch : 4 | [64/448 (14%)]	Loss1: 5.848544 Loss2: 0.000017 
| Global Round : 6 | Client :2 | Local Epoch : 0 | [64/448 (14%)]	Loss1: 5.850273 Loss2: 0.000016 
| Global Round : 6 | Client :2 | Local Epoch : 1 | [64/448 (14%)]	Loss1: 5.851828 Loss2: 0.000015 
| Global Round : 6 | Client :2 | Local Epoch : 2 | [64/448 (14%)]	Loss1: 5.850373 Loss2: 0.000018 
| Global Round : 6 | Client :2 | Local Epoch : 3 | [64/448 (14%)]	Loss1: 5.848989 Loss2: 0.000013 
| Global Round : 6 | Client :2 | Local Epoch : 4 | [64/448 (14%)]	Loss1: 5.849683 Loss2: 0.000017 
| Global Round : 6 | Client :3 | Local Epoch : 0 | [64/620 (11%)]	Loss1: 5.848886 Loss2: 0.000021 
| Global Round : 6 | Client :3 | Local Epoch : 1 | [64/620 (11%)]	Loss1: 5.848839 Loss2: 0.000019 
| Global Round : 6 | Client :3 | Local Epoch : 2 | [64/620 (11%)]	Loss1: 5.848640 Loss2: 0.000021 
| Global Round : 6 | Client :3 | Local Epoch : 3 | [64/620 (11%)]	Loss1: 5.848323 Loss2: 0.000018 
| Global Round : 6 | Client :3 | Local Epoch : 4 | [64/620 (11%)]	Loss1: 5.845307 Loss2: 0.000022 
| Global Round : 6 | Client :4 | Local Epoch : 0 | [64/625 (11%)]	Loss1: 5.846279 Loss2: 0.000027 
| Global Round : 6 | Client :4 | Local Epoch : 1 | [64/625 (11%)]	Loss1: 5.844112 Loss2: 0.000031 
| Global Round : 6 | Client :4 | Local Epoch : 2 | [64/625 (11%)]	Loss1: 5.845904 Loss2: 0.000023 
| Global Round : 6 | Client :4 | Local Epoch : 3 | [64/625 (11%)]	Loss1: 5.847856 Loss2: 0.000023 
| Global Round : 6 | Client :4 | Local Epoch : 4 | [64/625 (11%)]	Loss1: 5.844989 Loss2: 0.000023 
| Global Round : 6 | Client :5 | Local Epoch : 0 | [64/604 (11%)]	Loss1: 5.845123 Loss2: 0.000019 
| Global Round : 6 | Client :5 | Local Epoch : 1 | [64/604 (11%)]	Loss1: 5.846070 Loss2: 0.000022 
| Global Round : 6 | Client :5 | Local Epoch : 2 | [64/604 (11%)]	Loss1: 5.844430 Loss2: 0.000017 
| Global Round : 6 | Client :5 | Local Epoch : 3 | [64/604 (11%)]	Loss1: 5.845615 Loss2: 0.000021 
| Global Round : 6 | Client :5 | Local Epoch : 4 | [64/604 (11%)]	Loss1: 5.844194 Loss2: 0.000024 
| Global Round : 6 | Client :6 | Local Epoch : 0 | [64/534 (12%)]	Loss1: 5.849719 Loss2: 0.000020 
| Global Round : 6 | Client :6 | Local Epoch : 1 | [64/534 (12%)]	Loss1: 5.850427 Loss2: 0.000023 
| Global Round : 6 | Client :6 | Local Epoch : 2 | [64/534 (12%)]	Loss1: 5.848869 Loss2: 0.000014 
| Global Round : 6 | Client :6 | Local Epoch : 3 | [64/534 (12%)]	Loss1: 5.849290 Loss2: 0.000015 
| Global Round : 6 | Client :6 | Local Epoch : 4 | [64/534 (12%)]	Loss1: 5.848042 Loss2: 0.000014 
| Global Round : 6 | Client :7 | Local Epoch : 0 | [64/824 (8%)]	Loss1: 5.844591 Loss2: 0.000027 
| Global Round : 6 | Client :7 | Local Epoch : 0 | [704/824 (92%)]	Loss1: 5.846986 Loss2: 0.000028 
| Global Round : 6 | Client :7 | Local Epoch : 1 | [64/824 (8%)]	Loss1: 5.844663 Loss2: 0.000025 
| Global Round : 6 | Client :7 | Local Epoch : 1 | [704/824 (92%)]	Loss1: 5.844663 Loss2: 0.000031 
| Global Round : 6 | Client :7 | Local Epoch : 2 | [64/824 (8%)]	Loss1: 5.842435 Loss2: 0.000031 
| Global Round : 6 | Client :7 | Local Epoch : 2 | [704/824 (92%)]	Loss1: 5.845619 Loss2: 0.000028 
| Global Round : 6 | Client :7 | Local Epoch : 3 | [64/824 (8%)]	Loss1: 5.844118 Loss2: 0.000027 
| Global Round : 6 | Client :7 | Local Epoch : 3 | [704/824 (92%)]	Loss1: 5.842302 Loss2: 0.000032 
| Global Round : 6 | Client :7 | Local Epoch : 4 | [64/824 (8%)]	Loss1: 5.844766 Loss2: 0.000038 
| Global Round : 6 | Client :7 | Local Epoch : 4 | [704/824 (92%)]	Loss1: 5.843196 Loss2: 0.000028 
| Global Round : 6 | Client :8 | Local Epoch : 0 | [64/714 (9%)]	Loss1: 5.849142 Loss2: 0.000027 
| Global Round : 6 | Client :8 | Local Epoch : 0 | [704/714 (100%)]	Loss1: 5.848169 Loss2: 0.000033 
| Global Round : 6 | Client :8 | Local Epoch : 1 | [64/714 (9%)]	Loss1: 5.847672 Loss2: 0.000028 
| Global Round : 6 | Client :8 | Local Epoch : 1 | [704/714 (100%)]	Loss1: 5.848514 Loss2: 0.000025 
| Global Round : 6 | Client :8 | Local Epoch : 2 | [64/714 (9%)]	Loss1: 5.848610 Loss2: 0.000025 
| Global Round : 6 | Client :8 | Local Epoch : 2 | [704/714 (100%)]	Loss1: 5.847220 Loss2: 0.000028 
| Global Round : 6 | Client :8 | Local Epoch : 3 | [64/714 (9%)]	Loss1: 5.849818 Loss2: 0.000025 
| Global Round : 6 | Client :8 | Local Epoch : 3 | [704/714 (100%)]	Loss1: 5.848079 Loss2: 0.000023 
| Global Round : 6 | Client :8 | Local Epoch : 4 | [64/714 (9%)]	Loss1: 5.847336 Loss2: 0.000021 
| Global Round : 6 | Client :8 | Local Epoch : 4 | [704/714 (100%)]	Loss1: 5.846246 Loss2: 0.000025 
| Global Round : 6 | Client :9 | Local Epoch : 0 | [64/607 (11%)]	Loss1: 5.849168 Loss2: 0.000015 
| Global Round : 6 | Client :9 | Local Epoch : 1 | [64/607 (11%)]	Loss1: 5.850100 Loss2: 0.000013 
| Global Round : 6 | Client :9 | Local Epoch : 2 | [64/607 (11%)]	Loss1: 5.848331 Loss2: 0.000016 
| Global Round : 6 | Client :9 | Local Epoch : 3 | [64/607 (11%)]	Loss1: 5.849737 Loss2: 0.000016 
| Global Round : 6 | Client :9 | Local Epoch : 4 | [64/607 (11%)]	Loss1: 5.850792 Loss2: 0.000016 
average loss:   5.844325194102517
average local test accuracy: 0.7906250000000001
average global test accuracy:  0.4859375

 | Global Training Round : 7 |

xi_k [0.47637786 0.53370689 0.53403053 0.49580586 0.49170513 0.50866933
 0.51186527 0.49687424 0.52639662 0.50679747]
max_exp: -1.0
coe: 10
Regulation [0.8 0.8 0.8 0.8 0.8 0.8 0.8 0.8 0.8 0.8]
Solver status: optimal_inaccurate
b_new: [1. 1. 1. 1. 1. 1. 1. 1. 1. 1.]
Iter 0: obj=50.4223, best_obj=50.4223, ||b_new-b_prev||₂=2.846050
xi_k [0.47637786 0.53370689 0.53403053 0.49580586 0.49170513 0.50866933
 0.51186527 0.49687424 0.52639662 0.50679747]
max_exp: -1.0
coe: 10
Regulation [-1. -1. -1. -1. -1. -1. -1. -1. -1. -1.]
Solver status: optimal_inaccurate
b_new: [1. 1. 1. 1. 1. 1. 1. 1. 1. 1.]
Iter 1: obj=51.3223, best_obj=51.3223, ||b_new-b_prev||₂=0.000000
Converged.
Final b: [1. 1. 1. 1. 1. 1. 1. 1. 1. 1.]
<class 'numpy.ndarray'>
b_float: [1. 1. 1. 1. 1. 1. 1. 1. 1. 1.]
b: [1 1 1 1 1 1 1 1 1 1]
active_clients:  [0, 1, 2, 3, 4, 5, 6, 7, 8, 9]
Client 0's s_k are:[0 1 1 1 1 1 1 1 1 1]
Client 1's s_k are:[1 0 1 1 1 1 1 1 1 1]
Client 2's s_k are:[1 1 0 1 1 1 1 1 1 1]
Client 3's s_k are:[1 1 1 0 1 1 1 1 1 1]
Client 4's s_k are:[1 1 1 1 0 1 1 1 1 1]
Client 5's s_k are:[1 1 1 1 1 0 1 1 1 1]
Client 6's s_k are:[1 1 1 1 1 1 0 1 1 1]
Client 7's s_k are:[1 1 1 1 1 1 1 0 1 1]
Client 8's s_k are:[1 1 1 1 1 1 1 1 0 1]
Client 9's s_k are:[1 1 1 1 1 1 1 1 1 0]
| Global Round : 7 | Client :0 | Local Epoch : 0 | [64/573 (12%)]	Loss1: 5.842468 Loss2: 0.000030 
| Global Round : 7 | Client :0 | Local Epoch : 1 | [64/573 (12%)]	Loss1: 5.843761 Loss2: 0.000027 
| Global Round : 7 | Client :0 | Local Epoch : 2 | [64/573 (12%)]	Loss1: 5.842819 Loss2: 0.000028 
| Global Round : 7 | Client :0 | Local Epoch : 3 | [64/573 (12%)]	Loss1: 5.842997 Loss2: 0.000027 
| Global Round : 7 | Client :0 | Local Epoch : 4 | [64/573 (12%)]	Loss1: 5.844441 Loss2: 0.000032 
| Global Round : 7 | Client :1 | Local Epoch : 0 | [64/448 (14%)]	Loss1: 5.848455 Loss2: 0.000027 
| Global Round : 7 | Client :1 | Local Epoch : 1 | [64/448 (14%)]	Loss1: 5.849182 Loss2: 0.000021 
| Global Round : 7 | Client :1 | Local Epoch : 2 | [64/448 (14%)]	Loss1: 5.848695 Loss2: 0.000028 
| Global Round : 7 | Client :1 | Local Epoch : 3 | [64/448 (14%)]	Loss1: 5.845798 Loss2: 0.000021 
| Global Round : 7 | Client :1 | Local Epoch : 4 | [64/448 (14%)]	Loss1: 5.846944 Loss2: 0.000024 
| Global Round : 7 | Client :2 | Local Epoch : 0 | [64/448 (14%)]	Loss1: 5.848233 Loss2: 0.000017 
| Global Round : 7 | Client :2 | Local Epoch : 1 | [64/448 (14%)]	Loss1: 5.849765 Loss2: 0.000017 
| Global Round : 7 | Client :2 | Local Epoch : 2 | [64/448 (14%)]	Loss1: 5.848878 Loss2: 0.000015 
| Global Round : 7 | Client :2 | Local Epoch : 3 | [64/448 (14%)]	Loss1: 5.847685 Loss2: 0.000015 
| Global Round : 7 | Client :2 | Local Epoch : 4 | [64/448 (14%)]	Loss1: 5.848695 Loss2: 0.000015 
| Global Round : 7 | Client :3 | Local Epoch : 0 | [64/620 (11%)]	Loss1: 5.849104 Loss2: 0.000024 
| Global Round : 7 | Client :3 | Local Epoch : 1 | [64/620 (11%)]	Loss1: 5.847341 Loss2: 0.000025 
| Global Round : 7 | Client :3 | Local Epoch : 2 | [64/620 (11%)]	Loss1: 5.845712 Loss2: 0.000022 
| Global Round : 7 | Client :3 | Local Epoch : 3 | [64/620 (11%)]	Loss1: 5.846041 Loss2: 0.000017 
| Global Round : 7 | Client :3 | Local Epoch : 4 | [64/620 (11%)]	Loss1: 5.846339 Loss2: 0.000016 
| Global Round : 7 | Client :4 | Local Epoch : 0 | [64/625 (11%)]	Loss1: 5.844438 Loss2: 0.000028 
| Global Round : 7 | Client :4 | Local Epoch : 1 | [64/625 (11%)]	Loss1: 5.846012 Loss2: 0.000025 
| Global Round : 7 | Client :4 | Local Epoch : 2 | [64/625 (11%)]	Loss1: 5.844174 Loss2: 0.000023 
| Global Round : 7 | Client :4 | Local Epoch : 3 | [64/625 (11%)]	Loss1: 5.845628 Loss2: 0.000024 
| Global Round : 7 | Client :4 | Local Epoch : 4 | [64/625 (11%)]	Loss1: 5.845354 Loss2: 0.000026 
| Global Round : 7 | Client :5 | Local Epoch : 0 | [64/604 (11%)]	Loss1: 5.844711 Loss2: 0.000018 
| Global Round : 7 | Client :5 | Local Epoch : 1 | [64/604 (11%)]	Loss1: 5.845399 Loss2: 0.000021 
| Global Round : 7 | Client :5 | Local Epoch : 2 | [64/604 (11%)]	Loss1: 5.844818 Loss2: 0.000018 
| Global Round : 7 | Client :5 | Local Epoch : 3 | [64/604 (11%)]	Loss1: 5.844697 Loss2: 0.000021 
| Global Round : 7 | Client :5 | Local Epoch : 4 | [64/604 (11%)]	Loss1: 5.844108 Loss2: 0.000025 
| Global Round : 7 | Client :6 | Local Epoch : 0 | [64/534 (12%)]	Loss1: 5.847132 Loss2: 0.000013 
| Global Round : 7 | Client :6 | Local Epoch : 1 | [64/534 (12%)]	Loss1: 5.848093 Loss2: 0.000016 
| Global Round : 7 | Client :6 | Local Epoch : 2 | [64/534 (12%)]	Loss1: 5.849421 Loss2: 0.000015 
| Global Round : 7 | Client :6 | Local Epoch : 3 | [64/534 (12%)]	Loss1: 5.847372 Loss2: 0.000015 
| Global Round : 7 | Client :6 | Local Epoch : 4 | [64/534 (12%)]	Loss1: 5.849246 Loss2: 0.000019 
| Global Round : 7 | Client :7 | Local Epoch : 0 | [64/824 (8%)]	Loss1: 5.844337 Loss2: 0.000029 
| Global Round : 7 | Client :7 | Local Epoch : 0 | [704/824 (92%)]	Loss1: 5.845413 Loss2: 0.000029 
| Global Round : 7 | Client :7 | Local Epoch : 1 | [64/824 (8%)]	Loss1: 5.844574 Loss2: 0.000027 
| Global Round : 7 | Client :7 | Local Epoch : 1 | [704/824 (92%)]	Loss1: 5.845436 Loss2: 0.000027 
| Global Round : 7 | Client :7 | Local Epoch : 2 | [64/824 (8%)]	Loss1: 5.844228 Loss2: 0.000032 
| Global Round : 7 | Client :7 | Local Epoch : 2 | [704/824 (92%)]	Loss1: 5.841690 Loss2: 0.000031 
| Global Round : 7 | Client :7 | Local Epoch : 3 | [64/824 (8%)]	Loss1: 5.843503 Loss2: 0.000032 
| Global Round : 7 | Client :7 | Local Epoch : 3 | [704/824 (92%)]	Loss1: 5.845338 Loss2: 0.000028 
| Global Round : 7 | Client :7 | Local Epoch : 4 | [64/824 (8%)]	Loss1: 5.844421 Loss2: 0.000030 
| Global Round : 7 | Client :7 | Local Epoch : 4 | [704/824 (92%)]	Loss1: 5.842752 Loss2: 0.000028 
| Global Round : 7 | Client :8 | Local Epoch : 0 | [64/714 (9%)]	Loss1: 5.847547 Loss2: 0.000023 
| Global Round : 7 | Client :8 | Local Epoch : 0 | [704/714 (100%)]	Loss1: 5.846528 Loss2: 0.000028 
| Global Round : 7 | Client :8 | Local Epoch : 1 | [64/714 (9%)]	Loss1: 5.848788 Loss2: 0.000027 
| Global Round : 7 | Client :8 | Local Epoch : 1 | [704/714 (100%)]	Loss1: 5.848169 Loss2: 0.000024 
| Global Round : 7 | Client :8 | Local Epoch : 2 | [64/714 (9%)]	Loss1: 5.849617 Loss2: 0.000026 
| Global Round : 7 | Client :8 | Local Epoch : 2 | [704/714 (100%)]	Loss1: 5.847797 Loss2: 0.000027 
| Global Round : 7 | Client :8 | Local Epoch : 3 | [64/714 (9%)]	Loss1: 5.846309 Loss2: 0.000026 
| Global Round : 7 | Client :8 | Local Epoch : 3 | [704/714 (100%)]	Loss1: 5.850078 Loss2: 0.000028 
| Global Round : 7 | Client :8 | Local Epoch : 4 | [64/714 (9%)]	Loss1: 5.848314 Loss2: 0.000026 
| Global Round : 7 | Client :8 | Local Epoch : 4 | [704/714 (100%)]	Loss1: 5.849412 Loss2: 0.000026 
| Global Round : 7 | Client :9 | Local Epoch : 0 | [64/607 (11%)]	Loss1: 5.849630 Loss2: 0.000016 
| Global Round : 7 | Client :9 | Local Epoch : 1 | [64/607 (11%)]	Loss1: 5.849144 Loss2: 0.000020 
| Global Round : 7 | Client :9 | Local Epoch : 2 | [64/607 (11%)]	Loss1: 5.849151 Loss2: 0.000016 
| Global Round : 7 | Client :9 | Local Epoch : 3 | [64/607 (11%)]	Loss1: 5.847716 Loss2: 0.000018 
| Global Round : 7 | Client :9 | Local Epoch : 4 | [64/607 (11%)]	Loss1: 5.848074 Loss2: 0.000018 
average loss:   5.843618147343956
average local test accuracy: 0.8013020833333334
average global test accuracy:  0.546484375

 | Global Training Round : 8 |

xi_k [0.47632596 0.53365449 0.53389829 0.49563784 0.49164725 0.50845275
 0.51164916 0.49678828 0.52627352 0.50663924]
max_exp: -1.0
coe: 10
Regulation [0.8 0.8 0.8 0.8 0.8 0.8 0.8 0.8 0.8 0.8]
Solver status: optimal_inaccurate
b_new: [1. 1. 1. 1. 1. 1. 1. 1. 1. 1.]
Iter 0: obj=50.4097, best_obj=50.4097, ||b_new-b_prev||₂=2.846050
xi_k [0.47632596 0.53365449 0.53389829 0.49563784 0.49164725 0.50845275
 0.51164916 0.49678828 0.52627352 0.50663924]
max_exp: -1.0
coe: 10
Regulation [-1. -1. -1. -1. -1. -1. -1. -1. -1. -1.]
Solver status: optimal_inaccurate
b_new: [1. 1. 1. 1. 1. 1. 1. 1. 1. 1.]
Iter 1: obj=51.3097, best_obj=51.3097, ||b_new-b_prev||₂=0.000000
Converged.
Final b: [1. 1. 1. 1. 1. 1. 1. 1. 1. 1.]
<class 'numpy.ndarray'>
b_float: [1. 1. 1. 1. 1. 1. 1. 1. 1. 1.]
b: [1 1 1 1 1 1 1 1 1 1]
active_clients:  [0, 1, 2, 3, 4, 5, 6, 7, 8, 9]
Client 0's s_k are:[0 1 1 1 1 1 1 1 1 1]
Client 1's s_k are:[1 0 1 1 1 1 1 1 1 1]
Client 2's s_k are:[1 1 0 1 1 1 1 1 1 1]
Client 3's s_k are:[1 1 1 0 1 1 1 1 1 1]
Client 4's s_k are:[1 1 1 1 0 1 1 1 1 1]
Client 5's s_k are:[1 1 1 1 1 0 1 1 1 1]
Client 6's s_k are:[1 1 1 1 1 1 0 1 1 1]
Client 7's s_k are:[1 1 1 1 1 1 1 0 1 1]
Client 8's s_k are:[1 1 1 1 1 1 1 1 0 1]
Client 9's s_k are:[1 1 1 1 1 1 1 1 1 0]
| Global Round : 8 | Client :0 | Local Epoch : 0 | [64/573 (12%)]	Loss1: 5.844438 Loss2: 0.000031 
| Global Round : 8 | Client :0 | Local Epoch : 1 | [64/573 (12%)]	Loss1: 5.844766 Loss2: 0.000029 
| Global Round : 8 | Client :0 | Local Epoch : 2 | [64/573 (12%)]	Loss1: 5.843078 Loss2: 0.000028 
| Global Round : 8 | Client :0 | Local Epoch : 3 | [64/573 (12%)]	Loss1: 5.843480 Loss2: 0.000031 
| Global Round : 8 | Client :0 | Local Epoch : 4 | [64/573 (12%)]	Loss1: 5.843181 Loss2: 0.000027 
| Global Round : 8 | Client :1 | Local Epoch : 0 | [64/448 (14%)]	Loss1: 5.845964 Loss2: 0.000020 
| Global Round : 8 | Client :1 | Local Epoch : 1 | [64/448 (14%)]	Loss1: 5.847991 Loss2: 0.000022 
| Global Round : 8 | Client :1 | Local Epoch : 2 | [64/448 (14%)]	Loss1: 5.846853 Loss2: 0.000019 
| Global Round : 8 | Client :1 | Local Epoch : 3 | [64/448 (14%)]	Loss1: 5.846572 Loss2: 0.000023 
| Global Round : 8 | Client :1 | Local Epoch : 4 | [64/448 (14%)]	Loss1: 5.849260 Loss2: 0.000023 
| Global Round : 8 | Client :2 | Local Epoch : 0 | [64/448 (14%)]	Loss1: 5.848301 Loss2: 0.000013 
| Global Round : 8 | Client :2 | Local Epoch : 1 | [64/448 (14%)]	Loss1: 5.847192 Loss2: 0.000018 
| Global Round : 8 | Client :2 | Local Epoch : 2 | [64/448 (14%)]	Loss1: 5.848469 Loss2: 0.000017 
| Global Round : 8 | Client :2 | Local Epoch : 3 | [64/448 (14%)]	Loss1: 5.847465 Loss2: 0.000016 
| Global Round : 8 | Client :2 | Local Epoch : 4 | [64/448 (14%)]	Loss1: 5.847675 Loss2: 0.000020 
| Global Round : 8 | Client :3 | Local Epoch : 0 | [64/620 (11%)]	Loss1: 5.846057 Loss2: 0.000018 
| Global Round : 8 | Client :3 | Local Epoch : 1 | [64/620 (11%)]	Loss1: 5.848047 Loss2: 0.000022 
| Global Round : 8 | Client :3 | Local Epoch : 2 | [64/620 (11%)]	Loss1: 5.845268 Loss2: 0.000024 
| Global Round : 8 | Client :3 | Local Epoch : 3 | [64/620 (11%)]	Loss1: 5.846940 Loss2: 0.000017 
| Global Round : 8 | Client :3 | Local Epoch : 4 | [64/620 (11%)]	Loss1: 5.844083 Loss2: 0.000018 
| Global Round : 8 | Client :4 | Local Epoch : 0 | [64/625 (11%)]	Loss1: 5.843377 Loss2: 0.000022 
| Global Round : 8 | Client :4 | Local Epoch : 1 | [64/625 (11%)]	Loss1: 5.845884 Loss2: 0.000022 
| Global Round : 8 | Client :4 | Local Epoch : 2 | [64/625 (11%)]	Loss1: 5.845568 Loss2: 0.000026 
| Global Round : 8 | Client :4 | Local Epoch : 3 | [64/625 (11%)]	Loss1: 5.847185 Loss2: 0.000022 
| Global Round : 8 | Client :4 | Local Epoch : 4 | [64/625 (11%)]	Loss1: 5.846736 Loss2: 0.000025 
| Global Round : 8 | Client :5 | Local Epoch : 0 | [64/604 (11%)]	Loss1: 5.844032 Loss2: 0.000023 
| Global Round : 8 | Client :5 | Local Epoch : 1 | [64/604 (11%)]	Loss1: 5.844118 Loss2: 0.000024 
| Global Round : 8 | Client :5 | Local Epoch : 2 | [64/604 (11%)]	Loss1: 5.843861 Loss2: 0.000022 
| Global Round : 8 | Client :5 | Local Epoch : 3 | [64/604 (11%)]	Loss1: 5.844636 Loss2: 0.000023 
| Global Round : 8 | Client :5 | Local Epoch : 4 | [64/604 (11%)]	Loss1: 5.844226 Loss2: 0.000024 
| Global Round : 8 | Client :6 | Local Epoch : 0 | [64/534 (12%)]	Loss1: 5.848688 Loss2: 0.000015 
| Global Round : 8 | Client :6 | Local Epoch : 1 | [64/534 (12%)]	Loss1: 5.847915 Loss2: 0.000011 
| Global Round : 8 | Client :6 | Local Epoch : 2 | [64/534 (12%)]	Loss1: 5.848130 Loss2: 0.000016 
| Global Round : 8 | Client :6 | Local Epoch : 3 | [64/534 (12%)]	Loss1: 5.847245 Loss2: 0.000014 
| Global Round : 8 | Client :6 | Local Epoch : 4 | [64/534 (12%)]	Loss1: 5.847069 Loss2: 0.000012 
| Global Round : 8 | Client :7 | Local Epoch : 0 | [64/824 (8%)]	Loss1: 5.843119 Loss2: 0.000035 
| Global Round : 8 | Client :7 | Local Epoch : 0 | [704/824 (92%)]	Loss1: 5.842650 Loss2: 0.000026 
| Global Round : 8 | Client :7 | Local Epoch : 1 | [64/824 (8%)]	Loss1: 5.844341 Loss2: 0.000024 
| Global Round : 8 | Client :7 | Local Epoch : 1 | [704/824 (92%)]	Loss1: 5.843409 Loss2: 0.000025 
| Global Round : 8 | Client :7 | Local Epoch : 2 | [64/824 (8%)]	Loss1: 5.844442 Loss2: 0.000029 
| Global Round : 8 | Client :7 | Local Epoch : 2 | [704/824 (92%)]	Loss1: 5.842868 Loss2: 0.000032 
| Global Round : 8 | Client :7 | Local Epoch : 3 | [64/824 (8%)]	Loss1: 5.842736 Loss2: 0.000026 
| Global Round : 8 | Client :7 | Local Epoch : 3 | [704/824 (92%)]	Loss1: 5.841432 Loss2: 0.000025 
| Global Round : 8 | Client :7 | Local Epoch : 4 | [64/824 (8%)]	Loss1: 5.843028 Loss2: 0.000029 
| Global Round : 8 | Client :7 | Local Epoch : 4 | [704/824 (92%)]	Loss1: 5.840610 Loss2: 0.000025 
| Global Round : 8 | Client :8 | Local Epoch : 0 | [64/714 (9%)]	Loss1: 5.846950 Loss2: 0.000022 
| Global Round : 8 | Client :8 | Local Epoch : 0 | [704/714 (100%)]	Loss1: 5.845258 Loss2: 0.000026 
| Global Round : 8 | Client :8 | Local Epoch : 1 | [64/714 (9%)]	Loss1: 5.847807 Loss2: 0.000024 
| Global Round : 8 | Client :8 | Local Epoch : 1 | [704/714 (100%)]	Loss1: 5.846314 Loss2: 0.000027 
| Global Round : 8 | Client :8 | Local Epoch : 2 | [64/714 (9%)]	Loss1: 5.845375 Loss2: 0.000023 
| Global Round : 8 | Client :8 | Local Epoch : 2 | [704/714 (100%)]	Loss1: 5.847028 Loss2: 0.000029 
| Global Round : 8 | Client :8 | Local Epoch : 3 | [64/714 (9%)]	Loss1: 5.845921 Loss2: 0.000024 
| Global Round : 8 | Client :8 | Local Epoch : 3 | [704/714 (100%)]	Loss1: 5.845967 Loss2: 0.000025 
| Global Round : 8 | Client :8 | Local Epoch : 4 | [64/714 (9%)]	Loss1: 5.846754 Loss2: 0.000026 
| Global Round : 8 | Client :8 | Local Epoch : 4 | [704/714 (100%)]	Loss1: 5.849046 Loss2: 0.000025 
| Global Round : 8 | Client :9 | Local Epoch : 0 | [64/607 (11%)]	Loss1: 5.849752 Loss2: 0.000017 
| Global Round : 8 | Client :9 | Local Epoch : 1 | [64/607 (11%)]	Loss1: 5.848335 Loss2: 0.000017 
| Global Round : 8 | Client :9 | Local Epoch : 2 | [64/607 (11%)]	Loss1: 5.848417 Loss2: 0.000014 
| Global Round : 8 | Client :9 | Local Epoch : 3 | [64/607 (11%)]	Loss1: 5.846920 Loss2: 0.000018 
| Global Round : 8 | Client :9 | Local Epoch : 4 | [64/607 (11%)]	Loss1: 5.847720 Loss2: 0.000016 
average loss:   5.84303348157313
average local test accuracy: 0.7953125
average global test accuracy:  0.54921875

 | Global Training Round : 9 |

xi_k [0.47629894 0.53346215 0.5337666  0.49557647 0.49156808 0.50831792
 0.51161414 0.49678078 0.52614397 0.50653001]
max_exp: -1.0
coe: 10
Regulation [0.8 0.8 0.8 0.8 0.8 0.8 0.8 0.8 0.8 0.8]
Solver status: optimal_inaccurate
b_new: [1. 1. 1. 1. 1. 1. 1. 1. 1. 1.]
Iter 0: obj=50.4006, best_obj=50.4006, ||b_new-b_prev||₂=2.846050
xi_k [0.47629894 0.53346215 0.5337666  0.49557647 0.49156808 0.50831792
 0.51161414 0.49678078 0.52614397 0.50653001]
max_exp: -1.0
coe: 10
Regulation [-1. -1. -1. -1. -1. -1. -1. -1. -1. -1.]
Solver status: optimal_inaccurate
b_new: [1. 1. 1. 1. 1. 1. 1. 1. 1. 1.]
Iter 1: obj=51.3006, best_obj=51.3006, ||b_new-b_prev||₂=0.000000
Converged.
Final b: [1. 1. 1. 1. 1. 1. 1. 1. 1. 1.]
<class 'numpy.ndarray'>
b_float: [1. 1. 1. 1. 1. 1. 1. 1. 1. 1.]
b: [1 1 1 1 1 1 1 1 1 1]
active_clients:  [0, 1, 2, 3, 4, 5, 6, 7, 8, 9]
Client 0's s_k are:[0 1 1 1 1 1 1 1 1 1]
Client 1's s_k are:[1 0 1 1 1 1 1 1 1 1]
Client 2's s_k are:[1 1 0 1 1 1 1 1 1 1]
Client 3's s_k are:[1 1 1 0 1 1 1 1 1 1]
Client 4's s_k are:[1 1 1 1 0 1 1 1 1 1]
Client 5's s_k are:[1 1 1 1 1 0 1 1 1 1]
Client 6's s_k are:[1 1 1 1 1 1 0 1 1 1]
Client 7's s_k are:[1 1 1 1 1 1 1 0 1 1]
Client 8's s_k are:[1 1 1 1 1 1 1 1 0 1]
Client 9's s_k are:[1 1 1 1 1 1 1 1 1 0]
| Global Round : 9 | Client :0 | Local Epoch : 0 | [64/573 (12%)]	Loss1: 5.843062 Loss2: 0.000030 
| Global Round : 9 | Client :0 | Local Epoch : 1 | [64/573 (12%)]	Loss1: 5.844072 Loss2: 0.000027 
| Global Round : 9 | Client :0 | Local Epoch : 2 | [64/573 (12%)]	Loss1: 5.843025 Loss2: 0.000034 
| Global Round : 9 | Client :0 | Local Epoch : 3 | [64/573 (12%)]	Loss1: 5.842843 Loss2: 0.000032 
| Global Round : 9 | Client :0 | Local Epoch : 4 | [64/573 (12%)]	Loss1: 5.844120 Loss2: 0.000025 
| Global Round : 9 | Client :1 | Local Epoch : 0 | [64/448 (14%)]	Loss1: 5.846979 Loss2: 0.000021 
| Global Round : 9 | Client :1 | Local Epoch : 1 | [64/448 (14%)]	Loss1: 5.847202 Loss2: 0.000020 
| Global Round : 9 | Client :1 | Local Epoch : 2 | [64/448 (14%)]	Loss1: 5.846607 Loss2: 0.000022 
| Global Round : 9 | Client :1 | Local Epoch : 3 | [64/448 (14%)]	Loss1: 5.845935 Loss2: 0.000021 
| Global Round : 9 | Client :1 | Local Epoch : 4 | [64/448 (14%)]	Loss1: 5.844648 Loss2: 0.000024 
| Global Round : 9 | Client :2 | Local Epoch : 0 | [64/448 (14%)]	Loss1: 5.846309 Loss2: 0.000015 
| Global Round : 9 | Client :2 | Local Epoch : 1 | [64/448 (14%)]	Loss1: 5.849234 Loss2: 0.000017 
| Global Round : 9 | Client :2 | Local Epoch : 2 | [64/448 (14%)]	Loss1: 5.845679 Loss2: 0.000016 
| Global Round : 9 | Client :2 | Local Epoch : 3 | [64/448 (14%)]	Loss1: 5.845573 Loss2: 0.000016 
| Global Round : 9 | Client :2 | Local Epoch : 4 | [64/448 (14%)]	Loss1: 5.846559 Loss2: 0.000017 
| Global Round : 9 | Client :3 | Local Epoch : 0 | [64/620 (11%)]	Loss1: 5.845399 Loss2: 0.000021 
| Global Round : 9 | Client :3 | Local Epoch : 1 | [64/620 (11%)]	Loss1: 5.846632 Loss2: 0.000022 
| Global Round : 9 | Client :3 | Local Epoch : 2 | [64/620 (11%)]	Loss1: 5.845624 Loss2: 0.000020 
| Global Round : 9 | Client :3 | Local Epoch : 3 | [64/620 (11%)]	Loss1: 5.846033 Loss2: 0.000016 
| Global Round : 9 | Client :3 | Local Epoch : 4 | [64/620 (11%)]	Loss1: 5.844731 Loss2: 0.000018 
| Global Round : 9 | Client :4 | Local Epoch : 0 | [64/625 (11%)]	Loss1: 5.845706 Loss2: 0.000024 
| Global Round : 9 | Client :4 | Local Epoch : 1 | [64/625 (11%)]	Loss1: 5.845691 Loss2: 0.000020 
| Global Round : 9 | Client :4 | Local Epoch : 2 | [64/625 (11%)]	Loss1: 5.844101 Loss2: 0.000023 
| Global Round : 9 | Client :4 | Local Epoch : 3 | [64/625 (11%)]	Loss1: 5.843818 Loss2: 0.000021 
| Global Round : 9 | Client :4 | Local Epoch : 4 | [64/625 (11%)]	Loss1: 5.843639 Loss2: 0.000025 
| Global Round : 9 | Client :5 | Local Epoch : 0 | [64/604 (11%)]	Loss1: 5.843487 Loss2: 0.000024 
| Global Round : 9 | Client :5 | Local Epoch : 1 | [64/604 (11%)]	Loss1: 5.845058 Loss2: 0.000019 
| Global Round : 9 | Client :5 | Local Epoch : 2 | [64/604 (11%)]	Loss1: 5.842825 Loss2: 0.000023 
| Global Round : 9 | Client :5 | Local Epoch : 3 | [64/604 (11%)]	Loss1: 5.844128 Loss2: 0.000020 
| Global Round : 9 | Client :5 | Local Epoch : 4 | [64/604 (11%)]	Loss1: 5.843265 Loss2: 0.000021 
| Global Round : 9 | Client :6 | Local Epoch : 0 | [64/534 (12%)]	Loss1: 5.846763 Loss2: 0.000019 
| Global Round : 9 | Client :6 | Local Epoch : 1 | [64/534 (12%)]	Loss1: 5.847759 Loss2: 0.000013 
| Global Round : 9 | Client :6 | Local Epoch : 2 | [64/534 (12%)]	Loss1: 5.847510 Loss2: 0.000013 
| Global Round : 9 | Client :6 | Local Epoch : 3 | [64/534 (12%)]	Loss1: 5.844958 Loss2: 0.000015 
| Global Round : 9 | Client :6 | Local Epoch : 4 | [64/534 (12%)]	Loss1: 5.843879 Loss2: 0.000014 
| Global Round : 9 | Client :7 | Local Epoch : 0 | [64/824 (8%)]	Loss1: 5.842926 Loss2: 0.000027 
| Global Round : 9 | Client :7 | Local Epoch : 0 | [704/824 (92%)]	Loss1: 5.845799 Loss2: 0.000030 
| Global Round : 9 | Client :7 | Local Epoch : 1 | [64/824 (8%)]	Loss1: 5.845390 Loss2: 0.000031 
| Global Round : 9 | Client :7 | Local Epoch : 1 | [704/824 (92%)]	Loss1: 5.841684 Loss2: 0.000027 
| Global Round : 9 | Client :7 | Local Epoch : 2 | [64/824 (8%)]	Loss1: 5.841646 Loss2: 0.000028 
| Global Round : 9 | Client :7 | Local Epoch : 2 | [704/824 (92%)]	Loss1: 5.844217 Loss2: 0.000032 
| Global Round : 9 | Client :7 | Local Epoch : 3 | [64/824 (8%)]	Loss1: 5.842994 Loss2: 0.000025 
| Global Round : 9 | Client :7 | Local Epoch : 3 | [704/824 (92%)]	Loss1: 5.842146 Loss2: 0.000029 
| Global Round : 9 | Client :7 | Local Epoch : 4 | [64/824 (8%)]	Loss1: 5.844001 Loss2: 0.000035 
| Global Round : 9 | Client :7 | Local Epoch : 4 | [704/824 (92%)]	Loss1: 5.842117 Loss2: 0.000025 
| Global Round : 9 | Client :8 | Local Epoch : 0 | [64/714 (9%)]	Loss1: 5.846033 Loss2: 0.000028 
| Global Round : 9 | Client :8 | Local Epoch : 0 | [704/714 (100%)]	Loss1: 5.847764 Loss2: 0.000032 
| Global Round : 9 | Client :8 | Local Epoch : 1 | [64/714 (9%)]	Loss1: 5.846804 Loss2: 0.000027 
| Global Round : 9 | Client :8 | Local Epoch : 1 | [704/714 (100%)]	Loss1: 5.845304 Loss2: 0.000026 
| Global Round : 9 | Client :8 | Local Epoch : 2 | [64/714 (9%)]	Loss1: 5.847286 Loss2: 0.000027 
| Global Round : 9 | Client :8 | Local Epoch : 2 | [704/714 (100%)]	Loss1: 5.845548 Loss2: 0.000028 
| Global Round : 9 | Client :8 | Local Epoch : 3 | [64/714 (9%)]	Loss1: 5.845094 Loss2: 0.000026 
| Global Round : 9 | Client :8 | Local Epoch : 3 | [704/714 (100%)]	Loss1: 5.845510 Loss2: 0.000026 
| Global Round : 9 | Client :8 | Local Epoch : 4 | [64/714 (9%)]	Loss1: 5.845188 Loss2: 0.000027 
| Global Round : 9 | Client :8 | Local Epoch : 4 | [704/714 (100%)]	Loss1: 5.844919 Loss2: 0.000031 
| Global Round : 9 | Client :9 | Local Epoch : 0 | [64/607 (11%)]	Loss1: 5.846414 Loss2: 0.000018 
| Global Round : 9 | Client :9 | Local Epoch : 1 | [64/607 (11%)]	Loss1: 5.846307 Loss2: 0.000014 
| Global Round : 9 | Client :9 | Local Epoch : 2 | [64/607 (11%)]	Loss1: 5.847814 Loss2: 0.000018 
| Global Round : 9 | Client :9 | Local Epoch : 3 | [64/607 (11%)]	Loss1: 5.845986 Loss2: 0.000019 
| Global Round : 9 | Client :9 | Local Epoch : 4 | [64/607 (11%)]	Loss1: 5.846109 Loss2: 0.000018 
average loss:   5.842576989836852
average local test accuracy: 0.8040364583333333
average global test accuracy:  0.5078125

 | Global Training Round : 10 |

xi_k [0.47625464 0.53341573 0.53362156 0.4954696  0.49151912 0.50827834
 0.51149192 0.496756   0.52600842 0.50640167]
max_exp: -1.0
coe: 10
Regulation [0.8 0.8 0.8 0.8 0.8 0.8 0.8 0.8 0.8 0.8]
Solver status: optimal_inaccurate
b_new: [1. 1. 1. 1. 1. 1. 1. 1. 1. 1.]
Iter 0: obj=50.3922, best_obj=50.3922, ||b_new-b_prev||₂=2.846050
xi_k [0.47625464 0.53341573 0.53362156 0.4954696  0.49151912 0.50827834
 0.51149192 0.496756   0.52600842 0.50640167]
max_exp: -1.0
coe: 10
Regulation [-1. -1. -1. -1. -1. -1. -1. -1. -1. -1.]
Solver status: optimal_inaccurate
b_new: [1. 1. 1. 1. 1. 1. 1. 1. 1. 1.]
Iter 1: obj=51.2922, best_obj=51.2922, ||b_new-b_prev||₂=0.000000
Converged.
Final b: [1. 1. 1. 1. 1. 1. 1. 1. 1. 1.]
<class 'numpy.ndarray'>
b_float: [1. 1. 1. 1. 1. 1. 1. 1. 1. 1.]
b: [1 1 1 1 1 1 1 1 1 1]
active_clients:  [0, 1, 2, 3, 4, 5, 6, 7, 8, 9]
Client 0's s_k are:[0 1 1 1 1 1 1 1 1 1]
Client 1's s_k are:[1 0 1 1 1 1 1 1 1 1]
Client 2's s_k are:[1 1 0 1 1 1 1 1 1 1]
Client 3's s_k are:[1 1 1 0 1 1 1 1 1 1]
Client 4's s_k are:[1 1 1 1 0 1 1 1 1 1]
Client 5's s_k are:[1 1 1 1 1 0 1 1 1 1]
Client 6's s_k are:[1 1 1 1 1 1 0 1 1 1]
Client 7's s_k are:[1 1 1 1 1 1 1 0 1 1]
Client 8's s_k are:[1 1 1 1 1 1 1 1 0 1]
Client 9's s_k are:[1 1 1 1 1 1 1 1 1 0]
| Global Round : 10 | Client :0 | Local Epoch : 0 | [64/573 (12%)]	Loss1: 5.843480 Loss2: 0.000030 
| Global Round : 10 | Client :0 | Local Epoch : 1 | [64/573 (12%)]	Loss1: 5.842193 Loss2: 0.000029 
| Global Round : 10 | Client :0 | Local Epoch : 2 | [64/573 (12%)]	Loss1: 5.841970 Loss2: 0.000028 
| Global Round : 10 | Client :0 | Local Epoch : 3 | [64/573 (12%)]	Loss1: 5.844186 Loss2: 0.000027 
| Global Round : 10 | Client :0 | Local Epoch : 4 | [64/573 (12%)]	Loss1: 5.842066 Loss2: 0.000028 
| Global Round : 10 | Client :1 | Local Epoch : 0 | [64/448 (14%)]	Loss1: 5.845299 Loss2: 0.000021 
| Global Round : 10 | Client :1 | Local Epoch : 1 | [64/448 (14%)]	Loss1: 5.846337 Loss2: 0.000020 
| Global Round : 10 | Client :1 | Local Epoch : 2 | [64/448 (14%)]	Loss1: 5.845501 Loss2: 0.000021 
| Global Round : 10 | Client :1 | Local Epoch : 3 | [64/448 (14%)]	Loss1: 5.845032 Loss2: 0.000023 
| Global Round : 10 | Client :1 | Local Epoch : 4 | [64/448 (14%)]	Loss1: 5.844858 Loss2: 0.000021 
| Global Round : 10 | Client :2 | Local Epoch : 0 | [64/448 (14%)]	Loss1: 5.846694 Loss2: 0.000016 
| Global Round : 10 | Client :2 | Local Epoch : 1 | [64/448 (14%)]	Loss1: 5.845560 Loss2: 0.000017 
| Global Round : 10 | Client :2 | Local Epoch : 2 | [64/448 (14%)]	Loss1: 5.846551 Loss2: 0.000014 
| Global Round : 10 | Client :2 | Local Epoch : 3 | [64/448 (14%)]	Loss1: 5.847148 Loss2: 0.000019 
| Global Round : 10 | Client :2 | Local Epoch : 4 | [64/448 (14%)]	Loss1: 5.847534 Loss2: 0.000014 
| Global Round : 10 | Client :3 | Local Epoch : 0 | [64/620 (11%)]	Loss1: 5.844923 Loss2: 0.000016 
| Global Round : 10 | Client :3 | Local Epoch : 1 | [64/620 (11%)]	Loss1: 5.848428 Loss2: 0.000019 
| Global Round : 10 | Client :3 | Local Epoch : 2 | [64/620 (11%)]	Loss1: 5.844915 Loss2: 0.000018 
| Global Round : 10 | Client :3 | Local Epoch : 3 | [64/620 (11%)]	Loss1: 5.843270 Loss2: 0.000017 
| Global Round : 10 | Client :3 | Local Epoch : 4 | [64/620 (11%)]	Loss1: 5.844462 Loss2: 0.000019 
| Global Round : 10 | Client :4 | Local Epoch : 0 | [64/625 (11%)]	Loss1: 5.844158 Loss2: 0.000022 
| Global Round : 10 | Client :4 | Local Epoch : 1 | [64/625 (11%)]	Loss1: 5.843259 Loss2: 0.000027 
| Global Round : 10 | Client :4 | Local Epoch : 2 | [64/625 (11%)]	Loss1: 5.844667 Loss2: 0.000022 
| Global Round : 10 | Client :4 | Local Epoch : 3 | [64/625 (11%)]	Loss1: 5.844416 Loss2: 0.000024 
| Global Round : 10 | Client :4 | Local Epoch : 4 | [64/625 (11%)]	Loss1: 5.843822 Loss2: 0.000022 
| Global Round : 10 | Client :5 | Local Epoch : 0 | [64/604 (11%)]	Loss1: 5.842785 Loss2: 0.000020 
| Global Round : 10 | Client :5 | Local Epoch : 1 | [64/604 (11%)]	Loss1: 5.844947 Loss2: 0.000023 
| Global Round : 10 | Client :5 | Local Epoch : 2 | [64/604 (11%)]	Loss1: 5.842590 Loss2: 0.000023 
| Global Round : 10 | Client :5 | Local Epoch : 3 | [64/604 (11%)]	Loss1: 5.841935 Loss2: 0.000019 
| Global Round : 10 | Client :5 | Local Epoch : 4 | [64/604 (11%)]	Loss1: 5.843221 Loss2: 0.000022 
| Global Round : 10 | Client :6 | Local Epoch : 0 | [64/534 (12%)]	Loss1: 5.845511 Loss2: 0.000017 
| Global Round : 10 | Client :6 | Local Epoch : 1 | [64/534 (12%)]	Loss1: 5.846437 Loss2: 0.000020 
| Global Round : 10 | Client :6 | Local Epoch : 2 | [64/534 (12%)]	Loss1: 5.845933 Loss2: 0.000016 
| Global Round : 10 | Client :6 | Local Epoch : 3 | [64/534 (12%)]	Loss1: 5.847696 Loss2: 0.000021 
| Global Round : 10 | Client :6 | Local Epoch : 4 | [64/534 (12%)]	Loss1: 5.846211 Loss2: 0.000020 
| Global Round : 10 | Client :7 | Local Epoch : 0 | [64/824 (8%)]	Loss1: 5.842939 Loss2: 0.000029 
| Global Round : 10 | Client :7 | Local Epoch : 0 | [704/824 (92%)]	Loss1: 5.843826 Loss2: 0.000028 
| Global Round : 10 | Client :7 | Local Epoch : 1 | [64/824 (8%)]	Loss1: 5.843230 Loss2: 0.000027 
| Global Round : 10 | Client :7 | Local Epoch : 1 | [704/824 (92%)]	Loss1: 5.842847 Loss2: 0.000031 
| Global Round : 10 | Client :7 | Local Epoch : 2 | [64/824 (8%)]	Loss1: 5.842789 Loss2: 0.000029 
| Global Round : 10 | Client :7 | Local Epoch : 2 | [704/824 (92%)]	Loss1: 5.840941 Loss2: 0.000038 
| Global Round : 10 | Client :7 | Local Epoch : 3 | [64/824 (8%)]	Loss1: 5.843130 Loss2: 0.000037 
| Global Round : 10 | Client :7 | Local Epoch : 3 | [704/824 (92%)]	Loss1: 5.842279 Loss2: 0.000028 
| Global Round : 10 | Client :7 | Local Epoch : 4 | [64/824 (8%)]	Loss1: 5.841336 Loss2: 0.000033 
| Global Round : 10 | Client :7 | Local Epoch : 4 | [704/824 (92%)]	Loss1: 5.843792 Loss2: 0.000030 
| Global Round : 10 | Client :8 | Local Epoch : 0 | [64/714 (9%)]	Loss1: 5.849918 Loss2: 0.000024 
| Global Round : 10 | Client :8 | Local Epoch : 0 | [704/714 (100%)]	Loss1: 5.845037 Loss2: 0.000026 
| Global Round : 10 | Client :8 | Local Epoch : 1 | [64/714 (9%)]	Loss1: 5.848767 Loss2: 0.000020 
| Global Round : 10 | Client :8 | Local Epoch : 1 | [704/714 (100%)]	Loss1: 5.845201 Loss2: 0.000029 
| Global Round : 10 | Client :8 | Local Epoch : 2 | [64/714 (9%)]	Loss1: 5.846852 Loss2: 0.000025 
| Global Round : 10 | Client :8 | Local Epoch : 2 | [704/714 (100%)]	Loss1: 5.845867 Loss2: 0.000024 
| Global Round : 10 | Client :8 | Local Epoch : 3 | [64/714 (9%)]	Loss1: 5.845115 Loss2: 0.000026 
| Global Round : 10 | Client :8 | Local Epoch : 3 | [704/714 (100%)]	Loss1: 5.844416 Loss2: 0.000025 
| Global Round : 10 | Client :8 | Local Epoch : 4 | [64/714 (9%)]	Loss1: 5.845593 Loss2: 0.000023 
| Global Round : 10 | Client :8 | Local Epoch : 4 | [704/714 (100%)]	Loss1: 5.845135 Loss2: 0.000029 
| Global Round : 10 | Client :9 | Local Epoch : 0 | [64/607 (11%)]	Loss1: 5.846886 Loss2: 0.000017 
| Global Round : 10 | Client :9 | Local Epoch : 1 | [64/607 (11%)]	Loss1: 5.845862 Loss2: 0.000016 
| Global Round : 10 | Client :9 | Local Epoch : 2 | [64/607 (11%)]	Loss1: 5.845253 Loss2: 0.000020 
| Global Round : 10 | Client :9 | Local Epoch : 3 | [64/607 (11%)]	Loss1: 5.845703 Loss2: 0.000021 
| Global Round : 10 | Client :9 | Local Epoch : 4 | [64/607 (11%)]	Loss1: 5.845970 Loss2: 0.000016 
average loss:   5.842142014783869
average local test accuracy: 0.8076822916666666
average global test accuracy:  0.61328125

 | Global Training Round : 11 |

xi_k [0.47622627 0.53327668 0.53349019 0.49544144 0.49140593 0.50816983
 0.51144799 0.49675282 0.52591964 0.50625743]
max_exp: -1.0
coe: 10
Regulation [0.8 0.8 0.8 0.8 0.8 0.8 0.8 0.8 0.8 0.8]
Solver status: optimal_inaccurate
b_new: [1. 1. 1. 1. 1. 1. 1. 1. 1. 1.]
Iter 0: obj=50.3839, best_obj=50.3839, ||b_new-b_prev||₂=2.846050
xi_k [0.47622627 0.53327668 0.53349019 0.49544144 0.49140593 0.50816983
 0.51144799 0.49675282 0.52591964 0.50625743]
max_exp: -1.0
coe: 10
Regulation [-1. -1. -1. -1. -1. -1. -1. -1. -1. -1.]
Solver status: optimal_inaccurate
b_new: [1. 1. 1. 1. 1. 1. 1. 1. 1. 1.]
Iter 1: obj=51.2839, best_obj=51.2839, ||b_new-b_prev||₂=0.000000
Converged.
Final b: [1. 1. 1. 1. 1. 1. 1. 1. 1. 1.]
<class 'numpy.ndarray'>
b_float: [1. 1. 1. 1. 1. 1. 1. 1. 1. 1.]
b: [1 1 1 1 1 1 1 1 1 1]
active_clients:  [0, 1, 2, 3, 4, 5, 6, 7, 8, 9]
Client 0's s_k are:[0 1 1 1 1 1 1 1 1 1]
Client 1's s_k are:[1 0 1 1 1 1 1 1 1 1]
Client 2's s_k are:[1 1 0 1 1 1 1 1 1 1]
Client 3's s_k are:[1 1 1 0 1 1 1 1 1 1]
Client 4's s_k are:[1 1 1 1 0 1 1 1 1 1]
Client 5's s_k are:[1 1 1 1 1 0 1 1 1 1]
Client 6's s_k are:[1 1 1 1 1 1 0 1 1 1]
Client 7's s_k are:[1 1 1 1 1 1 1 0 1 1]
Client 8's s_k are:[1 1 1 1 1 1 1 1 0 1]
Client 9's s_k are:[1 1 1 1 1 1 1 1 1 0]
| Global Round : 11 | Client :0 | Local Epoch : 0 | [64/573 (12%)]	Loss1: 5.841131 Loss2: 0.000034 
| Global Round : 11 | Client :0 | Local Epoch : 1 | [64/573 (12%)]	Loss1: 5.842997 Loss2: 0.000033 
| Global Round : 11 | Client :0 | Local Epoch : 2 | [64/573 (12%)]	Loss1: 5.842403 Loss2: 0.000030 
| Global Round : 11 | Client :0 | Local Epoch : 3 | [64/573 (12%)]	Loss1: 5.842403 Loss2: 0.000031 
| Global Round : 11 | Client :0 | Local Epoch : 4 | [64/573 (12%)]	Loss1: 5.842533 Loss2: 0.000029 
| Global Round : 11 | Client :1 | Local Epoch : 0 | [64/448 (14%)]	Loss1: 5.845457 Loss2: 0.000023 
| Global Round : 11 | Client :1 | Local Epoch : 1 | [64/448 (14%)]	Loss1: 5.846841 Loss2: 0.000021 
| Global Round : 11 | Client :1 | Local Epoch : 2 | [64/448 (14%)]	Loss1: 5.844628 Loss2: 0.000018 
| Global Round : 11 | Client :1 | Local Epoch : 3 | [64/448 (14%)]	Loss1: 5.844520 Loss2: 0.000019 
| Global Round : 11 | Client :1 | Local Epoch : 4 | [64/448 (14%)]	Loss1: 5.843757 Loss2: 0.000018 
| Global Round : 11 | Client :2 | Local Epoch : 0 | [64/448 (14%)]	Loss1: 5.846337 Loss2: 0.000016 
| Global Round : 11 | Client :2 | Local Epoch : 1 | [64/448 (14%)]	Loss1: 5.848761 Loss2: 0.000016 
| Global Round : 11 | Client :2 | Local Epoch : 2 | [64/448 (14%)]	Loss1: 5.846742 Loss2: 0.000017 
| Global Round : 11 | Client :2 | Local Epoch : 3 | [64/448 (14%)]	Loss1: 5.845982 Loss2: 0.000017 
| Global Round : 11 | Client :2 | Local Epoch : 4 | [64/448 (14%)]	Loss1: 5.846351 Loss2: 0.000016 
| Global Round : 11 | Client :3 | Local Epoch : 0 | [64/620 (11%)]	Loss1: 5.845367 Loss2: 0.000020 
| Global Round : 11 | Client :3 | Local Epoch : 1 | [64/620 (11%)]	Loss1: 5.843147 Loss2: 0.000020 
| Global Round : 11 | Client :3 | Local Epoch : 2 | [64/620 (11%)]	Loss1: 5.842637 Loss2: 0.000020 
| Global Round : 11 | Client :3 | Local Epoch : 3 | [64/620 (11%)]	Loss1: 5.846115 Loss2: 0.000016 
| Global Round : 11 | Client :3 | Local Epoch : 4 | [64/620 (11%)]	Loss1: 5.842027 Loss2: 0.000017 
| Global Round : 11 | Client :4 | Local Epoch : 0 | [64/625 (11%)]	Loss1: 5.843703 Loss2: 0.000023 
| Global Round : 11 | Client :4 | Local Epoch : 1 | [64/625 (11%)]	Loss1: 5.842603 Loss2: 0.000027 
| Global Round : 11 | Client :4 | Local Epoch : 2 | [64/625 (11%)]	Loss1: 5.843599 Loss2: 0.000024 
| Global Round : 11 | Client :4 | Local Epoch : 3 | [64/625 (11%)]	Loss1: 5.842662 Loss2: 0.000022 
| Global Round : 11 | Client :4 | Local Epoch : 4 | [64/625 (11%)]	Loss1: 5.845563 Loss2: 0.000023 
| Global Round : 11 | Client :5 | Local Epoch : 0 | [64/604 (11%)]	Loss1: 5.843095 Loss2: 0.000023 
| Global Round : 11 | Client :5 | Local Epoch : 1 | [64/604 (11%)]	Loss1: 5.843538 Loss2: 0.000018 
| Global Round : 11 | Client :5 | Local Epoch : 2 | [64/604 (11%)]	Loss1: 5.842224 Loss2: 0.000019 
| Global Round : 11 | Client :5 | Local Epoch : 3 | [64/604 (11%)]	Loss1: 5.842498 Loss2: 0.000021 
| Global Round : 11 | Client :5 | Local Epoch : 4 | [64/604 (11%)]	Loss1: 5.842038 Loss2: 0.000022 
| Global Round : 11 | Client :6 | Local Epoch : 0 | [64/534 (12%)]	Loss1: 5.846078 Loss2: 0.000018 
| Global Round : 11 | Client :6 | Local Epoch : 1 | [64/534 (12%)]	Loss1: 5.845718 Loss2: 0.000012 
| Global Round : 11 | Client :6 | Local Epoch : 2 | [64/534 (12%)]	Loss1: 5.846330 Loss2: 0.000014 
| Global Round : 11 | Client :6 | Local Epoch : 3 | [64/534 (12%)]	Loss1: 5.845757 Loss2: 0.000015 
| Global Round : 11 | Client :6 | Local Epoch : 4 | [64/534 (12%)]	Loss1: 5.844918 Loss2: 0.000016 
| Global Round : 11 | Client :7 | Local Epoch : 0 | [64/824 (8%)]	Loss1: 5.841904 Loss2: 0.000029 
| Global Round : 11 | Client :7 | Local Epoch : 0 | [704/824 (92%)]	Loss1: 5.841680 Loss2: 0.000027 
| Global Round : 11 | Client :7 | Local Epoch : 1 | [64/824 (8%)]	Loss1: 5.842338 Loss2: 0.000027 
| Global Round : 11 | Client :7 | Local Epoch : 1 | [704/824 (92%)]	Loss1: 5.841679 Loss2: 0.000029 
| Global Round : 11 | Client :7 | Local Epoch : 2 | [64/824 (8%)]	Loss1: 5.841922 Loss2: 0.000031 
| Global Round : 11 | Client :7 | Local Epoch : 2 | [704/824 (92%)]	Loss1: 5.842359 Loss2: 0.000033 
| Global Round : 11 | Client :7 | Local Epoch : 3 | [64/824 (8%)]	Loss1: 5.844057 Loss2: 0.000032 
| Global Round : 11 | Client :7 | Local Epoch : 3 | [704/824 (92%)]	Loss1: 5.841461 Loss2: 0.000029 
| Global Round : 11 | Client :7 | Local Epoch : 4 | [64/824 (8%)]	Loss1: 5.842212 Loss2: 0.000032 
| Global Round : 11 | Client :7 | Local Epoch : 4 | [704/824 (92%)]	Loss1: 5.841695 Loss2: 0.000031 
| Global Round : 11 | Client :8 | Local Epoch : 0 | [64/714 (9%)]	Loss1: 5.843753 Loss2: 0.000026 
| Global Round : 11 | Client :8 | Local Epoch : 0 | [704/714 (100%)]	Loss1: 5.846223 Loss2: 0.000032 
| Global Round : 11 | Client :8 | Local Epoch : 1 | [64/714 (9%)]	Loss1: 5.846176 Loss2: 0.000026 
| Global Round : 11 | Client :8 | Local Epoch : 1 | [704/714 (100%)]	Loss1: 5.845503 Loss2: 0.000024 
| Global Round : 11 | Client :8 | Local Epoch : 2 | [64/714 (9%)]	Loss1: 5.845777 Loss2: 0.000026 
| Global Round : 11 | Client :8 | Local Epoch : 2 | [704/714 (100%)]	Loss1: 5.845085 Loss2: 0.000031 
| Global Round : 11 | Client :8 | Local Epoch : 3 | [64/714 (9%)]	Loss1: 5.844728 Loss2: 0.000022 
| Global Round : 11 | Client :8 | Local Epoch : 3 | [704/714 (100%)]	Loss1: 5.845027 Loss2: 0.000023 
| Global Round : 11 | Client :8 | Local Epoch : 4 | [64/714 (9%)]	Loss1: 5.845032 Loss2: 0.000024 
| Global Round : 11 | Client :8 | Local Epoch : 4 | [704/714 (100%)]	Loss1: 5.845249 Loss2: 0.000030 
| Global Round : 11 | Client :9 | Local Epoch : 0 | [64/607 (11%)]	Loss1: 5.846550 Loss2: 0.000022 
| Global Round : 11 | Client :9 | Local Epoch : 1 | [64/607 (11%)]	Loss1: 5.845719 Loss2: 0.000018 
| Global Round : 11 | Client :9 | Local Epoch : 2 | [64/607 (11%)]	Loss1: 5.845812 Loss2: 0.000020 
| Global Round : 11 | Client :9 | Local Epoch : 3 | [64/607 (11%)]	Loss1: 5.847917 Loss2: 0.000023 
| Global Round : 11 | Client :9 | Local Epoch : 4 | [64/607 (11%)]	Loss1: 5.844730 Loss2: 0.000020 
average loss:   5.841766439432018
average local test accuracy: 0.810546875
average global test accuracy:  0.52421875

 | Global Training Round : 12 |

xi_k [0.47618286 0.53320081 0.53337634 0.49536528 0.49134982 0.50810948
 0.5113929  0.49664144 0.52580676 0.50623332]
max_exp: -1.0
coe: 10
Regulation [0.8 0.8 0.8 0.8 0.8 0.8 0.8 0.8 0.8 0.8]
Solver status: optimal_inaccurate
b_new: [1. 1. 1. 1. 1. 1. 1. 1. 1. 1.]
Iter 0: obj=50.3766, best_obj=50.3766, ||b_new-b_prev||₂=2.846050
xi_k [0.47618286 0.53320081 0.53337634 0.49536528 0.49134982 0.50810948
 0.5113929  0.49664144 0.52580676 0.50623332]
max_exp: -1.0
coe: 10
Regulation [-1. -1. -1. -1. -1. -1. -1. -1. -1. -1.]
Solver status: optimal_inaccurate
b_new: [1. 1. 1. 1. 1. 1. 1. 1. 1. 1.]
Iter 1: obj=51.2766, best_obj=51.2766, ||b_new-b_prev||₂=0.000000
Converged.
Final b: [1. 1. 1. 1. 1. 1. 1. 1. 1. 1.]
<class 'numpy.ndarray'>
b_float: [1. 1. 1. 1. 1. 1. 1. 1. 1. 1.]
b: [1 1 1 1 1 1 1 1 1 1]
active_clients:  [0, 1, 2, 3, 4, 5, 6, 7, 8, 9]
Client 0's s_k are:[0 1 1 1 1 1 1 1 1 1]
Client 1's s_k are:[1 0 1 1 1 1 1 1 1 1]
Client 2's s_k are:[1 1 0 1 1 1 1 1 1 1]
Client 3's s_k are:[1 1 1 0 1 1 1 1 1 1]
Client 4's s_k are:[1 1 1 1 0 1 1 1 1 1]
Client 5's s_k are:[1 1 1 1 1 0 1 1 1 1]
Client 6's s_k are:[1 1 1 1 1 1 0 1 1 1]
Client 7's s_k are:[1 1 1 1 1 1 1 0 1 1]
Client 8's s_k are:[1 1 1 1 1 1 1 1 0 1]
Client 9's s_k are:[1 1 1 1 1 1 1 1 1 0]
| Global Round : 12 | Client :0 | Local Epoch : 0 | [64/573 (12%)]	Loss1: 5.844196 Loss2: 0.000028 
| Global Round : 12 | Client :0 | Local Epoch : 1 | [64/573 (12%)]	Loss1: 5.841005 Loss2: 0.000027 
| Global Round : 12 | Client :0 | Local Epoch : 2 | [64/573 (12%)]	Loss1: 5.841340 Loss2: 0.000027 
| Global Round : 12 | Client :0 | Local Epoch : 3 | [64/573 (12%)]	Loss1: 5.841377 Loss2: 0.000028 
| Global Round : 12 | Client :0 | Local Epoch : 4 | [64/573 (12%)]	Loss1: 5.842963 Loss2: 0.000028 
| Global Round : 12 | Client :1 | Local Epoch : 0 | [64/448 (14%)]	Loss1: 5.843984 Loss2: 0.000019 
| Global Round : 12 | Client :1 | Local Epoch : 1 | [64/448 (14%)]	Loss1: 5.844807 Loss2: 0.000021 
| Global Round : 12 | Client :1 | Local Epoch : 2 | [64/448 (14%)]	Loss1: 5.844319 Loss2: 0.000023 
| Global Round : 12 | Client :1 | Local Epoch : 3 | [64/448 (14%)]	Loss1: 5.845816 Loss2: 0.000018 
| Global Round : 12 | Client :1 | Local Epoch : 4 | [64/448 (14%)]	Loss1: 5.845061 Loss2: 0.000020 
| Global Round : 12 | Client :2 | Local Epoch : 0 | [64/448 (14%)]	Loss1: 5.846275 Loss2: 0.000018 
| Global Round : 12 | Client :2 | Local Epoch : 1 | [64/448 (14%)]	Loss1: 5.846054 Loss2: 0.000017 
| Global Round : 12 | Client :2 | Local Epoch : 2 | [64/448 (14%)]	Loss1: 5.847732 Loss2: 0.000016 
| Global Round : 12 | Client :2 | Local Epoch : 3 | [64/448 (14%)]	Loss1: 5.845238 Loss2: 0.000016 
| Global Round : 12 | Client :2 | Local Epoch : 4 | [64/448 (14%)]	Loss1: 5.846889 Loss2: 0.000017 
| Global Round : 12 | Client :3 | Local Epoch : 0 | [64/620 (11%)]	Loss1: 5.844674 Loss2: 0.000018 
| Global Round : 12 | Client :3 | Local Epoch : 1 | [64/620 (11%)]	Loss1: 5.844143 Loss2: 0.000021 
| Global Round : 12 | Client :3 | Local Epoch : 2 | [64/620 (11%)]	Loss1: 5.842458 Loss2: 0.000020 
| Global Round : 12 | Client :3 | Local Epoch : 3 | [64/620 (11%)]	Loss1: 5.843451 Loss2: 0.000022 
| Global Round : 12 | Client :3 | Local Epoch : 4 | [64/620 (11%)]	Loss1: 5.844363 Loss2: 0.000020 
| Global Round : 12 | Client :4 | Local Epoch : 0 | [64/625 (11%)]	Loss1: 5.847345 Loss2: 0.000022 
| Global Round : 12 | Client :4 | Local Epoch : 1 | [64/625 (11%)]	Loss1: 5.843775 Loss2: 0.000025 
| Global Round : 12 | Client :4 | Local Epoch : 2 | [64/625 (11%)]	Loss1: 5.846089 Loss2: 0.000023 
| Global Round : 12 | Client :4 | Local Epoch : 3 | [64/625 (11%)]	Loss1: 5.845167 Loss2: 0.000024 
| Global Round : 12 | Client :4 | Local Epoch : 4 | [64/625 (11%)]	Loss1: 5.842571 Loss2: 0.000025 
| Global Round : 12 | Client :5 | Local Epoch : 0 | [64/604 (11%)]	Loss1: 5.841804 Loss2: 0.000020 
| Global Round : 12 | Client :5 | Local Epoch : 1 | [64/604 (11%)]	Loss1: 5.842551 Loss2: 0.000019 
| Global Round : 12 | Client :5 | Local Epoch : 2 | [64/604 (11%)]	Loss1: 5.842220 Loss2: 0.000021 
| Global Round : 12 | Client :5 | Local Epoch : 3 | [64/604 (11%)]	Loss1: 5.841224 Loss2: 0.000022 
| Global Round : 12 | Client :5 | Local Epoch : 4 | [64/604 (11%)]	Loss1: 5.843027 Loss2: 0.000025 
| Global Round : 12 | Client :6 | Local Epoch : 0 | [64/534 (12%)]	Loss1: 5.845298 Loss2: 0.000014 
| Global Round : 12 | Client :6 | Local Epoch : 1 | [64/534 (12%)]	Loss1: 5.845974 Loss2: 0.000012 
| Global Round : 12 | Client :6 | Local Epoch : 2 | [64/534 (12%)]	Loss1: 5.845443 Loss2: 0.000015 
| Global Round : 12 | Client :6 | Local Epoch : 3 | [64/534 (12%)]	Loss1: 5.845249 Loss2: 0.000014 
| Global Round : 12 | Client :6 | Local Epoch : 4 | [64/534 (12%)]	Loss1: 5.844988 Loss2: 0.000013 
| Global Round : 12 | Client :7 | Local Epoch : 0 | [64/824 (8%)]	Loss1: 5.843230 Loss2: 0.000030 
| Global Round : 12 | Client :7 | Local Epoch : 0 | [704/824 (92%)]	Loss1: 5.840861 Loss2: 0.000027 
| Global Round : 12 | Client :7 | Local Epoch : 1 | [64/824 (8%)]	Loss1: 5.841421 Loss2: 0.000028 
| Global Round : 12 | Client :7 | Local Epoch : 1 | [704/824 (92%)]	Loss1: 5.842203 Loss2: 0.000026 
| Global Round : 12 | Client :7 | Local Epoch : 2 | [64/824 (8%)]	Loss1: 5.842890 Loss2: 0.000032 
| Global Round : 12 | Client :7 | Local Epoch : 2 | [704/824 (92%)]	Loss1: 5.840980 Loss2: 0.000034 
| Global Round : 12 | Client :7 | Local Epoch : 3 | [64/824 (8%)]	Loss1: 5.842130 Loss2: 0.000026 
| Global Round : 12 | Client :7 | Local Epoch : 3 | [704/824 (92%)]	Loss1: 5.841227 Loss2: 0.000028 
| Global Round : 12 | Client :7 | Local Epoch : 4 | [64/824 (8%)]	Loss1: 5.842071 Loss2: 0.000031 
| Global Round : 12 | Client :7 | Local Epoch : 4 | [704/824 (92%)]	Loss1: 5.841862 Loss2: 0.000028 
| Global Round : 12 | Client :8 | Local Epoch : 0 | [64/714 (9%)]	Loss1: 5.843771 Loss2: 0.000025 
| Global Round : 12 | Client :8 | Local Epoch : 0 | [704/714 (100%)]	Loss1: 5.846745 Loss2: 0.000028 
| Global Round : 12 | Client :8 | Local Epoch : 1 | [64/714 (9%)]	Loss1: 5.844832 Loss2: 0.000022 
| Global Round : 12 | Client :8 | Local Epoch : 1 | [704/714 (100%)]	Loss1: 5.846251 Loss2: 0.000035 
| Global Round : 12 | Client :8 | Local Epoch : 2 | [64/714 (9%)]	Loss1: 5.844326 Loss2: 0.000024 
| Global Round : 12 | Client :8 | Local Epoch : 2 | [704/714 (100%)]	Loss1: 5.844303 Loss2: 0.000030 
| Global Round : 12 | Client :8 | Local Epoch : 3 | [64/714 (9%)]	Loss1: 5.843868 Loss2: 0.000026 
| Global Round : 12 | Client :8 | Local Epoch : 3 | [704/714 (100%)]	Loss1: 5.844205 Loss2: 0.000029 
| Global Round : 12 | Client :8 | Local Epoch : 4 | [64/714 (9%)]	Loss1: 5.844055 Loss2: 0.000023 
| Global Round : 12 | Client :8 | Local Epoch : 4 | [704/714 (100%)]	Loss1: 5.845892 Loss2: 0.000027 
| Global Round : 12 | Client :9 | Local Epoch : 0 | [64/607 (11%)]	Loss1: 5.845818 Loss2: 0.000018 
| Global Round : 12 | Client :9 | Local Epoch : 1 | [64/607 (11%)]	Loss1: 5.846161 Loss2: 0.000025 
| Global Round : 12 | Client :9 | Local Epoch : 2 | [64/607 (11%)]	Loss1: 5.843163 Loss2: 0.000017 
| Global Round : 12 | Client :9 | Local Epoch : 3 | [64/607 (11%)]	Loss1: 5.845057 Loss2: 0.000019 
| Global Round : 12 | Client :9 | Local Epoch : 4 | [64/607 (11%)]	Loss1: 5.846839 Loss2: 0.000019 
average loss:   5.84140395104111
average local test accuracy: 0.80390625
average global test accuracy:  0.615234375

 | Global Training Round : 13 |

xi_k [0.47615292 0.53313203 0.53327921 0.49529835 0.49136038 0.50810444
 0.51128276 0.49659766 0.5257174  0.5060816 ]
max_exp: -1.0
coe: 10
Regulation [0.8 0.8 0.8 0.8 0.8 0.8 0.8 0.8 0.8 0.8]
Solver status: optimal_inaccurate
b_new: [1. 1. 1. 1. 1. 1. 1. 1. 1. 1.]
Iter 0: obj=50.3701, best_obj=50.3701, ||b_new-b_prev||₂=2.846050
xi_k [0.47615292 0.53313203 0.53327921 0.49529835 0.49136038 0.50810444
 0.51128276 0.49659766 0.5257174  0.5060816 ]
max_exp: -1.0
coe: 10
Regulation [-1. -1. -1. -1. -1. -1. -1. -1. -1. -1.]
Solver status: optimal_inaccurate
b_new: [1. 1. 1. 1. 1. 1. 1. 1. 1. 1.]
Iter 1: obj=51.2701, best_obj=51.2701, ||b_new-b_prev||₂=0.000000
Converged.
Final b: [1. 1. 1. 1. 1. 1. 1. 1. 1. 1.]
<class 'numpy.ndarray'>
b_float: [1. 1. 1. 1. 1. 1. 1. 1. 1. 1.]
b: [1 1 1 1 1 1 1 1 1 1]
active_clients:  [0, 1, 2, 3, 4, 5, 6, 7, 8, 9]
Client 0's s_k are:[0 1 1 1 1 1 1 1 1 1]
Client 1's s_k are:[1 0 1 1 1 1 1 1 1 1]
Client 2's s_k are:[1 1 0 1 1 1 1 1 1 1]
Client 3's s_k are:[1 1 1 0 1 1 1 1 1 1]
Client 4's s_k are:[1 1 1 1 0 1 1 1 1 1]
Client 5's s_k are:[1 1 1 1 1 0 1 1 1 1]
Client 6's s_k are:[1 1 1 1 1 1 0 1 1 1]
Client 7's s_k are:[1 1 1 1 1 1 1 0 1 1]
Client 8's s_k are:[1 1 1 1 1 1 1 1 0 1]
Client 9's s_k are:[1 1 1 1 1 1 1 1 1 0]
| Global Round : 13 | Client :0 | Local Epoch : 0 | [64/573 (12%)]	Loss1: 5.842052 Loss2: 0.000030 
| Global Round : 13 | Client :0 | Local Epoch : 1 | [64/573 (12%)]	Loss1: 5.841646 Loss2: 0.000030 
| Global Round : 13 | Client :0 | Local Epoch : 2 | [64/573 (12%)]	Loss1: 5.842868 Loss2: 0.000029 
| Global Round : 13 | Client :0 | Local Epoch : 3 | [64/573 (12%)]	Loss1: 5.841007 Loss2: 0.000029 
| Global Round : 13 | Client :0 | Local Epoch : 4 | [64/573 (12%)]	Loss1: 5.841180 Loss2: 0.000026 
| Global Round : 13 | Client :1 | Local Epoch : 0 | [64/448 (14%)]	Loss1: 5.845609 Loss2: 0.000019 
| Global Round : 13 | Client :1 | Local Epoch : 1 | [64/448 (14%)]	Loss1: 5.844354 Loss2: 0.000019 
| Global Round : 13 | Client :1 | Local Epoch : 2 | [64/448 (14%)]	Loss1: 5.844888 Loss2: 0.000019 
| Global Round : 13 | Client :1 | Local Epoch : 3 | [64/448 (14%)]	Loss1: 5.845318 Loss2: 0.000022 
| Global Round : 13 | Client :1 | Local Epoch : 4 | [64/448 (14%)]	Loss1: 5.843700 Loss2: 0.000025 
| Global Round : 13 | Client :2 | Local Epoch : 0 | [64/448 (14%)]	Loss1: 5.844785 Loss2: 0.000017 
| Global Round : 13 | Client :2 | Local Epoch : 1 | [64/448 (14%)]	Loss1: 5.845836 Loss2: 0.000018 
| Global Round : 13 | Client :2 | Local Epoch : 2 | [64/448 (14%)]	Loss1: 5.845871 Loss2: 0.000015 
| Global Round : 13 | Client :2 | Local Epoch : 3 | [64/448 (14%)]	Loss1: 5.844804 Loss2: 0.000016 
| Global Round : 13 | Client :2 | Local Epoch : 4 | [64/448 (14%)]	Loss1: 5.845829 Loss2: 0.000013 
| Global Round : 13 | Client :3 | Local Epoch : 0 | [64/620 (11%)]	Loss1: 5.842797 Loss2: 0.000022 
| Global Round : 13 | Client :3 | Local Epoch : 1 | [64/620 (11%)]	Loss1: 5.844612 Loss2: 0.000016 
| Global Round : 13 | Client :3 | Local Epoch : 2 | [64/620 (11%)]	Loss1: 5.845879 Loss2: 0.000020 
| Global Round : 13 | Client :3 | Local Epoch : 3 | [64/620 (11%)]	Loss1: 5.843747 Loss2: 0.000017 
| Global Round : 13 | Client :3 | Local Epoch : 4 | [64/620 (11%)]	Loss1: 5.844537 Loss2: 0.000026 
| Global Round : 13 | Client :4 | Local Epoch : 0 | [64/625 (11%)]	Loss1: 5.844525 Loss2: 0.000024 
| Global Round : 13 | Client :4 | Local Epoch : 1 | [64/625 (11%)]	Loss1: 5.842601 Loss2: 0.000022 
| Global Round : 13 | Client :4 | Local Epoch : 2 | [64/625 (11%)]	Loss1: 5.844502 Loss2: 0.000024 
| Global Round : 13 | Client :4 | Local Epoch : 3 | [64/625 (11%)]	Loss1: 5.845063 Loss2: 0.000025 
| Global Round : 13 | Client :4 | Local Epoch : 4 | [64/625 (11%)]	Loss1: 5.842781 Loss2: 0.000021 
| Global Round : 13 | Client :5 | Local Epoch : 0 | [64/604 (11%)]	Loss1: 5.841806 Loss2: 0.000021 
| Global Round : 13 | Client :5 | Local Epoch : 1 | [64/604 (11%)]	Loss1: 5.842029 Loss2: 0.000021 
| Global Round : 13 | Client :5 | Local Epoch : 2 | [64/604 (11%)]	Loss1: 5.842580 Loss2: 0.000022 
| Global Round : 13 | Client :5 | Local Epoch : 3 | [64/604 (11%)]	Loss1: 5.841856 Loss2: 0.000022 
| Global Round : 13 | Client :5 | Local Epoch : 4 | [64/604 (11%)]	Loss1: 5.841455 Loss2: 0.000023 
| Global Round : 13 | Client :6 | Local Epoch : 0 | [64/534 (12%)]	Loss1: 5.845517 Loss2: 0.000017 
| Global Round : 13 | Client :6 | Local Epoch : 1 | [64/534 (12%)]	Loss1: 5.845386 Loss2: 0.000015 
| Global Round : 13 | Client :6 | Local Epoch : 2 | [64/534 (12%)]	Loss1: 5.844129 Loss2: 0.000014 
| Global Round : 13 | Client :6 | Local Epoch : 3 | [64/534 (12%)]	Loss1: 5.844638 Loss2: 0.000016 
| Global Round : 13 | Client :6 | Local Epoch : 4 | [64/534 (12%)]	Loss1: 5.843868 Loss2: 0.000018 
| Global Round : 13 | Client :7 | Local Epoch : 0 | [64/824 (8%)]	Loss1: 5.844200 Loss2: 0.000029 
| Global Round : 13 | Client :7 | Local Epoch : 0 | [704/824 (92%)]	Loss1: 5.841688 Loss2: 0.000031 
| Global Round : 13 | Client :7 | Local Epoch : 1 | [64/824 (8%)]	Loss1: 5.842270 Loss2: 0.000031 
| Global Round : 13 | Client :7 | Local Epoch : 1 | [704/824 (92%)]	Loss1: 5.842586 Loss2: 0.000027 
| Global Round : 13 | Client :7 | Local Epoch : 2 | [64/824 (8%)]	Loss1: 5.842828 Loss2: 0.000035 
| Global Round : 13 | Client :7 | Local Epoch : 2 | [704/824 (92%)]	Loss1: 5.843003 Loss2: 0.000030 
| Global Round : 13 | Client :7 | Local Epoch : 3 | [64/824 (8%)]	Loss1: 5.842109 Loss2: 0.000032 
| Global Round : 13 | Client :7 | Local Epoch : 3 | [704/824 (92%)]	Loss1: 5.841621 Loss2: 0.000025 
| Global Round : 13 | Client :7 | Local Epoch : 4 | [64/824 (8%)]	Loss1: 5.842704 Loss2: 0.000031 
| Global Round : 13 | Client :7 | Local Epoch : 4 | [704/824 (92%)]	Loss1: 5.840765 Loss2: 0.000027 
| Global Round : 13 | Client :8 | Local Epoch : 0 | [64/714 (9%)]	Loss1: 5.843289 Loss2: 0.000029 
| Global Round : 13 | Client :8 | Local Epoch : 0 | [704/714 (100%)]	Loss1: 5.846184 Loss2: 0.000029 
| Global Round : 13 | Client :8 | Local Epoch : 1 | [64/714 (9%)]	Loss1: 5.843883 Loss2: 0.000024 
| Global Round : 13 | Client :8 | Local Epoch : 1 | [704/714 (100%)]	Loss1: 5.845446 Loss2: 0.000026 
| Global Round : 13 | Client :8 | Local Epoch : 2 | [64/714 (9%)]	Loss1: 5.846731 Loss2: 0.000021 
| Global Round : 13 | Client :8 | Local Epoch : 2 | [704/714 (100%)]	Loss1: 5.845802 Loss2: 0.000026 
| Global Round : 13 | Client :8 | Local Epoch : 3 | [64/714 (9%)]	Loss1: 5.844783 Loss2: 0.000023 
| Global Round : 13 | Client :8 | Local Epoch : 3 | [704/714 (100%)]	Loss1: 5.844022 Loss2: 0.000026 
| Global Round : 13 | Client :8 | Local Epoch : 4 | [64/714 (9%)]	Loss1: 5.842601 Loss2: 0.000021 
| Global Round : 13 | Client :8 | Local Epoch : 4 | [704/714 (100%)]	Loss1: 5.846030 Loss2: 0.000028 
| Global Round : 13 | Client :9 | Local Epoch : 0 | [64/607 (11%)]	Loss1: 5.846117 Loss2: 0.000019 
| Global Round : 13 | Client :9 | Local Epoch : 1 | [64/607 (11%)]	Loss1: 5.844748 Loss2: 0.000017 
| Global Round : 13 | Client :9 | Local Epoch : 2 | [64/607 (11%)]	Loss1: 5.846529 Loss2: 0.000017 
| Global Round : 13 | Client :9 | Local Epoch : 3 | [64/607 (11%)]	Loss1: 5.846512 Loss2: 0.000018 
| Global Round : 13 | Client :9 | Local Epoch : 4 | [64/607 (11%)]	Loss1: 5.845923 Loss2: 0.000018 
average loss:   5.841158753177648
average local test accuracy: 0.819921875
average global test accuracy:  0.55546875

 | Global Training Round : 14 |

xi_k [0.47610943 0.53309157 0.53324436 0.49529106 0.49126655 0.50809268
 0.51124742 0.49658631 0.52566046 0.50598859]
max_exp: -1.0
coe: 10
Regulation [0.8 0.8 0.8 0.8 0.8 0.8 0.8 0.8 0.8 0.8]
Solver status: optimal_inaccurate
b_new: [1. 1. 1. 1. 1. 1. 1. 1. 1. 1.]
Iter 0: obj=50.3658, best_obj=50.3658, ||b_new-b_prev||₂=2.846050
xi_k [0.47610943 0.53309157 0.53324436 0.49529106 0.49126655 0.50809268
 0.51124742 0.49658631 0.52566046 0.50598859]
max_exp: -1.0
coe: 10
Regulation [-1. -1. -1. -1. -1. -1. -1. -1. -1. -1.]
Solver status: optimal_inaccurate
b_new: [1. 1. 1. 1. 1. 1. 1. 1. 1. 1.]
Iter 1: obj=51.2658, best_obj=51.2658, ||b_new-b_prev||₂=0.000000
Converged.
Final b: [1. 1. 1. 1. 1. 1. 1. 1. 1. 1.]
<class 'numpy.ndarray'>
b_float: [1. 1. 1. 1. 1. 1. 1. 1. 1. 1.]
b: [1 1 1 1 1 1 1 1 1 1]
active_clients:  [0, 1, 2, 3, 4, 5, 6, 7, 8, 9]
Client 0's s_k are:[0 1 1 1 1 1 1 1 1 1]
Client 1's s_k are:[1 0 1 1 1 1 1 1 1 1]
Client 2's s_k are:[1 1 0 1 1 1 1 1 1 1]
Client 3's s_k are:[1 1 1 0 1 1 1 1 1 1]
Client 4's s_k are:[1 1 1 1 0 1 1 1 1 1]
Client 5's s_k are:[1 1 1 1 1 0 1 1 1 1]
Client 6's s_k are:[1 1 1 1 1 1 0 1 1 1]
Client 7's s_k are:[1 1 1 1 1 1 1 0 1 1]
Client 8's s_k are:[1 1 1 1 1 1 1 1 0 1]
Client 9's s_k are:[1 1 1 1 1 1 1 1 1 0]
| Global Round : 14 | Client :0 | Local Epoch : 0 | [64/573 (12%)]	Loss1: 5.842031 Loss2: 0.000029 
| Global Round : 14 | Client :0 | Local Epoch : 1 | [64/573 (12%)]	Loss1: 5.840515 Loss2: 0.000029 
| Global Round : 14 | Client :0 | Local Epoch : 2 | [64/573 (12%)]	Loss1: 5.843399 Loss2: 0.000030 
| Global Round : 14 | Client :0 | Local Epoch : 3 | [64/573 (12%)]	Loss1: 5.840822 Loss2: 0.000028 
| Global Round : 14 | Client :0 | Local Epoch : 4 | [64/573 (12%)]	Loss1: 5.841653 Loss2: 0.000037 
| Global Round : 14 | Client :1 | Local Epoch : 0 | [64/448 (14%)]	Loss1: 5.844463 Loss2: 0.000018 
| Global Round : 14 | Client :1 | Local Epoch : 1 | [64/448 (14%)]	Loss1: 5.844820 Loss2: 0.000024 
| Global Round : 14 | Client :1 | Local Epoch : 2 | [64/448 (14%)]	Loss1: 5.842653 Loss2: 0.000021 
| Global Round : 14 | Client :1 | Local Epoch : 3 | [64/448 (14%)]	Loss1: 5.842533 Loss2: 0.000019 
| Global Round : 14 | Client :1 | Local Epoch : 4 | [64/448 (14%)]	Loss1: 5.844249 Loss2: 0.000021 
| Global Round : 14 | Client :2 | Local Epoch : 0 | [64/448 (14%)]	Loss1: 5.844612 Loss2: 0.000014 
| Global Round : 14 | Client :2 | Local Epoch : 1 | [64/448 (14%)]	Loss1: 5.843915 Loss2: 0.000017 
| Global Round : 14 | Client :2 | Local Epoch : 2 | [64/448 (14%)]	Loss1: 5.844788 Loss2: 0.000012 
| Global Round : 14 | Client :2 | Local Epoch : 3 | [64/448 (14%)]	Loss1: 5.845782 Loss2: 0.000018 
| Global Round : 14 | Client :2 | Local Epoch : 4 | [64/448 (14%)]	Loss1: 5.844759 Loss2: 0.000019 
| Global Round : 14 | Client :3 | Local Epoch : 0 | [64/620 (11%)]	Loss1: 5.842637 Loss2: 0.000019 
| Global Round : 14 | Client :3 | Local Epoch : 1 | [64/620 (11%)]	Loss1: 5.843290 Loss2: 0.000017 
| Global Round : 14 | Client :3 | Local Epoch : 2 | [64/620 (11%)]	Loss1: 5.843648 Loss2: 0.000021 
| Global Round : 14 | Client :3 | Local Epoch : 3 | [64/620 (11%)]	Loss1: 5.843954 Loss2: 0.000016 
| Global Round : 14 | Client :3 | Local Epoch : 4 | [64/620 (11%)]	Loss1: 5.842697 Loss2: 0.000016 
| Global Round : 14 | Client :4 | Local Epoch : 0 | [64/625 (11%)]	Loss1: 5.840712 Loss2: 0.000023 
| Global Round : 14 | Client :4 | Local Epoch : 1 | [64/625 (11%)]	Loss1: 5.843540 Loss2: 0.000022 
| Global Round : 14 | Client :4 | Local Epoch : 2 | [64/625 (11%)]	Loss1: 5.845112 Loss2: 0.000022 
| Global Round : 14 | Client :4 | Local Epoch : 3 | [64/625 (11%)]	Loss1: 5.842707 Loss2: 0.000025 
| Global Round : 14 | Client :4 | Local Epoch : 4 | [64/625 (11%)]	Loss1: 5.842736 Loss2: 0.000022 
| Global Round : 14 | Client :5 | Local Epoch : 0 | [64/604 (11%)]	Loss1: 5.842733 Loss2: 0.000020 
| Global Round : 14 | Client :5 | Local Epoch : 1 | [64/604 (11%)]	Loss1: 5.841195 Loss2: 0.000022 
| Global Round : 14 | Client :5 | Local Epoch : 2 | [64/604 (11%)]	Loss1: 5.841957 Loss2: 0.000021 
| Global Round : 14 | Client :5 | Local Epoch : 3 | [64/604 (11%)]	Loss1: 5.840817 Loss2: 0.000025 
| Global Round : 14 | Client :5 | Local Epoch : 4 | [64/604 (11%)]	Loss1: 5.841248 Loss2: 0.000021 
| Global Round : 14 | Client :6 | Local Epoch : 0 | [64/534 (12%)]	Loss1: 5.844548 Loss2: 0.000014 
| Global Round : 14 | Client :6 | Local Epoch : 1 | [64/534 (12%)]	Loss1: 5.844144 Loss2: 0.000012 
| Global Round : 14 | Client :6 | Local Epoch : 2 | [64/534 (12%)]	Loss1: 5.843659 Loss2: 0.000014 
| Global Round : 14 | Client :6 | Local Epoch : 3 | [64/534 (12%)]	Loss1: 5.845130 Loss2: 0.000017 
| Global Round : 14 | Client :6 | Local Epoch : 4 | [64/534 (12%)]	Loss1: 5.844858 Loss2: 0.000021 
| Global Round : 14 | Client :7 | Local Epoch : 0 | [64/824 (8%)]	Loss1: 5.842563 Loss2: 0.000028 
| Global Round : 14 | Client :7 | Local Epoch : 0 | [704/824 (92%)]	Loss1: 5.841596 Loss2: 0.000028 
| Global Round : 14 | Client :7 | Local Epoch : 1 | [64/824 (8%)]	Loss1: 5.841161 Loss2: 0.000031 
| Global Round : 14 | Client :7 | Local Epoch : 1 | [704/824 (92%)]	Loss1: 5.842278 Loss2: 0.000026 
| Global Round : 14 | Client :7 | Local Epoch : 2 | [64/824 (8%)]	Loss1: 5.842676 Loss2: 0.000031 
| Global Round : 14 | Client :7 | Local Epoch : 2 | [704/824 (92%)]	Loss1: 5.840557 Loss2: 0.000027 
| Global Round : 14 | Client :7 | Local Epoch : 3 | [64/824 (8%)]	Loss1: 5.840622 Loss2: 0.000032 
| Global Round : 14 | Client :7 | Local Epoch : 3 | [704/824 (92%)]	Loss1: 5.841341 Loss2: 0.000027 
| Global Round : 14 | Client :7 | Local Epoch : 4 | [64/824 (8%)]	Loss1: 5.842418 Loss2: 0.000031 
| Global Round : 14 | Client :7 | Local Epoch : 4 | [704/824 (92%)]	Loss1: 5.841605 Loss2: 0.000031 
| Global Round : 14 | Client :8 | Local Epoch : 0 | [64/714 (9%)]	Loss1: 5.843368 Loss2: 0.000029 
| Global Round : 14 | Client :8 | Local Epoch : 0 | [704/714 (100%)]	Loss1: 5.845028 Loss2: 0.000029 
| Global Round : 14 | Client :8 | Local Epoch : 1 | [64/714 (9%)]	Loss1: 5.843660 Loss2: 0.000024 
| Global Round : 14 | Client :8 | Local Epoch : 1 | [704/714 (100%)]	Loss1: 5.846503 Loss2: 0.000026 
| Global Round : 14 | Client :8 | Local Epoch : 2 | [64/714 (9%)]	Loss1: 5.844586 Loss2: 0.000020 
| Global Round : 14 | Client :8 | Local Epoch : 2 | [704/714 (100%)]	Loss1: 5.844227 Loss2: 0.000030 
| Global Round : 14 | Client :8 | Local Epoch : 3 | [64/714 (9%)]	Loss1: 5.843654 Loss2: 0.000027 
| Global Round : 14 | Client :8 | Local Epoch : 3 | [704/714 (100%)]	Loss1: 5.846134 Loss2: 0.000027 
| Global Round : 14 | Client :8 | Local Epoch : 4 | [64/714 (9%)]	Loss1: 5.845261 Loss2: 0.000025 
| Global Round : 14 | Client :8 | Local Epoch : 4 | [704/714 (100%)]	Loss1: 5.844824 Loss2: 0.000023 
| Global Round : 14 | Client :9 | Local Epoch : 0 | [64/607 (11%)]	Loss1: 5.843851 Loss2: 0.000019 
| Global Round : 14 | Client :9 | Local Epoch : 1 | [64/607 (11%)]	Loss1: 5.844443 Loss2: 0.000018 
| Global Round : 14 | Client :9 | Local Epoch : 2 | [64/607 (11%)]	Loss1: 5.845083 Loss2: 0.000019 
| Global Round : 14 | Client :9 | Local Epoch : 3 | [64/607 (11%)]	Loss1: 5.847094 Loss2: 0.000016 
| Global Round : 14 | Client :9 | Local Epoch : 4 | [64/607 (11%)]	Loss1: 5.844053 Loss2: 0.000022 
average loss:   5.841017626348512
average local test accuracy: 0.81171875
average global test accuracy:  0.627734375

 | Global Training Round : 15 |

xi_k [0.4761731  0.53304275 0.53321479 0.49521179 0.49124075 0.50805444
 0.511217   0.49660497 0.52559201 0.50592423]
max_exp: -1.0
coe: 10
Regulation [0.8 0.8 0.8 0.8 0.8 0.8 0.8 0.8 0.8 0.8]
Solver status: optimal_inaccurate
b_new: [1. 1. 1. 1. 1. 1. 1. 1. 1. 1.]
Iter 0: obj=50.3628, best_obj=50.3628, ||b_new-b_prev||₂=2.846050
xi_k [0.4761731  0.53304275 0.53321479 0.49521179 0.49124075 0.50805444
 0.511217   0.49660497 0.52559201 0.50592423]
max_exp: -1.0
coe: 10
Regulation [-1. -1. -1. -1. -1. -1. -1. -1. -1. -1.]
Solver status: optimal_inaccurate
b_new: [1. 1. 1. 1. 1. 1. 1. 1. 1. 1.]
Iter 1: obj=51.2628, best_obj=51.2628, ||b_new-b_prev||₂=0.000000
Converged.
Final b: [1. 1. 1. 1. 1. 1. 1. 1. 1. 1.]
<class 'numpy.ndarray'>
b_float: [1. 1. 1. 1. 1. 1. 1. 1. 1. 1.]
b: [1 1 1 1 1 1 1 1 1 1]
active_clients:  [0, 1, 2, 3, 4, 5, 6, 7, 8, 9]
Client 0's s_k are:[0 1 1 1 1 1 1 1 1 1]
Client 1's s_k are:[1 0 1 1 1 1 1 1 1 1]
Client 2's s_k are:[1 1 0 1 1 1 1 1 1 1]
Client 3's s_k are:[1 1 1 0 1 1 1 1 1 1]
Client 4's s_k are:[1 1 1 1 0 1 1 1 1 1]
Client 5's s_k are:[1 1 1 1 1 0 1 1 1 1]
Client 6's s_k are:[1 1 1 1 1 1 0 1 1 1]
Client 7's s_k are:[1 1 1 1 1 1 1 0 1 1]
Client 8's s_k are:[1 1 1 1 1 1 1 1 0 1]
Client 9's s_k are:[1 1 1 1 1 1 1 1 1 0]
| Global Round : 15 | Client :0 | Local Epoch : 0 | [64/573 (12%)]	Loss1: 5.842809 Loss2: 0.000026 
| Global Round : 15 | Client :0 | Local Epoch : 1 | [64/573 (12%)]	Loss1: 5.842009 Loss2: 0.000030 
| Global Round : 15 | Client :0 | Local Epoch : 2 | [64/573 (12%)]	Loss1: 5.842419 Loss2: 0.000027 
| Global Round : 15 | Client :0 | Local Epoch : 3 | [64/573 (12%)]	Loss1: 5.842378 Loss2: 0.000027 
| Global Round : 15 | Client :0 | Local Epoch : 4 | [64/573 (12%)]	Loss1: 5.841424 Loss2: 0.000029 
| Global Round : 15 | Client :1 | Local Epoch : 0 | [64/448 (14%)]	Loss1: 5.842204 Loss2: 0.000017 
| Global Round : 15 | Client :1 | Local Epoch : 1 | [64/448 (14%)]	Loss1: 5.843103 Loss2: 0.000016 
| Global Round : 15 | Client :1 | Local Epoch : 2 | [64/448 (14%)]	Loss1: 5.844446 Loss2: 0.000015 
| Global Round : 15 | Client :1 | Local Epoch : 3 | [64/448 (14%)]	Loss1: 5.844064 Loss2: 0.000016 
| Global Round : 15 | Client :1 | Local Epoch : 4 | [64/448 (14%)]	Loss1: 5.843366 Loss2: 0.000020 
| Global Round : 15 | Client :2 | Local Epoch : 0 | [64/448 (14%)]	Loss1: 5.844100 Loss2: 0.000016 
| Global Round : 15 | Client :2 | Local Epoch : 1 | [64/448 (14%)]	Loss1: 5.844175 Loss2: 0.000017 
| Global Round : 15 | Client :2 | Local Epoch : 2 | [64/448 (14%)]	Loss1: 5.844465 Loss2: 0.000017 
| Global Round : 15 | Client :2 | Local Epoch : 3 | [64/448 (14%)]	Loss1: 5.843312 Loss2: 0.000017 
| Global Round : 15 | Client :2 | Local Epoch : 4 | [64/448 (14%)]	Loss1: 5.843360 Loss2: 0.000017 
| Global Round : 15 | Client :3 | Local Epoch : 0 | [64/620 (11%)]	Loss1: 5.843720 Loss2: 0.000021 
| Global Round : 15 | Client :3 | Local Epoch : 1 | [64/620 (11%)]	Loss1: 5.843450 Loss2: 0.000019 
| Global Round : 15 | Client :3 | Local Epoch : 2 | [64/620 (11%)]	Loss1: 5.845833 Loss2: 0.000017 
| Global Round : 15 | Client :3 | Local Epoch : 3 | [64/620 (11%)]	Loss1: 5.843687 Loss2: 0.000016 
| Global Round : 15 | Client :3 | Local Epoch : 4 | [64/620 (11%)]	Loss1: 5.844402 Loss2: 0.000019 
| Global Round : 15 | Client :4 | Local Epoch : 0 | [64/625 (11%)]	Loss1: 5.842876 Loss2: 0.000022 
| Global Round : 15 | Client :4 | Local Epoch : 1 | [64/625 (11%)]	Loss1: 5.842259 Loss2: 0.000018 
| Global Round : 15 | Client :4 | Local Epoch : 2 | [64/625 (11%)]	Loss1: 5.842740 Loss2: 0.000021 
| Global Round : 15 | Client :4 | Local Epoch : 3 | [64/625 (11%)]	Loss1: 5.843282 Loss2: 0.000017 
| Global Round : 15 | Client :4 | Local Epoch : 4 | [64/625 (11%)]	Loss1: 5.843100 Loss2: 0.000022 
| Global Round : 15 | Client :5 | Local Epoch : 0 | [64/604 (11%)]	Loss1: 5.840595 Loss2: 0.000022 
| Global Round : 15 | Client :5 | Local Epoch : 1 | [64/604 (11%)]	Loss1: 5.842042 Loss2: 0.000023 
| Global Round : 15 | Client :5 | Local Epoch : 2 | [64/604 (11%)]	Loss1: 5.840955 Loss2: 0.000024 
| Global Round : 15 | Client :5 | Local Epoch : 3 | [64/604 (11%)]	Loss1: 5.841558 Loss2: 0.000023 
| Global Round : 15 | Client :5 | Local Epoch : 4 | [64/604 (11%)]	Loss1: 5.840352 Loss2: 0.000020 
| Global Round : 15 | Client :6 | Local Epoch : 0 | [64/534 (12%)]	Loss1: 5.844307 Loss2: 0.000014 
| Global Round : 15 | Client :6 | Local Epoch : 1 | [64/534 (12%)]	Loss1: 5.844050 Loss2: 0.000017 
| Global Round : 15 | Client :6 | Local Epoch : 2 | [64/534 (12%)]	Loss1: 5.843355 Loss2: 0.000014 
| Global Round : 15 | Client :6 | Local Epoch : 3 | [64/534 (12%)]	Loss1: 5.844656 Loss2: 0.000020 
| Global Round : 15 | Client :6 | Local Epoch : 4 | [64/534 (12%)]	Loss1: 5.842811 Loss2: 0.000016 
| Global Round : 15 | Client :7 | Local Epoch : 0 | [64/824 (8%)]	Loss1: 5.842393 Loss2: 0.000024 
| Global Round : 15 | Client :7 | Local Epoch : 0 | [704/824 (92%)]	Loss1: 5.841234 Loss2: 0.000031 
| Global Round : 15 | Client :7 | Local Epoch : 1 | [64/824 (8%)]	Loss1: 5.841407 Loss2: 0.000032 
| Global Round : 15 | Client :7 | Local Epoch : 1 | [704/824 (92%)]	Loss1: 5.841196 Loss2: 0.000035 
| Global Round : 15 | Client :7 | Local Epoch : 2 | [64/824 (8%)]	Loss1: 5.842896 Loss2: 0.000030 
| Global Round : 15 | Client :7 | Local Epoch : 2 | [704/824 (92%)]	Loss1: 5.841312 Loss2: 0.000027 
| Global Round : 15 | Client :7 | Local Epoch : 3 | [64/824 (8%)]	Loss1: 5.841100 Loss2: 0.000030 
| Global Round : 15 | Client :7 | Local Epoch : 3 | [704/824 (92%)]	Loss1: 5.841722 Loss2: 0.000031 
| Global Round : 15 | Client :7 | Local Epoch : 4 | [64/824 (8%)]	Loss1: 5.842668 Loss2: 0.000031 
| Global Round : 15 | Client :7 | Local Epoch : 4 | [704/824 (92%)]	Loss1: 5.841011 Loss2: 0.000025 
| Global Round : 15 | Client :8 | Local Epoch : 0 | [64/714 (9%)]	Loss1: 5.842270 Loss2: 0.000023 
| Global Round : 15 | Client :8 | Local Epoch : 0 | [704/714 (100%)]	Loss1: 5.844869 Loss2: 0.000029 
| Global Round : 15 | Client :8 | Local Epoch : 1 | [64/714 (9%)]	Loss1: 5.843067 Loss2: 0.000025 
| Global Round : 15 | Client :8 | Local Epoch : 1 | [704/714 (100%)]	Loss1: 5.843764 Loss2: 0.000030 
| Global Round : 15 | Client :8 | Local Epoch : 2 | [64/714 (9%)]	Loss1: 5.843593 Loss2: 0.000023 
| Global Round : 15 | Client :8 | Local Epoch : 2 | [704/714 (100%)]	Loss1: 5.843699 Loss2: 0.000025 
| Global Round : 15 | Client :8 | Local Epoch : 3 | [64/714 (9%)]	Loss1: 5.843902 Loss2: 0.000021 
| Global Round : 15 | Client :8 | Local Epoch : 3 | [704/714 (100%)]	Loss1: 5.845213 Loss2: 0.000026 
| Global Round : 15 | Client :8 | Local Epoch : 4 | [64/714 (9%)]	Loss1: 5.844049 Loss2: 0.000028 
| Global Round : 15 | Client :8 | Local Epoch : 4 | [704/714 (100%)]	Loss1: 5.843454 Loss2: 0.000027 
| Global Round : 15 | Client :9 | Local Epoch : 0 | [64/607 (11%)]	Loss1: 5.845498 Loss2: 0.000016 
| Global Round : 15 | Client :9 | Local Epoch : 1 | [64/607 (11%)]	Loss1: 5.844576 Loss2: 0.000019 
| Global Round : 15 | Client :9 | Local Epoch : 2 | [64/607 (11%)]	Loss1: 5.843400 Loss2: 0.000018 
| Global Round : 15 | Client :9 | Local Epoch : 3 | [64/607 (11%)]	Loss1: 5.842913 Loss2: 0.000030 
| Global Round : 15 | Client :9 | Local Epoch : 4 | [64/607 (11%)]	Loss1: 5.844589 Loss2: 0.000018 
average loss:   5.840660499563121
average local test accuracy: 0.8177083333333333
average global test accuracy:  0.583203125

 | Global Training Round : 16 |

xi_k [0.47613413 0.53297301 0.53312172 0.49516739 0.49121727 0.5080225
 0.51111301 0.49659129 0.52555555 0.50586254]
max_exp: -1.0
coe: 10
Regulation [0.8 0.8 0.8 0.8 0.8 0.8 0.8 0.8 0.8 0.8]
Solver status: optimal_inaccurate
b_new: [1. 1. 1. 1. 1. 1. 1. 1. 1. 1.]
Iter 0: obj=50.3576, best_obj=50.3576, ||b_new-b_prev||₂=2.846050
xi_k [0.47613413 0.53297301 0.53312172 0.49516739 0.49121727 0.5080225
 0.51111301 0.49659129 0.52555555 0.50586254]
max_exp: -1.0
coe: 10
Regulation [-1. -1. -1. -1. -1. -1. -1. -1. -1. -1.]
Solver status: optimal_inaccurate
b_new: [1. 1. 1. 1. 1. 1. 1. 1. 1. 1.]
Iter 1: obj=51.2576, best_obj=51.2576, ||b_new-b_prev||₂=0.000000
Converged.
Final b: [1. 1. 1. 1. 1. 1. 1. 1. 1. 1.]
<class 'numpy.ndarray'>
b_float: [1. 1. 1. 1. 1. 1. 1. 1. 1. 1.]
b: [1 1 1 1 1 1 1 1 1 1]
active_clients:  [0, 1, 2, 3, 4, 5, 6, 7, 8, 9]
Client 0's s_k are:[0 1 1 1 1 1 1 1 1 1]
Client 1's s_k are:[1 0 1 1 1 1 1 1 1 1]
Client 2's s_k are:[1 1 0 1 1 1 1 1 1 1]
Client 3's s_k are:[1 1 1 0 1 1 1 1 1 1]
Client 4's s_k are:[1 1 1 1 0 1 1 1 1 1]
Client 5's s_k are:[1 1 1 1 1 0 1 1 1 1]
Client 6's s_k are:[1 1 1 1 1 1 0 1 1 1]
Client 7's s_k are:[1 1 1 1 1 1 1 0 1 1]
Client 8's s_k are:[1 1 1 1 1 1 1 1 0 1]
Client 9's s_k are:[1 1 1 1 1 1 1 1 1 0]
| Global Round : 16 | Client :0 | Local Epoch : 0 | [64/573 (12%)]	Loss1: 5.840786 Loss2: 0.000027 
| Global Round : 16 | Client :0 | Local Epoch : 1 | [64/573 (12%)]	Loss1: 5.843376 Loss2: 0.000029 
| Global Round : 16 | Client :0 | Local Epoch : 2 | [64/573 (12%)]	Loss1: 5.841544 Loss2: 0.000025 
| Global Round : 16 | Client :0 | Local Epoch : 3 | [64/573 (12%)]	Loss1: 5.841722 Loss2: 0.000026 
| Global Round : 16 | Client :0 | Local Epoch : 4 | [64/573 (12%)]	Loss1: 5.842300 Loss2: 0.000031 
| Global Round : 16 | Client :1 | Local Epoch : 0 | [64/448 (14%)]	Loss1: 5.844921 Loss2: 0.000022 
| Global Round : 16 | Client :1 | Local Epoch : 1 | [64/448 (14%)]	Loss1: 5.844802 Loss2: 0.000024 
| Global Round : 16 | Client :1 | Local Epoch : 2 | [64/448 (14%)]	Loss1: 5.843844 Loss2: 0.000020 
| Global Round : 16 | Client :1 | Local Epoch : 3 | [64/448 (14%)]	Loss1: 5.842144 Loss2: 0.000020 
| Global Round : 16 | Client :1 | Local Epoch : 4 | [64/448 (14%)]	Loss1: 5.842990 Loss2: 0.000018 
| Global Round : 16 | Client :2 | Local Epoch : 0 | [64/448 (14%)]	Loss1: 5.843717 Loss2: 0.000017 
| Global Round : 16 | Client :2 | Local Epoch : 1 | [64/448 (14%)]	Loss1: 5.844692 Loss2: 0.000013 
| Global Round : 16 | Client :2 | Local Epoch : 2 | [64/448 (14%)]	Loss1: 5.843682 Loss2: 0.000015 
| Global Round : 16 | Client :2 | Local Epoch : 3 | [64/448 (14%)]	Loss1: 5.844457 Loss2: 0.000013 
| Global Round : 16 | Client :2 | Local Epoch : 4 | [64/448 (14%)]	Loss1: 5.843204 Loss2: 0.000019 
| Global Round : 16 | Client :3 | Local Epoch : 0 | [64/620 (11%)]	Loss1: 5.843233 Loss2: 0.000017 
| Global Round : 16 | Client :3 | Local Epoch : 1 | [64/620 (11%)]	Loss1: 5.843824 Loss2: 0.000018 
| Global Round : 16 | Client :3 | Local Epoch : 2 | [64/620 (11%)]	Loss1: 5.842755 Loss2: 0.000016 
| Global Round : 16 | Client :3 | Local Epoch : 3 | [64/620 (11%)]	Loss1: 5.842383 Loss2: 0.000022 
| Global Round : 16 | Client :3 | Local Epoch : 4 | [64/620 (11%)]	Loss1: 5.843256 Loss2: 0.000016 
| Global Round : 16 | Client :4 | Local Epoch : 0 | [64/625 (11%)]	Loss1: 5.843719 Loss2: 0.000022 
| Global Round : 16 | Client :4 | Local Epoch : 1 | [64/625 (11%)]	Loss1: 5.842763 Loss2: 0.000023 
| Global Round : 16 | Client :4 | Local Epoch : 2 | [64/625 (11%)]	Loss1: 5.842906 Loss2: 0.000022 
| Global Round : 16 | Client :4 | Local Epoch : 3 | [64/625 (11%)]	Loss1: 5.843279 Loss2: 0.000018 
| Global Round : 16 | Client :4 | Local Epoch : 4 | [64/625 (11%)]	Loss1: 5.841876 Loss2: 0.000022 
| Global Round : 16 | Client :5 | Local Epoch : 0 | [64/604 (11%)]	Loss1: 5.840972 Loss2: 0.000020 
| Global Round : 16 | Client :5 | Local Epoch : 1 | [64/604 (11%)]	Loss1: 5.840715 Loss2: 0.000021 
| Global Round : 16 | Client :5 | Local Epoch : 2 | [64/604 (11%)]	Loss1: 5.842177 Loss2: 0.000020 
| Global Round : 16 | Client :5 | Local Epoch : 3 | [64/604 (11%)]	Loss1: 5.841518 Loss2: 0.000023 
| Global Round : 16 | Client :5 | Local Epoch : 4 | [64/604 (11%)]	Loss1: 5.841127 Loss2: 0.000021 
| Global Round : 16 | Client :6 | Local Epoch : 0 | [64/534 (12%)]	Loss1: 5.845181 Loss2: 0.000020 
| Global Round : 16 | Client :6 | Local Epoch : 1 | [64/534 (12%)]	Loss1: 5.843214 Loss2: 0.000014 
| Global Round : 16 | Client :6 | Local Epoch : 2 | [64/534 (12%)]	Loss1: 5.843923 Loss2: 0.000016 
| Global Round : 16 | Client :6 | Local Epoch : 3 | [64/534 (12%)]	Loss1: 5.840951 Loss2: 0.000016 
| Global Round : 16 | Client :6 | Local Epoch : 4 | [64/534 (12%)]	Loss1: 5.844368 Loss2: 0.000013 
| Global Round : 16 | Client :7 | Local Epoch : 0 | [64/824 (8%)]	Loss1: 5.840898 Loss2: 0.000025 
| Global Round : 16 | Client :7 | Local Epoch : 0 | [704/824 (92%)]	Loss1: 5.842957 Loss2: 0.000028 
| Global Round : 16 | Client :7 | Local Epoch : 1 | [64/824 (8%)]	Loss1: 5.841892 Loss2: 0.000029 
| Global Round : 16 | Client :7 | Local Epoch : 1 | [704/824 (92%)]	Loss1: 5.840727 Loss2: 0.000028 
| Global Round : 16 | Client :7 | Local Epoch : 2 | [64/824 (8%)]	Loss1: 5.840574 Loss2: 0.000027 
| Global Round : 16 | Client :7 | Local Epoch : 2 | [704/824 (92%)]	Loss1: 5.840772 Loss2: 0.000031 
| Global Round : 16 | Client :7 | Local Epoch : 3 | [64/824 (8%)]	Loss1: 5.841458 Loss2: 0.000029 
| Global Round : 16 | Client :7 | Local Epoch : 3 | [704/824 (92%)]	Loss1: 5.840516 Loss2: 0.000026 
| Global Round : 16 | Client :7 | Local Epoch : 4 | [64/824 (8%)]	Loss1: 5.840923 Loss2: 0.000029 
| Global Round : 16 | Client :7 | Local Epoch : 4 | [704/824 (92%)]	Loss1: 5.841032 Loss2: 0.000032 
| Global Round : 16 | Client :8 | Local Epoch : 0 | [64/714 (9%)]	Loss1: 5.843074 Loss2: 0.000022 
| Global Round : 16 | Client :8 | Local Epoch : 0 | [704/714 (100%)]	Loss1: 5.844734 Loss2: 0.000023 
| Global Round : 16 | Client :8 | Local Epoch : 1 | [64/714 (9%)]	Loss1: 5.844718 Loss2: 0.000023 
| Global Round : 16 | Client :8 | Local Epoch : 1 | [704/714 (100%)]	Loss1: 5.842771 Loss2: 0.000030 
| Global Round : 16 | Client :8 | Local Epoch : 2 | [64/714 (9%)]	Loss1: 5.843379 Loss2: 0.000021 
| Global Round : 16 | Client :8 | Local Epoch : 2 | [704/714 (100%)]	Loss1: 5.842782 Loss2: 0.000027 
| Global Round : 16 | Client :8 | Local Epoch : 3 | [64/714 (9%)]	Loss1: 5.842296 Loss2: 0.000024 
| Global Round : 16 | Client :8 | Local Epoch : 3 | [704/714 (100%)]	Loss1: 5.843311 Loss2: 0.000026 
| Global Round : 16 | Client :8 | Local Epoch : 4 | [64/714 (9%)]	Loss1: 5.842918 Loss2: 0.000025 
| Global Round : 16 | Client :8 | Local Epoch : 4 | [704/714 (100%)]	Loss1: 5.842713 Loss2: 0.000024 
| Global Round : 16 | Client :9 | Local Epoch : 0 | [64/607 (11%)]	Loss1: 5.845486 Loss2: 0.000018 
| Global Round : 16 | Client :9 | Local Epoch : 1 | [64/607 (11%)]	Loss1: 5.845311 Loss2: 0.000021 
| Global Round : 16 | Client :9 | Local Epoch : 2 | [64/607 (11%)]	Loss1: 5.845900 Loss2: 0.000019 
| Global Round : 16 | Client :9 | Local Epoch : 3 | [64/607 (11%)]	Loss1: 5.843676 Loss2: 0.000020 
| Global Round : 16 | Client :9 | Local Epoch : 4 | [64/607 (11%)]	Loss1: 5.844419 Loss2: 0.000018 
average loss:   5.840455211782869
average local test accuracy: 0.8221354166666666
average global test accuracy:  0.581640625

 | Global Training Round : 17 |

xi_k [0.47607732 0.53297648 0.53304571 0.49510252 0.49119628 0.50795996
 0.51108017 0.49652194 0.52552208 0.50581152]
max_exp: -1.0
coe: 10
Regulation [0.8 0.8 0.8 0.8 0.8 0.8 0.8 0.8 0.8 0.8]
Solver status: optimal_inaccurate
b_new: [1. 1. 1. 1. 1. 1. 1. 1. 1. 1.]
Iter 0: obj=50.3529, best_obj=50.3529, ||b_new-b_prev||₂=2.846050
xi_k [0.47607732 0.53297648 0.53304571 0.49510252 0.49119628 0.50795996
 0.51108017 0.49652194 0.52552208 0.50581152]
max_exp: -1.0
coe: 10
Regulation [-1. -1. -1. -1. -1. -1. -1. -1. -1. -1.]
Solver status: optimal_inaccurate
b_new: [1. 1. 1. 1. 1. 1. 1. 1. 1. 1.]
Iter 1: obj=51.2529, best_obj=51.2529, ||b_new-b_prev||₂=0.000000
Converged.
Final b: [1. 1. 1. 1. 1. 1. 1. 1. 1. 1.]
<class 'numpy.ndarray'>
b_float: [1. 1. 1. 1. 1. 1. 1. 1. 1. 1.]
b: [1 1 1 1 1 1 1 1 1 1]
active_clients:  [0, 1, 2, 3, 4, 5, 6, 7, 8, 9]
Client 0's s_k are:[0 1 1 1 1 1 1 1 1 1]
Client 1's s_k are:[1 0 1 1 1 1 1 1 1 1]
Client 2's s_k are:[1 1 0 1 1 1 1 1 1 1]
Client 3's s_k are:[1 1 1 0 1 1 1 1 1 1]
Client 4's s_k are:[1 1 1 1 0 1 1 1 1 1]
Client 5's s_k are:[1 1 1 1 1 0 1 1 1 1]
Client 6's s_k are:[1 1 1 1 1 1 0 1 1 1]
Client 7's s_k are:[1 1 1 1 1 1 1 0 1 1]
Client 8's s_k are:[1 1 1 1 1 1 1 1 0 1]
Client 9's s_k are:[1 1 1 1 1 1 1 1 1 0]
| Global Round : 17 | Client :0 | Local Epoch : 0 | [64/573 (12%)]	Loss1: 5.840281 Loss2: 0.000025 
| Global Round : 17 | Client :0 | Local Epoch : 1 | [64/573 (12%)]	Loss1: 5.840276 Loss2: 0.000029 
| Global Round : 17 | Client :0 | Local Epoch : 2 | [64/573 (12%)]	Loss1: 5.841611 Loss2: 0.000027 
| Global Round : 17 | Client :0 | Local Epoch : 3 | [64/573 (12%)]	Loss1: 5.841612 Loss2: 0.000032 
| Global Round : 17 | Client :0 | Local Epoch : 4 | [64/573 (12%)]	Loss1: 5.841447 Loss2: 0.000024 
| Global Round : 17 | Client :1 | Local Epoch : 0 | [64/448 (14%)]	Loss1: 5.843873 Loss2: 0.000016 
| Global Round : 17 | Client :1 | Local Epoch : 1 | [64/448 (14%)]	Loss1: 5.842582 Loss2: 0.000020 
| Global Round : 17 | Client :1 | Local Epoch : 2 | [64/448 (14%)]	Loss1: 5.844517 Loss2: 0.000020 
| Global Round : 17 | Client :1 | Local Epoch : 3 | [64/448 (14%)]	Loss1: 5.844680 Loss2: 0.000019 
| Global Round : 17 | Client :1 | Local Epoch : 4 | [64/448 (14%)]	Loss1: 5.844816 Loss2: 0.000018 
| Global Round : 17 | Client :2 | Local Epoch : 0 | [64/448 (14%)]	Loss1: 5.844287 Loss2: 0.000015 
| Global Round : 17 | Client :2 | Local Epoch : 1 | [64/448 (14%)]	Loss1: 5.845145 Loss2: 0.000015 
| Global Round : 17 | Client :2 | Local Epoch : 2 | [64/448 (14%)]	Loss1: 5.843281 Loss2: 0.000016 
| Global Round : 17 | Client :2 | Local Epoch : 3 | [64/448 (14%)]	Loss1: 5.844518 Loss2: 0.000019 
| Global Round : 17 | Client :2 | Local Epoch : 4 | [64/448 (14%)]	Loss1: 5.843271 Loss2: 0.000016 
| Global Round : 17 | Client :3 | Local Epoch : 0 | [64/620 (11%)]	Loss1: 5.844153 Loss2: 0.000019 
| Global Round : 17 | Client :3 | Local Epoch : 1 | [64/620 (11%)]	Loss1: 5.842249 Loss2: 0.000019 
| Global Round : 17 | Client :3 | Local Epoch : 2 | [64/620 (11%)]	Loss1: 5.843626 Loss2: 0.000019 
| Global Round : 17 | Client :3 | Local Epoch : 3 | [64/620 (11%)]	Loss1: 5.843089 Loss2: 0.000016 
| Global Round : 17 | Client :3 | Local Epoch : 4 | [64/620 (11%)]	Loss1: 5.842635 Loss2: 0.000016 
| Global Round : 17 | Client :4 | Local Epoch : 0 | [64/625 (11%)]	Loss1: 5.841901 Loss2: 0.000020 
| Global Round : 17 | Client :4 | Local Epoch : 1 | [64/625 (11%)]	Loss1: 5.841403 Loss2: 0.000023 
| Global Round : 17 | Client :4 | Local Epoch : 2 | [64/625 (11%)]	Loss1: 5.842100 Loss2: 0.000023 
| Global Round : 17 | Client :4 | Local Epoch : 3 | [64/625 (11%)]	Loss1: 5.842426 Loss2: 0.000021 
| Global Round : 17 | Client :4 | Local Epoch : 4 | [64/625 (11%)]	Loss1: 5.842026 Loss2: 0.000019 
| Global Round : 17 | Client :5 | Local Epoch : 0 | [64/604 (11%)]	Loss1: 5.842423 Loss2: 0.000026 
| Global Round : 17 | Client :5 | Local Epoch : 1 | [64/604 (11%)]	Loss1: 5.840681 Loss2: 0.000020 
| Global Round : 17 | Client :5 | Local Epoch : 2 | [64/604 (11%)]	Loss1: 5.841770 Loss2: 0.000023 
| Global Round : 17 | Client :5 | Local Epoch : 3 | [64/604 (11%)]	Loss1: 5.841112 Loss2: 0.000020 
| Global Round : 17 | Client :5 | Local Epoch : 4 | [64/604 (11%)]	Loss1: 5.840925 Loss2: 0.000022 
| Global Round : 17 | Client :6 | Local Epoch : 0 | [64/534 (12%)]	Loss1: 5.843233 Loss2: 0.000017 
| Global Round : 17 | Client :6 | Local Epoch : 1 | [64/534 (12%)]	Loss1: 5.843243 Loss2: 0.000011 
| Global Round : 17 | Client :6 | Local Epoch : 2 | [64/534 (12%)]	Loss1: 5.843261 Loss2: 0.000016 
| Global Round : 17 | Client :6 | Local Epoch : 3 | [64/534 (12%)]	Loss1: 5.844663 Loss2: 0.000014 
| Global Round : 17 | Client :6 | Local Epoch : 4 | [64/534 (12%)]	Loss1: 5.844951 Loss2: 0.000015 
| Global Round : 17 | Client :7 | Local Epoch : 0 | [64/824 (8%)]	Loss1: 5.840430 Loss2: 0.000029 
| Global Round : 17 | Client :7 | Local Epoch : 0 | [704/824 (92%)]	Loss1: 5.841017 Loss2: 0.000028 
| Global Round : 17 | Client :7 | Local Epoch : 1 | [64/824 (8%)]	Loss1: 5.841149 Loss2: 0.000024 
| Global Round : 17 | Client :7 | Local Epoch : 1 | [704/824 (92%)]	Loss1: 5.841304 Loss2: 0.000028 
| Global Round : 17 | Client :7 | Local Epoch : 2 | [64/824 (8%)]	Loss1: 5.841158 Loss2: 0.000024 
| Global Round : 17 | Client :7 | Local Epoch : 2 | [704/824 (92%)]	Loss1: 5.840708 Loss2: 0.000026 
| Global Round : 17 | Client :7 | Local Epoch : 3 | [64/824 (8%)]	Loss1: 5.842198 Loss2: 0.000026 
| Global Round : 17 | Client :7 | Local Epoch : 3 | [704/824 (92%)]	Loss1: 5.840561 Loss2: 0.000029 
| Global Round : 17 | Client :7 | Local Epoch : 4 | [64/824 (8%)]	Loss1: 5.842267 Loss2: 0.000026 
| Global Round : 17 | Client :7 | Local Epoch : 4 | [704/824 (92%)]	Loss1: 5.840369 Loss2: 0.000024 
| Global Round : 17 | Client :8 | Local Epoch : 0 | [64/714 (9%)]	Loss1: 5.843084 Loss2: 0.000024 
| Global Round : 17 | Client :8 | Local Epoch : 0 | [704/714 (100%)]	Loss1: 5.844033 Loss2: 0.000027 
| Global Round : 17 | Client :8 | Local Epoch : 1 | [64/714 (9%)]	Loss1: 5.841941 Loss2: 0.000026 
| Global Round : 17 | Client :8 | Local Epoch : 1 | [704/714 (100%)]	Loss1: 5.844027 Loss2: 0.000026 
| Global Round : 17 | Client :8 | Local Epoch : 2 | [64/714 (9%)]	Loss1: 5.843519 Loss2: 0.000027 
| Global Round : 17 | Client :8 | Local Epoch : 2 | [704/714 (100%)]	Loss1: 5.843566 Loss2: 0.000031 
| Global Round : 17 | Client :8 | Local Epoch : 3 | [64/714 (9%)]	Loss1: 5.844193 Loss2: 0.000023 
| Global Round : 17 | Client :8 | Local Epoch : 3 | [704/714 (100%)]	Loss1: 5.844254 Loss2: 0.000022 
| Global Round : 17 | Client :8 | Local Epoch : 4 | [64/714 (9%)]	Loss1: 5.843981 Loss2: 0.000021 
| Global Round : 17 | Client :8 | Local Epoch : 4 | [704/714 (100%)]	Loss1: 5.842551 Loss2: 0.000029 
| Global Round : 17 | Client :9 | Local Epoch : 0 | [64/607 (11%)]	Loss1: 5.844956 Loss2: 0.000017 
| Global Round : 17 | Client :9 | Local Epoch : 1 | [64/607 (11%)]	Loss1: 5.844566 Loss2: 0.000018 
| Global Round : 17 | Client :9 | Local Epoch : 2 | [64/607 (11%)]	Loss1: 5.844135 Loss2: 0.000016 
| Global Round : 17 | Client :9 | Local Epoch : 3 | [64/607 (11%)]	Loss1: 5.844561 Loss2: 0.000016 
| Global Round : 17 | Client :9 | Local Epoch : 4 | [64/607 (11%)]	Loss1: 5.845715 Loss2: 0.000021 
average loss:   5.840362395077384
average local test accuracy: 0.8173177083333334
average global test accuracy:  0.614453125

 | Global Training Round : 18 |

xi_k [0.47604608 0.53293792 0.53305795 0.49509567 0.491166   0.50796336
 0.51105296 0.49655789 0.525503   0.50575225]
max_exp: -1.0
coe: 10
Regulation [0.8 0.8 0.8 0.8 0.8 0.8 0.8 0.8 0.8 0.8]
Solver status: optimal_inaccurate
b_new: [1. 1. 1. 1. 1. 1. 1. 1. 1. 1.]
Iter 0: obj=50.3513, best_obj=50.3513, ||b_new-b_prev||₂=2.846050
xi_k [0.47604608 0.53293792 0.53305795 0.49509567 0.491166   0.50796336
 0.51105296 0.49655789 0.525503   0.50575225]
max_exp: -1.0
coe: 10
Regulation [-1. -1. -1. -1. -1. -1. -1. -1. -1. -1.]
Solver status: optimal_inaccurate
b_new: [1. 1. 1. 1. 1. 1. 1. 1. 1. 1.]
Iter 1: obj=51.2513, best_obj=51.2513, ||b_new-b_prev||₂=0.000000
Converged.
Final b: [1. 1. 1. 1. 1. 1. 1. 1. 1. 1.]
<class 'numpy.ndarray'>
b_float: [1. 1. 1. 1. 1. 1. 1. 1. 1. 1.]
b: [1 1 1 1 1 1 1 1 1 1]
active_clients:  [0, 1, 2, 3, 4, 5, 6, 7, 8, 9]
Client 0's s_k are:[0 1 1 1 1 1 1 1 1 1]
Client 1's s_k are:[1 0 1 1 1 1 1 1 1 1]
Client 2's s_k are:[1 1 0 1 1 1 1 1 1 1]
Client 3's s_k are:[1 1 1 0 1 1 1 1 1 1]
Client 4's s_k are:[1 1 1 1 0 1 1 1 1 1]
Client 5's s_k are:[1 1 1 1 1 0 1 1 1 1]
Client 6's s_k are:[1 1 1 1 1 1 0 1 1 1]
Client 7's s_k are:[1 1 1 1 1 1 1 0 1 1]
Client 8's s_k are:[1 1 1 1 1 1 1 1 0 1]
Client 9's s_k are:[1 1 1 1 1 1 1 1 1 0]
| Global Round : 18 | Client :0 | Local Epoch : 0 | [64/573 (12%)]	Loss1: 5.841448 Loss2: 0.000031 
| Global Round : 18 | Client :0 | Local Epoch : 1 | [64/573 (12%)]	Loss1: 5.842027 Loss2: 0.000026 
| Global Round : 18 | Client :0 | Local Epoch : 2 | [64/573 (12%)]	Loss1: 5.841081 Loss2: 0.000028 
| Global Round : 18 | Client :0 | Local Epoch : 3 | [64/573 (12%)]	Loss1: 5.841691 Loss2: 0.000030 
| Global Round : 18 | Client :0 | Local Epoch : 4 | [64/573 (12%)]	Loss1: 5.840971 Loss2: 0.000025 
| Global Round : 18 | Client :1 | Local Epoch : 0 | [64/448 (14%)]	Loss1: 5.842916 Loss2: 0.000018 
| Global Round : 18 | Client :1 | Local Epoch : 1 | [64/448 (14%)]	Loss1: 5.842050 Loss2: 0.000018 
| Global Round : 18 | Client :1 | Local Epoch : 2 | [64/448 (14%)]	Loss1: 5.843721 Loss2: 0.000024 
| Global Round : 18 | Client :1 | Local Epoch : 3 | [64/448 (14%)]	Loss1: 5.843135 Loss2: 0.000023 
| Global Round : 18 | Client :1 | Local Epoch : 4 | [64/448 (14%)]	Loss1: 5.843463 Loss2: 0.000016 
| Global Round : 18 | Client :2 | Local Epoch : 0 | [64/448 (14%)]	Loss1: 5.844066 Loss2: 0.000019 
| Global Round : 18 | Client :2 | Local Epoch : 1 | [64/448 (14%)]	Loss1: 5.843747 Loss2: 0.000016 
| Global Round : 18 | Client :2 | Local Epoch : 2 | [64/448 (14%)]	Loss1: 5.845089 Loss2: 0.000017 
| Global Round : 18 | Client :2 | Local Epoch : 3 | [64/448 (14%)]	Loss1: 5.843814 Loss2: 0.000015 
| Global Round : 18 | Client :2 | Local Epoch : 4 | [64/448 (14%)]	Loss1: 5.844299 Loss2: 0.000016 
| Global Round : 18 | Client :3 | Local Epoch : 0 | [64/620 (11%)]	Loss1: 5.842501 Loss2: 0.000020 
| Global Round : 18 | Client :3 | Local Epoch : 1 | [64/620 (11%)]	Loss1: 5.845096 Loss2: 0.000013 
| Global Round : 18 | Client :3 | Local Epoch : 2 | [64/620 (11%)]	Loss1: 5.843230 Loss2: 0.000016 
| Global Round : 18 | Client :3 | Local Epoch : 3 | [64/620 (11%)]	Loss1: 5.842283 Loss2: 0.000021 
| Global Round : 18 | Client :3 | Local Epoch : 4 | [64/620 (11%)]	Loss1: 5.844017 Loss2: 0.000017 
| Global Round : 18 | Client :4 | Local Epoch : 0 | [64/625 (11%)]	Loss1: 5.841763 Loss2: 0.000023 
| Global Round : 18 | Client :4 | Local Epoch : 1 | [64/625 (11%)]	Loss1: 5.843078 Loss2: 0.000027 
| Global Round : 18 | Client :4 | Local Epoch : 2 | [64/625 (11%)]	Loss1: 5.841413 Loss2: 0.000019 
| Global Round : 18 | Client :4 | Local Epoch : 3 | [64/625 (11%)]	Loss1: 5.841674 Loss2: 0.000024 
| Global Round : 18 | Client :4 | Local Epoch : 4 | [64/625 (11%)]	Loss1: 5.842405 Loss2: 0.000023 
| Global Round : 18 | Client :5 | Local Epoch : 0 | [64/604 (11%)]	Loss1: 5.841737 Loss2: 0.000022 
| Global Round : 18 | Client :5 | Local Epoch : 1 | [64/604 (11%)]	Loss1: 5.841888 Loss2: 0.000021 
| Global Round : 18 | Client :5 | Local Epoch : 2 | [64/604 (11%)]	Loss1: 5.840979 Loss2: 0.000019 
| Global Round : 18 | Client :5 | Local Epoch : 3 | [64/604 (11%)]	Loss1: 5.841917 Loss2: 0.000021 
| Global Round : 18 | Client :5 | Local Epoch : 4 | [64/604 (11%)]	Loss1: 5.840690 Loss2: 0.000019 
| Global Round : 18 | Client :6 | Local Epoch : 0 | [64/534 (12%)]	Loss1: 5.842324 Loss2: 0.000013 
| Global Round : 18 | Client :6 | Local Epoch : 1 | [64/534 (12%)]	Loss1: 5.844534 Loss2: 0.000024 
| Global Round : 18 | Client :6 | Local Epoch : 2 | [64/534 (12%)]	Loss1: 5.843964 Loss2: 0.000014 
| Global Round : 18 | Client :6 | Local Epoch : 3 | [64/534 (12%)]	Loss1: 5.843663 Loss2: 0.000014 
| Global Round : 18 | Client :6 | Local Epoch : 4 | [64/534 (12%)]	Loss1: 5.844436 Loss2: 0.000013 
| Global Round : 18 | Client :7 | Local Epoch : 0 | [64/824 (8%)]	Loss1: 5.841587 Loss2: 0.000026 
| Global Round : 18 | Client :7 | Local Epoch : 0 | [704/824 (92%)]	Loss1: 5.840633 Loss2: 0.000031 
| Global Round : 18 | Client :7 | Local Epoch : 1 | [64/824 (8%)]	Loss1: 5.840346 Loss2: 0.000025 
| Global Round : 18 | Client :7 | Local Epoch : 1 | [704/824 (92%)]	Loss1: 5.840859 Loss2: 0.000028 
| Global Round : 18 | Client :7 | Local Epoch : 2 | [64/824 (8%)]	Loss1: 5.841452 Loss2: 0.000032 
| Global Round : 18 | Client :7 | Local Epoch : 2 | [704/824 (92%)]	Loss1: 5.840335 Loss2: 0.000030 
| Global Round : 18 | Client :7 | Local Epoch : 3 | [64/824 (8%)]	Loss1: 5.841812 Loss2: 0.000029 
| Global Round : 18 | Client :7 | Local Epoch : 3 | [704/824 (92%)]	Loss1: 5.840854 Loss2: 0.000024 
| Global Round : 18 | Client :7 | Local Epoch : 4 | [64/824 (8%)]	Loss1: 5.841714 Loss2: 0.000027 
| Global Round : 18 | Client :7 | Local Epoch : 4 | [704/824 (92%)]	Loss1: 5.841968 Loss2: 0.000029 
| Global Round : 18 | Client :8 | Local Epoch : 0 | [64/714 (9%)]	Loss1: 5.842519 Loss2: 0.000022 
| Global Round : 18 | Client :8 | Local Epoch : 0 | [704/714 (100%)]	Loss1: 5.843235 Loss2: 0.000026 
| Global Round : 18 | Client :8 | Local Epoch : 1 | [64/714 (9%)]	Loss1: 5.842683 Loss2: 0.000028 
| Global Round : 18 | Client :8 | Local Epoch : 1 | [704/714 (100%)]	Loss1: 5.844016 Loss2: 0.000026 
| Global Round : 18 | Client :8 | Local Epoch : 2 | [64/714 (9%)]	Loss1: 5.843990 Loss2: 0.000023 
| Global Round : 18 | Client :8 | Local Epoch : 2 | [704/714 (100%)]	Loss1: 5.842941 Loss2: 0.000030 
| Global Round : 18 | Client :8 | Local Epoch : 3 | [64/714 (9%)]	Loss1: 5.844758 Loss2: 0.000024 
| Global Round : 18 | Client :8 | Local Epoch : 3 | [704/714 (100%)]	Loss1: 5.842140 Loss2: 0.000025 
| Global Round : 18 | Client :8 | Local Epoch : 4 | [64/714 (9%)]	Loss1: 5.844560 Loss2: 0.000026 
| Global Round : 18 | Client :8 | Local Epoch : 4 | [704/714 (100%)]	Loss1: 5.843405 Loss2: 0.000024 
| Global Round : 18 | Client :9 | Local Epoch : 0 | [64/607 (11%)]	Loss1: 5.843646 Loss2: 0.000020 
| Global Round : 18 | Client :9 | Local Epoch : 1 | [64/607 (11%)]	Loss1: 5.844861 Loss2: 0.000021 
| Global Round : 18 | Client :9 | Local Epoch : 2 | [64/607 (11%)]	Loss1: 5.844675 Loss2: 0.000020 
| Global Round : 18 | Client :9 | Local Epoch : 3 | [64/607 (11%)]	Loss1: 5.843215 Loss2: 0.000016 
| Global Round : 18 | Client :9 | Local Epoch : 4 | [64/607 (11%)]	Loss1: 5.843919 Loss2: 0.000020 
average loss:   5.84011593177205
average local test accuracy: 0.8313802083333334
average global test accuracy:  0.581640625

 | Global Training Round : 19 |

xi_k [0.47603041 0.53289766 0.53298123 0.49506929 0.491182   0.50794424
 0.51099422 0.49649927 0.52542528 0.50572631]
max_exp: -1.0
coe: 10
Regulation [0.8 0.8 0.8 0.8 0.8 0.8 0.8 0.8 0.8 0.8]
Solver status: optimal_inaccurate
b_new: [1. 1. 1. 1. 1. 1. 1. 1. 1. 1.]
Iter 0: obj=50.3475, best_obj=50.3475, ||b_new-b_prev||₂=2.846050
xi_k [0.47603041 0.53289766 0.53298123 0.49506929 0.491182   0.50794424
 0.51099422 0.49649927 0.52542528 0.50572631]
max_exp: -1.0
coe: 10
Regulation [-1. -1. -1. -1. -1. -1. -1. -1. -1. -1.]
Solver status: optimal_inaccurate
b_new: [1. 1. 1. 1. 1. 1. 1. 1. 1. 1.]
Iter 1: obj=51.2475, best_obj=51.2475, ||b_new-b_prev||₂=0.000000
Converged.
Final b: [1. 1. 1. 1. 1. 1. 1. 1. 1. 1.]
<class 'numpy.ndarray'>
b_float: [1. 1. 1. 1. 1. 1. 1. 1. 1. 1.]
b: [1 1 1 1 1 1 1 1 1 1]
active_clients:  [0, 1, 2, 3, 4, 5, 6, 7, 8, 9]
Client 0's s_k are:[0 1 1 1 1 1 1 1 1 1]
Client 1's s_k are:[1 0 1 1 1 1 1 1 1 1]
Client 2's s_k are:[1 1 0 1 1 1 1 1 1 1]
Client 3's s_k are:[1 1 1 0 1 1 1 1 1 1]
Client 4's s_k are:[1 1 1 1 0 1 1 1 1 1]
Client 5's s_k are:[1 1 1 1 1 0 1 1 1 1]
Client 6's s_k are:[1 1 1 1 1 1 0 1 1 1]
Client 7's s_k are:[1 1 1 1 1 1 1 0 1 1]
Client 8's s_k are:[1 1 1 1 1 1 1 1 0 1]
Client 9's s_k are:[1 1 1 1 1 1 1 1 1 0]
| Global Round : 19 | Client :0 | Local Epoch : 0 | [64/573 (12%)]	Loss1: 5.841506 Loss2: 0.000025 
| Global Round : 19 | Client :0 | Local Epoch : 1 | [64/573 (12%)]	Loss1: 5.842928 Loss2: 0.000027 
| Global Round : 19 | Client :0 | Local Epoch : 2 | [64/573 (12%)]	Loss1: 5.841114 Loss2: 0.000025 
| Global Round : 19 | Client :0 | Local Epoch : 3 | [64/573 (12%)]	Loss1: 5.842098 Loss2: 0.000026 
| Global Round : 19 | Client :0 | Local Epoch : 4 | [64/573 (12%)]	Loss1: 5.840931 Loss2: 0.000026 
| Global Round : 19 | Client :1 | Local Epoch : 0 | [64/448 (14%)]	Loss1: 5.843091 Loss2: 0.000020 
| Global Round : 19 | Client :1 | Local Epoch : 1 | [64/448 (14%)]	Loss1: 5.842461 Loss2: 0.000018 
| Global Round : 19 | Client :1 | Local Epoch : 2 | [64/448 (14%)]	Loss1: 5.842858 Loss2: 0.000018 
| Global Round : 19 | Client :1 | Local Epoch : 3 | [64/448 (14%)]	Loss1: 5.841947 Loss2: 0.000022 
| Global Round : 19 | Client :1 | Local Epoch : 4 | [64/448 (14%)]	Loss1: 5.844038 Loss2: 0.000017 
| Global Round : 19 | Client :2 | Local Epoch : 0 | [64/448 (14%)]	Loss1: 5.842941 Loss2: 0.000021 
| Global Round : 19 | Client :2 | Local Epoch : 1 | [64/448 (14%)]	Loss1: 5.844987 Loss2: 0.000014 
| Global Round : 19 | Client :2 | Local Epoch : 2 | [64/448 (14%)]	Loss1: 5.842294 Loss2: 0.000014 
| Global Round : 19 | Client :2 | Local Epoch : 3 | [64/448 (14%)]	Loss1: 5.842340 Loss2: 0.000017 
| Global Round : 19 | Client :2 | Local Epoch : 4 | [64/448 (14%)]	Loss1: 5.842076 Loss2: 0.000018 
| Global Round : 19 | Client :3 | Local Epoch : 0 | [64/620 (11%)]	Loss1: 5.843793 Loss2: 0.000017 
| Global Round : 19 | Client :3 | Local Epoch : 1 | [64/620 (11%)]	Loss1: 5.843269 Loss2: 0.000014 
| Global Round : 19 | Client :3 | Local Epoch : 2 | [64/620 (11%)]	Loss1: 5.842970 Loss2: 0.000019 
| Global Round : 19 | Client :3 | Local Epoch : 3 | [64/620 (11%)]	Loss1: 5.841525 Loss2: 0.000019 
| Global Round : 19 | Client :3 | Local Epoch : 4 | [64/620 (11%)]	Loss1: 5.841173 Loss2: 0.000019 
| Global Round : 19 | Client :4 | Local Epoch : 0 | [64/625 (11%)]	Loss1: 5.842508 Loss2: 0.000019 
| Global Round : 19 | Client :4 | Local Epoch : 1 | [64/625 (11%)]	Loss1: 5.842400 Loss2: 0.000022 
| Global Round : 19 | Client :4 | Local Epoch : 2 | [64/625 (11%)]	Loss1: 5.841333 Loss2: 0.000025 
| Global Round : 19 | Client :4 | Local Epoch : 3 | [64/625 (11%)]	Loss1: 5.842580 Loss2: 0.000020 
| Global Round : 19 | Client :4 | Local Epoch : 4 | [64/625 (11%)]	Loss1: 5.842421 Loss2: 0.000018 
| Global Round : 19 | Client :5 | Local Epoch : 0 | [64/604 (11%)]	Loss1: 5.841094 Loss2: 0.000022 
| Global Round : 19 | Client :5 | Local Epoch : 1 | [64/604 (11%)]	Loss1: 5.840644 Loss2: 0.000020 
| Global Round : 19 | Client :5 | Local Epoch : 2 | [64/604 (11%)]	Loss1: 5.841135 Loss2: 0.000022 
| Global Round : 19 | Client :5 | Local Epoch : 3 | [64/604 (11%)]	Loss1: 5.841033 Loss2: 0.000023 
| Global Round : 19 | Client :5 | Local Epoch : 4 | [64/604 (11%)]	Loss1: 5.841706 Loss2: 0.000021 
| Global Round : 19 | Client :6 | Local Epoch : 0 | [64/534 (12%)]	Loss1: 5.843944 Loss2: 0.000020 
| Global Round : 19 | Client :6 | Local Epoch : 1 | [64/534 (12%)]	Loss1: 5.843517 Loss2: 0.000017 
| Global Round : 19 | Client :6 | Local Epoch : 2 | [64/534 (12%)]	Loss1: 5.842628 Loss2: 0.000013 
| Global Round : 19 | Client :6 | Local Epoch : 3 | [64/534 (12%)]	Loss1: 5.843349 Loss2: 0.000018 
| Global Round : 19 | Client :6 | Local Epoch : 4 | [64/534 (12%)]	Loss1: 5.842562 Loss2: 0.000015 
| Global Round : 19 | Client :7 | Local Epoch : 0 | [64/824 (8%)]	Loss1: 5.842212 Loss2: 0.000026 
| Global Round : 19 | Client :7 | Local Epoch : 0 | [704/824 (92%)]	Loss1: 5.841649 Loss2: 0.000029 
| Global Round : 19 | Client :7 | Local Epoch : 1 | [64/824 (8%)]	Loss1: 5.840199 Loss2: 0.000026 
| Global Round : 19 | Client :7 | Local Epoch : 1 | [704/824 (92%)]	Loss1: 5.841512 Loss2: 0.000027 
| Global Round : 19 | Client :7 | Local Epoch : 2 | [64/824 (8%)]	Loss1: 5.840544 Loss2: 0.000026 
| Global Round : 19 | Client :7 | Local Epoch : 2 | [704/824 (92%)]	Loss1: 5.841785 Loss2: 0.000027 
| Global Round : 19 | Client :7 | Local Epoch : 3 | [64/824 (8%)]	Loss1: 5.840453 Loss2: 0.000028 
| Global Round : 19 | Client :7 | Local Epoch : 3 | [704/824 (92%)]	Loss1: 5.841285 Loss2: 0.000029 
| Global Round : 19 | Client :7 | Local Epoch : 4 | [64/824 (8%)]	Loss1: 5.840559 Loss2: 0.000026 
| Global Round : 19 | Client :7 | Local Epoch : 4 | [704/824 (92%)]	Loss1: 5.841379 Loss2: 0.000025 
| Global Round : 19 | Client :8 | Local Epoch : 0 | [64/714 (9%)]	Loss1: 5.842531 Loss2: 0.000024 
| Global Round : 19 | Client :8 | Local Epoch : 0 | [704/714 (100%)]	Loss1: 5.842716 Loss2: 0.000027 
| Global Round : 19 | Client :8 | Local Epoch : 1 | [64/714 (9%)]	Loss1: 5.843232 Loss2: 0.000021 
| Global Round : 19 | Client :8 | Local Epoch : 1 | [704/714 (100%)]	Loss1: 5.842360 Loss2: 0.000033 
| Global Round : 19 | Client :8 | Local Epoch : 2 | [64/714 (9%)]	Loss1: 5.842102 Loss2: 0.000027 
| Global Round : 19 | Client :8 | Local Epoch : 2 | [704/714 (100%)]	Loss1: 5.843511 Loss2: 0.000028 
| Global Round : 19 | Client :8 | Local Epoch : 3 | [64/714 (9%)]	Loss1: 5.843002 Loss2: 0.000022 
| Global Round : 19 | Client :8 | Local Epoch : 3 | [704/714 (100%)]	Loss1: 5.842174 Loss2: 0.000026 
| Global Round : 19 | Client :8 | Local Epoch : 4 | [64/714 (9%)]	Loss1: 5.842313 Loss2: 0.000023 
| Global Round : 19 | Client :8 | Local Epoch : 4 | [704/714 (100%)]	Loss1: 5.843118 Loss2: 0.000024 
| Global Round : 19 | Client :9 | Local Epoch : 0 | [64/607 (11%)]	Loss1: 5.843629 Loss2: 0.000022 
| Global Round : 19 | Client :9 | Local Epoch : 1 | [64/607 (11%)]	Loss1: 5.846391 Loss2: 0.000020 
| Global Round : 19 | Client :9 | Local Epoch : 2 | [64/607 (11%)]	Loss1: 5.843067 Loss2: 0.000019 
| Global Round : 19 | Client :9 | Local Epoch : 3 | [64/607 (11%)]	Loss1: 5.842382 Loss2: 0.000019 
| Global Round : 19 | Client :9 | Local Epoch : 4 | [64/607 (11%)]	Loss1: 5.843301 Loss2: 0.000021 
average loss:   5.839995154080453
average local test accuracy: 0.8225260416666667
average global test accuracy:  0.586328125

 | Global Training Round : 20 |

xi_k [0.476036   0.53285809 0.53292553 0.49510443 0.4911065  0.50797067
 0.51094198 0.4964981  0.52539888 0.50569357]
max_exp: -1.0
coe: 10
Regulation [0.8 0.8 0.8 0.8 0.8 0.8 0.8 0.8 0.8 0.8]
Solver status: optimal_inaccurate
b_new: [1. 1. 1. 1. 1. 1. 1. 1. 1. 1.]
Iter 0: obj=50.3453, best_obj=50.3453, ||b_new-b_prev||₂=2.846050
xi_k [0.476036   0.53285809 0.53292553 0.49510443 0.4911065  0.50797067
 0.51094198 0.4964981  0.52539888 0.50569357]
max_exp: -1.0
coe: 10
Regulation [-1. -1. -1. -1. -1. -1. -1. -1. -1. -1.]
Solver status: optimal_inaccurate
b_new: [1. 1. 1. 1. 1. 1. 1. 1. 1. 1.]
Iter 1: obj=51.2453, best_obj=51.2453, ||b_new-b_prev||₂=0.000000
Converged.
Final b: [1. 1. 1. 1. 1. 1. 1. 1. 1. 1.]
<class 'numpy.ndarray'>
b_float: [1. 1. 1. 1. 1. 1. 1. 1. 1. 1.]
b: [1 1 1 1 1 1 1 1 1 1]
active_clients:  [0, 1, 2, 3, 4, 5, 6, 7, 8, 9]
Client 0's s_k are:[0 1 1 1 1 1 1 1 1 1]
Client 1's s_k are:[1 0 1 1 1 1 1 1 1 1]
Client 2's s_k are:[1 1 0 1 1 1 1 1 1 1]
Client 3's s_k are:[1 1 1 0 1 1 1 1 1 1]
Client 4's s_k are:[1 1 1 1 0 1 1 1 1 1]
Client 5's s_k are:[1 1 1 1 1 0 1 1 1 1]
Client 6's s_k are:[1 1 1 1 1 1 0 1 1 1]
Client 7's s_k are:[1 1 1 1 1 1 1 0 1 1]
Client 8's s_k are:[1 1 1 1 1 1 1 1 0 1]
Client 9's s_k are:[1 1 1 1 1 1 1 1 1 0]
| Global Round : 20 | Client :0 | Local Epoch : 0 | [64/573 (12%)]	Loss1: 5.841613 Loss2: 0.000029 
| Global Round : 20 | Client :0 | Local Epoch : 1 | [64/573 (12%)]	Loss1: 5.842197 Loss2: 0.000023 
| Global Round : 20 | Client :0 | Local Epoch : 2 | [64/573 (12%)]	Loss1: 5.841493 Loss2: 0.000025 
| Global Round : 20 | Client :0 | Local Epoch : 3 | [64/573 (12%)]	Loss1: 5.839509 Loss2: 0.000026 
| Global Round : 20 | Client :0 | Local Epoch : 4 | [64/573 (12%)]	Loss1: 5.841857 Loss2: 0.000024 
| Global Round : 20 | Client :1 | Local Epoch : 0 | [64/448 (14%)]	Loss1: 5.843002 Loss2: 0.000020 
| Global Round : 20 | Client :1 | Local Epoch : 1 | [64/448 (14%)]	Loss1: 5.843248 Loss2: 0.000021 
| Global Round : 20 | Client :1 | Local Epoch : 2 | [64/448 (14%)]	Loss1: 5.842799 Loss2: 0.000018 
| Global Round : 20 | Client :1 | Local Epoch : 3 | [64/448 (14%)]	Loss1: 5.843157 Loss2: 0.000022 
| Global Round : 20 | Client :1 | Local Epoch : 4 | [64/448 (14%)]	Loss1: 5.843607 Loss2: 0.000018 
| Global Round : 20 | Client :2 | Local Epoch : 0 | [64/448 (14%)]	Loss1: 5.842248 Loss2: 0.000014 
| Global Round : 20 | Client :2 | Local Epoch : 1 | [64/448 (14%)]	Loss1: 5.841923 Loss2: 0.000014 
| Global Round : 20 | Client :2 | Local Epoch : 2 | [64/448 (14%)]	Loss1: 5.844064 Loss2: 0.000015 
| Global Round : 20 | Client :2 | Local Epoch : 3 | [64/448 (14%)]	Loss1: 5.842924 Loss2: 0.000015 
| Global Round : 20 | Client :2 | Local Epoch : 4 | [64/448 (14%)]	Loss1: 5.843627 Loss2: 0.000015 
| Global Round : 20 | Client :3 | Local Epoch : 0 | [64/620 (11%)]	Loss1: 5.842227 Loss2: 0.000018 
| Global Round : 20 | Client :3 | Local Epoch : 1 | [64/620 (11%)]	Loss1: 5.842115 Loss2: 0.000017 
| Global Round : 20 | Client :3 | Local Epoch : 2 | [64/620 (11%)]	Loss1: 5.841901 Loss2: 0.000018 
| Global Round : 20 | Client :3 | Local Epoch : 3 | [64/620 (11%)]	Loss1: 5.843279 Loss2: 0.000015 
| Global Round : 20 | Client :3 | Local Epoch : 4 | [64/620 (11%)]	Loss1: 5.843767 Loss2: 0.000022 
| Global Round : 20 | Client :4 | Local Epoch : 0 | [64/625 (11%)]	Loss1: 5.843944 Loss2: 0.000019 
| Global Round : 20 | Client :4 | Local Epoch : 1 | [64/625 (11%)]	Loss1: 5.842184 Loss2: 0.000027 
| Global Round : 20 | Client :4 | Local Epoch : 2 | [64/625 (11%)]	Loss1: 5.842099 Loss2: 0.000020 
| Global Round : 20 | Client :4 | Local Epoch : 3 | [64/625 (11%)]	Loss1: 5.843041 Loss2: 0.000022 
| Global Round : 20 | Client :4 | Local Epoch : 4 | [64/625 (11%)]	Loss1: 5.841317 Loss2: 0.000021 
| Global Round : 20 | Client :5 | Local Epoch : 0 | [64/604 (11%)]	Loss1: 5.840829 Loss2: 0.000022 
| Global Round : 20 | Client :5 | Local Epoch : 1 | [64/604 (11%)]	Loss1: 5.842885 Loss2: 0.000024 
| Global Round : 20 | Client :5 | Local Epoch : 2 | [64/604 (11%)]	Loss1: 5.840285 Loss2: 0.000023 
| Global Round : 20 | Client :5 | Local Epoch : 3 | [64/604 (11%)]	Loss1: 5.840740 Loss2: 0.000018 
| Global Round : 20 | Client :5 | Local Epoch : 4 | [64/604 (11%)]	Loss1: 5.839944 Loss2: 0.000021 
| Global Round : 20 | Client :6 | Local Epoch : 0 | [64/534 (12%)]	Loss1: 5.842685 Loss2: 0.000018 
| Global Round : 20 | Client :6 | Local Epoch : 1 | [64/534 (12%)]	Loss1: 5.843023 Loss2: 0.000013 
| Global Round : 20 | Client :6 | Local Epoch : 2 | [64/534 (12%)]	Loss1: 5.843581 Loss2: 0.000017 
| Global Round : 20 | Client :6 | Local Epoch : 3 | [64/534 (12%)]	Loss1: 5.842594 Loss2: 0.000015 
| Global Round : 20 | Client :6 | Local Epoch : 4 | [64/534 (12%)]	Loss1: 5.842169 Loss2: 0.000014 
| Global Round : 20 | Client :7 | Local Epoch : 0 | [64/824 (8%)]	Loss1: 5.840730 Loss2: 0.000027 
| Global Round : 20 | Client :7 | Local Epoch : 0 | [704/824 (92%)]	Loss1: 5.841798 Loss2: 0.000028 
| Global Round : 20 | Client :7 | Local Epoch : 1 | [64/824 (8%)]	Loss1: 5.840346 Loss2: 0.000031 
| Global Round : 20 | Client :7 | Local Epoch : 1 | [704/824 (92%)]	Loss1: 5.842850 Loss2: 0.000024 
| Global Round : 20 | Client :7 | Local Epoch : 2 | [64/824 (8%)]	Loss1: 5.841494 Loss2: 0.000034 
| Global Round : 20 | Client :7 | Local Epoch : 2 | [704/824 (92%)]	Loss1: 5.839997 Loss2: 0.000027 
| Global Round : 20 | Client :7 | Local Epoch : 3 | [64/824 (8%)]	Loss1: 5.841014 Loss2: 0.000026 
| Global Round : 20 | Client :7 | Local Epoch : 3 | [704/824 (92%)]	Loss1: 5.842193 Loss2: 0.000024 
| Global Round : 20 | Client :7 | Local Epoch : 4 | [64/824 (8%)]	Loss1: 5.841547 Loss2: 0.000023 
| Global Round : 20 | Client :7 | Local Epoch : 4 | [704/824 (92%)]	Loss1: 5.840447 Loss2: 0.000026 
| Global Round : 20 | Client :8 | Local Epoch : 0 | [64/714 (9%)]	Loss1: 5.842805 Loss2: 0.000023 
| Global Round : 20 | Client :8 | Local Epoch : 0 | [704/714 (100%)]	Loss1: 5.844205 Loss2: 0.000023 
| Global Round : 20 | Client :8 | Local Epoch : 1 | [64/714 (9%)]	Loss1: 5.844393 Loss2: 0.000021 
| Global Round : 20 | Client :8 | Local Epoch : 1 | [704/714 (100%)]	Loss1: 5.843059 Loss2: 0.000027 
| Global Round : 20 | Client :8 | Local Epoch : 2 | [64/714 (9%)]	Loss1: 5.842963 Loss2: 0.000023 
| Global Round : 20 | Client :8 | Local Epoch : 2 | [704/714 (100%)]	Loss1: 5.842159 Loss2: 0.000025 
| Global Round : 20 | Client :8 | Local Epoch : 3 | [64/714 (9%)]	Loss1: 5.842417 Loss2: 0.000022 
| Global Round : 20 | Client :8 | Local Epoch : 3 | [704/714 (100%)]	Loss1: 5.842707 Loss2: 0.000023 
| Global Round : 20 | Client :8 | Local Epoch : 4 | [64/714 (9%)]	Loss1: 5.842160 Loss2: 0.000020 
| Global Round : 20 | Client :8 | Local Epoch : 4 | [704/714 (100%)]	Loss1: 5.843649 Loss2: 0.000029 
| Global Round : 20 | Client :9 | Local Epoch : 0 | [64/607 (11%)]	Loss1: 5.842853 Loss2: 0.000020 
| Global Round : 20 | Client :9 | Local Epoch : 1 | [64/607 (11%)]	Loss1: 5.842693 Loss2: 0.000017 
| Global Round : 20 | Client :9 | Local Epoch : 2 | [64/607 (11%)]	Loss1: 5.841527 Loss2: 0.000019 
| Global Round : 20 | Client :9 | Local Epoch : 3 | [64/607 (11%)]	Loss1: 5.841608 Loss2: 0.000018 
| Global Round : 20 | Client :9 | Local Epoch : 4 | [64/607 (11%)]	Loss1: 5.842950 Loss2: 0.000019 
average loss:   5.839823803352931
average local test accuracy: 0.8260416666666666
average global test accuracy:  0.62265625

 | Global Training Round : 21 |

xi_k [0.47599683 0.53284179 0.5328658  0.49507223 0.49108575 0.50794369
 0.51093063 0.49647177 0.52531721 0.50561874]
max_exp: -1.0
coe: 10
Regulation [0.8 0.8 0.8 0.8 0.8 0.8 0.8 0.8 0.8 0.8]
Solver status: optimal_inaccurate
b_new: [1. 1. 1. 1. 1. 1. 1. 1. 1. 1.]
Iter 0: obj=50.3414, best_obj=50.3414, ||b_new-b_prev||₂=2.846050
xi_k [0.47599683 0.53284179 0.5328658  0.49507223 0.49108575 0.50794369
 0.51093063 0.49647177 0.52531721 0.50561874]
max_exp: -1.0
coe: 10
Regulation [-1. -1. -1. -1. -1. -1. -1. -1. -1. -1.]
Solver status: optimal_inaccurate
b_new: [1. 1. 1. 1. 1. 1. 1. 1. 1. 1.]
Iter 1: obj=51.2414, best_obj=51.2414, ||b_new-b_prev||₂=0.000000
Converged.
Final b: [1. 1. 1. 1. 1. 1. 1. 1. 1. 1.]
<class 'numpy.ndarray'>
b_float: [1. 1. 1. 1. 1. 1. 1. 1. 1. 1.]
b: [1 1 1 1 1 1 1 1 1 1]
active_clients:  [0, 1, 2, 3, 4, 5, 6, 7, 8, 9]
Client 0's s_k are:[0 1 1 1 1 1 1 1 1 1]
Client 1's s_k are:[1 0 1 1 1 1 1 1 1 1]
Client 2's s_k are:[1 1 0 1 1 1 1 1 1 1]
Client 3's s_k are:[1 1 1 0 1 1 1 1 1 1]
Client 4's s_k are:[1 1 1 1 0 1 1 1 1 1]
Client 5's s_k are:[1 1 1 1 1 0 1 1 1 1]
Client 6's s_k are:[1 1 1 1 1 1 0 1 1 1]
Client 7's s_k are:[1 1 1 1 1 1 1 0 1 1]
Client 8's s_k are:[1 1 1 1 1 1 1 1 0 1]
Client 9's s_k are:[1 1 1 1 1 1 1 1 1 0]
| Global Round : 21 | Client :0 | Local Epoch : 0 | [64/573 (12%)]	Loss1: 5.841284 Loss2: 0.000024 
| Global Round : 21 | Client :0 | Local Epoch : 1 | [64/573 (12%)]	Loss1: 5.840513 Loss2: 0.000028 
| Global Round : 21 | Client :0 | Local Epoch : 2 | [64/573 (12%)]	Loss1: 5.841052 Loss2: 0.000026 
| Global Round : 21 | Client :0 | Local Epoch : 3 | [64/573 (12%)]	Loss1: 5.841600 Loss2: 0.000028 
| Global Round : 21 | Client :0 | Local Epoch : 4 | [64/573 (12%)]	Loss1: 5.840961 Loss2: 0.000028 
| Global Round : 21 | Client :1 | Local Epoch : 0 | [64/448 (14%)]	Loss1: 5.841624 Loss2: 0.000022 
| Global Round : 21 | Client :1 | Local Epoch : 1 | [64/448 (14%)]	Loss1: 5.841136 Loss2: 0.000022 
| Global Round : 21 | Client :1 | Local Epoch : 2 | [64/448 (14%)]	Loss1: 5.842453 Loss2: 0.000016 
| Global Round : 21 | Client :1 | Local Epoch : 3 | [64/448 (14%)]	Loss1: 5.843303 Loss2: 0.000018 
| Global Round : 21 | Client :1 | Local Epoch : 4 | [64/448 (14%)]	Loss1: 5.843197 Loss2: 0.000019 
| Global Round : 21 | Client :2 | Local Epoch : 0 | [64/448 (14%)]	Loss1: 5.842675 Loss2: 0.000016 
| Global Round : 21 | Client :2 | Local Epoch : 1 | [64/448 (14%)]	Loss1: 5.843251 Loss2: 0.000019 
| Global Round : 21 | Client :2 | Local Epoch : 2 | [64/448 (14%)]	Loss1: 5.843133 Loss2: 0.000016 
| Global Round : 21 | Client :2 | Local Epoch : 3 | [64/448 (14%)]	Loss1: 5.843173 Loss2: 0.000013 
| Global Round : 21 | Client :2 | Local Epoch : 4 | [64/448 (14%)]	Loss1: 5.843371 Loss2: 0.000017 
| Global Round : 21 | Client :3 | Local Epoch : 0 | [64/620 (11%)]	Loss1: 5.842202 Loss2: 0.000019 
| Global Round : 21 | Client :3 | Local Epoch : 1 | [64/620 (11%)]	Loss1: 5.841845 Loss2: 0.000019 
| Global Round : 21 | Client :3 | Local Epoch : 2 | [64/620 (11%)]	Loss1: 5.842544 Loss2: 0.000022 
| Global Round : 21 | Client :3 | Local Epoch : 3 | [64/620 (11%)]	Loss1: 5.841483 Loss2: 0.000019 
| Global Round : 21 | Client :3 | Local Epoch : 4 | [64/620 (11%)]	Loss1: 5.841933 Loss2: 0.000018 
| Global Round : 21 | Client :4 | Local Epoch : 0 | [64/625 (11%)]	Loss1: 5.841865 Loss2: 0.000021 
| Global Round : 21 | Client :4 | Local Epoch : 1 | [64/625 (11%)]	Loss1: 5.842381 Loss2: 0.000015 
| Global Round : 21 | Client :4 | Local Epoch : 2 | [64/625 (11%)]	Loss1: 5.842354 Loss2: 0.000019 
| Global Round : 21 | Client :4 | Local Epoch : 3 | [64/625 (11%)]	Loss1: 5.842925 Loss2: 0.000020 
| Global Round : 21 | Client :4 | Local Epoch : 4 | [64/625 (11%)]	Loss1: 5.842649 Loss2: 0.000022 
| Global Round : 21 | Client :5 | Local Epoch : 0 | [64/604 (11%)]	Loss1: 5.840999 Loss2: 0.000024 
| Global Round : 21 | Client :5 | Local Epoch : 1 | [64/604 (11%)]	Loss1: 5.839993 Loss2: 0.000021 
| Global Round : 21 | Client :5 | Local Epoch : 2 | [64/604 (11%)]	Loss1: 5.841059 Loss2: 0.000021 
| Global Round : 21 | Client :5 | Local Epoch : 3 | [64/604 (11%)]	Loss1: 5.840659 Loss2: 0.000023 
| Global Round : 21 | Client :5 | Local Epoch : 4 | [64/604 (11%)]	Loss1: 5.841001 Loss2: 0.000021 
| Global Round : 21 | Client :6 | Local Epoch : 0 | [64/534 (12%)]	Loss1: 5.843250 Loss2: 0.000016 
| Global Round : 21 | Client :6 | Local Epoch : 1 | [64/534 (12%)]	Loss1: 5.842781 Loss2: 0.000014 
| Global Round : 21 | Client :6 | Local Epoch : 2 | [64/534 (12%)]	Loss1: 5.842730 Loss2: 0.000013 
| Global Round : 21 | Client :6 | Local Epoch : 3 | [64/534 (12%)]	Loss1: 5.842006 Loss2: 0.000016 
| Global Round : 21 | Client :6 | Local Epoch : 4 | [64/534 (12%)]	Loss1: 5.843380 Loss2: 0.000013 
| Global Round : 21 | Client :7 | Local Epoch : 0 | [64/824 (8%)]	Loss1: 5.839939 Loss2: 0.000027 
| Global Round : 21 | Client :7 | Local Epoch : 0 | [704/824 (92%)]	Loss1: 5.841588 Loss2: 0.000025 
| Global Round : 21 | Client :7 | Local Epoch : 1 | [64/824 (8%)]	Loss1: 5.840003 Loss2: 0.000036 
| Global Round : 21 | Client :7 | Local Epoch : 1 | [704/824 (92%)]	Loss1: 5.840631 Loss2: 0.000024 
| Global Round : 21 | Client :7 | Local Epoch : 2 | [64/824 (8%)]	Loss1: 5.839341 Loss2: 0.000027 
| Global Round : 21 | Client :7 | Local Epoch : 2 | [704/824 (92%)]	Loss1: 5.841770 Loss2: 0.000028 
| Global Round : 21 | Client :7 | Local Epoch : 3 | [64/824 (8%)]	Loss1: 5.839452 Loss2: 0.000026 
| Global Round : 21 | Client :7 | Local Epoch : 3 | [704/824 (92%)]	Loss1: 5.841321 Loss2: 0.000028 
| Global Round : 21 | Client :7 | Local Epoch : 4 | [64/824 (8%)]	Loss1: 5.840620 Loss2: 0.000035 
| Global Round : 21 | Client :7 | Local Epoch : 4 | [704/824 (92%)]	Loss1: 5.840964 Loss2: 0.000027 
| Global Round : 21 | Client :8 | Local Epoch : 0 | [64/714 (9%)]	Loss1: 5.843157 Loss2: 0.000024 
| Global Round : 21 | Client :8 | Local Epoch : 0 | [704/714 (100%)]	Loss1: 5.842647 Loss2: 0.000029 
| Global Round : 21 | Client :8 | Local Epoch : 1 | [64/714 (9%)]	Loss1: 5.841639 Loss2: 0.000024 
| Global Round : 21 | Client :8 | Local Epoch : 1 | [704/714 (100%)]	Loss1: 5.842246 Loss2: 0.000025 
| Global Round : 21 | Client :8 | Local Epoch : 2 | [64/714 (9%)]	Loss1: 5.842854 Loss2: 0.000021 
| Global Round : 21 | Client :8 | Local Epoch : 2 | [704/714 (100%)]	Loss1: 5.842980 Loss2: 0.000032 
| Global Round : 21 | Client :8 | Local Epoch : 3 | [64/714 (9%)]	Loss1: 5.842743 Loss2: 0.000025 
| Global Round : 21 | Client :8 | Local Epoch : 3 | [704/714 (100%)]	Loss1: 5.842868 Loss2: 0.000025 
| Global Round : 21 | Client :8 | Local Epoch : 4 | [64/714 (9%)]	Loss1: 5.842842 Loss2: 0.000023 
| Global Round : 21 | Client :8 | Local Epoch : 4 | [704/714 (100%)]	Loss1: 5.842179 Loss2: 0.000025 
| Global Round : 21 | Client :9 | Local Epoch : 0 | [64/607 (11%)]	Loss1: 5.843006 Loss2: 0.000025 
| Global Round : 21 | Client :9 | Local Epoch : 1 | [64/607 (11%)]	Loss1: 5.843491 Loss2: 0.000020 
| Global Round : 21 | Client :9 | Local Epoch : 2 | [64/607 (11%)]	Loss1: 5.841264 Loss2: 0.000018 
| Global Round : 21 | Client :9 | Local Epoch : 3 | [64/607 (11%)]	Loss1: 5.841671 Loss2: 0.000020 
| Global Round : 21 | Client :9 | Local Epoch : 4 | [64/607 (11%)]	Loss1: 5.842113 Loss2: 0.000019 
average loss:   5.839717274852646
average local test accuracy: 0.8235677083333333
average global test accuracy:  0.63671875

 | Global Training Round : 22 |

xi_k [0.47599651 0.53285411 0.53284037 0.49497996 0.49107164 0.50789506
 0.51090624 0.4964698  0.52539976 0.50563205]
max_exp: -1.0
coe: 10
Regulation [0.8 0.8 0.8 0.8 0.8 0.8 0.8 0.8 0.8 0.8]
Solver status: optimal_inaccurate
b_new: [1. 1. 1. 1. 1. 1. 1. 1. 1. 1.]
Iter 0: obj=50.3405, best_obj=50.3405, ||b_new-b_prev||₂=2.846050
xi_k [0.47599651 0.53285411 0.53284037 0.49497996 0.49107164 0.50789506
 0.51090624 0.4964698  0.52539976 0.50563205]
max_exp: -1.0
coe: 10
Regulation [-1. -1. -1. -1. -1. -1. -1. -1. -1. -1.]
Solver status: optimal_inaccurate
b_new: [1. 1. 1. 1. 1. 1. 1. 1. 1. 1.]
Iter 1: obj=51.2405, best_obj=51.2405, ||b_new-b_prev||₂=0.000000
Converged.
Final b: [1. 1. 1. 1. 1. 1. 1. 1. 1. 1.]
<class 'numpy.ndarray'>
b_float: [1. 1. 1. 1. 1. 1. 1. 1. 1. 1.]
b: [1 1 1 1 1 1 1 1 1 1]
active_clients:  [0, 1, 2, 3, 4, 5, 6, 7, 8, 9]
Client 0's s_k are:[0 1 1 1 1 1 1 1 1 1]
Client 1's s_k are:[1 0 1 1 1 1 1 1 1 1]
Client 2's s_k are:[1 1 0 1 1 1 1 1 1 1]
Client 3's s_k are:[1 1 1 0 1 1 1 1 1 1]
Client 4's s_k are:[1 1 1 1 0 1 1 1 1 1]
Client 5's s_k are:[1 1 1 1 1 0 1 1 1 1]
Client 6's s_k are:[1 1 1 1 1 1 0 1 1 1]
Client 7's s_k are:[1 1 1 1 1 1 1 0 1 1]
Client 8's s_k are:[1 1 1 1 1 1 1 1 0 1]
Client 9's s_k are:[1 1 1 1 1 1 1 1 1 0]
| Global Round : 22 | Client :0 | Local Epoch : 0 | [64/573 (12%)]	Loss1: 5.841160 Loss2: 0.000024 
| Global Round : 22 | Client :0 | Local Epoch : 1 | [64/573 (12%)]	Loss1: 5.840191 Loss2: 0.000022 
| Global Round : 22 | Client :0 | Local Epoch : 2 | [64/573 (12%)]	Loss1: 5.840688 Loss2: 0.000028 
| Global Round : 22 | Client :0 | Local Epoch : 3 | [64/573 (12%)]	Loss1: 5.840697 Loss2: 0.000031 
| Global Round : 22 | Client :0 | Local Epoch : 4 | [64/573 (12%)]	Loss1: 5.839579 Loss2: 0.000027 
| Global Round : 22 | Client :1 | Local Epoch : 0 | [64/448 (14%)]	Loss1: 5.842904 Loss2: 0.000018 
| Global Round : 22 | Client :1 | Local Epoch : 1 | [64/448 (14%)]	Loss1: 5.842351 Loss2: 0.000022 
| Global Round : 22 | Client :1 | Local Epoch : 2 | [64/448 (14%)]	Loss1: 5.843703 Loss2: 0.000016 
| Global Round : 22 | Client :1 | Local Epoch : 3 | [64/448 (14%)]	Loss1: 5.841985 Loss2: 0.000021 
| Global Round : 22 | Client :1 | Local Epoch : 4 | [64/448 (14%)]	Loss1: 5.844071 Loss2: 0.000020 
| Global Round : 22 | Client :2 | Local Epoch : 0 | [64/448 (14%)]	Loss1: 5.842342 Loss2: 0.000016 
| Global Round : 22 | Client :2 | Local Epoch : 1 | [64/448 (14%)]	Loss1: 5.842319 Loss2: 0.000016 
| Global Round : 22 | Client :2 | Local Epoch : 2 | [64/448 (14%)]	Loss1: 5.842808 Loss2: 0.000017 
| Global Round : 22 | Client :2 | Local Epoch : 3 | [64/448 (14%)]	Loss1: 5.841210 Loss2: 0.000016 
| Global Round : 22 | Client :2 | Local Epoch : 4 | [64/448 (14%)]	Loss1: 5.842701 Loss2: 0.000016 
| Global Round : 22 | Client :3 | Local Epoch : 0 | [64/620 (11%)]	Loss1: 5.842235 Loss2: 0.000021 
| Global Round : 22 | Client :3 | Local Epoch : 1 | [64/620 (11%)]	Loss1: 5.843326 Loss2: 0.000016 
| Global Round : 22 | Client :3 | Local Epoch : 2 | [64/620 (11%)]	Loss1: 5.842584 Loss2: 0.000015 
| Global Round : 22 | Client :3 | Local Epoch : 3 | [64/620 (11%)]	Loss1: 5.841521 Loss2: 0.000021 
| Global Round : 22 | Client :3 | Local Epoch : 4 | [64/620 (11%)]	Loss1: 5.841676 Loss2: 0.000015 
| Global Round : 22 | Client :4 | Local Epoch : 0 | [64/625 (11%)]	Loss1: 5.842391 Loss2: 0.000021 
| Global Round : 22 | Client :4 | Local Epoch : 1 | [64/625 (11%)]	Loss1: 5.841812 Loss2: 0.000022 
| Global Round : 22 | Client :4 | Local Epoch : 2 | [64/625 (11%)]	Loss1: 5.841175 Loss2: 0.000029 
| Global Round : 22 | Client :4 | Local Epoch : 3 | [64/625 (11%)]	Loss1: 5.843637 Loss2: 0.000022 
| Global Round : 22 | Client :4 | Local Epoch : 4 | [64/625 (11%)]	Loss1: 5.841308 Loss2: 0.000019 
| Global Round : 22 | Client :5 | Local Epoch : 0 | [64/604 (11%)]	Loss1: 5.840058 Loss2: 0.000019 
| Global Round : 22 | Client :5 | Local Epoch : 1 | [64/604 (11%)]	Loss1: 5.840196 Loss2: 0.000021 
| Global Round : 22 | Client :5 | Local Epoch : 2 | [64/604 (11%)]	Loss1: 5.841603 Loss2: 0.000020 
| Global Round : 22 | Client :5 | Local Epoch : 3 | [64/604 (11%)]	Loss1: 5.841121 Loss2: 0.000022 
| Global Round : 22 | Client :5 | Local Epoch : 4 | [64/604 (11%)]	Loss1: 5.839874 Loss2: 0.000019 
| Global Round : 22 | Client :6 | Local Epoch : 0 | [64/534 (12%)]	Loss1: 5.843705 Loss2: 0.000012 
| Global Round : 22 | Client :6 | Local Epoch : 1 | [64/534 (12%)]	Loss1: 5.842411 Loss2: 0.000017 
| Global Round : 22 | Client :6 | Local Epoch : 2 | [64/534 (12%)]	Loss1: 5.842529 Loss2: 0.000020 
| Global Round : 22 | Client :6 | Local Epoch : 3 | [64/534 (12%)]	Loss1: 5.842669 Loss2: 0.000016 
| Global Round : 22 | Client :6 | Local Epoch : 4 | [64/534 (12%)]	Loss1: 5.842911 Loss2: 0.000016 
| Global Round : 22 | Client :7 | Local Epoch : 0 | [64/824 (8%)]	Loss1: 5.840360 Loss2: 0.000026 
| Global Round : 22 | Client :7 | Local Epoch : 0 | [704/824 (92%)]	Loss1: 5.840067 Loss2: 0.000025 
| Global Round : 22 | Client :7 | Local Epoch : 1 | [64/824 (8%)]	Loss1: 5.840476 Loss2: 0.000029 
| Global Round : 22 | Client :7 | Local Epoch : 1 | [704/824 (92%)]	Loss1: 5.840309 Loss2: 0.000029 
| Global Round : 22 | Client :7 | Local Epoch : 2 | [64/824 (8%)]	Loss1: 5.841737 Loss2: 0.000026 
| Global Round : 22 | Client :7 | Local Epoch : 2 | [704/824 (92%)]	Loss1: 5.840559 Loss2: 0.000026 
| Global Round : 22 | Client :7 | Local Epoch : 3 | [64/824 (8%)]	Loss1: 5.840211 Loss2: 0.000026 
| Global Round : 22 | Client :7 | Local Epoch : 3 | [704/824 (92%)]	Loss1: 5.839964 Loss2: 0.000026 
| Global Round : 22 | Client :7 | Local Epoch : 4 | [64/824 (8%)]	Loss1: 5.840890 Loss2: 0.000025 
| Global Round : 22 | Client :7 | Local Epoch : 4 | [704/824 (92%)]	Loss1: 5.840499 Loss2: 0.000032 
| Global Round : 22 | Client :8 | Local Epoch : 0 | [64/714 (9%)]	Loss1: 5.844036 Loss2: 0.000024 
| Global Round : 22 | Client :8 | Local Epoch : 0 | [704/714 (100%)]	Loss1: 5.844539 Loss2: 0.000027 
| Global Round : 22 | Client :8 | Local Epoch : 1 | [64/714 (9%)]	Loss1: 5.843606 Loss2: 0.000021 
| Global Round : 22 | Client :8 | Local Epoch : 1 | [704/714 (100%)]	Loss1: 5.842588 Loss2: 0.000028 
| Global Round : 22 | Client :8 | Local Epoch : 2 | [64/714 (9%)]	Loss1: 5.842777 Loss2: 0.000023 
| Global Round : 22 | Client :8 | Local Epoch : 2 | [704/714 (100%)]	Loss1: 5.843044 Loss2: 0.000022 
| Global Round : 22 | Client :8 | Local Epoch : 3 | [64/714 (9%)]	Loss1: 5.842082 Loss2: 0.000020 
| Global Round : 22 | Client :8 | Local Epoch : 3 | [704/714 (100%)]	Loss1: 5.842670 Loss2: 0.000024 
| Global Round : 22 | Client :8 | Local Epoch : 4 | [64/714 (9%)]	Loss1: 5.842464 Loss2: 0.000023 
| Global Round : 22 | Client :8 | Local Epoch : 4 | [704/714 (100%)]	Loss1: 5.842098 Loss2: 0.000022 
| Global Round : 22 | Client :9 | Local Epoch : 0 | [64/607 (11%)]	Loss1: 5.843183 Loss2: 0.000015 
| Global Round : 22 | Client :9 | Local Epoch : 1 | [64/607 (11%)]	Loss1: 5.842609 Loss2: 0.000020 
| Global Round : 22 | Client :9 | Local Epoch : 2 | [64/607 (11%)]	Loss1: 5.842463 Loss2: 0.000023 
| Global Round : 22 | Client :9 | Local Epoch : 3 | [64/607 (11%)]	Loss1: 5.842422 Loss2: 0.000021 
| Global Round : 22 | Client :9 | Local Epoch : 4 | [64/607 (11%)]	Loss1: 5.842783 Loss2: 0.000021 
average loss:   5.839613015973379
average local test accuracy: 0.8223958333333332
average global test accuracy:  0.602734375

 | Global Training Round : 23 |

xi_k [0.47597804 0.53278464 0.53285762 0.49505772 0.49105738 0.5078952
 0.5108791  0.49643676 0.52536333 0.5056198 ]
max_exp: -1.0
coe: 10
Regulation [0.8 0.8 0.8 0.8 0.8 0.8 0.8 0.8 0.8 0.8]
Solver status: optimal_inaccurate
b_new: [1. 1. 1. 1. 1. 1. 1. 1. 1. 1.]
Iter 0: obj=50.3393, best_obj=50.3393, ||b_new-b_prev||₂=2.846050
xi_k [0.47597804 0.53278464 0.53285762 0.49505772 0.49105738 0.5078952
 0.5108791  0.49643676 0.52536333 0.5056198 ]
max_exp: -1.0
coe: 10
Regulation [-1. -1. -1. -1. -1. -1. -1. -1. -1. -1.]
Solver status: optimal_inaccurate
b_new: [1. 1. 1. 1. 1. 1. 1. 1. 1. 1.]
Iter 1: obj=51.2393, best_obj=51.2393, ||b_new-b_prev||₂=0.000000
Converged.
Final b: [1. 1. 1. 1. 1. 1. 1. 1. 1. 1.]
<class 'numpy.ndarray'>
b_float: [1. 1. 1. 1. 1. 1. 1. 1. 1. 1.]
b: [1 1 1 1 1 1 1 1 1 1]
active_clients:  [0, 1, 2, 3, 4, 5, 6, 7, 8, 9]
Client 0's s_k are:[0 1 1 1 1 1 1 1 1 1]
Client 1's s_k are:[1 0 1 1 1 1 1 1 1 1]
Client 2's s_k are:[1 1 0 1 1 1 1 1 1 1]
Client 3's s_k are:[1 1 1 0 1 1 1 1 1 1]
Client 4's s_k are:[1 1 1 1 0 1 1 1 1 1]
Client 5's s_k are:[1 1 1 1 1 0 1 1 1 1]
Client 6's s_k are:[1 1 1 1 1 1 0 1 1 1]
Client 7's s_k are:[1 1 1 1 1 1 1 0 1 1]
Client 8's s_k are:[1 1 1 1 1 1 1 1 0 1]
Client 9's s_k are:[1 1 1 1 1 1 1 1 1 0]
| Global Round : 23 | Client :0 | Local Epoch : 0 | [64/573 (12%)]	Loss1: 5.841400 Loss2: 0.000028 
| Global Round : 23 | Client :0 | Local Epoch : 1 | [64/573 (12%)]	Loss1: 5.840875 Loss2: 0.000024 
| Global Round : 23 | Client :0 | Local Epoch : 2 | [64/573 (12%)]	Loss1: 5.839732 Loss2: 0.000030 
| Global Round : 23 | Client :0 | Local Epoch : 3 | [64/573 (12%)]	Loss1: 5.841632 Loss2: 0.000023 
| Global Round : 23 | Client :0 | Local Epoch : 4 | [64/573 (12%)]	Loss1: 5.841687 Loss2: 0.000026 
| Global Round : 23 | Client :1 | Local Epoch : 0 | [64/448 (14%)]	Loss1: 5.841109 Loss2: 0.000022 
| Global Round : 23 | Client :1 | Local Epoch : 1 | [64/448 (14%)]	Loss1: 5.843240 Loss2: 0.000020 
| Global Round : 23 | Client :1 | Local Epoch : 2 | [64/448 (14%)]	Loss1: 5.843071 Loss2: 0.000017 
| Global Round : 23 | Client :1 | Local Epoch : 3 | [64/448 (14%)]	Loss1: 5.843044 Loss2: 0.000021 
| Global Round : 23 | Client :1 | Local Epoch : 4 | [64/448 (14%)]	Loss1: 5.842777 Loss2: 0.000020 
| Global Round : 23 | Client :2 | Local Epoch : 0 | [64/448 (14%)]	Loss1: 5.842224 Loss2: 0.000015 
| Global Round : 23 | Client :2 | Local Epoch : 1 | [64/448 (14%)]	Loss1: 5.842513 Loss2: 0.000014 
| Global Round : 23 | Client :2 | Local Epoch : 2 | [64/448 (14%)]	Loss1: 5.842685 Loss2: 0.000015 
| Global Round : 23 | Client :2 | Local Epoch : 3 | [64/448 (14%)]	Loss1: 5.841478 Loss2: 0.000014 
| Global Round : 23 | Client :2 | Local Epoch : 4 | [64/448 (14%)]	Loss1: 5.842479 Loss2: 0.000010 
| Global Round : 23 | Client :3 | Local Epoch : 0 | [64/620 (11%)]	Loss1: 5.842441 Loss2: 0.000014 
| Global Round : 23 | Client :3 | Local Epoch : 1 | [64/620 (11%)]	Loss1: 5.841463 Loss2: 0.000016 
| Global Round : 23 | Client :3 | Local Epoch : 2 | [64/620 (11%)]	Loss1: 5.843210 Loss2: 0.000021 
| Global Round : 23 | Client :3 | Local Epoch : 3 | [64/620 (11%)]	Loss1: 5.842455 Loss2: 0.000015 
| Global Round : 23 | Client :3 | Local Epoch : 4 | [64/620 (11%)]	Loss1: 5.840936 Loss2: 0.000015 
| Global Round : 23 | Client :4 | Local Epoch : 0 | [64/625 (11%)]	Loss1: 5.841324 Loss2: 0.000020 
| Global Round : 23 | Client :4 | Local Epoch : 1 | [64/625 (11%)]	Loss1: 5.843124 Loss2: 0.000023 
| Global Round : 23 | Client :4 | Local Epoch : 2 | [64/625 (11%)]	Loss1: 5.841069 Loss2: 0.000023 
| Global Round : 23 | Client :4 | Local Epoch : 3 | [64/625 (11%)]	Loss1: 5.841747 Loss2: 0.000017 
| Global Round : 23 | Client :4 | Local Epoch : 4 | [64/625 (11%)]	Loss1: 5.841451 Loss2: 0.000024 
| Global Round : 23 | Client :5 | Local Epoch : 0 | [64/604 (11%)]	Loss1: 5.840867 Loss2: 0.000019 
| Global Round : 23 | Client :5 | Local Epoch : 1 | [64/604 (11%)]	Loss1: 5.840324 Loss2: 0.000022 
| Global Round : 23 | Client :5 | Local Epoch : 2 | [64/604 (11%)]	Loss1: 5.840102 Loss2: 0.000020 
| Global Round : 23 | Client :5 | Local Epoch : 3 | [64/604 (11%)]	Loss1: 5.840178 Loss2: 0.000018 
| Global Round : 23 | Client :5 | Local Epoch : 4 | [64/604 (11%)]	Loss1: 5.841030 Loss2: 0.000026 
| Global Round : 23 | Client :6 | Local Epoch : 0 | [64/534 (12%)]	Loss1: 5.843251 Loss2: 0.000019 
| Global Round : 23 | Client :6 | Local Epoch : 1 | [64/534 (12%)]	Loss1: 5.842250 Loss2: 0.000022 
| Global Round : 23 | Client :6 | Local Epoch : 2 | [64/534 (12%)]	Loss1: 5.842391 Loss2: 0.000014 
| Global Round : 23 | Client :6 | Local Epoch : 3 | [64/534 (12%)]	Loss1: 5.842795 Loss2: 0.000014 
| Global Round : 23 | Client :6 | Local Epoch : 4 | [64/534 (12%)]	Loss1: 5.843535 Loss2: 0.000017 
| Global Round : 23 | Client :7 | Local Epoch : 0 | [64/824 (8%)]	Loss1: 5.840539 Loss2: 0.000031 
| Global Round : 23 | Client :7 | Local Epoch : 0 | [704/824 (92%)]	Loss1: 5.840639 Loss2: 0.000025 
| Global Round : 23 | Client :7 | Local Epoch : 1 | [64/824 (8%)]	Loss1: 5.840297 Loss2: 0.000024 
| Global Round : 23 | Client :7 | Local Epoch : 1 | [704/824 (92%)]	Loss1: 5.839889 Loss2: 0.000032 
| Global Round : 23 | Client :7 | Local Epoch : 2 | [64/824 (8%)]	Loss1: 5.840360 Loss2: 0.000029 
| Global Round : 23 | Client :7 | Local Epoch : 2 | [704/824 (92%)]	Loss1: 5.841910 Loss2: 0.000029 
| Global Round : 23 | Client :7 | Local Epoch : 3 | [64/824 (8%)]	Loss1: 5.840465 Loss2: 0.000025 
| Global Round : 23 | Client :7 | Local Epoch : 3 | [704/824 (92%)]	Loss1: 5.841238 Loss2: 0.000027 
| Global Round : 23 | Client :7 | Local Epoch : 4 | [64/824 (8%)]	Loss1: 5.839687 Loss2: 0.000027 
| Global Round : 23 | Client :7 | Local Epoch : 4 | [704/824 (92%)]	Loss1: 5.840550 Loss2: 0.000030 
| Global Round : 23 | Client :8 | Local Epoch : 0 | [64/714 (9%)]	Loss1: 5.841690 Loss2: 0.000026 
| Global Round : 23 | Client :8 | Local Epoch : 0 | [704/714 (100%)]	Loss1: 5.841949 Loss2: 0.000027 
| Global Round : 23 | Client :8 | Local Epoch : 1 | [64/714 (9%)]	Loss1: 5.842488 Loss2: 0.000020 
| Global Round : 23 | Client :8 | Local Epoch : 1 | [704/714 (100%)]	Loss1: 5.842199 Loss2: 0.000023 
| Global Round : 23 | Client :8 | Local Epoch : 2 | [64/714 (9%)]	Loss1: 5.841837 Loss2: 0.000025 
| Global Round : 23 | Client :8 | Local Epoch : 2 | [704/714 (100%)]	Loss1: 5.843267 Loss2: 0.000030 
| Global Round : 23 | Client :8 | Local Epoch : 3 | [64/714 (9%)]	Loss1: 5.842416 Loss2: 0.000023 
| Global Round : 23 | Client :8 | Local Epoch : 3 | [704/714 (100%)]	Loss1: 5.841956 Loss2: 0.000024 
| Global Round : 23 | Client :8 | Local Epoch : 4 | [64/714 (9%)]	Loss1: 5.843772 Loss2: 0.000021 
| Global Round : 23 | Client :8 | Local Epoch : 4 | [704/714 (100%)]	Loss1: 5.842136 Loss2: 0.000026 
| Global Round : 23 | Client :9 | Local Epoch : 0 | [64/607 (11%)]	Loss1: 5.843165 Loss2: 0.000016 
| Global Round : 23 | Client :9 | Local Epoch : 1 | [64/607 (11%)]	Loss1: 5.843639 Loss2: 0.000021 
| Global Round : 23 | Client :9 | Local Epoch : 2 | [64/607 (11%)]	Loss1: 5.843362 Loss2: 0.000022 
| Global Round : 23 | Client :9 | Local Epoch : 3 | [64/607 (11%)]	Loss1: 5.843012 Loss2: 0.000021 
| Global Round : 23 | Client :9 | Local Epoch : 4 | [64/607 (11%)]	Loss1: 5.844106 Loss2: 0.000019 
average loss:   5.839527034467089
average local test accuracy: 0.8295572916666668
average global test accuracy:  0.5828125

 | Global Training Round : 24 |

xi_k [0.47595393 0.53279722 0.53277309 0.49499144 0.4910745  0.50792599
 0.51084781 0.49646292 0.52529321 0.50558721]
max_exp: -1.0
coe: 10
Regulation [0.8 0.8 0.8 0.8 0.8 0.8 0.8 0.8 0.8 0.8]
Solver status: optimal_inaccurate
b_new: [1. 1. 1. 1. 1. 1. 1. 1. 1. 1.]
Iter 0: obj=50.3371, best_obj=50.3371, ||b_new-b_prev||₂=2.846050
xi_k [0.47595393 0.53279722 0.53277309 0.49499144 0.4910745  0.50792599
 0.51084781 0.49646292 0.52529321 0.50558721]
max_exp: -1.0
coe: 10
Regulation [-1. -1. -1. -1. -1. -1. -1. -1. -1. -1.]
Solver status: optimal_inaccurate
b_new: [1. 1. 1. 1. 1. 1. 1. 1. 1. 1.]
Iter 1: obj=51.2371, best_obj=51.2371, ||b_new-b_prev||₂=0.000000
Converged.
Final b: [1. 1. 1. 1. 1. 1. 1. 1. 1. 1.]
<class 'numpy.ndarray'>
b_float: [1. 1. 1. 1. 1. 1. 1. 1. 1. 1.]
b: [1 1 1 1 1 1 1 1 1 1]
active_clients:  [0, 1, 2, 3, 4, 5, 6, 7, 8, 9]
Client 0's s_k are:[0 1 1 1 1 1 1 1 1 1]
Client 1's s_k are:[1 0 1 1 1 1 1 1 1 1]
Client 2's s_k are:[1 1 0 1 1 1 1 1 1 1]
Client 3's s_k are:[1 1 1 0 1 1 1 1 1 1]
Client 4's s_k are:[1 1 1 1 0 1 1 1 1 1]
Client 5's s_k are:[1 1 1 1 1 0 1 1 1 1]
Client 6's s_k are:[1 1 1 1 1 1 0 1 1 1]
Client 7's s_k are:[1 1 1 1 1 1 1 0 1 1]
Client 8's s_k are:[1 1 1 1 1 1 1 1 0 1]
Client 9's s_k are:[1 1 1 1 1 1 1 1 1 0]
| Global Round : 24 | Client :0 | Local Epoch : 0 | [64/573 (12%)]	Loss1: 5.840620 Loss2: 0.000025 
| Global Round : 24 | Client :0 | Local Epoch : 1 | [64/573 (12%)]	Loss1: 5.841147 Loss2: 0.000027 
| Global Round : 24 | Client :0 | Local Epoch : 2 | [64/573 (12%)]	Loss1: 5.841293 Loss2: 0.000027 
| Global Round : 24 | Client :0 | Local Epoch : 3 | [64/573 (12%)]	Loss1: 5.840779 Loss2: 0.000021 
| Global Round : 24 | Client :0 | Local Epoch : 4 | [64/573 (12%)]	Loss1: 5.841745 Loss2: 0.000027 
| Global Round : 24 | Client :1 | Local Epoch : 0 | [64/448 (14%)]	Loss1: 5.843180 Loss2: 0.000017 
| Global Round : 24 | Client :1 | Local Epoch : 1 | [64/448 (14%)]	Loss1: 5.841364 Loss2: 0.000018 
| Global Round : 24 | Client :1 | Local Epoch : 2 | [64/448 (14%)]	Loss1: 5.841644 Loss2: 0.000016 
| Global Round : 24 | Client :1 | Local Epoch : 3 | [64/448 (14%)]	Loss1: 5.842277 Loss2: 0.000016 
| Global Round : 24 | Client :1 | Local Epoch : 4 | [64/448 (14%)]	Loss1: 5.842500 Loss2: 0.000016 
| Global Round : 24 | Client :2 | Local Epoch : 0 | [64/448 (14%)]	Loss1: 5.841655 Loss2: 0.000018 
| Global Round : 24 | Client :2 | Local Epoch : 1 | [64/448 (14%)]	Loss1: 5.843379 Loss2: 0.000017 
| Global Round : 24 | Client :2 | Local Epoch : 2 | [64/448 (14%)]	Loss1: 5.842912 Loss2: 0.000017 
| Global Round : 24 | Client :2 | Local Epoch : 3 | [64/448 (14%)]	Loss1: 5.841688 Loss2: 0.000013 
| Global Round : 24 | Client :2 | Local Epoch : 4 | [64/448 (14%)]	Loss1: 5.842556 Loss2: 0.000012 
| Global Round : 24 | Client :3 | Local Epoch : 0 | [64/620 (11%)]	Loss1: 5.842260 Loss2: 0.000017 
| Global Round : 24 | Client :3 | Local Epoch : 1 | [64/620 (11%)]	Loss1: 5.842542 Loss2: 0.000016 
| Global Round : 24 | Client :3 | Local Epoch : 2 | [64/620 (11%)]	Loss1: 5.843637 Loss2: 0.000020 
| Global Round : 24 | Client :3 | Local Epoch : 3 | [64/620 (11%)]	Loss1: 5.843050 Loss2: 0.000019 
| Global Round : 24 | Client :3 | Local Epoch : 4 | [64/620 (11%)]	Loss1: 5.841336 Loss2: 0.000018 
| Global Round : 24 | Client :4 | Local Epoch : 0 | [64/625 (11%)]	Loss1: 5.840562 Loss2: 0.000019 
| Global Round : 24 | Client :4 | Local Epoch : 1 | [64/625 (11%)]	Loss1: 5.841000 Loss2: 0.000024 
| Global Round : 24 | Client :4 | Local Epoch : 2 | [64/625 (11%)]	Loss1: 5.842657 Loss2: 0.000017 
| Global Round : 24 | Client :4 | Local Epoch : 3 | [64/625 (11%)]	Loss1: 5.842217 Loss2: 0.000022 
| Global Round : 24 | Client :4 | Local Epoch : 4 | [64/625 (11%)]	Loss1: 5.842683 Loss2: 0.000019 
| Global Round : 24 | Client :5 | Local Epoch : 0 | [64/604 (11%)]	Loss1: 5.840762 Loss2: 0.000018 
| Global Round : 24 | Client :5 | Local Epoch : 1 | [64/604 (11%)]	Loss1: 5.840641 Loss2: 0.000022 
| Global Round : 24 | Client :5 | Local Epoch : 2 | [64/604 (11%)]	Loss1: 5.840806 Loss2: 0.000022 
| Global Round : 24 | Client :5 | Local Epoch : 3 | [64/604 (11%)]	Loss1: 5.840467 Loss2: 0.000022 
| Global Round : 24 | Client :5 | Local Epoch : 4 | [64/604 (11%)]	Loss1: 5.839815 Loss2: 0.000020 
| Global Round : 24 | Client :6 | Local Epoch : 0 | [64/534 (12%)]	Loss1: 5.843616 Loss2: 0.000018 
| Global Round : 24 | Client :6 | Local Epoch : 1 | [64/534 (12%)]	Loss1: 5.841808 Loss2: 0.000018 
| Global Round : 24 | Client :6 | Local Epoch : 2 | [64/534 (12%)]	Loss1: 5.842083 Loss2: 0.000016 
| Global Round : 24 | Client :6 | Local Epoch : 3 | [64/534 (12%)]	Loss1: 5.841823 Loss2: 0.000015 
| Global Round : 24 | Client :6 | Local Epoch : 4 | [64/534 (12%)]	Loss1: 5.841837 Loss2: 0.000014 
| Global Round : 24 | Client :7 | Local Epoch : 0 | [64/824 (8%)]	Loss1: 5.841024 Loss2: 0.000022 
| Global Round : 24 | Client :7 | Local Epoch : 0 | [704/824 (92%)]	Loss1: 5.841254 Loss2: 0.000028 
| Global Round : 24 | Client :7 | Local Epoch : 1 | [64/824 (8%)]	Loss1: 5.841302 Loss2: 0.000027 
| Global Round : 24 | Client :7 | Local Epoch : 1 | [704/824 (92%)]	Loss1: 5.842300 Loss2: 0.000027 
| Global Round : 24 | Client :7 | Local Epoch : 2 | [64/824 (8%)]	Loss1: 5.840177 Loss2: 0.000026 
| Global Round : 24 | Client :7 | Local Epoch : 2 | [704/824 (92%)]	Loss1: 5.839842 Loss2: 0.000031 
| Global Round : 24 | Client :7 | Local Epoch : 3 | [64/824 (8%)]	Loss1: 5.840321 Loss2: 0.000027 
| Global Round : 24 | Client :7 | Local Epoch : 3 | [704/824 (92%)]	Loss1: 5.840205 Loss2: 0.000024 
| Global Round : 24 | Client :7 | Local Epoch : 4 | [64/824 (8%)]	Loss1: 5.841150 Loss2: 0.000023 
| Global Round : 24 | Client :7 | Local Epoch : 4 | [704/824 (92%)]	Loss1: 5.840057 Loss2: 0.000031 
| Global Round : 24 | Client :8 | Local Epoch : 0 | [64/714 (9%)]	Loss1: 5.843352 Loss2: 0.000024 
| Global Round : 24 | Client :8 | Local Epoch : 0 | [704/714 (100%)]	Loss1: 5.844429 Loss2: 0.000025 
| Global Round : 24 | Client :8 | Local Epoch : 1 | [64/714 (9%)]	Loss1: 5.841890 Loss2: 0.000026 
| Global Round : 24 | Client :8 | Local Epoch : 1 | [704/714 (100%)]	Loss1: 5.842762 Loss2: 0.000024 
| Global Round : 24 | Client :8 | Local Epoch : 2 | [64/714 (9%)]	Loss1: 5.842313 Loss2: 0.000027 
| Global Round : 24 | Client :8 | Local Epoch : 2 | [704/714 (100%)]	Loss1: 5.842376 Loss2: 0.000024 
| Global Round : 24 | Client :8 | Local Epoch : 3 | [64/714 (9%)]	Loss1: 5.842658 Loss2: 0.000024 
| Global Round : 24 | Client :8 | Local Epoch : 3 | [704/714 (100%)]	Loss1: 5.841905 Loss2: 0.000027 
| Global Round : 24 | Client :8 | Local Epoch : 4 | [64/714 (9%)]	Loss1: 5.841476 Loss2: 0.000022 
| Global Round : 24 | Client :8 | Local Epoch : 4 | [704/714 (100%)]	Loss1: 5.841586 Loss2: 0.000027 
| Global Round : 24 | Client :9 | Local Epoch : 0 | [64/607 (11%)]	Loss1: 5.842649 Loss2: 0.000015 
| Global Round : 24 | Client :9 | Local Epoch : 1 | [64/607 (11%)]	Loss1: 5.842634 Loss2: 0.000021 
| Global Round : 24 | Client :9 | Local Epoch : 2 | [64/607 (11%)]	Loss1: 5.842581 Loss2: 0.000022 
| Global Round : 24 | Client :9 | Local Epoch : 3 | [64/607 (11%)]	Loss1: 5.843534 Loss2: 0.000020 
| Global Round : 24 | Client :9 | Local Epoch : 4 | [64/607 (11%)]	Loss1: 5.843957 Loss2: 0.000014 
average loss:   5.839290090522381
average local test accuracy: 0.819921875
average global test accuracy:  0.601171875

 | Global Training Round : 25 |

xi_k [0.47596096 0.53271932 0.53275777 0.49495682 0.49099016 0.50789794
 0.51084738 0.49646131 0.52528065 0.50556057]
max_exp: -1.0
coe: 10
Regulation [0.8 0.8 0.8 0.8 0.8 0.8 0.8 0.8 0.8 0.8]
Solver status: optimal_inaccurate
b_new: [1. 1. 1. 1. 1. 1. 1. 1. 1. 1.]
Iter 0: obj=50.3343, best_obj=50.3343, ||b_new-b_prev||₂=2.846050
xi_k [0.47596096 0.53271932 0.53275777 0.49495682 0.49099016 0.50789794
 0.51084738 0.49646131 0.52528065 0.50556057]
max_exp: -1.0
coe: 10
Regulation [-1. -1. -1. -1. -1. -1. -1. -1. -1. -1.]
Solver status: optimal_inaccurate
b_new: [1. 1. 1. 1. 1. 1. 1. 1. 1. 1.]
Iter 1: obj=51.2343, best_obj=51.2343, ||b_new-b_prev||₂=0.000000
Converged.
Final b: [1. 1. 1. 1. 1. 1. 1. 1. 1. 1.]
<class 'numpy.ndarray'>
b_float: [1. 1. 1. 1. 1. 1. 1. 1. 1. 1.]
b: [1 1 1 1 1 1 1 1 1 1]
active_clients:  [0, 1, 2, 3, 4, 5, 6, 7, 8, 9]
Client 0's s_k are:[0 1 1 1 1 1 1 1 1 1]
Client 1's s_k are:[1 0 1 1 1 1 1 1 1 1]
Client 2's s_k are:[1 1 0 1 1 1 1 1 1 1]
Client 3's s_k are:[1 1 1 0 1 1 1 1 1 1]
Client 4's s_k are:[1 1 1 1 0 1 1 1 1 1]
Client 5's s_k are:[1 1 1 1 1 0 1 1 1 1]
Client 6's s_k are:[1 1 1 1 1 1 0 1 1 1]
Client 7's s_k are:[1 1 1 1 1 1 1 0 1 1]
Client 8's s_k are:[1 1 1 1 1 1 1 1 0 1]
Client 9's s_k are:[1 1 1 1 1 1 1 1 1 0]
| Global Round : 25 | Client :0 | Local Epoch : 0 | [64/573 (12%)]	Loss1: 5.841011 Loss2: 0.000023 
| Global Round : 25 | Client :0 | Local Epoch : 1 | [64/573 (12%)]	Loss1: 5.840959 Loss2: 0.000023 
| Global Round : 25 | Client :0 | Local Epoch : 2 | [64/573 (12%)]	Loss1: 5.840913 Loss2: 0.000025 
| Global Round : 25 | Client :0 | Local Epoch : 3 | [64/573 (12%)]	Loss1: 5.840531 Loss2: 0.000020 
| Global Round : 25 | Client :0 | Local Epoch : 4 | [64/573 (12%)]	Loss1: 5.840995 Loss2: 0.000022 
| Global Round : 25 | Client :1 | Local Epoch : 0 | [64/448 (14%)]	Loss1: 5.841584 Loss2: 0.000021 
| Global Round : 25 | Client :1 | Local Epoch : 1 | [64/448 (14%)]	Loss1: 5.841613 Loss2: 0.000018 
| Global Round : 25 | Client :1 | Local Epoch : 2 | [64/448 (14%)]	Loss1: 5.842567 Loss2: 0.000017 
| Global Round : 25 | Client :1 | Local Epoch : 3 | [64/448 (14%)]	Loss1: 5.843366 Loss2: 0.000017 
| Global Round : 25 | Client :1 | Local Epoch : 4 | [64/448 (14%)]	Loss1: 5.843297 Loss2: 0.000017 
| Global Round : 25 | Client :2 | Local Epoch : 0 | [64/448 (14%)]	Loss1: 5.842678 Loss2: 0.000018 
| Global Round : 25 | Client :2 | Local Epoch : 1 | [64/448 (14%)]	Loss1: 5.841434 Loss2: 0.000014 
| Global Round : 25 | Client :2 | Local Epoch : 2 | [64/448 (14%)]	Loss1: 5.842517 Loss2: 0.000016 
| Global Round : 25 | Client :2 | Local Epoch : 3 | [64/448 (14%)]	Loss1: 5.842120 Loss2: 0.000015 
| Global Round : 25 | Client :2 | Local Epoch : 4 | [64/448 (14%)]	Loss1: 5.843534 Loss2: 0.000016 
| Global Round : 25 | Client :3 | Local Epoch : 0 | [64/620 (11%)]	Loss1: 5.842334 Loss2: 0.000015 
| Global Round : 25 | Client :3 | Local Epoch : 1 | [64/620 (11%)]	Loss1: 5.843288 Loss2: 0.000019 
| Global Round : 25 | Client :3 | Local Epoch : 2 | [64/620 (11%)]	Loss1: 5.842354 Loss2: 0.000017 
| Global Round : 25 | Client :3 | Local Epoch : 3 | [64/620 (11%)]	Loss1: 5.841718 Loss2: 0.000014 
| Global Round : 25 | Client :3 | Local Epoch : 4 | [64/620 (11%)]	Loss1: 5.841280 Loss2: 0.000018 
| Global Round : 25 | Client :4 | Local Epoch : 0 | [64/625 (11%)]	Loss1: 5.841877 Loss2: 0.000023 
| Global Round : 25 | Client :4 | Local Epoch : 1 | [64/625 (11%)]	Loss1: 5.840963 Loss2: 0.000022 
| Global Round : 25 | Client :4 | Local Epoch : 2 | [64/625 (11%)]	Loss1: 5.841312 Loss2: 0.000020 
| Global Round : 25 | Client :4 | Local Epoch : 3 | [64/625 (11%)]	Loss1: 5.841605 Loss2: 0.000017 
| Global Round : 25 | Client :4 | Local Epoch : 4 | [64/625 (11%)]	Loss1: 5.841015 Loss2: 0.000016 
| Global Round : 25 | Client :5 | Local Epoch : 0 | [64/604 (11%)]	Loss1: 5.840545 Loss2: 0.000021 
| Global Round : 25 | Client :5 | Local Epoch : 1 | [64/604 (11%)]	Loss1: 5.840462 Loss2: 0.000022 
| Global Round : 25 | Client :5 | Local Epoch : 2 | [64/604 (11%)]	Loss1: 5.840639 Loss2: 0.000021 
| Global Round : 25 | Client :5 | Local Epoch : 3 | [64/604 (11%)]	Loss1: 5.840041 Loss2: 0.000019 
| Global Round : 25 | Client :5 | Local Epoch : 4 | [64/604 (11%)]	Loss1: 5.840491 Loss2: 0.000022 
| Global Round : 25 | Client :6 | Local Epoch : 0 | [64/534 (12%)]	Loss1: 5.842288 Loss2: 0.000012 
| Global Round : 25 | Client :6 | Local Epoch : 1 | [64/534 (12%)]	Loss1: 5.842578 Loss2: 0.000014 
| Global Round : 25 | Client :6 | Local Epoch : 2 | [64/534 (12%)]	Loss1: 5.842874 Loss2: 0.000016 
| Global Round : 25 | Client :6 | Local Epoch : 3 | [64/534 (12%)]	Loss1: 5.842428 Loss2: 0.000018 
| Global Round : 25 | Client :6 | Local Epoch : 4 | [64/534 (12%)]	Loss1: 5.842393 Loss2: 0.000017 
| Global Round : 25 | Client :7 | Local Epoch : 0 | [64/824 (8%)]	Loss1: 5.839793 Loss2: 0.000024 
| Global Round : 25 | Client :7 | Local Epoch : 0 | [704/824 (92%)]	Loss1: 5.839737 Loss2: 0.000026 
| Global Round : 25 | Client :7 | Local Epoch : 1 | [64/824 (8%)]	Loss1: 5.839837 Loss2: 0.000030 
| Global Round : 25 | Client :7 | Local Epoch : 1 | [704/824 (92%)]	Loss1: 5.841981 Loss2: 0.000026 
| Global Round : 25 | Client :7 | Local Epoch : 2 | [64/824 (8%)]	Loss1: 5.840953 Loss2: 0.000025 
| Global Round : 25 | Client :7 | Local Epoch : 2 | [704/824 (92%)]	Loss1: 5.840268 Loss2: 0.000027 
| Global Round : 25 | Client :7 | Local Epoch : 3 | [64/824 (8%)]	Loss1: 5.839813 Loss2: 0.000024 
| Global Round : 25 | Client :7 | Local Epoch : 3 | [704/824 (92%)]	Loss1: 5.841699 Loss2: 0.000025 
| Global Round : 25 | Client :7 | Local Epoch : 4 | [64/824 (8%)]	Loss1: 5.841832 Loss2: 0.000030 
| Global Round : 25 | Client :7 | Local Epoch : 4 | [704/824 (92%)]	Loss1: 5.840885 Loss2: 0.000026 
| Global Round : 25 | Client :8 | Local Epoch : 0 | [64/714 (9%)]	Loss1: 5.842235 Loss2: 0.000027 
| Global Round : 25 | Client :8 | Local Epoch : 0 | [704/714 (100%)]	Loss1: 5.842917 Loss2: 0.000023 
| Global Round : 25 | Client :8 | Local Epoch : 1 | [64/714 (9%)]	Loss1: 5.842348 Loss2: 0.000023 
| Global Round : 25 | Client :8 | Local Epoch : 1 | [704/714 (100%)]	Loss1: 5.842980 Loss2: 0.000022 
| Global Round : 25 | Client :8 | Local Epoch : 2 | [64/714 (9%)]	Loss1: 5.841982 Loss2: 0.000019 
| Global Round : 25 | Client :8 | Local Epoch : 2 | [704/714 (100%)]	Loss1: 5.842660 Loss2: 0.000023 
| Global Round : 25 | Client :8 | Local Epoch : 3 | [64/714 (9%)]	Loss1: 5.841046 Loss2: 0.000023 
| Global Round : 25 | Client :8 | Local Epoch : 3 | [704/714 (100%)]	Loss1: 5.841545 Loss2: 0.000024 
| Global Round : 25 | Client :8 | Local Epoch : 4 | [64/714 (9%)]	Loss1: 5.841427 Loss2: 0.000020 
| Global Round : 25 | Client :8 | Local Epoch : 4 | [704/714 (100%)]	Loss1: 5.842193 Loss2: 0.000027 
| Global Round : 25 | Client :9 | Local Epoch : 0 | [64/607 (11%)]	Loss1: 5.843080 Loss2: 0.000018 
| Global Round : 25 | Client :9 | Local Epoch : 1 | [64/607 (11%)]	Loss1: 5.842443 Loss2: 0.000018 
| Global Round : 25 | Client :9 | Local Epoch : 2 | [64/607 (11%)]	Loss1: 5.841919 Loss2: 0.000017 
| Global Round : 25 | Client :9 | Local Epoch : 3 | [64/607 (11%)]	Loss1: 5.843976 Loss2: 0.000018 
| Global Round : 25 | Client :9 | Local Epoch : 4 | [64/607 (11%)]	Loss1: 5.843472 Loss2: 0.000016 
average loss:   5.83930206683291
average local test accuracy: 0.8243489583333332
average global test accuracy:  0.618359375

 | Global Training Round : 26 |

xi_k [0.47596641 0.53273436 0.53278547 0.49497314 0.4909881  0.50787113
 0.5107791  0.49640446 0.52527031 0.50558211]
max_exp: -1.0
coe: 10
Regulation [0.8 0.8 0.8 0.8 0.8 0.8 0.8 0.8 0.8 0.8]
Solver status: optimal_inaccurate
b_new: [1. 1. 1. 1. 1. 1. 1. 1. 1. 1.]
Iter 0: obj=50.3335, best_obj=50.3335, ||b_new-b_prev||₂=2.846050
xi_k [0.47596641 0.53273436 0.53278547 0.49497314 0.4909881  0.50787113
 0.5107791  0.49640446 0.52527031 0.50558211]
max_exp: -1.0
coe: 10
Regulation [-1. -1. -1. -1. -1. -1. -1. -1. -1. -1.]
Solver status: optimal_inaccurate
b_new: [1. 1. 1. 1. 1. 1. 1. 1. 1. 1.]
Iter 1: obj=51.2335, best_obj=51.2335, ||b_new-b_prev||₂=0.000000
Converged.
Final b: [1. 1. 1. 1. 1. 1. 1. 1. 1. 1.]
<class 'numpy.ndarray'>
b_float: [1. 1. 1. 1. 1. 1. 1. 1. 1. 1.]
b: [1 1 1 1 1 1 1 1 1 1]
active_clients:  [0, 1, 2, 3, 4, 5, 6, 7, 8, 9]
Client 0's s_k are:[0 1 1 1 1 1 1 1 1 1]
Client 1's s_k are:[1 0 1 1 1 1 1 1 1 1]
Client 2's s_k are:[1 1 0 1 1 1 1 1 1 1]
Client 3's s_k are:[1 1 1 0 1 1 1 1 1 1]
Client 4's s_k are:[1 1 1 1 0 1 1 1 1 1]
Client 5's s_k are:[1 1 1 1 1 0 1 1 1 1]
Client 6's s_k are:[1 1 1 1 1 1 0 1 1 1]
Client 7's s_k are:[1 1 1 1 1 1 1 0 1 1]
Client 8's s_k are:[1 1 1 1 1 1 1 1 0 1]
Client 9's s_k are:[1 1 1 1 1 1 1 1 1 0]
| Global Round : 26 | Client :0 | Local Epoch : 0 | [64/573 (12%)]	Loss1: 5.841075 Loss2: 0.000023 
| Global Round : 26 | Client :0 | Local Epoch : 1 | [64/573 (12%)]	Loss1: 5.841409 Loss2: 0.000024 
| Global Round : 26 | Client :0 | Local Epoch : 2 | [64/573 (12%)]	Loss1: 5.840304 Loss2: 0.000026 
| Global Round : 26 | Client :0 | Local Epoch : 3 | [64/573 (12%)]	Loss1: 5.841275 Loss2: 0.000021 
| Global Round : 26 | Client :0 | Local Epoch : 4 | [64/573 (12%)]	Loss1: 5.840061 Loss2: 0.000021 
| Global Round : 26 | Client :1 | Local Epoch : 0 | [64/448 (14%)]	Loss1: 5.841137 Loss2: 0.000024 
| Global Round : 26 | Client :1 | Local Epoch : 1 | [64/448 (14%)]	Loss1: 5.842604 Loss2: 0.000016 
| Global Round : 26 | Client :1 | Local Epoch : 2 | [64/448 (14%)]	Loss1: 5.842001 Loss2: 0.000018 
| Global Round : 26 | Client :1 | Local Epoch : 3 | [64/448 (14%)]	Loss1: 5.842805 Loss2: 0.000017 
| Global Round : 26 | Client :1 | Local Epoch : 4 | [64/448 (14%)]	Loss1: 5.841618 Loss2: 0.000019 
| Global Round : 26 | Client :2 | Local Epoch : 0 | [64/448 (14%)]	Loss1: 5.842231 Loss2: 0.000015 
| Global Round : 26 | Client :2 | Local Epoch : 1 | [64/448 (14%)]	Loss1: 5.842331 Loss2: 0.000016 
| Global Round : 26 | Client :2 | Local Epoch : 2 | [64/448 (14%)]	Loss1: 5.843013 Loss2: 0.000018 
| Global Round : 26 | Client :2 | Local Epoch : 3 | [64/448 (14%)]	Loss1: 5.841953 Loss2: 0.000015 
| Global Round : 26 | Client :2 | Local Epoch : 4 | [64/448 (14%)]	Loss1: 5.841958 Loss2: 0.000014 
| Global Round : 26 | Client :3 | Local Epoch : 0 | [64/620 (11%)]	Loss1: 5.841386 Loss2: 0.000017 
| Global Round : 26 | Client :3 | Local Epoch : 1 | [64/620 (11%)]	Loss1: 5.841707 Loss2: 0.000017 
| Global Round : 26 | Client :3 | Local Epoch : 2 | [64/620 (11%)]	Loss1: 5.842625 Loss2: 0.000019 
| Global Round : 26 | Client :3 | Local Epoch : 3 | [64/620 (11%)]	Loss1: 5.842794 Loss2: 0.000017 
| Global Round : 26 | Client :3 | Local Epoch : 4 | [64/620 (11%)]	Loss1: 5.840774 Loss2: 0.000018 
| Global Round : 26 | Client :4 | Local Epoch : 0 | [64/625 (11%)]	Loss1: 5.843693 Loss2: 0.000022 
| Global Round : 26 | Client :4 | Local Epoch : 1 | [64/625 (11%)]	Loss1: 5.842759 Loss2: 0.000017 
| Global Round : 26 | Client :4 | Local Epoch : 2 | [64/625 (11%)]	Loss1: 5.841697 Loss2: 0.000025 
| Global Round : 26 | Client :4 | Local Epoch : 3 | [64/625 (11%)]	Loss1: 5.840509 Loss2: 0.000023 
| Global Round : 26 | Client :4 | Local Epoch : 4 | [64/625 (11%)]	Loss1: 5.841360 Loss2: 0.000022 
| Global Round : 26 | Client :5 | Local Epoch : 0 | [64/604 (11%)]	Loss1: 5.840445 Loss2: 0.000021 
| Global Round : 26 | Client :5 | Local Epoch : 1 | [64/604 (11%)]	Loss1: 5.840455 Loss2: 0.000024 
| Global Round : 26 | Client :5 | Local Epoch : 2 | [64/604 (11%)]	Loss1: 5.841062 Loss2: 0.000024 
| Global Round : 26 | Client :5 | Local Epoch : 3 | [64/604 (11%)]	Loss1: 5.840745 Loss2: 0.000022 
| Global Round : 26 | Client :5 | Local Epoch : 4 | [64/604 (11%)]	Loss1: 5.839971 Loss2: 0.000022 
| Global Round : 26 | Client :6 | Local Epoch : 0 | [64/534 (12%)]	Loss1: 5.841805 Loss2: 0.000019 
| Global Round : 26 | Client :6 | Local Epoch : 1 | [64/534 (12%)]	Loss1: 5.842819 Loss2: 0.000012 
| Global Round : 26 | Client :6 | Local Epoch : 2 | [64/534 (12%)]	Loss1: 5.842040 Loss2: 0.000017 
| Global Round : 26 | Client :6 | Local Epoch : 3 | [64/534 (12%)]	Loss1: 5.841829 Loss2: 0.000013 
| Global Round : 26 | Client :6 | Local Epoch : 4 | [64/534 (12%)]	Loss1: 5.841774 Loss2: 0.000014 
| Global Round : 26 | Client :7 | Local Epoch : 0 | [64/824 (8%)]	Loss1: 5.840866 Loss2: 0.000028 
| Global Round : 26 | Client :7 | Local Epoch : 0 | [704/824 (92%)]	Loss1: 5.841123 Loss2: 0.000030 
| Global Round : 26 | Client :7 | Local Epoch : 1 | [64/824 (8%)]	Loss1: 5.840663 Loss2: 0.000026 
| Global Round : 26 | Client :7 | Local Epoch : 1 | [704/824 (92%)]	Loss1: 5.840379 Loss2: 0.000029 
| Global Round : 26 | Client :7 | Local Epoch : 2 | [64/824 (8%)]	Loss1: 5.840178 Loss2: 0.000024 
| Global Round : 26 | Client :7 | Local Epoch : 2 | [704/824 (92%)]	Loss1: 5.840473 Loss2: 0.000028 
| Global Round : 26 | Client :7 | Local Epoch : 3 | [64/824 (8%)]	Loss1: 5.840516 Loss2: 0.000028 
| Global Round : 26 | Client :7 | Local Epoch : 3 | [704/824 (92%)]	Loss1: 5.840709 Loss2: 0.000027 
| Global Round : 26 | Client :7 | Local Epoch : 4 | [64/824 (8%)]	Loss1: 5.841479 Loss2: 0.000025 
| Global Round : 26 | Client :7 | Local Epoch : 4 | [704/824 (92%)]	Loss1: 5.839809 Loss2: 0.000035 
| Global Round : 26 | Client :8 | Local Epoch : 0 | [64/714 (9%)]	Loss1: 5.843066 Loss2: 0.000028 
| Global Round : 26 | Client :8 | Local Epoch : 0 | [704/714 (100%)]	Loss1: 5.842025 Loss2: 0.000022 
| Global Round : 26 | Client :8 | Local Epoch : 1 | [64/714 (9%)]	Loss1: 5.841604 Loss2: 0.000025 
| Global Round : 26 | Client :8 | Local Epoch : 1 | [704/714 (100%)]	Loss1: 5.842077 Loss2: 0.000019 
| Global Round : 26 | Client :8 | Local Epoch : 2 | [64/714 (9%)]	Loss1: 5.842523 Loss2: 0.000021 
| Global Round : 26 | Client :8 | Local Epoch : 2 | [704/714 (100%)]	Loss1: 5.841918 Loss2: 0.000024 
| Global Round : 26 | Client :8 | Local Epoch : 3 | [64/714 (9%)]	Loss1: 5.841407 Loss2: 0.000023 
| Global Round : 26 | Client :8 | Local Epoch : 3 | [704/714 (100%)]	Loss1: 5.842346 Loss2: 0.000024 
| Global Round : 26 | Client :8 | Local Epoch : 4 | [64/714 (9%)]	Loss1: 5.840635 Loss2: 0.000021 
| Global Round : 26 | Client :8 | Local Epoch : 4 | [704/714 (100%)]	Loss1: 5.841456 Loss2: 0.000025 
| Global Round : 26 | Client :9 | Local Epoch : 0 | [64/607 (11%)]	Loss1: 5.842572 Loss2: 0.000017 
| Global Round : 26 | Client :9 | Local Epoch : 1 | [64/607 (11%)]	Loss1: 5.841740 Loss2: 0.000022 
| Global Round : 26 | Client :9 | Local Epoch : 2 | [64/607 (11%)]	Loss1: 5.841918 Loss2: 0.000017 
| Global Round : 26 | Client :9 | Local Epoch : 3 | [64/607 (11%)]	Loss1: 5.841145 Loss2: 0.000016 
| Global Round : 26 | Client :9 | Local Epoch : 4 | [64/607 (11%)]	Loss1: 5.842979 Loss2: 0.000017 
average loss:   5.839179545271104
average local test accuracy: 0.81953125
average global test accuracy:  0.618359375

 | Global Training Round : 27 |

xi_k [0.47596512 0.53272641 0.53269355 0.4949543  0.49095344 0.50788506
 0.51078291 0.4964263  0.52520675 0.50554835]
max_exp: -1.0
coe: 10
Regulation [0.8 0.8 0.8 0.8 0.8 0.8 0.8 0.8 0.8 0.8]
Solver status: optimal_inaccurate
b_new: [1. 1. 1. 1. 1. 1. 1. 1. 1. 1.]
Iter 0: obj=50.3314, best_obj=50.3314, ||b_new-b_prev||₂=2.846050
xi_k [0.47596512 0.53272641 0.53269355 0.4949543  0.49095344 0.50788506
 0.51078291 0.4964263  0.52520675 0.50554835]
max_exp: -1.0
coe: 10
Regulation [-1. -1. -1. -1. -1. -1. -1. -1. -1. -1.]
Solver status: optimal_inaccurate
b_new: [1. 1. 1. 1. 1. 1. 1. 1. 1. 1.]
Iter 1: obj=51.2314, best_obj=51.2314, ||b_new-b_prev||₂=0.000000
Converged.
Final b: [1. 1. 1. 1. 1. 1. 1. 1. 1. 1.]
<class 'numpy.ndarray'>
b_float: [1. 1. 1. 1. 1. 1. 1. 1. 1. 1.]
b: [1 1 1 1 1 1 1 1 1 1]
active_clients:  [0, 1, 2, 3, 4, 5, 6, 7, 8, 9]
Client 0's s_k are:[0 1 1 1 1 1 1 1 1 1]
Client 1's s_k are:[1 0 1 1 1 1 1 1 1 1]
Client 2's s_k are:[1 1 0 1 1 1 1 1 1 1]
Client 3's s_k are:[1 1 1 0 1 1 1 1 1 1]
Client 4's s_k are:[1 1 1 1 0 1 1 1 1 1]
Client 5's s_k are:[1 1 1 1 1 0 1 1 1 1]
Client 6's s_k are:[1 1 1 1 1 1 0 1 1 1]
Client 7's s_k are:[1 1 1 1 1 1 1 0 1 1]
Client 8's s_k are:[1 1 1 1 1 1 1 1 0 1]
Client 9's s_k are:[1 1 1 1 1 1 1 1 1 0]
| Global Round : 27 | Client :0 | Local Epoch : 0 | [64/573 (12%)]	Loss1: 5.840225 Loss2: 0.000028 
| Global Round : 27 | Client :0 | Local Epoch : 1 | [64/573 (12%)]	Loss1: 5.841591 Loss2: 0.000025 
| Global Round : 27 | Client :0 | Local Epoch : 2 | [64/573 (12%)]	Loss1: 5.842335 Loss2: 0.000025 
| Global Round : 27 | Client :0 | Local Epoch : 3 | [64/573 (12%)]	Loss1: 5.840250 Loss2: 0.000027 
| Global Round : 27 | Client :0 | Local Epoch : 4 | [64/573 (12%)]	Loss1: 5.840183 Loss2: 0.000024 
| Global Round : 27 | Client :1 | Local Epoch : 0 | [64/448 (14%)]	Loss1: 5.841540 Loss2: 0.000017 
| Global Round : 27 | Client :1 | Local Epoch : 1 | [64/448 (14%)]	Loss1: 5.841852 Loss2: 0.000017 
| Global Round : 27 | Client :1 | Local Epoch : 2 | [64/448 (14%)]	Loss1: 5.841715 Loss2: 0.000017 
| Global Round : 27 | Client :1 | Local Epoch : 3 | [64/448 (14%)]	Loss1: 5.841130 Loss2: 0.000019 
| Global Round : 27 | Client :1 | Local Epoch : 4 | [64/448 (14%)]	Loss1: 5.841444 Loss2: 0.000018 
| Global Round : 27 | Client :2 | Local Epoch : 0 | [64/448 (14%)]	Loss1: 5.841033 Loss2: 0.000013 
| Global Round : 27 | Client :2 | Local Epoch : 1 | [64/448 (14%)]	Loss1: 5.842139 Loss2: 0.000013 
| Global Round : 27 | Client :2 | Local Epoch : 2 | [64/448 (14%)]	Loss1: 5.841760 Loss2: 0.000016 
| Global Round : 27 | Client :2 | Local Epoch : 3 | [64/448 (14%)]	Loss1: 5.842874 Loss2: 0.000018 
| Global Round : 27 | Client :2 | Local Epoch : 4 | [64/448 (14%)]	Loss1: 5.842162 Loss2: 0.000015 
| Global Round : 27 | Client :3 | Local Epoch : 0 | [64/620 (11%)]	Loss1: 5.842235 Loss2: 0.000021 
| Global Round : 27 | Client :3 | Local Epoch : 1 | [64/620 (11%)]	Loss1: 5.841362 Loss2: 0.000016 
| Global Round : 27 | Client :3 | Local Epoch : 2 | [64/620 (11%)]	Loss1: 5.842110 Loss2: 0.000017 
| Global Round : 27 | Client :3 | Local Epoch : 3 | [64/620 (11%)]	Loss1: 5.841352 Loss2: 0.000015 
| Global Round : 27 | Client :3 | Local Epoch : 4 | [64/620 (11%)]	Loss1: 5.841316 Loss2: 0.000015 
| Global Round : 27 | Client :4 | Local Epoch : 0 | [64/625 (11%)]	Loss1: 5.840743 Loss2: 0.000022 
| Global Round : 27 | Client :4 | Local Epoch : 1 | [64/625 (11%)]	Loss1: 5.842421 Loss2: 0.000024 
| Global Round : 27 | Client :4 | Local Epoch : 2 | [64/625 (11%)]	Loss1: 5.841140 Loss2: 0.000025 
| Global Round : 27 | Client :4 | Local Epoch : 3 | [64/625 (11%)]	Loss1: 5.841125 Loss2: 0.000022 
| Global Round : 27 | Client :4 | Local Epoch : 4 | [64/625 (11%)]	Loss1: 5.841499 Loss2: 0.000025 
| Global Round : 27 | Client :5 | Local Epoch : 0 | [64/604 (11%)]	Loss1: 5.840590 Loss2: 0.000022 
| Global Round : 27 | Client :5 | Local Epoch : 1 | [64/604 (11%)]	Loss1: 5.840875 Loss2: 0.000022 
| Global Round : 27 | Client :5 | Local Epoch : 2 | [64/604 (11%)]	Loss1: 5.841297 Loss2: 0.000021 
| Global Round : 27 | Client :5 | Local Epoch : 3 | [64/604 (11%)]	Loss1: 5.840680 Loss2: 0.000023 
| Global Round : 27 | Client :5 | Local Epoch : 4 | [64/604 (11%)]	Loss1: 5.840296 Loss2: 0.000018 
| Global Round : 27 | Client :6 | Local Epoch : 0 | [64/534 (12%)]	Loss1: 5.843960 Loss2: 0.000018 
| Global Round : 27 | Client :6 | Local Epoch : 1 | [64/534 (12%)]	Loss1: 5.841517 Loss2: 0.000014 
| Global Round : 27 | Client :6 | Local Epoch : 2 | [64/534 (12%)]	Loss1: 5.843006 Loss2: 0.000015 
| Global Round : 27 | Client :6 | Local Epoch : 3 | [64/534 (12%)]	Loss1: 5.841119 Loss2: 0.000017 
| Global Round : 27 | Client :6 | Local Epoch : 4 | [64/534 (12%)]	Loss1: 5.842548 Loss2: 0.000014 
| Global Round : 27 | Client :7 | Local Epoch : 0 | [64/824 (8%)]	Loss1: 5.841026 Loss2: 0.000030 
| Global Round : 27 | Client :7 | Local Epoch : 0 | [704/824 (92%)]	Loss1: 5.839639 Loss2: 0.000032 
| Global Round : 27 | Client :7 | Local Epoch : 1 | [64/824 (8%)]	Loss1: 5.840295 Loss2: 0.000024 
| Global Round : 27 | Client :7 | Local Epoch : 1 | [704/824 (92%)]	Loss1: 5.840949 Loss2: 0.000024 
| Global Round : 27 | Client :7 | Local Epoch : 2 | [64/824 (8%)]	Loss1: 5.840244 Loss2: 0.000025 
| Global Round : 27 | Client :7 | Local Epoch : 2 | [704/824 (92%)]	Loss1: 5.839890 Loss2: 0.000029 
| Global Round : 27 | Client :7 | Local Epoch : 3 | [64/824 (8%)]	Loss1: 5.839506 Loss2: 0.000027 
| Global Round : 27 | Client :7 | Local Epoch : 3 | [704/824 (92%)]	Loss1: 5.840755 Loss2: 0.000023 
| Global Round : 27 | Client :7 | Local Epoch : 4 | [64/824 (8%)]	Loss1: 5.840477 Loss2: 0.000028 
| Global Round : 27 | Client :7 | Local Epoch : 4 | [704/824 (92%)]	Loss1: 5.840283 Loss2: 0.000024 
| Global Round : 27 | Client :8 | Local Epoch : 0 | [64/714 (9%)]	Loss1: 5.840932 Loss2: 0.000024 
| Global Round : 27 | Client :8 | Local Epoch : 0 | [704/714 (100%)]	Loss1: 5.841828 Loss2: 0.000023 
| Global Round : 27 | Client :8 | Local Epoch : 1 | [64/714 (9%)]	Loss1: 5.841158 Loss2: 0.000024 
| Global Round : 27 | Client :8 | Local Epoch : 1 | [704/714 (100%)]	Loss1: 5.841778 Loss2: 0.000021 
| Global Round : 27 | Client :8 | Local Epoch : 2 | [64/714 (9%)]	Loss1: 5.841698 Loss2: 0.000023 
| Global Round : 27 | Client :8 | Local Epoch : 2 | [704/714 (100%)]	Loss1: 5.843079 Loss2: 0.000021 
| Global Round : 27 | Client :8 | Local Epoch : 3 | [64/714 (9%)]	Loss1: 5.841908 Loss2: 0.000021 
| Global Round : 27 | Client :8 | Local Epoch : 3 | [704/714 (100%)]	Loss1: 5.841052 Loss2: 0.000028 
| Global Round : 27 | Client :8 | Local Epoch : 4 | [64/714 (9%)]	Loss1: 5.841344 Loss2: 0.000023 
| Global Round : 27 | Client :8 | Local Epoch : 4 | [704/714 (100%)]	Loss1: 5.842128 Loss2: 0.000022 
| Global Round : 27 | Client :9 | Local Epoch : 0 | [64/607 (11%)]	Loss1: 5.844639 Loss2: 0.000019 
| Global Round : 27 | Client :9 | Local Epoch : 1 | [64/607 (11%)]	Loss1: 5.843239 Loss2: 0.000013 
| Global Round : 27 | Client :9 | Local Epoch : 2 | [64/607 (11%)]	Loss1: 5.843231 Loss2: 0.000016 
| Global Round : 27 | Client :9 | Local Epoch : 3 | [64/607 (11%)]	Loss1: 5.842873 Loss2: 0.000020 
| Global Round : 27 | Client :9 | Local Epoch : 4 | [64/607 (11%)]	Loss1: 5.842256 Loss2: 0.000021 
average loss:   5.839201503501826
average local test accuracy: 0.8147135416666668
average global test accuracy:  0.662109375

 | Global Training Round : 28 |

xi_k [0.47595239 0.53273565 0.53269731 0.49493987 0.49095698 0.50785692
 0.5107369  0.49645071 0.5252761  0.50554091]
max_exp: -1.0
coe: 10
Regulation [0.8 0.8 0.8 0.8 0.8 0.8 0.8 0.8 0.8 0.8]
Solver status: optimal_inaccurate
b_new: [1. 1. 1. 1. 1. 1. 1. 1. 1. 1.]
Iter 0: obj=50.3314, best_obj=50.3314, ||b_new-b_prev||₂=2.846050
xi_k [0.47595239 0.53273565 0.53269731 0.49493987 0.49095698 0.50785692
 0.5107369  0.49645071 0.5252761  0.50554091]
max_exp: -1.0
coe: 10
Regulation [-1. -1. -1. -1. -1. -1. -1. -1. -1. -1.]
Solver status: optimal_inaccurate
b_new: [1. 1. 1. 1. 1. 1. 1. 1. 1. 1.]
Iter 1: obj=51.2314, best_obj=51.2314, ||b_new-b_prev||₂=0.000000
Converged.
Final b: [1. 1. 1. 1. 1. 1. 1. 1. 1. 1.]
<class 'numpy.ndarray'>
b_float: [1. 1. 1. 1. 1. 1. 1. 1. 1. 1.]
b: [1 1 1 1 1 1 1 1 1 1]
active_clients:  [0, 1, 2, 3, 4, 5, 6, 7, 8, 9]
Client 0's s_k are:[0 1 1 1 1 1 1 1 1 1]
Client 1's s_k are:[1 0 1 1 1 1 1 1 1 1]
Client 2's s_k are:[1 1 0 1 1 1 1 1 1 1]
Client 3's s_k are:[1 1 1 0 1 1 1 1 1 1]
Client 4's s_k are:[1 1 1 1 0 1 1 1 1 1]
Client 5's s_k are:[1 1 1 1 1 0 1 1 1 1]
Client 6's s_k are:[1 1 1 1 1 1 0 1 1 1]
Client 7's s_k are:[1 1 1 1 1 1 1 0 1 1]
Client 8's s_k are:[1 1 1 1 1 1 1 1 0 1]
Client 9's s_k are:[1 1 1 1 1 1 1 1 1 0]
| Global Round : 28 | Client :0 | Local Epoch : 0 | [64/573 (12%)]	Loss1: 5.840970 Loss2: 0.000020 
| Global Round : 28 | Client :0 | Local Epoch : 1 | [64/573 (12%)]	Loss1: 5.841236 Loss2: 0.000028 
| Global Round : 28 | Client :0 | Local Epoch : 2 | [64/573 (12%)]	Loss1: 5.841443 Loss2: 0.000024 
| Global Round : 28 | Client :0 | Local Epoch : 3 | [64/573 (12%)]	Loss1: 5.842349 Loss2: 0.000023 
| Global Round : 28 | Client :0 | Local Epoch : 4 | [64/573 (12%)]	Loss1: 5.841055 Loss2: 0.000025 
| Global Round : 28 | Client :1 | Local Epoch : 0 | [64/448 (14%)]	Loss1: 5.841895 Loss2: 0.000015 
| Global Round : 28 | Client :1 | Local Epoch : 1 | [64/448 (14%)]	Loss1: 5.843753 Loss2: 0.000020 
| Global Round : 28 | Client :1 | Local Epoch : 2 | [64/448 (14%)]	Loss1: 5.841653 Loss2: 0.000020 
| Global Round : 28 | Client :1 | Local Epoch : 3 | [64/448 (14%)]	Loss1: 5.841572 Loss2: 0.000021 
| Global Round : 28 | Client :1 | Local Epoch : 4 | [64/448 (14%)]	Loss1: 5.843166 Loss2: 0.000021 
| Global Round : 28 | Client :2 | Local Epoch : 0 | [64/448 (14%)]	Loss1: 5.841710 Loss2: 0.000016 
| Global Round : 28 | Client :2 | Local Epoch : 1 | [64/448 (14%)]	Loss1: 5.841475 Loss2: 0.000012 
| Global Round : 28 | Client :2 | Local Epoch : 2 | [64/448 (14%)]	Loss1: 5.842935 Loss2: 0.000013 
| Global Round : 28 | Client :2 | Local Epoch : 3 | [64/448 (14%)]	Loss1: 5.841849 Loss2: 0.000017 
| Global Round : 28 | Client :2 | Local Epoch : 4 | [64/448 (14%)]	Loss1: 5.843322 Loss2: 0.000014 
| Global Round : 28 | Client :3 | Local Epoch : 0 | [64/620 (11%)]	Loss1: 5.841691 Loss2: 0.000018 
| Global Round : 28 | Client :3 | Local Epoch : 1 | [64/620 (11%)]	Loss1: 5.843327 Loss2: 0.000017 
| Global Round : 28 | Client :3 | Local Epoch : 2 | [64/620 (11%)]	Loss1: 5.841528 Loss2: 0.000020 
| Global Round : 28 | Client :3 | Local Epoch : 3 | [64/620 (11%)]	Loss1: 5.840695 Loss2: 0.000016 
| Global Round : 28 | Client :3 | Local Epoch : 4 | [64/620 (11%)]	Loss1: 5.840869 Loss2: 0.000023 
| Global Round : 28 | Client :4 | Local Epoch : 0 | [64/625 (11%)]	Loss1: 5.841487 Loss2: 0.000022 
| Global Round : 28 | Client :4 | Local Epoch : 1 | [64/625 (11%)]	Loss1: 5.842453 Loss2: 0.000022 
| Global Round : 28 | Client :4 | Local Epoch : 2 | [64/625 (11%)]	Loss1: 5.841702 Loss2: 0.000015 
| Global Round : 28 | Client :4 | Local Epoch : 3 | [64/625 (11%)]	Loss1: 5.841149 Loss2: 0.000018 
| Global Round : 28 | Client :4 | Local Epoch : 4 | [64/625 (11%)]	Loss1: 5.843616 Loss2: 0.000023 
| Global Round : 28 | Client :5 | Local Epoch : 0 | [64/604 (11%)]	Loss1: 5.839935 Loss2: 0.000022 
| Global Round : 28 | Client :5 | Local Epoch : 1 | [64/604 (11%)]	Loss1: 5.840823 Loss2: 0.000021 
| Global Round : 28 | Client :5 | Local Epoch : 2 | [64/604 (11%)]	Loss1: 5.840296 Loss2: 0.000019 
| Global Round : 28 | Client :5 | Local Epoch : 3 | [64/604 (11%)]	Loss1: 5.840495 Loss2: 0.000024 
| Global Round : 28 | Client :5 | Local Epoch : 4 | [64/604 (11%)]	Loss1: 5.841208 Loss2: 0.000021 
| Global Round : 28 | Client :6 | Local Epoch : 0 | [64/534 (12%)]	Loss1: 5.841116 Loss2: 0.000015 
| Global Round : 28 | Client :6 | Local Epoch : 1 | [64/534 (12%)]	Loss1: 5.841649 Loss2: 0.000013 
| Global Round : 28 | Client :6 | Local Epoch : 2 | [64/534 (12%)]	Loss1: 5.842337 Loss2: 0.000022 
| Global Round : 28 | Client :6 | Local Epoch : 3 | [64/534 (12%)]	Loss1: 5.842129 Loss2: 0.000015 
| Global Round : 28 | Client :6 | Local Epoch : 4 | [64/534 (12%)]	Loss1: 5.841496 Loss2: 0.000018 
| Global Round : 28 | Client :7 | Local Epoch : 0 | [64/824 (8%)]	Loss1: 5.840378 Loss2: 0.000025 
| Global Round : 28 | Client :7 | Local Epoch : 0 | [704/824 (92%)]	Loss1: 5.841207 Loss2: 0.000024 
| Global Round : 28 | Client :7 | Local Epoch : 1 | [64/824 (8%)]	Loss1: 5.841694 Loss2: 0.000025 
| Global Round : 28 | Client :7 | Local Epoch : 1 | [704/824 (92%)]	Loss1: 5.840691 Loss2: 0.000025 
| Global Round : 28 | Client :7 | Local Epoch : 2 | [64/824 (8%)]	Loss1: 5.840464 Loss2: 0.000025 
| Global Round : 28 | Client :7 | Local Epoch : 2 | [704/824 (92%)]	Loss1: 5.840722 Loss2: 0.000021 
| Global Round : 28 | Client :7 | Local Epoch : 3 | [64/824 (8%)]	Loss1: 5.840099 Loss2: 0.000023 
| Global Round : 28 | Client :7 | Local Epoch : 3 | [704/824 (92%)]	Loss1: 5.839723 Loss2: 0.000029 
| Global Round : 28 | Client :7 | Local Epoch : 4 | [64/824 (8%)]	Loss1: 5.841350 Loss2: 0.000026 
| Global Round : 28 | Client :7 | Local Epoch : 4 | [704/824 (92%)]	Loss1: 5.841517 Loss2: 0.000022 
| Global Round : 28 | Client :8 | Local Epoch : 0 | [64/714 (9%)]	Loss1: 5.839975 Loss2: 0.000019 
| Global Round : 28 | Client :8 | Local Epoch : 0 | [704/714 (100%)]	Loss1: 5.841683 Loss2: 0.000023 
| Global Round : 28 | Client :8 | Local Epoch : 1 | [64/714 (9%)]	Loss1: 5.841497 Loss2: 0.000020 
| Global Round : 28 | Client :8 | Local Epoch : 1 | [704/714 (100%)]	Loss1: 5.842018 Loss2: 0.000023 
| Global Round : 28 | Client :8 | Local Epoch : 2 | [64/714 (9%)]	Loss1: 5.841115 Loss2: 0.000024 
| Global Round : 28 | Client :8 | Local Epoch : 2 | [704/714 (100%)]	Loss1: 5.842247 Loss2: 0.000022 
| Global Round : 28 | Client :8 | Local Epoch : 3 | [64/714 (9%)]	Loss1: 5.842269 Loss2: 0.000022 
| Global Round : 28 | Client :8 | Local Epoch : 3 | [704/714 (100%)]	Loss1: 5.841749 Loss2: 0.000029 
| Global Round : 28 | Client :8 | Local Epoch : 4 | [64/714 (9%)]	Loss1: 5.841539 Loss2: 0.000021 
| Global Round : 28 | Client :8 | Local Epoch : 4 | [704/714 (100%)]	Loss1: 5.841976 Loss2: 0.000031 
| Global Round : 28 | Client :9 | Local Epoch : 0 | [64/607 (11%)]	Loss1: 5.842511 Loss2: 0.000016 
| Global Round : 28 | Client :9 | Local Epoch : 1 | [64/607 (11%)]	Loss1: 5.842473 Loss2: 0.000022 
| Global Round : 28 | Client :9 | Local Epoch : 2 | [64/607 (11%)]	Loss1: 5.843747 Loss2: 0.000017 
| Global Round : 28 | Client :9 | Local Epoch : 3 | [64/607 (11%)]	Loss1: 5.841520 Loss2: 0.000015 
| Global Round : 28 | Client :9 | Local Epoch : 4 | [64/607 (11%)]	Loss1: 5.842164 Loss2: 0.000017 
average loss:   5.839076365958388
average local test accuracy: 0.8296875
average global test accuracy:  0.637109375

 | Global Training Round : 29 |

xi_k [0.47590607 0.53273596 0.53271824 0.494903   0.49091773 0.50789579
 0.51072711 0.49645318 0.52520441 0.50553777]
max_exp: -1.0
coe: 10
Regulation [0.8 0.8 0.8 0.8 0.8 0.8 0.8 0.8 0.8 0.8]
Solver status: optimal_inaccurate
b_new: [1. 1. 1. 1. 1. 1. 1. 1. 1. 1.]
Iter 0: obj=50.3300, best_obj=50.3300, ||b_new-b_prev||₂=2.846050
xi_k [0.47590607 0.53273596 0.53271824 0.494903   0.49091773 0.50789579
 0.51072711 0.49645318 0.52520441 0.50553777]
max_exp: -1.0
coe: 10
Regulation [-1. -1. -1. -1. -1. -1. -1. -1. -1. -1.]
Solver status: optimal_inaccurate
b_new: [1. 1. 1. 1. 1. 1. 1. 1. 1. 1.]
Iter 1: obj=51.2300, best_obj=51.2300, ||b_new-b_prev||₂=0.000000
Converged.
Final b: [1. 1. 1. 1. 1. 1. 1. 1. 1. 1.]
<class 'numpy.ndarray'>
b_float: [1. 1. 1. 1. 1. 1. 1. 1. 1. 1.]
b: [1 1 1 1 1 1 1 1 1 1]
active_clients:  [0, 1, 2, 3, 4, 5, 6, 7, 8, 9]
Client 0's s_k are:[0 1 1 1 1 1 1 1 1 1]
Client 1's s_k are:[1 0 1 1 1 1 1 1 1 1]
Client 2's s_k are:[1 1 0 1 1 1 1 1 1 1]
Client 3's s_k are:[1 1 1 0 1 1 1 1 1 1]
Client 4's s_k are:[1 1 1 1 0 1 1 1 1 1]
Client 5's s_k are:[1 1 1 1 1 0 1 1 1 1]
Client 6's s_k are:[1 1 1 1 1 1 0 1 1 1]
Client 7's s_k are:[1 1 1 1 1 1 1 0 1 1]
Client 8's s_k are:[1 1 1 1 1 1 1 1 0 1]
Client 9's s_k are:[1 1 1 1 1 1 1 1 1 0]
| Global Round : 29 | Client :0 | Local Epoch : 0 | [64/573 (12%)]	Loss1: 5.840244 Loss2: 0.000028 
| Global Round : 29 | Client :0 | Local Epoch : 1 | [64/573 (12%)]	Loss1: 5.840514 Loss2: 0.000027 
| Global Round : 29 | Client :0 | Local Epoch : 2 | [64/573 (12%)]	Loss1: 5.841846 Loss2: 0.000023 
| Global Round : 29 | Client :0 | Local Epoch : 3 | [64/573 (12%)]	Loss1: 5.840541 Loss2: 0.000028 
| Global Round : 29 | Client :0 | Local Epoch : 4 | [64/573 (12%)]	Loss1: 5.840199 Loss2: 0.000021 
| Global Round : 29 | Client :1 | Local Epoch : 0 | [64/448 (14%)]	Loss1: 5.842904 Loss2: 0.000019 
| Global Round : 29 | Client :1 | Local Epoch : 1 | [64/448 (14%)]	Loss1: 5.840890 Loss2: 0.000020 
| Global Round : 29 | Client :1 | Local Epoch : 2 | [64/448 (14%)]	Loss1: 5.840788 Loss2: 0.000017 
| Global Round : 29 | Client :1 | Local Epoch : 3 | [64/448 (14%)]	Loss1: 5.843338 Loss2: 0.000014 
| Global Round : 29 | Client :1 | Local Epoch : 4 | [64/448 (14%)]	Loss1: 5.841332 Loss2: 0.000017 
| Global Round : 29 | Client :2 | Local Epoch : 0 | [64/448 (14%)]	Loss1: 5.841117 Loss2: 0.000014 
| Global Round : 29 | Client :2 | Local Epoch : 1 | [64/448 (14%)]	Loss1: 5.841776 Loss2: 0.000015 
| Global Round : 29 | Client :2 | Local Epoch : 2 | [64/448 (14%)]	Loss1: 5.840952 Loss2: 0.000017 
| Global Round : 29 | Client :2 | Local Epoch : 3 | [64/448 (14%)]	Loss1: 5.842849 Loss2: 0.000012 
| Global Round : 29 | Client :2 | Local Epoch : 4 | [64/448 (14%)]	Loss1: 5.841202 Loss2: 0.000014 
| Global Round : 29 | Client :3 | Local Epoch : 0 | [64/620 (11%)]	Loss1: 5.841430 Loss2: 0.000017 
| Global Round : 29 | Client :3 | Local Epoch : 1 | [64/620 (11%)]	Loss1: 5.841732 Loss2: 0.000016 
| Global Round : 29 | Client :3 | Local Epoch : 2 | [64/620 (11%)]	Loss1: 5.843023 Loss2: 0.000020 
| Global Round : 29 | Client :3 | Local Epoch : 3 | [64/620 (11%)]	Loss1: 5.841003 Loss2: 0.000019 
| Global Round : 29 | Client :3 | Local Epoch : 4 | [64/620 (11%)]	Loss1: 5.842861 Loss2: 0.000016 
| Global Round : 29 | Client :4 | Local Epoch : 0 | [64/625 (11%)]	Loss1: 5.841482 Loss2: 0.000020 
| Global Round : 29 | Client :4 | Local Epoch : 1 | [64/625 (11%)]	Loss1: 5.841514 Loss2: 0.000017 
| Global Round : 29 | Client :4 | Local Epoch : 2 | [64/625 (11%)]	Loss1: 5.841149 Loss2: 0.000018 
| Global Round : 29 | Client :4 | Local Epoch : 3 | [64/625 (11%)]	Loss1: 5.841284 Loss2: 0.000021 
| Global Round : 29 | Client :4 | Local Epoch : 4 | [64/625 (11%)]	Loss1: 5.841989 Loss2: 0.000021 
| Global Round : 29 | Client :5 | Local Epoch : 0 | [64/604 (11%)]	Loss1: 5.841148 Loss2: 0.000020 
| Global Round : 29 | Client :5 | Local Epoch : 1 | [64/604 (11%)]	Loss1: 5.840287 Loss2: 0.000022 
| Global Round : 29 | Client :5 | Local Epoch : 2 | [64/604 (11%)]	Loss1: 5.840316 Loss2: 0.000024 
| Global Round : 29 | Client :5 | Local Epoch : 3 | [64/604 (11%)]	Loss1: 5.840220 Loss2: 0.000018 
| Global Round : 29 | Client :5 | Local Epoch : 4 | [64/604 (11%)]	Loss1: 5.841285 Loss2: 0.000020 
| Global Round : 29 | Client :6 | Local Epoch : 0 | [64/534 (12%)]	Loss1: 5.841759 Loss2: 0.000013 
| Global Round : 29 | Client :6 | Local Epoch : 1 | [64/534 (12%)]	Loss1: 5.842545 Loss2: 0.000020 
| Global Round : 29 | Client :6 | Local Epoch : 2 | [64/534 (12%)]	Loss1: 5.842944 Loss2: 0.000018 
| Global Round : 29 | Client :6 | Local Epoch : 3 | [64/534 (12%)]	Loss1: 5.842087 Loss2: 0.000020 
| Global Round : 29 | Client :6 | Local Epoch : 4 | [64/534 (12%)]	Loss1: 5.840944 Loss2: 0.000015 
| Global Round : 29 | Client :7 | Local Epoch : 0 | [64/824 (8%)]	Loss1: 5.840878 Loss2: 0.000024 
| Global Round : 29 | Client :7 | Local Epoch : 0 | [704/824 (92%)]	Loss1: 5.841949 Loss2: 0.000025 
| Global Round : 29 | Client :7 | Local Epoch : 1 | [64/824 (8%)]	Loss1: 5.840298 Loss2: 0.000024 
| Global Round : 29 | Client :7 | Local Epoch : 1 | [704/824 (92%)]	Loss1: 5.839870 Loss2: 0.000022 
| Global Round : 29 | Client :7 | Local Epoch : 2 | [64/824 (8%)]	Loss1: 5.840429 Loss2: 0.000023 
| Global Round : 29 | Client :7 | Local Epoch : 2 | [704/824 (92%)]	Loss1: 5.841213 Loss2: 0.000029 
| Global Round : 29 | Client :7 | Local Epoch : 3 | [64/824 (8%)]	Loss1: 5.840852 Loss2: 0.000025 
| Global Round : 29 | Client :7 | Local Epoch : 3 | [704/824 (92%)]	Loss1: 5.841080 Loss2: 0.000028 
| Global Round : 29 | Client :7 | Local Epoch : 4 | [64/824 (8%)]	Loss1: 5.840187 Loss2: 0.000028 
| Global Round : 29 | Client :7 | Local Epoch : 4 | [704/824 (92%)]	Loss1: 5.840500 Loss2: 0.000024 
| Global Round : 29 | Client :8 | Local Epoch : 0 | [64/714 (9%)]	Loss1: 5.841176 Loss2: 0.000024 
| Global Round : 29 | Client :8 | Local Epoch : 0 | [704/714 (100%)]	Loss1: 5.842172 Loss2: 0.000031 
| Global Round : 29 | Client :8 | Local Epoch : 1 | [64/714 (9%)]	Loss1: 5.840105 Loss2: 0.000023 
| Global Round : 29 | Client :8 | Local Epoch : 1 | [704/714 (100%)]	Loss1: 5.842510 Loss2: 0.000027 
| Global Round : 29 | Client :8 | Local Epoch : 2 | [64/714 (9%)]	Loss1: 5.841529 Loss2: 0.000023 
| Global Round : 29 | Client :8 | Local Epoch : 2 | [704/714 (100%)]	Loss1: 5.840990 Loss2: 0.000024 
| Global Round : 29 | Client :8 | Local Epoch : 3 | [64/714 (9%)]	Loss1: 5.841505 Loss2: 0.000024 
| Global Round : 29 | Client :8 | Local Epoch : 3 | [704/714 (100%)]	Loss1: 5.842539 Loss2: 0.000024 
| Global Round : 29 | Client :8 | Local Epoch : 4 | [64/714 (9%)]	Loss1: 5.841245 Loss2: 0.000023 
| Global Round : 29 | Client :8 | Local Epoch : 4 | [704/714 (100%)]	Loss1: 5.842391 Loss2: 0.000023 
| Global Round : 29 | Client :9 | Local Epoch : 0 | [64/607 (11%)]	Loss1: 5.842182 Loss2: 0.000018 
| Global Round : 29 | Client :9 | Local Epoch : 1 | [64/607 (11%)]	Loss1: 5.842046 Loss2: 0.000016 
| Global Round : 29 | Client :9 | Local Epoch : 2 | [64/607 (11%)]	Loss1: 5.841777 Loss2: 0.000018 
| Global Round : 29 | Client :9 | Local Epoch : 3 | [64/607 (11%)]	Loss1: 5.841300 Loss2: 0.000015 
| Global Round : 29 | Client :9 | Local Epoch : 4 | [64/607 (11%)]	Loss1: 5.842844 Loss2: 0.000015 
average loss:   5.838987422178662
average local test accuracy: 0.818359375
average global test accuracy:  0.648046875

 | Global Training Round : 30 |

xi_k [0.47592579 0.53268491 0.53267941 0.49492267 0.4909047  0.50783799
 0.51070132 0.4963977  0.52523706 0.5055006 ]
max_exp: -1.0
coe: 10
Regulation [0.8 0.8 0.8 0.8 0.8 0.8 0.8 0.8 0.8 0.8]
Solver status: optimal_inaccurate
b_new: [1. 1. 1. 1. 1. 1. 1. 1. 1. 1.]
Iter 0: obj=50.3279, best_obj=50.3279, ||b_new-b_prev||₂=2.846050
xi_k [0.47592579 0.53268491 0.53267941 0.49492267 0.4909047  0.50783799
 0.51070132 0.4963977  0.52523706 0.5055006 ]
max_exp: -1.0
coe: 10
Regulation [-1. -1. -1. -1. -1. -1. -1. -1. -1. -1.]
Solver status: optimal_inaccurate
b_new: [1. 1. 1. 1. 1. 1. 1. 1. 1. 1.]
Iter 1: obj=51.2279, best_obj=51.2279, ||b_new-b_prev||₂=0.000000
Converged.
Final b: [1. 1. 1. 1. 1. 1. 1. 1. 1. 1.]
<class 'numpy.ndarray'>
b_float: [1. 1. 1. 1. 1. 1. 1. 1. 1. 1.]
b: [1 1 1 1 1 1 1 1 1 1]
active_clients:  [0, 1, 2, 3, 4, 5, 6, 7, 8, 9]
Client 0's s_k are:[0 1 1 1 1 1 1 1 1 1]
Client 1's s_k are:[1 0 1 1 1 1 1 1 1 1]
Client 2's s_k are:[1 1 0 1 1 1 1 1 1 1]
Client 3's s_k are:[1 1 1 0 1 1 1 1 1 1]
Client 4's s_k are:[1 1 1 1 0 1 1 1 1 1]
Client 5's s_k are:[1 1 1 1 1 0 1 1 1 1]
Client 6's s_k are:[1 1 1 1 1 1 0 1 1 1]
Client 7's s_k are:[1 1 1 1 1 1 1 0 1 1]
Client 8's s_k are:[1 1 1 1 1 1 1 1 0 1]
Client 9's s_k are:[1 1 1 1 1 1 1 1 1 0]
| Global Round : 30 | Client :0 | Local Epoch : 0 | [64/573 (12%)]	Loss1: 5.840951 Loss2: 0.000020 
| Global Round : 30 | Client :0 | Local Epoch : 1 | [64/573 (12%)]	Loss1: 5.840645 Loss2: 0.000025 
| Global Round : 30 | Client :0 | Local Epoch : 2 | [64/573 (12%)]	Loss1: 5.840458 Loss2: 0.000026 
| Global Round : 30 | Client :0 | Local Epoch : 3 | [64/573 (12%)]	Loss1: 5.840318 Loss2: 0.000025 
| Global Round : 30 | Client :0 | Local Epoch : 4 | [64/573 (12%)]	Loss1: 5.839619 Loss2: 0.000024 
| Global Round : 30 | Client :1 | Local Epoch : 0 | [64/448 (14%)]	Loss1: 5.841448 Loss2: 0.000015 
| Global Round : 30 | Client :1 | Local Epoch : 1 | [64/448 (14%)]	Loss1: 5.842049 Loss2: 0.000020 
| Global Round : 30 | Client :1 | Local Epoch : 2 | [64/448 (14%)]	Loss1: 5.841742 Loss2: 0.000015 
| Global Round : 30 | Client :1 | Local Epoch : 3 | [64/448 (14%)]	Loss1: 5.841614 Loss2: 0.000019 
| Global Round : 30 | Client :1 | Local Epoch : 4 | [64/448 (14%)]	Loss1: 5.842651 Loss2: 0.000016 
| Global Round : 30 | Client :2 | Local Epoch : 0 | [64/448 (14%)]	Loss1: 5.841914 Loss2: 0.000017 
| Global Round : 30 | Client :2 | Local Epoch : 1 | [64/448 (14%)]	Loss1: 5.841100 Loss2: 0.000012 
| Global Round : 30 | Client :2 | Local Epoch : 2 | [64/448 (14%)]	Loss1: 5.843722 Loss2: 0.000015 
| Global Round : 30 | Client :2 | Local Epoch : 3 | [64/448 (14%)]	Loss1: 5.841198 Loss2: 0.000015 
| Global Round : 30 | Client :2 | Local Epoch : 4 | [64/448 (14%)]	Loss1: 5.840494 Loss2: 0.000013 
| Global Round : 30 | Client :3 | Local Epoch : 0 | [64/620 (11%)]	Loss1: 5.840541 Loss2: 0.000019 
| Global Round : 30 | Client :3 | Local Epoch : 1 | [64/620 (11%)]	Loss1: 5.841365 Loss2: 0.000014 
| Global Round : 30 | Client :3 | Local Epoch : 2 | [64/620 (11%)]	Loss1: 5.842921 Loss2: 0.000015 
| Global Round : 30 | Client :3 | Local Epoch : 3 | [64/620 (11%)]	Loss1: 5.841941 Loss2: 0.000017 
| Global Round : 30 | Client :3 | Local Epoch : 4 | [64/620 (11%)]	Loss1: 5.841264 Loss2: 0.000014 
| Global Round : 30 | Client :4 | Local Epoch : 0 | [64/625 (11%)]	Loss1: 5.840621 Loss2: 0.000024 
| Global Round : 30 | Client :4 | Local Epoch : 1 | [64/625 (11%)]	Loss1: 5.842365 Loss2: 0.000019 
| Global Round : 30 | Client :4 | Local Epoch : 2 | [64/625 (11%)]	Loss1: 5.840632 Loss2: 0.000016 
| Global Round : 30 | Client :4 | Local Epoch : 3 | [64/625 (11%)]	Loss1: 5.841121 Loss2: 0.000021 
| Global Round : 30 | Client :4 | Local Epoch : 4 | [64/625 (11%)]	Loss1: 5.842134 Loss2: 0.000015 
| Global Round : 30 | Client :5 | Local Epoch : 0 | [64/604 (11%)]	Loss1: 5.841161 Loss2: 0.000021 
| Global Round : 30 | Client :5 | Local Epoch : 1 | [64/604 (11%)]	Loss1: 5.840000 Loss2: 0.000022 
| Global Round : 30 | Client :5 | Local Epoch : 2 | [64/604 (11%)]	Loss1: 5.841321 Loss2: 0.000020 
| Global Round : 30 | Client :5 | Local Epoch : 3 | [64/604 (11%)]	Loss1: 5.840867 Loss2: 0.000020 
| Global Round : 30 | Client :5 | Local Epoch : 4 | [64/604 (11%)]	Loss1: 5.839609 Loss2: 0.000021 
| Global Round : 30 | Client :6 | Local Epoch : 0 | [64/534 (12%)]	Loss1: 5.841250 Loss2: 0.000012 
| Global Round : 30 | Client :6 | Local Epoch : 1 | [64/534 (12%)]	Loss1: 5.842298 Loss2: 0.000019 
| Global Round : 30 | Client :6 | Local Epoch : 2 | [64/534 (12%)]	Loss1: 5.841199 Loss2: 0.000013 
| Global Round : 30 | Client :6 | Local Epoch : 3 | [64/534 (12%)]	Loss1: 5.842258 Loss2: 0.000012 
| Global Round : 30 | Client :6 | Local Epoch : 4 | [64/534 (12%)]	Loss1: 5.842058 Loss2: 0.000015 
| Global Round : 30 | Client :7 | Local Epoch : 0 | [64/824 (8%)]	Loss1: 5.840715 Loss2: 0.000022 
| Global Round : 30 | Client :7 | Local Epoch : 0 | [704/824 (92%)]	Loss1: 5.840117 Loss2: 0.000024 
| Global Round : 30 | Client :7 | Local Epoch : 1 | [64/824 (8%)]	Loss1: 5.840467 Loss2: 0.000027 
| Global Round : 30 | Client :7 | Local Epoch : 1 | [704/824 (92%)]	Loss1: 5.840734 Loss2: 0.000025 
| Global Round : 30 | Client :7 | Local Epoch : 2 | [64/824 (8%)]	Loss1: 5.841077 Loss2: 0.000023 
| Global Round : 30 | Client :7 | Local Epoch : 2 | [704/824 (92%)]	Loss1: 5.840331 Loss2: 0.000025 
| Global Round : 30 | Client :7 | Local Epoch : 3 | [64/824 (8%)]	Loss1: 5.840287 Loss2: 0.000028 
| Global Round : 30 | Client :7 | Local Epoch : 3 | [704/824 (92%)]	Loss1: 5.839966 Loss2: 0.000021 
| Global Round : 30 | Client :7 | Local Epoch : 4 | [64/824 (8%)]	Loss1: 5.840559 Loss2: 0.000022 
| Global Round : 30 | Client :7 | Local Epoch : 4 | [704/824 (92%)]	Loss1: 5.839650 Loss2: 0.000025 
| Global Round : 30 | Client :8 | Local Epoch : 0 | [64/714 (9%)]	Loss1: 5.841161 Loss2: 0.000024 
| Global Round : 30 | Client :8 | Local Epoch : 0 | [704/714 (100%)]	Loss1: 5.843426 Loss2: 0.000026 
| Global Round : 30 | Client :8 | Local Epoch : 1 | [64/714 (9%)]	Loss1: 5.841667 Loss2: 0.000020 
| Global Round : 30 | Client :8 | Local Epoch : 1 | [704/714 (100%)]	Loss1: 5.841978 Loss2: 0.000027 
| Global Round : 30 | Client :8 | Local Epoch : 2 | [64/714 (9%)]	Loss1: 5.841533 Loss2: 0.000022 
| Global Round : 30 | Client :8 | Local Epoch : 2 | [704/714 (100%)]	Loss1: 5.842229 Loss2: 0.000022 
| Global Round : 30 | Client :8 | Local Epoch : 3 | [64/714 (9%)]	Loss1: 5.841640 Loss2: 0.000023 
| Global Round : 30 | Client :8 | Local Epoch : 3 | [704/714 (100%)]	Loss1: 5.842885 Loss2: 0.000033 
| Global Round : 30 | Client :8 | Local Epoch : 4 | [64/714 (9%)]	Loss1: 5.843154 Loss2: 0.000026 
| Global Round : 30 | Client :8 | Local Epoch : 4 | [704/714 (100%)]	Loss1: 5.840631 Loss2: 0.000025 
| Global Round : 30 | Client :9 | Local Epoch : 0 | [64/607 (11%)]	Loss1: 5.841781 Loss2: 0.000017 
| Global Round : 30 | Client :9 | Local Epoch : 1 | [64/607 (11%)]	Loss1: 5.842195 Loss2: 0.000023 
| Global Round : 30 | Client :9 | Local Epoch : 2 | [64/607 (11%)]	Loss1: 5.842375 Loss2: 0.000016 
| Global Round : 30 | Client :9 | Local Epoch : 3 | [64/607 (11%)]	Loss1: 5.841604 Loss2: 0.000015 
| Global Round : 30 | Client :9 | Local Epoch : 4 | [64/607 (11%)]	Loss1: 5.842107 Loss2: 0.000018 
average loss:   5.838977132748387
average local test accuracy: 0.8266927083333332
average global test accuracy:  0.6359375

 | Global Training Round : 31 |

xi_k [0.47592136 0.53267349 0.53265402 0.49490878 0.49088309 0.50785326
 0.51073993 0.49639719 0.52520806 0.50551679]
max_exp: -1.0
coe: 10
Regulation [0.8 0.8 0.8 0.8 0.8 0.8 0.8 0.8 0.8 0.8]
Solver status: optimal_inaccurate
b_new: [1. 1. 1. 1. 1. 1. 1. 1. 1. 1.]
Iter 0: obj=50.3276, best_obj=50.3276, ||b_new-b_prev||₂=2.846050
xi_k [0.47592136 0.53267349 0.53265402 0.49490878 0.49088309 0.50785326
 0.51073993 0.49639719 0.52520806 0.50551679]
max_exp: -1.0
coe: 10
Regulation [-1. -1. -1. -1. -1. -1. -1. -1. -1. -1.]
Solver status: optimal_inaccurate
b_new: [1. 1. 1. 1. 1. 1. 1. 1. 1. 1.]
Iter 1: obj=51.2276, best_obj=51.2276, ||b_new-b_prev||₂=0.000000
Converged.
Final b: [1. 1. 1. 1. 1. 1. 1. 1. 1. 1.]
<class 'numpy.ndarray'>
b_float: [1. 1. 1. 1. 1. 1. 1. 1. 1. 1.]
b: [1 1 1 1 1 1 1 1 1 1]
active_clients:  [0, 1, 2, 3, 4, 5, 6, 7, 8, 9]
Client 0's s_k are:[0 1 1 1 1 1 1 1 1 1]
Client 1's s_k are:[1 0 1 1 1 1 1 1 1 1]
Client 2's s_k are:[1 1 0 1 1 1 1 1 1 1]
Client 3's s_k are:[1 1 1 0 1 1 1 1 1 1]
Client 4's s_k are:[1 1 1 1 0 1 1 1 1 1]
Client 5's s_k are:[1 1 1 1 1 0 1 1 1 1]
Client 6's s_k are:[1 1 1 1 1 1 0 1 1 1]
Client 7's s_k are:[1 1 1 1 1 1 1 0 1 1]
Client 8's s_k are:[1 1 1 1 1 1 1 1 0 1]
Client 9's s_k are:[1 1 1 1 1 1 1 1 1 0]
| Global Round : 31 | Client :0 | Local Epoch : 0 | [64/573 (12%)]	Loss1: 5.839880 Loss2: 0.000023 
| Global Round : 31 | Client :0 | Local Epoch : 1 | [64/573 (12%)]	Loss1: 5.840147 Loss2: 0.000024 
| Global Round : 31 | Client :0 | Local Epoch : 2 | [64/573 (12%)]	Loss1: 5.840717 Loss2: 0.000024 
| Global Round : 31 | Client :0 | Local Epoch : 3 | [64/573 (12%)]	Loss1: 5.840158 Loss2: 0.000021 
| Global Round : 31 | Client :0 | Local Epoch : 4 | [64/573 (12%)]	Loss1: 5.839822 Loss2: 0.000024 
| Global Round : 31 | Client :1 | Local Epoch : 0 | [64/448 (14%)]	Loss1: 5.841912 Loss2: 0.000017 
| Global Round : 31 | Client :1 | Local Epoch : 1 | [64/448 (14%)]	Loss1: 5.841452 Loss2: 0.000019 
| Global Round : 31 | Client :1 | Local Epoch : 2 | [64/448 (14%)]	Loss1: 5.840882 Loss2: 0.000017 
| Global Round : 31 | Client :1 | Local Epoch : 3 | [64/448 (14%)]	Loss1: 5.841966 Loss2: 0.000016 
| Global Round : 31 | Client :1 | Local Epoch : 4 | [64/448 (14%)]	Loss1: 5.840606 Loss2: 0.000018 
| Global Round : 31 | Client :2 | Local Epoch : 0 | [64/448 (14%)]	Loss1: 5.841290 Loss2: 0.000012 
| Global Round : 31 | Client :2 | Local Epoch : 1 | [64/448 (14%)]	Loss1: 5.841864 Loss2: 0.000012 
| Global Round : 31 | Client :2 | Local Epoch : 2 | [64/448 (14%)]	Loss1: 5.841233 Loss2: 0.000014 
| Global Round : 31 | Client :2 | Local Epoch : 3 | [64/448 (14%)]	Loss1: 5.841886 Loss2: 0.000013 
| Global Round : 31 | Client :2 | Local Epoch : 4 | [64/448 (14%)]	Loss1: 5.842346 Loss2: 0.000016 
| Global Round : 31 | Client :3 | Local Epoch : 0 | [64/620 (11%)]	Loss1: 5.840283 Loss2: 0.000018 
| Global Round : 31 | Client :3 | Local Epoch : 1 | [64/620 (11%)]	Loss1: 5.842086 Loss2: 0.000022 
| Global Round : 31 | Client :3 | Local Epoch : 2 | [64/620 (11%)]	Loss1: 5.839609 Loss2: 0.000017 
| Global Round : 31 | Client :3 | Local Epoch : 3 | [64/620 (11%)]	Loss1: 5.841278 Loss2: 0.000020 
| Global Round : 31 | Client :3 | Local Epoch : 4 | [64/620 (11%)]	Loss1: 5.841354 Loss2: 0.000013 
| Global Round : 31 | Client :4 | Local Epoch : 0 | [64/625 (11%)]	Loss1: 5.842430 Loss2: 0.000020 
| Global Round : 31 | Client :4 | Local Epoch : 1 | [64/625 (11%)]	Loss1: 5.840687 Loss2: 0.000022 
| Global Round : 31 | Client :4 | Local Epoch : 2 | [64/625 (11%)]	Loss1: 5.841312 Loss2: 0.000016 
| Global Round : 31 | Client :4 | Local Epoch : 3 | [64/625 (11%)]	Loss1: 5.840564 Loss2: 0.000019 
| Global Round : 31 | Client :4 | Local Epoch : 4 | [64/625 (11%)]	Loss1: 5.840520 Loss2: 0.000014 
| Global Round : 31 | Client :5 | Local Epoch : 0 | [64/604 (11%)]	Loss1: 5.839775 Loss2: 0.000020 
| Global Round : 31 | Client :5 | Local Epoch : 1 | [64/604 (11%)]	Loss1: 5.840319 Loss2: 0.000022 
| Global Round : 31 | Client :5 | Local Epoch : 2 | [64/604 (11%)]	Loss1: 5.839551 Loss2: 0.000023 
| Global Round : 31 | Client :5 | Local Epoch : 3 | [64/604 (11%)]	Loss1: 5.840014 Loss2: 0.000023 
| Global Round : 31 | Client :5 | Local Epoch : 4 | [64/604 (11%)]	Loss1: 5.840020 Loss2: 0.000022 
| Global Round : 31 | Client :6 | Local Epoch : 0 | [64/534 (12%)]	Loss1: 5.840940 Loss2: 0.000012 
| Global Round : 31 | Client :6 | Local Epoch : 1 | [64/534 (12%)]	Loss1: 5.842353 Loss2: 0.000014 
| Global Round : 31 | Client :6 | Local Epoch : 2 | [64/534 (12%)]	Loss1: 5.841541 Loss2: 0.000013 
| Global Round : 31 | Client :6 | Local Epoch : 3 | [64/534 (12%)]	Loss1: 5.840457 Loss2: 0.000018 
| Global Round : 31 | Client :6 | Local Epoch : 4 | [64/534 (12%)]	Loss1: 5.843047 Loss2: 0.000012 
| Global Round : 31 | Client :7 | Local Epoch : 0 | [64/824 (8%)]	Loss1: 5.840085 Loss2: 0.000025 
| Global Round : 31 | Client :7 | Local Epoch : 0 | [704/824 (92%)]	Loss1: 5.840052 Loss2: 0.000024 
| Global Round : 31 | Client :7 | Local Epoch : 1 | [64/824 (8%)]	Loss1: 5.840046 Loss2: 0.000023 
| Global Round : 31 | Client :7 | Local Epoch : 1 | [704/824 (92%)]	Loss1: 5.839952 Loss2: 0.000025 
| Global Round : 31 | Client :7 | Local Epoch : 2 | [64/824 (8%)]	Loss1: 5.840444 Loss2: 0.000026 
| Global Round : 31 | Client :7 | Local Epoch : 2 | [704/824 (92%)]	Loss1: 5.841433 Loss2: 0.000024 
| Global Round : 31 | Client :7 | Local Epoch : 3 | [64/824 (8%)]	Loss1: 5.840654 Loss2: 0.000022 
| Global Round : 31 | Client :7 | Local Epoch : 3 | [704/824 (92%)]	Loss1: 5.840505 Loss2: 0.000025 
| Global Round : 31 | Client :7 | Local Epoch : 4 | [64/824 (8%)]	Loss1: 5.839570 Loss2: 0.000028 
| Global Round : 31 | Client :7 | Local Epoch : 4 | [704/824 (92%)]	Loss1: 5.840435 Loss2: 0.000023 
| Global Round : 31 | Client :8 | Local Epoch : 0 | [64/714 (9%)]	Loss1: 5.841448 Loss2: 0.000021 
| Global Round : 31 | Client :8 | Local Epoch : 0 | [704/714 (100%)]	Loss1: 5.841367 Loss2: 0.000021 
| Global Round : 31 | Client :8 | Local Epoch : 1 | [64/714 (9%)]	Loss1: 5.841752 Loss2: 0.000022 
| Global Round : 31 | Client :8 | Local Epoch : 1 | [704/714 (100%)]	Loss1: 5.842197 Loss2: 0.000024 
| Global Round : 31 | Client :8 | Local Epoch : 2 | [64/714 (9%)]	Loss1: 5.842015 Loss2: 0.000024 
| Global Round : 31 | Client :8 | Local Epoch : 2 | [704/714 (100%)]	Loss1: 5.841364 Loss2: 0.000028 
| Global Round : 31 | Client :8 | Local Epoch : 3 | [64/714 (9%)]	Loss1: 5.842433 Loss2: 0.000020 
| Global Round : 31 | Client :8 | Local Epoch : 3 | [704/714 (100%)]	Loss1: 5.840988 Loss2: 0.000024 
| Global Round : 31 | Client :8 | Local Epoch : 4 | [64/714 (9%)]	Loss1: 5.842755 Loss2: 0.000020 
| Global Round : 31 | Client :8 | Local Epoch : 4 | [704/714 (100%)]	Loss1: 5.841625 Loss2: 0.000019 
| Global Round : 31 | Client :9 | Local Epoch : 0 | [64/607 (11%)]	Loss1: 5.843019 Loss2: 0.000015 
| Global Round : 31 | Client :9 | Local Epoch : 1 | [64/607 (11%)]	Loss1: 5.841882 Loss2: 0.000018 
| Global Round : 31 | Client :9 | Local Epoch : 2 | [64/607 (11%)]	Loss1: 5.841983 Loss2: 0.000015 
| Global Round : 31 | Client :9 | Local Epoch : 3 | [64/607 (11%)]	Loss1: 5.841800 Loss2: 0.000016 
| Global Round : 31 | Client :9 | Local Epoch : 4 | [64/607 (11%)]	Loss1: 5.842198 Loss2: 0.000016 
average loss:   5.83895642660225
average local test accuracy: 0.822265625
average global test accuracy:  0.614453125

 | Global Training Round : 32 |

xi_k [0.47592293 0.53263371 0.53269457 0.49489337 0.49089883 0.50786797
 0.51068925 0.4964236  0.52523066 0.50551128]
max_exp: -1.0
coe: 10
Regulation [0.8 0.8 0.8 0.8 0.8 0.8 0.8 0.8 0.8 0.8]
Solver status: optimal_inaccurate
b_new: [1. 1. 1. 1. 1. 1. 1. 1. 1. 1.]
Iter 0: obj=50.3277, best_obj=50.3277, ||b_new-b_prev||₂=2.846050
xi_k [0.47592293 0.53263371 0.53269457 0.49489337 0.49089883 0.50786797
 0.51068925 0.4964236  0.52523066 0.50551128]
max_exp: -1.0
coe: 10
Regulation [-1. -1. -1. -1. -1. -1. -1. -1. -1. -1.]
Solver status: optimal_inaccurate
b_new: [1. 1. 1. 1. 1. 1. 1. 1. 1. 1.]
Iter 1: obj=51.2277, best_obj=51.2277, ||b_new-b_prev||₂=0.000000
Converged.
Final b: [1. 1. 1. 1. 1. 1. 1. 1. 1. 1.]
<class 'numpy.ndarray'>
b_float: [1. 1. 1. 1. 1. 1. 1. 1. 1. 1.]
b: [1 1 1 1 1 1 1 1 1 1]
active_clients:  [0, 1, 2, 3, 4, 5, 6, 7, 8, 9]
Client 0's s_k are:[0 1 1 1 1 1 1 1 1 1]
Client 1's s_k are:[1 0 1 1 1 1 1 1 1 1]
Client 2's s_k are:[1 1 0 1 1 1 1 1 1 1]
Client 3's s_k are:[1 1 1 0 1 1 1 1 1 1]
Client 4's s_k are:[1 1 1 1 0 1 1 1 1 1]
Client 5's s_k are:[1 1 1 1 1 0 1 1 1 1]
Client 6's s_k are:[1 1 1 1 1 1 0 1 1 1]
Client 7's s_k are:[1 1 1 1 1 1 1 0 1 1]
Client 8's s_k are:[1 1 1 1 1 1 1 1 0 1]
Client 9's s_k are:[1 1 1 1 1 1 1 1 1 0]
| Global Round : 32 | Client :0 | Local Epoch : 0 | [64/573 (12%)]	Loss1: 5.840653 Loss2: 0.000024 
| Global Round : 32 | Client :0 | Local Epoch : 1 | [64/573 (12%)]	Loss1: 5.840743 Loss2: 0.000027 
| Global Round : 32 | Client :0 | Local Epoch : 2 | [64/573 (12%)]	Loss1: 5.841455 Loss2: 0.000024 
| Global Round : 32 | Client :0 | Local Epoch : 3 | [64/573 (12%)]	Loss1: 5.839223 Loss2: 0.000027 
| Global Round : 32 | Client :0 | Local Epoch : 4 | [64/573 (12%)]	Loss1: 5.841215 Loss2: 0.000023 
| Global Round : 32 | Client :1 | Local Epoch : 0 | [64/448 (14%)]	Loss1: 5.842074 Loss2: 0.000021 
| Global Round : 32 | Client :1 | Local Epoch : 1 | [64/448 (14%)]	Loss1: 5.839863 Loss2: 0.000019 
| Global Round : 32 | Client :1 | Local Epoch : 2 | [64/448 (14%)]	Loss1: 5.840673 Loss2: 0.000018 
| Global Round : 32 | Client :1 | Local Epoch : 3 | [64/448 (14%)]	Loss1: 5.841685 Loss2: 0.000016 
| Global Round : 32 | Client :1 | Local Epoch : 4 | [64/448 (14%)]	Loss1: 5.841489 Loss2: 0.000016 
| Global Round : 32 | Client :2 | Local Epoch : 0 | [64/448 (14%)]	Loss1: 5.843092 Loss2: 0.000013 
| Global Round : 32 | Client :2 | Local Epoch : 1 | [64/448 (14%)]	Loss1: 5.841605 Loss2: 0.000009 
| Global Round : 32 | Client :2 | Local Epoch : 2 | [64/448 (14%)]	Loss1: 5.841152 Loss2: 0.000014 
| Global Round : 32 | Client :2 | Local Epoch : 3 | [64/448 (14%)]	Loss1: 5.842121 Loss2: 0.000013 
| Global Round : 32 | Client :2 | Local Epoch : 4 | [64/448 (14%)]	Loss1: 5.842564 Loss2: 0.000012 
| Global Round : 32 | Client :3 | Local Epoch : 0 | [64/620 (11%)]	Loss1: 5.841163 Loss2: 0.000017 
| Global Round : 32 | Client :3 | Local Epoch : 1 | [64/620 (11%)]	Loss1: 5.841211 Loss2: 0.000021 
| Global Round : 32 | Client :3 | Local Epoch : 2 | [64/620 (11%)]	Loss1: 5.840809 Loss2: 0.000019 
| Global Round : 32 | Client :3 | Local Epoch : 3 | [64/620 (11%)]	Loss1: 5.841274 Loss2: 0.000020 
| Global Round : 32 | Client :3 | Local Epoch : 4 | [64/620 (11%)]	Loss1: 5.840720 Loss2: 0.000015 
| Global Round : 32 | Client :4 | Local Epoch : 0 | [64/625 (11%)]	Loss1: 5.841031 Loss2: 0.000022 
| Global Round : 32 | Client :4 | Local Epoch : 1 | [64/625 (11%)]	Loss1: 5.841408 Loss2: 0.000021 
| Global Round : 32 | Client :4 | Local Epoch : 2 | [64/625 (11%)]	Loss1: 5.841259 Loss2: 0.000021 
| Global Round : 32 | Client :4 | Local Epoch : 3 | [64/625 (11%)]	Loss1: 5.842438 Loss2: 0.000021 
| Global Round : 32 | Client :4 | Local Epoch : 4 | [64/625 (11%)]	Loss1: 5.841854 Loss2: 0.000020 
| Global Round : 32 | Client :5 | Local Epoch : 0 | [64/604 (11%)]	Loss1: 5.840370 Loss2: 0.000021 
| Global Round : 32 | Client :5 | Local Epoch : 1 | [64/604 (11%)]	Loss1: 5.841059 Loss2: 0.000020 
| Global Round : 32 | Client :5 | Local Epoch : 2 | [64/604 (11%)]	Loss1: 5.839704 Loss2: 0.000021 
| Global Round : 32 | Client :5 | Local Epoch : 3 | [64/604 (11%)]	Loss1: 5.840456 Loss2: 0.000020 
| Global Round : 32 | Client :5 | Local Epoch : 4 | [64/604 (11%)]	Loss1: 5.842056 Loss2: 0.000024 
| Global Round : 32 | Client :6 | Local Epoch : 0 | [64/534 (12%)]	Loss1: 5.840762 Loss2: 0.000021 
| Global Round : 32 | Client :6 | Local Epoch : 1 | [64/534 (12%)]	Loss1: 5.842258 Loss2: 0.000017 
| Global Round : 32 | Client :6 | Local Epoch : 2 | [64/534 (12%)]	Loss1: 5.843547 Loss2: 0.000015 
| Global Round : 32 | Client :6 | Local Epoch : 3 | [64/534 (12%)]	Loss1: 5.840278 Loss2: 0.000013 
| Global Round : 32 | Client :6 | Local Epoch : 4 | [64/534 (12%)]	Loss1: 5.840793 Loss2: 0.000015 
| Global Round : 32 | Client :7 | Local Epoch : 0 | [64/824 (8%)]	Loss1: 5.841434 Loss2: 0.000020 
| Global Round : 32 | Client :7 | Local Epoch : 0 | [704/824 (92%)]	Loss1: 5.839700 Loss2: 0.000022 
| Global Round : 32 | Client :7 | Local Epoch : 1 | [64/824 (8%)]	Loss1: 5.840627 Loss2: 0.000024 
| Global Round : 32 | Client :7 | Local Epoch : 1 | [704/824 (92%)]	Loss1: 5.841856 Loss2: 0.000024 
| Global Round : 32 | Client :7 | Local Epoch : 2 | [64/824 (8%)]	Loss1: 5.840439 Loss2: 0.000022 
| Global Round : 32 | Client :7 | Local Epoch : 2 | [704/824 (92%)]	Loss1: 5.841272 Loss2: 0.000026 
| Global Round : 32 | Client :7 | Local Epoch : 3 | [64/824 (8%)]	Loss1: 5.839841 Loss2: 0.000022 
| Global Round : 32 | Client :7 | Local Epoch : 3 | [704/824 (92%)]	Loss1: 5.841113 Loss2: 0.000026 
| Global Round : 32 | Client :7 | Local Epoch : 4 | [64/824 (8%)]	Loss1: 5.839692 Loss2: 0.000024 
| Global Round : 32 | Client :7 | Local Epoch : 4 | [704/824 (92%)]	Loss1: 5.840778 Loss2: 0.000024 
| Global Round : 32 | Client :8 | Local Epoch : 0 | [64/714 (9%)]	Loss1: 5.840910 Loss2: 0.000020 
| Global Round : 32 | Client :8 | Local Epoch : 0 | [704/714 (100%)]	Loss1: 5.841689 Loss2: 0.000026 
| Global Round : 32 | Client :8 | Local Epoch : 1 | [64/714 (9%)]	Loss1: 5.842683 Loss2: 0.000022 
| Global Round : 32 | Client :8 | Local Epoch : 1 | [704/714 (100%)]	Loss1: 5.841049 Loss2: 0.000022 
| Global Round : 32 | Client :8 | Local Epoch : 2 | [64/714 (9%)]	Loss1: 5.841362 Loss2: 0.000020 
| Global Round : 32 | Client :8 | Local Epoch : 2 | [704/714 (100%)]	Loss1: 5.840254 Loss2: 0.000021 
| Global Round : 32 | Client :8 | Local Epoch : 3 | [64/714 (9%)]	Loss1: 5.840717 Loss2: 0.000018 
| Global Round : 32 | Client :8 | Local Epoch : 3 | [704/714 (100%)]	Loss1: 5.840195 Loss2: 0.000019 
| Global Round : 32 | Client :8 | Local Epoch : 4 | [64/714 (9%)]	Loss1: 5.840662 Loss2: 0.000021 
| Global Round : 32 | Client :8 | Local Epoch : 4 | [704/714 (100%)]	Loss1: 5.842001 Loss2: 0.000026 
| Global Round : 32 | Client :9 | Local Epoch : 0 | [64/607 (11%)]	Loss1: 5.842007 Loss2: 0.000017 
| Global Round : 32 | Client :9 | Local Epoch : 1 | [64/607 (11%)]	Loss1: 5.842994 Loss2: 0.000017 
| Global Round : 32 | Client :9 | Local Epoch : 2 | [64/607 (11%)]	Loss1: 5.842548 Loss2: 0.000015 
| Global Round : 32 | Client :9 | Local Epoch : 3 | [64/607 (11%)]	Loss1: 5.841762 Loss2: 0.000016 
| Global Round : 32 | Client :9 | Local Epoch : 4 | [64/607 (11%)]	Loss1: 5.842040 Loss2: 0.000018 
average loss:   5.838904214963252
average local test accuracy: 0.8287760416666666
average global test accuracy:  0.628515625

 | Global Training Round : 33 |

xi_k [0.47591497 0.53263998 0.53262404 0.49489267 0.49089431 0.50788922
 0.51072756 0.49638413 0.52523187 0.50546866]
max_exp: -1.0
coe: 10
Regulation [0.8 0.8 0.8 0.8 0.8 0.8 0.8 0.8 0.8 0.8]
Solver status: optimal_inaccurate
b_new: [1. 1. 1. 1. 1. 1. 1. 1. 1. 1.]
Iter 0: obj=50.3267, best_obj=50.3267, ||b_new-b_prev||₂=2.846050
xi_k [0.47591497 0.53263998 0.53262404 0.49489267 0.49089431 0.50788922
 0.51072756 0.49638413 0.52523187 0.50546866]
max_exp: -1.0
coe: 10
Regulation [-1. -1. -1. -1. -1. -1. -1. -1. -1. -1.]
Solver status: optimal_inaccurate
b_new: [1. 1. 1. 1. 1. 1. 1. 1. 1. 1.]
Iter 1: obj=51.2267, best_obj=51.2267, ||b_new-b_prev||₂=0.000000
Converged.
Final b: [1. 1. 1. 1. 1. 1. 1. 1. 1. 1.]
<class 'numpy.ndarray'>
b_float: [1. 1. 1. 1. 1. 1. 1. 1. 1. 1.]
b: [1 1 1 1 1 1 1 1 1 1]
active_clients:  [0, 1, 2, 3, 4, 5, 6, 7, 8, 9]
Client 0's s_k are:[0 1 1 1 1 1 1 1 1 1]
Client 1's s_k are:[1 0 1 1 1 1 1 1 1 1]
Client 2's s_k are:[1 1 0 1 1 1 1 1 1 1]
Client 3's s_k are:[1 1 1 0 1 1 1 1 1 1]
Client 4's s_k are:[1 1 1 1 0 1 1 1 1 1]
Client 5's s_k are:[1 1 1 1 1 0 1 1 1 1]
Client 6's s_k are:[1 1 1 1 1 1 0 1 1 1]
Client 7's s_k are:[1 1 1 1 1 1 1 0 1 1]
Client 8's s_k are:[1 1 1 1 1 1 1 1 0 1]
Client 9's s_k are:[1 1 1 1 1 1 1 1 1 0]
| Global Round : 33 | Client :0 | Local Epoch : 0 | [64/573 (12%)]	Loss1: 5.839997 Loss2: 0.000024 
| Global Round : 33 | Client :0 | Local Epoch : 1 | [64/573 (12%)]	Loss1: 5.841371 Loss2: 0.000026 
| Global Round : 33 | Client :0 | Local Epoch : 2 | [64/573 (12%)]	Loss1: 5.840075 Loss2: 0.000026 
| Global Round : 33 | Client :0 | Local Epoch : 3 | [64/573 (12%)]	Loss1: 5.839925 Loss2: 0.000023 
| Global Round : 33 | Client :0 | Local Epoch : 4 | [64/573 (12%)]	Loss1: 5.839833 Loss2: 0.000020 
| Global Round : 33 | Client :1 | Local Epoch : 0 | [64/448 (14%)]	Loss1: 5.842087 Loss2: 0.000021 
| Global Round : 33 | Client :1 | Local Epoch : 1 | [64/448 (14%)]	Loss1: 5.841983 Loss2: 0.000023 
| Global Round : 33 | Client :1 | Local Epoch : 2 | [64/448 (14%)]	Loss1: 5.841761 Loss2: 0.000023 
| Global Round : 33 | Client :1 | Local Epoch : 3 | [64/448 (14%)]	Loss1: 5.841735 Loss2: 0.000014 
| Global Round : 33 | Client :1 | Local Epoch : 4 | [64/448 (14%)]	Loss1: 5.842187 Loss2: 0.000021 
| Global Round : 33 | Client :2 | Local Epoch : 0 | [64/448 (14%)]	Loss1: 5.840877 Loss2: 0.000015 
| Global Round : 33 | Client :2 | Local Epoch : 1 | [64/448 (14%)]	Loss1: 5.841594 Loss2: 0.000013 
| Global Round : 33 | Client :2 | Local Epoch : 2 | [64/448 (14%)]	Loss1: 5.841773 Loss2: 0.000015 
| Global Round : 33 | Client :2 | Local Epoch : 3 | [64/448 (14%)]	Loss1: 5.841496 Loss2: 0.000012 
| Global Round : 33 | Client :2 | Local Epoch : 4 | [64/448 (14%)]	Loss1: 5.841478 Loss2: 0.000015 
| Global Round : 33 | Client :3 | Local Epoch : 0 | [64/620 (11%)]	Loss1: 5.841074 Loss2: 0.000016 
| Global Round : 33 | Client :3 | Local Epoch : 1 | [64/620 (11%)]	Loss1: 5.841402 Loss2: 0.000017 
| Global Round : 33 | Client :3 | Local Epoch : 2 | [64/620 (11%)]	Loss1: 5.843053 Loss2: 0.000017 
| Global Round : 33 | Client :3 | Local Epoch : 3 | [64/620 (11%)]	Loss1: 5.840740 Loss2: 0.000019 
| Global Round : 33 | Client :3 | Local Epoch : 4 | [64/620 (11%)]	Loss1: 5.842478 Loss2: 0.000017 
| Global Round : 33 | Client :4 | Local Epoch : 0 | [64/625 (11%)]	Loss1: 5.840557 Loss2: 0.000020 
| Global Round : 33 | Client :4 | Local Epoch : 1 | [64/625 (11%)]	Loss1: 5.841447 Loss2: 0.000020 
| Global Round : 33 | Client :4 | Local Epoch : 2 | [64/625 (11%)]	Loss1: 5.840770 Loss2: 0.000015 
| Global Round : 33 | Client :4 | Local Epoch : 3 | [64/625 (11%)]	Loss1: 5.840386 Loss2: 0.000024 
| Global Round : 33 | Client :4 | Local Epoch : 4 | [64/625 (11%)]	Loss1: 5.840356 Loss2: 0.000027 
| Global Round : 33 | Client :5 | Local Epoch : 0 | [64/604 (11%)]	Loss1: 5.840461 Loss2: 0.000018 
| Global Round : 33 | Client :5 | Local Epoch : 1 | [64/604 (11%)]	Loss1: 5.839653 Loss2: 0.000018 
| Global Round : 33 | Client :5 | Local Epoch : 2 | [64/604 (11%)]	Loss1: 5.840732 Loss2: 0.000023 
| Global Round : 33 | Client :5 | Local Epoch : 3 | [64/604 (11%)]	Loss1: 5.840343 Loss2: 0.000023 
| Global Round : 33 | Client :5 | Local Epoch : 4 | [64/604 (11%)]	Loss1: 5.839666 Loss2: 0.000023 
| Global Round : 33 | Client :6 | Local Epoch : 0 | [64/534 (12%)]	Loss1: 5.841633 Loss2: 0.000015 
| Global Round : 33 | Client :6 | Local Epoch : 1 | [64/534 (12%)]	Loss1: 5.841020 Loss2: 0.000016 
| Global Round : 33 | Client :6 | Local Epoch : 2 | [64/534 (12%)]	Loss1: 5.840853 Loss2: 0.000014 
| Global Round : 33 | Client :6 | Local Epoch : 3 | [64/534 (12%)]	Loss1: 5.841580 Loss2: 0.000017 
| Global Round : 33 | Client :6 | Local Epoch : 4 | [64/534 (12%)]	Loss1: 5.841273 Loss2: 0.000015 
| Global Round : 33 | Client :7 | Local Epoch : 0 | [64/824 (8%)]	Loss1: 5.841033 Loss2: 0.000025 
| Global Round : 33 | Client :7 | Local Epoch : 0 | [704/824 (92%)]	Loss1: 5.841861 Loss2: 0.000033 
| Global Round : 33 | Client :7 | Local Epoch : 1 | [64/824 (8%)]	Loss1: 5.840173 Loss2: 0.000028 
| Global Round : 33 | Client :7 | Local Epoch : 1 | [704/824 (92%)]	Loss1: 5.841429 Loss2: 0.000023 
| Global Round : 33 | Client :7 | Local Epoch : 2 | [64/824 (8%)]	Loss1: 5.840877 Loss2: 0.000023 
| Global Round : 33 | Client :7 | Local Epoch : 2 | [704/824 (92%)]	Loss1: 5.840017 Loss2: 0.000030 
| Global Round : 33 | Client :7 | Local Epoch : 3 | [64/824 (8%)]	Loss1: 5.840257 Loss2: 0.000025 
| Global Round : 33 | Client :7 | Local Epoch : 3 | [704/824 (92%)]	Loss1: 5.840336 Loss2: 0.000019 
| Global Round : 33 | Client :7 | Local Epoch : 4 | [64/824 (8%)]	Loss1: 5.840569 Loss2: 0.000020 
| Global Round : 33 | Client :7 | Local Epoch : 4 | [704/824 (92%)]	Loss1: 5.840980 Loss2: 0.000027 
| Global Round : 33 | Client :8 | Local Epoch : 0 | [64/714 (9%)]	Loss1: 5.842422 Loss2: 0.000022 
| Global Round : 33 | Client :8 | Local Epoch : 0 | [704/714 (100%)]	Loss1: 5.842656 Loss2: 0.000026 
| Global Round : 33 | Client :8 | Local Epoch : 1 | [64/714 (9%)]	Loss1: 5.840512 Loss2: 0.000025 
| Global Round : 33 | Client :8 | Local Epoch : 1 | [704/714 (100%)]	Loss1: 5.841392 Loss2: 0.000020 
| Global Round : 33 | Client :8 | Local Epoch : 2 | [64/714 (9%)]	Loss1: 5.839973 Loss2: 0.000020 
| Global Round : 33 | Client :8 | Local Epoch : 2 | [704/714 (100%)]	Loss1: 5.840987 Loss2: 0.000025 
| Global Round : 33 | Client :8 | Local Epoch : 3 | [64/714 (9%)]	Loss1: 5.842088 Loss2: 0.000021 
| Global Round : 33 | Client :8 | Local Epoch : 3 | [704/714 (100%)]	Loss1: 5.841364 Loss2: 0.000025 
| Global Round : 33 | Client :8 | Local Epoch : 4 | [64/714 (9%)]	Loss1: 5.840996 Loss2: 0.000024 
| Global Round : 33 | Client :8 | Local Epoch : 4 | [704/714 (100%)]	Loss1: 5.842367 Loss2: 0.000022 
| Global Round : 33 | Client :9 | Local Epoch : 0 | [64/607 (11%)]	Loss1: 5.841005 Loss2: 0.000016 
| Global Round : 33 | Client :9 | Local Epoch : 1 | [64/607 (11%)]	Loss1: 5.842468 Loss2: 0.000017 
| Global Round : 33 | Client :9 | Local Epoch : 2 | [64/607 (11%)]	Loss1: 5.841854 Loss2: 0.000018 
| Global Round : 33 | Client :9 | Local Epoch : 3 | [64/607 (11%)]	Loss1: 5.842697 Loss2: 0.000013 
| Global Round : 33 | Client :9 | Local Epoch : 4 | [64/607 (11%)]	Loss1: 5.840894 Loss2: 0.000019 
average loss:   5.838877042934492
average local test accuracy: 0.8256510416666668
average global test accuracy:  0.644140625

 | Global Training Round : 34 |

xi_k [0.47590084 0.53264034 0.53263879 0.49484031 0.49087901 0.50785657
 0.51069669 0.49638118 0.5252372  0.50547865]
max_exp: -1.0
coe: 10
Regulation [0.8 0.8 0.8 0.8 0.8 0.8 0.8 0.8 0.8 0.8]
Solver status: optimal_inaccurate
b_new: [1. 1. 1. 1. 1. 1. 1. 1. 1. 1.]
Iter 0: obj=50.3255, best_obj=50.3255, ||b_new-b_prev||₂=2.846050
xi_k [0.47590084 0.53264034 0.53263879 0.49484031 0.49087901 0.50785657
 0.51069669 0.49638118 0.5252372  0.50547865]
max_exp: -1.0
coe: 10
Regulation [-1. -1. -1. -1. -1. -1. -1. -1. -1. -1.]
Solver status: optimal_inaccurate
b_new: [1. 1. 1. 1. 1. 1. 1. 1. 1. 1.]
Iter 1: obj=51.2255, best_obj=51.2255, ||b_new-b_prev||₂=0.000000
Converged.
Final b: [1. 1. 1. 1. 1. 1. 1. 1. 1. 1.]
<class 'numpy.ndarray'>
b_float: [1. 1. 1. 1. 1. 1. 1. 1. 1. 1.]
b: [1 1 1 1 1 1 1 1 1 1]
active_clients:  [0, 1, 2, 3, 4, 5, 6, 7, 8, 9]
Client 0's s_k are:[0 1 1 1 1 1 1 1 1 1]
Client 1's s_k are:[1 0 1 1 1 1 1 1 1 1]
Client 2's s_k are:[1 1 0 1 1 1 1 1 1 1]
Client 3's s_k are:[1 1 1 0 1 1 1 1 1 1]
Client 4's s_k are:[1 1 1 1 0 1 1 1 1 1]
Client 5's s_k are:[1 1 1 1 1 0 1 1 1 1]
Client 6's s_k are:[1 1 1 1 1 1 0 1 1 1]
Client 7's s_k are:[1 1 1 1 1 1 1 0 1 1]
Client 8's s_k are:[1 1 1 1 1 1 1 1 0 1]
Client 9's s_k are:[1 1 1 1 1 1 1 1 1 0]
| Global Round : 34 | Client :0 | Local Epoch : 0 | [64/573 (12%)]	Loss1: 5.839750 Loss2: 0.000025 
| Global Round : 34 | Client :0 | Local Epoch : 1 | [64/573 (12%)]	Loss1: 5.840511 Loss2: 0.000022 
| Global Round : 34 | Client :0 | Local Epoch : 2 | [64/573 (12%)]	Loss1: 5.839711 Loss2: 0.000025 
| Global Round : 34 | Client :0 | Local Epoch : 3 | [64/573 (12%)]	Loss1: 5.838867 Loss2: 0.000022 
| Global Round : 34 | Client :0 | Local Epoch : 4 | [64/573 (12%)]	Loss1: 5.841188 Loss2: 0.000025 
| Global Round : 34 | Client :1 | Local Epoch : 0 | [64/448 (14%)]	Loss1: 5.842293 Loss2: 0.000020 
| Global Round : 34 | Client :1 | Local Epoch : 1 | [64/448 (14%)]	Loss1: 5.841419 Loss2: 0.000019 
| Global Round : 34 | Client :1 | Local Epoch : 2 | [64/448 (14%)]	Loss1: 5.840608 Loss2: 0.000013 
| Global Round : 34 | Client :1 | Local Epoch : 3 | [64/448 (14%)]	Loss1: 5.841159 Loss2: 0.000020 
| Global Round : 34 | Client :1 | Local Epoch : 4 | [64/448 (14%)]	Loss1: 5.841861 Loss2: 0.000016 
| Global Round : 34 | Client :2 | Local Epoch : 0 | [64/448 (14%)]	Loss1: 5.841334 Loss2: 0.000012 
| Global Round : 34 | Client :2 | Local Epoch : 1 | [64/448 (14%)]	Loss1: 5.841533 Loss2: 0.000012 
| Global Round : 34 | Client :2 | Local Epoch : 2 | [64/448 (14%)]	Loss1: 5.841364 Loss2: 0.000011 
| Global Round : 34 | Client :2 | Local Epoch : 3 | [64/448 (14%)]	Loss1: 5.841712 Loss2: 0.000013 
| Global Round : 34 | Client :2 | Local Epoch : 4 | [64/448 (14%)]	Loss1: 5.841676 Loss2: 0.000015 
| Global Round : 34 | Client :3 | Local Epoch : 0 | [64/620 (11%)]	Loss1: 5.840505 Loss2: 0.000019 
| Global Round : 34 | Client :3 | Local Epoch : 1 | [64/620 (11%)]	Loss1: 5.841594 Loss2: 0.000020 
| Global Round : 34 | Client :3 | Local Epoch : 2 | [64/620 (11%)]	Loss1: 5.841090 Loss2: 0.000021 
| Global Round : 34 | Client :3 | Local Epoch : 3 | [64/620 (11%)]	Loss1: 5.840544 Loss2: 0.000018 
| Global Round : 34 | Client :3 | Local Epoch : 4 | [64/620 (11%)]	Loss1: 5.841937 Loss2: 0.000016 
| Global Round : 34 | Client :4 | Local Epoch : 0 | [64/625 (11%)]	Loss1: 5.841533 Loss2: 0.000023 
| Global Round : 34 | Client :4 | Local Epoch : 1 | [64/625 (11%)]	Loss1: 5.841985 Loss2: 0.000019 
| Global Round : 34 | Client :4 | Local Epoch : 2 | [64/625 (11%)]	Loss1: 5.841823 Loss2: 0.000020 
| Global Round : 34 | Client :4 | Local Epoch : 3 | [64/625 (11%)]	Loss1: 5.840157 Loss2: 0.000020 
| Global Round : 34 | Client :4 | Local Epoch : 4 | [64/625 (11%)]	Loss1: 5.840227 Loss2: 0.000017 
| Global Round : 34 | Client :5 | Local Epoch : 0 | [64/604 (11%)]	Loss1: 5.839716 Loss2: 0.000021 
| Global Round : 34 | Client :5 | Local Epoch : 1 | [64/604 (11%)]	Loss1: 5.840255 Loss2: 0.000019 
| Global Round : 34 | Client :5 | Local Epoch : 2 | [64/604 (11%)]	Loss1: 5.840354 Loss2: 0.000018 
| Global Round : 34 | Client :5 | Local Epoch : 3 | [64/604 (11%)]	Loss1: 5.840231 Loss2: 0.000020 
| Global Round : 34 | Client :5 | Local Epoch : 4 | [64/604 (11%)]	Loss1: 5.840880 Loss2: 0.000020 
| Global Round : 34 | Client :6 | Local Epoch : 0 | [64/534 (12%)]	Loss1: 5.840742 Loss2: 0.000012 
| Global Round : 34 | Client :6 | Local Epoch : 1 | [64/534 (12%)]	Loss1: 5.841244 Loss2: 0.000012 
| Global Round : 34 | Client :6 | Local Epoch : 2 | [64/534 (12%)]	Loss1: 5.841808 Loss2: 0.000015 
| Global Round : 34 | Client :6 | Local Epoch : 3 | [64/534 (12%)]	Loss1: 5.841968 Loss2: 0.000018 
| Global Round : 34 | Client :6 | Local Epoch : 4 | [64/534 (12%)]	Loss1: 5.841208 Loss2: 0.000012 
| Global Round : 34 | Client :7 | Local Epoch : 0 | [64/824 (8%)]	Loss1: 5.840375 Loss2: 0.000024 
| Global Round : 34 | Client :7 | Local Epoch : 0 | [704/824 (92%)]	Loss1: 5.840493 Loss2: 0.000027 
| Global Round : 34 | Client :7 | Local Epoch : 1 | [64/824 (8%)]	Loss1: 5.842247 Loss2: 0.000024 
| Global Round : 34 | Client :7 | Local Epoch : 1 | [704/824 (92%)]	Loss1: 5.840902 Loss2: 0.000027 
| Global Round : 34 | Client :7 | Local Epoch : 2 | [64/824 (8%)]	Loss1: 5.840982 Loss2: 0.000022 
| Global Round : 34 | Client :7 | Local Epoch : 2 | [704/824 (92%)]	Loss1: 5.840536 Loss2: 0.000028 
| Global Round : 34 | Client :7 | Local Epoch : 3 | [64/824 (8%)]	Loss1: 5.840685 Loss2: 0.000025 
| Global Round : 34 | Client :7 | Local Epoch : 3 | [704/824 (92%)]	Loss1: 5.839415 Loss2: 0.000026 
| Global Round : 34 | Client :7 | Local Epoch : 4 | [64/824 (8%)]	Loss1: 5.841892 Loss2: 0.000023 
| Global Round : 34 | Client :7 | Local Epoch : 4 | [704/824 (92%)]	Loss1: 5.840237 Loss2: 0.000023 
| Global Round : 34 | Client :8 | Local Epoch : 0 | [64/714 (9%)]	Loss1: 5.841020 Loss2: 0.000020 
| Global Round : 34 | Client :8 | Local Epoch : 0 | [704/714 (100%)]	Loss1: 5.842130 Loss2: 0.000020 
| Global Round : 34 | Client :8 | Local Epoch : 1 | [64/714 (9%)]	Loss1: 5.841272 Loss2: 0.000021 
| Global Round : 34 | Client :8 | Local Epoch : 1 | [704/714 (100%)]	Loss1: 5.841055 Loss2: 0.000021 
| Global Round : 34 | Client :8 | Local Epoch : 2 | [64/714 (9%)]	Loss1: 5.841533 Loss2: 0.000018 
| Global Round : 34 | Client :8 | Local Epoch : 2 | [704/714 (100%)]	Loss1: 5.841955 Loss2: 0.000025 
| Global Round : 34 | Client :8 | Local Epoch : 3 | [64/714 (9%)]	Loss1: 5.841264 Loss2: 0.000021 
| Global Round : 34 | Client :8 | Local Epoch : 3 | [704/714 (100%)]	Loss1: 5.841063 Loss2: 0.000022 
| Global Round : 34 | Client :8 | Local Epoch : 4 | [64/714 (9%)]	Loss1: 5.840288 Loss2: 0.000021 
| Global Round : 34 | Client :8 | Local Epoch : 4 | [704/714 (100%)]	Loss1: 5.841636 Loss2: 0.000023 
| Global Round : 34 | Client :9 | Local Epoch : 0 | [64/607 (11%)]	Loss1: 5.841720 Loss2: 0.000017 
| Global Round : 34 | Client :9 | Local Epoch : 1 | [64/607 (11%)]	Loss1: 5.842237 Loss2: 0.000018 
| Global Round : 34 | Client :9 | Local Epoch : 2 | [64/607 (11%)]	Loss1: 5.840308 Loss2: 0.000017 
| Global Round : 34 | Client :9 | Local Epoch : 3 | [64/607 (11%)]	Loss1: 5.841933 Loss2: 0.000016 
| Global Round : 34 | Client :9 | Local Epoch : 4 | [64/607 (11%)]	Loss1: 5.842035 Loss2: 0.000015 
average loss:   5.838809420536091
average local test accuracy: 0.8233072916666668
average global test accuracy:  0.60546875

 | Global Training Round : 35 |

xi_k [0.47592294 0.53264323 0.5326102  0.49485806 0.490868   0.50785319
 0.51068405 0.49641034 0.52519923 0.50545411]
max_exp: -1.0
coe: 10
Regulation [0.8 0.8 0.8 0.8 0.8 0.8 0.8 0.8 0.8 0.8]
Solver status: optimal_inaccurate
b_new: [1. 1. 1. 1. 1. 1. 1. 1. 1. 1.]
Iter 0: obj=50.3250, best_obj=50.3250, ||b_new-b_prev||₂=2.846050
xi_k [0.47592294 0.53264323 0.5326102  0.49485806 0.490868   0.50785319
 0.51068405 0.49641034 0.52519923 0.50545411]
max_exp: -1.0
coe: 10
Regulation [-1. -1. -1. -1. -1. -1. -1. -1. -1. -1.]
Solver status: optimal_inaccurate
b_new: [1. 1. 1. 1. 1. 1. 1. 1. 1. 1.]
Iter 1: obj=51.2250, best_obj=51.2250, ||b_new-b_prev||₂=0.000000
Converged.
Final b: [1. 1. 1. 1. 1. 1. 1. 1. 1. 1.]
<class 'numpy.ndarray'>
b_float: [1. 1. 1. 1. 1. 1. 1. 1. 1. 1.]
b: [1 1 1 1 1 1 1 1 1 1]
active_clients:  [0, 1, 2, 3, 4, 5, 6, 7, 8, 9]
Client 0's s_k are:[0 1 1 1 1 1 1 1 1 1]
Client 1's s_k are:[1 0 1 1 1 1 1 1 1 1]
Client 2's s_k are:[1 1 0 1 1 1 1 1 1 1]
Client 3's s_k are:[1 1 1 0 1 1 1 1 1 1]
Client 4's s_k are:[1 1 1 1 0 1 1 1 1 1]
Client 5's s_k are:[1 1 1 1 1 0 1 1 1 1]
Client 6's s_k are:[1 1 1 1 1 1 0 1 1 1]
Client 7's s_k are:[1 1 1 1 1 1 1 0 1 1]
Client 8's s_k are:[1 1 1 1 1 1 1 1 0 1]
Client 9's s_k are:[1 1 1 1 1 1 1 1 1 0]
| Global Round : 35 | Client :0 | Local Epoch : 0 | [64/573 (12%)]	Loss1: 5.840320 Loss2: 0.000023 
| Global Round : 35 | Client :0 | Local Epoch : 1 | [64/573 (12%)]	Loss1: 5.840354 Loss2: 0.000023 
| Global Round : 35 | Client :0 | Local Epoch : 2 | [64/573 (12%)]	Loss1: 5.839980 Loss2: 0.000024 
| Global Round : 35 | Client :0 | Local Epoch : 3 | [64/573 (12%)]	Loss1: 5.841306 Loss2: 0.000024 
| Global Round : 35 | Client :0 | Local Epoch : 4 | [64/573 (12%)]	Loss1: 5.840771 Loss2: 0.000023 
| Global Round : 35 | Client :1 | Local Epoch : 0 | [64/448 (14%)]	Loss1: 5.842043 Loss2: 0.000018 
| Global Round : 35 | Client :1 | Local Epoch : 1 | [64/448 (14%)]	Loss1: 5.840927 Loss2: 0.000019 
| Global Round : 35 | Client :1 | Local Epoch : 2 | [64/448 (14%)]	Loss1: 5.840628 Loss2: 0.000020 
| Global Round : 35 | Client :1 | Local Epoch : 3 | [64/448 (14%)]	Loss1: 5.841493 Loss2: 0.000018 
| Global Round : 35 | Client :1 | Local Epoch : 4 | [64/448 (14%)]	Loss1: 5.841004 Loss2: 0.000019 
| Global Round : 35 | Client :2 | Local Epoch : 0 | [64/448 (14%)]	Loss1: 5.840657 Loss2: 0.000013 
| Global Round : 35 | Client :2 | Local Epoch : 1 | [64/448 (14%)]	Loss1: 5.842271 Loss2: 0.000015 
| Global Round : 35 | Client :2 | Local Epoch : 2 | [64/448 (14%)]	Loss1: 5.841474 Loss2: 0.000013 
| Global Round : 35 | Client :2 | Local Epoch : 3 | [64/448 (14%)]	Loss1: 5.841293 Loss2: 0.000013 
| Global Round : 35 | Client :2 | Local Epoch : 4 | [64/448 (14%)]	Loss1: 5.841249 Loss2: 0.000011 
| Global Round : 35 | Client :3 | Local Epoch : 0 | [64/620 (11%)]	Loss1: 5.840888 Loss2: 0.000015 
| Global Round : 35 | Client :3 | Local Epoch : 1 | [64/620 (11%)]	Loss1: 5.841054 Loss2: 0.000013 
| Global Round : 35 | Client :3 | Local Epoch : 2 | [64/620 (11%)]	Loss1: 5.840260 Loss2: 0.000019 
| Global Round : 35 | Client :3 | Local Epoch : 3 | [64/620 (11%)]	Loss1: 5.843328 Loss2: 0.000019 
| Global Round : 35 | Client :3 | Local Epoch : 4 | [64/620 (11%)]	Loss1: 5.840991 Loss2: 0.000014 
| Global Round : 35 | Client :4 | Local Epoch : 0 | [64/625 (11%)]	Loss1: 5.842120 Loss2: 0.000029 
| Global Round : 35 | Client :4 | Local Epoch : 1 | [64/625 (11%)]	Loss1: 5.840613 Loss2: 0.000020 
| Global Round : 35 | Client :4 | Local Epoch : 2 | [64/625 (11%)]	Loss1: 5.842638 Loss2: 0.000017 
| Global Round : 35 | Client :4 | Local Epoch : 3 | [64/625 (11%)]	Loss1: 5.840864 Loss2: 0.000023 
| Global Round : 35 | Client :4 | Local Epoch : 4 | [64/625 (11%)]	Loss1: 5.840746 Loss2: 0.000022 
| Global Round : 35 | Client :5 | Local Epoch : 0 | [64/604 (11%)]	Loss1: 5.840618 Loss2: 0.000019 
| Global Round : 35 | Client :5 | Local Epoch : 1 | [64/604 (11%)]	Loss1: 5.839807 Loss2: 0.000021 
| Global Round : 35 | Client :5 | Local Epoch : 2 | [64/604 (11%)]	Loss1: 5.840819 Loss2: 0.000020 
| Global Round : 35 | Client :5 | Local Epoch : 3 | [64/604 (11%)]	Loss1: 5.839577 Loss2: 0.000020 
| Global Round : 35 | Client :5 | Local Epoch : 4 | [64/604 (11%)]	Loss1: 5.840088 Loss2: 0.000021 
| Global Round : 35 | Client :6 | Local Epoch : 0 | [64/534 (12%)]	Loss1: 5.840961 Loss2: 0.000015 
| Global Round : 35 | Client :6 | Local Epoch : 1 | [64/534 (12%)]	Loss1: 5.841754 Loss2: 0.000020 
| Global Round : 35 | Client :6 | Local Epoch : 2 | [64/534 (12%)]	Loss1: 5.841604 Loss2: 0.000016 
| Global Round : 35 | Client :6 | Local Epoch : 3 | [64/534 (12%)]	Loss1: 5.842408 Loss2: 0.000018 
| Global Round : 35 | Client :6 | Local Epoch : 4 | [64/534 (12%)]	Loss1: 5.842004 Loss2: 0.000018 
| Global Round : 35 | Client :7 | Local Epoch : 0 | [64/824 (8%)]	Loss1: 5.840198 Loss2: 0.000023 
| Global Round : 35 | Client :7 | Local Epoch : 0 | [704/824 (92%)]	Loss1: 5.839463 Loss2: 0.000024 
| Global Round : 35 | Client :7 | Local Epoch : 1 | [64/824 (8%)]	Loss1: 5.840103 Loss2: 0.000022 
| Global Round : 35 | Client :7 | Local Epoch : 1 | [704/824 (92%)]	Loss1: 5.840536 Loss2: 0.000023 
| Global Round : 35 | Client :7 | Local Epoch : 2 | [64/824 (8%)]	Loss1: 5.840291 Loss2: 0.000026 
| Global Round : 35 | Client :7 | Local Epoch : 2 | [704/824 (92%)]	Loss1: 5.840717 Loss2: 0.000023 
| Global Round : 35 | Client :7 | Local Epoch : 3 | [64/824 (8%)]	Loss1: 5.841157 Loss2: 0.000023 
| Global Round : 35 | Client :7 | Local Epoch : 3 | [704/824 (92%)]	Loss1: 5.839656 Loss2: 0.000025 
| Global Round : 35 | Client :7 | Local Epoch : 4 | [64/824 (8%)]	Loss1: 5.840154 Loss2: 0.000027 
| Global Round : 35 | Client :7 | Local Epoch : 4 | [704/824 (92%)]	Loss1: 5.839808 Loss2: 0.000026 
| Global Round : 35 | Client :8 | Local Epoch : 0 | [64/714 (9%)]	Loss1: 5.842328 Loss2: 0.000024 
| Global Round : 35 | Client :8 | Local Epoch : 0 | [704/714 (100%)]	Loss1: 5.842777 Loss2: 0.000020 
| Global Round : 35 | Client :8 | Local Epoch : 1 | [64/714 (9%)]	Loss1: 5.840831 Loss2: 0.000023 
| Global Round : 35 | Client :8 | Local Epoch : 1 | [704/714 (100%)]	Loss1: 5.841196 Loss2: 0.000022 
| Global Round : 35 | Client :8 | Local Epoch : 2 | [64/714 (9%)]	Loss1: 5.841972 Loss2: 0.000023 
| Global Round : 35 | Client :8 | Local Epoch : 2 | [704/714 (100%)]	Loss1: 5.841492 Loss2: 0.000022 
| Global Round : 35 | Client :8 | Local Epoch : 3 | [64/714 (9%)]	Loss1: 5.841129 Loss2: 0.000023 
| Global Round : 35 | Client :8 | Local Epoch : 3 | [704/714 (100%)]	Loss1: 5.841318 Loss2: 0.000026 
| Global Round : 35 | Client :8 | Local Epoch : 4 | [64/714 (9%)]	Loss1: 5.841671 Loss2: 0.000019 
| Global Round : 35 | Client :8 | Local Epoch : 4 | [704/714 (100%)]	Loss1: 5.840924 Loss2: 0.000020 
| Global Round : 35 | Client :9 | Local Epoch : 0 | [64/607 (11%)]	Loss1: 5.842566 Loss2: 0.000018 
| Global Round : 35 | Client :9 | Local Epoch : 1 | [64/607 (11%)]	Loss1: 5.841806 Loss2: 0.000014 
| Global Round : 35 | Client :9 | Local Epoch : 2 | [64/607 (11%)]	Loss1: 5.841759 Loss2: 0.000015 
| Global Round : 35 | Client :9 | Local Epoch : 3 | [64/607 (11%)]	Loss1: 5.841583 Loss2: 0.000017 
| Global Round : 35 | Client :9 | Local Epoch : 4 | [64/607 (11%)]	Loss1: 5.841315 Loss2: 0.000015 
average loss:   5.8388479116761145
average local test accuracy: 0.8239583333333332
average global test accuracy:  0.665234375

 | Global Training Round : 36 |

xi_k [0.47590067 0.53265566 0.5326675  0.4948432  0.49086348 0.50787018
 0.51065491 0.4964005  0.52521353 0.50553298]
max_exp: -1.0
coe: 10
Regulation [0.8 0.8 0.8 0.8 0.8 0.8 0.8 0.8 0.8 0.8]
Solver status: optimal_inaccurate
b_new: [1. 1. 1. 1. 1. 1. 1. 1. 1. 1.]
Iter 0: obj=50.3260, best_obj=50.3260, ||b_new-b_prev||₂=2.846050
xi_k [0.47590067 0.53265566 0.5326675  0.4948432  0.49086348 0.50787018
 0.51065491 0.4964005  0.52521353 0.50553298]
max_exp: -1.0
coe: 10
Regulation [-1. -1. -1. -1. -1. -1. -1. -1. -1. -1.]
Solver status: optimal_inaccurate
b_new: [1. 1. 1. 1. 1. 1. 1. 1. 1. 1.]
Iter 1: obj=51.2260, best_obj=51.2260, ||b_new-b_prev||₂=0.000000
Converged.
Final b: [1. 1. 1. 1. 1. 1. 1. 1. 1. 1.]
<class 'numpy.ndarray'>
b_float: [1. 1. 1. 1. 1. 1. 1. 1. 1. 1.]
b: [1 1 1 1 1 1 1 1 1 1]
active_clients:  [0, 1, 2, 3, 4, 5, 6, 7, 8, 9]
Client 0's s_k are:[0 1 1 1 1 1 1 1 1 1]
Client 1's s_k are:[1 0 1 1 1 1 1 1 1 1]
Client 2's s_k are:[1 1 0 1 1 1 1 1 1 1]
Client 3's s_k are:[1 1 1 0 1 1 1 1 1 1]
Client 4's s_k are:[1 1 1 1 0 1 1 1 1 1]
Client 5's s_k are:[1 1 1 1 1 0 1 1 1 1]
Client 6's s_k are:[1 1 1 1 1 1 0 1 1 1]
Client 7's s_k are:[1 1 1 1 1 1 1 0 1 1]
Client 8's s_k are:[1 1 1 1 1 1 1 1 0 1]
Client 9's s_k are:[1 1 1 1 1 1 1 1 1 0]
| Global Round : 36 | Client :0 | Local Epoch : 0 | [64/573 (12%)]	Loss1: 5.840752 Loss2: 0.000023 
| Global Round : 36 | Client :0 | Local Epoch : 1 | [64/573 (12%)]	Loss1: 5.841277 Loss2: 0.000022 
| Global Round : 36 | Client :0 | Local Epoch : 2 | [64/573 (12%)]	Loss1: 5.839777 Loss2: 0.000024 
| Global Round : 36 | Client :0 | Local Epoch : 3 | [64/573 (12%)]	Loss1: 5.839894 Loss2: 0.000022 
| Global Round : 36 | Client :0 | Local Epoch : 4 | [64/573 (12%)]	Loss1: 5.840987 Loss2: 0.000023 
| Global Round : 36 | Client :1 | Local Epoch : 0 | [64/448 (14%)]	Loss1: 5.841150 Loss2: 0.000017 
| Global Round : 36 | Client :1 | Local Epoch : 1 | [64/448 (14%)]	Loss1: 5.841543 Loss2: 0.000017 
| Global Round : 36 | Client :1 | Local Epoch : 2 | [64/448 (14%)]	Loss1: 5.842558 Loss2: 0.000018 
| Global Round : 36 | Client :1 | Local Epoch : 3 | [64/448 (14%)]	Loss1: 5.841282 Loss2: 0.000017 
| Global Round : 36 | Client :1 | Local Epoch : 4 | [64/448 (14%)]	Loss1: 5.841769 Loss2: 0.000018 
| Global Round : 36 | Client :2 | Local Epoch : 0 | [64/448 (14%)]	Loss1: 5.841641 Loss2: 0.000011 
| Global Round : 36 | Client :2 | Local Epoch : 1 | [64/448 (14%)]	Loss1: 5.840642 Loss2: 0.000017 
| Global Round : 36 | Client :2 | Local Epoch : 2 | [64/448 (14%)]	Loss1: 5.841504 Loss2: 0.000011 
| Global Round : 36 | Client :2 | Local Epoch : 3 | [64/448 (14%)]	Loss1: 5.841512 Loss2: 0.000013 
| Global Round : 36 | Client :2 | Local Epoch : 4 | [64/448 (14%)]	Loss1: 5.840486 Loss2: 0.000013 
| Global Round : 36 | Client :3 | Local Epoch : 0 | [64/620 (11%)]	Loss1: 5.840175 Loss2: 0.000018 
| Global Round : 36 | Client :3 | Local Epoch : 1 | [64/620 (11%)]	Loss1: 5.840936 Loss2: 0.000019 
| Global Round : 36 | Client :3 | Local Epoch : 2 | [64/620 (11%)]	Loss1: 5.841985 Loss2: 0.000016 
| Global Round : 36 | Client :3 | Local Epoch : 3 | [64/620 (11%)]	Loss1: 5.841786 Loss2: 0.000014 
| Global Round : 36 | Client :3 | Local Epoch : 4 | [64/620 (11%)]	Loss1: 5.841542 Loss2: 0.000017 
| Global Round : 36 | Client :4 | Local Epoch : 0 | [64/625 (11%)]	Loss1: 5.841095 Loss2: 0.000019 
| Global Round : 36 | Client :4 | Local Epoch : 1 | [64/625 (11%)]	Loss1: 5.842335 Loss2: 0.000021 
| Global Round : 36 | Client :4 | Local Epoch : 2 | [64/625 (11%)]	Loss1: 5.839733 Loss2: 0.000018 
| Global Round : 36 | Client :4 | Local Epoch : 3 | [64/625 (11%)]	Loss1: 5.841842 Loss2: 0.000022 
| Global Round : 36 | Client :4 | Local Epoch : 4 | [64/625 (11%)]	Loss1: 5.841038 Loss2: 0.000018 
| Global Round : 36 | Client :5 | Local Epoch : 0 | [64/604 (11%)]	Loss1: 5.840403 Loss2: 0.000015 
| Global Round : 36 | Client :5 | Local Epoch : 1 | [64/604 (11%)]	Loss1: 5.840304 Loss2: 0.000023 
| Global Round : 36 | Client :5 | Local Epoch : 2 | [64/604 (11%)]	Loss1: 5.840698 Loss2: 0.000020 
| Global Round : 36 | Client :5 | Local Epoch : 3 | [64/604 (11%)]	Loss1: 5.839980 Loss2: 0.000019 
| Global Round : 36 | Client :5 | Local Epoch : 4 | [64/604 (11%)]	Loss1: 5.840379 Loss2: 0.000019 
| Global Round : 36 | Client :6 | Local Epoch : 0 | [64/534 (12%)]	Loss1: 5.841181 Loss2: 0.000016 
| Global Round : 36 | Client :6 | Local Epoch : 1 | [64/534 (12%)]	Loss1: 5.841972 Loss2: 0.000016 
| Global Round : 36 | Client :6 | Local Epoch : 2 | [64/534 (12%)]	Loss1: 5.842257 Loss2: 0.000012 
| Global Round : 36 | Client :6 | Local Epoch : 3 | [64/534 (12%)]	Loss1: 5.843349 Loss2: 0.000013 
| Global Round : 36 | Client :6 | Local Epoch : 4 | [64/534 (12%)]	Loss1: 5.842159 Loss2: 0.000012 
| Global Round : 36 | Client :7 | Local Epoch : 0 | [64/824 (8%)]	Loss1: 5.840807 Loss2: 0.000026 
| Global Round : 36 | Client :7 | Local Epoch : 0 | [704/824 (92%)]	Loss1: 5.839820 Loss2: 0.000026 
| Global Round : 36 | Client :7 | Local Epoch : 1 | [64/824 (8%)]	Loss1: 5.840225 Loss2: 0.000028 
| Global Round : 36 | Client :7 | Local Epoch : 1 | [704/824 (92%)]	Loss1: 5.841058 Loss2: 0.000021 
| Global Round : 36 | Client :7 | Local Epoch : 2 | [64/824 (8%)]	Loss1: 5.839686 Loss2: 0.000026 
| Global Round : 36 | Client :7 | Local Epoch : 2 | [704/824 (92%)]	Loss1: 5.840088 Loss2: 0.000026 
| Global Round : 36 | Client :7 | Local Epoch : 3 | [64/824 (8%)]	Loss1: 5.839711 Loss2: 0.000021 
| Global Round : 36 | Client :7 | Local Epoch : 3 | [704/824 (92%)]	Loss1: 5.839477 Loss2: 0.000030 
| Global Round : 36 | Client :7 | Local Epoch : 4 | [64/824 (8%)]	Loss1: 5.840031 Loss2: 0.000025 
| Global Round : 36 | Client :7 | Local Epoch : 4 | [704/824 (92%)]	Loss1: 5.840374 Loss2: 0.000024 
| Global Round : 36 | Client :8 | Local Epoch : 0 | [64/714 (9%)]	Loss1: 5.840842 Loss2: 0.000019 
| Global Round : 36 | Client :8 | Local Epoch : 0 | [704/714 (100%)]	Loss1: 5.841943 Loss2: 0.000022 
| Global Round : 36 | Client :8 | Local Epoch : 1 | [64/714 (9%)]	Loss1: 5.841973 Loss2: 0.000025 
| Global Round : 36 | Client :8 | Local Epoch : 1 | [704/714 (100%)]	Loss1: 5.841468 Loss2: 0.000023 
| Global Round : 36 | Client :8 | Local Epoch : 2 | [64/714 (9%)]	Loss1: 5.842726 Loss2: 0.000025 
| Global Round : 36 | Client :8 | Local Epoch : 2 | [704/714 (100%)]	Loss1: 5.840694 Loss2: 0.000026 
| Global Round : 36 | Client :8 | Local Epoch : 3 | [64/714 (9%)]	Loss1: 5.841016 Loss2: 0.000021 
| Global Round : 36 | Client :8 | Local Epoch : 3 | [704/714 (100%)]	Loss1: 5.840266 Loss2: 0.000021 
| Global Round : 36 | Client :8 | Local Epoch : 4 | [64/714 (9%)]	Loss1: 5.842076 Loss2: 0.000019 
| Global Round : 36 | Client :8 | Local Epoch : 4 | [704/714 (100%)]	Loss1: 5.840676 Loss2: 0.000020 
| Global Round : 36 | Client :9 | Local Epoch : 0 | [64/607 (11%)]	Loss1: 5.842288 Loss2: 0.000016 
| Global Round : 36 | Client :9 | Local Epoch : 1 | [64/607 (11%)]	Loss1: 5.840659 Loss2: 0.000013 
| Global Round : 36 | Client :9 | Local Epoch : 2 | [64/607 (11%)]	Loss1: 5.842343 Loss2: 0.000015 
| Global Round : 36 | Client :9 | Local Epoch : 3 | [64/607 (11%)]	Loss1: 5.841657 Loss2: 0.000014 
| Global Round : 36 | Client :9 | Local Epoch : 4 | [64/607 (11%)]	Loss1: 5.841966 Loss2: 0.000015 
average loss:   5.838798077359344
average local test accuracy: 0.8200520833333333
average global test accuracy:  0.65625

 | Global Training Round : 37 |

xi_k [0.47591354 0.53263463 0.53267682 0.49484436 0.49088613 0.50785994
 0.51070165 0.49637895 0.52516521 0.50550886]
max_exp: -1.0
coe: 10
Regulation [0.8 0.8 0.8 0.8 0.8 0.8 0.8 0.8 0.8 0.8]
Solver status: optimal_inaccurate
b_new: [1. 1. 1. 1. 1. 1. 1. 1. 1. 1.]
Iter 0: obj=50.3257, best_obj=50.3257, ||b_new-b_prev||₂=2.846050
xi_k [0.47591354 0.53263463 0.53267682 0.49484436 0.49088613 0.50785994
 0.51070165 0.49637895 0.52516521 0.50550886]
max_exp: -1.0
coe: 10
Regulation [-1. -1. -1. -1. -1. -1. -1. -1. -1. -1.]
Solver status: optimal_inaccurate
b_new: [1. 1. 1. 1. 1. 1. 1. 1. 1. 1.]
Iter 1: obj=51.2257, best_obj=51.2257, ||b_new-b_prev||₂=0.000000
Converged.
Final b: [1. 1. 1. 1. 1. 1. 1. 1. 1. 1.]
<class 'numpy.ndarray'>
b_float: [1. 1. 1. 1. 1. 1. 1. 1. 1. 1.]
b: [1 1 1 1 1 1 1 1 1 1]
active_clients:  [0, 1, 2, 3, 4, 5, 6, 7, 8, 9]
Client 0's s_k are:[0 1 1 1 1 1 1 1 1 1]
Client 1's s_k are:[1 0 1 1 1 1 1 1 1 1]
Client 2's s_k are:[1 1 0 1 1 1 1 1 1 1]
Client 3's s_k are:[1 1 1 0 1 1 1 1 1 1]
Client 4's s_k are:[1 1 1 1 0 1 1 1 1 1]
Client 5's s_k are:[1 1 1 1 1 0 1 1 1 1]
Client 6's s_k are:[1 1 1 1 1 1 0 1 1 1]
Client 7's s_k are:[1 1 1 1 1 1 1 0 1 1]
Client 8's s_k are:[1 1 1 1 1 1 1 1 0 1]
Client 9's s_k are:[1 1 1 1 1 1 1 1 1 0]
| Global Round : 37 | Client :0 | Local Epoch : 0 | [64/573 (12%)]	Loss1: 5.841627 Loss2: 0.000021 
| Global Round : 37 | Client :0 | Local Epoch : 1 | [64/573 (12%)]	Loss1: 5.839992 Loss2: 0.000023 
| Global Round : 37 | Client :0 | Local Epoch : 2 | [64/573 (12%)]	Loss1: 5.840646 Loss2: 0.000022 
| Global Round : 37 | Client :0 | Local Epoch : 3 | [64/573 (12%)]	Loss1: 5.839562 Loss2: 0.000025 
| Global Round : 37 | Client :0 | Local Epoch : 4 | [64/573 (12%)]	Loss1: 5.840223 Loss2: 0.000024 
| Global Round : 37 | Client :1 | Local Epoch : 0 | [64/448 (14%)]	Loss1: 5.841190 Loss2: 0.000018 
| Global Round : 37 | Client :1 | Local Epoch : 1 | [64/448 (14%)]	Loss1: 5.841198 Loss2: 0.000015 
| Global Round : 37 | Client :1 | Local Epoch : 2 | [64/448 (14%)]	Loss1: 5.840860 Loss2: 0.000018 
| Global Round : 37 | Client :1 | Local Epoch : 3 | [64/448 (14%)]	Loss1: 5.841848 Loss2: 0.000019 
| Global Round : 37 | Client :1 | Local Epoch : 4 | [64/448 (14%)]	Loss1: 5.842123 Loss2: 0.000016 
| Global Round : 37 | Client :2 | Local Epoch : 0 | [64/448 (14%)]	Loss1: 5.841499 Loss2: 0.000013 
| Global Round : 37 | Client :2 | Local Epoch : 1 | [64/448 (14%)]	Loss1: 5.841104 Loss2: 0.000014 
| Global Round : 37 | Client :2 | Local Epoch : 2 | [64/448 (14%)]	Loss1: 5.840481 Loss2: 0.000015 
| Global Round : 37 | Client :2 | Local Epoch : 3 | [64/448 (14%)]	Loss1: 5.841058 Loss2: 0.000016 
| Global Round : 37 | Client :2 | Local Epoch : 4 | [64/448 (14%)]	Loss1: 5.842116 Loss2: 0.000011 
| Global Round : 37 | Client :3 | Local Epoch : 0 | [64/620 (11%)]	Loss1: 5.839996 Loss2: 0.000019 
| Global Round : 37 | Client :3 | Local Epoch : 1 | [64/620 (11%)]	Loss1: 5.841760 Loss2: 0.000019 
| Global Round : 37 | Client :3 | Local Epoch : 2 | [64/620 (11%)]	Loss1: 5.842587 Loss2: 0.000013 
| Global Round : 37 | Client :3 | Local Epoch : 3 | [64/620 (11%)]	Loss1: 5.842824 Loss2: 0.000019 
| Global Round : 37 | Client :3 | Local Epoch : 4 | [64/620 (11%)]	Loss1: 5.842086 Loss2: 0.000018 
| Global Round : 37 | Client :4 | Local Epoch : 0 | [64/625 (11%)]	Loss1: 5.840246 Loss2: 0.000019 
| Global Round : 37 | Client :4 | Local Epoch : 1 | [64/625 (11%)]	Loss1: 5.841200 Loss2: 0.000023 
| Global Round : 37 | Client :4 | Local Epoch : 2 | [64/625 (11%)]	Loss1: 5.840746 Loss2: 0.000025 
| Global Round : 37 | Client :4 | Local Epoch : 3 | [64/625 (11%)]	Loss1: 5.840873 Loss2: 0.000016 
| Global Round : 37 | Client :4 | Local Epoch : 4 | [64/625 (11%)]	Loss1: 5.840487 Loss2: 0.000021 
| Global Round : 37 | Client :5 | Local Epoch : 0 | [64/604 (11%)]	Loss1: 5.841486 Loss2: 0.000020 
| Global Round : 37 | Client :5 | Local Epoch : 1 | [64/604 (11%)]	Loss1: 5.840692 Loss2: 0.000020 
| Global Round : 37 | Client :5 | Local Epoch : 2 | [64/604 (11%)]	Loss1: 5.839755 Loss2: 0.000020 
| Global Round : 37 | Client :5 | Local Epoch : 3 | [64/604 (11%)]	Loss1: 5.839727 Loss2: 0.000020 
| Global Round : 37 | Client :5 | Local Epoch : 4 | [64/604 (11%)]	Loss1: 5.840229 Loss2: 0.000019 
| Global Round : 37 | Client :6 | Local Epoch : 0 | [64/534 (12%)]	Loss1: 5.839612 Loss2: 0.000016 
| Global Round : 37 | Client :6 | Local Epoch : 1 | [64/534 (12%)]	Loss1: 5.841297 Loss2: 0.000013 
| Global Round : 37 | Client :6 | Local Epoch : 2 | [64/534 (12%)]	Loss1: 5.841296 Loss2: 0.000014 
| Global Round : 37 | Client :6 | Local Epoch : 3 | [64/534 (12%)]	Loss1: 5.842362 Loss2: 0.000015 
| Global Round : 37 | Client :6 | Local Epoch : 4 | [64/534 (12%)]	Loss1: 5.841524 Loss2: 0.000014 
| Global Round : 37 | Client :7 | Local Epoch : 0 | [64/824 (8%)]	Loss1: 5.839109 Loss2: 0.000023 
| Global Round : 37 | Client :7 | Local Epoch : 0 | [704/824 (92%)]	Loss1: 5.839840 Loss2: 0.000022 
| Global Round : 37 | Client :7 | Local Epoch : 1 | [64/824 (8%)]	Loss1: 5.840716 Loss2: 0.000026 
| Global Round : 37 | Client :7 | Local Epoch : 1 | [704/824 (92%)]	Loss1: 5.839287 Loss2: 0.000022 
| Global Round : 37 | Client :7 | Local Epoch : 2 | [64/824 (8%)]	Loss1: 5.839741 Loss2: 0.000028 
| Global Round : 37 | Client :7 | Local Epoch : 2 | [704/824 (92%)]	Loss1: 5.840070 Loss2: 0.000030 
| Global Round : 37 | Client :7 | Local Epoch : 3 | [64/824 (8%)]	Loss1: 5.840717 Loss2: 0.000026 
| Global Round : 37 | Client :7 | Local Epoch : 3 | [704/824 (92%)]	Loss1: 5.841386 Loss2: 0.000022 
| Global Round : 37 | Client :7 | Local Epoch : 4 | [64/824 (8%)]	Loss1: 5.840590 Loss2: 0.000028 
| Global Round : 37 | Client :7 | Local Epoch : 4 | [704/824 (92%)]	Loss1: 5.839695 Loss2: 0.000025 
| Global Round : 37 | Client :8 | Local Epoch : 0 | [64/714 (9%)]	Loss1: 5.841054 Loss2: 0.000017 
| Global Round : 37 | Client :8 | Local Epoch : 0 | [704/714 (100%)]	Loss1: 5.840417 Loss2: 0.000022 
| Global Round : 37 | Client :8 | Local Epoch : 1 | [64/714 (9%)]	Loss1: 5.841354 Loss2: 0.000021 
| Global Round : 37 | Client :8 | Local Epoch : 1 | [704/714 (100%)]	Loss1: 5.841228 Loss2: 0.000020 
| Global Round : 37 | Client :8 | Local Epoch : 2 | [64/714 (9%)]	Loss1: 5.840803 Loss2: 0.000023 
| Global Round : 37 | Client :8 | Local Epoch : 2 | [704/714 (100%)]	Loss1: 5.841972 Loss2: 0.000020 
| Global Round : 37 | Client :8 | Local Epoch : 3 | [64/714 (9%)]	Loss1: 5.841439 Loss2: 0.000022 
| Global Round : 37 | Client :8 | Local Epoch : 3 | [704/714 (100%)]	Loss1: 5.840894 Loss2: 0.000026 
| Global Round : 37 | Client :8 | Local Epoch : 4 | [64/714 (9%)]	Loss1: 5.841027 Loss2: 0.000021 
| Global Round : 37 | Client :8 | Local Epoch : 4 | [704/714 (100%)]	Loss1: 5.842796 Loss2: 0.000021 
| Global Round : 37 | Client :9 | Local Epoch : 0 | [64/607 (11%)]	Loss1: 5.841520 Loss2: 0.000016 
| Global Round : 37 | Client :9 | Local Epoch : 1 | [64/607 (11%)]	Loss1: 5.841209 Loss2: 0.000018 
| Global Round : 37 | Client :9 | Local Epoch : 2 | [64/607 (11%)]	Loss1: 5.842234 Loss2: 0.000016 
| Global Round : 37 | Client :9 | Local Epoch : 3 | [64/607 (11%)]	Loss1: 5.841482 Loss2: 0.000017 
| Global Round : 37 | Client :9 | Local Epoch : 4 | [64/607 (11%)]	Loss1: 5.841783 Loss2: 0.000015 
average loss:   5.838672022592453
average local test accuracy: 0.8302083333333334
average global test accuracy:  0.64375

 | Global Training Round : 38 |

xi_k [0.47587848 0.53261378 0.53258233 0.49481876 0.49087403 0.5078482
 0.51067728 0.49635357 0.52516402 0.50541623]
max_exp: -1.0
coe: 10
Regulation [0.8 0.8 0.8 0.8 0.8 0.8 0.8 0.8 0.8 0.8]
Solver status: optimal_inaccurate
b_new: [1. 1. 1. 1. 1. 1. 1. 1. 1. 1.]
Iter 0: obj=50.3223, best_obj=50.3223, ||b_new-b_prev||₂=2.846050
xi_k [0.47587848 0.53261378 0.53258233 0.49481876 0.49087403 0.5078482
 0.51067728 0.49635357 0.52516402 0.50541623]
max_exp: -1.0
coe: 10
Regulation [-1. -1. -1. -1. -1. -1. -1. -1. -1. -1.]
Solver status: optimal_inaccurate
b_new: [1. 1. 1. 1. 1. 1. 1. 1. 1. 1.]
Iter 1: obj=51.2223, best_obj=51.2223, ||b_new-b_prev||₂=0.000000
Converged.
Final b: [1. 1. 1. 1. 1. 1. 1. 1. 1. 1.]
<class 'numpy.ndarray'>
b_float: [1. 1. 1. 1. 1. 1. 1. 1. 1. 1.]
b: [1 1 1 1 1 1 1 1 1 1]
active_clients:  [0, 1, 2, 3, 4, 5, 6, 7, 8, 9]
Client 0's s_k are:[0 1 1 1 1 1 1 1 1 1]
Client 1's s_k are:[1 0 1 1 1 1 1 1 1 1]
Client 2's s_k are:[1 1 0 1 1 1 1 1 1 1]
Client 3's s_k are:[1 1 1 0 1 1 1 1 1 1]
Client 4's s_k are:[1 1 1 1 0 1 1 1 1 1]
Client 5's s_k are:[1 1 1 1 1 0 1 1 1 1]
Client 6's s_k are:[1 1 1 1 1 1 0 1 1 1]
Client 7's s_k are:[1 1 1 1 1 1 1 0 1 1]
Client 8's s_k are:[1 1 1 1 1 1 1 1 0 1]
Client 9's s_k are:[1 1 1 1 1 1 1 1 1 0]
| Global Round : 38 | Client :0 | Local Epoch : 0 | [64/573 (12%)]	Loss1: 5.841220 Loss2: 0.000022 
| Global Round : 38 | Client :0 | Local Epoch : 1 | [64/573 (12%)]	Loss1: 5.839503 Loss2: 0.000026 
| Global Round : 38 | Client :0 | Local Epoch : 2 | [64/573 (12%)]	Loss1: 5.841347 Loss2: 0.000021 
| Global Round : 38 | Client :0 | Local Epoch : 3 | [64/573 (12%)]	Loss1: 5.839633 Loss2: 0.000026 
| Global Round : 38 | Client :0 | Local Epoch : 4 | [64/573 (12%)]	Loss1: 5.840390 Loss2: 0.000021 
| Global Round : 38 | Client :1 | Local Epoch : 0 | [64/448 (14%)]	Loss1: 5.840581 Loss2: 0.000014 
| Global Round : 38 | Client :1 | Local Epoch : 1 | [64/448 (14%)]	Loss1: 5.842565 Loss2: 0.000018 
| Global Round : 38 | Client :1 | Local Epoch : 2 | [64/448 (14%)]	Loss1: 5.840833 Loss2: 0.000021 
| Global Round : 38 | Client :1 | Local Epoch : 3 | [64/448 (14%)]	Loss1: 5.840639 Loss2: 0.000019 
| Global Round : 38 | Client :1 | Local Epoch : 4 | [64/448 (14%)]	Loss1: 5.842034 Loss2: 0.000014 
| Global Round : 38 | Client :2 | Local Epoch : 0 | [64/448 (14%)]	Loss1: 5.841080 Loss2: 0.000015 
| Global Round : 38 | Client :2 | Local Epoch : 1 | [64/448 (14%)]	Loss1: 5.841465 Loss2: 0.000013 
| Global Round : 38 | Client :2 | Local Epoch : 2 | [64/448 (14%)]	Loss1: 5.841233 Loss2: 0.000012 
| Global Round : 38 | Client :2 | Local Epoch : 3 | [64/448 (14%)]	Loss1: 5.842123 Loss2: 0.000012 
| Global Round : 38 | Client :2 | Local Epoch : 4 | [64/448 (14%)]	Loss1: 5.841289 Loss2: 0.000012 
| Global Round : 38 | Client :3 | Local Epoch : 0 | [64/620 (11%)]	Loss1: 5.841518 Loss2: 0.000021 
| Global Round : 38 | Client :3 | Local Epoch : 1 | [64/620 (11%)]	Loss1: 5.841339 Loss2: 0.000017 
| Global Round : 38 | Client :3 | Local Epoch : 2 | [64/620 (11%)]	Loss1: 5.841201 Loss2: 0.000017 
| Global Round : 38 | Client :3 | Local Epoch : 3 | [64/620 (11%)]	Loss1: 5.842258 Loss2: 0.000018 
| Global Round : 38 | Client :3 | Local Epoch : 4 | [64/620 (11%)]	Loss1: 5.840184 Loss2: 0.000015 
| Global Round : 38 | Client :4 | Local Epoch : 0 | [64/625 (11%)]	Loss1: 5.841259 Loss2: 0.000019 
| Global Round : 38 | Client :4 | Local Epoch : 1 | [64/625 (11%)]	Loss1: 5.840696 Loss2: 0.000024 
| Global Round : 38 | Client :4 | Local Epoch : 2 | [64/625 (11%)]	Loss1: 5.840794 Loss2: 0.000020 
| Global Round : 38 | Client :4 | Local Epoch : 3 | [64/625 (11%)]	Loss1: 5.839471 Loss2: 0.000019 
| Global Round : 38 | Client :4 | Local Epoch : 4 | [64/625 (11%)]	Loss1: 5.840469 Loss2: 0.000018 
| Global Round : 38 | Client :5 | Local Epoch : 0 | [64/604 (11%)]	Loss1: 5.839161 Loss2: 0.000022 
| Global Round : 38 | Client :5 | Local Epoch : 1 | [64/604 (11%)]	Loss1: 5.839675 Loss2: 0.000021 
| Global Round : 38 | Client :5 | Local Epoch : 2 | [64/604 (11%)]	Loss1: 5.840184 Loss2: 0.000018 
| Global Round : 38 | Client :5 | Local Epoch : 3 | [64/604 (11%)]	Loss1: 5.839883 Loss2: 0.000020 
| Global Round : 38 | Client :5 | Local Epoch : 4 | [64/604 (11%)]	Loss1: 5.840638 Loss2: 0.000019 
| Global Round : 38 | Client :6 | Local Epoch : 0 | [64/534 (12%)]	Loss1: 5.842411 Loss2: 0.000013 
| Global Round : 38 | Client :6 | Local Epoch : 1 | [64/534 (12%)]	Loss1: 5.841363 Loss2: 0.000013 
| Global Round : 38 | Client :6 | Local Epoch : 2 | [64/534 (12%)]	Loss1: 5.840499 Loss2: 0.000015 
| Global Round : 38 | Client :6 | Local Epoch : 3 | [64/534 (12%)]	Loss1: 5.840864 Loss2: 0.000020 
| Global Round : 38 | Client :6 | Local Epoch : 4 | [64/534 (12%)]	Loss1: 5.840679 Loss2: 0.000012 
| Global Round : 38 | Client :7 | Local Epoch : 0 | [64/824 (8%)]	Loss1: 5.840725 Loss2: 0.000029 
| Global Round : 38 | Client :7 | Local Epoch : 0 | [704/824 (92%)]	Loss1: 5.840293 Loss2: 0.000023 
| Global Round : 38 | Client :7 | Local Epoch : 1 | [64/824 (8%)]	Loss1: 5.839835 Loss2: 0.000030 
| Global Round : 38 | Client :7 | Local Epoch : 1 | [704/824 (92%)]	Loss1: 5.840094 Loss2: 0.000022 
| Global Round : 38 | Client :7 | Local Epoch : 2 | [64/824 (8%)]	Loss1: 5.839865 Loss2: 0.000025 
| Global Round : 38 | Client :7 | Local Epoch : 2 | [704/824 (92%)]	Loss1: 5.840367 Loss2: 0.000029 
| Global Round : 38 | Client :7 | Local Epoch : 3 | [64/824 (8%)]	Loss1: 5.840898 Loss2: 0.000022 
| Global Round : 38 | Client :7 | Local Epoch : 3 | [704/824 (92%)]	Loss1: 5.839764 Loss2: 0.000022 
| Global Round : 38 | Client :7 | Local Epoch : 4 | [64/824 (8%)]	Loss1: 5.839130 Loss2: 0.000025 
| Global Round : 38 | Client :7 | Local Epoch : 4 | [704/824 (92%)]	Loss1: 5.840646 Loss2: 0.000021 
| Global Round : 38 | Client :8 | Local Epoch : 0 | [64/714 (9%)]	Loss1: 5.841682 Loss2: 0.000019 
| Global Round : 38 | Client :8 | Local Epoch : 0 | [704/714 (100%)]	Loss1: 5.841988 Loss2: 0.000022 
| Global Round : 38 | Client :8 | Local Epoch : 1 | [64/714 (9%)]	Loss1: 5.841635 Loss2: 0.000020 
| Global Round : 38 | Client :8 | Local Epoch : 1 | [704/714 (100%)]	Loss1: 5.840721 Loss2: 0.000024 
| Global Round : 38 | Client :8 | Local Epoch : 2 | [64/714 (9%)]	Loss1: 5.840875 Loss2: 0.000023 
| Global Round : 38 | Client :8 | Local Epoch : 2 | [704/714 (100%)]	Loss1: 5.841142 Loss2: 0.000017 
| Global Round : 38 | Client :8 | Local Epoch : 3 | [64/714 (9%)]	Loss1: 5.840649 Loss2: 0.000019 
| Global Round : 38 | Client :8 | Local Epoch : 3 | [704/714 (100%)]	Loss1: 5.841421 Loss2: 0.000018 
| Global Round : 38 | Client :8 | Local Epoch : 4 | [64/714 (9%)]	Loss1: 5.841047 Loss2: 0.000020 
| Global Round : 38 | Client :8 | Local Epoch : 4 | [704/714 (100%)]	Loss1: 5.841696 Loss2: 0.000018 
| Global Round : 38 | Client :9 | Local Epoch : 0 | [64/607 (11%)]	Loss1: 5.841775 Loss2: 0.000017 
| Global Round : 38 | Client :9 | Local Epoch : 1 | [64/607 (11%)]	Loss1: 5.841444 Loss2: 0.000016 
| Global Round : 38 | Client :9 | Local Epoch : 2 | [64/607 (11%)]	Loss1: 5.842831 Loss2: 0.000016 
| Global Round : 38 | Client :9 | Local Epoch : 3 | [64/607 (11%)]	Loss1: 5.842330 Loss2: 0.000016 
| Global Round : 38 | Client :9 | Local Epoch : 4 | [64/607 (11%)]	Loss1: 5.841486 Loss2: 0.000013 
average loss:   5.8386540749544364
average local test accuracy: 0.8251302083333334
average global test accuracy:  0.644140625

 | Global Training Round : 39 |

xi_k [0.47587614 0.53259276 0.53260127 0.49482303 0.49086907 0.50785337
 0.51064835 0.49637194 0.52517526 0.50544255]
max_exp: -1.0
coe: 10
Regulation [0.8 0.8 0.8 0.8 0.8 0.8 0.8 0.8 0.8 0.8]
Solver status: optimal_inaccurate
b_new: [1. 1. 1. 1. 1. 1. 1. 1. 1. 1.]
Iter 0: obj=50.3225, best_obj=50.3225, ||b_new-b_prev||₂=2.846050
xi_k [0.47587614 0.53259276 0.53260127 0.49482303 0.49086907 0.50785337
 0.51064835 0.49637194 0.52517526 0.50544255]
max_exp: -1.0
coe: 10
Regulation [-1. -1. -1. -1. -1. -1. -1. -1. -1. -1.]
Solver status: optimal_inaccurate
b_new: [1. 1. 1. 1. 1. 1. 1. 1. 1. 1.]
Iter 1: obj=51.2225, best_obj=51.2225, ||b_new-b_prev||₂=0.000000
Converged.
Final b: [1. 1. 1. 1. 1. 1. 1. 1. 1. 1.]
<class 'numpy.ndarray'>
b_float: [1. 1. 1. 1. 1. 1. 1. 1. 1. 1.]
b: [1 1 1 1 1 1 1 1 1 1]
active_clients:  [0, 1, 2, 3, 4, 5, 6, 7, 8, 9]
Client 0's s_k are:[0 1 1 1 1 1 1 1 1 1]
Client 1's s_k are:[1 0 1 1 1 1 1 1 1 1]
Client 2's s_k are:[1 1 0 1 1 1 1 1 1 1]
Client 3's s_k are:[1 1 1 0 1 1 1 1 1 1]
Client 4's s_k are:[1 1 1 1 0 1 1 1 1 1]
Client 5's s_k are:[1 1 1 1 1 0 1 1 1 1]
Client 6's s_k are:[1 1 1 1 1 1 0 1 1 1]
Client 7's s_k are:[1 1 1 1 1 1 1 0 1 1]
Client 8's s_k are:[1 1 1 1 1 1 1 1 0 1]
Client 9's s_k are:[1 1 1 1 1 1 1 1 1 0]
| Global Round : 39 | Client :0 | Local Epoch : 0 | [64/573 (12%)]	Loss1: 5.840011 Loss2: 0.000026 
| Global Round : 39 | Client :0 | Local Epoch : 1 | [64/573 (12%)]	Loss1: 5.839307 Loss2: 0.000021 
| Global Round : 39 | Client :0 | Local Epoch : 2 | [64/573 (12%)]	Loss1: 5.840091 Loss2: 0.000023 
| Global Round : 39 | Client :0 | Local Epoch : 3 | [64/573 (12%)]	Loss1: 5.840537 Loss2: 0.000023 
| Global Round : 39 | Client :0 | Local Epoch : 4 | [64/573 (12%)]	Loss1: 5.840072 Loss2: 0.000024 
| Global Round : 39 | Client :1 | Local Epoch : 0 | [64/448 (14%)]	Loss1: 5.841007 Loss2: 0.000018 
| Global Round : 39 | Client :1 | Local Epoch : 1 | [64/448 (14%)]	Loss1: 5.840271 Loss2: 0.000017 
| Global Round : 39 | Client :1 | Local Epoch : 2 | [64/448 (14%)]	Loss1: 5.841119 Loss2: 0.000019 
| Global Round : 39 | Client :1 | Local Epoch : 3 | [64/448 (14%)]	Loss1: 5.840049 Loss2: 0.000015 
| Global Round : 39 | Client :1 | Local Epoch : 4 | [64/448 (14%)]	Loss1: 5.840496 Loss2: 0.000016 
| Global Round : 39 | Client :2 | Local Epoch : 0 | [64/448 (14%)]	Loss1: 5.840812 Loss2: 0.000015 
| Global Round : 39 | Client :2 | Local Epoch : 1 | [64/448 (14%)]	Loss1: 5.840411 Loss2: 0.000013 
| Global Round : 39 | Client :2 | Local Epoch : 2 | [64/448 (14%)]	Loss1: 5.840553 Loss2: 0.000015 
| Global Round : 39 | Client :2 | Local Epoch : 3 | [64/448 (14%)]	Loss1: 5.841302 Loss2: 0.000014 
| Global Round : 39 | Client :2 | Local Epoch : 4 | [64/448 (14%)]	Loss1: 5.840829 Loss2: 0.000012 
| Global Round : 39 | Client :3 | Local Epoch : 0 | [64/620 (11%)]	Loss1: 5.840647 Loss2: 0.000015 
| Global Round : 39 | Client :3 | Local Epoch : 1 | [64/620 (11%)]	Loss1: 5.840112 Loss2: 0.000015 
| Global Round : 39 | Client :3 | Local Epoch : 2 | [64/620 (11%)]	Loss1: 5.842125 Loss2: 0.000017 
| Global Round : 39 | Client :3 | Local Epoch : 3 | [64/620 (11%)]	Loss1: 5.840396 Loss2: 0.000016 
| Global Round : 39 | Client :3 | Local Epoch : 4 | [64/620 (11%)]	Loss1: 5.840523 Loss2: 0.000017 
| Global Round : 39 | Client :4 | Local Epoch : 0 | [64/625 (11%)]	Loss1: 5.841253 Loss2: 0.000018 
| Global Round : 39 | Client :4 | Local Epoch : 1 | [64/625 (11%)]	Loss1: 5.840823 Loss2: 0.000018 
| Global Round : 39 | Client :4 | Local Epoch : 2 | [64/625 (11%)]	Loss1: 5.840451 Loss2: 0.000022 
| Global Round : 39 | Client :4 | Local Epoch : 3 | [64/625 (11%)]	Loss1: 5.841106 Loss2: 0.000018 
| Global Round : 39 | Client :4 | Local Epoch : 4 | [64/625 (11%)]	Loss1: 5.840281 Loss2: 0.000021 
| Global Round : 39 | Client :5 | Local Epoch : 0 | [64/604 (11%)]	Loss1: 5.841022 Loss2: 0.000019 
| Global Round : 39 | Client :5 | Local Epoch : 1 | [64/604 (11%)]	Loss1: 5.840137 Loss2: 0.000018 
| Global Round : 39 | Client :5 | Local Epoch : 2 | [64/604 (11%)]	Loss1: 5.839634 Loss2: 0.000019 
| Global Round : 39 | Client :5 | Local Epoch : 3 | [64/604 (11%)]	Loss1: 5.840895 Loss2: 0.000019 
| Global Round : 39 | Client :5 | Local Epoch : 4 | [64/604 (11%)]	Loss1: 5.841087 Loss2: 0.000019 
| Global Round : 39 | Client :6 | Local Epoch : 0 | [64/534 (12%)]	Loss1: 5.840707 Loss2: 0.000012 
| Global Round : 39 | Client :6 | Local Epoch : 1 | [64/534 (12%)]	Loss1: 5.841061 Loss2: 0.000014 
| Global Round : 39 | Client :6 | Local Epoch : 2 | [64/534 (12%)]	Loss1: 5.840945 Loss2: 0.000017 
| Global Round : 39 | Client :6 | Local Epoch : 3 | [64/534 (12%)]	Loss1: 5.841020 Loss2: 0.000013 
| Global Round : 39 | Client :6 | Local Epoch : 4 | [64/534 (12%)]	Loss1: 5.840421 Loss2: 0.000016 
| Global Round : 39 | Client :7 | Local Epoch : 0 | [64/824 (8%)]	Loss1: 5.840197 Loss2: 0.000028 
| Global Round : 39 | Client :7 | Local Epoch : 0 | [704/824 (92%)]	Loss1: 5.840306 Loss2: 0.000027 
| Global Round : 39 | Client :7 | Local Epoch : 1 | [64/824 (8%)]	Loss1: 5.841087 Loss2: 0.000030 
| Global Round : 39 | Client :7 | Local Epoch : 1 | [704/824 (92%)]	Loss1: 5.841596 Loss2: 0.000024 
| Global Round : 39 | Client :7 | Local Epoch : 2 | [64/824 (8%)]	Loss1: 5.841415 Loss2: 0.000024 
| Global Round : 39 | Client :7 | Local Epoch : 2 | [704/824 (92%)]	Loss1: 5.839880 Loss2: 0.000027 
| Global Round : 39 | Client :7 | Local Epoch : 3 | [64/824 (8%)]	Loss1: 5.841163 Loss2: 0.000022 
| Global Round : 39 | Client :7 | Local Epoch : 3 | [704/824 (92%)]	Loss1: 5.840494 Loss2: 0.000026 
| Global Round : 39 | Client :7 | Local Epoch : 4 | [64/824 (8%)]	Loss1: 5.839626 Loss2: 0.000026 
| Global Round : 39 | Client :7 | Local Epoch : 4 | [704/824 (92%)]	Loss1: 5.841129 Loss2: 0.000029 
| Global Round : 39 | Client :8 | Local Epoch : 0 | [64/714 (9%)]	Loss1: 5.841371 Loss2: 0.000022 
| Global Round : 39 | Client :8 | Local Epoch : 0 | [704/714 (100%)]	Loss1: 5.841360 Loss2: 0.000019 
| Global Round : 39 | Client :8 | Local Epoch : 1 | [64/714 (9%)]	Loss1: 5.841941 Loss2: 0.000020 
| Global Round : 39 | Client :8 | Local Epoch : 1 | [704/714 (100%)]	Loss1: 5.841447 Loss2: 0.000027 
| Global Round : 39 | Client :8 | Local Epoch : 2 | [64/714 (9%)]	Loss1: 5.842257 Loss2: 0.000020 
| Global Round : 39 | Client :8 | Local Epoch : 2 | [704/714 (100%)]	Loss1: 5.843218 Loss2: 0.000023 
| Global Round : 39 | Client :8 | Local Epoch : 3 | [64/714 (9%)]	Loss1: 5.840523 Loss2: 0.000017 
| Global Round : 39 | Client :8 | Local Epoch : 3 | [704/714 (100%)]	Loss1: 5.840775 Loss2: 0.000023 
| Global Round : 39 | Client :8 | Local Epoch : 4 | [64/714 (9%)]	Loss1: 5.840371 Loss2: 0.000020 
| Global Round : 39 | Client :8 | Local Epoch : 4 | [704/714 (100%)]	Loss1: 5.841872 Loss2: 0.000020 
| Global Round : 39 | Client :9 | Local Epoch : 0 | [64/607 (11%)]	Loss1: 5.842744 Loss2: 0.000018 
| Global Round : 39 | Client :9 | Local Epoch : 1 | [64/607 (11%)]	Loss1: 5.841831 Loss2: 0.000016 
| Global Round : 39 | Client :9 | Local Epoch : 2 | [64/607 (11%)]	Loss1: 5.842083 Loss2: 0.000016 
| Global Round : 39 | Client :9 | Local Epoch : 3 | [64/607 (11%)]	Loss1: 5.841228 Loss2: 0.000017 
| Global Round : 39 | Client :9 | Local Epoch : 4 | [64/607 (11%)]	Loss1: 5.841487 Loss2: 0.000014 
average loss:   5.838628632612902
average local test accuracy: 0.8279947916666666
average global test accuracy:  0.596875

 | Global Training Round : 40 |

xi_k [0.47587334 0.53262522 0.53257164 0.49482707 0.4908439  0.50783332
 0.51064756 0.49637465 0.52518691 0.50541823]
max_exp: -1.0
coe: 10
Regulation [0.8 0.8 0.8 0.8 0.8 0.8 0.8 0.8 0.8 0.8]
Solver status: optimal_inaccurate
b_new: [1. 1. 1. 1. 1. 1. 1. 1. 1. 1.]
Iter 0: obj=50.3220, best_obj=50.3220, ||b_new-b_prev||₂=2.846050
xi_k [0.47587334 0.53262522 0.53257164 0.49482707 0.4908439  0.50783332
 0.51064756 0.49637465 0.52518691 0.50541823]
max_exp: -1.0
coe: 10
Regulation [-1. -1. -1. -1. -1. -1. -1. -1. -1. -1.]
Solver status: optimal_inaccurate
b_new: [1. 1. 1. 1. 1. 1. 1. 1. 1. 1.]
Iter 1: obj=51.2220, best_obj=51.2220, ||b_new-b_prev||₂=0.000000
Converged.
Final b: [1. 1. 1. 1. 1. 1. 1. 1. 1. 1.]
<class 'numpy.ndarray'>
b_float: [1. 1. 1. 1. 1. 1. 1. 1. 1. 1.]
b: [1 1 1 1 1 1 1 1 1 1]
active_clients:  [0, 1, 2, 3, 4, 5, 6, 7, 8, 9]
Client 0's s_k are:[0 1 1 1 1 1 1 1 1 1]
Client 1's s_k are:[1 0 1 1 1 1 1 1 1 1]
Client 2's s_k are:[1 1 0 1 1 1 1 1 1 1]
Client 3's s_k are:[1 1 1 0 1 1 1 1 1 1]
Client 4's s_k are:[1 1 1 1 0 1 1 1 1 1]
Client 5's s_k are:[1 1 1 1 1 0 1 1 1 1]
Client 6's s_k are:[1 1 1 1 1 1 0 1 1 1]
Client 7's s_k are:[1 1 1 1 1 1 1 0 1 1]
Client 8's s_k are:[1 1 1 1 1 1 1 1 0 1]
Client 9's s_k are:[1 1 1 1 1 1 1 1 1 0]
| Global Round : 40 | Client :0 | Local Epoch : 0 | [64/573 (12%)]	Loss1: 5.840656 Loss2: 0.000022 
| Global Round : 40 | Client :0 | Local Epoch : 1 | [64/573 (12%)]	Loss1: 5.839890 Loss2: 0.000018 
| Global Round : 40 | Client :0 | Local Epoch : 2 | [64/573 (12%)]	Loss1: 5.839285 Loss2: 0.000025 
| Global Round : 40 | Client :0 | Local Epoch : 3 | [64/573 (12%)]	Loss1: 5.840404 Loss2: 0.000023 
| Global Round : 40 | Client :0 | Local Epoch : 4 | [64/573 (12%)]	Loss1: 5.838967 Loss2: 0.000023 
| Global Round : 40 | Client :1 | Local Epoch : 0 | [64/448 (14%)]	Loss1: 5.841015 Loss2: 0.000017 
| Global Round : 40 | Client :1 | Local Epoch : 1 | [64/448 (14%)]	Loss1: 5.841462 Loss2: 0.000020 
| Global Round : 40 | Client :1 | Local Epoch : 2 | [64/448 (14%)]	Loss1: 5.842538 Loss2: 0.000016 
| Global Round : 40 | Client :1 | Local Epoch : 3 | [64/448 (14%)]	Loss1: 5.840210 Loss2: 0.000017 
| Global Round : 40 | Client :1 | Local Epoch : 4 | [64/448 (14%)]	Loss1: 5.840324 Loss2: 0.000017 
| Global Round : 40 | Client :2 | Local Epoch : 0 | [64/448 (14%)]	Loss1: 5.840964 Loss2: 0.000014 
| Global Round : 40 | Client :2 | Local Epoch : 1 | [64/448 (14%)]	Loss1: 5.840238 Loss2: 0.000013 
| Global Round : 40 | Client :2 | Local Epoch : 2 | [64/448 (14%)]	Loss1: 5.840625 Loss2: 0.000014 
| Global Round : 40 | Client :2 | Local Epoch : 3 | [64/448 (14%)]	Loss1: 5.841117 Loss2: 0.000012 
| Global Round : 40 | Client :2 | Local Epoch : 4 | [64/448 (14%)]	Loss1: 5.840375 Loss2: 0.000012 
| Global Round : 40 | Client :3 | Local Epoch : 0 | [64/620 (11%)]	Loss1: 5.840824 Loss2: 0.000015 
| Global Round : 40 | Client :3 | Local Epoch : 1 | [64/620 (11%)]	Loss1: 5.841400 Loss2: 0.000015 
| Global Round : 40 | Client :3 | Local Epoch : 2 | [64/620 (11%)]	Loss1: 5.841383 Loss2: 0.000018 
| Global Round : 40 | Client :3 | Local Epoch : 3 | [64/620 (11%)]	Loss1: 5.840786 Loss2: 0.000016 
| Global Round : 40 | Client :3 | Local Epoch : 4 | [64/620 (11%)]	Loss1: 5.842976 Loss2: 0.000015 
| Global Round : 40 | Client :4 | Local Epoch : 0 | [64/625 (11%)]	Loss1: 5.839852 Loss2: 0.000021 
| Global Round : 40 | Client :4 | Local Epoch : 1 | [64/625 (11%)]	Loss1: 5.839508 Loss2: 0.000017 
| Global Round : 40 | Client :4 | Local Epoch : 2 | [64/625 (11%)]	Loss1: 5.841724 Loss2: 0.000020 
| Global Round : 40 | Client :4 | Local Epoch : 3 | [64/625 (11%)]	Loss1: 5.840203 Loss2: 0.000020 
| Global Round : 40 | Client :4 | Local Epoch : 4 | [64/625 (11%)]	Loss1: 5.840764 Loss2: 0.000019 
| Global Round : 40 | Client :5 | Local Epoch : 0 | [64/604 (11%)]	Loss1: 5.840332 Loss2: 0.000018 
| Global Round : 40 | Client :5 | Local Epoch : 1 | [64/604 (11%)]	Loss1: 5.839806 Loss2: 0.000020 
| Global Round : 40 | Client :5 | Local Epoch : 2 | [64/604 (11%)]	Loss1: 5.839511 Loss2: 0.000019 
| Global Round : 40 | Client :5 | Local Epoch : 3 | [64/604 (11%)]	Loss1: 5.839759 Loss2: 0.000023 
| Global Round : 40 | Client :5 | Local Epoch : 4 | [64/604 (11%)]	Loss1: 5.840162 Loss2: 0.000019 
| Global Round : 40 | Client :6 | Local Epoch : 0 | [64/534 (12%)]	Loss1: 5.841044 Loss2: 0.000012 
| Global Round : 40 | Client :6 | Local Epoch : 1 | [64/534 (12%)]	Loss1: 5.841118 Loss2: 0.000011 
| Global Round : 40 | Client :6 | Local Epoch : 2 | [64/534 (12%)]	Loss1: 5.840934 Loss2: 0.000011 
| Global Round : 40 | Client :6 | Local Epoch : 3 | [64/534 (12%)]	Loss1: 5.841566 Loss2: 0.000013 
| Global Round : 40 | Client :6 | Local Epoch : 4 | [64/534 (12%)]	Loss1: 5.840833 Loss2: 0.000014 
| Global Round : 40 | Client :7 | Local Epoch : 0 | [64/824 (8%)]	Loss1: 5.840758 Loss2: 0.000024 
| Global Round : 40 | Client :7 | Local Epoch : 0 | [704/824 (92%)]	Loss1: 5.840269 Loss2: 0.000022 
| Global Round : 40 | Client :7 | Local Epoch : 1 | [64/824 (8%)]	Loss1: 5.840934 Loss2: 0.000024 
| Global Round : 40 | Client :7 | Local Epoch : 1 | [704/824 (92%)]	Loss1: 5.840415 Loss2: 0.000021 
| Global Round : 40 | Client :7 | Local Epoch : 2 | [64/824 (8%)]	Loss1: 5.840450 Loss2: 0.000027 
| Global Round : 40 | Client :7 | Local Epoch : 2 | [704/824 (92%)]	Loss1: 5.839880 Loss2: 0.000025 
| Global Round : 40 | Client :7 | Local Epoch : 3 | [64/824 (8%)]	Loss1: 5.839634 Loss2: 0.000024 
| Global Round : 40 | Client :7 | Local Epoch : 3 | [704/824 (92%)]	Loss1: 5.840040 Loss2: 0.000024 
| Global Round : 40 | Client :7 | Local Epoch : 4 | [64/824 (8%)]	Loss1: 5.841493 Loss2: 0.000024 
| Global Round : 40 | Client :7 | Local Epoch : 4 | [704/824 (92%)]	Loss1: 5.839484 Loss2: 0.000021 
| Global Round : 40 | Client :8 | Local Epoch : 0 | [64/714 (9%)]	Loss1: 5.842080 Loss2: 0.000017 
| Global Round : 40 | Client :8 | Local Epoch : 0 | [704/714 (100%)]	Loss1: 5.840609 Loss2: 0.000023 
| Global Round : 40 | Client :8 | Local Epoch : 1 | [64/714 (9%)]	Loss1: 5.842768 Loss2: 0.000016 
| Global Round : 40 | Client :8 | Local Epoch : 1 | [704/714 (100%)]	Loss1: 5.841799 Loss2: 0.000025 
| Global Round : 40 | Client :8 | Local Epoch : 2 | [64/714 (9%)]	Loss1: 5.841086 Loss2: 0.000021 
| Global Round : 40 | Client :8 | Local Epoch : 2 | [704/714 (100%)]	Loss1: 5.842768 Loss2: 0.000020 
| Global Round : 40 | Client :8 | Local Epoch : 3 | [64/714 (9%)]	Loss1: 5.840917 Loss2: 0.000020 
| Global Round : 40 | Client :8 | Local Epoch : 3 | [704/714 (100%)]	Loss1: 5.841747 Loss2: 0.000023 
| Global Round : 40 | Client :8 | Local Epoch : 4 | [64/714 (9%)]	Loss1: 5.840390 Loss2: 0.000022 
| Global Round : 40 | Client :8 | Local Epoch : 4 | [704/714 (100%)]	Loss1: 5.841403 Loss2: 0.000023 
| Global Round : 40 | Client :9 | Local Epoch : 0 | [64/607 (11%)]	Loss1: 5.842203 Loss2: 0.000013 
| Global Round : 40 | Client :9 | Local Epoch : 1 | [64/607 (11%)]	Loss1: 5.842608 Loss2: 0.000014 
| Global Round : 40 | Client :9 | Local Epoch : 2 | [64/607 (11%)]	Loss1: 5.841953 Loss2: 0.000013 
| Global Round : 40 | Client :9 | Local Epoch : 3 | [64/607 (11%)]	Loss1: 5.842307 Loss2: 0.000014 
| Global Round : 40 | Client :9 | Local Epoch : 4 | [64/607 (11%)]	Loss1: 5.842497 Loss2: 0.000017 
average loss:   5.83864882009542
average local test accuracy: 0.816796875
average global test accuracy:  0.64765625

 | Global Training Round : 41 |

xi_k [0.47588024 0.53261787 0.5325773  0.49483073 0.49084373 0.50783043
 0.51066427 0.49636008 0.52516885 0.50545062]
max_exp: -1.0
coe: 10
Regulation [0.8 0.8 0.8 0.8 0.8 0.8 0.8 0.8 0.8 0.8]
Solver status: optimal_inaccurate
b_new: [1. 1. 1. 1. 1. 1. 1. 1. 1. 1.]
Iter 0: obj=50.3222, best_obj=50.3222, ||b_new-b_prev||₂=2.846050
xi_k [0.47588024 0.53261787 0.5325773  0.49483073 0.49084373 0.50783043
 0.51066427 0.49636008 0.52516885 0.50545062]
max_exp: -1.0
coe: 10
Regulation [-1. -1. -1. -1. -1. -1. -1. -1. -1. -1.]
Solver status: optimal_inaccurate
b_new: [1. 1. 1. 1. 1. 1. 1. 1. 1. 1.]
Iter 1: obj=51.2222, best_obj=51.2222, ||b_new-b_prev||₂=0.000000
Converged.
Final b: [1. 1. 1. 1. 1. 1. 1. 1. 1. 1.]
<class 'numpy.ndarray'>
b_float: [1. 1. 1. 1. 1. 1. 1. 1. 1. 1.]
b: [1 1 1 1 1 1 1 1 1 1]
active_clients:  [0, 1, 2, 3, 4, 5, 6, 7, 8, 9]
Client 0's s_k are:[0 1 1 1 1 1 1 1 1 1]
Client 1's s_k are:[1 0 1 1 1 1 1 1 1 1]
Client 2's s_k are:[1 1 0 1 1 1 1 1 1 1]
Client 3's s_k are:[1 1 1 0 1 1 1 1 1 1]
Client 4's s_k are:[1 1 1 1 0 1 1 1 1 1]
Client 5's s_k are:[1 1 1 1 1 0 1 1 1 1]
Client 6's s_k are:[1 1 1 1 1 1 0 1 1 1]
Client 7's s_k are:[1 1 1 1 1 1 1 0 1 1]
Client 8's s_k are:[1 1 1 1 1 1 1 1 0 1]
Client 9's s_k are:[1 1 1 1 1 1 1 1 1 0]
| Global Round : 41 | Client :0 | Local Epoch : 0 | [64/573 (12%)]	Loss1: 5.839903 Loss2: 0.000025 
| Global Round : 41 | Client :0 | Local Epoch : 1 | [64/573 (12%)]	Loss1: 5.840216 Loss2: 0.000024 
| Global Round : 41 | Client :0 | Local Epoch : 2 | [64/573 (12%)]	Loss1: 5.839635 Loss2: 0.000022 
| Global Round : 41 | Client :0 | Local Epoch : 3 | [64/573 (12%)]	Loss1: 5.839852 Loss2: 0.000021 
| Global Round : 41 | Client :0 | Local Epoch : 4 | [64/573 (12%)]	Loss1: 5.840749 Loss2: 0.000023 
| Global Round : 41 | Client :1 | Local Epoch : 0 | [64/448 (14%)]	Loss1: 5.840972 Loss2: 0.000017 
| Global Round : 41 | Client :1 | Local Epoch : 1 | [64/448 (14%)]	Loss1: 5.841762 Loss2: 0.000019 
| Global Round : 41 | Client :1 | Local Epoch : 2 | [64/448 (14%)]	Loss1: 5.841640 Loss2: 0.000016 
| Global Round : 41 | Client :1 | Local Epoch : 3 | [64/448 (14%)]	Loss1: 5.841190 Loss2: 0.000016 
| Global Round : 41 | Client :1 | Local Epoch : 4 | [64/448 (14%)]	Loss1: 5.841674 Loss2: 0.000015 
| Global Round : 41 | Client :2 | Local Epoch : 0 | [64/448 (14%)]	Loss1: 5.841739 Loss2: 0.000015 
| Global Round : 41 | Client :2 | Local Epoch : 1 | [64/448 (14%)]	Loss1: 5.840097 Loss2: 0.000017 
| Global Round : 41 | Client :2 | Local Epoch : 2 | [64/448 (14%)]	Loss1: 5.842401 Loss2: 0.000015 
| Global Round : 41 | Client :2 | Local Epoch : 3 | [64/448 (14%)]	Loss1: 5.841362 Loss2: 0.000013 
| Global Round : 41 | Client :2 | Local Epoch : 4 | [64/448 (14%)]	Loss1: 5.841775 Loss2: 0.000016 
| Global Round : 41 | Client :3 | Local Epoch : 0 | [64/620 (11%)]	Loss1: 5.840821 Loss2: 0.000020 
| Global Round : 41 | Client :3 | Local Epoch : 1 | [64/620 (11%)]	Loss1: 5.839804 Loss2: 0.000013 
| Global Round : 41 | Client :3 | Local Epoch : 2 | [64/620 (11%)]	Loss1: 5.840072 Loss2: 0.000017 
| Global Round : 41 | Client :3 | Local Epoch : 3 | [64/620 (11%)]	Loss1: 5.841684 Loss2: 0.000011 
| Global Round : 41 | Client :3 | Local Epoch : 4 | [64/620 (11%)]	Loss1: 5.840906 Loss2: 0.000016 
| Global Round : 41 | Client :4 | Local Epoch : 0 | [64/625 (11%)]	Loss1: 5.841079 Loss2: 0.000022 
| Global Round : 41 | Client :4 | Local Epoch : 1 | [64/625 (11%)]	Loss1: 5.840252 Loss2: 0.000018 
| Global Round : 41 | Client :4 | Local Epoch : 2 | [64/625 (11%)]	Loss1: 5.841594 Loss2: 0.000020 
| Global Round : 41 | Client :4 | Local Epoch : 3 | [64/625 (11%)]	Loss1: 5.839710 Loss2: 0.000018 
| Global Round : 41 | Client :4 | Local Epoch : 4 | [64/625 (11%)]	Loss1: 5.840061 Loss2: 0.000020 
| Global Round : 41 | Client :5 | Local Epoch : 0 | [64/604 (11%)]	Loss1: 5.839860 Loss2: 0.000018 
| Global Round : 41 | Client :5 | Local Epoch : 1 | [64/604 (11%)]	Loss1: 5.840090 Loss2: 0.000021 
| Global Round : 41 | Client :5 | Local Epoch : 2 | [64/604 (11%)]	Loss1: 5.840430 Loss2: 0.000019 
| Global Round : 41 | Client :5 | Local Epoch : 3 | [64/604 (11%)]	Loss1: 5.839543 Loss2: 0.000021 
| Global Round : 41 | Client :5 | Local Epoch : 4 | [64/604 (11%)]	Loss1: 5.840988 Loss2: 0.000020 
| Global Round : 41 | Client :6 | Local Epoch : 0 | [64/534 (12%)]	Loss1: 5.840684 Loss2: 0.000014 
| Global Round : 41 | Client :6 | Local Epoch : 1 | [64/534 (12%)]	Loss1: 5.840647 Loss2: 0.000015 
| Global Round : 41 | Client :6 | Local Epoch : 2 | [64/534 (12%)]	Loss1: 5.841182 Loss2: 0.000017 
| Global Round : 41 | Client :6 | Local Epoch : 3 | [64/534 (12%)]	Loss1: 5.841325 Loss2: 0.000015 
| Global Round : 41 | Client :6 | Local Epoch : 4 | [64/534 (12%)]	Loss1: 5.841129 Loss2: 0.000014 
| Global Round : 41 | Client :7 | Local Epoch : 0 | [64/824 (8%)]	Loss1: 5.839459 Loss2: 0.000029 
| Global Round : 41 | Client :7 | Local Epoch : 0 | [704/824 (92%)]	Loss1: 5.839889 Loss2: 0.000027 
| Global Round : 41 | Client :7 | Local Epoch : 1 | [64/824 (8%)]	Loss1: 5.839380 Loss2: 0.000024 
| Global Round : 41 | Client :7 | Local Epoch : 1 | [704/824 (92%)]	Loss1: 5.840048 Loss2: 0.000027 
| Global Round : 41 | Client :7 | Local Epoch : 2 | [64/824 (8%)]	Loss1: 5.840734 Loss2: 0.000024 
| Global Round : 41 | Client :7 | Local Epoch : 2 | [704/824 (92%)]	Loss1: 5.839742 Loss2: 0.000021 
| Global Round : 41 | Client :7 | Local Epoch : 3 | [64/824 (8%)]	Loss1: 5.840074 Loss2: 0.000023 
| Global Round : 41 | Client :7 | Local Epoch : 3 | [704/824 (92%)]	Loss1: 5.839720 Loss2: 0.000020 
| Global Round : 41 | Client :7 | Local Epoch : 4 | [64/824 (8%)]	Loss1: 5.839321 Loss2: 0.000024 
| Global Round : 41 | Client :7 | Local Epoch : 4 | [704/824 (92%)]	Loss1: 5.839480 Loss2: 0.000027 
| Global Round : 41 | Client :8 | Local Epoch : 0 | [64/714 (9%)]	Loss1: 5.841014 Loss2: 0.000016 
| Global Round : 41 | Client :8 | Local Epoch : 0 | [704/714 (100%)]	Loss1: 5.840564 Loss2: 0.000022 
| Global Round : 41 | Client :8 | Local Epoch : 1 | [64/714 (9%)]	Loss1: 5.841203 Loss2: 0.000023 
| Global Round : 41 | Client :8 | Local Epoch : 1 | [704/714 (100%)]	Loss1: 5.842626 Loss2: 0.000018 
| Global Round : 41 | Client :8 | Local Epoch : 2 | [64/714 (9%)]	Loss1: 5.840833 Loss2: 0.000017 
| Global Round : 41 | Client :8 | Local Epoch : 2 | [704/714 (100%)]	Loss1: 5.840767 Loss2: 0.000020 
| Global Round : 41 | Client :8 | Local Epoch : 3 | [64/714 (9%)]	Loss1: 5.842124 Loss2: 0.000024 
| Global Round : 41 | Client :8 | Local Epoch : 3 | [704/714 (100%)]	Loss1: 5.841114 Loss2: 0.000023 
| Global Round : 41 | Client :8 | Local Epoch : 4 | [64/714 (9%)]	Loss1: 5.840853 Loss2: 0.000017 
| Global Round : 41 | Client :8 | Local Epoch : 4 | [704/714 (100%)]	Loss1: 5.841859 Loss2: 0.000022 
| Global Round : 41 | Client :9 | Local Epoch : 0 | [64/607 (11%)]	Loss1: 5.841065 Loss2: 0.000014 
| Global Round : 41 | Client :9 | Local Epoch : 1 | [64/607 (11%)]	Loss1: 5.842860 Loss2: 0.000014 
| Global Round : 41 | Client :9 | Local Epoch : 2 | [64/607 (11%)]	Loss1: 5.841276 Loss2: 0.000018 
| Global Round : 41 | Client :9 | Local Epoch : 3 | [64/607 (11%)]	Loss1: 5.842167 Loss2: 0.000017 
| Global Round : 41 | Client :9 | Local Epoch : 4 | [64/607 (11%)]	Loss1: 5.842399 Loss2: 0.000017 
average loss:   5.838585873419072
average local test accuracy: 0.82421875
average global test accuracy:  0.619140625

 | Global Training Round : 42 |

xi_k [0.47588119 0.53259849 0.53259735 0.49482752 0.4908457  0.50782053
 0.51067345 0.49637193 0.52512412 0.5054025 ]
max_exp: -1.0
coe: 10
Regulation [0.8 0.8 0.8 0.8 0.8 0.8 0.8 0.8 0.8 0.8]
Solver status: optimal_inaccurate
b_new: [1. 1. 1. 1. 1. 1. 1. 1. 1. 1.]
Iter 0: obj=50.3214, best_obj=50.3214, ||b_new-b_prev||₂=2.846050
xi_k [0.47588119 0.53259849 0.53259735 0.49482752 0.4908457  0.50782053
 0.51067345 0.49637193 0.52512412 0.5054025 ]
max_exp: -1.0
coe: 10
Regulation [-1. -1. -1. -1. -1. -1. -1. -1. -1. -1.]
Solver status: optimal_inaccurate
b_new: [1. 1. 1. 1. 1. 1. 1. 1. 1. 1.]
Iter 1: obj=51.2214, best_obj=51.2214, ||b_new-b_prev||₂=0.000000
Converged.
Final b: [1. 1. 1. 1. 1. 1. 1. 1. 1. 1.]
<class 'numpy.ndarray'>
b_float: [1. 1. 1. 1. 1. 1. 1. 1. 1. 1.]
b: [1 1 1 1 1 1 1 1 1 1]
active_clients:  [0, 1, 2, 3, 4, 5, 6, 7, 8, 9]
Client 0's s_k are:[0 1 1 1 1 1 1 1 1 1]
Client 1's s_k are:[1 0 1 1 1 1 1 1 1 1]
Client 2's s_k are:[1 1 0 1 1 1 1 1 1 1]
Client 3's s_k are:[1 1 1 0 1 1 1 1 1 1]
Client 4's s_k are:[1 1 1 1 0 1 1 1 1 1]
Client 5's s_k are:[1 1 1 1 1 0 1 1 1 1]
Client 6's s_k are:[1 1 1 1 1 1 0 1 1 1]
Client 7's s_k are:[1 1 1 1 1 1 1 0 1 1]
Client 8's s_k are:[1 1 1 1 1 1 1 1 0 1]
Client 9's s_k are:[1 1 1 1 1 1 1 1 1 0]
| Global Round : 42 | Client :0 | Local Epoch : 0 | [64/573 (12%)]	Loss1: 5.840015 Loss2: 0.000021 
| Global Round : 42 | Client :0 | Local Epoch : 1 | [64/573 (12%)]	Loss1: 5.840311 Loss2: 0.000022 
| Global Round : 42 | Client :0 | Local Epoch : 2 | [64/573 (12%)]	Loss1: 5.839601 Loss2: 0.000022 
| Global Round : 42 | Client :0 | Local Epoch : 3 | [64/573 (12%)]	Loss1: 5.840085 Loss2: 0.000024 
| Global Round : 42 | Client :0 | Local Epoch : 4 | [64/573 (12%)]	Loss1: 5.840409 Loss2: 0.000021 
| Global Round : 42 | Client :1 | Local Epoch : 0 | [64/448 (14%)]	Loss1: 5.841263 Loss2: 0.000020 
| Global Round : 42 | Client :1 | Local Epoch : 1 | [64/448 (14%)]	Loss1: 5.841551 Loss2: 0.000017 
| Global Round : 42 | Client :1 | Local Epoch : 2 | [64/448 (14%)]	Loss1: 5.840316 Loss2: 0.000018 
| Global Round : 42 | Client :1 | Local Epoch : 3 | [64/448 (14%)]	Loss1: 5.841471 Loss2: 0.000014 
| Global Round : 42 | Client :1 | Local Epoch : 4 | [64/448 (14%)]	Loss1: 5.841398 Loss2: 0.000018 
| Global Round : 42 | Client :2 | Local Epoch : 0 | [64/448 (14%)]	Loss1: 5.842109 Loss2: 0.000013 
| Global Round : 42 | Client :2 | Local Epoch : 1 | [64/448 (14%)]	Loss1: 5.840600 Loss2: 0.000016 
| Global Round : 42 | Client :2 | Local Epoch : 2 | [64/448 (14%)]	Loss1: 5.840874 Loss2: 0.000015 
| Global Round : 42 | Client :2 | Local Epoch : 3 | [64/448 (14%)]	Loss1: 5.840814 Loss2: 0.000012 
| Global Round : 42 | Client :2 | Local Epoch : 4 | [64/448 (14%)]	Loss1: 5.840948 Loss2: 0.000014 
| Global Round : 42 | Client :3 | Local Epoch : 0 | [64/620 (11%)]	Loss1: 5.840916 Loss2: 0.000013 
| Global Round : 42 | Client :3 | Local Epoch : 1 | [64/620 (11%)]	Loss1: 5.842352 Loss2: 0.000015 
| Global Round : 42 | Client :3 | Local Epoch : 2 | [64/620 (11%)]	Loss1: 5.839614 Loss2: 0.000015 
| Global Round : 42 | Client :3 | Local Epoch : 3 | [64/620 (11%)]	Loss1: 5.839993 Loss2: 0.000018 
| Global Round : 42 | Client :3 | Local Epoch : 4 | [64/620 (11%)]	Loss1: 5.841343 Loss2: 0.000018 
| Global Round : 42 | Client :4 | Local Epoch : 0 | [64/625 (11%)]	Loss1: 5.840655 Loss2: 0.000021 
| Global Round : 42 | Client :4 | Local Epoch : 1 | [64/625 (11%)]	Loss1: 5.840120 Loss2: 0.000018 
| Global Round : 42 | Client :4 | Local Epoch : 2 | [64/625 (11%)]	Loss1: 5.839890 Loss2: 0.000017 
| Global Round : 42 | Client :4 | Local Epoch : 3 | [64/625 (11%)]	Loss1: 5.841416 Loss2: 0.000014 
| Global Round : 42 | Client :4 | Local Epoch : 4 | [64/625 (11%)]	Loss1: 5.841460 Loss2: 0.000016 
| Global Round : 42 | Client :5 | Local Epoch : 0 | [64/604 (11%)]	Loss1: 5.839363 Loss2: 0.000017 
| Global Round : 42 | Client :5 | Local Epoch : 1 | [64/604 (11%)]	Loss1: 5.839801 Loss2: 0.000020 
| Global Round : 42 | Client :5 | Local Epoch : 2 | [64/604 (11%)]	Loss1: 5.839309 Loss2: 0.000020 
| Global Round : 42 | Client :5 | Local Epoch : 3 | [64/604 (11%)]	Loss1: 5.839993 Loss2: 0.000021 
| Global Round : 42 | Client :5 | Local Epoch : 4 | [64/604 (11%)]	Loss1: 5.840055 Loss2: 0.000025 
| Global Round : 42 | Client :6 | Local Epoch : 0 | [64/534 (12%)]	Loss1: 5.840362 Loss2: 0.000014 
| Global Round : 42 | Client :6 | Local Epoch : 1 | [64/534 (12%)]	Loss1: 5.841675 Loss2: 0.000019 
| Global Round : 42 | Client :6 | Local Epoch : 2 | [64/534 (12%)]	Loss1: 5.841967 Loss2: 0.000014 
| Global Round : 42 | Client :6 | Local Epoch : 3 | [64/534 (12%)]	Loss1: 5.840840 Loss2: 0.000016 
| Global Round : 42 | Client :6 | Local Epoch : 4 | [64/534 (12%)]	Loss1: 5.840885 Loss2: 0.000020 
| Global Round : 42 | Client :7 | Local Epoch : 0 | [64/824 (8%)]	Loss1: 5.840652 Loss2: 0.000026 
| Global Round : 42 | Client :7 | Local Epoch : 0 | [704/824 (92%)]	Loss1: 5.839653 Loss2: 0.000022 
| Global Round : 42 | Client :7 | Local Epoch : 1 | [64/824 (8%)]	Loss1: 5.839660 Loss2: 0.000024 
| Global Round : 42 | Client :7 | Local Epoch : 1 | [704/824 (92%)]	Loss1: 5.839128 Loss2: 0.000024 
| Global Round : 42 | Client :7 | Local Epoch : 2 | [64/824 (8%)]	Loss1: 5.839571 Loss2: 0.000029 
| Global Round : 42 | Client :7 | Local Epoch : 2 | [704/824 (92%)]	Loss1: 5.840215 Loss2: 0.000021 
| Global Round : 42 | Client :7 | Local Epoch : 3 | [64/824 (8%)]	Loss1: 5.840953 Loss2: 0.000022 
| Global Round : 42 | Client :7 | Local Epoch : 3 | [704/824 (92%)]	Loss1: 5.840049 Loss2: 0.000027 
| Global Round : 42 | Client :7 | Local Epoch : 4 | [64/824 (8%)]	Loss1: 5.840398 Loss2: 0.000024 
| Global Round : 42 | Client :7 | Local Epoch : 4 | [704/824 (92%)]	Loss1: 5.840159 Loss2: 0.000021 
| Global Round : 42 | Client :8 | Local Epoch : 0 | [64/714 (9%)]	Loss1: 5.840787 Loss2: 0.000023 
| Global Round : 42 | Client :8 | Local Epoch : 0 | [704/714 (100%)]	Loss1: 5.842056 Loss2: 0.000020 
| Global Round : 42 | Client :8 | Local Epoch : 1 | [64/714 (9%)]	Loss1: 5.842156 Loss2: 0.000022 
| Global Round : 42 | Client :8 | Local Epoch : 1 | [704/714 (100%)]	Loss1: 5.840702 Loss2: 0.000017 
| Global Round : 42 | Client :8 | Local Epoch : 2 | [64/714 (9%)]	Loss1: 5.840444 Loss2: 0.000020 
| Global Round : 42 | Client :8 | Local Epoch : 2 | [704/714 (100%)]	Loss1: 5.840313 Loss2: 0.000018 
| Global Round : 42 | Client :8 | Local Epoch : 3 | [64/714 (9%)]	Loss1: 5.841172 Loss2: 0.000024 
| Global Round : 42 | Client :8 | Local Epoch : 3 | [704/714 (100%)]	Loss1: 5.841762 Loss2: 0.000020 
| Global Round : 42 | Client :8 | Local Epoch : 4 | [64/714 (9%)]	Loss1: 5.841180 Loss2: 0.000018 
| Global Round : 42 | Client :8 | Local Epoch : 4 | [704/714 (100%)]	Loss1: 5.840919 Loss2: 0.000022 
| Global Round : 42 | Client :9 | Local Epoch : 0 | [64/607 (11%)]	Loss1: 5.840553 Loss2: 0.000016 
| Global Round : 42 | Client :9 | Local Epoch : 1 | [64/607 (11%)]	Loss1: 5.841980 Loss2: 0.000019 
| Global Round : 42 | Client :9 | Local Epoch : 2 | [64/607 (11%)]	Loss1: 5.841878 Loss2: 0.000013 
| Global Round : 42 | Client :9 | Local Epoch : 3 | [64/607 (11%)]	Loss1: 5.841455 Loss2: 0.000015 
| Global Round : 42 | Client :9 | Local Epoch : 4 | [64/607 (11%)]	Loss1: 5.841338 Loss2: 0.000017 
average loss:   5.83858839410208
average local test accuracy: 0.823828125
average global test accuracy:  0.646484375

 | Global Training Round : 43 |

xi_k [0.47587938 0.5325673  0.5326151  0.49484682 0.49080673 0.50782027
 0.51066449 0.49636195 0.52512435 0.50541191]
max_exp: -1.0
coe: 10
Regulation [0.8 0.8 0.8 0.8 0.8 0.8 0.8 0.8 0.8 0.8]
Solver status: optimal_inaccurate
b_new: [1. 1. 1. 1. 1. 1. 1. 1. 1. 1.]
Iter 0: obj=50.3210, best_obj=50.3210, ||b_new-b_prev||₂=2.846050
xi_k [0.47587938 0.5325673  0.5326151  0.49484682 0.49080673 0.50782027
 0.51066449 0.49636195 0.52512435 0.50541191]
max_exp: -1.0
coe: 10
Regulation [-1. -1. -1. -1. -1. -1. -1. -1. -1. -1.]
Solver status: optimal_inaccurate
b_new: [1. 1. 1. 1. 1. 1. 1. 1. 1. 1.]
Iter 1: obj=51.2210, best_obj=51.2210, ||b_new-b_prev||₂=0.000000
Converged.
Final b: [1. 1. 1. 1. 1. 1. 1. 1. 1. 1.]
<class 'numpy.ndarray'>
b_float: [1. 1. 1. 1. 1. 1. 1. 1. 1. 1.]
b: [1 1 1 1 1 1 1 1 1 1]
active_clients:  [0, 1, 2, 3, 4, 5, 6, 7, 8, 9]
Client 0's s_k are:[0 1 1 1 1 1 1 1 1 1]
Client 1's s_k are:[1 0 1 1 1 1 1 1 1 1]
Client 2's s_k are:[1 1 0 1 1 1 1 1 1 1]
Client 3's s_k are:[1 1 1 0 1 1 1 1 1 1]
Client 4's s_k are:[1 1 1 1 0 1 1 1 1 1]
Client 5's s_k are:[1 1 1 1 1 0 1 1 1 1]
Client 6's s_k are:[1 1 1 1 1 1 0 1 1 1]
Client 7's s_k are:[1 1 1 1 1 1 1 0 1 1]
Client 8's s_k are:[1 1 1 1 1 1 1 1 0 1]
Client 9's s_k are:[1 1 1 1 1 1 1 1 1 0]
| Global Round : 43 | Client :0 | Local Epoch : 0 | [64/573 (12%)]	Loss1: 5.840076 Loss2: 0.000021 
| Global Round : 43 | Client :0 | Local Epoch : 1 | [64/573 (12%)]	Loss1: 5.839608 Loss2: 0.000026 
| Global Round : 43 | Client :0 | Local Epoch : 2 | [64/573 (12%)]	Loss1: 5.839244 Loss2: 0.000020 
| Global Round : 43 | Client :0 | Local Epoch : 3 | [64/573 (12%)]	Loss1: 5.839709 Loss2: 0.000020 
| Global Round : 43 | Client :0 | Local Epoch : 4 | [64/573 (12%)]	Loss1: 5.840412 Loss2: 0.000022 
| Global Round : 43 | Client :1 | Local Epoch : 0 | [64/448 (14%)]	Loss1: 5.841228 Loss2: 0.000020 
| Global Round : 43 | Client :1 | Local Epoch : 1 | [64/448 (14%)]	Loss1: 5.842390 Loss2: 0.000013 
| Global Round : 43 | Client :1 | Local Epoch : 2 | [64/448 (14%)]	Loss1: 5.841782 Loss2: 0.000015 
| Global Round : 43 | Client :1 | Local Epoch : 3 | [64/448 (14%)]	Loss1: 5.841274 Loss2: 0.000019 
| Global Round : 43 | Client :1 | Local Epoch : 4 | [64/448 (14%)]	Loss1: 5.840969 Loss2: 0.000020 
| Global Round : 43 | Client :2 | Local Epoch : 0 | [64/448 (14%)]	Loss1: 5.841072 Loss2: 0.000012 
| Global Round : 43 | Client :2 | Local Epoch : 1 | [64/448 (14%)]	Loss1: 5.840647 Loss2: 0.000014 
| Global Round : 43 | Client :2 | Local Epoch : 2 | [64/448 (14%)]	Loss1: 5.841847 Loss2: 0.000012 
| Global Round : 43 | Client :2 | Local Epoch : 3 | [64/448 (14%)]	Loss1: 5.841200 Loss2: 0.000012 
| Global Round : 43 | Client :2 | Local Epoch : 4 | [64/448 (14%)]	Loss1: 5.840696 Loss2: 0.000014 
| Global Round : 43 | Client :3 | Local Epoch : 0 | [64/620 (11%)]	Loss1: 5.841297 Loss2: 0.000015 
| Global Round : 43 | Client :3 | Local Epoch : 1 | [64/620 (11%)]	Loss1: 5.841294 Loss2: 0.000019 
| Global Round : 43 | Client :3 | Local Epoch : 2 | [64/620 (11%)]	Loss1: 5.840444 Loss2: 0.000015 
| Global Round : 43 | Client :3 | Local Epoch : 3 | [64/620 (11%)]	Loss1: 5.841112 Loss2: 0.000018 
| Global Round : 43 | Client :3 | Local Epoch : 4 | [64/620 (11%)]	Loss1: 5.840732 Loss2: 0.000019 
| Global Round : 43 | Client :4 | Local Epoch : 0 | [64/625 (11%)]	Loss1: 5.840140 Loss2: 0.000020 
| Global Round : 43 | Client :4 | Local Epoch : 1 | [64/625 (11%)]	Loss1: 5.839694 Loss2: 0.000017 
| Global Round : 43 | Client :4 | Local Epoch : 2 | [64/625 (11%)]	Loss1: 5.840334 Loss2: 0.000016 
| Global Round : 43 | Client :4 | Local Epoch : 3 | [64/625 (11%)]	Loss1: 5.839783 Loss2: 0.000018 
| Global Round : 43 | Client :4 | Local Epoch : 4 | [64/625 (11%)]	Loss1: 5.840981 Loss2: 0.000017 
| Global Round : 43 | Client :5 | Local Epoch : 0 | [64/604 (11%)]	Loss1: 5.840706 Loss2: 0.000019 
| Global Round : 43 | Client :5 | Local Epoch : 1 | [64/604 (11%)]	Loss1: 5.840417 Loss2: 0.000021 
| Global Round : 43 | Client :5 | Local Epoch : 2 | [64/604 (11%)]	Loss1: 5.839990 Loss2: 0.000020 
| Global Round : 43 | Client :5 | Local Epoch : 3 | [64/604 (11%)]	Loss1: 5.839676 Loss2: 0.000019 
| Global Round : 43 | Client :5 | Local Epoch : 4 | [64/604 (11%)]	Loss1: 5.840150 Loss2: 0.000019 
| Global Round : 43 | Client :6 | Local Epoch : 0 | [64/534 (12%)]	Loss1: 5.840503 Loss2: 0.000012 
| Global Round : 43 | Client :6 | Local Epoch : 1 | [64/534 (12%)]	Loss1: 5.840895 Loss2: 0.000013 
| Global Round : 43 | Client :6 | Local Epoch : 2 | [64/534 (12%)]	Loss1: 5.841825 Loss2: 0.000013 
| Global Round : 43 | Client :6 | Local Epoch : 3 | [64/534 (12%)]	Loss1: 5.841230 Loss2: 0.000014 
| Global Round : 43 | Client :6 | Local Epoch : 4 | [64/534 (12%)]	Loss1: 5.840196 Loss2: 0.000015 
| Global Round : 43 | Client :7 | Local Epoch : 0 | [64/824 (8%)]	Loss1: 5.839997 Loss2: 0.000022 
| Global Round : 43 | Client :7 | Local Epoch : 0 | [704/824 (92%)]	Loss1: 5.840315 Loss2: 0.000024 
| Global Round : 43 | Client :7 | Local Epoch : 1 | [64/824 (8%)]	Loss1: 5.840879 Loss2: 0.000025 
| Global Round : 43 | Client :7 | Local Epoch : 1 | [704/824 (92%)]	Loss1: 5.840759 Loss2: 0.000026 
| Global Round : 43 | Client :7 | Local Epoch : 2 | [64/824 (8%)]	Loss1: 5.841005 Loss2: 0.000025 
| Global Round : 43 | Client :7 | Local Epoch : 2 | [704/824 (92%)]	Loss1: 5.838469 Loss2: 0.000022 
| Global Round : 43 | Client :7 | Local Epoch : 3 | [64/824 (8%)]	Loss1: 5.839864 Loss2: 0.000020 
| Global Round : 43 | Client :7 | Local Epoch : 3 | [704/824 (92%)]	Loss1: 5.839900 Loss2: 0.000022 
| Global Round : 43 | Client :7 | Local Epoch : 4 | [64/824 (8%)]	Loss1: 5.839975 Loss2: 0.000025 
| Global Round : 43 | Client :7 | Local Epoch : 4 | [704/824 (92%)]	Loss1: 5.840074 Loss2: 0.000020 
| Global Round : 43 | Client :8 | Local Epoch : 0 | [64/714 (9%)]	Loss1: 5.841587 Loss2: 0.000019 
| Global Round : 43 | Client :8 | Local Epoch : 0 | [704/714 (100%)]	Loss1: 5.841121 Loss2: 0.000022 
| Global Round : 43 | Client :8 | Local Epoch : 1 | [64/714 (9%)]	Loss1: 5.841611 Loss2: 0.000020 
| Global Round : 43 | Client :8 | Local Epoch : 1 | [704/714 (100%)]	Loss1: 5.841866 Loss2: 0.000020 
| Global Round : 43 | Client :8 | Local Epoch : 2 | [64/714 (9%)]	Loss1: 5.842552 Loss2: 0.000020 
| Global Round : 43 | Client :8 | Local Epoch : 2 | [704/714 (100%)]	Loss1: 5.840826 Loss2: 0.000019 
| Global Round : 43 | Client :8 | Local Epoch : 3 | [64/714 (9%)]	Loss1: 5.841188 Loss2: 0.000019 
| Global Round : 43 | Client :8 | Local Epoch : 3 | [704/714 (100%)]	Loss1: 5.841109 Loss2: 0.000024 
| Global Round : 43 | Client :8 | Local Epoch : 4 | [64/714 (9%)]	Loss1: 5.840619 Loss2: 0.000016 
| Global Round : 43 | Client :8 | Local Epoch : 4 | [704/714 (100%)]	Loss1: 5.841718 Loss2: 0.000025 
| Global Round : 43 | Client :9 | Local Epoch : 0 | [64/607 (11%)]	Loss1: 5.840570 Loss2: 0.000018 
| Global Round : 43 | Client :9 | Local Epoch : 1 | [64/607 (11%)]	Loss1: 5.841393 Loss2: 0.000012 
| Global Round : 43 | Client :9 | Local Epoch : 2 | [64/607 (11%)]	Loss1: 5.840532 Loss2: 0.000016 
| Global Round : 43 | Client :9 | Local Epoch : 3 | [64/607 (11%)]	Loss1: 5.842174 Loss2: 0.000011 
| Global Round : 43 | Client :9 | Local Epoch : 4 | [64/607 (11%)]	Loss1: 5.841269 Loss2: 0.000021 
average loss:   5.838541936676568
average local test accuracy: 0.819921875
average global test accuracy:  0.6609375

 | Global Training Round : 44 |

xi_k [0.47587004 0.53254888 0.53259851 0.49481402 0.490839   0.50783906
 0.51064924 0.49637357 0.52516197 0.50546331]
max_exp: -1.0
coe: 10
Regulation [0.8 0.8 0.8 0.8 0.8 0.8 0.8 0.8 0.8 0.8]
Solver status: optimal_inaccurate
b_new: [1. 1. 1. 1. 1. 1. 1. 1. 1. 1.]
Iter 0: obj=50.3216, best_obj=50.3216, ||b_new-b_prev||₂=2.846050
xi_k [0.47587004 0.53254888 0.53259851 0.49481402 0.490839   0.50783906
 0.51064924 0.49637357 0.52516197 0.50546331]
max_exp: -1.0
coe: 10
Regulation [-1. -1. -1. -1. -1. -1. -1. -1. -1. -1.]
Solver status: optimal_inaccurate
b_new: [1. 1. 1. 1. 1. 1. 1. 1. 1. 1.]
Iter 1: obj=51.2216, best_obj=51.2216, ||b_new-b_prev||₂=0.000000
Converged.
Final b: [1. 1. 1. 1. 1. 1. 1. 1. 1. 1.]
<class 'numpy.ndarray'>
b_float: [1. 1. 1. 1. 1. 1. 1. 1. 1. 1.]
b: [1 1 1 1 1 1 1 1 1 1]
active_clients:  [0, 1, 2, 3, 4, 5, 6, 7, 8, 9]
Client 0's s_k are:[0 1 1 1 1 1 1 1 1 1]
Client 1's s_k are:[1 0 1 1 1 1 1 1 1 1]
Client 2's s_k are:[1 1 0 1 1 1 1 1 1 1]
Client 3's s_k are:[1 1 1 0 1 1 1 1 1 1]
Client 4's s_k are:[1 1 1 1 0 1 1 1 1 1]
Client 5's s_k are:[1 1 1 1 1 0 1 1 1 1]
Client 6's s_k are:[1 1 1 1 1 1 0 1 1 1]
Client 7's s_k are:[1 1 1 1 1 1 1 0 1 1]
Client 8's s_k are:[1 1 1 1 1 1 1 1 0 1]
Client 9's s_k are:[1 1 1 1 1 1 1 1 1 0]
| Global Round : 44 | Client :0 | Local Epoch : 0 | [64/573 (12%)]	Loss1: 5.840402 Loss2: 0.000021 
| Global Round : 44 | Client :0 | Local Epoch : 1 | [64/573 (12%)]	Loss1: 5.840174 Loss2: 0.000022 
| Global Round : 44 | Client :0 | Local Epoch : 2 | [64/573 (12%)]	Loss1: 5.839820 Loss2: 0.000020 
| Global Round : 44 | Client :0 | Local Epoch : 3 | [64/573 (12%)]	Loss1: 5.839867 Loss2: 0.000022 
| Global Round : 44 | Client :0 | Local Epoch : 4 | [64/573 (12%)]	Loss1: 5.839943 Loss2: 0.000020 
| Global Round : 44 | Client :1 | Local Epoch : 0 | [64/448 (14%)]	Loss1: 5.840837 Loss2: 0.000016 
| Global Round : 44 | Client :1 | Local Epoch : 1 | [64/448 (14%)]	Loss1: 5.840569 Loss2: 0.000016 
| Global Round : 44 | Client :1 | Local Epoch : 2 | [64/448 (14%)]	Loss1: 5.841108 Loss2: 0.000014 
| Global Round : 44 | Client :1 | Local Epoch : 3 | [64/448 (14%)]	Loss1: 5.841275 Loss2: 0.000018 
| Global Round : 44 | Client :1 | Local Epoch : 4 | [64/448 (14%)]	Loss1: 5.841144 Loss2: 0.000021 
| Global Round : 44 | Client :2 | Local Epoch : 0 | [64/448 (14%)]	Loss1: 5.841731 Loss2: 0.000015 
| Global Round : 44 | Client :2 | Local Epoch : 1 | [64/448 (14%)]	Loss1: 5.841015 Loss2: 0.000013 
| Global Round : 44 | Client :2 | Local Epoch : 2 | [64/448 (14%)]	Loss1: 5.840740 Loss2: 0.000015 
| Global Round : 44 | Client :2 | Local Epoch : 3 | [64/448 (14%)]	Loss1: 5.841364 Loss2: 0.000011 
| Global Round : 44 | Client :2 | Local Epoch : 4 | [64/448 (14%)]	Loss1: 5.841134 Loss2: 0.000017 
| Global Round : 44 | Client :3 | Local Epoch : 0 | [64/620 (11%)]	Loss1: 5.840493 Loss2: 0.000015 
| Global Round : 44 | Client :3 | Local Epoch : 1 | [64/620 (11%)]	Loss1: 5.840705 Loss2: 0.000017 
| Global Round : 44 | Client :3 | Local Epoch : 2 | [64/620 (11%)]	Loss1: 5.840168 Loss2: 0.000018 
| Global Round : 44 | Client :3 | Local Epoch : 3 | [64/620 (11%)]	Loss1: 5.842408 Loss2: 0.000021 
| Global Round : 44 | Client :3 | Local Epoch : 4 | [64/620 (11%)]	Loss1: 5.840198 Loss2: 0.000015 
| Global Round : 44 | Client :4 | Local Epoch : 0 | [64/625 (11%)]	Loss1: 5.840920 Loss2: 0.000021 
| Global Round : 44 | Client :4 | Local Epoch : 1 | [64/625 (11%)]	Loss1: 5.840858 Loss2: 0.000016 
| Global Round : 44 | Client :4 | Local Epoch : 2 | [64/625 (11%)]	Loss1: 5.840803 Loss2: 0.000020 
| Global Round : 44 | Client :4 | Local Epoch : 3 | [64/625 (11%)]	Loss1: 5.841703 Loss2: 0.000020 
| Global Round : 44 | Client :4 | Local Epoch : 4 | [64/625 (11%)]	Loss1: 5.840244 Loss2: 0.000019 
| Global Round : 44 | Client :5 | Local Epoch : 0 | [64/604 (11%)]	Loss1: 5.840006 Loss2: 0.000019 
| Global Round : 44 | Client :5 | Local Epoch : 1 | [64/604 (11%)]	Loss1: 5.839962 Loss2: 0.000017 
| Global Round : 44 | Client :5 | Local Epoch : 2 | [64/604 (11%)]	Loss1: 5.839844 Loss2: 0.000020 
| Global Round : 44 | Client :5 | Local Epoch : 3 | [64/604 (11%)]	Loss1: 5.839492 Loss2: 0.000018 
| Global Round : 44 | Client :5 | Local Epoch : 4 | [64/604 (11%)]	Loss1: 5.839664 Loss2: 0.000019 
| Global Round : 44 | Client :6 | Local Epoch : 0 | [64/534 (12%)]	Loss1: 5.840003 Loss2: 0.000011 
| Global Round : 44 | Client :6 | Local Epoch : 1 | [64/534 (12%)]	Loss1: 5.841024 Loss2: 0.000014 
| Global Round : 44 | Client :6 | Local Epoch : 2 | [64/534 (12%)]	Loss1: 5.842648 Loss2: 0.000012 
| Global Round : 44 | Client :6 | Local Epoch : 3 | [64/534 (12%)]	Loss1: 5.840799 Loss2: 0.000013 
| Global Round : 44 | Client :6 | Local Epoch : 4 | [64/534 (12%)]	Loss1: 5.840942 Loss2: 0.000012 
| Global Round : 44 | Client :7 | Local Epoch : 0 | [64/824 (8%)]	Loss1: 5.840824 Loss2: 0.000020 
| Global Round : 44 | Client :7 | Local Epoch : 0 | [704/824 (92%)]	Loss1: 5.840409 Loss2: 0.000027 
| Global Round : 44 | Client :7 | Local Epoch : 1 | [64/824 (8%)]	Loss1: 5.839458 Loss2: 0.000028 
| Global Round : 44 | Client :7 | Local Epoch : 1 | [704/824 (92%)]	Loss1: 5.839562 Loss2: 0.000020 
| Global Round : 44 | Client :7 | Local Epoch : 2 | [64/824 (8%)]	Loss1: 5.839251 Loss2: 0.000021 
| Global Round : 44 | Client :7 | Local Epoch : 2 | [704/824 (92%)]	Loss1: 5.840745 Loss2: 0.000020 
| Global Round : 44 | Client :7 | Local Epoch : 3 | [64/824 (8%)]	Loss1: 5.839314 Loss2: 0.000025 
| Global Round : 44 | Client :7 | Local Epoch : 3 | [704/824 (92%)]	Loss1: 5.840023 Loss2: 0.000022 
| Global Round : 44 | Client :7 | Local Epoch : 4 | [64/824 (8%)]	Loss1: 5.839081 Loss2: 0.000021 
| Global Round : 44 | Client :7 | Local Epoch : 4 | [704/824 (92%)]	Loss1: 5.840704 Loss2: 0.000023 
| Global Round : 44 | Client :8 | Local Epoch : 0 | [64/714 (9%)]	Loss1: 5.841280 Loss2: 0.000019 
| Global Round : 44 | Client :8 | Local Epoch : 0 | [704/714 (100%)]	Loss1: 5.842122 Loss2: 0.000018 
| Global Round : 44 | Client :8 | Local Epoch : 1 | [64/714 (9%)]	Loss1: 5.840755 Loss2: 0.000018 
| Global Round : 44 | Client :8 | Local Epoch : 1 | [704/714 (100%)]	Loss1: 5.841138 Loss2: 0.000021 
| Global Round : 44 | Client :8 | Local Epoch : 2 | [64/714 (9%)]	Loss1: 5.842253 Loss2: 0.000019 
| Global Round : 44 | Client :8 | Local Epoch : 2 | [704/714 (100%)]	Loss1: 5.840726 Loss2: 0.000017 
| Global Round : 44 | Client :8 | Local Epoch : 3 | [64/714 (9%)]	Loss1: 5.841392 Loss2: 0.000019 
| Global Round : 44 | Client :8 | Local Epoch : 3 | [704/714 (100%)]	Loss1: 5.841247 Loss2: 0.000022 
| Global Round : 44 | Client :8 | Local Epoch : 4 | [64/714 (9%)]	Loss1: 5.840025 Loss2: 0.000019 
| Global Round : 44 | Client :8 | Local Epoch : 4 | [704/714 (100%)]	Loss1: 5.839794 Loss2: 0.000020 
| Global Round : 44 | Client :9 | Local Epoch : 0 | [64/607 (11%)]	Loss1: 5.841932 Loss2: 0.000019 
| Global Round : 44 | Client :9 | Local Epoch : 1 | [64/607 (11%)]	Loss1: 5.841081 Loss2: 0.000019 
| Global Round : 44 | Client :9 | Local Epoch : 2 | [64/607 (11%)]	Loss1: 5.841750 Loss2: 0.000015 
| Global Round : 44 | Client :9 | Local Epoch : 3 | [64/607 (11%)]	Loss1: 5.842448 Loss2: 0.000016 
| Global Round : 44 | Client :9 | Local Epoch : 4 | [64/607 (11%)]	Loss1: 5.841247 Loss2: 0.000017 
average loss:   5.838527787729431
average local test accuracy: 0.8190104166666666
average global test accuracy:  0.66015625

 | Global Training Round : 45 |

xi_k [0.47585024 0.53258115 0.53257497 0.49480516 0.49083561 0.50782292
 0.51064366 0.49638507 0.52514717 0.50542016]
max_exp: -1.0
coe: 10
Regulation [0.8 0.8 0.8 0.8 0.8 0.8 0.8 0.8 0.8 0.8]
Solver status: optimal_inaccurate
b_new: [1. 1. 1. 1. 1. 1. 1. 1. 1. 1.]
Iter 0: obj=50.3207, best_obj=50.3207, ||b_new-b_prev||₂=2.846050
xi_k [0.47585024 0.53258115 0.53257497 0.49480516 0.49083561 0.50782292
 0.51064366 0.49638507 0.52514717 0.50542016]
max_exp: -1.0
coe: 10
Regulation [-1. -1. -1. -1. -1. -1. -1. -1. -1. -1.]
Solver status: optimal_inaccurate
b_new: [1. 1. 1. 1. 1. 1. 1. 1. 1. 1.]
Iter 1: obj=51.2207, best_obj=51.2207, ||b_new-b_prev||₂=0.000000
Converged.
Final b: [1. 1. 1. 1. 1. 1. 1. 1. 1. 1.]
<class 'numpy.ndarray'>
b_float: [1. 1. 1. 1. 1. 1. 1. 1. 1. 1.]
b: [1 1 1 1 1 1 1 1 1 1]
active_clients:  [0, 1, 2, 3, 4, 5, 6, 7, 8, 9]
Client 0's s_k are:[0 1 1 1 1 1 1 1 1 1]
Client 1's s_k are:[1 0 1 1 1 1 1 1 1 1]
Client 2's s_k are:[1 1 0 1 1 1 1 1 1 1]
Client 3's s_k are:[1 1 1 0 1 1 1 1 1 1]
Client 4's s_k are:[1 1 1 1 0 1 1 1 1 1]
Client 5's s_k are:[1 1 1 1 1 0 1 1 1 1]
Client 6's s_k are:[1 1 1 1 1 1 0 1 1 1]
Client 7's s_k are:[1 1 1 1 1 1 1 0 1 1]
Client 8's s_k are:[1 1 1 1 1 1 1 1 0 1]
Client 9's s_k are:[1 1 1 1 1 1 1 1 1 0]
| Global Round : 45 | Client :0 | Local Epoch : 0 | [64/573 (12%)]	Loss1: 5.839414 Loss2: 0.000021 
| Global Round : 45 | Client :0 | Local Epoch : 1 | [64/573 (12%)]	Loss1: 5.841436 Loss2: 0.000020 
| Global Round : 45 | Client :0 | Local Epoch : 2 | [64/573 (12%)]	Loss1: 5.839868 Loss2: 0.000018 
| Global Round : 45 | Client :0 | Local Epoch : 3 | [64/573 (12%)]	Loss1: 5.840169 Loss2: 0.000023 
| Global Round : 45 | Client :0 | Local Epoch : 4 | [64/573 (12%)]	Loss1: 5.840051 Loss2: 0.000022 
| Global Round : 45 | Client :1 | Local Epoch : 0 | [64/448 (14%)]	Loss1: 5.841930 Loss2: 0.000016 
| Global Round : 45 | Client :1 | Local Epoch : 1 | [64/448 (14%)]	Loss1: 5.840797 Loss2: 0.000016 
| Global Round : 45 | Client :1 | Local Epoch : 2 | [64/448 (14%)]	Loss1: 5.841531 Loss2: 0.000021 
| Global Round : 45 | Client :1 | Local Epoch : 3 | [64/448 (14%)]	Loss1: 5.842186 Loss2: 0.000016 
| Global Round : 45 | Client :1 | Local Epoch : 4 | [64/448 (14%)]	Loss1: 5.842730 Loss2: 0.000016 
| Global Round : 45 | Client :2 | Local Epoch : 0 | [64/448 (14%)]	Loss1: 5.840831 Loss2: 0.000011 
| Global Round : 45 | Client :2 | Local Epoch : 1 | [64/448 (14%)]	Loss1: 5.841412 Loss2: 0.000013 
| Global Round : 45 | Client :2 | Local Epoch : 2 | [64/448 (14%)]	Loss1: 5.840839 Loss2: 0.000013 
| Global Round : 45 | Client :2 | Local Epoch : 3 | [64/448 (14%)]	Loss1: 5.840476 Loss2: 0.000011 
| Global Round : 45 | Client :2 | Local Epoch : 4 | [64/448 (14%)]	Loss1: 5.841484 Loss2: 0.000015 
| Global Round : 45 | Client :3 | Local Epoch : 0 | [64/620 (11%)]	Loss1: 5.841281 Loss2: 0.000015 
| Global Round : 45 | Client :3 | Local Epoch : 1 | [64/620 (11%)]	Loss1: 5.840304 Loss2: 0.000014 
| Global Round : 45 | Client :3 | Local Epoch : 2 | [64/620 (11%)]	Loss1: 5.841241 Loss2: 0.000015 
| Global Round : 45 | Client :3 | Local Epoch : 3 | [64/620 (11%)]	Loss1: 5.840721 Loss2: 0.000017 
| Global Round : 45 | Client :3 | Local Epoch : 4 | [64/620 (11%)]	Loss1: 5.841335 Loss2: 0.000014 
| Global Round : 45 | Client :4 | Local Epoch : 0 | [64/625 (11%)]	Loss1: 5.841510 Loss2: 0.000019 
| Global Round : 45 | Client :4 | Local Epoch : 1 | [64/625 (11%)]	Loss1: 5.841154 Loss2: 0.000022 
| Global Round : 45 | Client :4 | Local Epoch : 2 | [64/625 (11%)]	Loss1: 5.840108 Loss2: 0.000018 
| Global Round : 45 | Client :4 | Local Epoch : 3 | [64/625 (11%)]	Loss1: 5.839594 Loss2: 0.000019 
| Global Round : 45 | Client :4 | Local Epoch : 4 | [64/625 (11%)]	Loss1: 5.839525 Loss2: 0.000020 
| Global Round : 45 | Client :5 | Local Epoch : 0 | [64/604 (11%)]	Loss1: 5.840322 Loss2: 0.000018 
| Global Round : 45 | Client :5 | Local Epoch : 1 | [64/604 (11%)]	Loss1: 5.840125 Loss2: 0.000016 
| Global Round : 45 | Client :5 | Local Epoch : 2 | [64/604 (11%)]	Loss1: 5.840016 Loss2: 0.000021 
| Global Round : 45 | Client :5 | Local Epoch : 3 | [64/604 (11%)]	Loss1: 5.839894 Loss2: 0.000017 
| Global Round : 45 | Client :5 | Local Epoch : 4 | [64/604 (11%)]	Loss1: 5.839385 Loss2: 0.000019 
| Global Round : 45 | Client :6 | Local Epoch : 0 | [64/534 (12%)]	Loss1: 5.840503 Loss2: 0.000010 
| Global Round : 45 | Client :6 | Local Epoch : 1 | [64/534 (12%)]	Loss1: 5.842705 Loss2: 0.000013 
| Global Round : 45 | Client :6 | Local Epoch : 2 | [64/534 (12%)]	Loss1: 5.841870 Loss2: 0.000017 
| Global Round : 45 | Client :6 | Local Epoch : 3 | [64/534 (12%)]	Loss1: 5.840086 Loss2: 0.000013 
| Global Round : 45 | Client :6 | Local Epoch : 4 | [64/534 (12%)]	Loss1: 5.841820 Loss2: 0.000012 
| Global Round : 45 | Client :7 | Local Epoch : 0 | [64/824 (8%)]	Loss1: 5.839665 Loss2: 0.000023 
| Global Round : 45 | Client :7 | Local Epoch : 0 | [704/824 (92%)]	Loss1: 5.840064 Loss2: 0.000024 
| Global Round : 45 | Client :7 | Local Epoch : 1 | [64/824 (8%)]	Loss1: 5.840234 Loss2: 0.000025 
| Global Round : 45 | Client :7 | Local Epoch : 1 | [704/824 (92%)]	Loss1: 5.839202 Loss2: 0.000021 
| Global Round : 45 | Client :7 | Local Epoch : 2 | [64/824 (8%)]	Loss1: 5.840721 Loss2: 0.000022 
| Global Round : 45 | Client :7 | Local Epoch : 2 | [704/824 (92%)]	Loss1: 5.839547 Loss2: 0.000026 
| Global Round : 45 | Client :7 | Local Epoch : 3 | [64/824 (8%)]	Loss1: 5.839519 Loss2: 0.000024 
| Global Round : 45 | Client :7 | Local Epoch : 3 | [704/824 (92%)]	Loss1: 5.840813 Loss2: 0.000026 
| Global Round : 45 | Client :7 | Local Epoch : 4 | [64/824 (8%)]	Loss1: 5.839349 Loss2: 0.000025 
| Global Round : 45 | Client :7 | Local Epoch : 4 | [704/824 (92%)]	Loss1: 5.840279 Loss2: 0.000021 
| Global Round : 45 | Client :8 | Local Epoch : 0 | [64/714 (9%)]	Loss1: 5.841736 Loss2: 0.000020 
| Global Round : 45 | Client :8 | Local Epoch : 0 | [704/714 (100%)]	Loss1: 5.842690 Loss2: 0.000021 
| Global Round : 45 | Client :8 | Local Epoch : 1 | [64/714 (9%)]	Loss1: 5.841190 Loss2: 0.000020 
| Global Round : 45 | Client :8 | Local Epoch : 1 | [704/714 (100%)]	Loss1: 5.840854 Loss2: 0.000016 
| Global Round : 45 | Client :8 | Local Epoch : 2 | [64/714 (9%)]	Loss1: 5.841099 Loss2: 0.000017 
| Global Round : 45 | Client :8 | Local Epoch : 2 | [704/714 (100%)]	Loss1: 5.840848 Loss2: 0.000019 
| Global Round : 45 | Client :8 | Local Epoch : 3 | [64/714 (9%)]	Loss1: 5.841285 Loss2: 0.000017 
| Global Round : 45 | Client :8 | Local Epoch : 3 | [704/714 (100%)]	Loss1: 5.841808 Loss2: 0.000024 
| Global Round : 45 | Client :8 | Local Epoch : 4 | [64/714 (9%)]	Loss1: 5.841644 Loss2: 0.000016 
| Global Round : 45 | Client :8 | Local Epoch : 4 | [704/714 (100%)]	Loss1: 5.839812 Loss2: 0.000020 
| Global Round : 45 | Client :9 | Local Epoch : 0 | [64/607 (11%)]	Loss1: 5.841066 Loss2: 0.000014 
| Global Round : 45 | Client :9 | Local Epoch : 1 | [64/607 (11%)]	Loss1: 5.842336 Loss2: 0.000014 
| Global Round : 45 | Client :9 | Local Epoch : 2 | [64/607 (11%)]	Loss1: 5.841358 Loss2: 0.000014 
| Global Round : 45 | Client :9 | Local Epoch : 3 | [64/607 (11%)]	Loss1: 5.840665 Loss2: 0.000015 
| Global Round : 45 | Client :9 | Local Epoch : 4 | [64/607 (11%)]	Loss1: 5.841503 Loss2: 0.000011 
average loss:   5.83851541015837
average local test accuracy: 0.824609375
average global test accuracy:  0.579296875

 | Global Training Round : 46 |

xi_k [0.47586775 0.53256579 0.53260286 0.49479043 0.4908056  0.50782879
 0.51060996 0.49637382 0.52513731 0.50538718]
max_exp: -1.0
coe: 10
Regulation [0.8 0.8 0.8 0.8 0.8 0.8 0.8 0.8 0.8 0.8]
Solver status: optimal_inaccurate
b_new: [1. 1. 1. 1. 1. 1. 1. 1. 1. 1.]
Iter 0: obj=50.3197, best_obj=50.3197, ||b_new-b_prev||₂=2.846050
xi_k [0.47586775 0.53256579 0.53260286 0.49479043 0.4908056  0.50782879
 0.51060996 0.49637382 0.52513731 0.50538718]
max_exp: -1.0
coe: 10
Regulation [-1. -1. -1. -1. -1. -1. -1. -1. -1. -1.]
Solver status: optimal_inaccurate
b_new: [1. 1. 1. 1. 1. 1. 1. 1. 1. 1.]
Iter 1: obj=51.2197, best_obj=51.2197, ||b_new-b_prev||₂=0.000000
Converged.
Final b: [1. 1. 1. 1. 1. 1. 1. 1. 1. 1.]
<class 'numpy.ndarray'>
b_float: [1. 1. 1. 1. 1. 1. 1. 1. 1. 1.]
b: [1 1 1 1 1 1 1 1 1 1]
active_clients:  [0, 1, 2, 3, 4, 5, 6, 7, 8, 9]
Client 0's s_k are:[0 1 1 1 1 1 1 1 1 1]
Client 1's s_k are:[1 0 1 1 1 1 1 1 1 1]
Client 2's s_k are:[1 1 0 1 1 1 1 1 1 1]
Client 3's s_k are:[1 1 1 0 1 1 1 1 1 1]
Client 4's s_k are:[1 1 1 1 0 1 1 1 1 1]
Client 5's s_k are:[1 1 1 1 1 0 1 1 1 1]
Client 6's s_k are:[1 1 1 1 1 1 0 1 1 1]
Client 7's s_k are:[1 1 1 1 1 1 1 0 1 1]
Client 8's s_k are:[1 1 1 1 1 1 1 1 0 1]
Client 9's s_k are:[1 1 1 1 1 1 1 1 1 0]
| Global Round : 46 | Client :0 | Local Epoch : 0 | [64/573 (12%)]	Loss1: 5.840037 Loss2: 0.000021 
| Global Round : 46 | Client :0 | Local Epoch : 1 | [64/573 (12%)]	Loss1: 5.839342 Loss2: 0.000020 
| Global Round : 46 | Client :0 | Local Epoch : 2 | [64/573 (12%)]	Loss1: 5.839570 Loss2: 0.000025 
| Global Round : 46 | Client :0 | Local Epoch : 3 | [64/573 (12%)]	Loss1: 5.839378 Loss2: 0.000023 
| Global Round : 46 | Client :0 | Local Epoch : 4 | [64/573 (12%)]	Loss1: 5.840196 Loss2: 0.000021 
| Global Round : 46 | Client :1 | Local Epoch : 0 | [64/448 (14%)]	Loss1: 5.841878 Loss2: 0.000011 
| Global Round : 46 | Client :1 | Local Epoch : 1 | [64/448 (14%)]	Loss1: 5.841411 Loss2: 0.000013 
| Global Round : 46 | Client :1 | Local Epoch : 2 | [64/448 (14%)]	Loss1: 5.841161 Loss2: 0.000021 
| Global Round : 46 | Client :1 | Local Epoch : 3 | [64/448 (14%)]	Loss1: 5.842511 Loss2: 0.000022 
| Global Round : 46 | Client :1 | Local Epoch : 4 | [64/448 (14%)]	Loss1: 5.841112 Loss2: 0.000018 
| Global Round : 46 | Client :2 | Local Epoch : 0 | [64/448 (14%)]	Loss1: 5.842293 Loss2: 0.000011 
| Global Round : 46 | Client :2 | Local Epoch : 1 | [64/448 (14%)]	Loss1: 5.840609 Loss2: 0.000013 
| Global Round : 46 | Client :2 | Local Epoch : 2 | [64/448 (14%)]	Loss1: 5.840927 Loss2: 0.000012 
| Global Round : 46 | Client :2 | Local Epoch : 3 | [64/448 (14%)]	Loss1: 5.840924 Loss2: 0.000015 
| Global Round : 46 | Client :2 | Local Epoch : 4 | [64/448 (14%)]	Loss1: 5.841249 Loss2: 0.000013 
| Global Round : 46 | Client :3 | Local Epoch : 0 | [64/620 (11%)]	Loss1: 5.840594 Loss2: 0.000016 
| Global Round : 46 | Client :3 | Local Epoch : 1 | [64/620 (11%)]	Loss1: 5.841575 Loss2: 0.000013 
| Global Round : 46 | Client :3 | Local Epoch : 2 | [64/620 (11%)]	Loss1: 5.841543 Loss2: 0.000016 
| Global Round : 46 | Client :3 | Local Epoch : 3 | [64/620 (11%)]	Loss1: 5.842413 Loss2: 0.000015 
| Global Round : 46 | Client :3 | Local Epoch : 4 | [64/620 (11%)]	Loss1: 5.840280 Loss2: 0.000019 
| Global Round : 46 | Client :4 | Local Epoch : 0 | [64/625 (11%)]	Loss1: 5.839960 Loss2: 0.000016 
| Global Round : 46 | Client :4 | Local Epoch : 1 | [64/625 (11%)]	Loss1: 5.841491 Loss2: 0.000020 
| Global Round : 46 | Client :4 | Local Epoch : 2 | [64/625 (11%)]	Loss1: 5.840979 Loss2: 0.000020 
| Global Round : 46 | Client :4 | Local Epoch : 3 | [64/625 (11%)]	Loss1: 5.840440 Loss2: 0.000017 
| Global Round : 46 | Client :4 | Local Epoch : 4 | [64/625 (11%)]	Loss1: 5.839843 Loss2: 0.000018 
| Global Round : 46 | Client :5 | Local Epoch : 0 | [64/604 (11%)]	Loss1: 5.839967 Loss2: 0.000017 
| Global Round : 46 | Client :5 | Local Epoch : 1 | [64/604 (11%)]	Loss1: 5.840448 Loss2: 0.000020 
| Global Round : 46 | Client :5 | Local Epoch : 2 | [64/604 (11%)]	Loss1: 5.839700 Loss2: 0.000018 
| Global Round : 46 | Client :5 | Local Epoch : 3 | [64/604 (11%)]	Loss1: 5.840385 Loss2: 0.000018 
| Global Round : 46 | Client :5 | Local Epoch : 4 | [64/604 (11%)]	Loss1: 5.840055 Loss2: 0.000021 
| Global Round : 46 | Client :6 | Local Epoch : 0 | [64/534 (12%)]	Loss1: 5.841916 Loss2: 0.000010 
| Global Round : 46 | Client :6 | Local Epoch : 1 | [64/534 (12%)]	Loss1: 5.841152 Loss2: 0.000009 
| Global Round : 46 | Client :6 | Local Epoch : 2 | [64/534 (12%)]	Loss1: 5.840968 Loss2: 0.000011 
| Global Round : 46 | Client :6 | Local Epoch : 3 | [64/534 (12%)]	Loss1: 5.841771 Loss2: 0.000015 
| Global Round : 46 | Client :6 | Local Epoch : 4 | [64/534 (12%)]	Loss1: 5.840407 Loss2: 0.000013 
| Global Round : 46 | Client :7 | Local Epoch : 0 | [64/824 (8%)]	Loss1: 5.839929 Loss2: 0.000020 
| Global Round : 46 | Client :7 | Local Epoch : 0 | [704/824 (92%)]	Loss1: 5.839168 Loss2: 0.000029 
| Global Round : 46 | Client :7 | Local Epoch : 1 | [64/824 (8%)]	Loss1: 5.838739 Loss2: 0.000022 
| Global Round : 46 | Client :7 | Local Epoch : 1 | [704/824 (92%)]	Loss1: 5.839798 Loss2: 0.000025 
| Global Round : 46 | Client :7 | Local Epoch : 2 | [64/824 (8%)]	Loss1: 5.839594 Loss2: 0.000020 
| Global Round : 46 | Client :7 | Local Epoch : 2 | [704/824 (92%)]	Loss1: 5.840420 Loss2: 0.000026 
| Global Round : 46 | Client :7 | Local Epoch : 3 | [64/824 (8%)]	Loss1: 5.839985 Loss2: 0.000025 
| Global Round : 46 | Client :7 | Local Epoch : 3 | [704/824 (92%)]	Loss1: 5.839701 Loss2: 0.000020 
| Global Round : 46 | Client :7 | Local Epoch : 4 | [64/824 (8%)]	Loss1: 5.841386 Loss2: 0.000025 
| Global Round : 46 | Client :7 | Local Epoch : 4 | [704/824 (92%)]	Loss1: 5.839855 Loss2: 0.000023 
| Global Round : 46 | Client :8 | Local Epoch : 0 | [64/714 (9%)]	Loss1: 5.841796 Loss2: 0.000021 
| Global Round : 46 | Client :8 | Local Epoch : 0 | [704/714 (100%)]	Loss1: 5.842525 Loss2: 0.000019 
| Global Round : 46 | Client :8 | Local Epoch : 1 | [64/714 (9%)]	Loss1: 5.841303 Loss2: 0.000021 
| Global Round : 46 | Client :8 | Local Epoch : 1 | [704/714 (100%)]	Loss1: 5.842000 Loss2: 0.000018 
| Global Round : 46 | Client :8 | Local Epoch : 2 | [64/714 (9%)]	Loss1: 5.840464 Loss2: 0.000021 
| Global Round : 46 | Client :8 | Local Epoch : 2 | [704/714 (100%)]	Loss1: 5.840724 Loss2: 0.000020 
| Global Round : 46 | Client :8 | Local Epoch : 3 | [64/714 (9%)]	Loss1: 5.842065 Loss2: 0.000021 
| Global Round : 46 | Client :8 | Local Epoch : 3 | [704/714 (100%)]	Loss1: 5.840244 Loss2: 0.000020 
| Global Round : 46 | Client :8 | Local Epoch : 4 | [64/714 (9%)]	Loss1: 5.841260 Loss2: 0.000021 
| Global Round : 46 | Client :8 | Local Epoch : 4 | [704/714 (100%)]	Loss1: 5.840961 Loss2: 0.000017 
| Global Round : 46 | Client :9 | Local Epoch : 0 | [64/607 (11%)]	Loss1: 5.841340 Loss2: 0.000014 
| Global Round : 46 | Client :9 | Local Epoch : 1 | [64/607 (11%)]	Loss1: 5.842157 Loss2: 0.000017 
| Global Round : 46 | Client :9 | Local Epoch : 2 | [64/607 (11%)]	Loss1: 5.841218 Loss2: 0.000015 
| Global Round : 46 | Client :9 | Local Epoch : 3 | [64/607 (11%)]	Loss1: 5.840948 Loss2: 0.000016 
| Global Round : 46 | Client :9 | Local Epoch : 4 | [64/607 (11%)]	Loss1: 5.840433 Loss2: 0.000014 
average loss:   5.838545051634226
average local test accuracy: 0.8239583333333333
average global test accuracy:  0.6265625

 | Global Training Round : 47 |

xi_k [0.47586262 0.53257952 0.5325893  0.49482558 0.4908302  0.50783636
 0.51063753 0.49636319 0.52516008 0.50541678]
max_exp: -1.0
coe: 10
Regulation [0.8 0.8 0.8 0.8 0.8 0.8 0.8 0.8 0.8 0.8]
Solver status: optimal_inaccurate
b_new: [1. 1. 1. 1. 1. 1. 1. 1. 1. 1.]
Iter 0: obj=50.3210, best_obj=50.3210, ||b_new-b_prev||₂=2.846050
xi_k [0.47586262 0.53257952 0.5325893  0.49482558 0.4908302  0.50783636
 0.51063753 0.49636319 0.52516008 0.50541678]
max_exp: -1.0
coe: 10
Regulation [-1. -1. -1. -1. -1. -1. -1. -1. -1. -1.]
Solver status: optimal_inaccurate
b_new: [1. 1. 1. 1. 1. 1. 1. 1. 1. 1.]
Iter 1: obj=51.2210, best_obj=51.2210, ||b_new-b_prev||₂=0.000000
Converged.
Final b: [1. 1. 1. 1. 1. 1. 1. 1. 1. 1.]
<class 'numpy.ndarray'>
b_float: [1. 1. 1. 1. 1. 1. 1. 1. 1. 1.]
b: [1 1 1 1 1 1 1 1 1 1]
active_clients:  [0, 1, 2, 3, 4, 5, 6, 7, 8, 9]
Client 0's s_k are:[0 1 1 1 1 1 1 1 1 1]
Client 1's s_k are:[1 0 1 1 1 1 1 1 1 1]
Client 2's s_k are:[1 1 0 1 1 1 1 1 1 1]
Client 3's s_k are:[1 1 1 0 1 1 1 1 1 1]
Client 4's s_k are:[1 1 1 1 0 1 1 1 1 1]
Client 5's s_k are:[1 1 1 1 1 0 1 1 1 1]
Client 6's s_k are:[1 1 1 1 1 1 0 1 1 1]
Client 7's s_k are:[1 1 1 1 1 1 1 0 1 1]
Client 8's s_k are:[1 1 1 1 1 1 1 1 0 1]
Client 9's s_k are:[1 1 1 1 1 1 1 1 1 0]
| Global Round : 47 | Client :0 | Local Epoch : 0 | [64/573 (12%)]	Loss1: 5.839801 Loss2: 0.000019 
| Global Round : 47 | Client :0 | Local Epoch : 1 | [64/573 (12%)]	Loss1: 5.839798 Loss2: 0.000019 
| Global Round : 47 | Client :0 | Local Epoch : 2 | [64/573 (12%)]	Loss1: 5.839433 Loss2: 0.000022 
| Global Round : 47 | Client :0 | Local Epoch : 3 | [64/573 (12%)]	Loss1: 5.840172 Loss2: 0.000022 
| Global Round : 47 | Client :0 | Local Epoch : 4 | [64/573 (12%)]	Loss1: 5.839571 Loss2: 0.000019 
| Global Round : 47 | Client :1 | Local Epoch : 0 | [64/448 (14%)]	Loss1: 5.841234 Loss2: 0.000015 
| Global Round : 47 | Client :1 | Local Epoch : 1 | [64/448 (14%)]	Loss1: 5.840968 Loss2: 0.000014 
| Global Round : 47 | Client :1 | Local Epoch : 2 | [64/448 (14%)]	Loss1: 5.842007 Loss2: 0.000015 
| Global Round : 47 | Client :1 | Local Epoch : 3 | [64/448 (14%)]	Loss1: 5.840964 Loss2: 0.000015 
| Global Round : 47 | Client :1 | Local Epoch : 4 | [64/448 (14%)]	Loss1: 5.840847 Loss2: 0.000021 
| Global Round : 47 | Client :2 | Local Epoch : 0 | [64/448 (14%)]	Loss1: 5.840696 Loss2: 0.000012 
| Global Round : 47 | Client :2 | Local Epoch : 1 | [64/448 (14%)]	Loss1: 5.840808 Loss2: 0.000016 
| Global Round : 47 | Client :2 | Local Epoch : 2 | [64/448 (14%)]	Loss1: 5.841888 Loss2: 0.000012 
| Global Round : 47 | Client :2 | Local Epoch : 3 | [64/448 (14%)]	Loss1: 5.841471 Loss2: 0.000010 
| Global Round : 47 | Client :2 | Local Epoch : 4 | [64/448 (14%)]	Loss1: 5.840518 Loss2: 0.000010 
| Global Round : 47 | Client :3 | Local Epoch : 0 | [64/620 (11%)]	Loss1: 5.840310 Loss2: 0.000018 
| Global Round : 47 | Client :3 | Local Epoch : 1 | [64/620 (11%)]	Loss1: 5.839925 Loss2: 0.000015 
| Global Round : 47 | Client :3 | Local Epoch : 2 | [64/620 (11%)]	Loss1: 5.840020 Loss2: 0.000017 
| Global Round : 47 | Client :3 | Local Epoch : 3 | [64/620 (11%)]	Loss1: 5.841622 Loss2: 0.000015 
| Global Round : 47 | Client :3 | Local Epoch : 4 | [64/620 (11%)]	Loss1: 5.840141 Loss2: 0.000015 
| Global Round : 47 | Client :4 | Local Epoch : 0 | [64/625 (11%)]	Loss1: 5.840760 Loss2: 0.000017 
| Global Round : 47 | Client :4 | Local Epoch : 1 | [64/625 (11%)]	Loss1: 5.840312 Loss2: 0.000016 
| Global Round : 47 | Client :4 | Local Epoch : 2 | [64/625 (11%)]	Loss1: 5.841842 Loss2: 0.000017 
| Global Round : 47 | Client :4 | Local Epoch : 3 | [64/625 (11%)]	Loss1: 5.840365 Loss2: 0.000020 
| Global Round : 47 | Client :4 | Local Epoch : 4 | [64/625 (11%)]	Loss1: 5.841004 Loss2: 0.000019 
| Global Round : 47 | Client :5 | Local Epoch : 0 | [64/604 (11%)]	Loss1: 5.839648 Loss2: 0.000019 
| Global Round : 47 | Client :5 | Local Epoch : 1 | [64/604 (11%)]	Loss1: 5.840383 Loss2: 0.000016 
| Global Round : 47 | Client :5 | Local Epoch : 2 | [64/604 (11%)]	Loss1: 5.841261 Loss2: 0.000017 
| Global Round : 47 | Client :5 | Local Epoch : 3 | [64/604 (11%)]	Loss1: 5.839643 Loss2: 0.000018 
| Global Round : 47 | Client :5 | Local Epoch : 4 | [64/604 (11%)]	Loss1: 5.840696 Loss2: 0.000021 
| Global Round : 47 | Client :6 | Local Epoch : 0 | [64/534 (12%)]	Loss1: 5.839948 Loss2: 0.000017 
| Global Round : 47 | Client :6 | Local Epoch : 1 | [64/534 (12%)]	Loss1: 5.839967 Loss2: 0.000013 
| Global Round : 47 | Client :6 | Local Epoch : 2 | [64/534 (12%)]	Loss1: 5.841420 Loss2: 0.000014 
| Global Round : 47 | Client :6 | Local Epoch : 3 | [64/534 (12%)]	Loss1: 5.840693 Loss2: 0.000015 
| Global Round : 47 | Client :6 | Local Epoch : 4 | [64/534 (12%)]	Loss1: 5.840768 Loss2: 0.000011 
| Global Round : 47 | Client :7 | Local Epoch : 0 | [64/824 (8%)]	Loss1: 5.839604 Loss2: 0.000022 
| Global Round : 47 | Client :7 | Local Epoch : 0 | [704/824 (92%)]	Loss1: 5.839512 Loss2: 0.000021 
| Global Round : 47 | Client :7 | Local Epoch : 1 | [64/824 (8%)]	Loss1: 5.839975 Loss2: 0.000025 
| Global Round : 47 | Client :7 | Local Epoch : 1 | [704/824 (92%)]	Loss1: 5.840753 Loss2: 0.000022 
| Global Round : 47 | Client :7 | Local Epoch : 2 | [64/824 (8%)]	Loss1: 5.840278 Loss2: 0.000023 
| Global Round : 47 | Client :7 | Local Epoch : 2 | [704/824 (92%)]	Loss1: 5.839740 Loss2: 0.000024 
| Global Round : 47 | Client :7 | Local Epoch : 3 | [64/824 (8%)]	Loss1: 5.840067 Loss2: 0.000025 
| Global Round : 47 | Client :7 | Local Epoch : 3 | [704/824 (92%)]	Loss1: 5.840047 Loss2: 0.000018 
| Global Round : 47 | Client :7 | Local Epoch : 4 | [64/824 (8%)]	Loss1: 5.839857 Loss2: 0.000025 
| Global Round : 47 | Client :7 | Local Epoch : 4 | [704/824 (92%)]	Loss1: 5.839803 Loss2: 0.000021 
| Global Round : 47 | Client :8 | Local Epoch : 0 | [64/714 (9%)]	Loss1: 5.841242 Loss2: 0.000021 
| Global Round : 47 | Client :8 | Local Epoch : 0 | [704/714 (100%)]	Loss1: 5.840497 Loss2: 0.000022 
| Global Round : 47 | Client :8 | Local Epoch : 1 | [64/714 (9%)]	Loss1: 5.841210 Loss2: 0.000019 
| Global Round : 47 | Client :8 | Local Epoch : 1 | [704/714 (100%)]	Loss1: 5.840785 Loss2: 0.000021 
| Global Round : 47 | Client :8 | Local Epoch : 2 | [64/714 (9%)]	Loss1: 5.841172 Loss2: 0.000023 
| Global Round : 47 | Client :8 | Local Epoch : 2 | [704/714 (100%)]	Loss1: 5.840401 Loss2: 0.000019 
| Global Round : 47 | Client :8 | Local Epoch : 3 | [64/714 (9%)]	Loss1: 5.840817 Loss2: 0.000017 
| Global Round : 47 | Client :8 | Local Epoch : 3 | [704/714 (100%)]	Loss1: 5.840378 Loss2: 0.000015 
| Global Round : 47 | Client :8 | Local Epoch : 4 | [64/714 (9%)]	Loss1: 5.840835 Loss2: 0.000021 
| Global Round : 47 | Client :8 | Local Epoch : 4 | [704/714 (100%)]	Loss1: 5.841770 Loss2: 0.000019 
| Global Round : 47 | Client :9 | Local Epoch : 0 | [64/607 (11%)]	Loss1: 5.840919 Loss2: 0.000016 
| Global Round : 47 | Client :9 | Local Epoch : 1 | [64/607 (11%)]	Loss1: 5.841428 Loss2: 0.000014 
| Global Round : 47 | Client :9 | Local Epoch : 2 | [64/607 (11%)]	Loss1: 5.841074 Loss2: 0.000018 
| Global Round : 47 | Client :9 | Local Epoch : 3 | [64/607 (11%)]	Loss1: 5.840622 Loss2: 0.000011 
| Global Round : 47 | Client :9 | Local Epoch : 4 | [64/607 (11%)]	Loss1: 5.840651 Loss2: 0.000013 
average loss:   5.838477968111699
average local test accuracy: 0.8194010416666668
average global test accuracy:  0.6421875

 | Global Training Round : 48 |

xi_k [0.47585152 0.53256851 0.53255695 0.49477973 0.49081567 0.50782622
 0.51061071 0.49637931 0.52513378 0.5054329 ]
max_exp: -1.0
coe: 10
Regulation [0.8 0.8 0.8 0.8 0.8 0.8 0.8 0.8 0.8 0.8]
Solver status: optimal_inaccurate
b_new: [1. 1. 1. 1. 1. 1. 1. 1. 1. 1.]
Iter 0: obj=50.3196, best_obj=50.3196, ||b_new-b_prev||₂=2.846050
xi_k [0.47585152 0.53256851 0.53255695 0.49477973 0.49081567 0.50782622
 0.51061071 0.49637931 0.52513378 0.5054329 ]
max_exp: -1.0
coe: 10
Regulation [-1. -1. -1. -1. -1. -1. -1. -1. -1. -1.]
Solver status: optimal_inaccurate
b_new: [1. 1. 1. 1. 1. 1. 1. 1. 1. 1.]
Iter 1: obj=51.2196, best_obj=51.2196, ||b_new-b_prev||₂=0.000000
Converged.
Final b: [1. 1. 1. 1. 1. 1. 1. 1. 1. 1.]
<class 'numpy.ndarray'>
b_float: [1. 1. 1. 1. 1. 1. 1. 1. 1. 1.]
b: [1 1 1 1 1 1 1 1 1 1]
active_clients:  [0, 1, 2, 3, 4, 5, 6, 7, 8, 9]
Client 0's s_k are:[0 1 1 1 1 1 1 1 1 1]
Client 1's s_k are:[1 0 1 1 1 1 1 1 1 1]
Client 2's s_k are:[1 1 0 1 1 1 1 1 1 1]
Client 3's s_k are:[1 1 1 0 1 1 1 1 1 1]
Client 4's s_k are:[1 1 1 1 0 1 1 1 1 1]
Client 5's s_k are:[1 1 1 1 1 0 1 1 1 1]
Client 6's s_k are:[1 1 1 1 1 1 0 1 1 1]
Client 7's s_k are:[1 1 1 1 1 1 1 0 1 1]
Client 8's s_k are:[1 1 1 1 1 1 1 1 0 1]
Client 9's s_k are:[1 1 1 1 1 1 1 1 1 0]
| Global Round : 48 | Client :0 | Local Epoch : 0 | [64/573 (12%)]	Loss1: 5.840900 Loss2: 0.000020 
| Global Round : 48 | Client :0 | Local Epoch : 1 | [64/573 (12%)]	Loss1: 5.839987 Loss2: 0.000020 
| Global Round : 48 | Client :0 | Local Epoch : 2 | [64/573 (12%)]	Loss1: 5.839558 Loss2: 0.000026 
| Global Round : 48 | Client :0 | Local Epoch : 3 | [64/573 (12%)]	Loss1: 5.839682 Loss2: 0.000021 
| Global Round : 48 | Client :0 | Local Epoch : 4 | [64/573 (12%)]	Loss1: 5.840718 Loss2: 0.000022 
| Global Round : 48 | Client :1 | Local Epoch : 0 | [64/448 (14%)]	Loss1: 5.840943 Loss2: 0.000019 
| Global Round : 48 | Client :1 | Local Epoch : 1 | [64/448 (14%)]	Loss1: 5.840660 Loss2: 0.000019 
| Global Round : 48 | Client :1 | Local Epoch : 2 | [64/448 (14%)]	Loss1: 5.841708 Loss2: 0.000018 
| Global Round : 48 | Client :1 | Local Epoch : 3 | [64/448 (14%)]	Loss1: 5.839977 Loss2: 0.000018 
| Global Round : 48 | Client :1 | Local Epoch : 4 | [64/448 (14%)]	Loss1: 5.841467 Loss2: 0.000017 
| Global Round : 48 | Client :2 | Local Epoch : 0 | [64/448 (14%)]	Loss1: 5.841745 Loss2: 0.000010 
| Global Round : 48 | Client :2 | Local Epoch : 1 | [64/448 (14%)]	Loss1: 5.840927 Loss2: 0.000014 
| Global Round : 48 | Client :2 | Local Epoch : 2 | [64/448 (14%)]	Loss1: 5.842477 Loss2: 0.000010 
| Global Round : 48 | Client :2 | Local Epoch : 3 | [64/448 (14%)]	Loss1: 5.840753 Loss2: 0.000012 
| Global Round : 48 | Client :2 | Local Epoch : 4 | [64/448 (14%)]	Loss1: 5.840769 Loss2: 0.000012 
| Global Round : 48 | Client :3 | Local Epoch : 0 | [64/620 (11%)]	Loss1: 5.840128 Loss2: 0.000013 
| Global Round : 48 | Client :3 | Local Epoch : 1 | [64/620 (11%)]	Loss1: 5.840757 Loss2: 0.000015 
| Global Round : 48 | Client :3 | Local Epoch : 2 | [64/620 (11%)]	Loss1: 5.840385 Loss2: 0.000017 
| Global Round : 48 | Client :3 | Local Epoch : 3 | [64/620 (11%)]	Loss1: 5.841235 Loss2: 0.000015 
| Global Round : 48 | Client :3 | Local Epoch : 4 | [64/620 (11%)]	Loss1: 5.841808 Loss2: 0.000018 
| Global Round : 48 | Client :4 | Local Epoch : 0 | [64/625 (11%)]	Loss1: 5.840396 Loss2: 0.000022 
| Global Round : 48 | Client :4 | Local Epoch : 1 | [64/625 (11%)]	Loss1: 5.839712 Loss2: 0.000018 
| Global Round : 48 | Client :4 | Local Epoch : 2 | [64/625 (11%)]	Loss1: 5.840665 Loss2: 0.000019 
| Global Round : 48 | Client :4 | Local Epoch : 3 | [64/625 (11%)]	Loss1: 5.840288 Loss2: 0.000019 
| Global Round : 48 | Client :4 | Local Epoch : 4 | [64/625 (11%)]	Loss1: 5.840798 Loss2: 0.000018 
| Global Round : 48 | Client :5 | Local Epoch : 0 | [64/604 (11%)]	Loss1: 5.839824 Loss2: 0.000019 
| Global Round : 48 | Client :5 | Local Epoch : 1 | [64/604 (11%)]	Loss1: 5.840407 Loss2: 0.000021 
| Global Round : 48 | Client :5 | Local Epoch : 2 | [64/604 (11%)]	Loss1: 5.839834 Loss2: 0.000021 
| Global Round : 48 | Client :5 | Local Epoch : 3 | [64/604 (11%)]	Loss1: 5.839998 Loss2: 0.000018 
| Global Round : 48 | Client :5 | Local Epoch : 4 | [64/604 (11%)]	Loss1: 5.839921 Loss2: 0.000016 
| Global Round : 48 | Client :6 | Local Epoch : 0 | [64/534 (12%)]	Loss1: 5.841206 Loss2: 0.000013 
| Global Round : 48 | Client :6 | Local Epoch : 1 | [64/534 (12%)]	Loss1: 5.841280 Loss2: 0.000012 
| Global Round : 48 | Client :6 | Local Epoch : 2 | [64/534 (12%)]	Loss1: 5.840401 Loss2: 0.000012 
| Global Round : 48 | Client :6 | Local Epoch : 3 | [64/534 (12%)]	Loss1: 5.841067 Loss2: 0.000014 
| Global Round : 48 | Client :6 | Local Epoch : 4 | [64/534 (12%)]	Loss1: 5.840355 Loss2: 0.000013 
| Global Round : 48 | Client :7 | Local Epoch : 0 | [64/824 (8%)]	Loss1: 5.841291 Loss2: 0.000022 
| Global Round : 48 | Client :7 | Local Epoch : 0 | [704/824 (92%)]	Loss1: 5.839355 Loss2: 0.000023 
| Global Round : 48 | Client :7 | Local Epoch : 1 | [64/824 (8%)]	Loss1: 5.840160 Loss2: 0.000022 
| Global Round : 48 | Client :7 | Local Epoch : 1 | [704/824 (92%)]	Loss1: 5.839773 Loss2: 0.000023 
| Global Round : 48 | Client :7 | Local Epoch : 2 | [64/824 (8%)]	Loss1: 5.840053 Loss2: 0.000022 
| Global Round : 48 | Client :7 | Local Epoch : 2 | [704/824 (92%)]	Loss1: 5.840572 Loss2: 0.000020 
| Global Round : 48 | Client :7 | Local Epoch : 3 | [64/824 (8%)]	Loss1: 5.840161 Loss2: 0.000021 
| Global Round : 48 | Client :7 | Local Epoch : 3 | [704/824 (92%)]	Loss1: 5.840487 Loss2: 0.000025 
| Global Round : 48 | Client :7 | Local Epoch : 4 | [64/824 (8%)]	Loss1: 5.839052 Loss2: 0.000021 
| Global Round : 48 | Client :7 | Local Epoch : 4 | [704/824 (92%)]	Loss1: 5.839138 Loss2: 0.000023 
| Global Round : 48 | Client :8 | Local Epoch : 0 | [64/714 (9%)]	Loss1: 5.842055 Loss2: 0.000018 
| Global Round : 48 | Client :8 | Local Epoch : 0 | [704/714 (100%)]	Loss1: 5.841092 Loss2: 0.000020 
| Global Round : 48 | Client :8 | Local Epoch : 1 | [64/714 (9%)]	Loss1: 5.840474 Loss2: 0.000021 
| Global Round : 48 | Client :8 | Local Epoch : 1 | [704/714 (100%)]	Loss1: 5.840862 Loss2: 0.000019 
| Global Round : 48 | Client :8 | Local Epoch : 2 | [64/714 (9%)]	Loss1: 5.842180 Loss2: 0.000017 
| Global Round : 48 | Client :8 | Local Epoch : 2 | [704/714 (100%)]	Loss1: 5.840436 Loss2: 0.000020 
| Global Round : 48 | Client :8 | Local Epoch : 3 | [64/714 (9%)]	Loss1: 5.840734 Loss2: 0.000017 
| Global Round : 48 | Client :8 | Local Epoch : 3 | [704/714 (100%)]	Loss1: 5.841189 Loss2: 0.000018 
| Global Round : 48 | Client :8 | Local Epoch : 4 | [64/714 (9%)]	Loss1: 5.840656 Loss2: 0.000018 
| Global Round : 48 | Client :8 | Local Epoch : 4 | [704/714 (100%)]	Loss1: 5.840855 Loss2: 0.000021 
| Global Round : 48 | Client :9 | Local Epoch : 0 | [64/607 (11%)]	Loss1: 5.840896 Loss2: 0.000015 
| Global Round : 48 | Client :9 | Local Epoch : 1 | [64/607 (11%)]	Loss1: 5.841796 Loss2: 0.000019 
| Global Round : 48 | Client :9 | Local Epoch : 2 | [64/607 (11%)]	Loss1: 5.840736 Loss2: 0.000015 
| Global Round : 48 | Client :9 | Local Epoch : 3 | [64/607 (11%)]	Loss1: 5.841745 Loss2: 0.000017 
| Global Round : 48 | Client :9 | Local Epoch : 4 | [64/607 (11%)]	Loss1: 5.840624 Loss2: 0.000014 
average loss:   5.8385147998429305
average local test accuracy: 0.8192708333333334
average global test accuracy:  0.624609375

 | Global Training Round : 49 |

xi_k [0.47588482 0.53256174 0.53260014 0.49477633 0.49083633 0.50783937
 0.51060889 0.49633479 0.52514227 0.50542742]
max_exp: -1.0
coe: 10
Regulation [0.8 0.8 0.8 0.8 0.8 0.8 0.8 0.8 0.8 0.8]
Solver status: optimal_inaccurate
b_new: [1. 1. 1. 1. 1. 1. 1. 1. 1. 1.]
Iter 0: obj=50.3201, best_obj=50.3201, ||b_new-b_prev||₂=2.846050
xi_k [0.47588482 0.53256174 0.53260014 0.49477633 0.49083633 0.50783937
 0.51060889 0.49633479 0.52514227 0.50542742]
max_exp: -1.0
coe: 10
Regulation [-1. -1. -1. -1. -1. -1. -1. -1. -1. -1.]
Solver status: optimal_inaccurate
b_new: [1. 1. 1. 1. 1. 1. 1. 1. 1. 1.]
Iter 1: obj=51.2201, best_obj=51.2201, ||b_new-b_prev||₂=0.000000
Converged.
Final b: [1. 1. 1. 1. 1. 1. 1. 1. 1. 1.]
<class 'numpy.ndarray'>
b_float: [1. 1. 1. 1. 1. 1. 1. 1. 1. 1.]
b: [1 1 1 1 1 1 1 1 1 1]
active_clients:  [0, 1, 2, 3, 4, 5, 6, 7, 8, 9]
Client 0's s_k are:[0 1 1 1 1 1 1 1 1 1]
Client 1's s_k are:[1 0 1 1 1 1 1 1 1 1]
Client 2's s_k are:[1 1 0 1 1 1 1 1 1 1]
Client 3's s_k are:[1 1 1 0 1 1 1 1 1 1]
Client 4's s_k are:[1 1 1 1 0 1 1 1 1 1]
Client 5's s_k are:[1 1 1 1 1 0 1 1 1 1]
Client 6's s_k are:[1 1 1 1 1 1 0 1 1 1]
Client 7's s_k are:[1 1 1 1 1 1 1 0 1 1]
Client 8's s_k are:[1 1 1 1 1 1 1 1 0 1]
Client 9's s_k are:[1 1 1 1 1 1 1 1 1 0]
| Global Round : 49 | Client :0 | Local Epoch : 0 | [64/573 (12%)]	Loss1: 5.840297 Loss2: 0.000022 
| Global Round : 49 | Client :0 | Local Epoch : 1 | [64/573 (12%)]	Loss1: 5.840217 Loss2: 0.000023 
| Global Round : 49 | Client :0 | Local Epoch : 2 | [64/573 (12%)]	Loss1: 5.840902 Loss2: 0.000020 
| Global Round : 49 | Client :0 | Local Epoch : 3 | [64/573 (12%)]	Loss1: 5.839668 Loss2: 0.000019 
| Global Round : 49 | Client :0 | Local Epoch : 4 | [64/573 (12%)]	Loss1: 5.840213 Loss2: 0.000022 
| Global Round : 49 | Client :1 | Local Epoch : 0 | [64/448 (14%)]	Loss1: 5.841668 Loss2: 0.000015 
| Global Round : 49 | Client :1 | Local Epoch : 1 | [64/448 (14%)]	Loss1: 5.841184 Loss2: 0.000019 
| Global Round : 49 | Client :1 | Local Epoch : 2 | [64/448 (14%)]	Loss1: 5.841064 Loss2: 0.000015 
| Global Round : 49 | Client :1 | Local Epoch : 3 | [64/448 (14%)]	Loss1: 5.839565 Loss2: 0.000016 
| Global Round : 49 | Client :1 | Local Epoch : 4 | [64/448 (14%)]	Loss1: 5.839860 Loss2: 0.000016 
| Global Round : 49 | Client :2 | Local Epoch : 0 | [64/448 (14%)]	Loss1: 5.841639 Loss2: 0.000012 
| Global Round : 49 | Client :2 | Local Epoch : 1 | [64/448 (14%)]	Loss1: 5.841290 Loss2: 0.000009 
| Global Round : 49 | Client :2 | Local Epoch : 2 | [64/448 (14%)]	Loss1: 5.841150 Loss2: 0.000012 
| Global Round : 49 | Client :2 | Local Epoch : 3 | [64/448 (14%)]	Loss1: 5.840559 Loss2: 0.000013 
| Global Round : 49 | Client :2 | Local Epoch : 4 | [64/448 (14%)]	Loss1: 5.841084 Loss2: 0.000010 
| Global Round : 49 | Client :3 | Local Epoch : 0 | [64/620 (11%)]	Loss1: 5.840483 Loss2: 0.000016 
| Global Round : 49 | Client :3 | Local Epoch : 1 | [64/620 (11%)]	Loss1: 5.840997 Loss2: 0.000020 
| Global Round : 49 | Client :3 | Local Epoch : 2 | [64/620 (11%)]	Loss1: 5.840380 Loss2: 0.000018 
| Global Round : 49 | Client :3 | Local Epoch : 3 | [64/620 (11%)]	Loss1: 5.842720 Loss2: 0.000014 
| Global Round : 49 | Client :3 | Local Epoch : 4 | [64/620 (11%)]	Loss1: 5.839509 Loss2: 0.000016 
| Global Round : 49 | Client :4 | Local Epoch : 0 | [64/625 (11%)]	Loss1: 5.841080 Loss2: 0.000016 
| Global Round : 49 | Client :4 | Local Epoch : 1 | [64/625 (11%)]	Loss1: 5.841995 Loss2: 0.000016 
| Global Round : 49 | Client :4 | Local Epoch : 2 | [64/625 (11%)]	Loss1: 5.841301 Loss2: 0.000017 
| Global Round : 49 | Client :4 | Local Epoch : 3 | [64/625 (11%)]	Loss1: 5.840248 Loss2: 0.000016 
| Global Round : 49 | Client :4 | Local Epoch : 4 | [64/625 (11%)]	Loss1: 5.840583 Loss2: 0.000018 
| Global Round : 49 | Client :5 | Local Epoch : 0 | [64/604 (11%)]	Loss1: 5.839883 Loss2: 0.000019 
| Global Round : 49 | Client :5 | Local Epoch : 1 | [64/604 (11%)]	Loss1: 5.839496 Loss2: 0.000018 
| Global Round : 49 | Client :5 | Local Epoch : 2 | [64/604 (11%)]	Loss1: 5.840316 Loss2: 0.000019 
| Global Round : 49 | Client :5 | Local Epoch : 3 | [64/604 (11%)]	Loss1: 5.839546 Loss2: 0.000019 
| Global Round : 49 | Client :5 | Local Epoch : 4 | [64/604 (11%)]	Loss1: 5.838754 Loss2: 0.000017 
| Global Round : 49 | Client :6 | Local Epoch : 0 | [64/534 (12%)]	Loss1: 5.840868 Loss2: 0.000014 
| Global Round : 49 | Client :6 | Local Epoch : 1 | [64/534 (12%)]	Loss1: 5.841906 Loss2: 0.000014 
| Global Round : 49 | Client :6 | Local Epoch : 2 | [64/534 (12%)]	Loss1: 5.840908 Loss2: 0.000013 
| Global Round : 49 | Client :6 | Local Epoch : 3 | [64/534 (12%)]	Loss1: 5.840858 Loss2: 0.000011 
| Global Round : 49 | Client :6 | Local Epoch : 4 | [64/534 (12%)]	Loss1: 5.840856 Loss2: 0.000012 
| Global Round : 49 | Client :7 | Local Epoch : 0 | [64/824 (8%)]	Loss1: 5.839863 Loss2: 0.000021 
| Global Round : 49 | Client :7 | Local Epoch : 0 | [704/824 (92%)]	Loss1: 5.839362 Loss2: 0.000023 
| Global Round : 49 | Client :7 | Local Epoch : 1 | [64/824 (8%)]	Loss1: 5.839831 Loss2: 0.000025 
| Global Round : 49 | Client :7 | Local Epoch : 1 | [704/824 (92%)]	Loss1: 5.839472 Loss2: 0.000025 
| Global Round : 49 | Client :7 | Local Epoch : 2 | [64/824 (8%)]	Loss1: 5.839866 Loss2: 0.000025 
| Global Round : 49 | Client :7 | Local Epoch : 2 | [704/824 (92%)]	Loss1: 5.838705 Loss2: 0.000023 
| Global Round : 49 | Client :7 | Local Epoch : 3 | [64/824 (8%)]	Loss1: 5.839159 Loss2: 0.000021 
| Global Round : 49 | Client :7 | Local Epoch : 3 | [704/824 (92%)]	Loss1: 5.840539 Loss2: 0.000024 
| Global Round : 49 | Client :7 | Local Epoch : 4 | [64/824 (8%)]	Loss1: 5.839010 Loss2: 0.000024 
| Global Round : 49 | Client :7 | Local Epoch : 4 | [704/824 (92%)]	Loss1: 5.840692 Loss2: 0.000025 
| Global Round : 49 | Client :8 | Local Epoch : 0 | [64/714 (9%)]	Loss1: 5.841364 Loss2: 0.000019 
| Global Round : 49 | Client :8 | Local Epoch : 0 | [704/714 (100%)]	Loss1: 5.840527 Loss2: 0.000017 
| Global Round : 49 | Client :8 | Local Epoch : 1 | [64/714 (9%)]	Loss1: 5.840796 Loss2: 0.000019 
| Global Round : 49 | Client :8 | Local Epoch : 1 | [704/714 (100%)]	Loss1: 5.840838 Loss2: 0.000016 
| Global Round : 49 | Client :8 | Local Epoch : 2 | [64/714 (9%)]	Loss1: 5.840805 Loss2: 0.000017 
| Global Round : 49 | Client :8 | Local Epoch : 2 | [704/714 (100%)]	Loss1: 5.842170 Loss2: 0.000023 
| Global Round : 49 | Client :8 | Local Epoch : 3 | [64/714 (9%)]	Loss1: 5.841361 Loss2: 0.000018 
| Global Round : 49 | Client :8 | Local Epoch : 3 | [704/714 (100%)]	Loss1: 5.840596 Loss2: 0.000018 
| Global Round : 49 | Client :8 | Local Epoch : 4 | [64/714 (9%)]	Loss1: 5.841278 Loss2: 0.000014 
| Global Round : 49 | Client :8 | Local Epoch : 4 | [704/714 (100%)]	Loss1: 5.842096 Loss2: 0.000022 
| Global Round : 49 | Client :9 | Local Epoch : 0 | [64/607 (11%)]	Loss1: 5.841836 Loss2: 0.000014 
| Global Round : 49 | Client :9 | Local Epoch : 1 | [64/607 (11%)]	Loss1: 5.841841 Loss2: 0.000019 
| Global Round : 49 | Client :9 | Local Epoch : 2 | [64/607 (11%)]	Loss1: 5.841671 Loss2: 0.000018 
| Global Round : 49 | Client :9 | Local Epoch : 3 | [64/607 (11%)]	Loss1: 5.841201 Loss2: 0.000016 
| Global Round : 49 | Client :9 | Local Epoch : 4 | [64/607 (11%)]	Loss1: 5.839872 Loss2: 0.000017 
average loss:   5.838403096291926
average local test accuracy: 0.8240885416666666
average global test accuracy:  0.646875

 | Global Training Round : 50 |

xi_k [0.47585688 0.53256809 0.53254798 0.49478849 0.49082339 0.50779323
 0.51059563 0.49634293 0.52514513 0.50541617]
max_exp: -1.0
coe: 10
Regulation [0.8 0.8 0.8 0.8 0.8 0.8 0.8 0.8 0.8 0.8]
Solver status: optimal_inaccurate
b_new: [1. 1. 1. 1. 1. 1. 1. 1. 1. 1.]
Iter 0: obj=50.3188, best_obj=50.3188, ||b_new-b_prev||₂=2.846050
xi_k [0.47585688 0.53256809 0.53254798 0.49478849 0.49082339 0.50779323
 0.51059563 0.49634293 0.52514513 0.50541617]
max_exp: -1.0
coe: 10
Regulation [-1. -1. -1. -1. -1. -1. -1. -1. -1. -1.]
Solver status: optimal_inaccurate
b_new: [1. 1. 1. 1. 1. 1. 1. 1. 1. 1.]
Iter 1: obj=51.2188, best_obj=51.2188, ||b_new-b_prev||₂=0.000000
Converged.
Final b: [1. 1. 1. 1. 1. 1. 1. 1. 1. 1.]
<class 'numpy.ndarray'>
b_float: [1. 1. 1. 1. 1. 1. 1. 1. 1. 1.]
b: [1 1 1 1 1 1 1 1 1 1]
active_clients:  [0, 1, 2, 3, 4, 5, 6, 7, 8, 9]
Client 0's s_k are:[0 1 1 1 1 1 1 1 1 1]
Client 1's s_k are:[1 0 1 1 1 1 1 1 1 1]
Client 2's s_k are:[1 1 0 1 1 1 1 1 1 1]
Client 3's s_k are:[1 1 1 0 1 1 1 1 1 1]
Client 4's s_k are:[1 1 1 1 0 1 1 1 1 1]
Client 5's s_k are:[1 1 1 1 1 0 1 1 1 1]
Client 6's s_k are:[1 1 1 1 1 1 0 1 1 1]
Client 7's s_k are:[1 1 1 1 1 1 1 0 1 1]
Client 8's s_k are:[1 1 1 1 1 1 1 1 0 1]
Client 9's s_k are:[1 1 1 1 1 1 1 1 1 0]
| Global Round : 50 | Client :0 | Local Epoch : 0 | [64/573 (12%)]	Loss1: 5.840309 Loss2: 0.000020 
| Global Round : 50 | Client :0 | Local Epoch : 1 | [64/573 (12%)]	Loss1: 5.840073 Loss2: 0.000024 
| Global Round : 50 | Client :0 | Local Epoch : 2 | [64/573 (12%)]	Loss1: 5.839744 Loss2: 0.000022 
| Global Round : 50 | Client :0 | Local Epoch : 3 | [64/573 (12%)]	Loss1: 5.838894 Loss2: 0.000022 
| Global Round : 50 | Client :0 | Local Epoch : 4 | [64/573 (12%)]	Loss1: 5.839200 Loss2: 0.000025 
| Global Round : 50 | Client :1 | Local Epoch : 0 | [64/448 (14%)]	Loss1: 5.841816 Loss2: 0.000016 
| Global Round : 50 | Client :1 | Local Epoch : 1 | [64/448 (14%)]	Loss1: 5.841494 Loss2: 0.000012 
| Global Round : 50 | Client :1 | Local Epoch : 2 | [64/448 (14%)]	Loss1: 5.840189 Loss2: 0.000013 
| Global Round : 50 | Client :1 | Local Epoch : 3 | [64/448 (14%)]	Loss1: 5.840540 Loss2: 0.000012 
| Global Round : 50 | Client :1 | Local Epoch : 4 | [64/448 (14%)]	Loss1: 5.839658 Loss2: 0.000014 
| Global Round : 50 | Client :2 | Local Epoch : 0 | [64/448 (14%)]	Loss1: 5.841530 Loss2: 0.000015 
| Global Round : 50 | Client :2 | Local Epoch : 1 | [64/448 (14%)]	Loss1: 5.841581 Loss2: 0.000011 
| Global Round : 50 | Client :2 | Local Epoch : 2 | [64/448 (14%)]	Loss1: 5.841162 Loss2: 0.000011 
| Global Round : 50 | Client :2 | Local Epoch : 3 | [64/448 (14%)]	Loss1: 5.840812 Loss2: 0.000011 
| Global Round : 50 | Client :2 | Local Epoch : 4 | [64/448 (14%)]	Loss1: 5.840154 Loss2: 0.000010 
| Global Round : 50 | Client :3 | Local Epoch : 0 | [64/620 (11%)]	Loss1: 5.840333 Loss2: 0.000016 
| Global Round : 50 | Client :3 | Local Epoch : 1 | [64/620 (11%)]	Loss1: 5.840594 Loss2: 0.000017 
| Global Round : 50 | Client :3 | Local Epoch : 2 | [64/620 (11%)]	Loss1: 5.840857 Loss2: 0.000014 
| Global Round : 50 | Client :3 | Local Epoch : 3 | [64/620 (11%)]	Loss1: 5.840192 Loss2: 0.000016 
| Global Round : 50 | Client :3 | Local Epoch : 4 | [64/620 (11%)]	Loss1: 5.840932 Loss2: 0.000013 
| Global Round : 50 | Client :4 | Local Epoch : 0 | [64/625 (11%)]	Loss1: 5.839956 Loss2: 0.000017 
| Global Round : 50 | Client :4 | Local Epoch : 1 | [64/625 (11%)]	Loss1: 5.840282 Loss2: 0.000014 
| Global Round : 50 | Client :4 | Local Epoch : 2 | [64/625 (11%)]	Loss1: 5.840162 Loss2: 0.000020 
| Global Round : 50 | Client :4 | Local Epoch : 3 | [64/625 (11%)]	Loss1: 5.841455 Loss2: 0.000021 
| Global Round : 50 | Client :4 | Local Epoch : 4 | [64/625 (11%)]	Loss1: 5.840828 Loss2: 0.000020 
| Global Round : 50 | Client :5 | Local Epoch : 0 | [64/604 (11%)]	Loss1: 5.840805 Loss2: 0.000020 
| Global Round : 50 | Client :5 | Local Epoch : 1 | [64/604 (11%)]	Loss1: 5.839545 Loss2: 0.000019 
| Global Round : 50 | Client :5 | Local Epoch : 2 | [64/604 (11%)]	Loss1: 5.840408 Loss2: 0.000021 
| Global Round : 50 | Client :5 | Local Epoch : 3 | [64/604 (11%)]	Loss1: 5.840011 Loss2: 0.000017 
| Global Round : 50 | Client :5 | Local Epoch : 4 | [64/604 (11%)]	Loss1: 5.840117 Loss2: 0.000019 
| Global Round : 50 | Client :6 | Local Epoch : 0 | [64/534 (12%)]	Loss1: 5.840317 Loss2: 0.000011 
| Global Round : 50 | Client :6 | Local Epoch : 1 | [64/534 (12%)]	Loss1: 5.841225 Loss2: 0.000014 
| Global Round : 50 | Client :6 | Local Epoch : 2 | [64/534 (12%)]	Loss1: 5.840890 Loss2: 0.000017 
| Global Round : 50 | Client :6 | Local Epoch : 3 | [64/534 (12%)]	Loss1: 5.840892 Loss2: 0.000015 
| Global Round : 50 | Client :6 | Local Epoch : 4 | [64/534 (12%)]	Loss1: 5.840963 Loss2: 0.000014 
| Global Round : 50 | Client :7 | Local Epoch : 0 | [64/824 (8%)]	Loss1: 5.839471 Loss2: 0.000026 
| Global Round : 50 | Client :7 | Local Epoch : 0 | [704/824 (92%)]	Loss1: 5.841177 Loss2: 0.000024 
| Global Round : 50 | Client :7 | Local Epoch : 1 | [64/824 (8%)]	Loss1: 5.840106 Loss2: 0.000025 
| Global Round : 50 | Client :7 | Local Epoch : 1 | [704/824 (92%)]	Loss1: 5.840282 Loss2: 0.000023 
| Global Round : 50 | Client :7 | Local Epoch : 2 | [64/824 (8%)]	Loss1: 5.840520 Loss2: 0.000023 
| Global Round : 50 | Client :7 | Local Epoch : 2 | [704/824 (92%)]	Loss1: 5.840074 Loss2: 0.000019 
| Global Round : 50 | Client :7 | Local Epoch : 3 | [64/824 (8%)]	Loss1: 5.839832 Loss2: 0.000025 
| Global Round : 50 | Client :7 | Local Epoch : 3 | [704/824 (92%)]	Loss1: 5.840033 Loss2: 0.000021 
| Global Round : 50 | Client :7 | Local Epoch : 4 | [64/824 (8%)]	Loss1: 5.839925 Loss2: 0.000025 
| Global Round : 50 | Client :7 | Local Epoch : 4 | [704/824 (92%)]	Loss1: 5.839561 Loss2: 0.000019 
| Global Round : 50 | Client :8 | Local Epoch : 0 | [64/714 (9%)]	Loss1: 5.840776 Loss2: 0.000021 
| Global Round : 50 | Client :8 | Local Epoch : 0 | [704/714 (100%)]	Loss1: 5.841348 Loss2: 0.000022 
| Global Round : 50 | Client :8 | Local Epoch : 1 | [64/714 (9%)]	Loss1: 5.840219 Loss2: 0.000020 
| Global Round : 50 | Client :8 | Local Epoch : 1 | [704/714 (100%)]	Loss1: 5.840307 Loss2: 0.000021 
| Global Round : 50 | Client :8 | Local Epoch : 2 | [64/714 (9%)]	Loss1: 5.840604 Loss2: 0.000021 
| Global Round : 50 | Client :8 | Local Epoch : 2 | [704/714 (100%)]	Loss1: 5.839990 Loss2: 0.000018 
| Global Round : 50 | Client :8 | Local Epoch : 3 | [64/714 (9%)]	Loss1: 5.841002 Loss2: 0.000018 
| Global Round : 50 | Client :8 | Local Epoch : 3 | [704/714 (100%)]	Loss1: 5.841674 Loss2: 0.000018 
| Global Round : 50 | Client :8 | Local Epoch : 4 | [64/714 (9%)]	Loss1: 5.840982 Loss2: 0.000019 
| Global Round : 50 | Client :8 | Local Epoch : 4 | [704/714 (100%)]	Loss1: 5.840331 Loss2: 0.000022 
| Global Round : 50 | Client :9 | Local Epoch : 0 | [64/607 (11%)]	Loss1: 5.840925 Loss2: 0.000016 
| Global Round : 50 | Client :9 | Local Epoch : 1 | [64/607 (11%)]	Loss1: 5.841526 Loss2: 0.000016 
| Global Round : 50 | Client :9 | Local Epoch : 2 | [64/607 (11%)]	Loss1: 5.841511 Loss2: 0.000014 
| Global Round : 50 | Client :9 | Local Epoch : 3 | [64/607 (11%)]	Loss1: 5.841100 Loss2: 0.000017 
| Global Round : 50 | Client :9 | Local Epoch : 4 | [64/607 (11%)]	Loss1: 5.840995 Loss2: 0.000014 
/home/gyh/anaconda3/envs/pt_38py_env/lib/python3.8/site-packages/torch/distributed/distributed_c10d.py:151: UserWarning: torch.distributed.reduce_op is deprecated, please use torch.distributed.ReduceOp instead
  warnings.warn("torch.distributed.reduce_op is deprecated, please use "
average loss:   5.838509095747233
average local test accuracy: 0.8092447916666667
average global test accuracy:  0.660546875
Figures plotted successfully.
Training is completed.
running time: 12672.633115053177 s 

Storage on cpu
-------------------------------------------------------------------------------
Total Tensors: 55285948 	Used Memory: 54.15M
-------------------------------------------------------------------------------

Storage on cuda:0
-------------------------------------------------------------------------------
Total Tensors: 345885 	Used Memory: 1.31M
The allocated memory on cuda:0: 5.54M
Memory differs due to the matrix alignment or invisible gradient buffer tensors
-------------------------------------------------------------------------------
Model is saved on: 
./checkpoint/FMNIST/42001330108f00c088a696c90a151ea7356495e1ea5bdaa3423dfa2ffef9ed9f.pth
