nohup: 忽略输入
1.9.0+cu111
cuda
Namespace(CVX_iterations=20, alg='FedKD', batch_size=64, beta=0.5, clip_grad=None, clock_frequency=array([3174868.6379535 , 1142093.44070727, 1741106.04867517,
       8839444.99830027, 9994779.08258126, 8037951.0964891 ,
       7061265.92846953, 3431599.1031643 , 3456127.08187842,
       3030112.41438678]), code_len=32, dataset='FMNIST', duration_round=1000000, energy_threshold=1000000.0, eval_only=False, gamma=0.05, is_allocation=True, lam=10, lambda2=0.05, local_ep=5, log_frq=5, loss_F='MSE', lr=0.001, lr_sh_rate=10, method_Bandwidth='CVX', method_Frequency='CVX', method_Teacher='Greedy', method_tier='Random', model='CNN', num_classes=10, num_clients=10, num_epochs=50, num_tiers=1, part=0.1, sample_method='Dirichlet', sampling_rate=1, save_model=True, seed=0, std=2, temp=1, tol=0.001, total_bandwidth=1e+30, transmit_power=0.5, upload_model=True, use_lrschd=False)
idx_batch [6260, 4975, 5977, 6056, 4360, 6274, 5714, 6651, 5615, 8118]
idx_batch_test [1040, 826, 999, 1008, 728, 1046, 952, 1107, 936, 1358]
min_size 728
Loaders_test[0] is empty: False
Loaders_test[1] is empty: False
Loaders_test[2] is empty: False
Loaders_test[3] is empty: False
Loaders_test[4] is empty: False
Loaders_test[5] is empty: False
Loaders_test[6] is empty: False
Loaders_test[7] is empty: False
Loaders_test[8] is empty: False
Loaders_test[9] is empty: False
Length of Loaders_test[0]: 208
Length of Loaders_test[1]: 165
Length of Loaders_test[2]: 199
Length of Loaders_test[3]: 201
Length of Loaders_test[4]: 145
Length of Loaders_test[5]: 209
Length of Loaders_test[6]: 190
Length of Loaders_test[7]: 221
Length of Loaders_test[8]: 187
Length of Loaders_test[9]: 271
Length of global_loader_test: 195
len(Loaders_train) 9
Client 0 data distribution:
[113, 16, 0, 91, 16, 7, 152, 54, 127, 0]
Client 1 data distribution:
[5, 1, 30, 7, 128, 60, 192, 4, 15, 6]
Client 2 data distribution:
[4, 63, 37, 103, 10, 180, 4, 160, 3, 12]
Client 3 data distribution:
[10, 187, 157, 18, 31, 11, 108, 46, 8, 0]
Client 4 data distribution:
[164, 0, 3, 2, 102, 9, 6, 20, 69, 9]
Client 5 data distribution:
[25, 83, 256, 72, 140, 0, 0, 0, 0, 0]
Client 6 data distribution:
[2, 12, 9, 22, 26, 141, 25, 170, 105, 0]
Client 7 data distribution:
[7, 49, 6, 157, 94, 3, 22, 68, 161, 73]
Client 8 data distribution:
[182, 61, 16, 17, 5, 20, 56, 0, 21, 134]
Client 9 data distribution:
[19, 70, 59, 64, 4, 132, 9, 34, 42, 335]
Checkpoint dir: ./checkpoint/FMNIST/
CNN
# model parameters: 15722
variances:  [0.3629149589082665, 0.9576674269987132, 0.9123420069588598, 0.40690338404331317, 0.9669374111845102, 0.03584113952107326, 0.2028165679319468, 0.898279142410506, 0.5010094081839137, 0.830163557570702]
h:  [6.56940601e-01 4.66598392e+00 2.06875696e-02 2.27516770e-01
 4.23827610e-02 1.80223614e-03 3.71238945e-01 7.83039553e+00
 4.73291080e-02 6.91287424e-01]
Random
tiered_clients:  {1: [7, 3, 0, 8, 9, 5, 4, 1, 2, 6]}

 | Global Training Round : 1 |

xi_k [0.50589625 0.49540287 0.53016552 0.51934161 0.48305609 0.50054167
 0.49388636 0.5299252  0.49821131 0.51782159]
max_exp: -1.0
coe: 10
Regulation [0.8 0.8 0.8 0.8 0.8 0.8 0.8 0.8 0.8 0.8]
Solver status: optimal_inaccurate
b_new: [1. 1. 1. 1. 1. 1. 1. 1. 1. 1.]
Iter 0: obj=50.3425, best_obj=50.3425, ||b_new-b_prev||₂=2.846050
xi_k [0.50589625 0.49540287 0.53016552 0.51934161 0.48305609 0.50054167
 0.49388636 0.5299252  0.49821131 0.51782159]
max_exp: -1.0
coe: 10
Regulation [-1. -1. -1. -1. -1. -1. -1. -1. -1. -1.]
Solver status: optimal_inaccurate
b_new: [1. 1. 1. 1. 1. 1. 1. 1. 1. 1.]
Iter 1: obj=51.2425, best_obj=51.2425, ||b_new-b_prev||₂=0.000000
Converged.
Final b: [1. 1. 1. 1. 1. 1. 1. 1. 1. 1.]
<class 'numpy.ndarray'>
b_float: [1. 1. 1. 1. 1. 1. 1. 1. 1. 1.]
b: [1 1 1 1 1 1 1 1 1 1]
active_clients:  [0, 1, 2, 3, 4, 5, 6, 7, 8, 9]
Client 0's s_k are:[0 1 1 1 1 1 1 1 1 1]
Client 1's s_k are:[1 0 1 1 1 1 1 1 1 1]
Client 2's s_k are:[1 1 0 1 1 1 1 1 1 1]
Client 3's s_k are:[1 1 1 0 1 1 1 1 1 1]
Client 4's s_k are:[1 1 1 1 0 1 1 1 1 1]
Client 5's s_k are:[1 1 1 1 1 0 1 1 1 1]
Client 6's s_k are:[1 1 1 1 1 1 0 1 1 1]
Client 7's s_k are:[1 1 1 1 1 1 1 0 1 1]
Client 8's s_k are:[1 1 1 1 1 1 1 1 0 1]
Client 9's s_k are:[1 1 1 1 1 1 1 1 1 0]
| Global Round : 1 | Client :0 | Local Epoch : 0 | [64/626 (11%)]	Loss1: 5.929921 Loss2: 0.000046 
| Global Round : 1 | Client :0 | Local Epoch : 1 | [64/626 (11%)]	Loss1: 5.879523 Loss2: 0.000144 
| Global Round : 1 | Client :0 | Local Epoch : 2 | [64/626 (11%)]	Loss1: 5.866449 Loss2: 0.000138 
| Global Round : 1 | Client :0 | Local Epoch : 3 | [64/626 (11%)]	Loss1: 5.863534 Loss2: 0.000161 
| Global Round : 1 | Client :0 | Local Epoch : 4 | [64/626 (11%)]	Loss1: 5.862309 Loss2: 0.000137 
| Global Round : 1 | Client :1 | Local Epoch : 0 | [64/497 (14%)]	Loss1: 5.924924 Loss2: 0.000055 
| Global Round : 1 | Client :1 | Local Epoch : 1 | [64/497 (14%)]	Loss1: 5.879138 Loss2: 0.000097 
| Global Round : 1 | Client :1 | Local Epoch : 2 | [64/497 (14%)]	Loss1: 5.868606 Loss2: 0.000120 
| Global Round : 1 | Client :1 | Local Epoch : 3 | [64/497 (14%)]	Loss1: 5.864217 Loss2: 0.000125 
| Global Round : 1 | Client :1 | Local Epoch : 4 | [64/497 (14%)]	Loss1: 5.861659 Loss2: 0.000101 
| Global Round : 1 | Client :2 | Local Epoch : 0 | [64/597 (11%)]	Loss1: 5.928010 Loss2: 0.000054 
| Global Round : 1 | Client :2 | Local Epoch : 1 | [64/597 (11%)]	Loss1: 5.870672 Loss2: 0.000079 
| Global Round : 1 | Client :2 | Local Epoch : 2 | [64/597 (11%)]	Loss1: 5.864513 Loss2: 0.000084 
| Global Round : 1 | Client :2 | Local Epoch : 3 | [64/597 (11%)]	Loss1: 5.858697 Loss2: 0.000075 
| Global Round : 1 | Client :2 | Local Epoch : 4 | [64/597 (11%)]	Loss1: 5.859180 Loss2: 0.000076 
| Global Round : 1 | Client :3 | Local Epoch : 0 | [64/605 (11%)]	Loss1: 5.904205 Loss2: 0.000058 
| Global Round : 1 | Client :3 | Local Epoch : 1 | [64/605 (11%)]	Loss1: 5.867847 Loss2: 0.000059 
| Global Round : 1 | Client :3 | Local Epoch : 2 | [64/605 (11%)]	Loss1: 5.861360 Loss2: 0.000066 
| Global Round : 1 | Client :3 | Local Epoch : 3 | [64/605 (11%)]	Loss1: 5.858281 Loss2: 0.000049 
| Global Round : 1 | Client :3 | Local Epoch : 4 | [64/605 (11%)]	Loss1: 5.857303 Loss2: 0.000065 
| Global Round : 1 | Client :4 | Local Epoch : 0 | [64/436 (17%)]	Loss1: 5.925108 Loss2: 0.000071 
| Global Round : 1 | Client :4 | Local Epoch : 1 | [64/436 (17%)]	Loss1: 5.874464 Loss2: 0.000069 
| Global Round : 1 | Client :4 | Local Epoch : 2 | [64/436 (17%)]	Loss1: 5.869987 Loss2: 0.000053 
| Global Round : 1 | Client :4 | Local Epoch : 3 | [64/436 (17%)]	Loss1: 5.867765 Loss2: 0.000049 
| Global Round : 1 | Client :4 | Local Epoch : 4 | [64/436 (17%)]	Loss1: 5.858626 Loss2: 0.000064 
| Global Round : 1 | Client :5 | Local Epoch : 0 | [64/627 (11%)]	Loss1: 5.907505 Loss2: 0.000087 
| Global Round : 1 | Client :5 | Local Epoch : 1 | [64/627 (11%)]	Loss1: 5.870486 Loss2: 0.000048 
| Global Round : 1 | Client :5 | Local Epoch : 2 | [64/627 (11%)]	Loss1: 5.862643 Loss2: 0.000028 
| Global Round : 1 | Client :5 | Local Epoch : 3 | [64/627 (11%)]	Loss1: 5.858391 Loss2: 0.000023 
| Global Round : 1 | Client :5 | Local Epoch : 4 | [64/627 (11%)]	Loss1: 5.857291 Loss2: 0.000034 
| Global Round : 1 | Client :6 | Local Epoch : 0 | [64/571 (12%)]	Loss1: 5.943781 Loss2: 0.000098 
| Global Round : 1 | Client :6 | Local Epoch : 1 | [64/571 (12%)]	Loss1: 5.878336 Loss2: 0.000050 
| Global Round : 1 | Client :6 | Local Epoch : 2 | [64/571 (12%)]	Loss1: 5.865768 Loss2: 0.000047 
| Global Round : 1 | Client :6 | Local Epoch : 3 | [64/571 (12%)]	Loss1: 5.861978 Loss2: 0.000033 
| Global Round : 1 | Client :6 | Local Epoch : 4 | [64/571 (12%)]	Loss1: 5.863712 Loss2: 0.000050 
| Global Round : 1 | Client :7 | Local Epoch : 0 | [64/665 (10%)]	Loss1: 5.933222 Loss2: 0.000113 
| Global Round : 1 | Client :7 | Local Epoch : 1 | [64/665 (10%)]	Loss1: 5.876762 Loss2: 0.000040 
| Global Round : 1 | Client :7 | Local Epoch : 2 | [64/665 (10%)]	Loss1: 5.865921 Loss2: 0.000036 
| Global Round : 1 | Client :7 | Local Epoch : 3 | [64/665 (10%)]	Loss1: 5.865324 Loss2: 0.000040 
| Global Round : 1 | Client :7 | Local Epoch : 4 | [64/665 (10%)]	Loss1: 5.860662 Loss2: 0.000057 
| Global Round : 1 | Client :8 | Local Epoch : 0 | [64/561 (12%)]	Loss1: 5.909844 Loss2: 0.000141 
| Global Round : 1 | Client :8 | Local Epoch : 1 | [64/561 (12%)]	Loss1: 5.865736 Loss2: 0.000045 
| Global Round : 1 | Client :8 | Local Epoch : 2 | [64/561 (12%)]	Loss1: 5.863537 Loss2: 0.000030 
| Global Round : 1 | Client :8 | Local Epoch : 3 | [64/561 (12%)]	Loss1: 5.857584 Loss2: 0.000021 
| Global Round : 1 | Client :8 | Local Epoch : 4 | [64/561 (12%)]	Loss1: 5.859466 Loss2: 0.000024 
| Global Round : 1 | Client :9 | Local Epoch : 0 | [64/811 (8%)]	Loss1: 5.913966 Loss2: 0.000173 
| Global Round : 1 | Client :9 | Local Epoch : 0 | [704/811 (92%)]	Loss1: 5.866112 Loss2: 0.000040 
| Global Round : 1 | Client :9 | Local Epoch : 1 | [64/811 (8%)]	Loss1: 5.867293 Loss2: 0.000032 
| Global Round : 1 | Client :9 | Local Epoch : 1 | [704/811 (92%)]	Loss1: 5.862668 Loss2: 0.000023 
| Global Round : 1 | Client :9 | Local Epoch : 2 | [64/811 (8%)]	Loss1: 5.859350 Loss2: 0.000022 
| Global Round : 1 | Client :9 | Local Epoch : 2 | [704/811 (92%)]	Loss1: 5.857103 Loss2: 0.000023 
| Global Round : 1 | Client :9 | Local Epoch : 3 | [64/811 (8%)]	Loss1: 5.857122 Loss2: 0.000021 
| Global Round : 1 | Client :9 | Local Epoch : 3 | [704/811 (92%)]	Loss1: 5.854143 Loss2: 0.000022 
| Global Round : 1 | Client :9 | Local Epoch : 4 | [64/811 (8%)]	Loss1: 5.851900 Loss2: 0.000020 
| Global Round : 1 | Client :9 | Local Epoch : 4 | [704/811 (92%)]	Loss1: 5.854064 Loss2: 0.000022 
<frozen importlib._bootstrap>:219: RuntimeWarning: scipy._lib.messagestream.MessageStream size changed, may indicate binary incompatibility. Expected 56 from C header, got 64 from PyObject
/home/gyh/anaconda3/envs/pt_38py_env/lib/python3.8/site-packages/torchvision/datasets/mnist.py:498: UserWarning: The given NumPy array is not writeable, and PyTorch does not support non-writeable tensors. This means you can write to the underlying (supposedly non-writeable) NumPy array using the tensor. You may want to copy the array to protect its data or make it writeable before converting it to a tensor. This type of warning will be suppressed for the rest of this program. (Triggered internally at  /pytorch/torch/csrc/utils/tensor_numpy.cpp:180.)
  return torch.from_numpy(parsed.astype(m[2], copy=False)).view(*s)
/home/gyh/anaconda3/envs/pt_38py_env/lib/python3.8/site-packages/torch/nn/functional.py:718: UserWarning: Named tensors and all their associated APIs are an experimental feature and subject to change. Please do not use them for anything important until they are released as stable. (Triggered internally at  /pytorch/c10/core/TensorImpl.h:1156.)
  return torch.max_pool2d(input, kernel_size, stride, padding, dilation, ceil_mode)
/home/gyh/anaconda3/envs/pt_38py_env/lib/python3.8/site-packages/cvxpy/problems/problem.py:1407: UserWarning: Solution may be inaccurate. Try another solver, adjusting the solver settings, or solve with verbose=True for more information.
  warnings.warn(
average loss:   5.852928568351836
average local test accuracy: 0.6421875000000001
average global test accuracy:  0.3084635416666667

 | Global Training Round : 2 |

xi_k [0.49308873 0.48291872 0.51610285 0.509419   0.47153221 0.49174937
 0.47988115 0.51495781 0.48826995 0.5061499 ]
max_exp: -1.0
coe: 10
Regulation [0.8 0.8 0.8 0.8 0.8 0.8 0.8 0.8 0.8 0.8]
Solver status: optimal_inaccurate
b_new: [1. 1. 1. 1. 1. 1. 1. 1. 1. 1.]
Iter 0: obj=49.1407, best_obj=49.1407, ||b_new-b_prev||₂=2.846050
xi_k [0.49308873 0.48291872 0.51610285 0.509419   0.47153221 0.49174937
 0.47988115 0.51495781 0.48826995 0.5061499 ]
max_exp: -1.0
coe: 10
Regulation [-1. -1. -1. -1. -1. -1. -1. -1. -1. -1.]
Solver status: optimal_inaccurate
b_new: [1. 1. 1. 1. 1. 1. 1. 1. 1. 1.]
Iter 1: obj=50.0407, best_obj=50.0407, ||b_new-b_prev||₂=0.000000
Converged.
Final b: [1. 1. 1. 1. 1. 1. 1. 1. 1. 1.]
<class 'numpy.ndarray'>
b_float: [1. 1. 1. 1. 1. 1. 1. 1. 1. 1.]
b: [1 1 1 1 1 1 1 1 1 1]
active_clients:  [0, 1, 2, 3, 4, 5, 6, 7, 8, 9]
Client 0's s_k are:[0 1 1 1 1 1 1 1 1 1]
Client 1's s_k are:[1 0 1 1 1 1 1 1 1 1]
Client 2's s_k are:[1 1 0 1 1 1 1 1 1 1]
Client 3's s_k are:[1 1 1 0 1 1 1 1 1 1]
Client 4's s_k are:[1 1 1 1 0 1 1 1 1 1]
Client 5's s_k are:[1 1 1 1 1 0 1 1 1 1]
Client 6's s_k are:[1 1 1 1 1 1 0 1 1 1]
Client 7's s_k are:[1 1 1 1 1 1 1 0 1 1]
Client 8's s_k are:[1 1 1 1 1 1 1 1 0 1]
Client 9's s_k are:[1 1 1 1 1 1 1 1 1 0]
| Global Round : 2 | Client :0 | Local Epoch : 0 | [64/626 (11%)]	Loss1: 5.860938 Loss2: 0.000020 
| Global Round : 2 | Client :0 | Local Epoch : 1 | [64/626 (11%)]	Loss1: 5.858658 Loss2: 0.000034 
| Global Round : 2 | Client :0 | Local Epoch : 2 | [64/626 (11%)]	Loss1: 5.858366 Loss2: 0.000022 
| Global Round : 2 | Client :0 | Local Epoch : 3 | [64/626 (11%)]	Loss1: 5.856621 Loss2: 0.000031 
| Global Round : 2 | Client :0 | Local Epoch : 4 | [64/626 (11%)]	Loss1: 5.854906 Loss2: 0.000027 
| Global Round : 2 | Client :1 | Local Epoch : 0 | [64/497 (14%)]	Loss1: 5.859560 Loss2: 0.000030 
| Global Round : 2 | Client :1 | Local Epoch : 1 | [64/497 (14%)]	Loss1: 5.859261 Loss2: 0.000027 
| Global Round : 2 | Client :1 | Local Epoch : 2 | [64/497 (14%)]	Loss1: 5.854518 Loss2: 0.000029 
| Global Round : 2 | Client :1 | Local Epoch : 3 | [64/497 (14%)]	Loss1: 5.857615 Loss2: 0.000021 
| Global Round : 2 | Client :1 | Local Epoch : 4 | [64/497 (14%)]	Loss1: 5.853381 Loss2: 0.000030 
| Global Round : 2 | Client :2 | Local Epoch : 0 | [64/597 (11%)]	Loss1: 5.856536 Loss2: 0.000024 
| Global Round : 2 | Client :2 | Local Epoch : 1 | [64/597 (11%)]	Loss1: 5.855308 Loss2: 0.000025 
| Global Round : 2 | Client :2 | Local Epoch : 2 | [64/597 (11%)]	Loss1: 5.853292 Loss2: 0.000023 
| Global Round : 2 | Client :2 | Local Epoch : 3 | [64/597 (11%)]	Loss1: 5.853189 Loss2: 0.000020 
| Global Round : 2 | Client :2 | Local Epoch : 4 | [64/597 (11%)]	Loss1: 5.853141 Loss2: 0.000023 
| Global Round : 2 | Client :3 | Local Epoch : 0 | [64/605 (11%)]	Loss1: 5.853379 Loss2: 0.000022 
| Global Round : 2 | Client :3 | Local Epoch : 1 | [64/605 (11%)]	Loss1: 5.852714 Loss2: 0.000033 
| Global Round : 2 | Client :3 | Local Epoch : 2 | [64/605 (11%)]	Loss1: 5.855294 Loss2: 0.000032 
| Global Round : 2 | Client :3 | Local Epoch : 3 | [64/605 (11%)]	Loss1: 5.851044 Loss2: 0.000021 
| Global Round : 2 | Client :3 | Local Epoch : 4 | [64/605 (11%)]	Loss1: 5.851512 Loss2: 0.000023 
| Global Round : 2 | Client :4 | Local Epoch : 0 | [64/436 (17%)]	Loss1: 5.858382 Loss2: 0.000031 
| Global Round : 2 | Client :4 | Local Epoch : 1 | [64/436 (17%)]	Loss1: 5.857849 Loss2: 0.000035 
| Global Round : 2 | Client :4 | Local Epoch : 2 | [64/436 (17%)]	Loss1: 5.854417 Loss2: 0.000036 
| Global Round : 2 | Client :4 | Local Epoch : 3 | [64/436 (17%)]	Loss1: 5.854881 Loss2: 0.000033 
| Global Round : 2 | Client :4 | Local Epoch : 4 | [64/436 (17%)]	Loss1: 5.851322 Loss2: 0.000034 
| Global Round : 2 | Client :5 | Local Epoch : 0 | [64/627 (11%)]	Loss1: 5.857162 Loss2: 0.000026 
| Global Round : 2 | Client :5 | Local Epoch : 1 | [64/627 (11%)]	Loss1: 5.855257 Loss2: 0.000028 
| Global Round : 2 | Client :5 | Local Epoch : 2 | [64/627 (11%)]	Loss1: 5.854199 Loss2: 0.000030 
| Global Round : 2 | Client :5 | Local Epoch : 3 | [64/627 (11%)]	Loss1: 5.853477 Loss2: 0.000023 
| Global Round : 2 | Client :5 | Local Epoch : 4 | [64/627 (11%)]	Loss1: 5.849936 Loss2: 0.000025 
| Global Round : 2 | Client :6 | Local Epoch : 0 | [64/571 (12%)]	Loss1: 5.861589 Loss2: 0.000032 
| Global Round : 2 | Client :6 | Local Epoch : 1 | [64/571 (12%)]	Loss1: 5.856603 Loss2: 0.000028 
| Global Round : 2 | Client :6 | Local Epoch : 2 | [64/571 (12%)]	Loss1: 5.854565 Loss2: 0.000025 
| Global Round : 2 | Client :6 | Local Epoch : 3 | [64/571 (12%)]	Loss1: 5.855387 Loss2: 0.000028 
| Global Round : 2 | Client :6 | Local Epoch : 4 | [64/571 (12%)]	Loss1: 5.852805 Loss2: 0.000019 
| Global Round : 2 | Client :7 | Local Epoch : 0 | [64/665 (10%)]	Loss1: 5.858283 Loss2: 0.000029 
| Global Round : 2 | Client :7 | Local Epoch : 1 | [64/665 (10%)]	Loss1: 5.856921 Loss2: 0.000024 
| Global Round : 2 | Client :7 | Local Epoch : 2 | [64/665 (10%)]	Loss1: 5.853631 Loss2: 0.000020 
| Global Round : 2 | Client :7 | Local Epoch : 3 | [64/665 (10%)]	Loss1: 5.853961 Loss2: 0.000021 
| Global Round : 2 | Client :7 | Local Epoch : 4 | [64/665 (10%)]	Loss1: 5.850346 Loss2: 0.000022 
| Global Round : 2 | Client :8 | Local Epoch : 0 | [64/561 (12%)]	Loss1: 5.851709 Loss2: 0.000028 
| Global Round : 2 | Client :8 | Local Epoch : 1 | [64/561 (12%)]	Loss1: 5.852663 Loss2: 0.000028 
| Global Round : 2 | Client :8 | Local Epoch : 2 | [64/561 (12%)]	Loss1: 5.852518 Loss2: 0.000022 
| Global Round : 2 | Client :8 | Local Epoch : 3 | [64/561 (12%)]	Loss1: 5.851050 Loss2: 0.000023 
| Global Round : 2 | Client :8 | Local Epoch : 4 | [64/561 (12%)]	Loss1: 5.850923 Loss2: 0.000022 
| Global Round : 2 | Client :9 | Local Epoch : 0 | [64/811 (8%)]	Loss1: 5.851827 Loss2: 0.000022 
| Global Round : 2 | Client :9 | Local Epoch : 0 | [704/811 (92%)]	Loss1: 5.854960 Loss2: 0.000025 
| Global Round : 2 | Client :9 | Local Epoch : 1 | [64/811 (8%)]	Loss1: 5.851651 Loss2: 0.000020 
| Global Round : 2 | Client :9 | Local Epoch : 1 | [704/811 (92%)]	Loss1: 5.852873 Loss2: 0.000020 
| Global Round : 2 | Client :9 | Local Epoch : 2 | [64/811 (8%)]	Loss1: 5.850166 Loss2: 0.000018 
| Global Round : 2 | Client :9 | Local Epoch : 2 | [704/811 (92%)]	Loss1: 5.851490 Loss2: 0.000018 
| Global Round : 2 | Client :9 | Local Epoch : 3 | [64/811 (8%)]	Loss1: 5.850721 Loss2: 0.000018 
| Global Round : 2 | Client :9 | Local Epoch : 3 | [704/811 (92%)]	Loss1: 5.847871 Loss2: 0.000018 
| Global Round : 2 | Client :9 | Local Epoch : 4 | [64/811 (8%)]	Loss1: 5.847679 Loss2: 0.000018 
| Global Round : 2 | Client :9 | Local Epoch : 4 | [704/811 (92%)]	Loss1: 5.847661 Loss2: 0.000024 
average loss:   5.8481368066772585
average local test accuracy: 0.7716145833333333
average global test accuracy:  0.3446614583333333

 | Global Training Round : 3 |

xi_k [0.49204088 0.48225694 0.51528204 0.50886552 0.47055083 0.49087813
 0.47920205 0.51400866 0.48746692 0.50547672]
max_exp: -1.0
coe: 10
Regulation [0.8 0.8 0.8 0.8 0.8 0.8 0.8 0.8 0.8 0.8]
Solver status: optimal_inaccurate
b_new: [1. 1. 1. 1. 1. 1. 1. 1. 1. 1.]
Iter 0: obj=49.0603, best_obj=49.0603, ||b_new-b_prev||₂=2.846050
xi_k [0.49204088 0.48225694 0.51528204 0.50886552 0.47055083 0.49087813
 0.47920205 0.51400866 0.48746692 0.50547672]
max_exp: -1.0
coe: 10
Regulation [-1. -1. -1. -1. -1. -1. -1. -1. -1. -1.]
Solver status: optimal_inaccurate
b_new: [1. 1. 1. 1. 1. 1. 1. 1. 1. 1.]
Iter 1: obj=49.9603, best_obj=49.9603, ||b_new-b_prev||₂=0.000000
Converged.
Final b: [1. 1. 1. 1. 1. 1. 1. 1. 1. 1.]
<class 'numpy.ndarray'>
b_float: [1. 1. 1. 1. 1. 1. 1. 1. 1. 1.]
b: [1 1 1 1 1 1 1 1 1 1]
active_clients:  [0, 1, 2, 3, 4, 5, 6, 7, 8, 9]
Client 0's s_k are:[0 1 1 1 1 1 1 1 1 1]
Client 1's s_k are:[1 0 1 1 1 1 1 1 1 1]
Client 2's s_k are:[1 1 0 1 1 1 1 1 1 1]
Client 3's s_k are:[1 1 1 0 1 1 1 1 1 1]
Client 4's s_k are:[1 1 1 1 0 1 1 1 1 1]
Client 5's s_k are:[1 1 1 1 1 0 1 1 1 1]
Client 6's s_k are:[1 1 1 1 1 1 0 1 1 1]
Client 7's s_k are:[1 1 1 1 1 1 1 0 1 1]
Client 8's s_k are:[1 1 1 1 1 1 1 1 0 1]
Client 9's s_k are:[1 1 1 1 1 1 1 1 1 0]
| Global Round : 3 | Client :0 | Local Epoch : 0 | [64/626 (11%)]	Loss1: 5.853614 Loss2: 0.000026 
| Global Round : 3 | Client :0 | Local Epoch : 1 | [64/626 (11%)]	Loss1: 5.853204 Loss2: 0.000018 
| Global Round : 3 | Client :0 | Local Epoch : 2 | [64/626 (11%)]	Loss1: 5.852515 Loss2: 0.000024 
| Global Round : 3 | Client :0 | Local Epoch : 3 | [64/626 (11%)]	Loss1: 5.854085 Loss2: 0.000025 
| Global Round : 3 | Client :0 | Local Epoch : 4 | [64/626 (11%)]	Loss1: 5.850377 Loss2: 0.000022 
| Global Round : 3 | Client :1 | Local Epoch : 0 | [64/497 (14%)]	Loss1: 5.855442 Loss2: 0.000026 
| Global Round : 3 | Client :1 | Local Epoch : 1 | [64/497 (14%)]	Loss1: 5.853143 Loss2: 0.000022 
| Global Round : 3 | Client :1 | Local Epoch : 2 | [64/497 (14%)]	Loss1: 5.853106 Loss2: 0.000021 
| Global Round : 3 | Client :1 | Local Epoch : 3 | [64/497 (14%)]	Loss1: 5.853516 Loss2: 0.000031 
| Global Round : 3 | Client :1 | Local Epoch : 4 | [64/497 (14%)]	Loss1: 5.852007 Loss2: 0.000026 
| Global Round : 3 | Client :2 | Local Epoch : 0 | [64/597 (11%)]	Loss1: 5.848157 Loss2: 0.000022 
| Global Round : 3 | Client :2 | Local Epoch : 1 | [64/597 (11%)]	Loss1: 5.847858 Loss2: 0.000025 
| Global Round : 3 | Client :2 | Local Epoch : 2 | [64/597 (11%)]	Loss1: 5.847276 Loss2: 0.000030 
| Global Round : 3 | Client :2 | Local Epoch : 3 | [64/597 (11%)]	Loss1: 5.848632 Loss2: 0.000019 
| Global Round : 3 | Client :2 | Local Epoch : 4 | [64/597 (11%)]	Loss1: 5.846031 Loss2: 0.000020 
| Global Round : 3 | Client :3 | Local Epoch : 0 | [64/605 (11%)]	Loss1: 5.853010 Loss2: 0.000022 
| Global Round : 3 | Client :3 | Local Epoch : 1 | [64/605 (11%)]	Loss1: 5.851735 Loss2: 0.000029 
| Global Round : 3 | Client :3 | Local Epoch : 2 | [64/605 (11%)]	Loss1: 5.850660 Loss2: 0.000021 
| Global Round : 3 | Client :3 | Local Epoch : 3 | [64/605 (11%)]	Loss1: 5.849638 Loss2: 0.000025 
| Global Round : 3 | Client :3 | Local Epoch : 4 | [64/605 (11%)]	Loss1: 5.852054 Loss2: 0.000022 
| Global Round : 3 | Client :4 | Local Epoch : 0 | [64/436 (17%)]	Loss1: 5.854034 Loss2: 0.000033 
| Global Round : 3 | Client :4 | Local Epoch : 1 | [64/436 (17%)]	Loss1: 5.848802 Loss2: 0.000031 
| Global Round : 3 | Client :4 | Local Epoch : 2 | [64/436 (17%)]	Loss1: 5.848441 Loss2: 0.000034 
| Global Round : 3 | Client :4 | Local Epoch : 3 | [64/436 (17%)]	Loss1: 5.849374 Loss2: 0.000030 
| Global Round : 3 | Client :4 | Local Epoch : 4 | [64/436 (17%)]	Loss1: 5.849728 Loss2: 0.000044 
| Global Round : 3 | Client :5 | Local Epoch : 0 | [64/627 (11%)]	Loss1: 5.852714 Loss2: 0.000031 
| Global Round : 3 | Client :5 | Local Epoch : 1 | [64/627 (11%)]	Loss1: 5.849589 Loss2: 0.000030 
| Global Round : 3 | Client :5 | Local Epoch : 2 | [64/627 (11%)]	Loss1: 5.850918 Loss2: 0.000032 
| Global Round : 3 | Client :5 | Local Epoch : 3 | [64/627 (11%)]	Loss1: 5.848665 Loss2: 0.000025 
| Global Round : 3 | Client :5 | Local Epoch : 4 | [64/627 (11%)]	Loss1: 5.847429 Loss2: 0.000027 
| Global Round : 3 | Client :6 | Local Epoch : 0 | [64/571 (12%)]	Loss1: 5.852516 Loss2: 0.000019 
| Global Round : 3 | Client :6 | Local Epoch : 1 | [64/571 (12%)]	Loss1: 5.850905 Loss2: 0.000022 
| Global Round : 3 | Client :6 | Local Epoch : 2 | [64/571 (12%)]	Loss1: 5.851761 Loss2: 0.000016 
| Global Round : 3 | Client :6 | Local Epoch : 3 | [64/571 (12%)]	Loss1: 5.851271 Loss2: 0.000019 
| Global Round : 3 | Client :6 | Local Epoch : 4 | [64/571 (12%)]	Loss1: 5.848369 Loss2: 0.000022 
| Global Round : 3 | Client :7 | Local Epoch : 0 | [64/665 (10%)]	Loss1: 5.849008 Loss2: 0.000020 
| Global Round : 3 | Client :7 | Local Epoch : 1 | [64/665 (10%)]	Loss1: 5.849498 Loss2: 0.000017 
| Global Round : 3 | Client :7 | Local Epoch : 2 | [64/665 (10%)]	Loss1: 5.850012 Loss2: 0.000027 
| Global Round : 3 | Client :7 | Local Epoch : 3 | [64/665 (10%)]	Loss1: 5.850783 Loss2: 0.000022 
| Global Round : 3 | Client :7 | Local Epoch : 4 | [64/665 (10%)]	Loss1: 5.848738 Loss2: 0.000023 
| Global Round : 3 | Client :8 | Local Epoch : 0 | [64/561 (12%)]	Loss1: 5.848645 Loss2: 0.000027 
| Global Round : 3 | Client :8 | Local Epoch : 1 | [64/561 (12%)]	Loss1: 5.850071 Loss2: 0.000022 
| Global Round : 3 | Client :8 | Local Epoch : 2 | [64/561 (12%)]	Loss1: 5.848680 Loss2: 0.000022 
| Global Round : 3 | Client :8 | Local Epoch : 3 | [64/561 (12%)]	Loss1: 5.846861 Loss2: 0.000019 
| Global Round : 3 | Client :8 | Local Epoch : 4 | [64/561 (12%)]	Loss1: 5.848209 Loss2: 0.000024 
| Global Round : 3 | Client :9 | Local Epoch : 0 | [64/811 (8%)]	Loss1: 5.849499 Loss2: 0.000018 
| Global Round : 3 | Client :9 | Local Epoch : 0 | [704/811 (92%)]	Loss1: 5.848329 Loss2: 0.000027 
| Global Round : 3 | Client :9 | Local Epoch : 1 | [64/811 (8%)]	Loss1: 5.848389 Loss2: 0.000018 
| Global Round : 3 | Client :9 | Local Epoch : 1 | [704/811 (92%)]	Loss1: 5.847409 Loss2: 0.000020 
| Global Round : 3 | Client :9 | Local Epoch : 2 | [64/811 (8%)]	Loss1: 5.847978 Loss2: 0.000016 
| Global Round : 3 | Client :9 | Local Epoch : 2 | [704/811 (92%)]	Loss1: 5.846986 Loss2: 0.000020 
| Global Round : 3 | Client :9 | Local Epoch : 3 | [64/811 (8%)]	Loss1: 5.848953 Loss2: 0.000018 
| Global Round : 3 | Client :9 | Local Epoch : 3 | [704/811 (92%)]	Loss1: 5.846505 Loss2: 0.000026 
| Global Round : 3 | Client :9 | Local Epoch : 4 | [64/811 (8%)]	Loss1: 5.846393 Loss2: 0.000021 
| Global Round : 3 | Client :9 | Local Epoch : 4 | [704/811 (92%)]	Loss1: 5.846572 Loss2: 0.000023 
average loss:   5.846113157064195
average local test accuracy: 0.7908854166666667
average global test accuracy:  0.43619791666666663

 | Global Training Round : 4 |

xi_k [0.49167863 0.48180331 0.51486065 0.50854285 0.47027654 0.49052019
 0.47874654 0.51365939 0.48725281 0.50524009]
max_exp: -1.0
coe: 10
Regulation [0.8 0.8 0.8 0.8 0.8 0.8 0.8 0.8 0.8 0.8]
Solver status: optimal_inaccurate
b_new: [1. 1. 1. 1. 1. 1. 1. 1. 1. 1.]
Iter 0: obj=49.0258, best_obj=49.0258, ||b_new-b_prev||₂=2.846050
xi_k [0.49167863 0.48180331 0.51486065 0.50854285 0.47027654 0.49052019
 0.47874654 0.51365939 0.48725281 0.50524009]
max_exp: -1.0
coe: 10
Regulation [-1. -1. -1. -1. -1. -1. -1. -1. -1. -1.]
Solver status: optimal_inaccurate
b_new: [1. 1. 1. 1. 1. 1. 1. 1. 1. 1.]
Iter 1: obj=49.9258, best_obj=49.9258, ||b_new-b_prev||₂=0.000000
Converged.
Final b: [1. 1. 1. 1. 1. 1. 1. 1. 1. 1.]
<class 'numpy.ndarray'>
b_float: [1. 1. 1. 1. 1. 1. 1. 1. 1. 1.]
b: [1 1 1 1 1 1 1 1 1 1]
active_clients:  [0, 1, 2, 3, 4, 5, 6, 7, 8, 9]
Client 0's s_k are:[0 1 1 1 1 1 1 1 1 1]
Client 1's s_k are:[1 0 1 1 1 1 1 1 1 1]
Client 2's s_k are:[1 1 0 1 1 1 1 1 1 1]
Client 3's s_k are:[1 1 1 0 1 1 1 1 1 1]
Client 4's s_k are:[1 1 1 1 0 1 1 1 1 1]
Client 5's s_k are:[1 1 1 1 1 0 1 1 1 1]
Client 6's s_k are:[1 1 1 1 1 1 0 1 1 1]
Client 7's s_k are:[1 1 1 1 1 1 1 0 1 1]
Client 8's s_k are:[1 1 1 1 1 1 1 1 0 1]
Client 9's s_k are:[1 1 1 1 1 1 1 1 1 0]
| Global Round : 4 | Client :0 | Local Epoch : 0 | [64/626 (11%)]	Loss1: 5.850983 Loss2: 0.000025 
| Global Round : 4 | Client :0 | Local Epoch : 1 | [64/626 (11%)]	Loss1: 5.849329 Loss2: 0.000020 
| Global Round : 4 | Client :0 | Local Epoch : 2 | [64/626 (11%)]	Loss1: 5.850671 Loss2: 0.000026 
| Global Round : 4 | Client :0 | Local Epoch : 3 | [64/626 (11%)]	Loss1: 5.849298 Loss2: 0.000023 
| Global Round : 4 | Client :0 | Local Epoch : 4 | [64/626 (11%)]	Loss1: 5.849202 Loss2: 0.000024 
| Global Round : 4 | Client :1 | Local Epoch : 0 | [64/497 (14%)]	Loss1: 5.851457 Loss2: 0.000025 
| Global Round : 4 | Client :1 | Local Epoch : 1 | [64/497 (14%)]	Loss1: 5.851143 Loss2: 0.000025 
| Global Round : 4 | Client :1 | Local Epoch : 2 | [64/497 (14%)]	Loss1: 5.851991 Loss2: 0.000027 
| Global Round : 4 | Client :1 | Local Epoch : 3 | [64/497 (14%)]	Loss1: 5.850229 Loss2: 0.000029 
| Global Round : 4 | Client :1 | Local Epoch : 4 | [64/497 (14%)]	Loss1: 5.849608 Loss2: 0.000028 
| Global Round : 4 | Client :2 | Local Epoch : 0 | [64/597 (11%)]	Loss1: 5.846619 Loss2: 0.000020 
| Global Round : 4 | Client :2 | Local Epoch : 1 | [64/597 (11%)]	Loss1: 5.847623 Loss2: 0.000023 
| Global Round : 4 | Client :2 | Local Epoch : 2 | [64/597 (11%)]	Loss1: 5.847254 Loss2: 0.000024 
| Global Round : 4 | Client :2 | Local Epoch : 3 | [64/597 (11%)]	Loss1: 5.845270 Loss2: 0.000022 
| Global Round : 4 | Client :2 | Local Epoch : 4 | [64/597 (11%)]	Loss1: 5.844465 Loss2: 0.000023 
| Global Round : 4 | Client :3 | Local Epoch : 0 | [64/605 (11%)]	Loss1: 5.851204 Loss2: 0.000020 
| Global Round : 4 | Client :3 | Local Epoch : 1 | [64/605 (11%)]	Loss1: 5.847914 Loss2: 0.000021 
| Global Round : 4 | Client :3 | Local Epoch : 2 | [64/605 (11%)]	Loss1: 5.848165 Loss2: 0.000022 
| Global Round : 4 | Client :3 | Local Epoch : 3 | [64/605 (11%)]	Loss1: 5.848979 Loss2: 0.000020 
| Global Round : 4 | Client :3 | Local Epoch : 4 | [64/605 (11%)]	Loss1: 5.846803 Loss2: 0.000020 
| Global Round : 4 | Client :4 | Local Epoch : 0 | [64/436 (17%)]	Loss1: 5.850339 Loss2: 0.000030 
| Global Round : 4 | Client :4 | Local Epoch : 1 | [64/436 (17%)]	Loss1: 5.847459 Loss2: 0.000032 
| Global Round : 4 | Client :4 | Local Epoch : 2 | [64/436 (17%)]	Loss1: 5.847844 Loss2: 0.000035 
| Global Round : 4 | Client :4 | Local Epoch : 3 | [64/436 (17%)]	Loss1: 5.848770 Loss2: 0.000032 
| Global Round : 4 | Client :4 | Local Epoch : 4 | [64/436 (17%)]	Loss1: 5.844237 Loss2: 0.000032 
| Global Round : 4 | Client :5 | Local Epoch : 0 | [64/627 (11%)]	Loss1: 5.848137 Loss2: 0.000027 
| Global Round : 4 | Client :5 | Local Epoch : 1 | [64/627 (11%)]	Loss1: 5.847402 Loss2: 0.000027 
| Global Round : 4 | Client :5 | Local Epoch : 2 | [64/627 (11%)]	Loss1: 5.846322 Loss2: 0.000023 
| Global Round : 4 | Client :5 | Local Epoch : 3 | [64/627 (11%)]	Loss1: 5.847843 Loss2: 0.000030 
| Global Round : 4 | Client :5 | Local Epoch : 4 | [64/627 (11%)]	Loss1: 5.846954 Loss2: 0.000030 
| Global Round : 4 | Client :6 | Local Epoch : 0 | [64/571 (12%)]	Loss1: 5.849579 Loss2: 0.000022 
| Global Round : 4 | Client :6 | Local Epoch : 1 | [64/571 (12%)]	Loss1: 5.850144 Loss2: 0.000019 
| Global Round : 4 | Client :6 | Local Epoch : 2 | [64/571 (12%)]	Loss1: 5.848166 Loss2: 0.000018 
| Global Round : 4 | Client :6 | Local Epoch : 3 | [64/571 (12%)]	Loss1: 5.848260 Loss2: 0.000020 
| Global Round : 4 | Client :6 | Local Epoch : 4 | [64/571 (12%)]	Loss1: 5.846247 Loss2: 0.000022 
| Global Round : 4 | Client :7 | Local Epoch : 0 | [64/665 (10%)]	Loss1: 5.847965 Loss2: 0.000023 
| Global Round : 4 | Client :7 | Local Epoch : 1 | [64/665 (10%)]	Loss1: 5.848938 Loss2: 0.000031 
| Global Round : 4 | Client :7 | Local Epoch : 2 | [64/665 (10%)]	Loss1: 5.847229 Loss2: 0.000026 
| Global Round : 4 | Client :7 | Local Epoch : 3 | [64/665 (10%)]	Loss1: 5.846836 Loss2: 0.000019 
| Global Round : 4 | Client :7 | Local Epoch : 4 | [64/665 (10%)]	Loss1: 5.847923 Loss2: 0.000031 
| Global Round : 4 | Client :8 | Local Epoch : 0 | [64/561 (12%)]	Loss1: 5.846836 Loss2: 0.000022 
| Global Round : 4 | Client :8 | Local Epoch : 1 | [64/561 (12%)]	Loss1: 5.846939 Loss2: 0.000021 
| Global Round : 4 | Client :8 | Local Epoch : 2 | [64/561 (12%)]	Loss1: 5.847381 Loss2: 0.000020 
| Global Round : 4 | Client :8 | Local Epoch : 3 | [64/561 (12%)]	Loss1: 5.846014 Loss2: 0.000023 
| Global Round : 4 | Client :8 | Local Epoch : 4 | [64/561 (12%)]	Loss1: 5.846570 Loss2: 0.000024 
| Global Round : 4 | Client :9 | Local Epoch : 0 | [64/811 (8%)]	Loss1: 5.845851 Loss2: 0.000022 
| Global Round : 4 | Client :9 | Local Epoch : 0 | [704/811 (92%)]	Loss1: 5.848161 Loss2: 0.000025 
| Global Round : 4 | Client :9 | Local Epoch : 1 | [64/811 (8%)]	Loss1: 5.845154 Loss2: 0.000022 
| Global Round : 4 | Client :9 | Local Epoch : 1 | [704/811 (92%)]	Loss1: 5.845293 Loss2: 0.000028 
| Global Round : 4 | Client :9 | Local Epoch : 2 | [64/811 (8%)]	Loss1: 5.845042 Loss2: 0.000021 
| Global Round : 4 | Client :9 | Local Epoch : 2 | [704/811 (92%)]	Loss1: 5.846067 Loss2: 0.000027 
| Global Round : 4 | Client :9 | Local Epoch : 3 | [64/811 (8%)]	Loss1: 5.845168 Loss2: 0.000019 
| Global Round : 4 | Client :9 | Local Epoch : 3 | [704/811 (92%)]	Loss1: 5.845263 Loss2: 0.000022 
| Global Round : 4 | Client :9 | Local Epoch : 4 | [64/811 (8%)]	Loss1: 5.846241 Loss2: 0.000018 
| Global Round : 4 | Client :9 | Local Epoch : 4 | [704/811 (92%)]	Loss1: 5.844312 Loss2: 0.000027 
average loss:   5.844846750384285
average local test accuracy: 0.8162760416666668
average global test accuracy:  0.4733072916666667

 | Global Training Round : 5 |

xi_k [0.49146249 0.48159049 0.51463003 0.50834366 0.46982193 0.49037184
 0.47856464 0.51341089 0.48716739 0.50512752]
max_exp: -1.0
coe: 10
Regulation [0.8 0.8 0.8 0.8 0.8 0.8 0.8 0.8 0.8 0.8]
Solver status: optimal_inaccurate
b_new: [1. 1. 1. 1. 1. 1. 1. 1. 1. 1.]
Iter 0: obj=49.0049, best_obj=49.0049, ||b_new-b_prev||₂=2.846050
xi_k [0.49146249 0.48159049 0.51463003 0.50834366 0.46982193 0.49037184
 0.47856464 0.51341089 0.48716739 0.50512752]
max_exp: -1.0
coe: 10
Regulation [-1. -1. -1. -1. -1. -1. -1. -1. -1. -1.]
Solver status: optimal_inaccurate
b_new: [1. 1. 1. 1. 1. 1. 1. 1. 1. 1.]
Iter 1: obj=49.9049, best_obj=49.9049, ||b_new-b_prev||₂=0.000000
Converged.
Final b: [1. 1. 1. 1. 1. 1. 1. 1. 1. 1.]
<class 'numpy.ndarray'>
b_float: [1. 1. 1. 1. 1. 1. 1. 1. 1. 1.]
b: [1 1 1 1 1 1 1 1 1 1]
active_clients:  [0, 1, 2, 3, 4, 5, 6, 7, 8, 9]
Client 0's s_k are:[0 1 1 1 1 1 1 1 1 1]
Client 1's s_k are:[1 0 1 1 1 1 1 1 1 1]
Client 2's s_k are:[1 1 0 1 1 1 1 1 1 1]
Client 3's s_k are:[1 1 1 0 1 1 1 1 1 1]
Client 4's s_k are:[1 1 1 1 0 1 1 1 1 1]
Client 5's s_k are:[1 1 1 1 1 0 1 1 1 1]
Client 6's s_k are:[1 1 1 1 1 1 0 1 1 1]
Client 7's s_k are:[1 1 1 1 1 1 1 0 1 1]
Client 8's s_k are:[1 1 1 1 1 1 1 1 0 1]
Client 9's s_k are:[1 1 1 1 1 1 1 1 1 0]
| Global Round : 5 | Client :0 | Local Epoch : 0 | [64/626 (11%)]	Loss1: 5.848446 Loss2: 0.000024 
| Global Round : 5 | Client :0 | Local Epoch : 1 | [64/626 (11%)]	Loss1: 5.849468 Loss2: 0.000026 
| Global Round : 5 | Client :0 | Local Epoch : 2 | [64/626 (11%)]	Loss1: 5.850461 Loss2: 0.000022 
| Global Round : 5 | Client :0 | Local Epoch : 3 | [64/626 (11%)]	Loss1: 5.847385 Loss2: 0.000022 
| Global Round : 5 | Client :0 | Local Epoch : 4 | [64/626 (11%)]	Loss1: 5.847617 Loss2: 0.000025 
| Global Round : 5 | Client :1 | Local Epoch : 0 | [64/497 (14%)]	Loss1: 5.848986 Loss2: 0.000028 
| Global Round : 5 | Client :1 | Local Epoch : 1 | [64/497 (14%)]	Loss1: 5.852413 Loss2: 0.000028 
| Global Round : 5 | Client :1 | Local Epoch : 2 | [64/497 (14%)]	Loss1: 5.850915 Loss2: 0.000028 
| Global Round : 5 | Client :1 | Local Epoch : 3 | [64/497 (14%)]	Loss1: 5.849706 Loss2: 0.000033 
| Global Round : 5 | Client :1 | Local Epoch : 4 | [64/497 (14%)]	Loss1: 5.850198 Loss2: 0.000028 
| Global Round : 5 | Client :2 | Local Epoch : 0 | [64/597 (11%)]	Loss1: 5.847685 Loss2: 0.000023 
| Global Round : 5 | Client :2 | Local Epoch : 1 | [64/597 (11%)]	Loss1: 5.844869 Loss2: 0.000021 
| Global Round : 5 | Client :2 | Local Epoch : 2 | [64/597 (11%)]	Loss1: 5.844573 Loss2: 0.000020 
| Global Round : 5 | Client :2 | Local Epoch : 3 | [64/597 (11%)]	Loss1: 5.848598 Loss2: 0.000022 
| Global Round : 5 | Client :2 | Local Epoch : 4 | [64/597 (11%)]	Loss1: 5.845025 Loss2: 0.000023 
| Global Round : 5 | Client :3 | Local Epoch : 0 | [64/605 (11%)]	Loss1: 5.848156 Loss2: 0.000022 
| Global Round : 5 | Client :3 | Local Epoch : 1 | [64/605 (11%)]	Loss1: 5.847148 Loss2: 0.000021 
| Global Round : 5 | Client :3 | Local Epoch : 2 | [64/605 (11%)]	Loss1: 5.848819 Loss2: 0.000022 
| Global Round : 5 | Client :3 | Local Epoch : 3 | [64/605 (11%)]	Loss1: 5.846105 Loss2: 0.000023 
| Global Round : 5 | Client :3 | Local Epoch : 4 | [64/605 (11%)]	Loss1: 5.845846 Loss2: 0.000020 
| Global Round : 5 | Client :4 | Local Epoch : 0 | [64/436 (17%)]	Loss1: 5.844641 Loss2: 0.000034 
| Global Round : 5 | Client :4 | Local Epoch : 1 | [64/436 (17%)]	Loss1: 5.846597 Loss2: 0.000042 
| Global Round : 5 | Client :4 | Local Epoch : 2 | [64/436 (17%)]	Loss1: 5.844053 Loss2: 0.000040 
| Global Round : 5 | Client :4 | Local Epoch : 3 | [64/436 (17%)]	Loss1: 5.844390 Loss2: 0.000033 
| Global Round : 5 | Client :4 | Local Epoch : 4 | [64/436 (17%)]	Loss1: 5.842998 Loss2: 0.000038 
| Global Round : 5 | Client :5 | Local Epoch : 0 | [64/627 (11%)]	Loss1: 5.846202 Loss2: 0.000028 
| Global Round : 5 | Client :5 | Local Epoch : 1 | [64/627 (11%)]	Loss1: 5.849351 Loss2: 0.000027 
| Global Round : 5 | Client :5 | Local Epoch : 2 | [64/627 (11%)]	Loss1: 5.845711 Loss2: 0.000027 
| Global Round : 5 | Client :5 | Local Epoch : 3 | [64/627 (11%)]	Loss1: 5.848680 Loss2: 0.000024 
| Global Round : 5 | Client :5 | Local Epoch : 4 | [64/627 (11%)]	Loss1: 5.847292 Loss2: 0.000026 
| Global Round : 5 | Client :6 | Local Epoch : 0 | [64/571 (12%)]	Loss1: 5.847658 Loss2: 0.000017 
| Global Round : 5 | Client :6 | Local Epoch : 1 | [64/571 (12%)]	Loss1: 5.848143 Loss2: 0.000023 
| Global Round : 5 | Client :6 | Local Epoch : 2 | [64/571 (12%)]	Loss1: 5.845335 Loss2: 0.000019 
| Global Round : 5 | Client :6 | Local Epoch : 3 | [64/571 (12%)]	Loss1: 5.847911 Loss2: 0.000021 
| Global Round : 5 | Client :6 | Local Epoch : 4 | [64/571 (12%)]	Loss1: 5.844242 Loss2: 0.000019 
| Global Round : 5 | Client :7 | Local Epoch : 0 | [64/665 (10%)]	Loss1: 5.846334 Loss2: 0.000022 
| Global Round : 5 | Client :7 | Local Epoch : 1 | [64/665 (10%)]	Loss1: 5.847332 Loss2: 0.000021 
| Global Round : 5 | Client :7 | Local Epoch : 2 | [64/665 (10%)]	Loss1: 5.845047 Loss2: 0.000027 
| Global Round : 5 | Client :7 | Local Epoch : 3 | [64/665 (10%)]	Loss1: 5.846024 Loss2: 0.000022 
| Global Round : 5 | Client :7 | Local Epoch : 4 | [64/665 (10%)]	Loss1: 5.844768 Loss2: 0.000027 
| Global Round : 5 | Client :8 | Local Epoch : 0 | [64/561 (12%)]	Loss1: 5.846401 Loss2: 0.000021 
| Global Round : 5 | Client :8 | Local Epoch : 1 | [64/561 (12%)]	Loss1: 5.848095 Loss2: 0.000023 
| Global Round : 5 | Client :8 | Local Epoch : 2 | [64/561 (12%)]	Loss1: 5.849074 Loss2: 0.000024 
| Global Round : 5 | Client :8 | Local Epoch : 3 | [64/561 (12%)]	Loss1: 5.848096 Loss2: 0.000024 
| Global Round : 5 | Client :8 | Local Epoch : 4 | [64/561 (12%)]	Loss1: 5.845258 Loss2: 0.000021 
| Global Round : 5 | Client :9 | Local Epoch : 0 | [64/811 (8%)]	Loss1: 5.847148 Loss2: 0.000021 
| Global Round : 5 | Client :9 | Local Epoch : 0 | [704/811 (92%)]	Loss1: 5.843534 Loss2: 0.000023 
| Global Round : 5 | Client :9 | Local Epoch : 1 | [64/811 (8%)]	Loss1: 5.846030 Loss2: 0.000021 
| Global Round : 5 | Client :9 | Local Epoch : 1 | [704/811 (92%)]	Loss1: 5.844568 Loss2: 0.000029 
| Global Round : 5 | Client :9 | Local Epoch : 2 | [64/811 (8%)]	Loss1: 5.845186 Loss2: 0.000025 
| Global Round : 5 | Client :9 | Local Epoch : 2 | [704/811 (92%)]	Loss1: 5.844286 Loss2: 0.000023 
| Global Round : 5 | Client :9 | Local Epoch : 3 | [64/811 (8%)]	Loss1: 5.844715 Loss2: 0.000023 
| Global Round : 5 | Client :9 | Local Epoch : 3 | [704/811 (92%)]	Loss1: 5.844712 Loss2: 0.000021 
| Global Round : 5 | Client :9 | Local Epoch : 4 | [64/811 (8%)]	Loss1: 5.843811 Loss2: 0.000017 
| Global Round : 5 | Client :9 | Local Epoch : 4 | [704/811 (92%)]	Loss1: 5.843131 Loss2: 0.000024 
average loss:   5.8439163497326865
average local test accuracy: 0.834375
average global test accuracy:  0.4385416666666667

 | Global Training Round : 6 |

xi_k [0.49128281 0.48149113 0.51447104 0.5081879  0.46972228 0.49021684
 0.47834736 0.51330455 0.48703877 0.50499136]
max_exp: -1.0
coe: 10
Regulation [0.8 0.8 0.8 0.8 0.8 0.8 0.8 0.8 0.8 0.8]
Solver status: optimal_inaccurate
b_new: [1. 1. 1. 1. 1. 1. 1. 1. 1. 1.]
Iter 0: obj=48.9905, best_obj=48.9905, ||b_new-b_prev||₂=2.846050
xi_k [0.49128281 0.48149113 0.51447104 0.5081879  0.46972228 0.49021684
 0.47834736 0.51330455 0.48703877 0.50499136]
max_exp: -1.0
coe: 10
Regulation [-1. -1. -1. -1. -1. -1. -1. -1. -1. -1.]
Solver status: optimal_inaccurate
b_new: [1. 1. 1. 1. 1. 1. 1. 1. 1. 1.]
Iter 1: obj=49.8905, best_obj=49.8905, ||b_new-b_prev||₂=0.000000
Converged.
Final b: [1. 1. 1. 1. 1. 1. 1. 1. 1. 1.]
<class 'numpy.ndarray'>
b_float: [1. 1. 1. 1. 1. 1. 1. 1. 1. 1.]
b: [1 1 1 1 1 1 1 1 1 1]
active_clients:  [0, 1, 2, 3, 4, 5, 6, 7, 8, 9]
Client 0's s_k are:[0 1 1 1 1 1 1 1 1 1]
Client 1's s_k are:[1 0 1 1 1 1 1 1 1 1]
Client 2's s_k are:[1 1 0 1 1 1 1 1 1 1]
Client 3's s_k are:[1 1 1 0 1 1 1 1 1 1]
Client 4's s_k are:[1 1 1 1 0 1 1 1 1 1]
Client 5's s_k are:[1 1 1 1 1 0 1 1 1 1]
Client 6's s_k are:[1 1 1 1 1 1 0 1 1 1]
Client 7's s_k are:[1 1 1 1 1 1 1 0 1 1]
Client 8's s_k are:[1 1 1 1 1 1 1 1 0 1]
Client 9's s_k are:[1 1 1 1 1 1 1 1 1 0]
| Global Round : 6 | Client :0 | Local Epoch : 0 | [64/626 (11%)]	Loss1: 5.846861 Loss2: 0.000027 
| Global Round : 6 | Client :0 | Local Epoch : 1 | [64/626 (11%)]	Loss1: 5.848255 Loss2: 0.000023 
| Global Round : 6 | Client :0 | Local Epoch : 2 | [64/626 (11%)]	Loss1: 5.847525 Loss2: 0.000025 
| Global Round : 6 | Client :0 | Local Epoch : 3 | [64/626 (11%)]	Loss1: 5.846738 Loss2: 0.000024 
| Global Round : 6 | Client :0 | Local Epoch : 4 | [64/626 (11%)]	Loss1: 5.846630 Loss2: 0.000023 
| Global Round : 6 | Client :1 | Local Epoch : 0 | [64/497 (14%)]	Loss1: 5.850233 Loss2: 0.000028 
| Global Round : 6 | Client :1 | Local Epoch : 1 | [64/497 (14%)]	Loss1: 5.849460 Loss2: 0.000033 
| Global Round : 6 | Client :1 | Local Epoch : 2 | [64/497 (14%)]	Loss1: 5.850122 Loss2: 0.000030 
| Global Round : 6 | Client :1 | Local Epoch : 3 | [64/497 (14%)]	Loss1: 5.848736 Loss2: 0.000030 
| Global Round : 6 | Client :1 | Local Epoch : 4 | [64/497 (14%)]	Loss1: 5.849266 Loss2: 0.000030 
| Global Round : 6 | Client :2 | Local Epoch : 0 | [64/597 (11%)]	Loss1: 5.843482 Loss2: 0.000024 
| Global Round : 6 | Client :2 | Local Epoch : 1 | [64/597 (11%)]	Loss1: 5.845036 Loss2: 0.000017 
| Global Round : 6 | Client :2 | Local Epoch : 2 | [64/597 (11%)]	Loss1: 5.843202 Loss2: 0.000021 
| Global Round : 6 | Client :2 | Local Epoch : 3 | [64/597 (11%)]	Loss1: 5.844106 Loss2: 0.000021 
| Global Round : 6 | Client :2 | Local Epoch : 4 | [64/597 (11%)]	Loss1: 5.842545 Loss2: 0.000021 
| Global Round : 6 | Client :3 | Local Epoch : 0 | [64/605 (11%)]	Loss1: 5.847558 Loss2: 0.000022 
| Global Round : 6 | Client :3 | Local Epoch : 1 | [64/605 (11%)]	Loss1: 5.846472 Loss2: 0.000025 
| Global Round : 6 | Client :3 | Local Epoch : 2 | [64/605 (11%)]	Loss1: 5.846463 Loss2: 0.000021 
| Global Round : 6 | Client :3 | Local Epoch : 3 | [64/605 (11%)]	Loss1: 5.846654 Loss2: 0.000022 
| Global Round : 6 | Client :3 | Local Epoch : 4 | [64/605 (11%)]	Loss1: 5.847202 Loss2: 0.000020 
| Global Round : 6 | Client :4 | Local Epoch : 0 | [64/436 (17%)]	Loss1: 5.845630 Loss2: 0.000040 
| Global Round : 6 | Client :4 | Local Epoch : 1 | [64/436 (17%)]	Loss1: 5.845057 Loss2: 0.000040 
| Global Round : 6 | Client :4 | Local Epoch : 2 | [64/436 (17%)]	Loss1: 5.845307 Loss2: 0.000034 
| Global Round : 6 | Client :4 | Local Epoch : 3 | [64/436 (17%)]	Loss1: 5.843055 Loss2: 0.000038 
| Global Round : 6 | Client :4 | Local Epoch : 4 | [64/436 (17%)]	Loss1: 5.843925 Loss2: 0.000035 
| Global Round : 6 | Client :5 | Local Epoch : 0 | [64/627 (11%)]	Loss1: 5.845111 Loss2: 0.000029 
| Global Round : 6 | Client :5 | Local Epoch : 1 | [64/627 (11%)]	Loss1: 5.847507 Loss2: 0.000030 
| Global Round : 6 | Client :5 | Local Epoch : 2 | [64/627 (11%)]	Loss1: 5.846196 Loss2: 0.000025 
| Global Round : 6 | Client :5 | Local Epoch : 3 | [64/627 (11%)]	Loss1: 5.846469 Loss2: 0.000026 
| Global Round : 6 | Client :5 | Local Epoch : 4 | [64/627 (11%)]	Loss1: 5.846025 Loss2: 0.000023 
| Global Round : 6 | Client :6 | Local Epoch : 0 | [64/571 (12%)]	Loss1: 5.847414 Loss2: 0.000022 
| Global Round : 6 | Client :6 | Local Epoch : 1 | [64/571 (12%)]	Loss1: 5.846296 Loss2: 0.000018 
| Global Round : 6 | Client :6 | Local Epoch : 2 | [64/571 (12%)]	Loss1: 5.846707 Loss2: 0.000021 
| Global Round : 6 | Client :6 | Local Epoch : 3 | [64/571 (12%)]	Loss1: 5.845455 Loss2: 0.000023 
| Global Round : 6 | Client :6 | Local Epoch : 4 | [64/571 (12%)]	Loss1: 5.844197 Loss2: 0.000017 
| Global Round : 6 | Client :7 | Local Epoch : 0 | [64/665 (10%)]	Loss1: 5.844253 Loss2: 0.000022 
| Global Round : 6 | Client :7 | Local Epoch : 1 | [64/665 (10%)]	Loss1: 5.845726 Loss2: 0.000019 
| Global Round : 6 | Client :7 | Local Epoch : 2 | [64/665 (10%)]	Loss1: 5.842142 Loss2: 0.000019 
| Global Round : 6 | Client :7 | Local Epoch : 3 | [64/665 (10%)]	Loss1: 5.843816 Loss2: 0.000027 
| Global Round : 6 | Client :7 | Local Epoch : 4 | [64/665 (10%)]	Loss1: 5.844490 Loss2: 0.000024 
| Global Round : 6 | Client :8 | Local Epoch : 0 | [64/561 (12%)]	Loss1: 5.846146 Loss2: 0.000024 
| Global Round : 6 | Client :8 | Local Epoch : 1 | [64/561 (12%)]	Loss1: 5.847008 Loss2: 0.000021 
| Global Round : 6 | Client :8 | Local Epoch : 2 | [64/561 (12%)]	Loss1: 5.845870 Loss2: 0.000023 
| Global Round : 6 | Client :8 | Local Epoch : 3 | [64/561 (12%)]	Loss1: 5.845452 Loss2: 0.000024 
| Global Round : 6 | Client :8 | Local Epoch : 4 | [64/561 (12%)]	Loss1: 5.844876 Loss2: 0.000022 
| Global Round : 6 | Client :9 | Local Epoch : 0 | [64/811 (8%)]	Loss1: 5.842359 Loss2: 0.000021 
| Global Round : 6 | Client :9 | Local Epoch : 0 | [704/811 (92%)]	Loss1: 5.844658 Loss2: 0.000021 
| Global Round : 6 | Client :9 | Local Epoch : 1 | [64/811 (8%)]	Loss1: 5.843553 Loss2: 0.000021 
| Global Round : 6 | Client :9 | Local Epoch : 1 | [704/811 (92%)]	Loss1: 5.844042 Loss2: 0.000029 
| Global Round : 6 | Client :9 | Local Epoch : 2 | [64/811 (8%)]	Loss1: 5.844290 Loss2: 0.000020 
| Global Round : 6 | Client :9 | Local Epoch : 2 | [704/811 (92%)]	Loss1: 5.844196 Loss2: 0.000021 
| Global Round : 6 | Client :9 | Local Epoch : 3 | [64/811 (8%)]	Loss1: 5.843061 Loss2: 0.000027 
| Global Round : 6 | Client :9 | Local Epoch : 3 | [704/811 (92%)]	Loss1: 5.844914 Loss2: 0.000026 
| Global Round : 6 | Client :9 | Local Epoch : 4 | [64/811 (8%)]	Loss1: 5.844368 Loss2: 0.000022 
| Global Round : 6 | Client :9 | Local Epoch : 4 | [704/811 (92%)]	Loss1: 5.842674 Loss2: 0.000023 
average loss:   5.8432354519480745
average local test accuracy: 0.83828125
average global test accuracy:  0.4921875

 | Global Training Round : 7 |

xi_k [0.4911774  0.48133228 0.51441642 0.50809513 0.46958512 0.49007129
 0.47825826 0.5132045  0.48689235 0.50490318]
max_exp: -1.0
coe: 10
Regulation [0.8 0.8 0.8 0.8 0.8 0.8 0.8 0.8 0.8 0.8]
Solver status: optimal_inaccurate
b_new: [1. 1. 1. 1. 1. 1. 1. 1. 1. 1.]
Iter 0: obj=48.9794, best_obj=48.9794, ||b_new-b_prev||₂=2.846050
xi_k [0.4911774  0.48133228 0.51441642 0.50809513 0.46958512 0.49007129
 0.47825826 0.5132045  0.48689235 0.50490318]
max_exp: -1.0
coe: 10
Regulation [-1. -1. -1. -1. -1. -1. -1. -1. -1. -1.]
Solver status: optimal_inaccurate
b_new: [1. 1. 1. 1. 1. 1. 1. 1. 1. 1.]
Iter 1: obj=49.8794, best_obj=49.8794, ||b_new-b_prev||₂=0.000000
Converged.
Final b: [1. 1. 1. 1. 1. 1. 1. 1. 1. 1.]
<class 'numpy.ndarray'>
b_float: [1. 1. 1. 1. 1. 1. 1. 1. 1. 1.]
b: [1 1 1 1 1 1 1 1 1 1]
active_clients:  [0, 1, 2, 3, 4, 5, 6, 7, 8, 9]
Client 0's s_k are:[0 1 1 1 1 1 1 1 1 1]
Client 1's s_k are:[1 0 1 1 1 1 1 1 1 1]
Client 2's s_k are:[1 1 0 1 1 1 1 1 1 1]
Client 3's s_k are:[1 1 1 0 1 1 1 1 1 1]
Client 4's s_k are:[1 1 1 1 0 1 1 1 1 1]
Client 5's s_k are:[1 1 1 1 1 0 1 1 1 1]
Client 6's s_k are:[1 1 1 1 1 1 0 1 1 1]
Client 7's s_k are:[1 1 1 1 1 1 1 0 1 1]
Client 8's s_k are:[1 1 1 1 1 1 1 1 0 1]
Client 9's s_k are:[1 1 1 1 1 1 1 1 1 0]
| Global Round : 7 | Client :0 | Local Epoch : 0 | [64/626 (11%)]	Loss1: 5.847436 Loss2: 0.000023 
| Global Round : 7 | Client :0 | Local Epoch : 1 | [64/626 (11%)]	Loss1: 5.847323 Loss2: 0.000021 
| Global Round : 7 | Client :0 | Local Epoch : 2 | [64/626 (11%)]	Loss1: 5.848390 Loss2: 0.000030 
| Global Round : 7 | Client :0 | Local Epoch : 3 | [64/626 (11%)]	Loss1: 5.846104 Loss2: 0.000024 
| Global Round : 7 | Client :0 | Local Epoch : 4 | [64/626 (11%)]	Loss1: 5.846220 Loss2: 0.000027 
| Global Round : 7 | Client :1 | Local Epoch : 0 | [64/497 (14%)]	Loss1: 5.847507 Loss2: 0.000032 
| Global Round : 7 | Client :1 | Local Epoch : 1 | [64/497 (14%)]	Loss1: 5.846808 Loss2: 0.000045 
| Global Round : 7 | Client :1 | Local Epoch : 2 | [64/497 (14%)]	Loss1: 5.847654 Loss2: 0.000034 
| Global Round : 7 | Client :1 | Local Epoch : 3 | [64/497 (14%)]	Loss1: 5.848234 Loss2: 0.000033 
| Global Round : 7 | Client :1 | Local Epoch : 4 | [64/497 (14%)]	Loss1: 5.847714 Loss2: 0.000030 
| Global Round : 7 | Client :2 | Local Epoch : 0 | [64/597 (11%)]	Loss1: 5.844803 Loss2: 0.000018 
| Global Round : 7 | Client :2 | Local Epoch : 1 | [64/597 (11%)]	Loss1: 5.844041 Loss2: 0.000018 
| Global Round : 7 | Client :2 | Local Epoch : 2 | [64/597 (11%)]	Loss1: 5.844303 Loss2: 0.000020 
| Global Round : 7 | Client :2 | Local Epoch : 3 | [64/597 (11%)]	Loss1: 5.843225 Loss2: 0.000020 
| Global Round : 7 | Client :2 | Local Epoch : 4 | [64/597 (11%)]	Loss1: 5.843461 Loss2: 0.000022 
| Global Round : 7 | Client :3 | Local Epoch : 0 | [64/605 (11%)]	Loss1: 5.847409 Loss2: 0.000023 
| Global Round : 7 | Client :3 | Local Epoch : 1 | [64/605 (11%)]	Loss1: 5.847136 Loss2: 0.000022 
| Global Round : 7 | Client :3 | Local Epoch : 2 | [64/605 (11%)]	Loss1: 5.844406 Loss2: 0.000020 
| Global Round : 7 | Client :3 | Local Epoch : 3 | [64/605 (11%)]	Loss1: 5.843572 Loss2: 0.000020 
| Global Round : 7 | Client :3 | Local Epoch : 4 | [64/605 (11%)]	Loss1: 5.845882 Loss2: 0.000024 
| Global Round : 7 | Client :4 | Local Epoch : 0 | [64/436 (17%)]	Loss1: 5.843205 Loss2: 0.000045 
| Global Round : 7 | Client :4 | Local Epoch : 1 | [64/436 (17%)]	Loss1: 5.844316 Loss2: 0.000042 
| Global Round : 7 | Client :4 | Local Epoch : 2 | [64/436 (17%)]	Loss1: 5.844131 Loss2: 0.000043 
| Global Round : 7 | Client :4 | Local Epoch : 3 | [64/436 (17%)]	Loss1: 5.843904 Loss2: 0.000037 
| Global Round : 7 | Client :4 | Local Epoch : 4 | [64/436 (17%)]	Loss1: 5.843149 Loss2: 0.000045 
| Global Round : 7 | Client :5 | Local Epoch : 0 | [64/627 (11%)]	Loss1: 5.845094 Loss2: 0.000028 
| Global Round : 7 | Client :5 | Local Epoch : 1 | [64/627 (11%)]	Loss1: 5.845028 Loss2: 0.000023 
| Global Round : 7 | Client :5 | Local Epoch : 2 | [64/627 (11%)]	Loss1: 5.844495 Loss2: 0.000030 
| Global Round : 7 | Client :5 | Local Epoch : 3 | [64/627 (11%)]	Loss1: 5.843795 Loss2: 0.000026 
| Global Round : 7 | Client :5 | Local Epoch : 4 | [64/627 (11%)]	Loss1: 5.845270 Loss2: 0.000026 
| Global Round : 7 | Client :6 | Local Epoch : 0 | [64/571 (12%)]	Loss1: 5.846407 Loss2: 0.000021 
| Global Round : 7 | Client :6 | Local Epoch : 1 | [64/571 (12%)]	Loss1: 5.844888 Loss2: 0.000020 
| Global Round : 7 | Client :6 | Local Epoch : 2 | [64/571 (12%)]	Loss1: 5.843009 Loss2: 0.000022 
| Global Round : 7 | Client :6 | Local Epoch : 3 | [64/571 (12%)]	Loss1: 5.845422 Loss2: 0.000019 
| Global Round : 7 | Client :6 | Local Epoch : 4 | [64/571 (12%)]	Loss1: 5.844074 Loss2: 0.000016 
| Global Round : 7 | Client :7 | Local Epoch : 0 | [64/665 (10%)]	Loss1: 5.845985 Loss2: 0.000022 
| Global Round : 7 | Client :7 | Local Epoch : 1 | [64/665 (10%)]	Loss1: 5.844460 Loss2: 0.000023 
| Global Round : 7 | Client :7 | Local Epoch : 2 | [64/665 (10%)]	Loss1: 5.845343 Loss2: 0.000020 
| Global Round : 7 | Client :7 | Local Epoch : 3 | [64/665 (10%)]	Loss1: 5.845046 Loss2: 0.000024 
| Global Round : 7 | Client :7 | Local Epoch : 4 | [64/665 (10%)]	Loss1: 5.844444 Loss2: 0.000023 
| Global Round : 7 | Client :8 | Local Epoch : 0 | [64/561 (12%)]	Loss1: 5.846315 Loss2: 0.000027 
| Global Round : 7 | Client :8 | Local Epoch : 1 | [64/561 (12%)]	Loss1: 5.845581 Loss2: 0.000022 
| Global Round : 7 | Client :8 | Local Epoch : 2 | [64/561 (12%)]	Loss1: 5.846324 Loss2: 0.000025 
| Global Round : 7 | Client :8 | Local Epoch : 3 | [64/561 (12%)]	Loss1: 5.845932 Loss2: 0.000023 
| Global Round : 7 | Client :8 | Local Epoch : 4 | [64/561 (12%)]	Loss1: 5.845390 Loss2: 0.000024 
| Global Round : 7 | Client :9 | Local Epoch : 0 | [64/811 (8%)]	Loss1: 5.844776 Loss2: 0.000020 
| Global Round : 7 | Client :9 | Local Epoch : 0 | [704/811 (92%)]	Loss1: 5.841880 Loss2: 0.000028 
| Global Round : 7 | Client :9 | Local Epoch : 1 | [64/811 (8%)]	Loss1: 5.842784 Loss2: 0.000023 
| Global Round : 7 | Client :9 | Local Epoch : 1 | [704/811 (92%)]	Loss1: 5.842710 Loss2: 0.000025 
| Global Round : 7 | Client :9 | Local Epoch : 2 | [64/811 (8%)]	Loss1: 5.841943 Loss2: 0.000018 
| Global Round : 7 | Client :9 | Local Epoch : 2 | [704/811 (92%)]	Loss1: 5.844279 Loss2: 0.000027 
| Global Round : 7 | Client :9 | Local Epoch : 3 | [64/811 (8%)]	Loss1: 5.845193 Loss2: 0.000024 
| Global Round : 7 | Client :9 | Local Epoch : 3 | [704/811 (92%)]	Loss1: 5.844883 Loss2: 0.000023 
| Global Round : 7 | Client :9 | Local Epoch : 4 | [64/811 (8%)]	Loss1: 5.842432 Loss2: 0.000020 
| Global Round : 7 | Client :9 | Local Epoch : 4 | [704/811 (92%)]	Loss1: 5.843097 Loss2: 0.000027 
average loss:   5.842718897641651
average local test accuracy: 0.838671875
average global test accuracy:  0.4993489583333333

 | Global Training Round : 8 |

xi_k [0.49106632 0.48116091 0.51434768 0.50794314 0.46954614 0.48996666
 0.47811266 0.51315088 0.48686492 0.50480745]
max_exp: -1.0
coe: 10
Regulation [0.8 0.8 0.8 0.8 0.8 0.8 0.8 0.8 0.8 0.8]
Solver status: optimal_inaccurate
b_new: [1. 1. 1. 1. 1. 1. 1. 1. 1. 1.]
Iter 0: obj=48.9697, best_obj=48.9697, ||b_new-b_prev||₂=2.846050
xi_k [0.49106632 0.48116091 0.51434768 0.50794314 0.46954614 0.48996666
 0.47811266 0.51315088 0.48686492 0.50480745]
max_exp: -1.0
coe: 10
Regulation [-1. -1. -1. -1. -1. -1. -1. -1. -1. -1.]
Solver status: optimal_inaccurate
b_new: [1. 1. 1. 1. 1. 1. 1. 1. 1. 1.]
Iter 1: obj=49.8697, best_obj=49.8697, ||b_new-b_prev||₂=0.000000
Converged.
Final b: [1. 1. 1. 1. 1. 1. 1. 1. 1. 1.]
<class 'numpy.ndarray'>
b_float: [1. 1. 1. 1. 1. 1. 1. 1. 1. 1.]
b: [1 1 1 1 1 1 1 1 1 1]
active_clients:  [0, 1, 2, 3, 4, 5, 6, 7, 8, 9]
Client 0's s_k are:[0 1 1 1 1 1 1 1 1 1]
Client 1's s_k are:[1 0 1 1 1 1 1 1 1 1]
Client 2's s_k are:[1 1 0 1 1 1 1 1 1 1]
Client 3's s_k are:[1 1 1 0 1 1 1 1 1 1]
Client 4's s_k are:[1 1 1 1 0 1 1 1 1 1]
Client 5's s_k are:[1 1 1 1 1 0 1 1 1 1]
Client 6's s_k are:[1 1 1 1 1 1 0 1 1 1]
Client 7's s_k are:[1 1 1 1 1 1 1 0 1 1]
Client 8's s_k are:[1 1 1 1 1 1 1 1 0 1]
Client 9's s_k are:[1 1 1 1 1 1 1 1 1 0]
| Global Round : 8 | Client :0 | Local Epoch : 0 | [64/626 (11%)]	Loss1: 5.848490 Loss2: 0.000025 
| Global Round : 8 | Client :0 | Local Epoch : 1 | [64/626 (11%)]	Loss1: 5.847750 Loss2: 0.000024 
| Global Round : 8 | Client :0 | Local Epoch : 2 | [64/626 (11%)]	Loss1: 5.848903 Loss2: 0.000026 
| Global Round : 8 | Client :0 | Local Epoch : 3 | [64/626 (11%)]	Loss1: 5.847358 Loss2: 0.000025 
| Global Round : 8 | Client :0 | Local Epoch : 4 | [64/626 (11%)]	Loss1: 5.845907 Loss2: 0.000026 
| Global Round : 8 | Client :1 | Local Epoch : 0 | [64/497 (14%)]	Loss1: 5.844844 Loss2: 0.000037 
| Global Round : 8 | Client :1 | Local Epoch : 1 | [64/497 (14%)]	Loss1: 5.845366 Loss2: 0.000035 
| Global Round : 8 | Client :1 | Local Epoch : 2 | [64/497 (14%)]	Loss1: 5.848049 Loss2: 0.000030 
| Global Round : 8 | Client :1 | Local Epoch : 3 | [64/497 (14%)]	Loss1: 5.846167 Loss2: 0.000035 
| Global Round : 8 | Client :1 | Local Epoch : 4 | [64/497 (14%)]	Loss1: 5.847383 Loss2: 0.000031 
| Global Round : 8 | Client :2 | Local Epoch : 0 | [64/597 (11%)]	Loss1: 5.842431 Loss2: 0.000024 
| Global Round : 8 | Client :2 | Local Epoch : 1 | [64/597 (11%)]	Loss1: 5.843453 Loss2: 0.000021 
| Global Round : 8 | Client :2 | Local Epoch : 2 | [64/597 (11%)]	Loss1: 5.842086 Loss2: 0.000020 
| Global Round : 8 | Client :2 | Local Epoch : 3 | [64/597 (11%)]	Loss1: 5.842065 Loss2: 0.000023 
| Global Round : 8 | Client :2 | Local Epoch : 4 | [64/597 (11%)]	Loss1: 5.843359 Loss2: 0.000019 
| Global Round : 8 | Client :3 | Local Epoch : 0 | [64/605 (11%)]	Loss1: 5.843567 Loss2: 0.000025 
| Global Round : 8 | Client :3 | Local Epoch : 1 | [64/605 (11%)]	Loss1: 5.847103 Loss2: 0.000024 
| Global Round : 8 | Client :3 | Local Epoch : 2 | [64/605 (11%)]	Loss1: 5.845574 Loss2: 0.000019 
| Global Round : 8 | Client :3 | Local Epoch : 3 | [64/605 (11%)]	Loss1: 5.848214 Loss2: 0.000023 
| Global Round : 8 | Client :3 | Local Epoch : 4 | [64/605 (11%)]	Loss1: 5.844758 Loss2: 0.000026 
| Global Round : 8 | Client :4 | Local Epoch : 0 | [64/436 (17%)]	Loss1: 5.842170 Loss2: 0.000034 
| Global Round : 8 | Client :4 | Local Epoch : 1 | [64/436 (17%)]	Loss1: 5.843106 Loss2: 0.000038 
| Global Round : 8 | Client :4 | Local Epoch : 2 | [64/436 (17%)]	Loss1: 5.842019 Loss2: 0.000040 
| Global Round : 8 | Client :4 | Local Epoch : 3 | [64/436 (17%)]	Loss1: 5.841247 Loss2: 0.000037 
| Global Round : 8 | Client :4 | Local Epoch : 4 | [64/436 (17%)]	Loss1: 5.842916 Loss2: 0.000037 
| Global Round : 8 | Client :5 | Local Epoch : 0 | [64/627 (11%)]	Loss1: 5.844148 Loss2: 0.000022 
| Global Round : 8 | Client :5 | Local Epoch : 1 | [64/627 (11%)]	Loss1: 5.845787 Loss2: 0.000024 
| Global Round : 8 | Client :5 | Local Epoch : 2 | [64/627 (11%)]	Loss1: 5.844953 Loss2: 0.000029 
| Global Round : 8 | Client :5 | Local Epoch : 3 | [64/627 (11%)]	Loss1: 5.845002 Loss2: 0.000026 
| Global Round : 8 | Client :5 | Local Epoch : 4 | [64/627 (11%)]	Loss1: 5.843820 Loss2: 0.000028 
| Global Round : 8 | Client :6 | Local Epoch : 0 | [64/571 (12%)]	Loss1: 5.844275 Loss2: 0.000019 
| Global Round : 8 | Client :6 | Local Epoch : 1 | [64/571 (12%)]	Loss1: 5.843741 Loss2: 0.000021 
| Global Round : 8 | Client :6 | Local Epoch : 2 | [64/571 (12%)]	Loss1: 5.843341 Loss2: 0.000021 
| Global Round : 8 | Client :6 | Local Epoch : 3 | [64/571 (12%)]	Loss1: 5.844503 Loss2: 0.000020 
| Global Round : 8 | Client :6 | Local Epoch : 4 | [64/571 (12%)]	Loss1: 5.844648 Loss2: 0.000019 
| Global Round : 8 | Client :7 | Local Epoch : 0 | [64/665 (10%)]	Loss1: 5.845050 Loss2: 0.000022 
| Global Round : 8 | Client :7 | Local Epoch : 1 | [64/665 (10%)]	Loss1: 5.843310 Loss2: 0.000022 
| Global Round : 8 | Client :7 | Local Epoch : 2 | [64/665 (10%)]	Loss1: 5.844030 Loss2: 0.000018 
| Global Round : 8 | Client :7 | Local Epoch : 3 | [64/665 (10%)]	Loss1: 5.843692 Loss2: 0.000023 
| Global Round : 8 | Client :7 | Local Epoch : 4 | [64/665 (10%)]	Loss1: 5.843568 Loss2: 0.000020 
| Global Round : 8 | Client :8 | Local Epoch : 0 | [64/561 (12%)]	Loss1: 5.845366 Loss2: 0.000026 
| Global Round : 8 | Client :8 | Local Epoch : 1 | [64/561 (12%)]	Loss1: 5.844820 Loss2: 0.000023 
| Global Round : 8 | Client :8 | Local Epoch : 2 | [64/561 (12%)]	Loss1: 5.844872 Loss2: 0.000023 
| Global Round : 8 | Client :8 | Local Epoch : 3 | [64/561 (12%)]	Loss1: 5.844334 Loss2: 0.000025 
| Global Round : 8 | Client :8 | Local Epoch : 4 | [64/561 (12%)]	Loss1: 5.845984 Loss2: 0.000028 
| Global Round : 8 | Client :9 | Local Epoch : 0 | [64/811 (8%)]	Loss1: 5.842972 Loss2: 0.000022 
| Global Round : 8 | Client :9 | Local Epoch : 0 | [704/811 (92%)]	Loss1: 5.841714 Loss2: 0.000023 
| Global Round : 8 | Client :9 | Local Epoch : 1 | [64/811 (8%)]	Loss1: 5.843361 Loss2: 0.000022 
| Global Round : 8 | Client :9 | Local Epoch : 1 | [704/811 (92%)]	Loss1: 5.843648 Loss2: 0.000023 
| Global Round : 8 | Client :9 | Local Epoch : 2 | [64/811 (8%)]	Loss1: 5.843462 Loss2: 0.000020 
| Global Round : 8 | Client :9 | Local Epoch : 2 | [704/811 (92%)]	Loss1: 5.844147 Loss2: 0.000023 
| Global Round : 8 | Client :9 | Local Epoch : 3 | [64/811 (8%)]	Loss1: 5.841349 Loss2: 0.000020 
| Global Round : 8 | Client :9 | Local Epoch : 3 | [704/811 (92%)]	Loss1: 5.842831 Loss2: 0.000022 
| Global Round : 8 | Client :9 | Local Epoch : 4 | [64/811 (8%)]	Loss1: 5.844193 Loss2: 0.000023 
| Global Round : 8 | Client :9 | Local Epoch : 4 | [704/811 (92%)]	Loss1: 5.844261 Loss2: 0.000025 
average loss:   5.842371867800515
average local test accuracy: 0.838671875
average global test accuracy:  0.5132812499999999

 | Global Training Round : 9 |

xi_k [0.49106491 0.48111725 0.51431743 0.50786505 0.46949386 0.48990925
 0.47807335 0.51309362 0.48676261 0.50478314]
max_exp: -1.0
coe: 10
Regulation [0.8 0.8 0.8 0.8 0.8 0.8 0.8 0.8 0.8 0.8]
Solver status: optimal_inaccurate
b_new: [1. 1. 1. 1. 1. 1. 1. 1. 1. 1.]
Iter 0: obj=48.9648, best_obj=48.9648, ||b_new-b_prev||₂=2.846050
xi_k [0.49106491 0.48111725 0.51431743 0.50786505 0.46949386 0.48990925
 0.47807335 0.51309362 0.48676261 0.50478314]
max_exp: -1.0
coe: 10
Regulation [-1. -1. -1. -1. -1. -1. -1. -1. -1. -1.]
Solver status: optimal_inaccurate
b_new: [1. 1. 1. 1. 1. 1. 1. 1. 1. 1.]
Iter 1: obj=49.8648, best_obj=49.8648, ||b_new-b_prev||₂=0.000000
Converged.
Final b: [1. 1. 1. 1. 1. 1. 1. 1. 1. 1.]
<class 'numpy.ndarray'>
b_float: [1. 1. 1. 1. 1. 1. 1. 1. 1. 1.]
b: [1 1 1 1 1 1 1 1 1 1]
active_clients:  [0, 1, 2, 3, 4, 5, 6, 7, 8, 9]
Client 0's s_k are:[0 1 1 1 1 1 1 1 1 1]
Client 1's s_k are:[1 0 1 1 1 1 1 1 1 1]
Client 2's s_k are:[1 1 0 1 1 1 1 1 1 1]
Client 3's s_k are:[1 1 1 0 1 1 1 1 1 1]
Client 4's s_k are:[1 1 1 1 0 1 1 1 1 1]
Client 5's s_k are:[1 1 1 1 1 0 1 1 1 1]
Client 6's s_k are:[1 1 1 1 1 1 0 1 1 1]
Client 7's s_k are:[1 1 1 1 1 1 1 0 1 1]
Client 8's s_k are:[1 1 1 1 1 1 1 1 0 1]
Client 9's s_k are:[1 1 1 1 1 1 1 1 1 0]
| Global Round : 9 | Client :0 | Local Epoch : 0 | [64/626 (11%)]	Loss1: 5.845895 Loss2: 0.000023 
| Global Round : 9 | Client :0 | Local Epoch : 1 | [64/626 (11%)]	Loss1: 5.846130 Loss2: 0.000022 
| Global Round : 9 | Client :0 | Local Epoch : 2 | [64/626 (11%)]	Loss1: 5.845068 Loss2: 0.000026 
| Global Round : 9 | Client :0 | Local Epoch : 3 | [64/626 (11%)]	Loss1: 5.846633 Loss2: 0.000027 
| Global Round : 9 | Client :0 | Local Epoch : 4 | [64/626 (11%)]	Loss1: 5.846220 Loss2: 0.000029 
| Global Round : 9 | Client :1 | Local Epoch : 0 | [64/497 (14%)]	Loss1: 5.849055 Loss2: 0.000031 
| Global Round : 9 | Client :1 | Local Epoch : 1 | [64/497 (14%)]	Loss1: 5.846410 Loss2: 0.000034 
| Global Round : 9 | Client :1 | Local Epoch : 2 | [64/497 (14%)]	Loss1: 5.847032 Loss2: 0.000034 
| Global Round : 9 | Client :1 | Local Epoch : 3 | [64/497 (14%)]	Loss1: 5.845796 Loss2: 0.000034 
| Global Round : 9 | Client :1 | Local Epoch : 4 | [64/497 (14%)]	Loss1: 5.846502 Loss2: 0.000030 
| Global Round : 9 | Client :2 | Local Epoch : 0 | [64/597 (11%)]	Loss1: 5.844936 Loss2: 0.000020 
| Global Round : 9 | Client :2 | Local Epoch : 1 | [64/597 (11%)]	Loss1: 5.844967 Loss2: 0.000024 
| Global Round : 9 | Client :2 | Local Epoch : 2 | [64/597 (11%)]	Loss1: 5.844497 Loss2: 0.000021 
| Global Round : 9 | Client :2 | Local Epoch : 3 | [64/597 (11%)]	Loss1: 5.842379 Loss2: 0.000020 
| Global Round : 9 | Client :2 | Local Epoch : 4 | [64/597 (11%)]	Loss1: 5.843217 Loss2: 0.000021 
| Global Round : 9 | Client :3 | Local Epoch : 0 | [64/605 (11%)]	Loss1: 5.844668 Loss2: 0.000024 
| Global Round : 9 | Client :3 | Local Epoch : 1 | [64/605 (11%)]	Loss1: 5.844749 Loss2: 0.000024 
| Global Round : 9 | Client :3 | Local Epoch : 2 | [64/605 (11%)]	Loss1: 5.845607 Loss2: 0.000020 
| Global Round : 9 | Client :3 | Local Epoch : 3 | [64/605 (11%)]	Loss1: 5.843736 Loss2: 0.000026 
| Global Round : 9 | Client :3 | Local Epoch : 4 | [64/605 (11%)]	Loss1: 5.846502 Loss2: 0.000023 
| Global Round : 9 | Client :4 | Local Epoch : 0 | [64/436 (17%)]	Loss1: 5.845631 Loss2: 0.000037 
| Global Round : 9 | Client :4 | Local Epoch : 1 | [64/436 (17%)]	Loss1: 5.843826 Loss2: 0.000039 
| Global Round : 9 | Client :4 | Local Epoch : 2 | [64/436 (17%)]	Loss1: 5.843853 Loss2: 0.000037 
| Global Round : 9 | Client :4 | Local Epoch : 3 | [64/436 (17%)]	Loss1: 5.843008 Loss2: 0.000040 
| Global Round : 9 | Client :4 | Local Epoch : 4 | [64/436 (17%)]	Loss1: 5.843221 Loss2: 0.000041 
| Global Round : 9 | Client :5 | Local Epoch : 0 | [64/627 (11%)]	Loss1: 5.844846 Loss2: 0.000026 
| Global Round : 9 | Client :5 | Local Epoch : 1 | [64/627 (11%)]	Loss1: 5.845438 Loss2: 0.000025 
| Global Round : 9 | Client :5 | Local Epoch : 2 | [64/627 (11%)]	Loss1: 5.846085 Loss2: 0.000024 
| Global Round : 9 | Client :5 | Local Epoch : 3 | [64/627 (11%)]	Loss1: 5.845401 Loss2: 0.000026 
| Global Round : 9 | Client :5 | Local Epoch : 4 | [64/627 (11%)]	Loss1: 5.844837 Loss2: 0.000029 
| Global Round : 9 | Client :6 | Local Epoch : 0 | [64/571 (12%)]	Loss1: 5.844783 Loss2: 0.000020 
| Global Round : 9 | Client :6 | Local Epoch : 1 | [64/571 (12%)]	Loss1: 5.843603 Loss2: 0.000020 
| Global Round : 9 | Client :6 | Local Epoch : 2 | [64/571 (12%)]	Loss1: 5.844459 Loss2: 0.000018 
| Global Round : 9 | Client :6 | Local Epoch : 3 | [64/571 (12%)]	Loss1: 5.844357 Loss2: 0.000019 
| Global Round : 9 | Client :6 | Local Epoch : 4 | [64/571 (12%)]	Loss1: 5.843454 Loss2: 0.000022 
| Global Round : 9 | Client :7 | Local Epoch : 0 | [64/665 (10%)]	Loss1: 5.843089 Loss2: 0.000021 
| Global Round : 9 | Client :7 | Local Epoch : 1 | [64/665 (10%)]	Loss1: 5.845725 Loss2: 0.000021 
| Global Round : 9 | Client :7 | Local Epoch : 2 | [64/665 (10%)]	Loss1: 5.844026 Loss2: 0.000021 
| Global Round : 9 | Client :7 | Local Epoch : 3 | [64/665 (10%)]	Loss1: 5.844299 Loss2: 0.000022 
| Global Round : 9 | Client :7 | Local Epoch : 4 | [64/665 (10%)]	Loss1: 5.843665 Loss2: 0.000018 
| Global Round : 9 | Client :8 | Local Epoch : 0 | [64/561 (12%)]	Loss1: 5.846291 Loss2: 0.000024 
| Global Round : 9 | Client :8 | Local Epoch : 1 | [64/561 (12%)]	Loss1: 5.845548 Loss2: 0.000023 
| Global Round : 9 | Client :8 | Local Epoch : 2 | [64/561 (12%)]	Loss1: 5.845110 Loss2: 0.000026 
| Global Round : 9 | Client :8 | Local Epoch : 3 | [64/561 (12%)]	Loss1: 5.843713 Loss2: 0.000025 
| Global Round : 9 | Client :8 | Local Epoch : 4 | [64/561 (12%)]	Loss1: 5.844900 Loss2: 0.000025 
| Global Round : 9 | Client :9 | Local Epoch : 0 | [64/811 (8%)]	Loss1: 5.843845 Loss2: 0.000021 
| Global Round : 9 | Client :9 | Local Epoch : 0 | [704/811 (92%)]	Loss1: 5.844296 Loss2: 0.000023 
| Global Round : 9 | Client :9 | Local Epoch : 1 | [64/811 (8%)]	Loss1: 5.843027 Loss2: 0.000024 
| Global Round : 9 | Client :9 | Local Epoch : 1 | [704/811 (92%)]	Loss1: 5.841823 Loss2: 0.000024 
| Global Round : 9 | Client :9 | Local Epoch : 2 | [64/811 (8%)]	Loss1: 5.842781 Loss2: 0.000021 
| Global Round : 9 | Client :9 | Local Epoch : 2 | [704/811 (92%)]	Loss1: 5.842121 Loss2: 0.000025 
| Global Round : 9 | Client :9 | Local Epoch : 3 | [64/811 (8%)]	Loss1: 5.842193 Loss2: 0.000022 
| Global Round : 9 | Client :9 | Local Epoch : 3 | [704/811 (92%)]	Loss1: 5.843289 Loss2: 0.000022 
| Global Round : 9 | Client :9 | Local Epoch : 4 | [64/811 (8%)]	Loss1: 5.842050 Loss2: 0.000022 
| Global Round : 9 | Client :9 | Local Epoch : 4 | [704/811 (92%)]	Loss1: 5.844306 Loss2: 0.000021 
average loss:   5.842020902633667
average local test accuracy: 0.845703125
average global test accuracy:  0.5330729166666666

 | Global Training Round : 10 |

xi_k [0.49094457 0.48104525 0.51434477 0.50780316 0.46944609 0.48984004
 0.47799623 0.51306241 0.48667143 0.50475093]
max_exp: -1.0
coe: 10
Regulation [0.8 0.8 0.8 0.8 0.8 0.8 0.8 0.8 0.8 0.8]
Solver status: optimal_inaccurate
b_new: [1. 1. 1. 1. 1. 1. 1. 1. 1. 1.]
Iter 0: obj=48.9590, best_obj=48.9590, ||b_new-b_prev||₂=2.846050
xi_k [0.49094457 0.48104525 0.51434477 0.50780316 0.46944609 0.48984004
 0.47799623 0.51306241 0.48667143 0.50475093]
max_exp: -1.0
coe: 10
Regulation [-1. -1. -1. -1. -1. -1. -1. -1. -1. -1.]
Solver status: optimal_inaccurate
b_new: [1. 1. 1. 1. 1. 1. 1. 1. 1. 1.]
Iter 1: obj=49.8590, best_obj=49.8590, ||b_new-b_prev||₂=0.000000
Converged.
Final b: [1. 1. 1. 1. 1. 1. 1. 1. 1. 1.]
<class 'numpy.ndarray'>
b_float: [1. 1. 1. 1. 1. 1. 1. 1. 1. 1.]
b: [1 1 1 1 1 1 1 1 1 1]
active_clients:  [0, 1, 2, 3, 4, 5, 6, 7, 8, 9]
Client 0's s_k are:[0 1 1 1 1 1 1 1 1 1]
Client 1's s_k are:[1 0 1 1 1 1 1 1 1 1]
Client 2's s_k are:[1 1 0 1 1 1 1 1 1 1]
Client 3's s_k are:[1 1 1 0 1 1 1 1 1 1]
Client 4's s_k are:[1 1 1 1 0 1 1 1 1 1]
Client 5's s_k are:[1 1 1 1 1 0 1 1 1 1]
Client 6's s_k are:[1 1 1 1 1 1 0 1 1 1]
Client 7's s_k are:[1 1 1 1 1 1 1 0 1 1]
Client 8's s_k are:[1 1 1 1 1 1 1 1 0 1]
Client 9's s_k are:[1 1 1 1 1 1 1 1 1 0]
| Global Round : 10 | Client :0 | Local Epoch : 0 | [64/626 (11%)]	Loss1: 5.848362 Loss2: 0.000026 
| Global Round : 10 | Client :0 | Local Epoch : 1 | [64/626 (11%)]	Loss1: 5.846345 Loss2: 0.000028 
| Global Round : 10 | Client :0 | Local Epoch : 2 | [64/626 (11%)]	Loss1: 5.846819 Loss2: 0.000021 
| Global Round : 10 | Client :0 | Local Epoch : 3 | [64/626 (11%)]	Loss1: 5.845421 Loss2: 0.000024 
| Global Round : 10 | Client :0 | Local Epoch : 4 | [64/626 (11%)]	Loss1: 5.846925 Loss2: 0.000025 
| Global Round : 10 | Client :1 | Local Epoch : 0 | [64/497 (14%)]	Loss1: 5.846482 Loss2: 0.000030 
| Global Round : 10 | Client :1 | Local Epoch : 1 | [64/497 (14%)]	Loss1: 5.846176 Loss2: 0.000034 
| Global Round : 10 | Client :1 | Local Epoch : 2 | [64/497 (14%)]	Loss1: 5.847084 Loss2: 0.000030 
| Global Round : 10 | Client :1 | Local Epoch : 3 | [64/497 (14%)]	Loss1: 5.847655 Loss2: 0.000030 
| Global Round : 10 | Client :1 | Local Epoch : 4 | [64/497 (14%)]	Loss1: 5.846415 Loss2: 0.000026 
| Global Round : 10 | Client :2 | Local Epoch : 0 | [64/597 (11%)]	Loss1: 5.844345 Loss2: 0.000018 
| Global Round : 10 | Client :2 | Local Epoch : 1 | [64/597 (11%)]	Loss1: 5.842545 Loss2: 0.000019 
| Global Round : 10 | Client :2 | Local Epoch : 2 | [64/597 (11%)]	Loss1: 5.841899 Loss2: 0.000022 
| Global Round : 10 | Client :2 | Local Epoch : 3 | [64/597 (11%)]	Loss1: 5.843034 Loss2: 0.000019 
| Global Round : 10 | Client :2 | Local Epoch : 4 | [64/597 (11%)]	Loss1: 5.841880 Loss2: 0.000018 
| Global Round : 10 | Client :3 | Local Epoch : 0 | [64/605 (11%)]	Loss1: 5.845220 Loss2: 0.000024 
| Global Round : 10 | Client :3 | Local Epoch : 1 | [64/605 (11%)]	Loss1: 5.844975 Loss2: 0.000020 
| Global Round : 10 | Client :3 | Local Epoch : 2 | [64/605 (11%)]	Loss1: 5.843335 Loss2: 0.000020 
| Global Round : 10 | Client :3 | Local Epoch : 3 | [64/605 (11%)]	Loss1: 5.844909 Loss2: 0.000023 
| Global Round : 10 | Client :3 | Local Epoch : 4 | [64/605 (11%)]	Loss1: 5.846398 Loss2: 0.000025 
| Global Round : 10 | Client :4 | Local Epoch : 0 | [64/436 (17%)]	Loss1: 5.843776 Loss2: 0.000037 
| Global Round : 10 | Client :4 | Local Epoch : 1 | [64/436 (17%)]	Loss1: 5.841527 Loss2: 0.000038 
| Global Round : 10 | Client :4 | Local Epoch : 2 | [64/436 (17%)]	Loss1: 5.842499 Loss2: 0.000036 
| Global Round : 10 | Client :4 | Local Epoch : 3 | [64/436 (17%)]	Loss1: 5.842876 Loss2: 0.000039 
| Global Round : 10 | Client :4 | Local Epoch : 4 | [64/436 (17%)]	Loss1: 5.842352 Loss2: 0.000039 
| Global Round : 10 | Client :5 | Local Epoch : 0 | [64/627 (11%)]	Loss1: 5.845159 Loss2: 0.000025 
| Global Round : 10 | Client :5 | Local Epoch : 1 | [64/627 (11%)]	Loss1: 5.845237 Loss2: 0.000026 
| Global Round : 10 | Client :5 | Local Epoch : 2 | [64/627 (11%)]	Loss1: 5.843633 Loss2: 0.000025 
| Global Round : 10 | Client :5 | Local Epoch : 3 | [64/627 (11%)]	Loss1: 5.844348 Loss2: 0.000026 
| Global Round : 10 | Client :5 | Local Epoch : 4 | [64/627 (11%)]	Loss1: 5.844659 Loss2: 0.000028 
| Global Round : 10 | Client :6 | Local Epoch : 0 | [64/571 (12%)]	Loss1: 5.842919 Loss2: 0.000022 
| Global Round : 10 | Client :6 | Local Epoch : 1 | [64/571 (12%)]	Loss1: 5.842844 Loss2: 0.000020 
| Global Round : 10 | Client :6 | Local Epoch : 2 | [64/571 (12%)]	Loss1: 5.843741 Loss2: 0.000020 
| Global Round : 10 | Client :6 | Local Epoch : 3 | [64/571 (12%)]	Loss1: 5.842520 Loss2: 0.000021 
| Global Round : 10 | Client :6 | Local Epoch : 4 | [64/571 (12%)]	Loss1: 5.844131 Loss2: 0.000022 
| Global Round : 10 | Client :7 | Local Epoch : 0 | [64/665 (10%)]	Loss1: 5.843121 Loss2: 0.000021 
| Global Round : 10 | Client :7 | Local Epoch : 1 | [64/665 (10%)]	Loss1: 5.845133 Loss2: 0.000019 
| Global Round : 10 | Client :7 | Local Epoch : 2 | [64/665 (10%)]	Loss1: 5.843212 Loss2: 0.000021 
| Global Round : 10 | Client :7 | Local Epoch : 3 | [64/665 (10%)]	Loss1: 5.843827 Loss2: 0.000024 
| Global Round : 10 | Client :7 | Local Epoch : 4 | [64/665 (10%)]	Loss1: 5.842781 Loss2: 0.000023 
| Global Round : 10 | Client :8 | Local Epoch : 0 | [64/561 (12%)]	Loss1: 5.843540 Loss2: 0.000026 
| Global Round : 10 | Client :8 | Local Epoch : 1 | [64/561 (12%)]	Loss1: 5.842874 Loss2: 0.000028 
| Global Round : 10 | Client :8 | Local Epoch : 2 | [64/561 (12%)]	Loss1: 5.843884 Loss2: 0.000024 
| Global Round : 10 | Client :8 | Local Epoch : 3 | [64/561 (12%)]	Loss1: 5.843127 Loss2: 0.000024 
| Global Round : 10 | Client :8 | Local Epoch : 4 | [64/561 (12%)]	Loss1: 5.845131 Loss2: 0.000024 
| Global Round : 10 | Client :9 | Local Epoch : 0 | [64/811 (8%)]	Loss1: 5.842445 Loss2: 0.000016 
| Global Round : 10 | Client :9 | Local Epoch : 0 | [704/811 (92%)]	Loss1: 5.842533 Loss2: 0.000026 
| Global Round : 10 | Client :9 | Local Epoch : 1 | [64/811 (8%)]	Loss1: 5.842584 Loss2: 0.000021 
| Global Round : 10 | Client :9 | Local Epoch : 1 | [704/811 (92%)]	Loss1: 5.841306 Loss2: 0.000026 
| Global Round : 10 | Client :9 | Local Epoch : 2 | [64/811 (8%)]	Loss1: 5.843544 Loss2: 0.000022 
| Global Round : 10 | Client :9 | Local Epoch : 2 | [704/811 (92%)]	Loss1: 5.842911 Loss2: 0.000027 
| Global Round : 10 | Client :9 | Local Epoch : 3 | [64/811 (8%)]	Loss1: 5.843110 Loss2: 0.000025 
| Global Round : 10 | Client :9 | Local Epoch : 3 | [704/811 (92%)]	Loss1: 5.841911 Loss2: 0.000023 
| Global Round : 10 | Client :9 | Local Epoch : 4 | [64/811 (8%)]	Loss1: 5.841991 Loss2: 0.000020 
| Global Round : 10 | Client :9 | Local Epoch : 4 | [704/811 (92%)]	Loss1: 5.841958 Loss2: 0.000031 
average loss:   5.841705642654782
average local test accuracy: 0.8615885416666668
average global test accuracy:  0.550390625

 | Global Training Round : 11 |

xi_k [0.49087541 0.48092623 0.51428315 0.50774292 0.46936325 0.48975563
 0.47798128 0.51297362 0.48665844 0.50466611]
max_exp: -1.0
coe: 10
Regulation [0.8 0.8 0.8 0.8 0.8 0.8 0.8 0.8 0.8 0.8]
Solver status: optimal_inaccurate
b_new: [1. 1. 1. 1. 1. 1. 1. 1. 1. 1.]
Iter 0: obj=48.9523, best_obj=48.9523, ||b_new-b_prev||₂=2.846050
xi_k [0.49087541 0.48092623 0.51428315 0.50774292 0.46936325 0.48975563
 0.47798128 0.51297362 0.48665844 0.50466611]
max_exp: -1.0
coe: 10
Regulation [-1. -1. -1. -1. -1. -1. -1. -1. -1. -1.]
Solver status: optimal_inaccurate
b_new: [1. 1. 1. 1. 1. 1. 1. 1. 1. 1.]
Iter 1: obj=49.8523, best_obj=49.8523, ||b_new-b_prev||₂=0.000000
Converged.
Final b: [1. 1. 1. 1. 1. 1. 1. 1. 1. 1.]
<class 'numpy.ndarray'>
b_float: [1. 1. 1. 1. 1. 1. 1. 1. 1. 1.]
b: [1 1 1 1 1 1 1 1 1 1]
active_clients:  [0, 1, 2, 3, 4, 5, 6, 7, 8, 9]
Client 0's s_k are:[0 1 1 1 1 1 1 1 1 1]
Client 1's s_k are:[1 0 1 1 1 1 1 1 1 1]
Client 2's s_k are:[1 1 0 1 1 1 1 1 1 1]
Client 3's s_k are:[1 1 1 0 1 1 1 1 1 1]
Client 4's s_k are:[1 1 1 1 0 1 1 1 1 1]
Client 5's s_k are:[1 1 1 1 1 0 1 1 1 1]
Client 6's s_k are:[1 1 1 1 1 1 0 1 1 1]
Client 7's s_k are:[1 1 1 1 1 1 1 0 1 1]
Client 8's s_k are:[1 1 1 1 1 1 1 1 0 1]
Client 9's s_k are:[1 1 1 1 1 1 1 1 1 0]
| Global Round : 11 | Client :0 | Local Epoch : 0 | [64/626 (11%)]	Loss1: 5.847463 Loss2: 0.000021 
| Global Round : 11 | Client :0 | Local Epoch : 1 | [64/626 (11%)]	Loss1: 5.847009 Loss2: 0.000024 
| Global Round : 11 | Client :0 | Local Epoch : 2 | [64/626 (11%)]	Loss1: 5.845878 Loss2: 0.000024 
| Global Round : 11 | Client :0 | Local Epoch : 3 | [64/626 (11%)]	Loss1: 5.847646 Loss2: 0.000023 
| Global Round : 11 | Client :0 | Local Epoch : 4 | [64/626 (11%)]	Loss1: 5.844737 Loss2: 0.000022 
| Global Round : 11 | Client :1 | Local Epoch : 0 | [64/497 (14%)]	Loss1: 5.847794 Loss2: 0.000036 
| Global Round : 11 | Client :1 | Local Epoch : 1 | [64/497 (14%)]	Loss1: 5.846281 Loss2: 0.000036 
| Global Round : 11 | Client :1 | Local Epoch : 2 | [64/497 (14%)]	Loss1: 5.845328 Loss2: 0.000030 
| Global Round : 11 | Client :1 | Local Epoch : 3 | [64/497 (14%)]	Loss1: 5.845373 Loss2: 0.000033 
| Global Round : 11 | Client :1 | Local Epoch : 4 | [64/497 (14%)]	Loss1: 5.846425 Loss2: 0.000032 
| Global Round : 11 | Client :2 | Local Epoch : 0 | [64/597 (11%)]	Loss1: 5.843601 Loss2: 0.000019 
| Global Round : 11 | Client :2 | Local Epoch : 1 | [64/597 (11%)]	Loss1: 5.843370 Loss2: 0.000020 
| Global Round : 11 | Client :2 | Local Epoch : 2 | [64/597 (11%)]	Loss1: 5.841894 Loss2: 0.000020 
| Global Round : 11 | Client :2 | Local Epoch : 3 | [64/597 (11%)]	Loss1: 5.842655 Loss2: 0.000022 
| Global Round : 11 | Client :2 | Local Epoch : 4 | [64/597 (11%)]	Loss1: 5.842381 Loss2: 0.000020 
| Global Round : 11 | Client :3 | Local Epoch : 0 | [64/605 (11%)]	Loss1: 5.846211 Loss2: 0.000022 
| Global Round : 11 | Client :3 | Local Epoch : 1 | [64/605 (11%)]	Loss1: 5.844817 Loss2: 0.000023 
| Global Round : 11 | Client :3 | Local Epoch : 2 | [64/605 (11%)]	Loss1: 5.843235 Loss2: 0.000026 
| Global Round : 11 | Client :3 | Local Epoch : 3 | [64/605 (11%)]	Loss1: 5.844503 Loss2: 0.000023 
| Global Round : 11 | Client :3 | Local Epoch : 4 | [64/605 (11%)]	Loss1: 5.844491 Loss2: 0.000021 
| Global Round : 11 | Client :4 | Local Epoch : 0 | [64/436 (17%)]	Loss1: 5.846017 Loss2: 0.000039 
| Global Round : 11 | Client :4 | Local Epoch : 1 | [64/436 (17%)]	Loss1: 5.840115 Loss2: 0.000045 
| Global Round : 11 | Client :4 | Local Epoch : 2 | [64/436 (17%)]	Loss1: 5.841769 Loss2: 0.000039 
| Global Round : 11 | Client :4 | Local Epoch : 3 | [64/436 (17%)]	Loss1: 5.843501 Loss2: 0.000038 
| Global Round : 11 | Client :4 | Local Epoch : 4 | [64/436 (17%)]	Loss1: 5.841770 Loss2: 0.000043 
| Global Round : 11 | Client :5 | Local Epoch : 0 | [64/627 (11%)]	Loss1: 5.842903 Loss2: 0.000027 
| Global Round : 11 | Client :5 | Local Epoch : 1 | [64/627 (11%)]	Loss1: 5.843256 Loss2: 0.000026 
| Global Round : 11 | Client :5 | Local Epoch : 2 | [64/627 (11%)]	Loss1: 5.844115 Loss2: 0.000028 
| Global Round : 11 | Client :5 | Local Epoch : 3 | [64/627 (11%)]	Loss1: 5.844151 Loss2: 0.000028 
| Global Round : 11 | Client :5 | Local Epoch : 4 | [64/627 (11%)]	Loss1: 5.843900 Loss2: 0.000025 
| Global Round : 11 | Client :6 | Local Epoch : 0 | [64/571 (12%)]	Loss1: 5.844068 Loss2: 0.000016 
| Global Round : 11 | Client :6 | Local Epoch : 1 | [64/571 (12%)]	Loss1: 5.844735 Loss2: 0.000019 
| Global Round : 11 | Client :6 | Local Epoch : 2 | [64/571 (12%)]	Loss1: 5.843660 Loss2: 0.000019 
| Global Round : 11 | Client :6 | Local Epoch : 3 | [64/571 (12%)]	Loss1: 5.843807 Loss2: 0.000019 
| Global Round : 11 | Client :6 | Local Epoch : 4 | [64/571 (12%)]	Loss1: 5.842773 Loss2: 0.000021 
| Global Round : 11 | Client :7 | Local Epoch : 0 | [64/665 (10%)]	Loss1: 5.843288 Loss2: 0.000020 
| Global Round : 11 | Client :7 | Local Epoch : 1 | [64/665 (10%)]	Loss1: 5.842191 Loss2: 0.000022 
| Global Round : 11 | Client :7 | Local Epoch : 2 | [64/665 (10%)]	Loss1: 5.841567 Loss2: 0.000022 
| Global Round : 11 | Client :7 | Local Epoch : 3 | [64/665 (10%)]	Loss1: 5.842534 Loss2: 0.000021 
| Global Round : 11 | Client :7 | Local Epoch : 4 | [64/665 (10%)]	Loss1: 5.844359 Loss2: 0.000019 
| Global Round : 11 | Client :8 | Local Epoch : 0 | [64/561 (12%)]	Loss1: 5.843734 Loss2: 0.000027 
| Global Round : 11 | Client :8 | Local Epoch : 1 | [64/561 (12%)]	Loss1: 5.843090 Loss2: 0.000024 
| Global Round : 11 | Client :8 | Local Epoch : 2 | [64/561 (12%)]	Loss1: 5.843137 Loss2: 0.000022 
| Global Round : 11 | Client :8 | Local Epoch : 3 | [64/561 (12%)]	Loss1: 5.842539 Loss2: 0.000023 
| Global Round : 11 | Client :8 | Local Epoch : 4 | [64/561 (12%)]	Loss1: 5.845870 Loss2: 0.000025 
| Global Round : 11 | Client :9 | Local Epoch : 0 | [64/811 (8%)]	Loss1: 5.843332 Loss2: 0.000025 
| Global Round : 11 | Client :9 | Local Epoch : 0 | [704/811 (92%)]	Loss1: 5.845132 Loss2: 0.000023 
| Global Round : 11 | Client :9 | Local Epoch : 1 | [64/811 (8%)]	Loss1: 5.842278 Loss2: 0.000023 
| Global Round : 11 | Client :9 | Local Epoch : 1 | [704/811 (92%)]	Loss1: 5.843265 Loss2: 0.000028 
| Global Round : 11 | Client :9 | Local Epoch : 2 | [64/811 (8%)]	Loss1: 5.842786 Loss2: 0.000023 
| Global Round : 11 | Client :9 | Local Epoch : 2 | [704/811 (92%)]	Loss1: 5.841711 Loss2: 0.000026 
| Global Round : 11 | Client :9 | Local Epoch : 3 | [64/811 (8%)]	Loss1: 5.841728 Loss2: 0.000020 
| Global Round : 11 | Client :9 | Local Epoch : 3 | [704/811 (92%)]	Loss1: 5.843765 Loss2: 0.000028 
| Global Round : 11 | Client :9 | Local Epoch : 4 | [64/811 (8%)]	Loss1: 5.842298 Loss2: 0.000022 
| Global Round : 11 | Client :9 | Local Epoch : 4 | [704/811 (92%)]	Loss1: 5.842714 Loss2: 0.000021 
average loss:   5.841537676784728
average local test accuracy: 0.862890625
average global test accuracy:  0.5154947916666666

 | Global Training Round : 12 |

xi_k [0.49086668 0.48080161 0.51424669 0.50767708 0.46946393 0.48972965
 0.47797779 0.51300575 0.48665489 0.50463534]
max_exp: -1.0
coe: 10
Regulation [0.8 0.8 0.8 0.8 0.8 0.8 0.8 0.8 0.8 0.8]
Solver status: optimal_inaccurate
b_new: [1. 1. 1. 1. 1. 1. 1. 1. 1. 1.]
Iter 0: obj=48.9506, best_obj=48.9506, ||b_new-b_prev||₂=2.846050
xi_k [0.49086668 0.48080161 0.51424669 0.50767708 0.46946393 0.48972965
 0.47797779 0.51300575 0.48665489 0.50463534]
max_exp: -1.0
coe: 10
Regulation [-1. -1. -1. -1. -1. -1. -1. -1. -1. -1.]
Solver status: optimal_inaccurate
b_new: [1. 1. 1. 1. 1. 1. 1. 1. 1. 1.]
Iter 1: obj=49.8506, best_obj=49.8506, ||b_new-b_prev||₂=0.000000
Converged.
Final b: [1. 1. 1. 1. 1. 1. 1. 1. 1. 1.]
<class 'numpy.ndarray'>
b_float: [1. 1. 1. 1. 1. 1. 1. 1. 1. 1.]
b: [1 1 1 1 1 1 1 1 1 1]
active_clients:  [0, 1, 2, 3, 4, 5, 6, 7, 8, 9]
Client 0's s_k are:[0 1 1 1 1 1 1 1 1 1]
Client 1's s_k are:[1 0 1 1 1 1 1 1 1 1]
Client 2's s_k are:[1 1 0 1 1 1 1 1 1 1]
Client 3's s_k are:[1 1 1 0 1 1 1 1 1 1]
Client 4's s_k are:[1 1 1 1 0 1 1 1 1 1]
Client 5's s_k are:[1 1 1 1 1 0 1 1 1 1]
Client 6's s_k are:[1 1 1 1 1 1 0 1 1 1]
Client 7's s_k are:[1 1 1 1 1 1 1 0 1 1]
Client 8's s_k are:[1 1 1 1 1 1 1 1 0 1]
Client 9's s_k are:[1 1 1 1 1 1 1 1 1 0]
| Global Round : 12 | Client :0 | Local Epoch : 0 | [64/626 (11%)]	Loss1: 5.846303 Loss2: 0.000025 
| Global Round : 12 | Client :0 | Local Epoch : 1 | [64/626 (11%)]	Loss1: 5.845307 Loss2: 0.000025 
| Global Round : 12 | Client :0 | Local Epoch : 2 | [64/626 (11%)]	Loss1: 5.845538 Loss2: 0.000025 
| Global Round : 12 | Client :0 | Local Epoch : 3 | [64/626 (11%)]	Loss1: 5.844690 Loss2: 0.000025 
| Global Round : 12 | Client :0 | Local Epoch : 4 | [64/626 (11%)]	Loss1: 5.845898 Loss2: 0.000028 
| Global Round : 12 | Client :1 | Local Epoch : 0 | [64/497 (14%)]	Loss1: 5.846006 Loss2: 0.000034 
| Global Round : 12 | Client :1 | Local Epoch : 1 | [64/497 (14%)]	Loss1: 5.845015 Loss2: 0.000030 
| Global Round : 12 | Client :1 | Local Epoch : 2 | [64/497 (14%)]	Loss1: 5.844809 Loss2: 0.000032 
| Global Round : 12 | Client :1 | Local Epoch : 3 | [64/497 (14%)]	Loss1: 5.843980 Loss2: 0.000032 
| Global Round : 12 | Client :1 | Local Epoch : 4 | [64/497 (14%)]	Loss1: 5.847504 Loss2: 0.000033 
| Global Round : 12 | Client :2 | Local Epoch : 0 | [64/597 (11%)]	Loss1: 5.843040 Loss2: 0.000023 
| Global Round : 12 | Client :2 | Local Epoch : 1 | [64/597 (11%)]	Loss1: 5.843116 Loss2: 0.000023 
| Global Round : 12 | Client :2 | Local Epoch : 2 | [64/597 (11%)]	Loss1: 5.842587 Loss2: 0.000018 
| Global Round : 12 | Client :2 | Local Epoch : 3 | [64/597 (11%)]	Loss1: 5.842767 Loss2: 0.000023 
| Global Round : 12 | Client :2 | Local Epoch : 4 | [64/597 (11%)]	Loss1: 5.842328 Loss2: 0.000020 
| Global Round : 12 | Client :3 | Local Epoch : 0 | [64/605 (11%)]	Loss1: 5.843180 Loss2: 0.000021 
| Global Round : 12 | Client :3 | Local Epoch : 1 | [64/605 (11%)]	Loss1: 5.843069 Loss2: 0.000022 
| Global Round : 12 | Client :3 | Local Epoch : 2 | [64/605 (11%)]	Loss1: 5.843826 Loss2: 0.000021 
| Global Round : 12 | Client :3 | Local Epoch : 3 | [64/605 (11%)]	Loss1: 5.844653 Loss2: 0.000022 
| Global Round : 12 | Client :3 | Local Epoch : 4 | [64/605 (11%)]	Loss1: 5.844305 Loss2: 0.000021 
| Global Round : 12 | Client :4 | Local Epoch : 0 | [64/436 (17%)]	Loss1: 5.842644 Loss2: 0.000035 
| Global Round : 12 | Client :4 | Local Epoch : 1 | [64/436 (17%)]	Loss1: 5.842064 Loss2: 0.000041 
| Global Round : 12 | Client :4 | Local Epoch : 2 | [64/436 (17%)]	Loss1: 5.841487 Loss2: 0.000038 
| Global Round : 12 | Client :4 | Local Epoch : 3 | [64/436 (17%)]	Loss1: 5.842857 Loss2: 0.000036 
| Global Round : 12 | Client :4 | Local Epoch : 4 | [64/436 (17%)]	Loss1: 5.843357 Loss2: 0.000039 
| Global Round : 12 | Client :5 | Local Epoch : 0 | [64/627 (11%)]	Loss1: 5.842380 Loss2: 0.000026 
| Global Round : 12 | Client :5 | Local Epoch : 1 | [64/627 (11%)]	Loss1: 5.844171 Loss2: 0.000025 
| Global Round : 12 | Client :5 | Local Epoch : 2 | [64/627 (11%)]	Loss1: 5.842914 Loss2: 0.000028 
| Global Round : 12 | Client :5 | Local Epoch : 3 | [64/627 (11%)]	Loss1: 5.844141 Loss2: 0.000027 
| Global Round : 12 | Client :5 | Local Epoch : 4 | [64/627 (11%)]	Loss1: 5.841634 Loss2: 0.000023 
| Global Round : 12 | Client :6 | Local Epoch : 0 | [64/571 (12%)]	Loss1: 5.843441 Loss2: 0.000018 
| Global Round : 12 | Client :6 | Local Epoch : 1 | [64/571 (12%)]	Loss1: 5.841659 Loss2: 0.000020 
| Global Round : 12 | Client :6 | Local Epoch : 2 | [64/571 (12%)]	Loss1: 5.845068 Loss2: 0.000023 
| Global Round : 12 | Client :6 | Local Epoch : 3 | [64/571 (12%)]	Loss1: 5.843404 Loss2: 0.000019 
| Global Round : 12 | Client :6 | Local Epoch : 4 | [64/571 (12%)]	Loss1: 5.841600 Loss2: 0.000021 
| Global Round : 12 | Client :7 | Local Epoch : 0 | [64/665 (10%)]	Loss1: 5.842332 Loss2: 0.000021 
| Global Round : 12 | Client :7 | Local Epoch : 1 | [64/665 (10%)]	Loss1: 5.842118 Loss2: 0.000019 
| Global Round : 12 | Client :7 | Local Epoch : 2 | [64/665 (10%)]	Loss1: 5.842412 Loss2: 0.000021 
| Global Round : 12 | Client :7 | Local Epoch : 3 | [64/665 (10%)]	Loss1: 5.844263 Loss2: 0.000021 
| Global Round : 12 | Client :7 | Local Epoch : 4 | [64/665 (10%)]	Loss1: 5.844814 Loss2: 0.000024 
| Global Round : 12 | Client :8 | Local Epoch : 0 | [64/561 (12%)]	Loss1: 5.843365 Loss2: 0.000023 
| Global Round : 12 | Client :8 | Local Epoch : 1 | [64/561 (12%)]	Loss1: 5.843145 Loss2: 0.000021 
| Global Round : 12 | Client :8 | Local Epoch : 2 | [64/561 (12%)]	Loss1: 5.844236 Loss2: 0.000025 
| Global Round : 12 | Client :8 | Local Epoch : 3 | [64/561 (12%)]	Loss1: 5.845422 Loss2: 0.000024 
| Global Round : 12 | Client :8 | Local Epoch : 4 | [64/561 (12%)]	Loss1: 5.843435 Loss2: 0.000023 
| Global Round : 12 | Client :9 | Local Epoch : 0 | [64/811 (8%)]	Loss1: 5.841367 Loss2: 0.000025 
| Global Round : 12 | Client :9 | Local Epoch : 0 | [704/811 (92%)]	Loss1: 5.841989 Loss2: 0.000020 
| Global Round : 12 | Client :9 | Local Epoch : 1 | [64/811 (8%)]	Loss1: 5.842008 Loss2: 0.000020 
| Global Round : 12 | Client :9 | Local Epoch : 1 | [704/811 (92%)]	Loss1: 5.840902 Loss2: 0.000030 
| Global Round : 12 | Client :9 | Local Epoch : 2 | [64/811 (8%)]	Loss1: 5.841569 Loss2: 0.000027 
| Global Round : 12 | Client :9 | Local Epoch : 2 | [704/811 (92%)]	Loss1: 5.841543 Loss2: 0.000026 
| Global Round : 12 | Client :9 | Local Epoch : 3 | [64/811 (8%)]	Loss1: 5.842385 Loss2: 0.000021 
| Global Round : 12 | Client :9 | Local Epoch : 3 | [704/811 (92%)]	Loss1: 5.841849 Loss2: 0.000023 
| Global Round : 12 | Client :9 | Local Epoch : 4 | [64/811 (8%)]	Loss1: 5.844094 Loss2: 0.000023 
| Global Round : 12 | Client :9 | Local Epoch : 4 | [704/811 (92%)]	Loss1: 5.841695 Loss2: 0.000024 
average loss:   5.841216233192929
average local test accuracy: 0.8502604166666666
average global test accuracy:  0.4903645833333333

 | Global Training Round : 13 |

xi_k [0.49081496 0.48082033 0.51418821 0.50761584 0.46935333 0.48967476
 0.47792628 0.51292407 0.48657172 0.50459494]
max_exp: -1.0
coe: 10
Regulation [0.8 0.8 0.8 0.8 0.8 0.8 0.8 0.8 0.8 0.8]
Solver status: optimal_inaccurate
b_new: [1. 1. 1. 1. 1. 1. 1. 1. 1. 1.]
Iter 0: obj=48.9448, best_obj=48.9448, ||b_new-b_prev||₂=2.846050
xi_k [0.49081496 0.48082033 0.51418821 0.50761584 0.46935333 0.48967476
 0.47792628 0.51292407 0.48657172 0.50459494]
max_exp: -1.0
coe: 10
Regulation [-1. -1. -1. -1. -1. -1. -1. -1. -1. -1.]
Solver status: optimal_inaccurate
b_new: [1. 1. 1. 1. 1. 1. 1. 1. 1. 1.]
Iter 1: obj=49.8448, best_obj=49.8448, ||b_new-b_prev||₂=0.000000
Converged.
Final b: [1. 1. 1. 1. 1. 1. 1. 1. 1. 1.]
<class 'numpy.ndarray'>
b_float: [1. 1. 1. 1. 1. 1. 1. 1. 1. 1.]
b: [1 1 1 1 1 1 1 1 1 1]
active_clients:  [0, 1, 2, 3, 4, 5, 6, 7, 8, 9]
Client 0's s_k are:[0 1 1 1 1 1 1 1 1 1]
Client 1's s_k are:[1 0 1 1 1 1 1 1 1 1]
Client 2's s_k are:[1 1 0 1 1 1 1 1 1 1]
Client 3's s_k are:[1 1 1 0 1 1 1 1 1 1]
Client 4's s_k are:[1 1 1 1 0 1 1 1 1 1]
Client 5's s_k are:[1 1 1 1 1 0 1 1 1 1]
Client 6's s_k are:[1 1 1 1 1 1 0 1 1 1]
Client 7's s_k are:[1 1 1 1 1 1 1 0 1 1]
Client 8's s_k are:[1 1 1 1 1 1 1 1 0 1]
Client 9's s_k are:[1 1 1 1 1 1 1 1 1 0]
| Global Round : 13 | Client :0 | Local Epoch : 0 | [64/626 (11%)]	Loss1: 5.846025 Loss2: 0.000023 
| Global Round : 13 | Client :0 | Local Epoch : 1 | [64/626 (11%)]	Loss1: 5.846473 Loss2: 0.000020 
| Global Round : 13 | Client :0 | Local Epoch : 2 | [64/626 (11%)]	Loss1: 5.847038 Loss2: 0.000027 
| Global Round : 13 | Client :0 | Local Epoch : 3 | [64/626 (11%)]	Loss1: 5.844193 Loss2: 0.000020 
| Global Round : 13 | Client :0 | Local Epoch : 4 | [64/626 (11%)]	Loss1: 5.845771 Loss2: 0.000025 
| Global Round : 13 | Client :1 | Local Epoch : 0 | [64/497 (14%)]	Loss1: 5.845545 Loss2: 0.000031 
| Global Round : 13 | Client :1 | Local Epoch : 1 | [64/497 (14%)]	Loss1: 5.844998 Loss2: 0.000034 
| Global Round : 13 | Client :1 | Local Epoch : 2 | [64/497 (14%)]	Loss1: 5.845034 Loss2: 0.000029 
| Global Round : 13 | Client :1 | Local Epoch : 3 | [64/497 (14%)]	Loss1: 5.844165 Loss2: 0.000039 
| Global Round : 13 | Client :1 | Local Epoch : 4 | [64/497 (14%)]	Loss1: 5.845325 Loss2: 0.000035 
| Global Round : 13 | Client :2 | Local Epoch : 0 | [64/597 (11%)]	Loss1: 5.841886 Loss2: 0.000023 
| Global Round : 13 | Client :2 | Local Epoch : 1 | [64/597 (11%)]	Loss1: 5.842853 Loss2: 0.000017 
| Global Round : 13 | Client :2 | Local Epoch : 2 | [64/597 (11%)]	Loss1: 5.841470 Loss2: 0.000026 
| Global Round : 13 | Client :2 | Local Epoch : 3 | [64/597 (11%)]	Loss1: 5.842372 Loss2: 0.000020 
| Global Round : 13 | Client :2 | Local Epoch : 4 | [64/597 (11%)]	Loss1: 5.841956 Loss2: 0.000023 
| Global Round : 13 | Client :3 | Local Epoch : 0 | [64/605 (11%)]	Loss1: 5.843281 Loss2: 0.000020 
| Global Round : 13 | Client :3 | Local Epoch : 1 | [64/605 (11%)]	Loss1: 5.845573 Loss2: 0.000020 
| Global Round : 13 | Client :3 | Local Epoch : 2 | [64/605 (11%)]	Loss1: 5.845239 Loss2: 0.000025 
| Global Round : 13 | Client :3 | Local Epoch : 3 | [64/605 (11%)]	Loss1: 5.843942 Loss2: 0.000022 
| Global Round : 13 | Client :3 | Local Epoch : 4 | [64/605 (11%)]	Loss1: 5.844350 Loss2: 0.000021 
| Global Round : 13 | Client :4 | Local Epoch : 0 | [64/436 (17%)]	Loss1: 5.844002 Loss2: 0.000042 
| Global Round : 13 | Client :4 | Local Epoch : 1 | [64/436 (17%)]	Loss1: 5.841751 Loss2: 0.000033 
| Global Round : 13 | Client :4 | Local Epoch : 2 | [64/436 (17%)]	Loss1: 5.842130 Loss2: 0.000044 
| Global Round : 13 | Client :4 | Local Epoch : 3 | [64/436 (17%)]	Loss1: 5.841734 Loss2: 0.000037 
| Global Round : 13 | Client :4 | Local Epoch : 4 | [64/436 (17%)]	Loss1: 5.842561 Loss2: 0.000038 
| Global Round : 13 | Client :5 | Local Epoch : 0 | [64/627 (11%)]	Loss1: 5.842209 Loss2: 0.000025 
| Global Round : 13 | Client :5 | Local Epoch : 1 | [64/627 (11%)]	Loss1: 5.843231 Loss2: 0.000025 
| Global Round : 13 | Client :5 | Local Epoch : 2 | [64/627 (11%)]	Loss1: 5.841950 Loss2: 0.000027 
| Global Round : 13 | Client :5 | Local Epoch : 3 | [64/627 (11%)]	Loss1: 5.842792 Loss2: 0.000025 
| Global Round : 13 | Client :5 | Local Epoch : 4 | [64/627 (11%)]	Loss1: 5.844318 Loss2: 0.000024 
| Global Round : 13 | Client :6 | Local Epoch : 0 | [64/571 (12%)]	Loss1: 5.842031 Loss2: 0.000020 
| Global Round : 13 | Client :6 | Local Epoch : 1 | [64/571 (12%)]	Loss1: 5.845282 Loss2: 0.000025 
| Global Round : 13 | Client :6 | Local Epoch : 2 | [64/571 (12%)]	Loss1: 5.843538 Loss2: 0.000023 
| Global Round : 13 | Client :6 | Local Epoch : 3 | [64/571 (12%)]	Loss1: 5.843153 Loss2: 0.000020 
| Global Round : 13 | Client :6 | Local Epoch : 4 | [64/571 (12%)]	Loss1: 5.842285 Loss2: 0.000017 
| Global Round : 13 | Client :7 | Local Epoch : 0 | [64/665 (10%)]	Loss1: 5.842279 Loss2: 0.000028 
| Global Round : 13 | Client :7 | Local Epoch : 1 | [64/665 (10%)]	Loss1: 5.842111 Loss2: 0.000022 
| Global Round : 13 | Client :7 | Local Epoch : 2 | [64/665 (10%)]	Loss1: 5.844157 Loss2: 0.000022 
| Global Round : 13 | Client :7 | Local Epoch : 3 | [64/665 (10%)]	Loss1: 5.841312 Loss2: 0.000022 
| Global Round : 13 | Client :7 | Local Epoch : 4 | [64/665 (10%)]	Loss1: 5.843766 Loss2: 0.000022 
| Global Round : 13 | Client :8 | Local Epoch : 0 | [64/561 (12%)]	Loss1: 5.842275 Loss2: 0.000023 
| Global Round : 13 | Client :8 | Local Epoch : 1 | [64/561 (12%)]	Loss1: 5.843393 Loss2: 0.000025 
| Global Round : 13 | Client :8 | Local Epoch : 2 | [64/561 (12%)]	Loss1: 5.845008 Loss2: 0.000023 
| Global Round : 13 | Client :8 | Local Epoch : 3 | [64/561 (12%)]	Loss1: 5.846008 Loss2: 0.000026 
| Global Round : 13 | Client :8 | Local Epoch : 4 | [64/561 (12%)]	Loss1: 5.843240 Loss2: 0.000025 
| Global Round : 13 | Client :9 | Local Epoch : 0 | [64/811 (8%)]	Loss1: 5.842324 Loss2: 0.000019 
| Global Round : 13 | Client :9 | Local Epoch : 0 | [704/811 (92%)]	Loss1: 5.842143 Loss2: 0.000026 
| Global Round : 13 | Client :9 | Local Epoch : 1 | [64/811 (8%)]	Loss1: 5.842050 Loss2: 0.000024 
| Global Round : 13 | Client :9 | Local Epoch : 1 | [704/811 (92%)]	Loss1: 5.842445 Loss2: 0.000023 
| Global Round : 13 | Client :9 | Local Epoch : 2 | [64/811 (8%)]	Loss1: 5.842422 Loss2: 0.000022 
| Global Round : 13 | Client :9 | Local Epoch : 2 | [704/811 (92%)]	Loss1: 5.840783 Loss2: 0.000026 
| Global Round : 13 | Client :9 | Local Epoch : 3 | [64/811 (8%)]	Loss1: 5.843181 Loss2: 0.000020 
| Global Round : 13 | Client :9 | Local Epoch : 3 | [704/811 (92%)]	Loss1: 5.842753 Loss2: 0.000023 
| Global Round : 13 | Client :9 | Local Epoch : 4 | [64/811 (8%)]	Loss1: 5.841885 Loss2: 0.000026 
| Global Round : 13 | Client :9 | Local Epoch : 4 | [704/811 (92%)]	Loss1: 5.841190 Loss2: 0.000026 
average loss:   5.841046242127343
average local test accuracy: 0.8575520833333332
average global test accuracy:  0.5364583333333333

 | Global Training Round : 14 |

xi_k [0.49078294 0.48077574 0.51414533 0.50759608 0.46933843 0.48957154
 0.47788044 0.51292971 0.48651086 0.5046279 ]
max_exp: -1.0
coe: 10
Regulation [0.8 0.8 0.8 0.8 0.8 0.8 0.8 0.8 0.8 0.8]
Solver status: optimal_inaccurate
b_new: [1. 1. 1. 1. 1. 1. 1. 1. 1. 1.]
Iter 0: obj=48.9416, best_obj=48.9416, ||b_new-b_prev||₂=2.846050
xi_k [0.49078294 0.48077574 0.51414533 0.50759608 0.46933843 0.48957154
 0.47788044 0.51292971 0.48651086 0.5046279 ]
max_exp: -1.0
coe: 10
Regulation [-1. -1. -1. -1. -1. -1. -1. -1. -1. -1.]
Solver status: optimal_inaccurate
b_new: [1. 1. 1. 1. 1. 1. 1. 1. 1. 1.]
Iter 1: obj=49.8416, best_obj=49.8416, ||b_new-b_prev||₂=0.000000
Converged.
Final b: [1. 1. 1. 1. 1. 1. 1. 1. 1. 1.]
<class 'numpy.ndarray'>
b_float: [1. 1. 1. 1. 1. 1. 1. 1. 1. 1.]
b: [1 1 1 1 1 1 1 1 1 1]
active_clients:  [0, 1, 2, 3, 4, 5, 6, 7, 8, 9]
Client 0's s_k are:[0 1 1 1 1 1 1 1 1 1]
Client 1's s_k are:[1 0 1 1 1 1 1 1 1 1]
Client 2's s_k are:[1 1 0 1 1 1 1 1 1 1]
Client 3's s_k are:[1 1 1 0 1 1 1 1 1 1]
Client 4's s_k are:[1 1 1 1 0 1 1 1 1 1]
Client 5's s_k are:[1 1 1 1 1 0 1 1 1 1]
Client 6's s_k are:[1 1 1 1 1 1 0 1 1 1]
Client 7's s_k are:[1 1 1 1 1 1 1 0 1 1]
Client 8's s_k are:[1 1 1 1 1 1 1 1 0 1]
Client 9's s_k are:[1 1 1 1 1 1 1 1 1 0]
| Global Round : 14 | Client :0 | Local Epoch : 0 | [64/626 (11%)]	Loss1: 5.842858 Loss2: 0.000023 
| Global Round : 14 | Client :0 | Local Epoch : 1 | [64/626 (11%)]	Loss1: 5.844713 Loss2: 0.000029 
| Global Round : 14 | Client :0 | Local Epoch : 2 | [64/626 (11%)]	Loss1: 5.845036 Loss2: 0.000027 
| Global Round : 14 | Client :0 | Local Epoch : 3 | [64/626 (11%)]	Loss1: 5.845140 Loss2: 0.000030 
| Global Round : 14 | Client :0 | Local Epoch : 4 | [64/626 (11%)]	Loss1: 5.844225 Loss2: 0.000024 
| Global Round : 14 | Client :1 | Local Epoch : 0 | [64/497 (14%)]	Loss1: 5.844785 Loss2: 0.000033 
| Global Round : 14 | Client :1 | Local Epoch : 1 | [64/497 (14%)]	Loss1: 5.842847 Loss2: 0.000028 
| Global Round : 14 | Client :1 | Local Epoch : 2 | [64/497 (14%)]	Loss1: 5.846466 Loss2: 0.000032 
| Global Round : 14 | Client :1 | Local Epoch : 3 | [64/497 (14%)]	Loss1: 5.845575 Loss2: 0.000031 
| Global Round : 14 | Client :1 | Local Epoch : 4 | [64/497 (14%)]	Loss1: 5.844257 Loss2: 0.000030 
| Global Round : 14 | Client :2 | Local Epoch : 0 | [64/597 (11%)]	Loss1: 5.841995 Loss2: 0.000022 
| Global Round : 14 | Client :2 | Local Epoch : 1 | [64/597 (11%)]	Loss1: 5.842329 Loss2: 0.000022 
| Global Round : 14 | Client :2 | Local Epoch : 2 | [64/597 (11%)]	Loss1: 5.842308 Loss2: 0.000022 
| Global Round : 14 | Client :2 | Local Epoch : 3 | [64/597 (11%)]	Loss1: 5.841162 Loss2: 0.000021 
| Global Round : 14 | Client :2 | Local Epoch : 4 | [64/597 (11%)]	Loss1: 5.840576 Loss2: 0.000021 
| Global Round : 14 | Client :3 | Local Epoch : 0 | [64/605 (11%)]	Loss1: 5.843203 Loss2: 0.000023 
| Global Round : 14 | Client :3 | Local Epoch : 1 | [64/605 (11%)]	Loss1: 5.842972 Loss2: 0.000024 
| Global Round : 14 | Client :3 | Local Epoch : 2 | [64/605 (11%)]	Loss1: 5.844189 Loss2: 0.000021 
| Global Round : 14 | Client :3 | Local Epoch : 3 | [64/605 (11%)]	Loss1: 5.842538 Loss2: 0.000021 
| Global Round : 14 | Client :3 | Local Epoch : 4 | [64/605 (11%)]	Loss1: 5.842958 Loss2: 0.000021 
| Global Round : 14 | Client :4 | Local Epoch : 0 | [64/436 (17%)]	Loss1: 5.842455 Loss2: 0.000039 
| Global Round : 14 | Client :4 | Local Epoch : 1 | [64/436 (17%)]	Loss1: 5.842817 Loss2: 0.000037 
| Global Round : 14 | Client :4 | Local Epoch : 2 | [64/436 (17%)]	Loss1: 5.840807 Loss2: 0.000037 
| Global Round : 14 | Client :4 | Local Epoch : 3 | [64/436 (17%)]	Loss1: 5.843129 Loss2: 0.000045 
| Global Round : 14 | Client :4 | Local Epoch : 4 | [64/436 (17%)]	Loss1: 5.842836 Loss2: 0.000037 
| Global Round : 14 | Client :5 | Local Epoch : 0 | [64/627 (11%)]	Loss1: 5.841731 Loss2: 0.000026 
| Global Round : 14 | Client :5 | Local Epoch : 1 | [64/627 (11%)]	Loss1: 5.841062 Loss2: 0.000025 
| Global Round : 14 | Client :5 | Local Epoch : 2 | [64/627 (11%)]	Loss1: 5.840578 Loss2: 0.000025 
| Global Round : 14 | Client :5 | Local Epoch : 3 | [64/627 (11%)]	Loss1: 5.842044 Loss2: 0.000025 
| Global Round : 14 | Client :5 | Local Epoch : 4 | [64/627 (11%)]	Loss1: 5.842124 Loss2: 0.000026 
| Global Round : 14 | Client :6 | Local Epoch : 0 | [64/571 (12%)]	Loss1: 5.842239 Loss2: 0.000021 
| Global Round : 14 | Client :6 | Local Epoch : 1 | [64/571 (12%)]	Loss1: 5.843180 Loss2: 0.000021 
| Global Round : 14 | Client :6 | Local Epoch : 2 | [64/571 (12%)]	Loss1: 5.843568 Loss2: 0.000020 
| Global Round : 14 | Client :6 | Local Epoch : 3 | [64/571 (12%)]	Loss1: 5.843094 Loss2: 0.000023 
| Global Round : 14 | Client :6 | Local Epoch : 4 | [64/571 (12%)]	Loss1: 5.840932 Loss2: 0.000020 
| Global Round : 14 | Client :7 | Local Epoch : 0 | [64/665 (10%)]	Loss1: 5.841419 Loss2: 0.000021 
| Global Round : 14 | Client :7 | Local Epoch : 1 | [64/665 (10%)]	Loss1: 5.843449 Loss2: 0.000018 
| Global Round : 14 | Client :7 | Local Epoch : 2 | [64/665 (10%)]	Loss1: 5.840595 Loss2: 0.000022 
| Global Round : 14 | Client :7 | Local Epoch : 3 | [64/665 (10%)]	Loss1: 5.841913 Loss2: 0.000022 
| Global Round : 14 | Client :7 | Local Epoch : 4 | [64/665 (10%)]	Loss1: 5.843326 Loss2: 0.000018 
| Global Round : 14 | Client :8 | Local Epoch : 0 | [64/561 (12%)]	Loss1: 5.842693 Loss2: 0.000026 
| Global Round : 14 | Client :8 | Local Epoch : 1 | [64/561 (12%)]	Loss1: 5.844187 Loss2: 0.000030 
| Global Round : 14 | Client :8 | Local Epoch : 2 | [64/561 (12%)]	Loss1: 5.845394 Loss2: 0.000026 
| Global Round : 14 | Client :8 | Local Epoch : 3 | [64/561 (12%)]	Loss1: 5.842627 Loss2: 0.000021 
| Global Round : 14 | Client :8 | Local Epoch : 4 | [64/561 (12%)]	Loss1: 5.843465 Loss2: 0.000026 
| Global Round : 14 | Client :9 | Local Epoch : 0 | [64/811 (8%)]	Loss1: 5.842221 Loss2: 0.000023 
| Global Round : 14 | Client :9 | Local Epoch : 0 | [704/811 (92%)]	Loss1: 5.842319 Loss2: 0.000022 
| Global Round : 14 | Client :9 | Local Epoch : 1 | [64/811 (8%)]	Loss1: 5.842509 Loss2: 0.000021 
| Global Round : 14 | Client :9 | Local Epoch : 1 | [704/811 (92%)]	Loss1: 5.841165 Loss2: 0.000028 
| Global Round : 14 | Client :9 | Local Epoch : 2 | [64/811 (8%)]	Loss1: 5.841131 Loss2: 0.000025 
| Global Round : 14 | Client :9 | Local Epoch : 2 | [704/811 (92%)]	Loss1: 5.842266 Loss2: 0.000020 
| Global Round : 14 | Client :9 | Local Epoch : 3 | [64/811 (8%)]	Loss1: 5.841423 Loss2: 0.000020 
| Global Round : 14 | Client :9 | Local Epoch : 3 | [704/811 (92%)]	Loss1: 5.841412 Loss2: 0.000020 
| Global Round : 14 | Client :9 | Local Epoch : 4 | [64/811 (8%)]	Loss1: 5.840091 Loss2: 0.000021 
| Global Round : 14 | Client :9 | Local Epoch : 4 | [704/811 (92%)]	Loss1: 5.841096 Loss2: 0.000025 
average loss:   5.840744274968193
average local test accuracy: 0.8540364583333332
average global test accuracy:  0.55546875

 | Global Training Round : 15 |

xi_k [0.49069617 0.4806631  0.51413935 0.50753362 0.46928489 0.48958778
 0.47787516 0.51289273 0.48647445 0.5045673 ]
max_exp: -1.0
coe: 10
Regulation [0.8 0.8 0.8 0.8 0.8 0.8 0.8 0.8 0.8 0.8]
Solver status: optimal_inaccurate
b_new: [1. 1. 1. 1. 1. 1. 1. 1. 1. 1.]
Iter 0: obj=48.9371, best_obj=48.9371, ||b_new-b_prev||₂=2.846050
xi_k [0.49069617 0.4806631  0.51413935 0.50753362 0.46928489 0.48958778
 0.47787516 0.51289273 0.48647445 0.5045673 ]
max_exp: -1.0
coe: 10
Regulation [-1. -1. -1. -1. -1. -1. -1. -1. -1. -1.]
Solver status: optimal_inaccurate
b_new: [1. 1. 1. 1. 1. 1. 1. 1. 1. 1.]
Iter 1: obj=49.8371, best_obj=49.8371, ||b_new-b_prev||₂=0.000000
Converged.
Final b: [1. 1. 1. 1. 1. 1. 1. 1. 1. 1.]
<class 'numpy.ndarray'>
b_float: [1. 1. 1. 1. 1. 1. 1. 1. 1. 1.]
b: [1 1 1 1 1 1 1 1 1 1]
active_clients:  [0, 1, 2, 3, 4, 5, 6, 7, 8, 9]
Client 0's s_k are:[0 1 1 1 1 1 1 1 1 1]
Client 1's s_k are:[1 0 1 1 1 1 1 1 1 1]
Client 2's s_k are:[1 1 0 1 1 1 1 1 1 1]
Client 3's s_k are:[1 1 1 0 1 1 1 1 1 1]
Client 4's s_k are:[1 1 1 1 0 1 1 1 1 1]
Client 5's s_k are:[1 1 1 1 1 0 1 1 1 1]
Client 6's s_k are:[1 1 1 1 1 1 0 1 1 1]
Client 7's s_k are:[1 1 1 1 1 1 1 0 1 1]
Client 8's s_k are:[1 1 1 1 1 1 1 1 0 1]
Client 9's s_k are:[1 1 1 1 1 1 1 1 1 0]
| Global Round : 15 | Client :0 | Local Epoch : 0 | [64/626 (11%)]	Loss1: 5.844632 Loss2: 0.000027 
| Global Round : 15 | Client :0 | Local Epoch : 1 | [64/626 (11%)]	Loss1: 5.845192 Loss2: 0.000022 
| Global Round : 15 | Client :0 | Local Epoch : 2 | [64/626 (11%)]	Loss1: 5.846434 Loss2: 0.000025 
| Global Round : 15 | Client :0 | Local Epoch : 3 | [64/626 (11%)]	Loss1: 5.844155 Loss2: 0.000025 
| Global Round : 15 | Client :0 | Local Epoch : 4 | [64/626 (11%)]	Loss1: 5.845380 Loss2: 0.000024 
| Global Round : 15 | Client :1 | Local Epoch : 0 | [64/497 (14%)]	Loss1: 5.843807 Loss2: 0.000033 
| Global Round : 15 | Client :1 | Local Epoch : 1 | [64/497 (14%)]	Loss1: 5.843579 Loss2: 0.000032 
| Global Round : 15 | Client :1 | Local Epoch : 2 | [64/497 (14%)]	Loss1: 5.845171 Loss2: 0.000027 
| Global Round : 15 | Client :1 | Local Epoch : 3 | [64/497 (14%)]	Loss1: 5.845639 Loss2: 0.000032 
| Global Round : 15 | Client :1 | Local Epoch : 4 | [64/497 (14%)]	Loss1: 5.843532 Loss2: 0.000032 
| Global Round : 15 | Client :2 | Local Epoch : 0 | [64/597 (11%)]	Loss1: 5.842833 Loss2: 0.000022 
| Global Round : 15 | Client :2 | Local Epoch : 1 | [64/597 (11%)]	Loss1: 5.843668 Loss2: 0.000019 
| Global Round : 15 | Client :2 | Local Epoch : 2 | [64/597 (11%)]	Loss1: 5.841696 Loss2: 0.000024 
| Global Round : 15 | Client :2 | Local Epoch : 3 | [64/597 (11%)]	Loss1: 5.841386 Loss2: 0.000019 
| Global Round : 15 | Client :2 | Local Epoch : 4 | [64/597 (11%)]	Loss1: 5.842858 Loss2: 0.000020 
| Global Round : 15 | Client :3 | Local Epoch : 0 | [64/605 (11%)]	Loss1: 5.842291 Loss2: 0.000024 
| Global Round : 15 | Client :3 | Local Epoch : 1 | [64/605 (11%)]	Loss1: 5.843870 Loss2: 0.000019 
| Global Round : 15 | Client :3 | Local Epoch : 2 | [64/605 (11%)]	Loss1: 5.843639 Loss2: 0.000020 
| Global Round : 15 | Client :3 | Local Epoch : 3 | [64/605 (11%)]	Loss1: 5.843661 Loss2: 0.000021 
| Global Round : 15 | Client :3 | Local Epoch : 4 | [64/605 (11%)]	Loss1: 5.843369 Loss2: 0.000023 
| Global Round : 15 | Client :4 | Local Epoch : 0 | [64/436 (17%)]	Loss1: 5.840399 Loss2: 0.000039 
| Global Round : 15 | Client :4 | Local Epoch : 1 | [64/436 (17%)]	Loss1: 5.841697 Loss2: 0.000044 
| Global Round : 15 | Client :4 | Local Epoch : 2 | [64/436 (17%)]	Loss1: 5.841530 Loss2: 0.000042 
| Global Round : 15 | Client :4 | Local Epoch : 3 | [64/436 (17%)]	Loss1: 5.840446 Loss2: 0.000041 
| Global Round : 15 | Client :4 | Local Epoch : 4 | [64/436 (17%)]	Loss1: 5.842138 Loss2: 0.000035 
| Global Round : 15 | Client :5 | Local Epoch : 0 | [64/627 (11%)]	Loss1: 5.841383 Loss2: 0.000026 
| Global Round : 15 | Client :5 | Local Epoch : 1 | [64/627 (11%)]	Loss1: 5.843080 Loss2: 0.000027 
| Global Round : 15 | Client :5 | Local Epoch : 2 | [64/627 (11%)]	Loss1: 5.842621 Loss2: 0.000027 
| Global Round : 15 | Client :5 | Local Epoch : 3 | [64/627 (11%)]	Loss1: 5.842427 Loss2: 0.000025 
| Global Round : 15 | Client :5 | Local Epoch : 4 | [64/627 (11%)]	Loss1: 5.842098 Loss2: 0.000025 
| Global Round : 15 | Client :6 | Local Epoch : 0 | [64/571 (12%)]	Loss1: 5.842515 Loss2: 0.000021 
| Global Round : 15 | Client :6 | Local Epoch : 1 | [64/571 (12%)]	Loss1: 5.842724 Loss2: 0.000021 
| Global Round : 15 | Client :6 | Local Epoch : 2 | [64/571 (12%)]	Loss1: 5.842260 Loss2: 0.000021 
| Global Round : 15 | Client :6 | Local Epoch : 3 | [64/571 (12%)]	Loss1: 5.843862 Loss2: 0.000018 
| Global Round : 15 | Client :6 | Local Epoch : 4 | [64/571 (12%)]	Loss1: 5.841246 Loss2: 0.000022 
| Global Round : 15 | Client :7 | Local Epoch : 0 | [64/665 (10%)]	Loss1: 5.841194 Loss2: 0.000021 
| Global Round : 15 | Client :7 | Local Epoch : 1 | [64/665 (10%)]	Loss1: 5.841896 Loss2: 0.000024 
| Global Round : 15 | Client :7 | Local Epoch : 2 | [64/665 (10%)]	Loss1: 5.841316 Loss2: 0.000020 
| Global Round : 15 | Client :7 | Local Epoch : 3 | [64/665 (10%)]	Loss1: 5.841309 Loss2: 0.000020 
| Global Round : 15 | Client :7 | Local Epoch : 4 | [64/665 (10%)]	Loss1: 5.841893 Loss2: 0.000022 
| Global Round : 15 | Client :8 | Local Epoch : 0 | [64/561 (12%)]	Loss1: 5.841567 Loss2: 0.000026 
| Global Round : 15 | Client :8 | Local Epoch : 1 | [64/561 (12%)]	Loss1: 5.842991 Loss2: 0.000024 
| Global Round : 15 | Client :8 | Local Epoch : 2 | [64/561 (12%)]	Loss1: 5.843452 Loss2: 0.000030 
| Global Round : 15 | Client :8 | Local Epoch : 3 | [64/561 (12%)]	Loss1: 5.845041 Loss2: 0.000022 
| Global Round : 15 | Client :8 | Local Epoch : 4 | [64/561 (12%)]	Loss1: 5.843722 Loss2: 0.000028 
| Global Round : 15 | Client :9 | Local Epoch : 0 | [64/811 (8%)]	Loss1: 5.841893 Loss2: 0.000023 
| Global Round : 15 | Client :9 | Local Epoch : 0 | [704/811 (92%)]	Loss1: 5.841869 Loss2: 0.000019 
| Global Round : 15 | Client :9 | Local Epoch : 1 | [64/811 (8%)]	Loss1: 5.841642 Loss2: 0.000022 
| Global Round : 15 | Client :9 | Local Epoch : 1 | [704/811 (92%)]	Loss1: 5.841550 Loss2: 0.000027 
| Global Round : 15 | Client :9 | Local Epoch : 2 | [64/811 (8%)]	Loss1: 5.841734 Loss2: 0.000023 
| Global Round : 15 | Client :9 | Local Epoch : 2 | [704/811 (92%)]	Loss1: 5.839872 Loss2: 0.000027 
| Global Round : 15 | Client :9 | Local Epoch : 3 | [64/811 (8%)]	Loss1: 5.841815 Loss2: 0.000021 
| Global Round : 15 | Client :9 | Local Epoch : 3 | [704/811 (92%)]	Loss1: 5.841311 Loss2: 0.000024 
| Global Round : 15 | Client :9 | Local Epoch : 4 | [64/811 (8%)]	Loss1: 5.841432 Loss2: 0.000024 
| Global Round : 15 | Client :9 | Local Epoch : 4 | [704/811 (92%)]	Loss1: 5.841620 Loss2: 0.000027 
average loss:   5.840563836022029
average local test accuracy: 0.8541666666666667
average global test accuracy:  0.513671875

 | Global Training Round : 16 |

xi_k [0.4906857  0.48070239 0.51410706 0.50752212 0.46926881 0.48952315
 0.47783315 0.51288569 0.48647631 0.50457441]
max_exp: -1.0
coe: 10
Regulation [0.8 0.8 0.8 0.8 0.8 0.8 0.8 0.8 0.8 0.8]
Solver status: optimal_inaccurate
b_new: [1. 1. 1. 1. 1. 1. 1. 1. 1. 1.]
Iter 0: obj=48.9358, best_obj=48.9358, ||b_new-b_prev||₂=2.846050
xi_k [0.4906857  0.48070239 0.51410706 0.50752212 0.46926881 0.48952315
 0.47783315 0.51288569 0.48647631 0.50457441]
max_exp: -1.0
coe: 10
Regulation [-1. -1. -1. -1. -1. -1. -1. -1. -1. -1.]
Solver status: optimal_inaccurate
b_new: [1. 1. 1. 1. 1. 1. 1. 1. 1. 1.]
Iter 1: obj=49.8358, best_obj=49.8358, ||b_new-b_prev||₂=0.000000
Converged.
Final b: [1. 1. 1. 1. 1. 1. 1. 1. 1. 1.]
<class 'numpy.ndarray'>
b_float: [1. 1. 1. 1. 1. 1. 1. 1. 1. 1.]
b: [1 1 1 1 1 1 1 1 1 1]
active_clients:  [0, 1, 2, 3, 4, 5, 6, 7, 8, 9]
Client 0's s_k are:[0 1 1 1 1 1 1 1 1 1]
Client 1's s_k are:[1 0 1 1 1 1 1 1 1 1]
Client 2's s_k are:[1 1 0 1 1 1 1 1 1 1]
Client 3's s_k are:[1 1 1 0 1 1 1 1 1 1]
Client 4's s_k are:[1 1 1 1 0 1 1 1 1 1]
Client 5's s_k are:[1 1 1 1 1 0 1 1 1 1]
Client 6's s_k are:[1 1 1 1 1 1 0 1 1 1]
Client 7's s_k are:[1 1 1 1 1 1 1 0 1 1]
Client 8's s_k are:[1 1 1 1 1 1 1 1 0 1]
Client 9's s_k are:[1 1 1 1 1 1 1 1 1 0]
| Global Round : 16 | Client :0 | Local Epoch : 0 | [64/626 (11%)]	Loss1: 5.844764 Loss2: 0.000026 
| Global Round : 16 | Client :0 | Local Epoch : 1 | [64/626 (11%)]	Loss1: 5.842434 Loss2: 0.000026 
| Global Round : 16 | Client :0 | Local Epoch : 2 | [64/626 (11%)]	Loss1: 5.843543 Loss2: 0.000028 
| Global Round : 16 | Client :0 | Local Epoch : 3 | [64/626 (11%)]	Loss1: 5.846391 Loss2: 0.000028 
| Global Round : 16 | Client :0 | Local Epoch : 4 | [64/626 (11%)]	Loss1: 5.844375 Loss2: 0.000025 
| Global Round : 16 | Client :1 | Local Epoch : 0 | [64/497 (14%)]	Loss1: 5.843082 Loss2: 0.000032 
| Global Round : 16 | Client :1 | Local Epoch : 1 | [64/497 (14%)]	Loss1: 5.843811 Loss2: 0.000038 
| Global Round : 16 | Client :1 | Local Epoch : 2 | [64/497 (14%)]	Loss1: 5.845486 Loss2: 0.000033 
| Global Round : 16 | Client :1 | Local Epoch : 3 | [64/497 (14%)]	Loss1: 5.842377 Loss2: 0.000035 
| Global Round : 16 | Client :1 | Local Epoch : 4 | [64/497 (14%)]	Loss1: 5.843807 Loss2: 0.000029 
| Global Round : 16 | Client :2 | Local Epoch : 0 | [64/597 (11%)]	Loss1: 5.843048 Loss2: 0.000022 
| Global Round : 16 | Client :2 | Local Epoch : 1 | [64/597 (11%)]	Loss1: 5.843536 Loss2: 0.000023 
| Global Round : 16 | Client :2 | Local Epoch : 2 | [64/597 (11%)]	Loss1: 5.840981 Loss2: 0.000024 
| Global Round : 16 | Client :2 | Local Epoch : 3 | [64/597 (11%)]	Loss1: 5.841565 Loss2: 0.000023 
| Global Round : 16 | Client :2 | Local Epoch : 4 | [64/597 (11%)]	Loss1: 5.843145 Loss2: 0.000030 
| Global Round : 16 | Client :3 | Local Epoch : 0 | [64/605 (11%)]	Loss1: 5.845290 Loss2: 0.000022 
| Global Round : 16 | Client :3 | Local Epoch : 1 | [64/605 (11%)]	Loss1: 5.843966 Loss2: 0.000023 
| Global Round : 16 | Client :3 | Local Epoch : 2 | [64/605 (11%)]	Loss1: 5.842943 Loss2: 0.000019 
| Global Round : 16 | Client :3 | Local Epoch : 3 | [64/605 (11%)]	Loss1: 5.843206 Loss2: 0.000020 
| Global Round : 16 | Client :3 | Local Epoch : 4 | [64/605 (11%)]	Loss1: 5.844053 Loss2: 0.000020 
| Global Round : 16 | Client :4 | Local Epoch : 0 | [64/436 (17%)]	Loss1: 5.841996 Loss2: 0.000040 
| Global Round : 16 | Client :4 | Local Epoch : 1 | [64/436 (17%)]	Loss1: 5.841228 Loss2: 0.000048 
| Global Round : 16 | Client :4 | Local Epoch : 2 | [64/436 (17%)]	Loss1: 5.840930 Loss2: 0.000035 
| Global Round : 16 | Client :4 | Local Epoch : 3 | [64/436 (17%)]	Loss1: 5.841236 Loss2: 0.000037 
| Global Round : 16 | Client :4 | Local Epoch : 4 | [64/436 (17%)]	Loss1: 5.840909 Loss2: 0.000040 
| Global Round : 16 | Client :5 | Local Epoch : 0 | [64/627 (11%)]	Loss1: 5.842062 Loss2: 0.000028 
| Global Round : 16 | Client :5 | Local Epoch : 1 | [64/627 (11%)]	Loss1: 5.842896 Loss2: 0.000029 
| Global Round : 16 | Client :5 | Local Epoch : 2 | [64/627 (11%)]	Loss1: 5.841924 Loss2: 0.000029 
| Global Round : 16 | Client :5 | Local Epoch : 3 | [64/627 (11%)]	Loss1: 5.842182 Loss2: 0.000027 
| Global Round : 16 | Client :5 | Local Epoch : 4 | [64/627 (11%)]	Loss1: 5.840677 Loss2: 0.000029 
| Global Round : 16 | Client :6 | Local Epoch : 0 | [64/571 (12%)]	Loss1: 5.842900 Loss2: 0.000020 
| Global Round : 16 | Client :6 | Local Epoch : 1 | [64/571 (12%)]	Loss1: 5.840730 Loss2: 0.000018 
| Global Round : 16 | Client :6 | Local Epoch : 2 | [64/571 (12%)]	Loss1: 5.841026 Loss2: 0.000020 
| Global Round : 16 | Client :6 | Local Epoch : 3 | [64/571 (12%)]	Loss1: 5.841656 Loss2: 0.000022 
| Global Round : 16 | Client :6 | Local Epoch : 4 | [64/571 (12%)]	Loss1: 5.841781 Loss2: 0.000019 
| Global Round : 16 | Client :7 | Local Epoch : 0 | [64/665 (10%)]	Loss1: 5.843069 Loss2: 0.000019 
| Global Round : 16 | Client :7 | Local Epoch : 1 | [64/665 (10%)]	Loss1: 5.841052 Loss2: 0.000022 
| Global Round : 16 | Client :7 | Local Epoch : 2 | [64/665 (10%)]	Loss1: 5.842734 Loss2: 0.000021 
| Global Round : 16 | Client :7 | Local Epoch : 3 | [64/665 (10%)]	Loss1: 5.841842 Loss2: 0.000024 
| Global Round : 16 | Client :7 | Local Epoch : 4 | [64/665 (10%)]	Loss1: 5.842563 Loss2: 0.000019 
| Global Round : 16 | Client :8 | Local Epoch : 0 | [64/561 (12%)]	Loss1: 5.842689 Loss2: 0.000028 
| Global Round : 16 | Client :8 | Local Epoch : 1 | [64/561 (12%)]	Loss1: 5.842647 Loss2: 0.000027 
| Global Round : 16 | Client :8 | Local Epoch : 2 | [64/561 (12%)]	Loss1: 5.841550 Loss2: 0.000026 
| Global Round : 16 | Client :8 | Local Epoch : 3 | [64/561 (12%)]	Loss1: 5.843305 Loss2: 0.000022 
| Global Round : 16 | Client :8 | Local Epoch : 4 | [64/561 (12%)]	Loss1: 5.841867 Loss2: 0.000024 
| Global Round : 16 | Client :9 | Local Epoch : 0 | [64/811 (8%)]	Loss1: 5.841236 Loss2: 0.000022 
| Global Round : 16 | Client :9 | Local Epoch : 0 | [704/811 (92%)]	Loss1: 5.841738 Loss2: 0.000024 
| Global Round : 16 | Client :9 | Local Epoch : 1 | [64/811 (8%)]	Loss1: 5.841074 Loss2: 0.000023 
| Global Round : 16 | Client :9 | Local Epoch : 1 | [704/811 (92%)]	Loss1: 5.840978 Loss2: 0.000026 
| Global Round : 16 | Client :9 | Local Epoch : 2 | [64/811 (8%)]	Loss1: 5.841964 Loss2: 0.000023 
| Global Round : 16 | Client :9 | Local Epoch : 2 | [704/811 (92%)]	Loss1: 5.841287 Loss2: 0.000020 
| Global Round : 16 | Client :9 | Local Epoch : 3 | [64/811 (8%)]	Loss1: 5.840492 Loss2: 0.000028 
| Global Round : 16 | Client :9 | Local Epoch : 3 | [704/811 (92%)]	Loss1: 5.841079 Loss2: 0.000027 
| Global Round : 16 | Client :9 | Local Epoch : 4 | [64/811 (8%)]	Loss1: 5.841543 Loss2: 0.000025 
| Global Round : 16 | Client :9 | Local Epoch : 4 | [704/811 (92%)]	Loss1: 5.842439 Loss2: 0.000023 
average loss:   5.840405161021248
average local test accuracy: 0.8553385416666668
average global test accuracy:  0.5247395833333333

 | Global Training Round : 17 |

xi_k [0.49065185 0.48060025 0.51409074 0.50742816 0.46928153 0.48949934
 0.47775345 0.51280989 0.48645482 0.50453661]
max_exp: -1.0
coe: 10
Regulation [0.8 0.8 0.8 0.8 0.8 0.8 0.8 0.8 0.8 0.8]
Solver status: optimal_inaccurate
b_new: [1. 1. 1. 1. 1. 1. 1. 1. 1. 1.]
Iter 0: obj=48.9311, best_obj=48.9311, ||b_new-b_prev||₂=2.846050
xi_k [0.49065185 0.48060025 0.51409074 0.50742816 0.46928153 0.48949934
 0.47775345 0.51280989 0.48645482 0.50453661]
max_exp: -1.0
coe: 10
Regulation [-1. -1. -1. -1. -1. -1. -1. -1. -1. -1.]
Solver status: optimal_inaccurate
b_new: [1. 1. 1. 1. 1. 1. 1. 1. 1. 1.]
Iter 1: obj=49.8311, best_obj=49.8311, ||b_new-b_prev||₂=0.000000
Converged.
Final b: [1. 1. 1. 1. 1. 1. 1. 1. 1. 1.]
<class 'numpy.ndarray'>
b_float: [1. 1. 1. 1. 1. 1. 1. 1. 1. 1.]
b: [1 1 1 1 1 1 1 1 1 1]
active_clients:  [0, 1, 2, 3, 4, 5, 6, 7, 8, 9]
Client 0's s_k are:[0 1 1 1 1 1 1 1 1 1]
Client 1's s_k are:[1 0 1 1 1 1 1 1 1 1]
Client 2's s_k are:[1 1 0 1 1 1 1 1 1 1]
Client 3's s_k are:[1 1 1 0 1 1 1 1 1 1]
Client 4's s_k are:[1 1 1 1 0 1 1 1 1 1]
Client 5's s_k are:[1 1 1 1 1 0 1 1 1 1]
Client 6's s_k are:[1 1 1 1 1 1 0 1 1 1]
Client 7's s_k are:[1 1 1 1 1 1 1 0 1 1]
Client 8's s_k are:[1 1 1 1 1 1 1 1 0 1]
Client 9's s_k are:[1 1 1 1 1 1 1 1 1 0]
| Global Round : 17 | Client :0 | Local Epoch : 0 | [64/626 (11%)]	Loss1: 5.847950 Loss2: 0.000027 
| Global Round : 17 | Client :0 | Local Epoch : 1 | [64/626 (11%)]	Loss1: 5.844955 Loss2: 0.000023 
| Global Round : 17 | Client :0 | Local Epoch : 2 | [64/626 (11%)]	Loss1: 5.843932 Loss2: 0.000028 
| Global Round : 17 | Client :0 | Local Epoch : 3 | [64/626 (11%)]	Loss1: 5.844720 Loss2: 0.000029 
| Global Round : 17 | Client :0 | Local Epoch : 4 | [64/626 (11%)]	Loss1: 5.844523 Loss2: 0.000022 
| Global Round : 17 | Client :1 | Local Epoch : 0 | [64/497 (14%)]	Loss1: 5.844173 Loss2: 0.000031 
| Global Round : 17 | Client :1 | Local Epoch : 1 | [64/497 (14%)]	Loss1: 5.843874 Loss2: 0.000031 
| Global Round : 17 | Client :1 | Local Epoch : 2 | [64/497 (14%)]	Loss1: 5.844483 Loss2: 0.000032 
| Global Round : 17 | Client :1 | Local Epoch : 3 | [64/497 (14%)]	Loss1: 5.845153 Loss2: 0.000034 
| Global Round : 17 | Client :1 | Local Epoch : 4 | [64/497 (14%)]	Loss1: 5.844085 Loss2: 0.000031 
| Global Round : 17 | Client :2 | Local Epoch : 0 | [64/597 (11%)]	Loss1: 5.841594 Loss2: 0.000022 
| Global Round : 17 | Client :2 | Local Epoch : 1 | [64/597 (11%)]	Loss1: 5.842928 Loss2: 0.000023 
| Global Round : 17 | Client :2 | Local Epoch : 2 | [64/597 (11%)]	Loss1: 5.841748 Loss2: 0.000022 
| Global Round : 17 | Client :2 | Local Epoch : 3 | [64/597 (11%)]	Loss1: 5.841388 Loss2: 0.000022 
| Global Round : 17 | Client :2 | Local Epoch : 4 | [64/597 (11%)]	Loss1: 5.840609 Loss2: 0.000020 
| Global Round : 17 | Client :3 | Local Epoch : 0 | [64/605 (11%)]	Loss1: 5.843591 Loss2: 0.000024 
| Global Round : 17 | Client :3 | Local Epoch : 1 | [64/605 (11%)]	Loss1: 5.843840 Loss2: 0.000023 
| Global Round : 17 | Client :3 | Local Epoch : 2 | [64/605 (11%)]	Loss1: 5.843042 Loss2: 0.000022 
| Global Round : 17 | Client :3 | Local Epoch : 3 | [64/605 (11%)]	Loss1: 5.842206 Loss2: 0.000022 
| Global Round : 17 | Client :3 | Local Epoch : 4 | [64/605 (11%)]	Loss1: 5.844728 Loss2: 0.000023 
| Global Round : 17 | Client :4 | Local Epoch : 0 | [64/436 (17%)]	Loss1: 5.841268 Loss2: 0.000039 
| Global Round : 17 | Client :4 | Local Epoch : 1 | [64/436 (17%)]	Loss1: 5.841686 Loss2: 0.000037 
| Global Round : 17 | Client :4 | Local Epoch : 2 | [64/436 (17%)]	Loss1: 5.841249 Loss2: 0.000039 
| Global Round : 17 | Client :4 | Local Epoch : 3 | [64/436 (17%)]	Loss1: 5.840310 Loss2: 0.000038 
| Global Round : 17 | Client :4 | Local Epoch : 4 | [64/436 (17%)]	Loss1: 5.840950 Loss2: 0.000040 
| Global Round : 17 | Client :5 | Local Epoch : 0 | [64/627 (11%)]	Loss1: 5.841877 Loss2: 0.000029 
| Global Round : 17 | Client :5 | Local Epoch : 1 | [64/627 (11%)]	Loss1: 5.841133 Loss2: 0.000024 
| Global Round : 17 | Client :5 | Local Epoch : 2 | [64/627 (11%)]	Loss1: 5.841355 Loss2: 0.000028 
| Global Round : 17 | Client :5 | Local Epoch : 3 | [64/627 (11%)]	Loss1: 5.841647 Loss2: 0.000025 
| Global Round : 17 | Client :5 | Local Epoch : 4 | [64/627 (11%)]	Loss1: 5.842596 Loss2: 0.000026 
| Global Round : 17 | Client :6 | Local Epoch : 0 | [64/571 (12%)]	Loss1: 5.841759 Loss2: 0.000021 
| Global Round : 17 | Client :6 | Local Epoch : 1 | [64/571 (12%)]	Loss1: 5.842104 Loss2: 0.000020 
| Global Round : 17 | Client :6 | Local Epoch : 2 | [64/571 (12%)]	Loss1: 5.842589 Loss2: 0.000021 
| Global Round : 17 | Client :6 | Local Epoch : 3 | [64/571 (12%)]	Loss1: 5.841268 Loss2: 0.000021 
| Global Round : 17 | Client :6 | Local Epoch : 4 | [64/571 (12%)]	Loss1: 5.841467 Loss2: 0.000020 
| Global Round : 17 | Client :7 | Local Epoch : 0 | [64/665 (10%)]	Loss1: 5.842053 Loss2: 0.000022 
| Global Round : 17 | Client :7 | Local Epoch : 1 | [64/665 (10%)]	Loss1: 5.843417 Loss2: 0.000018 
| Global Round : 17 | Client :7 | Local Epoch : 2 | [64/665 (10%)]	Loss1: 5.841569 Loss2: 0.000023 
| Global Round : 17 | Client :7 | Local Epoch : 3 | [64/665 (10%)]	Loss1: 5.841715 Loss2: 0.000021 
| Global Round : 17 | Client :7 | Local Epoch : 4 | [64/665 (10%)]	Loss1: 5.842677 Loss2: 0.000020 
| Global Round : 17 | Client :8 | Local Epoch : 0 | [64/561 (12%)]	Loss1: 5.843994 Loss2: 0.000023 
| Global Round : 17 | Client :8 | Local Epoch : 1 | [64/561 (12%)]	Loss1: 5.842292 Loss2: 0.000026 
| Global Round : 17 | Client :8 | Local Epoch : 2 | [64/561 (12%)]	Loss1: 5.842861 Loss2: 0.000025 
| Global Round : 17 | Client :8 | Local Epoch : 3 | [64/561 (12%)]	Loss1: 5.843287 Loss2: 0.000023 
| Global Round : 17 | Client :8 | Local Epoch : 4 | [64/561 (12%)]	Loss1: 5.841466 Loss2: 0.000026 
| Global Round : 17 | Client :9 | Local Epoch : 0 | [64/811 (8%)]	Loss1: 5.839611 Loss2: 0.000023 
| Global Round : 17 | Client :9 | Local Epoch : 0 | [704/811 (92%)]	Loss1: 5.842101 Loss2: 0.000028 
| Global Round : 17 | Client :9 | Local Epoch : 1 | [64/811 (8%)]	Loss1: 5.842052 Loss2: 0.000022 
| Global Round : 17 | Client :9 | Local Epoch : 1 | [704/811 (92%)]	Loss1: 5.841653 Loss2: 0.000024 
| Global Round : 17 | Client :9 | Local Epoch : 2 | [64/811 (8%)]	Loss1: 5.841505 Loss2: 0.000022 
| Global Round : 17 | Client :9 | Local Epoch : 2 | [704/811 (92%)]	Loss1: 5.841367 Loss2: 0.000025 
| Global Round : 17 | Client :9 | Local Epoch : 3 | [64/811 (8%)]	Loss1: 5.840876 Loss2: 0.000019 
| Global Round : 17 | Client :9 | Local Epoch : 3 | [704/811 (92%)]	Loss1: 5.840951 Loss2: 0.000026 
| Global Round : 17 | Client :9 | Local Epoch : 4 | [64/811 (8%)]	Loss1: 5.841462 Loss2: 0.000024 
| Global Round : 17 | Client :9 | Local Epoch : 4 | [704/811 (92%)]	Loss1: 5.840993 Loss2: 0.000026 
average loss:   5.84030850380186
average local test accuracy: 0.8522135416666666
average global test accuracy:  0.5375000000000001

 | Global Training Round : 18 |

xi_k [0.49053671 0.48054039 0.51406651 0.50742853 0.46927267 0.48949603
 0.47779912 0.51285087 0.48636049 0.5045018 ]
max_exp: -1.0
coe: 10
Regulation [0.8 0.8 0.8 0.8 0.8 0.8 0.8 0.8 0.8 0.8]
Solver status: optimal_inaccurate
b_new: [1. 1. 1. 1. 1. 1. 1. 1. 1. 1.]
Iter 0: obj=48.9285, best_obj=48.9285, ||b_new-b_prev||₂=2.846050
xi_k [0.49053671 0.48054039 0.51406651 0.50742853 0.46927267 0.48949603
 0.47779912 0.51285087 0.48636049 0.5045018 ]
max_exp: -1.0
coe: 10
Regulation [-1. -1. -1. -1. -1. -1. -1. -1. -1. -1.]
Solver status: optimal_inaccurate
b_new: [1. 1. 1. 1. 1. 1. 1. 1. 1. 1.]
Iter 1: obj=49.8285, best_obj=49.8285, ||b_new-b_prev||₂=0.000000
Converged.
Final b: [1. 1. 1. 1. 1. 1. 1. 1. 1. 1.]
<class 'numpy.ndarray'>
b_float: [1. 1. 1. 1. 1. 1. 1. 1. 1. 1.]
b: [1 1 1 1 1 1 1 1 1 1]
active_clients:  [0, 1, 2, 3, 4, 5, 6, 7, 8, 9]
Client 0's s_k are:[0 1 1 1 1 1 1 1 1 1]
Client 1's s_k are:[1 0 1 1 1 1 1 1 1 1]
Client 2's s_k are:[1 1 0 1 1 1 1 1 1 1]
Client 3's s_k are:[1 1 1 0 1 1 1 1 1 1]
Client 4's s_k are:[1 1 1 1 0 1 1 1 1 1]
Client 5's s_k are:[1 1 1 1 1 0 1 1 1 1]
Client 6's s_k are:[1 1 1 1 1 1 0 1 1 1]
Client 7's s_k are:[1 1 1 1 1 1 1 0 1 1]
Client 8's s_k are:[1 1 1 1 1 1 1 1 0 1]
Client 9's s_k are:[1 1 1 1 1 1 1 1 1 0]
| Global Round : 18 | Client :0 | Local Epoch : 0 | [64/626 (11%)]	Loss1: 5.842691 Loss2: 0.000023 
| Global Round : 18 | Client :0 | Local Epoch : 1 | [64/626 (11%)]	Loss1: 5.843587 Loss2: 0.000022 
| Global Round : 18 | Client :0 | Local Epoch : 2 | [64/626 (11%)]	Loss1: 5.844311 Loss2: 0.000031 
| Global Round : 18 | Client :0 | Local Epoch : 3 | [64/626 (11%)]	Loss1: 5.843949 Loss2: 0.000028 
| Global Round : 18 | Client :0 | Local Epoch : 4 | [64/626 (11%)]	Loss1: 5.843978 Loss2: 0.000024 
| Global Round : 18 | Client :1 | Local Epoch : 0 | [64/497 (14%)]	Loss1: 5.843122 Loss2: 0.000033 
| Global Round : 18 | Client :1 | Local Epoch : 1 | [64/497 (14%)]	Loss1: 5.842924 Loss2: 0.000031 
| Global Round : 18 | Client :1 | Local Epoch : 2 | [64/497 (14%)]	Loss1: 5.843913 Loss2: 0.000033 
| Global Round : 18 | Client :1 | Local Epoch : 3 | [64/497 (14%)]	Loss1: 5.844827 Loss2: 0.000031 
| Global Round : 18 | Client :1 | Local Epoch : 4 | [64/497 (14%)]	Loss1: 5.842701 Loss2: 0.000030 
| Global Round : 18 | Client :2 | Local Epoch : 0 | [64/597 (11%)]	Loss1: 5.841388 Loss2: 0.000023 
| Global Round : 18 | Client :2 | Local Epoch : 1 | [64/597 (11%)]	Loss1: 5.841650 Loss2: 0.000025 
| Global Round : 18 | Client :2 | Local Epoch : 2 | [64/597 (11%)]	Loss1: 5.842575 Loss2: 0.000024 
| Global Round : 18 | Client :2 | Local Epoch : 3 | [64/597 (11%)]	Loss1: 5.842030 Loss2: 0.000020 
| Global Round : 18 | Client :2 | Local Epoch : 4 | [64/597 (11%)]	Loss1: 5.842817 Loss2: 0.000018 
| Global Round : 18 | Client :3 | Local Epoch : 0 | [64/605 (11%)]	Loss1: 5.843136 Loss2: 0.000023 
| Global Round : 18 | Client :3 | Local Epoch : 1 | [64/605 (11%)]	Loss1: 5.844551 Loss2: 0.000021 
| Global Round : 18 | Client :3 | Local Epoch : 2 | [64/605 (11%)]	Loss1: 5.842397 Loss2: 0.000023 
| Global Round : 18 | Client :3 | Local Epoch : 3 | [64/605 (11%)]	Loss1: 5.843103 Loss2: 0.000022 
| Global Round : 18 | Client :3 | Local Epoch : 4 | [64/605 (11%)]	Loss1: 5.844438 Loss2: 0.000019 
| Global Round : 18 | Client :4 | Local Epoch : 0 | [64/436 (17%)]	Loss1: 5.841171 Loss2: 0.000040 
| Global Round : 18 | Client :4 | Local Epoch : 1 | [64/436 (17%)]	Loss1: 5.844430 Loss2: 0.000041 
| Global Round : 18 | Client :4 | Local Epoch : 2 | [64/436 (17%)]	Loss1: 5.842224 Loss2: 0.000040 
| Global Round : 18 | Client :4 | Local Epoch : 3 | [64/436 (17%)]	Loss1: 5.841245 Loss2: 0.000038 
| Global Round : 18 | Client :4 | Local Epoch : 4 | [64/436 (17%)]	Loss1: 5.841187 Loss2: 0.000039 
| Global Round : 18 | Client :5 | Local Epoch : 0 | [64/627 (11%)]	Loss1: 5.841579 Loss2: 0.000028 
| Global Round : 18 | Client :5 | Local Epoch : 1 | [64/627 (11%)]	Loss1: 5.841091 Loss2: 0.000027 
| Global Round : 18 | Client :5 | Local Epoch : 2 | [64/627 (11%)]	Loss1: 5.843018 Loss2: 0.000026 
| Global Round : 18 | Client :5 | Local Epoch : 3 | [64/627 (11%)]	Loss1: 5.841325 Loss2: 0.000031 
| Global Round : 18 | Client :5 | Local Epoch : 4 | [64/627 (11%)]	Loss1: 5.841956 Loss2: 0.000028 
| Global Round : 18 | Client :6 | Local Epoch : 0 | [64/571 (12%)]	Loss1: 5.841670 Loss2: 0.000021 
| Global Round : 18 | Client :6 | Local Epoch : 1 | [64/571 (12%)]	Loss1: 5.841113 Loss2: 0.000019 
| Global Round : 18 | Client :6 | Local Epoch : 2 | [64/571 (12%)]	Loss1: 5.842443 Loss2: 0.000023 
| Global Round : 18 | Client :6 | Local Epoch : 3 | [64/571 (12%)]	Loss1: 5.842439 Loss2: 0.000020 
| Global Round : 18 | Client :6 | Local Epoch : 4 | [64/571 (12%)]	Loss1: 5.842237 Loss2: 0.000021 
| Global Round : 18 | Client :7 | Local Epoch : 0 | [64/665 (10%)]	Loss1: 5.842587 Loss2: 0.000023 
| Global Round : 18 | Client :7 | Local Epoch : 1 | [64/665 (10%)]	Loss1: 5.841453 Loss2: 0.000022 
| Global Round : 18 | Client :7 | Local Epoch : 2 | [64/665 (10%)]	Loss1: 5.841627 Loss2: 0.000020 
| Global Round : 18 | Client :7 | Local Epoch : 3 | [64/665 (10%)]	Loss1: 5.842897 Loss2: 0.000025 
| Global Round : 18 | Client :7 | Local Epoch : 4 | [64/665 (10%)]	Loss1: 5.842027 Loss2: 0.000022 
| Global Round : 18 | Client :8 | Local Epoch : 0 | [64/561 (12%)]	Loss1: 5.841013 Loss2: 0.000025 
| Global Round : 18 | Client :8 | Local Epoch : 1 | [64/561 (12%)]	Loss1: 5.843529 Loss2: 0.000026 
| Global Round : 18 | Client :8 | Local Epoch : 2 | [64/561 (12%)]	Loss1: 5.844943 Loss2: 0.000026 
| Global Round : 18 | Client :8 | Local Epoch : 3 | [64/561 (12%)]	Loss1: 5.842079 Loss2: 0.000026 
| Global Round : 18 | Client :8 | Local Epoch : 4 | [64/561 (12%)]	Loss1: 5.843502 Loss2: 0.000024 
| Global Round : 18 | Client :9 | Local Epoch : 0 | [64/811 (8%)]	Loss1: 5.841778 Loss2: 0.000025 
| Global Round : 18 | Client :9 | Local Epoch : 0 | [704/811 (92%)]	Loss1: 5.840505 Loss2: 0.000025 
| Global Round : 18 | Client :9 | Local Epoch : 1 | [64/811 (8%)]	Loss1: 5.840701 Loss2: 0.000023 
| Global Round : 18 | Client :9 | Local Epoch : 1 | [704/811 (92%)]	Loss1: 5.840775 Loss2: 0.000022 
| Global Round : 18 | Client :9 | Local Epoch : 2 | [64/811 (8%)]	Loss1: 5.840479 Loss2: 0.000021 
| Global Round : 18 | Client :9 | Local Epoch : 2 | [704/811 (92%)]	Loss1: 5.840466 Loss2: 0.000023 
| Global Round : 18 | Client :9 | Local Epoch : 3 | [64/811 (8%)]	Loss1: 5.841814 Loss2: 0.000022 
| Global Round : 18 | Client :9 | Local Epoch : 3 | [704/811 (92%)]	Loss1: 5.840474 Loss2: 0.000026 
| Global Round : 18 | Client :9 | Local Epoch : 4 | [64/811 (8%)]	Loss1: 5.839799 Loss2: 0.000026 
| Global Round : 18 | Client :9 | Local Epoch : 4 | [704/811 (92%)]	Loss1: 5.841406 Loss2: 0.000024 
average loss:   5.840136567127137
average local test accuracy: 0.8634114583333334
average global test accuracy:  0.5615885416666667

 | Global Training Round : 19 |

xi_k [0.49054271 0.48056115 0.5140478  0.50736989 0.46925968 0.4895023
 0.47777124 0.51283872 0.48637013 0.50448805]
max_exp: -1.0
coe: 10
Regulation [0.8 0.8 0.8 0.8 0.8 0.8 0.8 0.8 0.8 0.8]
Solver status: optimal_inaccurate
b_new: [1. 1. 1. 1. 1. 1. 1. 1. 1. 1.]
Iter 0: obj=48.9275, best_obj=48.9275, ||b_new-b_prev||₂=2.846050
xi_k [0.49054271 0.48056115 0.5140478  0.50736989 0.46925968 0.4895023
 0.47777124 0.51283872 0.48637013 0.50448805]
max_exp: -1.0
coe: 10
Regulation [-1. -1. -1. -1. -1. -1. -1. -1. -1. -1.]
Solver status: optimal_inaccurate
b_new: [1. 1. 1. 1. 1. 1. 1. 1. 1. 1.]
Iter 1: obj=49.8275, best_obj=49.8275, ||b_new-b_prev||₂=0.000000
Converged.
Final b: [1. 1. 1. 1. 1. 1. 1. 1. 1. 1.]
<class 'numpy.ndarray'>
b_float: [1. 1. 1. 1. 1. 1. 1. 1. 1. 1.]
b: [1 1 1 1 1 1 1 1 1 1]
active_clients:  [0, 1, 2, 3, 4, 5, 6, 7, 8, 9]
Client 0's s_k are:[0 1 1 1 1 1 1 1 1 1]
Client 1's s_k are:[1 0 1 1 1 1 1 1 1 1]
Client 2's s_k are:[1 1 0 1 1 1 1 1 1 1]
Client 3's s_k are:[1 1 1 0 1 1 1 1 1 1]
Client 4's s_k are:[1 1 1 1 0 1 1 1 1 1]
Client 5's s_k are:[1 1 1 1 1 0 1 1 1 1]
Client 6's s_k are:[1 1 1 1 1 1 0 1 1 1]
Client 7's s_k are:[1 1 1 1 1 1 1 0 1 1]
Client 8's s_k are:[1 1 1 1 1 1 1 1 0 1]
Client 9's s_k are:[1 1 1 1 1 1 1 1 1 0]
| Global Round : 19 | Client :0 | Local Epoch : 0 | [64/626 (11%)]	Loss1: 5.842877 Loss2: 0.000022 
| Global Round : 19 | Client :0 | Local Epoch : 1 | [64/626 (11%)]	Loss1: 5.844444 Loss2: 0.000027 
| Global Round : 19 | Client :0 | Local Epoch : 2 | [64/626 (11%)]	Loss1: 5.845464 Loss2: 0.000024 
| Global Round : 19 | Client :0 | Local Epoch : 3 | [64/626 (11%)]	Loss1: 5.843862 Loss2: 0.000029 
| Global Round : 19 | Client :0 | Local Epoch : 4 | [64/626 (11%)]	Loss1: 5.844182 Loss2: 0.000026 
| Global Round : 19 | Client :1 | Local Epoch : 0 | [64/497 (14%)]	Loss1: 5.843861 Loss2: 0.000029 
| Global Round : 19 | Client :1 | Local Epoch : 1 | [64/497 (14%)]	Loss1: 5.844721 Loss2: 0.000031 
| Global Round : 19 | Client :1 | Local Epoch : 2 | [64/497 (14%)]	Loss1: 5.844545 Loss2: 0.000032 
| Global Round : 19 | Client :1 | Local Epoch : 3 | [64/497 (14%)]	Loss1: 5.842544 Loss2: 0.000039 
| Global Round : 19 | Client :1 | Local Epoch : 4 | [64/497 (14%)]	Loss1: 5.843743 Loss2: 0.000031 
| Global Round : 19 | Client :2 | Local Epoch : 0 | [64/597 (11%)]	Loss1: 5.841845 Loss2: 0.000028 
| Global Round : 19 | Client :2 | Local Epoch : 1 | [64/597 (11%)]	Loss1: 5.842708 Loss2: 0.000019 
| Global Round : 19 | Client :2 | Local Epoch : 2 | [64/597 (11%)]	Loss1: 5.841193 Loss2: 0.000022 
| Global Round : 19 | Client :2 | Local Epoch : 3 | [64/597 (11%)]	Loss1: 5.842522 Loss2: 0.000023 
| Global Round : 19 | Client :2 | Local Epoch : 4 | [64/597 (11%)]	Loss1: 5.841235 Loss2: 0.000025 
| Global Round : 19 | Client :3 | Local Epoch : 0 | [64/605 (11%)]	Loss1: 5.843567 Loss2: 0.000020 
| Global Round : 19 | Client :3 | Local Epoch : 1 | [64/605 (11%)]	Loss1: 5.842313 Loss2: 0.000024 
| Global Round : 19 | Client :3 | Local Epoch : 2 | [64/605 (11%)]	Loss1: 5.843081 Loss2: 0.000018 
| Global Round : 19 | Client :3 | Local Epoch : 3 | [64/605 (11%)]	Loss1: 5.843145 Loss2: 0.000025 
| Global Round : 19 | Client :3 | Local Epoch : 4 | [64/605 (11%)]	Loss1: 5.843349 Loss2: 0.000019 
| Global Round : 19 | Client :4 | Local Epoch : 0 | [64/436 (17%)]	Loss1: 5.842115 Loss2: 0.000040 
| Global Round : 19 | Client :4 | Local Epoch : 1 | [64/436 (17%)]	Loss1: 5.842601 Loss2: 0.000039 
| Global Round : 19 | Client :4 | Local Epoch : 2 | [64/436 (17%)]	Loss1: 5.840892 Loss2: 0.000038 
| Global Round : 19 | Client :4 | Local Epoch : 3 | [64/436 (17%)]	Loss1: 5.840321 Loss2: 0.000037 
| Global Round : 19 | Client :4 | Local Epoch : 4 | [64/436 (17%)]	Loss1: 5.842173 Loss2: 0.000036 
| Global Round : 19 | Client :5 | Local Epoch : 0 | [64/627 (11%)]	Loss1: 5.841202 Loss2: 0.000024 
| Global Round : 19 | Client :5 | Local Epoch : 1 | [64/627 (11%)]	Loss1: 5.840866 Loss2: 0.000027 
| Global Round : 19 | Client :5 | Local Epoch : 2 | [64/627 (11%)]	Loss1: 5.841712 Loss2: 0.000030 
| Global Round : 19 | Client :5 | Local Epoch : 3 | [64/627 (11%)]	Loss1: 5.840354 Loss2: 0.000030 
| Global Round : 19 | Client :5 | Local Epoch : 4 | [64/627 (11%)]	Loss1: 5.840681 Loss2: 0.000030 
| Global Round : 19 | Client :6 | Local Epoch : 0 | [64/571 (12%)]	Loss1: 5.841280 Loss2: 0.000020 
| Global Round : 19 | Client :6 | Local Epoch : 1 | [64/571 (12%)]	Loss1: 5.840960 Loss2: 0.000020 
| Global Round : 19 | Client :6 | Local Epoch : 2 | [64/571 (12%)]	Loss1: 5.843009 Loss2: 0.000019 
| Global Round : 19 | Client :6 | Local Epoch : 3 | [64/571 (12%)]	Loss1: 5.841812 Loss2: 0.000019 
| Global Round : 19 | Client :6 | Local Epoch : 4 | [64/571 (12%)]	Loss1: 5.840704 Loss2: 0.000019 
| Global Round : 19 | Client :7 | Local Epoch : 0 | [64/665 (10%)]	Loss1: 5.841831 Loss2: 0.000020 
| Global Round : 19 | Client :7 | Local Epoch : 1 | [64/665 (10%)]	Loss1: 5.840993 Loss2: 0.000021 
| Global Round : 19 | Client :7 | Local Epoch : 2 | [64/665 (10%)]	Loss1: 5.842139 Loss2: 0.000021 
| Global Round : 19 | Client :7 | Local Epoch : 3 | [64/665 (10%)]	Loss1: 5.841416 Loss2: 0.000024 
| Global Round : 19 | Client :7 | Local Epoch : 4 | [64/665 (10%)]	Loss1: 5.842426 Loss2: 0.000021 
| Global Round : 19 | Client :8 | Local Epoch : 0 | [64/561 (12%)]	Loss1: 5.841489 Loss2: 0.000027 
| Global Round : 19 | Client :8 | Local Epoch : 1 | [64/561 (12%)]	Loss1: 5.843719 Loss2: 0.000029 
| Global Round : 19 | Client :8 | Local Epoch : 2 | [64/561 (12%)]	Loss1: 5.843141 Loss2: 0.000027 
| Global Round : 19 | Client :8 | Local Epoch : 3 | [64/561 (12%)]	Loss1: 5.842091 Loss2: 0.000026 
| Global Round : 19 | Client :8 | Local Epoch : 4 | [64/561 (12%)]	Loss1: 5.840685 Loss2: 0.000027 
| Global Round : 19 | Client :9 | Local Epoch : 0 | [64/811 (8%)]	Loss1: 5.840781 Loss2: 0.000021 
| Global Round : 19 | Client :9 | Local Epoch : 0 | [704/811 (92%)]	Loss1: 5.839985 Loss2: 0.000027 
| Global Round : 19 | Client :9 | Local Epoch : 1 | [64/811 (8%)]	Loss1: 5.840156 Loss2: 0.000021 
| Global Round : 19 | Client :9 | Local Epoch : 1 | [704/811 (92%)]	Loss1: 5.841835 Loss2: 0.000023 
| Global Round : 19 | Client :9 | Local Epoch : 2 | [64/811 (8%)]	Loss1: 5.840986 Loss2: 0.000019 
| Global Round : 19 | Client :9 | Local Epoch : 2 | [704/811 (92%)]	Loss1: 5.840232 Loss2: 0.000025 
| Global Round : 19 | Client :9 | Local Epoch : 3 | [64/811 (8%)]	Loss1: 5.840758 Loss2: 0.000022 
| Global Round : 19 | Client :9 | Local Epoch : 3 | [704/811 (92%)]	Loss1: 5.841691 Loss2: 0.000023 
| Global Round : 19 | Client :9 | Local Epoch : 4 | [64/811 (8%)]	Loss1: 5.840613 Loss2: 0.000023 
| Global Round : 19 | Client :9 | Local Epoch : 4 | [704/811 (92%)]	Loss1: 5.841017 Loss2: 0.000020 
average loss:   5.840057469738854
average local test accuracy: 0.857421875
average global test accuracy:  0.59453125

 | Global Training Round : 20 |

xi_k [0.49049519 0.48048696 0.51409438 0.50738359 0.46923111 0.48942152
 0.47775126 0.51281327 0.48636632 0.50450863]
max_exp: -1.0
coe: 10
Regulation [0.8 0.8 0.8 0.8 0.8 0.8 0.8 0.8 0.8 0.8]
Solver status: optimal_inaccurate
b_new: [1. 1. 1. 1. 1. 1. 1. 1. 1. 1.]
Iter 0: obj=48.9255, best_obj=48.9255, ||b_new-b_prev||₂=2.846050
xi_k [0.49049519 0.48048696 0.51409438 0.50738359 0.46923111 0.48942152
 0.47775126 0.51281327 0.48636632 0.50450863]
max_exp: -1.0
coe: 10
Regulation [-1. -1. -1. -1. -1. -1. -1. -1. -1. -1.]
Solver status: optimal_inaccurate
b_new: [1. 1. 1. 1. 1. 1. 1. 1. 1. 1.]
Iter 1: obj=49.8255, best_obj=49.8255, ||b_new-b_prev||₂=0.000000
Converged.
Final b: [1. 1. 1. 1. 1. 1. 1. 1. 1. 1.]
<class 'numpy.ndarray'>
b_float: [1. 1. 1. 1. 1. 1. 1. 1. 1. 1.]
b: [1 1 1 1 1 1 1 1 1 1]
active_clients:  [0, 1, 2, 3, 4, 5, 6, 7, 8, 9]
Client 0's s_k are:[0 1 1 1 1 1 1 1 1 1]
Client 1's s_k are:[1 0 1 1 1 1 1 1 1 1]
Client 2's s_k are:[1 1 0 1 1 1 1 1 1 1]
Client 3's s_k are:[1 1 1 0 1 1 1 1 1 1]
Client 4's s_k are:[1 1 1 1 0 1 1 1 1 1]
Client 5's s_k are:[1 1 1 1 1 0 1 1 1 1]
Client 6's s_k are:[1 1 1 1 1 1 0 1 1 1]
Client 7's s_k are:[1 1 1 1 1 1 1 0 1 1]
Client 8's s_k are:[1 1 1 1 1 1 1 1 0 1]
Client 9's s_k are:[1 1 1 1 1 1 1 1 1 0]
| Global Round : 20 | Client :0 | Local Epoch : 0 | [64/626 (11%)]	Loss1: 5.844776 Loss2: 0.000026 
| Global Round : 20 | Client :0 | Local Epoch : 1 | [64/626 (11%)]	Loss1: 5.844148 Loss2: 0.000026 
| Global Round : 20 | Client :0 | Local Epoch : 2 | [64/626 (11%)]	Loss1: 5.843983 Loss2: 0.000022 
| Global Round : 20 | Client :0 | Local Epoch : 3 | [64/626 (11%)]	Loss1: 5.843709 Loss2: 0.000027 
| Global Round : 20 | Client :0 | Local Epoch : 4 | [64/626 (11%)]	Loss1: 5.842563 Loss2: 0.000024 
| Global Round : 20 | Client :1 | Local Epoch : 0 | [64/497 (14%)]	Loss1: 5.842772 Loss2: 0.000034 
| Global Round : 20 | Client :1 | Local Epoch : 1 | [64/497 (14%)]	Loss1: 5.843567 Loss2: 0.000034 
| Global Round : 20 | Client :1 | Local Epoch : 2 | [64/497 (14%)]	Loss1: 5.844180 Loss2: 0.000033 
| Global Round : 20 | Client :1 | Local Epoch : 3 | [64/497 (14%)]	Loss1: 5.844592 Loss2: 0.000035 
| Global Round : 20 | Client :1 | Local Epoch : 4 | [64/497 (14%)]	Loss1: 5.843341 Loss2: 0.000031 
| Global Round : 20 | Client :2 | Local Epoch : 0 | [64/597 (11%)]	Loss1: 5.841702 Loss2: 0.000019 
| Global Round : 20 | Client :2 | Local Epoch : 1 | [64/597 (11%)]	Loss1: 5.841131 Loss2: 0.000021 
| Global Round : 20 | Client :2 | Local Epoch : 2 | [64/597 (11%)]	Loss1: 5.841686 Loss2: 0.000018 
| Global Round : 20 | Client :2 | Local Epoch : 3 | [64/597 (11%)]	Loss1: 5.840730 Loss2: 0.000021 
| Global Round : 20 | Client :2 | Local Epoch : 4 | [64/597 (11%)]	Loss1: 5.841462 Loss2: 0.000022 
| Global Round : 20 | Client :3 | Local Epoch : 0 | [64/605 (11%)]	Loss1: 5.841747 Loss2: 0.000019 
| Global Round : 20 | Client :3 | Local Epoch : 1 | [64/605 (11%)]	Loss1: 5.842510 Loss2: 0.000023 
| Global Round : 20 | Client :3 | Local Epoch : 2 | [64/605 (11%)]	Loss1: 5.841844 Loss2: 0.000022 
| Global Round : 20 | Client :3 | Local Epoch : 3 | [64/605 (11%)]	Loss1: 5.843838 Loss2: 0.000022 
| Global Round : 20 | Client :3 | Local Epoch : 4 | [64/605 (11%)]	Loss1: 5.842509 Loss2: 0.000021 
| Global Round : 20 | Client :4 | Local Epoch : 0 | [64/436 (17%)]	Loss1: 5.841948 Loss2: 0.000041 
| Global Round : 20 | Client :4 | Local Epoch : 1 | [64/436 (17%)]	Loss1: 5.840005 Loss2: 0.000041 
| Global Round : 20 | Client :4 | Local Epoch : 2 | [64/436 (17%)]	Loss1: 5.840223 Loss2: 0.000040 
| Global Round : 20 | Client :4 | Local Epoch : 3 | [64/436 (17%)]	Loss1: 5.841074 Loss2: 0.000041 
| Global Round : 20 | Client :4 | Local Epoch : 4 | [64/436 (17%)]	Loss1: 5.841732 Loss2: 0.000041 
| Global Round : 20 | Client :5 | Local Epoch : 0 | [64/627 (11%)]	Loss1: 5.840539 Loss2: 0.000025 
| Global Round : 20 | Client :5 | Local Epoch : 1 | [64/627 (11%)]	Loss1: 5.841836 Loss2: 0.000028 
| Global Round : 20 | Client :5 | Local Epoch : 2 | [64/627 (11%)]	Loss1: 5.840852 Loss2: 0.000026 
| Global Round : 20 | Client :5 | Local Epoch : 3 | [64/627 (11%)]	Loss1: 5.841589 Loss2: 0.000031 
| Global Round : 20 | Client :5 | Local Epoch : 4 | [64/627 (11%)]	Loss1: 5.840854 Loss2: 0.000025 
| Global Round : 20 | Client :6 | Local Epoch : 0 | [64/571 (12%)]	Loss1: 5.840399 Loss2: 0.000019 
| Global Round : 20 | Client :6 | Local Epoch : 1 | [64/571 (12%)]	Loss1: 5.840903 Loss2: 0.000020 
| Global Round : 20 | Client :6 | Local Epoch : 2 | [64/571 (12%)]	Loss1: 5.841871 Loss2: 0.000022 
| Global Round : 20 | Client :6 | Local Epoch : 3 | [64/571 (12%)]	Loss1: 5.842170 Loss2: 0.000024 
| Global Round : 20 | Client :6 | Local Epoch : 4 | [64/571 (12%)]	Loss1: 5.842856 Loss2: 0.000023 
| Global Round : 20 | Client :7 | Local Epoch : 0 | [64/665 (10%)]	Loss1: 5.841980 Loss2: 0.000018 
| Global Round : 20 | Client :7 | Local Epoch : 1 | [64/665 (10%)]	Loss1: 5.842315 Loss2: 0.000024 
| Global Round : 20 | Client :7 | Local Epoch : 2 | [64/665 (10%)]	Loss1: 5.841810 Loss2: 0.000019 
| Global Round : 20 | Client :7 | Local Epoch : 3 | [64/665 (10%)]	Loss1: 5.840734 Loss2: 0.000021 
| Global Round : 20 | Client :7 | Local Epoch : 4 | [64/665 (10%)]	Loss1: 5.841592 Loss2: 0.000019 
| Global Round : 20 | Client :8 | Local Epoch : 0 | [64/561 (12%)]	Loss1: 5.842932 Loss2: 0.000028 
| Global Round : 20 | Client :8 | Local Epoch : 1 | [64/561 (12%)]	Loss1: 5.843174 Loss2: 0.000025 
| Global Round : 20 | Client :8 | Local Epoch : 2 | [64/561 (12%)]	Loss1: 5.841593 Loss2: 0.000028 
| Global Round : 20 | Client :8 | Local Epoch : 3 | [64/561 (12%)]	Loss1: 5.841706 Loss2: 0.000027 
| Global Round : 20 | Client :8 | Local Epoch : 4 | [64/561 (12%)]	Loss1: 5.843637 Loss2: 0.000026 
| Global Round : 20 | Client :9 | Local Epoch : 0 | [64/811 (8%)]	Loss1: 5.841989 Loss2: 0.000019 
| Global Round : 20 | Client :9 | Local Epoch : 0 | [704/811 (92%)]	Loss1: 5.839807 Loss2: 0.000031 
| Global Round : 20 | Client :9 | Local Epoch : 1 | [64/811 (8%)]	Loss1: 5.840871 Loss2: 0.000024 
| Global Round : 20 | Client :9 | Local Epoch : 1 | [704/811 (92%)]	Loss1: 5.842996 Loss2: 0.000023 
| Global Round : 20 | Client :9 | Local Epoch : 2 | [64/811 (8%)]	Loss1: 5.840528 Loss2: 0.000019 
| Global Round : 20 | Client :9 | Local Epoch : 2 | [704/811 (92%)]	Loss1: 5.841439 Loss2: 0.000024 
| Global Round : 20 | Client :9 | Local Epoch : 3 | [64/811 (8%)]	Loss1: 5.841298 Loss2: 0.000026 
| Global Round : 20 | Client :9 | Local Epoch : 3 | [704/811 (92%)]	Loss1: 5.841949 Loss2: 0.000027 
| Global Round : 20 | Client :9 | Local Epoch : 4 | [64/811 (8%)]	Loss1: 5.840401 Loss2: 0.000021 
| Global Round : 20 | Client :9 | Local Epoch : 4 | [704/811 (92%)]	Loss1: 5.840556 Loss2: 0.000028 
average loss:   5.839854797068096
average local test accuracy: 0.85234375
average global test accuracy:  0.5690104166666666

 | Global Training Round : 21 |

xi_k [0.49050217 0.48042372 0.51399331 0.50737705 0.46924321 0.48938608
 0.47773632 0.51278548 0.48634604 0.50448672]
max_exp: -1.0
coe: 10
Regulation [0.8 0.8 0.8 0.8 0.8 0.8 0.8 0.8 0.8 0.8]
Solver status: optimal_inaccurate
b_new: [1. 1. 1. 1. 1. 1. 1. 1. 1. 1.]
Iter 0: obj=48.9228, best_obj=48.9228, ||b_new-b_prev||₂=2.846050
xi_k [0.49050217 0.48042372 0.51399331 0.50737705 0.46924321 0.48938608
 0.47773632 0.51278548 0.48634604 0.50448672]
max_exp: -1.0
coe: 10
Regulation [-1. -1. -1. -1. -1. -1. -1. -1. -1. -1.]
Solver status: optimal_inaccurate
b_new: [1. 1. 1. 1. 1. 1. 1. 1. 1. 1.]
Iter 1: obj=49.8228, best_obj=49.8228, ||b_new-b_prev||₂=0.000000
Converged.
Final b: [1. 1. 1. 1. 1. 1. 1. 1. 1. 1.]
<class 'numpy.ndarray'>
b_float: [1. 1. 1. 1. 1. 1. 1. 1. 1. 1.]
b: [1 1 1 1 1 1 1 1 1 1]
active_clients:  [0, 1, 2, 3, 4, 5, 6, 7, 8, 9]
Client 0's s_k are:[0 1 1 1 1 1 1 1 1 1]
Client 1's s_k are:[1 0 1 1 1 1 1 1 1 1]
Client 2's s_k are:[1 1 0 1 1 1 1 1 1 1]
Client 3's s_k are:[1 1 1 0 1 1 1 1 1 1]
Client 4's s_k are:[1 1 1 1 0 1 1 1 1 1]
Client 5's s_k are:[1 1 1 1 1 0 1 1 1 1]
Client 6's s_k are:[1 1 1 1 1 1 0 1 1 1]
Client 7's s_k are:[1 1 1 1 1 1 1 0 1 1]
Client 8's s_k are:[1 1 1 1 1 1 1 1 0 1]
Client 9's s_k are:[1 1 1 1 1 1 1 1 1 0]
| Global Round : 21 | Client :0 | Local Epoch : 0 | [64/626 (11%)]	Loss1: 5.843575 Loss2: 0.000028 
| Global Round : 21 | Client :0 | Local Epoch : 1 | [64/626 (11%)]	Loss1: 5.843006 Loss2: 0.000027 
| Global Round : 21 | Client :0 | Local Epoch : 2 | [64/626 (11%)]	Loss1: 5.843252 Loss2: 0.000025 
| Global Round : 21 | Client :0 | Local Epoch : 3 | [64/626 (11%)]	Loss1: 5.843931 Loss2: 0.000024 
| Global Round : 21 | Client :0 | Local Epoch : 4 | [64/626 (11%)]	Loss1: 5.843079 Loss2: 0.000025 
| Global Round : 21 | Client :1 | Local Epoch : 0 | [64/497 (14%)]	Loss1: 5.844054 Loss2: 0.000036 
| Global Round : 21 | Client :1 | Local Epoch : 1 | [64/497 (14%)]	Loss1: 5.842485 Loss2: 0.000035 
| Global Round : 21 | Client :1 | Local Epoch : 2 | [64/497 (14%)]	Loss1: 5.843644 Loss2: 0.000030 
| Global Round : 21 | Client :1 | Local Epoch : 3 | [64/497 (14%)]	Loss1: 5.842752 Loss2: 0.000036 
| Global Round : 21 | Client :1 | Local Epoch : 4 | [64/497 (14%)]	Loss1: 5.843620 Loss2: 0.000031 
| Global Round : 21 | Client :2 | Local Epoch : 0 | [64/597 (11%)]	Loss1: 5.840895 Loss2: 0.000026 
| Global Round : 21 | Client :2 | Local Epoch : 1 | [64/597 (11%)]	Loss1: 5.841682 Loss2: 0.000020 
| Global Round : 21 | Client :2 | Local Epoch : 2 | [64/597 (11%)]	Loss1: 5.841427 Loss2: 0.000020 
| Global Round : 21 | Client :2 | Local Epoch : 3 | [64/597 (11%)]	Loss1: 5.841781 Loss2: 0.000023 
| Global Round : 21 | Client :2 | Local Epoch : 4 | [64/597 (11%)]	Loss1: 5.842705 Loss2: 0.000021 
| Global Round : 21 | Client :3 | Local Epoch : 0 | [64/605 (11%)]	Loss1: 5.841570 Loss2: 0.000017 
| Global Round : 21 | Client :3 | Local Epoch : 1 | [64/605 (11%)]	Loss1: 5.843027 Loss2: 0.000021 
| Global Round : 21 | Client :3 | Local Epoch : 2 | [64/605 (11%)]	Loss1: 5.842462 Loss2: 0.000022 
| Global Round : 21 | Client :3 | Local Epoch : 3 | [64/605 (11%)]	Loss1: 5.843422 Loss2: 0.000023 
| Global Round : 21 | Client :3 | Local Epoch : 4 | [64/605 (11%)]	Loss1: 5.842613 Loss2: 0.000022 
| Global Round : 21 | Client :4 | Local Epoch : 0 | [64/436 (17%)]	Loss1: 5.840029 Loss2: 0.000039 
| Global Round : 21 | Client :4 | Local Epoch : 1 | [64/436 (17%)]	Loss1: 5.842777 Loss2: 0.000041 
| Global Round : 21 | Client :4 | Local Epoch : 2 | [64/436 (17%)]	Loss1: 5.840265 Loss2: 0.000036 
| Global Round : 21 | Client :4 | Local Epoch : 3 | [64/436 (17%)]	Loss1: 5.841055 Loss2: 0.000038 
| Global Round : 21 | Client :4 | Local Epoch : 4 | [64/436 (17%)]	Loss1: 5.841244 Loss2: 0.000037 
| Global Round : 21 | Client :5 | Local Epoch : 0 | [64/627 (11%)]	Loss1: 5.841226 Loss2: 0.000031 
| Global Round : 21 | Client :5 | Local Epoch : 1 | [64/627 (11%)]	Loss1: 5.841775 Loss2: 0.000027 
| Global Round : 21 | Client :5 | Local Epoch : 2 | [64/627 (11%)]	Loss1: 5.840997 Loss2: 0.000031 
| Global Round : 21 | Client :5 | Local Epoch : 3 | [64/627 (11%)]	Loss1: 5.841547 Loss2: 0.000026 
| Global Round : 21 | Client :5 | Local Epoch : 4 | [64/627 (11%)]	Loss1: 5.841598 Loss2: 0.000025 
| Global Round : 21 | Client :6 | Local Epoch : 0 | [64/571 (12%)]	Loss1: 5.840778 Loss2: 0.000022 
| Global Round : 21 | Client :6 | Local Epoch : 1 | [64/571 (12%)]	Loss1: 5.840910 Loss2: 0.000019 
| Global Round : 21 | Client :6 | Local Epoch : 2 | [64/571 (12%)]	Loss1: 5.841151 Loss2: 0.000023 
| Global Round : 21 | Client :6 | Local Epoch : 3 | [64/571 (12%)]	Loss1: 5.840155 Loss2: 0.000020 
| Global Round : 21 | Client :6 | Local Epoch : 4 | [64/571 (12%)]	Loss1: 5.840905 Loss2: 0.000019 
| Global Round : 21 | Client :7 | Local Epoch : 0 | [64/665 (10%)]	Loss1: 5.842514 Loss2: 0.000023 
| Global Round : 21 | Client :7 | Local Epoch : 1 | [64/665 (10%)]	Loss1: 5.840702 Loss2: 0.000022 
| Global Round : 21 | Client :7 | Local Epoch : 2 | [64/665 (10%)]	Loss1: 5.840362 Loss2: 0.000020 
| Global Round : 21 | Client :7 | Local Epoch : 3 | [64/665 (10%)]	Loss1: 5.842538 Loss2: 0.000020 
| Global Round : 21 | Client :7 | Local Epoch : 4 | [64/665 (10%)]	Loss1: 5.842758 Loss2: 0.000023 
| Global Round : 21 | Client :8 | Local Epoch : 0 | [64/561 (12%)]	Loss1: 5.842174 Loss2: 0.000023 
| Global Round : 21 | Client :8 | Local Epoch : 1 | [64/561 (12%)]	Loss1: 5.841748 Loss2: 0.000025 
| Global Round : 21 | Client :8 | Local Epoch : 2 | [64/561 (12%)]	Loss1: 5.843525 Loss2: 0.000029 
| Global Round : 21 | Client :8 | Local Epoch : 3 | [64/561 (12%)]	Loss1: 5.842255 Loss2: 0.000023 
| Global Round : 21 | Client :8 | Local Epoch : 4 | [64/561 (12%)]	Loss1: 5.841264 Loss2: 0.000024 
| Global Round : 21 | Client :9 | Local Epoch : 0 | [64/811 (8%)]	Loss1: 5.841899 Loss2: 0.000020 
| Global Round : 21 | Client :9 | Local Epoch : 0 | [704/811 (92%)]	Loss1: 5.840427 Loss2: 0.000025 
| Global Round : 21 | Client :9 | Local Epoch : 1 | [64/811 (8%)]	Loss1: 5.842287 Loss2: 0.000022 
| Global Round : 21 | Client :9 | Local Epoch : 1 | [704/811 (92%)]	Loss1: 5.842518 Loss2: 0.000027 
| Global Round : 21 | Client :9 | Local Epoch : 2 | [64/811 (8%)]	Loss1: 5.840386 Loss2: 0.000025 
| Global Round : 21 | Client :9 | Local Epoch : 2 | [704/811 (92%)]	Loss1: 5.843050 Loss2: 0.000023 
| Global Round : 21 | Client :9 | Local Epoch : 3 | [64/811 (8%)]	Loss1: 5.840735 Loss2: 0.000020 
| Global Round : 21 | Client :9 | Local Epoch : 3 | [704/811 (92%)]	Loss1: 5.840862 Loss2: 0.000028 
| Global Round : 21 | Client :9 | Local Epoch : 4 | [64/811 (8%)]	Loss1: 5.841051 Loss2: 0.000022 
| Global Round : 21 | Client :9 | Local Epoch : 4 | [704/811 (92%)]	Loss1: 5.841432 Loss2: 0.000023 
average loss:   5.8397239702088495
average local test accuracy: 0.8561197916666667
average global test accuracy:  0.5665364583333333

 | Global Training Round : 22 |

xi_k [0.49042432 0.48044724 0.51401042 0.50730696 0.46919798 0.48939434
 0.47770276 0.51280547 0.48627014 0.5044763 ]
max_exp: -1.0
coe: 10
Regulation [0.8 0.8 0.8 0.8 0.8 0.8 0.8 0.8 0.8 0.8]
Solver status: optimal_inaccurate
b_new: [1. 1. 1. 1. 1. 1. 1. 1. 1. 1.]
Iter 0: obj=48.9204, best_obj=48.9204, ||b_new-b_prev||₂=2.846050
xi_k [0.49042432 0.48044724 0.51401042 0.50730696 0.46919798 0.48939434
 0.47770276 0.51280547 0.48627014 0.5044763 ]
max_exp: -1.0
coe: 10
Regulation [-1. -1. -1. -1. -1. -1. -1. -1. -1. -1.]
Solver status: optimal_inaccurate
b_new: [1. 1. 1. 1. 1. 1. 1. 1. 1. 1.]
Iter 1: obj=49.8204, best_obj=49.8204, ||b_new-b_prev||₂=0.000000
Converged.
Final b: [1. 1. 1. 1. 1. 1. 1. 1. 1. 1.]
<class 'numpy.ndarray'>
b_float: [1. 1. 1. 1. 1. 1. 1. 1. 1. 1.]
b: [1 1 1 1 1 1 1 1 1 1]
active_clients:  [0, 1, 2, 3, 4, 5, 6, 7, 8, 9]
Client 0's s_k are:[0 1 1 1 1 1 1 1 1 1]
Client 1's s_k are:[1 0 1 1 1 1 1 1 1 1]
Client 2's s_k are:[1 1 0 1 1 1 1 1 1 1]
Client 3's s_k are:[1 1 1 0 1 1 1 1 1 1]
Client 4's s_k are:[1 1 1 1 0 1 1 1 1 1]
Client 5's s_k are:[1 1 1 1 1 0 1 1 1 1]
Client 6's s_k are:[1 1 1 1 1 1 0 1 1 1]
Client 7's s_k are:[1 1 1 1 1 1 1 0 1 1]
Client 8's s_k are:[1 1 1 1 1 1 1 1 0 1]
Client 9's s_k are:[1 1 1 1 1 1 1 1 1 0]
| Global Round : 22 | Client :0 | Local Epoch : 0 | [64/626 (11%)]	Loss1: 5.843725 Loss2: 0.000025 
| Global Round : 22 | Client :0 | Local Epoch : 1 | [64/626 (11%)]	Loss1: 5.842384 Loss2: 0.000026 
| Global Round : 22 | Client :0 | Local Epoch : 2 | [64/626 (11%)]	Loss1: 5.844584 Loss2: 0.000026 
| Global Round : 22 | Client :0 | Local Epoch : 3 | [64/626 (11%)]	Loss1: 5.843552 Loss2: 0.000025 
| Global Round : 22 | Client :0 | Local Epoch : 4 | [64/626 (11%)]	Loss1: 5.843492 Loss2: 0.000022 
| Global Round : 22 | Client :1 | Local Epoch : 0 | [64/497 (14%)]	Loss1: 5.843586 Loss2: 0.000030 
| Global Round : 22 | Client :1 | Local Epoch : 1 | [64/497 (14%)]	Loss1: 5.845002 Loss2: 0.000030 
| Global Round : 22 | Client :1 | Local Epoch : 2 | [64/497 (14%)]	Loss1: 5.842582 Loss2: 0.000032 
| Global Round : 22 | Client :1 | Local Epoch : 3 | [64/497 (14%)]	Loss1: 5.842699 Loss2: 0.000032 
| Global Round : 22 | Client :1 | Local Epoch : 4 | [64/497 (14%)]	Loss1: 5.844147 Loss2: 0.000029 
| Global Round : 22 | Client :2 | Local Epoch : 0 | [64/597 (11%)]	Loss1: 5.839921 Loss2: 0.000027 
| Global Round : 22 | Client :2 | Local Epoch : 1 | [64/597 (11%)]	Loss1: 5.840900 Loss2: 0.000026 
| Global Round : 22 | Client :2 | Local Epoch : 2 | [64/597 (11%)]	Loss1: 5.841154 Loss2: 0.000022 
| Global Round : 22 | Client :2 | Local Epoch : 3 | [64/597 (11%)]	Loss1: 5.842475 Loss2: 0.000022 
| Global Round : 22 | Client :2 | Local Epoch : 4 | [64/597 (11%)]	Loss1: 5.841344 Loss2: 0.000025 
| Global Round : 22 | Client :3 | Local Epoch : 0 | [64/605 (11%)]	Loss1: 5.843186 Loss2: 0.000020 
| Global Round : 22 | Client :3 | Local Epoch : 1 | [64/605 (11%)]	Loss1: 5.841910 Loss2: 0.000020 
| Global Round : 22 | Client :3 | Local Epoch : 2 | [64/605 (11%)]	Loss1: 5.842532 Loss2: 0.000022 
| Global Round : 22 | Client :3 | Local Epoch : 3 | [64/605 (11%)]	Loss1: 5.842414 Loss2: 0.000023 
| Global Round : 22 | Client :3 | Local Epoch : 4 | [64/605 (11%)]	Loss1: 5.842592 Loss2: 0.000022 
| Global Round : 22 | Client :4 | Local Epoch : 0 | [64/436 (17%)]	Loss1: 5.842832 Loss2: 0.000038 
| Global Round : 22 | Client :4 | Local Epoch : 1 | [64/436 (17%)]	Loss1: 5.840772 Loss2: 0.000038 
| Global Round : 22 | Client :4 | Local Epoch : 2 | [64/436 (17%)]	Loss1: 5.841914 Loss2: 0.000042 
| Global Round : 22 | Client :4 | Local Epoch : 3 | [64/436 (17%)]	Loss1: 5.841165 Loss2: 0.000037 
| Global Round : 22 | Client :4 | Local Epoch : 4 | [64/436 (17%)]	Loss1: 5.841388 Loss2: 0.000037 
| Global Round : 22 | Client :5 | Local Epoch : 0 | [64/627 (11%)]	Loss1: 5.841640 Loss2: 0.000029 
| Global Round : 22 | Client :5 | Local Epoch : 1 | [64/627 (11%)]	Loss1: 5.841925 Loss2: 0.000025 
| Global Round : 22 | Client :5 | Local Epoch : 2 | [64/627 (11%)]	Loss1: 5.841110 Loss2: 0.000028 
| Global Round : 22 | Client :5 | Local Epoch : 3 | [64/627 (11%)]	Loss1: 5.840928 Loss2: 0.000028 
| Global Round : 22 | Client :5 | Local Epoch : 4 | [64/627 (11%)]	Loss1: 5.841758 Loss2: 0.000030 
| Global Round : 22 | Client :6 | Local Epoch : 0 | [64/571 (12%)]	Loss1: 5.840758 Loss2: 0.000021 
| Global Round : 22 | Client :6 | Local Epoch : 1 | [64/571 (12%)]	Loss1: 5.842422 Loss2: 0.000022 
| Global Round : 22 | Client :6 | Local Epoch : 2 | [64/571 (12%)]	Loss1: 5.842352 Loss2: 0.000021 
| Global Round : 22 | Client :6 | Local Epoch : 3 | [64/571 (12%)]	Loss1: 5.840969 Loss2: 0.000025 
| Global Round : 22 | Client :6 | Local Epoch : 4 | [64/571 (12%)]	Loss1: 5.842616 Loss2: 0.000022 
| Global Round : 22 | Client :7 | Local Epoch : 0 | [64/665 (10%)]	Loss1: 5.841574 Loss2: 0.000021 
| Global Round : 22 | Client :7 | Local Epoch : 1 | [64/665 (10%)]	Loss1: 5.841710 Loss2: 0.000023 
| Global Round : 22 | Client :7 | Local Epoch : 2 | [64/665 (10%)]	Loss1: 5.841153 Loss2: 0.000019 
| Global Round : 22 | Client :7 | Local Epoch : 3 | [64/665 (10%)]	Loss1: 5.843011 Loss2: 0.000017 
| Global Round : 22 | Client :7 | Local Epoch : 4 | [64/665 (10%)]	Loss1: 5.841997 Loss2: 0.000019 
| Global Round : 22 | Client :8 | Local Epoch : 0 | [64/561 (12%)]	Loss1: 5.842739 Loss2: 0.000027 
| Global Round : 22 | Client :8 | Local Epoch : 1 | [64/561 (12%)]	Loss1: 5.841423 Loss2: 0.000025 
| Global Round : 22 | Client :8 | Local Epoch : 2 | [64/561 (12%)]	Loss1: 5.841099 Loss2: 0.000028 
| Global Round : 22 | Client :8 | Local Epoch : 3 | [64/561 (12%)]	Loss1: 5.841538 Loss2: 0.000027 
| Global Round : 22 | Client :8 | Local Epoch : 4 | [64/561 (12%)]	Loss1: 5.841568 Loss2: 0.000029 
| Global Round : 22 | Client :9 | Local Epoch : 0 | [64/811 (8%)]	Loss1: 5.841894 Loss2: 0.000019 
| Global Round : 22 | Client :9 | Local Epoch : 0 | [704/811 (92%)]	Loss1: 5.840420 Loss2: 0.000025 
| Global Round : 22 | Client :9 | Local Epoch : 1 | [64/811 (8%)]	Loss1: 5.841102 Loss2: 0.000021 
| Global Round : 22 | Client :9 | Local Epoch : 1 | [704/811 (92%)]	Loss1: 5.840770 Loss2: 0.000023 
| Global Round : 22 | Client :9 | Local Epoch : 2 | [64/811 (8%)]	Loss1: 5.839984 Loss2: 0.000023 
| Global Round : 22 | Client :9 | Local Epoch : 2 | [704/811 (92%)]	Loss1: 5.841239 Loss2: 0.000027 
| Global Round : 22 | Client :9 | Local Epoch : 3 | [64/811 (8%)]	Loss1: 5.841039 Loss2: 0.000018 
| Global Round : 22 | Client :9 | Local Epoch : 3 | [704/811 (92%)]	Loss1: 5.841125 Loss2: 0.000026 
| Global Round : 22 | Client :9 | Local Epoch : 4 | [64/811 (8%)]	Loss1: 5.840469 Loss2: 0.000025 
| Global Round : 22 | Client :9 | Local Epoch : 4 | [704/811 (92%)]	Loss1: 5.840318 Loss2: 0.000023 
average loss:   5.839672813472294
average local test accuracy: 0.85546875
average global test accuracy:  0.5486979166666667

 | Global Training Round : 23 |

xi_k [0.4904141  0.48039224 0.51398789 0.50729146 0.46925658 0.48936936
 0.47769281 0.51275118 0.48627668 0.50450205]
max_exp: -1.0
coe: 10
Regulation [0.8 0.8 0.8 0.8 0.8 0.8 0.8 0.8 0.8 0.8]
Solver status: optimal_inaccurate
b_new: [1. 1. 1. 1. 1. 1. 1. 1. 1. 1.]
Iter 0: obj=48.9193, best_obj=48.9193, ||b_new-b_prev||₂=2.846050
xi_k [0.4904141  0.48039224 0.51398789 0.50729146 0.46925658 0.48936936
 0.47769281 0.51275118 0.48627668 0.50450205]
max_exp: -1.0
coe: 10
Regulation [-1. -1. -1. -1. -1. -1. -1. -1. -1. -1.]
Solver status: optimal_inaccurate
b_new: [1. 1. 1. 1. 1. 1. 1. 1. 1. 1.]
Iter 1: obj=49.8193, best_obj=49.8193, ||b_new-b_prev||₂=0.000000
Converged.
Final b: [1. 1. 1. 1. 1. 1. 1. 1. 1. 1.]
<class 'numpy.ndarray'>
b_float: [1. 1. 1. 1. 1. 1. 1. 1. 1. 1.]
b: [1 1 1 1 1 1 1 1 1 1]
active_clients:  [0, 1, 2, 3, 4, 5, 6, 7, 8, 9]
Client 0's s_k are:[0 1 1 1 1 1 1 1 1 1]
Client 1's s_k are:[1 0 1 1 1 1 1 1 1 1]
Client 2's s_k are:[1 1 0 1 1 1 1 1 1 1]
Client 3's s_k are:[1 1 1 0 1 1 1 1 1 1]
Client 4's s_k are:[1 1 1 1 0 1 1 1 1 1]
Client 5's s_k are:[1 1 1 1 1 0 1 1 1 1]
Client 6's s_k are:[1 1 1 1 1 1 0 1 1 1]
Client 7's s_k are:[1 1 1 1 1 1 1 0 1 1]
Client 8's s_k are:[1 1 1 1 1 1 1 1 0 1]
Client 9's s_k are:[1 1 1 1 1 1 1 1 1 0]
| Global Round : 23 | Client :0 | Local Epoch : 0 | [64/626 (11%)]	Loss1: 5.843884 Loss2: 0.000026 
| Global Round : 23 | Client :0 | Local Epoch : 1 | [64/626 (11%)]	Loss1: 5.843803 Loss2: 0.000020 
| Global Round : 23 | Client :0 | Local Epoch : 2 | [64/626 (11%)]	Loss1: 5.844164 Loss2: 0.000025 
| Global Round : 23 | Client :0 | Local Epoch : 3 | [64/626 (11%)]	Loss1: 5.843693 Loss2: 0.000026 
| Global Round : 23 | Client :0 | Local Epoch : 4 | [64/626 (11%)]	Loss1: 5.844255 Loss2: 0.000027 
| Global Round : 23 | Client :1 | Local Epoch : 0 | [64/497 (14%)]	Loss1: 5.842594 Loss2: 0.000029 
| Global Round : 23 | Client :1 | Local Epoch : 1 | [64/497 (14%)]	Loss1: 5.841825 Loss2: 0.000032 
| Global Round : 23 | Client :1 | Local Epoch : 2 | [64/497 (14%)]	Loss1: 5.843089 Loss2: 0.000031 
| Global Round : 23 | Client :1 | Local Epoch : 3 | [64/497 (14%)]	Loss1: 5.842014 Loss2: 0.000030 
| Global Round : 23 | Client :1 | Local Epoch : 4 | [64/497 (14%)]	Loss1: 5.843750 Loss2: 0.000031 
| Global Round : 23 | Client :2 | Local Epoch : 0 | [64/597 (11%)]	Loss1: 5.842210 Loss2: 0.000018 
| Global Round : 23 | Client :2 | Local Epoch : 1 | [64/597 (11%)]	Loss1: 5.840372 Loss2: 0.000019 
| Global Round : 23 | Client :2 | Local Epoch : 2 | [64/597 (11%)]	Loss1: 5.842041 Loss2: 0.000024 
| Global Round : 23 | Client :2 | Local Epoch : 3 | [64/597 (11%)]	Loss1: 5.841159 Loss2: 0.000023 
| Global Round : 23 | Client :2 | Local Epoch : 4 | [64/597 (11%)]	Loss1: 5.841269 Loss2: 0.000019 
| Global Round : 23 | Client :3 | Local Epoch : 0 | [64/605 (11%)]	Loss1: 5.842885 Loss2: 0.000019 
| Global Round : 23 | Client :3 | Local Epoch : 1 | [64/605 (11%)]	Loss1: 5.842817 Loss2: 0.000020 
| Global Round : 23 | Client :3 | Local Epoch : 2 | [64/605 (11%)]	Loss1: 5.841562 Loss2: 0.000021 
| Global Round : 23 | Client :3 | Local Epoch : 3 | [64/605 (11%)]	Loss1: 5.842306 Loss2: 0.000019 
| Global Round : 23 | Client :3 | Local Epoch : 4 | [64/605 (11%)]	Loss1: 5.843291 Loss2: 0.000020 
| Global Round : 23 | Client :4 | Local Epoch : 0 | [64/436 (17%)]	Loss1: 5.840508 Loss2: 0.000040 
| Global Round : 23 | Client :4 | Local Epoch : 1 | [64/436 (17%)]	Loss1: 5.842121 Loss2: 0.000036 
| Global Round : 23 | Client :4 | Local Epoch : 2 | [64/436 (17%)]	Loss1: 5.841845 Loss2: 0.000040 
| Global Round : 23 | Client :4 | Local Epoch : 3 | [64/436 (17%)]	Loss1: 5.841538 Loss2: 0.000035 
| Global Round : 23 | Client :4 | Local Epoch : 4 | [64/436 (17%)]	Loss1: 5.841134 Loss2: 0.000042 
| Global Round : 23 | Client :5 | Local Epoch : 0 | [64/627 (11%)]	Loss1: 5.841504 Loss2: 0.000029 
| Global Round : 23 | Client :5 | Local Epoch : 1 | [64/627 (11%)]	Loss1: 5.840953 Loss2: 0.000026 
| Global Round : 23 | Client :5 | Local Epoch : 2 | [64/627 (11%)]	Loss1: 5.840378 Loss2: 0.000024 
| Global Round : 23 | Client :5 | Local Epoch : 3 | [64/627 (11%)]	Loss1: 5.842115 Loss2: 0.000025 
| Global Round : 23 | Client :5 | Local Epoch : 4 | [64/627 (11%)]	Loss1: 5.841923 Loss2: 0.000028 
| Global Round : 23 | Client :6 | Local Epoch : 0 | [64/571 (12%)]	Loss1: 5.841616 Loss2: 0.000023 
| Global Round : 23 | Client :6 | Local Epoch : 1 | [64/571 (12%)]	Loss1: 5.840550 Loss2: 0.000019 
| Global Round : 23 | Client :6 | Local Epoch : 2 | [64/571 (12%)]	Loss1: 5.841586 Loss2: 0.000022 
| Global Round : 23 | Client :6 | Local Epoch : 3 | [64/571 (12%)]	Loss1: 5.840540 Loss2: 0.000024 
| Global Round : 23 | Client :6 | Local Epoch : 4 | [64/571 (12%)]	Loss1: 5.840127 Loss2: 0.000021 
| Global Round : 23 | Client :7 | Local Epoch : 0 | [64/665 (10%)]	Loss1: 5.841791 Loss2: 0.000023 
| Global Round : 23 | Client :7 | Local Epoch : 1 | [64/665 (10%)]	Loss1: 5.840202 Loss2: 0.000020 
| Global Round : 23 | Client :7 | Local Epoch : 2 | [64/665 (10%)]	Loss1: 5.841434 Loss2: 0.000021 
| Global Round : 23 | Client :7 | Local Epoch : 3 | [64/665 (10%)]	Loss1: 5.841264 Loss2: 0.000018 
| Global Round : 23 | Client :7 | Local Epoch : 4 | [64/665 (10%)]	Loss1: 5.841455 Loss2: 0.000024 
| Global Round : 23 | Client :8 | Local Epoch : 0 | [64/561 (12%)]	Loss1: 5.842226 Loss2: 0.000025 
| Global Round : 23 | Client :8 | Local Epoch : 1 | [64/561 (12%)]	Loss1: 5.840476 Loss2: 0.000029 
| Global Round : 23 | Client :8 | Local Epoch : 2 | [64/561 (12%)]	Loss1: 5.841533 Loss2: 0.000022 
| Global Round : 23 | Client :8 | Local Epoch : 3 | [64/561 (12%)]	Loss1: 5.842519 Loss2: 0.000027 
| Global Round : 23 | Client :8 | Local Epoch : 4 | [64/561 (12%)]	Loss1: 5.842489 Loss2: 0.000024 
| Global Round : 23 | Client :9 | Local Epoch : 0 | [64/811 (8%)]	Loss1: 5.841226 Loss2: 0.000018 
| Global Round : 23 | Client :9 | Local Epoch : 0 | [704/811 (92%)]	Loss1: 5.841656 Loss2: 0.000025 
| Global Round : 23 | Client :9 | Local Epoch : 1 | [64/811 (8%)]	Loss1: 5.841091 Loss2: 0.000025 
| Global Round : 23 | Client :9 | Local Epoch : 1 | [704/811 (92%)]	Loss1: 5.840911 Loss2: 0.000026 
| Global Round : 23 | Client :9 | Local Epoch : 2 | [64/811 (8%)]	Loss1: 5.841428 Loss2: 0.000023 
| Global Round : 23 | Client :9 | Local Epoch : 2 | [704/811 (92%)]	Loss1: 5.839976 Loss2: 0.000028 
| Global Round : 23 | Client :9 | Local Epoch : 3 | [64/811 (8%)]	Loss1: 5.840051 Loss2: 0.000021 
| Global Round : 23 | Client :9 | Local Epoch : 3 | [704/811 (92%)]	Loss1: 5.841146 Loss2: 0.000027 
| Global Round : 23 | Client :9 | Local Epoch : 4 | [64/811 (8%)]	Loss1: 5.841599 Loss2: 0.000021 
| Global Round : 23 | Client :9 | Local Epoch : 4 | [704/811 (92%)]	Loss1: 5.841031 Loss2: 0.000024 
average loss:   5.839540428661165
average local test accuracy: 0.8552083333333333
average global test accuracy:  0.5765624999999999

 | Global Training Round : 24 |

xi_k [0.49034436 0.48035224 0.51397657 0.50732986 0.46922756 0.48933823
 0.47764591 0.51277394 0.48625803 0.50444414]
max_exp: -1.0
coe: 10
Regulation [0.8 0.8 0.8 0.8 0.8 0.8 0.8 0.8 0.8 0.8]
Solver status: optimal_inaccurate
b_new: [1. 1. 1. 1. 1. 1. 1. 1. 1. 1.]
Iter 0: obj=48.9169, best_obj=48.9169, ||b_new-b_prev||₂=2.846050
xi_k [0.49034436 0.48035224 0.51397657 0.50732986 0.46922756 0.48933823
 0.47764591 0.51277394 0.48625803 0.50444414]
max_exp: -1.0
coe: 10
Regulation [-1. -1. -1. -1. -1. -1. -1. -1. -1. -1.]
Solver status: optimal_inaccurate
b_new: [1. 1. 1. 1. 1. 1. 1. 1. 1. 1.]
Iter 1: obj=49.8169, best_obj=49.8169, ||b_new-b_prev||₂=0.000000
Converged.
Final b: [1. 1. 1. 1. 1. 1. 1. 1. 1. 1.]
<class 'numpy.ndarray'>
b_float: [1. 1. 1. 1. 1. 1. 1. 1. 1. 1.]
b: [1 1 1 1 1 1 1 1 1 1]
active_clients:  [0, 1, 2, 3, 4, 5, 6, 7, 8, 9]
Client 0's s_k are:[0 1 1 1 1 1 1 1 1 1]
Client 1's s_k are:[1 0 1 1 1 1 1 1 1 1]
Client 2's s_k are:[1 1 0 1 1 1 1 1 1 1]
Client 3's s_k are:[1 1 1 0 1 1 1 1 1 1]
Client 4's s_k are:[1 1 1 1 0 1 1 1 1 1]
Client 5's s_k are:[1 1 1 1 1 0 1 1 1 1]
Client 6's s_k are:[1 1 1 1 1 1 0 1 1 1]
Client 7's s_k are:[1 1 1 1 1 1 1 0 1 1]
Client 8's s_k are:[1 1 1 1 1 1 1 1 0 1]
Client 9's s_k are:[1 1 1 1 1 1 1 1 1 0]
| Global Round : 24 | Client :0 | Local Epoch : 0 | [64/626 (11%)]	Loss1: 5.842451 Loss2: 0.000024 
| Global Round : 24 | Client :0 | Local Epoch : 1 | [64/626 (11%)]	Loss1: 5.844158 Loss2: 0.000025 
| Global Round : 24 | Client :0 | Local Epoch : 2 | [64/626 (11%)]	Loss1: 5.843192 Loss2: 0.000029 
| Global Round : 24 | Client :0 | Local Epoch : 3 | [64/626 (11%)]	Loss1: 5.842397 Loss2: 0.000023 
| Global Round : 24 | Client :0 | Local Epoch : 4 | [64/626 (11%)]	Loss1: 5.843540 Loss2: 0.000020 
| Global Round : 24 | Client :1 | Local Epoch : 0 | [64/497 (14%)]	Loss1: 5.843533 Loss2: 0.000036 
| Global Round : 24 | Client :1 | Local Epoch : 1 | [64/497 (14%)]	Loss1: 5.843244 Loss2: 0.000037 
| Global Round : 24 | Client :1 | Local Epoch : 2 | [64/497 (14%)]	Loss1: 5.843108 Loss2: 0.000032 
| Global Round : 24 | Client :1 | Local Epoch : 3 | [64/497 (14%)]	Loss1: 5.842343 Loss2: 0.000030 
| Global Round : 24 | Client :1 | Local Epoch : 4 | [64/497 (14%)]	Loss1: 5.843245 Loss2: 0.000035 
| Global Round : 24 | Client :2 | Local Epoch : 0 | [64/597 (11%)]	Loss1: 5.841798 Loss2: 0.000018 
| Global Round : 24 | Client :2 | Local Epoch : 1 | [64/597 (11%)]	Loss1: 5.841827 Loss2: 0.000021 
| Global Round : 24 | Client :2 | Local Epoch : 2 | [64/597 (11%)]	Loss1: 5.840781 Loss2: 0.000021 
| Global Round : 24 | Client :2 | Local Epoch : 3 | [64/597 (11%)]	Loss1: 5.840868 Loss2: 0.000021 
| Global Round : 24 | Client :2 | Local Epoch : 4 | [64/597 (11%)]	Loss1: 5.840813 Loss2: 0.000025 
| Global Round : 24 | Client :3 | Local Epoch : 0 | [64/605 (11%)]	Loss1: 5.841400 Loss2: 0.000022 
| Global Round : 24 | Client :3 | Local Epoch : 1 | [64/605 (11%)]	Loss1: 5.841212 Loss2: 0.000018 
| Global Round : 24 | Client :3 | Local Epoch : 2 | [64/605 (11%)]	Loss1: 5.842227 Loss2: 0.000021 
| Global Round : 24 | Client :3 | Local Epoch : 3 | [64/605 (11%)]	Loss1: 5.841640 Loss2: 0.000021 
| Global Round : 24 | Client :3 | Local Epoch : 4 | [64/605 (11%)]	Loss1: 5.842625 Loss2: 0.000024 
| Global Round : 24 | Client :4 | Local Epoch : 0 | [64/436 (17%)]	Loss1: 5.841457 Loss2: 0.000039 
| Global Round : 24 | Client :4 | Local Epoch : 1 | [64/436 (17%)]	Loss1: 5.841304 Loss2: 0.000035 
| Global Round : 24 | Client :4 | Local Epoch : 2 | [64/436 (17%)]	Loss1: 5.840586 Loss2: 0.000041 
| Global Round : 24 | Client :4 | Local Epoch : 3 | [64/436 (17%)]	Loss1: 5.840065 Loss2: 0.000041 
| Global Round : 24 | Client :4 | Local Epoch : 4 | [64/436 (17%)]	Loss1: 5.842956 Loss2: 0.000038 
| Global Round : 24 | Client :5 | Local Epoch : 0 | [64/627 (11%)]	Loss1: 5.840477 Loss2: 0.000028 
| Global Round : 24 | Client :5 | Local Epoch : 1 | [64/627 (11%)]	Loss1: 5.841312 Loss2: 0.000026 
| Global Round : 24 | Client :5 | Local Epoch : 2 | [64/627 (11%)]	Loss1: 5.842086 Loss2: 0.000026 
| Global Round : 24 | Client :5 | Local Epoch : 3 | [64/627 (11%)]	Loss1: 5.841363 Loss2: 0.000028 
| Global Round : 24 | Client :5 | Local Epoch : 4 | [64/627 (11%)]	Loss1: 5.842467 Loss2: 0.000027 
| Global Round : 24 | Client :6 | Local Epoch : 0 | [64/571 (12%)]	Loss1: 5.840868 Loss2: 0.000019 
| Global Round : 24 | Client :6 | Local Epoch : 1 | [64/571 (12%)]	Loss1: 5.840927 Loss2: 0.000020 
| Global Round : 24 | Client :6 | Local Epoch : 2 | [64/571 (12%)]	Loss1: 5.840518 Loss2: 0.000022 
| Global Round : 24 | Client :6 | Local Epoch : 3 | [64/571 (12%)]	Loss1: 5.840867 Loss2: 0.000024 
| Global Round : 24 | Client :6 | Local Epoch : 4 | [64/571 (12%)]	Loss1: 5.841534 Loss2: 0.000020 
| Global Round : 24 | Client :7 | Local Epoch : 0 | [64/665 (10%)]	Loss1: 5.840637 Loss2: 0.000020 
| Global Round : 24 | Client :7 | Local Epoch : 1 | [64/665 (10%)]	Loss1: 5.842086 Loss2: 0.000020 
| Global Round : 24 | Client :7 | Local Epoch : 2 | [64/665 (10%)]	Loss1: 5.840692 Loss2: 0.000019 
| Global Round : 24 | Client :7 | Local Epoch : 3 | [64/665 (10%)]	Loss1: 5.841699 Loss2: 0.000021 
| Global Round : 24 | Client :7 | Local Epoch : 4 | [64/665 (10%)]	Loss1: 5.841723 Loss2: 0.000019 
| Global Round : 24 | Client :8 | Local Epoch : 0 | [64/561 (12%)]	Loss1: 5.842427 Loss2: 0.000025 
| Global Round : 24 | Client :8 | Local Epoch : 1 | [64/561 (12%)]	Loss1: 5.842790 Loss2: 0.000024 
| Global Round : 24 | Client :8 | Local Epoch : 2 | [64/561 (12%)]	Loss1: 5.841211 Loss2: 0.000026 
| Global Round : 24 | Client :8 | Local Epoch : 3 | [64/561 (12%)]	Loss1: 5.842225 Loss2: 0.000028 
| Global Round : 24 | Client :8 | Local Epoch : 4 | [64/561 (12%)]	Loss1: 5.843103 Loss2: 0.000024 
| Global Round : 24 | Client :9 | Local Epoch : 0 | [64/811 (8%)]	Loss1: 5.841102 Loss2: 0.000023 
| Global Round : 24 | Client :9 | Local Epoch : 0 | [704/811 (92%)]	Loss1: 5.840463 Loss2: 0.000025 
| Global Round : 24 | Client :9 | Local Epoch : 1 | [64/811 (8%)]	Loss1: 5.840293 Loss2: 0.000025 
| Global Round : 24 | Client :9 | Local Epoch : 1 | [704/811 (92%)]	Loss1: 5.840663 Loss2: 0.000023 
| Global Round : 24 | Client :9 | Local Epoch : 2 | [64/811 (8%)]	Loss1: 5.840944 Loss2: 0.000022 
| Global Round : 24 | Client :9 | Local Epoch : 2 | [704/811 (92%)]	Loss1: 5.839815 Loss2: 0.000026 
| Global Round : 24 | Client :9 | Local Epoch : 3 | [64/811 (8%)]	Loss1: 5.841129 Loss2: 0.000023 
| Global Round : 24 | Client :9 | Local Epoch : 3 | [704/811 (92%)]	Loss1: 5.841381 Loss2: 0.000023 
| Global Round : 24 | Client :9 | Local Epoch : 4 | [64/811 (8%)]	Loss1: 5.841203 Loss2: 0.000022 
| Global Round : 24 | Client :9 | Local Epoch : 4 | [704/811 (92%)]	Loss1: 5.840629 Loss2: 0.000024 
average loss:   5.839472803520778
average local test accuracy: 0.8513020833333332
average global test accuracy:  0.5645833333333333

 | Global Training Round : 25 |

xi_k [0.49036763 0.48032735 0.51399009 0.5072902  0.46923228 0.48932008
 0.47766399 0.51273458 0.48625138 0.50446857]
max_exp: -1.0
coe: 10
Regulation [0.8 0.8 0.8 0.8 0.8 0.8 0.8 0.8 0.8 0.8]
Solver status: optimal_inaccurate
b_new: [1. 1. 1. 1. 1. 1. 1. 1. 1. 1.]
Iter 0: obj=48.9165, best_obj=48.9165, ||b_new-b_prev||₂=2.846050
xi_k [0.49036763 0.48032735 0.51399009 0.5072902  0.46923228 0.48932008
 0.47766399 0.51273458 0.48625138 0.50446857]
max_exp: -1.0
coe: 10
Regulation [-1. -1. -1. -1. -1. -1. -1. -1. -1. -1.]
Solver status: optimal_inaccurate
b_new: [1. 1. 1. 1. 1. 1. 1. 1. 1. 1.]
Iter 1: obj=49.8165, best_obj=49.8165, ||b_new-b_prev||₂=0.000000
Converged.
Final b: [1. 1. 1. 1. 1. 1. 1. 1. 1. 1.]
<class 'numpy.ndarray'>
b_float: [1. 1. 1. 1. 1. 1. 1. 1. 1. 1.]
b: [1 1 1 1 1 1 1 1 1 1]
active_clients:  [0, 1, 2, 3, 4, 5, 6, 7, 8, 9]
Client 0's s_k are:[0 1 1 1 1 1 1 1 1 1]
Client 1's s_k are:[1 0 1 1 1 1 1 1 1 1]
Client 2's s_k are:[1 1 0 1 1 1 1 1 1 1]
Client 3's s_k are:[1 1 1 0 1 1 1 1 1 1]
Client 4's s_k are:[1 1 1 1 0 1 1 1 1 1]
Client 5's s_k are:[1 1 1 1 1 0 1 1 1 1]
Client 6's s_k are:[1 1 1 1 1 1 0 1 1 1]
Client 7's s_k are:[1 1 1 1 1 1 1 0 1 1]
Client 8's s_k are:[1 1 1 1 1 1 1 1 0 1]
Client 9's s_k are:[1 1 1 1 1 1 1 1 1 0]
| Global Round : 25 | Client :0 | Local Epoch : 0 | [64/626 (11%)]	Loss1: 5.842713 Loss2: 0.000025 
| Global Round : 25 | Client :0 | Local Epoch : 1 | [64/626 (11%)]	Loss1: 5.842811 Loss2: 0.000028 
| Global Round : 25 | Client :0 | Local Epoch : 2 | [64/626 (11%)]	Loss1: 5.843711 Loss2: 0.000023 
| Global Round : 25 | Client :0 | Local Epoch : 3 | [64/626 (11%)]	Loss1: 5.843573 Loss2: 0.000027 
| Global Round : 25 | Client :0 | Local Epoch : 4 | [64/626 (11%)]	Loss1: 5.842572 Loss2: 0.000022 
| Global Round : 25 | Client :1 | Local Epoch : 0 | [64/497 (14%)]	Loss1: 5.843301 Loss2: 0.000032 
| Global Round : 25 | Client :1 | Local Epoch : 1 | [64/497 (14%)]	Loss1: 5.842780 Loss2: 0.000031 
| Global Round : 25 | Client :1 | Local Epoch : 2 | [64/497 (14%)]	Loss1: 5.843380 Loss2: 0.000030 
| Global Round : 25 | Client :1 | Local Epoch : 3 | [64/497 (14%)]	Loss1: 5.842498 Loss2: 0.000032 
| Global Round : 25 | Client :1 | Local Epoch : 4 | [64/497 (14%)]	Loss1: 5.842640 Loss2: 0.000030 
| Global Round : 25 | Client :2 | Local Epoch : 0 | [64/597 (11%)]	Loss1: 5.841608 Loss2: 0.000020 
| Global Round : 25 | Client :2 | Local Epoch : 1 | [64/597 (11%)]	Loss1: 5.840752 Loss2: 0.000023 
| Global Round : 25 | Client :2 | Local Epoch : 2 | [64/597 (11%)]	Loss1: 5.841431 Loss2: 0.000021 
| Global Round : 25 | Client :2 | Local Epoch : 3 | [64/597 (11%)]	Loss1: 5.841213 Loss2: 0.000020 
| Global Round : 25 | Client :2 | Local Epoch : 4 | [64/597 (11%)]	Loss1: 5.840312 Loss2: 0.000021 
| Global Round : 25 | Client :3 | Local Epoch : 0 | [64/605 (11%)]	Loss1: 5.841275 Loss2: 0.000020 
| Global Round : 25 | Client :3 | Local Epoch : 1 | [64/605 (11%)]	Loss1: 5.842913 Loss2: 0.000023 
| Global Round : 25 | Client :3 | Local Epoch : 2 | [64/605 (11%)]	Loss1: 5.841673 Loss2: 0.000022 
| Global Round : 25 | Client :3 | Local Epoch : 3 | [64/605 (11%)]	Loss1: 5.841444 Loss2: 0.000021 
| Global Round : 25 | Client :3 | Local Epoch : 4 | [64/605 (11%)]	Loss1: 5.841006 Loss2: 0.000023 
| Global Round : 25 | Client :4 | Local Epoch : 0 | [64/436 (17%)]	Loss1: 5.842070 Loss2: 0.000036 
| Global Round : 25 | Client :4 | Local Epoch : 1 | [64/436 (17%)]	Loss1: 5.841410 Loss2: 0.000041 
| Global Round : 25 | Client :4 | Local Epoch : 2 | [64/436 (17%)]	Loss1: 5.839380 Loss2: 0.000033 
| Global Round : 25 | Client :4 | Local Epoch : 3 | [64/436 (17%)]	Loss1: 5.841033 Loss2: 0.000038 
| Global Round : 25 | Client :4 | Local Epoch : 4 | [64/436 (17%)]	Loss1: 5.840923 Loss2: 0.000040 
| Global Round : 25 | Client :5 | Local Epoch : 0 | [64/627 (11%)]	Loss1: 5.841379 Loss2: 0.000024 
| Global Round : 25 | Client :5 | Local Epoch : 1 | [64/627 (11%)]	Loss1: 5.841148 Loss2: 0.000028 
| Global Round : 25 | Client :5 | Local Epoch : 2 | [64/627 (11%)]	Loss1: 5.841901 Loss2: 0.000029 
| Global Round : 25 | Client :5 | Local Epoch : 3 | [64/627 (11%)]	Loss1: 5.840581 Loss2: 0.000030 
| Global Round : 25 | Client :5 | Local Epoch : 4 | [64/627 (11%)]	Loss1: 5.841663 Loss2: 0.000027 
| Global Round : 25 | Client :6 | Local Epoch : 0 | [64/571 (12%)]	Loss1: 5.840679 Loss2: 0.000020 
| Global Round : 25 | Client :6 | Local Epoch : 1 | [64/571 (12%)]	Loss1: 5.841052 Loss2: 0.000019 
| Global Round : 25 | Client :6 | Local Epoch : 2 | [64/571 (12%)]	Loss1: 5.841129 Loss2: 0.000026 
| Global Round : 25 | Client :6 | Local Epoch : 3 | [64/571 (12%)]	Loss1: 5.841005 Loss2: 0.000021 
| Global Round : 25 | Client :6 | Local Epoch : 4 | [64/571 (12%)]	Loss1: 5.841466 Loss2: 0.000023 
| Global Round : 25 | Client :7 | Local Epoch : 0 | [64/665 (10%)]	Loss1: 5.841169 Loss2: 0.000023 
| Global Round : 25 | Client :7 | Local Epoch : 1 | [64/665 (10%)]	Loss1: 5.841444 Loss2: 0.000023 
| Global Round : 25 | Client :7 | Local Epoch : 2 | [64/665 (10%)]	Loss1: 5.840807 Loss2: 0.000021 
| Global Round : 25 | Client :7 | Local Epoch : 3 | [64/665 (10%)]	Loss1: 5.842486 Loss2: 0.000022 
| Global Round : 25 | Client :7 | Local Epoch : 4 | [64/665 (10%)]	Loss1: 5.842226 Loss2: 0.000020 
| Global Round : 25 | Client :8 | Local Epoch : 0 | [64/561 (12%)]	Loss1: 5.841587 Loss2: 0.000020 
| Global Round : 25 | Client :8 | Local Epoch : 1 | [64/561 (12%)]	Loss1: 5.840726 Loss2: 0.000030 
| Global Round : 25 | Client :8 | Local Epoch : 2 | [64/561 (12%)]	Loss1: 5.841194 Loss2: 0.000025 
| Global Round : 25 | Client :8 | Local Epoch : 3 | [64/561 (12%)]	Loss1: 5.841510 Loss2: 0.000026 
| Global Round : 25 | Client :8 | Local Epoch : 4 | [64/561 (12%)]	Loss1: 5.841964 Loss2: 0.000026 
| Global Round : 25 | Client :9 | Local Epoch : 0 | [64/811 (8%)]	Loss1: 5.840274 Loss2: 0.000022 
| Global Round : 25 | Client :9 | Local Epoch : 0 | [704/811 (92%)]	Loss1: 5.840882 Loss2: 0.000023 
| Global Round : 25 | Client :9 | Local Epoch : 1 | [64/811 (8%)]	Loss1: 5.840866 Loss2: 0.000018 
| Global Round : 25 | Client :9 | Local Epoch : 1 | [704/811 (92%)]	Loss1: 5.840286 Loss2: 0.000021 
| Global Round : 25 | Client :9 | Local Epoch : 2 | [64/811 (8%)]	Loss1: 5.840922 Loss2: 0.000025 
| Global Round : 25 | Client :9 | Local Epoch : 2 | [704/811 (92%)]	Loss1: 5.839972 Loss2: 0.000025 
| Global Round : 25 | Client :9 | Local Epoch : 3 | [64/811 (8%)]	Loss1: 5.839522 Loss2: 0.000021 
| Global Round : 25 | Client :9 | Local Epoch : 3 | [704/811 (92%)]	Loss1: 5.841814 Loss2: 0.000027 
| Global Round : 25 | Client :9 | Local Epoch : 4 | [64/811 (8%)]	Loss1: 5.841095 Loss2: 0.000022 
| Global Round : 25 | Client :9 | Local Epoch : 4 | [704/811 (92%)]	Loss1: 5.839953 Loss2: 0.000026 
average loss:   5.839348815812006
average local test accuracy: 0.8518229166666668
average global test accuracy:  0.5455729166666667

 | Global Training Round : 26 |

xi_k [0.49036014 0.48032593 0.51396832 0.50723839 0.46921041 0.48934732
 0.47762331 0.5127107  0.48624109 0.50441246]
max_exp: -1.0
coe: 10
Regulation [0.8 0.8 0.8 0.8 0.8 0.8 0.8 0.8 0.8 0.8]
Solver status: optimal_inaccurate
b_new: [1. 1. 1. 1. 1. 1. 1. 1. 1. 1.]
Iter 0: obj=48.9144, best_obj=48.9144, ||b_new-b_prev||₂=2.846050
xi_k [0.49036014 0.48032593 0.51396832 0.50723839 0.46921041 0.48934732
 0.47762331 0.5127107  0.48624109 0.50441246]
max_exp: -1.0
coe: 10
Regulation [-1. -1. -1. -1. -1. -1. -1. -1. -1. -1.]
Solver status: optimal_inaccurate
b_new: [1. 1. 1. 1. 1. 1. 1. 1. 1. 1.]
Iter 1: obj=49.8144, best_obj=49.8144, ||b_new-b_prev||₂=0.000000
Converged.
Final b: [1. 1. 1. 1. 1. 1. 1. 1. 1. 1.]
<class 'numpy.ndarray'>
b_float: [1. 1. 1. 1. 1. 1. 1. 1. 1. 1.]
b: [1 1 1 1 1 1 1 1 1 1]
active_clients:  [0, 1, 2, 3, 4, 5, 6, 7, 8, 9]
Client 0's s_k are:[0 1 1 1 1 1 1 1 1 1]
Client 1's s_k are:[1 0 1 1 1 1 1 1 1 1]
Client 2's s_k are:[1 1 0 1 1 1 1 1 1 1]
Client 3's s_k are:[1 1 1 0 1 1 1 1 1 1]
Client 4's s_k are:[1 1 1 1 0 1 1 1 1 1]
Client 5's s_k are:[1 1 1 1 1 0 1 1 1 1]
Client 6's s_k are:[1 1 1 1 1 1 0 1 1 1]
Client 7's s_k are:[1 1 1 1 1 1 1 0 1 1]
Client 8's s_k are:[1 1 1 1 1 1 1 1 0 1]
Client 9's s_k are:[1 1 1 1 1 1 1 1 1 0]
| Global Round : 26 | Client :0 | Local Epoch : 0 | [64/626 (11%)]	Loss1: 5.841987 Loss2: 0.000022 
| Global Round : 26 | Client :0 | Local Epoch : 1 | [64/626 (11%)]	Loss1: 5.841760 Loss2: 0.000024 
| Global Round : 26 | Client :0 | Local Epoch : 2 | [64/626 (11%)]	Loss1: 5.842821 Loss2: 0.000022 
| Global Round : 26 | Client :0 | Local Epoch : 3 | [64/626 (11%)]	Loss1: 5.842320 Loss2: 0.000025 
| Global Round : 26 | Client :0 | Local Epoch : 4 | [64/626 (11%)]	Loss1: 5.842717 Loss2: 0.000026 
| Global Round : 26 | Client :1 | Local Epoch : 0 | [64/497 (14%)]	Loss1: 5.842325 Loss2: 0.000030 
| Global Round : 26 | Client :1 | Local Epoch : 1 | [64/497 (14%)]	Loss1: 5.840568 Loss2: 0.000034 
| Global Round : 26 | Client :1 | Local Epoch : 2 | [64/497 (14%)]	Loss1: 5.840631 Loss2: 0.000027 
| Global Round : 26 | Client :1 | Local Epoch : 3 | [64/497 (14%)]	Loss1: 5.841366 Loss2: 0.000034 
| Global Round : 26 | Client :1 | Local Epoch : 4 | [64/497 (14%)]	Loss1: 5.842830 Loss2: 0.000031 
| Global Round : 26 | Client :2 | Local Epoch : 0 | [64/597 (11%)]	Loss1: 5.841148 Loss2: 0.000022 
| Global Round : 26 | Client :2 | Local Epoch : 1 | [64/597 (11%)]	Loss1: 5.841332 Loss2: 0.000019 
| Global Round : 26 | Client :2 | Local Epoch : 2 | [64/597 (11%)]	Loss1: 5.841225 Loss2: 0.000022 
| Global Round : 26 | Client :2 | Local Epoch : 3 | [64/597 (11%)]	Loss1: 5.841903 Loss2: 0.000023 
| Global Round : 26 | Client :2 | Local Epoch : 4 | [64/597 (11%)]	Loss1: 5.841876 Loss2: 0.000021 
| Global Round : 26 | Client :3 | Local Epoch : 0 | [64/605 (11%)]	Loss1: 5.842927 Loss2: 0.000023 
| Global Round : 26 | Client :3 | Local Epoch : 1 | [64/605 (11%)]	Loss1: 5.842515 Loss2: 0.000019 
| Global Round : 26 | Client :3 | Local Epoch : 2 | [64/605 (11%)]	Loss1: 5.841917 Loss2: 0.000021 
| Global Round : 26 | Client :3 | Local Epoch : 3 | [64/605 (11%)]	Loss1: 5.842324 Loss2: 0.000023 
| Global Round : 26 | Client :3 | Local Epoch : 4 | [64/605 (11%)]	Loss1: 5.842393 Loss2: 0.000018 
| Global Round : 26 | Client :4 | Local Epoch : 0 | [64/436 (17%)]	Loss1: 5.840826 Loss2: 0.000038 
| Global Round : 26 | Client :4 | Local Epoch : 1 | [64/436 (17%)]	Loss1: 5.842324 Loss2: 0.000037 
| Global Round : 26 | Client :4 | Local Epoch : 2 | [64/436 (17%)]	Loss1: 5.840539 Loss2: 0.000041 
| Global Round : 26 | Client :4 | Local Epoch : 3 | [64/436 (17%)]	Loss1: 5.840309 Loss2: 0.000034 
| Global Round : 26 | Client :4 | Local Epoch : 4 | [64/436 (17%)]	Loss1: 5.842042 Loss2: 0.000038 
| Global Round : 26 | Client :5 | Local Epoch : 0 | [64/627 (11%)]	Loss1: 5.839664 Loss2: 0.000029 
| Global Round : 26 | Client :5 | Local Epoch : 1 | [64/627 (11%)]	Loss1: 5.842148 Loss2: 0.000030 
| Global Round : 26 | Client :5 | Local Epoch : 2 | [64/627 (11%)]	Loss1: 5.840923 Loss2: 0.000029 
| Global Round : 26 | Client :5 | Local Epoch : 3 | [64/627 (11%)]	Loss1: 5.840693 Loss2: 0.000024 
| Global Round : 26 | Client :5 | Local Epoch : 4 | [64/627 (11%)]	Loss1: 5.840764 Loss2: 0.000024 
| Global Round : 26 | Client :6 | Local Epoch : 0 | [64/571 (12%)]	Loss1: 5.840008 Loss2: 0.000019 
| Global Round : 26 | Client :6 | Local Epoch : 1 | [64/571 (12%)]	Loss1: 5.841546 Loss2: 0.000018 
| Global Round : 26 | Client :6 | Local Epoch : 2 | [64/571 (12%)]	Loss1: 5.841846 Loss2: 0.000021 
| Global Round : 26 | Client :6 | Local Epoch : 3 | [64/571 (12%)]	Loss1: 5.841251 Loss2: 0.000022 
| Global Round : 26 | Client :6 | Local Epoch : 4 | [64/571 (12%)]	Loss1: 5.840806 Loss2: 0.000020 
| Global Round : 26 | Client :7 | Local Epoch : 0 | [64/665 (10%)]	Loss1: 5.841643 Loss2: 0.000020 
| Global Round : 26 | Client :7 | Local Epoch : 1 | [64/665 (10%)]	Loss1: 5.842000 Loss2: 0.000027 
| Global Round : 26 | Client :7 | Local Epoch : 2 | [64/665 (10%)]	Loss1: 5.842101 Loss2: 0.000022 
| Global Round : 26 | Client :7 | Local Epoch : 3 | [64/665 (10%)]	Loss1: 5.842486 Loss2: 0.000019 
| Global Round : 26 | Client :7 | Local Epoch : 4 | [64/665 (10%)]	Loss1: 5.840465 Loss2: 0.000025 
| Global Round : 26 | Client :8 | Local Epoch : 0 | [64/561 (12%)]	Loss1: 5.841276 Loss2: 0.000027 
| Global Round : 26 | Client :8 | Local Epoch : 1 | [64/561 (12%)]	Loss1: 5.841536 Loss2: 0.000023 
| Global Round : 26 | Client :8 | Local Epoch : 2 | [64/561 (12%)]	Loss1: 5.842379 Loss2: 0.000026 
| Global Round : 26 | Client :8 | Local Epoch : 3 | [64/561 (12%)]	Loss1: 5.841527 Loss2: 0.000023 
| Global Round : 26 | Client :8 | Local Epoch : 4 | [64/561 (12%)]	Loss1: 5.840118 Loss2: 0.000025 
| Global Round : 26 | Client :9 | Local Epoch : 0 | [64/811 (8%)]	Loss1: 5.840582 Loss2: 0.000024 
| Global Round : 26 | Client :9 | Local Epoch : 0 | [704/811 (92%)]	Loss1: 5.840080 Loss2: 0.000028 
| Global Round : 26 | Client :9 | Local Epoch : 1 | [64/811 (8%)]	Loss1: 5.841371 Loss2: 0.000020 
| Global Round : 26 | Client :9 | Local Epoch : 1 | [704/811 (92%)]	Loss1: 5.842062 Loss2: 0.000028 
| Global Round : 26 | Client :9 | Local Epoch : 2 | [64/811 (8%)]	Loss1: 5.840409 Loss2: 0.000024 
| Global Round : 26 | Client :9 | Local Epoch : 2 | [704/811 (92%)]	Loss1: 5.842216 Loss2: 0.000026 
| Global Round : 26 | Client :9 | Local Epoch : 3 | [64/811 (8%)]	Loss1: 5.841007 Loss2: 0.000021 
| Global Round : 26 | Client :9 | Local Epoch : 3 | [704/811 (92%)]	Loss1: 5.841663 Loss2: 0.000027 
| Global Round : 26 | Client :9 | Local Epoch : 4 | [64/811 (8%)]	Loss1: 5.840828 Loss2: 0.000024 
| Global Round : 26 | Client :9 | Local Epoch : 4 | [704/811 (92%)]	Loss1: 5.840326 Loss2: 0.000025 
average loss:   5.839383818440967
average local test accuracy: 0.8498697916666667
average global test accuracy:  0.5701822916666666

 | Global Training Round : 27 |

xi_k [0.49031735 0.48033596 0.51399911 0.5072477  0.46915684 0.48933251
 0.47762926 0.51272976 0.48619756 0.5044397 ]
max_exp: -1.0
coe: 10
Regulation [0.8 0.8 0.8 0.8 0.8 0.8 0.8 0.8 0.8 0.8]
Solver status: optimal_inaccurate
b_new: [1. 1. 1. 1. 1. 1. 1. 1. 1. 1.]
Iter 0: obj=48.9139, best_obj=48.9139, ||b_new-b_prev||₂=2.846050
xi_k [0.49031735 0.48033596 0.51399911 0.5072477  0.46915684 0.48933251
 0.47762926 0.51272976 0.48619756 0.5044397 ]
max_exp: -1.0
coe: 10
Regulation [-1. -1. -1. -1. -1. -1. -1. -1. -1. -1.]
Solver status: optimal_inaccurate
b_new: [1. 1. 1. 1. 1. 1. 1. 1. 1. 1.]
Iter 1: obj=49.8139, best_obj=49.8139, ||b_new-b_prev||₂=0.000000
Converged.
Final b: [1. 1. 1. 1. 1. 1. 1. 1. 1. 1.]
<class 'numpy.ndarray'>
b_float: [1. 1. 1. 1. 1. 1. 1. 1. 1. 1.]
b: [1 1 1 1 1 1 1 1 1 1]
active_clients:  [0, 1, 2, 3, 4, 5, 6, 7, 8, 9]
Client 0's s_k are:[0 1 1 1 1 1 1 1 1 1]
Client 1's s_k are:[1 0 1 1 1 1 1 1 1 1]
Client 2's s_k are:[1 1 0 1 1 1 1 1 1 1]
Client 3's s_k are:[1 1 1 0 1 1 1 1 1 1]
Client 4's s_k are:[1 1 1 1 0 1 1 1 1 1]
Client 5's s_k are:[1 1 1 1 1 0 1 1 1 1]
Client 6's s_k are:[1 1 1 1 1 1 0 1 1 1]
Client 7's s_k are:[1 1 1 1 1 1 1 0 1 1]
Client 8's s_k are:[1 1 1 1 1 1 1 1 0 1]
Client 9's s_k are:[1 1 1 1 1 1 1 1 1 0]
| Global Round : 27 | Client :0 | Local Epoch : 0 | [64/626 (11%)]	Loss1: 5.841804 Loss2: 0.000024 
| Global Round : 27 | Client :0 | Local Epoch : 1 | [64/626 (11%)]	Loss1: 5.842420 Loss2: 0.000026 
| Global Round : 27 | Client :0 | Local Epoch : 2 | [64/626 (11%)]	Loss1: 5.841854 Loss2: 0.000024 
| Global Round : 27 | Client :0 | Local Epoch : 3 | [64/626 (11%)]	Loss1: 5.843538 Loss2: 0.000025 
| Global Round : 27 | Client :0 | Local Epoch : 4 | [64/626 (11%)]	Loss1: 5.842359 Loss2: 0.000024 
| Global Round : 27 | Client :1 | Local Epoch : 0 | [64/497 (14%)]	Loss1: 5.841797 Loss2: 0.000034 
| Global Round : 27 | Client :1 | Local Epoch : 1 | [64/497 (14%)]	Loss1: 5.844244 Loss2: 0.000033 
| Global Round : 27 | Client :1 | Local Epoch : 2 | [64/497 (14%)]	Loss1: 5.842189 Loss2: 0.000034 
| Global Round : 27 | Client :1 | Local Epoch : 3 | [64/497 (14%)]	Loss1: 5.842945 Loss2: 0.000030 
| Global Round : 27 | Client :1 | Local Epoch : 4 | [64/497 (14%)]	Loss1: 5.841728 Loss2: 0.000030 
| Global Round : 27 | Client :2 | Local Epoch : 0 | [64/597 (11%)]	Loss1: 5.840927 Loss2: 0.000022 
| Global Round : 27 | Client :2 | Local Epoch : 1 | [64/597 (11%)]	Loss1: 5.840653 Loss2: 0.000022 
| Global Round : 27 | Client :2 | Local Epoch : 2 | [64/597 (11%)]	Loss1: 5.840702 Loss2: 0.000024 
| Global Round : 27 | Client :2 | Local Epoch : 3 | [64/597 (11%)]	Loss1: 5.840628 Loss2: 0.000026 
| Global Round : 27 | Client :2 | Local Epoch : 4 | [64/597 (11%)]	Loss1: 5.841882 Loss2: 0.000020 
| Global Round : 27 | Client :3 | Local Epoch : 0 | [64/605 (11%)]	Loss1: 5.844200 Loss2: 0.000021 
| Global Round : 27 | Client :3 | Local Epoch : 1 | [64/605 (11%)]	Loss1: 5.840625 Loss2: 0.000020 
| Global Round : 27 | Client :3 | Local Epoch : 2 | [64/605 (11%)]	Loss1: 5.841809 Loss2: 0.000022 
| Global Round : 27 | Client :3 | Local Epoch : 3 | [64/605 (11%)]	Loss1: 5.842184 Loss2: 0.000022 
| Global Round : 27 | Client :3 | Local Epoch : 4 | [64/605 (11%)]	Loss1: 5.841644 Loss2: 0.000022 
| Global Round : 27 | Client :4 | Local Epoch : 0 | [64/436 (17%)]	Loss1: 5.840890 Loss2: 0.000036 
| Global Round : 27 | Client :4 | Local Epoch : 1 | [64/436 (17%)]	Loss1: 5.840660 Loss2: 0.000040 
| Global Round : 27 | Client :4 | Local Epoch : 2 | [64/436 (17%)]	Loss1: 5.840499 Loss2: 0.000037 
| Global Round : 27 | Client :4 | Local Epoch : 3 | [64/436 (17%)]	Loss1: 5.840942 Loss2: 0.000035 
| Global Round : 27 | Client :4 | Local Epoch : 4 | [64/436 (17%)]	Loss1: 5.841151 Loss2: 0.000041 
| Global Round : 27 | Client :5 | Local Epoch : 0 | [64/627 (11%)]	Loss1: 5.841527 Loss2: 0.000030 
| Global Round : 27 | Client :5 | Local Epoch : 1 | [64/627 (11%)]	Loss1: 5.841667 Loss2: 0.000025 
| Global Round : 27 | Client :5 | Local Epoch : 2 | [64/627 (11%)]	Loss1: 5.841309 Loss2: 0.000028 
| Global Round : 27 | Client :5 | Local Epoch : 3 | [64/627 (11%)]	Loss1: 5.841335 Loss2: 0.000026 
| Global Round : 27 | Client :5 | Local Epoch : 4 | [64/627 (11%)]	Loss1: 5.840402 Loss2: 0.000029 
| Global Round : 27 | Client :6 | Local Epoch : 0 | [64/571 (12%)]	Loss1: 5.840384 Loss2: 0.000023 
| Global Round : 27 | Client :6 | Local Epoch : 1 | [64/571 (12%)]	Loss1: 5.839944 Loss2: 0.000019 
| Global Round : 27 | Client :6 | Local Epoch : 2 | [64/571 (12%)]	Loss1: 5.840029 Loss2: 0.000022 
| Global Round : 27 | Client :6 | Local Epoch : 3 | [64/571 (12%)]	Loss1: 5.841352 Loss2: 0.000021 
| Global Round : 27 | Client :6 | Local Epoch : 4 | [64/571 (12%)]	Loss1: 5.839742 Loss2: 0.000021 
| Global Round : 27 | Client :7 | Local Epoch : 0 | [64/665 (10%)]	Loss1: 5.841095 Loss2: 0.000021 
| Global Round : 27 | Client :7 | Local Epoch : 1 | [64/665 (10%)]	Loss1: 5.842937 Loss2: 0.000018 
| Global Round : 27 | Client :7 | Local Epoch : 2 | [64/665 (10%)]	Loss1: 5.842218 Loss2: 0.000018 
| Global Round : 27 | Client :7 | Local Epoch : 3 | [64/665 (10%)]	Loss1: 5.841636 Loss2: 0.000019 
| Global Round : 27 | Client :7 | Local Epoch : 4 | [64/665 (10%)]	Loss1: 5.842053 Loss2: 0.000020 
| Global Round : 27 | Client :8 | Local Epoch : 0 | [64/561 (12%)]	Loss1: 5.842049 Loss2: 0.000024 
| Global Round : 27 | Client :8 | Local Epoch : 1 | [64/561 (12%)]	Loss1: 5.842297 Loss2: 0.000032 
| Global Round : 27 | Client :8 | Local Epoch : 2 | [64/561 (12%)]	Loss1: 5.839839 Loss2: 0.000024 
| Global Round : 27 | Client :8 | Local Epoch : 3 | [64/561 (12%)]	Loss1: 5.842510 Loss2: 0.000028 
| Global Round : 27 | Client :8 | Local Epoch : 4 | [64/561 (12%)]	Loss1: 5.841268 Loss2: 0.000023 
| Global Round : 27 | Client :9 | Local Epoch : 0 | [64/811 (8%)]	Loss1: 5.840906 Loss2: 0.000022 
| Global Round : 27 | Client :9 | Local Epoch : 0 | [704/811 (92%)]	Loss1: 5.842308 Loss2: 0.000026 
| Global Round : 27 | Client :9 | Local Epoch : 1 | [64/811 (8%)]	Loss1: 5.840953 Loss2: 0.000022 
| Global Round : 27 | Client :9 | Local Epoch : 1 | [704/811 (92%)]	Loss1: 5.839616 Loss2: 0.000025 
| Global Round : 27 | Client :9 | Local Epoch : 2 | [64/811 (8%)]	Loss1: 5.841243 Loss2: 0.000021 
| Global Round : 27 | Client :9 | Local Epoch : 2 | [704/811 (92%)]	Loss1: 5.841572 Loss2: 0.000023 
| Global Round : 27 | Client :9 | Local Epoch : 3 | [64/811 (8%)]	Loss1: 5.842354 Loss2: 0.000021 
| Global Round : 27 | Client :9 | Local Epoch : 3 | [704/811 (92%)]	Loss1: 5.840438 Loss2: 0.000023 
| Global Round : 27 | Client :9 | Local Epoch : 4 | [64/811 (8%)]	Loss1: 5.840158 Loss2: 0.000021 
| Global Round : 27 | Client :9 | Local Epoch : 4 | [704/811 (92%)]	Loss1: 5.841335 Loss2: 0.000030 
average loss:   5.839284550708436
average local test accuracy: 0.856640625
average global test accuracy:  0.5548177083333334

 | Global Training Round : 28 |

xi_k [0.49032187 0.48030119 0.51394885 0.50722803 0.46921488 0.48934303
 0.47762165 0.51269177 0.48619897 0.50441074]
max_exp: -1.0
coe: 10
Regulation [0.8 0.8 0.8 0.8 0.8 0.8 0.8 0.8 0.8 0.8]
Solver status: optimal_inaccurate
b_new: [1. 1. 1. 1. 1. 1. 1. 1. 1. 1.]
Iter 0: obj=48.9128, best_obj=48.9128, ||b_new-b_prev||₂=2.846050
xi_k [0.49032187 0.48030119 0.51394885 0.50722803 0.46921488 0.48934303
 0.47762165 0.51269177 0.48619897 0.50441074]
max_exp: -1.0
coe: 10
Regulation [-1. -1. -1. -1. -1. -1. -1. -1. -1. -1.]
Solver status: optimal_inaccurate
b_new: [1. 1. 1. 1. 1. 1. 1. 1. 1. 1.]
Iter 1: obj=49.8128, best_obj=49.8128, ||b_new-b_prev||₂=0.000000
Converged.
Final b: [1. 1. 1. 1. 1. 1. 1. 1. 1. 1.]
<class 'numpy.ndarray'>
b_float: [1. 1. 1. 1. 1. 1. 1. 1. 1. 1.]
b: [1 1 1 1 1 1 1 1 1 1]
active_clients:  [0, 1, 2, 3, 4, 5, 6, 7, 8, 9]
Client 0's s_k are:[0 1 1 1 1 1 1 1 1 1]
Client 1's s_k are:[1 0 1 1 1 1 1 1 1 1]
Client 2's s_k are:[1 1 0 1 1 1 1 1 1 1]
Client 3's s_k are:[1 1 1 0 1 1 1 1 1 1]
Client 4's s_k are:[1 1 1 1 0 1 1 1 1 1]
Client 5's s_k are:[1 1 1 1 1 0 1 1 1 1]
Client 6's s_k are:[1 1 1 1 1 1 0 1 1 1]
Client 7's s_k are:[1 1 1 1 1 1 1 0 1 1]
Client 8's s_k are:[1 1 1 1 1 1 1 1 0 1]
Client 9's s_k are:[1 1 1 1 1 1 1 1 1 0]
| Global Round : 28 | Client :0 | Local Epoch : 0 | [64/626 (11%)]	Loss1: 5.841788 Loss2: 0.000025 
| Global Round : 28 | Client :0 | Local Epoch : 1 | [64/626 (11%)]	Loss1: 5.842127 Loss2: 0.000021 
| Global Round : 28 | Client :0 | Local Epoch : 2 | [64/626 (11%)]	Loss1: 5.841894 Loss2: 0.000020 
| Global Round : 28 | Client :0 | Local Epoch : 3 | [64/626 (11%)]	Loss1: 5.841873 Loss2: 0.000026 
| Global Round : 28 | Client :0 | Local Epoch : 4 | [64/626 (11%)]	Loss1: 5.843801 Loss2: 0.000022 
| Global Round : 28 | Client :1 | Local Epoch : 0 | [64/497 (14%)]	Loss1: 5.843242 Loss2: 0.000031 
| Global Round : 28 | Client :1 | Local Epoch : 1 | [64/497 (14%)]	Loss1: 5.841843 Loss2: 0.000037 
| Global Round : 28 | Client :1 | Local Epoch : 2 | [64/497 (14%)]	Loss1: 5.841917 Loss2: 0.000030 
| Global Round : 28 | Client :1 | Local Epoch : 3 | [64/497 (14%)]	Loss1: 5.842939 Loss2: 0.000031 
| Global Round : 28 | Client :1 | Local Epoch : 4 | [64/497 (14%)]	Loss1: 5.841210 Loss2: 0.000029 
| Global Round : 28 | Client :2 | Local Epoch : 0 | [64/597 (11%)]	Loss1: 5.841298 Loss2: 0.000021 
| Global Round : 28 | Client :2 | Local Epoch : 1 | [64/597 (11%)]	Loss1: 5.840995 Loss2: 0.000021 
| Global Round : 28 | Client :2 | Local Epoch : 2 | [64/597 (11%)]	Loss1: 5.841267 Loss2: 0.000022 
| Global Round : 28 | Client :2 | Local Epoch : 3 | [64/597 (11%)]	Loss1: 5.840158 Loss2: 0.000025 
| Global Round : 28 | Client :2 | Local Epoch : 4 | [64/597 (11%)]	Loss1: 5.841274 Loss2: 0.000023 
| Global Round : 28 | Client :3 | Local Epoch : 0 | [64/605 (11%)]	Loss1: 5.841367 Loss2: 0.000020 
| Global Round : 28 | Client :3 | Local Epoch : 1 | [64/605 (11%)]	Loss1: 5.842112 Loss2: 0.000019 
| Global Round : 28 | Client :3 | Local Epoch : 2 | [64/605 (11%)]	Loss1: 5.842105 Loss2: 0.000018 
| Global Round : 28 | Client :3 | Local Epoch : 3 | [64/605 (11%)]	Loss1: 5.841259 Loss2: 0.000023 
| Global Round : 28 | Client :3 | Local Epoch : 4 | [64/605 (11%)]	Loss1: 5.840383 Loss2: 0.000020 
| Global Round : 28 | Client :4 | Local Epoch : 0 | [64/436 (17%)]	Loss1: 5.840091 Loss2: 0.000033 
| Global Round : 28 | Client :4 | Local Epoch : 1 | [64/436 (17%)]	Loss1: 5.841526 Loss2: 0.000037 
| Global Round : 28 | Client :4 | Local Epoch : 2 | [64/436 (17%)]	Loss1: 5.839955 Loss2: 0.000038 
| Global Round : 28 | Client :4 | Local Epoch : 3 | [64/436 (17%)]	Loss1: 5.841805 Loss2: 0.000034 
| Global Round : 28 | Client :4 | Local Epoch : 4 | [64/436 (17%)]	Loss1: 5.840284 Loss2: 0.000037 
| Global Round : 28 | Client :5 | Local Epoch : 0 | [64/627 (11%)]	Loss1: 5.840280 Loss2: 0.000029 
| Global Round : 28 | Client :5 | Local Epoch : 1 | [64/627 (11%)]	Loss1: 5.840459 Loss2: 0.000028 
| Global Round : 28 | Client :5 | Local Epoch : 2 | [64/627 (11%)]	Loss1: 5.841333 Loss2: 0.000032 
| Global Round : 28 | Client :5 | Local Epoch : 3 | [64/627 (11%)]	Loss1: 5.840249 Loss2: 0.000027 
| Global Round : 28 | Client :5 | Local Epoch : 4 | [64/627 (11%)]	Loss1: 5.840912 Loss2: 0.000027 
| Global Round : 28 | Client :6 | Local Epoch : 0 | [64/571 (12%)]	Loss1: 5.840503 Loss2: 0.000019 
| Global Round : 28 | Client :6 | Local Epoch : 1 | [64/571 (12%)]	Loss1: 5.841386 Loss2: 0.000020 
| Global Round : 28 | Client :6 | Local Epoch : 2 | [64/571 (12%)]	Loss1: 5.841819 Loss2: 0.000020 
| Global Round : 28 | Client :6 | Local Epoch : 3 | [64/571 (12%)]	Loss1: 5.840472 Loss2: 0.000018 
| Global Round : 28 | Client :6 | Local Epoch : 4 | [64/571 (12%)]	Loss1: 5.841058 Loss2: 0.000020 
| Global Round : 28 | Client :7 | Local Epoch : 0 | [64/665 (10%)]	Loss1: 5.840922 Loss2: 0.000020 
| Global Round : 28 | Client :7 | Local Epoch : 1 | [64/665 (10%)]	Loss1: 5.843434 Loss2: 0.000020 
| Global Round : 28 | Client :7 | Local Epoch : 2 | [64/665 (10%)]	Loss1: 5.841870 Loss2: 0.000021 
| Global Round : 28 | Client :7 | Local Epoch : 3 | [64/665 (10%)]	Loss1: 5.841110 Loss2: 0.000019 
| Global Round : 28 | Client :7 | Local Epoch : 4 | [64/665 (10%)]	Loss1: 5.839966 Loss2: 0.000019 
| Global Round : 28 | Client :8 | Local Epoch : 0 | [64/561 (12%)]	Loss1: 5.840058 Loss2: 0.000027 
| Global Round : 28 | Client :8 | Local Epoch : 1 | [64/561 (12%)]	Loss1: 5.840773 Loss2: 0.000030 
| Global Round : 28 | Client :8 | Local Epoch : 2 | [64/561 (12%)]	Loss1: 5.841981 Loss2: 0.000026 
| Global Round : 28 | Client :8 | Local Epoch : 3 | [64/561 (12%)]	Loss1: 5.840002 Loss2: 0.000025 
| Global Round : 28 | Client :8 | Local Epoch : 4 | [64/561 (12%)]	Loss1: 5.841761 Loss2: 0.000025 
| Global Round : 28 | Client :9 | Local Epoch : 0 | [64/811 (8%)]	Loss1: 5.840475 Loss2: 0.000024 
| Global Round : 28 | Client :9 | Local Epoch : 0 | [704/811 (92%)]	Loss1: 5.840231 Loss2: 0.000021 
| Global Round : 28 | Client :9 | Local Epoch : 1 | [64/811 (8%)]	Loss1: 5.841026 Loss2: 0.000021 
| Global Round : 28 | Client :9 | Local Epoch : 1 | [704/811 (92%)]	Loss1: 5.840830 Loss2: 0.000027 
| Global Round : 28 | Client :9 | Local Epoch : 2 | [64/811 (8%)]	Loss1: 5.841232 Loss2: 0.000023 
| Global Round : 28 | Client :9 | Local Epoch : 2 | [704/811 (92%)]	Loss1: 5.841570 Loss2: 0.000025 
| Global Round : 28 | Client :9 | Local Epoch : 3 | [64/811 (8%)]	Loss1: 5.840442 Loss2: 0.000024 
| Global Round : 28 | Client :9 | Local Epoch : 3 | [704/811 (92%)]	Loss1: 5.840108 Loss2: 0.000024 
| Global Round : 28 | Client :9 | Local Epoch : 4 | [64/811 (8%)]	Loss1: 5.839971 Loss2: 0.000019 
| Global Round : 28 | Client :9 | Local Epoch : 4 | [704/811 (92%)]	Loss1: 5.839998 Loss2: 0.000031 
average loss:   5.839275531541734
average local test accuracy: 0.85234375
average global test accuracy:  0.5916666666666667

 | Global Training Round : 29 |

xi_k [0.49030474 0.48026756 0.51393474 0.50719473 0.46918079 0.48931874
 0.47763363 0.51270426 0.4862268  0.50439868]
max_exp: -1.0
coe: 10
Regulation [0.8 0.8 0.8 0.8 0.8 0.8 0.8 0.8 0.8 0.8]
Solver status: optimal_inaccurate
b_new: [1. 1. 1. 1. 1. 1. 1. 1. 1. 1.]
Iter 0: obj=48.9116, best_obj=48.9116, ||b_new-b_prev||₂=2.846050
xi_k [0.49030474 0.48026756 0.51393474 0.50719473 0.46918079 0.48931874
 0.47763363 0.51270426 0.4862268  0.50439868]
max_exp: -1.0
coe: 10
Regulation [-1. -1. -1. -1. -1. -1. -1. -1. -1. -1.]
Solver status: optimal_inaccurate
b_new: [1. 1. 1. 1. 1. 1. 1. 1. 1. 1.]
Iter 1: obj=49.8116, best_obj=49.8116, ||b_new-b_prev||₂=0.000000
Converged.
Final b: [1. 1. 1. 1. 1. 1. 1. 1. 1. 1.]
<class 'numpy.ndarray'>
b_float: [1. 1. 1. 1. 1. 1. 1. 1. 1. 1.]
b: [1 1 1 1 1 1 1 1 1 1]
active_clients:  [0, 1, 2, 3, 4, 5, 6, 7, 8, 9]
Client 0's s_k are:[0 1 1 1 1 1 1 1 1 1]
Client 1's s_k are:[1 0 1 1 1 1 1 1 1 1]
Client 2's s_k are:[1 1 0 1 1 1 1 1 1 1]
Client 3's s_k are:[1 1 1 0 1 1 1 1 1 1]
Client 4's s_k are:[1 1 1 1 0 1 1 1 1 1]
Client 5's s_k are:[1 1 1 1 1 0 1 1 1 1]
Client 6's s_k are:[1 1 1 1 1 1 0 1 1 1]
Client 7's s_k are:[1 1 1 1 1 1 1 0 1 1]
Client 8's s_k are:[1 1 1 1 1 1 1 1 0 1]
Client 9's s_k are:[1 1 1 1 1 1 1 1 1 0]
| Global Round : 29 | Client :0 | Local Epoch : 0 | [64/626 (11%)]	Loss1: 5.842351 Loss2: 0.000024 
| Global Round : 29 | Client :0 | Local Epoch : 1 | [64/626 (11%)]	Loss1: 5.843120 Loss2: 0.000020 
| Global Round : 29 | Client :0 | Local Epoch : 2 | [64/626 (11%)]	Loss1: 5.842136 Loss2: 0.000027 
| Global Round : 29 | Client :0 | Local Epoch : 3 | [64/626 (11%)]	Loss1: 5.841215 Loss2: 0.000028 
| Global Round : 29 | Client :0 | Local Epoch : 4 | [64/626 (11%)]	Loss1: 5.842297 Loss2: 0.000026 
| Global Round : 29 | Client :1 | Local Epoch : 0 | [64/497 (14%)]	Loss1: 5.841959 Loss2: 0.000034 
| Global Round : 29 | Client :1 | Local Epoch : 1 | [64/497 (14%)]	Loss1: 5.840642 Loss2: 0.000031 
| Global Round : 29 | Client :1 | Local Epoch : 2 | [64/497 (14%)]	Loss1: 5.843092 Loss2: 0.000029 
| Global Round : 29 | Client :1 | Local Epoch : 3 | [64/497 (14%)]	Loss1: 5.840976 Loss2: 0.000028 
| Global Round : 29 | Client :1 | Local Epoch : 4 | [64/497 (14%)]	Loss1: 5.842462 Loss2: 0.000029 
| Global Round : 29 | Client :2 | Local Epoch : 0 | [64/597 (11%)]	Loss1: 5.841033 Loss2: 0.000022 
| Global Round : 29 | Client :2 | Local Epoch : 1 | [64/597 (11%)]	Loss1: 5.840385 Loss2: 0.000025 
| Global Round : 29 | Client :2 | Local Epoch : 2 | [64/597 (11%)]	Loss1: 5.841879 Loss2: 0.000020 
| Global Round : 29 | Client :2 | Local Epoch : 3 | [64/597 (11%)]	Loss1: 5.839787 Loss2: 0.000020 
| Global Round : 29 | Client :2 | Local Epoch : 4 | [64/597 (11%)]	Loss1: 5.841033 Loss2: 0.000023 
| Global Round : 29 | Client :3 | Local Epoch : 0 | [64/605 (11%)]	Loss1: 5.841919 Loss2: 0.000021 
| Global Round : 29 | Client :3 | Local Epoch : 1 | [64/605 (11%)]	Loss1: 5.841211 Loss2: 0.000023 
| Global Round : 29 | Client :3 | Local Epoch : 2 | [64/605 (11%)]	Loss1: 5.840854 Loss2: 0.000020 
| Global Round : 29 | Client :3 | Local Epoch : 3 | [64/605 (11%)]	Loss1: 5.842136 Loss2: 0.000022 
| Global Round : 29 | Client :3 | Local Epoch : 4 | [64/605 (11%)]	Loss1: 5.842311 Loss2: 0.000023 
| Global Round : 29 | Client :4 | Local Epoch : 0 | [64/436 (17%)]	Loss1: 5.840512 Loss2: 0.000038 
| Global Round : 29 | Client :4 | Local Epoch : 1 | [64/436 (17%)]	Loss1: 5.841522 Loss2: 0.000039 
| Global Round : 29 | Client :4 | Local Epoch : 2 | [64/436 (17%)]	Loss1: 5.840772 Loss2: 0.000035 
| Global Round : 29 | Client :4 | Local Epoch : 3 | [64/436 (17%)]	Loss1: 5.840096 Loss2: 0.000037 
| Global Round : 29 | Client :4 | Local Epoch : 4 | [64/436 (17%)]	Loss1: 5.841117 Loss2: 0.000038 
| Global Round : 29 | Client :5 | Local Epoch : 0 | [64/627 (11%)]	Loss1: 5.840175 Loss2: 0.000029 
| Global Round : 29 | Client :5 | Local Epoch : 1 | [64/627 (11%)]	Loss1: 5.841037 Loss2: 0.000031 
| Global Round : 29 | Client :5 | Local Epoch : 2 | [64/627 (11%)]	Loss1: 5.840436 Loss2: 0.000026 
| Global Round : 29 | Client :5 | Local Epoch : 3 | [64/627 (11%)]	Loss1: 5.840303 Loss2: 0.000026 
| Global Round : 29 | Client :5 | Local Epoch : 4 | [64/627 (11%)]	Loss1: 5.840106 Loss2: 0.000028 
| Global Round : 29 | Client :6 | Local Epoch : 0 | [64/571 (12%)]	Loss1: 5.840856 Loss2: 0.000022 
| Global Round : 29 | Client :6 | Local Epoch : 1 | [64/571 (12%)]	Loss1: 5.841894 Loss2: 0.000017 
| Global Round : 29 | Client :6 | Local Epoch : 2 | [64/571 (12%)]	Loss1: 5.840354 Loss2: 0.000024 
| Global Round : 29 | Client :6 | Local Epoch : 3 | [64/571 (12%)]	Loss1: 5.840829 Loss2: 0.000020 
| Global Round : 29 | Client :6 | Local Epoch : 4 | [64/571 (12%)]	Loss1: 5.841330 Loss2: 0.000020 
| Global Round : 29 | Client :7 | Local Epoch : 0 | [64/665 (10%)]	Loss1: 5.841051 Loss2: 0.000020 
| Global Round : 29 | Client :7 | Local Epoch : 1 | [64/665 (10%)]	Loss1: 5.842609 Loss2: 0.000019 
| Global Round : 29 | Client :7 | Local Epoch : 2 | [64/665 (10%)]	Loss1: 5.840529 Loss2: 0.000019 
| Global Round : 29 | Client :7 | Local Epoch : 3 | [64/665 (10%)]	Loss1: 5.840315 Loss2: 0.000019 
| Global Round : 29 | Client :7 | Local Epoch : 4 | [64/665 (10%)]	Loss1: 5.841358 Loss2: 0.000019 
| Global Round : 29 | Client :8 | Local Epoch : 0 | [64/561 (12%)]	Loss1: 5.841088 Loss2: 0.000028 
| Global Round : 29 | Client :8 | Local Epoch : 1 | [64/561 (12%)]	Loss1: 5.841642 Loss2: 0.000027 
| Global Round : 29 | Client :8 | Local Epoch : 2 | [64/561 (12%)]	Loss1: 5.842534 Loss2: 0.000028 
| Global Round : 29 | Client :8 | Local Epoch : 3 | [64/561 (12%)]	Loss1: 5.841712 Loss2: 0.000026 
| Global Round : 29 | Client :8 | Local Epoch : 4 | [64/561 (12%)]	Loss1: 5.840914 Loss2: 0.000025 
| Global Round : 29 | Client :9 | Local Epoch : 0 | [64/811 (8%)]	Loss1: 5.842283 Loss2: 0.000022 
| Global Round : 29 | Client :9 | Local Epoch : 0 | [704/811 (92%)]	Loss1: 5.840094 Loss2: 0.000023 
| Global Round : 29 | Client :9 | Local Epoch : 1 | [64/811 (8%)]	Loss1: 5.841513 Loss2: 0.000024 
| Global Round : 29 | Client :9 | Local Epoch : 1 | [704/811 (92%)]	Loss1: 5.841421 Loss2: 0.000027 
| Global Round : 29 | Client :9 | Local Epoch : 2 | [64/811 (8%)]	Loss1: 5.840705 Loss2: 0.000022 
| Global Round : 29 | Client :9 | Local Epoch : 2 | [704/811 (92%)]	Loss1: 5.840486 Loss2: 0.000028 
| Global Round : 29 | Client :9 | Local Epoch : 3 | [64/811 (8%)]	Loss1: 5.839847 Loss2: 0.000024 
| Global Round : 29 | Client :9 | Local Epoch : 3 | [704/811 (92%)]	Loss1: 5.840504 Loss2: 0.000027 
| Global Round : 29 | Client :9 | Local Epoch : 4 | [64/811 (8%)]	Loss1: 5.839936 Loss2: 0.000015 
| Global Round : 29 | Client :9 | Local Epoch : 4 | [704/811 (92%)]	Loss1: 5.841810 Loss2: 0.000024 
average loss:   5.839121082207513
average local test accuracy: 0.8544270833333334
average global test accuracy:  0.5729166666666667

 | Global Training Round : 30 |

xi_k [0.49028088 0.48025644 0.51394695 0.50720881 0.46915812 0.48926683
 0.47760618 0.51266534 0.4861942  0.50442387]
max_exp: -1.0
coe: 10
Regulation [0.8 0.8 0.8 0.8 0.8 0.8 0.8 0.8 0.8 0.8]
Solver status: optimal_inaccurate
b_new: [1. 1. 1. 1. 1. 1. 1. 1. 1. 1.]
Iter 0: obj=48.9101, best_obj=48.9101, ||b_new-b_prev||₂=2.846050
xi_k [0.49028088 0.48025644 0.51394695 0.50720881 0.46915812 0.48926683
 0.47760618 0.51266534 0.4861942  0.50442387]
max_exp: -1.0
coe: 10
Regulation [-1. -1. -1. -1. -1. -1. -1. -1. -1. -1.]
Solver status: optimal_inaccurate
b_new: [1. 1. 1. 1. 1. 1. 1. 1. 1. 1.]
Iter 1: obj=49.8101, best_obj=49.8101, ||b_new-b_prev||₂=0.000000
Converged.
Final b: [1. 1. 1. 1. 1. 1. 1. 1. 1. 1.]
<class 'numpy.ndarray'>
b_float: [1. 1. 1. 1. 1. 1. 1. 1. 1. 1.]
b: [1 1 1 1 1 1 1 1 1 1]
active_clients:  [0, 1, 2, 3, 4, 5, 6, 7, 8, 9]
Client 0's s_k are:[0 1 1 1 1 1 1 1 1 1]
Client 1's s_k are:[1 0 1 1 1 1 1 1 1 1]
Client 2's s_k are:[1 1 0 1 1 1 1 1 1 1]
Client 3's s_k are:[1 1 1 0 1 1 1 1 1 1]
Client 4's s_k are:[1 1 1 1 0 1 1 1 1 1]
Client 5's s_k are:[1 1 1 1 1 0 1 1 1 1]
Client 6's s_k are:[1 1 1 1 1 1 0 1 1 1]
Client 7's s_k are:[1 1 1 1 1 1 1 0 1 1]
Client 8's s_k are:[1 1 1 1 1 1 1 1 0 1]
Client 9's s_k are:[1 1 1 1 1 1 1 1 1 0]
| Global Round : 30 | Client :0 | Local Epoch : 0 | [64/626 (11%)]	Loss1: 5.842486 Loss2: 0.000023 
| Global Round : 30 | Client :0 | Local Epoch : 1 | [64/626 (11%)]	Loss1: 5.841228 Loss2: 0.000026 
| Global Round : 30 | Client :0 | Local Epoch : 2 | [64/626 (11%)]	Loss1: 5.842802 Loss2: 0.000024 
| Global Round : 30 | Client :0 | Local Epoch : 3 | [64/626 (11%)]	Loss1: 5.842460 Loss2: 0.000025 
| Global Round : 30 | Client :0 | Local Epoch : 4 | [64/626 (11%)]	Loss1: 5.841462 Loss2: 0.000023 
| Global Round : 30 | Client :1 | Local Epoch : 0 | [64/497 (14%)]	Loss1: 5.841741 Loss2: 0.000029 
| Global Round : 30 | Client :1 | Local Epoch : 1 | [64/497 (14%)]	Loss1: 5.841665 Loss2: 0.000037 
| Global Round : 30 | Client :1 | Local Epoch : 2 | [64/497 (14%)]	Loss1: 5.840637 Loss2: 0.000027 
| Global Round : 30 | Client :1 | Local Epoch : 3 | [64/497 (14%)]	Loss1: 5.841052 Loss2: 0.000027 
| Global Round : 30 | Client :1 | Local Epoch : 4 | [64/497 (14%)]	Loss1: 5.840854 Loss2: 0.000026 
| Global Round : 30 | Client :2 | Local Epoch : 0 | [64/597 (11%)]	Loss1: 5.839929 Loss2: 0.000023 
| Global Round : 30 | Client :2 | Local Epoch : 1 | [64/597 (11%)]	Loss1: 5.840441 Loss2: 0.000019 
| Global Round : 30 | Client :2 | Local Epoch : 2 | [64/597 (11%)]	Loss1: 5.840844 Loss2: 0.000023 
| Global Round : 30 | Client :2 | Local Epoch : 3 | [64/597 (11%)]	Loss1: 5.841918 Loss2: 0.000021 
| Global Round : 30 | Client :2 | Local Epoch : 4 | [64/597 (11%)]	Loss1: 5.841003 Loss2: 0.000020 
| Global Round : 30 | Client :3 | Local Epoch : 0 | [64/605 (11%)]	Loss1: 5.841178 Loss2: 0.000021 
| Global Round : 30 | Client :3 | Local Epoch : 1 | [64/605 (11%)]	Loss1: 5.841486 Loss2: 0.000022 
| Global Round : 30 | Client :3 | Local Epoch : 2 | [64/605 (11%)]	Loss1: 5.842004 Loss2: 0.000019 
| Global Round : 30 | Client :3 | Local Epoch : 3 | [64/605 (11%)]	Loss1: 5.842525 Loss2: 0.000019 
| Global Round : 30 | Client :3 | Local Epoch : 4 | [64/605 (11%)]	Loss1: 5.842018 Loss2: 0.000018 
| Global Round : 30 | Client :4 | Local Epoch : 0 | [64/436 (17%)]	Loss1: 5.841650 Loss2: 0.000039 
| Global Round : 30 | Client :4 | Local Epoch : 1 | [64/436 (17%)]	Loss1: 5.840720 Loss2: 0.000037 
| Global Round : 30 | Client :4 | Local Epoch : 2 | [64/436 (17%)]	Loss1: 5.840088 Loss2: 0.000034 
| Global Round : 30 | Client :4 | Local Epoch : 3 | [64/436 (17%)]	Loss1: 5.840660 Loss2: 0.000037 
| Global Round : 30 | Client :4 | Local Epoch : 4 | [64/436 (17%)]	Loss1: 5.841055 Loss2: 0.000032 
| Global Round : 30 | Client :5 | Local Epoch : 0 | [64/627 (11%)]	Loss1: 5.841311 Loss2: 0.000027 
| Global Round : 30 | Client :5 | Local Epoch : 1 | [64/627 (11%)]	Loss1: 5.840562 Loss2: 0.000031 
| Global Round : 30 | Client :5 | Local Epoch : 2 | [64/627 (11%)]	Loss1: 5.840207 Loss2: 0.000031 
| Global Round : 30 | Client :5 | Local Epoch : 3 | [64/627 (11%)]	Loss1: 5.841063 Loss2: 0.000026 
| Global Round : 30 | Client :5 | Local Epoch : 4 | [64/627 (11%)]	Loss1: 5.841283 Loss2: 0.000030 
| Global Round : 30 | Client :6 | Local Epoch : 0 | [64/571 (12%)]	Loss1: 5.841128 Loss2: 0.000021 
| Global Round : 30 | Client :6 | Local Epoch : 1 | [64/571 (12%)]	Loss1: 5.840702 Loss2: 0.000018 
| Global Round : 30 | Client :6 | Local Epoch : 2 | [64/571 (12%)]	Loss1: 5.841617 Loss2: 0.000022 
| Global Round : 30 | Client :6 | Local Epoch : 3 | [64/571 (12%)]	Loss1: 5.841575 Loss2: 0.000015 
| Global Round : 30 | Client :6 | Local Epoch : 4 | [64/571 (12%)]	Loss1: 5.840645 Loss2: 0.000023 
| Global Round : 30 | Client :7 | Local Epoch : 0 | [64/665 (10%)]	Loss1: 5.839924 Loss2: 0.000018 
| Global Round : 30 | Client :7 | Local Epoch : 1 | [64/665 (10%)]	Loss1: 5.841736 Loss2: 0.000023 
| Global Round : 30 | Client :7 | Local Epoch : 2 | [64/665 (10%)]	Loss1: 5.840921 Loss2: 0.000021 
| Global Round : 30 | Client :7 | Local Epoch : 3 | [64/665 (10%)]	Loss1: 5.841031 Loss2: 0.000019 
| Global Round : 30 | Client :7 | Local Epoch : 4 | [64/665 (10%)]	Loss1: 5.840623 Loss2: 0.000020 
| Global Round : 30 | Client :8 | Local Epoch : 0 | [64/561 (12%)]	Loss1: 5.842571 Loss2: 0.000023 
| Global Round : 30 | Client :8 | Local Epoch : 1 | [64/561 (12%)]	Loss1: 5.840385 Loss2: 0.000030 
| Global Round : 30 | Client :8 | Local Epoch : 2 | [64/561 (12%)]	Loss1: 5.839756 Loss2: 0.000022 
| Global Round : 30 | Client :8 | Local Epoch : 3 | [64/561 (12%)]	Loss1: 5.841958 Loss2: 0.000030 
| Global Round : 30 | Client :8 | Local Epoch : 4 | [64/561 (12%)]	Loss1: 5.841867 Loss2: 0.000025 
| Global Round : 30 | Client :9 | Local Epoch : 0 | [64/811 (8%)]	Loss1: 5.840636 Loss2: 0.000025 
| Global Round : 30 | Client :9 | Local Epoch : 0 | [704/811 (92%)]	Loss1: 5.840578 Loss2: 0.000021 
| Global Round : 30 | Client :9 | Local Epoch : 1 | [64/811 (8%)]	Loss1: 5.841236 Loss2: 0.000022 
| Global Round : 30 | Client :9 | Local Epoch : 1 | [704/811 (92%)]	Loss1: 5.841000 Loss2: 0.000028 
| Global Round : 30 | Client :9 | Local Epoch : 2 | [64/811 (8%)]	Loss1: 5.841253 Loss2: 0.000020 
| Global Round : 30 | Client :9 | Local Epoch : 2 | [704/811 (92%)]	Loss1: 5.841114 Loss2: 0.000024 
| Global Round : 30 | Client :9 | Local Epoch : 3 | [64/811 (8%)]	Loss1: 5.842789 Loss2: 0.000020 
| Global Round : 30 | Client :9 | Local Epoch : 3 | [704/811 (92%)]	Loss1: 5.840957 Loss2: 0.000028 
| Global Round : 30 | Client :9 | Local Epoch : 4 | [64/811 (8%)]	Loss1: 5.840026 Loss2: 0.000021 
| Global Round : 30 | Client :9 | Local Epoch : 4 | [704/811 (92%)]	Loss1: 5.840820 Loss2: 0.000023 
average loss:   5.839106102670942
average local test accuracy: 0.851953125
average global test accuracy:  0.55703125

 | Global Training Round : 31 |

xi_k [0.49024207 0.48025085 0.51392265 0.50722391 0.46915564 0.48927575
 0.47761798 0.51270117 0.48618804 0.50441382]
max_exp: -1.0
coe: 10
Regulation [0.8 0.8 0.8 0.8 0.8 0.8 0.8 0.8 0.8 0.8]
Solver status: optimal_inaccurate
b_new: [1. 1. 1. 1. 1. 1. 1. 1. 1. 1.]
Iter 0: obj=48.9099, best_obj=48.9099, ||b_new-b_prev||₂=2.846050
xi_k [0.49024207 0.48025085 0.51392265 0.50722391 0.46915564 0.48927575
 0.47761798 0.51270117 0.48618804 0.50441382]
max_exp: -1.0
coe: 10
Regulation [-1. -1. -1. -1. -1. -1. -1. -1. -1. -1.]
Solver status: optimal_inaccurate
b_new: [1. 1. 1. 1. 1. 1. 1. 1. 1. 1.]
Iter 1: obj=49.8099, best_obj=49.8099, ||b_new-b_prev||₂=0.000000
Converged.
Final b: [1. 1. 1. 1. 1. 1. 1. 1. 1. 1.]
<class 'numpy.ndarray'>
b_float: [1. 1. 1. 1. 1. 1. 1. 1. 1. 1.]
b: [1 1 1 1 1 1 1 1 1 1]
active_clients:  [0, 1, 2, 3, 4, 5, 6, 7, 8, 9]
Client 0's s_k are:[0 1 1 1 1 1 1 1 1 1]
Client 1's s_k are:[1 0 1 1 1 1 1 1 1 1]
Client 2's s_k are:[1 1 0 1 1 1 1 1 1 1]
Client 3's s_k are:[1 1 1 0 1 1 1 1 1 1]
Client 4's s_k are:[1 1 1 1 0 1 1 1 1 1]
Client 5's s_k are:[1 1 1 1 1 0 1 1 1 1]
Client 6's s_k are:[1 1 1 1 1 1 0 1 1 1]
Client 7's s_k are:[1 1 1 1 1 1 1 0 1 1]
Client 8's s_k are:[1 1 1 1 1 1 1 1 0 1]
Client 9's s_k are:[1 1 1 1 1 1 1 1 1 0]
| Global Round : 31 | Client :0 | Local Epoch : 0 | [64/626 (11%)]	Loss1: 5.842551 Loss2: 0.000025 
| Global Round : 31 | Client :0 | Local Epoch : 1 | [64/626 (11%)]	Loss1: 5.843847 Loss2: 0.000022 
| Global Round : 31 | Client :0 | Local Epoch : 2 | [64/626 (11%)]	Loss1: 5.843544 Loss2: 0.000025 
| Global Round : 31 | Client :0 | Local Epoch : 3 | [64/626 (11%)]	Loss1: 5.841612 Loss2: 0.000024 
| Global Round : 31 | Client :0 | Local Epoch : 4 | [64/626 (11%)]	Loss1: 5.843012 Loss2: 0.000025 
| Global Round : 31 | Client :1 | Local Epoch : 0 | [64/497 (14%)]	Loss1: 5.842536 Loss2: 0.000027 
| Global Round : 31 | Client :1 | Local Epoch : 1 | [64/497 (14%)]	Loss1: 5.842279 Loss2: 0.000034 
| Global Round : 31 | Client :1 | Local Epoch : 2 | [64/497 (14%)]	Loss1: 5.841923 Loss2: 0.000032 
| Global Round : 31 | Client :1 | Local Epoch : 3 | [64/497 (14%)]	Loss1: 5.842594 Loss2: 0.000031 
| Global Round : 31 | Client :1 | Local Epoch : 4 | [64/497 (14%)]	Loss1: 5.841592 Loss2: 0.000036 
| Global Round : 31 | Client :2 | Local Epoch : 0 | [64/597 (11%)]	Loss1: 5.840127 Loss2: 0.000020 
| Global Round : 31 | Client :2 | Local Epoch : 1 | [64/597 (11%)]	Loss1: 5.841012 Loss2: 0.000023 
| Global Round : 31 | Client :2 | Local Epoch : 2 | [64/597 (11%)]	Loss1: 5.841282 Loss2: 0.000022 
| Global Round : 31 | Client :2 | Local Epoch : 3 | [64/597 (11%)]	Loss1: 5.840817 Loss2: 0.000023 
| Global Round : 31 | Client :2 | Local Epoch : 4 | [64/597 (11%)]	Loss1: 5.840038 Loss2: 0.000022 
| Global Round : 31 | Client :3 | Local Epoch : 0 | [64/605 (11%)]	Loss1: 5.842672 Loss2: 0.000024 
| Global Round : 31 | Client :3 | Local Epoch : 1 | [64/605 (11%)]	Loss1: 5.841268 Loss2: 0.000021 
| Global Round : 31 | Client :3 | Local Epoch : 2 | [64/605 (11%)]	Loss1: 5.842186 Loss2: 0.000020 
| Global Round : 31 | Client :3 | Local Epoch : 3 | [64/605 (11%)]	Loss1: 5.841972 Loss2: 0.000022 
| Global Round : 31 | Client :3 | Local Epoch : 4 | [64/605 (11%)]	Loss1: 5.841804 Loss2: 0.000021 
| Global Round : 31 | Client :4 | Local Epoch : 0 | [64/436 (17%)]	Loss1: 5.841108 Loss2: 0.000039 
| Global Round : 31 | Client :4 | Local Epoch : 1 | [64/436 (17%)]	Loss1: 5.840473 Loss2: 0.000033 
| Global Round : 31 | Client :4 | Local Epoch : 2 | [64/436 (17%)]	Loss1: 5.840879 Loss2: 0.000038 
| Global Round : 31 | Client :4 | Local Epoch : 3 | [64/436 (17%)]	Loss1: 5.841920 Loss2: 0.000038 
| Global Round : 31 | Client :4 | Local Epoch : 4 | [64/436 (17%)]	Loss1: 5.840791 Loss2: 0.000037 
| Global Round : 31 | Client :5 | Local Epoch : 0 | [64/627 (11%)]	Loss1: 5.840517 Loss2: 0.000030 
| Global Round : 31 | Client :5 | Local Epoch : 1 | [64/627 (11%)]	Loss1: 5.841739 Loss2: 0.000028 
| Global Round : 31 | Client :5 | Local Epoch : 2 | [64/627 (11%)]	Loss1: 5.841191 Loss2: 0.000028 
| Global Round : 31 | Client :5 | Local Epoch : 3 | [64/627 (11%)]	Loss1: 5.840802 Loss2: 0.000026 
| Global Round : 31 | Client :5 | Local Epoch : 4 | [64/627 (11%)]	Loss1: 5.840292 Loss2: 0.000028 
| Global Round : 31 | Client :6 | Local Epoch : 0 | [64/571 (12%)]	Loss1: 5.840757 Loss2: 0.000021 
| Global Round : 31 | Client :6 | Local Epoch : 1 | [64/571 (12%)]	Loss1: 5.841818 Loss2: 0.000021 
| Global Round : 31 | Client :6 | Local Epoch : 2 | [64/571 (12%)]	Loss1: 5.840745 Loss2: 0.000023 
| Global Round : 31 | Client :6 | Local Epoch : 3 | [64/571 (12%)]	Loss1: 5.839987 Loss2: 0.000019 
| Global Round : 31 | Client :6 | Local Epoch : 4 | [64/571 (12%)]	Loss1: 5.841109 Loss2: 0.000019 
| Global Round : 31 | Client :7 | Local Epoch : 0 | [64/665 (10%)]	Loss1: 5.840504 Loss2: 0.000017 
| Global Round : 31 | Client :7 | Local Epoch : 1 | [64/665 (10%)]	Loss1: 5.840584 Loss2: 0.000019 
| Global Round : 31 | Client :7 | Local Epoch : 2 | [64/665 (10%)]	Loss1: 5.841738 Loss2: 0.000024 
| Global Round : 31 | Client :7 | Local Epoch : 3 | [64/665 (10%)]	Loss1: 5.841908 Loss2: 0.000019 
| Global Round : 31 | Client :7 | Local Epoch : 4 | [64/665 (10%)]	Loss1: 5.841025 Loss2: 0.000020 
| Global Round : 31 | Client :8 | Local Epoch : 0 | [64/561 (12%)]	Loss1: 5.841465 Loss2: 0.000027 
| Global Round : 31 | Client :8 | Local Epoch : 1 | [64/561 (12%)]	Loss1: 5.841251 Loss2: 0.000023 
| Global Round : 31 | Client :8 | Local Epoch : 2 | [64/561 (12%)]	Loss1: 5.842632 Loss2: 0.000024 
| Global Round : 31 | Client :8 | Local Epoch : 3 | [64/561 (12%)]	Loss1: 5.841585 Loss2: 0.000026 
| Global Round : 31 | Client :8 | Local Epoch : 4 | [64/561 (12%)]	Loss1: 5.842174 Loss2: 0.000028 
| Global Round : 31 | Client :9 | Local Epoch : 0 | [64/811 (8%)]	Loss1: 5.840488 Loss2: 0.000019 
| Global Round : 31 | Client :9 | Local Epoch : 0 | [704/811 (92%)]	Loss1: 5.841227 Loss2: 0.000025 
| Global Round : 31 | Client :9 | Local Epoch : 1 | [64/811 (8%)]	Loss1: 5.840725 Loss2: 0.000022 
| Global Round : 31 | Client :9 | Local Epoch : 1 | [704/811 (92%)]	Loss1: 5.840468 Loss2: 0.000026 
| Global Round : 31 | Client :9 | Local Epoch : 2 | [64/811 (8%)]	Loss1: 5.841149 Loss2: 0.000021 
| Global Round : 31 | Client :9 | Local Epoch : 2 | [704/811 (92%)]	Loss1: 5.841838 Loss2: 0.000023 
| Global Round : 31 | Client :9 | Local Epoch : 3 | [64/811 (8%)]	Loss1: 5.841202 Loss2: 0.000018 
| Global Round : 31 | Client :9 | Local Epoch : 3 | [704/811 (92%)]	Loss1: 5.840431 Loss2: 0.000022 
| Global Round : 31 | Client :9 | Local Epoch : 4 | [64/811 (8%)]	Loss1: 5.840488 Loss2: 0.000021 
| Global Round : 31 | Client :9 | Local Epoch : 4 | [704/811 (92%)]	Loss1: 5.840408 Loss2: 0.000022 
average loss:   5.839130002771105
average local test accuracy: 0.8486979166666668
average global test accuracy:  0.576171875

 | Global Training Round : 32 |

xi_k [0.49023725 0.48020495 0.5139054  0.50722218 0.46921181 0.48927097
 0.47761708 0.51268133 0.4861798  0.5044097 ]
max_exp: -1.0
coe: 10
Regulation [0.8 0.8 0.8 0.8 0.8 0.8 0.8 0.8 0.8 0.8]
Solver status: optimal_inaccurate
b_new: [1. 1. 1. 1. 1. 1. 1. 1. 1. 1.]
Iter 0: obj=48.9094, best_obj=48.9094, ||b_new-b_prev||₂=2.846050
xi_k [0.49023725 0.48020495 0.5139054  0.50722218 0.46921181 0.48927097
 0.47761708 0.51268133 0.4861798  0.5044097 ]
max_exp: -1.0
coe: 10
Regulation [-1. -1. -1. -1. -1. -1. -1. -1. -1. -1.]
Solver status: optimal_inaccurate
b_new: [1. 1. 1. 1. 1. 1. 1. 1. 1. 1.]
Iter 1: obj=49.8094, best_obj=49.8094, ||b_new-b_prev||₂=0.000000
Converged.
Final b: [1. 1. 1. 1. 1. 1. 1. 1. 1. 1.]
<class 'numpy.ndarray'>
b_float: [1. 1. 1. 1. 1. 1. 1. 1. 1. 1.]
b: [1 1 1 1 1 1 1 1 1 1]
active_clients:  [0, 1, 2, 3, 4, 5, 6, 7, 8, 9]
Client 0's s_k are:[0 1 1 1 1 1 1 1 1 1]
Client 1's s_k are:[1 0 1 1 1 1 1 1 1 1]
Client 2's s_k are:[1 1 0 1 1 1 1 1 1 1]
Client 3's s_k are:[1 1 1 0 1 1 1 1 1 1]
Client 4's s_k are:[1 1 1 1 0 1 1 1 1 1]
Client 5's s_k are:[1 1 1 1 1 0 1 1 1 1]
Client 6's s_k are:[1 1 1 1 1 1 0 1 1 1]
Client 7's s_k are:[1 1 1 1 1 1 1 0 1 1]
Client 8's s_k are:[1 1 1 1 1 1 1 1 0 1]
Client 9's s_k are:[1 1 1 1 1 1 1 1 1 0]
| Global Round : 32 | Client :0 | Local Epoch : 0 | [64/626 (11%)]	Loss1: 5.840939 Loss2: 0.000023 
| Global Round : 32 | Client :0 | Local Epoch : 1 | [64/626 (11%)]	Loss1: 5.842225 Loss2: 0.000022 
| Global Round : 32 | Client :0 | Local Epoch : 2 | [64/626 (11%)]	Loss1: 5.841238 Loss2: 0.000027 
| Global Round : 32 | Client :0 | Local Epoch : 3 | [64/626 (11%)]	Loss1: 5.843010 Loss2: 0.000023 
| Global Round : 32 | Client :0 | Local Epoch : 4 | [64/626 (11%)]	Loss1: 5.842351 Loss2: 0.000023 
| Global Round : 32 | Client :1 | Local Epoch : 0 | [64/497 (14%)]	Loss1: 5.840957 Loss2: 0.000027 
| Global Round : 32 | Client :1 | Local Epoch : 1 | [64/497 (14%)]	Loss1: 5.841525 Loss2: 0.000031 
| Global Round : 32 | Client :1 | Local Epoch : 2 | [64/497 (14%)]	Loss1: 5.842506 Loss2: 0.000030 
| Global Round : 32 | Client :1 | Local Epoch : 3 | [64/497 (14%)]	Loss1: 5.841344 Loss2: 0.000030 
| Global Round : 32 | Client :1 | Local Epoch : 4 | [64/497 (14%)]	Loss1: 5.841158 Loss2: 0.000035 
| Global Round : 32 | Client :2 | Local Epoch : 0 | [64/597 (11%)]	Loss1: 5.839681 Loss2: 0.000020 
| Global Round : 32 | Client :2 | Local Epoch : 1 | [64/597 (11%)]	Loss1: 5.840849 Loss2: 0.000021 
| Global Round : 32 | Client :2 | Local Epoch : 2 | [64/597 (11%)]	Loss1: 5.841082 Loss2: 0.000022 
| Global Round : 32 | Client :2 | Local Epoch : 3 | [64/597 (11%)]	Loss1: 5.840464 Loss2: 0.000021 
| Global Round : 32 | Client :2 | Local Epoch : 4 | [64/597 (11%)]	Loss1: 5.839719 Loss2: 0.000025 
| Global Round : 32 | Client :3 | Local Epoch : 0 | [64/605 (11%)]	Loss1: 5.840428 Loss2: 0.000021 
| Global Round : 32 | Client :3 | Local Epoch : 1 | [64/605 (11%)]	Loss1: 5.840809 Loss2: 0.000020 
| Global Round : 32 | Client :3 | Local Epoch : 2 | [64/605 (11%)]	Loss1: 5.842075 Loss2: 0.000021 
| Global Round : 32 | Client :3 | Local Epoch : 3 | [64/605 (11%)]	Loss1: 5.840305 Loss2: 0.000022 
| Global Round : 32 | Client :3 | Local Epoch : 4 | [64/605 (11%)]	Loss1: 5.842456 Loss2: 0.000021 
| Global Round : 32 | Client :4 | Local Epoch : 0 | [64/436 (17%)]	Loss1: 5.842654 Loss2: 0.000031 
| Global Round : 32 | Client :4 | Local Epoch : 1 | [64/436 (17%)]	Loss1: 5.840855 Loss2: 0.000037 
| Global Round : 32 | Client :4 | Local Epoch : 2 | [64/436 (17%)]	Loss1: 5.842039 Loss2: 0.000035 
| Global Round : 32 | Client :4 | Local Epoch : 3 | [64/436 (17%)]	Loss1: 5.842951 Loss2: 0.000034 
| Global Round : 32 | Client :4 | Local Epoch : 4 | [64/436 (17%)]	Loss1: 5.840456 Loss2: 0.000034 
| Global Round : 32 | Client :5 | Local Epoch : 0 | [64/627 (11%)]	Loss1: 5.840685 Loss2: 0.000031 
| Global Round : 32 | Client :5 | Local Epoch : 1 | [64/627 (11%)]	Loss1: 5.840360 Loss2: 0.000024 
| Global Round : 32 | Client :5 | Local Epoch : 2 | [64/627 (11%)]	Loss1: 5.840055 Loss2: 0.000026 
| Global Round : 32 | Client :5 | Local Epoch : 3 | [64/627 (11%)]	Loss1: 5.840496 Loss2: 0.000025 
| Global Round : 32 | Client :5 | Local Epoch : 4 | [64/627 (11%)]	Loss1: 5.840555 Loss2: 0.000026 
| Global Round : 32 | Client :6 | Local Epoch : 0 | [64/571 (12%)]	Loss1: 5.839991 Loss2: 0.000022 
| Global Round : 32 | Client :6 | Local Epoch : 1 | [64/571 (12%)]	Loss1: 5.840381 Loss2: 0.000022 
| Global Round : 32 | Client :6 | Local Epoch : 2 | [64/571 (12%)]	Loss1: 5.840612 Loss2: 0.000020 
| Global Round : 32 | Client :6 | Local Epoch : 3 | [64/571 (12%)]	Loss1: 5.840353 Loss2: 0.000020 
| Global Round : 32 | Client :6 | Local Epoch : 4 | [64/571 (12%)]	Loss1: 5.840064 Loss2: 0.000023 
| Global Round : 32 | Client :7 | Local Epoch : 0 | [64/665 (10%)]	Loss1: 5.840307 Loss2: 0.000018 
| Global Round : 32 | Client :7 | Local Epoch : 1 | [64/665 (10%)]	Loss1: 5.839855 Loss2: 0.000021 
| Global Round : 32 | Client :7 | Local Epoch : 2 | [64/665 (10%)]	Loss1: 5.840265 Loss2: 0.000025 
| Global Round : 32 | Client :7 | Local Epoch : 3 | [64/665 (10%)]	Loss1: 5.841063 Loss2: 0.000017 
| Global Round : 32 | Client :7 | Local Epoch : 4 | [64/665 (10%)]	Loss1: 5.840758 Loss2: 0.000016 
| Global Round : 32 | Client :8 | Local Epoch : 0 | [64/561 (12%)]	Loss1: 5.842413 Loss2: 0.000027 
| Global Round : 32 | Client :8 | Local Epoch : 1 | [64/561 (12%)]	Loss1: 5.840869 Loss2: 0.000025 
| Global Round : 32 | Client :8 | Local Epoch : 2 | [64/561 (12%)]	Loss1: 5.841203 Loss2: 0.000029 
| Global Round : 32 | Client :8 | Local Epoch : 3 | [64/561 (12%)]	Loss1: 5.841687 Loss2: 0.000025 
| Global Round : 32 | Client :8 | Local Epoch : 4 | [64/561 (12%)]	Loss1: 5.841570 Loss2: 0.000026 
| Global Round : 32 | Client :9 | Local Epoch : 0 | [64/811 (8%)]	Loss1: 5.841416 Loss2: 0.000020 
| Global Round : 32 | Client :9 | Local Epoch : 0 | [704/811 (92%)]	Loss1: 5.841039 Loss2: 0.000027 
| Global Round : 32 | Client :9 | Local Epoch : 1 | [64/811 (8%)]	Loss1: 5.840070 Loss2: 0.000020 
| Global Round : 32 | Client :9 | Local Epoch : 1 | [704/811 (92%)]	Loss1: 5.840648 Loss2: 0.000027 
| Global Round : 32 | Client :9 | Local Epoch : 2 | [64/811 (8%)]	Loss1: 5.841309 Loss2: 0.000021 
| Global Round : 32 | Client :9 | Local Epoch : 2 | [704/811 (92%)]	Loss1: 5.839831 Loss2: 0.000025 
| Global Round : 32 | Client :9 | Local Epoch : 3 | [64/811 (8%)]	Loss1: 5.840463 Loss2: 0.000020 
| Global Round : 32 | Client :9 | Local Epoch : 3 | [704/811 (92%)]	Loss1: 5.840091 Loss2: 0.000026 
| Global Round : 32 | Client :9 | Local Epoch : 4 | [64/811 (8%)]	Loss1: 5.840303 Loss2: 0.000019 
| Global Round : 32 | Client :9 | Local Epoch : 4 | [704/811 (92%)]	Loss1: 5.839772 Loss2: 0.000021 
average loss:   5.83908206407986
average local test accuracy: 0.8516927083333332
average global test accuracy:  0.6078125000000001

 | Global Training Round : 33 |

xi_k [0.49026867 0.48023073 0.51390099 0.5072185  0.46912656 0.48929796
 0.47757204 0.51265461 0.48616279 0.50438755]
max_exp: -1.0
coe: 10
Regulation [0.8 0.8 0.8 0.8 0.8 0.8 0.8 0.8 0.8 0.8]
Solver status: optimal_inaccurate
b_new: [1. 1. 1. 1. 1. 1. 1. 1. 1. 1.]
Iter 0: obj=48.9082, best_obj=48.9082, ||b_new-b_prev||₂=2.846050
xi_k [0.49026867 0.48023073 0.51390099 0.5072185  0.46912656 0.48929796
 0.47757204 0.51265461 0.48616279 0.50438755]
max_exp: -1.0
coe: 10
Regulation [-1. -1. -1. -1. -1. -1. -1. -1. -1. -1.]
Solver status: optimal_inaccurate
b_new: [1. 1. 1. 1. 1. 1. 1. 1. 1. 1.]
Iter 1: obj=49.8082, best_obj=49.8082, ||b_new-b_prev||₂=0.000000
Converged.
Final b: [1. 1. 1. 1. 1. 1. 1. 1. 1. 1.]
<class 'numpy.ndarray'>
b_float: [1. 1. 1. 1. 1. 1. 1. 1. 1. 1.]
b: [1 1 1 1 1 1 1 1 1 1]
active_clients:  [0, 1, 2, 3, 4, 5, 6, 7, 8, 9]
Client 0's s_k are:[0 1 1 1 1 1 1 1 1 1]
Client 1's s_k are:[1 0 1 1 1 1 1 1 1 1]
Client 2's s_k are:[1 1 0 1 1 1 1 1 1 1]
Client 3's s_k are:[1 1 1 0 1 1 1 1 1 1]
Client 4's s_k are:[1 1 1 1 0 1 1 1 1 1]
Client 5's s_k are:[1 1 1 1 1 0 1 1 1 1]
Client 6's s_k are:[1 1 1 1 1 1 0 1 1 1]
Client 7's s_k are:[1 1 1 1 1 1 1 0 1 1]
Client 8's s_k are:[1 1 1 1 1 1 1 1 0 1]
Client 9's s_k are:[1 1 1 1 1 1 1 1 1 0]
| Global Round : 33 | Client :0 | Local Epoch : 0 | [64/626 (11%)]	Loss1: 5.840549 Loss2: 0.000026 
| Global Round : 33 | Client :0 | Local Epoch : 1 | [64/626 (11%)]	Loss1: 5.841987 Loss2: 0.000020 
| Global Round : 33 | Client :0 | Local Epoch : 2 | [64/626 (11%)]	Loss1: 5.841841 Loss2: 0.000026 
| Global Round : 33 | Client :0 | Local Epoch : 3 | [64/626 (11%)]	Loss1: 5.842955 Loss2: 0.000024 
| Global Round : 33 | Client :0 | Local Epoch : 4 | [64/626 (11%)]	Loss1: 5.842532 Loss2: 0.000028 
| Global Round : 33 | Client :1 | Local Epoch : 0 | [64/497 (14%)]	Loss1: 5.841785 Loss2: 0.000029 
| Global Round : 33 | Client :1 | Local Epoch : 1 | [64/497 (14%)]	Loss1: 5.842687 Loss2: 0.000033 
| Global Round : 33 | Client :1 | Local Epoch : 2 | [64/497 (14%)]	Loss1: 5.843234 Loss2: 0.000027 
| Global Round : 33 | Client :1 | Local Epoch : 3 | [64/497 (14%)]	Loss1: 5.840595 Loss2: 0.000028 
| Global Round : 33 | Client :1 | Local Epoch : 4 | [64/497 (14%)]	Loss1: 5.841094 Loss2: 0.000029 
| Global Round : 33 | Client :2 | Local Epoch : 0 | [64/597 (11%)]	Loss1: 5.840285 Loss2: 0.000026 
| Global Round : 33 | Client :2 | Local Epoch : 1 | [64/597 (11%)]	Loss1: 5.841296 Loss2: 0.000021 
| Global Round : 33 | Client :2 | Local Epoch : 2 | [64/597 (11%)]	Loss1: 5.841343 Loss2: 0.000017 
| Global Round : 33 | Client :2 | Local Epoch : 3 | [64/597 (11%)]	Loss1: 5.840508 Loss2: 0.000019 
| Global Round : 33 | Client :2 | Local Epoch : 4 | [64/597 (11%)]	Loss1: 5.840936 Loss2: 0.000020 
| Global Round : 33 | Client :3 | Local Epoch : 0 | [64/605 (11%)]	Loss1: 5.841947 Loss2: 0.000017 
| Global Round : 33 | Client :3 | Local Epoch : 1 | [64/605 (11%)]	Loss1: 5.842299 Loss2: 0.000018 
| Global Round : 33 | Client :3 | Local Epoch : 2 | [64/605 (11%)]	Loss1: 5.841825 Loss2: 0.000025 
| Global Round : 33 | Client :3 | Local Epoch : 3 | [64/605 (11%)]	Loss1: 5.843297 Loss2: 0.000022 
| Global Round : 33 | Client :3 | Local Epoch : 4 | [64/605 (11%)]	Loss1: 5.841829 Loss2: 0.000018 
| Global Round : 33 | Client :4 | Local Epoch : 0 | [64/436 (17%)]	Loss1: 5.840424 Loss2: 0.000032 
| Global Round : 33 | Client :4 | Local Epoch : 1 | [64/436 (17%)]	Loss1: 5.840363 Loss2: 0.000033 
| Global Round : 33 | Client :4 | Local Epoch : 2 | [64/436 (17%)]	Loss1: 5.841508 Loss2: 0.000036 
| Global Round : 33 | Client :4 | Local Epoch : 3 | [64/436 (17%)]	Loss1: 5.839573 Loss2: 0.000035 
| Global Round : 33 | Client :4 | Local Epoch : 4 | [64/436 (17%)]	Loss1: 5.840953 Loss2: 0.000030 
| Global Round : 33 | Client :5 | Local Epoch : 0 | [64/627 (11%)]	Loss1: 5.840298 Loss2: 0.000028 
| Global Round : 33 | Client :5 | Local Epoch : 1 | [64/627 (11%)]	Loss1: 5.840793 Loss2: 0.000027 
| Global Round : 33 | Client :5 | Local Epoch : 2 | [64/627 (11%)]	Loss1: 5.840250 Loss2: 0.000027 
| Global Round : 33 | Client :5 | Local Epoch : 3 | [64/627 (11%)]	Loss1: 5.841230 Loss2: 0.000025 
| Global Round : 33 | Client :5 | Local Epoch : 4 | [64/627 (11%)]	Loss1: 5.840239 Loss2: 0.000025 
| Global Round : 33 | Client :6 | Local Epoch : 0 | [64/571 (12%)]	Loss1: 5.839983 Loss2: 0.000019 
| Global Round : 33 | Client :6 | Local Epoch : 1 | [64/571 (12%)]	Loss1: 5.839888 Loss2: 0.000020 
| Global Round : 33 | Client :6 | Local Epoch : 2 | [64/571 (12%)]	Loss1: 5.842197 Loss2: 0.000017 
| Global Round : 33 | Client :6 | Local Epoch : 3 | [64/571 (12%)]	Loss1: 5.841788 Loss2: 0.000019 
| Global Round : 33 | Client :6 | Local Epoch : 4 | [64/571 (12%)]	Loss1: 5.841856 Loss2: 0.000021 
| Global Round : 33 | Client :7 | Local Epoch : 0 | [64/665 (10%)]	Loss1: 5.841718 Loss2: 0.000021 
| Global Round : 33 | Client :7 | Local Epoch : 1 | [64/665 (10%)]	Loss1: 5.840605 Loss2: 0.000020 
| Global Round : 33 | Client :7 | Local Epoch : 2 | [64/665 (10%)]	Loss1: 5.840349 Loss2: 0.000020 
| Global Round : 33 | Client :7 | Local Epoch : 3 | [64/665 (10%)]	Loss1: 5.840262 Loss2: 0.000020 
| Global Round : 33 | Client :7 | Local Epoch : 4 | [64/665 (10%)]	Loss1: 5.842109 Loss2: 0.000018 
| Global Round : 33 | Client :8 | Local Epoch : 0 | [64/561 (12%)]	Loss1: 5.840848 Loss2: 0.000025 
| Global Round : 33 | Client :8 | Local Epoch : 1 | [64/561 (12%)]	Loss1: 5.841553 Loss2: 0.000027 
| Global Round : 33 | Client :8 | Local Epoch : 2 | [64/561 (12%)]	Loss1: 5.842079 Loss2: 0.000025 
| Global Round : 33 | Client :8 | Local Epoch : 3 | [64/561 (12%)]	Loss1: 5.841142 Loss2: 0.000026 
| Global Round : 33 | Client :8 | Local Epoch : 4 | [64/561 (12%)]	Loss1: 5.842224 Loss2: 0.000024 
| Global Round : 33 | Client :9 | Local Epoch : 0 | [64/811 (8%)]	Loss1: 5.840181 Loss2: 0.000017 
| Global Round : 33 | Client :9 | Local Epoch : 0 | [704/811 (92%)]	Loss1: 5.840922 Loss2: 0.000026 
| Global Round : 33 | Client :9 | Local Epoch : 1 | [64/811 (8%)]	Loss1: 5.840791 Loss2: 0.000024 
| Global Round : 33 | Client :9 | Local Epoch : 1 | [704/811 (92%)]	Loss1: 5.838992 Loss2: 0.000019 
| Global Round : 33 | Client :9 | Local Epoch : 2 | [64/811 (8%)]	Loss1: 5.842079 Loss2: 0.000017 
| Global Round : 33 | Client :9 | Local Epoch : 2 | [704/811 (92%)]	Loss1: 5.839833 Loss2: 0.000024 
| Global Round : 33 | Client :9 | Local Epoch : 3 | [64/811 (8%)]	Loss1: 5.840614 Loss2: 0.000016 
| Global Round : 33 | Client :9 | Local Epoch : 3 | [704/811 (92%)]	Loss1: 5.840857 Loss2: 0.000029 
| Global Round : 33 | Client :9 | Local Epoch : 4 | [64/811 (8%)]	Loss1: 5.840193 Loss2: 0.000020 
| Global Round : 33 | Client :9 | Local Epoch : 4 | [704/811 (92%)]	Loss1: 5.840629 Loss2: 0.000021 
average loss:   5.8389894016016095
average local test accuracy: 0.8436197916666668
average global test accuracy:  0.5526041666666667

 | Global Training Round : 34 |

xi_k [0.49021822 0.48019868 0.51390391 0.50719011 0.4691591  0.48923901
 0.47760754 0.51263579 0.48616264 0.50437722]
max_exp: -1.0
coe: 10
Regulation [0.8 0.8 0.8 0.8 0.8 0.8 0.8 0.8 0.8 0.8]
Solver status: optimal_inaccurate
b_new: [1. 1. 1. 1. 1. 1. 1. 1. 1. 1.]
Iter 0: obj=48.9069, best_obj=48.9069, ||b_new-b_prev||₂=2.846050
xi_k [0.49021822 0.48019868 0.51390391 0.50719011 0.4691591  0.48923901
 0.47760754 0.51263579 0.48616264 0.50437722]
max_exp: -1.0
coe: 10
Regulation [-1. -1. -1. -1. -1. -1. -1. -1. -1. -1.]
Solver status: optimal_inaccurate
b_new: [1. 1. 1. 1. 1. 1. 1. 1. 1. 1.]
Iter 1: obj=49.8069, best_obj=49.8069, ||b_new-b_prev||₂=0.000000
Converged.
Final b: [1. 1. 1. 1. 1. 1. 1. 1. 1. 1.]
<class 'numpy.ndarray'>
b_float: [1. 1. 1. 1. 1. 1. 1. 1. 1. 1.]
b: [1 1 1 1 1 1 1 1 1 1]
active_clients:  [0, 1, 2, 3, 4, 5, 6, 7, 8, 9]
Client 0's s_k are:[0 1 1 1 1 1 1 1 1 1]
Client 1's s_k are:[1 0 1 1 1 1 1 1 1 1]
Client 2's s_k are:[1 1 0 1 1 1 1 1 1 1]
Client 3's s_k are:[1 1 1 0 1 1 1 1 1 1]
Client 4's s_k are:[1 1 1 1 0 1 1 1 1 1]
Client 5's s_k are:[1 1 1 1 1 0 1 1 1 1]
Client 6's s_k are:[1 1 1 1 1 1 0 1 1 1]
Client 7's s_k are:[1 1 1 1 1 1 1 0 1 1]
Client 8's s_k are:[1 1 1 1 1 1 1 1 0 1]
Client 9's s_k are:[1 1 1 1 1 1 1 1 1 0]
| Global Round : 34 | Client :0 | Local Epoch : 0 | [64/626 (11%)]	Loss1: 5.843493 Loss2: 0.000023 
| Global Round : 34 | Client :0 | Local Epoch : 1 | [64/626 (11%)]	Loss1: 5.842533 Loss2: 0.000023 
| Global Round : 34 | Client :0 | Local Epoch : 2 | [64/626 (11%)]	Loss1: 5.842063 Loss2: 0.000025 
| Global Round : 34 | Client :0 | Local Epoch : 3 | [64/626 (11%)]	Loss1: 5.842808 Loss2: 0.000026 
| Global Round : 34 | Client :0 | Local Epoch : 4 | [64/626 (11%)]	Loss1: 5.843058 Loss2: 0.000024 
| Global Round : 34 | Client :1 | Local Epoch : 0 | [64/497 (14%)]	Loss1: 5.842088 Loss2: 0.000032 
| Global Round : 34 | Client :1 | Local Epoch : 1 | [64/497 (14%)]	Loss1: 5.841431 Loss2: 0.000036 
| Global Round : 34 | Client :1 | Local Epoch : 2 | [64/497 (14%)]	Loss1: 5.843151 Loss2: 0.000027 
| Global Round : 34 | Client :1 | Local Epoch : 3 | [64/497 (14%)]	Loss1: 5.840354 Loss2: 0.000028 
| Global Round : 34 | Client :1 | Local Epoch : 4 | [64/497 (14%)]	Loss1: 5.841459 Loss2: 0.000029 
| Global Round : 34 | Client :2 | Local Epoch : 0 | [64/597 (11%)]	Loss1: 5.840621 Loss2: 0.000018 
| Global Round : 34 | Client :2 | Local Epoch : 1 | [64/597 (11%)]	Loss1: 5.839389 Loss2: 0.000023 
| Global Round : 34 | Client :2 | Local Epoch : 2 | [64/597 (11%)]	Loss1: 5.841296 Loss2: 0.000022 
| Global Round : 34 | Client :2 | Local Epoch : 3 | [64/597 (11%)]	Loss1: 5.840371 Loss2: 0.000019 
| Global Round : 34 | Client :2 | Local Epoch : 4 | [64/597 (11%)]	Loss1: 5.840196 Loss2: 0.000022 
| Global Round : 34 | Client :3 | Local Epoch : 0 | [64/605 (11%)]	Loss1: 5.842211 Loss2: 0.000018 
| Global Round : 34 | Client :3 | Local Epoch : 1 | [64/605 (11%)]	Loss1: 5.842296 Loss2: 0.000021 
| Global Round : 34 | Client :3 | Local Epoch : 2 | [64/605 (11%)]	Loss1: 5.839954 Loss2: 0.000020 
| Global Round : 34 | Client :3 | Local Epoch : 3 | [64/605 (11%)]	Loss1: 5.842035 Loss2: 0.000025 
| Global Round : 34 | Client :3 | Local Epoch : 4 | [64/605 (11%)]	Loss1: 5.842812 Loss2: 0.000023 
| Global Round : 34 | Client :4 | Local Epoch : 0 | [64/436 (17%)]	Loss1: 5.840724 Loss2: 0.000035 
| Global Round : 34 | Client :4 | Local Epoch : 1 | [64/436 (17%)]	Loss1: 5.839571 Loss2: 0.000033 
| Global Round : 34 | Client :4 | Local Epoch : 2 | [64/436 (17%)]	Loss1: 5.839704 Loss2: 0.000036 
| Global Round : 34 | Client :4 | Local Epoch : 3 | [64/436 (17%)]	Loss1: 5.840178 Loss2: 0.000031 
| Global Round : 34 | Client :4 | Local Epoch : 4 | [64/436 (17%)]	Loss1: 5.839652 Loss2: 0.000032 
| Global Round : 34 | Client :5 | Local Epoch : 0 | [64/627 (11%)]	Loss1: 5.840845 Loss2: 0.000023 
| Global Round : 34 | Client :5 | Local Epoch : 1 | [64/627 (11%)]	Loss1: 5.839498 Loss2: 0.000027 
| Global Round : 34 | Client :5 | Local Epoch : 2 | [64/627 (11%)]	Loss1: 5.840498 Loss2: 0.000024 
| Global Round : 34 | Client :5 | Local Epoch : 3 | [64/627 (11%)]	Loss1: 5.840984 Loss2: 0.000025 
| Global Round : 34 | Client :5 | Local Epoch : 4 | [64/627 (11%)]	Loss1: 5.841217 Loss2: 0.000026 
| Global Round : 34 | Client :6 | Local Epoch : 0 | [64/571 (12%)]	Loss1: 5.840224 Loss2: 0.000021 
| Global Round : 34 | Client :6 | Local Epoch : 1 | [64/571 (12%)]	Loss1: 5.840898 Loss2: 0.000023 
| Global Round : 34 | Client :6 | Local Epoch : 2 | [64/571 (12%)]	Loss1: 5.839582 Loss2: 0.000020 
| Global Round : 34 | Client :6 | Local Epoch : 3 | [64/571 (12%)]	Loss1: 5.841249 Loss2: 0.000020 
| Global Round : 34 | Client :6 | Local Epoch : 4 | [64/571 (12%)]	Loss1: 5.840010 Loss2: 0.000024 
| Global Round : 34 | Client :7 | Local Epoch : 0 | [64/665 (10%)]	Loss1: 5.839889 Loss2: 0.000020 
| Global Round : 34 | Client :7 | Local Epoch : 1 | [64/665 (10%)]	Loss1: 5.840108 Loss2: 0.000018 
| Global Round : 34 | Client :7 | Local Epoch : 2 | [64/665 (10%)]	Loss1: 5.841840 Loss2: 0.000021 
| Global Round : 34 | Client :7 | Local Epoch : 3 | [64/665 (10%)]	Loss1: 5.841308 Loss2: 0.000022 
| Global Round : 34 | Client :7 | Local Epoch : 4 | [64/665 (10%)]	Loss1: 5.840346 Loss2: 0.000021 
| Global Round : 34 | Client :8 | Local Epoch : 0 | [64/561 (12%)]	Loss1: 5.842332 Loss2: 0.000025 
| Global Round : 34 | Client :8 | Local Epoch : 1 | [64/561 (12%)]	Loss1: 5.841618 Loss2: 0.000023 
| Global Round : 34 | Client :8 | Local Epoch : 2 | [64/561 (12%)]	Loss1: 5.841029 Loss2: 0.000027 
| Global Round : 34 | Client :8 | Local Epoch : 3 | [64/561 (12%)]	Loss1: 5.841960 Loss2: 0.000024 
| Global Round : 34 | Client :8 | Local Epoch : 4 | [64/561 (12%)]	Loss1: 5.841150 Loss2: 0.000029 
| Global Round : 34 | Client :9 | Local Epoch : 0 | [64/811 (8%)]	Loss1: 5.840158 Loss2: 0.000023 
| Global Round : 34 | Client :9 | Local Epoch : 0 | [704/811 (92%)]	Loss1: 5.841143 Loss2: 0.000027 
| Global Round : 34 | Client :9 | Local Epoch : 1 | [64/811 (8%)]	Loss1: 5.840876 Loss2: 0.000021 
| Global Round : 34 | Client :9 | Local Epoch : 1 | [704/811 (92%)]	Loss1: 5.839649 Loss2: 0.000026 
| Global Round : 34 | Client :9 | Local Epoch : 2 | [64/811 (8%)]	Loss1: 5.841941 Loss2: 0.000020 
| Global Round : 34 | Client :9 | Local Epoch : 2 | [704/811 (92%)]	Loss1: 5.839906 Loss2: 0.000024 
| Global Round : 34 | Client :9 | Local Epoch : 3 | [64/811 (8%)]	Loss1: 5.840399 Loss2: 0.000020 
| Global Round : 34 | Client :9 | Local Epoch : 3 | [704/811 (92%)]	Loss1: 5.840581 Loss2: 0.000022 
| Global Round : 34 | Client :9 | Local Epoch : 4 | [64/811 (8%)]	Loss1: 5.841056 Loss2: 0.000018 
| Global Round : 34 | Client :9 | Local Epoch : 4 | [704/811 (92%)]	Loss1: 5.840885 Loss2: 0.000022 
average loss:   5.8389598432419785
average local test accuracy: 0.84609375
average global test accuracy:  0.5657552083333333

 | Global Training Round : 35 |

xi_k [0.49021003 0.48023809 0.5139099  0.50716533 0.46919407 0.48928167
 0.47755643 0.51265731 0.48613457 0.50441336]
max_exp: -1.0
coe: 10
Regulation [0.8 0.8 0.8 0.8 0.8 0.8 0.8 0.8 0.8 0.8]
Solver status: optimal_inaccurate
b_new: [1. 1. 1. 1. 1. 1. 1. 1. 1. 1.]
Iter 0: obj=48.9076, best_obj=48.9076, ||b_new-b_prev||₂=2.846050
xi_k [0.49021003 0.48023809 0.5139099  0.50716533 0.46919407 0.48928167
 0.47755643 0.51265731 0.48613457 0.50441336]
max_exp: -1.0
coe: 10
Regulation [-1. -1. -1. -1. -1. -1. -1. -1. -1. -1.]
Solver status: optimal_inaccurate
b_new: [1. 1. 1. 1. 1. 1. 1. 1. 1. 1.]
Iter 1: obj=49.8076, best_obj=49.8076, ||b_new-b_prev||₂=0.000000
Converged.
Final b: [1. 1. 1. 1. 1. 1. 1. 1. 1. 1.]
<class 'numpy.ndarray'>
b_float: [1. 1. 1. 1. 1. 1. 1. 1. 1. 1.]
b: [1 1 1 1 1 1 1 1 1 1]
active_clients:  [0, 1, 2, 3, 4, 5, 6, 7, 8, 9]
Client 0's s_k are:[0 1 1 1 1 1 1 1 1 1]
Client 1's s_k are:[1 0 1 1 1 1 1 1 1 1]
Client 2's s_k are:[1 1 0 1 1 1 1 1 1 1]
Client 3's s_k are:[1 1 1 0 1 1 1 1 1 1]
Client 4's s_k are:[1 1 1 1 0 1 1 1 1 1]
Client 5's s_k are:[1 1 1 1 1 0 1 1 1 1]
Client 6's s_k are:[1 1 1 1 1 1 0 1 1 1]
Client 7's s_k are:[1 1 1 1 1 1 1 0 1 1]
Client 8's s_k are:[1 1 1 1 1 1 1 1 0 1]
Client 9's s_k are:[1 1 1 1 1 1 1 1 1 0]
| Global Round : 35 | Client :0 | Local Epoch : 0 | [64/626 (11%)]	Loss1: 5.843080 Loss2: 0.000026 
| Global Round : 35 | Client :0 | Local Epoch : 1 | [64/626 (11%)]	Loss1: 5.841771 Loss2: 0.000022 
| Global Round : 35 | Client :0 | Local Epoch : 2 | [64/626 (11%)]	Loss1: 5.842681 Loss2: 0.000026 
| Global Round : 35 | Client :0 | Local Epoch : 3 | [64/626 (11%)]	Loss1: 5.842247 Loss2: 0.000023 
| Global Round : 35 | Client :0 | Local Epoch : 4 | [64/626 (11%)]	Loss1: 5.842107 Loss2: 0.000025 
| Global Round : 35 | Client :1 | Local Epoch : 0 | [64/497 (14%)]	Loss1: 5.841059 Loss2: 0.000029 
| Global Round : 35 | Client :1 | Local Epoch : 1 | [64/497 (14%)]	Loss1: 5.842716 Loss2: 0.000025 
| Global Round : 35 | Client :1 | Local Epoch : 2 | [64/497 (14%)]	Loss1: 5.840665 Loss2: 0.000033 
| Global Round : 35 | Client :1 | Local Epoch : 3 | [64/497 (14%)]	Loss1: 5.840449 Loss2: 0.000032 
| Global Round : 35 | Client :1 | Local Epoch : 4 | [64/497 (14%)]	Loss1: 5.841030 Loss2: 0.000033 
| Global Round : 35 | Client :2 | Local Epoch : 0 | [64/597 (11%)]	Loss1: 5.840152 Loss2: 0.000022 
| Global Round : 35 | Client :2 | Local Epoch : 1 | [64/597 (11%)]	Loss1: 5.841119 Loss2: 0.000020 
| Global Round : 35 | Client :2 | Local Epoch : 2 | [64/597 (11%)]	Loss1: 5.840715 Loss2: 0.000021 
| Global Round : 35 | Client :2 | Local Epoch : 3 | [64/597 (11%)]	Loss1: 5.840868 Loss2: 0.000018 
| Global Round : 35 | Client :2 | Local Epoch : 4 | [64/597 (11%)]	Loss1: 5.841076 Loss2: 0.000020 
| Global Round : 35 | Client :3 | Local Epoch : 0 | [64/605 (11%)]	Loss1: 5.840750 Loss2: 0.000019 
| Global Round : 35 | Client :3 | Local Epoch : 1 | [64/605 (11%)]	Loss1: 5.840834 Loss2: 0.000024 
| Global Round : 35 | Client :3 | Local Epoch : 2 | [64/605 (11%)]	Loss1: 5.841157 Loss2: 0.000022 
| Global Round : 35 | Client :3 | Local Epoch : 3 | [64/605 (11%)]	Loss1: 5.841239 Loss2: 0.000019 
| Global Round : 35 | Client :3 | Local Epoch : 4 | [64/605 (11%)]	Loss1: 5.841426 Loss2: 0.000022 
| Global Round : 35 | Client :4 | Local Epoch : 0 | [64/436 (17%)]	Loss1: 5.841220 Loss2: 0.000035 
| Global Round : 35 | Client :4 | Local Epoch : 1 | [64/436 (17%)]	Loss1: 5.839918 Loss2: 0.000030 
| Global Round : 35 | Client :4 | Local Epoch : 2 | [64/436 (17%)]	Loss1: 5.840652 Loss2: 0.000035 
| Global Round : 35 | Client :4 | Local Epoch : 3 | [64/436 (17%)]	Loss1: 5.841568 Loss2: 0.000033 
| Global Round : 35 | Client :4 | Local Epoch : 4 | [64/436 (17%)]	Loss1: 5.840136 Loss2: 0.000034 
| Global Round : 35 | Client :5 | Local Epoch : 0 | [64/627 (11%)]	Loss1: 5.839869 Loss2: 0.000025 
| Global Round : 35 | Client :5 | Local Epoch : 1 | [64/627 (11%)]	Loss1: 5.840607 Loss2: 0.000027 
| Global Round : 35 | Client :5 | Local Epoch : 2 | [64/627 (11%)]	Loss1: 5.838905 Loss2: 0.000025 
| Global Round : 35 | Client :5 | Local Epoch : 3 | [64/627 (11%)]	Loss1: 5.839246 Loss2: 0.000026 
| Global Round : 35 | Client :5 | Local Epoch : 4 | [64/627 (11%)]	Loss1: 5.840250 Loss2: 0.000024 
| Global Round : 35 | Client :6 | Local Epoch : 0 | [64/571 (12%)]	Loss1: 5.840082 Loss2: 0.000021 
| Global Round : 35 | Client :6 | Local Epoch : 1 | [64/571 (12%)]	Loss1: 5.839706 Loss2: 0.000017 
| Global Round : 35 | Client :6 | Local Epoch : 2 | [64/571 (12%)]	Loss1: 5.840289 Loss2: 0.000024 
| Global Round : 35 | Client :6 | Local Epoch : 3 | [64/571 (12%)]	Loss1: 5.840597 Loss2: 0.000019 
| Global Round : 35 | Client :6 | Local Epoch : 4 | [64/571 (12%)]	Loss1: 5.840737 Loss2: 0.000022 
| Global Round : 35 | Client :7 | Local Epoch : 0 | [64/665 (10%)]	Loss1: 5.840529 Loss2: 0.000020 
| Global Round : 35 | Client :7 | Local Epoch : 1 | [64/665 (10%)]	Loss1: 5.840992 Loss2: 0.000020 
| Global Round : 35 | Client :7 | Local Epoch : 2 | [64/665 (10%)]	Loss1: 5.840477 Loss2: 0.000018 
| Global Round : 35 | Client :7 | Local Epoch : 3 | [64/665 (10%)]	Loss1: 5.840014 Loss2: 0.000019 
| Global Round : 35 | Client :7 | Local Epoch : 4 | [64/665 (10%)]	Loss1: 5.840826 Loss2: 0.000022 
| Global Round : 35 | Client :8 | Local Epoch : 0 | [64/561 (12%)]	Loss1: 5.841891 Loss2: 0.000028 
| Global Round : 35 | Client :8 | Local Epoch : 1 | [64/561 (12%)]	Loss1: 5.841159 Loss2: 0.000025 
| Global Round : 35 | Client :8 | Local Epoch : 2 | [64/561 (12%)]	Loss1: 5.841863 Loss2: 0.000029 
| Global Round : 35 | Client :8 | Local Epoch : 3 | [64/561 (12%)]	Loss1: 5.840831 Loss2: 0.000027 
| Global Round : 35 | Client :8 | Local Epoch : 4 | [64/561 (12%)]	Loss1: 5.840301 Loss2: 0.000025 
| Global Round : 35 | Client :9 | Local Epoch : 0 | [64/811 (8%)]	Loss1: 5.840145 Loss2: 0.000016 
| Global Round : 35 | Client :9 | Local Epoch : 0 | [704/811 (92%)]	Loss1: 5.841854 Loss2: 0.000035 
| Global Round : 35 | Client :9 | Local Epoch : 1 | [64/811 (8%)]	Loss1: 5.840465 Loss2: 0.000023 
| Global Round : 35 | Client :9 | Local Epoch : 1 | [704/811 (92%)]	Loss1: 5.840960 Loss2: 0.000026 
| Global Round : 35 | Client :9 | Local Epoch : 2 | [64/811 (8%)]	Loss1: 5.840781 Loss2: 0.000024 
| Global Round : 35 | Client :9 | Local Epoch : 2 | [704/811 (92%)]	Loss1: 5.841598 Loss2: 0.000024 
| Global Round : 35 | Client :9 | Local Epoch : 3 | [64/811 (8%)]	Loss1: 5.840787 Loss2: 0.000019 
| Global Round : 35 | Client :9 | Local Epoch : 3 | [704/811 (92%)]	Loss1: 5.839237 Loss2: 0.000029 
| Global Round : 35 | Client :9 | Local Epoch : 4 | [64/811 (8%)]	Loss1: 5.839720 Loss2: 0.000022 
| Global Round : 35 | Client :9 | Local Epoch : 4 | [704/811 (92%)]	Loss1: 5.841977 Loss2: 0.000021 
average loss:   5.839013137420019
average local test accuracy: 0.8408854166666668
average global test accuracy:  0.5540364583333333

 | Global Training Round : 36 |

xi_k [0.49022586 0.48019968 0.51387554 0.50715637 0.46916081 0.48930322
 0.47758863 0.51265208 0.48618512 0.50439053]
max_exp: -1.0
coe: 10
Regulation [0.8 0.8 0.8 0.8 0.8 0.8 0.8 0.8 0.8 0.8]
Solver status: optimal_inaccurate
b_new: [1. 1. 1. 1. 1. 1. 1. 1. 1. 1.]
Iter 0: obj=48.9074, best_obj=48.9074, ||b_new-b_prev||₂=2.846050
xi_k [0.49022586 0.48019968 0.51387554 0.50715637 0.46916081 0.48930322
 0.47758863 0.51265208 0.48618512 0.50439053]
max_exp: -1.0
coe: 10
Regulation [-1. -1. -1. -1. -1. -1. -1. -1. -1. -1.]
Solver status: optimal_inaccurate
b_new: [1. 1. 1. 1. 1. 1. 1. 1. 1. 1.]
Iter 1: obj=49.8074, best_obj=49.8074, ||b_new-b_prev||₂=0.000000
Converged.
Final b: [1. 1. 1. 1. 1. 1. 1. 1. 1. 1.]
<class 'numpy.ndarray'>
b_float: [1. 1. 1. 1. 1. 1. 1. 1. 1. 1.]
b: [1 1 1 1 1 1 1 1 1 1]
active_clients:  [0, 1, 2, 3, 4, 5, 6, 7, 8, 9]
Client 0's s_k are:[0 1 1 1 1 1 1 1 1 1]
Client 1's s_k are:[1 0 1 1 1 1 1 1 1 1]
Client 2's s_k are:[1 1 0 1 1 1 1 1 1 1]
Client 3's s_k are:[1 1 1 0 1 1 1 1 1 1]
Client 4's s_k are:[1 1 1 1 0 1 1 1 1 1]
Client 5's s_k are:[1 1 1 1 1 0 1 1 1 1]
Client 6's s_k are:[1 1 1 1 1 1 0 1 1 1]
Client 7's s_k are:[1 1 1 1 1 1 1 0 1 1]
Client 8's s_k are:[1 1 1 1 1 1 1 1 0 1]
Client 9's s_k are:[1 1 1 1 1 1 1 1 1 0]
| Global Round : 36 | Client :0 | Local Epoch : 0 | [64/626 (11%)]	Loss1: 5.841961 Loss2: 0.000024 
| Global Round : 36 | Client :0 | Local Epoch : 1 | [64/626 (11%)]	Loss1: 5.842054 Loss2: 0.000023 
| Global Round : 36 | Client :0 | Local Epoch : 2 | [64/626 (11%)]	Loss1: 5.842289 Loss2: 0.000019 
| Global Round : 36 | Client :0 | Local Epoch : 3 | [64/626 (11%)]	Loss1: 5.842915 Loss2: 0.000024 
| Global Round : 36 | Client :0 | Local Epoch : 4 | [64/626 (11%)]	Loss1: 5.841623 Loss2: 0.000026 
| Global Round : 36 | Client :1 | Local Epoch : 0 | [64/497 (14%)]	Loss1: 5.841923 Loss2: 0.000033 
| Global Round : 36 | Client :1 | Local Epoch : 1 | [64/497 (14%)]	Loss1: 5.843290 Loss2: 0.000033 
| Global Round : 36 | Client :1 | Local Epoch : 2 | [64/497 (14%)]	Loss1: 5.841479 Loss2: 0.000027 
| Global Round : 36 | Client :1 | Local Epoch : 3 | [64/497 (14%)]	Loss1: 5.841534 Loss2: 0.000026 
| Global Round : 36 | Client :1 | Local Epoch : 4 | [64/497 (14%)]	Loss1: 5.843264 Loss2: 0.000031 
| Global Round : 36 | Client :2 | Local Epoch : 0 | [64/597 (11%)]	Loss1: 5.841055 Loss2: 0.000021 
| Global Round : 36 | Client :2 | Local Epoch : 1 | [64/597 (11%)]	Loss1: 5.840971 Loss2: 0.000020 
| Global Round : 36 | Client :2 | Local Epoch : 2 | [64/597 (11%)]	Loss1: 5.840782 Loss2: 0.000021 
| Global Round : 36 | Client :2 | Local Epoch : 3 | [64/597 (11%)]	Loss1: 5.840492 Loss2: 0.000023 
| Global Round : 36 | Client :2 | Local Epoch : 4 | [64/597 (11%)]	Loss1: 5.840185 Loss2: 0.000018 
| Global Round : 36 | Client :3 | Local Epoch : 0 | [64/605 (11%)]	Loss1: 5.841637 Loss2: 0.000022 
| Global Round : 36 | Client :3 | Local Epoch : 1 | [64/605 (11%)]	Loss1: 5.841215 Loss2: 0.000016 
| Global Round : 36 | Client :3 | Local Epoch : 2 | [64/605 (11%)]	Loss1: 5.841981 Loss2: 0.000024 
| Global Round : 36 | Client :3 | Local Epoch : 3 | [64/605 (11%)]	Loss1: 5.841415 Loss2: 0.000021 
| Global Round : 36 | Client :3 | Local Epoch : 4 | [64/605 (11%)]	Loss1: 5.839991 Loss2: 0.000021 
| Global Round : 36 | Client :4 | Local Epoch : 0 | [64/436 (17%)]	Loss1: 5.839460 Loss2: 0.000034 
| Global Round : 36 | Client :4 | Local Epoch : 1 | [64/436 (17%)]	Loss1: 5.839990 Loss2: 0.000031 
| Global Round : 36 | Client :4 | Local Epoch : 2 | [64/436 (17%)]	Loss1: 5.840548 Loss2: 0.000031 
| Global Round : 36 | Client :4 | Local Epoch : 3 | [64/436 (17%)]	Loss1: 5.841325 Loss2: 0.000035 
| Global Round : 36 | Client :4 | Local Epoch : 4 | [64/436 (17%)]	Loss1: 5.840359 Loss2: 0.000030 
| Global Round : 36 | Client :5 | Local Epoch : 0 | [64/627 (11%)]	Loss1: 5.840389 Loss2: 0.000027 
| Global Round : 36 | Client :5 | Local Epoch : 1 | [64/627 (11%)]	Loss1: 5.840336 Loss2: 0.000029 
| Global Round : 36 | Client :5 | Local Epoch : 2 | [64/627 (11%)]	Loss1: 5.840742 Loss2: 0.000027 
| Global Round : 36 | Client :5 | Local Epoch : 3 | [64/627 (11%)]	Loss1: 5.840339 Loss2: 0.000028 
| Global Round : 36 | Client :5 | Local Epoch : 4 | [64/627 (11%)]	Loss1: 5.840408 Loss2: 0.000028 
| Global Round : 36 | Client :6 | Local Epoch : 0 | [64/571 (12%)]	Loss1: 5.840691 Loss2: 0.000020 
| Global Round : 36 | Client :6 | Local Epoch : 1 | [64/571 (12%)]	Loss1: 5.841043 Loss2: 0.000020 
| Global Round : 36 | Client :6 | Local Epoch : 2 | [64/571 (12%)]	Loss1: 5.840302 Loss2: 0.000019 
| Global Round : 36 | Client :6 | Local Epoch : 3 | [64/571 (12%)]	Loss1: 5.840207 Loss2: 0.000020 
| Global Round : 36 | Client :6 | Local Epoch : 4 | [64/571 (12%)]	Loss1: 5.841314 Loss2: 0.000022 
| Global Round : 36 | Client :7 | Local Epoch : 0 | [64/665 (10%)]	Loss1: 5.841255 Loss2: 0.000016 
| Global Round : 36 | Client :7 | Local Epoch : 1 | [64/665 (10%)]	Loss1: 5.840208 Loss2: 0.000022 
| Global Round : 36 | Client :7 | Local Epoch : 2 | [64/665 (10%)]	Loss1: 5.841264 Loss2: 0.000021 
| Global Round : 36 | Client :7 | Local Epoch : 3 | [64/665 (10%)]	Loss1: 5.840994 Loss2: 0.000020 
| Global Round : 36 | Client :7 | Local Epoch : 4 | [64/665 (10%)]	Loss1: 5.839746 Loss2: 0.000020 
| Global Round : 36 | Client :8 | Local Epoch : 0 | [64/561 (12%)]	Loss1: 5.840659 Loss2: 0.000024 
| Global Round : 36 | Client :8 | Local Epoch : 1 | [64/561 (12%)]	Loss1: 5.841284 Loss2: 0.000024 
| Global Round : 36 | Client :8 | Local Epoch : 2 | [64/561 (12%)]	Loss1: 5.840763 Loss2: 0.000027 
| Global Round : 36 | Client :8 | Local Epoch : 3 | [64/561 (12%)]	Loss1: 5.841298 Loss2: 0.000025 
| Global Round : 36 | Client :8 | Local Epoch : 4 | [64/561 (12%)]	Loss1: 5.841108 Loss2: 0.000028 
| Global Round : 36 | Client :9 | Local Epoch : 0 | [64/811 (8%)]	Loss1: 5.840875 Loss2: 0.000017 
| Global Round : 36 | Client :9 | Local Epoch : 0 | [704/811 (92%)]	Loss1: 5.841351 Loss2: 0.000026 
| Global Round : 36 | Client :9 | Local Epoch : 1 | [64/811 (8%)]	Loss1: 5.840818 Loss2: 0.000022 
| Global Round : 36 | Client :9 | Local Epoch : 1 | [704/811 (92%)]	Loss1: 5.840580 Loss2: 0.000022 
| Global Round : 36 | Client :9 | Local Epoch : 2 | [64/811 (8%)]	Loss1: 5.841100 Loss2: 0.000018 
| Global Round : 36 | Client :9 | Local Epoch : 2 | [704/811 (92%)]	Loss1: 5.840711 Loss2: 0.000026 
| Global Round : 36 | Client :9 | Local Epoch : 3 | [64/811 (8%)]	Loss1: 5.840838 Loss2: 0.000021 
| Global Round : 36 | Client :9 | Local Epoch : 3 | [704/811 (92%)]	Loss1: 5.840739 Loss2: 0.000026 
| Global Round : 36 | Client :9 | Local Epoch : 4 | [64/811 (8%)]	Loss1: 5.840767 Loss2: 0.000017 
| Global Round : 36 | Client :9 | Local Epoch : 4 | [704/811 (92%)]	Loss1: 5.840370 Loss2: 0.000023 
average loss:   5.838915193553955
average local test accuracy: 0.8587239583333334
average global test accuracy:  0.5971354166666667

 | Global Training Round : 37 |

xi_k [0.49021585 0.48017521 0.51390396 0.50714906 0.46912773 0.48926368
 0.47756799 0.51263702 0.4861724  0.50437672]
max_exp: -1.0
coe: 10
Regulation [0.8 0.8 0.8 0.8 0.8 0.8 0.8 0.8 0.8 0.8]
Solver status: optimal_inaccurate
b_new: [1. 1. 1. 1. 1. 1. 1. 1. 1. 1.]
Iter 0: obj=48.9059, best_obj=48.9059, ||b_new-b_prev||₂=2.846050
xi_k [0.49021585 0.48017521 0.51390396 0.50714906 0.46912773 0.48926368
 0.47756799 0.51263702 0.4861724  0.50437672]
max_exp: -1.0
coe: 10
Regulation [-1. -1. -1. -1. -1. -1. -1. -1. -1. -1.]
Solver status: optimal_inaccurate
b_new: [1. 1. 1. 1. 1. 1. 1. 1. 1. 1.]
Iter 1: obj=49.8059, best_obj=49.8059, ||b_new-b_prev||₂=0.000000
Converged.
Final b: [1. 1. 1. 1. 1. 1. 1. 1. 1. 1.]
<class 'numpy.ndarray'>
b_float: [1. 1. 1. 1. 1. 1. 1. 1. 1. 1.]
b: [1 1 1 1 1 1 1 1 1 1]
active_clients:  [0, 1, 2, 3, 4, 5, 6, 7, 8, 9]
Client 0's s_k are:[0 1 1 1 1 1 1 1 1 1]
Client 1's s_k are:[1 0 1 1 1 1 1 1 1 1]
Client 2's s_k are:[1 1 0 1 1 1 1 1 1 1]
Client 3's s_k are:[1 1 1 0 1 1 1 1 1 1]
Client 4's s_k are:[1 1 1 1 0 1 1 1 1 1]
Client 5's s_k are:[1 1 1 1 1 0 1 1 1 1]
Client 6's s_k are:[1 1 1 1 1 1 0 1 1 1]
Client 7's s_k are:[1 1 1 1 1 1 1 0 1 1]
Client 8's s_k are:[1 1 1 1 1 1 1 1 0 1]
Client 9's s_k are:[1 1 1 1 1 1 1 1 1 0]
| Global Round : 37 | Client :0 | Local Epoch : 0 | [64/626 (11%)]	Loss1: 5.842321 Loss2: 0.000026 
| Global Round : 37 | Client :0 | Local Epoch : 1 | [64/626 (11%)]	Loss1: 5.842337 Loss2: 0.000021 
| Global Round : 37 | Client :0 | Local Epoch : 2 | [64/626 (11%)]	Loss1: 5.841950 Loss2: 0.000022 
| Global Round : 37 | Client :0 | Local Epoch : 3 | [64/626 (11%)]	Loss1: 5.843468 Loss2: 0.000021 
| Global Round : 37 | Client :0 | Local Epoch : 4 | [64/626 (11%)]	Loss1: 5.842411 Loss2: 0.000024 
| Global Round : 37 | Client :1 | Local Epoch : 0 | [64/497 (14%)]	Loss1: 5.843034 Loss2: 0.000029 
| Global Round : 37 | Client :1 | Local Epoch : 1 | [64/497 (14%)]	Loss1: 5.840571 Loss2: 0.000031 
| Global Round : 37 | Client :1 | Local Epoch : 2 | [64/497 (14%)]	Loss1: 5.841085 Loss2: 0.000035 
| Global Round : 37 | Client :1 | Local Epoch : 3 | [64/497 (14%)]	Loss1: 5.841165 Loss2: 0.000030 
| Global Round : 37 | Client :1 | Local Epoch : 4 | [64/497 (14%)]	Loss1: 5.840444 Loss2: 0.000028 
| Global Round : 37 | Client :2 | Local Epoch : 0 | [64/597 (11%)]	Loss1: 5.839963 Loss2: 0.000020 
| Global Round : 37 | Client :2 | Local Epoch : 1 | [64/597 (11%)]	Loss1: 5.839940 Loss2: 0.000024 
| Global Round : 37 | Client :2 | Local Epoch : 2 | [64/597 (11%)]	Loss1: 5.841133 Loss2: 0.000016 
| Global Round : 37 | Client :2 | Local Epoch : 3 | [64/597 (11%)]	Loss1: 5.841018 Loss2: 0.000021 
| Global Round : 37 | Client :2 | Local Epoch : 4 | [64/597 (11%)]	Loss1: 5.841542 Loss2: 0.000016 
| Global Round : 37 | Client :3 | Local Epoch : 0 | [64/605 (11%)]	Loss1: 5.843184 Loss2: 0.000018 
| Global Round : 37 | Client :3 | Local Epoch : 1 | [64/605 (11%)]	Loss1: 5.841520 Loss2: 0.000020 
| Global Round : 37 | Client :3 | Local Epoch : 2 | [64/605 (11%)]	Loss1: 5.841304 Loss2: 0.000019 
| Global Round : 37 | Client :3 | Local Epoch : 3 | [64/605 (11%)]	Loss1: 5.842591 Loss2: 0.000018 
| Global Round : 37 | Client :3 | Local Epoch : 4 | [64/605 (11%)]	Loss1: 5.842159 Loss2: 0.000020 
| Global Round : 37 | Client :4 | Local Epoch : 0 | [64/436 (17%)]	Loss1: 5.841564 Loss2: 0.000032 
| Global Round : 37 | Client :4 | Local Epoch : 1 | [64/436 (17%)]	Loss1: 5.840916 Loss2: 0.000033 
| Global Round : 37 | Client :4 | Local Epoch : 2 | [64/436 (17%)]	Loss1: 5.839670 Loss2: 0.000032 
| Global Round : 37 | Client :4 | Local Epoch : 3 | [64/436 (17%)]	Loss1: 5.840585 Loss2: 0.000030 
| Global Round : 37 | Client :4 | Local Epoch : 4 | [64/436 (17%)]	Loss1: 5.838897 Loss2: 0.000034 
| Global Round : 37 | Client :5 | Local Epoch : 0 | [64/627 (11%)]	Loss1: 5.838752 Loss2: 0.000027 
| Global Round : 37 | Client :5 | Local Epoch : 1 | [64/627 (11%)]	Loss1: 5.840232 Loss2: 0.000027 
| Global Round : 37 | Client :5 | Local Epoch : 2 | [64/627 (11%)]	Loss1: 5.840955 Loss2: 0.000024 
| Global Round : 37 | Client :5 | Local Epoch : 3 | [64/627 (11%)]	Loss1: 5.839954 Loss2: 0.000025 
| Global Round : 37 | Client :5 | Local Epoch : 4 | [64/627 (11%)]	Loss1: 5.840642 Loss2: 0.000026 
| Global Round : 37 | Client :6 | Local Epoch : 0 | [64/571 (12%)]	Loss1: 5.841020 Loss2: 0.000020 
| Global Round : 37 | Client :6 | Local Epoch : 1 | [64/571 (12%)]	Loss1: 5.840012 Loss2: 0.000020 
| Global Round : 37 | Client :6 | Local Epoch : 2 | [64/571 (12%)]	Loss1: 5.839508 Loss2: 0.000018 
| Global Round : 37 | Client :6 | Local Epoch : 3 | [64/571 (12%)]	Loss1: 5.840879 Loss2: 0.000023 
| Global Round : 37 | Client :6 | Local Epoch : 4 | [64/571 (12%)]	Loss1: 5.840252 Loss2: 0.000019 
| Global Round : 37 | Client :7 | Local Epoch : 0 | [64/665 (10%)]	Loss1: 5.840702 Loss2: 0.000022 
| Global Round : 37 | Client :7 | Local Epoch : 1 | [64/665 (10%)]	Loss1: 5.840192 Loss2: 0.000018 
| Global Round : 37 | Client :7 | Local Epoch : 2 | [64/665 (10%)]	Loss1: 5.842213 Loss2: 0.000017 
| Global Round : 37 | Client :7 | Local Epoch : 3 | [64/665 (10%)]	Loss1: 5.839543 Loss2: 0.000019 
| Global Round : 37 | Client :7 | Local Epoch : 4 | [64/665 (10%)]	Loss1: 5.841014 Loss2: 0.000015 
| Global Round : 37 | Client :8 | Local Epoch : 0 | [64/561 (12%)]	Loss1: 5.840444 Loss2: 0.000021 
| Global Round : 37 | Client :8 | Local Epoch : 1 | [64/561 (12%)]	Loss1: 5.839897 Loss2: 0.000028 
| Global Round : 37 | Client :8 | Local Epoch : 2 | [64/561 (12%)]	Loss1: 5.842166 Loss2: 0.000022 
| Global Round : 37 | Client :8 | Local Epoch : 3 | [64/561 (12%)]	Loss1: 5.841745 Loss2: 0.000023 
| Global Round : 37 | Client :8 | Local Epoch : 4 | [64/561 (12%)]	Loss1: 5.842060 Loss2: 0.000025 
| Global Round : 37 | Client :9 | Local Epoch : 0 | [64/811 (8%)]	Loss1: 5.839999 Loss2: 0.000020 
| Global Round : 37 | Client :9 | Local Epoch : 0 | [704/811 (92%)]	Loss1: 5.839854 Loss2: 0.000025 
| Global Round : 37 | Client :9 | Local Epoch : 1 | [64/811 (8%)]	Loss1: 5.840069 Loss2: 0.000019 
| Global Round : 37 | Client :9 | Local Epoch : 1 | [704/811 (92%)]	Loss1: 5.839836 Loss2: 0.000028 
| Global Round : 37 | Client :9 | Local Epoch : 2 | [64/811 (8%)]	Loss1: 5.840107 Loss2: 0.000021 
| Global Round : 37 | Client :9 | Local Epoch : 2 | [704/811 (92%)]	Loss1: 5.841012 Loss2: 0.000025 
| Global Round : 37 | Client :9 | Local Epoch : 3 | [64/811 (8%)]	Loss1: 5.840199 Loss2: 0.000021 
| Global Round : 37 | Client :9 | Local Epoch : 3 | [704/811 (92%)]	Loss1: 5.840055 Loss2: 0.000031 
| Global Round : 37 | Client :9 | Local Epoch : 4 | [64/811 (8%)]	Loss1: 5.841078 Loss2: 0.000023 
| Global Round : 37 | Client :9 | Local Epoch : 4 | [704/811 (92%)]	Loss1: 5.840503 Loss2: 0.000023 
average loss:   5.838892148127632
average local test accuracy: 0.8583333333333332
average global test accuracy:  0.5684895833333333

 | Global Training Round : 38 |

xi_k [0.49015312 0.48018946 0.51390646 0.50714629 0.46916898 0.48927627
 0.47756991 0.51264469 0.48616474 0.50439921]
max_exp: -1.0
coe: 10
Regulation [0.8 0.8 0.8 0.8 0.8 0.8 0.8 0.8 0.8 0.8]
Solver status: optimal_inaccurate
b_new: [1. 1. 1. 1. 1. 1. 1. 1. 1. 1.]
Iter 0: obj=48.9062, best_obj=48.9062, ||b_new-b_prev||₂=2.846050
xi_k [0.49015312 0.48018946 0.51390646 0.50714629 0.46916898 0.48927627
 0.47756991 0.51264469 0.48616474 0.50439921]
max_exp: -1.0
coe: 10
Regulation [-1. -1. -1. -1. -1. -1. -1. -1. -1. -1.]
Solver status: optimal_inaccurate
b_new: [1. 1. 1. 1. 1. 1. 1. 1. 1. 1.]
Iter 1: obj=49.8062, best_obj=49.8062, ||b_new-b_prev||₂=0.000000
Converged.
Final b: [1. 1. 1. 1. 1. 1. 1. 1. 1. 1.]
<class 'numpy.ndarray'>
b_float: [1. 1. 1. 1. 1. 1. 1. 1. 1. 1.]
b: [1 1 1 1 1 1 1 1 1 1]
active_clients:  [0, 1, 2, 3, 4, 5, 6, 7, 8, 9]
Client 0's s_k are:[0 1 1 1 1 1 1 1 1 1]
Client 1's s_k are:[1 0 1 1 1 1 1 1 1 1]
Client 2's s_k are:[1 1 0 1 1 1 1 1 1 1]
Client 3's s_k are:[1 1 1 0 1 1 1 1 1 1]
Client 4's s_k are:[1 1 1 1 0 1 1 1 1 1]
Client 5's s_k are:[1 1 1 1 1 0 1 1 1 1]
Client 6's s_k are:[1 1 1 1 1 1 0 1 1 1]
Client 7's s_k are:[1 1 1 1 1 1 1 0 1 1]
Client 8's s_k are:[1 1 1 1 1 1 1 1 0 1]
Client 9's s_k are:[1 1 1 1 1 1 1 1 1 0]
| Global Round : 38 | Client :0 | Local Epoch : 0 | [64/626 (11%)]	Loss1: 5.841640 Loss2: 0.000023 
| Global Round : 38 | Client :0 | Local Epoch : 1 | [64/626 (11%)]	Loss1: 5.842300 Loss2: 0.000022 
| Global Round : 38 | Client :0 | Local Epoch : 2 | [64/626 (11%)]	Loss1: 5.843570 Loss2: 0.000024 
| Global Round : 38 | Client :0 | Local Epoch : 3 | [64/626 (11%)]	Loss1: 5.843700 Loss2: 0.000022 
| Global Round : 38 | Client :0 | Local Epoch : 4 | [64/626 (11%)]	Loss1: 5.842219 Loss2: 0.000025 
| Global Round : 38 | Client :1 | Local Epoch : 0 | [64/497 (14%)]	Loss1: 5.841300 Loss2: 0.000027 
| Global Round : 38 | Client :1 | Local Epoch : 1 | [64/497 (14%)]	Loss1: 5.841554 Loss2: 0.000032 
| Global Round : 38 | Client :1 | Local Epoch : 2 | [64/497 (14%)]	Loss1: 5.842222 Loss2: 0.000031 
| Global Round : 38 | Client :1 | Local Epoch : 3 | [64/497 (14%)]	Loss1: 5.841204 Loss2: 0.000031 
| Global Round : 38 | Client :1 | Local Epoch : 4 | [64/497 (14%)]	Loss1: 5.840871 Loss2: 0.000029 
| Global Round : 38 | Client :2 | Local Epoch : 0 | [64/597 (11%)]	Loss1: 5.841303 Loss2: 0.000022 
| Global Round : 38 | Client :2 | Local Epoch : 1 | [64/597 (11%)]	Loss1: 5.840513 Loss2: 0.000024 
| Global Round : 38 | Client :2 | Local Epoch : 2 | [64/597 (11%)]	Loss1: 5.840215 Loss2: 0.000024 
| Global Round : 38 | Client :2 | Local Epoch : 3 | [64/597 (11%)]	Loss1: 5.840907 Loss2: 0.000024 
| Global Round : 38 | Client :2 | Local Epoch : 4 | [64/597 (11%)]	Loss1: 5.841859 Loss2: 0.000022 
| Global Round : 38 | Client :3 | Local Epoch : 0 | [64/605 (11%)]	Loss1: 5.841989 Loss2: 0.000019 
| Global Round : 38 | Client :3 | Local Epoch : 1 | [64/605 (11%)]	Loss1: 5.843067 Loss2: 0.000024 
| Global Round : 38 | Client :3 | Local Epoch : 2 | [64/605 (11%)]	Loss1: 5.840784 Loss2: 0.000021 
| Global Round : 38 | Client :3 | Local Epoch : 3 | [64/605 (11%)]	Loss1: 5.840737 Loss2: 0.000020 
| Global Round : 38 | Client :3 | Local Epoch : 4 | [64/605 (11%)]	Loss1: 5.843012 Loss2: 0.000019 
| Global Round : 38 | Client :4 | Local Epoch : 0 | [64/436 (17%)]	Loss1: 5.840033 Loss2: 0.000028 
| Global Round : 38 | Client :4 | Local Epoch : 1 | [64/436 (17%)]	Loss1: 5.840890 Loss2: 0.000029 
| Global Round : 38 | Client :4 | Local Epoch : 2 | [64/436 (17%)]	Loss1: 5.840217 Loss2: 0.000037 
| Global Round : 38 | Client :4 | Local Epoch : 3 | [64/436 (17%)]	Loss1: 5.840488 Loss2: 0.000030 
| Global Round : 38 | Client :4 | Local Epoch : 4 | [64/436 (17%)]	Loss1: 5.840456 Loss2: 0.000028 
| Global Round : 38 | Client :5 | Local Epoch : 0 | [64/627 (11%)]	Loss1: 5.840028 Loss2: 0.000023 
| Global Round : 38 | Client :5 | Local Epoch : 1 | [64/627 (11%)]	Loss1: 5.840639 Loss2: 0.000027 
| Global Round : 38 | Client :5 | Local Epoch : 2 | [64/627 (11%)]	Loss1: 5.840442 Loss2: 0.000026 
| Global Round : 38 | Client :5 | Local Epoch : 3 | [64/627 (11%)]	Loss1: 5.840992 Loss2: 0.000023 
| Global Round : 38 | Client :5 | Local Epoch : 4 | [64/627 (11%)]	Loss1: 5.840260 Loss2: 0.000023 
| Global Round : 38 | Client :6 | Local Epoch : 0 | [64/571 (12%)]	Loss1: 5.841550 Loss2: 0.000017 
| Global Round : 38 | Client :6 | Local Epoch : 1 | [64/571 (12%)]	Loss1: 5.841026 Loss2: 0.000020 
| Global Round : 38 | Client :6 | Local Epoch : 2 | [64/571 (12%)]	Loss1: 5.840833 Loss2: 0.000021 
| Global Round : 38 | Client :6 | Local Epoch : 3 | [64/571 (12%)]	Loss1: 5.840910 Loss2: 0.000019 
| Global Round : 38 | Client :6 | Local Epoch : 4 | [64/571 (12%)]	Loss1: 5.840824 Loss2: 0.000020 
| Global Round : 38 | Client :7 | Local Epoch : 0 | [64/665 (10%)]	Loss1: 5.840494 Loss2: 0.000016 
| Global Round : 38 | Client :7 | Local Epoch : 1 | [64/665 (10%)]	Loss1: 5.840910 Loss2: 0.000017 
| Global Round : 38 | Client :7 | Local Epoch : 2 | [64/665 (10%)]	Loss1: 5.840055 Loss2: 0.000017 
| Global Round : 38 | Client :7 | Local Epoch : 3 | [64/665 (10%)]	Loss1: 5.840826 Loss2: 0.000022 
| Global Round : 38 | Client :7 | Local Epoch : 4 | [64/665 (10%)]	Loss1: 5.840934 Loss2: 0.000018 
| Global Round : 38 | Client :8 | Local Epoch : 0 | [64/561 (12%)]	Loss1: 5.840266 Loss2: 0.000023 
| Global Round : 38 | Client :8 | Local Epoch : 1 | [64/561 (12%)]	Loss1: 5.840912 Loss2: 0.000027 
| Global Round : 38 | Client :8 | Local Epoch : 2 | [64/561 (12%)]	Loss1: 5.840815 Loss2: 0.000026 
| Global Round : 38 | Client :8 | Local Epoch : 3 | [64/561 (12%)]	Loss1: 5.841434 Loss2: 0.000027 
| Global Round : 38 | Client :8 | Local Epoch : 4 | [64/561 (12%)]	Loss1: 5.841015 Loss2: 0.000020 
| Global Round : 38 | Client :9 | Local Epoch : 0 | [64/811 (8%)]	Loss1: 5.840656 Loss2: 0.000015 
| Global Round : 38 | Client :9 | Local Epoch : 0 | [704/811 (92%)]	Loss1: 5.839428 Loss2: 0.000024 
| Global Round : 38 | Client :9 | Local Epoch : 1 | [64/811 (8%)]	Loss1: 5.839960 Loss2: 0.000025 
| Global Round : 38 | Client :9 | Local Epoch : 1 | [704/811 (92%)]	Loss1: 5.841032 Loss2: 0.000025 
| Global Round : 38 | Client :9 | Local Epoch : 2 | [64/811 (8%)]	Loss1: 5.841534 Loss2: 0.000023 
| Global Round : 38 | Client :9 | Local Epoch : 2 | [704/811 (92%)]	Loss1: 5.840394 Loss2: 0.000025 
| Global Round : 38 | Client :9 | Local Epoch : 3 | [64/811 (8%)]	Loss1: 5.839996 Loss2: 0.000024 
| Global Round : 38 | Client :9 | Local Epoch : 3 | [704/811 (92%)]	Loss1: 5.839843 Loss2: 0.000021 
| Global Round : 38 | Client :9 | Local Epoch : 4 | [64/811 (8%)]	Loss1: 5.839682 Loss2: 0.000021 
| Global Round : 38 | Client :9 | Local Epoch : 4 | [704/811 (92%)]	Loss1: 5.841146 Loss2: 0.000025 
average loss:   5.838833348675379
average local test accuracy: 0.845703125
average global test accuracy:  0.5756510416666667

 | Global Training Round : 39 |

xi_k [0.49017731 0.48017956 0.51391798 0.50711031 0.4691189  0.48925446
 0.47754718 0.51261045 0.48613251 0.50437021]
max_exp: -1.0
coe: 10
Regulation [0.8 0.8 0.8 0.8 0.8 0.8 0.8 0.8 0.8 0.8]
Solver status: optimal_inaccurate
b_new: [1. 1. 1. 1. 1. 1. 1. 1. 1. 1.]
Iter 0: obj=48.9042, best_obj=48.9042, ||b_new-b_prev||₂=2.846050
xi_k [0.49017731 0.48017956 0.51391798 0.50711031 0.4691189  0.48925446
 0.47754718 0.51261045 0.48613251 0.50437021]
max_exp: -1.0
coe: 10
Regulation [-1. -1. -1. -1. -1. -1. -1. -1. -1. -1.]
Solver status: optimal_inaccurate
b_new: [1. 1. 1. 1. 1. 1. 1. 1. 1. 1.]
Iter 1: obj=49.8042, best_obj=49.8042, ||b_new-b_prev||₂=0.000000
Converged.
Final b: [1. 1. 1. 1. 1. 1. 1. 1. 1. 1.]
<class 'numpy.ndarray'>
b_float: [1. 1. 1. 1. 1. 1. 1. 1. 1. 1.]
b: [1 1 1 1 1 1 1 1 1 1]
active_clients:  [0, 1, 2, 3, 4, 5, 6, 7, 8, 9]
Client 0's s_k are:[0 1 1 1 1 1 1 1 1 1]
Client 1's s_k are:[1 0 1 1 1 1 1 1 1 1]
Client 2's s_k are:[1 1 0 1 1 1 1 1 1 1]
Client 3's s_k are:[1 1 1 0 1 1 1 1 1 1]
Client 4's s_k are:[1 1 1 1 0 1 1 1 1 1]
Client 5's s_k are:[1 1 1 1 1 0 1 1 1 1]
Client 6's s_k are:[1 1 1 1 1 1 0 1 1 1]
Client 7's s_k are:[1 1 1 1 1 1 1 0 1 1]
Client 8's s_k are:[1 1 1 1 1 1 1 1 0 1]
Client 9's s_k are:[1 1 1 1 1 1 1 1 1 0]
| Global Round : 39 | Client :0 | Local Epoch : 0 | [64/626 (11%)]	Loss1: 5.841100 Loss2: 0.000023 
| Global Round : 39 | Client :0 | Local Epoch : 1 | [64/626 (11%)]	Loss1: 5.842559 Loss2: 0.000025 
| Global Round : 39 | Client :0 | Local Epoch : 2 | [64/626 (11%)]	Loss1: 5.841083 Loss2: 0.000025 
| Global Round : 39 | Client :0 | Local Epoch : 3 | [64/626 (11%)]	Loss1: 5.842069 Loss2: 0.000025 
| Global Round : 39 | Client :0 | Local Epoch : 4 | [64/626 (11%)]	Loss1: 5.840782 Loss2: 0.000029 
| Global Round : 39 | Client :1 | Local Epoch : 0 | [64/497 (14%)]	Loss1: 5.841789 Loss2: 0.000030 
| Global Round : 39 | Client :1 | Local Epoch : 1 | [64/497 (14%)]	Loss1: 5.841231 Loss2: 0.000027 
| Global Round : 39 | Client :1 | Local Epoch : 2 | [64/497 (14%)]	Loss1: 5.841231 Loss2: 0.000036 
| Global Round : 39 | Client :1 | Local Epoch : 3 | [64/497 (14%)]	Loss1: 5.841844 Loss2: 0.000027 
| Global Round : 39 | Client :1 | Local Epoch : 4 | [64/497 (14%)]	Loss1: 5.841863 Loss2: 0.000030 
| Global Round : 39 | Client :2 | Local Epoch : 0 | [64/597 (11%)]	Loss1: 5.840607 Loss2: 0.000019 
| Global Round : 39 | Client :2 | Local Epoch : 1 | [64/597 (11%)]	Loss1: 5.841223 Loss2: 0.000022 
| Global Round : 39 | Client :2 | Local Epoch : 2 | [64/597 (11%)]	Loss1: 5.840678 Loss2: 0.000028 
| Global Round : 39 | Client :2 | Local Epoch : 3 | [64/597 (11%)]	Loss1: 5.840498 Loss2: 0.000021 
| Global Round : 39 | Client :2 | Local Epoch : 4 | [64/597 (11%)]	Loss1: 5.841931 Loss2: 0.000021 
| Global Round : 39 | Client :3 | Local Epoch : 0 | [64/605 (11%)]	Loss1: 5.840420 Loss2: 0.000019 
| Global Round : 39 | Client :3 | Local Epoch : 1 | [64/605 (11%)]	Loss1: 5.841728 Loss2: 0.000018 
| Global Round : 39 | Client :3 | Local Epoch : 2 | [64/605 (11%)]	Loss1: 5.840985 Loss2: 0.000017 
| Global Round : 39 | Client :3 | Local Epoch : 3 | [64/605 (11%)]	Loss1: 5.840974 Loss2: 0.000020 
| Global Round : 39 | Client :3 | Local Epoch : 4 | [64/605 (11%)]	Loss1: 5.841730 Loss2: 0.000022 
| Global Round : 39 | Client :4 | Local Epoch : 0 | [64/436 (17%)]	Loss1: 5.840897 Loss2: 0.000032 
| Global Round : 39 | Client :4 | Local Epoch : 1 | [64/436 (17%)]	Loss1: 5.840371 Loss2: 0.000035 
| Global Round : 39 | Client :4 | Local Epoch : 2 | [64/436 (17%)]	Loss1: 5.841006 Loss2: 0.000033 
| Global Round : 39 | Client :4 | Local Epoch : 3 | [64/436 (17%)]	Loss1: 5.840346 Loss2: 0.000032 
| Global Round : 39 | Client :4 | Local Epoch : 4 | [64/436 (17%)]	Loss1: 5.839835 Loss2: 0.000028 
| Global Round : 39 | Client :5 | Local Epoch : 0 | [64/627 (11%)]	Loss1: 5.839684 Loss2: 0.000029 
| Global Round : 39 | Client :5 | Local Epoch : 1 | [64/627 (11%)]	Loss1: 5.840583 Loss2: 0.000023 
| Global Round : 39 | Client :5 | Local Epoch : 2 | [64/627 (11%)]	Loss1: 5.839971 Loss2: 0.000025 
| Global Round : 39 | Client :5 | Local Epoch : 3 | [64/627 (11%)]	Loss1: 5.839988 Loss2: 0.000028 
| Global Round : 39 | Client :5 | Local Epoch : 4 | [64/627 (11%)]	Loss1: 5.841249 Loss2: 0.000024 
| Global Round : 39 | Client :6 | Local Epoch : 0 | [64/571 (12%)]	Loss1: 5.840028 Loss2: 0.000019 
| Global Round : 39 | Client :6 | Local Epoch : 1 | [64/571 (12%)]	Loss1: 5.840885 Loss2: 0.000019 
| Global Round : 39 | Client :6 | Local Epoch : 2 | [64/571 (12%)]	Loss1: 5.840600 Loss2: 0.000020 
| Global Round : 39 | Client :6 | Local Epoch : 3 | [64/571 (12%)]	Loss1: 5.840894 Loss2: 0.000019 
| Global Round : 39 | Client :6 | Local Epoch : 4 | [64/571 (12%)]	Loss1: 5.840571 Loss2: 0.000021 
| Global Round : 39 | Client :7 | Local Epoch : 0 | [64/665 (10%)]	Loss1: 5.840259 Loss2: 0.000020 
| Global Round : 39 | Client :7 | Local Epoch : 1 | [64/665 (10%)]	Loss1: 5.841405 Loss2: 0.000020 
| Global Round : 39 | Client :7 | Local Epoch : 2 | [64/665 (10%)]	Loss1: 5.840127 Loss2: 0.000024 
| Global Round : 39 | Client :7 | Local Epoch : 3 | [64/665 (10%)]	Loss1: 5.841585 Loss2: 0.000018 
| Global Round : 39 | Client :7 | Local Epoch : 4 | [64/665 (10%)]	Loss1: 5.839653 Loss2: 0.000015 
| Global Round : 39 | Client :8 | Local Epoch : 0 | [64/561 (12%)]	Loss1: 5.840239 Loss2: 0.000021 
| Global Round : 39 | Client :8 | Local Epoch : 1 | [64/561 (12%)]	Loss1: 5.840199 Loss2: 0.000022 
| Global Round : 39 | Client :8 | Local Epoch : 2 | [64/561 (12%)]	Loss1: 5.840757 Loss2: 0.000027 
| Global Round : 39 | Client :8 | Local Epoch : 3 | [64/561 (12%)]	Loss1: 5.841181 Loss2: 0.000027 
| Global Round : 39 | Client :8 | Local Epoch : 4 | [64/561 (12%)]	Loss1: 5.840681 Loss2: 0.000026 
| Global Round : 39 | Client :9 | Local Epoch : 0 | [64/811 (8%)]	Loss1: 5.839807 Loss2: 0.000023 
| Global Round : 39 | Client :9 | Local Epoch : 0 | [704/811 (92%)]	Loss1: 5.840717 Loss2: 0.000027 
| Global Round : 39 | Client :9 | Local Epoch : 1 | [64/811 (8%)]	Loss1: 5.841176 Loss2: 0.000024 
| Global Round : 39 | Client :9 | Local Epoch : 1 | [704/811 (92%)]	Loss1: 5.840618 Loss2: 0.000019 
| Global Round : 39 | Client :9 | Local Epoch : 2 | [64/811 (8%)]	Loss1: 5.841438 Loss2: 0.000021 
| Global Round : 39 | Client :9 | Local Epoch : 2 | [704/811 (92%)]	Loss1: 5.841457 Loss2: 0.000023 
| Global Round : 39 | Client :9 | Local Epoch : 3 | [64/811 (8%)]	Loss1: 5.841243 Loss2: 0.000024 
| Global Round : 39 | Client :9 | Local Epoch : 3 | [704/811 (92%)]	Loss1: 5.839383 Loss2: 0.000024 
| Global Round : 39 | Client :9 | Local Epoch : 4 | [64/811 (8%)]	Loss1: 5.840803 Loss2: 0.000022 
| Global Round : 39 | Client :9 | Local Epoch : 4 | [704/811 (92%)]	Loss1: 5.841592 Loss2: 0.000022 
average loss:   5.8388117186985315
average local test accuracy: 0.848046875
average global test accuracy:  0.5680989583333333

 | Global Training Round : 40 |

xi_k [0.49015639 0.48016783 0.51389028 0.50711814 0.46911564 0.48929971
 0.4775721  0.51263585 0.48613369 0.50437877]
max_exp: -1.0
coe: 10
Regulation [0.8 0.8 0.8 0.8 0.8 0.8 0.8 0.8 0.8 0.8]
Solver status: optimal_inaccurate
b_new: [1. 1. 1. 1. 1. 1. 1. 1. 1. 1.]
Iter 0: obj=48.9047, best_obj=48.9047, ||b_new-b_prev||₂=2.846050
xi_k [0.49015639 0.48016783 0.51389028 0.50711814 0.46911564 0.48929971
 0.4775721  0.51263585 0.48613369 0.50437877]
max_exp: -1.0
coe: 10
Regulation [-1. -1. -1. -1. -1. -1. -1. -1. -1. -1.]
Solver status: optimal_inaccurate
b_new: [1. 1. 1. 1. 1. 1. 1. 1. 1. 1.]
Iter 1: obj=49.8047, best_obj=49.8047, ||b_new-b_prev||₂=0.000000
Converged.
Final b: [1. 1. 1. 1. 1. 1. 1. 1. 1. 1.]
<class 'numpy.ndarray'>
b_float: [1. 1. 1. 1. 1. 1. 1. 1. 1. 1.]
b: [1 1 1 1 1 1 1 1 1 1]
active_clients:  [0, 1, 2, 3, 4, 5, 6, 7, 8, 9]
Client 0's s_k are:[0 1 1 1 1 1 1 1 1 1]
Client 1's s_k are:[1 0 1 1 1 1 1 1 1 1]
Client 2's s_k are:[1 1 0 1 1 1 1 1 1 1]
Client 3's s_k are:[1 1 1 0 1 1 1 1 1 1]
Client 4's s_k are:[1 1 1 1 0 1 1 1 1 1]
Client 5's s_k are:[1 1 1 1 1 0 1 1 1 1]
Client 6's s_k are:[1 1 1 1 1 1 0 1 1 1]
Client 7's s_k are:[1 1 1 1 1 1 1 0 1 1]
Client 8's s_k are:[1 1 1 1 1 1 1 1 0 1]
Client 9's s_k are:[1 1 1 1 1 1 1 1 1 0]
| Global Round : 40 | Client :0 | Local Epoch : 0 | [64/626 (11%)]	Loss1: 5.841678 Loss2: 0.000030 
| Global Round : 40 | Client :0 | Local Epoch : 1 | [64/626 (11%)]	Loss1: 5.841278 Loss2: 0.000025 
| Global Round : 40 | Client :0 | Local Epoch : 2 | [64/626 (11%)]	Loss1: 5.841756 Loss2: 0.000020 
| Global Round : 40 | Client :0 | Local Epoch : 3 | [64/626 (11%)]	Loss1: 5.841995 Loss2: 0.000024 
| Global Round : 40 | Client :0 | Local Epoch : 4 | [64/626 (11%)]	Loss1: 5.841952 Loss2: 0.000027 
| Global Round : 40 | Client :1 | Local Epoch : 0 | [64/497 (14%)]	Loss1: 5.840993 Loss2: 0.000034 
| Global Round : 40 | Client :1 | Local Epoch : 1 | [64/497 (14%)]	Loss1: 5.840753 Loss2: 0.000029 
| Global Round : 40 | Client :1 | Local Epoch : 2 | [64/497 (14%)]	Loss1: 5.840389 Loss2: 0.000032 
| Global Round : 40 | Client :1 | Local Epoch : 3 | [64/497 (14%)]	Loss1: 5.841501 Loss2: 0.000032 
| Global Round : 40 | Client :1 | Local Epoch : 4 | [64/497 (14%)]	Loss1: 5.840464 Loss2: 0.000036 
| Global Round : 40 | Client :2 | Local Epoch : 0 | [64/597 (11%)]	Loss1: 5.840562 Loss2: 0.000021 
| Global Round : 40 | Client :2 | Local Epoch : 1 | [64/597 (11%)]	Loss1: 5.841187 Loss2: 0.000019 
| Global Round : 40 | Client :2 | Local Epoch : 2 | [64/597 (11%)]	Loss1: 5.840471 Loss2: 0.000025 
| Global Round : 40 | Client :2 | Local Epoch : 3 | [64/597 (11%)]	Loss1: 5.840207 Loss2: 0.000016 
| Global Round : 40 | Client :2 | Local Epoch : 4 | [64/597 (11%)]	Loss1: 5.840318 Loss2: 0.000023 
| Global Round : 40 | Client :3 | Local Epoch : 0 | [64/605 (11%)]	Loss1: 5.841342 Loss2: 0.000020 
| Global Round : 40 | Client :3 | Local Epoch : 1 | [64/605 (11%)]	Loss1: 5.840946 Loss2: 0.000019 
| Global Round : 40 | Client :3 | Local Epoch : 2 | [64/605 (11%)]	Loss1: 5.841243 Loss2: 0.000020 
| Global Round : 40 | Client :3 | Local Epoch : 3 | [64/605 (11%)]	Loss1: 5.841402 Loss2: 0.000018 
| Global Round : 40 | Client :3 | Local Epoch : 4 | [64/605 (11%)]	Loss1: 5.840775 Loss2: 0.000020 
| Global Round : 40 | Client :4 | Local Epoch : 0 | [64/436 (17%)]	Loss1: 5.842008 Loss2: 0.000032 
| Global Round : 40 | Client :4 | Local Epoch : 1 | [64/436 (17%)]	Loss1: 5.839929 Loss2: 0.000027 
| Global Round : 40 | Client :4 | Local Epoch : 2 | [64/436 (17%)]	Loss1: 5.839894 Loss2: 0.000031 
| Global Round : 40 | Client :4 | Local Epoch : 3 | [64/436 (17%)]	Loss1: 5.840270 Loss2: 0.000026 
| Global Round : 40 | Client :4 | Local Epoch : 4 | [64/436 (17%)]	Loss1: 5.840468 Loss2: 0.000031 
| Global Round : 40 | Client :5 | Local Epoch : 0 | [64/627 (11%)]	Loss1: 5.839174 Loss2: 0.000027 
| Global Round : 40 | Client :5 | Local Epoch : 1 | [64/627 (11%)]	Loss1: 5.840004 Loss2: 0.000026 
| Global Round : 40 | Client :5 | Local Epoch : 2 | [64/627 (11%)]	Loss1: 5.842090 Loss2: 0.000025 
| Global Round : 40 | Client :5 | Local Epoch : 3 | [64/627 (11%)]	Loss1: 5.839461 Loss2: 0.000030 
| Global Round : 40 | Client :5 | Local Epoch : 4 | [64/627 (11%)]	Loss1: 5.840207 Loss2: 0.000028 
| Global Round : 40 | Client :6 | Local Epoch : 0 | [64/571 (12%)]	Loss1: 5.839968 Loss2: 0.000016 
| Global Round : 40 | Client :6 | Local Epoch : 1 | [64/571 (12%)]	Loss1: 5.839935 Loss2: 0.000020 
| Global Round : 40 | Client :6 | Local Epoch : 2 | [64/571 (12%)]	Loss1: 5.840293 Loss2: 0.000020 
| Global Round : 40 | Client :6 | Local Epoch : 3 | [64/571 (12%)]	Loss1: 5.840090 Loss2: 0.000018 
| Global Round : 40 | Client :6 | Local Epoch : 4 | [64/571 (12%)]	Loss1: 5.840520 Loss2: 0.000017 
| Global Round : 40 | Client :7 | Local Epoch : 0 | [64/665 (10%)]	Loss1: 5.841116 Loss2: 0.000019 
| Global Round : 40 | Client :7 | Local Epoch : 1 | [64/665 (10%)]	Loss1: 5.841050 Loss2: 0.000018 
| Global Round : 40 | Client :7 | Local Epoch : 2 | [64/665 (10%)]	Loss1: 5.840576 Loss2: 0.000022 
| Global Round : 40 | Client :7 | Local Epoch : 3 | [64/665 (10%)]	Loss1: 5.839741 Loss2: 0.000023 
| Global Round : 40 | Client :7 | Local Epoch : 4 | [64/665 (10%)]	Loss1: 5.840714 Loss2: 0.000017 
| Global Round : 40 | Client :8 | Local Epoch : 0 | [64/561 (12%)]	Loss1: 5.840690 Loss2: 0.000023 
| Global Round : 40 | Client :8 | Local Epoch : 1 | [64/561 (12%)]	Loss1: 5.840414 Loss2: 0.000024 
| Global Round : 40 | Client :8 | Local Epoch : 2 | [64/561 (12%)]	Loss1: 5.842674 Loss2: 0.000024 
| Global Round : 40 | Client :8 | Local Epoch : 3 | [64/561 (12%)]	Loss1: 5.841916 Loss2: 0.000023 
| Global Round : 40 | Client :8 | Local Epoch : 4 | [64/561 (12%)]	Loss1: 5.842636 Loss2: 0.000024 
| Global Round : 40 | Client :9 | Local Epoch : 0 | [64/811 (8%)]	Loss1: 5.840884 Loss2: 0.000021 
| Global Round : 40 | Client :9 | Local Epoch : 0 | [704/811 (92%)]	Loss1: 5.841295 Loss2: 0.000022 
| Global Round : 40 | Client :9 | Local Epoch : 1 | [64/811 (8%)]	Loss1: 5.840317 Loss2: 0.000019 
| Global Round : 40 | Client :9 | Local Epoch : 1 | [704/811 (92%)]	Loss1: 5.839592 Loss2: 0.000023 
| Global Round : 40 | Client :9 | Local Epoch : 2 | [64/811 (8%)]	Loss1: 5.840095 Loss2: 0.000019 
| Global Round : 40 | Client :9 | Local Epoch : 2 | [704/811 (92%)]	Loss1: 5.840987 Loss2: 0.000024 
| Global Round : 40 | Client :9 | Local Epoch : 3 | [64/811 (8%)]	Loss1: 5.841316 Loss2: 0.000020 
| Global Round : 40 | Client :9 | Local Epoch : 3 | [704/811 (92%)]	Loss1: 5.840869 Loss2: 0.000025 
| Global Round : 40 | Client :9 | Local Epoch : 4 | [64/811 (8%)]	Loss1: 5.840811 Loss2: 0.000023 
| Global Round : 40 | Client :9 | Local Epoch : 4 | [704/811 (92%)]	Loss1: 5.841257 Loss2: 0.000020 
average loss:   5.838780333503844
average local test accuracy: 0.8434895833333332
average global test accuracy:  0.5446614583333333

 | Global Training Round : 41 |

xi_k [0.4901621  0.48014219 0.51389558 0.50712176 0.4691448  0.48927949
 0.47753304 0.51262317 0.48614466 0.50438538]
max_exp: -1.0
coe: 10
Regulation [0.8 0.8 0.8 0.8 0.8 0.8 0.8 0.8 0.8 0.8]
Solver status: optimal_inaccurate
b_new: [1. 1. 1. 1. 1. 1. 1. 1. 1. 1.]
Iter 0: obj=48.9043, best_obj=48.9043, ||b_new-b_prev||₂=2.846050
xi_k [0.4901621  0.48014219 0.51389558 0.50712176 0.4691448  0.48927949
 0.47753304 0.51262317 0.48614466 0.50438538]
max_exp: -1.0
coe: 10
Regulation [-1. -1. -1. -1. -1. -1. -1. -1. -1. -1.]
Solver status: optimal_inaccurate
b_new: [1. 1. 1. 1. 1. 1. 1. 1. 1. 1.]
Iter 1: obj=49.8043, best_obj=49.8043, ||b_new-b_prev||₂=0.000000
Converged.
Final b: [1. 1. 1. 1. 1. 1. 1. 1. 1. 1.]
<class 'numpy.ndarray'>
b_float: [1. 1. 1. 1. 1. 1. 1. 1. 1. 1.]
b: [1 1 1 1 1 1 1 1 1 1]
active_clients:  [0, 1, 2, 3, 4, 5, 6, 7, 8, 9]
Client 0's s_k are:[0 1 1 1 1 1 1 1 1 1]
Client 1's s_k are:[1 0 1 1 1 1 1 1 1 1]
Client 2's s_k are:[1 1 0 1 1 1 1 1 1 1]
Client 3's s_k are:[1 1 1 0 1 1 1 1 1 1]
Client 4's s_k are:[1 1 1 1 0 1 1 1 1 1]
Client 5's s_k are:[1 1 1 1 1 0 1 1 1 1]
Client 6's s_k are:[1 1 1 1 1 1 0 1 1 1]
Client 7's s_k are:[1 1 1 1 1 1 1 0 1 1]
Client 8's s_k are:[1 1 1 1 1 1 1 1 0 1]
Client 9's s_k are:[1 1 1 1 1 1 1 1 1 0]
| Global Round : 41 | Client :0 | Local Epoch : 0 | [64/626 (11%)]	Loss1: 5.841314 Loss2: 0.000018 
| Global Round : 41 | Client :0 | Local Epoch : 1 | [64/626 (11%)]	Loss1: 5.842195 Loss2: 0.000026 
| Global Round : 41 | Client :0 | Local Epoch : 2 | [64/626 (11%)]	Loss1: 5.843941 Loss2: 0.000017 
| Global Round : 41 | Client :0 | Local Epoch : 3 | [64/626 (11%)]	Loss1: 5.842237 Loss2: 0.000022 
| Global Round : 41 | Client :0 | Local Epoch : 4 | [64/626 (11%)]	Loss1: 5.841545 Loss2: 0.000022 
| Global Round : 41 | Client :1 | Local Epoch : 0 | [64/497 (14%)]	Loss1: 5.840536 Loss2: 0.000033 
| Global Round : 41 | Client :1 | Local Epoch : 1 | [64/497 (14%)]	Loss1: 5.841715 Loss2: 0.000031 
| Global Round : 41 | Client :1 | Local Epoch : 2 | [64/497 (14%)]	Loss1: 5.841764 Loss2: 0.000027 
| Global Round : 41 | Client :1 | Local Epoch : 3 | [64/497 (14%)]	Loss1: 5.840633 Loss2: 0.000037 
| Global Round : 41 | Client :1 | Local Epoch : 4 | [64/497 (14%)]	Loss1: 5.842310 Loss2: 0.000028 
| Global Round : 41 | Client :2 | Local Epoch : 0 | [64/597 (11%)]	Loss1: 5.840511 Loss2: 0.000023 
| Global Round : 41 | Client :2 | Local Epoch : 1 | [64/597 (11%)]	Loss1: 5.842028 Loss2: 0.000020 
| Global Round : 41 | Client :2 | Local Epoch : 2 | [64/597 (11%)]	Loss1: 5.840257 Loss2: 0.000024 
| Global Round : 41 | Client :2 | Local Epoch : 3 | [64/597 (11%)]	Loss1: 5.840571 Loss2: 0.000022 
| Global Round : 41 | Client :2 | Local Epoch : 4 | [64/597 (11%)]	Loss1: 5.840827 Loss2: 0.000020 
| Global Round : 41 | Client :3 | Local Epoch : 0 | [64/605 (11%)]	Loss1: 5.841901 Loss2: 0.000019 
| Global Round : 41 | Client :3 | Local Epoch : 1 | [64/605 (11%)]	Loss1: 5.841734 Loss2: 0.000022 
| Global Round : 41 | Client :3 | Local Epoch : 2 | [64/605 (11%)]	Loss1: 5.841531 Loss2: 0.000020 
| Global Round : 41 | Client :3 | Local Epoch : 3 | [64/605 (11%)]	Loss1: 5.841524 Loss2: 0.000021 
| Global Round : 41 | Client :3 | Local Epoch : 4 | [64/605 (11%)]	Loss1: 5.841107 Loss2: 0.000021 
| Global Round : 41 | Client :4 | Local Epoch : 0 | [64/436 (17%)]	Loss1: 5.840809 Loss2: 0.000029 
| Global Round : 41 | Client :4 | Local Epoch : 1 | [64/436 (17%)]	Loss1: 5.840354 Loss2: 0.000033 
| Global Round : 41 | Client :4 | Local Epoch : 2 | [64/436 (17%)]	Loss1: 5.839559 Loss2: 0.000029 
| Global Round : 41 | Client :4 | Local Epoch : 3 | [64/436 (17%)]	Loss1: 5.839906 Loss2: 0.000029 
| Global Round : 41 | Client :4 | Local Epoch : 4 | [64/436 (17%)]	Loss1: 5.839081 Loss2: 0.000028 
| Global Round : 41 | Client :5 | Local Epoch : 0 | [64/627 (11%)]	Loss1: 5.839785 Loss2: 0.000023 
| Global Round : 41 | Client :5 | Local Epoch : 1 | [64/627 (11%)]	Loss1: 5.840229 Loss2: 0.000025 
| Global Round : 41 | Client :5 | Local Epoch : 2 | [64/627 (11%)]	Loss1: 5.839828 Loss2: 0.000026 
| Global Round : 41 | Client :5 | Local Epoch : 3 | [64/627 (11%)]	Loss1: 5.839396 Loss2: 0.000027 
| Global Round : 41 | Client :5 | Local Epoch : 4 | [64/627 (11%)]	Loss1: 5.840847 Loss2: 0.000025 
| Global Round : 41 | Client :6 | Local Epoch : 0 | [64/571 (12%)]	Loss1: 5.840089 Loss2: 0.000021 
| Global Round : 41 | Client :6 | Local Epoch : 1 | [64/571 (12%)]	Loss1: 5.840267 Loss2: 0.000025 
| Global Round : 41 | Client :6 | Local Epoch : 2 | [64/571 (12%)]	Loss1: 5.840553 Loss2: 0.000021 
| Global Round : 41 | Client :6 | Local Epoch : 3 | [64/571 (12%)]	Loss1: 5.839746 Loss2: 0.000020 
| Global Round : 41 | Client :6 | Local Epoch : 4 | [64/571 (12%)]	Loss1: 5.840337 Loss2: 0.000017 
| Global Round : 41 | Client :7 | Local Epoch : 0 | [64/665 (10%)]	Loss1: 5.840745 Loss2: 0.000017 
| Global Round : 41 | Client :7 | Local Epoch : 1 | [64/665 (10%)]	Loss1: 5.841087 Loss2: 0.000018 
| Global Round : 41 | Client :7 | Local Epoch : 2 | [64/665 (10%)]	Loss1: 5.841558 Loss2: 0.000019 
| Global Round : 41 | Client :7 | Local Epoch : 3 | [64/665 (10%)]	Loss1: 5.841351 Loss2: 0.000020 
| Global Round : 41 | Client :7 | Local Epoch : 4 | [64/665 (10%)]	Loss1: 5.840351 Loss2: 0.000021 
| Global Round : 41 | Client :8 | Local Epoch : 0 | [64/561 (12%)]	Loss1: 5.839660 Loss2: 0.000027 
| Global Round : 41 | Client :8 | Local Epoch : 1 | [64/561 (12%)]	Loss1: 5.841488 Loss2: 0.000024 
| Global Round : 41 | Client :8 | Local Epoch : 2 | [64/561 (12%)]	Loss1: 5.841475 Loss2: 0.000029 
| Global Round : 41 | Client :8 | Local Epoch : 3 | [64/561 (12%)]	Loss1: 5.843205 Loss2: 0.000028 
| Global Round : 41 | Client :8 | Local Epoch : 4 | [64/561 (12%)]	Loss1: 5.841239 Loss2: 0.000027 
| Global Round : 41 | Client :9 | Local Epoch : 0 | [64/811 (8%)]	Loss1: 5.840148 Loss2: 0.000021 
| Global Round : 41 | Client :9 | Local Epoch : 0 | [704/811 (92%)]	Loss1: 5.839958 Loss2: 0.000030 
| Global Round : 41 | Client :9 | Local Epoch : 1 | [64/811 (8%)]	Loss1: 5.841702 Loss2: 0.000024 
| Global Round : 41 | Client :9 | Local Epoch : 1 | [704/811 (92%)]	Loss1: 5.841097 Loss2: 0.000021 
| Global Round : 41 | Client :9 | Local Epoch : 2 | [64/811 (8%)]	Loss1: 5.841256 Loss2: 0.000021 
| Global Round : 41 | Client :9 | Local Epoch : 2 | [704/811 (92%)]	Loss1: 5.840524 Loss2: 0.000022 
| Global Round : 41 | Client :9 | Local Epoch : 3 | [64/811 (8%)]	Loss1: 5.841455 Loss2: 0.000018 
| Global Round : 41 | Client :9 | Local Epoch : 3 | [704/811 (92%)]	Loss1: 5.840341 Loss2: 0.000026 
| Global Round : 41 | Client :9 | Local Epoch : 4 | [64/811 (8%)]	Loss1: 5.840041 Loss2: 0.000017 
| Global Round : 41 | Client :9 | Local Epoch : 4 | [704/811 (92%)]	Loss1: 5.840988 Loss2: 0.000022 
average loss:   5.838788299863301
average local test accuracy: 0.8548177083333333
average global test accuracy:  0.5673177083333334

 | Global Training Round : 42 |

xi_k [0.49014968 0.48013284 0.51387226 0.50708024 0.46916397 0.48926632
 0.47755011 0.51264051 0.48612925 0.50437722]
max_exp: -1.0
coe: 10
Regulation [0.8 0.8 0.8 0.8 0.8 0.8 0.8 0.8 0.8 0.8]
Solver status: optimal_inaccurate
b_new: [1. 1. 1. 1. 1. 1. 1. 1. 1. 1.]
Iter 0: obj=48.9036, best_obj=48.9036, ||b_new-b_prev||₂=2.846050
xi_k [0.49014968 0.48013284 0.51387226 0.50708024 0.46916397 0.48926632
 0.47755011 0.51264051 0.48612925 0.50437722]
max_exp: -1.0
coe: 10
Regulation [-1. -1. -1. -1. -1. -1. -1. -1. -1. -1.]
Solver status: optimal_inaccurate
b_new: [1. 1. 1. 1. 1. 1. 1. 1. 1. 1.]
Iter 1: obj=49.8036, best_obj=49.8036, ||b_new-b_prev||₂=0.000000
Converged.
Final b: [1. 1. 1. 1. 1. 1. 1. 1. 1. 1.]
<class 'numpy.ndarray'>
b_float: [1. 1. 1. 1. 1. 1. 1. 1. 1. 1.]
b: [1 1 1 1 1 1 1 1 1 1]
active_clients:  [0, 1, 2, 3, 4, 5, 6, 7, 8, 9]
Client 0's s_k are:[0 1 1 1 1 1 1 1 1 1]
Client 1's s_k are:[1 0 1 1 1 1 1 1 1 1]
Client 2's s_k are:[1 1 0 1 1 1 1 1 1 1]
Client 3's s_k are:[1 1 1 0 1 1 1 1 1 1]
Client 4's s_k are:[1 1 1 1 0 1 1 1 1 1]
Client 5's s_k are:[1 1 1 1 1 0 1 1 1 1]
Client 6's s_k are:[1 1 1 1 1 1 0 1 1 1]
Client 7's s_k are:[1 1 1 1 1 1 1 0 1 1]
Client 8's s_k are:[1 1 1 1 1 1 1 1 0 1]
Client 9's s_k are:[1 1 1 1 1 1 1 1 1 0]
| Global Round : 42 | Client :0 | Local Epoch : 0 | [64/626 (11%)]	Loss1: 5.841241 Loss2: 0.000018 
| Global Round : 42 | Client :0 | Local Epoch : 1 | [64/626 (11%)]	Loss1: 5.842245 Loss2: 0.000021 
| Global Round : 42 | Client :0 | Local Epoch : 2 | [64/626 (11%)]	Loss1: 5.841977 Loss2: 0.000024 
| Global Round : 42 | Client :0 | Local Epoch : 3 | [64/626 (11%)]	Loss1: 5.840690 Loss2: 0.000020 
| Global Round : 42 | Client :0 | Local Epoch : 4 | [64/626 (11%)]	Loss1: 5.841678 Loss2: 0.000021 
| Global Round : 42 | Client :1 | Local Epoch : 0 | [64/497 (14%)]	Loss1: 5.840590 Loss2: 0.000031 
| Global Round : 42 | Client :1 | Local Epoch : 1 | [64/497 (14%)]	Loss1: 5.841899 Loss2: 0.000028 
| Global Round : 42 | Client :1 | Local Epoch : 2 | [64/497 (14%)]	Loss1: 5.841870 Loss2: 0.000032 
| Global Round : 42 | Client :1 | Local Epoch : 3 | [64/497 (14%)]	Loss1: 5.841469 Loss2: 0.000032 
| Global Round : 42 | Client :1 | Local Epoch : 4 | [64/497 (14%)]	Loss1: 5.840571 Loss2: 0.000030 
| Global Round : 42 | Client :2 | Local Epoch : 0 | [64/597 (11%)]	Loss1: 5.840543 Loss2: 0.000020 
| Global Round : 42 | Client :2 | Local Epoch : 1 | [64/597 (11%)]	Loss1: 5.841710 Loss2: 0.000024 
| Global Round : 42 | Client :2 | Local Epoch : 2 | [64/597 (11%)]	Loss1: 5.841280 Loss2: 0.000020 
| Global Round : 42 | Client :2 | Local Epoch : 3 | [64/597 (11%)]	Loss1: 5.839251 Loss2: 0.000018 
| Global Round : 42 | Client :2 | Local Epoch : 4 | [64/597 (11%)]	Loss1: 5.839627 Loss2: 0.000018 
| Global Round : 42 | Client :3 | Local Epoch : 0 | [64/605 (11%)]	Loss1: 5.840923 Loss2: 0.000019 
| Global Round : 42 | Client :3 | Local Epoch : 1 | [64/605 (11%)]	Loss1: 5.839843 Loss2: 0.000020 
| Global Round : 42 | Client :3 | Local Epoch : 2 | [64/605 (11%)]	Loss1: 5.842734 Loss2: 0.000020 
| Global Round : 42 | Client :3 | Local Epoch : 3 | [64/605 (11%)]	Loss1: 5.840981 Loss2: 0.000020 
| Global Round : 42 | Client :3 | Local Epoch : 4 | [64/605 (11%)]	Loss1: 5.841623 Loss2: 0.000019 
| Global Round : 42 | Client :4 | Local Epoch : 0 | [64/436 (17%)]	Loss1: 5.841356 Loss2: 0.000027 
| Global Round : 42 | Client :4 | Local Epoch : 1 | [64/436 (17%)]	Loss1: 5.840837 Loss2: 0.000028 
| Global Round : 42 | Client :4 | Local Epoch : 2 | [64/436 (17%)]	Loss1: 5.839898 Loss2: 0.000028 
| Global Round : 42 | Client :4 | Local Epoch : 3 | [64/436 (17%)]	Loss1: 5.840990 Loss2: 0.000026 
| Global Round : 42 | Client :4 | Local Epoch : 4 | [64/436 (17%)]	Loss1: 5.840339 Loss2: 0.000031 
| Global Round : 42 | Client :5 | Local Epoch : 0 | [64/627 (11%)]	Loss1: 5.840848 Loss2: 0.000028 
| Global Round : 42 | Client :5 | Local Epoch : 1 | [64/627 (11%)]	Loss1: 5.840081 Loss2: 0.000023 
| Global Round : 42 | Client :5 | Local Epoch : 2 | [64/627 (11%)]	Loss1: 5.839985 Loss2: 0.000028 
| Global Round : 42 | Client :5 | Local Epoch : 3 | [64/627 (11%)]	Loss1: 5.839939 Loss2: 0.000024 
| Global Round : 42 | Client :5 | Local Epoch : 4 | [64/627 (11%)]	Loss1: 5.839584 Loss2: 0.000025 
| Global Round : 42 | Client :6 | Local Epoch : 0 | [64/571 (12%)]	Loss1: 5.839649 Loss2: 0.000018 
| Global Round : 42 | Client :6 | Local Epoch : 1 | [64/571 (12%)]	Loss1: 5.840542 Loss2: 0.000025 
| Global Round : 42 | Client :6 | Local Epoch : 2 | [64/571 (12%)]	Loss1: 5.842193 Loss2: 0.000021 
| Global Round : 42 | Client :6 | Local Epoch : 3 | [64/571 (12%)]	Loss1: 5.840376 Loss2: 0.000020 
| Global Round : 42 | Client :6 | Local Epoch : 4 | [64/571 (12%)]	Loss1: 5.840678 Loss2: 0.000022 
| Global Round : 42 | Client :7 | Local Epoch : 0 | [64/665 (10%)]	Loss1: 5.842011 Loss2: 0.000019 
| Global Round : 42 | Client :7 | Local Epoch : 1 | [64/665 (10%)]	Loss1: 5.839792 Loss2: 0.000020 
| Global Round : 42 | Client :7 | Local Epoch : 2 | [64/665 (10%)]	Loss1: 5.840776 Loss2: 0.000018 
| Global Round : 42 | Client :7 | Local Epoch : 3 | [64/665 (10%)]	Loss1: 5.839894 Loss2: 0.000022 
| Global Round : 42 | Client :7 | Local Epoch : 4 | [64/665 (10%)]	Loss1: 5.840477 Loss2: 0.000016 
| Global Round : 42 | Client :8 | Local Epoch : 0 | [64/561 (12%)]	Loss1: 5.840337 Loss2: 0.000023 
| Global Round : 42 | Client :8 | Local Epoch : 1 | [64/561 (12%)]	Loss1: 5.841441 Loss2: 0.000023 
| Global Round : 42 | Client :8 | Local Epoch : 2 | [64/561 (12%)]	Loss1: 5.840232 Loss2: 0.000025 
| Global Round : 42 | Client :8 | Local Epoch : 3 | [64/561 (12%)]	Loss1: 5.840133 Loss2: 0.000025 
| Global Round : 42 | Client :8 | Local Epoch : 4 | [64/561 (12%)]	Loss1: 5.841241 Loss2: 0.000022 
| Global Round : 42 | Client :9 | Local Epoch : 0 | [64/811 (8%)]	Loss1: 5.840038 Loss2: 0.000020 
| Global Round : 42 | Client :9 | Local Epoch : 0 | [704/811 (92%)]	Loss1: 5.840805 Loss2: 0.000024 
| Global Round : 42 | Client :9 | Local Epoch : 1 | [64/811 (8%)]	Loss1: 5.840469 Loss2: 0.000019 
| Global Round : 42 | Client :9 | Local Epoch : 1 | [704/811 (92%)]	Loss1: 5.839999 Loss2: 0.000028 
| Global Round : 42 | Client :9 | Local Epoch : 2 | [64/811 (8%)]	Loss1: 5.839763 Loss2: 0.000022 
| Global Round : 42 | Client :9 | Local Epoch : 2 | [704/811 (92%)]	Loss1: 5.839562 Loss2: 0.000020 
| Global Round : 42 | Client :9 | Local Epoch : 3 | [64/811 (8%)]	Loss1: 5.839482 Loss2: 0.000020 
| Global Round : 42 | Client :9 | Local Epoch : 3 | [704/811 (92%)]	Loss1: 5.841012 Loss2: 0.000022 
| Global Round : 42 | Client :9 | Local Epoch : 4 | [64/811 (8%)]	Loss1: 5.840745 Loss2: 0.000020 
| Global Round : 42 | Client :9 | Local Epoch : 4 | [704/811 (92%)]	Loss1: 5.840271 Loss2: 0.000020 
average loss:   5.8386596122620595
average local test accuracy: 0.848828125
average global test accuracy:  0.5729166666666667

 | Global Training Round : 43 |

xi_k [0.49015548 0.4801698  0.5138514  0.50708294 0.46916569 0.48923896
 0.4775475  0.51259374 0.48611892 0.50436814]
max_exp: -1.0
coe: 10
Regulation [0.8 0.8 0.8 0.8 0.8 0.8 0.8 0.8 0.8 0.8]
Solver status: optimal_inaccurate
b_new: [1. 1. 1. 1. 1. 1. 1. 1. 1. 1.]
Iter 0: obj=48.9029, best_obj=48.9029, ||b_new-b_prev||₂=2.846050
xi_k [0.49015548 0.4801698  0.5138514  0.50708294 0.46916569 0.48923896
 0.4775475  0.51259374 0.48611892 0.50436814]
max_exp: -1.0
coe: 10
Regulation [-1. -1. -1. -1. -1. -1. -1. -1. -1. -1.]
Solver status: optimal_inaccurate
b_new: [1. 1. 1. 1. 1. 1. 1. 1. 1. 1.]
Iter 1: obj=49.8029, best_obj=49.8029, ||b_new-b_prev||₂=0.000000
Converged.
Final b: [1. 1. 1. 1. 1. 1. 1. 1. 1. 1.]
<class 'numpy.ndarray'>
b_float: [1. 1. 1. 1. 1. 1. 1. 1. 1. 1.]
b: [1 1 1 1 1 1 1 1 1 1]
active_clients:  [0, 1, 2, 3, 4, 5, 6, 7, 8, 9]
Client 0's s_k are:[0 1 1 1 1 1 1 1 1 1]
Client 1's s_k are:[1 0 1 1 1 1 1 1 1 1]
Client 2's s_k are:[1 1 0 1 1 1 1 1 1 1]
Client 3's s_k are:[1 1 1 0 1 1 1 1 1 1]
Client 4's s_k are:[1 1 1 1 0 1 1 1 1 1]
Client 5's s_k are:[1 1 1 1 1 0 1 1 1 1]
Client 6's s_k are:[1 1 1 1 1 1 0 1 1 1]
Client 7's s_k are:[1 1 1 1 1 1 1 0 1 1]
Client 8's s_k are:[1 1 1 1 1 1 1 1 0 1]
Client 9's s_k are:[1 1 1 1 1 1 1 1 1 0]
| Global Round : 43 | Client :0 | Local Epoch : 0 | [64/626 (11%)]	Loss1: 5.842008 Loss2: 0.000024 
| Global Round : 43 | Client :0 | Local Epoch : 1 | [64/626 (11%)]	Loss1: 5.840745 Loss2: 0.000026 
| Global Round : 43 | Client :0 | Local Epoch : 2 | [64/626 (11%)]	Loss1: 5.841508 Loss2: 0.000024 
| Global Round : 43 | Client :0 | Local Epoch : 3 | [64/626 (11%)]	Loss1: 5.840915 Loss2: 0.000019 
| Global Round : 43 | Client :0 | Local Epoch : 4 | [64/626 (11%)]	Loss1: 5.842194 Loss2: 0.000021 
| Global Round : 43 | Client :1 | Local Epoch : 0 | [64/497 (14%)]	Loss1: 5.840419 Loss2: 0.000031 
| Global Round : 43 | Client :1 | Local Epoch : 1 | [64/497 (14%)]	Loss1: 5.841590 Loss2: 0.000025 
| Global Round : 43 | Client :1 | Local Epoch : 2 | [64/497 (14%)]	Loss1: 5.841855 Loss2: 0.000032 
| Global Round : 43 | Client :1 | Local Epoch : 3 | [64/497 (14%)]	Loss1: 5.841875 Loss2: 0.000032 
| Global Round : 43 | Client :1 | Local Epoch : 4 | [64/497 (14%)]	Loss1: 5.841450 Loss2: 0.000035 
| Global Round : 43 | Client :2 | Local Epoch : 0 | [64/597 (11%)]	Loss1: 5.840120 Loss2: 0.000023 
| Global Round : 43 | Client :2 | Local Epoch : 1 | [64/597 (11%)]	Loss1: 5.841324 Loss2: 0.000018 
| Global Round : 43 | Client :2 | Local Epoch : 2 | [64/597 (11%)]	Loss1: 5.840114 Loss2: 0.000018 
| Global Round : 43 | Client :2 | Local Epoch : 3 | [64/597 (11%)]	Loss1: 5.840567 Loss2: 0.000023 
| Global Round : 43 | Client :2 | Local Epoch : 4 | [64/597 (11%)]	Loss1: 5.839521 Loss2: 0.000023 
| Global Round : 43 | Client :3 | Local Epoch : 0 | [64/605 (11%)]	Loss1: 5.842150 Loss2: 0.000021 
| Global Round : 43 | Client :3 | Local Epoch : 1 | [64/605 (11%)]	Loss1: 5.841863 Loss2: 0.000019 
| Global Round : 43 | Client :3 | Local Epoch : 2 | [64/605 (11%)]	Loss1: 5.842138 Loss2: 0.000021 
| Global Round : 43 | Client :3 | Local Epoch : 3 | [64/605 (11%)]	Loss1: 5.841351 Loss2: 0.000018 
| Global Round : 43 | Client :3 | Local Epoch : 4 | [64/605 (11%)]	Loss1: 5.841790 Loss2: 0.000017 
| Global Round : 43 | Client :4 | Local Epoch : 0 | [64/436 (17%)]	Loss1: 5.840657 Loss2: 0.000028 
| Global Round : 43 | Client :4 | Local Epoch : 1 | [64/436 (17%)]	Loss1: 5.841085 Loss2: 0.000032 
| Global Round : 43 | Client :4 | Local Epoch : 2 | [64/436 (17%)]	Loss1: 5.840680 Loss2: 0.000032 
| Global Round : 43 | Client :4 | Local Epoch : 3 | [64/436 (17%)]	Loss1: 5.840773 Loss2: 0.000026 
| Global Round : 43 | Client :4 | Local Epoch : 4 | [64/436 (17%)]	Loss1: 5.840385 Loss2: 0.000030 
| Global Round : 43 | Client :5 | Local Epoch : 0 | [64/627 (11%)]	Loss1: 5.839374 Loss2: 0.000024 
| Global Round : 43 | Client :5 | Local Epoch : 1 | [64/627 (11%)]	Loss1: 5.840435 Loss2: 0.000024 
| Global Round : 43 | Client :5 | Local Epoch : 2 | [64/627 (11%)]	Loss1: 5.839935 Loss2: 0.000027 
| Global Round : 43 | Client :5 | Local Epoch : 3 | [64/627 (11%)]	Loss1: 5.840209 Loss2: 0.000026 
| Global Round : 43 | Client :5 | Local Epoch : 4 | [64/627 (11%)]	Loss1: 5.840017 Loss2: 0.000021 
| Global Round : 43 | Client :6 | Local Epoch : 0 | [64/571 (12%)]	Loss1: 5.840900 Loss2: 0.000020 
| Global Round : 43 | Client :6 | Local Epoch : 1 | [64/571 (12%)]	Loss1: 5.841239 Loss2: 0.000021 
| Global Round : 43 | Client :6 | Local Epoch : 2 | [64/571 (12%)]	Loss1: 5.840919 Loss2: 0.000018 
| Global Round : 43 | Client :6 | Local Epoch : 3 | [64/571 (12%)]	Loss1: 5.841135 Loss2: 0.000021 
| Global Round : 43 | Client :6 | Local Epoch : 4 | [64/571 (12%)]	Loss1: 5.840490 Loss2: 0.000019 
| Global Round : 43 | Client :7 | Local Epoch : 0 | [64/665 (10%)]	Loss1: 5.841140 Loss2: 0.000019 
| Global Round : 43 | Client :7 | Local Epoch : 1 | [64/665 (10%)]	Loss1: 5.840223 Loss2: 0.000022 
| Global Round : 43 | Client :7 | Local Epoch : 2 | [64/665 (10%)]	Loss1: 5.841144 Loss2: 0.000017 
| Global Round : 43 | Client :7 | Local Epoch : 3 | [64/665 (10%)]	Loss1: 5.840585 Loss2: 0.000021 
| Global Round : 43 | Client :7 | Local Epoch : 4 | [64/665 (10%)]	Loss1: 5.841830 Loss2: 0.000015 
| Global Round : 43 | Client :8 | Local Epoch : 0 | [64/561 (12%)]	Loss1: 5.840011 Loss2: 0.000024 
| Global Round : 43 | Client :8 | Local Epoch : 1 | [64/561 (12%)]	Loss1: 5.840772 Loss2: 0.000025 
| Global Round : 43 | Client :8 | Local Epoch : 2 | [64/561 (12%)]	Loss1: 5.840927 Loss2: 0.000025 
| Global Round : 43 | Client :8 | Local Epoch : 3 | [64/561 (12%)]	Loss1: 5.840645 Loss2: 0.000024 
| Global Round : 43 | Client :8 | Local Epoch : 4 | [64/561 (12%)]	Loss1: 5.840783 Loss2: 0.000022 
| Global Round : 43 | Client :9 | Local Epoch : 0 | [64/811 (8%)]	Loss1: 5.840495 Loss2: 0.000023 
| Global Round : 43 | Client :9 | Local Epoch : 0 | [704/811 (92%)]	Loss1: 5.840854 Loss2: 0.000024 
| Global Round : 43 | Client :9 | Local Epoch : 1 | [64/811 (8%)]	Loss1: 5.840336 Loss2: 0.000022 
| Global Round : 43 | Client :9 | Local Epoch : 1 | [704/811 (92%)]	Loss1: 5.839739 Loss2: 0.000022 
| Global Round : 43 | Client :9 | Local Epoch : 2 | [64/811 (8%)]	Loss1: 5.839679 Loss2: 0.000020 
| Global Round : 43 | Client :9 | Local Epoch : 2 | [704/811 (92%)]	Loss1: 5.840501 Loss2: 0.000026 
| Global Round : 43 | Client :9 | Local Epoch : 3 | [64/811 (8%)]	Loss1: 5.840563 Loss2: 0.000024 
| Global Round : 43 | Client :9 | Local Epoch : 3 | [704/811 (92%)]	Loss1: 5.841976 Loss2: 0.000019 
| Global Round : 43 | Client :9 | Local Epoch : 4 | [64/811 (8%)]	Loss1: 5.841282 Loss2: 0.000020 
| Global Round : 43 | Client :9 | Local Epoch : 4 | [704/811 (92%)]	Loss1: 5.840021 Loss2: 0.000023 
average loss:   5.838715944517227
average local test accuracy: 0.8475260416666666
average global test accuracy:  0.5531250000000001

 | Global Training Round : 44 |

xi_k [0.49013985 0.48012946 0.51387483 0.50710577 0.46915046 0.48926797
 0.47755544 0.51261364 0.48611061 0.50439154]
max_exp: -1.0
coe: 10
Regulation [0.8 0.8 0.8 0.8 0.8 0.8 0.8 0.8 0.8 0.8]
Solver status: optimal_inaccurate
b_new: [1. 1. 1. 1. 1. 1. 1. 1. 1. 1.]
Iter 0: obj=48.9034, best_obj=48.9034, ||b_new-b_prev||₂=2.846050
xi_k [0.49013985 0.48012946 0.51387483 0.50710577 0.46915046 0.48926797
 0.47755544 0.51261364 0.48611061 0.50439154]
max_exp: -1.0
coe: 10
Regulation [-1. -1. -1. -1. -1. -1. -1. -1. -1. -1.]
Solver status: optimal_inaccurate
b_new: [1. 1. 1. 1. 1. 1. 1. 1. 1. 1.]
Iter 1: obj=49.8034, best_obj=49.8034, ||b_new-b_prev||₂=0.000000
Converged.
Final b: [1. 1. 1. 1. 1. 1. 1. 1. 1. 1.]
<class 'numpy.ndarray'>
b_float: [1. 1. 1. 1. 1. 1. 1. 1. 1. 1.]
b: [1 1 1 1 1 1 1 1 1 1]
active_clients:  [0, 1, 2, 3, 4, 5, 6, 7, 8, 9]
Client 0's s_k are:[0 1 1 1 1 1 1 1 1 1]
Client 1's s_k are:[1 0 1 1 1 1 1 1 1 1]
Client 2's s_k are:[1 1 0 1 1 1 1 1 1 1]
Client 3's s_k are:[1 1 1 0 1 1 1 1 1 1]
Client 4's s_k are:[1 1 1 1 0 1 1 1 1 1]
Client 5's s_k are:[1 1 1 1 1 0 1 1 1 1]
Client 6's s_k are:[1 1 1 1 1 1 0 1 1 1]
Client 7's s_k are:[1 1 1 1 1 1 1 0 1 1]
Client 8's s_k are:[1 1 1 1 1 1 1 1 0 1]
Client 9's s_k are:[1 1 1 1 1 1 1 1 1 0]
| Global Round : 44 | Client :0 | Local Epoch : 0 | [64/626 (11%)]	Loss1: 5.841800 Loss2: 0.000023 
| Global Round : 44 | Client :0 | Local Epoch : 1 | [64/626 (11%)]	Loss1: 5.841400 Loss2: 0.000020 
| Global Round : 44 | Client :0 | Local Epoch : 2 | [64/626 (11%)]	Loss1: 5.841644 Loss2: 0.000021 
| Global Round : 44 | Client :0 | Local Epoch : 3 | [64/626 (11%)]	Loss1: 5.841524 Loss2: 0.000021 
| Global Round : 44 | Client :0 | Local Epoch : 4 | [64/626 (11%)]	Loss1: 5.841791 Loss2: 0.000021 
| Global Round : 44 | Client :1 | Local Epoch : 0 | [64/497 (14%)]	Loss1: 5.840372 Loss2: 0.000028 
| Global Round : 44 | Client :1 | Local Epoch : 1 | [64/497 (14%)]	Loss1: 5.840768 Loss2: 0.000033 
| Global Round : 44 | Client :1 | Local Epoch : 2 | [64/497 (14%)]	Loss1: 5.841083 Loss2: 0.000027 
| Global Round : 44 | Client :1 | Local Epoch : 3 | [64/497 (14%)]	Loss1: 5.840451 Loss2: 0.000030 
| Global Round : 44 | Client :1 | Local Epoch : 4 | [64/497 (14%)]	Loss1: 5.841106 Loss2: 0.000032 
| Global Round : 44 | Client :2 | Local Epoch : 0 | [64/597 (11%)]	Loss1: 5.839577 Loss2: 0.000023 
| Global Round : 44 | Client :2 | Local Epoch : 1 | [64/597 (11%)]	Loss1: 5.841440 Loss2: 0.000019 
| Global Round : 44 | Client :2 | Local Epoch : 2 | [64/597 (11%)]	Loss1: 5.840347 Loss2: 0.000020 
| Global Round : 44 | Client :2 | Local Epoch : 3 | [64/597 (11%)]	Loss1: 5.840801 Loss2: 0.000018 
| Global Round : 44 | Client :2 | Local Epoch : 4 | [64/597 (11%)]	Loss1: 5.840137 Loss2: 0.000023 
| Global Round : 44 | Client :3 | Local Epoch : 0 | [64/605 (11%)]	Loss1: 5.840903 Loss2: 0.000024 
| Global Round : 44 | Client :3 | Local Epoch : 1 | [64/605 (11%)]	Loss1: 5.840917 Loss2: 0.000021 
| Global Round : 44 | Client :3 | Local Epoch : 2 | [64/605 (11%)]	Loss1: 5.841022 Loss2: 0.000021 
| Global Round : 44 | Client :3 | Local Epoch : 3 | [64/605 (11%)]	Loss1: 5.841214 Loss2: 0.000017 
| Global Round : 44 | Client :3 | Local Epoch : 4 | [64/605 (11%)]	Loss1: 5.840660 Loss2: 0.000021 
| Global Round : 44 | Client :4 | Local Epoch : 0 | [64/436 (17%)]	Loss1: 5.840005 Loss2: 0.000030 
| Global Round : 44 | Client :4 | Local Epoch : 1 | [64/436 (17%)]	Loss1: 5.840312 Loss2: 0.000030 
| Global Round : 44 | Client :4 | Local Epoch : 2 | [64/436 (17%)]	Loss1: 5.840496 Loss2: 0.000032 
| Global Round : 44 | Client :4 | Local Epoch : 3 | [64/436 (17%)]	Loss1: 5.839758 Loss2: 0.000029 
| Global Round : 44 | Client :4 | Local Epoch : 4 | [64/436 (17%)]	Loss1: 5.840600 Loss2: 0.000031 
| Global Round : 44 | Client :5 | Local Epoch : 0 | [64/627 (11%)]	Loss1: 5.839995 Loss2: 0.000025 
| Global Round : 44 | Client :5 | Local Epoch : 1 | [64/627 (11%)]	Loss1: 5.840013 Loss2: 0.000026 
| Global Round : 44 | Client :5 | Local Epoch : 2 | [64/627 (11%)]	Loss1: 5.840307 Loss2: 0.000027 
| Global Round : 44 | Client :5 | Local Epoch : 3 | [64/627 (11%)]	Loss1: 5.840210 Loss2: 0.000026 
| Global Round : 44 | Client :5 | Local Epoch : 4 | [64/627 (11%)]	Loss1: 5.840012 Loss2: 0.000026 
| Global Round : 44 | Client :6 | Local Epoch : 0 | [64/571 (12%)]	Loss1: 5.840381 Loss2: 0.000019 
| Global Round : 44 | Client :6 | Local Epoch : 1 | [64/571 (12%)]	Loss1: 5.840253 Loss2: 0.000022 
| Global Round : 44 | Client :6 | Local Epoch : 2 | [64/571 (12%)]	Loss1: 5.841034 Loss2: 0.000020 
| Global Round : 44 | Client :6 | Local Epoch : 3 | [64/571 (12%)]	Loss1: 5.840377 Loss2: 0.000022 
| Global Round : 44 | Client :6 | Local Epoch : 4 | [64/571 (12%)]	Loss1: 5.840259 Loss2: 0.000018 
| Global Round : 44 | Client :7 | Local Epoch : 0 | [64/665 (10%)]	Loss1: 5.840656 Loss2: 0.000018 
| Global Round : 44 | Client :7 | Local Epoch : 1 | [64/665 (10%)]	Loss1: 5.841779 Loss2: 0.000021 
| Global Round : 44 | Client :7 | Local Epoch : 2 | [64/665 (10%)]	Loss1: 5.840412 Loss2: 0.000020 
| Global Round : 44 | Client :7 | Local Epoch : 3 | [64/665 (10%)]	Loss1: 5.841310 Loss2: 0.000018 
| Global Round : 44 | Client :7 | Local Epoch : 4 | [64/665 (10%)]	Loss1: 5.840465 Loss2: 0.000021 
| Global Round : 44 | Client :8 | Local Epoch : 0 | [64/561 (12%)]	Loss1: 5.840998 Loss2: 0.000025 
| Global Round : 44 | Client :8 | Local Epoch : 1 | [64/561 (12%)]	Loss1: 5.841383 Loss2: 0.000025 
| Global Round : 44 | Client :8 | Local Epoch : 2 | [64/561 (12%)]	Loss1: 5.840370 Loss2: 0.000025 
| Global Round : 44 | Client :8 | Local Epoch : 3 | [64/561 (12%)]	Loss1: 5.841001 Loss2: 0.000027 
| Global Round : 44 | Client :8 | Local Epoch : 4 | [64/561 (12%)]	Loss1: 5.841096 Loss2: 0.000024 
| Global Round : 44 | Client :9 | Local Epoch : 0 | [64/811 (8%)]	Loss1: 5.840454 Loss2: 0.000019 
| Global Round : 44 | Client :9 | Local Epoch : 0 | [704/811 (92%)]	Loss1: 5.841465 Loss2: 0.000023 
| Global Round : 44 | Client :9 | Local Epoch : 1 | [64/811 (8%)]	Loss1: 5.839826 Loss2: 0.000021 
| Global Round : 44 | Client :9 | Local Epoch : 1 | [704/811 (92%)]	Loss1: 5.841466 Loss2: 0.000027 
| Global Round : 44 | Client :9 | Local Epoch : 2 | [64/811 (8%)]	Loss1: 5.840732 Loss2: 0.000019 
| Global Round : 44 | Client :9 | Local Epoch : 2 | [704/811 (92%)]	Loss1: 5.840276 Loss2: 0.000021 
| Global Round : 44 | Client :9 | Local Epoch : 3 | [64/811 (8%)]	Loss1: 5.840688 Loss2: 0.000020 
| Global Round : 44 | Client :9 | Local Epoch : 3 | [704/811 (92%)]	Loss1: 5.839405 Loss2: 0.000022 
| Global Round : 44 | Client :9 | Local Epoch : 4 | [64/811 (8%)]	Loss1: 5.839821 Loss2: 0.000024 
| Global Round : 44 | Client :9 | Local Epoch : 4 | [704/811 (92%)]	Loss1: 5.840426 Loss2: 0.000022 
average loss:   5.838665855271476
average local test accuracy: 0.8436197916666668
average global test accuracy:  0.5407552083333333

 | Global Training Round : 45 |

xi_k [0.49014454 0.48014666 0.51386427 0.50708906 0.46911526 0.48922027
 0.47754181 0.51261226 0.48610623 0.50437435]
max_exp: -1.0
coe: 10
Regulation [0.8 0.8 0.8 0.8 0.8 0.8 0.8 0.8 0.8 0.8]
Solver status: optimal_inaccurate
b_new: [1. 1. 1. 1. 1. 1. 1. 1. 1. 1.]
Iter 0: obj=48.9021, best_obj=48.9021, ||b_new-b_prev||₂=2.846050
xi_k [0.49014454 0.48014666 0.51386427 0.50708906 0.46911526 0.48922027
 0.47754181 0.51261226 0.48610623 0.50437435]
max_exp: -1.0
coe: 10
Regulation [-1. -1. -1. -1. -1. -1. -1. -1. -1. -1.]
Solver status: optimal_inaccurate
b_new: [1. 1. 1. 1. 1. 1. 1. 1. 1. 1.]
Iter 1: obj=49.8021, best_obj=49.8021, ||b_new-b_prev||₂=0.000000
Converged.
Final b: [1. 1. 1. 1. 1. 1. 1. 1. 1. 1.]
<class 'numpy.ndarray'>
b_float: [1. 1. 1. 1. 1. 1. 1. 1. 1. 1.]
b: [1 1 1 1 1 1 1 1 1 1]
active_clients:  [0, 1, 2, 3, 4, 5, 6, 7, 8, 9]
Client 0's s_k are:[0 1 1 1 1 1 1 1 1 1]
Client 1's s_k are:[1 0 1 1 1 1 1 1 1 1]
Client 2's s_k are:[1 1 0 1 1 1 1 1 1 1]
Client 3's s_k are:[1 1 1 0 1 1 1 1 1 1]
Client 4's s_k are:[1 1 1 1 0 1 1 1 1 1]
Client 5's s_k are:[1 1 1 1 1 0 1 1 1 1]
Client 6's s_k are:[1 1 1 1 1 1 0 1 1 1]
Client 7's s_k are:[1 1 1 1 1 1 1 0 1 1]
Client 8's s_k are:[1 1 1 1 1 1 1 1 0 1]
Client 9's s_k are:[1 1 1 1 1 1 1 1 1 0]
| Global Round : 45 | Client :0 | Local Epoch : 0 | [64/626 (11%)]	Loss1: 5.842256 Loss2: 0.000022 
| Global Round : 45 | Client :0 | Local Epoch : 1 | [64/626 (11%)]	Loss1: 5.842608 Loss2: 0.000020 
| Global Round : 45 | Client :0 | Local Epoch : 2 | [64/626 (11%)]	Loss1: 5.840285 Loss2: 0.000025 
| Global Round : 45 | Client :0 | Local Epoch : 3 | [64/626 (11%)]	Loss1: 5.841113 Loss2: 0.000026 
| Global Round : 45 | Client :0 | Local Epoch : 4 | [64/626 (11%)]	Loss1: 5.841675 Loss2: 0.000027 
| Global Round : 45 | Client :1 | Local Epoch : 0 | [64/497 (14%)]	Loss1: 5.841162 Loss2: 0.000031 
| Global Round : 45 | Client :1 | Local Epoch : 1 | [64/497 (14%)]	Loss1: 5.842125 Loss2: 0.000031 
| Global Round : 45 | Client :1 | Local Epoch : 2 | [64/497 (14%)]	Loss1: 5.840506 Loss2: 0.000028 
| Global Round : 45 | Client :1 | Local Epoch : 3 | [64/497 (14%)]	Loss1: 5.840123 Loss2: 0.000028 
| Global Round : 45 | Client :1 | Local Epoch : 4 | [64/497 (14%)]	Loss1: 5.840473 Loss2: 0.000029 
| Global Round : 45 | Client :2 | Local Epoch : 0 | [64/597 (11%)]	Loss1: 5.839886 Loss2: 0.000018 
| Global Round : 45 | Client :2 | Local Epoch : 1 | [64/597 (11%)]	Loss1: 5.840959 Loss2: 0.000020 
| Global Round : 45 | Client :2 | Local Epoch : 2 | [64/597 (11%)]	Loss1: 5.840404 Loss2: 0.000019 
| Global Round : 45 | Client :2 | Local Epoch : 3 | [64/597 (11%)]	Loss1: 5.839456 Loss2: 0.000019 
| Global Round : 45 | Client :2 | Local Epoch : 4 | [64/597 (11%)]	Loss1: 5.840924 Loss2: 0.000022 
| Global Round : 45 | Client :3 | Local Epoch : 0 | [64/605 (11%)]	Loss1: 5.840746 Loss2: 0.000019 
| Global Round : 45 | Client :3 | Local Epoch : 1 | [64/605 (11%)]	Loss1: 5.840354 Loss2: 0.000020 
| Global Round : 45 | Client :3 | Local Epoch : 2 | [64/605 (11%)]	Loss1: 5.841613 Loss2: 0.000018 
| Global Round : 45 | Client :3 | Local Epoch : 3 | [64/605 (11%)]	Loss1: 5.841422 Loss2: 0.000021 
| Global Round : 45 | Client :3 | Local Epoch : 4 | [64/605 (11%)]	Loss1: 5.840649 Loss2: 0.000021 
| Global Round : 45 | Client :4 | Local Epoch : 0 | [64/436 (17%)]	Loss1: 5.839438 Loss2: 0.000034 
| Global Round : 45 | Client :4 | Local Epoch : 1 | [64/436 (17%)]	Loss1: 5.841191 Loss2: 0.000029 
| Global Round : 45 | Client :4 | Local Epoch : 2 | [64/436 (17%)]	Loss1: 5.839623 Loss2: 0.000031 
| Global Round : 45 | Client :4 | Local Epoch : 3 | [64/436 (17%)]	Loss1: 5.840134 Loss2: 0.000025 
| Global Round : 45 | Client :4 | Local Epoch : 4 | [64/436 (17%)]	Loss1: 5.840992 Loss2: 0.000031 
| Global Round : 45 | Client :5 | Local Epoch : 0 | [64/627 (11%)]	Loss1: 5.840163 Loss2: 0.000028 
| Global Round : 45 | Client :5 | Local Epoch : 1 | [64/627 (11%)]	Loss1: 5.840558 Loss2: 0.000024 
| Global Round : 45 | Client :5 | Local Epoch : 2 | [64/627 (11%)]	Loss1: 5.839666 Loss2: 0.000023 
| Global Round : 45 | Client :5 | Local Epoch : 3 | [64/627 (11%)]	Loss1: 5.840687 Loss2: 0.000025 
| Global Round : 45 | Client :5 | Local Epoch : 4 | [64/627 (11%)]	Loss1: 5.841072 Loss2: 0.000027 
| Global Round : 45 | Client :6 | Local Epoch : 0 | [64/571 (12%)]	Loss1: 5.839853 Loss2: 0.000017 
| Global Round : 45 | Client :6 | Local Epoch : 1 | [64/571 (12%)]	Loss1: 5.841372 Loss2: 0.000021 
| Global Round : 45 | Client :6 | Local Epoch : 2 | [64/571 (12%)]	Loss1: 5.839592 Loss2: 0.000021 
| Global Round : 45 | Client :6 | Local Epoch : 3 | [64/571 (12%)]	Loss1: 5.840047 Loss2: 0.000019 
| Global Round : 45 | Client :6 | Local Epoch : 4 | [64/571 (12%)]	Loss1: 5.840942 Loss2: 0.000019 
| Global Round : 45 | Client :7 | Local Epoch : 0 | [64/665 (10%)]	Loss1: 5.841550 Loss2: 0.000017 
| Global Round : 45 | Client :7 | Local Epoch : 1 | [64/665 (10%)]	Loss1: 5.840620 Loss2: 0.000022 
| Global Round : 45 | Client :7 | Local Epoch : 2 | [64/665 (10%)]	Loss1: 5.841114 Loss2: 0.000022 
| Global Round : 45 | Client :7 | Local Epoch : 3 | [64/665 (10%)]	Loss1: 5.840820 Loss2: 0.000021 
| Global Round : 45 | Client :7 | Local Epoch : 4 | [64/665 (10%)]	Loss1: 5.839981 Loss2: 0.000020 
| Global Round : 45 | Client :8 | Local Epoch : 0 | [64/561 (12%)]	Loss1: 5.840763 Loss2: 0.000027 
| Global Round : 45 | Client :8 | Local Epoch : 1 | [64/561 (12%)]	Loss1: 5.841226 Loss2: 0.000024 
| Global Round : 45 | Client :8 | Local Epoch : 2 | [64/561 (12%)]	Loss1: 5.841512 Loss2: 0.000022 
| Global Round : 45 | Client :8 | Local Epoch : 3 | [64/561 (12%)]	Loss1: 5.840372 Loss2: 0.000028 
| Global Round : 45 | Client :8 | Local Epoch : 4 | [64/561 (12%)]	Loss1: 5.841666 Loss2: 0.000027 
| Global Round : 45 | Client :9 | Local Epoch : 0 | [64/811 (8%)]	Loss1: 5.840449 Loss2: 0.000019 
| Global Round : 45 | Client :9 | Local Epoch : 0 | [704/811 (92%)]	Loss1: 5.840786 Loss2: 0.000023 
| Global Round : 45 | Client :9 | Local Epoch : 1 | [64/811 (8%)]	Loss1: 5.840114 Loss2: 0.000020 
| Global Round : 45 | Client :9 | Local Epoch : 1 | [704/811 (92%)]	Loss1: 5.839820 Loss2: 0.000026 
| Global Round : 45 | Client :9 | Local Epoch : 2 | [64/811 (8%)]	Loss1: 5.839961 Loss2: 0.000022 
| Global Round : 45 | Client :9 | Local Epoch : 2 | [704/811 (92%)]	Loss1: 5.839616 Loss2: 0.000019 
| Global Round : 45 | Client :9 | Local Epoch : 3 | [64/811 (8%)]	Loss1: 5.839018 Loss2: 0.000020 
| Global Round : 45 | Client :9 | Local Epoch : 3 | [704/811 (92%)]	Loss1: 5.839766 Loss2: 0.000026 
| Global Round : 45 | Client :9 | Local Epoch : 4 | [64/811 (8%)]	Loss1: 5.840398 Loss2: 0.000021 
| Global Round : 45 | Client :9 | Local Epoch : 4 | [704/811 (92%)]	Loss1: 5.840261 Loss2: 0.000028 
average loss:   5.838720548455677
average local test accuracy: 0.8509114583333334
average global test accuracy:  0.5868489583333334

 | Global Training Round : 46 |

xi_k [0.49015128 0.48017081 0.51387347 0.50710643 0.46914687 0.48922641
 0.47753942 0.51259942 0.48610347 0.504349  ]
max_exp: -1.0
coe: 10
Regulation [0.8 0.8 0.8 0.8 0.8 0.8 0.8 0.8 0.8 0.8]
Solver status: optimal_inaccurate
b_new: [1. 1. 1. 1. 1. 1. 1. 1. 1. 1.]
Iter 0: obj=48.9027, best_obj=48.9027, ||b_new-b_prev||₂=2.846050
xi_k [0.49015128 0.48017081 0.51387347 0.50710643 0.46914687 0.48922641
 0.47753942 0.51259942 0.48610347 0.504349  ]
max_exp: -1.0
coe: 10
Regulation [-1. -1. -1. -1. -1. -1. -1. -1. -1. -1.]
Solver status: optimal_inaccurate
b_new: [1. 1. 1. 1. 1. 1. 1. 1. 1. 1.]
Iter 1: obj=49.8027, best_obj=49.8027, ||b_new-b_prev||₂=0.000000
Converged.
Final b: [1. 1. 1. 1. 1. 1. 1. 1. 1. 1.]
<class 'numpy.ndarray'>
b_float: [1. 1. 1. 1. 1. 1. 1. 1. 1. 1.]
b: [1 1 1 1 1 1 1 1 1 1]
active_clients:  [0, 1, 2, 3, 4, 5, 6, 7, 8, 9]
Client 0's s_k are:[0 1 1 1 1 1 1 1 1 1]
Client 1's s_k are:[1 0 1 1 1 1 1 1 1 1]
Client 2's s_k are:[1 1 0 1 1 1 1 1 1 1]
Client 3's s_k are:[1 1 1 0 1 1 1 1 1 1]
Client 4's s_k are:[1 1 1 1 0 1 1 1 1 1]
Client 5's s_k are:[1 1 1 1 1 0 1 1 1 1]
Client 6's s_k are:[1 1 1 1 1 1 0 1 1 1]
Client 7's s_k are:[1 1 1 1 1 1 1 0 1 1]
Client 8's s_k are:[1 1 1 1 1 1 1 1 0 1]
Client 9's s_k are:[1 1 1 1 1 1 1 1 1 0]
| Global Round : 46 | Client :0 | Local Epoch : 0 | [64/626 (11%)]	Loss1: 5.840441 Loss2: 0.000021 
| Global Round : 46 | Client :0 | Local Epoch : 1 | [64/626 (11%)]	Loss1: 5.840481 Loss2: 0.000019 
| Global Round : 46 | Client :0 | Local Epoch : 2 | [64/626 (11%)]	Loss1: 5.841281 Loss2: 0.000021 
| Global Round : 46 | Client :0 | Local Epoch : 3 | [64/626 (11%)]	Loss1: 5.841164 Loss2: 0.000021 
| Global Round : 46 | Client :0 | Local Epoch : 4 | [64/626 (11%)]	Loss1: 5.840984 Loss2: 0.000020 
| Global Round : 46 | Client :1 | Local Epoch : 0 | [64/497 (14%)]	Loss1: 5.840569 Loss2: 0.000023 
| Global Round : 46 | Client :1 | Local Epoch : 1 | [64/497 (14%)]	Loss1: 5.840400 Loss2: 0.000029 
| Global Round : 46 | Client :1 | Local Epoch : 2 | [64/497 (14%)]	Loss1: 5.841691 Loss2: 0.000034 
| Global Round : 46 | Client :1 | Local Epoch : 3 | [64/497 (14%)]	Loss1: 5.841119 Loss2: 0.000027 
| Global Round : 46 | Client :1 | Local Epoch : 4 | [64/497 (14%)]	Loss1: 5.840997 Loss2: 0.000027 
| Global Round : 46 | Client :2 | Local Epoch : 0 | [64/597 (11%)]	Loss1: 5.841533 Loss2: 0.000020 
| Global Round : 46 | Client :2 | Local Epoch : 1 | [64/597 (11%)]	Loss1: 5.839962 Loss2: 0.000018 
| Global Round : 46 | Client :2 | Local Epoch : 2 | [64/597 (11%)]	Loss1: 5.839850 Loss2: 0.000020 
| Global Round : 46 | Client :2 | Local Epoch : 3 | [64/597 (11%)]	Loss1: 5.839918 Loss2: 0.000019 
| Global Round : 46 | Client :2 | Local Epoch : 4 | [64/597 (11%)]	Loss1: 5.840442 Loss2: 0.000025 
| Global Round : 46 | Client :3 | Local Epoch : 0 | [64/605 (11%)]	Loss1: 5.840505 Loss2: 0.000019 
| Global Round : 46 | Client :3 | Local Epoch : 1 | [64/605 (11%)]	Loss1: 5.841167 Loss2: 0.000020 
| Global Round : 46 | Client :3 | Local Epoch : 2 | [64/605 (11%)]	Loss1: 5.840236 Loss2: 0.000021 
| Global Round : 46 | Client :3 | Local Epoch : 3 | [64/605 (11%)]	Loss1: 5.841033 Loss2: 0.000017 
| Global Round : 46 | Client :3 | Local Epoch : 4 | [64/605 (11%)]	Loss1: 5.840602 Loss2: 0.000021 
| Global Round : 46 | Client :4 | Local Epoch : 0 | [64/436 (17%)]	Loss1: 5.840560 Loss2: 0.000034 
| Global Round : 46 | Client :4 | Local Epoch : 1 | [64/436 (17%)]	Loss1: 5.841040 Loss2: 0.000028 
| Global Round : 46 | Client :4 | Local Epoch : 2 | [64/436 (17%)]	Loss1: 5.840145 Loss2: 0.000028 
| Global Round : 46 | Client :4 | Local Epoch : 3 | [64/436 (17%)]	Loss1: 5.840488 Loss2: 0.000029 
| Global Round : 46 | Client :4 | Local Epoch : 4 | [64/436 (17%)]	Loss1: 5.839807 Loss2: 0.000027 
| Global Round : 46 | Client :5 | Local Epoch : 0 | [64/627 (11%)]	Loss1: 5.839923 Loss2: 0.000027 
| Global Round : 46 | Client :5 | Local Epoch : 1 | [64/627 (11%)]	Loss1: 5.840817 Loss2: 0.000025 
| Global Round : 46 | Client :5 | Local Epoch : 2 | [64/627 (11%)]	Loss1: 5.840165 Loss2: 0.000023 
| Global Round : 46 | Client :5 | Local Epoch : 3 | [64/627 (11%)]	Loss1: 5.839796 Loss2: 0.000029 
| Global Round : 46 | Client :5 | Local Epoch : 4 | [64/627 (11%)]	Loss1: 5.840637 Loss2: 0.000026 
| Global Round : 46 | Client :6 | Local Epoch : 0 | [64/571 (12%)]	Loss1: 5.840125 Loss2: 0.000021 
| Global Round : 46 | Client :6 | Local Epoch : 1 | [64/571 (12%)]	Loss1: 5.839709 Loss2: 0.000018 
| Global Round : 46 | Client :6 | Local Epoch : 2 | [64/571 (12%)]	Loss1: 5.840058 Loss2: 0.000018 
| Global Round : 46 | Client :6 | Local Epoch : 3 | [64/571 (12%)]	Loss1: 5.840698 Loss2: 0.000019 
| Global Round : 46 | Client :6 | Local Epoch : 4 | [64/571 (12%)]	Loss1: 5.839774 Loss2: 0.000017 
| Global Round : 46 | Client :7 | Local Epoch : 0 | [64/665 (10%)]	Loss1: 5.841367 Loss2: 0.000017 
| Global Round : 46 | Client :7 | Local Epoch : 1 | [64/665 (10%)]	Loss1: 5.840580 Loss2: 0.000019 
| Global Round : 46 | Client :7 | Local Epoch : 2 | [64/665 (10%)]	Loss1: 5.839717 Loss2: 0.000017 
| Global Round : 46 | Client :7 | Local Epoch : 3 | [64/665 (10%)]	Loss1: 5.839842 Loss2: 0.000016 
| Global Round : 46 | Client :7 | Local Epoch : 4 | [64/665 (10%)]	Loss1: 5.842268 Loss2: 0.000021 
| Global Round : 46 | Client :8 | Local Epoch : 0 | [64/561 (12%)]	Loss1: 5.841942 Loss2: 0.000024 
| Global Round : 46 | Client :8 | Local Epoch : 1 | [64/561 (12%)]	Loss1: 5.840141 Loss2: 0.000022 
| Global Round : 46 | Client :8 | Local Epoch : 2 | [64/561 (12%)]	Loss1: 5.842365 Loss2: 0.000024 
| Global Round : 46 | Client :8 | Local Epoch : 3 | [64/561 (12%)]	Loss1: 5.839454 Loss2: 0.000023 
| Global Round : 46 | Client :8 | Local Epoch : 4 | [64/561 (12%)]	Loss1: 5.841377 Loss2: 0.000022 
| Global Round : 46 | Client :9 | Local Epoch : 0 | [64/811 (8%)]	Loss1: 5.841413 Loss2: 0.000021 
| Global Round : 46 | Client :9 | Local Epoch : 0 | [704/811 (92%)]	Loss1: 5.840545 Loss2: 0.000025 
| Global Round : 46 | Client :9 | Local Epoch : 1 | [64/811 (8%)]	Loss1: 5.839810 Loss2: 0.000021 
| Global Round : 46 | Client :9 | Local Epoch : 1 | [704/811 (92%)]	Loss1: 5.840507 Loss2: 0.000026 
| Global Round : 46 | Client :9 | Local Epoch : 2 | [64/811 (8%)]	Loss1: 5.840990 Loss2: 0.000025 
| Global Round : 46 | Client :9 | Local Epoch : 2 | [704/811 (92%)]	Loss1: 5.840873 Loss2: 0.000019 
| Global Round : 46 | Client :9 | Local Epoch : 3 | [64/811 (8%)]	Loss1: 5.840731 Loss2: 0.000015 
| Global Round : 46 | Client :9 | Local Epoch : 3 | [704/811 (92%)]	Loss1: 5.840111 Loss2: 0.000023 
| Global Round : 46 | Client :9 | Local Epoch : 4 | [64/811 (8%)]	Loss1: 5.840192 Loss2: 0.000018 
| Global Round : 46 | Client :9 | Local Epoch : 4 | [704/811 (92%)]	Loss1: 5.839714 Loss2: 0.000022 
average loss:   5.838646213932643
average local test accuracy: 0.8450520833333333
average global test accuracy:  0.5529947916666667

 | Global Training Round : 47 |

xi_k [0.49011961 0.480112   0.51383172 0.50712753 0.46912789 0.48922641
 0.47757238 0.51256948 0.48610158 0.50436933]
max_exp: -1.0
coe: 10
Regulation [0.8 0.8 0.8 0.8 0.8 0.8 0.8 0.8 0.8 0.8]
Solver status: optimal_inaccurate
b_new: [1. 1. 1. 1. 1. 1. 1. 1. 1. 1.]
Iter 0: obj=48.9016, best_obj=48.9016, ||b_new-b_prev||₂=2.846050
xi_k [0.49011961 0.480112   0.51383172 0.50712753 0.46912789 0.48922641
 0.47757238 0.51256948 0.48610158 0.50436933]
max_exp: -1.0
coe: 10
Regulation [-1. -1. -1. -1. -1. -1. -1. -1. -1. -1.]
Solver status: optimal_inaccurate
b_new: [1. 1. 1. 1. 1. 1. 1. 1. 1. 1.]
Iter 1: obj=49.8016, best_obj=49.8016, ||b_new-b_prev||₂=0.000000
Converged.
Final b: [1. 1. 1. 1. 1. 1. 1. 1. 1. 1.]
<class 'numpy.ndarray'>
b_float: [1. 1. 1. 1. 1. 1. 1. 1. 1. 1.]
b: [1 1 1 1 1 1 1 1 1 1]
active_clients:  [0, 1, 2, 3, 4, 5, 6, 7, 8, 9]
Client 0's s_k are:[0 1 1 1 1 1 1 1 1 1]
Client 1's s_k are:[1 0 1 1 1 1 1 1 1 1]
Client 2's s_k are:[1 1 0 1 1 1 1 1 1 1]
Client 3's s_k are:[1 1 1 0 1 1 1 1 1 1]
Client 4's s_k are:[1 1 1 1 0 1 1 1 1 1]
Client 5's s_k are:[1 1 1 1 1 0 1 1 1 1]
Client 6's s_k are:[1 1 1 1 1 1 0 1 1 1]
Client 7's s_k are:[1 1 1 1 1 1 1 0 1 1]
Client 8's s_k are:[1 1 1 1 1 1 1 1 0 1]
Client 9's s_k are:[1 1 1 1 1 1 1 1 1 0]
| Global Round : 47 | Client :0 | Local Epoch : 0 | [64/626 (11%)]	Loss1: 5.841513 Loss2: 0.000021 
| Global Round : 47 | Client :0 | Local Epoch : 1 | [64/626 (11%)]	Loss1: 5.841296 Loss2: 0.000023 
| Global Round : 47 | Client :0 | Local Epoch : 2 | [64/626 (11%)]	Loss1: 5.841834 Loss2: 0.000021 
| Global Round : 47 | Client :0 | Local Epoch : 3 | [64/626 (11%)]	Loss1: 5.840628 Loss2: 0.000022 
| Global Round : 47 | Client :0 | Local Epoch : 4 | [64/626 (11%)]	Loss1: 5.841342 Loss2: 0.000027 
| Global Round : 47 | Client :1 | Local Epoch : 0 | [64/497 (14%)]	Loss1: 5.840287 Loss2: 0.000033 
| Global Round : 47 | Client :1 | Local Epoch : 1 | [64/497 (14%)]	Loss1: 5.840531 Loss2: 0.000032 
| Global Round : 47 | Client :1 | Local Epoch : 2 | [64/497 (14%)]	Loss1: 5.841156 Loss2: 0.000033 
| Global Round : 47 | Client :1 | Local Epoch : 3 | [64/497 (14%)]	Loss1: 5.841802 Loss2: 0.000031 
| Global Round : 47 | Client :1 | Local Epoch : 4 | [64/497 (14%)]	Loss1: 5.842037 Loss2: 0.000033 
| Global Round : 47 | Client :2 | Local Epoch : 0 | [64/597 (11%)]	Loss1: 5.840944 Loss2: 0.000019 
| Global Round : 47 | Client :2 | Local Epoch : 1 | [64/597 (11%)]	Loss1: 5.842752 Loss2: 0.000022 
| Global Round : 47 | Client :2 | Local Epoch : 2 | [64/597 (11%)]	Loss1: 5.839839 Loss2: 0.000022 
| Global Round : 47 | Client :2 | Local Epoch : 3 | [64/597 (11%)]	Loss1: 5.840118 Loss2: 0.000019 
| Global Round : 47 | Client :2 | Local Epoch : 4 | [64/597 (11%)]	Loss1: 5.840241 Loss2: 0.000022 
| Global Round : 47 | Client :3 | Local Epoch : 0 | [64/605 (11%)]	Loss1: 5.840920 Loss2: 0.000017 
| Global Round : 47 | Client :3 | Local Epoch : 1 | [64/605 (11%)]	Loss1: 5.841072 Loss2: 0.000019 
| Global Round : 47 | Client :3 | Local Epoch : 2 | [64/605 (11%)]	Loss1: 5.840188 Loss2: 0.000017 
| Global Round : 47 | Client :3 | Local Epoch : 3 | [64/605 (11%)]	Loss1: 5.842365 Loss2: 0.000019 
| Global Round : 47 | Client :3 | Local Epoch : 4 | [64/605 (11%)]	Loss1: 5.842411 Loss2: 0.000019 
| Global Round : 47 | Client :4 | Local Epoch : 0 | [64/436 (17%)]	Loss1: 5.839843 Loss2: 0.000030 
| Global Round : 47 | Client :4 | Local Epoch : 1 | [64/436 (17%)]	Loss1: 5.839630 Loss2: 0.000027 
| Global Round : 47 | Client :4 | Local Epoch : 2 | [64/436 (17%)]	Loss1: 5.841221 Loss2: 0.000028 
| Global Round : 47 | Client :4 | Local Epoch : 3 | [64/436 (17%)]	Loss1: 5.840120 Loss2: 0.000031 
| Global Round : 47 | Client :4 | Local Epoch : 4 | [64/436 (17%)]	Loss1: 5.840048 Loss2: 0.000030 
| Global Round : 47 | Client :5 | Local Epoch : 0 | [64/627 (11%)]	Loss1: 5.840631 Loss2: 0.000027 
| Global Round : 47 | Client :5 | Local Epoch : 1 | [64/627 (11%)]	Loss1: 5.840378 Loss2: 0.000026 
| Global Round : 47 | Client :5 | Local Epoch : 2 | [64/627 (11%)]	Loss1: 5.839836 Loss2: 0.000024 
| Global Round : 47 | Client :5 | Local Epoch : 3 | [64/627 (11%)]	Loss1: 5.839548 Loss2: 0.000025 
| Global Round : 47 | Client :5 | Local Epoch : 4 | [64/627 (11%)]	Loss1: 5.840859 Loss2: 0.000025 
| Global Round : 47 | Client :6 | Local Epoch : 0 | [64/571 (12%)]	Loss1: 5.840076 Loss2: 0.000018 
| Global Round : 47 | Client :6 | Local Epoch : 1 | [64/571 (12%)]	Loss1: 5.840744 Loss2: 0.000018 
| Global Round : 47 | Client :6 | Local Epoch : 2 | [64/571 (12%)]	Loss1: 5.840065 Loss2: 0.000024 
| Global Round : 47 | Client :6 | Local Epoch : 3 | [64/571 (12%)]	Loss1: 5.840749 Loss2: 0.000021 
| Global Round : 47 | Client :6 | Local Epoch : 4 | [64/571 (12%)]	Loss1: 5.841003 Loss2: 0.000019 
| Global Round : 47 | Client :7 | Local Epoch : 0 | [64/665 (10%)]	Loss1: 5.841400 Loss2: 0.000016 
| Global Round : 47 | Client :7 | Local Epoch : 1 | [64/665 (10%)]	Loss1: 5.840580 Loss2: 0.000025 
| Global Round : 47 | Client :7 | Local Epoch : 2 | [64/665 (10%)]	Loss1: 5.840118 Loss2: 0.000019 
| Global Round : 47 | Client :7 | Local Epoch : 3 | [64/665 (10%)]	Loss1: 5.839607 Loss2: 0.000020 
| Global Round : 47 | Client :7 | Local Epoch : 4 | [64/665 (10%)]	Loss1: 5.840076 Loss2: 0.000017 
| Global Round : 47 | Client :8 | Local Epoch : 0 | [64/561 (12%)]	Loss1: 5.841830 Loss2: 0.000022 
| Global Round : 47 | Client :8 | Local Epoch : 1 | [64/561 (12%)]	Loss1: 5.841069 Loss2: 0.000023 
| Global Round : 47 | Client :8 | Local Epoch : 2 | [64/561 (12%)]	Loss1: 5.840833 Loss2: 0.000022 
| Global Round : 47 | Client :8 | Local Epoch : 3 | [64/561 (12%)]	Loss1: 5.842258 Loss2: 0.000024 
| Global Round : 47 | Client :8 | Local Epoch : 4 | [64/561 (12%)]	Loss1: 5.840267 Loss2: 0.000028 
| Global Round : 47 | Client :9 | Local Epoch : 0 | [64/811 (8%)]	Loss1: 5.840485 Loss2: 0.000019 
| Global Round : 47 | Client :9 | Local Epoch : 0 | [704/811 (92%)]	Loss1: 5.839561 Loss2: 0.000028 
| Global Round : 47 | Client :9 | Local Epoch : 1 | [64/811 (8%)]	Loss1: 5.841621 Loss2: 0.000023 
| Global Round : 47 | Client :9 | Local Epoch : 1 | [704/811 (92%)]	Loss1: 5.840474 Loss2: 0.000020 
| Global Round : 47 | Client :9 | Local Epoch : 2 | [64/811 (8%)]	Loss1: 5.840604 Loss2: 0.000020 
| Global Round : 47 | Client :9 | Local Epoch : 2 | [704/811 (92%)]	Loss1: 5.839412 Loss2: 0.000020 
| Global Round : 47 | Client :9 | Local Epoch : 3 | [64/811 (8%)]	Loss1: 5.841728 Loss2: 0.000019 
| Global Round : 47 | Client :9 | Local Epoch : 3 | [704/811 (92%)]	Loss1: 5.840204 Loss2: 0.000021 
| Global Round : 47 | Client :9 | Local Epoch : 4 | [64/811 (8%)]	Loss1: 5.840450 Loss2: 0.000021 
| Global Round : 47 | Client :9 | Local Epoch : 4 | [704/811 (92%)]	Loss1: 5.839656 Loss2: 0.000021 
average loss:   5.838664666206118
average local test accuracy: 0.851171875
average global test accuracy:  0.5653645833333333

 | Global Training Round : 48 |

xi_k [0.49012276 0.48015399 0.51383756 0.50712846 0.46913547 0.48924692
 0.47754117 0.5125881  0.4861156  0.50436012]
max_exp: -1.0
coe: 10
Regulation [0.8 0.8 0.8 0.8 0.8 0.8 0.8 0.8 0.8 0.8]
Solver status: optimal_inaccurate
b_new: [1. 1. 1. 1. 1. 1. 1. 1. 1. 1.]
Iter 0: obj=48.9023, best_obj=48.9023, ||b_new-b_prev||₂=2.846050
xi_k [0.49012276 0.48015399 0.51383756 0.50712846 0.46913547 0.48924692
 0.47754117 0.5125881  0.4861156  0.50436012]
max_exp: -1.0
coe: 10
Regulation [-1. -1. -1. -1. -1. -1. -1. -1. -1. -1.]
Solver status: optimal_inaccurate
b_new: [1. 1. 1. 1. 1. 1. 1. 1. 1. 1.]
Iter 1: obj=49.8023, best_obj=49.8023, ||b_new-b_prev||₂=0.000000
Converged.
Final b: [1. 1. 1. 1. 1. 1. 1. 1. 1. 1.]
<class 'numpy.ndarray'>
b_float: [1. 1. 1. 1. 1. 1. 1. 1. 1. 1.]
b: [1 1 1 1 1 1 1 1 1 1]
active_clients:  [0, 1, 2, 3, 4, 5, 6, 7, 8, 9]
Client 0's s_k are:[0 1 1 1 1 1 1 1 1 1]
Client 1's s_k are:[1 0 1 1 1 1 1 1 1 1]
Client 2's s_k are:[1 1 0 1 1 1 1 1 1 1]
Client 3's s_k are:[1 1 1 0 1 1 1 1 1 1]
Client 4's s_k are:[1 1 1 1 0 1 1 1 1 1]
Client 5's s_k are:[1 1 1 1 1 0 1 1 1 1]
Client 6's s_k are:[1 1 1 1 1 1 0 1 1 1]
Client 7's s_k are:[1 1 1 1 1 1 1 0 1 1]
Client 8's s_k are:[1 1 1 1 1 1 1 1 0 1]
Client 9's s_k are:[1 1 1 1 1 1 1 1 1 0]
| Global Round : 48 | Client :0 | Local Epoch : 0 | [64/626 (11%)]	Loss1: 5.841874 Loss2: 0.000028 
| Global Round : 48 | Client :0 | Local Epoch : 1 | [64/626 (11%)]	Loss1: 5.841788 Loss2: 0.000023 
| Global Round : 48 | Client :0 | Local Epoch : 2 | [64/626 (11%)]	Loss1: 5.841456 Loss2: 0.000021 
| Global Round : 48 | Client :0 | Local Epoch : 3 | [64/626 (11%)]	Loss1: 5.842859 Loss2: 0.000023 
| Global Round : 48 | Client :0 | Local Epoch : 4 | [64/626 (11%)]	Loss1: 5.841478 Loss2: 0.000022 
| Global Round : 48 | Client :1 | Local Epoch : 0 | [64/497 (14%)]	Loss1: 5.842271 Loss2: 0.000029 
| Global Round : 48 | Client :1 | Local Epoch : 1 | [64/497 (14%)]	Loss1: 5.840940 Loss2: 0.000033 
| Global Round : 48 | Client :1 | Local Epoch : 2 | [64/497 (14%)]	Loss1: 5.840705 Loss2: 0.000032 
| Global Round : 48 | Client :1 | Local Epoch : 3 | [64/497 (14%)]	Loss1: 5.840745 Loss2: 0.000028 
| Global Round : 48 | Client :1 | Local Epoch : 4 | [64/497 (14%)]	Loss1: 5.841175 Loss2: 0.000031 
| Global Round : 48 | Client :2 | Local Epoch : 0 | [64/597 (11%)]	Loss1: 5.840736 Loss2: 0.000018 
| Global Round : 48 | Client :2 | Local Epoch : 1 | [64/597 (11%)]	Loss1: 5.841756 Loss2: 0.000024 
| Global Round : 48 | Client :2 | Local Epoch : 2 | [64/597 (11%)]	Loss1: 5.840116 Loss2: 0.000022 
| Global Round : 48 | Client :2 | Local Epoch : 3 | [64/597 (11%)]	Loss1: 5.839611 Loss2: 0.000020 
| Global Round : 48 | Client :2 | Local Epoch : 4 | [64/597 (11%)]	Loss1: 5.840236 Loss2: 0.000019 
| Global Round : 48 | Client :3 | Local Epoch : 0 | [64/605 (11%)]	Loss1: 5.841529 Loss2: 0.000018 
| Global Round : 48 | Client :3 | Local Epoch : 1 | [64/605 (11%)]	Loss1: 5.841805 Loss2: 0.000016 
| Global Round : 48 | Client :3 | Local Epoch : 2 | [64/605 (11%)]	Loss1: 5.841318 Loss2: 0.000020 
| Global Round : 48 | Client :3 | Local Epoch : 3 | [64/605 (11%)]	Loss1: 5.840217 Loss2: 0.000021 
| Global Round : 48 | Client :3 | Local Epoch : 4 | [64/605 (11%)]	Loss1: 5.841557 Loss2: 0.000017 
| Global Round : 48 | Client :4 | Local Epoch : 0 | [64/436 (17%)]	Loss1: 5.839904 Loss2: 0.000024 
| Global Round : 48 | Client :4 | Local Epoch : 1 | [64/436 (17%)]	Loss1: 5.841194 Loss2: 0.000025 
| Global Round : 48 | Client :4 | Local Epoch : 2 | [64/436 (17%)]	Loss1: 5.839792 Loss2: 0.000028 
| Global Round : 48 | Client :4 | Local Epoch : 3 | [64/436 (17%)]	Loss1: 5.840671 Loss2: 0.000026 
| Global Round : 48 | Client :4 | Local Epoch : 4 | [64/436 (17%)]	Loss1: 5.840521 Loss2: 0.000028 
| Global Round : 48 | Client :5 | Local Epoch : 0 | [64/627 (11%)]	Loss1: 5.839561 Loss2: 0.000023 
| Global Round : 48 | Client :5 | Local Epoch : 1 | [64/627 (11%)]	Loss1: 5.839521 Loss2: 0.000024 
| Global Round : 48 | Client :5 | Local Epoch : 2 | [64/627 (11%)]	Loss1: 5.839978 Loss2: 0.000023 
| Global Round : 48 | Client :5 | Local Epoch : 3 | [64/627 (11%)]	Loss1: 5.839414 Loss2: 0.000024 
| Global Round : 48 | Client :5 | Local Epoch : 4 | [64/627 (11%)]	Loss1: 5.839674 Loss2: 0.000026 
| Global Round : 48 | Client :6 | Local Epoch : 0 | [64/571 (12%)]	Loss1: 5.839647 Loss2: 0.000018 
| Global Round : 48 | Client :6 | Local Epoch : 1 | [64/571 (12%)]	Loss1: 5.840039 Loss2: 0.000020 
| Global Round : 48 | Client :6 | Local Epoch : 2 | [64/571 (12%)]	Loss1: 5.840202 Loss2: 0.000020 
| Global Round : 48 | Client :6 | Local Epoch : 3 | [64/571 (12%)]	Loss1: 5.839851 Loss2: 0.000018 
| Global Round : 48 | Client :6 | Local Epoch : 4 | [64/571 (12%)]	Loss1: 5.839546 Loss2: 0.000018 
| Global Round : 48 | Client :7 | Local Epoch : 0 | [64/665 (10%)]	Loss1: 5.839950 Loss2: 0.000019 
| Global Round : 48 | Client :7 | Local Epoch : 1 | [64/665 (10%)]	Loss1: 5.841085 Loss2: 0.000018 
| Global Round : 48 | Client :7 | Local Epoch : 2 | [64/665 (10%)]	Loss1: 5.840631 Loss2: 0.000018 
| Global Round : 48 | Client :7 | Local Epoch : 3 | [64/665 (10%)]	Loss1: 5.839705 Loss2: 0.000019 
| Global Round : 48 | Client :7 | Local Epoch : 4 | [64/665 (10%)]	Loss1: 5.840023 Loss2: 0.000019 
| Global Round : 48 | Client :8 | Local Epoch : 0 | [64/561 (12%)]	Loss1: 5.841004 Loss2: 0.000024 
| Global Round : 48 | Client :8 | Local Epoch : 1 | [64/561 (12%)]	Loss1: 5.840276 Loss2: 0.000026 
| Global Round : 48 | Client :8 | Local Epoch : 2 | [64/561 (12%)]	Loss1: 5.840204 Loss2: 0.000027 
| Global Round : 48 | Client :8 | Local Epoch : 3 | [64/561 (12%)]	Loss1: 5.841009 Loss2: 0.000028 
| Global Round : 48 | Client :8 | Local Epoch : 4 | [64/561 (12%)]	Loss1: 5.840222 Loss2: 0.000026 
| Global Round : 48 | Client :9 | Local Epoch : 0 | [64/811 (8%)]	Loss1: 5.841911 Loss2: 0.000017 
| Global Round : 48 | Client :9 | Local Epoch : 0 | [704/811 (92%)]	Loss1: 5.840091 Loss2: 0.000020 
| Global Round : 48 | Client :9 | Local Epoch : 1 | [64/811 (8%)]	Loss1: 5.841413 Loss2: 0.000021 
| Global Round : 48 | Client :9 | Local Epoch : 1 | [704/811 (92%)]	Loss1: 5.840714 Loss2: 0.000026 
| Global Round : 48 | Client :9 | Local Epoch : 2 | [64/811 (8%)]	Loss1: 5.841606 Loss2: 0.000019 
| Global Round : 48 | Client :9 | Local Epoch : 2 | [704/811 (92%)]	Loss1: 5.840436 Loss2: 0.000019 
| Global Round : 48 | Client :9 | Local Epoch : 3 | [64/811 (8%)]	Loss1: 5.840201 Loss2: 0.000021 
| Global Round : 48 | Client :9 | Local Epoch : 3 | [704/811 (92%)]	Loss1: 5.840889 Loss2: 0.000022 
| Global Round : 48 | Client :9 | Local Epoch : 4 | [64/811 (8%)]	Loss1: 5.840486 Loss2: 0.000018 
| Global Round : 48 | Client :9 | Local Epoch : 4 | [704/811 (92%)]	Loss1: 5.840855 Loss2: 0.000019 
average loss:   5.838648197045402
average local test accuracy: 0.8494791666666668
average global test accuracy:  0.5776041666666668

 | Global Training Round : 49 |

xi_k [0.49014843 0.48012541 0.51380718 0.50708845 0.46910884 0.48922621
 0.47753982 0.5125896  0.48613299 0.50438073]
max_exp: -1.0
coe: 10
Regulation [0.8 0.8 0.8 0.8 0.8 0.8 0.8 0.8 0.8 0.8]
Solver status: optimal_inaccurate
b_new: [1. 1. 1. 1. 1. 1. 1. 1. 1. 1.]
Iter 0: obj=48.9015, best_obj=48.9015, ||b_new-b_prev||₂=2.846050
xi_k [0.49014843 0.48012541 0.51380718 0.50708845 0.46910884 0.48922621
 0.47753982 0.5125896  0.48613299 0.50438073]
max_exp: -1.0
coe: 10
Regulation [-1. -1. -1. -1. -1. -1. -1. -1. -1. -1.]
Solver status: optimal_inaccurate
b_new: [1. 1. 1. 1. 1. 1. 1. 1. 1. 1.]
Iter 1: obj=49.8015, best_obj=49.8015, ||b_new-b_prev||₂=0.000000
Converged.
Final b: [1. 1. 1. 1. 1. 1. 1. 1. 1. 1.]
<class 'numpy.ndarray'>
b_float: [1. 1. 1. 1. 1. 1. 1. 1. 1. 1.]
b: [1 1 1 1 1 1 1 1 1 1]
active_clients:  [0, 1, 2, 3, 4, 5, 6, 7, 8, 9]
Client 0's s_k are:[0 1 1 1 1 1 1 1 1 1]
Client 1's s_k are:[1 0 1 1 1 1 1 1 1 1]
Client 2's s_k are:[1 1 0 1 1 1 1 1 1 1]
Client 3's s_k are:[1 1 1 0 1 1 1 1 1 1]
Client 4's s_k are:[1 1 1 1 0 1 1 1 1 1]
Client 5's s_k are:[1 1 1 1 1 0 1 1 1 1]
Client 6's s_k are:[1 1 1 1 1 1 0 1 1 1]
Client 7's s_k are:[1 1 1 1 1 1 1 0 1 1]
Client 8's s_k are:[1 1 1 1 1 1 1 1 0 1]
Client 9's s_k are:[1 1 1 1 1 1 1 1 1 0]
| Global Round : 49 | Client :0 | Local Epoch : 0 | [64/626 (11%)]	Loss1: 5.839858 Loss2: 0.000018 
| Global Round : 49 | Client :0 | Local Epoch : 1 | [64/626 (11%)]	Loss1: 5.842927 Loss2: 0.000024 
| Global Round : 49 | Client :0 | Local Epoch : 2 | [64/626 (11%)]	Loss1: 5.841419 Loss2: 0.000022 
| Global Round : 49 | Client :0 | Local Epoch : 3 | [64/626 (11%)]	Loss1: 5.839663 Loss2: 0.000021 
| Global Round : 49 | Client :0 | Local Epoch : 4 | [64/626 (11%)]	Loss1: 5.841819 Loss2: 0.000025 
| Global Round : 49 | Client :1 | Local Epoch : 0 | [64/497 (14%)]	Loss1: 5.840539 Loss2: 0.000031 
| Global Round : 49 | Client :1 | Local Epoch : 1 | [64/497 (14%)]	Loss1: 5.841658 Loss2: 0.000031 
| Global Round : 49 | Client :1 | Local Epoch : 2 | [64/497 (14%)]	Loss1: 5.840373 Loss2: 0.000032 
| Global Round : 49 | Client :1 | Local Epoch : 3 | [64/497 (14%)]	Loss1: 5.841300 Loss2: 0.000027 
| Global Round : 49 | Client :1 | Local Epoch : 4 | [64/497 (14%)]	Loss1: 5.842058 Loss2: 0.000032 
| Global Round : 49 | Client :2 | Local Epoch : 0 | [64/597 (11%)]	Loss1: 5.840068 Loss2: 0.000023 
| Global Round : 49 | Client :2 | Local Epoch : 1 | [64/597 (11%)]	Loss1: 5.840984 Loss2: 0.000021 
| Global Round : 49 | Client :2 | Local Epoch : 2 | [64/597 (11%)]	Loss1: 5.839489 Loss2: 0.000018 
| Global Round : 49 | Client :2 | Local Epoch : 3 | [64/597 (11%)]	Loss1: 5.840133 Loss2: 0.000023 
| Global Round : 49 | Client :2 | Local Epoch : 4 | [64/597 (11%)]	Loss1: 5.840250 Loss2: 0.000019 
| Global Round : 49 | Client :3 | Local Epoch : 0 | [64/605 (11%)]	Loss1: 5.840742 Loss2: 0.000019 
| Global Round : 49 | Client :3 | Local Epoch : 1 | [64/605 (11%)]	Loss1: 5.841848 Loss2: 0.000018 
| Global Round : 49 | Client :3 | Local Epoch : 2 | [64/605 (11%)]	Loss1: 5.842648 Loss2: 0.000019 
| Global Round : 49 | Client :3 | Local Epoch : 3 | [64/605 (11%)]	Loss1: 5.841119 Loss2: 0.000021 
| Global Round : 49 | Client :3 | Local Epoch : 4 | [64/605 (11%)]	Loss1: 5.840994 Loss2: 0.000019 
| Global Round : 49 | Client :4 | Local Epoch : 0 | [64/436 (17%)]	Loss1: 5.840288 Loss2: 0.000027 
| Global Round : 49 | Client :4 | Local Epoch : 1 | [64/436 (17%)]	Loss1: 5.841868 Loss2: 0.000029 
| Global Round : 49 | Client :4 | Local Epoch : 2 | [64/436 (17%)]	Loss1: 5.839128 Loss2: 0.000027 
| Global Round : 49 | Client :4 | Local Epoch : 3 | [64/436 (17%)]	Loss1: 5.840574 Loss2: 0.000027 
| Global Round : 49 | Client :4 | Local Epoch : 4 | [64/436 (17%)]	Loss1: 5.840294 Loss2: 0.000031 
| Global Round : 49 | Client :5 | Local Epoch : 0 | [64/627 (11%)]	Loss1: 5.839489 Loss2: 0.000026 
| Global Round : 49 | Client :5 | Local Epoch : 1 | [64/627 (11%)]	Loss1: 5.839694 Loss2: 0.000026 
| Global Round : 49 | Client :5 | Local Epoch : 2 | [64/627 (11%)]	Loss1: 5.839564 Loss2: 0.000029 
| Global Round : 49 | Client :5 | Local Epoch : 3 | [64/627 (11%)]	Loss1: 5.840309 Loss2: 0.000026 
| Global Round : 49 | Client :5 | Local Epoch : 4 | [64/627 (11%)]	Loss1: 5.840326 Loss2: 0.000025 
| Global Round : 49 | Client :6 | Local Epoch : 0 | [64/571 (12%)]	Loss1: 5.841045 Loss2: 0.000020 
| Global Round : 49 | Client :6 | Local Epoch : 1 | [64/571 (12%)]	Loss1: 5.840570 Loss2: 0.000023 
| Global Round : 49 | Client :6 | Local Epoch : 2 | [64/571 (12%)]	Loss1: 5.840578 Loss2: 0.000020 
| Global Round : 49 | Client :6 | Local Epoch : 3 | [64/571 (12%)]	Loss1: 5.840675 Loss2: 0.000019 
| Global Round : 49 | Client :6 | Local Epoch : 4 | [64/571 (12%)]	Loss1: 5.840415 Loss2: 0.000018 
| Global Round : 49 | Client :7 | Local Epoch : 0 | [64/665 (10%)]	Loss1: 5.842278 Loss2: 0.000021 
| Global Round : 49 | Client :7 | Local Epoch : 1 | [64/665 (10%)]	Loss1: 5.841563 Loss2: 0.000021 
| Global Round : 49 | Client :7 | Local Epoch : 2 | [64/665 (10%)]	Loss1: 5.840448 Loss2: 0.000018 
| Global Round : 49 | Client :7 | Local Epoch : 3 | [64/665 (10%)]	Loss1: 5.840795 Loss2: 0.000022 
| Global Round : 49 | Client :7 | Local Epoch : 4 | [64/665 (10%)]	Loss1: 5.840905 Loss2: 0.000017 
| Global Round : 49 | Client :8 | Local Epoch : 0 | [64/561 (12%)]	Loss1: 5.840297 Loss2: 0.000024 
| Global Round : 49 | Client :8 | Local Epoch : 1 | [64/561 (12%)]	Loss1: 5.841229 Loss2: 0.000028 
| Global Round : 49 | Client :8 | Local Epoch : 2 | [64/561 (12%)]	Loss1: 5.839422 Loss2: 0.000027 
| Global Round : 49 | Client :8 | Local Epoch : 3 | [64/561 (12%)]	Loss1: 5.841748 Loss2: 0.000025 
| Global Round : 49 | Client :8 | Local Epoch : 4 | [64/561 (12%)]	Loss1: 5.840533 Loss2: 0.000024 
| Global Round : 49 | Client :9 | Local Epoch : 0 | [64/811 (8%)]	Loss1: 5.840009 Loss2: 0.000018 
| Global Round : 49 | Client :9 | Local Epoch : 0 | [704/811 (92%)]	Loss1: 5.840261 Loss2: 0.000023 
| Global Round : 49 | Client :9 | Local Epoch : 1 | [64/811 (8%)]	Loss1: 5.840931 Loss2: 0.000018 
| Global Round : 49 | Client :9 | Local Epoch : 1 | [704/811 (92%)]	Loss1: 5.839929 Loss2: 0.000025 
| Global Round : 49 | Client :9 | Local Epoch : 2 | [64/811 (8%)]	Loss1: 5.841090 Loss2: 0.000018 
| Global Round : 49 | Client :9 | Local Epoch : 2 | [704/811 (92%)]	Loss1: 5.840234 Loss2: 0.000026 
| Global Round : 49 | Client :9 | Local Epoch : 3 | [64/811 (8%)]	Loss1: 5.840327 Loss2: 0.000020 
| Global Round : 49 | Client :9 | Local Epoch : 3 | [704/811 (92%)]	Loss1: 5.840085 Loss2: 0.000021 
| Global Round : 49 | Client :9 | Local Epoch : 4 | [64/811 (8%)]	Loss1: 5.840598 Loss2: 0.000015 
| Global Round : 49 | Client :9 | Local Epoch : 4 | [704/811 (92%)]	Loss1: 5.840008 Loss2: 0.000023 
average loss:   5.838548611970174
average local test accuracy: 0.8473958333333332
average global test accuracy:  0.5438802083333333

 | Global Training Round : 50 |

xi_k [0.4900699  0.48010448 0.51382583 0.50709063 0.46908963 0.48926762
 0.47752204 0.51256499 0.48608582 0.50433256]
max_exp: -1.0
coe: 10
Regulation [0.8 0.8 0.8 0.8 0.8 0.8 0.8 0.8 0.8 0.8]
Solver status: optimal_inaccurate
b_new: [1. 1. 1. 1. 1. 1. 1. 1. 1. 1.]
Iter 0: obj=48.8995, best_obj=48.8995, ||b_new-b_prev||₂=2.846050
xi_k [0.4900699  0.48010448 0.51382583 0.50709063 0.46908963 0.48926762
 0.47752204 0.51256499 0.48608582 0.50433256]
max_exp: -1.0
coe: 10
Regulation [-1. -1. -1. -1. -1. -1. -1. -1. -1. -1.]
Solver status: optimal_inaccurate
b_new: [1. 1. 1. 1. 1. 1. 1. 1. 1. 1.]
Iter 1: obj=49.7995, best_obj=49.7995, ||b_new-b_prev||₂=0.000000
Converged.
Final b: [1. 1. 1. 1. 1. 1. 1. 1. 1. 1.]
<class 'numpy.ndarray'>
b_float: [1. 1. 1. 1. 1. 1. 1. 1. 1. 1.]
b: [1 1 1 1 1 1 1 1 1 1]
active_clients:  [0, 1, 2, 3, 4, 5, 6, 7, 8, 9]
Client 0's s_k are:[0 1 1 1 1 1 1 1 1 1]
Client 1's s_k are:[1 0 1 1 1 1 1 1 1 1]
Client 2's s_k are:[1 1 0 1 1 1 1 1 1 1]
Client 3's s_k are:[1 1 1 0 1 1 1 1 1 1]
Client 4's s_k are:[1 1 1 1 0 1 1 1 1 1]
Client 5's s_k are:[1 1 1 1 1 0 1 1 1 1]
Client 6's s_k are:[1 1 1 1 1 1 0 1 1 1]
Client 7's s_k are:[1 1 1 1 1 1 1 0 1 1]
Client 8's s_k are:[1 1 1 1 1 1 1 1 0 1]
Client 9's s_k are:[1 1 1 1 1 1 1 1 1 0]
| Global Round : 50 | Client :0 | Local Epoch : 0 | [64/626 (11%)]	Loss1: 5.840391 Loss2: 0.000024 
| Global Round : 50 | Client :0 | Local Epoch : 1 | [64/626 (11%)]	Loss1: 5.841744 Loss2: 0.000025 
| Global Round : 50 | Client :0 | Local Epoch : 2 | [64/626 (11%)]	Loss1: 5.840551 Loss2: 0.000023 
| Global Round : 50 | Client :0 | Local Epoch : 3 | [64/626 (11%)]	Loss1: 5.841192 Loss2: 0.000031 
| Global Round : 50 | Client :0 | Local Epoch : 4 | [64/626 (11%)]	Loss1: 5.841762 Loss2: 0.000028 
| Global Round : 50 | Client :1 | Local Epoch : 0 | [64/497 (14%)]	Loss1: 5.841447 Loss2: 0.000034 
| Global Round : 50 | Client :1 | Local Epoch : 1 | [64/497 (14%)]	Loss1: 5.840868 Loss2: 0.000031 
| Global Round : 50 | Client :1 | Local Epoch : 2 | [64/497 (14%)]	Loss1: 5.840991 Loss2: 0.000028 
| Global Round : 50 | Client :1 | Local Epoch : 3 | [64/497 (14%)]	Loss1: 5.841667 Loss2: 0.000027 
| Global Round : 50 | Client :1 | Local Epoch : 4 | [64/497 (14%)]	Loss1: 5.839728 Loss2: 0.000032 
| Global Round : 50 | Client :2 | Local Epoch : 0 | [64/597 (11%)]	Loss1: 5.840366 Loss2: 0.000021 
| Global Round : 50 | Client :2 | Local Epoch : 1 | [64/597 (11%)]	Loss1: 5.839786 Loss2: 0.000020 
| Global Round : 50 | Client :2 | Local Epoch : 2 | [64/597 (11%)]	Loss1: 5.839474 Loss2: 0.000025 
| Global Round : 50 | Client :2 | Local Epoch : 3 | [64/597 (11%)]	Loss1: 5.840205 Loss2: 0.000018 
| Global Round : 50 | Client :2 | Local Epoch : 4 | [64/597 (11%)]	Loss1: 5.840267 Loss2: 0.000022 
| Global Round : 50 | Client :3 | Local Epoch : 0 | [64/605 (11%)]	Loss1: 5.840805 Loss2: 0.000021 
| Global Round : 50 | Client :3 | Local Epoch : 1 | [64/605 (11%)]	Loss1: 5.841667 Loss2: 0.000016 
| Global Round : 50 | Client :3 | Local Epoch : 2 | [64/605 (11%)]	Loss1: 5.841636 Loss2: 0.000017 
| Global Round : 50 | Client :3 | Local Epoch : 3 | [64/605 (11%)]	Loss1: 5.841730 Loss2: 0.000021 
| Global Round : 50 | Client :3 | Local Epoch : 4 | [64/605 (11%)]	Loss1: 5.841316 Loss2: 0.000020 
| Global Round : 50 | Client :4 | Local Epoch : 0 | [64/436 (17%)]	Loss1: 5.841599 Loss2: 0.000027 
| Global Round : 50 | Client :4 | Local Epoch : 1 | [64/436 (17%)]	Loss1: 5.839973 Loss2: 0.000031 
| Global Round : 50 | Client :4 | Local Epoch : 2 | [64/436 (17%)]	Loss1: 5.838843 Loss2: 0.000027 
| Global Round : 50 | Client :4 | Local Epoch : 3 | [64/436 (17%)]	Loss1: 5.841507 Loss2: 0.000027 
| Global Round : 50 | Client :4 | Local Epoch : 4 | [64/436 (17%)]	Loss1: 5.840353 Loss2: 0.000028 
| Global Round : 50 | Client :5 | Local Epoch : 0 | [64/627 (11%)]	Loss1: 5.839567 Loss2: 0.000027 
| Global Round : 50 | Client :5 | Local Epoch : 1 | [64/627 (11%)]	Loss1: 5.840770 Loss2: 0.000028 
| Global Round : 50 | Client :5 | Local Epoch : 2 | [64/627 (11%)]	Loss1: 5.840610 Loss2: 0.000022 
| Global Round : 50 | Client :5 | Local Epoch : 3 | [64/627 (11%)]	Loss1: 5.841056 Loss2: 0.000027 
| Global Round : 50 | Client :5 | Local Epoch : 4 | [64/627 (11%)]	Loss1: 5.839432 Loss2: 0.000027 
| Global Round : 50 | Client :6 | Local Epoch : 0 | [64/571 (12%)]	Loss1: 5.839818 Loss2: 0.000020 
| Global Round : 50 | Client :6 | Local Epoch : 1 | [64/571 (12%)]	Loss1: 5.839983 Loss2: 0.000021 
| Global Round : 50 | Client :6 | Local Epoch : 2 | [64/571 (12%)]	Loss1: 5.840945 Loss2: 0.000021 
| Global Round : 50 | Client :6 | Local Epoch : 3 | [64/571 (12%)]	Loss1: 5.841222 Loss2: 0.000015 
| Global Round : 50 | Client :6 | Local Epoch : 4 | [64/571 (12%)]	Loss1: 5.840127 Loss2: 0.000020 
| Global Round : 50 | Client :7 | Local Epoch : 0 | [64/665 (10%)]	Loss1: 5.840107 Loss2: 0.000020 
| Global Round : 50 | Client :7 | Local Epoch : 1 | [64/665 (10%)]	Loss1: 5.840605 Loss2: 0.000022 
| Global Round : 50 | Client :7 | Local Epoch : 2 | [64/665 (10%)]	Loss1: 5.840671 Loss2: 0.000021 
| Global Round : 50 | Client :7 | Local Epoch : 3 | [64/665 (10%)]	Loss1: 5.840838 Loss2: 0.000019 
| Global Round : 50 | Client :7 | Local Epoch : 4 | [64/665 (10%)]	Loss1: 5.840242 Loss2: 0.000022 
| Global Round : 50 | Client :8 | Local Epoch : 0 | [64/561 (12%)]	Loss1: 5.841802 Loss2: 0.000024 
| Global Round : 50 | Client :8 | Local Epoch : 1 | [64/561 (12%)]	Loss1: 5.841148 Loss2: 0.000024 
| Global Round : 50 | Client :8 | Local Epoch : 2 | [64/561 (12%)]	Loss1: 5.841882 Loss2: 0.000027 
| Global Round : 50 | Client :8 | Local Epoch : 3 | [64/561 (12%)]	Loss1: 5.840940 Loss2: 0.000022 
| Global Round : 50 | Client :8 | Local Epoch : 4 | [64/561 (12%)]	Loss1: 5.839898 Loss2: 0.000021 
| Global Round : 50 | Client :9 | Local Epoch : 0 | [64/811 (8%)]	Loss1: 5.839966 Loss2: 0.000023 
| Global Round : 50 | Client :9 | Local Epoch : 0 | [704/811 (92%)]	Loss1: 5.840511 Loss2: 0.000024 
| Global Round : 50 | Client :9 | Local Epoch : 1 | [64/811 (8%)]	Loss1: 5.840715 Loss2: 0.000021 
| Global Round : 50 | Client :9 | Local Epoch : 1 | [704/811 (92%)]	Loss1: 5.840994 Loss2: 0.000022 
| Global Round : 50 | Client :9 | Local Epoch : 2 | [64/811 (8%)]	Loss1: 5.840582 Loss2: 0.000022 
| Global Round : 50 | Client :9 | Local Epoch : 2 | [704/811 (92%)]	Loss1: 5.840031 Loss2: 0.000023 
| Global Round : 50 | Client :9 | Local Epoch : 3 | [64/811 (8%)]	Loss1: 5.840280 Loss2: 0.000020 
| Global Round : 50 | Client :9 | Local Epoch : 3 | [704/811 (92%)]	Loss1: 5.840273 Loss2: 0.000019 
| Global Round : 50 | Client :9 | Local Epoch : 4 | [64/811 (8%)]	Loss1: 5.840292 Loss2: 0.000016 
| Global Round : 50 | Client :9 | Local Epoch : 4 | [704/811 (92%)]	Loss1: 5.839824 Loss2: 0.000020 
/home/gyh/anaconda3/envs/pt_38py_env/lib/python3.8/site-packages/torch/distributed/distributed_c10d.py:151: UserWarning: torch.distributed.reduce_op is deprecated, please use torch.distributed.ReduceOp instead
  warnings.warn("torch.distributed.reduce_op is deprecated, please use "
average loss:   5.838559564957543
average local test accuracy: 0.8412760416666666
average global test accuracy:  0.5700520833333333
Figures plotted successfully.
Training is completed.
running time: 13132.193392515182 s 

Storage on cpu
-------------------------------------------------------------------------------
Total Tensors: 55285948 	Used Memory: 54.15M
-------------------------------------------------------------------------------

Storage on cuda:0
-------------------------------------------------------------------------------
Total Tensors: 345885 	Used Memory: 1.31M
The allocated memory on cuda:0: 5.54M
Memory differs due to the matrix alignment or invisible gradient buffer tensors
-------------------------------------------------------------------------------
Model is saved on: 
./checkpoint/FMNIST/6002ad54e6baeda7acb95da3ec57635af719163742413b11b0bbc210ae96bd4a.pth
