nohup: 忽略输入
1.9.0+cu111
cuda
Namespace(CVX_iterations=20, alg='FedKD', batch_size=64, beta=1.0, clip_grad=None, clock_frequency=array([2161697.70637814, 2454047.56369335, 7824540.06240518,
       8582438.3007666 , 4717993.08108797, 2618949.27754389,
       1299633.50818907, 5443379.42241388, 7359876.0661418 ,
       3824232.45013639]), code_len=32, dataset='FMNIST', duration_round=1000000, energy_threshold=1000000.0, eval_only=False, gamma=0.05, is_allocation=True, lam=10, lambda2=0.05, local_ep=5, log_frq=5, loss_F='MSE', lr=0.001, lr_sh_rate=10, method_Bandwidth='CVX', method_Frequency='CVX', method_Teacher='Greedy', method_tier='Random', model='CNN', num_classes=10, num_clients=10, num_epochs=50, num_tiers=1, part=0.1, sample_method='Dirichlet', sampling_rate=1, save_model=True, seed=0, std=2, temp=1, tol=0.001, total_bandwidth=1e+30, transmit_power=0.5, upload_model=True, use_lrschd=False)
idx_batch [5732, 4481, 4482, 6200, 6252, 6048, 5342, 8244, 7149, 6070]
idx_batch_test [952, 746, 747, 1033, 1042, 1008, 891, 1373, 1192, 1016]
min_size 746
Loaders_test[0] is empty: False
Loaders_test[1] is empty: False
Loaders_test[2] is empty: False
Loaders_test[3] is empty: False
Loaders_test[4] is empty: False
Loaders_test[5] is empty: False
Loaders_test[6] is empty: False
Loaders_test[7] is empty: False
Loaders_test[8] is empty: False
Loaders_test[9] is empty: False
Length of Loaders_test[0]: 190
Length of Loaders_test[1]: 149
Length of Loaders_test[2]: 149
Length of Loaders_test[3]: 206
Length of Loaders_test[4]: 208
Length of Loaders_test[5]: 201
Length of Loaders_test[6]: 178
Length of Loaders_test[7]: 274
Length of Loaders_test[8]: 238
Length of Loaders_test[9]: 203
Length of global_loader_test: 194
len(Loaders_train) 8
Client 0 data distribution:
[109, 14, 15, 96, 199, 3, 0, 5, 13, 58]
Client 1 data distribution:
[51, 7, 8, 29, 8, 107, 57, 85, 38, 58]
Client 2 data distribution:
[17, 96, 60, 120, 22, 45, 61, 15, 1, 11]
Client 3 data distribution:
[20, 28, 125, 35, 28, 22, 20, 155, 7, 136]
Client 4 data distribution:
[10, 10, 148, 11, 17, 78, 22, 42, 209, 29]
Client 5 data distribution:
[81, 112, 24, 89, 31, 40, 0, 199, 0, 0]
Client 6 data distribution:
[26, 81, 40, 26, 16, 109, 38, 28, 87, 61]
Client 7 data distribution:
[16, 33, 5, 30, 23, 47, 148, 7, 239, 220]
Client 8 data distribution:
[147, 100, 58, 23, 116, 81, 179, 0, 0, 0]
Client 9 data distribution:
[89, 68, 43, 139, 94, 25, 72, 46, 0, 0]
Checkpoint dir: ./checkpoint/FMNIST/
CNN
# model parameters: 15722
variances:  [0.26453688725452096, 0.7113418833792982, 0.5252510531506868, 0.44938769592857386, 0.7197843741236869, 0.06392554544380658, 0.22013792966965628, 0.20582562740371924, 0.8791766065720436, 0.7516427436019142]
h:  [0.53644633 0.64254115 1.19308462 0.02725807 1.48386375 0.0605044
 0.27911137 0.59717542 2.26547395 1.75143193]
Random
tiered_clients:  {1: [5, 1, 6, 2, 9, 7, 0, 3, 4, 8]}

 | Global Training Round : 1 |

xi_k [0.48542265 0.54387821 0.54564995 0.50523022 0.50483651 0.51805137
 0.52374968 0.50850242 0.5376913  0.51662191]
max_exp: -1.0
coe: 10
Regulation [0.8 0.8 0.8 0.8 0.8 0.8 0.8 0.8 0.8 0.8]
Solver status: optimal_inaccurate
b_new: [1. 1. 1. 1. 1. 1. 1. 1. 1. 1.]
Iter 0: obj=51.4963, best_obj=51.4963, ||b_new-b_prev||₂=2.846050
xi_k [0.48542265 0.54387821 0.54564995 0.50523022 0.50483651 0.51805137
 0.52374968 0.50850242 0.5376913  0.51662191]
max_exp: -1.0
coe: 10
Regulation [-1. -1. -1. -1. -1. -1. -1. -1. -1. -1.]
Solver status: optimal_inaccurate
b_new: [1. 1. 1. 1. 1. 1. 1. 1. 1. 1.]
Iter 1: obj=52.3963, best_obj=52.3963, ||b_new-b_prev||₂=0.000000
Converged.
Final b: [1. 1. 1. 1. 1. 1. 1. 1. 1. 1.]
<class 'numpy.ndarray'>
b_float: [1. 1. 1. 1. 1. 1. 1. 1. 1. 1.]
b: [1 1 1 1 1 1 1 1 1 1]
active_clients:  [0, 1, 2, 3, 4, 5, 6, 7, 8, 9]
Client 0's s_k are:[0 1 1 1 1 1 1 1 1 1]
Client 1's s_k are:[1 0 1 1 1 1 1 1 1 1]
Client 2's s_k are:[1 1 0 1 1 1 1 1 1 1]
Client 3's s_k are:[1 1 1 0 1 1 1 1 1 1]
Client 4's s_k are:[1 1 1 1 0 1 1 1 1 1]
Client 5's s_k are:[1 1 1 1 1 0 1 1 1 1]
Client 6's s_k are:[1 1 1 1 1 1 0 1 1 1]
Client 7's s_k are:[1 1 1 1 1 1 1 0 1 1]
Client 8's s_k are:[1 1 1 1 1 1 1 1 0 1]
Client 9's s_k are:[1 1 1 1 1 1 1 1 1 0]
| Global Round : 1 | Client :0 | Local Epoch : 0 | [64/573 (12%)]	Loss1: 5.900461 Loss2: 0.000009 
| Global Round : 1 | Client :0 | Local Epoch : 1 | [64/573 (12%)]	Loss1: 5.871963 Loss2: 0.000078 
| Global Round : 1 | Client :0 | Local Epoch : 2 | [64/573 (12%)]	Loss1: 5.861952 Loss2: 0.000072 
| Global Round : 1 | Client :0 | Local Epoch : 3 | [64/573 (12%)]	Loss1: 5.859321 Loss2: 0.000085 
| Global Round : 1 | Client :0 | Local Epoch : 4 | [64/573 (12%)]	Loss1: 5.856544 Loss2: 0.000085 
| Global Round : 1 | Client :1 | Local Epoch : 0 | [64/448 (14%)]	Loss1: 5.903306 Loss2: 0.000009 
| Global Round : 1 | Client :1 | Local Epoch : 1 | [64/448 (14%)]	Loss1: 5.872742 Loss2: 0.000070 
| Global Round : 1 | Client :1 | Local Epoch : 2 | [64/448 (14%)]	Loss1: 5.866800 Loss2: 0.000071 
| Global Round : 1 | Client :1 | Local Epoch : 3 | [64/448 (14%)]	Loss1: 5.862386 Loss2: 0.000081 
| Global Round : 1 | Client :1 | Local Epoch : 4 | [64/448 (14%)]	Loss1: 5.859622 Loss2: 0.000091 
| Global Round : 1 | Client :2 | Local Epoch : 0 | [64/448 (14%)]	Loss1: 5.910784 Loss2: 0.000012 
| Global Round : 1 | Client :2 | Local Epoch : 1 | [64/448 (14%)]	Loss1: 5.876393 Loss2: 0.000083 
| Global Round : 1 | Client :2 | Local Epoch : 2 | [64/448 (14%)]	Loss1: 5.868429 Loss2: 0.000058 
| Global Round : 1 | Client :2 | Local Epoch : 3 | [64/448 (14%)]	Loss1: 5.866306 Loss2: 0.000086 
| Global Round : 1 | Client :2 | Local Epoch : 4 | [64/448 (14%)]	Loss1: 5.862312 Loss2: 0.000071 
| Global Round : 1 | Client :3 | Local Epoch : 0 | [64/620 (11%)]	Loss1: 5.899178 Loss2: 0.000018 
| Global Round : 1 | Client :3 | Local Epoch : 1 | [64/620 (11%)]	Loss1: 5.868452 Loss2: 0.000053 
| Global Round : 1 | Client :3 | Local Epoch : 2 | [64/620 (11%)]	Loss1: 5.864853 Loss2: 0.000064 
| Global Round : 1 | Client :3 | Local Epoch : 3 | [64/620 (11%)]	Loss1: 5.859896 Loss2: 0.000048 
| Global Round : 1 | Client :3 | Local Epoch : 4 | [64/620 (11%)]	Loss1: 5.856599 Loss2: 0.000064 
| Global Round : 1 | Client :4 | Local Epoch : 0 | [64/625 (11%)]	Loss1: 5.927867 Loss2: 0.000024 
| Global Round : 1 | Client :4 | Local Epoch : 1 | [64/625 (11%)]	Loss1: 5.879047 Loss2: 0.000063 
| Global Round : 1 | Client :4 | Local Epoch : 2 | [64/625 (11%)]	Loss1: 5.868692 Loss2: 0.000079 
| Global Round : 1 | Client :4 | Local Epoch : 3 | [64/625 (11%)]	Loss1: 5.863964 Loss2: 0.000069 
| Global Round : 1 | Client :4 | Local Epoch : 4 | [64/625 (11%)]	Loss1: 5.858826 Loss2: 0.000073 
| Global Round : 1 | Client :5 | Local Epoch : 0 | [64/604 (11%)]	Loss1: 5.897774 Loss2: 0.000038 
| Global Round : 1 | Client :5 | Local Epoch : 1 | [64/604 (11%)]	Loss1: 5.865834 Loss2: 0.000036 
| Global Round : 1 | Client :5 | Local Epoch : 2 | [64/604 (11%)]	Loss1: 5.860494 Loss2: 0.000026 
| Global Round : 1 | Client :5 | Local Epoch : 3 | [64/604 (11%)]	Loss1: 5.856936 Loss2: 0.000028 
| Global Round : 1 | Client :5 | Local Epoch : 4 | [64/604 (11%)]	Loss1: 5.854529 Loss2: 0.000024 
| Global Round : 1 | Client :6 | Local Epoch : 0 | [64/534 (12%)]	Loss1: 5.908075 Loss2: 0.000049 
| Global Round : 1 | Client :6 | Local Epoch : 1 | [64/534 (12%)]	Loss1: 5.878986 Loss2: 0.000047 
| Global Round : 1 | Client :6 | Local Epoch : 2 | [64/534 (12%)]	Loss1: 5.868149 Loss2: 0.000027 
| Global Round : 1 | Client :6 | Local Epoch : 3 | [64/534 (12%)]	Loss1: 5.863658 Loss2: 0.000043 
| Global Round : 1 | Client :6 | Local Epoch : 4 | [64/534 (12%)]	Loss1: 5.859960 Loss2: 0.000033 
| Global Round : 1 | Client :7 | Local Epoch : 0 | [64/824 (8%)]	Loss1: 5.910182 Loss2: 0.000063 
| Global Round : 1 | Client :7 | Local Epoch : 0 | [704/824 (92%)]	Loss1: 5.870913 Loss2: 0.000041 
| Global Round : 1 | Client :7 | Local Epoch : 1 | [64/824 (8%)]	Loss1: 5.869622 Loss2: 0.000042 
| Global Round : 1 | Client :7 | Local Epoch : 1 | [704/824 (92%)]	Loss1: 5.863137 Loss2: 0.000032 
| Global Round : 1 | Client :7 | Local Epoch : 2 | [64/824 (8%)]	Loss1: 5.863372 Loss2: 0.000031 
| Global Round : 1 | Client :7 | Local Epoch : 2 | [704/824 (92%)]	Loss1: 5.856245 Loss2: 0.000034 
| Global Round : 1 | Client :7 | Local Epoch : 3 | [64/824 (8%)]	Loss1: 5.858032 Loss2: 0.000034 
| Global Round : 1 | Client :7 | Local Epoch : 3 | [704/824 (92%)]	Loss1: 5.853377 Loss2: 0.000033 
| Global Round : 1 | Client :7 | Local Epoch : 4 | [64/824 (8%)]	Loss1: 5.852776 Loss2: 0.000035 
| Global Round : 1 | Client :7 | Local Epoch : 4 | [704/824 (92%)]	Loss1: 5.853303 Loss2: 0.000036 
| Global Round : 1 | Client :8 | Local Epoch : 0 | [64/714 (9%)]	Loss1: 5.905412 Loss2: 0.000085 
| Global Round : 1 | Client :8 | Local Epoch : 0 | [704/714 (100%)]	Loss1: 5.871099 Loss2: 0.000040 
| Global Round : 1 | Client :8 | Local Epoch : 1 | [64/714 (9%)]	Loss1: 5.869735 Loss2: 0.000037 
| Global Round : 1 | Client :8 | Local Epoch : 1 | [704/714 (100%)]	Loss1: 5.862968 Loss2: 0.000034 
| Global Round : 1 | Client :8 | Local Epoch : 2 | [64/714 (9%)]	Loss1: 5.862669 Loss2: 0.000028 
| Global Round : 1 | Client :8 | Local Epoch : 2 | [704/714 (100%)]	Loss1: 5.861801 Loss2: 0.000026 
| Global Round : 1 | Client :8 | Local Epoch : 3 | [64/714 (9%)]	Loss1: 5.859510 Loss2: 0.000025 
| Global Round : 1 | Client :8 | Local Epoch : 3 | [704/714 (100%)]	Loss1: 5.857356 Loss2: 0.000023 
| Global Round : 1 | Client :8 | Local Epoch : 4 | [64/714 (9%)]	Loss1: 5.859506 Loss2: 0.000024 
| Global Round : 1 | Client :8 | Local Epoch : 4 | [704/714 (100%)]	Loss1: 5.857183 Loss2: 0.000026 
| Global Round : 1 | Client :9 | Local Epoch : 0 | [64/607 (11%)]	Loss1: 5.903172 Loss2: 0.000101 
| Global Round : 1 | Client :9 | Local Epoch : 1 | [64/607 (11%)]	Loss1: 5.871156 Loss2: 0.000034 
| Global Round : 1 | Client :9 | Local Epoch : 2 | [64/607 (11%)]	Loss1: 5.866872 Loss2: 0.000021 
| Global Round : 1 | Client :9 | Local Epoch : 3 | [64/607 (11%)]	Loss1: 5.861871 Loss2: 0.000019 
| Global Round : 1 | Client :9 | Local Epoch : 4 | [64/607 (11%)]	Loss1: 5.859396 Loss2: 0.000015 
<frozen importlib._bootstrap>:219: RuntimeWarning: scipy._lib.messagestream.MessageStream size changed, may indicate binary incompatibility. Expected 56 from C header, got 64 from PyObject
/home/gyh/anaconda3/envs/pt_38py_env/lib/python3.8/site-packages/torchvision/datasets/mnist.py:498: UserWarning: The given NumPy array is not writeable, and PyTorch does not support non-writeable tensors. This means you can write to the underlying (supposedly non-writeable) NumPy array using the tensor. You may want to copy the array to protect its data or make it writeable before converting it to a tensor. This type of warning will be suppressed for the rest of this program. (Triggered internally at  /pytorch/torch/csrc/utils/tensor_numpy.cpp:180.)
  return torch.from_numpy(parsed.astype(m[2], copy=False)).view(*s)
/home/gyh/anaconda3/envs/pt_38py_env/lib/python3.8/site-packages/torch/nn/functional.py:718: UserWarning: Named tensors and all their associated APIs are an experimental feature and subject to change. Please do not use them for anything important until they are released as stable. (Triggered internally at  /pytorch/c10/core/TensorImpl.h:1156.)
  return torch.max_pool2d(input, kernel_size, stride, padding, dilation, ceil_mode)
/home/gyh/anaconda3/envs/pt_38py_env/lib/python3.8/site-packages/cvxpy/problems/problem.py:1407: UserWarning: Solution may be inaccurate. Try another solver, adjusting the solver settings, or solve with verbose=True for more information.
  warnings.warn(
average loss:   5.852531221771309
average local test accuracy: 0.6669270833333333
average global test accuracy:  0.36328125

 | Global Training Round : 2 |

xi_k [0.47769362 0.53551995 0.53566841 0.49708245 0.49302111 0.50980252
 0.51338502 0.49807504 0.52783023 0.50807726]
max_exp: -1.0
coe: 10
Regulation [0.8 0.8 0.8 0.8 0.8 0.8 0.8 0.8 0.8 0.8]
Solver status: optimal_inaccurate
b_new: [1. 1. 1. 1. 1. 1. 1. 1. 1. 1.]
Iter 0: obj=50.5616, best_obj=50.5616, ||b_new-b_prev||₂=2.846050
xi_k [0.47769362 0.53551995 0.53566841 0.49708245 0.49302111 0.50980252
 0.51338502 0.49807504 0.52783023 0.50807726]
max_exp: -1.0
coe: 10
Regulation [-1. -1. -1. -1. -1. -1. -1. -1. -1. -1.]
Solver status: optimal_inaccurate
b_new: [1. 1. 1. 1. 1. 1. 1. 1. 1. 1.]
Iter 1: obj=51.4616, best_obj=51.4616, ||b_new-b_prev||₂=0.000000
Converged.
Final b: [1. 1. 1. 1. 1. 1. 1. 1. 1. 1.]
<class 'numpy.ndarray'>
b_float: [1. 1. 1. 1. 1. 1. 1. 1. 1. 1.]
b: [1 1 1 1 1 1 1 1 1 1]
active_clients:  [0, 1, 2, 3, 4, 5, 6, 7, 8, 9]
Client 0's s_k are:[0 1 1 1 1 1 1 1 1 1]
Client 1's s_k are:[1 0 1 1 1 1 1 1 1 1]
Client 2's s_k are:[1 1 0 1 1 1 1 1 1 1]
Client 3's s_k are:[1 1 1 0 1 1 1 1 1 1]
Client 4's s_k are:[1 1 1 1 0 1 1 1 1 1]
Client 5's s_k are:[1 1 1 1 1 0 1 1 1 1]
Client 6's s_k are:[1 1 1 1 1 1 0 1 1 1]
Client 7's s_k are:[1 1 1 1 1 1 1 0 1 1]
Client 8's s_k are:[1 1 1 1 1 1 1 1 0 1]
Client 9's s_k are:[1 1 1 1 1 1 1 1 1 0]
| Global Round : 2 | Client :0 | Local Epoch : 0 | [64/573 (12%)]	Loss1: 5.856113 Loss2: 0.000036 
| Global Round : 2 | Client :0 | Local Epoch : 1 | [64/573 (12%)]	Loss1: 5.852081 Loss2: 0.000029 
| Global Round : 2 | Client :0 | Local Epoch : 2 | [64/573 (12%)]	Loss1: 5.850456 Loss2: 0.000028 
| Global Round : 2 | Client :0 | Local Epoch : 3 | [64/573 (12%)]	Loss1: 5.847690 Loss2: 0.000032 
| Global Round : 2 | Client :0 | Local Epoch : 4 | [64/573 (12%)]	Loss1: 5.849128 Loss2: 0.000030 
| Global Round : 2 | Client :1 | Local Epoch : 0 | [64/448 (14%)]	Loss1: 5.860328 Loss2: 0.000018 
| Global Round : 2 | Client :1 | Local Epoch : 1 | [64/448 (14%)]	Loss1: 5.855583 Loss2: 0.000015 
| Global Round : 2 | Client :1 | Local Epoch : 2 | [64/448 (14%)]	Loss1: 5.853598 Loss2: 0.000027 
| Global Round : 2 | Client :1 | Local Epoch : 3 | [64/448 (14%)]	Loss1: 5.851362 Loss2: 0.000020 
| Global Round : 2 | Client :1 | Local Epoch : 4 | [64/448 (14%)]	Loss1: 5.852990 Loss2: 0.000029 
| Global Round : 2 | Client :2 | Local Epoch : 0 | [64/448 (14%)]	Loss1: 5.862140 Loss2: 0.000025 
| Global Round : 2 | Client :2 | Local Epoch : 1 | [64/448 (14%)]	Loss1: 5.859075 Loss2: 0.000019 
| Global Round : 2 | Client :2 | Local Epoch : 2 | [64/448 (14%)]	Loss1: 5.858272 Loss2: 0.000021 
| Global Round : 2 | Client :2 | Local Epoch : 3 | [64/448 (14%)]	Loss1: 5.854881 Loss2: 0.000018 
| Global Round : 2 | Client :2 | Local Epoch : 4 | [64/448 (14%)]	Loss1: 5.853408 Loss2: 0.000018 
| Global Round : 2 | Client :3 | Local Epoch : 0 | [64/620 (11%)]	Loss1: 5.855730 Loss2: 0.000021 
| Global Round : 2 | Client :3 | Local Epoch : 1 | [64/620 (11%)]	Loss1: 5.851691 Loss2: 0.000022 
| Global Round : 2 | Client :3 | Local Epoch : 2 | [64/620 (11%)]	Loss1: 5.852850 Loss2: 0.000022 
| Global Round : 2 | Client :3 | Local Epoch : 3 | [64/620 (11%)]	Loss1: 5.853930 Loss2: 0.000022 
| Global Round : 2 | Client :3 | Local Epoch : 4 | [64/620 (11%)]	Loss1: 5.849287 Loss2: 0.000019 
| Global Round : 2 | Client :4 | Local Epoch : 0 | [64/625 (11%)]	Loss1: 5.858246 Loss2: 0.000029 
| Global Round : 2 | Client :4 | Local Epoch : 1 | [64/625 (11%)]	Loss1: 5.855680 Loss2: 0.000025 
| Global Round : 2 | Client :4 | Local Epoch : 2 | [64/625 (11%)]	Loss1: 5.856276 Loss2: 0.000028 
| Global Round : 2 | Client :4 | Local Epoch : 3 | [64/625 (11%)]	Loss1: 5.852789 Loss2: 0.000030 
| Global Round : 2 | Client :4 | Local Epoch : 4 | [64/625 (11%)]	Loss1: 5.854552 Loss2: 0.000030 
| Global Round : 2 | Client :5 | Local Epoch : 0 | [64/604 (11%)]	Loss1: 5.852773 Loss2: 0.000023 
| Global Round : 2 | Client :5 | Local Epoch : 1 | [64/604 (11%)]	Loss1: 5.851972 Loss2: 0.000026 
| Global Round : 2 | Client :5 | Local Epoch : 2 | [64/604 (11%)]	Loss1: 5.850242 Loss2: 0.000021 
| Global Round : 2 | Client :5 | Local Epoch : 3 | [64/604 (11%)]	Loss1: 5.848627 Loss2: 0.000021 
| Global Round : 2 | Client :5 | Local Epoch : 4 | [64/604 (11%)]	Loss1: 5.847319 Loss2: 0.000022 
| Global Round : 2 | Client :6 | Local Epoch : 0 | [64/534 (12%)]	Loss1: 5.861087 Loss2: 0.000023 
| Global Round : 2 | Client :6 | Local Epoch : 1 | [64/534 (12%)]	Loss1: 5.859574 Loss2: 0.000020 
| Global Round : 2 | Client :6 | Local Epoch : 2 | [64/534 (12%)]	Loss1: 5.857946 Loss2: 0.000021 
| Global Round : 2 | Client :6 | Local Epoch : 3 | [64/534 (12%)]	Loss1: 5.853563 Loss2: 0.000020 
| Global Round : 2 | Client :6 | Local Epoch : 4 | [64/534 (12%)]	Loss1: 5.852581 Loss2: 0.000015 
| Global Round : 2 | Client :7 | Local Epoch : 0 | [64/824 (8%)]	Loss1: 5.854866 Loss2: 0.000027 
| Global Round : 2 | Client :7 | Local Epoch : 0 | [704/824 (92%)]	Loss1: 5.853044 Loss2: 0.000034 
| Global Round : 2 | Client :7 | Local Epoch : 1 | [64/824 (8%)]	Loss1: 5.851713 Loss2: 0.000023 
| Global Round : 2 | Client :7 | Local Epoch : 1 | [704/824 (92%)]	Loss1: 5.850361 Loss2: 0.000028 
| Global Round : 2 | Client :7 | Local Epoch : 2 | [64/824 (8%)]	Loss1: 5.851555 Loss2: 0.000026 
| Global Round : 2 | Client :7 | Local Epoch : 2 | [704/824 (92%)]	Loss1: 5.847474 Loss2: 0.000023 
| Global Round : 2 | Client :7 | Local Epoch : 3 | [64/824 (8%)]	Loss1: 5.848157 Loss2: 0.000027 
| Global Round : 2 | Client :7 | Local Epoch : 3 | [704/824 (92%)]	Loss1: 5.849729 Loss2: 0.000031 
| Global Round : 2 | Client :7 | Local Epoch : 4 | [64/824 (8%)]	Loss1: 5.846725 Loss2: 0.000030 
| Global Round : 2 | Client :7 | Local Epoch : 4 | [704/824 (92%)]	Loss1: 5.848035 Loss2: 0.000030 
| Global Round : 2 | Client :8 | Local Epoch : 0 | [64/714 (9%)]	Loss1: 5.857257 Loss2: 0.000021 
| Global Round : 2 | Client :8 | Local Epoch : 0 | [704/714 (100%)]	Loss1: 5.857457 Loss2: 0.000019 
| Global Round : 2 | Client :8 | Local Epoch : 1 | [64/714 (9%)]	Loss1: 5.855681 Loss2: 0.000020 
| Global Round : 2 | Client :8 | Local Epoch : 1 | [704/714 (100%)]	Loss1: 5.856145 Loss2: 0.000025 
| Global Round : 2 | Client :8 | Local Epoch : 2 | [64/714 (9%)]	Loss1: 5.854573 Loss2: 0.000021 
| Global Round : 2 | Client :8 | Local Epoch : 2 | [704/714 (100%)]	Loss1: 5.853127 Loss2: 0.000020 
| Global Round : 2 | Client :8 | Local Epoch : 3 | [64/714 (9%)]	Loss1: 5.853828 Loss2: 0.000026 
| Global Round : 2 | Client :8 | Local Epoch : 3 | [704/714 (100%)]	Loss1: 5.853170 Loss2: 0.000020 
| Global Round : 2 | Client :8 | Local Epoch : 4 | [64/714 (9%)]	Loss1: 5.853534 Loss2: 0.000022 
| Global Round : 2 | Client :8 | Local Epoch : 4 | [704/714 (100%)]	Loss1: 5.851375 Loss2: 0.000020 
| Global Round : 2 | Client :9 | Local Epoch : 0 | [64/607 (11%)]	Loss1: 5.859291 Loss2: 0.000020 
| Global Round : 2 | Client :9 | Local Epoch : 1 | [64/607 (11%)]	Loss1: 5.856742 Loss2: 0.000016 
| Global Round : 2 | Client :9 | Local Epoch : 2 | [64/607 (11%)]	Loss1: 5.857109 Loss2: 0.000018 
| Global Round : 2 | Client :9 | Local Epoch : 3 | [64/607 (11%)]	Loss1: 5.856482 Loss2: 0.000014 
| Global Round : 2 | Client :9 | Local Epoch : 4 | [64/607 (11%)]	Loss1: 5.853171 Loss2: 0.000017 
average loss:   5.8477438493466485
average local test accuracy: 0.7553385416666666
average global test accuracy:  0.42109375

 | Global Training Round : 3 |

xi_k [0.47692759 0.53467361 0.5347372  0.49634622 0.49229991 0.50884784
 0.51245932 0.49733375 0.52719252 0.5073866 ]
max_exp: -1.0
coe: 10
Regulation [0.8 0.8 0.8 0.8 0.8 0.8 0.8 0.8 0.8 0.8]
Solver status: optimal_inaccurate
b_new: [1. 1. 1. 1. 1. 1. 1. 1. 1. 1.]
Iter 0: obj=50.4820, best_obj=50.4820, ||b_new-b_prev||₂=2.846050
xi_k [0.47692759 0.53467361 0.5347372  0.49634622 0.49229991 0.50884784
 0.51245932 0.49733375 0.52719252 0.5073866 ]
max_exp: -1.0
coe: 10
Regulation [-1. -1. -1. -1. -1. -1. -1. -1. -1. -1.]
Solver status: optimal_inaccurate
b_new: [1. 1. 1. 1. 1. 1. 1. 1. 1. 1.]
Iter 1: obj=51.3820, best_obj=51.3820, ||b_new-b_prev||₂=0.000000
Converged.
Final b: [1. 1. 1. 1. 1. 1. 1. 1. 1. 1.]
<class 'numpy.ndarray'>
b_float: [1. 1. 1. 1. 1. 1. 1. 1. 1. 1.]
b: [1 1 1 1 1 1 1 1 1 1]
active_clients:  [0, 1, 2, 3, 4, 5, 6, 7, 8, 9]
Client 0's s_k are:[0 1 1 1 1 1 1 1 1 1]
Client 1's s_k are:[1 0 1 1 1 1 1 1 1 1]
Client 2's s_k are:[1 1 0 1 1 1 1 1 1 1]
Client 3's s_k are:[1 1 1 0 1 1 1 1 1 1]
Client 4's s_k are:[1 1 1 1 0 1 1 1 1 1]
Client 5's s_k are:[1 1 1 1 1 0 1 1 1 1]
Client 6's s_k are:[1 1 1 1 1 1 0 1 1 1]
Client 7's s_k are:[1 1 1 1 1 1 1 0 1 1]
Client 8's s_k are:[1 1 1 1 1 1 1 1 0 1]
Client 9's s_k are:[1 1 1 1 1 1 1 1 1 0]
| Global Round : 3 | Client :0 | Local Epoch : 0 | [64/573 (12%)]	Loss1: 5.847726 Loss2: 0.000031 
| Global Round : 3 | Client :0 | Local Epoch : 1 | [64/573 (12%)]	Loss1: 5.847985 Loss2: 0.000027 
| Global Round : 3 | Client :0 | Local Epoch : 2 | [64/573 (12%)]	Loss1: 5.848359 Loss2: 0.000031 
| Global Round : 3 | Client :0 | Local Epoch : 3 | [64/573 (12%)]	Loss1: 5.846032 Loss2: 0.000029 
| Global Round : 3 | Client :0 | Local Epoch : 4 | [64/573 (12%)]	Loss1: 5.845110 Loss2: 0.000024 
| Global Round : 3 | Client :1 | Local Epoch : 0 | [64/448 (14%)]	Loss1: 5.853105 Loss2: 0.000015 
| Global Round : 3 | Client :1 | Local Epoch : 1 | [64/448 (14%)]	Loss1: 5.852054 Loss2: 0.000020 
| Global Round : 3 | Client :1 | Local Epoch : 2 | [64/448 (14%)]	Loss1: 5.850240 Loss2: 0.000021 
| Global Round : 3 | Client :1 | Local Epoch : 3 | [64/448 (14%)]	Loss1: 5.849603 Loss2: 0.000017 
| Global Round : 3 | Client :1 | Local Epoch : 4 | [64/448 (14%)]	Loss1: 5.851507 Loss2: 0.000017 
| Global Round : 3 | Client :2 | Local Epoch : 0 | [64/448 (14%)]	Loss1: 5.854696 Loss2: 0.000015 
| Global Round : 3 | Client :2 | Local Epoch : 1 | [64/448 (14%)]	Loss1: 5.853084 Loss2: 0.000016 
| Global Round : 3 | Client :2 | Local Epoch : 2 | [64/448 (14%)]	Loss1: 5.855082 Loss2: 0.000021 
| Global Round : 3 | Client :2 | Local Epoch : 3 | [64/448 (14%)]	Loss1: 5.855217 Loss2: 0.000013 
| Global Round : 3 | Client :2 | Local Epoch : 4 | [64/448 (14%)]	Loss1: 5.851341 Loss2: 0.000015 
| Global Round : 3 | Client :3 | Local Epoch : 0 | [64/620 (11%)]	Loss1: 5.850253 Loss2: 0.000018 
| Global Round : 3 | Client :3 | Local Epoch : 1 | [64/620 (11%)]	Loss1: 5.850788 Loss2: 0.000019 
| Global Round : 3 | Client :3 | Local Epoch : 2 | [64/620 (11%)]	Loss1: 5.849660 Loss2: 0.000022 
| Global Round : 3 | Client :3 | Local Epoch : 3 | [64/620 (11%)]	Loss1: 5.847991 Loss2: 0.000019 
| Global Round : 3 | Client :3 | Local Epoch : 4 | [64/620 (11%)]	Loss1: 5.849108 Loss2: 0.000022 
| Global Round : 3 | Client :4 | Local Epoch : 0 | [64/625 (11%)]	Loss1: 5.848558 Loss2: 0.000024 
| Global Round : 3 | Client :4 | Local Epoch : 1 | [64/625 (11%)]	Loss1: 5.850177 Loss2: 0.000020 
| Global Round : 3 | Client :4 | Local Epoch : 2 | [64/625 (11%)]	Loss1: 5.848308 Loss2: 0.000023 
| Global Round : 3 | Client :4 | Local Epoch : 3 | [64/625 (11%)]	Loss1: 5.848714 Loss2: 0.000028 
| Global Round : 3 | Client :4 | Local Epoch : 4 | [64/625 (11%)]	Loss1: 5.850541 Loss2: 0.000023 
| Global Round : 3 | Client :5 | Local Epoch : 0 | [64/604 (11%)]	Loss1: 5.846138 Loss2: 0.000020 
| Global Round : 3 | Client :5 | Local Epoch : 1 | [64/604 (11%)]	Loss1: 5.847129 Loss2: 0.000018 
| Global Round : 3 | Client :5 | Local Epoch : 2 | [64/604 (11%)]	Loss1: 5.846114 Loss2: 0.000019 
| Global Round : 3 | Client :5 | Local Epoch : 3 | [64/604 (11%)]	Loss1: 5.845342 Loss2: 0.000020 
| Global Round : 3 | Client :5 | Local Epoch : 4 | [64/604 (11%)]	Loss1: 5.846228 Loss2: 0.000018 
| Global Round : 3 | Client :6 | Local Epoch : 0 | [64/534 (12%)]	Loss1: 5.852474 Loss2: 0.000018 
| Global Round : 3 | Client :6 | Local Epoch : 1 | [64/534 (12%)]	Loss1: 5.852405 Loss2: 0.000017 
| Global Round : 3 | Client :6 | Local Epoch : 2 | [64/534 (12%)]	Loss1: 5.851116 Loss2: 0.000019 
| Global Round : 3 | Client :6 | Local Epoch : 3 | [64/534 (12%)]	Loss1: 5.850043 Loss2: 0.000015 
| Global Round : 3 | Client :6 | Local Epoch : 4 | [64/534 (12%)]	Loss1: 5.852548 Loss2: 0.000019 
| Global Round : 3 | Client :7 | Local Epoch : 0 | [64/824 (8%)]	Loss1: 5.846787 Loss2: 0.000031 
| Global Round : 3 | Client :7 | Local Epoch : 0 | [704/824 (92%)]	Loss1: 5.847304 Loss2: 0.000026 
| Global Round : 3 | Client :7 | Local Epoch : 1 | [64/824 (8%)]	Loss1: 5.847975 Loss2: 0.000026 
| Global Round : 3 | Client :7 | Local Epoch : 1 | [704/824 (92%)]	Loss1: 5.845024 Loss2: 0.000029 
| Global Round : 3 | Client :7 | Local Epoch : 2 | [64/824 (8%)]	Loss1: 5.846699 Loss2: 0.000024 
| Global Round : 3 | Client :7 | Local Epoch : 2 | [704/824 (92%)]	Loss1: 5.847305 Loss2: 0.000032 
| Global Round : 3 | Client :7 | Local Epoch : 3 | [64/824 (8%)]	Loss1: 5.846183 Loss2: 0.000036 
| Global Round : 3 | Client :7 | Local Epoch : 3 | [704/824 (92%)]	Loss1: 5.845253 Loss2: 0.000026 
| Global Round : 3 | Client :7 | Local Epoch : 4 | [64/824 (8%)]	Loss1: 5.846765 Loss2: 0.000032 
| Global Round : 3 | Client :7 | Local Epoch : 4 | [704/824 (92%)]	Loss1: 5.845809 Loss2: 0.000024 
| Global Round : 3 | Client :8 | Local Epoch : 0 | [64/714 (9%)]	Loss1: 5.852554 Loss2: 0.000019 
| Global Round : 3 | Client :8 | Local Epoch : 0 | [704/714 (100%)]	Loss1: 5.851287 Loss2: 0.000020 
| Global Round : 3 | Client :8 | Local Epoch : 1 | [64/714 (9%)]	Loss1: 5.851227 Loss2: 0.000024 
| Global Round : 3 | Client :8 | Local Epoch : 1 | [704/714 (100%)]	Loss1: 5.853052 Loss2: 0.000017 
| Global Round : 3 | Client :8 | Local Epoch : 2 | [64/714 (9%)]	Loss1: 5.851410 Loss2: 0.000016 
| Global Round : 3 | Client :8 | Local Epoch : 2 | [704/714 (100%)]	Loss1: 5.851828 Loss2: 0.000024 
| Global Round : 3 | Client :8 | Local Epoch : 3 | [64/714 (9%)]	Loss1: 5.849974 Loss2: 0.000021 
| Global Round : 3 | Client :8 | Local Epoch : 3 | [704/714 (100%)]	Loss1: 5.852828 Loss2: 0.000020 
| Global Round : 3 | Client :8 | Local Epoch : 4 | [64/714 (9%)]	Loss1: 5.850531 Loss2: 0.000020 
| Global Round : 3 | Client :8 | Local Epoch : 4 | [704/714 (100%)]	Loss1: 5.851158 Loss2: 0.000022 
| Global Round : 3 | Client :9 | Local Epoch : 0 | [64/607 (11%)]	Loss1: 5.853027 Loss2: 0.000014 
| Global Round : 3 | Client :9 | Local Epoch : 1 | [64/607 (11%)]	Loss1: 5.851314 Loss2: 0.000014 
| Global Round : 3 | Client :9 | Local Epoch : 2 | [64/607 (11%)]	Loss1: 5.850246 Loss2: 0.000014 
| Global Round : 3 | Client :9 | Local Epoch : 3 | [64/607 (11%)]	Loss1: 5.850419 Loss2: 0.000014 
| Global Round : 3 | Client :9 | Local Epoch : 4 | [64/607 (11%)]	Loss1: 5.851316 Loss2: 0.000017 
average loss:   5.845897223457458
average local test accuracy: 0.7703125
average global test accuracy:  0.484765625

 | Global Training Round : 4 |

xi_k [0.47666376 0.53419783 0.53439865 0.49595608 0.49193299 0.50857111
 0.51220775 0.49719266 0.5268112  0.50714295]
max_exp: -1.0
coe: 10
Regulation [0.8 0.8 0.8 0.8 0.8 0.8 0.8 0.8 0.8 0.8]
Solver status: optimal_inaccurate
b_new: [1. 1. 1. 1. 1. 1. 1. 1. 1. 1.]
Iter 0: obj=50.4507, best_obj=50.4507, ||b_new-b_prev||₂=2.846050
xi_k [0.47666376 0.53419783 0.53439865 0.49595608 0.49193299 0.50857111
 0.51220775 0.49719266 0.5268112  0.50714295]
max_exp: -1.0
coe: 10
Regulation [-1. -1. -1. -1. -1. -1. -1. -1. -1. -1.]
Solver status: optimal_inaccurate
b_new: [1. 1. 1. 1. 1. 1. 1. 1. 1. 1.]
Iter 1: obj=51.3507, best_obj=51.3507, ||b_new-b_prev||₂=0.000000
Converged.
Final b: [1. 1. 1. 1. 1. 1. 1. 1. 1. 1.]
<class 'numpy.ndarray'>
b_float: [1. 1. 1. 1. 1. 1. 1. 1. 1. 1.]
b: [1 1 1 1 1 1 1 1 1 1]
active_clients:  [0, 1, 2, 3, 4, 5, 6, 7, 8, 9]
Client 0's s_k are:[0 1 1 1 1 1 1 1 1 1]
Client 1's s_k are:[1 0 1 1 1 1 1 1 1 1]
Client 2's s_k are:[1 1 0 1 1 1 1 1 1 1]
Client 3's s_k are:[1 1 1 0 1 1 1 1 1 1]
Client 4's s_k are:[1 1 1 1 0 1 1 1 1 1]
Client 5's s_k are:[1 1 1 1 1 0 1 1 1 1]
Client 6's s_k are:[1 1 1 1 1 1 0 1 1 1]
Client 7's s_k are:[1 1 1 1 1 1 1 0 1 1]
Client 8's s_k are:[1 1 1 1 1 1 1 1 0 1]
Client 9's s_k are:[1 1 1 1 1 1 1 1 1 0]
| Global Round : 4 | Client :0 | Local Epoch : 0 | [64/573 (12%)]	Loss1: 5.847242 Loss2: 0.000030 
| Global Round : 4 | Client :0 | Local Epoch : 1 | [64/573 (12%)]	Loss1: 5.845102 Loss2: 0.000029 
| Global Round : 4 | Client :0 | Local Epoch : 2 | [64/573 (12%)]	Loss1: 5.844883 Loss2: 0.000029 
| Global Round : 4 | Client :0 | Local Epoch : 3 | [64/573 (12%)]	Loss1: 5.846404 Loss2: 0.000028 
| Global Round : 4 | Client :0 | Local Epoch : 4 | [64/573 (12%)]	Loss1: 5.844591 Loss2: 0.000027 
| Global Round : 4 | Client :1 | Local Epoch : 0 | [64/448 (14%)]	Loss1: 5.849423 Loss2: 0.000019 
| Global Round : 4 | Client :1 | Local Epoch : 1 | [64/448 (14%)]	Loss1: 5.848070 Loss2: 0.000021 
| Global Round : 4 | Client :1 | Local Epoch : 2 | [64/448 (14%)]	Loss1: 5.849690 Loss2: 0.000022 
| Global Round : 4 | Client :1 | Local Epoch : 3 | [64/448 (14%)]	Loss1: 5.847424 Loss2: 0.000018 
| Global Round : 4 | Client :1 | Local Epoch : 4 | [64/448 (14%)]	Loss1: 5.849994 Loss2: 0.000019 
| Global Round : 4 | Client :2 | Local Epoch : 0 | [64/448 (14%)]	Loss1: 5.851923 Loss2: 0.000013 
| Global Round : 4 | Client :2 | Local Epoch : 1 | [64/448 (14%)]	Loss1: 5.850173 Loss2: 0.000012 
| Global Round : 4 | Client :2 | Local Epoch : 2 | [64/448 (14%)]	Loss1: 5.851988 Loss2: 0.000017 
| Global Round : 4 | Client :2 | Local Epoch : 3 | [64/448 (14%)]	Loss1: 5.850289 Loss2: 0.000013 
| Global Round : 4 | Client :2 | Local Epoch : 4 | [64/448 (14%)]	Loss1: 5.849752 Loss2: 0.000018 
| Global Round : 4 | Client :3 | Local Epoch : 0 | [64/620 (11%)]	Loss1: 5.847614 Loss2: 0.000025 
| Global Round : 4 | Client :3 | Local Epoch : 1 | [64/620 (11%)]	Loss1: 5.846555 Loss2: 0.000022 
| Global Round : 4 | Client :3 | Local Epoch : 2 | [64/620 (11%)]	Loss1: 5.847066 Loss2: 0.000021 
| Global Round : 4 | Client :3 | Local Epoch : 3 | [64/620 (11%)]	Loss1: 5.847621 Loss2: 0.000021 
| Global Round : 4 | Client :3 | Local Epoch : 4 | [64/620 (11%)]	Loss1: 5.847601 Loss2: 0.000022 
| Global Round : 4 | Client :4 | Local Epoch : 0 | [64/625 (11%)]	Loss1: 5.847095 Loss2: 0.000025 
| Global Round : 4 | Client :4 | Local Epoch : 1 | [64/625 (11%)]	Loss1: 5.847207 Loss2: 0.000028 
| Global Round : 4 | Client :4 | Local Epoch : 2 | [64/625 (11%)]	Loss1: 5.846559 Loss2: 0.000022 
| Global Round : 4 | Client :4 | Local Epoch : 3 | [64/625 (11%)]	Loss1: 5.849243 Loss2: 0.000024 
| Global Round : 4 | Client :4 | Local Epoch : 4 | [64/625 (11%)]	Loss1: 5.845190 Loss2: 0.000020 
| Global Round : 4 | Client :5 | Local Epoch : 0 | [64/604 (11%)]	Loss1: 5.845683 Loss2: 0.000020 
| Global Round : 4 | Client :5 | Local Epoch : 1 | [64/604 (11%)]	Loss1: 5.846179 Loss2: 0.000021 
| Global Round : 4 | Client :5 | Local Epoch : 2 | [64/604 (11%)]	Loss1: 5.844753 Loss2: 0.000027 
| Global Round : 4 | Client :5 | Local Epoch : 3 | [64/604 (11%)]	Loss1: 5.844281 Loss2: 0.000020 
| Global Round : 4 | Client :5 | Local Epoch : 4 | [64/604 (11%)]	Loss1: 5.843587 Loss2: 0.000021 
| Global Round : 4 | Client :6 | Local Epoch : 0 | [64/534 (12%)]	Loss1: 5.852062 Loss2: 0.000015 
| Global Round : 4 | Client :6 | Local Epoch : 1 | [64/534 (12%)]	Loss1: 5.850660 Loss2: 0.000021 
| Global Round : 4 | Client :6 | Local Epoch : 2 | [64/534 (12%)]	Loss1: 5.850299 Loss2: 0.000012 
| Global Round : 4 | Client :6 | Local Epoch : 3 | [64/534 (12%)]	Loss1: 5.849293 Loss2: 0.000016 
| Global Round : 4 | Client :6 | Local Epoch : 4 | [64/534 (12%)]	Loss1: 5.849218 Loss2: 0.000014 
| Global Round : 4 | Client :7 | Local Epoch : 0 | [64/824 (8%)]	Loss1: 5.842079 Loss2: 0.000026 
| Global Round : 4 | Client :7 | Local Epoch : 0 | [704/824 (92%)]	Loss1: 5.844451 Loss2: 0.000025 
| Global Round : 4 | Client :7 | Local Epoch : 1 | [64/824 (8%)]	Loss1: 5.846500 Loss2: 0.000035 
| Global Round : 4 | Client :7 | Local Epoch : 1 | [704/824 (92%)]	Loss1: 5.844133 Loss2: 0.000029 
| Global Round : 4 | Client :7 | Local Epoch : 2 | [64/824 (8%)]	Loss1: 5.844604 Loss2: 0.000027 
| Global Round : 4 | Client :7 | Local Epoch : 2 | [704/824 (92%)]	Loss1: 5.843778 Loss2: 0.000028 
| Global Round : 4 | Client :7 | Local Epoch : 3 | [64/824 (8%)]	Loss1: 5.846251 Loss2: 0.000026 
| Global Round : 4 | Client :7 | Local Epoch : 3 | [704/824 (92%)]	Loss1: 5.843255 Loss2: 0.000032 
| Global Round : 4 | Client :7 | Local Epoch : 4 | [64/824 (8%)]	Loss1: 5.843153 Loss2: 0.000031 
| Global Round : 4 | Client :7 | Local Epoch : 4 | [704/824 (92%)]	Loss1: 5.845092 Loss2: 0.000027 
| Global Round : 4 | Client :8 | Local Epoch : 0 | [64/714 (9%)]	Loss1: 5.851520 Loss2: 0.000021 
| Global Round : 4 | Client :8 | Local Epoch : 0 | [704/714 (100%)]	Loss1: 5.849744 Loss2: 0.000027 
| Global Round : 4 | Client :8 | Local Epoch : 1 | [64/714 (9%)]	Loss1: 5.850942 Loss2: 0.000027 
| Global Round : 4 | Client :8 | Local Epoch : 1 | [704/714 (100%)]	Loss1: 5.851356 Loss2: 0.000023 
| Global Round : 4 | Client :8 | Local Epoch : 2 | [64/714 (9%)]	Loss1: 5.849675 Loss2: 0.000018 
| Global Round : 4 | Client :8 | Local Epoch : 2 | [704/714 (100%)]	Loss1: 5.849276 Loss2: 0.000023 
| Global Round : 4 | Client :8 | Local Epoch : 3 | [64/714 (9%)]	Loss1: 5.852087 Loss2: 0.000021 
| Global Round : 4 | Client :8 | Local Epoch : 3 | [704/714 (100%)]	Loss1: 5.847781 Loss2: 0.000023 
| Global Round : 4 | Client :8 | Local Epoch : 4 | [64/714 (9%)]	Loss1: 5.846222 Loss2: 0.000017 
| Global Round : 4 | Client :8 | Local Epoch : 4 | [704/714 (100%)]	Loss1: 5.847651 Loss2: 0.000028 
| Global Round : 4 | Client :9 | Local Epoch : 0 | [64/607 (11%)]	Loss1: 5.850625 Loss2: 0.000015 
| Global Round : 4 | Client :9 | Local Epoch : 1 | [64/607 (11%)]	Loss1: 5.849912 Loss2: 0.000016 
| Global Round : 4 | Client :9 | Local Epoch : 2 | [64/607 (11%)]	Loss1: 5.850987 Loss2: 0.000015 
| Global Round : 4 | Client :9 | Local Epoch : 3 | [64/607 (11%)]	Loss1: 5.848110 Loss2: 0.000016 
| Global Round : 4 | Client :9 | Local Epoch : 4 | [64/607 (11%)]	Loss1: 5.849433 Loss2: 0.000016 
average loss:   5.8445430637352045
average local test accuracy: 0.78203125
average global test accuracy:  0.5578125

 | Global Training Round : 5 |

xi_k [0.476522   0.5338376  0.53401643 0.49586156 0.49179083 0.50841157
 0.51186532 0.49697804 0.52652984 0.50680074]
max_exp: -1.0
coe: 10
Regulation [0.8 0.8 0.8 0.8 0.8 0.8 0.8 0.8 0.8 0.8]
Solver status: optimal_inaccurate
b_new: [1. 1. 1. 1. 1. 1. 1. 1. 1. 1.]
Iter 0: obj=50.4261, best_obj=50.4261, ||b_new-b_prev||₂=2.846050
xi_k [0.476522   0.5338376  0.53401643 0.49586156 0.49179083 0.50841157
 0.51186532 0.49697804 0.52652984 0.50680074]
max_exp: -1.0
coe: 10
Regulation [-1. -1. -1. -1. -1. -1. -1. -1. -1. -1.]
Solver status: optimal_inaccurate
b_new: [1. 1. 1. 1. 1. 1. 1. 1. 1. 1.]
Iter 1: obj=51.3261, best_obj=51.3261, ||b_new-b_prev||₂=0.000000
Converged.
Final b: [1. 1. 1. 1. 1. 1. 1. 1. 1. 1.]
<class 'numpy.ndarray'>
b_float: [1. 1. 1. 1. 1. 1. 1. 1. 1. 1.]
b: [1 1 1 1 1 1 1 1 1 1]
active_clients:  [0, 1, 2, 3, 4, 5, 6, 7, 8, 9]
Client 0's s_k are:[0 1 1 1 1 1 1 1 1 1]
Client 1's s_k are:[1 0 1 1 1 1 1 1 1 1]
Client 2's s_k are:[1 1 0 1 1 1 1 1 1 1]
Client 3's s_k are:[1 1 1 0 1 1 1 1 1 1]
Client 4's s_k are:[1 1 1 1 0 1 1 1 1 1]
Client 5's s_k are:[1 1 1 1 1 0 1 1 1 1]
Client 6's s_k are:[1 1 1 1 1 1 0 1 1 1]
Client 7's s_k are:[1 1 1 1 1 1 1 0 1 1]
Client 8's s_k are:[1 1 1 1 1 1 1 1 0 1]
Client 9's s_k are:[1 1 1 1 1 1 1 1 1 0]
| Global Round : 5 | Client :0 | Local Epoch : 0 | [64/573 (12%)]	Loss1: 5.845175 Loss2: 0.000029 
| Global Round : 5 | Client :0 | Local Epoch : 1 | [64/573 (12%)]	Loss1: 5.843894 Loss2: 0.000031 
| Global Round : 5 | Client :0 | Local Epoch : 2 | [64/573 (12%)]	Loss1: 5.844135 Loss2: 0.000028 
| Global Round : 5 | Client :0 | Local Epoch : 3 | [64/573 (12%)]	Loss1: 5.843315 Loss2: 0.000034 
| Global Round : 5 | Client :0 | Local Epoch : 4 | [64/573 (12%)]	Loss1: 5.845350 Loss2: 0.000027 
| Global Round : 5 | Client :1 | Local Epoch : 0 | [64/448 (14%)]	Loss1: 5.848724 Loss2: 0.000019 
| Global Round : 5 | Client :1 | Local Epoch : 1 | [64/448 (14%)]	Loss1: 5.848229 Loss2: 0.000023 
| Global Round : 5 | Client :1 | Local Epoch : 2 | [64/448 (14%)]	Loss1: 5.848125 Loss2: 0.000019 
| Global Round : 5 | Client :1 | Local Epoch : 3 | [64/448 (14%)]	Loss1: 5.847377 Loss2: 0.000023 
| Global Round : 5 | Client :1 | Local Epoch : 4 | [64/448 (14%)]	Loss1: 5.847304 Loss2: 0.000020 
| Global Round : 5 | Client :2 | Local Epoch : 0 | [64/448 (14%)]	Loss1: 5.852046 Loss2: 0.000015 
| Global Round : 5 | Client :2 | Local Epoch : 1 | [64/448 (14%)]	Loss1: 5.849507 Loss2: 0.000017 
| Global Round : 5 | Client :2 | Local Epoch : 2 | [64/448 (14%)]	Loss1: 5.848208 Loss2: 0.000014 
| Global Round : 5 | Client :2 | Local Epoch : 3 | [64/448 (14%)]	Loss1: 5.847476 Loss2: 0.000018 
| Global Round : 5 | Client :2 | Local Epoch : 4 | [64/448 (14%)]	Loss1: 5.845829 Loss2: 0.000013 
| Global Round : 5 | Client :3 | Local Epoch : 0 | [64/620 (11%)]	Loss1: 5.846906 Loss2: 0.000017 
| Global Round : 5 | Client :3 | Local Epoch : 1 | [64/620 (11%)]	Loss1: 5.846763 Loss2: 0.000017 
| Global Round : 5 | Client :3 | Local Epoch : 2 | [64/620 (11%)]	Loss1: 5.845056 Loss2: 0.000023 
| Global Round : 5 | Client :3 | Local Epoch : 3 | [64/620 (11%)]	Loss1: 5.845064 Loss2: 0.000020 
| Global Round : 5 | Client :3 | Local Epoch : 4 | [64/620 (11%)]	Loss1: 5.844028 Loss2: 0.000018 
| Global Round : 5 | Client :4 | Local Epoch : 0 | [64/625 (11%)]	Loss1: 5.846531 Loss2: 0.000024 
| Global Round : 5 | Client :4 | Local Epoch : 1 | [64/625 (11%)]	Loss1: 5.847581 Loss2: 0.000022 
| Global Round : 5 | Client :4 | Local Epoch : 2 | [64/625 (11%)]	Loss1: 5.845638 Loss2: 0.000026 
| Global Round : 5 | Client :4 | Local Epoch : 3 | [64/625 (11%)]	Loss1: 5.847394 Loss2: 0.000025 
| Global Round : 5 | Client :4 | Local Epoch : 4 | [64/625 (11%)]	Loss1: 5.845693 Loss2: 0.000027 
| Global Round : 5 | Client :5 | Local Epoch : 0 | [64/604 (11%)]	Loss1: 5.843711 Loss2: 0.000021 
| Global Round : 5 | Client :5 | Local Epoch : 1 | [64/604 (11%)]	Loss1: 5.844325 Loss2: 0.000020 
| Global Round : 5 | Client :5 | Local Epoch : 2 | [64/604 (11%)]	Loss1: 5.842797 Loss2: 0.000021 
| Global Round : 5 | Client :5 | Local Epoch : 3 | [64/604 (11%)]	Loss1: 5.845212 Loss2: 0.000019 
| Global Round : 5 | Client :5 | Local Epoch : 4 | [64/604 (11%)]	Loss1: 5.842168 Loss2: 0.000024 
| Global Round : 5 | Client :6 | Local Epoch : 0 | [64/534 (12%)]	Loss1: 5.848113 Loss2: 0.000020 
| Global Round : 5 | Client :6 | Local Epoch : 1 | [64/534 (12%)]	Loss1: 5.850727 Loss2: 0.000016 
| Global Round : 5 | Client :6 | Local Epoch : 2 | [64/534 (12%)]	Loss1: 5.849676 Loss2: 0.000015 
| Global Round : 5 | Client :6 | Local Epoch : 3 | [64/534 (12%)]	Loss1: 5.849780 Loss2: 0.000015 
| Global Round : 5 | Client :6 | Local Epoch : 4 | [64/534 (12%)]	Loss1: 5.846160 Loss2: 0.000011 
| Global Round : 5 | Client :7 | Local Epoch : 0 | [64/824 (8%)]	Loss1: 5.843353 Loss2: 0.000029 
| Global Round : 5 | Client :7 | Local Epoch : 0 | [704/824 (92%)]	Loss1: 5.844261 Loss2: 0.000024 
| Global Round : 5 | Client :7 | Local Epoch : 1 | [64/824 (8%)]	Loss1: 5.842800 Loss2: 0.000026 
| Global Round : 5 | Client :7 | Local Epoch : 1 | [704/824 (92%)]	Loss1: 5.844180 Loss2: 0.000026 
| Global Round : 5 | Client :7 | Local Epoch : 2 | [64/824 (8%)]	Loss1: 5.843973 Loss2: 0.000035 
| Global Round : 5 | Client :7 | Local Epoch : 2 | [704/824 (92%)]	Loss1: 5.843709 Loss2: 0.000028 
| Global Round : 5 | Client :7 | Local Epoch : 3 | [64/824 (8%)]	Loss1: 5.844270 Loss2: 0.000025 
| Global Round : 5 | Client :7 | Local Epoch : 3 | [704/824 (92%)]	Loss1: 5.842799 Loss2: 0.000028 
| Global Round : 5 | Client :7 | Local Epoch : 4 | [64/824 (8%)]	Loss1: 5.843566 Loss2: 0.000032 
| Global Round : 5 | Client :7 | Local Epoch : 4 | [704/824 (92%)]	Loss1: 5.844090 Loss2: 0.000027 
| Global Round : 5 | Client :8 | Local Epoch : 0 | [64/714 (9%)]	Loss1: 5.848741 Loss2: 0.000022 
| Global Round : 5 | Client :8 | Local Epoch : 0 | [704/714 (100%)]	Loss1: 5.848258 Loss2: 0.000020 
| Global Round : 5 | Client :8 | Local Epoch : 1 | [64/714 (9%)]	Loss1: 5.848087 Loss2: 0.000020 
| Global Round : 5 | Client :8 | Local Epoch : 1 | [704/714 (100%)]	Loss1: 5.848653 Loss2: 0.000024 
| Global Round : 5 | Client :8 | Local Epoch : 2 | [64/714 (9%)]	Loss1: 5.848354 Loss2: 0.000023 
| Global Round : 5 | Client :8 | Local Epoch : 2 | [704/714 (100%)]	Loss1: 5.849307 Loss2: 0.000025 
| Global Round : 5 | Client :8 | Local Epoch : 3 | [64/714 (9%)]	Loss1: 5.844720 Loss2: 0.000022 
| Global Round : 5 | Client :8 | Local Epoch : 3 | [704/714 (100%)]	Loss1: 5.847278 Loss2: 0.000023 
| Global Round : 5 | Client :8 | Local Epoch : 4 | [64/714 (9%)]	Loss1: 5.846423 Loss2: 0.000024 
| Global Round : 5 | Client :8 | Local Epoch : 4 | [704/714 (100%)]	Loss1: 5.848714 Loss2: 0.000023 
| Global Round : 5 | Client :9 | Local Epoch : 0 | [64/607 (11%)]	Loss1: 5.849551 Loss2: 0.000016 
| Global Round : 5 | Client :9 | Local Epoch : 1 | [64/607 (11%)]	Loss1: 5.850955 Loss2: 0.000021 
| Global Round : 5 | Client :9 | Local Epoch : 2 | [64/607 (11%)]	Loss1: 5.849620 Loss2: 0.000014 
| Global Round : 5 | Client :9 | Local Epoch : 3 | [64/607 (11%)]	Loss1: 5.848768 Loss2: 0.000015 
| Global Round : 5 | Client :9 | Local Epoch : 4 | [64/607 (11%)]	Loss1: 5.849626 Loss2: 0.000016 
average loss:   5.8437169855291184
average local test accuracy: 0.7986979166666668
average global test accuracy:  0.580859375

 | Global Training Round : 6 |

xi_k [0.47633467 0.53363333 0.53390448 0.49562018 0.49177686 0.50830255
 0.51176859 0.49685793 0.52630935 0.50659178]
max_exp: -1.0
coe: 10
Regulation [0.8 0.8 0.8 0.8 0.8 0.8 0.8 0.8 0.8 0.8]
Solver status: optimal_inaccurate
b_new: [1. 1. 1. 1. 1. 1. 1. 1. 1. 1.]
Iter 0: obj=50.4110, best_obj=50.4110, ||b_new-b_prev||₂=2.846050
xi_k [0.47633467 0.53363333 0.53390448 0.49562018 0.49177686 0.50830255
 0.51176859 0.49685793 0.52630935 0.50659178]
max_exp: -1.0
coe: 10
Regulation [-1. -1. -1. -1. -1. -1. -1. -1. -1. -1.]
Solver status: optimal_inaccurate
b_new: [1. 1. 1. 1. 1. 1. 1. 1. 1. 1.]
Iter 1: obj=51.3110, best_obj=51.3110, ||b_new-b_prev||₂=0.000000
Converged.
Final b: [1. 1. 1. 1. 1. 1. 1. 1. 1. 1.]
<class 'numpy.ndarray'>
b_float: [1. 1. 1. 1. 1. 1. 1. 1. 1. 1.]
b: [1 1 1 1 1 1 1 1 1 1]
active_clients:  [0, 1, 2, 3, 4, 5, 6, 7, 8, 9]
Client 0's s_k are:[0 1 1 1 1 1 1 1 1 1]
Client 1's s_k are:[1 0 1 1 1 1 1 1 1 1]
Client 2's s_k are:[1 1 0 1 1 1 1 1 1 1]
Client 3's s_k are:[1 1 1 0 1 1 1 1 1 1]
Client 4's s_k are:[1 1 1 1 0 1 1 1 1 1]
Client 5's s_k are:[1 1 1 1 1 0 1 1 1 1]
Client 6's s_k are:[1 1 1 1 1 1 0 1 1 1]
Client 7's s_k are:[1 1 1 1 1 1 1 0 1 1]
Client 8's s_k are:[1 1 1 1 1 1 1 1 0 1]
Client 9's s_k are:[1 1 1 1 1 1 1 1 1 0]
| Global Round : 6 | Client :0 | Local Epoch : 0 | [64/573 (12%)]	Loss1: 5.844525 Loss2: 0.000028 
| Global Round : 6 | Client :0 | Local Epoch : 1 | [64/573 (12%)]	Loss1: 5.844387 Loss2: 0.000032 
| Global Round : 6 | Client :0 | Local Epoch : 2 | [64/573 (12%)]	Loss1: 5.844362 Loss2: 0.000031 
| Global Round : 6 | Client :0 | Local Epoch : 3 | [64/573 (12%)]	Loss1: 5.842905 Loss2: 0.000031 
| Global Round : 6 | Client :0 | Local Epoch : 4 | [64/573 (12%)]	Loss1: 5.843403 Loss2: 0.000027 
| Global Round : 6 | Client :1 | Local Epoch : 0 | [64/448 (14%)]	Loss1: 5.848328 Loss2: 0.000022 
| Global Round : 6 | Client :1 | Local Epoch : 1 | [64/448 (14%)]	Loss1: 5.846410 Loss2: 0.000017 
| Global Round : 6 | Client :1 | Local Epoch : 2 | [64/448 (14%)]	Loss1: 5.847236 Loss2: 0.000019 
| Global Round : 6 | Client :1 | Local Epoch : 3 | [64/448 (14%)]	Loss1: 5.847351 Loss2: 0.000018 
| Global Round : 6 | Client :1 | Local Epoch : 4 | [64/448 (14%)]	Loss1: 5.846811 Loss2: 0.000021 
| Global Round : 6 | Client :2 | Local Epoch : 0 | [64/448 (14%)]	Loss1: 5.846196 Loss2: 0.000015 
| Global Round : 6 | Client :2 | Local Epoch : 1 | [64/448 (14%)]	Loss1: 5.847163 Loss2: 0.000011 
| Global Round : 6 | Client :2 | Local Epoch : 2 | [64/448 (14%)]	Loss1: 5.847436 Loss2: 0.000015 
| Global Round : 6 | Client :2 | Local Epoch : 3 | [64/448 (14%)]	Loss1: 5.847698 Loss2: 0.000014 
| Global Round : 6 | Client :2 | Local Epoch : 4 | [64/448 (14%)]	Loss1: 5.847575 Loss2: 0.000017 
| Global Round : 6 | Client :3 | Local Epoch : 0 | [64/620 (11%)]	Loss1: 5.845564 Loss2: 0.000024 
| Global Round : 6 | Client :3 | Local Epoch : 1 | [64/620 (11%)]	Loss1: 5.846775 Loss2: 0.000021 
| Global Round : 6 | Client :3 | Local Epoch : 2 | [64/620 (11%)]	Loss1: 5.846771 Loss2: 0.000023 
| Global Round : 6 | Client :3 | Local Epoch : 3 | [64/620 (11%)]	Loss1: 5.845130 Loss2: 0.000018 
| Global Round : 6 | Client :3 | Local Epoch : 4 | [64/620 (11%)]	Loss1: 5.844124 Loss2: 0.000021 
| Global Round : 6 | Client :4 | Local Epoch : 0 | [64/625 (11%)]	Loss1: 5.847275 Loss2: 0.000021 
| Global Round : 6 | Client :4 | Local Epoch : 1 | [64/625 (11%)]	Loss1: 5.846616 Loss2: 0.000022 
| Global Round : 6 | Client :4 | Local Epoch : 2 | [64/625 (11%)]	Loss1: 5.843750 Loss2: 0.000027 
| Global Round : 6 | Client :4 | Local Epoch : 3 | [64/625 (11%)]	Loss1: 5.844832 Loss2: 0.000026 
| Global Round : 6 | Client :4 | Local Epoch : 4 | [64/625 (11%)]	Loss1: 5.845612 Loss2: 0.000025 
| Global Round : 6 | Client :5 | Local Epoch : 0 | [64/604 (11%)]	Loss1: 5.843492 Loss2: 0.000022 
| Global Round : 6 | Client :5 | Local Epoch : 1 | [64/604 (11%)]	Loss1: 5.843157 Loss2: 0.000024 
| Global Round : 6 | Client :5 | Local Epoch : 2 | [64/604 (11%)]	Loss1: 5.843570 Loss2: 0.000024 
| Global Round : 6 | Client :5 | Local Epoch : 3 | [64/604 (11%)]	Loss1: 5.842649 Loss2: 0.000024 
| Global Round : 6 | Client :5 | Local Epoch : 4 | [64/604 (11%)]	Loss1: 5.842739 Loss2: 0.000022 
| Global Round : 6 | Client :6 | Local Epoch : 0 | [64/534 (12%)]	Loss1: 5.847318 Loss2: 0.000015 
| Global Round : 6 | Client :6 | Local Epoch : 1 | [64/534 (12%)]	Loss1: 5.848374 Loss2: 0.000021 
| Global Round : 6 | Client :6 | Local Epoch : 2 | [64/534 (12%)]	Loss1: 5.847286 Loss2: 0.000011 
| Global Round : 6 | Client :6 | Local Epoch : 3 | [64/534 (12%)]	Loss1: 5.847672 Loss2: 0.000018 
| Global Round : 6 | Client :6 | Local Epoch : 4 | [64/534 (12%)]	Loss1: 5.845791 Loss2: 0.000012 
| Global Round : 6 | Client :7 | Local Epoch : 0 | [64/824 (8%)]	Loss1: 5.841865 Loss2: 0.000030 
| Global Round : 6 | Client :7 | Local Epoch : 0 | [704/824 (92%)]	Loss1: 5.844265 Loss2: 0.000029 
| Global Round : 6 | Client :7 | Local Epoch : 1 | [64/824 (8%)]	Loss1: 5.844682 Loss2: 0.000029 
| Global Round : 6 | Client :7 | Local Epoch : 1 | [704/824 (92%)]	Loss1: 5.842635 Loss2: 0.000028 
| Global Round : 6 | Client :7 | Local Epoch : 2 | [64/824 (8%)]	Loss1: 5.842551 Loss2: 0.000034 
| Global Round : 6 | Client :7 | Local Epoch : 2 | [704/824 (92%)]	Loss1: 5.844476 Loss2: 0.000026 
| Global Round : 6 | Client :7 | Local Epoch : 3 | [64/824 (8%)]	Loss1: 5.841784 Loss2: 0.000029 
| Global Round : 6 | Client :7 | Local Epoch : 3 | [704/824 (92%)]	Loss1: 5.842548 Loss2: 0.000028 
| Global Round : 6 | Client :7 | Local Epoch : 4 | [64/824 (8%)]	Loss1: 5.841654 Loss2: 0.000030 
| Global Round : 6 | Client :7 | Local Epoch : 4 | [704/824 (92%)]	Loss1: 5.842644 Loss2: 0.000025 
| Global Round : 6 | Client :8 | Local Epoch : 0 | [64/714 (9%)]	Loss1: 5.847951 Loss2: 0.000021 
| Global Round : 6 | Client :8 | Local Epoch : 0 | [704/714 (100%)]	Loss1: 5.846452 Loss2: 0.000022 
| Global Round : 6 | Client :8 | Local Epoch : 1 | [64/714 (9%)]	Loss1: 5.850461 Loss2: 0.000026 
| Global Round : 6 | Client :8 | Local Epoch : 1 | [704/714 (100%)]	Loss1: 5.847785 Loss2: 0.000029 
| Global Round : 6 | Client :8 | Local Epoch : 2 | [64/714 (9%)]	Loss1: 5.846986 Loss2: 0.000024 
| Global Round : 6 | Client :8 | Local Epoch : 2 | [704/714 (100%)]	Loss1: 5.845684 Loss2: 0.000025 
| Global Round : 6 | Client :8 | Local Epoch : 3 | [64/714 (9%)]	Loss1: 5.845363 Loss2: 0.000021 
| Global Round : 6 | Client :8 | Local Epoch : 3 | [704/714 (100%)]	Loss1: 5.846490 Loss2: 0.000024 
| Global Round : 6 | Client :8 | Local Epoch : 4 | [64/714 (9%)]	Loss1: 5.847207 Loss2: 0.000025 
| Global Round : 6 | Client :8 | Local Epoch : 4 | [704/714 (100%)]	Loss1: 5.846019 Loss2: 0.000021 
| Global Round : 6 | Client :9 | Local Epoch : 0 | [64/607 (11%)]	Loss1: 5.848295 Loss2: 0.000018 
| Global Round : 6 | Client :9 | Local Epoch : 1 | [64/607 (11%)]	Loss1: 5.847888 Loss2: 0.000016 
| Global Round : 6 | Client :9 | Local Epoch : 2 | [64/607 (11%)]	Loss1: 5.847276 Loss2: 0.000015 
| Global Round : 6 | Client :9 | Local Epoch : 3 | [64/607 (11%)]	Loss1: 5.847518 Loss2: 0.000016 
| Global Round : 6 | Client :9 | Local Epoch : 4 | [64/607 (11%)]	Loss1: 5.846593 Loss2: 0.000016 
average loss:   5.842877976409285
average local test accuracy: 0.8013020833333332
average global test accuracy:  0.606640625

 | Global Training Round : 7 |

xi_k [0.47629029 0.53345484 0.53371305 0.49555177 0.49164284 0.50816866
 0.51162621 0.49679771 0.5261551  0.50644689]
max_exp: -1.0
coe: 10
Regulation [0.8 0.8 0.8 0.8 0.8 0.8 0.8 0.8 0.8 0.8]
Solver status: optimal_inaccurate
b_new: [1. 1. 1. 1. 1. 1. 1. 1. 1. 1.]
Iter 0: obj=50.3985, best_obj=50.3985, ||b_new-b_prev||₂=2.846050
xi_k [0.47629029 0.53345484 0.53371305 0.49555177 0.49164284 0.50816866
 0.51162621 0.49679771 0.5261551  0.50644689]
max_exp: -1.0
coe: 10
Regulation [-1. -1. -1. -1. -1. -1. -1. -1. -1. -1.]
Solver status: optimal_inaccurate
b_new: [1. 1. 1. 1. 1. 1. 1. 1. 1. 1.]
Iter 1: obj=51.2985, best_obj=51.2985, ||b_new-b_prev||₂=0.000000
Converged.
Final b: [1. 1. 1. 1. 1. 1. 1. 1. 1. 1.]
<class 'numpy.ndarray'>
b_float: [1. 1. 1. 1. 1. 1. 1. 1. 1. 1.]
b: [1 1 1 1 1 1 1 1 1 1]
active_clients:  [0, 1, 2, 3, 4, 5, 6, 7, 8, 9]
Client 0's s_k are:[0 1 1 1 1 1 1 1 1 1]
Client 1's s_k are:[1 0 1 1 1 1 1 1 1 1]
Client 2's s_k are:[1 1 0 1 1 1 1 1 1 1]
Client 3's s_k are:[1 1 1 0 1 1 1 1 1 1]
Client 4's s_k are:[1 1 1 1 0 1 1 1 1 1]
Client 5's s_k are:[1 1 1 1 1 0 1 1 1 1]
Client 6's s_k are:[1 1 1 1 1 1 0 1 1 1]
Client 7's s_k are:[1 1 1 1 1 1 1 0 1 1]
Client 8's s_k are:[1 1 1 1 1 1 1 1 0 1]
Client 9's s_k are:[1 1 1 1 1 1 1 1 1 0]
| Global Round : 7 | Client :0 | Local Epoch : 0 | [64/573 (12%)]	Loss1: 5.842505 Loss2: 0.000032 
| Global Round : 7 | Client :0 | Local Epoch : 1 | [64/573 (12%)]	Loss1: 5.842739 Loss2: 0.000028 
| Global Round : 7 | Client :0 | Local Epoch : 2 | [64/573 (12%)]	Loss1: 5.842781 Loss2: 0.000028 
| Global Round : 7 | Client :0 | Local Epoch : 3 | [64/573 (12%)]	Loss1: 5.843708 Loss2: 0.000029 
| Global Round : 7 | Client :0 | Local Epoch : 4 | [64/573 (12%)]	Loss1: 5.841686 Loss2: 0.000032 
| Global Round : 7 | Client :1 | Local Epoch : 0 | [64/448 (14%)]	Loss1: 5.845257 Loss2: 0.000019 
| Global Round : 7 | Client :1 | Local Epoch : 1 | [64/448 (14%)]	Loss1: 5.845877 Loss2: 0.000019 
| Global Round : 7 | Client :1 | Local Epoch : 2 | [64/448 (14%)]	Loss1: 5.845150 Loss2: 0.000021 
| Global Round : 7 | Client :1 | Local Epoch : 3 | [64/448 (14%)]	Loss1: 5.845199 Loss2: 0.000019 
| Global Round : 7 | Client :1 | Local Epoch : 4 | [64/448 (14%)]	Loss1: 5.845545 Loss2: 0.000022 
| Global Round : 7 | Client :2 | Local Epoch : 0 | [64/448 (14%)]	Loss1: 5.847391 Loss2: 0.000018 
| Global Round : 7 | Client :2 | Local Epoch : 1 | [64/448 (14%)]	Loss1: 5.846364 Loss2: 0.000017 
| Global Round : 7 | Client :2 | Local Epoch : 2 | [64/448 (14%)]	Loss1: 5.846373 Loss2: 0.000015 
| Global Round : 7 | Client :2 | Local Epoch : 3 | [64/448 (14%)]	Loss1: 5.847798 Loss2: 0.000018 
| Global Round : 7 | Client :2 | Local Epoch : 4 | [64/448 (14%)]	Loss1: 5.845586 Loss2: 0.000013 
| Global Round : 7 | Client :3 | Local Epoch : 0 | [64/620 (11%)]	Loss1: 5.845548 Loss2: 0.000018 
| Global Round : 7 | Client :3 | Local Epoch : 1 | [64/620 (11%)]	Loss1: 5.846367 Loss2: 0.000017 
| Global Round : 7 | Client :3 | Local Epoch : 2 | [64/620 (11%)]	Loss1: 5.845367 Loss2: 0.000022 
| Global Round : 7 | Client :3 | Local Epoch : 3 | [64/620 (11%)]	Loss1: 5.845795 Loss2: 0.000018 
| Global Round : 7 | Client :3 | Local Epoch : 4 | [64/620 (11%)]	Loss1: 5.844218 Loss2: 0.000017 
| Global Round : 7 | Client :4 | Local Epoch : 0 | [64/625 (11%)]	Loss1: 5.845069 Loss2: 0.000022 
| Global Round : 7 | Client :4 | Local Epoch : 1 | [64/625 (11%)]	Loss1: 5.844933 Loss2: 0.000025 
| Global Round : 7 | Client :4 | Local Epoch : 2 | [64/625 (11%)]	Loss1: 5.845300 Loss2: 0.000024 
| Global Round : 7 | Client :4 | Local Epoch : 3 | [64/625 (11%)]	Loss1: 5.842838 Loss2: 0.000027 
| Global Round : 7 | Client :4 | Local Epoch : 4 | [64/625 (11%)]	Loss1: 5.845177 Loss2: 0.000026 
| Global Round : 7 | Client :5 | Local Epoch : 0 | [64/604 (11%)]	Loss1: 5.843381 Loss2: 0.000022 
| Global Round : 7 | Client :5 | Local Epoch : 1 | [64/604 (11%)]	Loss1: 5.841851 Loss2: 0.000025 
| Global Round : 7 | Client :5 | Local Epoch : 2 | [64/604 (11%)]	Loss1: 5.842987 Loss2: 0.000024 
| Global Round : 7 | Client :5 | Local Epoch : 3 | [64/604 (11%)]	Loss1: 5.842552 Loss2: 0.000023 
| Global Round : 7 | Client :5 | Local Epoch : 4 | [64/604 (11%)]	Loss1: 5.841756 Loss2: 0.000022 
| Global Round : 7 | Client :6 | Local Epoch : 0 | [64/534 (12%)]	Loss1: 5.847375 Loss2: 0.000014 
| Global Round : 7 | Client :6 | Local Epoch : 1 | [64/534 (12%)]	Loss1: 5.844913 Loss2: 0.000012 
| Global Round : 7 | Client :6 | Local Epoch : 2 | [64/534 (12%)]	Loss1: 5.847958 Loss2: 0.000016 
| Global Round : 7 | Client :6 | Local Epoch : 3 | [64/534 (12%)]	Loss1: 5.846280 Loss2: 0.000011 
| Global Round : 7 | Client :6 | Local Epoch : 4 | [64/534 (12%)]	Loss1: 5.846477 Loss2: 0.000017 
| Global Round : 7 | Client :7 | Local Epoch : 0 | [64/824 (8%)]	Loss1: 5.843040 Loss2: 0.000033 
| Global Round : 7 | Client :7 | Local Epoch : 0 | [704/824 (92%)]	Loss1: 5.843732 Loss2: 0.000028 
| Global Round : 7 | Client :7 | Local Epoch : 1 | [64/824 (8%)]	Loss1: 5.842830 Loss2: 0.000030 
| Global Round : 7 | Client :7 | Local Epoch : 1 | [704/824 (92%)]	Loss1: 5.843544 Loss2: 0.000028 
| Global Round : 7 | Client :7 | Local Epoch : 2 | [64/824 (8%)]	Loss1: 5.843427 Loss2: 0.000032 
| Global Round : 7 | Client :7 | Local Epoch : 2 | [704/824 (92%)]	Loss1: 5.841900 Loss2: 0.000032 
| Global Round : 7 | Client :7 | Local Epoch : 3 | [64/824 (8%)]	Loss1: 5.841794 Loss2: 0.000031 
| Global Round : 7 | Client :7 | Local Epoch : 3 | [704/824 (92%)]	Loss1: 5.842845 Loss2: 0.000027 
| Global Round : 7 | Client :7 | Local Epoch : 4 | [64/824 (8%)]	Loss1: 5.842322 Loss2: 0.000029 
| Global Round : 7 | Client :7 | Local Epoch : 4 | [704/824 (92%)]	Loss1: 5.842871 Loss2: 0.000029 
| Global Round : 7 | Client :8 | Local Epoch : 0 | [64/714 (9%)]	Loss1: 5.847141 Loss2: 0.000021 
| Global Round : 7 | Client :8 | Local Epoch : 0 | [704/714 (100%)]	Loss1: 5.847240 Loss2: 0.000023 
| Global Round : 7 | Client :8 | Local Epoch : 1 | [64/714 (9%)]	Loss1: 5.847736 Loss2: 0.000022 
| Global Round : 7 | Client :8 | Local Epoch : 1 | [704/714 (100%)]	Loss1: 5.846619 Loss2: 0.000026 
| Global Round : 7 | Client :8 | Local Epoch : 2 | [64/714 (9%)]	Loss1: 5.845603 Loss2: 0.000027 
| Global Round : 7 | Client :8 | Local Epoch : 2 | [704/714 (100%)]	Loss1: 5.845865 Loss2: 0.000026 
| Global Round : 7 | Client :8 | Local Epoch : 3 | [64/714 (9%)]	Loss1: 5.847412 Loss2: 0.000021 
| Global Round : 7 | Client :8 | Local Epoch : 3 | [704/714 (100%)]	Loss1: 5.845460 Loss2: 0.000026 
| Global Round : 7 | Client :8 | Local Epoch : 4 | [64/714 (9%)]	Loss1: 5.846538 Loss2: 0.000023 
| Global Round : 7 | Client :8 | Local Epoch : 4 | [704/714 (100%)]	Loss1: 5.846868 Loss2: 0.000024 
| Global Round : 7 | Client :9 | Local Epoch : 0 | [64/607 (11%)]	Loss1: 5.846205 Loss2: 0.000018 
| Global Round : 7 | Client :9 | Local Epoch : 1 | [64/607 (11%)]	Loss1: 5.848068 Loss2: 0.000020 
| Global Round : 7 | Client :9 | Local Epoch : 2 | [64/607 (11%)]	Loss1: 5.847682 Loss2: 0.000015 
| Global Round : 7 | Client :9 | Local Epoch : 3 | [64/607 (11%)]	Loss1: 5.845918 Loss2: 0.000018 
| Global Round : 7 | Client :9 | Local Epoch : 4 | [64/607 (11%)]	Loss1: 5.846756 Loss2: 0.000019 
average loss:   5.842383180569433
average local test accuracy: 0.805078125
average global test accuracy:  0.554296875

 | Global Training Round : 8 |

xi_k [0.47623167 0.53332928 0.53350734 0.4954752  0.49153138 0.50811447
 0.51156655 0.49676976 0.52604583 0.50627655]
max_exp: -1.0
coe: 10
Regulation [0.8 0.8 0.8 0.8 0.8 0.8 0.8 0.8 0.8 0.8]
Solver status: optimal_inaccurate
b_new: [1. 1. 1. 1. 1. 1. 1. 1. 1. 1.]
Iter 0: obj=50.3885, best_obj=50.3885, ||b_new-b_prev||₂=2.846050
xi_k [0.47623167 0.53332928 0.53350734 0.4954752  0.49153138 0.50811447
 0.51156655 0.49676976 0.52604583 0.50627655]
max_exp: -1.0
coe: 10
Regulation [-1. -1. -1. -1. -1. -1. -1. -1. -1. -1.]
Solver status: optimal_inaccurate
b_new: [1. 1. 1. 1. 1. 1. 1. 1. 1. 1.]
Iter 1: obj=51.2885, best_obj=51.2885, ||b_new-b_prev||₂=0.000000
Converged.
Final b: [1. 1. 1. 1. 1. 1. 1. 1. 1. 1.]
<class 'numpy.ndarray'>
b_float: [1. 1. 1. 1. 1. 1. 1. 1. 1. 1.]
b: [1 1 1 1 1 1 1 1 1 1]
active_clients:  [0, 1, 2, 3, 4, 5, 6, 7, 8, 9]
Client 0's s_k are:[0 1 1 1 1 1 1 1 1 1]
Client 1's s_k are:[1 0 1 1 1 1 1 1 1 1]
Client 2's s_k are:[1 1 0 1 1 1 1 1 1 1]
Client 3's s_k are:[1 1 1 0 1 1 1 1 1 1]
Client 4's s_k are:[1 1 1 1 0 1 1 1 1 1]
Client 5's s_k are:[1 1 1 1 1 0 1 1 1 1]
Client 6's s_k are:[1 1 1 1 1 1 0 1 1 1]
Client 7's s_k are:[1 1 1 1 1 1 1 0 1 1]
Client 8's s_k are:[1 1 1 1 1 1 1 1 0 1]
Client 9's s_k are:[1 1 1 1 1 1 1 1 1 0]
| Global Round : 8 | Client :0 | Local Epoch : 0 | [64/573 (12%)]	Loss1: 5.841062 Loss2: 0.000031 
| Global Round : 8 | Client :0 | Local Epoch : 1 | [64/573 (12%)]	Loss1: 5.843160 Loss2: 0.000027 
| Global Round : 8 | Client :0 | Local Epoch : 2 | [64/573 (12%)]	Loss1: 5.842313 Loss2: 0.000028 
| Global Round : 8 | Client :0 | Local Epoch : 3 | [64/573 (12%)]	Loss1: 5.841445 Loss2: 0.000029 
| Global Round : 8 | Client :0 | Local Epoch : 4 | [64/573 (12%)]	Loss1: 5.842898 Loss2: 0.000029 
| Global Round : 8 | Client :1 | Local Epoch : 0 | [64/448 (14%)]	Loss1: 5.844680 Loss2: 0.000018 
| Global Round : 8 | Client :1 | Local Epoch : 1 | [64/448 (14%)]	Loss1: 5.845615 Loss2: 0.000020 
| Global Round : 8 | Client :1 | Local Epoch : 2 | [64/448 (14%)]	Loss1: 5.846446 Loss2: 0.000020 
| Global Round : 8 | Client :1 | Local Epoch : 3 | [64/448 (14%)]	Loss1: 5.844934 Loss2: 0.000020 
| Global Round : 8 | Client :1 | Local Epoch : 4 | [64/448 (14%)]	Loss1: 5.844096 Loss2: 0.000021 
| Global Round : 8 | Client :2 | Local Epoch : 0 | [64/448 (14%)]	Loss1: 5.846926 Loss2: 0.000016 
| Global Round : 8 | Client :2 | Local Epoch : 1 | [64/448 (14%)]	Loss1: 5.845791 Loss2: 0.000015 
| Global Round : 8 | Client :2 | Local Epoch : 2 | [64/448 (14%)]	Loss1: 5.847047 Loss2: 0.000015 
| Global Round : 8 | Client :2 | Local Epoch : 3 | [64/448 (14%)]	Loss1: 5.846300 Loss2: 0.000016 
| Global Round : 8 | Client :2 | Local Epoch : 4 | [64/448 (14%)]	Loss1: 5.847023 Loss2: 0.000015 
| Global Round : 8 | Client :3 | Local Epoch : 0 | [64/620 (11%)]	Loss1: 5.844045 Loss2: 0.000020 
| Global Round : 8 | Client :3 | Local Epoch : 1 | [64/620 (11%)]	Loss1: 5.842690 Loss2: 0.000019 
| Global Round : 8 | Client :3 | Local Epoch : 2 | [64/620 (11%)]	Loss1: 5.844358 Loss2: 0.000017 
| Global Round : 8 | Client :3 | Local Epoch : 3 | [64/620 (11%)]	Loss1: 5.844902 Loss2: 0.000022 
| Global Round : 8 | Client :3 | Local Epoch : 4 | [64/620 (11%)]	Loss1: 5.844219 Loss2: 0.000014 
| Global Round : 8 | Client :4 | Local Epoch : 0 | [64/625 (11%)]	Loss1: 5.845787 Loss2: 0.000026 
| Global Round : 8 | Client :4 | Local Epoch : 1 | [64/625 (11%)]	Loss1: 5.843927 Loss2: 0.000018 
| Global Round : 8 | Client :4 | Local Epoch : 2 | [64/625 (11%)]	Loss1: 5.846076 Loss2: 0.000027 
| Global Round : 8 | Client :4 | Local Epoch : 3 | [64/625 (11%)]	Loss1: 5.845840 Loss2: 0.000031 
| Global Round : 8 | Client :4 | Local Epoch : 4 | [64/625 (11%)]	Loss1: 5.845757 Loss2: 0.000027 
| Global Round : 8 | Client :5 | Local Epoch : 0 | [64/604 (11%)]	Loss1: 5.842706 Loss2: 0.000024 
| Global Round : 8 | Client :5 | Local Epoch : 1 | [64/604 (11%)]	Loss1: 5.842354 Loss2: 0.000026 
| Global Round : 8 | Client :5 | Local Epoch : 2 | [64/604 (11%)]	Loss1: 5.841807 Loss2: 0.000023 
| Global Round : 8 | Client :5 | Local Epoch : 3 | [64/604 (11%)]	Loss1: 5.842092 Loss2: 0.000023 
| Global Round : 8 | Client :5 | Local Epoch : 4 | [64/604 (11%)]	Loss1: 5.841648 Loss2: 0.000025 
| Global Round : 8 | Client :6 | Local Epoch : 0 | [64/534 (12%)]	Loss1: 5.845016 Loss2: 0.000013 
| Global Round : 8 | Client :6 | Local Epoch : 1 | [64/534 (12%)]	Loss1: 5.847101 Loss2: 0.000015 
| Global Round : 8 | Client :6 | Local Epoch : 2 | [64/534 (12%)]	Loss1: 5.845048 Loss2: 0.000017 
| Global Round : 8 | Client :6 | Local Epoch : 3 | [64/534 (12%)]	Loss1: 5.846247 Loss2: 0.000013 
| Global Round : 8 | Client :6 | Local Epoch : 4 | [64/534 (12%)]	Loss1: 5.845064 Loss2: 0.000011 
| Global Round : 8 | Client :7 | Local Epoch : 0 | [64/824 (8%)]	Loss1: 5.841291 Loss2: 0.000033 
| Global Round : 8 | Client :7 | Local Epoch : 0 | [704/824 (92%)]	Loss1: 5.841676 Loss2: 0.000027 
| Global Round : 8 | Client :7 | Local Epoch : 1 | [64/824 (8%)]	Loss1: 5.843022 Loss2: 0.000028 
| Global Round : 8 | Client :7 | Local Epoch : 1 | [704/824 (92%)]	Loss1: 5.843021 Loss2: 0.000030 
| Global Round : 8 | Client :7 | Local Epoch : 2 | [64/824 (8%)]	Loss1: 5.843273 Loss2: 0.000030 
| Global Round : 8 | Client :7 | Local Epoch : 2 | [704/824 (92%)]	Loss1: 5.840991 Loss2: 0.000023 
| Global Round : 8 | Client :7 | Local Epoch : 3 | [64/824 (8%)]	Loss1: 5.841261 Loss2: 0.000032 
| Global Round : 8 | Client :7 | Local Epoch : 3 | [704/824 (92%)]	Loss1: 5.841274 Loss2: 0.000027 
| Global Round : 8 | Client :7 | Local Epoch : 4 | [64/824 (8%)]	Loss1: 5.842355 Loss2: 0.000030 
| Global Round : 8 | Client :7 | Local Epoch : 4 | [704/824 (92%)]	Loss1: 5.841936 Loss2: 0.000027 
| Global Round : 8 | Client :8 | Local Epoch : 0 | [64/714 (9%)]	Loss1: 5.843954 Loss2: 0.000019 
| Global Round : 8 | Client :8 | Local Epoch : 0 | [704/714 (100%)]	Loss1: 5.846509 Loss2: 0.000025 
| Global Round : 8 | Client :8 | Local Epoch : 1 | [64/714 (9%)]	Loss1: 5.846327 Loss2: 0.000021 
| Global Round : 8 | Client :8 | Local Epoch : 1 | [704/714 (100%)]	Loss1: 5.845366 Loss2: 0.000031 
| Global Round : 8 | Client :8 | Local Epoch : 2 | [64/714 (9%)]	Loss1: 5.846311 Loss2: 0.000026 
| Global Round : 8 | Client :8 | Local Epoch : 2 | [704/714 (100%)]	Loss1: 5.845168 Loss2: 0.000025 
| Global Round : 8 | Client :8 | Local Epoch : 3 | [64/714 (9%)]	Loss1: 5.843709 Loss2: 0.000022 
| Global Round : 8 | Client :8 | Local Epoch : 3 | [704/714 (100%)]	Loss1: 5.845589 Loss2: 0.000032 
| Global Round : 8 | Client :8 | Local Epoch : 4 | [64/714 (9%)]	Loss1: 5.845705 Loss2: 0.000024 
| Global Round : 8 | Client :8 | Local Epoch : 4 | [704/714 (100%)]	Loss1: 5.845839 Loss2: 0.000030 
| Global Round : 8 | Client :9 | Local Epoch : 0 | [64/607 (11%)]	Loss1: 5.846738 Loss2: 0.000017 
| Global Round : 8 | Client :9 | Local Epoch : 1 | [64/607 (11%)]	Loss1: 5.846420 Loss2: 0.000016 
| Global Round : 8 | Client :9 | Local Epoch : 2 | [64/607 (11%)]	Loss1: 5.845856 Loss2: 0.000017 
| Global Round : 8 | Client :9 | Local Epoch : 3 | [64/607 (11%)]	Loss1: 5.846370 Loss2: 0.000017 
| Global Round : 8 | Client :9 | Local Epoch : 4 | [64/607 (11%)]	Loss1: 5.845449 Loss2: 0.000018 
average loss:   5.841887789938873
average local test accuracy: 0.8145833333333332
average global test accuracy:  0.63203125

 | Global Training Round : 9 |

xi_k [0.4761519  0.53331138 0.533429   0.4953257  0.4914517  0.50811211
 0.51144051 0.49670907 0.52581029 0.50618376]
max_exp: -1.0
coe: 10
Regulation [0.8 0.8 0.8 0.8 0.8 0.8 0.8 0.8 0.8 0.8]
Solver status: optimal_inaccurate
b_new: [1. 1. 1. 1. 1. 1. 1. 1. 1. 1.]
Iter 0: obj=50.3793, best_obj=50.3793, ||b_new-b_prev||₂=2.846050
xi_k [0.4761519  0.53331138 0.533429   0.4953257  0.4914517  0.50811211
 0.51144051 0.49670907 0.52581029 0.50618376]
max_exp: -1.0
coe: 10
Regulation [-1. -1. -1. -1. -1. -1. -1. -1. -1. -1.]
Solver status: optimal_inaccurate
b_new: [1. 1. 1. 1. 1. 1. 1. 1. 1. 1.]
Iter 1: obj=51.2793, best_obj=51.2793, ||b_new-b_prev||₂=0.000000
Converged.
Final b: [1. 1. 1. 1. 1. 1. 1. 1. 1. 1.]
<class 'numpy.ndarray'>
b_float: [1. 1. 1. 1. 1. 1. 1. 1. 1. 1.]
b: [1 1 1 1 1 1 1 1 1 1]
active_clients:  [0, 1, 2, 3, 4, 5, 6, 7, 8, 9]
Client 0's s_k are:[0 1 1 1 1 1 1 1 1 1]
Client 1's s_k are:[1 0 1 1 1 1 1 1 1 1]
Client 2's s_k are:[1 1 0 1 1 1 1 1 1 1]
Client 3's s_k are:[1 1 1 0 1 1 1 1 1 1]
Client 4's s_k are:[1 1 1 1 0 1 1 1 1 1]
Client 5's s_k are:[1 1 1 1 1 0 1 1 1 1]
Client 6's s_k are:[1 1 1 1 1 1 0 1 1 1]
Client 7's s_k are:[1 1 1 1 1 1 1 0 1 1]
Client 8's s_k are:[1 1 1 1 1 1 1 1 0 1]
Client 9's s_k are:[1 1 1 1 1 1 1 1 1 0]
| Global Round : 9 | Client :0 | Local Epoch : 0 | [64/573 (12%)]	Loss1: 5.842794 Loss2: 0.000032 
| Global Round : 9 | Client :0 | Local Epoch : 1 | [64/573 (12%)]	Loss1: 5.841908 Loss2: 0.000031 
| Global Round : 9 | Client :0 | Local Epoch : 2 | [64/573 (12%)]	Loss1: 5.842384 Loss2: 0.000033 
| Global Round : 9 | Client :0 | Local Epoch : 3 | [64/573 (12%)]	Loss1: 5.843081 Loss2: 0.000027 
| Global Round : 9 | Client :0 | Local Epoch : 4 | [64/573 (12%)]	Loss1: 5.842422 Loss2: 0.000029 
| Global Round : 9 | Client :1 | Local Epoch : 0 | [64/448 (14%)]	Loss1: 5.844849 Loss2: 0.000019 
| Global Round : 9 | Client :1 | Local Epoch : 1 | [64/448 (14%)]	Loss1: 5.844591 Loss2: 0.000018 
| Global Round : 9 | Client :1 | Local Epoch : 2 | [64/448 (14%)]	Loss1: 5.843908 Loss2: 0.000017 
| Global Round : 9 | Client :1 | Local Epoch : 3 | [64/448 (14%)]	Loss1: 5.846353 Loss2: 0.000020 
| Global Round : 9 | Client :1 | Local Epoch : 4 | [64/448 (14%)]	Loss1: 5.844222 Loss2: 0.000019 
| Global Round : 9 | Client :2 | Local Epoch : 0 | [64/448 (14%)]	Loss1: 5.845665 Loss2: 0.000015 
| Global Round : 9 | Client :2 | Local Epoch : 1 | [64/448 (14%)]	Loss1: 5.846460 Loss2: 0.000019 
| Global Round : 9 | Client :2 | Local Epoch : 2 | [64/448 (14%)]	Loss1: 5.845535 Loss2: 0.000014 
| Global Round : 9 | Client :2 | Local Epoch : 3 | [64/448 (14%)]	Loss1: 5.845757 Loss2: 0.000016 
| Global Round : 9 | Client :2 | Local Epoch : 4 | [64/448 (14%)]	Loss1: 5.843568 Loss2: 0.000014 
| Global Round : 9 | Client :3 | Local Epoch : 0 | [64/620 (11%)]	Loss1: 5.845470 Loss2: 0.000019 
| Global Round : 9 | Client :3 | Local Epoch : 1 | [64/620 (11%)]	Loss1: 5.843637 Loss2: 0.000020 
| Global Round : 9 | Client :3 | Local Epoch : 2 | [64/620 (11%)]	Loss1: 5.843297 Loss2: 0.000017 
| Global Round : 9 | Client :3 | Local Epoch : 3 | [64/620 (11%)]	Loss1: 5.843562 Loss2: 0.000021 
| Global Round : 9 | Client :3 | Local Epoch : 4 | [64/620 (11%)]	Loss1: 5.843997 Loss2: 0.000017 
| Global Round : 9 | Client :4 | Local Epoch : 0 | [64/625 (11%)]	Loss1: 5.843995 Loss2: 0.000028 
| Global Round : 9 | Client :4 | Local Epoch : 1 | [64/625 (11%)]	Loss1: 5.844190 Loss2: 0.000029 
| Global Round : 9 | Client :4 | Local Epoch : 2 | [64/625 (11%)]	Loss1: 5.842769 Loss2: 0.000022 
| Global Round : 9 | Client :4 | Local Epoch : 3 | [64/625 (11%)]	Loss1: 5.845739 Loss2: 0.000029 
| Global Round : 9 | Client :4 | Local Epoch : 4 | [64/625 (11%)]	Loss1: 5.845211 Loss2: 0.000028 
| Global Round : 9 | Client :5 | Local Epoch : 0 | [64/604 (11%)]	Loss1: 5.842482 Loss2: 0.000021 
| Global Round : 9 | Client :5 | Local Epoch : 1 | [64/604 (11%)]	Loss1: 5.840270 Loss2: 0.000023 
| Global Round : 9 | Client :5 | Local Epoch : 2 | [64/604 (11%)]	Loss1: 5.839971 Loss2: 0.000024 
| Global Round : 9 | Client :5 | Local Epoch : 3 | [64/604 (11%)]	Loss1: 5.841320 Loss2: 0.000027 
| Global Round : 9 | Client :5 | Local Epoch : 4 | [64/604 (11%)]	Loss1: 5.841589 Loss2: 0.000023 
| Global Round : 9 | Client :6 | Local Epoch : 0 | [64/534 (12%)]	Loss1: 5.845527 Loss2: 0.000014 
| Global Round : 9 | Client :6 | Local Epoch : 1 | [64/534 (12%)]	Loss1: 5.847035 Loss2: 0.000012 
| Global Round : 9 | Client :6 | Local Epoch : 2 | [64/534 (12%)]	Loss1: 5.842355 Loss2: 0.000013 
| Global Round : 9 | Client :6 | Local Epoch : 3 | [64/534 (12%)]	Loss1: 5.845053 Loss2: 0.000012 
| Global Round : 9 | Client :6 | Local Epoch : 4 | [64/534 (12%)]	Loss1: 5.845692 Loss2: 0.000015 
| Global Round : 9 | Client :7 | Local Epoch : 0 | [64/824 (8%)]	Loss1: 5.840891 Loss2: 0.000032 
| Global Round : 9 | Client :7 | Local Epoch : 0 | [704/824 (92%)]	Loss1: 5.841652 Loss2: 0.000029 
| Global Round : 9 | Client :7 | Local Epoch : 1 | [64/824 (8%)]	Loss1: 5.841499 Loss2: 0.000027 
| Global Round : 9 | Client :7 | Local Epoch : 1 | [704/824 (92%)]	Loss1: 5.842264 Loss2: 0.000026 
| Global Round : 9 | Client :7 | Local Epoch : 2 | [64/824 (8%)]	Loss1: 5.842351 Loss2: 0.000032 
| Global Round : 9 | Client :7 | Local Epoch : 2 | [704/824 (92%)]	Loss1: 5.843552 Loss2: 0.000029 
| Global Round : 9 | Client :7 | Local Epoch : 3 | [64/824 (8%)]	Loss1: 5.842829 Loss2: 0.000026 
| Global Round : 9 | Client :7 | Local Epoch : 3 | [704/824 (92%)]	Loss1: 5.843780 Loss2: 0.000028 
| Global Round : 9 | Client :7 | Local Epoch : 4 | [64/824 (8%)]	Loss1: 5.841484 Loss2: 0.000029 
| Global Round : 9 | Client :7 | Local Epoch : 4 | [704/824 (92%)]	Loss1: 5.842654 Loss2: 0.000028 
| Global Round : 9 | Client :8 | Local Epoch : 0 | [64/714 (9%)]	Loss1: 5.845212 Loss2: 0.000027 
| Global Round : 9 | Client :8 | Local Epoch : 0 | [704/714 (100%)]	Loss1: 5.845853 Loss2: 0.000028 
| Global Round : 9 | Client :8 | Local Epoch : 1 | [64/714 (9%)]	Loss1: 5.845016 Loss2: 0.000025 
| Global Round : 9 | Client :8 | Local Epoch : 1 | [704/714 (100%)]	Loss1: 5.844765 Loss2: 0.000025 
| Global Round : 9 | Client :8 | Local Epoch : 2 | [64/714 (9%)]	Loss1: 5.844128 Loss2: 0.000024 
| Global Round : 9 | Client :8 | Local Epoch : 2 | [704/714 (100%)]	Loss1: 5.845318 Loss2: 0.000027 
| Global Round : 9 | Client :8 | Local Epoch : 3 | [64/714 (9%)]	Loss1: 5.845357 Loss2: 0.000025 
| Global Round : 9 | Client :8 | Local Epoch : 3 | [704/714 (100%)]	Loss1: 5.845815 Loss2: 0.000028 
| Global Round : 9 | Client :8 | Local Epoch : 4 | [64/714 (9%)]	Loss1: 5.845143 Loss2: 0.000023 
| Global Round : 9 | Client :8 | Local Epoch : 4 | [704/714 (100%)]	Loss1: 5.844932 Loss2: 0.000025 
| Global Round : 9 | Client :9 | Local Epoch : 0 | [64/607 (11%)]	Loss1: 5.845100 Loss2: 0.000019 
| Global Round : 9 | Client :9 | Local Epoch : 1 | [64/607 (11%)]	Loss1: 5.845479 Loss2: 0.000021 
| Global Round : 9 | Client :9 | Local Epoch : 2 | [64/607 (11%)]	Loss1: 5.845278 Loss2: 0.000016 
| Global Round : 9 | Client :9 | Local Epoch : 3 | [64/607 (11%)]	Loss1: 5.845727 Loss2: 0.000018 
| Global Round : 9 | Client :9 | Local Epoch : 4 | [64/607 (11%)]	Loss1: 5.847520 Loss2: 0.000018 
average loss:   5.841496745839952
average local test accuracy: 0.8225260416666667
average global test accuracy:  0.55546875

 | Global Training Round : 10 |

xi_k [0.47615493 0.53313651 0.53325955 0.49527192 0.49140822 0.50803414
 0.5113581  0.49667119 0.5257637  0.50607877]
max_exp: -1.0
coe: 10
Regulation [0.8 0.8 0.8 0.8 0.8 0.8 0.8 0.8 0.8 0.8]
Solver status: optimal_inaccurate
b_new: [1. 1. 1. 1. 1. 1. 1. 1. 1. 1.]
Iter 0: obj=50.3714, best_obj=50.3714, ||b_new-b_prev||₂=2.846050
xi_k [0.47615493 0.53313651 0.53325955 0.49527192 0.49140822 0.50803414
 0.5113581  0.49667119 0.5257637  0.50607877]
max_exp: -1.0
coe: 10
Regulation [-1. -1. -1. -1. -1. -1. -1. -1. -1. -1.]
Solver status: optimal_inaccurate
b_new: [1. 1. 1. 1. 1. 1. 1. 1. 1. 1.]
Iter 1: obj=51.2714, best_obj=51.2714, ||b_new-b_prev||₂=0.000000
Converged.
Final b: [1. 1. 1. 1. 1. 1. 1. 1. 1. 1.]
<class 'numpy.ndarray'>
b_float: [1. 1. 1. 1. 1. 1. 1. 1. 1. 1.]
b: [1 1 1 1 1 1 1 1 1 1]
active_clients:  [0, 1, 2, 3, 4, 5, 6, 7, 8, 9]
Client 0's s_k are:[0 1 1 1 1 1 1 1 1 1]
Client 1's s_k are:[1 0 1 1 1 1 1 1 1 1]
Client 2's s_k are:[1 1 0 1 1 1 1 1 1 1]
Client 3's s_k are:[1 1 1 0 1 1 1 1 1 1]
Client 4's s_k are:[1 1 1 1 0 1 1 1 1 1]
Client 5's s_k are:[1 1 1 1 1 0 1 1 1 1]
Client 6's s_k are:[1 1 1 1 1 1 0 1 1 1]
Client 7's s_k are:[1 1 1 1 1 1 1 0 1 1]
Client 8's s_k are:[1 1 1 1 1 1 1 1 0 1]
Client 9's s_k are:[1 1 1 1 1 1 1 1 1 0]
| Global Round : 10 | Client :0 | Local Epoch : 0 | [64/573 (12%)]	Loss1: 5.841524 Loss2: 0.000028 
| Global Round : 10 | Client :0 | Local Epoch : 1 | [64/573 (12%)]	Loss1: 5.841775 Loss2: 0.000027 
| Global Round : 10 | Client :0 | Local Epoch : 2 | [64/573 (12%)]	Loss1: 5.841576 Loss2: 0.000032 
| Global Round : 10 | Client :0 | Local Epoch : 3 | [64/573 (12%)]	Loss1: 5.840415 Loss2: 0.000032 
| Global Round : 10 | Client :0 | Local Epoch : 4 | [64/573 (12%)]	Loss1: 5.840715 Loss2: 0.000032 
| Global Round : 10 | Client :1 | Local Epoch : 0 | [64/448 (14%)]	Loss1: 5.843753 Loss2: 0.000021 
| Global Round : 10 | Client :1 | Local Epoch : 1 | [64/448 (14%)]	Loss1: 5.845196 Loss2: 0.000019 
| Global Round : 10 | Client :1 | Local Epoch : 2 | [64/448 (14%)]	Loss1: 5.843674 Loss2: 0.000023 
| Global Round : 10 | Client :1 | Local Epoch : 3 | [64/448 (14%)]	Loss1: 5.843655 Loss2: 0.000018 
| Global Round : 10 | Client :1 | Local Epoch : 4 | [64/448 (14%)]	Loss1: 5.843642 Loss2: 0.000018 
| Global Round : 10 | Client :2 | Local Epoch : 0 | [64/448 (14%)]	Loss1: 5.845781 Loss2: 0.000018 
| Global Round : 10 | Client :2 | Local Epoch : 1 | [64/448 (14%)]	Loss1: 5.845576 Loss2: 0.000016 
| Global Round : 10 | Client :2 | Local Epoch : 2 | [64/448 (14%)]	Loss1: 5.844602 Loss2: 0.000015 
| Global Round : 10 | Client :2 | Local Epoch : 3 | [64/448 (14%)]	Loss1: 5.845907 Loss2: 0.000017 
| Global Round : 10 | Client :2 | Local Epoch : 4 | [64/448 (14%)]	Loss1: 5.845027 Loss2: 0.000017 
| Global Round : 10 | Client :3 | Local Epoch : 0 | [64/620 (11%)]	Loss1: 5.841899 Loss2: 0.000021 
| Global Round : 10 | Client :3 | Local Epoch : 1 | [64/620 (11%)]	Loss1: 5.843103 Loss2: 0.000021 
| Global Round : 10 | Client :3 | Local Epoch : 2 | [64/620 (11%)]	Loss1: 5.843706 Loss2: 0.000018 
| Global Round : 10 | Client :3 | Local Epoch : 3 | [64/620 (11%)]	Loss1: 5.843675 Loss2: 0.000019 
| Global Round : 10 | Client :3 | Local Epoch : 4 | [64/620 (11%)]	Loss1: 5.842988 Loss2: 0.000020 
| Global Round : 10 | Client :4 | Local Epoch : 0 | [64/625 (11%)]	Loss1: 5.844181 Loss2: 0.000025 
| Global Round : 10 | Client :4 | Local Epoch : 1 | [64/625 (11%)]	Loss1: 5.844446 Loss2: 0.000024 
| Global Round : 10 | Client :4 | Local Epoch : 2 | [64/625 (11%)]	Loss1: 5.844123 Loss2: 0.000027 
| Global Round : 10 | Client :4 | Local Epoch : 3 | [64/625 (11%)]	Loss1: 5.843995 Loss2: 0.000026 
| Global Round : 10 | Client :4 | Local Epoch : 4 | [64/625 (11%)]	Loss1: 5.844331 Loss2: 0.000023 
| Global Round : 10 | Client :5 | Local Epoch : 0 | [64/604 (11%)]	Loss1: 5.841686 Loss2: 0.000019 
| Global Round : 10 | Client :5 | Local Epoch : 1 | [64/604 (11%)]	Loss1: 5.840690 Loss2: 0.000024 
| Global Round : 10 | Client :5 | Local Epoch : 2 | [64/604 (11%)]	Loss1: 5.840534 Loss2: 0.000024 
| Global Round : 10 | Client :5 | Local Epoch : 3 | [64/604 (11%)]	Loss1: 5.841409 Loss2: 0.000024 
| Global Round : 10 | Client :5 | Local Epoch : 4 | [64/604 (11%)]	Loss1: 5.840705 Loss2: 0.000024 
| Global Round : 10 | Client :6 | Local Epoch : 0 | [64/534 (12%)]	Loss1: 5.843841 Loss2: 0.000015 
| Global Round : 10 | Client :6 | Local Epoch : 1 | [64/534 (12%)]	Loss1: 5.845163 Loss2: 0.000014 
| Global Round : 10 | Client :6 | Local Epoch : 2 | [64/534 (12%)]	Loss1: 5.845573 Loss2: 0.000013 
| Global Round : 10 | Client :6 | Local Epoch : 3 | [64/534 (12%)]	Loss1: 5.844576 Loss2: 0.000014 
| Global Round : 10 | Client :6 | Local Epoch : 4 | [64/534 (12%)]	Loss1: 5.845356 Loss2: 0.000014 
| Global Round : 10 | Client :7 | Local Epoch : 0 | [64/824 (8%)]	Loss1: 5.842268 Loss2: 0.000031 
| Global Round : 10 | Client :7 | Local Epoch : 0 | [704/824 (92%)]	Loss1: 5.842208 Loss2: 0.000027 
| Global Round : 10 | Client :7 | Local Epoch : 1 | [64/824 (8%)]	Loss1: 5.842056 Loss2: 0.000031 
| Global Round : 10 | Client :7 | Local Epoch : 1 | [704/824 (92%)]	Loss1: 5.844398 Loss2: 0.000024 
| Global Round : 10 | Client :7 | Local Epoch : 2 | [64/824 (8%)]	Loss1: 5.841033 Loss2: 0.000026 
| Global Round : 10 | Client :7 | Local Epoch : 2 | [704/824 (92%)]	Loss1: 5.841763 Loss2: 0.000033 
| Global Round : 10 | Client :7 | Local Epoch : 3 | [64/824 (8%)]	Loss1: 5.841030 Loss2: 0.000029 
| Global Round : 10 | Client :7 | Local Epoch : 3 | [704/824 (92%)]	Loss1: 5.842422 Loss2: 0.000026 
| Global Round : 10 | Client :7 | Local Epoch : 4 | [64/824 (8%)]	Loss1: 5.841129 Loss2: 0.000028 
| Global Round : 10 | Client :7 | Local Epoch : 4 | [704/824 (92%)]	Loss1: 5.842678 Loss2: 0.000024 
| Global Round : 10 | Client :8 | Local Epoch : 0 | [64/714 (9%)]	Loss1: 5.843442 Loss2: 0.000024 
| Global Round : 10 | Client :8 | Local Epoch : 0 | [704/714 (100%)]	Loss1: 5.843903 Loss2: 0.000032 
| Global Round : 10 | Client :8 | Local Epoch : 1 | [64/714 (9%)]	Loss1: 5.845006 Loss2: 0.000032 
| Global Round : 10 | Client :8 | Local Epoch : 1 | [704/714 (100%)]	Loss1: 5.842624 Loss2: 0.000025 
| Global Round : 10 | Client :8 | Local Epoch : 2 | [64/714 (9%)]	Loss1: 5.845446 Loss2: 0.000025 
| Global Round : 10 | Client :8 | Local Epoch : 2 | [704/714 (100%)]	Loss1: 5.844783 Loss2: 0.000028 
| Global Round : 10 | Client :8 | Local Epoch : 3 | [64/714 (9%)]	Loss1: 5.842998 Loss2: 0.000022 
| Global Round : 10 | Client :8 | Local Epoch : 3 | [704/714 (100%)]	Loss1: 5.845760 Loss2: 0.000030 
| Global Round : 10 | Client :8 | Local Epoch : 4 | [64/714 (9%)]	Loss1: 5.843695 Loss2: 0.000024 
| Global Round : 10 | Client :8 | Local Epoch : 4 | [704/714 (100%)]	Loss1: 5.842501 Loss2: 0.000029 
| Global Round : 10 | Client :9 | Local Epoch : 0 | [64/607 (11%)]	Loss1: 5.844261 Loss2: 0.000019 
| Global Round : 10 | Client :9 | Local Epoch : 1 | [64/607 (11%)]	Loss1: 5.845438 Loss2: 0.000018 
| Global Round : 10 | Client :9 | Local Epoch : 2 | [64/607 (11%)]	Loss1: 5.845875 Loss2: 0.000019 
| Global Round : 10 | Client :9 | Local Epoch : 3 | [64/607 (11%)]	Loss1: 5.844458 Loss2: 0.000017 
| Global Round : 10 | Client :9 | Local Epoch : 4 | [64/607 (11%)]	Loss1: 5.844096 Loss2: 0.000016 
average loss:   5.841171438078172
average local test accuracy: 0.8180989583333333
average global test accuracy:  0.546484375

 | Global Training Round : 11 |

xi_k [0.4761132  0.53308033 0.53313809 0.4952574  0.49137396 0.50797785
 0.51127419 0.49665256 0.52573382 0.50600399]
max_exp: -1.0
coe: 10
Regulation [0.8 0.8 0.8 0.8 0.8 0.8 0.8 0.8 0.8 0.8]
Solver status: optimal_inaccurate
b_new: [1. 1. 1. 1. 1. 1. 1. 1. 1. 1.]
Iter 0: obj=50.3661, best_obj=50.3661, ||b_new-b_prev||₂=2.846050
xi_k [0.4761132  0.53308033 0.53313809 0.4952574  0.49137396 0.50797785
 0.51127419 0.49665256 0.52573382 0.50600399]
max_exp: -1.0
coe: 10
Regulation [-1. -1. -1. -1. -1. -1. -1. -1. -1. -1.]
Solver status: optimal_inaccurate
b_new: [1. 1. 1. 1. 1. 1. 1. 1. 1. 1.]
Iter 1: obj=51.2661, best_obj=51.2661, ||b_new-b_prev||₂=0.000000
Converged.
Final b: [1. 1. 1. 1. 1. 1. 1. 1. 1. 1.]
<class 'numpy.ndarray'>
b_float: [1. 1. 1. 1. 1. 1. 1. 1. 1. 1.]
b: [1 1 1 1 1 1 1 1 1 1]
active_clients:  [0, 1, 2, 3, 4, 5, 6, 7, 8, 9]
Client 0's s_k are:[0 1 1 1 1 1 1 1 1 1]
Client 1's s_k are:[1 0 1 1 1 1 1 1 1 1]
Client 2's s_k are:[1 1 0 1 1 1 1 1 1 1]
Client 3's s_k are:[1 1 1 0 1 1 1 1 1 1]
Client 4's s_k are:[1 1 1 1 0 1 1 1 1 1]
Client 5's s_k are:[1 1 1 1 1 0 1 1 1 1]
Client 6's s_k are:[1 1 1 1 1 1 0 1 1 1]
Client 7's s_k are:[1 1 1 1 1 1 1 0 1 1]
Client 8's s_k are:[1 1 1 1 1 1 1 1 0 1]
Client 9's s_k are:[1 1 1 1 1 1 1 1 1 0]
| Global Round : 11 | Client :0 | Local Epoch : 0 | [64/573 (12%)]	Loss1: 5.840972 Loss2: 0.000024 
| Global Round : 11 | Client :0 | Local Epoch : 1 | [64/573 (12%)]	Loss1: 5.841837 Loss2: 0.000029 
| Global Round : 11 | Client :0 | Local Epoch : 2 | [64/573 (12%)]	Loss1: 5.840926 Loss2: 0.000031 
| Global Round : 11 | Client :0 | Local Epoch : 3 | [64/573 (12%)]	Loss1: 5.840463 Loss2: 0.000027 
| Global Round : 11 | Client :0 | Local Epoch : 4 | [64/573 (12%)]	Loss1: 5.842342 Loss2: 0.000028 
| Global Round : 11 | Client :1 | Local Epoch : 0 | [64/448 (14%)]	Loss1: 5.843431 Loss2: 0.000018 
| Global Round : 11 | Client :1 | Local Epoch : 1 | [64/448 (14%)]	Loss1: 5.844936 Loss2: 0.000019 
| Global Round : 11 | Client :1 | Local Epoch : 2 | [64/448 (14%)]	Loss1: 5.844123 Loss2: 0.000026 
| Global Round : 11 | Client :1 | Local Epoch : 3 | [64/448 (14%)]	Loss1: 5.844831 Loss2: 0.000020 
| Global Round : 11 | Client :1 | Local Epoch : 4 | [64/448 (14%)]	Loss1: 5.844295 Loss2: 0.000022 
| Global Round : 11 | Client :2 | Local Epoch : 0 | [64/448 (14%)]	Loss1: 5.843828 Loss2: 0.000016 
| Global Round : 11 | Client :2 | Local Epoch : 1 | [64/448 (14%)]	Loss1: 5.844235 Loss2: 0.000016 
| Global Round : 11 | Client :2 | Local Epoch : 2 | [64/448 (14%)]	Loss1: 5.844778 Loss2: 0.000016 
| Global Round : 11 | Client :2 | Local Epoch : 3 | [64/448 (14%)]	Loss1: 5.844516 Loss2: 0.000017 
| Global Round : 11 | Client :2 | Local Epoch : 4 | [64/448 (14%)]	Loss1: 5.843633 Loss2: 0.000014 
| Global Round : 11 | Client :3 | Local Epoch : 0 | [64/620 (11%)]	Loss1: 5.841670 Loss2: 0.000019 
| Global Round : 11 | Client :3 | Local Epoch : 1 | [64/620 (11%)]	Loss1: 5.842815 Loss2: 0.000016 
| Global Round : 11 | Client :3 | Local Epoch : 2 | [64/620 (11%)]	Loss1: 5.842690 Loss2: 0.000024 
| Global Round : 11 | Client :3 | Local Epoch : 3 | [64/620 (11%)]	Loss1: 5.843732 Loss2: 0.000019 
| Global Round : 11 | Client :3 | Local Epoch : 4 | [64/620 (11%)]	Loss1: 5.843475 Loss2: 0.000020 
| Global Round : 11 | Client :4 | Local Epoch : 0 | [64/625 (11%)]	Loss1: 5.844226 Loss2: 0.000027 
| Global Round : 11 | Client :4 | Local Epoch : 1 | [64/625 (11%)]	Loss1: 5.844431 Loss2: 0.000025 
| Global Round : 11 | Client :4 | Local Epoch : 2 | [64/625 (11%)]	Loss1: 5.843423 Loss2: 0.000029 
| Global Round : 11 | Client :4 | Local Epoch : 3 | [64/625 (11%)]	Loss1: 5.845372 Loss2: 0.000021 
| Global Round : 11 | Client :4 | Local Epoch : 4 | [64/625 (11%)]	Loss1: 5.842930 Loss2: 0.000025 
| Global Round : 11 | Client :5 | Local Epoch : 0 | [64/604 (11%)]	Loss1: 5.841500 Loss2: 0.000021 
| Global Round : 11 | Client :5 | Local Epoch : 1 | [64/604 (11%)]	Loss1: 5.840425 Loss2: 0.000022 
| Global Round : 11 | Client :5 | Local Epoch : 2 | [64/604 (11%)]	Loss1: 5.841106 Loss2: 0.000022 
| Global Round : 11 | Client :5 | Local Epoch : 3 | [64/604 (11%)]	Loss1: 5.841681 Loss2: 0.000023 
| Global Round : 11 | Client :5 | Local Epoch : 4 | [64/604 (11%)]	Loss1: 5.841802 Loss2: 0.000023 
| Global Round : 11 | Client :6 | Local Epoch : 0 | [64/534 (12%)]	Loss1: 5.844712 Loss2: 0.000012 
| Global Round : 11 | Client :6 | Local Epoch : 1 | [64/534 (12%)]	Loss1: 5.844593 Loss2: 0.000014 
| Global Round : 11 | Client :6 | Local Epoch : 2 | [64/534 (12%)]	Loss1: 5.845710 Loss2: 0.000010 
| Global Round : 11 | Client :6 | Local Epoch : 3 | [64/534 (12%)]	Loss1: 5.845994 Loss2: 0.000013 
| Global Round : 11 | Client :6 | Local Epoch : 4 | [64/534 (12%)]	Loss1: 5.844335 Loss2: 0.000013 
| Global Round : 11 | Client :7 | Local Epoch : 0 | [64/824 (8%)]	Loss1: 5.842216 Loss2: 0.000022 
| Global Round : 11 | Client :7 | Local Epoch : 0 | [704/824 (92%)]	Loss1: 5.840515 Loss2: 0.000026 
| Global Round : 11 | Client :7 | Local Epoch : 1 | [64/824 (8%)]	Loss1: 5.841461 Loss2: 0.000031 
| Global Round : 11 | Client :7 | Local Epoch : 1 | [704/824 (92%)]	Loss1: 5.842121 Loss2: 0.000025 
| Global Round : 11 | Client :7 | Local Epoch : 2 | [64/824 (8%)]	Loss1: 5.842613 Loss2: 0.000023 
| Global Round : 11 | Client :7 | Local Epoch : 2 | [704/824 (92%)]	Loss1: 5.842048 Loss2: 0.000029 
| Global Round : 11 | Client :7 | Local Epoch : 3 | [64/824 (8%)]	Loss1: 5.841592 Loss2: 0.000037 
| Global Round : 11 | Client :7 | Local Epoch : 3 | [704/824 (92%)]	Loss1: 5.843446 Loss2: 0.000030 
| Global Round : 11 | Client :7 | Local Epoch : 4 | [64/824 (8%)]	Loss1: 5.842006 Loss2: 0.000032 
| Global Round : 11 | Client :7 | Local Epoch : 4 | [704/824 (92%)]	Loss1: 5.840480 Loss2: 0.000026 
| Global Round : 11 | Client :8 | Local Epoch : 0 | [64/714 (9%)]	Loss1: 5.843152 Loss2: 0.000023 
| Global Round : 11 | Client :8 | Local Epoch : 0 | [704/714 (100%)]	Loss1: 5.844387 Loss2: 0.000033 
| Global Round : 11 | Client :8 | Local Epoch : 1 | [64/714 (9%)]	Loss1: 5.845554 Loss2: 0.000026 
| Global Round : 11 | Client :8 | Local Epoch : 1 | [704/714 (100%)]	Loss1: 5.842714 Loss2: 0.000023 
| Global Round : 11 | Client :8 | Local Epoch : 2 | [64/714 (9%)]	Loss1: 5.844963 Loss2: 0.000025 
| Global Round : 11 | Client :8 | Local Epoch : 2 | [704/714 (100%)]	Loss1: 5.845985 Loss2: 0.000027 
| Global Round : 11 | Client :8 | Local Epoch : 3 | [64/714 (9%)]	Loss1: 5.844486 Loss2: 0.000025 
| Global Round : 11 | Client :8 | Local Epoch : 3 | [704/714 (100%)]	Loss1: 5.844350 Loss2: 0.000026 
| Global Round : 11 | Client :8 | Local Epoch : 4 | [64/714 (9%)]	Loss1: 5.844953 Loss2: 0.000023 
| Global Round : 11 | Client :8 | Local Epoch : 4 | [704/714 (100%)]	Loss1: 5.844019 Loss2: 0.000026 
| Global Round : 11 | Client :9 | Local Epoch : 0 | [64/607 (11%)]	Loss1: 5.844662 Loss2: 0.000017 
| Global Round : 11 | Client :9 | Local Epoch : 1 | [64/607 (11%)]	Loss1: 5.845581 Loss2: 0.000017 
| Global Round : 11 | Client :9 | Local Epoch : 2 | [64/607 (11%)]	Loss1: 5.845859 Loss2: 0.000021 
| Global Round : 11 | Client :9 | Local Epoch : 3 | [64/607 (11%)]	Loss1: 5.845820 Loss2: 0.000015 
| Global Round : 11 | Client :9 | Local Epoch : 4 | [64/607 (11%)]	Loss1: 5.844396 Loss2: 0.000021 
average loss:   5.840821290936477
average local test accuracy: 0.81953125
average global test accuracy:  0.60859375

 | Global Training Round : 12 |

xi_k [0.47606253 0.53304139 0.53308649 0.49519259 0.49137607 0.50796276
 0.51121304 0.49657737 0.52559728 0.50594595]
max_exp: -1.0
coe: 10
Regulation [0.8 0.8 0.8 0.8 0.8 0.8 0.8 0.8 0.8 0.8]
Solver status: optimal_inaccurate
b_new: [1. 1. 1. 1. 1. 1. 1. 1. 1. 1.]
Iter 0: obj=50.3606, best_obj=50.3606, ||b_new-b_prev||₂=2.846050
xi_k [0.47606253 0.53304139 0.53308649 0.49519259 0.49137607 0.50796276
 0.51121304 0.49657737 0.52559728 0.50594595]
max_exp: -1.0
coe: 10
Regulation [-1. -1. -1. -1. -1. -1. -1. -1. -1. -1.]
Solver status: optimal_inaccurate
b_new: [1. 1. 1. 1. 1. 1. 1. 1. 1. 1.]
Iter 1: obj=51.2606, best_obj=51.2606, ||b_new-b_prev||₂=0.000000
Converged.
Final b: [1. 1. 1. 1. 1. 1. 1. 1. 1. 1.]
<class 'numpy.ndarray'>
b_float: [1. 1. 1. 1. 1. 1. 1. 1. 1. 1.]
b: [1 1 1 1 1 1 1 1 1 1]
active_clients:  [0, 1, 2, 3, 4, 5, 6, 7, 8, 9]
Client 0's s_k are:[0 1 1 1 1 1 1 1 1 1]
Client 1's s_k are:[1 0 1 1 1 1 1 1 1 1]
Client 2's s_k are:[1 1 0 1 1 1 1 1 1 1]
Client 3's s_k are:[1 1 1 0 1 1 1 1 1 1]
Client 4's s_k are:[1 1 1 1 0 1 1 1 1 1]
Client 5's s_k are:[1 1 1 1 1 0 1 1 1 1]
Client 6's s_k are:[1 1 1 1 1 1 0 1 1 1]
Client 7's s_k are:[1 1 1 1 1 1 1 0 1 1]
Client 8's s_k are:[1 1 1 1 1 1 1 1 0 1]
Client 9's s_k are:[1 1 1 1 1 1 1 1 1 0]
| Global Round : 12 | Client :0 | Local Epoch : 0 | [64/573 (12%)]	Loss1: 5.841510 Loss2: 0.000031 
| Global Round : 12 | Client :0 | Local Epoch : 1 | [64/573 (12%)]	Loss1: 5.842367 Loss2: 0.000027 
| Global Round : 12 | Client :0 | Local Epoch : 2 | [64/573 (12%)]	Loss1: 5.840305 Loss2: 0.000029 
| Global Round : 12 | Client :0 | Local Epoch : 3 | [64/573 (12%)]	Loss1: 5.840847 Loss2: 0.000029 
| Global Round : 12 | Client :0 | Local Epoch : 4 | [64/573 (12%)]	Loss1: 5.841484 Loss2: 0.000029 
| Global Round : 12 | Client :1 | Local Epoch : 0 | [64/448 (14%)]	Loss1: 5.842972 Loss2: 0.000018 
| Global Round : 12 | Client :1 | Local Epoch : 1 | [64/448 (14%)]	Loss1: 5.843860 Loss2: 0.000020 
| Global Round : 12 | Client :1 | Local Epoch : 2 | [64/448 (14%)]	Loss1: 5.842598 Loss2: 0.000021 
| Global Round : 12 | Client :1 | Local Epoch : 3 | [64/448 (14%)]	Loss1: 5.842634 Loss2: 0.000018 
| Global Round : 12 | Client :1 | Local Epoch : 4 | [64/448 (14%)]	Loss1: 5.843030 Loss2: 0.000019 
| Global Round : 12 | Client :2 | Local Epoch : 0 | [64/448 (14%)]	Loss1: 5.844407 Loss2: 0.000015 
| Global Round : 12 | Client :2 | Local Epoch : 1 | [64/448 (14%)]	Loss1: 5.844988 Loss2: 0.000019 
| Global Round : 12 | Client :2 | Local Epoch : 2 | [64/448 (14%)]	Loss1: 5.843970 Loss2: 0.000018 
| Global Round : 12 | Client :2 | Local Epoch : 3 | [64/448 (14%)]	Loss1: 5.844445 Loss2: 0.000017 
| Global Round : 12 | Client :2 | Local Epoch : 4 | [64/448 (14%)]	Loss1: 5.842872 Loss2: 0.000017 
| Global Round : 12 | Client :3 | Local Epoch : 0 | [64/620 (11%)]	Loss1: 5.842896 Loss2: 0.000017 
| Global Round : 12 | Client :3 | Local Epoch : 1 | [64/620 (11%)]	Loss1: 5.843303 Loss2: 0.000020 
| Global Round : 12 | Client :3 | Local Epoch : 2 | [64/620 (11%)]	Loss1: 5.844032 Loss2: 0.000016 
| Global Round : 12 | Client :3 | Local Epoch : 3 | [64/620 (11%)]	Loss1: 5.843522 Loss2: 0.000023 
| Global Round : 12 | Client :3 | Local Epoch : 4 | [64/620 (11%)]	Loss1: 5.841474 Loss2: 0.000020 
| Global Round : 12 | Client :4 | Local Epoch : 0 | [64/625 (11%)]	Loss1: 5.845323 Loss2: 0.000023 
| Global Round : 12 | Client :4 | Local Epoch : 1 | [64/625 (11%)]	Loss1: 5.843964 Loss2: 0.000026 
| Global Round : 12 | Client :4 | Local Epoch : 2 | [64/625 (11%)]	Loss1: 5.842733 Loss2: 0.000020 
| Global Round : 12 | Client :4 | Local Epoch : 3 | [64/625 (11%)]	Loss1: 5.842374 Loss2: 0.000024 
| Global Round : 12 | Client :4 | Local Epoch : 4 | [64/625 (11%)]	Loss1: 5.844184 Loss2: 0.000019 
| Global Round : 12 | Client :5 | Local Epoch : 0 | [64/604 (11%)]	Loss1: 5.840683 Loss2: 0.000022 
| Global Round : 12 | Client :5 | Local Epoch : 1 | [64/604 (11%)]	Loss1: 5.840710 Loss2: 0.000025 
| Global Round : 12 | Client :5 | Local Epoch : 2 | [64/604 (11%)]	Loss1: 5.841630 Loss2: 0.000025 
| Global Round : 12 | Client :5 | Local Epoch : 3 | [64/604 (11%)]	Loss1: 5.840623 Loss2: 0.000020 
| Global Round : 12 | Client :5 | Local Epoch : 4 | [64/604 (11%)]	Loss1: 5.841019 Loss2: 0.000023 
| Global Round : 12 | Client :6 | Local Epoch : 0 | [64/534 (12%)]	Loss1: 5.843546 Loss2: 0.000011 
| Global Round : 12 | Client :6 | Local Epoch : 1 | [64/534 (12%)]	Loss1: 5.844386 Loss2: 0.000013 
| Global Round : 12 | Client :6 | Local Epoch : 2 | [64/534 (12%)]	Loss1: 5.843580 Loss2: 0.000011 
| Global Round : 12 | Client :6 | Local Epoch : 3 | [64/534 (12%)]	Loss1: 5.843469 Loss2: 0.000016 
| Global Round : 12 | Client :6 | Local Epoch : 4 | [64/534 (12%)]	Loss1: 5.843372 Loss2: 0.000013 
| Global Round : 12 | Client :7 | Local Epoch : 0 | [64/824 (8%)]	Loss1: 5.840789 Loss2: 0.000031 
| Global Round : 12 | Client :7 | Local Epoch : 0 | [704/824 (92%)]	Loss1: 5.842563 Loss2: 0.000028 
| Global Round : 12 | Client :7 | Local Epoch : 1 | [64/824 (8%)]	Loss1: 5.842375 Loss2: 0.000028 
| Global Round : 12 | Client :7 | Local Epoch : 1 | [704/824 (92%)]	Loss1: 5.840931 Loss2: 0.000029 
| Global Round : 12 | Client :7 | Local Epoch : 2 | [64/824 (8%)]	Loss1: 5.842349 Loss2: 0.000030 
| Global Round : 12 | Client :7 | Local Epoch : 2 | [704/824 (92%)]	Loss1: 5.840433 Loss2: 0.000032 
| Global Round : 12 | Client :7 | Local Epoch : 3 | [64/824 (8%)]	Loss1: 5.839941 Loss2: 0.000033 
| Global Round : 12 | Client :7 | Local Epoch : 3 | [704/824 (92%)]	Loss1: 5.841352 Loss2: 0.000025 
| Global Round : 12 | Client :7 | Local Epoch : 4 | [64/824 (8%)]	Loss1: 5.841142 Loss2: 0.000032 
| Global Round : 12 | Client :7 | Local Epoch : 4 | [704/824 (92%)]	Loss1: 5.841375 Loss2: 0.000027 
| Global Round : 12 | Client :8 | Local Epoch : 0 | [64/714 (9%)]	Loss1: 5.843070 Loss2: 0.000025 
| Global Round : 12 | Client :8 | Local Epoch : 0 | [704/714 (100%)]	Loss1: 5.843905 Loss2: 0.000025 
| Global Round : 12 | Client :8 | Local Epoch : 1 | [64/714 (9%)]	Loss1: 5.843527 Loss2: 0.000024 
| Global Round : 12 | Client :8 | Local Epoch : 1 | [704/714 (100%)]	Loss1: 5.843231 Loss2: 0.000026 
| Global Round : 12 | Client :8 | Local Epoch : 2 | [64/714 (9%)]	Loss1: 5.843264 Loss2: 0.000024 
| Global Round : 12 | Client :8 | Local Epoch : 2 | [704/714 (100%)]	Loss1: 5.845871 Loss2: 0.000031 
| Global Round : 12 | Client :8 | Local Epoch : 3 | [64/714 (9%)]	Loss1: 5.842125 Loss2: 0.000022 
| Global Round : 12 | Client :8 | Local Epoch : 3 | [704/714 (100%)]	Loss1: 5.843067 Loss2: 0.000026 
| Global Round : 12 | Client :8 | Local Epoch : 4 | [64/714 (9%)]	Loss1: 5.843615 Loss2: 0.000023 
| Global Round : 12 | Client :8 | Local Epoch : 4 | [704/714 (100%)]	Loss1: 5.845397 Loss2: 0.000028 
| Global Round : 12 | Client :9 | Local Epoch : 0 | [64/607 (11%)]	Loss1: 5.845351 Loss2: 0.000016 
| Global Round : 12 | Client :9 | Local Epoch : 1 | [64/607 (11%)]	Loss1: 5.844593 Loss2: 0.000018 
| Global Round : 12 | Client :9 | Local Epoch : 2 | [64/607 (11%)]	Loss1: 5.846353 Loss2: 0.000020 
| Global Round : 12 | Client :9 | Local Epoch : 3 | [64/607 (11%)]	Loss1: 5.843138 Loss2: 0.000017 
| Global Round : 12 | Client :9 | Local Epoch : 4 | [64/607 (11%)]	Loss1: 5.843503 Loss2: 0.000018 
average loss:   5.840507273782384
average local test accuracy: 0.828125
average global test accuracy:  0.563671875

 | Global Training Round : 13 |

xi_k [0.47602682 0.53295105 0.53303043 0.49512564 0.49130532 0.50790803
 0.51114946 0.49654147 0.52553336 0.50585065]
max_exp: -1.0
coe: 10
Regulation [0.8 0.8 0.8 0.8 0.8 0.8 0.8 0.8 0.8 0.8]
Solver status: optimal_inaccurate
b_new: [1. 1. 1. 1. 1. 1. 1. 1. 1. 1.]
Iter 0: obj=50.3542, best_obj=50.3542, ||b_new-b_prev||₂=2.846050
xi_k [0.47602682 0.53295105 0.53303043 0.49512564 0.49130532 0.50790803
 0.51114946 0.49654147 0.52553336 0.50585065]
max_exp: -1.0
coe: 10
Regulation [-1. -1. -1. -1. -1. -1. -1. -1. -1. -1.]
Solver status: optimal_inaccurate
b_new: [1. 1. 1. 1. 1. 1. 1. 1. 1. 1.]
Iter 1: obj=51.2542, best_obj=51.2542, ||b_new-b_prev||₂=0.000000
Converged.
Final b: [1. 1. 1. 1. 1. 1. 1. 1. 1. 1.]
<class 'numpy.ndarray'>
b_float: [1. 1. 1. 1. 1. 1. 1. 1. 1. 1.]
b: [1 1 1 1 1 1 1 1 1 1]
active_clients:  [0, 1, 2, 3, 4, 5, 6, 7, 8, 9]
Client 0's s_k are:[0 1 1 1 1 1 1 1 1 1]
Client 1's s_k are:[1 0 1 1 1 1 1 1 1 1]
Client 2's s_k are:[1 1 0 1 1 1 1 1 1 1]
Client 3's s_k are:[1 1 1 0 1 1 1 1 1 1]
Client 4's s_k are:[1 1 1 1 0 1 1 1 1 1]
Client 5's s_k are:[1 1 1 1 1 0 1 1 1 1]
Client 6's s_k are:[1 1 1 1 1 1 0 1 1 1]
Client 7's s_k are:[1 1 1 1 1 1 1 0 1 1]
Client 8's s_k are:[1 1 1 1 1 1 1 1 0 1]
Client 9's s_k are:[1 1 1 1 1 1 1 1 1 0]
| Global Round : 13 | Client :0 | Local Epoch : 0 | [64/573 (12%)]	Loss1: 5.841274 Loss2: 0.000029 
| Global Round : 13 | Client :0 | Local Epoch : 1 | [64/573 (12%)]	Loss1: 5.840324 Loss2: 0.000033 
| Global Round : 13 | Client :0 | Local Epoch : 2 | [64/573 (12%)]	Loss1: 5.840474 Loss2: 0.000027 
| Global Round : 13 | Client :0 | Local Epoch : 3 | [64/573 (12%)]	Loss1: 5.841862 Loss2: 0.000026 
| Global Round : 13 | Client :0 | Local Epoch : 4 | [64/573 (12%)]	Loss1: 5.842425 Loss2: 0.000027 
| Global Round : 13 | Client :1 | Local Epoch : 0 | [64/448 (14%)]	Loss1: 5.841730 Loss2: 0.000017 
| Global Round : 13 | Client :1 | Local Epoch : 1 | [64/448 (14%)]	Loss1: 5.843696 Loss2: 0.000019 
| Global Round : 13 | Client :1 | Local Epoch : 2 | [64/448 (14%)]	Loss1: 5.843275 Loss2: 0.000018 
| Global Round : 13 | Client :1 | Local Epoch : 3 | [64/448 (14%)]	Loss1: 5.841888 Loss2: 0.000018 
| Global Round : 13 | Client :1 | Local Epoch : 4 | [64/448 (14%)]	Loss1: 5.844030 Loss2: 0.000018 
| Global Round : 13 | Client :2 | Local Epoch : 0 | [64/448 (14%)]	Loss1: 5.843186 Loss2: 0.000015 
| Global Round : 13 | Client :2 | Local Epoch : 1 | [64/448 (14%)]	Loss1: 5.844985 Loss2: 0.000015 
| Global Round : 13 | Client :2 | Local Epoch : 2 | [64/448 (14%)]	Loss1: 5.843396 Loss2: 0.000020 
| Global Round : 13 | Client :2 | Local Epoch : 3 | [64/448 (14%)]	Loss1: 5.844144 Loss2: 0.000015 
| Global Round : 13 | Client :2 | Local Epoch : 4 | [64/448 (14%)]	Loss1: 5.844164 Loss2: 0.000019 
| Global Round : 13 | Client :3 | Local Epoch : 0 | [64/620 (11%)]	Loss1: 5.841829 Loss2: 0.000018 
| Global Round : 13 | Client :3 | Local Epoch : 1 | [64/620 (11%)]	Loss1: 5.843574 Loss2: 0.000021 
| Global Round : 13 | Client :3 | Local Epoch : 2 | [64/620 (11%)]	Loss1: 5.843033 Loss2: 0.000017 
| Global Round : 13 | Client :3 | Local Epoch : 3 | [64/620 (11%)]	Loss1: 5.841850 Loss2: 0.000021 
| Global Round : 13 | Client :3 | Local Epoch : 4 | [64/620 (11%)]	Loss1: 5.842006 Loss2: 0.000021 
| Global Round : 13 | Client :4 | Local Epoch : 0 | [64/625 (11%)]	Loss1: 5.843126 Loss2: 0.000027 
| Global Round : 13 | Client :4 | Local Epoch : 1 | [64/625 (11%)]	Loss1: 5.842715 Loss2: 0.000020 
| Global Round : 13 | Client :4 | Local Epoch : 2 | [64/625 (11%)]	Loss1: 5.842681 Loss2: 0.000025 
| Global Round : 13 | Client :4 | Local Epoch : 3 | [64/625 (11%)]	Loss1: 5.841997 Loss2: 0.000022 
| Global Round : 13 | Client :4 | Local Epoch : 4 | [64/625 (11%)]	Loss1: 5.842206 Loss2: 0.000027 
| Global Round : 13 | Client :5 | Local Epoch : 0 | [64/604 (11%)]	Loss1: 5.840491 Loss2: 0.000023 
| Global Round : 13 | Client :5 | Local Epoch : 1 | [64/604 (11%)]	Loss1: 5.839968 Loss2: 0.000023 
| Global Round : 13 | Client :5 | Local Epoch : 2 | [64/604 (11%)]	Loss1: 5.841928 Loss2: 0.000021 
| Global Round : 13 | Client :5 | Local Epoch : 3 | [64/604 (11%)]	Loss1: 5.841372 Loss2: 0.000024 
| Global Round : 13 | Client :5 | Local Epoch : 4 | [64/604 (11%)]	Loss1: 5.841714 Loss2: 0.000028 
| Global Round : 13 | Client :6 | Local Epoch : 0 | [64/534 (12%)]	Loss1: 5.843250 Loss2: 0.000009 
| Global Round : 13 | Client :6 | Local Epoch : 1 | [64/534 (12%)]	Loss1: 5.843453 Loss2: 0.000013 
| Global Round : 13 | Client :6 | Local Epoch : 2 | [64/534 (12%)]	Loss1: 5.844453 Loss2: 0.000012 
| Global Round : 13 | Client :6 | Local Epoch : 3 | [64/534 (12%)]	Loss1: 5.842433 Loss2: 0.000014 
| Global Round : 13 | Client :6 | Local Epoch : 4 | [64/534 (12%)]	Loss1: 5.844113 Loss2: 0.000012 
| Global Round : 13 | Client :7 | Local Epoch : 0 | [64/824 (8%)]	Loss1: 5.841280 Loss2: 0.000034 
| Global Round : 13 | Client :7 | Local Epoch : 0 | [704/824 (92%)]	Loss1: 5.842452 Loss2: 0.000030 
| Global Round : 13 | Client :7 | Local Epoch : 1 | [64/824 (8%)]	Loss1: 5.840560 Loss2: 0.000031 
| Global Round : 13 | Client :7 | Local Epoch : 1 | [704/824 (92%)]	Loss1: 5.840357 Loss2: 0.000025 
| Global Round : 13 | Client :7 | Local Epoch : 2 | [64/824 (8%)]	Loss1: 5.841938 Loss2: 0.000030 
| Global Round : 13 | Client :7 | Local Epoch : 2 | [704/824 (92%)]	Loss1: 5.842424 Loss2: 0.000025 
| Global Round : 13 | Client :7 | Local Epoch : 3 | [64/824 (8%)]	Loss1: 5.840665 Loss2: 0.000029 
| Global Round : 13 | Client :7 | Local Epoch : 3 | [704/824 (92%)]	Loss1: 5.840583 Loss2: 0.000030 
| Global Round : 13 | Client :7 | Local Epoch : 4 | [64/824 (8%)]	Loss1: 5.841022 Loss2: 0.000032 
| Global Round : 13 | Client :7 | Local Epoch : 4 | [704/824 (92%)]	Loss1: 5.843645 Loss2: 0.000024 
| Global Round : 13 | Client :8 | Local Epoch : 0 | [64/714 (9%)]	Loss1: 5.844595 Loss2: 0.000022 
| Global Round : 13 | Client :8 | Local Epoch : 0 | [704/714 (100%)]	Loss1: 5.843303 Loss2: 0.000029 
| Global Round : 13 | Client :8 | Local Epoch : 1 | [64/714 (9%)]	Loss1: 5.842675 Loss2: 0.000023 
| Global Round : 13 | Client :8 | Local Epoch : 1 | [704/714 (100%)]	Loss1: 5.844028 Loss2: 0.000029 
| Global Round : 13 | Client :8 | Local Epoch : 2 | [64/714 (9%)]	Loss1: 5.843363 Loss2: 0.000023 
| Global Round : 13 | Client :8 | Local Epoch : 2 | [704/714 (100%)]	Loss1: 5.843938 Loss2: 0.000027 
| Global Round : 13 | Client :8 | Local Epoch : 3 | [64/714 (9%)]	Loss1: 5.843263 Loss2: 0.000024 
| Global Round : 13 | Client :8 | Local Epoch : 3 | [704/714 (100%)]	Loss1: 5.844323 Loss2: 0.000027 
| Global Round : 13 | Client :8 | Local Epoch : 4 | [64/714 (9%)]	Loss1: 5.842601 Loss2: 0.000023 
| Global Round : 13 | Client :8 | Local Epoch : 4 | [704/714 (100%)]	Loss1: 5.843371 Loss2: 0.000027 
| Global Round : 13 | Client :9 | Local Epoch : 0 | [64/607 (11%)]	Loss1: 5.844488 Loss2: 0.000018 
| Global Round : 13 | Client :9 | Local Epoch : 1 | [64/607 (11%)]	Loss1: 5.846157 Loss2: 0.000018 
| Global Round : 13 | Client :9 | Local Epoch : 2 | [64/607 (11%)]	Loss1: 5.843961 Loss2: 0.000018 
| Global Round : 13 | Client :9 | Local Epoch : 3 | [64/607 (11%)]	Loss1: 5.843061 Loss2: 0.000018 
| Global Round : 13 | Client :9 | Local Epoch : 4 | [64/607 (11%)]	Loss1: 5.844272 Loss2: 0.000015 
average loss:   5.840192843773665
average local test accuracy: 0.8263020833333334
average global test accuracy:  0.58984375

 | Global Training Round : 14 |

xi_k [0.4760051  0.53288954 0.53294453 0.49510265 0.49124215 0.50788363
 0.51107057 0.49656605 0.52550096 0.50578761]
max_exp: -1.0
coe: 10
Regulation [0.8 0.8 0.8 0.8 0.8 0.8 0.8 0.8 0.8 0.8]
Solver status: optimal_inaccurate
b_new: [1. 1. 1. 1. 1. 1. 1. 1. 1. 1.]
Iter 0: obj=50.3499, best_obj=50.3499, ||b_new-b_prev||₂=2.846050
xi_k [0.4760051  0.53288954 0.53294453 0.49510265 0.49124215 0.50788363
 0.51107057 0.49656605 0.52550096 0.50578761]
max_exp: -1.0
coe: 10
Regulation [-1. -1. -1. -1. -1. -1. -1. -1. -1. -1.]
Solver status: optimal_inaccurate
b_new: [1. 1. 1. 1. 1. 1. 1. 1. 1. 1.]
Iter 1: obj=51.2499, best_obj=51.2499, ||b_new-b_prev||₂=0.000000
Converged.
Final b: [1. 1. 1. 1. 1. 1. 1. 1. 1. 1.]
<class 'numpy.ndarray'>
b_float: [1. 1. 1. 1. 1. 1. 1. 1. 1. 1.]
b: [1 1 1 1 1 1 1 1 1 1]
active_clients:  [0, 1, 2, 3, 4, 5, 6, 7, 8, 9]
Client 0's s_k are:[0 1 1 1 1 1 1 1 1 1]
Client 1's s_k are:[1 0 1 1 1 1 1 1 1 1]
Client 2's s_k are:[1 1 0 1 1 1 1 1 1 1]
Client 3's s_k are:[1 1 1 0 1 1 1 1 1 1]
Client 4's s_k are:[1 1 1 1 0 1 1 1 1 1]
Client 5's s_k are:[1 1 1 1 1 0 1 1 1 1]
Client 6's s_k are:[1 1 1 1 1 1 0 1 1 1]
Client 7's s_k are:[1 1 1 1 1 1 1 0 1 1]
Client 8's s_k are:[1 1 1 1 1 1 1 1 0 1]
Client 9's s_k are:[1 1 1 1 1 1 1 1 1 0]
| Global Round : 14 | Client :0 | Local Epoch : 0 | [64/573 (12%)]	Loss1: 5.841194 Loss2: 0.000028 
| Global Round : 14 | Client :0 | Local Epoch : 1 | [64/573 (12%)]	Loss1: 5.841316 Loss2: 0.000025 
| Global Round : 14 | Client :0 | Local Epoch : 2 | [64/573 (12%)]	Loss1: 5.840799 Loss2: 0.000029 
| Global Round : 14 | Client :0 | Local Epoch : 3 | [64/573 (12%)]	Loss1: 5.841854 Loss2: 0.000027 
| Global Round : 14 | Client :0 | Local Epoch : 4 | [64/573 (12%)]	Loss1: 5.840491 Loss2: 0.000029 
| Global Round : 14 | Client :1 | Local Epoch : 0 | [64/448 (14%)]	Loss1: 5.842037 Loss2: 0.000020 
| Global Round : 14 | Client :1 | Local Epoch : 1 | [64/448 (14%)]	Loss1: 5.843408 Loss2: 0.000016 
| Global Round : 14 | Client :1 | Local Epoch : 2 | [64/448 (14%)]	Loss1: 5.842226 Loss2: 0.000019 
| Global Round : 14 | Client :1 | Local Epoch : 3 | [64/448 (14%)]	Loss1: 5.843109 Loss2: 0.000024 
| Global Round : 14 | Client :1 | Local Epoch : 4 | [64/448 (14%)]	Loss1: 5.842031 Loss2: 0.000019 
| Global Round : 14 | Client :2 | Local Epoch : 0 | [64/448 (14%)]	Loss1: 5.843177 Loss2: 0.000014 
| Global Round : 14 | Client :2 | Local Epoch : 1 | [64/448 (14%)]	Loss1: 5.842031 Loss2: 0.000017 
| Global Round : 14 | Client :2 | Local Epoch : 2 | [64/448 (14%)]	Loss1: 5.843914 Loss2: 0.000016 
| Global Round : 14 | Client :2 | Local Epoch : 3 | [64/448 (14%)]	Loss1: 5.843961 Loss2: 0.000019 
| Global Round : 14 | Client :2 | Local Epoch : 4 | [64/448 (14%)]	Loss1: 5.842166 Loss2: 0.000019 
| Global Round : 14 | Client :3 | Local Epoch : 0 | [64/620 (11%)]	Loss1: 5.842641 Loss2: 0.000017 
| Global Round : 14 | Client :3 | Local Epoch : 1 | [64/620 (11%)]	Loss1: 5.841870 Loss2: 0.000017 
| Global Round : 14 | Client :3 | Local Epoch : 2 | [64/620 (11%)]	Loss1: 5.842026 Loss2: 0.000024 
| Global Round : 14 | Client :3 | Local Epoch : 3 | [64/620 (11%)]	Loss1: 5.842032 Loss2: 0.000017 
| Global Round : 14 | Client :3 | Local Epoch : 4 | [64/620 (11%)]	Loss1: 5.842132 Loss2: 0.000017 
| Global Round : 14 | Client :4 | Local Epoch : 0 | [64/625 (11%)]	Loss1: 5.843105 Loss2: 0.000022 
| Global Round : 14 | Client :4 | Local Epoch : 1 | [64/625 (11%)]	Loss1: 5.842871 Loss2: 0.000023 
| Global Round : 14 | Client :4 | Local Epoch : 2 | [64/625 (11%)]	Loss1: 5.842185 Loss2: 0.000024 
| Global Round : 14 | Client :4 | Local Epoch : 3 | [64/625 (11%)]	Loss1: 5.842494 Loss2: 0.000022 
| Global Round : 14 | Client :4 | Local Epoch : 4 | [64/625 (11%)]	Loss1: 5.840998 Loss2: 0.000026 
| Global Round : 14 | Client :5 | Local Epoch : 0 | [64/604 (11%)]	Loss1: 5.840158 Loss2: 0.000022 
| Global Round : 14 | Client :5 | Local Epoch : 1 | [64/604 (11%)]	Loss1: 5.840534 Loss2: 0.000025 
| Global Round : 14 | Client :5 | Local Epoch : 2 | [64/604 (11%)]	Loss1: 5.840700 Loss2: 0.000025 
| Global Round : 14 | Client :5 | Local Epoch : 3 | [64/604 (11%)]	Loss1: 5.841041 Loss2: 0.000027 
| Global Round : 14 | Client :5 | Local Epoch : 4 | [64/604 (11%)]	Loss1: 5.840008 Loss2: 0.000024 
| Global Round : 14 | Client :6 | Local Epoch : 0 | [64/534 (12%)]	Loss1: 5.843078 Loss2: 0.000014 
| Global Round : 14 | Client :6 | Local Epoch : 1 | [64/534 (12%)]	Loss1: 5.843575 Loss2: 0.000012 
| Global Round : 14 | Client :6 | Local Epoch : 2 | [64/534 (12%)]	Loss1: 5.842404 Loss2: 0.000013 
| Global Round : 14 | Client :6 | Local Epoch : 3 | [64/534 (12%)]	Loss1: 5.843099 Loss2: 0.000012 
| Global Round : 14 | Client :6 | Local Epoch : 4 | [64/534 (12%)]	Loss1: 5.842266 Loss2: 0.000012 
| Global Round : 14 | Client :7 | Local Epoch : 0 | [64/824 (8%)]	Loss1: 5.841363 Loss2: 0.000025 
| Global Round : 14 | Client :7 | Local Epoch : 0 | [704/824 (92%)]	Loss1: 5.842382 Loss2: 0.000033 
| Global Round : 14 | Client :7 | Local Epoch : 1 | [64/824 (8%)]	Loss1: 5.841903 Loss2: 0.000031 
| Global Round : 14 | Client :7 | Local Epoch : 1 | [704/824 (92%)]	Loss1: 5.840911 Loss2: 0.000027 
| Global Round : 14 | Client :7 | Local Epoch : 2 | [64/824 (8%)]	Loss1: 5.841280 Loss2: 0.000027 
| Global Round : 14 | Client :7 | Local Epoch : 2 | [704/824 (92%)]	Loss1: 5.840507 Loss2: 0.000024 
| Global Round : 14 | Client :7 | Local Epoch : 3 | [64/824 (8%)]	Loss1: 5.841592 Loss2: 0.000031 
| Global Round : 14 | Client :7 | Local Epoch : 3 | [704/824 (92%)]	Loss1: 5.842896 Loss2: 0.000027 
| Global Round : 14 | Client :7 | Local Epoch : 4 | [64/824 (8%)]	Loss1: 5.841614 Loss2: 0.000036 
| Global Round : 14 | Client :7 | Local Epoch : 4 | [704/824 (92%)]	Loss1: 5.841132 Loss2: 0.000030 
| Global Round : 14 | Client :8 | Local Epoch : 0 | [64/714 (9%)]	Loss1: 5.843340 Loss2: 0.000018 
| Global Round : 14 | Client :8 | Local Epoch : 0 | [704/714 (100%)]	Loss1: 5.843929 Loss2: 0.000025 
| Global Round : 14 | Client :8 | Local Epoch : 1 | [64/714 (9%)]	Loss1: 5.842620 Loss2: 0.000024 
| Global Round : 14 | Client :8 | Local Epoch : 1 | [704/714 (100%)]	Loss1: 5.841718 Loss2: 0.000028 
| Global Round : 14 | Client :8 | Local Epoch : 2 | [64/714 (9%)]	Loss1: 5.844865 Loss2: 0.000022 
| Global Round : 14 | Client :8 | Local Epoch : 2 | [704/714 (100%)]	Loss1: 5.842763 Loss2: 0.000027 
| Global Round : 14 | Client :8 | Local Epoch : 3 | [64/714 (9%)]	Loss1: 5.844446 Loss2: 0.000022 
| Global Round : 14 | Client :8 | Local Epoch : 3 | [704/714 (100%)]	Loss1: 5.844005 Loss2: 0.000023 
| Global Round : 14 | Client :8 | Local Epoch : 4 | [64/714 (9%)]	Loss1: 5.843566 Loss2: 0.000025 
| Global Round : 14 | Client :8 | Local Epoch : 4 | [704/714 (100%)]	Loss1: 5.843688 Loss2: 0.000025 
| Global Round : 14 | Client :9 | Local Epoch : 0 | [64/607 (11%)]	Loss1: 5.843372 Loss2: 0.000017 
| Global Round : 14 | Client :9 | Local Epoch : 1 | [64/607 (11%)]	Loss1: 5.843696 Loss2: 0.000019 
| Global Round : 14 | Client :9 | Local Epoch : 2 | [64/607 (11%)]	Loss1: 5.842952 Loss2: 0.000017 
| Global Round : 14 | Client :9 | Local Epoch : 3 | [64/607 (11%)]	Loss1: 5.843564 Loss2: 0.000019 
| Global Round : 14 | Client :9 | Local Epoch : 4 | [64/607 (11%)]	Loss1: 5.843814 Loss2: 0.000020 
average loss:   5.840112870011323
average local test accuracy: 0.819140625
average global test accuracy:  0.542578125

 | Global Training Round : 15 |

xi_k [0.47600475 0.53284962 0.53291953 0.49508218 0.4911956  0.50791757
 0.51103788 0.49656807 0.5254457  0.50572951]
max_exp: -1.0
coe: 10
Regulation [0.8 0.8 0.8 0.8 0.8 0.8 0.8 0.8 0.8 0.8]
Solver status: optimal_inaccurate
b_new: [1. 1. 1. 1. 1. 1. 1. 1. 1. 1.]
Iter 0: obj=50.3475, best_obj=50.3475, ||b_new-b_prev||₂=2.846050
xi_k [0.47600475 0.53284962 0.53291953 0.49508218 0.4911956  0.50791757
 0.51103788 0.49656807 0.5254457  0.50572951]
max_exp: -1.0
coe: 10
Regulation [-1. -1. -1. -1. -1. -1. -1. -1. -1. -1.]
Solver status: optimal_inaccurate
b_new: [1. 1. 1. 1. 1. 1. 1. 1. 1. 1.]
Iter 1: obj=51.2475, best_obj=51.2475, ||b_new-b_prev||₂=0.000000
Converged.
Final b: [1. 1. 1. 1. 1. 1. 1. 1. 1. 1.]
<class 'numpy.ndarray'>
b_float: [1. 1. 1. 1. 1. 1. 1. 1. 1. 1.]
b: [1 1 1 1 1 1 1 1 1 1]
active_clients:  [0, 1, 2, 3, 4, 5, 6, 7, 8, 9]
Client 0's s_k are:[0 1 1 1 1 1 1 1 1 1]
Client 1's s_k are:[1 0 1 1 1 1 1 1 1 1]
Client 2's s_k are:[1 1 0 1 1 1 1 1 1 1]
Client 3's s_k are:[1 1 1 0 1 1 1 1 1 1]
Client 4's s_k are:[1 1 1 1 0 1 1 1 1 1]
Client 5's s_k are:[1 1 1 1 1 0 1 1 1 1]
Client 6's s_k are:[1 1 1 1 1 1 0 1 1 1]
Client 7's s_k are:[1 1 1 1 1 1 1 0 1 1]
Client 8's s_k are:[1 1 1 1 1 1 1 1 0 1]
Client 9's s_k are:[1 1 1 1 1 1 1 1 1 0]
| Global Round : 15 | Client :0 | Local Epoch : 0 | [64/573 (12%)]	Loss1: 5.841583 Loss2: 0.000025 
| Global Round : 15 | Client :0 | Local Epoch : 1 | [64/573 (12%)]	Loss1: 5.840863 Loss2: 0.000028 
| Global Round : 15 | Client :0 | Local Epoch : 2 | [64/573 (12%)]	Loss1: 5.840372 Loss2: 0.000025 
| Global Round : 15 | Client :0 | Local Epoch : 3 | [64/573 (12%)]	Loss1: 5.841028 Loss2: 0.000029 
| Global Round : 15 | Client :0 | Local Epoch : 4 | [64/573 (12%)]	Loss1: 5.839987 Loss2: 0.000022 
| Global Round : 15 | Client :1 | Local Epoch : 0 | [64/448 (14%)]	Loss1: 5.842771 Loss2: 0.000018 
| Global Round : 15 | Client :1 | Local Epoch : 1 | [64/448 (14%)]	Loss1: 5.842739 Loss2: 0.000019 
| Global Round : 15 | Client :1 | Local Epoch : 2 | [64/448 (14%)]	Loss1: 5.842795 Loss2: 0.000020 
| Global Round : 15 | Client :1 | Local Epoch : 3 | [64/448 (14%)]	Loss1: 5.842369 Loss2: 0.000021 
| Global Round : 15 | Client :1 | Local Epoch : 4 | [64/448 (14%)]	Loss1: 5.841587 Loss2: 0.000020 
| Global Round : 15 | Client :2 | Local Epoch : 0 | [64/448 (14%)]	Loss1: 5.841789 Loss2: 0.000020 
| Global Round : 15 | Client :2 | Local Epoch : 1 | [64/448 (14%)]	Loss1: 5.842051 Loss2: 0.000021 
| Global Round : 15 | Client :2 | Local Epoch : 2 | [64/448 (14%)]	Loss1: 5.842908 Loss2: 0.000015 
| Global Round : 15 | Client :2 | Local Epoch : 3 | [64/448 (14%)]	Loss1: 5.842692 Loss2: 0.000018 
| Global Round : 15 | Client :2 | Local Epoch : 4 | [64/448 (14%)]	Loss1: 5.843036 Loss2: 0.000015 
| Global Round : 15 | Client :3 | Local Epoch : 0 | [64/620 (11%)]	Loss1: 5.842964 Loss2: 0.000017 
| Global Round : 15 | Client :3 | Local Epoch : 1 | [64/620 (11%)]	Loss1: 5.844736 Loss2: 0.000017 
| Global Round : 15 | Client :3 | Local Epoch : 2 | [64/620 (11%)]	Loss1: 5.841657 Loss2: 0.000021 
| Global Round : 15 | Client :3 | Local Epoch : 3 | [64/620 (11%)]	Loss1: 5.841114 Loss2: 0.000017 
| Global Round : 15 | Client :3 | Local Epoch : 4 | [64/620 (11%)]	Loss1: 5.843540 Loss2: 0.000017 
| Global Round : 15 | Client :4 | Local Epoch : 0 | [64/625 (11%)]	Loss1: 5.843147 Loss2: 0.000022 
| Global Round : 15 | Client :4 | Local Epoch : 1 | [64/625 (11%)]	Loss1: 5.843428 Loss2: 0.000023 
| Global Round : 15 | Client :4 | Local Epoch : 2 | [64/625 (11%)]	Loss1: 5.843952 Loss2: 0.000021 
| Global Round : 15 | Client :4 | Local Epoch : 3 | [64/625 (11%)]	Loss1: 5.842977 Loss2: 0.000022 
| Global Round : 15 | Client :4 | Local Epoch : 4 | [64/625 (11%)]	Loss1: 5.841737 Loss2: 0.000017 
| Global Round : 15 | Client :5 | Local Epoch : 0 | [64/604 (11%)]	Loss1: 5.840469 Loss2: 0.000021 
| Global Round : 15 | Client :5 | Local Epoch : 1 | [64/604 (11%)]	Loss1: 5.840617 Loss2: 0.000021 
| Global Round : 15 | Client :5 | Local Epoch : 2 | [64/604 (11%)]	Loss1: 5.841306 Loss2: 0.000022 
| Global Round : 15 | Client :5 | Local Epoch : 3 | [64/604 (11%)]	Loss1: 5.840898 Loss2: 0.000023 
| Global Round : 15 | Client :5 | Local Epoch : 4 | [64/604 (11%)]	Loss1: 5.841199 Loss2: 0.000026 
| Global Round : 15 | Client :6 | Local Epoch : 0 | [64/534 (12%)]	Loss1: 5.843621 Loss2: 0.000016 
| Global Round : 15 | Client :6 | Local Epoch : 1 | [64/534 (12%)]	Loss1: 5.842132 Loss2: 0.000014 
| Global Round : 15 | Client :6 | Local Epoch : 2 | [64/534 (12%)]	Loss1: 5.843797 Loss2: 0.000015 
| Global Round : 15 | Client :6 | Local Epoch : 3 | [64/534 (12%)]	Loss1: 5.843561 Loss2: 0.000010 
| Global Round : 15 | Client :6 | Local Epoch : 4 | [64/534 (12%)]	Loss1: 5.842126 Loss2: 0.000017 
| Global Round : 15 | Client :7 | Local Epoch : 0 | [64/824 (8%)]	Loss1: 5.841171 Loss2: 0.000027 
| Global Round : 15 | Client :7 | Local Epoch : 0 | [704/824 (92%)]	Loss1: 5.841481 Loss2: 0.000026 
| Global Round : 15 | Client :7 | Local Epoch : 1 | [64/824 (8%)]	Loss1: 5.841282 Loss2: 0.000034 
| Global Round : 15 | Client :7 | Local Epoch : 1 | [704/824 (92%)]	Loss1: 5.840515 Loss2: 0.000032 
| Global Round : 15 | Client :7 | Local Epoch : 2 | [64/824 (8%)]	Loss1: 5.841316 Loss2: 0.000035 
| Global Round : 15 | Client :7 | Local Epoch : 2 | [704/824 (92%)]	Loss1: 5.841024 Loss2: 0.000024 
| Global Round : 15 | Client :7 | Local Epoch : 3 | [64/824 (8%)]	Loss1: 5.841070 Loss2: 0.000025 
| Global Round : 15 | Client :7 | Local Epoch : 3 | [704/824 (92%)]	Loss1: 5.840991 Loss2: 0.000029 
| Global Round : 15 | Client :7 | Local Epoch : 4 | [64/824 (8%)]	Loss1: 5.840584 Loss2: 0.000034 
| Global Round : 15 | Client :7 | Local Epoch : 4 | [704/824 (92%)]	Loss1: 5.840339 Loss2: 0.000024 
| Global Round : 15 | Client :8 | Local Epoch : 0 | [64/714 (9%)]	Loss1: 5.844593 Loss2: 0.000018 
| Global Round : 15 | Client :8 | Local Epoch : 0 | [704/714 (100%)]	Loss1: 5.842935 Loss2: 0.000029 
| Global Round : 15 | Client :8 | Local Epoch : 1 | [64/714 (9%)]	Loss1: 5.841902 Loss2: 0.000023 
| Global Round : 15 | Client :8 | Local Epoch : 1 | [704/714 (100%)]	Loss1: 5.842178 Loss2: 0.000022 
| Global Round : 15 | Client :8 | Local Epoch : 2 | [64/714 (9%)]	Loss1: 5.842981 Loss2: 0.000024 
| Global Round : 15 | Client :8 | Local Epoch : 2 | [704/714 (100%)]	Loss1: 5.841212 Loss2: 0.000030 
| Global Round : 15 | Client :8 | Local Epoch : 3 | [64/714 (9%)]	Loss1: 5.843193 Loss2: 0.000024 
| Global Round : 15 | Client :8 | Local Epoch : 3 | [704/714 (100%)]	Loss1: 5.840867 Loss2: 0.000028 
| Global Round : 15 | Client :8 | Local Epoch : 4 | [64/714 (9%)]	Loss1: 5.841257 Loss2: 0.000019 
| Global Round : 15 | Client :8 | Local Epoch : 4 | [704/714 (100%)]	Loss1: 5.842527 Loss2: 0.000024 
| Global Round : 15 | Client :9 | Local Epoch : 0 | [64/607 (11%)]	Loss1: 5.843750 Loss2: 0.000020 
| Global Round : 15 | Client :9 | Local Epoch : 1 | [64/607 (11%)]	Loss1: 5.844186 Loss2: 0.000020 
| Global Round : 15 | Client :9 | Local Epoch : 2 | [64/607 (11%)]	Loss1: 5.843682 Loss2: 0.000017 
| Global Round : 15 | Client :9 | Local Epoch : 3 | [64/607 (11%)]	Loss1: 5.841991 Loss2: 0.000018 
| Global Round : 15 | Client :9 | Local Epoch : 4 | [64/607 (11%)]	Loss1: 5.844968 Loss2: 0.000020 
average loss:   5.839877138905023
average local test accuracy: 0.8221354166666666
average global test accuracy:  0.63046875

 | Global Training Round : 16 |

xi_k [0.47597685 0.53283146 0.53281687 0.49502474 0.49121893 0.50790456
 0.51097693 0.4965177  0.5254034  0.50569071]
max_exp: -1.0
coe: 10
Regulation [0.8 0.8 0.8 0.8 0.8 0.8 0.8 0.8 0.8 0.8]
Solver status: optimal_inaccurate
b_new: [1. 1. 1. 1. 1. 1. 1. 1. 1. 1.]
Iter 0: obj=50.3436, best_obj=50.3436, ||b_new-b_prev||₂=2.846050
xi_k [0.47597685 0.53283146 0.53281687 0.49502474 0.49121893 0.50790456
 0.51097693 0.4965177  0.5254034  0.50569071]
max_exp: -1.0
coe: 10
Regulation [-1. -1. -1. -1. -1. -1. -1. -1. -1. -1.]
Solver status: optimal_inaccurate
b_new: [1. 1. 1. 1. 1. 1. 1. 1. 1. 1.]
Iter 1: obj=51.2436, best_obj=51.2436, ||b_new-b_prev||₂=0.000000
Converged.
Final b: [1. 1. 1. 1. 1. 1. 1. 1. 1. 1.]
<class 'numpy.ndarray'>
b_float: [1. 1. 1. 1. 1. 1. 1. 1. 1. 1.]
b: [1 1 1 1 1 1 1 1 1 1]
active_clients:  [0, 1, 2, 3, 4, 5, 6, 7, 8, 9]
Client 0's s_k are:[0 1 1 1 1 1 1 1 1 1]
Client 1's s_k are:[1 0 1 1 1 1 1 1 1 1]
Client 2's s_k are:[1 1 0 1 1 1 1 1 1 1]
Client 3's s_k are:[1 1 1 0 1 1 1 1 1 1]
Client 4's s_k are:[1 1 1 1 0 1 1 1 1 1]
Client 5's s_k are:[1 1 1 1 1 0 1 1 1 1]
Client 6's s_k are:[1 1 1 1 1 1 0 1 1 1]
Client 7's s_k are:[1 1 1 1 1 1 1 0 1 1]
Client 8's s_k are:[1 1 1 1 1 1 1 1 0 1]
Client 9's s_k are:[1 1 1 1 1 1 1 1 1 0]
| Global Round : 16 | Client :0 | Local Epoch : 0 | [64/573 (12%)]	Loss1: 5.841027 Loss2: 0.000027 
| Global Round : 16 | Client :0 | Local Epoch : 1 | [64/573 (12%)]	Loss1: 5.840570 Loss2: 0.000027 
| Global Round : 16 | Client :0 | Local Epoch : 2 | [64/573 (12%)]	Loss1: 5.840586 Loss2: 0.000026 
| Global Round : 16 | Client :0 | Local Epoch : 3 | [64/573 (12%)]	Loss1: 5.842269 Loss2: 0.000025 
| Global Round : 16 | Client :0 | Local Epoch : 4 | [64/573 (12%)]	Loss1: 5.840867 Loss2: 0.000026 
| Global Round : 16 | Client :1 | Local Epoch : 0 | [64/448 (14%)]	Loss1: 5.842713 Loss2: 0.000018 
| Global Round : 16 | Client :1 | Local Epoch : 1 | [64/448 (14%)]	Loss1: 5.843643 Loss2: 0.000022 
| Global Round : 16 | Client :1 | Local Epoch : 2 | [64/448 (14%)]	Loss1: 5.842920 Loss2: 0.000025 
| Global Round : 16 | Client :1 | Local Epoch : 3 | [64/448 (14%)]	Loss1: 5.842679 Loss2: 0.000020 
| Global Round : 16 | Client :1 | Local Epoch : 4 | [64/448 (14%)]	Loss1: 5.842049 Loss2: 0.000016 
| Global Round : 16 | Client :2 | Local Epoch : 0 | [64/448 (14%)]	Loss1: 5.842667 Loss2: 0.000020 
| Global Round : 16 | Client :2 | Local Epoch : 1 | [64/448 (14%)]	Loss1: 5.843423 Loss2: 0.000021 
| Global Round : 16 | Client :2 | Local Epoch : 2 | [64/448 (14%)]	Loss1: 5.842678 Loss2: 0.000016 
| Global Round : 16 | Client :2 | Local Epoch : 3 | [64/448 (14%)]	Loss1: 5.842079 Loss2: 0.000019 
| Global Round : 16 | Client :2 | Local Epoch : 4 | [64/448 (14%)]	Loss1: 5.842436 Loss2: 0.000017 
| Global Round : 16 | Client :3 | Local Epoch : 0 | [64/620 (11%)]	Loss1: 5.842405 Loss2: 0.000021 
| Global Round : 16 | Client :3 | Local Epoch : 1 | [64/620 (11%)]	Loss1: 5.841983 Loss2: 0.000017 
| Global Round : 16 | Client :3 | Local Epoch : 2 | [64/620 (11%)]	Loss1: 5.842212 Loss2: 0.000019 
| Global Round : 16 | Client :3 | Local Epoch : 3 | [64/620 (11%)]	Loss1: 5.841112 Loss2: 0.000017 
| Global Round : 16 | Client :3 | Local Epoch : 4 | [64/620 (11%)]	Loss1: 5.842028 Loss2: 0.000019 
| Global Round : 16 | Client :4 | Local Epoch : 0 | [64/625 (11%)]	Loss1: 5.843339 Loss2: 0.000019 
| Global Round : 16 | Client :4 | Local Epoch : 1 | [64/625 (11%)]	Loss1: 5.842347 Loss2: 0.000017 
| Global Round : 16 | Client :4 | Local Epoch : 2 | [64/625 (11%)]	Loss1: 5.842189 Loss2: 0.000020 
| Global Round : 16 | Client :4 | Local Epoch : 3 | [64/625 (11%)]	Loss1: 5.843139 Loss2: 0.000024 
| Global Round : 16 | Client :4 | Local Epoch : 4 | [64/625 (11%)]	Loss1: 5.841536 Loss2: 0.000017 
| Global Round : 16 | Client :5 | Local Epoch : 0 | [64/604 (11%)]	Loss1: 5.840112 Loss2: 0.000023 
| Global Round : 16 | Client :5 | Local Epoch : 1 | [64/604 (11%)]	Loss1: 5.841228 Loss2: 0.000025 
| Global Round : 16 | Client :5 | Local Epoch : 2 | [64/604 (11%)]	Loss1: 5.841092 Loss2: 0.000022 
| Global Round : 16 | Client :5 | Local Epoch : 3 | [64/604 (11%)]	Loss1: 5.839653 Loss2: 0.000028 
| Global Round : 16 | Client :5 | Local Epoch : 4 | [64/604 (11%)]	Loss1: 5.840126 Loss2: 0.000024 
| Global Round : 16 | Client :6 | Local Epoch : 0 | [64/534 (12%)]	Loss1: 5.843366 Loss2: 0.000011 
| Global Round : 16 | Client :6 | Local Epoch : 1 | [64/534 (12%)]	Loss1: 5.842763 Loss2: 0.000014 
| Global Round : 16 | Client :6 | Local Epoch : 2 | [64/534 (12%)]	Loss1: 5.846068 Loss2: 0.000013 
| Global Round : 16 | Client :6 | Local Epoch : 3 | [64/534 (12%)]	Loss1: 5.842644 Loss2: 0.000011 
| Global Round : 16 | Client :6 | Local Epoch : 4 | [64/534 (12%)]	Loss1: 5.842893 Loss2: 0.000014 
| Global Round : 16 | Client :7 | Local Epoch : 0 | [64/824 (8%)]	Loss1: 5.843044 Loss2: 0.000029 
| Global Round : 16 | Client :7 | Local Epoch : 0 | [704/824 (92%)]	Loss1: 5.840923 Loss2: 0.000032 
| Global Round : 16 | Client :7 | Local Epoch : 1 | [64/824 (8%)]	Loss1: 5.840863 Loss2: 0.000025 
| Global Round : 16 | Client :7 | Local Epoch : 1 | [704/824 (92%)]	Loss1: 5.841643 Loss2: 0.000023 
| Global Round : 16 | Client :7 | Local Epoch : 2 | [64/824 (8%)]	Loss1: 5.840907 Loss2: 0.000027 
| Global Round : 16 | Client :7 | Local Epoch : 2 | [704/824 (92%)]	Loss1: 5.840707 Loss2: 0.000027 
| Global Round : 16 | Client :7 | Local Epoch : 3 | [64/824 (8%)]	Loss1: 5.840229 Loss2: 0.000027 
| Global Round : 16 | Client :7 | Local Epoch : 3 | [704/824 (92%)]	Loss1: 5.839347 Loss2: 0.000028 
| Global Round : 16 | Client :7 | Local Epoch : 4 | [64/824 (8%)]	Loss1: 5.841989 Loss2: 0.000027 
| Global Round : 16 | Client :7 | Local Epoch : 4 | [704/824 (92%)]	Loss1: 5.840288 Loss2: 0.000026 
| Global Round : 16 | Client :8 | Local Epoch : 0 | [64/714 (9%)]	Loss1: 5.843031 Loss2: 0.000020 
| Global Round : 16 | Client :8 | Local Epoch : 0 | [704/714 (100%)]	Loss1: 5.843176 Loss2: 0.000026 
| Global Round : 16 | Client :8 | Local Epoch : 1 | [64/714 (9%)]	Loss1: 5.842220 Loss2: 0.000021 
| Global Round : 16 | Client :8 | Local Epoch : 1 | [704/714 (100%)]	Loss1: 5.842020 Loss2: 0.000025 
| Global Round : 16 | Client :8 | Local Epoch : 2 | [64/714 (9%)]	Loss1: 5.843013 Loss2: 0.000023 
| Global Round : 16 | Client :8 | Local Epoch : 2 | [704/714 (100%)]	Loss1: 5.841866 Loss2: 0.000026 
| Global Round : 16 | Client :8 | Local Epoch : 3 | [64/714 (9%)]	Loss1: 5.842980 Loss2: 0.000020 
| Global Round : 16 | Client :8 | Local Epoch : 3 | [704/714 (100%)]	Loss1: 5.843664 Loss2: 0.000024 
| Global Round : 16 | Client :8 | Local Epoch : 4 | [64/714 (9%)]	Loss1: 5.842992 Loss2: 0.000021 
| Global Round : 16 | Client :8 | Local Epoch : 4 | [704/714 (100%)]	Loss1: 5.843233 Loss2: 0.000024 
| Global Round : 16 | Client :9 | Local Epoch : 0 | [64/607 (11%)]	Loss1: 5.842163 Loss2: 0.000017 
| Global Round : 16 | Client :9 | Local Epoch : 1 | [64/607 (11%)]	Loss1: 5.843249 Loss2: 0.000019 
| Global Round : 16 | Client :9 | Local Epoch : 2 | [64/607 (11%)]	Loss1: 5.842708 Loss2: 0.000020 
| Global Round : 16 | Client :9 | Local Epoch : 3 | [64/607 (11%)]	Loss1: 5.843911 Loss2: 0.000020 
| Global Round : 16 | Client :9 | Local Epoch : 4 | [64/607 (11%)]	Loss1: 5.842532 Loss2: 0.000018 
average loss:   5.839724357750852
average local test accuracy: 0.8223958333333332
average global test accuracy:  0.651953125

 | Global Training Round : 17 |

xi_k [0.47598237 0.53278292 0.53278937 0.49500865 0.49114193 0.50787826
 0.51091849 0.49652247 0.52535902 0.50564709]
max_exp: -1.0
coe: 10
Regulation [0.8 0.8 0.8 0.8 0.8 0.8 0.8 0.8 0.8 0.8]
Solver status: optimal_inaccurate
b_new: [1. 1. 1. 1. 1. 1. 1. 1. 1. 1.]
Iter 0: obj=50.3403, best_obj=50.3403, ||b_new-b_prev||₂=2.846050
xi_k [0.47598237 0.53278292 0.53278937 0.49500865 0.49114193 0.50787826
 0.51091849 0.49652247 0.52535902 0.50564709]
max_exp: -1.0
coe: 10
Regulation [-1. -1. -1. -1. -1. -1. -1. -1. -1. -1.]
Solver status: optimal_inaccurate
b_new: [1. 1. 1. 1. 1. 1. 1. 1. 1. 1.]
Iter 1: obj=51.2403, best_obj=51.2403, ||b_new-b_prev||₂=0.000000
Converged.
Final b: [1. 1. 1. 1. 1. 1. 1. 1. 1. 1.]
<class 'numpy.ndarray'>
b_float: [1. 1. 1. 1. 1. 1. 1. 1. 1. 1.]
b: [1 1 1 1 1 1 1 1 1 1]
active_clients:  [0, 1, 2, 3, 4, 5, 6, 7, 8, 9]
Client 0's s_k are:[0 1 1 1 1 1 1 1 1 1]
Client 1's s_k are:[1 0 1 1 1 1 1 1 1 1]
Client 2's s_k are:[1 1 0 1 1 1 1 1 1 1]
Client 3's s_k are:[1 1 1 0 1 1 1 1 1 1]
Client 4's s_k are:[1 1 1 1 0 1 1 1 1 1]
Client 5's s_k are:[1 1 1 1 1 0 1 1 1 1]
Client 6's s_k are:[1 1 1 1 1 1 0 1 1 1]
Client 7's s_k are:[1 1 1 1 1 1 1 0 1 1]
Client 8's s_k are:[1 1 1 1 1 1 1 1 0 1]
Client 9's s_k are:[1 1 1 1 1 1 1 1 1 0]
| Global Round : 17 | Client :0 | Local Epoch : 0 | [64/573 (12%)]	Loss1: 5.840595 Loss2: 0.000026 
| Global Round : 17 | Client :0 | Local Epoch : 1 | [64/573 (12%)]	Loss1: 5.841318 Loss2: 0.000025 
| Global Round : 17 | Client :0 | Local Epoch : 2 | [64/573 (12%)]	Loss1: 5.840851 Loss2: 0.000025 
| Global Round : 17 | Client :0 | Local Epoch : 3 | [64/573 (12%)]	Loss1: 5.842000 Loss2: 0.000027 
| Global Round : 17 | Client :0 | Local Epoch : 4 | [64/573 (12%)]	Loss1: 5.841888 Loss2: 0.000023 
| Global Round : 17 | Client :1 | Local Epoch : 0 | [64/448 (14%)]	Loss1: 5.841603 Loss2: 0.000017 
| Global Round : 17 | Client :1 | Local Epoch : 1 | [64/448 (14%)]	Loss1: 5.842601 Loss2: 0.000021 
| Global Round : 17 | Client :1 | Local Epoch : 2 | [64/448 (14%)]	Loss1: 5.842275 Loss2: 0.000019 
| Global Round : 17 | Client :1 | Local Epoch : 3 | [64/448 (14%)]	Loss1: 5.842325 Loss2: 0.000017 
| Global Round : 17 | Client :1 | Local Epoch : 4 | [64/448 (14%)]	Loss1: 5.841602 Loss2: 0.000019 
| Global Round : 17 | Client :2 | Local Epoch : 0 | [64/448 (14%)]	Loss1: 5.842535 Loss2: 0.000014 
| Global Round : 17 | Client :2 | Local Epoch : 1 | [64/448 (14%)]	Loss1: 5.842771 Loss2: 0.000017 
| Global Round : 17 | Client :2 | Local Epoch : 2 | [64/448 (14%)]	Loss1: 5.842226 Loss2: 0.000020 
| Global Round : 17 | Client :2 | Local Epoch : 3 | [64/448 (14%)]	Loss1: 5.841906 Loss2: 0.000017 
| Global Round : 17 | Client :2 | Local Epoch : 4 | [64/448 (14%)]	Loss1: 5.842683 Loss2: 0.000017 
| Global Round : 17 | Client :3 | Local Epoch : 0 | [64/620 (11%)]	Loss1: 5.841157 Loss2: 0.000020 
| Global Round : 17 | Client :3 | Local Epoch : 1 | [64/620 (11%)]	Loss1: 5.842304 Loss2: 0.000021 
| Global Round : 17 | Client :3 | Local Epoch : 2 | [64/620 (11%)]	Loss1: 5.842090 Loss2: 0.000017 
| Global Round : 17 | Client :3 | Local Epoch : 3 | [64/620 (11%)]	Loss1: 5.842435 Loss2: 0.000017 
| Global Round : 17 | Client :3 | Local Epoch : 4 | [64/620 (11%)]	Loss1: 5.840466 Loss2: 0.000018 
| Global Round : 17 | Client :4 | Local Epoch : 0 | [64/625 (11%)]	Loss1: 5.841597 Loss2: 0.000025 
| Global Round : 17 | Client :4 | Local Epoch : 1 | [64/625 (11%)]	Loss1: 5.842183 Loss2: 0.000020 
| Global Round : 17 | Client :4 | Local Epoch : 2 | [64/625 (11%)]	Loss1: 5.841822 Loss2: 0.000020 
| Global Round : 17 | Client :4 | Local Epoch : 3 | [64/625 (11%)]	Loss1: 5.842139 Loss2: 0.000020 
| Global Round : 17 | Client :4 | Local Epoch : 4 | [64/625 (11%)]	Loss1: 5.843337 Loss2: 0.000019 
| Global Round : 17 | Client :5 | Local Epoch : 0 | [64/604 (11%)]	Loss1: 5.840957 Loss2: 0.000022 
| Global Round : 17 | Client :5 | Local Epoch : 1 | [64/604 (11%)]	Loss1: 5.839883 Loss2: 0.000024 
| Global Round : 17 | Client :5 | Local Epoch : 2 | [64/604 (11%)]	Loss1: 5.839996 Loss2: 0.000021 
| Global Round : 17 | Client :5 | Local Epoch : 3 | [64/604 (11%)]	Loss1: 5.840338 Loss2: 0.000024 
| Global Round : 17 | Client :5 | Local Epoch : 4 | [64/604 (11%)]	Loss1: 5.840490 Loss2: 0.000024 
| Global Round : 17 | Client :6 | Local Epoch : 0 | [64/534 (12%)]	Loss1: 5.842640 Loss2: 0.000018 
| Global Round : 17 | Client :6 | Local Epoch : 1 | [64/534 (12%)]	Loss1: 5.841534 Loss2: 0.000017 
| Global Round : 17 | Client :6 | Local Epoch : 2 | [64/534 (12%)]	Loss1: 5.842520 Loss2: 0.000019 
| Global Round : 17 | Client :6 | Local Epoch : 3 | [64/534 (12%)]	Loss1: 5.842483 Loss2: 0.000011 
| Global Round : 17 | Client :6 | Local Epoch : 4 | [64/534 (12%)]	Loss1: 5.841968 Loss2: 0.000014 
| Global Round : 17 | Client :7 | Local Epoch : 0 | [64/824 (8%)]	Loss1: 5.841168 Loss2: 0.000028 
| Global Round : 17 | Client :7 | Local Epoch : 0 | [704/824 (92%)]	Loss1: 5.841486 Loss2: 0.000024 
| Global Round : 17 | Client :7 | Local Epoch : 1 | [64/824 (8%)]	Loss1: 5.841392 Loss2: 0.000028 
| Global Round : 17 | Client :7 | Local Epoch : 1 | [704/824 (92%)]	Loss1: 5.841579 Loss2: 0.000022 
| Global Round : 17 | Client :7 | Local Epoch : 2 | [64/824 (8%)]	Loss1: 5.841127 Loss2: 0.000028 
| Global Round : 17 | Client :7 | Local Epoch : 2 | [704/824 (92%)]	Loss1: 5.840609 Loss2: 0.000027 
| Global Round : 17 | Client :7 | Local Epoch : 3 | [64/824 (8%)]	Loss1: 5.840418 Loss2: 0.000028 
| Global Round : 17 | Client :7 | Local Epoch : 3 | [704/824 (92%)]	Loss1: 5.839780 Loss2: 0.000026 
| Global Round : 17 | Client :7 | Local Epoch : 4 | [64/824 (8%)]	Loss1: 5.841000 Loss2: 0.000029 
| Global Round : 17 | Client :7 | Local Epoch : 4 | [704/824 (92%)]	Loss1: 5.841865 Loss2: 0.000026 
| Global Round : 17 | Client :8 | Local Epoch : 0 | [64/714 (9%)]	Loss1: 5.842039 Loss2: 0.000020 
| Global Round : 17 | Client :8 | Local Epoch : 0 | [704/714 (100%)]	Loss1: 5.842201 Loss2: 0.000030 
| Global Round : 17 | Client :8 | Local Epoch : 1 | [64/714 (9%)]	Loss1: 5.843319 Loss2: 0.000024 
| Global Round : 17 | Client :8 | Local Epoch : 1 | [704/714 (100%)]	Loss1: 5.841041 Loss2: 0.000028 
| Global Round : 17 | Client :8 | Local Epoch : 2 | [64/714 (9%)]	Loss1: 5.842157 Loss2: 0.000024 
| Global Round : 17 | Client :8 | Local Epoch : 2 | [704/714 (100%)]	Loss1: 5.843649 Loss2: 0.000023 
| Global Round : 17 | Client :8 | Local Epoch : 3 | [64/714 (9%)]	Loss1: 5.842212 Loss2: 0.000023 
| Global Round : 17 | Client :8 | Local Epoch : 3 | [704/714 (100%)]	Loss1: 5.841523 Loss2: 0.000022 
| Global Round : 17 | Client :8 | Local Epoch : 4 | [64/714 (9%)]	Loss1: 5.841516 Loss2: 0.000020 
| Global Round : 17 | Client :8 | Local Epoch : 4 | [704/714 (100%)]	Loss1: 5.842380 Loss2: 0.000026 
| Global Round : 17 | Client :9 | Local Epoch : 0 | [64/607 (11%)]	Loss1: 5.843946 Loss2: 0.000018 
| Global Round : 17 | Client :9 | Local Epoch : 1 | [64/607 (11%)]	Loss1: 5.843279 Loss2: 0.000019 
| Global Round : 17 | Client :9 | Local Epoch : 2 | [64/607 (11%)]	Loss1: 5.844810 Loss2: 0.000017 
| Global Round : 17 | Client :9 | Local Epoch : 3 | [64/607 (11%)]	Loss1: 5.843103 Loss2: 0.000022 
| Global Round : 17 | Client :9 | Local Epoch : 4 | [64/607 (11%)]	Loss1: 5.842078 Loss2: 0.000021 
average loss:   5.83951135823909
average local test accuracy: 0.834765625
average global test accuracy:  0.65546875

 | Global Training Round : 18 |

xi_k [0.47592893 0.53275776 0.53278653 0.49496877 0.49111767 0.50788852
 0.51086121 0.49643546 0.52536571 0.50557303]
max_exp: -1.0
coe: 10
Regulation [0.8 0.8 0.8 0.8 0.8 0.8 0.8 0.8 0.8 0.8]
Solver status: optimal_inaccurate
b_new: [1. 1. 1. 1. 1. 1. 1. 1. 1. 1.]
Iter 0: obj=50.3368, best_obj=50.3368, ||b_new-b_prev||₂=2.846050
xi_k [0.47592893 0.53275776 0.53278653 0.49496877 0.49111767 0.50788852
 0.51086121 0.49643546 0.52536571 0.50557303]
max_exp: -1.0
coe: 10
Regulation [-1. -1. -1. -1. -1. -1. -1. -1. -1. -1.]
Solver status: optimal_inaccurate
b_new: [1. 1. 1. 1. 1. 1. 1. 1. 1. 1.]
Iter 1: obj=51.2368, best_obj=51.2368, ||b_new-b_prev||₂=0.000000
Converged.
Final b: [1. 1. 1. 1. 1. 1. 1. 1. 1. 1.]
<class 'numpy.ndarray'>
b_float: [1. 1. 1. 1. 1. 1. 1. 1. 1. 1.]
b: [1 1 1 1 1 1 1 1 1 1]
active_clients:  [0, 1, 2, 3, 4, 5, 6, 7, 8, 9]
Client 0's s_k are:[0 1 1 1 1 1 1 1 1 1]
Client 1's s_k are:[1 0 1 1 1 1 1 1 1 1]
Client 2's s_k are:[1 1 0 1 1 1 1 1 1 1]
Client 3's s_k are:[1 1 1 0 1 1 1 1 1 1]
Client 4's s_k are:[1 1 1 1 0 1 1 1 1 1]
Client 5's s_k are:[1 1 1 1 1 0 1 1 1 1]
Client 6's s_k are:[1 1 1 1 1 1 0 1 1 1]
Client 7's s_k are:[1 1 1 1 1 1 1 0 1 1]
Client 8's s_k are:[1 1 1 1 1 1 1 1 0 1]
Client 9's s_k are:[1 1 1 1 1 1 1 1 1 0]
| Global Round : 18 | Client :0 | Local Epoch : 0 | [64/573 (12%)]	Loss1: 5.840616 Loss2: 0.000027 
| Global Round : 18 | Client :0 | Local Epoch : 1 | [64/573 (12%)]	Loss1: 5.840702 Loss2: 0.000027 
| Global Round : 18 | Client :0 | Local Epoch : 2 | [64/573 (12%)]	Loss1: 5.841250 Loss2: 0.000027 
| Global Round : 18 | Client :0 | Local Epoch : 3 | [64/573 (12%)]	Loss1: 5.839433 Loss2: 0.000027 
| Global Round : 18 | Client :0 | Local Epoch : 4 | [64/573 (12%)]	Loss1: 5.840021 Loss2: 0.000028 
| Global Round : 18 | Client :1 | Local Epoch : 0 | [64/448 (14%)]	Loss1: 5.842065 Loss2: 0.000019 
| Global Round : 18 | Client :1 | Local Epoch : 1 | [64/448 (14%)]	Loss1: 5.842480 Loss2: 0.000020 
| Global Round : 18 | Client :1 | Local Epoch : 2 | [64/448 (14%)]	Loss1: 5.841202 Loss2: 0.000015 
| Global Round : 18 | Client :1 | Local Epoch : 3 | [64/448 (14%)]	Loss1: 5.841356 Loss2: 0.000022 
| Global Round : 18 | Client :1 | Local Epoch : 4 | [64/448 (14%)]	Loss1: 5.841502 Loss2: 0.000015 
| Global Round : 18 | Client :2 | Local Epoch : 0 | [64/448 (14%)]	Loss1: 5.843065 Loss2: 0.000013 
| Global Round : 18 | Client :2 | Local Epoch : 1 | [64/448 (14%)]	Loss1: 5.843673 Loss2: 0.000018 
| Global Round : 18 | Client :2 | Local Epoch : 2 | [64/448 (14%)]	Loss1: 5.841525 Loss2: 0.000016 
| Global Round : 18 | Client :2 | Local Epoch : 3 | [64/448 (14%)]	Loss1: 5.843749 Loss2: 0.000016 
| Global Round : 18 | Client :2 | Local Epoch : 4 | [64/448 (14%)]	Loss1: 5.842349 Loss2: 0.000020 
| Global Round : 18 | Client :3 | Local Epoch : 0 | [64/620 (11%)]	Loss1: 5.841140 Loss2: 0.000017 
| Global Round : 18 | Client :3 | Local Epoch : 1 | [64/620 (11%)]	Loss1: 5.842571 Loss2: 0.000019 
| Global Round : 18 | Client :3 | Local Epoch : 2 | [64/620 (11%)]	Loss1: 5.841164 Loss2: 0.000019 
| Global Round : 18 | Client :3 | Local Epoch : 3 | [64/620 (11%)]	Loss1: 5.842328 Loss2: 0.000017 
| Global Round : 18 | Client :3 | Local Epoch : 4 | [64/620 (11%)]	Loss1: 5.843487 Loss2: 0.000016 
| Global Round : 18 | Client :4 | Local Epoch : 0 | [64/625 (11%)]	Loss1: 5.842508 Loss2: 0.000021 
| Global Round : 18 | Client :4 | Local Epoch : 1 | [64/625 (11%)]	Loss1: 5.841666 Loss2: 0.000028 
| Global Round : 18 | Client :4 | Local Epoch : 2 | [64/625 (11%)]	Loss1: 5.841732 Loss2: 0.000019 
| Global Round : 18 | Client :4 | Local Epoch : 3 | [64/625 (11%)]	Loss1: 5.841202 Loss2: 0.000020 
| Global Round : 18 | Client :4 | Local Epoch : 4 | [64/625 (11%)]	Loss1: 5.840990 Loss2: 0.000023 
| Global Round : 18 | Client :5 | Local Epoch : 0 | [64/604 (11%)]	Loss1: 5.839179 Loss2: 0.000023 
| Global Round : 18 | Client :5 | Local Epoch : 1 | [64/604 (11%)]	Loss1: 5.841186 Loss2: 0.000019 
| Global Round : 18 | Client :5 | Local Epoch : 2 | [64/604 (11%)]	Loss1: 5.840221 Loss2: 0.000022 
| Global Round : 18 | Client :5 | Local Epoch : 3 | [64/604 (11%)]	Loss1: 5.841363 Loss2: 0.000022 
| Global Round : 18 | Client :5 | Local Epoch : 4 | [64/604 (11%)]	Loss1: 5.840508 Loss2: 0.000022 
| Global Round : 18 | Client :6 | Local Epoch : 0 | [64/534 (12%)]	Loss1: 5.844233 Loss2: 0.000017 
| Global Round : 18 | Client :6 | Local Epoch : 1 | [64/534 (12%)]	Loss1: 5.843015 Loss2: 0.000011 
| Global Round : 18 | Client :6 | Local Epoch : 2 | [64/534 (12%)]	Loss1: 5.843118 Loss2: 0.000016 
| Global Round : 18 | Client :6 | Local Epoch : 3 | [64/534 (12%)]	Loss1: 5.843455 Loss2: 0.000015 
| Global Round : 18 | Client :6 | Local Epoch : 4 | [64/534 (12%)]	Loss1: 5.842057 Loss2: 0.000010 
| Global Round : 18 | Client :7 | Local Epoch : 0 | [64/824 (8%)]	Loss1: 5.839967 Loss2: 0.000031 
| Global Round : 18 | Client :7 | Local Epoch : 0 | [704/824 (92%)]	Loss1: 5.840539 Loss2: 0.000031 
| Global Round : 18 | Client :7 | Local Epoch : 1 | [64/824 (8%)]	Loss1: 5.842014 Loss2: 0.000032 
| Global Round : 18 | Client :7 | Local Epoch : 1 | [704/824 (92%)]	Loss1: 5.839434 Loss2: 0.000024 
| Global Round : 18 | Client :7 | Local Epoch : 2 | [64/824 (8%)]	Loss1: 5.840416 Loss2: 0.000030 
| Global Round : 18 | Client :7 | Local Epoch : 2 | [704/824 (92%)]	Loss1: 5.841483 Loss2: 0.000030 
| Global Round : 18 | Client :7 | Local Epoch : 3 | [64/824 (8%)]	Loss1: 5.840398 Loss2: 0.000031 
| Global Round : 18 | Client :7 | Local Epoch : 3 | [704/824 (92%)]	Loss1: 5.839913 Loss2: 0.000029 
| Global Round : 18 | Client :7 | Local Epoch : 4 | [64/824 (8%)]	Loss1: 5.841680 Loss2: 0.000027 
| Global Round : 18 | Client :7 | Local Epoch : 4 | [704/824 (92%)]	Loss1: 5.841215 Loss2: 0.000027 
| Global Round : 18 | Client :8 | Local Epoch : 0 | [64/714 (9%)]	Loss1: 5.842973 Loss2: 0.000021 
| Global Round : 18 | Client :8 | Local Epoch : 0 | [704/714 (100%)]	Loss1: 5.843279 Loss2: 0.000027 
| Global Round : 18 | Client :8 | Local Epoch : 1 | [64/714 (9%)]	Loss1: 5.842975 Loss2: 0.000025 
| Global Round : 18 | Client :8 | Local Epoch : 1 | [704/714 (100%)]	Loss1: 5.841146 Loss2: 0.000025 
| Global Round : 18 | Client :8 | Local Epoch : 2 | [64/714 (9%)]	Loss1: 5.842515 Loss2: 0.000020 
| Global Round : 18 | Client :8 | Local Epoch : 2 | [704/714 (100%)]	Loss1: 5.843075 Loss2: 0.000022 
| Global Round : 18 | Client :8 | Local Epoch : 3 | [64/714 (9%)]	Loss1: 5.842108 Loss2: 0.000022 
| Global Round : 18 | Client :8 | Local Epoch : 3 | [704/714 (100%)]	Loss1: 5.842535 Loss2: 0.000024 
| Global Round : 18 | Client :8 | Local Epoch : 4 | [64/714 (9%)]	Loss1: 5.842369 Loss2: 0.000021 
| Global Round : 18 | Client :8 | Local Epoch : 4 | [704/714 (100%)]	Loss1: 5.841558 Loss2: 0.000024 
| Global Round : 18 | Client :9 | Local Epoch : 0 | [64/607 (11%)]	Loss1: 5.842841 Loss2: 0.000016 
| Global Round : 18 | Client :9 | Local Epoch : 1 | [64/607 (11%)]	Loss1: 5.843414 Loss2: 0.000017 
| Global Round : 18 | Client :9 | Local Epoch : 2 | [64/607 (11%)]	Loss1: 5.842741 Loss2: 0.000015 
| Global Round : 18 | Client :9 | Local Epoch : 3 | [64/607 (11%)]	Loss1: 5.842981 Loss2: 0.000016 
| Global Round : 18 | Client :9 | Local Epoch : 4 | [64/607 (11%)]	Loss1: 5.843029 Loss2: 0.000015 
average loss:   5.839424276231516
average local test accuracy: 0.8209635416666666
average global test accuracy:  0.6609375

 | Global Training Round : 19 |

xi_k [0.47593762 0.53275248 0.5327106  0.4949272  0.49113052 0.50787399
 0.51088954 0.49649788 0.52532255 0.50556583]
max_exp: -1.0
coe: 10
Regulation [0.8 0.8 0.8 0.8 0.8 0.8 0.8 0.8 0.8 0.8]
Solver status: optimal_inaccurate
b_new: [1. 1. 1. 1. 1. 1. 1. 1. 1. 1.]
Iter 0: obj=50.3361, best_obj=50.3361, ||b_new-b_prev||₂=2.846050
xi_k [0.47593762 0.53275248 0.5327106  0.4949272  0.49113052 0.50787399
 0.51088954 0.49649788 0.52532255 0.50556583]
max_exp: -1.0
coe: 10
Regulation [-1. -1. -1. -1. -1. -1. -1. -1. -1. -1.]
Solver status: optimal_inaccurate
b_new: [1. 1. 1. 1. 1. 1. 1. 1. 1. 1.]
Iter 1: obj=51.2361, best_obj=51.2361, ||b_new-b_prev||₂=0.000000
Converged.
Final b: [1. 1. 1. 1. 1. 1. 1. 1. 1. 1.]
<class 'numpy.ndarray'>
b_float: [1. 1. 1. 1. 1. 1. 1. 1. 1. 1.]
b: [1 1 1 1 1 1 1 1 1 1]
active_clients:  [0, 1, 2, 3, 4, 5, 6, 7, 8, 9]
Client 0's s_k are:[0 1 1 1 1 1 1 1 1 1]
Client 1's s_k are:[1 0 1 1 1 1 1 1 1 1]
Client 2's s_k are:[1 1 0 1 1 1 1 1 1 1]
Client 3's s_k are:[1 1 1 0 1 1 1 1 1 1]
Client 4's s_k are:[1 1 1 1 0 1 1 1 1 1]
Client 5's s_k are:[1 1 1 1 1 0 1 1 1 1]
Client 6's s_k are:[1 1 1 1 1 1 0 1 1 1]
Client 7's s_k are:[1 1 1 1 1 1 1 0 1 1]
Client 8's s_k are:[1 1 1 1 1 1 1 1 0 1]
Client 9's s_k are:[1 1 1 1 1 1 1 1 1 0]
| Global Round : 19 | Client :0 | Local Epoch : 0 | [64/573 (12%)]	Loss1: 5.840074 Loss2: 0.000024 
| Global Round : 19 | Client :0 | Local Epoch : 1 | [64/573 (12%)]	Loss1: 5.841375 Loss2: 0.000027 
| Global Round : 19 | Client :0 | Local Epoch : 2 | [64/573 (12%)]	Loss1: 5.839784 Loss2: 0.000026 
| Global Round : 19 | Client :0 | Local Epoch : 3 | [64/573 (12%)]	Loss1: 5.840919 Loss2: 0.000027 
| Global Round : 19 | Client :0 | Local Epoch : 4 | [64/573 (12%)]	Loss1: 5.841696 Loss2: 0.000024 
| Global Round : 19 | Client :1 | Local Epoch : 0 | [64/448 (14%)]	Loss1: 5.842921 Loss2: 0.000017 
| Global Round : 19 | Client :1 | Local Epoch : 1 | [64/448 (14%)]	Loss1: 5.843019 Loss2: 0.000018 
| Global Round : 19 | Client :1 | Local Epoch : 2 | [64/448 (14%)]	Loss1: 5.842030 Loss2: 0.000018 
| Global Round : 19 | Client :1 | Local Epoch : 3 | [64/448 (14%)]	Loss1: 5.842435 Loss2: 0.000016 
| Global Round : 19 | Client :1 | Local Epoch : 4 | [64/448 (14%)]	Loss1: 5.843899 Loss2: 0.000016 
| Global Round : 19 | Client :2 | Local Epoch : 0 | [64/448 (14%)]	Loss1: 5.841140 Loss2: 0.000020 
| Global Round : 19 | Client :2 | Local Epoch : 1 | [64/448 (14%)]	Loss1: 5.843215 Loss2: 0.000019 
| Global Round : 19 | Client :2 | Local Epoch : 2 | [64/448 (14%)]	Loss1: 5.843649 Loss2: 0.000016 
| Global Round : 19 | Client :2 | Local Epoch : 3 | [64/448 (14%)]	Loss1: 5.840916 Loss2: 0.000018 
| Global Round : 19 | Client :2 | Local Epoch : 4 | [64/448 (14%)]	Loss1: 5.841856 Loss2: 0.000017 
| Global Round : 19 | Client :3 | Local Epoch : 0 | [64/620 (11%)]	Loss1: 5.841560 Loss2: 0.000021 
| Global Round : 19 | Client :3 | Local Epoch : 1 | [64/620 (11%)]	Loss1: 5.842432 Loss2: 0.000016 
| Global Round : 19 | Client :3 | Local Epoch : 2 | [64/620 (11%)]	Loss1: 5.840937 Loss2: 0.000021 
| Global Round : 19 | Client :3 | Local Epoch : 3 | [64/620 (11%)]	Loss1: 5.840045 Loss2: 0.000019 
| Global Round : 19 | Client :3 | Local Epoch : 4 | [64/620 (11%)]	Loss1: 5.842166 Loss2: 0.000016 
| Global Round : 19 | Client :4 | Local Epoch : 0 | [64/625 (11%)]	Loss1: 5.841174 Loss2: 0.000020 
| Global Round : 19 | Client :4 | Local Epoch : 1 | [64/625 (11%)]	Loss1: 5.842852 Loss2: 0.000017 
| Global Round : 19 | Client :4 | Local Epoch : 2 | [64/625 (11%)]	Loss1: 5.840821 Loss2: 0.000024 
| Global Round : 19 | Client :4 | Local Epoch : 3 | [64/625 (11%)]	Loss1: 5.841904 Loss2: 0.000020 
| Global Round : 19 | Client :4 | Local Epoch : 4 | [64/625 (11%)]	Loss1: 5.842198 Loss2: 0.000021 
| Global Round : 19 | Client :5 | Local Epoch : 0 | [64/604 (11%)]	Loss1: 5.839618 Loss2: 0.000024 
| Global Round : 19 | Client :5 | Local Epoch : 1 | [64/604 (11%)]	Loss1: 5.840634 Loss2: 0.000023 
| Global Round : 19 | Client :5 | Local Epoch : 2 | [64/604 (11%)]	Loss1: 5.839711 Loss2: 0.000023 
| Global Round : 19 | Client :5 | Local Epoch : 3 | [64/604 (11%)]	Loss1: 5.839681 Loss2: 0.000024 
| Global Round : 19 | Client :5 | Local Epoch : 4 | [64/604 (11%)]	Loss1: 5.840407 Loss2: 0.000023 
| Global Round : 19 | Client :6 | Local Epoch : 0 | [64/534 (12%)]	Loss1: 5.842345 Loss2: 0.000014 
| Global Round : 19 | Client :6 | Local Epoch : 1 | [64/534 (12%)]	Loss1: 5.841541 Loss2: 0.000013 
| Global Round : 19 | Client :6 | Local Epoch : 2 | [64/534 (12%)]	Loss1: 5.843199 Loss2: 0.000012 
| Global Round : 19 | Client :6 | Local Epoch : 3 | [64/534 (12%)]	Loss1: 5.842079 Loss2: 0.000015 
| Global Round : 19 | Client :6 | Local Epoch : 4 | [64/534 (12%)]	Loss1: 5.844028 Loss2: 0.000012 
| Global Round : 19 | Client :7 | Local Epoch : 0 | [64/824 (8%)]	Loss1: 5.839746 Loss2: 0.000028 
| Global Round : 19 | Client :7 | Local Epoch : 0 | [704/824 (92%)]	Loss1: 5.840270 Loss2: 0.000026 
| Global Round : 19 | Client :7 | Local Epoch : 1 | [64/824 (8%)]	Loss1: 5.841744 Loss2: 0.000023 
| Global Round : 19 | Client :7 | Local Epoch : 1 | [704/824 (92%)]	Loss1: 5.840991 Loss2: 0.000031 
| Global Round : 19 | Client :7 | Local Epoch : 2 | [64/824 (8%)]	Loss1: 5.840946 Loss2: 0.000031 
| Global Round : 19 | Client :7 | Local Epoch : 2 | [704/824 (92%)]	Loss1: 5.840234 Loss2: 0.000026 
| Global Round : 19 | Client :7 | Local Epoch : 3 | [64/824 (8%)]	Loss1: 5.840059 Loss2: 0.000028 
| Global Round : 19 | Client :7 | Local Epoch : 3 | [704/824 (92%)]	Loss1: 5.841424 Loss2: 0.000026 
| Global Round : 19 | Client :7 | Local Epoch : 4 | [64/824 (8%)]	Loss1: 5.840400 Loss2: 0.000028 
| Global Round : 19 | Client :7 | Local Epoch : 4 | [704/824 (92%)]	Loss1: 5.839914 Loss2: 0.000025 
| Global Round : 19 | Client :8 | Local Epoch : 0 | [64/714 (9%)]	Loss1: 5.841873 Loss2: 0.000018 
| Global Round : 19 | Client :8 | Local Epoch : 0 | [704/714 (100%)]	Loss1: 5.842459 Loss2: 0.000023 
| Global Round : 19 | Client :8 | Local Epoch : 1 | [64/714 (9%)]	Loss1: 5.841191 Loss2: 0.000017 
| Global Round : 19 | Client :8 | Local Epoch : 1 | [704/714 (100%)]	Loss1: 5.842212 Loss2: 0.000020 
| Global Round : 19 | Client :8 | Local Epoch : 2 | [64/714 (9%)]	Loss1: 5.841297 Loss2: 0.000022 
| Global Round : 19 | Client :8 | Local Epoch : 2 | [704/714 (100%)]	Loss1: 5.842893 Loss2: 0.000021 
| Global Round : 19 | Client :8 | Local Epoch : 3 | [64/714 (9%)]	Loss1: 5.842646 Loss2: 0.000018 
| Global Round : 19 | Client :8 | Local Epoch : 3 | [704/714 (100%)]	Loss1: 5.842198 Loss2: 0.000023 
| Global Round : 19 | Client :8 | Local Epoch : 4 | [64/714 (9%)]	Loss1: 5.841205 Loss2: 0.000018 
| Global Round : 19 | Client :8 | Local Epoch : 4 | [704/714 (100%)]	Loss1: 5.841304 Loss2: 0.000024 
| Global Round : 19 | Client :9 | Local Epoch : 0 | [64/607 (11%)]	Loss1: 5.843426 Loss2: 0.000021 
| Global Round : 19 | Client :9 | Local Epoch : 1 | [64/607 (11%)]	Loss1: 5.843628 Loss2: 0.000019 
| Global Round : 19 | Client :9 | Local Epoch : 2 | [64/607 (11%)]	Loss1: 5.842192 Loss2: 0.000017 
| Global Round : 19 | Client :9 | Local Epoch : 3 | [64/607 (11%)]	Loss1: 5.843388 Loss2: 0.000020 
| Global Round : 19 | Client :9 | Local Epoch : 4 | [64/607 (11%)]	Loss1: 5.842487 Loss2: 0.000018 
average loss:   5.839333614633885
average local test accuracy: 0.82421875
average global test accuracy:  0.6046875

 | Global Training Round : 20 |

xi_k [0.47592886 0.53270979 0.53271629 0.49492367 0.49106312 0.50786378
 0.51083688 0.49644329 0.52529826 0.50556542]
max_exp: -1.0
coe: 10
Regulation [0.8 0.8 0.8 0.8 0.8 0.8 0.8 0.8 0.8 0.8]
Solver status: optimal_inaccurate
b_new: [1. 1. 1. 1. 1. 1. 1. 1. 1. 1.]
Iter 0: obj=50.3335, best_obj=50.3335, ||b_new-b_prev||₂=2.846050
xi_k [0.47592886 0.53270979 0.53271629 0.49492367 0.49106312 0.50786378
 0.51083688 0.49644329 0.52529826 0.50556542]
max_exp: -1.0
coe: 10
Regulation [-1. -1. -1. -1. -1. -1. -1. -1. -1. -1.]
Solver status: optimal_inaccurate
b_new: [1. 1. 1. 1. 1. 1. 1. 1. 1. 1.]
Iter 1: obj=51.2335, best_obj=51.2335, ||b_new-b_prev||₂=0.000000
Converged.
Final b: [1. 1. 1. 1. 1. 1. 1. 1. 1. 1.]
<class 'numpy.ndarray'>
b_float: [1. 1. 1. 1. 1. 1. 1. 1. 1. 1.]
b: [1 1 1 1 1 1 1 1 1 1]
active_clients:  [0, 1, 2, 3, 4, 5, 6, 7, 8, 9]
Client 0's s_k are:[0 1 1 1 1 1 1 1 1 1]
Client 1's s_k are:[1 0 1 1 1 1 1 1 1 1]
Client 2's s_k are:[1 1 0 1 1 1 1 1 1 1]
Client 3's s_k are:[1 1 1 0 1 1 1 1 1 1]
Client 4's s_k are:[1 1 1 1 0 1 1 1 1 1]
Client 5's s_k are:[1 1 1 1 1 0 1 1 1 1]
Client 6's s_k are:[1 1 1 1 1 1 0 1 1 1]
Client 7's s_k are:[1 1 1 1 1 1 1 0 1 1]
Client 8's s_k are:[1 1 1 1 1 1 1 1 0 1]
Client 9's s_k are:[1 1 1 1 1 1 1 1 1 0]
| Global Round : 20 | Client :0 | Local Epoch : 0 | [64/573 (12%)]	Loss1: 5.841184 Loss2: 0.000026 
| Global Round : 20 | Client :0 | Local Epoch : 1 | [64/573 (12%)]	Loss1: 5.841030 Loss2: 0.000027 
| Global Round : 20 | Client :0 | Local Epoch : 2 | [64/573 (12%)]	Loss1: 5.842104 Loss2: 0.000023 
| Global Round : 20 | Client :0 | Local Epoch : 3 | [64/573 (12%)]	Loss1: 5.840736 Loss2: 0.000028 
| Global Round : 20 | Client :0 | Local Epoch : 4 | [64/573 (12%)]	Loss1: 5.839605 Loss2: 0.000023 
| Global Round : 20 | Client :1 | Local Epoch : 0 | [64/448 (14%)]	Loss1: 5.841099 Loss2: 0.000017 
| Global Round : 20 | Client :1 | Local Epoch : 1 | [64/448 (14%)]	Loss1: 5.842804 Loss2: 0.000019 
| Global Round : 20 | Client :1 | Local Epoch : 2 | [64/448 (14%)]	Loss1: 5.841835 Loss2: 0.000015 
| Global Round : 20 | Client :1 | Local Epoch : 3 | [64/448 (14%)]	Loss1: 5.841231 Loss2: 0.000016 
| Global Round : 20 | Client :1 | Local Epoch : 4 | [64/448 (14%)]	Loss1: 5.841606 Loss2: 0.000016 
| Global Round : 20 | Client :2 | Local Epoch : 0 | [64/448 (14%)]	Loss1: 5.842922 Loss2: 0.000018 
| Global Round : 20 | Client :2 | Local Epoch : 1 | [64/448 (14%)]	Loss1: 5.841541 Loss2: 0.000018 
| Global Round : 20 | Client :2 | Local Epoch : 2 | [64/448 (14%)]	Loss1: 5.842392 Loss2: 0.000017 
| Global Round : 20 | Client :2 | Local Epoch : 3 | [64/448 (14%)]	Loss1: 5.842043 Loss2: 0.000019 
| Global Round : 20 | Client :2 | Local Epoch : 4 | [64/448 (14%)]	Loss1: 5.841892 Loss2: 0.000017 
| Global Round : 20 | Client :3 | Local Epoch : 0 | [64/620 (11%)]	Loss1: 5.841411 Loss2: 0.000018 
| Global Round : 20 | Client :3 | Local Epoch : 1 | [64/620 (11%)]	Loss1: 5.840839 Loss2: 0.000015 
| Global Round : 20 | Client :3 | Local Epoch : 2 | [64/620 (11%)]	Loss1: 5.841455 Loss2: 0.000015 
| Global Round : 20 | Client :3 | Local Epoch : 3 | [64/620 (11%)]	Loss1: 5.842447 Loss2: 0.000016 
| Global Round : 20 | Client :3 | Local Epoch : 4 | [64/620 (11%)]	Loss1: 5.841725 Loss2: 0.000014 
| Global Round : 20 | Client :4 | Local Epoch : 0 | [64/625 (11%)]	Loss1: 5.840991 Loss2: 0.000021 
| Global Round : 20 | Client :4 | Local Epoch : 1 | [64/625 (11%)]	Loss1: 5.841474 Loss2: 0.000024 
| Global Round : 20 | Client :4 | Local Epoch : 2 | [64/625 (11%)]	Loss1: 5.842256 Loss2: 0.000024 
| Global Round : 20 | Client :4 | Local Epoch : 3 | [64/625 (11%)]	Loss1: 5.842207 Loss2: 0.000019 
| Global Round : 20 | Client :4 | Local Epoch : 4 | [64/625 (11%)]	Loss1: 5.841940 Loss2: 0.000023 
| Global Round : 20 | Client :5 | Local Epoch : 0 | [64/604 (11%)]	Loss1: 5.840040 Loss2: 0.000023 
| Global Round : 20 | Client :5 | Local Epoch : 1 | [64/604 (11%)]	Loss1: 5.839876 Loss2: 0.000021 
| Global Round : 20 | Client :5 | Local Epoch : 2 | [64/604 (11%)]	Loss1: 5.840230 Loss2: 0.000021 
| Global Round : 20 | Client :5 | Local Epoch : 3 | [64/604 (11%)]	Loss1: 5.840837 Loss2: 0.000024 
| Global Round : 20 | Client :5 | Local Epoch : 4 | [64/604 (11%)]	Loss1: 5.839604 Loss2: 0.000023 
| Global Round : 20 | Client :6 | Local Epoch : 0 | [64/534 (12%)]	Loss1: 5.842281 Loss2: 0.000014 
| Global Round : 20 | Client :6 | Local Epoch : 1 | [64/534 (12%)]	Loss1: 5.841854 Loss2: 0.000013 
| Global Round : 20 | Client :6 | Local Epoch : 2 | [64/534 (12%)]	Loss1: 5.841760 Loss2: 0.000016 
| Global Round : 20 | Client :6 | Local Epoch : 3 | [64/534 (12%)]	Loss1: 5.843301 Loss2: 0.000014 
| Global Round : 20 | Client :6 | Local Epoch : 4 | [64/534 (12%)]	Loss1: 5.842384 Loss2: 0.000014 
| Global Round : 20 | Client :7 | Local Epoch : 0 | [64/824 (8%)]	Loss1: 5.839600 Loss2: 0.000025 
| Global Round : 20 | Client :7 | Local Epoch : 0 | [704/824 (92%)]	Loss1: 5.840989 Loss2: 0.000031 
| Global Round : 20 | Client :7 | Local Epoch : 1 | [64/824 (8%)]	Loss1: 5.840829 Loss2: 0.000027 
| Global Round : 20 | Client :7 | Local Epoch : 1 | [704/824 (92%)]	Loss1: 5.839880 Loss2: 0.000023 
| Global Round : 20 | Client :7 | Local Epoch : 2 | [64/824 (8%)]	Loss1: 5.841256 Loss2: 0.000029 
| Global Round : 20 | Client :7 | Local Epoch : 2 | [704/824 (92%)]	Loss1: 5.840461 Loss2: 0.000027 
| Global Round : 20 | Client :7 | Local Epoch : 3 | [64/824 (8%)]	Loss1: 5.840272 Loss2: 0.000028 
| Global Round : 20 | Client :7 | Local Epoch : 3 | [704/824 (92%)]	Loss1: 5.840702 Loss2: 0.000024 
| Global Round : 20 | Client :7 | Local Epoch : 4 | [64/824 (8%)]	Loss1: 5.840853 Loss2: 0.000026 
| Global Round : 20 | Client :7 | Local Epoch : 4 | [704/824 (92%)]	Loss1: 5.840019 Loss2: 0.000026 
| Global Round : 20 | Client :8 | Local Epoch : 0 | [64/714 (9%)]	Loss1: 5.842042 Loss2: 0.000021 
| Global Round : 20 | Client :8 | Local Epoch : 0 | [704/714 (100%)]	Loss1: 5.841112 Loss2: 0.000031 
| Global Round : 20 | Client :8 | Local Epoch : 1 | [64/714 (9%)]	Loss1: 5.842273 Loss2: 0.000021 
| Global Round : 20 | Client :8 | Local Epoch : 1 | [704/714 (100%)]	Loss1: 5.842309 Loss2: 0.000027 
| Global Round : 20 | Client :8 | Local Epoch : 2 | [64/714 (9%)]	Loss1: 5.841575 Loss2: 0.000021 
| Global Round : 20 | Client :8 | Local Epoch : 2 | [704/714 (100%)]	Loss1: 5.842428 Loss2: 0.000026 
| Global Round : 20 | Client :8 | Local Epoch : 3 | [64/714 (9%)]	Loss1: 5.842403 Loss2: 0.000017 
| Global Round : 20 | Client :8 | Local Epoch : 3 | [704/714 (100%)]	Loss1: 5.842110 Loss2: 0.000026 
| Global Round : 20 | Client :8 | Local Epoch : 4 | [64/714 (9%)]	Loss1: 5.842632 Loss2: 0.000021 
| Global Round : 20 | Client :8 | Local Epoch : 4 | [704/714 (100%)]	Loss1: 5.841108 Loss2: 0.000024 
| Global Round : 20 | Client :9 | Local Epoch : 0 | [64/607 (11%)]	Loss1: 5.842095 Loss2: 0.000015 
| Global Round : 20 | Client :9 | Local Epoch : 1 | [64/607 (11%)]	Loss1: 5.842327 Loss2: 0.000019 
| Global Round : 20 | Client :9 | Local Epoch : 2 | [64/607 (11%)]	Loss1: 5.841930 Loss2: 0.000018 
| Global Round : 20 | Client :9 | Local Epoch : 3 | [64/607 (11%)]	Loss1: 5.841405 Loss2: 0.000018 
| Global Round : 20 | Client :9 | Local Epoch : 4 | [64/607 (11%)]	Loss1: 5.842901 Loss2: 0.000015 
average loss:   5.839190617999302
average local test accuracy: 0.832421875
average global test accuracy:  0.645703125

 | Global Training Round : 21 |

xi_k [0.47589467 0.532702   0.53270508 0.49494342 0.49103935 0.50782895
 0.51077557 0.49646196 0.5253063  0.5055069 ]
max_exp: -1.0
coe: 10
Regulation [0.8 0.8 0.8 0.8 0.8 0.8 0.8 0.8 0.8 0.8]
Solver status: optimal_inaccurate
b_new: [1. 1. 1. 1. 1. 1. 1. 1. 1. 1.]
Iter 0: obj=50.3316, best_obj=50.3316, ||b_new-b_prev||₂=2.846050
xi_k [0.47589467 0.532702   0.53270508 0.49494342 0.49103935 0.50782895
 0.51077557 0.49646196 0.5253063  0.5055069 ]
max_exp: -1.0
coe: 10
Regulation [-1. -1. -1. -1. -1. -1. -1. -1. -1. -1.]
Solver status: optimal_inaccurate
b_new: [1. 1. 1. 1. 1. 1. 1. 1. 1. 1.]
Iter 1: obj=51.2316, best_obj=51.2316, ||b_new-b_prev||₂=0.000000
Converged.
Final b: [1. 1. 1. 1. 1. 1. 1. 1. 1. 1.]
<class 'numpy.ndarray'>
b_float: [1. 1. 1. 1. 1. 1. 1. 1. 1. 1.]
b: [1 1 1 1 1 1 1 1 1 1]
active_clients:  [0, 1, 2, 3, 4, 5, 6, 7, 8, 9]
Client 0's s_k are:[0 1 1 1 1 1 1 1 1 1]
Client 1's s_k are:[1 0 1 1 1 1 1 1 1 1]
Client 2's s_k are:[1 1 0 1 1 1 1 1 1 1]
Client 3's s_k are:[1 1 1 0 1 1 1 1 1 1]
Client 4's s_k are:[1 1 1 1 0 1 1 1 1 1]
Client 5's s_k are:[1 1 1 1 1 0 1 1 1 1]
Client 6's s_k are:[1 1 1 1 1 1 0 1 1 1]
Client 7's s_k are:[1 1 1 1 1 1 1 0 1 1]
Client 8's s_k are:[1 1 1 1 1 1 1 1 0 1]
Client 9's s_k are:[1 1 1 1 1 1 1 1 1 0]
| Global Round : 21 | Client :0 | Local Epoch : 0 | [64/573 (12%)]	Loss1: 5.840210 Loss2: 0.000026 
| Global Round : 21 | Client :0 | Local Epoch : 1 | [64/573 (12%)]	Loss1: 5.840493 Loss2: 0.000027 
| Global Round : 21 | Client :0 | Local Epoch : 2 | [64/573 (12%)]	Loss1: 5.839912 Loss2: 0.000029 
| Global Round : 21 | Client :0 | Local Epoch : 3 | [64/573 (12%)]	Loss1: 5.840614 Loss2: 0.000025 
| Global Round : 21 | Client :0 | Local Epoch : 4 | [64/573 (12%)]	Loss1: 5.840120 Loss2: 0.000026 
| Global Round : 21 | Client :1 | Local Epoch : 0 | [64/448 (14%)]	Loss1: 5.841399 Loss2: 0.000016 
| Global Round : 21 | Client :1 | Local Epoch : 1 | [64/448 (14%)]	Loss1: 5.841419 Loss2: 0.000015 
| Global Round : 21 | Client :1 | Local Epoch : 2 | [64/448 (14%)]	Loss1: 5.840688 Loss2: 0.000015 
| Global Round : 21 | Client :1 | Local Epoch : 3 | [64/448 (14%)]	Loss1: 5.841063 Loss2: 0.000015 
| Global Round : 21 | Client :1 | Local Epoch : 4 | [64/448 (14%)]	Loss1: 5.841768 Loss2: 0.000016 
| Global Round : 21 | Client :2 | Local Epoch : 0 | [64/448 (14%)]	Loss1: 5.841927 Loss2: 0.000015 
| Global Round : 21 | Client :2 | Local Epoch : 1 | [64/448 (14%)]	Loss1: 5.842675 Loss2: 0.000017 
| Global Round : 21 | Client :2 | Local Epoch : 2 | [64/448 (14%)]	Loss1: 5.841344 Loss2: 0.000015 
| Global Round : 21 | Client :2 | Local Epoch : 3 | [64/448 (14%)]	Loss1: 5.841453 Loss2: 0.000018 
| Global Round : 21 | Client :2 | Local Epoch : 4 | [64/448 (14%)]	Loss1: 5.841383 Loss2: 0.000016 
| Global Round : 21 | Client :3 | Local Epoch : 0 | [64/620 (11%)]	Loss1: 5.841917 Loss2: 0.000015 
| Global Round : 21 | Client :3 | Local Epoch : 1 | [64/620 (11%)]	Loss1: 5.841583 Loss2: 0.000015 
| Global Round : 21 | Client :3 | Local Epoch : 2 | [64/620 (11%)]	Loss1: 5.840937 Loss2: 0.000017 
| Global Round : 21 | Client :3 | Local Epoch : 3 | [64/620 (11%)]	Loss1: 5.840590 Loss2: 0.000015 
| Global Round : 21 | Client :3 | Local Epoch : 4 | [64/620 (11%)]	Loss1: 5.841430 Loss2: 0.000019 
| Global Round : 21 | Client :4 | Local Epoch : 0 | [64/625 (11%)]	Loss1: 5.840981 Loss2: 0.000020 
| Global Round : 21 | Client :4 | Local Epoch : 1 | [64/625 (11%)]	Loss1: 5.840615 Loss2: 0.000018 
| Global Round : 21 | Client :4 | Local Epoch : 2 | [64/625 (11%)]	Loss1: 5.841352 Loss2: 0.000021 
| Global Round : 21 | Client :4 | Local Epoch : 3 | [64/625 (11%)]	Loss1: 5.840930 Loss2: 0.000018 
| Global Round : 21 | Client :4 | Local Epoch : 4 | [64/625 (11%)]	Loss1: 5.841431 Loss2: 0.000019 
| Global Round : 21 | Client :5 | Local Epoch : 0 | [64/604 (11%)]	Loss1: 5.840406 Loss2: 0.000023 
| Global Round : 21 | Client :5 | Local Epoch : 1 | [64/604 (11%)]	Loss1: 5.840238 Loss2: 0.000022 
| Global Round : 21 | Client :5 | Local Epoch : 2 | [64/604 (11%)]	Loss1: 5.839424 Loss2: 0.000024 
| Global Round : 21 | Client :5 | Local Epoch : 3 | [64/604 (11%)]	Loss1: 5.839830 Loss2: 0.000023 
| Global Round : 21 | Client :5 | Local Epoch : 4 | [64/604 (11%)]	Loss1: 5.839079 Loss2: 0.000021 
| Global Round : 21 | Client :6 | Local Epoch : 0 | [64/534 (12%)]	Loss1: 5.843133 Loss2: 0.000017 
| Global Round : 21 | Client :6 | Local Epoch : 1 | [64/534 (12%)]	Loss1: 5.843061 Loss2: 0.000017 
| Global Round : 21 | Client :6 | Local Epoch : 2 | [64/534 (12%)]	Loss1: 5.841638 Loss2: 0.000010 
| Global Round : 21 | Client :6 | Local Epoch : 3 | [64/534 (12%)]	Loss1: 5.842690 Loss2: 0.000017 
| Global Round : 21 | Client :6 | Local Epoch : 4 | [64/534 (12%)]	Loss1: 5.842248 Loss2: 0.000013 
| Global Round : 21 | Client :7 | Local Epoch : 0 | [64/824 (8%)]	Loss1: 5.840724 Loss2: 0.000028 
| Global Round : 21 | Client :7 | Local Epoch : 0 | [704/824 (92%)]	Loss1: 5.839536 Loss2: 0.000031 
| Global Round : 21 | Client :7 | Local Epoch : 1 | [64/824 (8%)]	Loss1: 5.841938 Loss2: 0.000029 
| Global Round : 21 | Client :7 | Local Epoch : 1 | [704/824 (92%)]	Loss1: 5.840672 Loss2: 0.000024 
| Global Round : 21 | Client :7 | Local Epoch : 2 | [64/824 (8%)]	Loss1: 5.839774 Loss2: 0.000023 
| Global Round : 21 | Client :7 | Local Epoch : 2 | [704/824 (92%)]	Loss1: 5.840906 Loss2: 0.000025 
| Global Round : 21 | Client :7 | Local Epoch : 3 | [64/824 (8%)]	Loss1: 5.840929 Loss2: 0.000024 
| Global Round : 21 | Client :7 | Local Epoch : 3 | [704/824 (92%)]	Loss1: 5.841017 Loss2: 0.000028 
| Global Round : 21 | Client :7 | Local Epoch : 4 | [64/824 (8%)]	Loss1: 5.840569 Loss2: 0.000027 
| Global Round : 21 | Client :7 | Local Epoch : 4 | [704/824 (92%)]	Loss1: 5.840592 Loss2: 0.000026 
| Global Round : 21 | Client :8 | Local Epoch : 0 | [64/714 (9%)]	Loss1: 5.841564 Loss2: 0.000022 
| Global Round : 21 | Client :8 | Local Epoch : 0 | [704/714 (100%)]	Loss1: 5.841760 Loss2: 0.000020 
| Global Round : 21 | Client :8 | Local Epoch : 1 | [64/714 (9%)]	Loss1: 5.842672 Loss2: 0.000017 
| Global Round : 21 | Client :8 | Local Epoch : 1 | [704/714 (100%)]	Loss1: 5.842410 Loss2: 0.000021 
| Global Round : 21 | Client :8 | Local Epoch : 2 | [64/714 (9%)]	Loss1: 5.842179 Loss2: 0.000017 
| Global Round : 21 | Client :8 | Local Epoch : 2 | [704/714 (100%)]	Loss1: 5.842900 Loss2: 0.000025 
| Global Round : 21 | Client :8 | Local Epoch : 3 | [64/714 (9%)]	Loss1: 5.843427 Loss2: 0.000022 
| Global Round : 21 | Client :8 | Local Epoch : 3 | [704/714 (100%)]	Loss1: 5.841392 Loss2: 0.000021 
| Global Round : 21 | Client :8 | Local Epoch : 4 | [64/714 (9%)]	Loss1: 5.842327 Loss2: 0.000018 
| Global Round : 21 | Client :8 | Local Epoch : 4 | [704/714 (100%)]	Loss1: 5.841811 Loss2: 0.000023 
| Global Round : 21 | Client :9 | Local Epoch : 0 | [64/607 (11%)]	Loss1: 5.842938 Loss2: 0.000019 
| Global Round : 21 | Client :9 | Local Epoch : 1 | [64/607 (11%)]	Loss1: 5.842012 Loss2: 0.000018 
| Global Round : 21 | Client :9 | Local Epoch : 2 | [64/607 (11%)]	Loss1: 5.842872 Loss2: 0.000016 
| Global Round : 21 | Client :9 | Local Epoch : 3 | [64/607 (11%)]	Loss1: 5.842976 Loss2: 0.000019 
| Global Round : 21 | Client :9 | Local Epoch : 4 | [64/607 (11%)]	Loss1: 5.842214 Loss2: 0.000018 
average loss:   5.8391377326644
average local test accuracy: 0.8197916666666668
average global test accuracy:  0.643359375

 | Global Training Round : 22 |

xi_k [0.4759383  0.53267527 0.53266631 0.49486488 0.4910644  0.50782447
 0.51076341 0.49645221 0.52525242 0.50550593]
max_exp: -1.0
coe: 10
Regulation [0.8 0.8 0.8 0.8 0.8 0.8 0.8 0.8 0.8 0.8]
Solver status: optimal_inaccurate
b_new: [1. 1. 1. 1. 1. 1. 1. 1. 1. 1.]
Iter 0: obj=50.3301, best_obj=50.3301, ||b_new-b_prev||₂=2.846050
xi_k [0.4759383  0.53267527 0.53266631 0.49486488 0.4910644  0.50782447
 0.51076341 0.49645221 0.52525242 0.50550593]
max_exp: -1.0
coe: 10
Regulation [-1. -1. -1. -1. -1. -1. -1. -1. -1. -1.]
Solver status: optimal_inaccurate
b_new: [1. 1. 1. 1. 1. 1. 1. 1. 1. 1.]
Iter 1: obj=51.2301, best_obj=51.2301, ||b_new-b_prev||₂=0.000000
Converged.
Final b: [1. 1. 1. 1. 1. 1. 1. 1. 1. 1.]
<class 'numpy.ndarray'>
b_float: [1. 1. 1. 1. 1. 1. 1. 1. 1. 1.]
b: [1 1 1 1 1 1 1 1 1 1]
active_clients:  [0, 1, 2, 3, 4, 5, 6, 7, 8, 9]
Client 0's s_k are:[0 1 1 1 1 1 1 1 1 1]
Client 1's s_k are:[1 0 1 1 1 1 1 1 1 1]
Client 2's s_k are:[1 1 0 1 1 1 1 1 1 1]
Client 3's s_k are:[1 1 1 0 1 1 1 1 1 1]
Client 4's s_k are:[1 1 1 1 0 1 1 1 1 1]
Client 5's s_k are:[1 1 1 1 1 0 1 1 1 1]
Client 6's s_k are:[1 1 1 1 1 1 0 1 1 1]
Client 7's s_k are:[1 1 1 1 1 1 1 0 1 1]
Client 8's s_k are:[1 1 1 1 1 1 1 1 0 1]
Client 9's s_k are:[1 1 1 1 1 1 1 1 1 0]
| Global Round : 22 | Client :0 | Local Epoch : 0 | [64/573 (12%)]	Loss1: 5.839989 Loss2: 0.000024 
| Global Round : 22 | Client :0 | Local Epoch : 1 | [64/573 (12%)]	Loss1: 5.840216 Loss2: 0.000028 
| Global Round : 22 | Client :0 | Local Epoch : 2 | [64/573 (12%)]	Loss1: 5.839419 Loss2: 0.000024 
| Global Round : 22 | Client :0 | Local Epoch : 3 | [64/573 (12%)]	Loss1: 5.839923 Loss2: 0.000025 
| Global Round : 22 | Client :0 | Local Epoch : 4 | [64/573 (12%)]	Loss1: 5.839401 Loss2: 0.000024 
| Global Round : 22 | Client :1 | Local Epoch : 0 | [64/448 (14%)]	Loss1: 5.841099 Loss2: 0.000020 
| Global Round : 22 | Client :1 | Local Epoch : 1 | [64/448 (14%)]	Loss1: 5.842589 Loss2: 0.000019 
| Global Round : 22 | Client :1 | Local Epoch : 2 | [64/448 (14%)]	Loss1: 5.840387 Loss2: 0.000020 
| Global Round : 22 | Client :1 | Local Epoch : 3 | [64/448 (14%)]	Loss1: 5.840516 Loss2: 0.000017 
| Global Round : 22 | Client :1 | Local Epoch : 4 | [64/448 (14%)]	Loss1: 5.840371 Loss2: 0.000014 
| Global Round : 22 | Client :2 | Local Epoch : 0 | [64/448 (14%)]	Loss1: 5.841940 Loss2: 0.000015 
| Global Round : 22 | Client :2 | Local Epoch : 1 | [64/448 (14%)]	Loss1: 5.842046 Loss2: 0.000017 
| Global Round : 22 | Client :2 | Local Epoch : 2 | [64/448 (14%)]	Loss1: 5.841786 Loss2: 0.000013 
| Global Round : 22 | Client :2 | Local Epoch : 3 | [64/448 (14%)]	Loss1: 5.841323 Loss2: 0.000018 
| Global Round : 22 | Client :2 | Local Epoch : 4 | [64/448 (14%)]	Loss1: 5.840678 Loss2: 0.000017 
| Global Round : 22 | Client :3 | Local Epoch : 0 | [64/620 (11%)]	Loss1: 5.841794 Loss2: 0.000016 
| Global Round : 22 | Client :3 | Local Epoch : 1 | [64/620 (11%)]	Loss1: 5.841400 Loss2: 0.000013 
| Global Round : 22 | Client :3 | Local Epoch : 2 | [64/620 (11%)]	Loss1: 5.840660 Loss2: 0.000018 
| Global Round : 22 | Client :3 | Local Epoch : 3 | [64/620 (11%)]	Loss1: 5.841444 Loss2: 0.000015 
| Global Round : 22 | Client :3 | Local Epoch : 4 | [64/620 (11%)]	Loss1: 5.841134 Loss2: 0.000017 
| Global Round : 22 | Client :4 | Local Epoch : 0 | [64/625 (11%)]	Loss1: 5.841765 Loss2: 0.000018 
| Global Round : 22 | Client :4 | Local Epoch : 1 | [64/625 (11%)]	Loss1: 5.842802 Loss2: 0.000022 
| Global Round : 22 | Client :4 | Local Epoch : 2 | [64/625 (11%)]	Loss1: 5.840693 Loss2: 0.000019 
| Global Round : 22 | Client :4 | Local Epoch : 3 | [64/625 (11%)]	Loss1: 5.842238 Loss2: 0.000019 
| Global Round : 22 | Client :4 | Local Epoch : 4 | [64/625 (11%)]	Loss1: 5.842589 Loss2: 0.000022 
| Global Round : 22 | Client :5 | Local Epoch : 0 | [64/604 (11%)]	Loss1: 5.839618 Loss2: 0.000026 
| Global Round : 22 | Client :5 | Local Epoch : 1 | [64/604 (11%)]	Loss1: 5.839967 Loss2: 0.000022 
| Global Round : 22 | Client :5 | Local Epoch : 2 | [64/604 (11%)]	Loss1: 5.839753 Loss2: 0.000023 
| Global Round : 22 | Client :5 | Local Epoch : 3 | [64/604 (11%)]	Loss1: 5.839969 Loss2: 0.000024 
| Global Round : 22 | Client :5 | Local Epoch : 4 | [64/604 (11%)]	Loss1: 5.839954 Loss2: 0.000023 
| Global Round : 22 | Client :6 | Local Epoch : 0 | [64/534 (12%)]	Loss1: 5.841796 Loss2: 0.000012 
| Global Round : 22 | Client :6 | Local Epoch : 1 | [64/534 (12%)]	Loss1: 5.841888 Loss2: 0.000013 
| Global Round : 22 | Client :6 | Local Epoch : 2 | [64/534 (12%)]	Loss1: 5.843704 Loss2: 0.000017 
| Global Round : 22 | Client :6 | Local Epoch : 3 | [64/534 (12%)]	Loss1: 5.841914 Loss2: 0.000015 
| Global Round : 22 | Client :6 | Local Epoch : 4 | [64/534 (12%)]	Loss1: 5.841819 Loss2: 0.000016 
| Global Round : 22 | Client :7 | Local Epoch : 0 | [64/824 (8%)]	Loss1: 5.839706 Loss2: 0.000027 
| Global Round : 22 | Client :7 | Local Epoch : 0 | [704/824 (92%)]	Loss1: 5.841074 Loss2: 0.000026 
| Global Round : 22 | Client :7 | Local Epoch : 1 | [64/824 (8%)]	Loss1: 5.840699 Loss2: 0.000025 
| Global Round : 22 | Client :7 | Local Epoch : 1 | [704/824 (92%)]	Loss1: 5.840286 Loss2: 0.000026 
| Global Round : 22 | Client :7 | Local Epoch : 2 | [64/824 (8%)]	Loss1: 5.841000 Loss2: 0.000028 
| Global Round : 22 | Client :7 | Local Epoch : 2 | [704/824 (92%)]	Loss1: 5.840955 Loss2: 0.000027 
| Global Round : 22 | Client :7 | Local Epoch : 3 | [64/824 (8%)]	Loss1: 5.840329 Loss2: 0.000027 
| Global Round : 22 | Client :7 | Local Epoch : 3 | [704/824 (92%)]	Loss1: 5.840294 Loss2: 0.000029 
| Global Round : 22 | Client :7 | Local Epoch : 4 | [64/824 (8%)]	Loss1: 5.840027 Loss2: 0.000030 
| Global Round : 22 | Client :7 | Local Epoch : 4 | [704/824 (92%)]	Loss1: 5.840679 Loss2: 0.000023 
| Global Round : 22 | Client :8 | Local Epoch : 0 | [64/714 (9%)]	Loss1: 5.841126 Loss2: 0.000020 
| Global Round : 22 | Client :8 | Local Epoch : 0 | [704/714 (100%)]	Loss1: 5.842245 Loss2: 0.000024 
| Global Round : 22 | Client :8 | Local Epoch : 1 | [64/714 (9%)]	Loss1: 5.842351 Loss2: 0.000018 
| Global Round : 22 | Client :8 | Local Epoch : 1 | [704/714 (100%)]	Loss1: 5.842835 Loss2: 0.000024 
| Global Round : 22 | Client :8 | Local Epoch : 2 | [64/714 (9%)]	Loss1: 5.842012 Loss2: 0.000017 
| Global Round : 22 | Client :8 | Local Epoch : 2 | [704/714 (100%)]	Loss1: 5.841491 Loss2: 0.000026 
| Global Round : 22 | Client :8 | Local Epoch : 3 | [64/714 (9%)]	Loss1: 5.841825 Loss2: 0.000018 
| Global Round : 22 | Client :8 | Local Epoch : 3 | [704/714 (100%)]	Loss1: 5.842700 Loss2: 0.000018 
| Global Round : 22 | Client :8 | Local Epoch : 4 | [64/714 (9%)]	Loss1: 5.840886 Loss2: 0.000017 
| Global Round : 22 | Client :8 | Local Epoch : 4 | [704/714 (100%)]	Loss1: 5.841961 Loss2: 0.000022 
| Global Round : 22 | Client :9 | Local Epoch : 0 | [64/607 (11%)]	Loss1: 5.842131 Loss2: 0.000018 
| Global Round : 22 | Client :9 | Local Epoch : 1 | [64/607 (11%)]	Loss1: 5.841057 Loss2: 0.000017 
| Global Round : 22 | Client :9 | Local Epoch : 2 | [64/607 (11%)]	Loss1: 5.842490 Loss2: 0.000017 
| Global Round : 22 | Client :9 | Local Epoch : 3 | [64/607 (11%)]	Loss1: 5.842536 Loss2: 0.000017 
| Global Round : 22 | Client :9 | Local Epoch : 4 | [64/607 (11%)]	Loss1: 5.841857 Loss2: 0.000016 
average loss:   5.8390542804936825
average local test accuracy: 0.8298177083333333
average global test accuracy:  0.624609375

 | Global Training Round : 23 |

xi_k [0.47589297 0.53268508 0.53267039 0.49489937 0.49103054 0.50782785
 0.51078738 0.49645983 0.52522909 0.50547657]
max_exp: -1.0
coe: 10
Regulation [0.8 0.8 0.8 0.8 0.8 0.8 0.8 0.8 0.8 0.8]
Solver status: optimal_inaccurate
b_new: [1. 1. 1. 1. 1. 1. 1. 1. 1. 1.]
Iter 0: obj=50.3296, best_obj=50.3296, ||b_new-b_prev||₂=2.846050
xi_k [0.47589297 0.53268508 0.53267039 0.49489937 0.49103054 0.50782785
 0.51078738 0.49645983 0.52522909 0.50547657]
max_exp: -1.0
coe: 10
Regulation [-1. -1. -1. -1. -1. -1. -1. -1. -1. -1.]
Solver status: optimal_inaccurate
b_new: [1. 1. 1. 1. 1. 1. 1. 1. 1. 1.]
Iter 1: obj=51.2296, best_obj=51.2296, ||b_new-b_prev||₂=0.000000
Converged.
Final b: [1. 1. 1. 1. 1. 1. 1. 1. 1. 1.]
<class 'numpy.ndarray'>
b_float: [1. 1. 1. 1. 1. 1. 1. 1. 1. 1.]
b: [1 1 1 1 1 1 1 1 1 1]
active_clients:  [0, 1, 2, 3, 4, 5, 6, 7, 8, 9]
Client 0's s_k are:[0 1 1 1 1 1 1 1 1 1]
Client 1's s_k are:[1 0 1 1 1 1 1 1 1 1]
Client 2's s_k are:[1 1 0 1 1 1 1 1 1 1]
Client 3's s_k are:[1 1 1 0 1 1 1 1 1 1]
Client 4's s_k are:[1 1 1 1 0 1 1 1 1 1]
Client 5's s_k are:[1 1 1 1 1 0 1 1 1 1]
Client 6's s_k are:[1 1 1 1 1 1 0 1 1 1]
Client 7's s_k are:[1 1 1 1 1 1 1 0 1 1]
Client 8's s_k are:[1 1 1 1 1 1 1 1 0 1]
Client 9's s_k are:[1 1 1 1 1 1 1 1 1 0]
| Global Round : 23 | Client :0 | Local Epoch : 0 | [64/573 (12%)]	Loss1: 5.840833 Loss2: 0.000021 
| Global Round : 23 | Client :0 | Local Epoch : 1 | [64/573 (12%)]	Loss1: 5.839668 Loss2: 0.000024 
| Global Round : 23 | Client :0 | Local Epoch : 2 | [64/573 (12%)]	Loss1: 5.839763 Loss2: 0.000023 
| Global Round : 23 | Client :0 | Local Epoch : 3 | [64/573 (12%)]	Loss1: 5.841177 Loss2: 0.000021 
| Global Round : 23 | Client :0 | Local Epoch : 4 | [64/573 (12%)]	Loss1: 5.840331 Loss2: 0.000027 
| Global Round : 23 | Client :1 | Local Epoch : 0 | [64/448 (14%)]	Loss1: 5.842003 Loss2: 0.000014 
| Global Round : 23 | Client :1 | Local Epoch : 1 | [64/448 (14%)]	Loss1: 5.841612 Loss2: 0.000017 
| Global Round : 23 | Client :1 | Local Epoch : 2 | [64/448 (14%)]	Loss1: 5.841151 Loss2: 0.000016 
| Global Round : 23 | Client :1 | Local Epoch : 3 | [64/448 (14%)]	Loss1: 5.842217 Loss2: 0.000017 
| Global Round : 23 | Client :1 | Local Epoch : 4 | [64/448 (14%)]	Loss1: 5.842427 Loss2: 0.000015 
| Global Round : 23 | Client :2 | Local Epoch : 0 | [64/448 (14%)]	Loss1: 5.842258 Loss2: 0.000017 
| Global Round : 23 | Client :2 | Local Epoch : 1 | [64/448 (14%)]	Loss1: 5.842064 Loss2: 0.000014 
| Global Round : 23 | Client :2 | Local Epoch : 2 | [64/448 (14%)]	Loss1: 5.841194 Loss2: 0.000017 
| Global Round : 23 | Client :2 | Local Epoch : 3 | [64/448 (14%)]	Loss1: 5.840374 Loss2: 0.000017 
| Global Round : 23 | Client :2 | Local Epoch : 4 | [64/448 (14%)]	Loss1: 5.841043 Loss2: 0.000017 
| Global Round : 23 | Client :3 | Local Epoch : 0 | [64/620 (11%)]	Loss1: 5.841495 Loss2: 0.000019 
| Global Round : 23 | Client :3 | Local Epoch : 1 | [64/620 (11%)]	Loss1: 5.842307 Loss2: 0.000015 
| Global Round : 23 | Client :3 | Local Epoch : 2 | [64/620 (11%)]	Loss1: 5.840967 Loss2: 0.000014 
| Global Round : 23 | Client :3 | Local Epoch : 3 | [64/620 (11%)]	Loss1: 5.840656 Loss2: 0.000017 
| Global Round : 23 | Client :3 | Local Epoch : 4 | [64/620 (11%)]	Loss1: 5.841326 Loss2: 0.000017 
| Global Round : 23 | Client :4 | Local Epoch : 0 | [64/625 (11%)]	Loss1: 5.840914 Loss2: 0.000017 
| Global Round : 23 | Client :4 | Local Epoch : 1 | [64/625 (11%)]	Loss1: 5.841420 Loss2: 0.000020 
| Global Round : 23 | Client :4 | Local Epoch : 2 | [64/625 (11%)]	Loss1: 5.841456 Loss2: 0.000018 
| Global Round : 23 | Client :4 | Local Epoch : 3 | [64/625 (11%)]	Loss1: 5.840963 Loss2: 0.000020 
| Global Round : 23 | Client :4 | Local Epoch : 4 | [64/625 (11%)]	Loss1: 5.842014 Loss2: 0.000019 
| Global Round : 23 | Client :5 | Local Epoch : 0 | [64/604 (11%)]	Loss1: 5.839426 Loss2: 0.000023 
| Global Round : 23 | Client :5 | Local Epoch : 1 | [64/604 (11%)]	Loss1: 5.840186 Loss2: 0.000023 
| Global Round : 23 | Client :5 | Local Epoch : 2 | [64/604 (11%)]	Loss1: 5.839736 Loss2: 0.000020 
| Global Round : 23 | Client :5 | Local Epoch : 3 | [64/604 (11%)]	Loss1: 5.840299 Loss2: 0.000020 
| Global Round : 23 | Client :5 | Local Epoch : 4 | [64/604 (11%)]	Loss1: 5.839518 Loss2: 0.000020 
| Global Round : 23 | Client :6 | Local Epoch : 0 | [64/534 (12%)]	Loss1: 5.842020 Loss2: 0.000010 
| Global Round : 23 | Client :6 | Local Epoch : 1 | [64/534 (12%)]	Loss1: 5.841187 Loss2: 0.000020 
| Global Round : 23 | Client :6 | Local Epoch : 2 | [64/534 (12%)]	Loss1: 5.841624 Loss2: 0.000015 
| Global Round : 23 | Client :6 | Local Epoch : 3 | [64/534 (12%)]	Loss1: 5.841752 Loss2: 0.000016 
| Global Round : 23 | Client :6 | Local Epoch : 4 | [64/534 (12%)]	Loss1: 5.842219 Loss2: 0.000011 
| Global Round : 23 | Client :7 | Local Epoch : 0 | [64/824 (8%)]	Loss1: 5.839228 Loss2: 0.000026 
| Global Round : 23 | Client :7 | Local Epoch : 0 | [704/824 (92%)]	Loss1: 5.839809 Loss2: 0.000025 
| Global Round : 23 | Client :7 | Local Epoch : 1 | [64/824 (8%)]	Loss1: 5.840439 Loss2: 0.000032 
| Global Round : 23 | Client :7 | Local Epoch : 1 | [704/824 (92%)]	Loss1: 5.840638 Loss2: 0.000026 
| Global Round : 23 | Client :7 | Local Epoch : 2 | [64/824 (8%)]	Loss1: 5.840224 Loss2: 0.000026 
| Global Round : 23 | Client :7 | Local Epoch : 2 | [704/824 (92%)]	Loss1: 5.840513 Loss2: 0.000028 
| Global Round : 23 | Client :7 | Local Epoch : 3 | [64/824 (8%)]	Loss1: 5.840373 Loss2: 0.000029 
| Global Round : 23 | Client :7 | Local Epoch : 3 | [704/824 (92%)]	Loss1: 5.840780 Loss2: 0.000027 
| Global Round : 23 | Client :7 | Local Epoch : 4 | [64/824 (8%)]	Loss1: 5.840307 Loss2: 0.000028 
| Global Round : 23 | Client :7 | Local Epoch : 4 | [704/824 (92%)]	Loss1: 5.840469 Loss2: 0.000023 
| Global Round : 23 | Client :8 | Local Epoch : 0 | [64/714 (9%)]	Loss1: 5.841579 Loss2: 0.000019 
| Global Round : 23 | Client :8 | Local Epoch : 0 | [704/714 (100%)]	Loss1: 5.841392 Loss2: 0.000022 
| Global Round : 23 | Client :8 | Local Epoch : 1 | [64/714 (9%)]	Loss1: 5.842689 Loss2: 0.000018 
| Global Round : 23 | Client :8 | Local Epoch : 1 | [704/714 (100%)]	Loss1: 5.841946 Loss2: 0.000022 
| Global Round : 23 | Client :8 | Local Epoch : 2 | [64/714 (9%)]	Loss1: 5.841611 Loss2: 0.000017 
| Global Round : 23 | Client :8 | Local Epoch : 2 | [704/714 (100%)]	Loss1: 5.841390 Loss2: 0.000028 
| Global Round : 23 | Client :8 | Local Epoch : 3 | [64/714 (9%)]	Loss1: 5.841680 Loss2: 0.000020 
| Global Round : 23 | Client :8 | Local Epoch : 3 | [704/714 (100%)]	Loss1: 5.841331 Loss2: 0.000021 
| Global Round : 23 | Client :8 | Local Epoch : 4 | [64/714 (9%)]	Loss1: 5.842903 Loss2: 0.000015 
| Global Round : 23 | Client :8 | Local Epoch : 4 | [704/714 (100%)]	Loss1: 5.840883 Loss2: 0.000028 
| Global Round : 23 | Client :9 | Local Epoch : 0 | [64/607 (11%)]	Loss1: 5.841717 Loss2: 0.000018 
| Global Round : 23 | Client :9 | Local Epoch : 1 | [64/607 (11%)]	Loss1: 5.841851 Loss2: 0.000015 
| Global Round : 23 | Client :9 | Local Epoch : 2 | [64/607 (11%)]	Loss1: 5.842088 Loss2: 0.000017 
| Global Round : 23 | Client :9 | Local Epoch : 3 | [64/607 (11%)]	Loss1: 5.842595 Loss2: 0.000017 
| Global Round : 23 | Client :9 | Local Epoch : 4 | [64/607 (11%)]	Loss1: 5.841119 Loss2: 0.000016 
average loss:   5.838968841071424
average local test accuracy: 0.8287760416666667
average global test accuracy:  0.673046875

 | Global Training Round : 24 |

xi_k [0.4758796  0.53268503 0.53264123 0.49487449 0.49099779 0.50782977
 0.51075605 0.49643326 0.5252443  0.50549524]
max_exp: -1.0
coe: 10
Regulation [0.8 0.8 0.8 0.8 0.8 0.8 0.8 0.8 0.8 0.8]
Solver status: optimal_inaccurate
b_new: [1. 1. 1. 1. 1. 1. 1. 1. 1. 1.]
Iter 0: obj=50.3284, best_obj=50.3284, ||b_new-b_prev||₂=2.846050
xi_k [0.4758796  0.53268503 0.53264123 0.49487449 0.49099779 0.50782977
 0.51075605 0.49643326 0.5252443  0.50549524]
max_exp: -1.0
coe: 10
Regulation [-1. -1. -1. -1. -1. -1. -1. -1. -1. -1.]
Solver status: optimal_inaccurate
b_new: [1. 1. 1. 1. 1. 1. 1. 1. 1. 1.]
Iter 1: obj=51.2284, best_obj=51.2284, ||b_new-b_prev||₂=0.000000
Converged.
Final b: [1. 1. 1. 1. 1. 1. 1. 1. 1. 1.]
<class 'numpy.ndarray'>
b_float: [1. 1. 1. 1. 1. 1. 1. 1. 1. 1.]
b: [1 1 1 1 1 1 1 1 1 1]
active_clients:  [0, 1, 2, 3, 4, 5, 6, 7, 8, 9]
Client 0's s_k are:[0 1 1 1 1 1 1 1 1 1]
Client 1's s_k are:[1 0 1 1 1 1 1 1 1 1]
Client 2's s_k are:[1 1 0 1 1 1 1 1 1 1]
Client 3's s_k are:[1 1 1 0 1 1 1 1 1 1]
Client 4's s_k are:[1 1 1 1 0 1 1 1 1 1]
Client 5's s_k are:[1 1 1 1 1 0 1 1 1 1]
Client 6's s_k are:[1 1 1 1 1 1 0 1 1 1]
Client 7's s_k are:[1 1 1 1 1 1 1 0 1 1]
Client 8's s_k are:[1 1 1 1 1 1 1 1 0 1]
Client 9's s_k are:[1 1 1 1 1 1 1 1 1 0]
| Global Round : 24 | Client :0 | Local Epoch : 0 | [64/573 (12%)]	Loss1: 5.839746 Loss2: 0.000024 
| Global Round : 24 | Client :0 | Local Epoch : 1 | [64/573 (12%)]	Loss1: 5.839923 Loss2: 0.000025 
| Global Round : 24 | Client :0 | Local Epoch : 2 | [64/573 (12%)]	Loss1: 5.840261 Loss2: 0.000025 
| Global Round : 24 | Client :0 | Local Epoch : 3 | [64/573 (12%)]	Loss1: 5.840576 Loss2: 0.000024 
| Global Round : 24 | Client :0 | Local Epoch : 4 | [64/573 (12%)]	Loss1: 5.840086 Loss2: 0.000027 
| Global Round : 24 | Client :1 | Local Epoch : 0 | [64/448 (14%)]	Loss1: 5.841158 Loss2: 0.000015 
| Global Round : 24 | Client :1 | Local Epoch : 1 | [64/448 (14%)]	Loss1: 5.841550 Loss2: 0.000017 
| Global Round : 24 | Client :1 | Local Epoch : 2 | [64/448 (14%)]	Loss1: 5.842401 Loss2: 0.000021 
| Global Round : 24 | Client :1 | Local Epoch : 3 | [64/448 (14%)]	Loss1: 5.841272 Loss2: 0.000013 
| Global Round : 24 | Client :1 | Local Epoch : 4 | [64/448 (14%)]	Loss1: 5.841353 Loss2: 0.000018 
| Global Round : 24 | Client :2 | Local Epoch : 0 | [64/448 (14%)]	Loss1: 5.841011 Loss2: 0.000014 
| Global Round : 24 | Client :2 | Local Epoch : 1 | [64/448 (14%)]	Loss1: 5.841556 Loss2: 0.000018 
| Global Round : 24 | Client :2 | Local Epoch : 2 | [64/448 (14%)]	Loss1: 5.841266 Loss2: 0.000016 
| Global Round : 24 | Client :2 | Local Epoch : 3 | [64/448 (14%)]	Loss1: 5.842581 Loss2: 0.000020 
| Global Round : 24 | Client :2 | Local Epoch : 4 | [64/448 (14%)]	Loss1: 5.841362 Loss2: 0.000015 
| Global Round : 24 | Client :3 | Local Epoch : 0 | [64/620 (11%)]	Loss1: 5.841549 Loss2: 0.000016 
| Global Round : 24 | Client :3 | Local Epoch : 1 | [64/620 (11%)]	Loss1: 5.841396 Loss2: 0.000015 
| Global Round : 24 | Client :3 | Local Epoch : 2 | [64/620 (11%)]	Loss1: 5.842009 Loss2: 0.000017 
| Global Round : 24 | Client :3 | Local Epoch : 3 | [64/620 (11%)]	Loss1: 5.840229 Loss2: 0.000016 
| Global Round : 24 | Client :3 | Local Epoch : 4 | [64/620 (11%)]	Loss1: 5.840138 Loss2: 0.000014 
| Global Round : 24 | Client :4 | Local Epoch : 0 | [64/625 (11%)]	Loss1: 5.842024 Loss2: 0.000020 
| Global Round : 24 | Client :4 | Local Epoch : 1 | [64/625 (11%)]	Loss1: 5.841268 Loss2: 0.000019 
| Global Round : 24 | Client :4 | Local Epoch : 2 | [64/625 (11%)]	Loss1: 5.842813 Loss2: 0.000020 
| Global Round : 24 | Client :4 | Local Epoch : 3 | [64/625 (11%)]	Loss1: 5.840662 Loss2: 0.000020 
| Global Round : 24 | Client :4 | Local Epoch : 4 | [64/625 (11%)]	Loss1: 5.840784 Loss2: 0.000020 
| Global Round : 24 | Client :5 | Local Epoch : 0 | [64/604 (11%)]	Loss1: 5.839958 Loss2: 0.000023 
| Global Round : 24 | Client :5 | Local Epoch : 1 | [64/604 (11%)]	Loss1: 5.840118 Loss2: 0.000024 
| Global Round : 24 | Client :5 | Local Epoch : 2 | [64/604 (11%)]	Loss1: 5.839730 Loss2: 0.000022 
| Global Round : 24 | Client :5 | Local Epoch : 3 | [64/604 (11%)]	Loss1: 5.839506 Loss2: 0.000021 
| Global Round : 24 | Client :5 | Local Epoch : 4 | [64/604 (11%)]	Loss1: 5.840535 Loss2: 0.000024 
| Global Round : 24 | Client :6 | Local Epoch : 0 | [64/534 (12%)]	Loss1: 5.842140 Loss2: 0.000015 
| Global Round : 24 | Client :6 | Local Epoch : 1 | [64/534 (12%)]	Loss1: 5.841600 Loss2: 0.000014 
| Global Round : 24 | Client :6 | Local Epoch : 2 | [64/534 (12%)]	Loss1: 5.842128 Loss2: 0.000014 
| Global Round : 24 | Client :6 | Local Epoch : 3 | [64/534 (12%)]	Loss1: 5.841682 Loss2: 0.000014 
| Global Round : 24 | Client :6 | Local Epoch : 4 | [64/534 (12%)]	Loss1: 5.842468 Loss2: 0.000012 
| Global Round : 24 | Client :7 | Local Epoch : 0 | [64/824 (8%)]	Loss1: 5.840833 Loss2: 0.000030 
| Global Round : 24 | Client :7 | Local Epoch : 0 | [704/824 (92%)]	Loss1: 5.840621 Loss2: 0.000024 
| Global Round : 24 | Client :7 | Local Epoch : 1 | [64/824 (8%)]	Loss1: 5.841496 Loss2: 0.000029 
| Global Round : 24 | Client :7 | Local Epoch : 1 | [704/824 (92%)]	Loss1: 5.840231 Loss2: 0.000024 
| Global Round : 24 | Client :7 | Local Epoch : 2 | [64/824 (8%)]	Loss1: 5.840999 Loss2: 0.000029 
| Global Round : 24 | Client :7 | Local Epoch : 2 | [704/824 (92%)]	Loss1: 5.840467 Loss2: 0.000027 
| Global Round : 24 | Client :7 | Local Epoch : 3 | [64/824 (8%)]	Loss1: 5.839790 Loss2: 0.000025 
| Global Round : 24 | Client :7 | Local Epoch : 3 | [704/824 (92%)]	Loss1: 5.840818 Loss2: 0.000030 
| Global Round : 24 | Client :7 | Local Epoch : 4 | [64/824 (8%)]	Loss1: 5.839783 Loss2: 0.000026 
| Global Round : 24 | Client :7 | Local Epoch : 4 | [704/824 (92%)]	Loss1: 5.840312 Loss2: 0.000029 
| Global Round : 24 | Client :8 | Local Epoch : 0 | [64/714 (9%)]	Loss1: 5.841627 Loss2: 0.000019 
| Global Round : 24 | Client :8 | Local Epoch : 0 | [704/714 (100%)]	Loss1: 5.843454 Loss2: 0.000021 
| Global Round : 24 | Client :8 | Local Epoch : 1 | [64/714 (9%)]	Loss1: 5.841725 Loss2: 0.000018 
| Global Round : 24 | Client :8 | Local Epoch : 1 | [704/714 (100%)]	Loss1: 5.841531 Loss2: 0.000020 
| Global Round : 24 | Client :8 | Local Epoch : 2 | [64/714 (9%)]	Loss1: 5.841505 Loss2: 0.000019 
| Global Round : 24 | Client :8 | Local Epoch : 2 | [704/714 (100%)]	Loss1: 5.841598 Loss2: 0.000023 
| Global Round : 24 | Client :8 | Local Epoch : 3 | [64/714 (9%)]	Loss1: 5.841599 Loss2: 0.000021 
| Global Round : 24 | Client :8 | Local Epoch : 3 | [704/714 (100%)]	Loss1: 5.842175 Loss2: 0.000021 
| Global Round : 24 | Client :8 | Local Epoch : 4 | [64/714 (9%)]	Loss1: 5.841229 Loss2: 0.000017 
| Global Round : 24 | Client :8 | Local Epoch : 4 | [704/714 (100%)]	Loss1: 5.841436 Loss2: 0.000023 
| Global Round : 24 | Client :9 | Local Epoch : 0 | [64/607 (11%)]	Loss1: 5.842486 Loss2: 0.000015 
| Global Round : 24 | Client :9 | Local Epoch : 1 | [64/607 (11%)]	Loss1: 5.841774 Loss2: 0.000017 
| Global Round : 24 | Client :9 | Local Epoch : 2 | [64/607 (11%)]	Loss1: 5.840520 Loss2: 0.000019 
| Global Round : 24 | Client :9 | Local Epoch : 3 | [64/607 (11%)]	Loss1: 5.841119 Loss2: 0.000015 
| Global Round : 24 | Client :9 | Local Epoch : 4 | [64/607 (11%)]	Loss1: 5.841280 Loss2: 0.000018 
average loss:   5.838903772547131
average local test accuracy: 0.8305989583333334
average global test accuracy:  0.65625

 | Global Training Round : 25 |

xi_k [0.47586903 0.53265391 0.53266683 0.49485151 0.49097963 0.5078559
 0.51072013 0.49640891 0.52520958 0.5054581 ]
max_exp: -1.0
coe: 10
Regulation [0.8 0.8 0.8 0.8 0.8 0.8 0.8 0.8 0.8 0.8]
Solver status: optimal_inaccurate
b_new: [1. 1. 1. 1. 1. 1. 1. 1. 1. 1.]
Iter 0: obj=50.3267, best_obj=50.3267, ||b_new-b_prev||₂=2.846050
xi_k [0.47586903 0.53265391 0.53266683 0.49485151 0.49097963 0.5078559
 0.51072013 0.49640891 0.52520958 0.5054581 ]
max_exp: -1.0
coe: 10
Regulation [-1. -1. -1. -1. -1. -1. -1. -1. -1. -1.]
Solver status: optimal_inaccurate
b_new: [1. 1. 1. 1. 1. 1. 1. 1. 1. 1.]
Iter 1: obj=51.2267, best_obj=51.2267, ||b_new-b_prev||₂=0.000000
Converged.
Final b: [1. 1. 1. 1. 1. 1. 1. 1. 1. 1.]
<class 'numpy.ndarray'>
b_float: [1. 1. 1. 1. 1. 1. 1. 1. 1. 1.]
b: [1 1 1 1 1 1 1 1 1 1]
active_clients:  [0, 1, 2, 3, 4, 5, 6, 7, 8, 9]
Client 0's s_k are:[0 1 1 1 1 1 1 1 1 1]
Client 1's s_k are:[1 0 1 1 1 1 1 1 1 1]
Client 2's s_k are:[1 1 0 1 1 1 1 1 1 1]
Client 3's s_k are:[1 1 1 0 1 1 1 1 1 1]
Client 4's s_k are:[1 1 1 1 0 1 1 1 1 1]
Client 5's s_k are:[1 1 1 1 1 0 1 1 1 1]
Client 6's s_k are:[1 1 1 1 1 1 0 1 1 1]
Client 7's s_k are:[1 1 1 1 1 1 1 0 1 1]
Client 8's s_k are:[1 1 1 1 1 1 1 1 0 1]
Client 9's s_k are:[1 1 1 1 1 1 1 1 1 0]
| Global Round : 25 | Client :0 | Local Epoch : 0 | [64/573 (12%)]	Loss1: 5.839544 Loss2: 0.000025 
| Global Round : 25 | Client :0 | Local Epoch : 1 | [64/573 (12%)]	Loss1: 5.839937 Loss2: 0.000023 
| Global Round : 25 | Client :0 | Local Epoch : 2 | [64/573 (12%)]	Loss1: 5.839873 Loss2: 0.000023 
| Global Round : 25 | Client :0 | Local Epoch : 3 | [64/573 (12%)]	Loss1: 5.840382 Loss2: 0.000025 
| Global Round : 25 | Client :0 | Local Epoch : 4 | [64/573 (12%)]	Loss1: 5.840296 Loss2: 0.000023 
| Global Round : 25 | Client :1 | Local Epoch : 0 | [64/448 (14%)]	Loss1: 5.842113 Loss2: 0.000015 
| Global Round : 25 | Client :1 | Local Epoch : 1 | [64/448 (14%)]	Loss1: 5.841590 Loss2: 0.000015 
| Global Round : 25 | Client :1 | Local Epoch : 2 | [64/448 (14%)]	Loss1: 5.840710 Loss2: 0.000011 
| Global Round : 25 | Client :1 | Local Epoch : 3 | [64/448 (14%)]	Loss1: 5.840468 Loss2: 0.000015 
| Global Round : 25 | Client :1 | Local Epoch : 4 | [64/448 (14%)]	Loss1: 5.840445 Loss2: 0.000016 
| Global Round : 25 | Client :2 | Local Epoch : 0 | [64/448 (14%)]	Loss1: 5.841077 Loss2: 0.000014 
| Global Round : 25 | Client :2 | Local Epoch : 1 | [64/448 (14%)]	Loss1: 5.840629 Loss2: 0.000015 
| Global Round : 25 | Client :2 | Local Epoch : 2 | [64/448 (14%)]	Loss1: 5.841558 Loss2: 0.000015 
| Global Round : 25 | Client :2 | Local Epoch : 3 | [64/448 (14%)]	Loss1: 5.841478 Loss2: 0.000017 
| Global Round : 25 | Client :2 | Local Epoch : 4 | [64/448 (14%)]	Loss1: 5.840621 Loss2: 0.000017 
| Global Round : 25 | Client :3 | Local Epoch : 0 | [64/620 (11%)]	Loss1: 5.840041 Loss2: 0.000018 
| Global Round : 25 | Client :3 | Local Epoch : 1 | [64/620 (11%)]	Loss1: 5.841773 Loss2: 0.000015 
| Global Round : 25 | Client :3 | Local Epoch : 2 | [64/620 (11%)]	Loss1: 5.840437 Loss2: 0.000020 
| Global Round : 25 | Client :3 | Local Epoch : 3 | [64/620 (11%)]	Loss1: 5.841842 Loss2: 0.000018 
| Global Round : 25 | Client :3 | Local Epoch : 4 | [64/620 (11%)]	Loss1: 5.841405 Loss2: 0.000014 
| Global Round : 25 | Client :4 | Local Epoch : 0 | [64/625 (11%)]	Loss1: 5.841698 Loss2: 0.000020 
| Global Round : 25 | Client :4 | Local Epoch : 1 | [64/625 (11%)]	Loss1: 5.841884 Loss2: 0.000021 
| Global Round : 25 | Client :4 | Local Epoch : 2 | [64/625 (11%)]	Loss1: 5.841266 Loss2: 0.000023 
| Global Round : 25 | Client :4 | Local Epoch : 3 | [64/625 (11%)]	Loss1: 5.842298 Loss2: 0.000016 
| Global Round : 25 | Client :4 | Local Epoch : 4 | [64/625 (11%)]	Loss1: 5.842114 Loss2: 0.000018 
| Global Round : 25 | Client :5 | Local Epoch : 0 | [64/604 (11%)]	Loss1: 5.839892 Loss2: 0.000019 
| Global Round : 25 | Client :5 | Local Epoch : 1 | [64/604 (11%)]	Loss1: 5.839223 Loss2: 0.000023 
| Global Round : 25 | Client :5 | Local Epoch : 2 | [64/604 (11%)]	Loss1: 5.840337 Loss2: 0.000022 
| Global Round : 25 | Client :5 | Local Epoch : 3 | [64/604 (11%)]	Loss1: 5.840211 Loss2: 0.000022 
| Global Round : 25 | Client :5 | Local Epoch : 4 | [64/604 (11%)]	Loss1: 5.839673 Loss2: 0.000022 
| Global Round : 25 | Client :6 | Local Epoch : 0 | [64/534 (12%)]	Loss1: 5.842561 Loss2: 0.000019 
| Global Round : 25 | Client :6 | Local Epoch : 1 | [64/534 (12%)]	Loss1: 5.842771 Loss2: 0.000014 
| Global Round : 25 | Client :6 | Local Epoch : 2 | [64/534 (12%)]	Loss1: 5.841058 Loss2: 0.000013 
| Global Round : 25 | Client :6 | Local Epoch : 3 | [64/534 (12%)]	Loss1: 5.841963 Loss2: 0.000013 
| Global Round : 25 | Client :6 | Local Epoch : 4 | [64/534 (12%)]	Loss1: 5.841758 Loss2: 0.000013 
| Global Round : 25 | Client :7 | Local Epoch : 0 | [64/824 (8%)]	Loss1: 5.840062 Loss2: 0.000027 
| Global Round : 25 | Client :7 | Local Epoch : 0 | [704/824 (92%)]	Loss1: 5.841035 Loss2: 0.000029 
| Global Round : 25 | Client :7 | Local Epoch : 1 | [64/824 (8%)]	Loss1: 5.840065 Loss2: 0.000029 
| Global Round : 25 | Client :7 | Local Epoch : 1 | [704/824 (92%)]	Loss1: 5.840079 Loss2: 0.000028 
| Global Round : 25 | Client :7 | Local Epoch : 2 | [64/824 (8%)]	Loss1: 5.840127 Loss2: 0.000026 
| Global Round : 25 | Client :7 | Local Epoch : 2 | [704/824 (92%)]	Loss1: 5.840908 Loss2: 0.000030 
| Global Round : 25 | Client :7 | Local Epoch : 3 | [64/824 (8%)]	Loss1: 5.840296 Loss2: 0.000034 
| Global Round : 25 | Client :7 | Local Epoch : 3 | [704/824 (92%)]	Loss1: 5.839600 Loss2: 0.000024 
| Global Round : 25 | Client :7 | Local Epoch : 4 | [64/824 (8%)]	Loss1: 5.839924 Loss2: 0.000024 
| Global Round : 25 | Client :7 | Local Epoch : 4 | [704/824 (92%)]	Loss1: 5.840360 Loss2: 0.000030 
| Global Round : 25 | Client :8 | Local Epoch : 0 | [64/714 (9%)]	Loss1: 5.840959 Loss2: 0.000018 
| Global Round : 25 | Client :8 | Local Epoch : 0 | [704/714 (100%)]	Loss1: 5.841571 Loss2: 0.000021 
| Global Round : 25 | Client :8 | Local Epoch : 1 | [64/714 (9%)]	Loss1: 5.841461 Loss2: 0.000017 
| Global Round : 25 | Client :8 | Local Epoch : 1 | [704/714 (100%)]	Loss1: 5.841521 Loss2: 0.000020 
| Global Round : 25 | Client :8 | Local Epoch : 2 | [64/714 (9%)]	Loss1: 5.841416 Loss2: 0.000022 
| Global Round : 25 | Client :8 | Local Epoch : 2 | [704/714 (100%)]	Loss1: 5.842382 Loss2: 0.000022 
| Global Round : 25 | Client :8 | Local Epoch : 3 | [64/714 (9%)]	Loss1: 5.840675 Loss2: 0.000018 
| Global Round : 25 | Client :8 | Local Epoch : 3 | [704/714 (100%)]	Loss1: 5.841696 Loss2: 0.000022 
| Global Round : 25 | Client :8 | Local Epoch : 4 | [64/714 (9%)]	Loss1: 5.842599 Loss2: 0.000022 
| Global Round : 25 | Client :8 | Local Epoch : 4 | [704/714 (100%)]	Loss1: 5.840643 Loss2: 0.000026 
| Global Round : 25 | Client :9 | Local Epoch : 0 | [64/607 (11%)]	Loss1: 5.841136 Loss2: 0.000020 
| Global Round : 25 | Client :9 | Local Epoch : 1 | [64/607 (11%)]	Loss1: 5.842199 Loss2: 0.000018 
| Global Round : 25 | Client :9 | Local Epoch : 2 | [64/607 (11%)]	Loss1: 5.841559 Loss2: 0.000020 
| Global Round : 25 | Client :9 | Local Epoch : 3 | [64/607 (11%)]	Loss1: 5.841884 Loss2: 0.000018 
| Global Round : 25 | Client :9 | Local Epoch : 4 | [64/607 (11%)]	Loss1: 5.841634 Loss2: 0.000015 
average loss:   5.838879216009748
average local test accuracy: 0.821875
average global test accuracy:  0.654296875

 | Global Training Round : 26 |

xi_k [0.47589502 0.5326459  0.53263448 0.49482708 0.49095657 0.50784186
 0.51076628 0.4964464  0.52519973 0.50547642]
max_exp: -1.0
coe: 10
Regulation [0.8 0.8 0.8 0.8 0.8 0.8 0.8 0.8 0.8 0.8]
Solver status: optimal_inaccurate
b_new: [1. 1. 1. 1. 1. 1. 1. 1. 1. 1.]
Iter 0: obj=50.3269, best_obj=50.3269, ||b_new-b_prev||₂=2.846050
xi_k [0.47589502 0.5326459  0.53263448 0.49482708 0.49095657 0.50784186
 0.51076628 0.4964464  0.52519973 0.50547642]
max_exp: -1.0
coe: 10
Regulation [-1. -1. -1. -1. -1. -1. -1. -1. -1. -1.]
Solver status: optimal_inaccurate
b_new: [1. 1. 1. 1. 1. 1. 1. 1. 1. 1.]
Iter 1: obj=51.2269, best_obj=51.2269, ||b_new-b_prev||₂=0.000000
Converged.
Final b: [1. 1. 1. 1. 1. 1. 1. 1. 1. 1.]
<class 'numpy.ndarray'>
b_float: [1. 1. 1. 1. 1. 1. 1. 1. 1. 1.]
b: [1 1 1 1 1 1 1 1 1 1]
active_clients:  [0, 1, 2, 3, 4, 5, 6, 7, 8, 9]
Client 0's s_k are:[0 1 1 1 1 1 1 1 1 1]
Client 1's s_k are:[1 0 1 1 1 1 1 1 1 1]
Client 2's s_k are:[1 1 0 1 1 1 1 1 1 1]
Client 3's s_k are:[1 1 1 0 1 1 1 1 1 1]
Client 4's s_k are:[1 1 1 1 0 1 1 1 1 1]
Client 5's s_k are:[1 1 1 1 1 0 1 1 1 1]
Client 6's s_k are:[1 1 1 1 1 1 0 1 1 1]
Client 7's s_k are:[1 1 1 1 1 1 1 0 1 1]
Client 8's s_k are:[1 1 1 1 1 1 1 1 0 1]
Client 9's s_k are:[1 1 1 1 1 1 1 1 1 0]
| Global Round : 26 | Client :0 | Local Epoch : 0 | [64/573 (12%)]	Loss1: 5.839897 Loss2: 0.000022 
| Global Round : 26 | Client :0 | Local Epoch : 1 | [64/573 (12%)]	Loss1: 5.840131 Loss2: 0.000024 
| Global Round : 26 | Client :0 | Local Epoch : 2 | [64/573 (12%)]	Loss1: 5.840362 Loss2: 0.000024 
| Global Round : 26 | Client :0 | Local Epoch : 3 | [64/573 (12%)]	Loss1: 5.840891 Loss2: 0.000022 
| Global Round : 26 | Client :0 | Local Epoch : 4 | [64/573 (12%)]	Loss1: 5.839965 Loss2: 0.000021 
| Global Round : 26 | Client :1 | Local Epoch : 0 | [64/448 (14%)]	Loss1: 5.841329 Loss2: 0.000015 
| Global Round : 26 | Client :1 | Local Epoch : 1 | [64/448 (14%)]	Loss1: 5.841072 Loss2: 0.000019 
| Global Round : 26 | Client :1 | Local Epoch : 2 | [64/448 (14%)]	Loss1: 5.841403 Loss2: 0.000017 
| Global Round : 26 | Client :1 | Local Epoch : 3 | [64/448 (14%)]	Loss1: 5.841012 Loss2: 0.000012 
| Global Round : 26 | Client :1 | Local Epoch : 4 | [64/448 (14%)]	Loss1: 5.840040 Loss2: 0.000014 
| Global Round : 26 | Client :2 | Local Epoch : 0 | [64/448 (14%)]	Loss1: 5.841609 Loss2: 0.000015 
| Global Round : 26 | Client :2 | Local Epoch : 1 | [64/448 (14%)]	Loss1: 5.841147 Loss2: 0.000015 
| Global Round : 26 | Client :2 | Local Epoch : 2 | [64/448 (14%)]	Loss1: 5.841032 Loss2: 0.000016 
| Global Round : 26 | Client :2 | Local Epoch : 3 | [64/448 (14%)]	Loss1: 5.840276 Loss2: 0.000013 
| Global Round : 26 | Client :2 | Local Epoch : 4 | [64/448 (14%)]	Loss1: 5.840625 Loss2: 0.000015 
| Global Round : 26 | Client :3 | Local Epoch : 0 | [64/620 (11%)]	Loss1: 5.840623 Loss2: 0.000015 
| Global Round : 26 | Client :3 | Local Epoch : 1 | [64/620 (11%)]	Loss1: 5.840024 Loss2: 0.000020 
| Global Round : 26 | Client :3 | Local Epoch : 2 | [64/620 (11%)]	Loss1: 5.840604 Loss2: 0.000018 
| Global Round : 26 | Client :3 | Local Epoch : 3 | [64/620 (11%)]	Loss1: 5.841572 Loss2: 0.000018 
| Global Round : 26 | Client :3 | Local Epoch : 4 | [64/620 (11%)]	Loss1: 5.840086 Loss2: 0.000016 
| Global Round : 26 | Client :4 | Local Epoch : 0 | [64/625 (11%)]	Loss1: 5.842421 Loss2: 0.000022 
| Global Round : 26 | Client :4 | Local Epoch : 1 | [64/625 (11%)]	Loss1: 5.841861 Loss2: 0.000021 
| Global Round : 26 | Client :4 | Local Epoch : 2 | [64/625 (11%)]	Loss1: 5.841726 Loss2: 0.000019 
| Global Round : 26 | Client :4 | Local Epoch : 3 | [64/625 (11%)]	Loss1: 5.841784 Loss2: 0.000018 
| Global Round : 26 | Client :4 | Local Epoch : 4 | [64/625 (11%)]	Loss1: 5.841230 Loss2: 0.000020 
| Global Round : 26 | Client :5 | Local Epoch : 0 | [64/604 (11%)]	Loss1: 5.839256 Loss2: 0.000021 
| Global Round : 26 | Client :5 | Local Epoch : 1 | [64/604 (11%)]	Loss1: 5.840490 Loss2: 0.000020 
| Global Round : 26 | Client :5 | Local Epoch : 2 | [64/604 (11%)]	Loss1: 5.839839 Loss2: 0.000021 
| Global Round : 26 | Client :5 | Local Epoch : 3 | [64/604 (11%)]	Loss1: 5.839651 Loss2: 0.000026 
| Global Round : 26 | Client :5 | Local Epoch : 4 | [64/604 (11%)]	Loss1: 5.839493 Loss2: 0.000020 
| Global Round : 26 | Client :6 | Local Epoch : 0 | [64/534 (12%)]	Loss1: 5.842129 Loss2: 0.000018 
| Global Round : 26 | Client :6 | Local Epoch : 1 | [64/534 (12%)]	Loss1: 5.842031 Loss2: 0.000014 
| Global Round : 26 | Client :6 | Local Epoch : 2 | [64/534 (12%)]	Loss1: 5.841925 Loss2: 0.000015 
| Global Round : 26 | Client :6 | Local Epoch : 3 | [64/534 (12%)]	Loss1: 5.841660 Loss2: 0.000013 
| Global Round : 26 | Client :6 | Local Epoch : 4 | [64/534 (12%)]	Loss1: 5.841091 Loss2: 0.000016 
| Global Round : 26 | Client :7 | Local Epoch : 0 | [64/824 (8%)]	Loss1: 5.839966 Loss2: 0.000032 
| Global Round : 26 | Client :7 | Local Epoch : 0 | [704/824 (92%)]	Loss1: 5.839810 Loss2: 0.000025 
| Global Round : 26 | Client :7 | Local Epoch : 1 | [64/824 (8%)]	Loss1: 5.840397 Loss2: 0.000033 
| Global Round : 26 | Client :7 | Local Epoch : 1 | [704/824 (92%)]	Loss1: 5.840494 Loss2: 0.000023 
| Global Round : 26 | Client :7 | Local Epoch : 2 | [64/824 (8%)]	Loss1: 5.839981 Loss2: 0.000031 
| Global Round : 26 | Client :7 | Local Epoch : 2 | [704/824 (92%)]	Loss1: 5.839578 Loss2: 0.000021 
| Global Round : 26 | Client :7 | Local Epoch : 3 | [64/824 (8%)]	Loss1: 5.839868 Loss2: 0.000027 
| Global Round : 26 | Client :7 | Local Epoch : 3 | [704/824 (92%)]	Loss1: 5.840103 Loss2: 0.000029 
| Global Round : 26 | Client :7 | Local Epoch : 4 | [64/824 (8%)]	Loss1: 5.840135 Loss2: 0.000028 
| Global Round : 26 | Client :7 | Local Epoch : 4 | [704/824 (92%)]	Loss1: 5.839707 Loss2: 0.000028 
| Global Round : 26 | Client :8 | Local Epoch : 0 | [64/714 (9%)]	Loss1: 5.841336 Loss2: 0.000024 
| Global Round : 26 | Client :8 | Local Epoch : 0 | [704/714 (100%)]	Loss1: 5.840797 Loss2: 0.000023 
| Global Round : 26 | Client :8 | Local Epoch : 1 | [64/714 (9%)]	Loss1: 5.841547 Loss2: 0.000018 
| Global Round : 26 | Client :8 | Local Epoch : 1 | [704/714 (100%)]	Loss1: 5.841840 Loss2: 0.000023 
| Global Round : 26 | Client :8 | Local Epoch : 2 | [64/714 (9%)]	Loss1: 5.841526 Loss2: 0.000019 
| Global Round : 26 | Client :8 | Local Epoch : 2 | [704/714 (100%)]	Loss1: 5.841858 Loss2: 0.000022 
| Global Round : 26 | Client :8 | Local Epoch : 3 | [64/714 (9%)]	Loss1: 5.841711 Loss2: 0.000018 
| Global Round : 26 | Client :8 | Local Epoch : 3 | [704/714 (100%)]	Loss1: 5.842261 Loss2: 0.000026 
| Global Round : 26 | Client :8 | Local Epoch : 4 | [64/714 (9%)]	Loss1: 5.841889 Loss2: 0.000017 
| Global Round : 26 | Client :8 | Local Epoch : 4 | [704/714 (100%)]	Loss1: 5.840807 Loss2: 0.000025 
| Global Round : 26 | Client :9 | Local Epoch : 0 | [64/607 (11%)]	Loss1: 5.841200 Loss2: 0.000015 
| Global Round : 26 | Client :9 | Local Epoch : 1 | [64/607 (11%)]	Loss1: 5.840749 Loss2: 0.000014 
| Global Round : 26 | Client :9 | Local Epoch : 2 | [64/607 (11%)]	Loss1: 5.841823 Loss2: 0.000018 
| Global Round : 26 | Client :9 | Local Epoch : 3 | [64/607 (11%)]	Loss1: 5.842006 Loss2: 0.000016 
| Global Round : 26 | Client :9 | Local Epoch : 4 | [64/607 (11%)]	Loss1: 5.842168 Loss2: 0.000016 
average loss:   5.838832025386899
average local test accuracy: 0.8212239583333334
average global test accuracy:  0.641796875

 | Global Training Round : 27 |

xi_k [0.47583905 0.53263724 0.53259303 0.4948787  0.49094644 0.50781961
 0.51072639 0.49642416 0.52521769 0.5054399 ]
max_exp: -1.0
coe: 10
Regulation [0.8 0.8 0.8 0.8 0.8 0.8 0.8 0.8 0.8 0.8]
Solver status: optimal_inaccurate
b_new: [1. 1. 1. 1. 1. 1. 1. 1. 1. 1.]
Iter 0: obj=50.3252, best_obj=50.3252, ||b_new-b_prev||₂=2.846050
xi_k [0.47583905 0.53263724 0.53259303 0.4948787  0.49094644 0.50781961
 0.51072639 0.49642416 0.52521769 0.5054399 ]
max_exp: -1.0
coe: 10
Regulation [-1. -1. -1. -1. -1. -1. -1. -1. -1. -1.]
Solver status: optimal_inaccurate
b_new: [1. 1. 1. 1. 1. 1. 1. 1. 1. 1.]
Iter 1: obj=51.2252, best_obj=51.2252, ||b_new-b_prev||₂=0.000000
Converged.
Final b: [1. 1. 1. 1. 1. 1. 1. 1. 1. 1.]
<class 'numpy.ndarray'>
b_float: [1. 1. 1. 1. 1. 1. 1. 1. 1. 1.]
b: [1 1 1 1 1 1 1 1 1 1]
active_clients:  [0, 1, 2, 3, 4, 5, 6, 7, 8, 9]
Client 0's s_k are:[0 1 1 1 1 1 1 1 1 1]
Client 1's s_k are:[1 0 1 1 1 1 1 1 1 1]
Client 2's s_k are:[1 1 0 1 1 1 1 1 1 1]
Client 3's s_k are:[1 1 1 0 1 1 1 1 1 1]
Client 4's s_k are:[1 1 1 1 0 1 1 1 1 1]
Client 5's s_k are:[1 1 1 1 1 0 1 1 1 1]
Client 6's s_k are:[1 1 1 1 1 1 0 1 1 1]
Client 7's s_k are:[1 1 1 1 1 1 1 0 1 1]
Client 8's s_k are:[1 1 1 1 1 1 1 1 0 1]
Client 9's s_k are:[1 1 1 1 1 1 1 1 1 0]
| Global Round : 27 | Client :0 | Local Epoch : 0 | [64/573 (12%)]	Loss1: 5.840142 Loss2: 0.000026 
| Global Round : 27 | Client :0 | Local Epoch : 1 | [64/573 (12%)]	Loss1: 5.839603 Loss2: 0.000025 
| Global Round : 27 | Client :0 | Local Epoch : 2 | [64/573 (12%)]	Loss1: 5.839914 Loss2: 0.000024 
| Global Round : 27 | Client :0 | Local Epoch : 3 | [64/573 (12%)]	Loss1: 5.840937 Loss2: 0.000024 
| Global Round : 27 | Client :0 | Local Epoch : 4 | [64/573 (12%)]	Loss1: 5.840386 Loss2: 0.000024 
| Global Round : 27 | Client :1 | Local Epoch : 0 | [64/448 (14%)]	Loss1: 5.840716 Loss2: 0.000018 
| Global Round : 27 | Client :1 | Local Epoch : 1 | [64/448 (14%)]	Loss1: 5.841671 Loss2: 0.000014 
| Global Round : 27 | Client :1 | Local Epoch : 2 | [64/448 (14%)]	Loss1: 5.840158 Loss2: 0.000016 
| Global Round : 27 | Client :1 | Local Epoch : 3 | [64/448 (14%)]	Loss1: 5.840647 Loss2: 0.000014 
| Global Round : 27 | Client :1 | Local Epoch : 4 | [64/448 (14%)]	Loss1: 5.841529 Loss2: 0.000013 
| Global Round : 27 | Client :2 | Local Epoch : 0 | [64/448 (14%)]	Loss1: 5.841226 Loss2: 0.000016 
| Global Round : 27 | Client :2 | Local Epoch : 1 | [64/448 (14%)]	Loss1: 5.841505 Loss2: 0.000016 
| Global Round : 27 | Client :2 | Local Epoch : 2 | [64/448 (14%)]	Loss1: 5.841509 Loss2: 0.000020 
| Global Round : 27 | Client :2 | Local Epoch : 3 | [64/448 (14%)]	Loss1: 5.840494 Loss2: 0.000014 
| Global Round : 27 | Client :2 | Local Epoch : 4 | [64/448 (14%)]	Loss1: 5.841028 Loss2: 0.000016 
| Global Round : 27 | Client :3 | Local Epoch : 0 | [64/620 (11%)]	Loss1: 5.842140 Loss2: 0.000012 
| Global Round : 27 | Client :3 | Local Epoch : 1 | [64/620 (11%)]	Loss1: 5.841115 Loss2: 0.000014 
| Global Round : 27 | Client :3 | Local Epoch : 2 | [64/620 (11%)]	Loss1: 5.840551 Loss2: 0.000017 
| Global Round : 27 | Client :3 | Local Epoch : 3 | [64/620 (11%)]	Loss1: 5.841399 Loss2: 0.000015 
| Global Round : 27 | Client :3 | Local Epoch : 4 | [64/620 (11%)]	Loss1: 5.841104 Loss2: 0.000016 
| Global Round : 27 | Client :4 | Local Epoch : 0 | [64/625 (11%)]	Loss1: 5.841051 Loss2: 0.000022 
| Global Round : 27 | Client :4 | Local Epoch : 1 | [64/625 (11%)]	Loss1: 5.841636 Loss2: 0.000018 
| Global Round : 27 | Client :4 | Local Epoch : 2 | [64/625 (11%)]	Loss1: 5.840661 Loss2: 0.000017 
| Global Round : 27 | Client :4 | Local Epoch : 3 | [64/625 (11%)]	Loss1: 5.841082 Loss2: 0.000018 
| Global Round : 27 | Client :4 | Local Epoch : 4 | [64/625 (11%)]	Loss1: 5.841834 Loss2: 0.000018 
| Global Round : 27 | Client :5 | Local Epoch : 0 | [64/604 (11%)]	Loss1: 5.839534 Loss2: 0.000022 
| Global Round : 27 | Client :5 | Local Epoch : 1 | [64/604 (11%)]	Loss1: 5.840739 Loss2: 0.000022 
| Global Round : 27 | Client :5 | Local Epoch : 2 | [64/604 (11%)]	Loss1: 5.840206 Loss2: 0.000020 
| Global Round : 27 | Client :5 | Local Epoch : 3 | [64/604 (11%)]	Loss1: 5.840034 Loss2: 0.000022 
| Global Round : 27 | Client :5 | Local Epoch : 4 | [64/604 (11%)]	Loss1: 5.840149 Loss2: 0.000022 
| Global Round : 27 | Client :6 | Local Epoch : 0 | [64/534 (12%)]	Loss1: 5.841309 Loss2: 0.000012 
| Global Round : 27 | Client :6 | Local Epoch : 1 | [64/534 (12%)]	Loss1: 5.842612 Loss2: 0.000012 
| Global Round : 27 | Client :6 | Local Epoch : 2 | [64/534 (12%)]	Loss1: 5.840205 Loss2: 0.000014 
| Global Round : 27 | Client :6 | Local Epoch : 3 | [64/534 (12%)]	Loss1: 5.841938 Loss2: 0.000016 
| Global Round : 27 | Client :6 | Local Epoch : 4 | [64/534 (12%)]	Loss1: 5.842453 Loss2: 0.000013 
| Global Round : 27 | Client :7 | Local Epoch : 0 | [64/824 (8%)]	Loss1: 5.840035 Loss2: 0.000023 
| Global Round : 27 | Client :7 | Local Epoch : 0 | [704/824 (92%)]	Loss1: 5.839593 Loss2: 0.000027 
| Global Round : 27 | Client :7 | Local Epoch : 1 | [64/824 (8%)]	Loss1: 5.840610 Loss2: 0.000027 
| Global Round : 27 | Client :7 | Local Epoch : 1 | [704/824 (92%)]	Loss1: 5.838975 Loss2: 0.000023 
| Global Round : 27 | Client :7 | Local Epoch : 2 | [64/824 (8%)]	Loss1: 5.840096 Loss2: 0.000026 
| Global Round : 27 | Client :7 | Local Epoch : 2 | [704/824 (92%)]	Loss1: 5.841482 Loss2: 0.000025 
| Global Round : 27 | Client :7 | Local Epoch : 3 | [64/824 (8%)]	Loss1: 5.839569 Loss2: 0.000023 
| Global Round : 27 | Client :7 | Local Epoch : 3 | [704/824 (92%)]	Loss1: 5.840641 Loss2: 0.000026 
| Global Round : 27 | Client :7 | Local Epoch : 4 | [64/824 (8%)]	Loss1: 5.839610 Loss2: 0.000028 
| Global Round : 27 | Client :7 | Local Epoch : 4 | [704/824 (92%)]	Loss1: 5.840879 Loss2: 0.000025 
| Global Round : 27 | Client :8 | Local Epoch : 0 | [64/714 (9%)]	Loss1: 5.841112 Loss2: 0.000019 
| Global Round : 27 | Client :8 | Local Epoch : 0 | [704/714 (100%)]	Loss1: 5.841089 Loss2: 0.000023 
| Global Round : 27 | Client :8 | Local Epoch : 1 | [64/714 (9%)]	Loss1: 5.841643 Loss2: 0.000020 
| Global Round : 27 | Client :8 | Local Epoch : 1 | [704/714 (100%)]	Loss1: 5.842973 Loss2: 0.000024 
| Global Round : 27 | Client :8 | Local Epoch : 2 | [64/714 (9%)]	Loss1: 5.841461 Loss2: 0.000019 
| Global Round : 27 | Client :8 | Local Epoch : 2 | [704/714 (100%)]	Loss1: 5.840559 Loss2: 0.000022 
| Global Round : 27 | Client :8 | Local Epoch : 3 | [64/714 (9%)]	Loss1: 5.840763 Loss2: 0.000019 
| Global Round : 27 | Client :8 | Local Epoch : 3 | [704/714 (100%)]	Loss1: 5.842514 Loss2: 0.000023 
| Global Round : 27 | Client :8 | Local Epoch : 4 | [64/714 (9%)]	Loss1: 5.841709 Loss2: 0.000018 
| Global Round : 27 | Client :8 | Local Epoch : 4 | [704/714 (100%)]	Loss1: 5.841190 Loss2: 0.000030 
| Global Round : 27 | Client :9 | Local Epoch : 0 | [64/607 (11%)]	Loss1: 5.840803 Loss2: 0.000017 
| Global Round : 27 | Client :9 | Local Epoch : 1 | [64/607 (11%)]	Loss1: 5.842442 Loss2: 0.000017 
| Global Round : 27 | Client :9 | Local Epoch : 2 | [64/607 (11%)]	Loss1: 5.841588 Loss2: 0.000020 
| Global Round : 27 | Client :9 | Local Epoch : 3 | [64/607 (11%)]	Loss1: 5.841509 Loss2: 0.000015 
| Global Round : 27 | Client :9 | Local Epoch : 4 | [64/607 (11%)]	Loss1: 5.841759 Loss2: 0.000018 
average loss:   5.838747442198693
average local test accuracy: 0.8260416666666668
average global test accuracy:  0.676953125

 | Global Training Round : 28 |

xi_k [0.47587083 0.5326455  0.53260122 0.49482298 0.49094105 0.50781931
 0.51067674 0.49641939 0.52518008 0.50543775]
max_exp: -1.0
coe: 10
Regulation [0.8 0.8 0.8 0.8 0.8 0.8 0.8 0.8 0.8 0.8]
Solver status: optimal_inaccurate
b_new: [1. 1. 1. 1. 1. 1. 1. 1. 1. 1.]
Iter 0: obj=50.3241, best_obj=50.3241, ||b_new-b_prev||₂=2.846050
xi_k [0.47587083 0.5326455  0.53260122 0.49482298 0.49094105 0.50781931
 0.51067674 0.49641939 0.52518008 0.50543775]
max_exp: -1.0
coe: 10
Regulation [-1. -1. -1. -1. -1. -1. -1. -1. -1. -1.]
Solver status: optimal_inaccurate
b_new: [1. 1. 1. 1. 1. 1. 1. 1. 1. 1.]
Iter 1: obj=51.2241, best_obj=51.2241, ||b_new-b_prev||₂=0.000000
Converged.
Final b: [1. 1. 1. 1. 1. 1. 1. 1. 1. 1.]
<class 'numpy.ndarray'>
b_float: [1. 1. 1. 1. 1. 1. 1. 1. 1. 1.]
b: [1 1 1 1 1 1 1 1 1 1]
active_clients:  [0, 1, 2, 3, 4, 5, 6, 7, 8, 9]
Client 0's s_k are:[0 1 1 1 1 1 1 1 1 1]
Client 1's s_k are:[1 0 1 1 1 1 1 1 1 1]
Client 2's s_k are:[1 1 0 1 1 1 1 1 1 1]
Client 3's s_k are:[1 1 1 0 1 1 1 1 1 1]
Client 4's s_k are:[1 1 1 1 0 1 1 1 1 1]
Client 5's s_k are:[1 1 1 1 1 0 1 1 1 1]
Client 6's s_k are:[1 1 1 1 1 1 0 1 1 1]
Client 7's s_k are:[1 1 1 1 1 1 1 0 1 1]
Client 8's s_k are:[1 1 1 1 1 1 1 1 0 1]
Client 9's s_k are:[1 1 1 1 1 1 1 1 1 0]
| Global Round : 28 | Client :0 | Local Epoch : 0 | [64/573 (12%)]	Loss1: 5.839625 Loss2: 0.000022 
| Global Round : 28 | Client :0 | Local Epoch : 1 | [64/573 (12%)]	Loss1: 5.840624 Loss2: 0.000022 
| Global Round : 28 | Client :0 | Local Epoch : 2 | [64/573 (12%)]	Loss1: 5.840981 Loss2: 0.000023 
| Global Round : 28 | Client :0 | Local Epoch : 3 | [64/573 (12%)]	Loss1: 5.839456 Loss2: 0.000022 
| Global Round : 28 | Client :0 | Local Epoch : 4 | [64/573 (12%)]	Loss1: 5.839775 Loss2: 0.000024 
| Global Round : 28 | Client :1 | Local Epoch : 0 | [64/448 (14%)]	Loss1: 5.840485 Loss2: 0.000015 
| Global Round : 28 | Client :1 | Local Epoch : 1 | [64/448 (14%)]	Loss1: 5.840980 Loss2: 0.000020 
| Global Round : 28 | Client :1 | Local Epoch : 2 | [64/448 (14%)]	Loss1: 5.840569 Loss2: 0.000016 
| Global Round : 28 | Client :1 | Local Epoch : 3 | [64/448 (14%)]	Loss1: 5.841370 Loss2: 0.000013 
| Global Round : 28 | Client :1 | Local Epoch : 4 | [64/448 (14%)]	Loss1: 5.841457 Loss2: 0.000015 
| Global Round : 28 | Client :2 | Local Epoch : 0 | [64/448 (14%)]	Loss1: 5.840873 Loss2: 0.000016 
| Global Round : 28 | Client :2 | Local Epoch : 1 | [64/448 (14%)]	Loss1: 5.841648 Loss2: 0.000015 
| Global Round : 28 | Client :2 | Local Epoch : 2 | [64/448 (14%)]	Loss1: 5.840746 Loss2: 0.000015 
| Global Round : 28 | Client :2 | Local Epoch : 3 | [64/448 (14%)]	Loss1: 5.841140 Loss2: 0.000014 
| Global Round : 28 | Client :2 | Local Epoch : 4 | [64/448 (14%)]	Loss1: 5.841377 Loss2: 0.000013 
| Global Round : 28 | Client :3 | Local Epoch : 0 | [64/620 (11%)]	Loss1: 5.840361 Loss2: 0.000016 
| Global Round : 28 | Client :3 | Local Epoch : 1 | [64/620 (11%)]	Loss1: 5.839981 Loss2: 0.000015 
| Global Round : 28 | Client :3 | Local Epoch : 2 | [64/620 (11%)]	Loss1: 5.840506 Loss2: 0.000017 
| Global Round : 28 | Client :3 | Local Epoch : 3 | [64/620 (11%)]	Loss1: 5.841310 Loss2: 0.000017 
| Global Round : 28 | Client :3 | Local Epoch : 4 | [64/620 (11%)]	Loss1: 5.841055 Loss2: 0.000013 
| Global Round : 28 | Client :4 | Local Epoch : 0 | [64/625 (11%)]	Loss1: 5.841613 Loss2: 0.000018 
| Global Round : 28 | Client :4 | Local Epoch : 1 | [64/625 (11%)]	Loss1: 5.841132 Loss2: 0.000018 
| Global Round : 28 | Client :4 | Local Epoch : 2 | [64/625 (11%)]	Loss1: 5.840799 Loss2: 0.000019 
| Global Round : 28 | Client :4 | Local Epoch : 3 | [64/625 (11%)]	Loss1: 5.841230 Loss2: 0.000024 
| Global Round : 28 | Client :4 | Local Epoch : 4 | [64/625 (11%)]	Loss1: 5.842020 Loss2: 0.000017 
| Global Round : 28 | Client :5 | Local Epoch : 0 | [64/604 (11%)]	Loss1: 5.839809 Loss2: 0.000023 
| Global Round : 28 | Client :5 | Local Epoch : 1 | [64/604 (11%)]	Loss1: 5.839686 Loss2: 0.000020 
| Global Round : 28 | Client :5 | Local Epoch : 2 | [64/604 (11%)]	Loss1: 5.840335 Loss2: 0.000017 
| Global Round : 28 | Client :5 | Local Epoch : 3 | [64/604 (11%)]	Loss1: 5.839872 Loss2: 0.000019 
| Global Round : 28 | Client :5 | Local Epoch : 4 | [64/604 (11%)]	Loss1: 5.839986 Loss2: 0.000022 
| Global Round : 28 | Client :6 | Local Epoch : 0 | [64/534 (12%)]	Loss1: 5.841161 Loss2: 0.000016 
| Global Round : 28 | Client :6 | Local Epoch : 1 | [64/534 (12%)]	Loss1: 5.842274 Loss2: 0.000014 
| Global Round : 28 | Client :6 | Local Epoch : 2 | [64/534 (12%)]	Loss1: 5.841948 Loss2: 0.000018 
| Global Round : 28 | Client :6 | Local Epoch : 3 | [64/534 (12%)]	Loss1: 5.840261 Loss2: 0.000014 
| Global Round : 28 | Client :6 | Local Epoch : 4 | [64/534 (12%)]	Loss1: 5.841197 Loss2: 0.000014 
| Global Round : 28 | Client :7 | Local Epoch : 0 | [64/824 (8%)]	Loss1: 5.839859 Loss2: 0.000023 
| Global Round : 28 | Client :7 | Local Epoch : 0 | [704/824 (92%)]	Loss1: 5.841625 Loss2: 0.000032 
| Global Round : 28 | Client :7 | Local Epoch : 1 | [64/824 (8%)]	Loss1: 5.841341 Loss2: 0.000033 
| Global Round : 28 | Client :7 | Local Epoch : 1 | [704/824 (92%)]	Loss1: 5.841378 Loss2: 0.000029 
| Global Round : 28 | Client :7 | Local Epoch : 2 | [64/824 (8%)]	Loss1: 5.839937 Loss2: 0.000029 
| Global Round : 28 | Client :7 | Local Epoch : 2 | [704/824 (92%)]	Loss1: 5.840376 Loss2: 0.000028 
| Global Round : 28 | Client :7 | Local Epoch : 3 | [64/824 (8%)]	Loss1: 5.840844 Loss2: 0.000027 
| Global Round : 28 | Client :7 | Local Epoch : 3 | [704/824 (92%)]	Loss1: 5.839506 Loss2: 0.000026 
| Global Round : 28 | Client :7 | Local Epoch : 4 | [64/824 (8%)]	Loss1: 5.840951 Loss2: 0.000027 
| Global Round : 28 | Client :7 | Local Epoch : 4 | [704/824 (92%)]	Loss1: 5.839774 Loss2: 0.000030 
| Global Round : 28 | Client :8 | Local Epoch : 0 | [64/714 (9%)]	Loss1: 5.841438 Loss2: 0.000018 
| Global Round : 28 | Client :8 | Local Epoch : 0 | [704/714 (100%)]	Loss1: 5.842424 Loss2: 0.000026 
| Global Round : 28 | Client :8 | Local Epoch : 1 | [64/714 (9%)]	Loss1: 5.840965 Loss2: 0.000018 
| Global Round : 28 | Client :8 | Local Epoch : 1 | [704/714 (100%)]	Loss1: 5.842090 Loss2: 0.000017 
| Global Round : 28 | Client :8 | Local Epoch : 2 | [64/714 (9%)]	Loss1: 5.840680 Loss2: 0.000018 
| Global Round : 28 | Client :8 | Local Epoch : 2 | [704/714 (100%)]	Loss1: 5.841332 Loss2: 0.000020 
| Global Round : 28 | Client :8 | Local Epoch : 3 | [64/714 (9%)]	Loss1: 5.841259 Loss2: 0.000017 
| Global Round : 28 | Client :8 | Local Epoch : 3 | [704/714 (100%)]	Loss1: 5.841879 Loss2: 0.000024 
| Global Round : 28 | Client :8 | Local Epoch : 4 | [64/714 (9%)]	Loss1: 5.840063 Loss2: 0.000017 
| Global Round : 28 | Client :8 | Local Epoch : 4 | [704/714 (100%)]	Loss1: 5.840988 Loss2: 0.000024 
| Global Round : 28 | Client :9 | Local Epoch : 0 | [64/607 (11%)]	Loss1: 5.841878 Loss2: 0.000015 
| Global Round : 28 | Client :9 | Local Epoch : 1 | [64/607 (11%)]	Loss1: 5.841492 Loss2: 0.000016 
| Global Round : 28 | Client :9 | Local Epoch : 2 | [64/607 (11%)]	Loss1: 5.840945 Loss2: 0.000016 
| Global Round : 28 | Client :9 | Local Epoch : 3 | [64/607 (11%)]	Loss1: 5.840798 Loss2: 0.000016 
| Global Round : 28 | Client :9 | Local Epoch : 4 | [64/607 (11%)]	Loss1: 5.841124 Loss2: 0.000017 
average loss:   5.838678342826439
average local test accuracy: 0.8270833333333334
average global test accuracy:  0.660546875

 | Global Training Round : 29 |

xi_k [0.47583467 0.53262352 0.53259534 0.49481164 0.49092112 0.50782646
 0.51065705 0.49641075 0.52515626 0.50541206]
max_exp: -1.0
coe: 10
Regulation [0.8 0.8 0.8 0.8 0.8 0.8 0.8 0.8 0.8 0.8]
Solver status: optimal_inaccurate
b_new: [1. 1. 1. 1. 1. 1. 1. 1. 1. 1.]
Iter 0: obj=50.3225, best_obj=50.3225, ||b_new-b_prev||₂=2.846050
xi_k [0.47583467 0.53262352 0.53259534 0.49481164 0.49092112 0.50782646
 0.51065705 0.49641075 0.52515626 0.50541206]
max_exp: -1.0
coe: 10
Regulation [-1. -1. -1. -1. -1. -1. -1. -1. -1. -1.]
Solver status: optimal_inaccurate
b_new: [1. 1. 1. 1. 1. 1. 1. 1. 1. 1.]
Iter 1: obj=51.2225, best_obj=51.2225, ||b_new-b_prev||₂=0.000000
Converged.
Final b: [1. 1. 1. 1. 1. 1. 1. 1. 1. 1.]
<class 'numpy.ndarray'>
b_float: [1. 1. 1. 1. 1. 1. 1. 1. 1. 1.]
b: [1 1 1 1 1 1 1 1 1 1]
active_clients:  [0, 1, 2, 3, 4, 5, 6, 7, 8, 9]
Client 0's s_k are:[0 1 1 1 1 1 1 1 1 1]
Client 1's s_k are:[1 0 1 1 1 1 1 1 1 1]
Client 2's s_k are:[1 1 0 1 1 1 1 1 1 1]
Client 3's s_k are:[1 1 1 0 1 1 1 1 1 1]
Client 4's s_k are:[1 1 1 1 0 1 1 1 1 1]
Client 5's s_k are:[1 1 1 1 1 0 1 1 1 1]
Client 6's s_k are:[1 1 1 1 1 1 0 1 1 1]
Client 7's s_k are:[1 1 1 1 1 1 1 0 1 1]
Client 8's s_k are:[1 1 1 1 1 1 1 1 0 1]
Client 9's s_k are:[1 1 1 1 1 1 1 1 1 0]
| Global Round : 29 | Client :0 | Local Epoch : 0 | [64/573 (12%)]	Loss1: 5.839806 Loss2: 0.000026 
| Global Round : 29 | Client :0 | Local Epoch : 1 | [64/573 (12%)]	Loss1: 5.839721 Loss2: 0.000022 
| Global Round : 29 | Client :0 | Local Epoch : 2 | [64/573 (12%)]	Loss1: 5.840237 Loss2: 0.000024 
| Global Round : 29 | Client :0 | Local Epoch : 3 | [64/573 (12%)]	Loss1: 5.840585 Loss2: 0.000021 
| Global Round : 29 | Client :0 | Local Epoch : 4 | [64/573 (12%)]	Loss1: 5.839939 Loss2: 0.000026 
| Global Round : 29 | Client :1 | Local Epoch : 0 | [64/448 (14%)]	Loss1: 5.840654 Loss2: 0.000014 
| Global Round : 29 | Client :1 | Local Epoch : 1 | [64/448 (14%)]	Loss1: 5.840612 Loss2: 0.000022 
| Global Round : 29 | Client :1 | Local Epoch : 2 | [64/448 (14%)]	Loss1: 5.840640 Loss2: 0.000016 
| Global Round : 29 | Client :1 | Local Epoch : 3 | [64/448 (14%)]	Loss1: 5.842483 Loss2: 0.000016 
| Global Round : 29 | Client :1 | Local Epoch : 4 | [64/448 (14%)]	Loss1: 5.840343 Loss2: 0.000013 
| Global Round : 29 | Client :2 | Local Epoch : 0 | [64/448 (14%)]	Loss1: 5.840228 Loss2: 0.000014 
| Global Round : 29 | Client :2 | Local Epoch : 1 | [64/448 (14%)]	Loss1: 5.840111 Loss2: 0.000014 
| Global Round : 29 | Client :2 | Local Epoch : 2 | [64/448 (14%)]	Loss1: 5.841513 Loss2: 0.000018 
| Global Round : 29 | Client :2 | Local Epoch : 3 | [64/448 (14%)]	Loss1: 5.840420 Loss2: 0.000013 
| Global Round : 29 | Client :2 | Local Epoch : 4 | [64/448 (14%)]	Loss1: 5.840627 Loss2: 0.000015 
| Global Round : 29 | Client :3 | Local Epoch : 0 | [64/620 (11%)]	Loss1: 5.841592 Loss2: 0.000019 
| Global Round : 29 | Client :3 | Local Epoch : 1 | [64/620 (11%)]	Loss1: 5.840996 Loss2: 0.000019 
| Global Round : 29 | Client :3 | Local Epoch : 2 | [64/620 (11%)]	Loss1: 5.840747 Loss2: 0.000016 
| Global Round : 29 | Client :3 | Local Epoch : 3 | [64/620 (11%)]	Loss1: 5.840243 Loss2: 0.000017 
| Global Round : 29 | Client :3 | Local Epoch : 4 | [64/620 (11%)]	Loss1: 5.841483 Loss2: 0.000014 
| Global Round : 29 | Client :4 | Local Epoch : 0 | [64/625 (11%)]	Loss1: 5.839932 Loss2: 0.000021 
| Global Round : 29 | Client :4 | Local Epoch : 1 | [64/625 (11%)]	Loss1: 5.839734 Loss2: 0.000018 
| Global Round : 29 | Client :4 | Local Epoch : 2 | [64/625 (11%)]	Loss1: 5.841408 Loss2: 0.000018 
| Global Round : 29 | Client :4 | Local Epoch : 3 | [64/625 (11%)]	Loss1: 5.840856 Loss2: 0.000022 
| Global Round : 29 | Client :4 | Local Epoch : 4 | [64/625 (11%)]	Loss1: 5.841894 Loss2: 0.000016 
| Global Round : 29 | Client :5 | Local Epoch : 0 | [64/604 (11%)]	Loss1: 5.839378 Loss2: 0.000021 
| Global Round : 29 | Client :5 | Local Epoch : 1 | [64/604 (11%)]	Loss1: 5.840318 Loss2: 0.000020 
| Global Round : 29 | Client :5 | Local Epoch : 2 | [64/604 (11%)]	Loss1: 5.840140 Loss2: 0.000022 
| Global Round : 29 | Client :5 | Local Epoch : 3 | [64/604 (11%)]	Loss1: 5.839922 Loss2: 0.000021 
| Global Round : 29 | Client :5 | Local Epoch : 4 | [64/604 (11%)]	Loss1: 5.839579 Loss2: 0.000021 
| Global Round : 29 | Client :6 | Local Epoch : 0 | [64/534 (12%)]	Loss1: 5.842269 Loss2: 0.000015 
| Global Round : 29 | Client :6 | Local Epoch : 1 | [64/534 (12%)]	Loss1: 5.841856 Loss2: 0.000013 
| Global Round : 29 | Client :6 | Local Epoch : 2 | [64/534 (12%)]	Loss1: 5.842058 Loss2: 0.000016 
| Global Round : 29 | Client :6 | Local Epoch : 3 | [64/534 (12%)]	Loss1: 5.841629 Loss2: 0.000015 
| Global Round : 29 | Client :6 | Local Epoch : 4 | [64/534 (12%)]	Loss1: 5.841589 Loss2: 0.000022 
| Global Round : 29 | Client :7 | Local Epoch : 0 | [64/824 (8%)]	Loss1: 5.839706 Loss2: 0.000028 
| Global Round : 29 | Client :7 | Local Epoch : 0 | [704/824 (92%)]	Loss1: 5.839314 Loss2: 0.000027 
| Global Round : 29 | Client :7 | Local Epoch : 1 | [64/824 (8%)]	Loss1: 5.839633 Loss2: 0.000030 
| Global Round : 29 | Client :7 | Local Epoch : 1 | [704/824 (92%)]	Loss1: 5.841789 Loss2: 0.000028 
| Global Round : 29 | Client :7 | Local Epoch : 2 | [64/824 (8%)]	Loss1: 5.839134 Loss2: 0.000027 
| Global Round : 29 | Client :7 | Local Epoch : 2 | [704/824 (92%)]	Loss1: 5.839739 Loss2: 0.000025 
| Global Round : 29 | Client :7 | Local Epoch : 3 | [64/824 (8%)]	Loss1: 5.839958 Loss2: 0.000034 
| Global Round : 29 | Client :7 | Local Epoch : 3 | [704/824 (92%)]	Loss1: 5.840284 Loss2: 0.000025 
| Global Round : 29 | Client :7 | Local Epoch : 4 | [64/824 (8%)]	Loss1: 5.839086 Loss2: 0.000026 
| Global Round : 29 | Client :7 | Local Epoch : 4 | [704/824 (92%)]	Loss1: 5.839794 Loss2: 0.000027 
| Global Round : 29 | Client :8 | Local Epoch : 0 | [64/714 (9%)]	Loss1: 5.841525 Loss2: 0.000018 
| Global Round : 29 | Client :8 | Local Epoch : 0 | [704/714 (100%)]	Loss1: 5.840467 Loss2: 0.000024 
| Global Round : 29 | Client :8 | Local Epoch : 1 | [64/714 (9%)]	Loss1: 5.841798 Loss2: 0.000019 
| Global Round : 29 | Client :8 | Local Epoch : 1 | [704/714 (100%)]	Loss1: 5.840586 Loss2: 0.000021 
| Global Round : 29 | Client :8 | Local Epoch : 2 | [64/714 (9%)]	Loss1: 5.841142 Loss2: 0.000016 
| Global Round : 29 | Client :8 | Local Epoch : 2 | [704/714 (100%)]	Loss1: 5.842915 Loss2: 0.000022 
| Global Round : 29 | Client :8 | Local Epoch : 3 | [64/714 (9%)]	Loss1: 5.841066 Loss2: 0.000017 
| Global Round : 29 | Client :8 | Local Epoch : 3 | [704/714 (100%)]	Loss1: 5.841594 Loss2: 0.000027 
| Global Round : 29 | Client :8 | Local Epoch : 4 | [64/714 (9%)]	Loss1: 5.841831 Loss2: 0.000021 
| Global Round : 29 | Client :8 | Local Epoch : 4 | [704/714 (100%)]	Loss1: 5.841502 Loss2: 0.000027 
| Global Round : 29 | Client :9 | Local Epoch : 0 | [64/607 (11%)]	Loss1: 5.841517 Loss2: 0.000016 
| Global Round : 29 | Client :9 | Local Epoch : 1 | [64/607 (11%)]	Loss1: 5.841915 Loss2: 0.000017 
| Global Round : 29 | Client :9 | Local Epoch : 2 | [64/607 (11%)]	Loss1: 5.841199 Loss2: 0.000016 
| Global Round : 29 | Client :9 | Local Epoch : 3 | [64/607 (11%)]	Loss1: 5.843234 Loss2: 0.000015 
| Global Round : 29 | Client :9 | Local Epoch : 4 | [64/607 (11%)]	Loss1: 5.840414 Loss2: 0.000016 
average loss:   5.83869289736039
average local test accuracy: 0.831640625
average global test accuracy:  0.64765625

 | Global Training Round : 30 |

xi_k [0.47583966 0.53262277 0.53261306 0.49481419 0.49092169 0.50782905
 0.51069305 0.49638694 0.52515366 0.5054442 ]
max_exp: -1.0
coe: 10
Regulation [0.8 0.8 0.8 0.8 0.8 0.8 0.8 0.8 0.8 0.8]
Solver status: optimal_inaccurate
b_new: [1. 1. 1. 1. 1. 1. 1. 1. 1. 1.]
Iter 0: obj=50.3232, best_obj=50.3232, ||b_new-b_prev||₂=2.846050
xi_k [0.47583966 0.53262277 0.53261306 0.49481419 0.49092169 0.50782905
 0.51069305 0.49638694 0.52515366 0.5054442 ]
max_exp: -1.0
coe: 10
Regulation [-1. -1. -1. -1. -1. -1. -1. -1. -1. -1.]
Solver status: optimal_inaccurate
b_new: [1. 1. 1. 1. 1. 1. 1. 1. 1. 1.]
Iter 1: obj=51.2232, best_obj=51.2232, ||b_new-b_prev||₂=0.000000
Converged.
Final b: [1. 1. 1. 1. 1. 1. 1. 1. 1. 1.]
<class 'numpy.ndarray'>
b_float: [1. 1. 1. 1. 1. 1. 1. 1. 1. 1.]
b: [1 1 1 1 1 1 1 1 1 1]
active_clients:  [0, 1, 2, 3, 4, 5, 6, 7, 8, 9]
Client 0's s_k are:[0 1 1 1 1 1 1 1 1 1]
Client 1's s_k are:[1 0 1 1 1 1 1 1 1 1]
Client 2's s_k are:[1 1 0 1 1 1 1 1 1 1]
Client 3's s_k are:[1 1 1 0 1 1 1 1 1 1]
Client 4's s_k are:[1 1 1 1 0 1 1 1 1 1]
Client 5's s_k are:[1 1 1 1 1 0 1 1 1 1]
Client 6's s_k are:[1 1 1 1 1 1 0 1 1 1]
Client 7's s_k are:[1 1 1 1 1 1 1 0 1 1]
Client 8's s_k are:[1 1 1 1 1 1 1 1 0 1]
Client 9's s_k are:[1 1 1 1 1 1 1 1 1 0]
| Global Round : 30 | Client :0 | Local Epoch : 0 | [64/573 (12%)]	Loss1: 5.839584 Loss2: 0.000023 
| Global Round : 30 | Client :0 | Local Epoch : 1 | [64/573 (12%)]	Loss1: 5.840730 Loss2: 0.000024 
| Global Round : 30 | Client :0 | Local Epoch : 2 | [64/573 (12%)]	Loss1: 5.841039 Loss2: 0.000021 
| Global Round : 30 | Client :0 | Local Epoch : 3 | [64/573 (12%)]	Loss1: 5.840659 Loss2: 0.000022 
| Global Round : 30 | Client :0 | Local Epoch : 4 | [64/573 (12%)]	Loss1: 5.840137 Loss2: 0.000022 
| Global Round : 30 | Client :1 | Local Epoch : 0 | [64/448 (14%)]	Loss1: 5.840796 Loss2: 0.000016 
| Global Round : 30 | Client :1 | Local Epoch : 1 | [64/448 (14%)]	Loss1: 5.840943 Loss2: 0.000018 
| Global Round : 30 | Client :1 | Local Epoch : 2 | [64/448 (14%)]	Loss1: 5.840335 Loss2: 0.000016 
| Global Round : 30 | Client :1 | Local Epoch : 3 | [64/448 (14%)]	Loss1: 5.841036 Loss2: 0.000016 
| Global Round : 30 | Client :1 | Local Epoch : 4 | [64/448 (14%)]	Loss1: 5.841096 Loss2: 0.000016 
| Global Round : 30 | Client :2 | Local Epoch : 0 | [64/448 (14%)]	Loss1: 5.840671 Loss2: 0.000013 
| Global Round : 30 | Client :2 | Local Epoch : 1 | [64/448 (14%)]	Loss1: 5.841556 Loss2: 0.000016 
| Global Round : 30 | Client :2 | Local Epoch : 2 | [64/448 (14%)]	Loss1: 5.842526 Loss2: 0.000015 
| Global Round : 30 | Client :2 | Local Epoch : 3 | [64/448 (14%)]	Loss1: 5.842574 Loss2: 0.000012 
| Global Round : 30 | Client :2 | Local Epoch : 4 | [64/448 (14%)]	Loss1: 5.840137 Loss2: 0.000014 
| Global Round : 30 | Client :3 | Local Epoch : 0 | [64/620 (11%)]	Loss1: 5.840023 Loss2: 0.000016 
| Global Round : 30 | Client :3 | Local Epoch : 1 | [64/620 (11%)]	Loss1: 5.840807 Loss2: 0.000015 
| Global Round : 30 | Client :3 | Local Epoch : 2 | [64/620 (11%)]	Loss1: 5.841410 Loss2: 0.000015 
| Global Round : 30 | Client :3 | Local Epoch : 3 | [64/620 (11%)]	Loss1: 5.839730 Loss2: 0.000013 
| Global Round : 30 | Client :3 | Local Epoch : 4 | [64/620 (11%)]	Loss1: 5.840692 Loss2: 0.000015 
| Global Round : 30 | Client :4 | Local Epoch : 0 | [64/625 (11%)]	Loss1: 5.840460 Loss2: 0.000021 
| Global Round : 30 | Client :4 | Local Epoch : 1 | [64/625 (11%)]	Loss1: 5.839787 Loss2: 0.000022 
| Global Round : 30 | Client :4 | Local Epoch : 2 | [64/625 (11%)]	Loss1: 5.839750 Loss2: 0.000017 
| Global Round : 30 | Client :4 | Local Epoch : 3 | [64/625 (11%)]	Loss1: 5.840631 Loss2: 0.000021 
| Global Round : 30 | Client :4 | Local Epoch : 4 | [64/625 (11%)]	Loss1: 5.840736 Loss2: 0.000018 
| Global Round : 30 | Client :5 | Local Epoch : 0 | [64/604 (11%)]	Loss1: 5.839656 Loss2: 0.000024 
| Global Round : 30 | Client :5 | Local Epoch : 1 | [64/604 (11%)]	Loss1: 5.840058 Loss2: 0.000021 
| Global Round : 30 | Client :5 | Local Epoch : 2 | [64/604 (11%)]	Loss1: 5.839307 Loss2: 0.000022 
| Global Round : 30 | Client :5 | Local Epoch : 3 | [64/604 (11%)]	Loss1: 5.839998 Loss2: 0.000020 
| Global Round : 30 | Client :5 | Local Epoch : 4 | [64/604 (11%)]	Loss1: 5.839780 Loss2: 0.000021 
| Global Round : 30 | Client :6 | Local Epoch : 0 | [64/534 (12%)]	Loss1: 5.840887 Loss2: 0.000013 
| Global Round : 30 | Client :6 | Local Epoch : 1 | [64/534 (12%)]	Loss1: 5.840508 Loss2: 0.000015 
| Global Round : 30 | Client :6 | Local Epoch : 2 | [64/534 (12%)]	Loss1: 5.841766 Loss2: 0.000014 
| Global Round : 30 | Client :6 | Local Epoch : 3 | [64/534 (12%)]	Loss1: 5.841985 Loss2: 0.000014 
| Global Round : 30 | Client :6 | Local Epoch : 4 | [64/534 (12%)]	Loss1: 5.842340 Loss2: 0.000012 
| Global Round : 30 | Client :7 | Local Epoch : 0 | [64/824 (8%)]	Loss1: 5.839607 Loss2: 0.000029 
| Global Round : 30 | Client :7 | Local Epoch : 0 | [704/824 (92%)]	Loss1: 5.840073 Loss2: 0.000023 
| Global Round : 30 | Client :7 | Local Epoch : 1 | [64/824 (8%)]	Loss1: 5.840666 Loss2: 0.000025 
| Global Round : 30 | Client :7 | Local Epoch : 1 | [704/824 (92%)]	Loss1: 5.840898 Loss2: 0.000029 
| Global Round : 30 | Client :7 | Local Epoch : 2 | [64/824 (8%)]	Loss1: 5.840611 Loss2: 0.000024 
| Global Round : 30 | Client :7 | Local Epoch : 2 | [704/824 (92%)]	Loss1: 5.840133 Loss2: 0.000023 
| Global Round : 30 | Client :7 | Local Epoch : 3 | [64/824 (8%)]	Loss1: 5.839021 Loss2: 0.000022 
| Global Round : 30 | Client :7 | Local Epoch : 3 | [704/824 (92%)]	Loss1: 5.839892 Loss2: 0.000028 
| Global Round : 30 | Client :7 | Local Epoch : 4 | [64/824 (8%)]	Loss1: 5.839679 Loss2: 0.000028 
| Global Round : 30 | Client :7 | Local Epoch : 4 | [704/824 (92%)]	Loss1: 5.840532 Loss2: 0.000024 
| Global Round : 30 | Client :8 | Local Epoch : 0 | [64/714 (9%)]	Loss1: 5.840805 Loss2: 0.000017 
| Global Round : 30 | Client :8 | Local Epoch : 0 | [704/714 (100%)]	Loss1: 5.841254 Loss2: 0.000022 
| Global Round : 30 | Client :8 | Local Epoch : 1 | [64/714 (9%)]	Loss1: 5.841257 Loss2: 0.000019 
| Global Round : 30 | Client :8 | Local Epoch : 1 | [704/714 (100%)]	Loss1: 5.841359 Loss2: 0.000021 
| Global Round : 30 | Client :8 | Local Epoch : 2 | [64/714 (9%)]	Loss1: 5.841750 Loss2: 0.000019 
| Global Round : 30 | Client :8 | Local Epoch : 2 | [704/714 (100%)]	Loss1: 5.840785 Loss2: 0.000023 
| Global Round : 30 | Client :8 | Local Epoch : 3 | [64/714 (9%)]	Loss1: 5.841073 Loss2: 0.000017 
| Global Round : 30 | Client :8 | Local Epoch : 3 | [704/714 (100%)]	Loss1: 5.840938 Loss2: 0.000021 
| Global Round : 30 | Client :8 | Local Epoch : 4 | [64/714 (9%)]	Loss1: 5.841250 Loss2: 0.000016 
| Global Round : 30 | Client :8 | Local Epoch : 4 | [704/714 (100%)]	Loss1: 5.840823 Loss2: 0.000023 
| Global Round : 30 | Client :9 | Local Epoch : 0 | [64/607 (11%)]	Loss1: 5.840572 Loss2: 0.000015 
| Global Round : 30 | Client :9 | Local Epoch : 1 | [64/607 (11%)]	Loss1: 5.842432 Loss2: 0.000017 
| Global Round : 30 | Client :9 | Local Epoch : 2 | [64/607 (11%)]	Loss1: 5.842540 Loss2: 0.000013 
| Global Round : 30 | Client :9 | Local Epoch : 3 | [64/607 (11%)]	Loss1: 5.840902 Loss2: 0.000018 
| Global Round : 30 | Client :9 | Local Epoch : 4 | [64/607 (11%)]	Loss1: 5.841523 Loss2: 0.000015 
average loss:   5.8386297392122675
average local test accuracy: 0.8291666666666668
average global test accuracy:  0.62734375

 | Global Training Round : 31 |

xi_k [0.47584631 0.53261583 0.53257001 0.49480906 0.49087077 0.5078051
 0.51067962 0.49640956 0.52518148 0.50537339]
max_exp: -1.0
coe: 10
Regulation [0.8 0.8 0.8 0.8 0.8 0.8 0.8 0.8 0.8 0.8]
Solver status: optimal_inaccurate
b_new: [1. 1. 1. 1. 1. 1. 1. 1. 1. 1.]
Iter 0: obj=50.3216, best_obj=50.3216, ||b_new-b_prev||₂=2.846050
xi_k [0.47584631 0.53261583 0.53257001 0.49480906 0.49087077 0.5078051
 0.51067962 0.49640956 0.52518148 0.50537339]
max_exp: -1.0
coe: 10
Regulation [-1. -1. -1. -1. -1. -1. -1. -1. -1. -1.]
Solver status: optimal_inaccurate
b_new: [1. 1. 1. 1. 1. 1. 1. 1. 1. 1.]
Iter 1: obj=51.2216, best_obj=51.2216, ||b_new-b_prev||₂=0.000000
Converged.
Final b: [1. 1. 1. 1. 1. 1. 1. 1. 1. 1.]
<class 'numpy.ndarray'>
b_float: [1. 1. 1. 1. 1. 1. 1. 1. 1. 1.]
b: [1 1 1 1 1 1 1 1 1 1]
active_clients:  [0, 1, 2, 3, 4, 5, 6, 7, 8, 9]
Client 0's s_k are:[0 1 1 1 1 1 1 1 1 1]
Client 1's s_k are:[1 0 1 1 1 1 1 1 1 1]
Client 2's s_k are:[1 1 0 1 1 1 1 1 1 1]
Client 3's s_k are:[1 1 1 0 1 1 1 1 1 1]
Client 4's s_k are:[1 1 1 1 0 1 1 1 1 1]
Client 5's s_k are:[1 1 1 1 1 0 1 1 1 1]
Client 6's s_k are:[1 1 1 1 1 1 0 1 1 1]
Client 7's s_k are:[1 1 1 1 1 1 1 0 1 1]
Client 8's s_k are:[1 1 1 1 1 1 1 1 0 1]
Client 9's s_k are:[1 1 1 1 1 1 1 1 1 0]
| Global Round : 31 | Client :0 | Local Epoch : 0 | [64/573 (12%)]	Loss1: 5.840679 Loss2: 0.000024 
| Global Round : 31 | Client :0 | Local Epoch : 1 | [64/573 (12%)]	Loss1: 5.839579 Loss2: 0.000023 
| Global Round : 31 | Client :0 | Local Epoch : 2 | [64/573 (12%)]	Loss1: 5.839736 Loss2: 0.000024 
| Global Round : 31 | Client :0 | Local Epoch : 3 | [64/573 (12%)]	Loss1: 5.839769 Loss2: 0.000023 
| Global Round : 31 | Client :0 | Local Epoch : 4 | [64/573 (12%)]	Loss1: 5.839360 Loss2: 0.000021 
| Global Round : 31 | Client :1 | Local Epoch : 0 | [64/448 (14%)]	Loss1: 5.841202 Loss2: 0.000019 
| Global Round : 31 | Client :1 | Local Epoch : 1 | [64/448 (14%)]	Loss1: 5.841255 Loss2: 0.000014 
| Global Round : 31 | Client :1 | Local Epoch : 2 | [64/448 (14%)]	Loss1: 5.841354 Loss2: 0.000014 
| Global Round : 31 | Client :1 | Local Epoch : 3 | [64/448 (14%)]	Loss1: 5.841508 Loss2: 0.000014 
| Global Round : 31 | Client :1 | Local Epoch : 4 | [64/448 (14%)]	Loss1: 5.840381 Loss2: 0.000013 
| Global Round : 31 | Client :2 | Local Epoch : 0 | [64/448 (14%)]	Loss1: 5.840106 Loss2: 0.000015 
| Global Round : 31 | Client :2 | Local Epoch : 1 | [64/448 (14%)]	Loss1: 5.840824 Loss2: 0.000015 
| Global Round : 31 | Client :2 | Local Epoch : 2 | [64/448 (14%)]	Loss1: 5.840257 Loss2: 0.000013 
| Global Round : 31 | Client :2 | Local Epoch : 3 | [64/448 (14%)]	Loss1: 5.840417 Loss2: 0.000016 
| Global Round : 31 | Client :2 | Local Epoch : 4 | [64/448 (14%)]	Loss1: 5.841430 Loss2: 0.000013 
| Global Round : 31 | Client :3 | Local Epoch : 0 | [64/620 (11%)]	Loss1: 5.840282 Loss2: 0.000013 
| Global Round : 31 | Client :3 | Local Epoch : 1 | [64/620 (11%)]	Loss1: 5.842052 Loss2: 0.000015 
| Global Round : 31 | Client :3 | Local Epoch : 2 | [64/620 (11%)]	Loss1: 5.841714 Loss2: 0.000016 
| Global Round : 31 | Client :3 | Local Epoch : 3 | [64/620 (11%)]	Loss1: 5.840738 Loss2: 0.000017 
| Global Round : 31 | Client :3 | Local Epoch : 4 | [64/620 (11%)]	Loss1: 5.841224 Loss2: 0.000017 
| Global Round : 31 | Client :4 | Local Epoch : 0 | [64/625 (11%)]	Loss1: 5.841718 Loss2: 0.000018 
| Global Round : 31 | Client :4 | Local Epoch : 1 | [64/625 (11%)]	Loss1: 5.841350 Loss2: 0.000020 
| Global Round : 31 | Client :4 | Local Epoch : 2 | [64/625 (11%)]	Loss1: 5.840725 Loss2: 0.000017 
| Global Round : 31 | Client :4 | Local Epoch : 3 | [64/625 (11%)]	Loss1: 5.840417 Loss2: 0.000019 
| Global Round : 31 | Client :4 | Local Epoch : 4 | [64/625 (11%)]	Loss1: 5.841342 Loss2: 0.000023 
| Global Round : 31 | Client :5 | Local Epoch : 0 | [64/604 (11%)]	Loss1: 5.840428 Loss2: 0.000022 
| Global Round : 31 | Client :5 | Local Epoch : 1 | [64/604 (11%)]	Loss1: 5.839410 Loss2: 0.000021 
| Global Round : 31 | Client :5 | Local Epoch : 2 | [64/604 (11%)]	Loss1: 5.839652 Loss2: 0.000022 
| Global Round : 31 | Client :5 | Local Epoch : 3 | [64/604 (11%)]	Loss1: 5.840087 Loss2: 0.000019 
| Global Round : 31 | Client :5 | Local Epoch : 4 | [64/604 (11%)]	Loss1: 5.839560 Loss2: 0.000021 
| Global Round : 31 | Client :6 | Local Epoch : 0 | [64/534 (12%)]	Loss1: 5.841919 Loss2: 0.000015 
| Global Round : 31 | Client :6 | Local Epoch : 1 | [64/534 (12%)]	Loss1: 5.841455 Loss2: 0.000015 
| Global Round : 31 | Client :6 | Local Epoch : 2 | [64/534 (12%)]	Loss1: 5.840991 Loss2: 0.000013 
| Global Round : 31 | Client :6 | Local Epoch : 3 | [64/534 (12%)]	Loss1: 5.841136 Loss2: 0.000013 
| Global Round : 31 | Client :6 | Local Epoch : 4 | [64/534 (12%)]	Loss1: 5.841682 Loss2: 0.000011 
| Global Round : 31 | Client :7 | Local Epoch : 0 | [64/824 (8%)]	Loss1: 5.840228 Loss2: 0.000023 
| Global Round : 31 | Client :7 | Local Epoch : 0 | [704/824 (92%)]	Loss1: 5.839594 Loss2: 0.000027 
| Global Round : 31 | Client :7 | Local Epoch : 1 | [64/824 (8%)]	Loss1: 5.840381 Loss2: 0.000023 
| Global Round : 31 | Client :7 | Local Epoch : 1 | [704/824 (92%)]	Loss1: 5.840425 Loss2: 0.000027 
| Global Round : 31 | Client :7 | Local Epoch : 2 | [64/824 (8%)]	Loss1: 5.839869 Loss2: 0.000028 
| Global Round : 31 | Client :7 | Local Epoch : 2 | [704/824 (92%)]	Loss1: 5.840608 Loss2: 0.000022 
| Global Round : 31 | Client :7 | Local Epoch : 3 | [64/824 (8%)]	Loss1: 5.839828 Loss2: 0.000025 
| Global Round : 31 | Client :7 | Local Epoch : 3 | [704/824 (92%)]	Loss1: 5.840797 Loss2: 0.000024 
| Global Round : 31 | Client :7 | Local Epoch : 4 | [64/824 (8%)]	Loss1: 5.840199 Loss2: 0.000025 
| Global Round : 31 | Client :7 | Local Epoch : 4 | [704/824 (92%)]	Loss1: 5.841177 Loss2: 0.000029 
| Global Round : 31 | Client :8 | Local Epoch : 0 | [64/714 (9%)]	Loss1: 5.841497 Loss2: 0.000017 
| Global Round : 31 | Client :8 | Local Epoch : 0 | [704/714 (100%)]	Loss1: 5.841035 Loss2: 0.000020 
| Global Round : 31 | Client :8 | Local Epoch : 1 | [64/714 (9%)]	Loss1: 5.840874 Loss2: 0.000019 
| Global Round : 31 | Client :8 | Local Epoch : 1 | [704/714 (100%)]	Loss1: 5.840871 Loss2: 0.000025 
| Global Round : 31 | Client :8 | Local Epoch : 2 | [64/714 (9%)]	Loss1: 5.841433 Loss2: 0.000018 
| Global Round : 31 | Client :8 | Local Epoch : 2 | [704/714 (100%)]	Loss1: 5.841449 Loss2: 0.000024 
| Global Round : 31 | Client :8 | Local Epoch : 3 | [64/714 (9%)]	Loss1: 5.841607 Loss2: 0.000018 
| Global Round : 31 | Client :8 | Local Epoch : 3 | [704/714 (100%)]	Loss1: 5.840153 Loss2: 0.000019 
| Global Round : 31 | Client :8 | Local Epoch : 4 | [64/714 (9%)]	Loss1: 5.842659 Loss2: 0.000016 
| Global Round : 31 | Client :8 | Local Epoch : 4 | [704/714 (100%)]	Loss1: 5.841554 Loss2: 0.000019 
| Global Round : 31 | Client :9 | Local Epoch : 0 | [64/607 (11%)]	Loss1: 5.841507 Loss2: 0.000016 
| Global Round : 31 | Client :9 | Local Epoch : 1 | [64/607 (11%)]	Loss1: 5.841632 Loss2: 0.000015 
| Global Round : 31 | Client :9 | Local Epoch : 2 | [64/607 (11%)]	Loss1: 5.841486 Loss2: 0.000016 
| Global Round : 31 | Client :9 | Local Epoch : 3 | [64/607 (11%)]	Loss1: 5.841173 Loss2: 0.000014 
| Global Round : 31 | Client :9 | Local Epoch : 4 | [64/607 (11%)]	Loss1: 5.841652 Loss2: 0.000017 
average loss:   5.838584072705127
average local test accuracy: 0.8162760416666666
average global test accuracy:  0.633984375

 | Global Training Round : 32 |

xi_k [0.47582725 0.53259647 0.53255828 0.49477554 0.49091302 0.50784935
 0.51065709 0.49638744 0.52518987 0.50544095]
max_exp: -1.0
coe: 10
Regulation [0.8 0.8 0.8 0.8 0.8 0.8 0.8 0.8 0.8 0.8]
Solver status: optimal_inaccurate
b_new: [1. 1. 1. 1. 1. 1. 1. 1. 1. 1.]
Iter 0: obj=50.3220, best_obj=50.3220, ||b_new-b_prev||₂=2.846050
xi_k [0.47582725 0.53259647 0.53255828 0.49477554 0.49091302 0.50784935
 0.51065709 0.49638744 0.52518987 0.50544095]
max_exp: -1.0
coe: 10
Regulation [-1. -1. -1. -1. -1. -1. -1. -1. -1. -1.]
Solver status: optimal_inaccurate
b_new: [1. 1. 1. 1. 1. 1. 1. 1. 1. 1.]
Iter 1: obj=51.2220, best_obj=51.2220, ||b_new-b_prev||₂=0.000000
Converged.
Final b: [1. 1. 1. 1. 1. 1. 1. 1. 1. 1.]
<class 'numpy.ndarray'>
b_float: [1. 1. 1. 1. 1. 1. 1. 1. 1. 1.]
b: [1 1 1 1 1 1 1 1 1 1]
active_clients:  [0, 1, 2, 3, 4, 5, 6, 7, 8, 9]
Client 0's s_k are:[0 1 1 1 1 1 1 1 1 1]
Client 1's s_k are:[1 0 1 1 1 1 1 1 1 1]
Client 2's s_k are:[1 1 0 1 1 1 1 1 1 1]
Client 3's s_k are:[1 1 1 0 1 1 1 1 1 1]
Client 4's s_k are:[1 1 1 1 0 1 1 1 1 1]
Client 5's s_k are:[1 1 1 1 1 0 1 1 1 1]
Client 6's s_k are:[1 1 1 1 1 1 0 1 1 1]
Client 7's s_k are:[1 1 1 1 1 1 1 0 1 1]
Client 8's s_k are:[1 1 1 1 1 1 1 1 0 1]
Client 9's s_k are:[1 1 1 1 1 1 1 1 1 0]
| Global Round : 32 | Client :0 | Local Epoch : 0 | [64/573 (12%)]	Loss1: 5.840019 Loss2: 0.000023 
| Global Round : 32 | Client :0 | Local Epoch : 1 | [64/573 (12%)]	Loss1: 5.839154 Loss2: 0.000024 
| Global Round : 32 | Client :0 | Local Epoch : 2 | [64/573 (12%)]	Loss1: 5.839756 Loss2: 0.000023 
| Global Round : 32 | Client :0 | Local Epoch : 3 | [64/573 (12%)]	Loss1: 5.839942 Loss2: 0.000024 
| Global Round : 32 | Client :0 | Local Epoch : 4 | [64/573 (12%)]	Loss1: 5.839930 Loss2: 0.000027 
| Global Round : 32 | Client :1 | Local Epoch : 0 | [64/448 (14%)]	Loss1: 5.840408 Loss2: 0.000015 
| Global Round : 32 | Client :1 | Local Epoch : 1 | [64/448 (14%)]	Loss1: 5.840590 Loss2: 0.000015 
| Global Round : 32 | Client :1 | Local Epoch : 2 | [64/448 (14%)]	Loss1: 5.839844 Loss2: 0.000016 
| Global Round : 32 | Client :1 | Local Epoch : 3 | [64/448 (14%)]	Loss1: 5.841108 Loss2: 0.000012 
| Global Round : 32 | Client :1 | Local Epoch : 4 | [64/448 (14%)]	Loss1: 5.841253 Loss2: 0.000013 
| Global Round : 32 | Client :2 | Local Epoch : 0 | [64/448 (14%)]	Loss1: 5.840597 Loss2: 0.000014 
| Global Round : 32 | Client :2 | Local Epoch : 1 | [64/448 (14%)]	Loss1: 5.841555 Loss2: 0.000015 
| Global Round : 32 | Client :2 | Local Epoch : 2 | [64/448 (14%)]	Loss1: 5.842648 Loss2: 0.000019 
| Global Round : 32 | Client :2 | Local Epoch : 3 | [64/448 (14%)]	Loss1: 5.840889 Loss2: 0.000014 
| Global Round : 32 | Client :2 | Local Epoch : 4 | [64/448 (14%)]	Loss1: 5.840762 Loss2: 0.000014 
| Global Round : 32 | Client :3 | Local Epoch : 0 | [64/620 (11%)]	Loss1: 5.840685 Loss2: 0.000017 
| Global Round : 32 | Client :3 | Local Epoch : 1 | [64/620 (11%)]	Loss1: 5.840225 Loss2: 0.000016 
| Global Round : 32 | Client :3 | Local Epoch : 2 | [64/620 (11%)]	Loss1: 5.841268 Loss2: 0.000018 
| Global Round : 32 | Client :3 | Local Epoch : 3 | [64/620 (11%)]	Loss1: 5.839573 Loss2: 0.000015 
| Global Round : 32 | Client :3 | Local Epoch : 4 | [64/620 (11%)]	Loss1: 5.841174 Loss2: 0.000015 
| Global Round : 32 | Client :4 | Local Epoch : 0 | [64/625 (11%)]	Loss1: 5.841923 Loss2: 0.000019 
| Global Round : 32 | Client :4 | Local Epoch : 1 | [64/625 (11%)]	Loss1: 5.841312 Loss2: 0.000018 
| Global Round : 32 | Client :4 | Local Epoch : 2 | [64/625 (11%)]	Loss1: 5.840562 Loss2: 0.000018 
| Global Round : 32 | Client :4 | Local Epoch : 3 | [64/625 (11%)]	Loss1: 5.840272 Loss2: 0.000016 
| Global Round : 32 | Client :4 | Local Epoch : 4 | [64/625 (11%)]	Loss1: 5.840860 Loss2: 0.000021 
| Global Round : 32 | Client :5 | Local Epoch : 0 | [64/604 (11%)]	Loss1: 5.839313 Loss2: 0.000018 
| Global Round : 32 | Client :5 | Local Epoch : 1 | [64/604 (11%)]	Loss1: 5.840282 Loss2: 0.000024 
| Global Round : 32 | Client :5 | Local Epoch : 2 | [64/604 (11%)]	Loss1: 5.840044 Loss2: 0.000018 
| Global Round : 32 | Client :5 | Local Epoch : 3 | [64/604 (11%)]	Loss1: 5.839862 Loss2: 0.000022 
| Global Round : 32 | Client :5 | Local Epoch : 4 | [64/604 (11%)]	Loss1: 5.839376 Loss2: 0.000021 
| Global Round : 32 | Client :6 | Local Epoch : 0 | [64/534 (12%)]	Loss1: 5.841655 Loss2: 0.000015 
| Global Round : 32 | Client :6 | Local Epoch : 1 | [64/534 (12%)]	Loss1: 5.841330 Loss2: 0.000013 
| Global Round : 32 | Client :6 | Local Epoch : 2 | [64/534 (12%)]	Loss1: 5.841190 Loss2: 0.000015 
| Global Round : 32 | Client :6 | Local Epoch : 3 | [64/534 (12%)]	Loss1: 5.841932 Loss2: 0.000014 
| Global Round : 32 | Client :6 | Local Epoch : 4 | [64/534 (12%)]	Loss1: 5.839822 Loss2: 0.000014 
| Global Round : 32 | Client :7 | Local Epoch : 0 | [64/824 (8%)]	Loss1: 5.839846 Loss2: 0.000027 
| Global Round : 32 | Client :7 | Local Epoch : 0 | [704/824 (92%)]	Loss1: 5.841252 Loss2: 0.000024 
| Global Round : 32 | Client :7 | Local Epoch : 1 | [64/824 (8%)]	Loss1: 5.839078 Loss2: 0.000024 
| Global Round : 32 | Client :7 | Local Epoch : 1 | [704/824 (92%)]	Loss1: 5.839977 Loss2: 0.000029 
| Global Round : 32 | Client :7 | Local Epoch : 2 | [64/824 (8%)]	Loss1: 5.839942 Loss2: 0.000030 
| Global Round : 32 | Client :7 | Local Epoch : 2 | [704/824 (92%)]	Loss1: 5.839740 Loss2: 0.000023 
| Global Round : 32 | Client :7 | Local Epoch : 3 | [64/824 (8%)]	Loss1: 5.840497 Loss2: 0.000027 
| Global Round : 32 | Client :7 | Local Epoch : 3 | [704/824 (92%)]	Loss1: 5.839391 Loss2: 0.000029 
| Global Round : 32 | Client :7 | Local Epoch : 4 | [64/824 (8%)]	Loss1: 5.839899 Loss2: 0.000025 
| Global Round : 32 | Client :7 | Local Epoch : 4 | [704/824 (92%)]	Loss1: 5.839408 Loss2: 0.000024 
| Global Round : 32 | Client :8 | Local Epoch : 0 | [64/714 (9%)]	Loss1: 5.841081 Loss2: 0.000016 
| Global Round : 32 | Client :8 | Local Epoch : 0 | [704/714 (100%)]	Loss1: 5.841179 Loss2: 0.000023 
| Global Round : 32 | Client :8 | Local Epoch : 1 | [64/714 (9%)]	Loss1: 5.841307 Loss2: 0.000017 
| Global Round : 32 | Client :8 | Local Epoch : 1 | [704/714 (100%)]	Loss1: 5.841642 Loss2: 0.000030 
| Global Round : 32 | Client :8 | Local Epoch : 2 | [64/714 (9%)]	Loss1: 5.841104 Loss2: 0.000018 
| Global Round : 32 | Client :8 | Local Epoch : 2 | [704/714 (100%)]	Loss1: 5.840834 Loss2: 0.000016 
| Global Round : 32 | Client :8 | Local Epoch : 3 | [64/714 (9%)]	Loss1: 5.840505 Loss2: 0.000016 
| Global Round : 32 | Client :8 | Local Epoch : 3 | [704/714 (100%)]	Loss1: 5.841460 Loss2: 0.000021 
| Global Round : 32 | Client :8 | Local Epoch : 4 | [64/714 (9%)]	Loss1: 5.841130 Loss2: 0.000020 
| Global Round : 32 | Client :8 | Local Epoch : 4 | [704/714 (100%)]	Loss1: 5.840541 Loss2: 0.000022 
| Global Round : 32 | Client :9 | Local Epoch : 0 | [64/607 (11%)]	Loss1: 5.841461 Loss2: 0.000013 
| Global Round : 32 | Client :9 | Local Epoch : 1 | [64/607 (11%)]	Loss1: 5.840581 Loss2: 0.000014 
| Global Round : 32 | Client :9 | Local Epoch : 2 | [64/607 (11%)]	Loss1: 5.842857 Loss2: 0.000014 
| Global Round : 32 | Client :9 | Local Epoch : 3 | [64/607 (11%)]	Loss1: 5.842077 Loss2: 0.000018 
| Global Round : 32 | Client :9 | Local Epoch : 4 | [64/607 (11%)]	Loss1: 5.841590 Loss2: 0.000017 
average loss:   5.838521208150733
average local test accuracy: 0.8330729166666668
average global test accuracy:  0.64609375

 | Global Training Round : 33 |

xi_k [0.47582395 0.53257656 0.53257935 0.49475698 0.49087994 0.50781597
 0.5106546  0.49638276 0.52517835 0.50543729]
max_exp: -1.0
coe: 10
Regulation [0.8 0.8 0.8 0.8 0.8 0.8 0.8 0.8 0.8 0.8]
Solver status: optimal_inaccurate
b_new: [1. 1. 1. 1. 1. 1. 1. 1. 1. 1.]
Iter 0: obj=50.3209, best_obj=50.3209, ||b_new-b_prev||₂=2.846050
xi_k [0.47582395 0.53257656 0.53257935 0.49475698 0.49087994 0.50781597
 0.5106546  0.49638276 0.52517835 0.50543729]
max_exp: -1.0
coe: 10
Regulation [-1. -1. -1. -1. -1. -1. -1. -1. -1. -1.]
Solver status: optimal_inaccurate
b_new: [1. 1. 1. 1. 1. 1. 1. 1. 1. 1.]
Iter 1: obj=51.2209, best_obj=51.2209, ||b_new-b_prev||₂=0.000000
Converged.
Final b: [1. 1. 1. 1. 1. 1. 1. 1. 1. 1.]
<class 'numpy.ndarray'>
b_float: [1. 1. 1. 1. 1. 1. 1. 1. 1. 1.]
b: [1 1 1 1 1 1 1 1 1 1]
active_clients:  [0, 1, 2, 3, 4, 5, 6, 7, 8, 9]
Client 0's s_k are:[0 1 1 1 1 1 1 1 1 1]
Client 1's s_k are:[1 0 1 1 1 1 1 1 1 1]
Client 2's s_k are:[1 1 0 1 1 1 1 1 1 1]
Client 3's s_k are:[1 1 1 0 1 1 1 1 1 1]
Client 4's s_k are:[1 1 1 1 0 1 1 1 1 1]
Client 5's s_k are:[1 1 1 1 1 0 1 1 1 1]
Client 6's s_k are:[1 1 1 1 1 1 0 1 1 1]
Client 7's s_k are:[1 1 1 1 1 1 1 0 1 1]
Client 8's s_k are:[1 1 1 1 1 1 1 1 0 1]
Client 9's s_k are:[1 1 1 1 1 1 1 1 1 0]
| Global Round : 33 | Client :0 | Local Epoch : 0 | [64/573 (12%)]	Loss1: 5.839464 Loss2: 0.000021 
| Global Round : 33 | Client :0 | Local Epoch : 1 | [64/573 (12%)]	Loss1: 5.840177 Loss2: 0.000025 
| Global Round : 33 | Client :0 | Local Epoch : 2 | [64/573 (12%)]	Loss1: 5.840085 Loss2: 0.000022 
| Global Round : 33 | Client :0 | Local Epoch : 3 | [64/573 (12%)]	Loss1: 5.840745 Loss2: 0.000023 
| Global Round : 33 | Client :0 | Local Epoch : 4 | [64/573 (12%)]	Loss1: 5.839532 Loss2: 0.000018 
| Global Round : 33 | Client :1 | Local Epoch : 0 | [64/448 (14%)]	Loss1: 5.840812 Loss2: 0.000012 
| Global Round : 33 | Client :1 | Local Epoch : 1 | [64/448 (14%)]	Loss1: 5.840244 Loss2: 0.000013 
| Global Round : 33 | Client :1 | Local Epoch : 2 | [64/448 (14%)]	Loss1: 5.840056 Loss2: 0.000016 
| Global Round : 33 | Client :1 | Local Epoch : 3 | [64/448 (14%)]	Loss1: 5.840703 Loss2: 0.000016 
| Global Round : 33 | Client :1 | Local Epoch : 4 | [64/448 (14%)]	Loss1: 5.840896 Loss2: 0.000015 
| Global Round : 33 | Client :2 | Local Epoch : 0 | [64/448 (14%)]	Loss1: 5.840391 Loss2: 0.000014 
| Global Round : 33 | Client :2 | Local Epoch : 1 | [64/448 (14%)]	Loss1: 5.841880 Loss2: 0.000015 
| Global Round : 33 | Client :2 | Local Epoch : 2 | [64/448 (14%)]	Loss1: 5.840984 Loss2: 0.000014 
| Global Round : 33 | Client :2 | Local Epoch : 3 | [64/448 (14%)]	Loss1: 5.841959 Loss2: 0.000017 
| Global Round : 33 | Client :2 | Local Epoch : 4 | [64/448 (14%)]	Loss1: 5.841732 Loss2: 0.000015 
| Global Round : 33 | Client :3 | Local Epoch : 0 | [64/620 (11%)]	Loss1: 5.840324 Loss2: 0.000015 
| Global Round : 33 | Client :3 | Local Epoch : 1 | [64/620 (11%)]	Loss1: 5.840007 Loss2: 0.000015 
| Global Round : 33 | Client :3 | Local Epoch : 2 | [64/620 (11%)]	Loss1: 5.840316 Loss2: 0.000018 
| Global Round : 33 | Client :3 | Local Epoch : 3 | [64/620 (11%)]	Loss1: 5.840817 Loss2: 0.000015 
| Global Round : 33 | Client :3 | Local Epoch : 4 | [64/620 (11%)]	Loss1: 5.840150 Loss2: 0.000013 
| Global Round : 33 | Client :4 | Local Epoch : 0 | [64/625 (11%)]	Loss1: 5.840416 Loss2: 0.000021 
| Global Round : 33 | Client :4 | Local Epoch : 1 | [64/625 (11%)]	Loss1: 5.841253 Loss2: 0.000022 
| Global Round : 33 | Client :4 | Local Epoch : 2 | [64/625 (11%)]	Loss1: 5.841838 Loss2: 0.000017 
| Global Round : 33 | Client :4 | Local Epoch : 3 | [64/625 (11%)]	Loss1: 5.840773 Loss2: 0.000018 
| Global Round : 33 | Client :4 | Local Epoch : 4 | [64/625 (11%)]	Loss1: 5.841036 Loss2: 0.000021 
| Global Round : 33 | Client :5 | Local Epoch : 0 | [64/604 (11%)]	Loss1: 5.840066 Loss2: 0.000019 
| Global Round : 33 | Client :5 | Local Epoch : 1 | [64/604 (11%)]	Loss1: 5.840291 Loss2: 0.000020 
| Global Round : 33 | Client :5 | Local Epoch : 2 | [64/604 (11%)]	Loss1: 5.839705 Loss2: 0.000018 
| Global Round : 33 | Client :5 | Local Epoch : 3 | [64/604 (11%)]	Loss1: 5.839577 Loss2: 0.000020 
| Global Round : 33 | Client :5 | Local Epoch : 4 | [64/604 (11%)]	Loss1: 5.840116 Loss2: 0.000021 
| Global Round : 33 | Client :6 | Local Epoch : 0 | [64/534 (12%)]	Loss1: 5.840982 Loss2: 0.000013 
| Global Round : 33 | Client :6 | Local Epoch : 1 | [64/534 (12%)]	Loss1: 5.840511 Loss2: 0.000011 
| Global Round : 33 | Client :6 | Local Epoch : 2 | [64/534 (12%)]	Loss1: 5.840535 Loss2: 0.000012 
| Global Round : 33 | Client :6 | Local Epoch : 3 | [64/534 (12%)]	Loss1: 5.841466 Loss2: 0.000017 
| Global Round : 33 | Client :6 | Local Epoch : 4 | [64/534 (12%)]	Loss1: 5.841278 Loss2: 0.000012 
| Global Round : 33 | Client :7 | Local Epoch : 0 | [64/824 (8%)]	Loss1: 5.839730 Loss2: 0.000024 
| Global Round : 33 | Client :7 | Local Epoch : 0 | [704/824 (92%)]	Loss1: 5.841424 Loss2: 0.000030 
| Global Round : 33 | Client :7 | Local Epoch : 1 | [64/824 (8%)]	Loss1: 5.840805 Loss2: 0.000027 
| Global Round : 33 | Client :7 | Local Epoch : 1 | [704/824 (92%)]	Loss1: 5.840593 Loss2: 0.000027 
| Global Round : 33 | Client :7 | Local Epoch : 2 | [64/824 (8%)]	Loss1: 5.840563 Loss2: 0.000025 
| Global Round : 33 | Client :7 | Local Epoch : 2 | [704/824 (92%)]	Loss1: 5.840292 Loss2: 0.000031 
| Global Round : 33 | Client :7 | Local Epoch : 3 | [64/824 (8%)]	Loss1: 5.839764 Loss2: 0.000026 
| Global Round : 33 | Client :7 | Local Epoch : 3 | [704/824 (92%)]	Loss1: 5.841072 Loss2: 0.000024 
| Global Round : 33 | Client :7 | Local Epoch : 4 | [64/824 (8%)]	Loss1: 5.840213 Loss2: 0.000023 
| Global Round : 33 | Client :7 | Local Epoch : 4 | [704/824 (92%)]	Loss1: 5.839165 Loss2: 0.000026 
| Global Round : 33 | Client :8 | Local Epoch : 0 | [64/714 (9%)]	Loss1: 5.841523 Loss2: 0.000014 
| Global Round : 33 | Client :8 | Local Epoch : 0 | [704/714 (100%)]	Loss1: 5.840824 Loss2: 0.000025 
| Global Round : 33 | Client :8 | Local Epoch : 1 | [64/714 (9%)]	Loss1: 5.840525 Loss2: 0.000020 
| Global Round : 33 | Client :8 | Local Epoch : 1 | [704/714 (100%)]	Loss1: 5.841083 Loss2: 0.000022 
| Global Round : 33 | Client :8 | Local Epoch : 2 | [64/714 (9%)]	Loss1: 5.841165 Loss2: 0.000017 
| Global Round : 33 | Client :8 | Local Epoch : 2 | [704/714 (100%)]	Loss1: 5.840456 Loss2: 0.000024 
| Global Round : 33 | Client :8 | Local Epoch : 3 | [64/714 (9%)]	Loss1: 5.840614 Loss2: 0.000016 
| Global Round : 33 | Client :8 | Local Epoch : 3 | [704/714 (100%)]	Loss1: 5.840799 Loss2: 0.000025 
| Global Round : 33 | Client :8 | Local Epoch : 4 | [64/714 (9%)]	Loss1: 5.840887 Loss2: 0.000016 
| Global Round : 33 | Client :8 | Local Epoch : 4 | [704/714 (100%)]	Loss1: 5.841447 Loss2: 0.000024 
| Global Round : 33 | Client :9 | Local Epoch : 0 | [64/607 (11%)]	Loss1: 5.842167 Loss2: 0.000015 
| Global Round : 33 | Client :9 | Local Epoch : 1 | [64/607 (11%)]	Loss1: 5.841441 Loss2: 0.000017 
| Global Round : 33 | Client :9 | Local Epoch : 2 | [64/607 (11%)]	Loss1: 5.841632 Loss2: 0.000015 
| Global Round : 33 | Client :9 | Local Epoch : 3 | [64/607 (11%)]	Loss1: 5.841077 Loss2: 0.000019 
| Global Round : 33 | Client :9 | Local Epoch : 4 | [64/607 (11%)]	Loss1: 5.841521 Loss2: 0.000015 
average loss:   5.838536372466864
average local test accuracy: 0.832421875
average global test accuracy:  0.63984375

 | Global Training Round : 34 |

xi_k [0.47581241 0.5325865  0.53258646 0.49476831 0.49086041 0.50783783
 0.51066409 0.49640687 0.5251349  0.50537853]
max_exp: -1.0
coe: 10
Regulation [0.8 0.8 0.8 0.8 0.8 0.8 0.8 0.8 0.8 0.8]
Solver status: optimal_inaccurate
b_new: [1. 1. 1. 1. 1. 1. 1. 1. 1. 1.]
Iter 0: obj=50.3204, best_obj=50.3204, ||b_new-b_prev||₂=2.846050
xi_k [0.47581241 0.5325865  0.53258646 0.49476831 0.49086041 0.50783783
 0.51066409 0.49640687 0.5251349  0.50537853]
max_exp: -1.0
coe: 10
Regulation [-1. -1. -1. -1. -1. -1. -1. -1. -1. -1.]
Solver status: optimal_inaccurate
b_new: [1. 1. 1. 1. 1. 1. 1. 1. 1. 1.]
Iter 1: obj=51.2204, best_obj=51.2204, ||b_new-b_prev||₂=0.000000
Converged.
Final b: [1. 1. 1. 1. 1. 1. 1. 1. 1. 1.]
<class 'numpy.ndarray'>
b_float: [1. 1. 1. 1. 1. 1. 1. 1. 1. 1.]
b: [1 1 1 1 1 1 1 1 1 1]
active_clients:  [0, 1, 2, 3, 4, 5, 6, 7, 8, 9]
Client 0's s_k are:[0 1 1 1 1 1 1 1 1 1]
Client 1's s_k are:[1 0 1 1 1 1 1 1 1 1]
Client 2's s_k are:[1 1 0 1 1 1 1 1 1 1]
Client 3's s_k are:[1 1 1 0 1 1 1 1 1 1]
Client 4's s_k are:[1 1 1 1 0 1 1 1 1 1]
Client 5's s_k are:[1 1 1 1 1 0 1 1 1 1]
Client 6's s_k are:[1 1 1 1 1 1 0 1 1 1]
Client 7's s_k are:[1 1 1 1 1 1 1 0 1 1]
Client 8's s_k are:[1 1 1 1 1 1 1 1 0 1]
Client 9's s_k are:[1 1 1 1 1 1 1 1 1 0]
| Global Round : 34 | Client :0 | Local Epoch : 0 | [64/573 (12%)]	Loss1: 5.839977 Loss2: 0.000024 
| Global Round : 34 | Client :0 | Local Epoch : 1 | [64/573 (12%)]	Loss1: 5.839636 Loss2: 0.000026 
| Global Round : 34 | Client :0 | Local Epoch : 2 | [64/573 (12%)]	Loss1: 5.839990 Loss2: 0.000024 
| Global Round : 34 | Client :0 | Local Epoch : 3 | [64/573 (12%)]	Loss1: 5.840074 Loss2: 0.000024 
| Global Round : 34 | Client :0 | Local Epoch : 4 | [64/573 (12%)]	Loss1: 5.840650 Loss2: 0.000022 
| Global Round : 34 | Client :1 | Local Epoch : 0 | [64/448 (14%)]	Loss1: 5.840681 Loss2: 0.000015 
| Global Round : 34 | Client :1 | Local Epoch : 1 | [64/448 (14%)]	Loss1: 5.840917 Loss2: 0.000013 
| Global Round : 34 | Client :1 | Local Epoch : 2 | [64/448 (14%)]	Loss1: 5.840549 Loss2: 0.000019 
| Global Round : 34 | Client :1 | Local Epoch : 3 | [64/448 (14%)]	Loss1: 5.841071 Loss2: 0.000015 
| Global Round : 34 | Client :1 | Local Epoch : 4 | [64/448 (14%)]	Loss1: 5.840877 Loss2: 0.000013 
| Global Round : 34 | Client :2 | Local Epoch : 0 | [64/448 (14%)]	Loss1: 5.841100 Loss2: 0.000015 
| Global Round : 34 | Client :2 | Local Epoch : 1 | [64/448 (14%)]	Loss1: 5.839429 Loss2: 0.000014 
| Global Round : 34 | Client :2 | Local Epoch : 2 | [64/448 (14%)]	Loss1: 5.841412 Loss2: 0.000013 
| Global Round : 34 | Client :2 | Local Epoch : 3 | [64/448 (14%)]	Loss1: 5.841798 Loss2: 0.000012 
| Global Round : 34 | Client :2 | Local Epoch : 4 | [64/448 (14%)]	Loss1: 5.840598 Loss2: 0.000014 
| Global Round : 34 | Client :3 | Local Epoch : 0 | [64/620 (11%)]	Loss1: 5.839729 Loss2: 0.000016 
| Global Round : 34 | Client :3 | Local Epoch : 1 | [64/620 (11%)]	Loss1: 5.840719 Loss2: 0.000013 
| Global Round : 34 | Client :3 | Local Epoch : 2 | [64/620 (11%)]	Loss1: 5.840946 Loss2: 0.000018 
| Global Round : 34 | Client :3 | Local Epoch : 3 | [64/620 (11%)]	Loss1: 5.841152 Loss2: 0.000018 
| Global Round : 34 | Client :3 | Local Epoch : 4 | [64/620 (11%)]	Loss1: 5.841039 Loss2: 0.000016 
| Global Round : 34 | Client :4 | Local Epoch : 0 | [64/625 (11%)]	Loss1: 5.840934 Loss2: 0.000021 
| Global Round : 34 | Client :4 | Local Epoch : 1 | [64/625 (11%)]	Loss1: 5.841017 Loss2: 0.000021 
| Global Round : 34 | Client :4 | Local Epoch : 2 | [64/625 (11%)]	Loss1: 5.840466 Loss2: 0.000021 
| Global Round : 34 | Client :4 | Local Epoch : 3 | [64/625 (11%)]	Loss1: 5.840369 Loss2: 0.000018 
| Global Round : 34 | Client :4 | Local Epoch : 4 | [64/625 (11%)]	Loss1: 5.840332 Loss2: 0.000017 
| Global Round : 34 | Client :5 | Local Epoch : 0 | [64/604 (11%)]	Loss1: 5.839830 Loss2: 0.000018 
| Global Round : 34 | Client :5 | Local Epoch : 1 | [64/604 (11%)]	Loss1: 5.839581 Loss2: 0.000021 
| Global Round : 34 | Client :5 | Local Epoch : 2 | [64/604 (11%)]	Loss1: 5.839844 Loss2: 0.000018 
| Global Round : 34 | Client :5 | Local Epoch : 3 | [64/604 (11%)]	Loss1: 5.839801 Loss2: 0.000022 
| Global Round : 34 | Client :5 | Local Epoch : 4 | [64/604 (11%)]	Loss1: 5.839101 Loss2: 0.000021 
| Global Round : 34 | Client :6 | Local Epoch : 0 | [64/534 (12%)]	Loss1: 5.841411 Loss2: 0.000012 
| Global Round : 34 | Client :6 | Local Epoch : 1 | [64/534 (12%)]	Loss1: 5.841411 Loss2: 0.000012 
| Global Round : 34 | Client :6 | Local Epoch : 2 | [64/534 (12%)]	Loss1: 5.841107 Loss2: 0.000014 
| Global Round : 34 | Client :6 | Local Epoch : 3 | [64/534 (12%)]	Loss1: 5.839875 Loss2: 0.000014 
| Global Round : 34 | Client :6 | Local Epoch : 4 | [64/534 (12%)]	Loss1: 5.840669 Loss2: 0.000013 
| Global Round : 34 | Client :7 | Local Epoch : 0 | [64/824 (8%)]	Loss1: 5.840285 Loss2: 0.000025 
| Global Round : 34 | Client :7 | Local Epoch : 0 | [704/824 (92%)]	Loss1: 5.840448 Loss2: 0.000032 
| Global Round : 34 | Client :7 | Local Epoch : 1 | [64/824 (8%)]	Loss1: 5.840983 Loss2: 0.000026 
| Global Round : 34 | Client :7 | Local Epoch : 1 | [704/824 (92%)]	Loss1: 5.839675 Loss2: 0.000027 
| Global Round : 34 | Client :7 | Local Epoch : 2 | [64/824 (8%)]	Loss1: 5.840061 Loss2: 0.000028 
| Global Round : 34 | Client :7 | Local Epoch : 2 | [704/824 (92%)]	Loss1: 5.840330 Loss2: 0.000023 
| Global Round : 34 | Client :7 | Local Epoch : 3 | [64/824 (8%)]	Loss1: 5.840127 Loss2: 0.000025 
| Global Round : 34 | Client :7 | Local Epoch : 3 | [704/824 (92%)]	Loss1: 5.839835 Loss2: 0.000030 
| Global Round : 34 | Client :7 | Local Epoch : 4 | [64/824 (8%)]	Loss1: 5.840440 Loss2: 0.000029 
| Global Round : 34 | Client :7 | Local Epoch : 4 | [704/824 (92%)]	Loss1: 5.840682 Loss2: 0.000027 
| Global Round : 34 | Client :8 | Local Epoch : 0 | [64/714 (9%)]	Loss1: 5.840225 Loss2: 0.000016 
| Global Round : 34 | Client :8 | Local Epoch : 0 | [704/714 (100%)]	Loss1: 5.840936 Loss2: 0.000027 
| Global Round : 34 | Client :8 | Local Epoch : 1 | [64/714 (9%)]	Loss1: 5.840364 Loss2: 0.000018 
| Global Round : 34 | Client :8 | Local Epoch : 1 | [704/714 (100%)]	Loss1: 5.842586 Loss2: 0.000024 
| Global Round : 34 | Client :8 | Local Epoch : 2 | [64/714 (9%)]	Loss1: 5.840837 Loss2: 0.000017 
| Global Round : 34 | Client :8 | Local Epoch : 2 | [704/714 (100%)]	Loss1: 5.841184 Loss2: 0.000024 
| Global Round : 34 | Client :8 | Local Epoch : 3 | [64/714 (9%)]	Loss1: 5.840876 Loss2: 0.000019 
| Global Round : 34 | Client :8 | Local Epoch : 3 | [704/714 (100%)]	Loss1: 5.841392 Loss2: 0.000017 
| Global Round : 34 | Client :8 | Local Epoch : 4 | [64/714 (9%)]	Loss1: 5.842120 Loss2: 0.000015 
| Global Round : 34 | Client :8 | Local Epoch : 4 | [704/714 (100%)]	Loss1: 5.840329 Loss2: 0.000017 
| Global Round : 34 | Client :9 | Local Epoch : 0 | [64/607 (11%)]	Loss1: 5.842268 Loss2: 0.000017 
| Global Round : 34 | Client :9 | Local Epoch : 1 | [64/607 (11%)]	Loss1: 5.841411 Loss2: 0.000017 
| Global Round : 34 | Client :9 | Local Epoch : 2 | [64/607 (11%)]	Loss1: 5.840928 Loss2: 0.000018 
| Global Round : 34 | Client :9 | Local Epoch : 3 | [64/607 (11%)]	Loss1: 5.841722 Loss2: 0.000013 
| Global Round : 34 | Client :9 | Local Epoch : 4 | [64/607 (11%)]	Loss1: 5.842109 Loss2: 0.000015 
average loss:   5.838518274183054
average local test accuracy: 0.8329427083333334
average global test accuracy:  0.614453125

 | Global Training Round : 35 |

xi_k [0.47584135 0.53258811 0.53260167 0.49477288 0.49084351 0.50780301
 0.51062988 0.49641213 0.5251894  0.50538442]
max_exp: -1.0
coe: 10
Regulation [0.8 0.8 0.8 0.8 0.8 0.8 0.8 0.8 0.8 0.8]
Solver status: optimal_inaccurate
b_new: [1. 1. 1. 1. 1. 1. 1. 1. 1. 1.]
Iter 0: obj=50.3207, best_obj=50.3207, ||b_new-b_prev||₂=2.846050
xi_k [0.47584135 0.53258811 0.53260167 0.49477288 0.49084351 0.50780301
 0.51062988 0.49641213 0.5251894  0.50538442]
max_exp: -1.0
coe: 10
Regulation [-1. -1. -1. -1. -1. -1. -1. -1. -1. -1.]
Solver status: optimal_inaccurate
b_new: [1. 1. 1. 1. 1. 1. 1. 1. 1. 1.]
Iter 1: obj=51.2207, best_obj=51.2207, ||b_new-b_prev||₂=0.000000
Converged.
Final b: [1. 1. 1. 1. 1. 1. 1. 1. 1. 1.]
<class 'numpy.ndarray'>
b_float: [1. 1. 1. 1. 1. 1. 1. 1. 1. 1.]
b: [1 1 1 1 1 1 1 1 1 1]
active_clients:  [0, 1, 2, 3, 4, 5, 6, 7, 8, 9]
Client 0's s_k are:[0 1 1 1 1 1 1 1 1 1]
Client 1's s_k are:[1 0 1 1 1 1 1 1 1 1]
Client 2's s_k are:[1 1 0 1 1 1 1 1 1 1]
Client 3's s_k are:[1 1 1 0 1 1 1 1 1 1]
Client 4's s_k are:[1 1 1 1 0 1 1 1 1 1]
Client 5's s_k are:[1 1 1 1 1 0 1 1 1 1]
Client 6's s_k are:[1 1 1 1 1 1 0 1 1 1]
Client 7's s_k are:[1 1 1 1 1 1 1 0 1 1]
Client 8's s_k are:[1 1 1 1 1 1 1 1 0 1]
Client 9's s_k are:[1 1 1 1 1 1 1 1 1 0]
| Global Round : 35 | Client :0 | Local Epoch : 0 | [64/573 (12%)]	Loss1: 5.839812 Loss2: 0.000024 
| Global Round : 35 | Client :0 | Local Epoch : 1 | [64/573 (12%)]	Loss1: 5.839539 Loss2: 0.000023 
| Global Round : 35 | Client :0 | Local Epoch : 2 | [64/573 (12%)]	Loss1: 5.839268 Loss2: 0.000020 
| Global Round : 35 | Client :0 | Local Epoch : 3 | [64/573 (12%)]	Loss1: 5.840150 Loss2: 0.000022 
| Global Round : 35 | Client :0 | Local Epoch : 4 | [64/573 (12%)]	Loss1: 5.840799 Loss2: 0.000022 
| Global Round : 35 | Client :1 | Local Epoch : 0 | [64/448 (14%)]	Loss1: 5.840169 Loss2: 0.000014 
| Global Round : 35 | Client :1 | Local Epoch : 1 | [64/448 (14%)]	Loss1: 5.841867 Loss2: 0.000016 
| Global Round : 35 | Client :1 | Local Epoch : 2 | [64/448 (14%)]	Loss1: 5.840771 Loss2: 0.000015 
| Global Round : 35 | Client :1 | Local Epoch : 3 | [64/448 (14%)]	Loss1: 5.840597 Loss2: 0.000012 
| Global Round : 35 | Client :1 | Local Epoch : 4 | [64/448 (14%)]	Loss1: 5.841667 Loss2: 0.000014 
| Global Round : 35 | Client :2 | Local Epoch : 0 | [64/448 (14%)]	Loss1: 5.840613 Loss2: 0.000011 
| Global Round : 35 | Client :2 | Local Epoch : 1 | [64/448 (14%)]	Loss1: 5.840250 Loss2: 0.000014 
| Global Round : 35 | Client :2 | Local Epoch : 2 | [64/448 (14%)]	Loss1: 5.840904 Loss2: 0.000012 
| Global Round : 35 | Client :2 | Local Epoch : 3 | [64/448 (14%)]	Loss1: 5.840957 Loss2: 0.000013 
| Global Round : 35 | Client :2 | Local Epoch : 4 | [64/448 (14%)]	Loss1: 5.840520 Loss2: 0.000015 
| Global Round : 35 | Client :3 | Local Epoch : 0 | [64/620 (11%)]	Loss1: 5.839627 Loss2: 0.000014 
| Global Round : 35 | Client :3 | Local Epoch : 1 | [64/620 (11%)]	Loss1: 5.839789 Loss2: 0.000014 
| Global Round : 35 | Client :3 | Local Epoch : 2 | [64/620 (11%)]	Loss1: 5.839999 Loss2: 0.000017 
| Global Round : 35 | Client :3 | Local Epoch : 3 | [64/620 (11%)]	Loss1: 5.841364 Loss2: 0.000014 
| Global Round : 35 | Client :3 | Local Epoch : 4 | [64/620 (11%)]	Loss1: 5.839661 Loss2: 0.000017 
| Global Round : 35 | Client :4 | Local Epoch : 0 | [64/625 (11%)]	Loss1: 5.840434 Loss2: 0.000016 
| Global Round : 35 | Client :4 | Local Epoch : 1 | [64/625 (11%)]	Loss1: 5.841081 Loss2: 0.000021 
| Global Round : 35 | Client :4 | Local Epoch : 2 | [64/625 (11%)]	Loss1: 5.840382 Loss2: 0.000016 
| Global Round : 35 | Client :4 | Local Epoch : 3 | [64/625 (11%)]	Loss1: 5.841554 Loss2: 0.000020 
| Global Round : 35 | Client :4 | Local Epoch : 4 | [64/625 (11%)]	Loss1: 5.840299 Loss2: 0.000020 
| Global Round : 35 | Client :5 | Local Epoch : 0 | [64/604 (11%)]	Loss1: 5.839184 Loss2: 0.000021 
| Global Round : 35 | Client :5 | Local Epoch : 1 | [64/604 (11%)]	Loss1: 5.839863 Loss2: 0.000020 
| Global Round : 35 | Client :5 | Local Epoch : 2 | [64/604 (11%)]	Loss1: 5.840098 Loss2: 0.000019 
| Global Round : 35 | Client :5 | Local Epoch : 3 | [64/604 (11%)]	Loss1: 5.840099 Loss2: 0.000021 
| Global Round : 35 | Client :5 | Local Epoch : 4 | [64/604 (11%)]	Loss1: 5.839212 Loss2: 0.000018 
| Global Round : 35 | Client :6 | Local Epoch : 0 | [64/534 (12%)]	Loss1: 5.841972 Loss2: 0.000013 
| Global Round : 35 | Client :6 | Local Epoch : 1 | [64/534 (12%)]	Loss1: 5.841218 Loss2: 0.000014 
| Global Round : 35 | Client :6 | Local Epoch : 2 | [64/534 (12%)]	Loss1: 5.841761 Loss2: 0.000013 
| Global Round : 35 | Client :6 | Local Epoch : 3 | [64/534 (12%)]	Loss1: 5.841088 Loss2: 0.000011 
| Global Round : 35 | Client :6 | Local Epoch : 4 | [64/534 (12%)]	Loss1: 5.840995 Loss2: 0.000010 
| Global Round : 35 | Client :7 | Local Epoch : 0 | [64/824 (8%)]	Loss1: 5.839574 Loss2: 0.000025 
| Global Round : 35 | Client :7 | Local Epoch : 0 | [704/824 (92%)]	Loss1: 5.839787 Loss2: 0.000030 
| Global Round : 35 | Client :7 | Local Epoch : 1 | [64/824 (8%)]	Loss1: 5.839539 Loss2: 0.000025 
| Global Round : 35 | Client :7 | Local Epoch : 1 | [704/824 (92%)]	Loss1: 5.841763 Loss2: 0.000027 
| Global Round : 35 | Client :7 | Local Epoch : 2 | [64/824 (8%)]	Loss1: 5.839521 Loss2: 0.000027 
| Global Round : 35 | Client :7 | Local Epoch : 2 | [704/824 (92%)]	Loss1: 5.840812 Loss2: 0.000027 
| Global Round : 35 | Client :7 | Local Epoch : 3 | [64/824 (8%)]	Loss1: 5.840057 Loss2: 0.000030 
| Global Round : 35 | Client :7 | Local Epoch : 3 | [704/824 (92%)]	Loss1: 5.840747 Loss2: 0.000029 
| Global Round : 35 | Client :7 | Local Epoch : 4 | [64/824 (8%)]	Loss1: 5.839438 Loss2: 0.000024 
| Global Round : 35 | Client :7 | Local Epoch : 4 | [704/824 (92%)]	Loss1: 5.840376 Loss2: 0.000023 
| Global Round : 35 | Client :8 | Local Epoch : 0 | [64/714 (9%)]	Loss1: 5.841317 Loss2: 0.000018 
| Global Round : 35 | Client :8 | Local Epoch : 0 | [704/714 (100%)]	Loss1: 5.841609 Loss2: 0.000021 
| Global Round : 35 | Client :8 | Local Epoch : 1 | [64/714 (9%)]	Loss1: 5.840672 Loss2: 0.000017 
| Global Round : 35 | Client :8 | Local Epoch : 1 | [704/714 (100%)]	Loss1: 5.840859 Loss2: 0.000024 
| Global Round : 35 | Client :8 | Local Epoch : 2 | [64/714 (9%)]	Loss1: 5.840468 Loss2: 0.000018 
| Global Round : 35 | Client :8 | Local Epoch : 2 | [704/714 (100%)]	Loss1: 5.840702 Loss2: 0.000021 
| Global Round : 35 | Client :8 | Local Epoch : 3 | [64/714 (9%)]	Loss1: 5.840484 Loss2: 0.000020 
| Global Round : 35 | Client :8 | Local Epoch : 3 | [704/714 (100%)]	Loss1: 5.841788 Loss2: 0.000022 
| Global Round : 35 | Client :8 | Local Epoch : 4 | [64/714 (9%)]	Loss1: 5.840819 Loss2: 0.000014 
| Global Round : 35 | Client :8 | Local Epoch : 4 | [704/714 (100%)]	Loss1: 5.841108 Loss2: 0.000023 
| Global Round : 35 | Client :9 | Local Epoch : 0 | [64/607 (11%)]	Loss1: 5.841761 Loss2: 0.000017 
| Global Round : 35 | Client :9 | Local Epoch : 1 | [64/607 (11%)]	Loss1: 5.841708 Loss2: 0.000016 
| Global Round : 35 | Client :9 | Local Epoch : 2 | [64/607 (11%)]	Loss1: 5.842012 Loss2: 0.000015 
| Global Round : 35 | Client :9 | Local Epoch : 3 | [64/607 (11%)]	Loss1: 5.841192 Loss2: 0.000013 
| Global Round : 35 | Client :9 | Local Epoch : 4 | [64/607 (11%)]	Loss1: 5.841172 Loss2: 0.000016 
average loss:   5.838469899397391
average local test accuracy: 0.8256510416666666
average global test accuracy:  0.611328125

 | Global Training Round : 36 |

xi_k [0.47582542 0.53256582 0.53256346 0.49478916 0.49082272 0.50783151
 0.51063091 0.4964121  0.52513425 0.50539472]
max_exp: -1.0
coe: 10
Regulation [0.8 0.8 0.8 0.8 0.8 0.8 0.8 0.8 0.8 0.8]
Solver status: optimal_inaccurate
b_new: [1. 1. 1. 1. 1. 1. 1. 1. 1. 1.]
Iter 0: obj=50.3197, best_obj=50.3197, ||b_new-b_prev||₂=2.846050
xi_k [0.47582542 0.53256582 0.53256346 0.49478916 0.49082272 0.50783151
 0.51063091 0.4964121  0.52513425 0.50539472]
max_exp: -1.0
coe: 10
Regulation [-1. -1. -1. -1. -1. -1. -1. -1. -1. -1.]
Solver status: optimal_inaccurate
b_new: [1. 1. 1. 1. 1. 1. 1. 1. 1. 1.]
Iter 1: obj=51.2197, best_obj=51.2197, ||b_new-b_prev||₂=0.000000
Converged.
Final b: [1. 1. 1. 1. 1. 1. 1. 1. 1. 1.]
<class 'numpy.ndarray'>
b_float: [1. 1. 1. 1. 1. 1. 1. 1. 1. 1.]
b: [1 1 1 1 1 1 1 1 1 1]
active_clients:  [0, 1, 2, 3, 4, 5, 6, 7, 8, 9]
Client 0's s_k are:[0 1 1 1 1 1 1 1 1 1]
Client 1's s_k are:[1 0 1 1 1 1 1 1 1 1]
Client 2's s_k are:[1 1 0 1 1 1 1 1 1 1]
Client 3's s_k are:[1 1 1 0 1 1 1 1 1 1]
Client 4's s_k are:[1 1 1 1 0 1 1 1 1 1]
Client 5's s_k are:[1 1 1 1 1 0 1 1 1 1]
Client 6's s_k are:[1 1 1 1 1 1 0 1 1 1]
Client 7's s_k are:[1 1 1 1 1 1 1 0 1 1]
Client 8's s_k are:[1 1 1 1 1 1 1 1 0 1]
Client 9's s_k are:[1 1 1 1 1 1 1 1 1 0]
| Global Round : 36 | Client :0 | Local Epoch : 0 | [64/573 (12%)]	Loss1: 5.840142 Loss2: 0.000027 
| Global Round : 36 | Client :0 | Local Epoch : 1 | [64/573 (12%)]	Loss1: 5.839220 Loss2: 0.000025 
| Global Round : 36 | Client :0 | Local Epoch : 2 | [64/573 (12%)]	Loss1: 5.839863 Loss2: 0.000025 
| Global Round : 36 | Client :0 | Local Epoch : 3 | [64/573 (12%)]	Loss1: 5.839950 Loss2: 0.000019 
| Global Round : 36 | Client :0 | Local Epoch : 4 | [64/573 (12%)]	Loss1: 5.840337 Loss2: 0.000025 
| Global Round : 36 | Client :1 | Local Epoch : 0 | [64/448 (14%)]	Loss1: 5.840856 Loss2: 0.000018 
| Global Round : 36 | Client :1 | Local Epoch : 1 | [64/448 (14%)]	Loss1: 5.841571 Loss2: 0.000016 
| Global Round : 36 | Client :1 | Local Epoch : 2 | [64/448 (14%)]	Loss1: 5.840718 Loss2: 0.000015 
| Global Round : 36 | Client :1 | Local Epoch : 3 | [64/448 (14%)]	Loss1: 5.840799 Loss2: 0.000018 
| Global Round : 36 | Client :1 | Local Epoch : 4 | [64/448 (14%)]	Loss1: 5.840151 Loss2: 0.000013 
| Global Round : 36 | Client :2 | Local Epoch : 0 | [64/448 (14%)]	Loss1: 5.840995 Loss2: 0.000013 
| Global Round : 36 | Client :2 | Local Epoch : 1 | [64/448 (14%)]	Loss1: 5.841451 Loss2: 0.000014 
| Global Round : 36 | Client :2 | Local Epoch : 2 | [64/448 (14%)]	Loss1: 5.841304 Loss2: 0.000014 
| Global Round : 36 | Client :2 | Local Epoch : 3 | [64/448 (14%)]	Loss1: 5.841056 Loss2: 0.000014 
| Global Round : 36 | Client :2 | Local Epoch : 4 | [64/448 (14%)]	Loss1: 5.842365 Loss2: 0.000015 
| Global Round : 36 | Client :3 | Local Epoch : 0 | [64/620 (11%)]	Loss1: 5.840469 Loss2: 0.000015 
| Global Round : 36 | Client :3 | Local Epoch : 1 | [64/620 (11%)]	Loss1: 5.839973 Loss2: 0.000017 
| Global Round : 36 | Client :3 | Local Epoch : 2 | [64/620 (11%)]	Loss1: 5.840368 Loss2: 0.000012 
| Global Round : 36 | Client :3 | Local Epoch : 3 | [64/620 (11%)]	Loss1: 5.840558 Loss2: 0.000014 
| Global Round : 36 | Client :3 | Local Epoch : 4 | [64/620 (11%)]	Loss1: 5.840139 Loss2: 0.000018 
| Global Round : 36 | Client :4 | Local Epoch : 0 | [64/625 (11%)]	Loss1: 5.841028 Loss2: 0.000021 
| Global Round : 36 | Client :4 | Local Epoch : 1 | [64/625 (11%)]	Loss1: 5.840160 Loss2: 0.000021 
| Global Round : 36 | Client :4 | Local Epoch : 2 | [64/625 (11%)]	Loss1: 5.839858 Loss2: 0.000018 
| Global Round : 36 | Client :4 | Local Epoch : 3 | [64/625 (11%)]	Loss1: 5.840982 Loss2: 0.000020 
| Global Round : 36 | Client :4 | Local Epoch : 4 | [64/625 (11%)]	Loss1: 5.840660 Loss2: 0.000016 
| Global Round : 36 | Client :5 | Local Epoch : 0 | [64/604 (11%)]	Loss1: 5.841056 Loss2: 0.000021 
| Global Round : 36 | Client :5 | Local Epoch : 1 | [64/604 (11%)]	Loss1: 5.839593 Loss2: 0.000019 
| Global Round : 36 | Client :5 | Local Epoch : 2 | [64/604 (11%)]	Loss1: 5.839767 Loss2: 0.000022 
| Global Round : 36 | Client :5 | Local Epoch : 3 | [64/604 (11%)]	Loss1: 5.839911 Loss2: 0.000018 
| Global Round : 36 | Client :5 | Local Epoch : 4 | [64/604 (11%)]	Loss1: 5.840369 Loss2: 0.000021 
| Global Round : 36 | Client :6 | Local Epoch : 0 | [64/534 (12%)]	Loss1: 5.839658 Loss2: 0.000012 
| Global Round : 36 | Client :6 | Local Epoch : 1 | [64/534 (12%)]	Loss1: 5.840311 Loss2: 0.000011 
| Global Round : 36 | Client :6 | Local Epoch : 2 | [64/534 (12%)]	Loss1: 5.840741 Loss2: 0.000014 
| Global Round : 36 | Client :6 | Local Epoch : 3 | [64/534 (12%)]	Loss1: 5.840680 Loss2: 0.000012 
| Global Round : 36 | Client :6 | Local Epoch : 4 | [64/534 (12%)]	Loss1: 5.840787 Loss2: 0.000018 
| Global Round : 36 | Client :7 | Local Epoch : 0 | [64/824 (8%)]	Loss1: 5.840687 Loss2: 0.000022 
| Global Round : 36 | Client :7 | Local Epoch : 0 | [704/824 (92%)]	Loss1: 5.840269 Loss2: 0.000029 
| Global Round : 36 | Client :7 | Local Epoch : 1 | [64/824 (8%)]	Loss1: 5.839765 Loss2: 0.000023 
| Global Round : 36 | Client :7 | Local Epoch : 1 | [704/824 (92%)]	Loss1: 5.841127 Loss2: 0.000030 
| Global Round : 36 | Client :7 | Local Epoch : 2 | [64/824 (8%)]	Loss1: 5.839336 Loss2: 0.000032 
| Global Round : 36 | Client :7 | Local Epoch : 2 | [704/824 (92%)]	Loss1: 5.839719 Loss2: 0.000023 
| Global Round : 36 | Client :7 | Local Epoch : 3 | [64/824 (8%)]	Loss1: 5.841735 Loss2: 0.000025 
| Global Round : 36 | Client :7 | Local Epoch : 3 | [704/824 (92%)]	Loss1: 5.840030 Loss2: 0.000023 
| Global Round : 36 | Client :7 | Local Epoch : 4 | [64/824 (8%)]	Loss1: 5.840775 Loss2: 0.000024 
| Global Round : 36 | Client :7 | Local Epoch : 4 | [704/824 (92%)]	Loss1: 5.840588 Loss2: 0.000025 
| Global Round : 36 | Client :8 | Local Epoch : 0 | [64/714 (9%)]	Loss1: 5.840696 Loss2: 0.000020 
| Global Round : 36 | Client :8 | Local Epoch : 0 | [704/714 (100%)]	Loss1: 5.841329 Loss2: 0.000025 
| Global Round : 36 | Client :8 | Local Epoch : 1 | [64/714 (9%)]	Loss1: 5.841350 Loss2: 0.000022 
| Global Round : 36 | Client :8 | Local Epoch : 1 | [704/714 (100%)]	Loss1: 5.841913 Loss2: 0.000021 
| Global Round : 36 | Client :8 | Local Epoch : 2 | [64/714 (9%)]	Loss1: 5.841563 Loss2: 0.000017 
| Global Round : 36 | Client :8 | Local Epoch : 2 | [704/714 (100%)]	Loss1: 5.840459 Loss2: 0.000022 
| Global Round : 36 | Client :8 | Local Epoch : 3 | [64/714 (9%)]	Loss1: 5.840229 Loss2: 0.000021 
| Global Round : 36 | Client :8 | Local Epoch : 3 | [704/714 (100%)]	Loss1: 5.841620 Loss2: 0.000023 
| Global Round : 36 | Client :8 | Local Epoch : 4 | [64/714 (9%)]	Loss1: 5.841993 Loss2: 0.000017 
| Global Round : 36 | Client :8 | Local Epoch : 4 | [704/714 (100%)]	Loss1: 5.840928 Loss2: 0.000023 
| Global Round : 36 | Client :9 | Local Epoch : 0 | [64/607 (11%)]	Loss1: 5.841144 Loss2: 0.000015 
| Global Round : 36 | Client :9 | Local Epoch : 1 | [64/607 (11%)]	Loss1: 5.841499 Loss2: 0.000017 
| Global Round : 36 | Client :9 | Local Epoch : 2 | [64/607 (11%)]	Loss1: 5.841386 Loss2: 0.000014 
| Global Round : 36 | Client :9 | Local Epoch : 3 | [64/607 (11%)]	Loss1: 5.841537 Loss2: 0.000019 
| Global Round : 36 | Client :9 | Local Epoch : 4 | [64/607 (11%)]	Loss1: 5.840535 Loss2: 0.000016 
average loss:   5.838515951734944
average local test accuracy: 0.8272135416666666
average global test accuracy:  0.653125

 | Global Training Round : 37 |

xi_k [0.47583897 0.53257607 0.53259025 0.49478484 0.49085373 0.50779753
 0.51062229 0.4963943  0.52514506 0.50536998]
max_exp: -1.0
coe: 10
Regulation [0.8 0.8 0.8 0.8 0.8 0.8 0.8 0.8 0.8 0.8]
Solver status: optimal_inaccurate
b_new: [1. 1. 1. 1. 1. 1. 1. 1. 1. 1.]
Iter 0: obj=50.3197, best_obj=50.3197, ||b_new-b_prev||₂=2.846050
xi_k [0.47583897 0.53257607 0.53259025 0.49478484 0.49085373 0.50779753
 0.51062229 0.4963943  0.52514506 0.50536998]
max_exp: -1.0
coe: 10
Regulation [-1. -1. -1. -1. -1. -1. -1. -1. -1. -1.]
Solver status: optimal_inaccurate
b_new: [1. 1. 1. 1. 1. 1. 1. 1. 1. 1.]
Iter 1: obj=51.2197, best_obj=51.2197, ||b_new-b_prev||₂=0.000000
Converged.
Final b: [1. 1. 1. 1. 1. 1. 1. 1. 1. 1.]
<class 'numpy.ndarray'>
b_float: [1. 1. 1. 1. 1. 1. 1. 1. 1. 1.]
b: [1 1 1 1 1 1 1 1 1 1]
active_clients:  [0, 1, 2, 3, 4, 5, 6, 7, 8, 9]
Client 0's s_k are:[0 1 1 1 1 1 1 1 1 1]
Client 1's s_k are:[1 0 1 1 1 1 1 1 1 1]
Client 2's s_k are:[1 1 0 1 1 1 1 1 1 1]
Client 3's s_k are:[1 1 1 0 1 1 1 1 1 1]
Client 4's s_k are:[1 1 1 1 0 1 1 1 1 1]
Client 5's s_k are:[1 1 1 1 1 0 1 1 1 1]
Client 6's s_k are:[1 1 1 1 1 1 0 1 1 1]
Client 7's s_k are:[1 1 1 1 1 1 1 0 1 1]
Client 8's s_k are:[1 1 1 1 1 1 1 1 0 1]
Client 9's s_k are:[1 1 1 1 1 1 1 1 1 0]
| Global Round : 37 | Client :0 | Local Epoch : 0 | [64/573 (12%)]	Loss1: 5.839839 Loss2: 0.000021 
| Global Round : 37 | Client :0 | Local Epoch : 1 | [64/573 (12%)]	Loss1: 5.840409 Loss2: 0.000022 
| Global Round : 37 | Client :0 | Local Epoch : 2 | [64/573 (12%)]	Loss1: 5.839497 Loss2: 0.000023 
| Global Round : 37 | Client :0 | Local Epoch : 3 | [64/573 (12%)]	Loss1: 5.838986 Loss2: 0.000020 
| Global Round : 37 | Client :0 | Local Epoch : 4 | [64/573 (12%)]	Loss1: 5.839892 Loss2: 0.000023 
| Global Round : 37 | Client :1 | Local Epoch : 0 | [64/448 (14%)]	Loss1: 5.840504 Loss2: 0.000017 
| Global Round : 37 | Client :1 | Local Epoch : 1 | [64/448 (14%)]	Loss1: 5.840606 Loss2: 0.000018 
| Global Round : 37 | Client :1 | Local Epoch : 2 | [64/448 (14%)]	Loss1: 5.840136 Loss2: 0.000011 
| Global Round : 37 | Client :1 | Local Epoch : 3 | [64/448 (14%)]	Loss1: 5.841095 Loss2: 0.000015 
| Global Round : 37 | Client :1 | Local Epoch : 4 | [64/448 (14%)]	Loss1: 5.840671 Loss2: 0.000012 
| Global Round : 37 | Client :2 | Local Epoch : 0 | [64/448 (14%)]	Loss1: 5.840857 Loss2: 0.000015 
| Global Round : 37 | Client :2 | Local Epoch : 1 | [64/448 (14%)]	Loss1: 5.841589 Loss2: 0.000014 
| Global Round : 37 | Client :2 | Local Epoch : 2 | [64/448 (14%)]	Loss1: 5.840942 Loss2: 0.000016 
| Global Round : 37 | Client :2 | Local Epoch : 3 | [64/448 (14%)]	Loss1: 5.840008 Loss2: 0.000015 
| Global Round : 37 | Client :2 | Local Epoch : 4 | [64/448 (14%)]	Loss1: 5.840377 Loss2: 0.000014 
| Global Round : 37 | Client :3 | Local Epoch : 0 | [64/620 (11%)]	Loss1: 5.840520 Loss2: 0.000014 
| Global Round : 37 | Client :3 | Local Epoch : 1 | [64/620 (11%)]	Loss1: 5.840131 Loss2: 0.000014 
| Global Round : 37 | Client :3 | Local Epoch : 2 | [64/620 (11%)]	Loss1: 5.841682 Loss2: 0.000015 
| Global Round : 37 | Client :3 | Local Epoch : 3 | [64/620 (11%)]	Loss1: 5.840886 Loss2: 0.000015 
| Global Round : 37 | Client :3 | Local Epoch : 4 | [64/620 (11%)]	Loss1: 5.840570 Loss2: 0.000014 
| Global Round : 37 | Client :4 | Local Epoch : 0 | [64/625 (11%)]	Loss1: 5.840398 Loss2: 0.000020 
| Global Round : 37 | Client :4 | Local Epoch : 1 | [64/625 (11%)]	Loss1: 5.840762 Loss2: 0.000021 
| Global Round : 37 | Client :4 | Local Epoch : 2 | [64/625 (11%)]	Loss1: 5.840826 Loss2: 0.000019 
| Global Round : 37 | Client :4 | Local Epoch : 3 | [64/625 (11%)]	Loss1: 5.841634 Loss2: 0.000018 
| Global Round : 37 | Client :4 | Local Epoch : 4 | [64/625 (11%)]	Loss1: 5.840417 Loss2: 0.000016 
| Global Round : 37 | Client :5 | Local Epoch : 0 | [64/604 (11%)]	Loss1: 5.840202 Loss2: 0.000020 
| Global Round : 37 | Client :5 | Local Epoch : 1 | [64/604 (11%)]	Loss1: 5.840140 Loss2: 0.000020 
| Global Round : 37 | Client :5 | Local Epoch : 2 | [64/604 (11%)]	Loss1: 5.839651 Loss2: 0.000017 
| Global Round : 37 | Client :5 | Local Epoch : 3 | [64/604 (11%)]	Loss1: 5.839352 Loss2: 0.000020 
| Global Round : 37 | Client :5 | Local Epoch : 4 | [64/604 (11%)]	Loss1: 5.839552 Loss2: 0.000020 
| Global Round : 37 | Client :6 | Local Epoch : 0 | [64/534 (12%)]	Loss1: 5.840641 Loss2: 0.000016 
| Global Round : 37 | Client :6 | Local Epoch : 1 | [64/534 (12%)]	Loss1: 5.841079 Loss2: 0.000013 
| Global Round : 37 | Client :6 | Local Epoch : 2 | [64/534 (12%)]	Loss1: 5.841044 Loss2: 0.000015 
| Global Round : 37 | Client :6 | Local Epoch : 3 | [64/534 (12%)]	Loss1: 5.840611 Loss2: 0.000013 
| Global Round : 37 | Client :6 | Local Epoch : 4 | [64/534 (12%)]	Loss1: 5.840247 Loss2: 0.000015 
| Global Round : 37 | Client :7 | Local Epoch : 0 | [64/824 (8%)]	Loss1: 5.839736 Loss2: 0.000024 
| Global Round : 37 | Client :7 | Local Epoch : 0 | [704/824 (92%)]	Loss1: 5.840165 Loss2: 0.000024 
| Global Round : 37 | Client :7 | Local Epoch : 1 | [64/824 (8%)]	Loss1: 5.840697 Loss2: 0.000027 
| Global Round : 37 | Client :7 | Local Epoch : 1 | [704/824 (92%)]	Loss1: 5.839420 Loss2: 0.000029 
| Global Round : 37 | Client :7 | Local Epoch : 2 | [64/824 (8%)]	Loss1: 5.840344 Loss2: 0.000028 
| Global Round : 37 | Client :7 | Local Epoch : 2 | [704/824 (92%)]	Loss1: 5.839603 Loss2: 0.000024 
| Global Round : 37 | Client :7 | Local Epoch : 3 | [64/824 (8%)]	Loss1: 5.839708 Loss2: 0.000026 
| Global Round : 37 | Client :7 | Local Epoch : 3 | [704/824 (92%)]	Loss1: 5.840791 Loss2: 0.000029 
| Global Round : 37 | Client :7 | Local Epoch : 4 | [64/824 (8%)]	Loss1: 5.839753 Loss2: 0.000025 
| Global Round : 37 | Client :7 | Local Epoch : 4 | [704/824 (92%)]	Loss1: 5.840538 Loss2: 0.000023 
| Global Round : 37 | Client :8 | Local Epoch : 0 | [64/714 (9%)]	Loss1: 5.841497 Loss2: 0.000017 
| Global Round : 37 | Client :8 | Local Epoch : 0 | [704/714 (100%)]	Loss1: 5.841441 Loss2: 0.000021 
| Global Round : 37 | Client :8 | Local Epoch : 1 | [64/714 (9%)]	Loss1: 5.840845 Loss2: 0.000018 
| Global Round : 37 | Client :8 | Local Epoch : 1 | [704/714 (100%)]	Loss1: 5.840086 Loss2: 0.000024 
| Global Round : 37 | Client :8 | Local Epoch : 2 | [64/714 (9%)]	Loss1: 5.840326 Loss2: 0.000018 
| Global Round : 37 | Client :8 | Local Epoch : 2 | [704/714 (100%)]	Loss1: 5.841072 Loss2: 0.000024 
| Global Round : 37 | Client :8 | Local Epoch : 3 | [64/714 (9%)]	Loss1: 5.841670 Loss2: 0.000021 
| Global Round : 37 | Client :8 | Local Epoch : 3 | [704/714 (100%)]	Loss1: 5.840680 Loss2: 0.000024 
| Global Round : 37 | Client :8 | Local Epoch : 4 | [64/714 (9%)]	Loss1: 5.840606 Loss2: 0.000022 
| Global Round : 37 | Client :8 | Local Epoch : 4 | [704/714 (100%)]	Loss1: 5.841014 Loss2: 0.000024 
| Global Round : 37 | Client :9 | Local Epoch : 0 | [64/607 (11%)]	Loss1: 5.841721 Loss2: 0.000017 
| Global Round : 37 | Client :9 | Local Epoch : 1 | [64/607 (11%)]	Loss1: 5.842159 Loss2: 0.000016 
| Global Round : 37 | Client :9 | Local Epoch : 2 | [64/607 (11%)]	Loss1: 5.840857 Loss2: 0.000015 
| Global Round : 37 | Client :9 | Local Epoch : 3 | [64/607 (11%)]	Loss1: 5.841519 Loss2: 0.000015 
| Global Round : 37 | Client :9 | Local Epoch : 4 | [64/607 (11%)]	Loss1: 5.841100 Loss2: 0.000016 
average loss:   5.838456156200489
average local test accuracy: 0.8220052083333333
average global test accuracy:  0.651953125

 | Global Training Round : 38 |

xi_k [0.47580944 0.53256193 0.53255653 0.49477753 0.49084029 0.50781966
 0.51060213 0.49637695 0.52517016 0.50538007]
max_exp: -1.0
coe: 10
Regulation [0.8 0.8 0.8 0.8 0.8 0.8 0.8 0.8 0.8 0.8]
Solver status: optimal_inaccurate
b_new: [1. 1. 1. 1. 1. 1. 1. 1. 1. 1.]
Iter 0: obj=50.3189, best_obj=50.3189, ||b_new-b_prev||₂=2.846050
xi_k [0.47580944 0.53256193 0.53255653 0.49477753 0.49084029 0.50781966
 0.51060213 0.49637695 0.52517016 0.50538007]
max_exp: -1.0
coe: 10
Regulation [-1. -1. -1. -1. -1. -1. -1. -1. -1. -1.]
Solver status: optimal_inaccurate
b_new: [1. 1. 1. 1. 1. 1. 1. 1. 1. 1.]
Iter 1: obj=51.2189, best_obj=51.2189, ||b_new-b_prev||₂=0.000000
Converged.
Final b: [1. 1. 1. 1. 1. 1. 1. 1. 1. 1.]
<class 'numpy.ndarray'>
b_float: [1. 1. 1. 1. 1. 1. 1. 1. 1. 1.]
b: [1 1 1 1 1 1 1 1 1 1]
active_clients:  [0, 1, 2, 3, 4, 5, 6, 7, 8, 9]
Client 0's s_k are:[0 1 1 1 1 1 1 1 1 1]
Client 1's s_k are:[1 0 1 1 1 1 1 1 1 1]
Client 2's s_k are:[1 1 0 1 1 1 1 1 1 1]
Client 3's s_k are:[1 1 1 0 1 1 1 1 1 1]
Client 4's s_k are:[1 1 1 1 0 1 1 1 1 1]
Client 5's s_k are:[1 1 1 1 1 0 1 1 1 1]
Client 6's s_k are:[1 1 1 1 1 1 0 1 1 1]
Client 7's s_k are:[1 1 1 1 1 1 1 0 1 1]
Client 8's s_k are:[1 1 1 1 1 1 1 1 0 1]
Client 9's s_k are:[1 1 1 1 1 1 1 1 1 0]
| Global Round : 38 | Client :0 | Local Epoch : 0 | [64/573 (12%)]	Loss1: 5.840015 Loss2: 0.000021 
| Global Round : 38 | Client :0 | Local Epoch : 1 | [64/573 (12%)]	Loss1: 5.839337 Loss2: 0.000020 
| Global Round : 38 | Client :0 | Local Epoch : 2 | [64/573 (12%)]	Loss1: 5.840458 Loss2: 0.000021 
| Global Round : 38 | Client :0 | Local Epoch : 3 | [64/573 (12%)]	Loss1: 5.839737 Loss2: 0.000024 
| Global Round : 38 | Client :0 | Local Epoch : 4 | [64/573 (12%)]	Loss1: 5.839550 Loss2: 0.000020 
| Global Round : 38 | Client :1 | Local Epoch : 0 | [64/448 (14%)]	Loss1: 5.840496 Loss2: 0.000019 
| Global Round : 38 | Client :1 | Local Epoch : 1 | [64/448 (14%)]	Loss1: 5.840346 Loss2: 0.000015 
| Global Round : 38 | Client :1 | Local Epoch : 2 | [64/448 (14%)]	Loss1: 5.839527 Loss2: 0.000015 
| Global Round : 38 | Client :1 | Local Epoch : 3 | [64/448 (14%)]	Loss1: 5.840659 Loss2: 0.000012 
| Global Round : 38 | Client :1 | Local Epoch : 4 | [64/448 (14%)]	Loss1: 5.840254 Loss2: 0.000020 
| Global Round : 38 | Client :2 | Local Epoch : 0 | [64/448 (14%)]	Loss1: 5.840031 Loss2: 0.000012 
| Global Round : 38 | Client :2 | Local Epoch : 1 | [64/448 (14%)]	Loss1: 5.840682 Loss2: 0.000015 
| Global Round : 38 | Client :2 | Local Epoch : 2 | [64/448 (14%)]	Loss1: 5.840050 Loss2: 0.000013 
| Global Round : 38 | Client :2 | Local Epoch : 3 | [64/448 (14%)]	Loss1: 5.841089 Loss2: 0.000013 
| Global Round : 38 | Client :2 | Local Epoch : 4 | [64/448 (14%)]	Loss1: 5.840664 Loss2: 0.000016 
| Global Round : 38 | Client :3 | Local Epoch : 0 | [64/620 (11%)]	Loss1: 5.839909 Loss2: 0.000015 
| Global Round : 38 | Client :3 | Local Epoch : 1 | [64/620 (11%)]	Loss1: 5.839729 Loss2: 0.000013 
| Global Round : 38 | Client :3 | Local Epoch : 2 | [64/620 (11%)]	Loss1: 5.840353 Loss2: 0.000017 
| Global Round : 38 | Client :3 | Local Epoch : 3 | [64/620 (11%)]	Loss1: 5.841438 Loss2: 0.000013 
| Global Round : 38 | Client :3 | Local Epoch : 4 | [64/620 (11%)]	Loss1: 5.840278 Loss2: 0.000015 
| Global Round : 38 | Client :4 | Local Epoch : 0 | [64/625 (11%)]	Loss1: 5.840907 Loss2: 0.000015 
| Global Round : 38 | Client :4 | Local Epoch : 1 | [64/625 (11%)]	Loss1: 5.839810 Loss2: 0.000022 
| Global Round : 38 | Client :4 | Local Epoch : 2 | [64/625 (11%)]	Loss1: 5.840808 Loss2: 0.000014 
| Global Round : 38 | Client :4 | Local Epoch : 3 | [64/625 (11%)]	Loss1: 5.839922 Loss2: 0.000017 
| Global Round : 38 | Client :4 | Local Epoch : 4 | [64/625 (11%)]	Loss1: 5.840534 Loss2: 0.000018 
| Global Round : 38 | Client :5 | Local Epoch : 0 | [64/604 (11%)]	Loss1: 5.839694 Loss2: 0.000016 
| Global Round : 38 | Client :5 | Local Epoch : 1 | [64/604 (11%)]	Loss1: 5.839352 Loss2: 0.000021 
| Global Round : 38 | Client :5 | Local Epoch : 2 | [64/604 (11%)]	Loss1: 5.839433 Loss2: 0.000019 
| Global Round : 38 | Client :5 | Local Epoch : 3 | [64/604 (11%)]	Loss1: 5.839599 Loss2: 0.000021 
| Global Round : 38 | Client :5 | Local Epoch : 4 | [64/604 (11%)]	Loss1: 5.839001 Loss2: 0.000020 
| Global Round : 38 | Client :6 | Local Epoch : 0 | [64/534 (12%)]	Loss1: 5.841371 Loss2: 0.000011 
| Global Round : 38 | Client :6 | Local Epoch : 1 | [64/534 (12%)]	Loss1: 5.841081 Loss2: 0.000017 
| Global Round : 38 | Client :6 | Local Epoch : 2 | [64/534 (12%)]	Loss1: 5.840375 Loss2: 0.000014 
| Global Round : 38 | Client :6 | Local Epoch : 3 | [64/534 (12%)]	Loss1: 5.841242 Loss2: 0.000014 
| Global Round : 38 | Client :6 | Local Epoch : 4 | [64/534 (12%)]	Loss1: 5.840733 Loss2: 0.000010 
| Global Round : 38 | Client :7 | Local Epoch : 0 | [64/824 (8%)]	Loss1: 5.840023 Loss2: 0.000027 
| Global Round : 38 | Client :7 | Local Epoch : 0 | [704/824 (92%)]	Loss1: 5.839715 Loss2: 0.000024 
| Global Round : 38 | Client :7 | Local Epoch : 1 | [64/824 (8%)]	Loss1: 5.840537 Loss2: 0.000025 
| Global Round : 38 | Client :7 | Local Epoch : 1 | [704/824 (92%)]	Loss1: 5.838802 Loss2: 0.000027 
| Global Round : 38 | Client :7 | Local Epoch : 2 | [64/824 (8%)]	Loss1: 5.840099 Loss2: 0.000027 
| Global Round : 38 | Client :7 | Local Epoch : 2 | [704/824 (92%)]	Loss1: 5.841133 Loss2: 0.000025 
| Global Round : 38 | Client :7 | Local Epoch : 3 | [64/824 (8%)]	Loss1: 5.840135 Loss2: 0.000025 
| Global Round : 38 | Client :7 | Local Epoch : 3 | [704/824 (92%)]	Loss1: 5.839452 Loss2: 0.000024 
| Global Round : 38 | Client :7 | Local Epoch : 4 | [64/824 (8%)]	Loss1: 5.840198 Loss2: 0.000023 
| Global Round : 38 | Client :7 | Local Epoch : 4 | [704/824 (92%)]	Loss1: 5.839960 Loss2: 0.000025 
| Global Round : 38 | Client :8 | Local Epoch : 0 | [64/714 (9%)]	Loss1: 5.840445 Loss2: 0.000017 
| Global Round : 38 | Client :8 | Local Epoch : 0 | [704/714 (100%)]	Loss1: 5.841208 Loss2: 0.000027 
| Global Round : 38 | Client :8 | Local Epoch : 1 | [64/714 (9%)]	Loss1: 5.840474 Loss2: 0.000019 
| Global Round : 38 | Client :8 | Local Epoch : 1 | [704/714 (100%)]	Loss1: 5.841026 Loss2: 0.000022 
| Global Round : 38 | Client :8 | Local Epoch : 2 | [64/714 (9%)]	Loss1: 5.842351 Loss2: 0.000020 
| Global Round : 38 | Client :8 | Local Epoch : 2 | [704/714 (100%)]	Loss1: 5.841129 Loss2: 0.000022 
| Global Round : 38 | Client :8 | Local Epoch : 3 | [64/714 (9%)]	Loss1: 5.841286 Loss2: 0.000019 
| Global Round : 38 | Client :8 | Local Epoch : 3 | [704/714 (100%)]	Loss1: 5.841335 Loss2: 0.000018 
| Global Round : 38 | Client :8 | Local Epoch : 4 | [64/714 (9%)]	Loss1: 5.842678 Loss2: 0.000017 
| Global Round : 38 | Client :8 | Local Epoch : 4 | [704/714 (100%)]	Loss1: 5.841452 Loss2: 0.000023 
| Global Round : 38 | Client :9 | Local Epoch : 0 | [64/607 (11%)]	Loss1: 5.840749 Loss2: 0.000017 
| Global Round : 38 | Client :9 | Local Epoch : 1 | [64/607 (11%)]	Loss1: 5.842360 Loss2: 0.000016 
| Global Round : 38 | Client :9 | Local Epoch : 2 | [64/607 (11%)]	Loss1: 5.841187 Loss2: 0.000017 
| Global Round : 38 | Client :9 | Local Epoch : 3 | [64/607 (11%)]	Loss1: 5.840997 Loss2: 0.000015 
| Global Round : 38 | Client :9 | Local Epoch : 4 | [64/607 (11%)]	Loss1: 5.841051 Loss2: 0.000018 
average loss:   5.838420784636837
average local test accuracy: 0.8220052083333333
average global test accuracy:  0.63828125

 | Global Training Round : 39 |

xi_k [0.47583531 0.53259052 0.53259044 0.49473491 0.49085342 0.50781594
 0.51065255 0.49637496 0.52510693 0.50540859]
max_exp: -1.0
coe: 10
Regulation [0.8 0.8 0.8 0.8 0.8 0.8 0.8 0.8 0.8 0.8]
Solver status: optimal_inaccurate
b_new: [1. 1. 1. 1. 1. 1. 1. 1. 1. 1.]
Iter 0: obj=50.3196, best_obj=50.3196, ||b_new-b_prev||₂=2.846050
xi_k [0.47583531 0.53259052 0.53259044 0.49473491 0.49085342 0.50781594
 0.51065255 0.49637496 0.52510693 0.50540859]
max_exp: -1.0
coe: 10
Regulation [-1. -1. -1. -1. -1. -1. -1. -1. -1. -1.]
Solver status: optimal_inaccurate
b_new: [1. 1. 1. 1. 1. 1. 1. 1. 1. 1.]
Iter 1: obj=51.2196, best_obj=51.2196, ||b_new-b_prev||₂=0.000000
Converged.
Final b: [1. 1. 1. 1. 1. 1. 1. 1. 1. 1.]
<class 'numpy.ndarray'>
b_float: [1. 1. 1. 1. 1. 1. 1. 1. 1. 1.]
b: [1 1 1 1 1 1 1 1 1 1]
active_clients:  [0, 1, 2, 3, 4, 5, 6, 7, 8, 9]
Client 0's s_k are:[0 1 1 1 1 1 1 1 1 1]
Client 1's s_k are:[1 0 1 1 1 1 1 1 1 1]
Client 2's s_k are:[1 1 0 1 1 1 1 1 1 1]
Client 3's s_k are:[1 1 1 0 1 1 1 1 1 1]
Client 4's s_k are:[1 1 1 1 0 1 1 1 1 1]
Client 5's s_k are:[1 1 1 1 1 0 1 1 1 1]
Client 6's s_k are:[1 1 1 1 1 1 0 1 1 1]
Client 7's s_k are:[1 1 1 1 1 1 1 0 1 1]
Client 8's s_k are:[1 1 1 1 1 1 1 1 0 1]
Client 9's s_k are:[1 1 1 1 1 1 1 1 1 0]
| Global Round : 39 | Client :0 | Local Epoch : 0 | [64/573 (12%)]	Loss1: 5.839987 Loss2: 0.000020 
| Global Round : 39 | Client :0 | Local Epoch : 1 | [64/573 (12%)]	Loss1: 5.839990 Loss2: 0.000021 
| Global Round : 39 | Client :0 | Local Epoch : 2 | [64/573 (12%)]	Loss1: 5.840375 Loss2: 0.000020 
| Global Round : 39 | Client :0 | Local Epoch : 3 | [64/573 (12%)]	Loss1: 5.839736 Loss2: 0.000022 
| Global Round : 39 | Client :0 | Local Epoch : 4 | [64/573 (12%)]	Loss1: 5.839284 Loss2: 0.000023 
| Global Round : 39 | Client :1 | Local Epoch : 0 | [64/448 (14%)]	Loss1: 5.840645 Loss2: 0.000016 
| Global Round : 39 | Client :1 | Local Epoch : 1 | [64/448 (14%)]	Loss1: 5.841228 Loss2: 0.000014 
| Global Round : 39 | Client :1 | Local Epoch : 2 | [64/448 (14%)]	Loss1: 5.840219 Loss2: 0.000016 
| Global Round : 39 | Client :1 | Local Epoch : 3 | [64/448 (14%)]	Loss1: 5.839675 Loss2: 0.000011 
| Global Round : 39 | Client :1 | Local Epoch : 4 | [64/448 (14%)]	Loss1: 5.839930 Loss2: 0.000015 
| Global Round : 39 | Client :2 | Local Epoch : 0 | [64/448 (14%)]	Loss1: 5.840467 Loss2: 0.000013 
| Global Round : 39 | Client :2 | Local Epoch : 1 | [64/448 (14%)]	Loss1: 5.841328 Loss2: 0.000015 
| Global Round : 39 | Client :2 | Local Epoch : 2 | [64/448 (14%)]	Loss1: 5.840497 Loss2: 0.000012 
| Global Round : 39 | Client :2 | Local Epoch : 3 | [64/448 (14%)]	Loss1: 5.840172 Loss2: 0.000011 
| Global Round : 39 | Client :2 | Local Epoch : 4 | [64/448 (14%)]	Loss1: 5.841352 Loss2: 0.000013 
| Global Round : 39 | Client :3 | Local Epoch : 0 | [64/620 (11%)]	Loss1: 5.839924 Loss2: 0.000014 
| Global Round : 39 | Client :3 | Local Epoch : 1 | [64/620 (11%)]	Loss1: 5.840501 Loss2: 0.000014 
| Global Round : 39 | Client :3 | Local Epoch : 2 | [64/620 (11%)]	Loss1: 5.841208 Loss2: 0.000014 
| Global Round : 39 | Client :3 | Local Epoch : 3 | [64/620 (11%)]	Loss1: 5.839797 Loss2: 0.000015 
| Global Round : 39 | Client :3 | Local Epoch : 4 | [64/620 (11%)]	Loss1: 5.839944 Loss2: 0.000017 
| Global Round : 39 | Client :4 | Local Epoch : 0 | [64/625 (11%)]	Loss1: 5.842197 Loss2: 0.000019 
| Global Round : 39 | Client :4 | Local Epoch : 1 | [64/625 (11%)]	Loss1: 5.839990 Loss2: 0.000024 
| Global Round : 39 | Client :4 | Local Epoch : 2 | [64/625 (11%)]	Loss1: 5.840689 Loss2: 0.000019 
| Global Round : 39 | Client :4 | Local Epoch : 3 | [64/625 (11%)]	Loss1: 5.840124 Loss2: 0.000024 
| Global Round : 39 | Client :4 | Local Epoch : 4 | [64/625 (11%)]	Loss1: 5.839604 Loss2: 0.000018 
| Global Round : 39 | Client :5 | Local Epoch : 0 | [64/604 (11%)]	Loss1: 5.839348 Loss2: 0.000018 
| Global Round : 39 | Client :5 | Local Epoch : 1 | [64/604 (11%)]	Loss1: 5.839804 Loss2: 0.000021 
| Global Round : 39 | Client :5 | Local Epoch : 2 | [64/604 (11%)]	Loss1: 5.839533 Loss2: 0.000019 
| Global Round : 39 | Client :5 | Local Epoch : 3 | [64/604 (11%)]	Loss1: 5.839200 Loss2: 0.000020 
| Global Round : 39 | Client :5 | Local Epoch : 4 | [64/604 (11%)]	Loss1: 5.839347 Loss2: 0.000019 
| Global Round : 39 | Client :6 | Local Epoch : 0 | [64/534 (12%)]	Loss1: 5.840318 Loss2: 0.000015 
| Global Round : 39 | Client :6 | Local Epoch : 1 | [64/534 (12%)]	Loss1: 5.841031 Loss2: 0.000014 
| Global Round : 39 | Client :6 | Local Epoch : 2 | [64/534 (12%)]	Loss1: 5.840692 Loss2: 0.000015 
| Global Round : 39 | Client :6 | Local Epoch : 3 | [64/534 (12%)]	Loss1: 5.840062 Loss2: 0.000015 
| Global Round : 39 | Client :6 | Local Epoch : 4 | [64/534 (12%)]	Loss1: 5.839816 Loss2: 0.000013 
| Global Round : 39 | Client :7 | Local Epoch : 0 | [64/824 (8%)]	Loss1: 5.841152 Loss2: 0.000029 
| Global Round : 39 | Client :7 | Local Epoch : 0 | [704/824 (92%)]	Loss1: 5.840523 Loss2: 0.000027 
| Global Round : 39 | Client :7 | Local Epoch : 1 | [64/824 (8%)]	Loss1: 5.840356 Loss2: 0.000025 
| Global Round : 39 | Client :7 | Local Epoch : 1 | [704/824 (92%)]	Loss1: 5.840175 Loss2: 0.000028 
| Global Round : 39 | Client :7 | Local Epoch : 2 | [64/824 (8%)]	Loss1: 5.840384 Loss2: 0.000025 
| Global Round : 39 | Client :7 | Local Epoch : 2 | [704/824 (92%)]	Loss1: 5.840371 Loss2: 0.000027 
| Global Round : 39 | Client :7 | Local Epoch : 3 | [64/824 (8%)]	Loss1: 5.840842 Loss2: 0.000028 
| Global Round : 39 | Client :7 | Local Epoch : 3 | [704/824 (92%)]	Loss1: 5.840802 Loss2: 0.000018 
| Global Round : 39 | Client :7 | Local Epoch : 4 | [64/824 (8%)]	Loss1: 5.839147 Loss2: 0.000025 
| Global Round : 39 | Client :7 | Local Epoch : 4 | [704/824 (92%)]	Loss1: 5.840175 Loss2: 0.000026 
| Global Round : 39 | Client :8 | Local Epoch : 0 | [64/714 (9%)]	Loss1: 5.841018 Loss2: 0.000018 
| Global Round : 39 | Client :8 | Local Epoch : 0 | [704/714 (100%)]	Loss1: 5.840557 Loss2: 0.000017 
| Global Round : 39 | Client :8 | Local Epoch : 1 | [64/714 (9%)]	Loss1: 5.841968 Loss2: 0.000016 
| Global Round : 39 | Client :8 | Local Epoch : 1 | [704/714 (100%)]	Loss1: 5.840676 Loss2: 0.000019 
| Global Round : 39 | Client :8 | Local Epoch : 2 | [64/714 (9%)]	Loss1: 5.840880 Loss2: 0.000017 
| Global Round : 39 | Client :8 | Local Epoch : 2 | [704/714 (100%)]	Loss1: 5.840919 Loss2: 0.000020 
| Global Round : 39 | Client :8 | Local Epoch : 3 | [64/714 (9%)]	Loss1: 5.840560 Loss2: 0.000014 
| Global Round : 39 | Client :8 | Local Epoch : 3 | [704/714 (100%)]	Loss1: 5.840646 Loss2: 0.000016 
| Global Round : 39 | Client :8 | Local Epoch : 4 | [64/714 (9%)]	Loss1: 5.840906 Loss2: 0.000015 
| Global Round : 39 | Client :8 | Local Epoch : 4 | [704/714 (100%)]	Loss1: 5.840907 Loss2: 0.000023 
| Global Round : 39 | Client :9 | Local Epoch : 0 | [64/607 (11%)]	Loss1: 5.840946 Loss2: 0.000017 
| Global Round : 39 | Client :9 | Local Epoch : 1 | [64/607 (11%)]	Loss1: 5.840461 Loss2: 0.000017 
| Global Round : 39 | Client :9 | Local Epoch : 2 | [64/607 (11%)]	Loss1: 5.841756 Loss2: 0.000014 
| Global Round : 39 | Client :9 | Local Epoch : 3 | [64/607 (11%)]	Loss1: 5.841380 Loss2: 0.000015 
| Global Round : 39 | Client :9 | Local Epoch : 4 | [64/607 (11%)]	Loss1: 5.840248 Loss2: 0.000015 
average loss:   5.838396673482906
average local test accuracy: 0.82421875
average global test accuracy:  0.6703125

 | Global Training Round : 40 |

xi_k [0.47581243 0.5325552  0.53253933 0.49474974 0.4908459  0.50778406
 0.51062733 0.49638553 0.5251139  0.50535736]
max_exp: -1.0
coe: 10
Regulation [0.8 0.8 0.8 0.8 0.8 0.8 0.8 0.8 0.8 0.8]
Solver status: optimal_inaccurate
b_new: [1. 1. 1. 1. 1. 1. 1. 1. 1. 1.]
Iter 0: obj=50.3177, best_obj=50.3177, ||b_new-b_prev||₂=2.846050
xi_k [0.47581243 0.5325552  0.53253933 0.49474974 0.4908459  0.50778406
 0.51062733 0.49638553 0.5251139  0.50535736]
max_exp: -1.0
coe: 10
Regulation [-1. -1. -1. -1. -1. -1. -1. -1. -1. -1.]
Solver status: optimal_inaccurate
b_new: [1. 1. 1. 1. 1. 1. 1. 1. 1. 1.]
Iter 1: obj=51.2177, best_obj=51.2177, ||b_new-b_prev||₂=0.000000
Converged.
Final b: [1. 1. 1. 1. 1. 1. 1. 1. 1. 1.]
<class 'numpy.ndarray'>
b_float: [1. 1. 1. 1. 1. 1. 1. 1. 1. 1.]
b: [1 1 1 1 1 1 1 1 1 1]
active_clients:  [0, 1, 2, 3, 4, 5, 6, 7, 8, 9]
Client 0's s_k are:[0 1 1 1 1 1 1 1 1 1]
Client 1's s_k are:[1 0 1 1 1 1 1 1 1 1]
Client 2's s_k are:[1 1 0 1 1 1 1 1 1 1]
Client 3's s_k are:[1 1 1 0 1 1 1 1 1 1]
Client 4's s_k are:[1 1 1 1 0 1 1 1 1 1]
Client 5's s_k are:[1 1 1 1 1 0 1 1 1 1]
Client 6's s_k are:[1 1 1 1 1 1 0 1 1 1]
Client 7's s_k are:[1 1 1 1 1 1 1 0 1 1]
Client 8's s_k are:[1 1 1 1 1 1 1 1 0 1]
Client 9's s_k are:[1 1 1 1 1 1 1 1 1 0]
| Global Round : 40 | Client :0 | Local Epoch : 0 | [64/573 (12%)]	Loss1: 5.839744 Loss2: 0.000023 
| Global Round : 40 | Client :0 | Local Epoch : 1 | [64/573 (12%)]	Loss1: 5.839451 Loss2: 0.000024 
| Global Round : 40 | Client :0 | Local Epoch : 2 | [64/573 (12%)]	Loss1: 5.840448 Loss2: 0.000020 
| Global Round : 40 | Client :0 | Local Epoch : 3 | [64/573 (12%)]	Loss1: 5.839613 Loss2: 0.000023 
| Global Round : 40 | Client :0 | Local Epoch : 4 | [64/573 (12%)]	Loss1: 5.839344 Loss2: 0.000026 
| Global Round : 40 | Client :1 | Local Epoch : 0 | [64/448 (14%)]	Loss1: 5.840646 Loss2: 0.000016 
| Global Round : 40 | Client :1 | Local Epoch : 1 | [64/448 (14%)]	Loss1: 5.840223 Loss2: 0.000015 
| Global Round : 40 | Client :1 | Local Epoch : 2 | [64/448 (14%)]	Loss1: 5.840221 Loss2: 0.000016 
| Global Round : 40 | Client :1 | Local Epoch : 3 | [64/448 (14%)]	Loss1: 5.839965 Loss2: 0.000012 
| Global Round : 40 | Client :1 | Local Epoch : 4 | [64/448 (14%)]	Loss1: 5.841066 Loss2: 0.000015 
| Global Round : 40 | Client :2 | Local Epoch : 0 | [64/448 (14%)]	Loss1: 5.839446 Loss2: 0.000015 
| Global Round : 40 | Client :2 | Local Epoch : 1 | [64/448 (14%)]	Loss1: 5.840178 Loss2: 0.000013 
| Global Round : 40 | Client :2 | Local Epoch : 2 | [64/448 (14%)]	Loss1: 5.840405 Loss2: 0.000015 
| Global Round : 40 | Client :2 | Local Epoch : 3 | [64/448 (14%)]	Loss1: 5.841217 Loss2: 0.000012 
| Global Round : 40 | Client :2 | Local Epoch : 4 | [64/448 (14%)]	Loss1: 5.840077 Loss2: 0.000012 
| Global Round : 40 | Client :3 | Local Epoch : 0 | [64/620 (11%)]	Loss1: 5.840031 Loss2: 0.000015 
| Global Round : 40 | Client :3 | Local Epoch : 1 | [64/620 (11%)]	Loss1: 5.840263 Loss2: 0.000013 
| Global Round : 40 | Client :3 | Local Epoch : 2 | [64/620 (11%)]	Loss1: 5.840487 Loss2: 0.000013 
| Global Round : 40 | Client :3 | Local Epoch : 3 | [64/620 (11%)]	Loss1: 5.840474 Loss2: 0.000016 
| Global Round : 40 | Client :3 | Local Epoch : 4 | [64/620 (11%)]	Loss1: 5.840537 Loss2: 0.000012 
| Global Round : 40 | Client :4 | Local Epoch : 0 | [64/625 (11%)]	Loss1: 5.840440 Loss2: 0.000020 
| Global Round : 40 | Client :4 | Local Epoch : 1 | [64/625 (11%)]	Loss1: 5.841254 Loss2: 0.000017 
| Global Round : 40 | Client :4 | Local Epoch : 2 | [64/625 (11%)]	Loss1: 5.841183 Loss2: 0.000020 
| Global Round : 40 | Client :4 | Local Epoch : 3 | [64/625 (11%)]	Loss1: 5.840001 Loss2: 0.000015 
| Global Round : 40 | Client :4 | Local Epoch : 4 | [64/625 (11%)]	Loss1: 5.840363 Loss2: 0.000020 
| Global Round : 40 | Client :5 | Local Epoch : 0 | [64/604 (11%)]	Loss1: 5.838742 Loss2: 0.000018 
| Global Round : 40 | Client :5 | Local Epoch : 1 | [64/604 (11%)]	Loss1: 5.838963 Loss2: 0.000021 
| Global Round : 40 | Client :5 | Local Epoch : 2 | [64/604 (11%)]	Loss1: 5.840269 Loss2: 0.000022 
| Global Round : 40 | Client :5 | Local Epoch : 3 | [64/604 (11%)]	Loss1: 5.840190 Loss2: 0.000022 
| Global Round : 40 | Client :5 | Local Epoch : 4 | [64/604 (11%)]	Loss1: 5.839505 Loss2: 0.000020 
| Global Round : 40 | Client :6 | Local Epoch : 0 | [64/534 (12%)]	Loss1: 5.841907 Loss2: 0.000010 
| Global Round : 40 | Client :6 | Local Epoch : 1 | [64/534 (12%)]	Loss1: 5.840354 Loss2: 0.000012 
| Global Round : 40 | Client :6 | Local Epoch : 2 | [64/534 (12%)]	Loss1: 5.841589 Loss2: 0.000011 
| Global Round : 40 | Client :6 | Local Epoch : 3 | [64/534 (12%)]	Loss1: 5.840203 Loss2: 0.000015 
| Global Round : 40 | Client :6 | Local Epoch : 4 | [64/534 (12%)]	Loss1: 5.839698 Loss2: 0.000014 
| Global Round : 40 | Client :7 | Local Epoch : 0 | [64/824 (8%)]	Loss1: 5.839855 Loss2: 0.000022 
| Global Round : 40 | Client :7 | Local Epoch : 0 | [704/824 (92%)]	Loss1: 5.839481 Loss2: 0.000025 
| Global Round : 40 | Client :7 | Local Epoch : 1 | [64/824 (8%)]	Loss1: 5.839659 Loss2: 0.000028 
| Global Round : 40 | Client :7 | Local Epoch : 1 | [704/824 (92%)]	Loss1: 5.840103 Loss2: 0.000023 
| Global Round : 40 | Client :7 | Local Epoch : 2 | [64/824 (8%)]	Loss1: 5.840318 Loss2: 0.000025 
| Global Round : 40 | Client :7 | Local Epoch : 2 | [704/824 (92%)]	Loss1: 5.840847 Loss2: 0.000026 
| Global Round : 40 | Client :7 | Local Epoch : 3 | [64/824 (8%)]	Loss1: 5.841373 Loss2: 0.000028 
| Global Round : 40 | Client :7 | Local Epoch : 3 | [704/824 (92%)]	Loss1: 5.840024 Loss2: 0.000024 
| Global Round : 40 | Client :7 | Local Epoch : 4 | [64/824 (8%)]	Loss1: 5.840405 Loss2: 0.000024 
| Global Round : 40 | Client :7 | Local Epoch : 4 | [704/824 (92%)]	Loss1: 5.839562 Loss2: 0.000025 
| Global Round : 40 | Client :8 | Local Epoch : 0 | [64/714 (9%)]	Loss1: 5.840086 Loss2: 0.000019 
| Global Round : 40 | Client :8 | Local Epoch : 0 | [704/714 (100%)]	Loss1: 5.840240 Loss2: 0.000019 
| Global Round : 40 | Client :8 | Local Epoch : 1 | [64/714 (9%)]	Loss1: 5.841747 Loss2: 0.000017 
| Global Round : 40 | Client :8 | Local Epoch : 1 | [704/714 (100%)]	Loss1: 5.839776 Loss2: 0.000026 
| Global Round : 40 | Client :8 | Local Epoch : 2 | [64/714 (9%)]	Loss1: 5.840694 Loss2: 0.000016 
| Global Round : 40 | Client :8 | Local Epoch : 2 | [704/714 (100%)]	Loss1: 5.840404 Loss2: 0.000017 
| Global Round : 40 | Client :8 | Local Epoch : 3 | [64/714 (9%)]	Loss1: 5.839911 Loss2: 0.000013 
| Global Round : 40 | Client :8 | Local Epoch : 3 | [704/714 (100%)]	Loss1: 5.840826 Loss2: 0.000023 
| Global Round : 40 | Client :8 | Local Epoch : 4 | [64/714 (9%)]	Loss1: 5.840798 Loss2: 0.000018 
| Global Round : 40 | Client :8 | Local Epoch : 4 | [704/714 (100%)]	Loss1: 5.840767 Loss2: 0.000028 
| Global Round : 40 | Client :9 | Local Epoch : 0 | [64/607 (11%)]	Loss1: 5.840887 Loss2: 0.000014 
| Global Round : 40 | Client :9 | Local Epoch : 1 | [64/607 (11%)]	Loss1: 5.842325 Loss2: 0.000018 
| Global Round : 40 | Client :9 | Local Epoch : 2 | [64/607 (11%)]	Loss1: 5.840981 Loss2: 0.000020 
| Global Round : 40 | Client :9 | Local Epoch : 3 | [64/607 (11%)]	Loss1: 5.841275 Loss2: 0.000016 
| Global Round : 40 | Client :9 | Local Epoch : 4 | [64/607 (11%)]	Loss1: 5.841958 Loss2: 0.000014 
average loss:   5.83835707863344
average local test accuracy: 0.8277343749999998
average global test accuracy:  0.58671875

 | Global Training Round : 41 |

xi_k [0.47582129 0.53258068 0.53255508 0.49473828 0.49080807 0.50780501
 0.51061973 0.49638818 0.52511768 0.50537138]
max_exp: -1.0
coe: 10
Regulation [0.8 0.8 0.8 0.8 0.8 0.8 0.8 0.8 0.8 0.8]
Solver status: optimal_inaccurate
b_new: [1. 1. 1. 1. 1. 1. 1. 1. 1. 1.]
Iter 0: obj=50.3181, best_obj=50.3181, ||b_new-b_prev||₂=2.846050
xi_k [0.47582129 0.53258068 0.53255508 0.49473828 0.49080807 0.50780501
 0.51061973 0.49638818 0.52511768 0.50537138]
max_exp: -1.0
coe: 10
Regulation [-1. -1. -1. -1. -1. -1. -1. -1. -1. -1.]
Solver status: optimal_inaccurate
b_new: [1. 1. 1. 1. 1. 1. 1. 1. 1. 1.]
Iter 1: obj=51.2181, best_obj=51.2181, ||b_new-b_prev||₂=0.000000
Converged.
Final b: [1. 1. 1. 1. 1. 1. 1. 1. 1. 1.]
<class 'numpy.ndarray'>
b_float: [1. 1. 1. 1. 1. 1. 1. 1. 1. 1.]
b: [1 1 1 1 1 1 1 1 1 1]
active_clients:  [0, 1, 2, 3, 4, 5, 6, 7, 8, 9]
Client 0's s_k are:[0 1 1 1 1 1 1 1 1 1]
Client 1's s_k are:[1 0 1 1 1 1 1 1 1 1]
Client 2's s_k are:[1 1 0 1 1 1 1 1 1 1]
Client 3's s_k are:[1 1 1 0 1 1 1 1 1 1]
Client 4's s_k are:[1 1 1 1 0 1 1 1 1 1]
Client 5's s_k are:[1 1 1 1 1 0 1 1 1 1]
Client 6's s_k are:[1 1 1 1 1 1 0 1 1 1]
Client 7's s_k are:[1 1 1 1 1 1 1 0 1 1]
Client 8's s_k are:[1 1 1 1 1 1 1 1 0 1]
Client 9's s_k are:[1 1 1 1 1 1 1 1 1 0]
| Global Round : 41 | Client :0 | Local Epoch : 0 | [64/573 (12%)]	Loss1: 5.839362 Loss2: 0.000023 
| Global Round : 41 | Client :0 | Local Epoch : 1 | [64/573 (12%)]	Loss1: 5.839777 Loss2: 0.000019 
| Global Round : 41 | Client :0 | Local Epoch : 2 | [64/573 (12%)]	Loss1: 5.839448 Loss2: 0.000023 
| Global Round : 41 | Client :0 | Local Epoch : 3 | [64/573 (12%)]	Loss1: 5.839136 Loss2: 0.000023 
| Global Round : 41 | Client :0 | Local Epoch : 4 | [64/573 (12%)]	Loss1: 5.839478 Loss2: 0.000023 
| Global Round : 41 | Client :1 | Local Epoch : 0 | [64/448 (14%)]	Loss1: 5.840544 Loss2: 0.000011 
| Global Round : 41 | Client :1 | Local Epoch : 1 | [64/448 (14%)]	Loss1: 5.840714 Loss2: 0.000016 
| Global Round : 41 | Client :1 | Local Epoch : 2 | [64/448 (14%)]	Loss1: 5.840626 Loss2: 0.000015 
| Global Round : 41 | Client :1 | Local Epoch : 3 | [64/448 (14%)]	Loss1: 5.841442 Loss2: 0.000014 
| Global Round : 41 | Client :1 | Local Epoch : 4 | [64/448 (14%)]	Loss1: 5.841215 Loss2: 0.000017 
| Global Round : 41 | Client :2 | Local Epoch : 0 | [64/448 (14%)]	Loss1: 5.840457 Loss2: 0.000013 
| Global Round : 41 | Client :2 | Local Epoch : 1 | [64/448 (14%)]	Loss1: 5.841278 Loss2: 0.000014 
| Global Round : 41 | Client :2 | Local Epoch : 2 | [64/448 (14%)]	Loss1: 5.840049 Loss2: 0.000014 
| Global Round : 41 | Client :2 | Local Epoch : 3 | [64/448 (14%)]	Loss1: 5.840753 Loss2: 0.000013 
| Global Round : 41 | Client :2 | Local Epoch : 4 | [64/448 (14%)]	Loss1: 5.840840 Loss2: 0.000013 
| Global Round : 41 | Client :3 | Local Epoch : 0 | [64/620 (11%)]	Loss1: 5.840675 Loss2: 0.000017 
| Global Round : 41 | Client :3 | Local Epoch : 1 | [64/620 (11%)]	Loss1: 5.840385 Loss2: 0.000013 
| Global Round : 41 | Client :3 | Local Epoch : 2 | [64/620 (11%)]	Loss1: 5.840043 Loss2: 0.000016 
| Global Round : 41 | Client :3 | Local Epoch : 3 | [64/620 (11%)]	Loss1: 5.841005 Loss2: 0.000017 
| Global Round : 41 | Client :3 | Local Epoch : 4 | [64/620 (11%)]	Loss1: 5.839339 Loss2: 0.000014 
| Global Round : 41 | Client :4 | Local Epoch : 0 | [64/625 (11%)]	Loss1: 5.840260 Loss2: 0.000016 
| Global Round : 41 | Client :4 | Local Epoch : 1 | [64/625 (11%)]	Loss1: 5.840848 Loss2: 0.000019 
| Global Round : 41 | Client :4 | Local Epoch : 2 | [64/625 (11%)]	Loss1: 5.840345 Loss2: 0.000019 
| Global Round : 41 | Client :4 | Local Epoch : 3 | [64/625 (11%)]	Loss1: 5.840501 Loss2: 0.000019 
| Global Round : 41 | Client :4 | Local Epoch : 4 | [64/625 (11%)]	Loss1: 5.839917 Loss2: 0.000018 
| Global Round : 41 | Client :5 | Local Epoch : 0 | [64/604 (11%)]	Loss1: 5.840337 Loss2: 0.000020 
| Global Round : 41 | Client :5 | Local Epoch : 1 | [64/604 (11%)]	Loss1: 5.839406 Loss2: 0.000018 
| Global Round : 41 | Client :5 | Local Epoch : 2 | [64/604 (11%)]	Loss1: 5.839487 Loss2: 0.000017 
| Global Round : 41 | Client :5 | Local Epoch : 3 | [64/604 (11%)]	Loss1: 5.838829 Loss2: 0.000019 
| Global Round : 41 | Client :5 | Local Epoch : 4 | [64/604 (11%)]	Loss1: 5.839848 Loss2: 0.000018 
| Global Round : 41 | Client :6 | Local Epoch : 0 | [64/534 (12%)]	Loss1: 5.842130 Loss2: 0.000011 
| Global Round : 41 | Client :6 | Local Epoch : 1 | [64/534 (12%)]	Loss1: 5.840976 Loss2: 0.000012 
| Global Round : 41 | Client :6 | Local Epoch : 2 | [64/534 (12%)]	Loss1: 5.841058 Loss2: 0.000016 
| Global Round : 41 | Client :6 | Local Epoch : 3 | [64/534 (12%)]	Loss1: 5.840955 Loss2: 0.000014 
| Global Round : 41 | Client :6 | Local Epoch : 4 | [64/534 (12%)]	Loss1: 5.840257 Loss2: 0.000011 
| Global Round : 41 | Client :7 | Local Epoch : 0 | [64/824 (8%)]	Loss1: 5.839930 Loss2: 0.000023 
| Global Round : 41 | Client :7 | Local Epoch : 0 | [704/824 (92%)]	Loss1: 5.840893 Loss2: 0.000029 
| Global Round : 41 | Client :7 | Local Epoch : 1 | [64/824 (8%)]	Loss1: 5.839258 Loss2: 0.000022 
| Global Round : 41 | Client :7 | Local Epoch : 1 | [704/824 (92%)]	Loss1: 5.840124 Loss2: 0.000024 
| Global Round : 41 | Client :7 | Local Epoch : 2 | [64/824 (8%)]	Loss1: 5.840131 Loss2: 0.000026 
| Global Round : 41 | Client :7 | Local Epoch : 2 | [704/824 (92%)]	Loss1: 5.839578 Loss2: 0.000026 
| Global Round : 41 | Client :7 | Local Epoch : 3 | [64/824 (8%)]	Loss1: 5.839577 Loss2: 0.000022 
| Global Round : 41 | Client :7 | Local Epoch : 3 | [704/824 (92%)]	Loss1: 5.839884 Loss2: 0.000026 
| Global Round : 41 | Client :7 | Local Epoch : 4 | [64/824 (8%)]	Loss1: 5.839887 Loss2: 0.000028 
| Global Round : 41 | Client :7 | Local Epoch : 4 | [704/824 (92%)]	Loss1: 5.839321 Loss2: 0.000024 
| Global Round : 41 | Client :8 | Local Epoch : 0 | [64/714 (9%)]	Loss1: 5.841076 Loss2: 0.000017 
| Global Round : 41 | Client :8 | Local Epoch : 0 | [704/714 (100%)]	Loss1: 5.840991 Loss2: 0.000019 
| Global Round : 41 | Client :8 | Local Epoch : 1 | [64/714 (9%)]	Loss1: 5.840393 Loss2: 0.000017 
| Global Round : 41 | Client :8 | Local Epoch : 1 | [704/714 (100%)]	Loss1: 5.840337 Loss2: 0.000022 
| Global Round : 41 | Client :8 | Local Epoch : 2 | [64/714 (9%)]	Loss1: 5.840629 Loss2: 0.000019 
| Global Round : 41 | Client :8 | Local Epoch : 2 | [704/714 (100%)]	Loss1: 5.840358 Loss2: 0.000021 
| Global Round : 41 | Client :8 | Local Epoch : 3 | [64/714 (9%)]	Loss1: 5.840027 Loss2: 0.000014 
| Global Round : 41 | Client :8 | Local Epoch : 3 | [704/714 (100%)]	Loss1: 5.840515 Loss2: 0.000015 
| Global Round : 41 | Client :8 | Local Epoch : 4 | [64/714 (9%)]	Loss1: 5.841454 Loss2: 0.000020 
| Global Round : 41 | Client :8 | Local Epoch : 4 | [704/714 (100%)]	Loss1: 5.840456 Loss2: 0.000019 
| Global Round : 41 | Client :9 | Local Epoch : 0 | [64/607 (11%)]	Loss1: 5.840747 Loss2: 0.000015 
| Global Round : 41 | Client :9 | Local Epoch : 1 | [64/607 (11%)]	Loss1: 5.842240 Loss2: 0.000016 
| Global Round : 41 | Client :9 | Local Epoch : 2 | [64/607 (11%)]	Loss1: 5.841514 Loss2: 0.000016 
| Global Round : 41 | Client :9 | Local Epoch : 3 | [64/607 (11%)]	Loss1: 5.840606 Loss2: 0.000015 
| Global Round : 41 | Client :9 | Local Epoch : 4 | [64/607 (11%)]	Loss1: 5.840629 Loss2: 0.000014 
average loss:   5.838385032910805
average local test accuracy: 0.824609375
average global test accuracy:  0.55625

 | Global Training Round : 42 |

xi_k [0.47581685 0.53255441 0.53253724 0.49474087 0.49081662 0.50781122
 0.51062558 0.49640168 0.52514245 0.50538512]
max_exp: -1.0
coe: 10
Regulation [0.8 0.8 0.8 0.8 0.8 0.8 0.8 0.8 0.8 0.8]
Solver status: optimal_inaccurate
b_new: [1. 1. 1. 1. 1. 1. 1. 1. 1. 1.]
Iter 0: obj=50.3183, best_obj=50.3183, ||b_new-b_prev||₂=2.846050
xi_k [0.47581685 0.53255441 0.53253724 0.49474087 0.49081662 0.50781122
 0.51062558 0.49640168 0.52514245 0.50538512]
max_exp: -1.0
coe: 10
Regulation [-1. -1. -1. -1. -1. -1. -1. -1. -1. -1.]
Solver status: optimal_inaccurate
b_new: [1. 1. 1. 1. 1. 1. 1. 1. 1. 1.]
Iter 1: obj=51.2183, best_obj=51.2183, ||b_new-b_prev||₂=0.000000
Converged.
Final b: [1. 1. 1. 1. 1. 1. 1. 1. 1. 1.]
<class 'numpy.ndarray'>
b_float: [1. 1. 1. 1. 1. 1. 1. 1. 1. 1.]
b: [1 1 1 1 1 1 1 1 1 1]
active_clients:  [0, 1, 2, 3, 4, 5, 6, 7, 8, 9]
Client 0's s_k are:[0 1 1 1 1 1 1 1 1 1]
Client 1's s_k are:[1 0 1 1 1 1 1 1 1 1]
Client 2's s_k are:[1 1 0 1 1 1 1 1 1 1]
Client 3's s_k are:[1 1 1 0 1 1 1 1 1 1]
Client 4's s_k are:[1 1 1 1 0 1 1 1 1 1]
Client 5's s_k are:[1 1 1 1 1 0 1 1 1 1]
Client 6's s_k are:[1 1 1 1 1 1 0 1 1 1]
Client 7's s_k are:[1 1 1 1 1 1 1 0 1 1]
Client 8's s_k are:[1 1 1 1 1 1 1 1 0 1]
Client 9's s_k are:[1 1 1 1 1 1 1 1 1 0]
| Global Round : 42 | Client :0 | Local Epoch : 0 | [64/573 (12%)]	Loss1: 5.840616 Loss2: 0.000023 
| Global Round : 42 | Client :0 | Local Epoch : 1 | [64/573 (12%)]	Loss1: 5.839174 Loss2: 0.000022 
| Global Round : 42 | Client :0 | Local Epoch : 2 | [64/573 (12%)]	Loss1: 5.839345 Loss2: 0.000022 
| Global Round : 42 | Client :0 | Local Epoch : 3 | [64/573 (12%)]	Loss1: 5.839456 Loss2: 0.000022 
| Global Round : 42 | Client :0 | Local Epoch : 4 | [64/573 (12%)]	Loss1: 5.839941 Loss2: 0.000023 
| Global Round : 42 | Client :1 | Local Epoch : 0 | [64/448 (14%)]	Loss1: 5.840028 Loss2: 0.000012 
| Global Round : 42 | Client :1 | Local Epoch : 1 | [64/448 (14%)]	Loss1: 5.840716 Loss2: 0.000017 
| Global Round : 42 | Client :1 | Local Epoch : 2 | [64/448 (14%)]	Loss1: 5.840726 Loss2: 0.000014 
| Global Round : 42 | Client :1 | Local Epoch : 3 | [64/448 (14%)]	Loss1: 5.841428 Loss2: 0.000012 
| Global Round : 42 | Client :1 | Local Epoch : 4 | [64/448 (14%)]	Loss1: 5.840380 Loss2: 0.000015 
| Global Round : 42 | Client :2 | Local Epoch : 0 | [64/448 (14%)]	Loss1: 5.840854 Loss2: 0.000013 
| Global Round : 42 | Client :2 | Local Epoch : 1 | [64/448 (14%)]	Loss1: 5.841335 Loss2: 0.000015 
| Global Round : 42 | Client :2 | Local Epoch : 2 | [64/448 (14%)]	Loss1: 5.841264 Loss2: 0.000010 
| Global Round : 42 | Client :2 | Local Epoch : 3 | [64/448 (14%)]	Loss1: 5.840444 Loss2: 0.000013 
| Global Round : 42 | Client :2 | Local Epoch : 4 | [64/448 (14%)]	Loss1: 5.840261 Loss2: 0.000014 
| Global Round : 42 | Client :3 | Local Epoch : 0 | [64/620 (11%)]	Loss1: 5.840675 Loss2: 0.000017 
| Global Round : 42 | Client :3 | Local Epoch : 1 | [64/620 (11%)]	Loss1: 5.839776 Loss2: 0.000014 
| Global Round : 42 | Client :3 | Local Epoch : 2 | [64/620 (11%)]	Loss1: 5.839606 Loss2: 0.000014 
| Global Round : 42 | Client :3 | Local Epoch : 3 | [64/620 (11%)]	Loss1: 5.839777 Loss2: 0.000014 
| Global Round : 42 | Client :3 | Local Epoch : 4 | [64/620 (11%)]	Loss1: 5.840329 Loss2: 0.000012 
| Global Round : 42 | Client :4 | Local Epoch : 0 | [64/625 (11%)]	Loss1: 5.839572 Loss2: 0.000017 
| Global Round : 42 | Client :4 | Local Epoch : 1 | [64/625 (11%)]	Loss1: 5.840295 Loss2: 0.000016 
| Global Round : 42 | Client :4 | Local Epoch : 2 | [64/625 (11%)]	Loss1: 5.841310 Loss2: 0.000020 
| Global Round : 42 | Client :4 | Local Epoch : 3 | [64/625 (11%)]	Loss1: 5.839920 Loss2: 0.000019 
| Global Round : 42 | Client :4 | Local Epoch : 4 | [64/625 (11%)]	Loss1: 5.840686 Loss2: 0.000015 
| Global Round : 42 | Client :5 | Local Epoch : 0 | [64/604 (11%)]	Loss1: 5.839187 Loss2: 0.000020 
| Global Round : 42 | Client :5 | Local Epoch : 1 | [64/604 (11%)]	Loss1: 5.839438 Loss2: 0.000021 
| Global Round : 42 | Client :5 | Local Epoch : 2 | [64/604 (11%)]	Loss1: 5.839699 Loss2: 0.000017 
| Global Round : 42 | Client :5 | Local Epoch : 3 | [64/604 (11%)]	Loss1: 5.839500 Loss2: 0.000018 
| Global Round : 42 | Client :5 | Local Epoch : 4 | [64/604 (11%)]	Loss1: 5.840006 Loss2: 0.000018 
| Global Round : 42 | Client :6 | Local Epoch : 0 | [64/534 (12%)]	Loss1: 5.840837 Loss2: 0.000015 
| Global Round : 42 | Client :6 | Local Epoch : 1 | [64/534 (12%)]	Loss1: 5.840391 Loss2: 0.000014 
| Global Round : 42 | Client :6 | Local Epoch : 2 | [64/534 (12%)]	Loss1: 5.839869 Loss2: 0.000014 
| Global Round : 42 | Client :6 | Local Epoch : 3 | [64/534 (12%)]	Loss1: 5.841779 Loss2: 0.000012 
| Global Round : 42 | Client :6 | Local Epoch : 4 | [64/534 (12%)]	Loss1: 5.840698 Loss2: 0.000010 
| Global Round : 42 | Client :7 | Local Epoch : 0 | [64/824 (8%)]	Loss1: 5.840097 Loss2: 0.000022 
| Global Round : 42 | Client :7 | Local Epoch : 0 | [704/824 (92%)]	Loss1: 5.840125 Loss2: 0.000026 
| Global Round : 42 | Client :7 | Local Epoch : 1 | [64/824 (8%)]	Loss1: 5.839562 Loss2: 0.000023 
| Global Round : 42 | Client :7 | Local Epoch : 1 | [704/824 (92%)]	Loss1: 5.839522 Loss2: 0.000028 
| Global Round : 42 | Client :7 | Local Epoch : 2 | [64/824 (8%)]	Loss1: 5.839629 Loss2: 0.000027 
| Global Round : 42 | Client :7 | Local Epoch : 2 | [704/824 (92%)]	Loss1: 5.839877 Loss2: 0.000025 
| Global Round : 42 | Client :7 | Local Epoch : 3 | [64/824 (8%)]	Loss1: 5.840459 Loss2: 0.000027 
| Global Round : 42 | Client :7 | Local Epoch : 3 | [704/824 (92%)]	Loss1: 5.839555 Loss2: 0.000029 
| Global Round : 42 | Client :7 | Local Epoch : 4 | [64/824 (8%)]	Loss1: 5.839944 Loss2: 0.000025 
| Global Round : 42 | Client :7 | Local Epoch : 4 | [704/824 (92%)]	Loss1: 5.840216 Loss2: 0.000025 
| Global Round : 42 | Client :8 | Local Epoch : 0 | [64/714 (9%)]	Loss1: 5.841295 Loss2: 0.000014 
| Global Round : 42 | Client :8 | Local Epoch : 0 | [704/714 (100%)]	Loss1: 5.840498 Loss2: 0.000027 
| Global Round : 42 | Client :8 | Local Epoch : 1 | [64/714 (9%)]	Loss1: 5.840272 Loss2: 0.000016 
| Global Round : 42 | Client :8 | Local Epoch : 1 | [704/714 (100%)]	Loss1: 5.841744 Loss2: 0.000020 
| Global Round : 42 | Client :8 | Local Epoch : 2 | [64/714 (9%)]	Loss1: 5.841661 Loss2: 0.000016 
| Global Round : 42 | Client :8 | Local Epoch : 2 | [704/714 (100%)]	Loss1: 5.840518 Loss2: 0.000025 
| Global Round : 42 | Client :8 | Local Epoch : 3 | [64/714 (9%)]	Loss1: 5.841626 Loss2: 0.000020 
| Global Round : 42 | Client :8 | Local Epoch : 3 | [704/714 (100%)]	Loss1: 5.840118 Loss2: 0.000021 
| Global Round : 42 | Client :8 | Local Epoch : 4 | [64/714 (9%)]	Loss1: 5.841722 Loss2: 0.000014 
| Global Round : 42 | Client :8 | Local Epoch : 4 | [704/714 (100%)]	Loss1: 5.840454 Loss2: 0.000022 
| Global Round : 42 | Client :9 | Local Epoch : 0 | [64/607 (11%)]	Loss1: 5.840023 Loss2: 0.000015 
| Global Round : 42 | Client :9 | Local Epoch : 1 | [64/607 (11%)]	Loss1: 5.842096 Loss2: 0.000015 
| Global Round : 42 | Client :9 | Local Epoch : 2 | [64/607 (11%)]	Loss1: 5.841446 Loss2: 0.000019 
| Global Round : 42 | Client :9 | Local Epoch : 3 | [64/607 (11%)]	Loss1: 5.841030 Loss2: 0.000017 
| Global Round : 42 | Client :9 | Local Epoch : 4 | [64/607 (11%)]	Loss1: 5.840723 Loss2: 0.000015 
average loss:   5.838352234702433
average local test accuracy: 0.8139322916666666
average global test accuracy:  0.649609375

 | Global Training Round : 43 |

xi_k [0.47582182 0.53259983 0.53253502 0.49471637 0.49079017 0.50780565
 0.51061322 0.49639407 0.52512248 0.50535824]
max_exp: -1.0
coe: 10
Regulation [0.8 0.8 0.8 0.8 0.8 0.8 0.8 0.8 0.8 0.8]
Solver status: optimal_inaccurate
b_new: [1. 1. 1. 1. 1. 1. 1. 1. 1. 1.]
Iter 0: obj=50.3176, best_obj=50.3176, ||b_new-b_prev||₂=2.846050
xi_k [0.47582182 0.53259983 0.53253502 0.49471637 0.49079017 0.50780565
 0.51061322 0.49639407 0.52512248 0.50535824]
max_exp: -1.0
coe: 10
Regulation [-1. -1. -1. -1. -1. -1. -1. -1. -1. -1.]
Solver status: optimal_inaccurate
b_new: [1. 1. 1. 1. 1. 1. 1. 1. 1. 1.]
Iter 1: obj=51.2176, best_obj=51.2176, ||b_new-b_prev||₂=0.000000
Converged.
Final b: [1. 1. 1. 1. 1. 1. 1. 1. 1. 1.]
<class 'numpy.ndarray'>
b_float: [1. 1. 1. 1. 1. 1. 1. 1. 1. 1.]
b: [1 1 1 1 1 1 1 1 1 1]
active_clients:  [0, 1, 2, 3, 4, 5, 6, 7, 8, 9]
Client 0's s_k are:[0 1 1 1 1 1 1 1 1 1]
Client 1's s_k are:[1 0 1 1 1 1 1 1 1 1]
Client 2's s_k are:[1 1 0 1 1 1 1 1 1 1]
Client 3's s_k are:[1 1 1 0 1 1 1 1 1 1]
Client 4's s_k are:[1 1 1 1 0 1 1 1 1 1]
Client 5's s_k are:[1 1 1 1 1 0 1 1 1 1]
Client 6's s_k are:[1 1 1 1 1 1 0 1 1 1]
Client 7's s_k are:[1 1 1 1 1 1 1 0 1 1]
Client 8's s_k are:[1 1 1 1 1 1 1 1 0 1]
Client 9's s_k are:[1 1 1 1 1 1 1 1 1 0]
| Global Round : 43 | Client :0 | Local Epoch : 0 | [64/573 (12%)]	Loss1: 5.839203 Loss2: 0.000022 
| Global Round : 43 | Client :0 | Local Epoch : 1 | [64/573 (12%)]	Loss1: 5.839272 Loss2: 0.000020 
| Global Round : 43 | Client :0 | Local Epoch : 2 | [64/573 (12%)]	Loss1: 5.839005 Loss2: 0.000021 
| Global Round : 43 | Client :0 | Local Epoch : 3 | [64/573 (12%)]	Loss1: 5.838981 Loss2: 0.000025 
| Global Round : 43 | Client :0 | Local Epoch : 4 | [64/573 (12%)]	Loss1: 5.839361 Loss2: 0.000022 
| Global Round : 43 | Client :1 | Local Epoch : 0 | [64/448 (14%)]	Loss1: 5.841147 Loss2: 0.000012 
| Global Round : 43 | Client :1 | Local Epoch : 1 | [64/448 (14%)]	Loss1: 5.840658 Loss2: 0.000018 
| Global Round : 43 | Client :1 | Local Epoch : 2 | [64/448 (14%)]	Loss1: 5.841321 Loss2: 0.000014 
| Global Round : 43 | Client :1 | Local Epoch : 3 | [64/448 (14%)]	Loss1: 5.840932 Loss2: 0.000015 
| Global Round : 43 | Client :1 | Local Epoch : 4 | [64/448 (14%)]	Loss1: 5.842185 Loss2: 0.000016 
| Global Round : 43 | Client :2 | Local Epoch : 0 | [64/448 (14%)]	Loss1: 5.840714 Loss2: 0.000013 
| Global Round : 43 | Client :2 | Local Epoch : 1 | [64/448 (14%)]	Loss1: 5.840131 Loss2: 0.000013 
| Global Round : 43 | Client :2 | Local Epoch : 2 | [64/448 (14%)]	Loss1: 5.840074 Loss2: 0.000014 
| Global Round : 43 | Client :2 | Local Epoch : 3 | [64/448 (14%)]	Loss1: 5.841704 Loss2: 0.000013 
| Global Round : 43 | Client :2 | Local Epoch : 4 | [64/448 (14%)]	Loss1: 5.840508 Loss2: 0.000013 
| Global Round : 43 | Client :3 | Local Epoch : 0 | [64/620 (11%)]	Loss1: 5.839772 Loss2: 0.000011 
| Global Round : 43 | Client :3 | Local Epoch : 1 | [64/620 (11%)]	Loss1: 5.840401 Loss2: 0.000016 
| Global Round : 43 | Client :3 | Local Epoch : 2 | [64/620 (11%)]	Loss1: 5.839706 Loss2: 0.000015 
| Global Round : 43 | Client :3 | Local Epoch : 3 | [64/620 (11%)]	Loss1: 5.840352 Loss2: 0.000013 
| Global Round : 43 | Client :3 | Local Epoch : 4 | [64/620 (11%)]	Loss1: 5.840244 Loss2: 0.000017 
| Global Round : 43 | Client :4 | Local Epoch : 0 | [64/625 (11%)]	Loss1: 5.840468 Loss2: 0.000021 
| Global Round : 43 | Client :4 | Local Epoch : 1 | [64/625 (11%)]	Loss1: 5.839422 Loss2: 0.000017 
| Global Round : 43 | Client :4 | Local Epoch : 2 | [64/625 (11%)]	Loss1: 5.840961 Loss2: 0.000019 
| Global Round : 43 | Client :4 | Local Epoch : 3 | [64/625 (11%)]	Loss1: 5.840754 Loss2: 0.000016 
| Global Round : 43 | Client :4 | Local Epoch : 4 | [64/625 (11%)]	Loss1: 5.840038 Loss2: 0.000020 
| Global Round : 43 | Client :5 | Local Epoch : 0 | [64/604 (11%)]	Loss1: 5.839757 Loss2: 0.000020 
| Global Round : 43 | Client :5 | Local Epoch : 1 | [64/604 (11%)]	Loss1: 5.839352 Loss2: 0.000019 
| Global Round : 43 | Client :5 | Local Epoch : 2 | [64/604 (11%)]	Loss1: 5.840143 Loss2: 0.000018 
| Global Round : 43 | Client :5 | Local Epoch : 3 | [64/604 (11%)]	Loss1: 5.839493 Loss2: 0.000020 
| Global Round : 43 | Client :5 | Local Epoch : 4 | [64/604 (11%)]	Loss1: 5.838844 Loss2: 0.000018 
| Global Round : 43 | Client :6 | Local Epoch : 0 | [64/534 (12%)]	Loss1: 5.840633 Loss2: 0.000014 
| Global Round : 43 | Client :6 | Local Epoch : 1 | [64/534 (12%)]	Loss1: 5.840877 Loss2: 0.000013 
| Global Round : 43 | Client :6 | Local Epoch : 2 | [64/534 (12%)]	Loss1: 5.840116 Loss2: 0.000014 
| Global Round : 43 | Client :6 | Local Epoch : 3 | [64/534 (12%)]	Loss1: 5.841433 Loss2: 0.000012 
| Global Round : 43 | Client :6 | Local Epoch : 4 | [64/534 (12%)]	Loss1: 5.840514 Loss2: 0.000014 
| Global Round : 43 | Client :7 | Local Epoch : 0 | [64/824 (8%)]	Loss1: 5.839938 Loss2: 0.000022 
| Global Round : 43 | Client :7 | Local Epoch : 0 | [704/824 (92%)]	Loss1: 5.839969 Loss2: 0.000028 
| Global Round : 43 | Client :7 | Local Epoch : 1 | [64/824 (8%)]	Loss1: 5.840005 Loss2: 0.000024 
| Global Round : 43 | Client :7 | Local Epoch : 1 | [704/824 (92%)]	Loss1: 5.839864 Loss2: 0.000024 
| Global Round : 43 | Client :7 | Local Epoch : 2 | [64/824 (8%)]	Loss1: 5.839952 Loss2: 0.000025 
| Global Round : 43 | Client :7 | Local Epoch : 2 | [704/824 (92%)]	Loss1: 5.839880 Loss2: 0.000025 
| Global Round : 43 | Client :7 | Local Epoch : 3 | [64/824 (8%)]	Loss1: 5.839859 Loss2: 0.000026 
| Global Round : 43 | Client :7 | Local Epoch : 3 | [704/824 (92%)]	Loss1: 5.839594 Loss2: 0.000025 
| Global Round : 43 | Client :7 | Local Epoch : 4 | [64/824 (8%)]	Loss1: 5.840002 Loss2: 0.000028 
| Global Round : 43 | Client :7 | Local Epoch : 4 | [704/824 (92%)]	Loss1: 5.840633 Loss2: 0.000024 
| Global Round : 43 | Client :8 | Local Epoch : 0 | [64/714 (9%)]	Loss1: 5.841464 Loss2: 0.000020 
| Global Round : 43 | Client :8 | Local Epoch : 0 | [704/714 (100%)]	Loss1: 5.840198 Loss2: 0.000022 
| Global Round : 43 | Client :8 | Local Epoch : 1 | [64/714 (9%)]	Loss1: 5.841252 Loss2: 0.000013 
| Global Round : 43 | Client :8 | Local Epoch : 1 | [704/714 (100%)]	Loss1: 5.840919 Loss2: 0.000023 
| Global Round : 43 | Client :8 | Local Epoch : 2 | [64/714 (9%)]	Loss1: 5.840052 Loss2: 0.000018 
| Global Round : 43 | Client :8 | Local Epoch : 2 | [704/714 (100%)]	Loss1: 5.841295 Loss2: 0.000020 
| Global Round : 43 | Client :8 | Local Epoch : 3 | [64/714 (9%)]	Loss1: 5.841182 Loss2: 0.000018 
| Global Round : 43 | Client :8 | Local Epoch : 3 | [704/714 (100%)]	Loss1: 5.839998 Loss2: 0.000021 
| Global Round : 43 | Client :8 | Local Epoch : 4 | [64/714 (9%)]	Loss1: 5.841398 Loss2: 0.000017 
| Global Round : 43 | Client :8 | Local Epoch : 4 | [704/714 (100%)]	Loss1: 5.839967 Loss2: 0.000020 
| Global Round : 43 | Client :9 | Local Epoch : 0 | [64/607 (11%)]	Loss1: 5.840692 Loss2: 0.000014 
| Global Round : 43 | Client :9 | Local Epoch : 1 | [64/607 (11%)]	Loss1: 5.841001 Loss2: 0.000014 
| Global Round : 43 | Client :9 | Local Epoch : 2 | [64/607 (11%)]	Loss1: 5.840963 Loss2: 0.000016 
| Global Round : 43 | Client :9 | Local Epoch : 3 | [64/607 (11%)]	Loss1: 5.841093 Loss2: 0.000017 
| Global Round : 43 | Client :9 | Local Epoch : 4 | [64/607 (11%)]	Loss1: 5.840456 Loss2: 0.000015 
average loss:   5.83834407981512
average local test accuracy: 0.8235677083333334
average global test accuracy:  0.629296875

 | Global Training Round : 44 |

xi_k [0.4758114  0.53255602 0.53253411 0.49473913 0.49084351 0.50779747
 0.51059493 0.49638916 0.52511352 0.5054088 ]
max_exp: -1.0
coe: 10
Regulation [0.8 0.8 0.8 0.8 0.8 0.8 0.8 0.8 0.8 0.8]
Solver status: optimal_inaccurate
b_new: [1. 1. 1. 1. 1. 1. 1. 1. 1. 1.]
Iter 0: obj=50.3179, best_obj=50.3179, ||b_new-b_prev||₂=2.846050
xi_k [0.4758114  0.53255602 0.53253411 0.49473913 0.49084351 0.50779747
 0.51059493 0.49638916 0.52511352 0.5054088 ]
max_exp: -1.0
coe: 10
Regulation [-1. -1. -1. -1. -1. -1. -1. -1. -1. -1.]
Solver status: optimal_inaccurate
b_new: [1. 1. 1. 1. 1. 1. 1. 1. 1. 1.]
Iter 1: obj=51.2179, best_obj=51.2179, ||b_new-b_prev||₂=0.000000
Converged.
Final b: [1. 1. 1. 1. 1. 1. 1. 1. 1. 1.]
<class 'numpy.ndarray'>
b_float: [1. 1. 1. 1. 1. 1. 1. 1. 1. 1.]
b: [1 1 1 1 1 1 1 1 1 1]
active_clients:  [0, 1, 2, 3, 4, 5, 6, 7, 8, 9]
Client 0's s_k are:[0 1 1 1 1 1 1 1 1 1]
Client 1's s_k are:[1 0 1 1 1 1 1 1 1 1]
Client 2's s_k are:[1 1 0 1 1 1 1 1 1 1]
Client 3's s_k are:[1 1 1 0 1 1 1 1 1 1]
Client 4's s_k are:[1 1 1 1 0 1 1 1 1 1]
Client 5's s_k are:[1 1 1 1 1 0 1 1 1 1]
Client 6's s_k are:[1 1 1 1 1 1 0 1 1 1]
Client 7's s_k are:[1 1 1 1 1 1 1 0 1 1]
Client 8's s_k are:[1 1 1 1 1 1 1 1 0 1]
Client 9's s_k are:[1 1 1 1 1 1 1 1 1 0]
| Global Round : 44 | Client :0 | Local Epoch : 0 | [64/573 (12%)]	Loss1: 5.840386 Loss2: 0.000023 
| Global Round : 44 | Client :0 | Local Epoch : 1 | [64/573 (12%)]	Loss1: 5.839275 Loss2: 0.000020 
| Global Round : 44 | Client :0 | Local Epoch : 2 | [64/573 (12%)]	Loss1: 5.839286 Loss2: 0.000018 
| Global Round : 44 | Client :0 | Local Epoch : 3 | [64/573 (12%)]	Loss1: 5.840568 Loss2: 0.000019 
| Global Round : 44 | Client :0 | Local Epoch : 4 | [64/573 (12%)]	Loss1: 5.839406 Loss2: 0.000019 
| Global Round : 44 | Client :1 | Local Epoch : 0 | [64/448 (14%)]	Loss1: 5.841350 Loss2: 0.000013 
| Global Round : 44 | Client :1 | Local Epoch : 1 | [64/448 (14%)]	Loss1: 5.841370 Loss2: 0.000012 
| Global Round : 44 | Client :1 | Local Epoch : 2 | [64/448 (14%)]	Loss1: 5.840843 Loss2: 0.000014 
| Global Round : 44 | Client :1 | Local Epoch : 3 | [64/448 (14%)]	Loss1: 5.841734 Loss2: 0.000013 
| Global Round : 44 | Client :1 | Local Epoch : 4 | [64/448 (14%)]	Loss1: 5.840623 Loss2: 0.000013 
| Global Round : 44 | Client :2 | Local Epoch : 0 | [64/448 (14%)]	Loss1: 5.839748 Loss2: 0.000015 
| Global Round : 44 | Client :2 | Local Epoch : 1 | [64/448 (14%)]	Loss1: 5.840135 Loss2: 0.000012 
| Global Round : 44 | Client :2 | Local Epoch : 2 | [64/448 (14%)]	Loss1: 5.840737 Loss2: 0.000018 
| Global Round : 44 | Client :2 | Local Epoch : 3 | [64/448 (14%)]	Loss1: 5.840786 Loss2: 0.000014 
| Global Round : 44 | Client :2 | Local Epoch : 4 | [64/448 (14%)]	Loss1: 5.840736 Loss2: 0.000014 
| Global Round : 44 | Client :3 | Local Epoch : 0 | [64/620 (11%)]	Loss1: 5.840125 Loss2: 0.000011 
| Global Round : 44 | Client :3 | Local Epoch : 1 | [64/620 (11%)]	Loss1: 5.840617 Loss2: 0.000013 
| Global Round : 44 | Client :3 | Local Epoch : 2 | [64/620 (11%)]	Loss1: 5.840913 Loss2: 0.000012 
| Global Round : 44 | Client :3 | Local Epoch : 3 | [64/620 (11%)]	Loss1: 5.840108 Loss2: 0.000014 
| Global Round : 44 | Client :3 | Local Epoch : 4 | [64/620 (11%)]	Loss1: 5.839311 Loss2: 0.000014 
| Global Round : 44 | Client :4 | Local Epoch : 0 | [64/625 (11%)]	Loss1: 5.840195 Loss2: 0.000020 
| Global Round : 44 | Client :4 | Local Epoch : 1 | [64/625 (11%)]	Loss1: 5.840850 Loss2: 0.000022 
| Global Round : 44 | Client :4 | Local Epoch : 2 | [64/625 (11%)]	Loss1: 5.839955 Loss2: 0.000020 
| Global Round : 44 | Client :4 | Local Epoch : 3 | [64/625 (11%)]	Loss1: 5.840645 Loss2: 0.000018 
| Global Round : 44 | Client :4 | Local Epoch : 4 | [64/625 (11%)]	Loss1: 5.839113 Loss2: 0.000020 
| Global Round : 44 | Client :5 | Local Epoch : 0 | [64/604 (11%)]	Loss1: 5.839649 Loss2: 0.000021 
| Global Round : 44 | Client :5 | Local Epoch : 1 | [64/604 (11%)]	Loss1: 5.839425 Loss2: 0.000017 
| Global Round : 44 | Client :5 | Local Epoch : 2 | [64/604 (11%)]	Loss1: 5.839170 Loss2: 0.000022 
| Global Round : 44 | Client :5 | Local Epoch : 3 | [64/604 (11%)]	Loss1: 5.839646 Loss2: 0.000019 
| Global Round : 44 | Client :5 | Local Epoch : 4 | [64/604 (11%)]	Loss1: 5.840026 Loss2: 0.000016 
| Global Round : 44 | Client :6 | Local Epoch : 0 | [64/534 (12%)]	Loss1: 5.840268 Loss2: 0.000014 
| Global Round : 44 | Client :6 | Local Epoch : 1 | [64/534 (12%)]	Loss1: 5.840960 Loss2: 0.000014 
| Global Round : 44 | Client :6 | Local Epoch : 2 | [64/534 (12%)]	Loss1: 5.840757 Loss2: 0.000015 
| Global Round : 44 | Client :6 | Local Epoch : 3 | [64/534 (12%)]	Loss1: 5.842010 Loss2: 0.000014 
| Global Round : 44 | Client :6 | Local Epoch : 4 | [64/534 (12%)]	Loss1: 5.840683 Loss2: 0.000013 
| Global Round : 44 | Client :7 | Local Epoch : 0 | [64/824 (8%)]	Loss1: 5.840408 Loss2: 0.000028 
| Global Round : 44 | Client :7 | Local Epoch : 0 | [704/824 (92%)]	Loss1: 5.840324 Loss2: 0.000025 
| Global Round : 44 | Client :7 | Local Epoch : 1 | [64/824 (8%)]	Loss1: 5.840543 Loss2: 0.000023 
| Global Round : 44 | Client :7 | Local Epoch : 1 | [704/824 (92%)]	Loss1: 5.839836 Loss2: 0.000027 
| Global Round : 44 | Client :7 | Local Epoch : 2 | [64/824 (8%)]	Loss1: 5.841657 Loss2: 0.000022 
| Global Round : 44 | Client :7 | Local Epoch : 2 | [704/824 (92%)]	Loss1: 5.839567 Loss2: 0.000027 
| Global Round : 44 | Client :7 | Local Epoch : 3 | [64/824 (8%)]	Loss1: 5.839646 Loss2: 0.000025 
| Global Round : 44 | Client :7 | Local Epoch : 3 | [704/824 (92%)]	Loss1: 5.839851 Loss2: 0.000021 
| Global Round : 44 | Client :7 | Local Epoch : 4 | [64/824 (8%)]	Loss1: 5.840261 Loss2: 0.000024 
| Global Round : 44 | Client :7 | Local Epoch : 4 | [704/824 (92%)]	Loss1: 5.839104 Loss2: 0.000026 
| Global Round : 44 | Client :8 | Local Epoch : 0 | [64/714 (9%)]	Loss1: 5.840212 Loss2: 0.000015 
| Global Round : 44 | Client :8 | Local Epoch : 0 | [704/714 (100%)]	Loss1: 5.840716 Loss2: 0.000022 
| Global Round : 44 | Client :8 | Local Epoch : 1 | [64/714 (9%)]	Loss1: 5.840378 Loss2: 0.000018 
| Global Round : 44 | Client :8 | Local Epoch : 1 | [704/714 (100%)]	Loss1: 5.839854 Loss2: 0.000028 
| Global Round : 44 | Client :8 | Local Epoch : 2 | [64/714 (9%)]	Loss1: 5.840132 Loss2: 0.000020 
| Global Round : 44 | Client :8 | Local Epoch : 2 | [704/714 (100%)]	Loss1: 5.841608 Loss2: 0.000028 
| Global Round : 44 | Client :8 | Local Epoch : 3 | [64/714 (9%)]	Loss1: 5.841009 Loss2: 0.000016 
| Global Round : 44 | Client :8 | Local Epoch : 3 | [704/714 (100%)]	Loss1: 5.840621 Loss2: 0.000027 
| Global Round : 44 | Client :8 | Local Epoch : 4 | [64/714 (9%)]	Loss1: 5.840438 Loss2: 0.000019 
| Global Round : 44 | Client :8 | Local Epoch : 4 | [704/714 (100%)]	Loss1: 5.840454 Loss2: 0.000020 
| Global Round : 44 | Client :9 | Local Epoch : 0 | [64/607 (11%)]	Loss1: 5.839694 Loss2: 0.000015 
| Global Round : 44 | Client :9 | Local Epoch : 1 | [64/607 (11%)]	Loss1: 5.841606 Loss2: 0.000013 
| Global Round : 44 | Client :9 | Local Epoch : 2 | [64/607 (11%)]	Loss1: 5.841747 Loss2: 0.000013 
| Global Round : 44 | Client :9 | Local Epoch : 3 | [64/607 (11%)]	Loss1: 5.840684 Loss2: 0.000014 
| Global Round : 44 | Client :9 | Local Epoch : 4 | [64/607 (11%)]	Loss1: 5.840263 Loss2: 0.000014 
average loss:   5.838361432456006
average local test accuracy: 0.8221354166666666
average global test accuracy:  0.608203125

 | Global Training Round : 45 |

xi_k [0.47580905 0.53255193 0.53255947 0.49473292 0.49082695 0.50779269
 0.51062612 0.49638894 0.52511857 0.50536157]
max_exp: -1.0
coe: 10
Regulation [0.8 0.8 0.8 0.8 0.8 0.8 0.8 0.8 0.8 0.8]
Solver status: optimal_inaccurate
b_new: [1. 1. 1. 1. 1. 1. 1. 1. 1. 1.]
Iter 0: obj=50.3177, best_obj=50.3177, ||b_new-b_prev||₂=2.846050
xi_k [0.47580905 0.53255193 0.53255947 0.49473292 0.49082695 0.50779269
 0.51062612 0.49638894 0.52511857 0.50536157]
max_exp: -1.0
coe: 10
Regulation [-1. -1. -1. -1. -1. -1. -1. -1. -1. -1.]
Solver status: optimal_inaccurate
b_new: [1. 1. 1. 1. 1. 1. 1. 1. 1. 1.]
Iter 1: obj=51.2177, best_obj=51.2177, ||b_new-b_prev||₂=0.000000
Converged.
Final b: [1. 1. 1. 1. 1. 1. 1. 1. 1. 1.]
<class 'numpy.ndarray'>
b_float: [1. 1. 1. 1. 1. 1. 1. 1. 1. 1.]
b: [1 1 1 1 1 1 1 1 1 1]
active_clients:  [0, 1, 2, 3, 4, 5, 6, 7, 8, 9]
Client 0's s_k are:[0 1 1 1 1 1 1 1 1 1]
Client 1's s_k are:[1 0 1 1 1 1 1 1 1 1]
Client 2's s_k are:[1 1 0 1 1 1 1 1 1 1]
Client 3's s_k are:[1 1 1 0 1 1 1 1 1 1]
Client 4's s_k are:[1 1 1 1 0 1 1 1 1 1]
Client 5's s_k are:[1 1 1 1 1 0 1 1 1 1]
Client 6's s_k are:[1 1 1 1 1 1 0 1 1 1]
Client 7's s_k are:[1 1 1 1 1 1 1 0 1 1]
Client 8's s_k are:[1 1 1 1 1 1 1 1 0 1]
Client 9's s_k are:[1 1 1 1 1 1 1 1 1 0]
| Global Round : 45 | Client :0 | Local Epoch : 0 | [64/573 (12%)]	Loss1: 5.838946 Loss2: 0.000019 
| Global Round : 45 | Client :0 | Local Epoch : 1 | [64/573 (12%)]	Loss1: 5.839382 Loss2: 0.000020 
| Global Round : 45 | Client :0 | Local Epoch : 2 | [64/573 (12%)]	Loss1: 5.839943 Loss2: 0.000019 
| Global Round : 45 | Client :0 | Local Epoch : 3 | [64/573 (12%)]	Loss1: 5.838972 Loss2: 0.000021 
| Global Round : 45 | Client :0 | Local Epoch : 4 | [64/573 (12%)]	Loss1: 5.839550 Loss2: 0.000022 
| Global Round : 45 | Client :1 | Local Epoch : 0 | [64/448 (14%)]	Loss1: 5.840088 Loss2: 0.000014 
| Global Round : 45 | Client :1 | Local Epoch : 1 | [64/448 (14%)]	Loss1: 5.840719 Loss2: 0.000012 
| Global Round : 45 | Client :1 | Local Epoch : 2 | [64/448 (14%)]	Loss1: 5.840431 Loss2: 0.000016 
| Global Round : 45 | Client :1 | Local Epoch : 3 | [64/448 (14%)]	Loss1: 5.840345 Loss2: 0.000013 
| Global Round : 45 | Client :1 | Local Epoch : 4 | [64/448 (14%)]	Loss1: 5.839752 Loss2: 0.000011 
| Global Round : 45 | Client :2 | Local Epoch : 0 | [64/448 (14%)]	Loss1: 5.841385 Loss2: 0.000015 
| Global Round : 45 | Client :2 | Local Epoch : 1 | [64/448 (14%)]	Loss1: 5.839254 Loss2: 0.000013 
| Global Round : 45 | Client :2 | Local Epoch : 2 | [64/448 (14%)]	Loss1: 5.840913 Loss2: 0.000011 
| Global Round : 45 | Client :2 | Local Epoch : 3 | [64/448 (14%)]	Loss1: 5.840183 Loss2: 0.000015 
| Global Round : 45 | Client :2 | Local Epoch : 4 | [64/448 (14%)]	Loss1: 5.840589 Loss2: 0.000011 
| Global Round : 45 | Client :3 | Local Epoch : 0 | [64/620 (11%)]	Loss1: 5.839836 Loss2: 0.000014 
| Global Round : 45 | Client :3 | Local Epoch : 1 | [64/620 (11%)]	Loss1: 5.840574 Loss2: 0.000014 
| Global Round : 45 | Client :3 | Local Epoch : 2 | [64/620 (11%)]	Loss1: 5.840375 Loss2: 0.000013 
| Global Round : 45 | Client :3 | Local Epoch : 3 | [64/620 (11%)]	Loss1: 5.839796 Loss2: 0.000011 
| Global Round : 45 | Client :3 | Local Epoch : 4 | [64/620 (11%)]	Loss1: 5.839395 Loss2: 0.000017 
| Global Round : 45 | Client :4 | Local Epoch : 0 | [64/625 (11%)]	Loss1: 5.840469 Loss2: 0.000018 
| Global Round : 45 | Client :4 | Local Epoch : 1 | [64/625 (11%)]	Loss1: 5.839787 Loss2: 0.000023 
| Global Round : 45 | Client :4 | Local Epoch : 2 | [64/625 (11%)]	Loss1: 5.839782 Loss2: 0.000022 
| Global Round : 45 | Client :4 | Local Epoch : 3 | [64/625 (11%)]	Loss1: 5.840696 Loss2: 0.000020 
| Global Round : 45 | Client :4 | Local Epoch : 4 | [64/625 (11%)]	Loss1: 5.839840 Loss2: 0.000020 
| Global Round : 45 | Client :5 | Local Epoch : 0 | [64/604 (11%)]	Loss1: 5.839398 Loss2: 0.000020 
| Global Round : 45 | Client :5 | Local Epoch : 1 | [64/604 (11%)]	Loss1: 5.840365 Loss2: 0.000017 
| Global Round : 45 | Client :5 | Local Epoch : 2 | [64/604 (11%)]	Loss1: 5.839761 Loss2: 0.000020 
| Global Round : 45 | Client :5 | Local Epoch : 3 | [64/604 (11%)]	Loss1: 5.839986 Loss2: 0.000017 
| Global Round : 45 | Client :5 | Local Epoch : 4 | [64/604 (11%)]	Loss1: 5.839365 Loss2: 0.000022 
| Global Round : 45 | Client :6 | Local Epoch : 0 | [64/534 (12%)]	Loss1: 5.840256 Loss2: 0.000014 
| Global Round : 45 | Client :6 | Local Epoch : 1 | [64/534 (12%)]	Loss1: 5.841264 Loss2: 0.000013 
| Global Round : 45 | Client :6 | Local Epoch : 2 | [64/534 (12%)]	Loss1: 5.841295 Loss2: 0.000013 
| Global Round : 45 | Client :6 | Local Epoch : 3 | [64/534 (12%)]	Loss1: 5.841049 Loss2: 0.000011 
| Global Round : 45 | Client :6 | Local Epoch : 4 | [64/534 (12%)]	Loss1: 5.840890 Loss2: 0.000016 
| Global Round : 45 | Client :7 | Local Epoch : 0 | [64/824 (8%)]	Loss1: 5.839952 Loss2: 0.000023 
| Global Round : 45 | Client :7 | Local Epoch : 0 | [704/824 (92%)]	Loss1: 5.840384 Loss2: 0.000023 
| Global Round : 45 | Client :7 | Local Epoch : 1 | [64/824 (8%)]	Loss1: 5.839833 Loss2: 0.000025 
| Global Round : 45 | Client :7 | Local Epoch : 1 | [704/824 (92%)]	Loss1: 5.840108 Loss2: 0.000028 
| Global Round : 45 | Client :7 | Local Epoch : 2 | [64/824 (8%)]	Loss1: 5.839698 Loss2: 0.000025 
| Global Round : 45 | Client :7 | Local Epoch : 2 | [704/824 (92%)]	Loss1: 5.840418 Loss2: 0.000023 
| Global Round : 45 | Client :7 | Local Epoch : 3 | [64/824 (8%)]	Loss1: 5.839584 Loss2: 0.000023 
| Global Round : 45 | Client :7 | Local Epoch : 3 | [704/824 (92%)]	Loss1: 5.840280 Loss2: 0.000023 
| Global Round : 45 | Client :7 | Local Epoch : 4 | [64/824 (8%)]	Loss1: 5.840439 Loss2: 0.000024 
| Global Round : 45 | Client :7 | Local Epoch : 4 | [704/824 (92%)]	Loss1: 5.840797 Loss2: 0.000028 
| Global Round : 45 | Client :8 | Local Epoch : 0 | [64/714 (9%)]	Loss1: 5.841672 Loss2: 0.000015 
| Global Round : 45 | Client :8 | Local Epoch : 0 | [704/714 (100%)]	Loss1: 5.840987 Loss2: 0.000018 
| Global Round : 45 | Client :8 | Local Epoch : 1 | [64/714 (9%)]	Loss1: 5.841071 Loss2: 0.000020 
| Global Round : 45 | Client :8 | Local Epoch : 1 | [704/714 (100%)]	Loss1: 5.841209 Loss2: 0.000024 
| Global Round : 45 | Client :8 | Local Epoch : 2 | [64/714 (9%)]	Loss1: 5.840559 Loss2: 0.000019 
| Global Round : 45 | Client :8 | Local Epoch : 2 | [704/714 (100%)]	Loss1: 5.840530 Loss2: 0.000021 
| Global Round : 45 | Client :8 | Local Epoch : 3 | [64/714 (9%)]	Loss1: 5.840781 Loss2: 0.000015 
| Global Round : 45 | Client :8 | Local Epoch : 3 | [704/714 (100%)]	Loss1: 5.840796 Loss2: 0.000025 
| Global Round : 45 | Client :8 | Local Epoch : 4 | [64/714 (9%)]	Loss1: 5.840711 Loss2: 0.000016 
| Global Round : 45 | Client :8 | Local Epoch : 4 | [704/714 (100%)]	Loss1: 5.841472 Loss2: 0.000021 
| Global Round : 45 | Client :9 | Local Epoch : 0 | [64/607 (11%)]	Loss1: 5.841693 Loss2: 0.000015 
| Global Round : 45 | Client :9 | Local Epoch : 1 | [64/607 (11%)]	Loss1: 5.840884 Loss2: 0.000018 
| Global Round : 45 | Client :9 | Local Epoch : 2 | [64/607 (11%)]	Loss1: 5.841432 Loss2: 0.000012 
| Global Round : 45 | Client :9 | Local Epoch : 3 | [64/607 (11%)]	Loss1: 5.840717 Loss2: 0.000012 
| Global Round : 45 | Client :9 | Local Epoch : 4 | [64/607 (11%)]	Loss1: 5.840454 Loss2: 0.000014 
average loss:   5.838311795496837
average local test accuracy: 0.8216145833333334
average global test accuracy:  0.605859375

 | Global Training Round : 46 |

xi_k [0.47583823 0.53256082 0.53253453 0.49472158 0.49082012 0.50781667
 0.51060565 0.49637445 0.52509428 0.5053772 ]
max_exp: -1.0
coe: 10
Regulation [0.8 0.8 0.8 0.8 0.8 0.8 0.8 0.8 0.8 0.8]
Solver status: optimal_inaccurate
b_new: [1. 1. 1. 1. 1. 1. 1. 1. 1. 1.]
Iter 0: obj=50.3174, best_obj=50.3174, ||b_new-b_prev||₂=2.846050
xi_k [0.47583823 0.53256082 0.53253453 0.49472158 0.49082012 0.50781667
 0.51060565 0.49637445 0.52509428 0.5053772 ]
max_exp: -1.0
coe: 10
Regulation [-1. -1. -1. -1. -1. -1. -1. -1. -1. -1.]
Solver status: optimal_inaccurate
b_new: [1. 1. 1. 1. 1. 1. 1. 1. 1. 1.]
Iter 1: obj=51.2174, best_obj=51.2174, ||b_new-b_prev||₂=0.000000
Converged.
Final b: [1. 1. 1. 1. 1. 1. 1. 1. 1. 1.]
<class 'numpy.ndarray'>
b_float: [1. 1. 1. 1. 1. 1. 1. 1. 1. 1.]
b: [1 1 1 1 1 1 1 1 1 1]
active_clients:  [0, 1, 2, 3, 4, 5, 6, 7, 8, 9]
Client 0's s_k are:[0 1 1 1 1 1 1 1 1 1]
Client 1's s_k are:[1 0 1 1 1 1 1 1 1 1]
Client 2's s_k are:[1 1 0 1 1 1 1 1 1 1]
Client 3's s_k are:[1 1 1 0 1 1 1 1 1 1]
Client 4's s_k are:[1 1 1 1 0 1 1 1 1 1]
Client 5's s_k are:[1 1 1 1 1 0 1 1 1 1]
Client 6's s_k are:[1 1 1 1 1 1 0 1 1 1]
Client 7's s_k are:[1 1 1 1 1 1 1 0 1 1]
Client 8's s_k are:[1 1 1 1 1 1 1 1 0 1]
Client 9's s_k are:[1 1 1 1 1 1 1 1 1 0]
| Global Round : 46 | Client :0 | Local Epoch : 0 | [64/573 (12%)]	Loss1: 5.839785 Loss2: 0.000021 
| Global Round : 46 | Client :0 | Local Epoch : 1 | [64/573 (12%)]	Loss1: 5.839250 Loss2: 0.000022 
| Global Round : 46 | Client :0 | Local Epoch : 2 | [64/573 (12%)]	Loss1: 5.839655 Loss2: 0.000018 
| Global Round : 46 | Client :0 | Local Epoch : 3 | [64/573 (12%)]	Loss1: 5.839682 Loss2: 0.000019 
| Global Round : 46 | Client :0 | Local Epoch : 4 | [64/573 (12%)]	Loss1: 5.839040 Loss2: 0.000021 
| Global Round : 46 | Client :1 | Local Epoch : 0 | [64/448 (14%)]	Loss1: 5.839999 Loss2: 0.000012 
| Global Round : 46 | Client :1 | Local Epoch : 1 | [64/448 (14%)]	Loss1: 5.840975 Loss2: 0.000014 
| Global Round : 46 | Client :1 | Local Epoch : 2 | [64/448 (14%)]	Loss1: 5.840040 Loss2: 0.000013 
| Global Round : 46 | Client :1 | Local Epoch : 3 | [64/448 (14%)]	Loss1: 5.840852 Loss2: 0.000014 
| Global Round : 46 | Client :1 | Local Epoch : 4 | [64/448 (14%)]	Loss1: 5.841061 Loss2: 0.000014 
| Global Round : 46 | Client :2 | Local Epoch : 0 | [64/448 (14%)]	Loss1: 5.840937 Loss2: 0.000011 
| Global Round : 46 | Client :2 | Local Epoch : 1 | [64/448 (14%)]	Loss1: 5.840541 Loss2: 0.000011 
| Global Round : 46 | Client :2 | Local Epoch : 2 | [64/448 (14%)]	Loss1: 5.841518 Loss2: 0.000014 
| Global Round : 46 | Client :2 | Local Epoch : 3 | [64/448 (14%)]	Loss1: 5.840725 Loss2: 0.000011 
| Global Round : 46 | Client :2 | Local Epoch : 4 | [64/448 (14%)]	Loss1: 5.839333 Loss2: 0.000012 
| Global Round : 46 | Client :3 | Local Epoch : 0 | [64/620 (11%)]	Loss1: 5.839385 Loss2: 0.000016 
| Global Round : 46 | Client :3 | Local Epoch : 1 | [64/620 (11%)]	Loss1: 5.840199 Loss2: 0.000015 
| Global Round : 46 | Client :3 | Local Epoch : 2 | [64/620 (11%)]	Loss1: 5.840501 Loss2: 0.000016 
| Global Round : 46 | Client :3 | Local Epoch : 3 | [64/620 (11%)]	Loss1: 5.840869 Loss2: 0.000013 
| Global Round : 46 | Client :3 | Local Epoch : 4 | [64/620 (11%)]	Loss1: 5.840330 Loss2: 0.000014 
| Global Round : 46 | Client :4 | Local Epoch : 0 | [64/625 (11%)]	Loss1: 5.839825 Loss2: 0.000019 
| Global Round : 46 | Client :4 | Local Epoch : 1 | [64/625 (11%)]	Loss1: 5.841226 Loss2: 0.000019 
| Global Round : 46 | Client :4 | Local Epoch : 2 | [64/625 (11%)]	Loss1: 5.841282 Loss2: 0.000026 
| Global Round : 46 | Client :4 | Local Epoch : 3 | [64/625 (11%)]	Loss1: 5.838912 Loss2: 0.000018 
| Global Round : 46 | Client :4 | Local Epoch : 4 | [64/625 (11%)]	Loss1: 5.839990 Loss2: 0.000019 
| Global Round : 46 | Client :5 | Local Epoch : 0 | [64/604 (11%)]	Loss1: 5.839713 Loss2: 0.000017 
| Global Round : 46 | Client :5 | Local Epoch : 1 | [64/604 (11%)]	Loss1: 5.839619 Loss2: 0.000018 
| Global Round : 46 | Client :5 | Local Epoch : 2 | [64/604 (11%)]	Loss1: 5.839897 Loss2: 0.000018 
| Global Round : 46 | Client :5 | Local Epoch : 3 | [64/604 (11%)]	Loss1: 5.839458 Loss2: 0.000020 
| Global Round : 46 | Client :5 | Local Epoch : 4 | [64/604 (11%)]	Loss1: 5.839596 Loss2: 0.000020 
| Global Round : 46 | Client :6 | Local Epoch : 0 | [64/534 (12%)]	Loss1: 5.840569 Loss2: 0.000017 
| Global Round : 46 | Client :6 | Local Epoch : 1 | [64/534 (12%)]	Loss1: 5.841048 Loss2: 0.000010 
| Global Round : 46 | Client :6 | Local Epoch : 2 | [64/534 (12%)]	Loss1: 5.840223 Loss2: 0.000012 
| Global Round : 46 | Client :6 | Local Epoch : 3 | [64/534 (12%)]	Loss1: 5.841136 Loss2: 0.000012 
| Global Round : 46 | Client :6 | Local Epoch : 4 | [64/534 (12%)]	Loss1: 5.839200 Loss2: 0.000010 
| Global Round : 46 | Client :7 | Local Epoch : 0 | [64/824 (8%)]	Loss1: 5.838437 Loss2: 0.000022 
| Global Round : 46 | Client :7 | Local Epoch : 0 | [704/824 (92%)]	Loss1: 5.839954 Loss2: 0.000027 
| Global Round : 46 | Client :7 | Local Epoch : 1 | [64/824 (8%)]	Loss1: 5.840976 Loss2: 0.000023 
| Global Round : 46 | Client :7 | Local Epoch : 1 | [704/824 (92%)]	Loss1: 5.839512 Loss2: 0.000025 
| Global Round : 46 | Client :7 | Local Epoch : 2 | [64/824 (8%)]	Loss1: 5.839772 Loss2: 0.000028 
| Global Round : 46 | Client :7 | Local Epoch : 2 | [704/824 (92%)]	Loss1: 5.840176 Loss2: 0.000024 
| Global Round : 46 | Client :7 | Local Epoch : 3 | [64/824 (8%)]	Loss1: 5.840141 Loss2: 0.000029 
| Global Round : 46 | Client :7 | Local Epoch : 3 | [704/824 (92%)]	Loss1: 5.839750 Loss2: 0.000024 
| Global Round : 46 | Client :7 | Local Epoch : 4 | [64/824 (8%)]	Loss1: 5.841238 Loss2: 0.000026 
| Global Round : 46 | Client :7 | Local Epoch : 4 | [704/824 (92%)]	Loss1: 5.839645 Loss2: 0.000025 
| Global Round : 46 | Client :8 | Local Epoch : 0 | [64/714 (9%)]	Loss1: 5.839920 Loss2: 0.000021 
| Global Round : 46 | Client :8 | Local Epoch : 0 | [704/714 (100%)]	Loss1: 5.840688 Loss2: 0.000025 
| Global Round : 46 | Client :8 | Local Epoch : 1 | [64/714 (9%)]	Loss1: 5.840814 Loss2: 0.000019 
| Global Round : 46 | Client :8 | Local Epoch : 1 | [704/714 (100%)]	Loss1: 5.841191 Loss2: 0.000024 
| Global Round : 46 | Client :8 | Local Epoch : 2 | [64/714 (9%)]	Loss1: 5.840279 Loss2: 0.000015 
| Global Round : 46 | Client :8 | Local Epoch : 2 | [704/714 (100%)]	Loss1: 5.840771 Loss2: 0.000022 
| Global Round : 46 | Client :8 | Local Epoch : 3 | [64/714 (9%)]	Loss1: 5.840010 Loss2: 0.000016 
| Global Round : 46 | Client :8 | Local Epoch : 3 | [704/714 (100%)]	Loss1: 5.841103 Loss2: 0.000023 
| Global Round : 46 | Client :8 | Local Epoch : 4 | [64/714 (9%)]	Loss1: 5.840638 Loss2: 0.000017 
| Global Round : 46 | Client :8 | Local Epoch : 4 | [704/714 (100%)]	Loss1: 5.840832 Loss2: 0.000018 
| Global Round : 46 | Client :9 | Local Epoch : 0 | [64/607 (11%)]	Loss1: 5.840936 Loss2: 0.000014 
| Global Round : 46 | Client :9 | Local Epoch : 1 | [64/607 (11%)]	Loss1: 5.840183 Loss2: 0.000014 
| Global Round : 46 | Client :9 | Local Epoch : 2 | [64/607 (11%)]	Loss1: 5.840915 Loss2: 0.000016 
| Global Round : 46 | Client :9 | Local Epoch : 3 | [64/607 (11%)]	Loss1: 5.841377 Loss2: 0.000015 
| Global Round : 46 | Client :9 | Local Epoch : 4 | [64/607 (11%)]	Loss1: 5.842445 Loss2: 0.000013 
average loss:   5.838321581736615
average local test accuracy: 0.812109375
average global test accuracy:  0.630078125

 | Global Training Round : 47 |

xi_k [0.47581245 0.53254615 0.53253841 0.49473034 0.4908297  0.50780049
 0.51060585 0.49638564 0.52511618 0.50538381]
max_exp: -1.0
coe: 10
Regulation [0.8 0.8 0.8 0.8 0.8 0.8 0.8 0.8 0.8 0.8]
Solver status: optimal_inaccurate
b_new: [1. 1. 1. 1. 1. 1. 1. 1. 1. 1.]
Iter 0: obj=50.3175, best_obj=50.3175, ||b_new-b_prev||₂=2.846050
xi_k [0.47581245 0.53254615 0.53253841 0.49473034 0.4908297  0.50780049
 0.51060585 0.49638564 0.52511618 0.50538381]
max_exp: -1.0
coe: 10
Regulation [-1. -1. -1. -1. -1. -1. -1. -1. -1. -1.]
Solver status: optimal_inaccurate
b_new: [1. 1. 1. 1. 1. 1. 1. 1. 1. 1.]
Iter 1: obj=51.2175, best_obj=51.2175, ||b_new-b_prev||₂=0.000000
Converged.
Final b: [1. 1. 1. 1. 1. 1. 1. 1. 1. 1.]
<class 'numpy.ndarray'>
b_float: [1. 1. 1. 1. 1. 1. 1. 1. 1. 1.]
b: [1 1 1 1 1 1 1 1 1 1]
active_clients:  [0, 1, 2, 3, 4, 5, 6, 7, 8, 9]
Client 0's s_k are:[0 1 1 1 1 1 1 1 1 1]
Client 1's s_k are:[1 0 1 1 1 1 1 1 1 1]
Client 2's s_k are:[1 1 0 1 1 1 1 1 1 1]
Client 3's s_k are:[1 1 1 0 1 1 1 1 1 1]
Client 4's s_k are:[1 1 1 1 0 1 1 1 1 1]
Client 5's s_k are:[1 1 1 1 1 0 1 1 1 1]
Client 6's s_k are:[1 1 1 1 1 1 0 1 1 1]
Client 7's s_k are:[1 1 1 1 1 1 1 0 1 1]
Client 8's s_k are:[1 1 1 1 1 1 1 1 0 1]
Client 9's s_k are:[1 1 1 1 1 1 1 1 1 0]
| Global Round : 47 | Client :0 | Local Epoch : 0 | [64/573 (12%)]	Loss1: 5.839651 Loss2: 0.000024 
| Global Round : 47 | Client :0 | Local Epoch : 1 | [64/573 (12%)]	Loss1: 5.839804 Loss2: 0.000021 
| Global Round : 47 | Client :0 | Local Epoch : 2 | [64/573 (12%)]	Loss1: 5.839808 Loss2: 0.000022 
| Global Round : 47 | Client :0 | Local Epoch : 3 | [64/573 (12%)]	Loss1: 5.840646 Loss2: 0.000023 
| Global Round : 47 | Client :0 | Local Epoch : 4 | [64/573 (12%)]	Loss1: 5.839428 Loss2: 0.000020 
| Global Round : 47 | Client :1 | Local Epoch : 0 | [64/448 (14%)]	Loss1: 5.839737 Loss2: 0.000012 
| Global Round : 47 | Client :1 | Local Epoch : 1 | [64/448 (14%)]	Loss1: 5.840761 Loss2: 0.000014 
| Global Round : 47 | Client :1 | Local Epoch : 2 | [64/448 (14%)]	Loss1: 5.841642 Loss2: 0.000012 
| Global Round : 47 | Client :1 | Local Epoch : 3 | [64/448 (14%)]	Loss1: 5.840862 Loss2: 0.000017 
| Global Round : 47 | Client :1 | Local Epoch : 4 | [64/448 (14%)]	Loss1: 5.840393 Loss2: 0.000012 
| Global Round : 47 | Client :2 | Local Epoch : 0 | [64/448 (14%)]	Loss1: 5.839653 Loss2: 0.000013 
| Global Round : 47 | Client :2 | Local Epoch : 1 | [64/448 (14%)]	Loss1: 5.841084 Loss2: 0.000011 
| Global Round : 47 | Client :2 | Local Epoch : 2 | [64/448 (14%)]	Loss1: 5.840312 Loss2: 0.000013 
| Global Round : 47 | Client :2 | Local Epoch : 3 | [64/448 (14%)]	Loss1: 5.840072 Loss2: 0.000013 
| Global Round : 47 | Client :2 | Local Epoch : 4 | [64/448 (14%)]	Loss1: 5.839900 Loss2: 0.000012 
| Global Round : 47 | Client :3 | Local Epoch : 0 | [64/620 (11%)]	Loss1: 5.840131 Loss2: 0.000014 
| Global Round : 47 | Client :3 | Local Epoch : 1 | [64/620 (11%)]	Loss1: 5.841642 Loss2: 0.000011 
| Global Round : 47 | Client :3 | Local Epoch : 2 | [64/620 (11%)]	Loss1: 5.839795 Loss2: 0.000018 
| Global Round : 47 | Client :3 | Local Epoch : 3 | [64/620 (11%)]	Loss1: 5.839535 Loss2: 0.000012 
| Global Round : 47 | Client :3 | Local Epoch : 4 | [64/620 (11%)]	Loss1: 5.840047 Loss2: 0.000020 
| Global Round : 47 | Client :4 | Local Epoch : 0 | [64/625 (11%)]	Loss1: 5.839952 Loss2: 0.000019 
| Global Round : 47 | Client :4 | Local Epoch : 1 | [64/625 (11%)]	Loss1: 5.838922 Loss2: 0.000017 
| Global Round : 47 | Client :4 | Local Epoch : 2 | [64/625 (11%)]	Loss1: 5.839760 Loss2: 0.000020 
| Global Round : 47 | Client :4 | Local Epoch : 3 | [64/625 (11%)]	Loss1: 5.840225 Loss2: 0.000014 
| Global Round : 47 | Client :4 | Local Epoch : 4 | [64/625 (11%)]	Loss1: 5.839778 Loss2: 0.000017 
| Global Round : 47 | Client :5 | Local Epoch : 0 | [64/604 (11%)]	Loss1: 5.839039 Loss2: 0.000019 
| Global Round : 47 | Client :5 | Local Epoch : 1 | [64/604 (11%)]	Loss1: 5.840096 Loss2: 0.000019 
| Global Round : 47 | Client :5 | Local Epoch : 2 | [64/604 (11%)]	Loss1: 5.839223 Loss2: 0.000020 
| Global Round : 47 | Client :5 | Local Epoch : 3 | [64/604 (11%)]	Loss1: 5.839639 Loss2: 0.000018 
| Global Round : 47 | Client :5 | Local Epoch : 4 | [64/604 (11%)]	Loss1: 5.839614 Loss2: 0.000020 
| Global Round : 47 | Client :6 | Local Epoch : 0 | [64/534 (12%)]	Loss1: 5.842581 Loss2: 0.000011 
| Global Round : 47 | Client :6 | Local Epoch : 1 | [64/534 (12%)]	Loss1: 5.841266 Loss2: 0.000012 
| Global Round : 47 | Client :6 | Local Epoch : 2 | [64/534 (12%)]	Loss1: 5.839906 Loss2: 0.000015 
| Global Round : 47 | Client :6 | Local Epoch : 3 | [64/534 (12%)]	Loss1: 5.840714 Loss2: 0.000012 
| Global Round : 47 | Client :6 | Local Epoch : 4 | [64/534 (12%)]	Loss1: 5.841779 Loss2: 0.000012 
| Global Round : 47 | Client :7 | Local Epoch : 0 | [64/824 (8%)]	Loss1: 5.841207 Loss2: 0.000025 
| Global Round : 47 | Client :7 | Local Epoch : 0 | [704/824 (92%)]	Loss1: 5.840618 Loss2: 0.000028 
| Global Round : 47 | Client :7 | Local Epoch : 1 | [64/824 (8%)]	Loss1: 5.839607 Loss2: 0.000031 
| Global Round : 47 | Client :7 | Local Epoch : 1 | [704/824 (92%)]	Loss1: 5.839782 Loss2: 0.000025 
| Global Round : 47 | Client :7 | Local Epoch : 2 | [64/824 (8%)]	Loss1: 5.839027 Loss2: 0.000023 
| Global Round : 47 | Client :7 | Local Epoch : 2 | [704/824 (92%)]	Loss1: 5.840216 Loss2: 0.000028 
| Global Round : 47 | Client :7 | Local Epoch : 3 | [64/824 (8%)]	Loss1: 5.840435 Loss2: 0.000027 
| Global Round : 47 | Client :7 | Local Epoch : 3 | [704/824 (92%)]	Loss1: 5.840125 Loss2: 0.000021 
| Global Round : 47 | Client :7 | Local Epoch : 4 | [64/824 (8%)]	Loss1: 5.839699 Loss2: 0.000025 
| Global Round : 47 | Client :7 | Local Epoch : 4 | [704/824 (92%)]	Loss1: 5.839836 Loss2: 0.000029 
| Global Round : 47 | Client :8 | Local Epoch : 0 | [64/714 (9%)]	Loss1: 5.841337 Loss2: 0.000020 
| Global Round : 47 | Client :8 | Local Epoch : 0 | [704/714 (100%)]	Loss1: 5.841025 Loss2: 0.000021 
| Global Round : 47 | Client :8 | Local Epoch : 1 | [64/714 (9%)]	Loss1: 5.841451 Loss2: 0.000014 
| Global Round : 47 | Client :8 | Local Epoch : 1 | [704/714 (100%)]	Loss1: 5.840814 Loss2: 0.000022 
| Global Round : 47 | Client :8 | Local Epoch : 2 | [64/714 (9%)]	Loss1: 5.840658 Loss2: 0.000018 
| Global Round : 47 | Client :8 | Local Epoch : 2 | [704/714 (100%)]	Loss1: 5.842061 Loss2: 0.000018 
| Global Round : 47 | Client :8 | Local Epoch : 3 | [64/714 (9%)]	Loss1: 5.840898 Loss2: 0.000019 
| Global Round : 47 | Client :8 | Local Epoch : 3 | [704/714 (100%)]	Loss1: 5.840199 Loss2: 0.000019 
| Global Round : 47 | Client :8 | Local Epoch : 4 | [64/714 (9%)]	Loss1: 5.840941 Loss2: 0.000014 
| Global Round : 47 | Client :8 | Local Epoch : 4 | [704/714 (100%)]	Loss1: 5.840493 Loss2: 0.000018 
| Global Round : 47 | Client :9 | Local Epoch : 0 | [64/607 (11%)]	Loss1: 5.841152 Loss2: 0.000015 
| Global Round : 47 | Client :9 | Local Epoch : 1 | [64/607 (11%)]	Loss1: 5.840953 Loss2: 0.000016 
| Global Round : 47 | Client :9 | Local Epoch : 2 | [64/607 (11%)]	Loss1: 5.842257 Loss2: 0.000013 
| Global Round : 47 | Client :9 | Local Epoch : 3 | [64/607 (11%)]	Loss1: 5.840758 Loss2: 0.000015 
| Global Round : 47 | Client :9 | Local Epoch : 4 | [64/607 (11%)]	Loss1: 5.839990 Loss2: 0.000012 
average loss:   5.83832184540761
average local test accuracy: 0.813671875
average global test accuracy:  0.634765625

 | Global Training Round : 48 |

xi_k [0.47582303 0.53252397 0.53254453 0.49474055 0.49081177 0.50778899
 0.51060926 0.49638657 0.52512267 0.50540066]
max_exp: -1.0
coe: 10
Regulation [0.8 0.8 0.8 0.8 0.8 0.8 0.8 0.8 0.8 0.8]
Solver status: optimal_inaccurate
b_new: [1. 1. 1. 1. 1. 1. 1. 1. 1. 1.]
Iter 0: obj=50.3175, best_obj=50.3175, ||b_new-b_prev||₂=2.846050
xi_k [0.47582303 0.53252397 0.53254453 0.49474055 0.49081177 0.50778899
 0.51060926 0.49638657 0.52512267 0.50540066]
max_exp: -1.0
coe: 10
Regulation [-1. -1. -1. -1. -1. -1. -1. -1. -1. -1.]
Solver status: optimal_inaccurate
b_new: [1. 1. 1. 1. 1. 1. 1. 1. 1. 1.]
Iter 1: obj=51.2175, best_obj=51.2175, ||b_new-b_prev||₂=0.000000
Converged.
Final b: [1. 1. 1. 1. 1. 1. 1. 1. 1. 1.]
<class 'numpy.ndarray'>
b_float: [1. 1. 1. 1. 1. 1. 1. 1. 1. 1.]
b: [1 1 1 1 1 1 1 1 1 1]
active_clients:  [0, 1, 2, 3, 4, 5, 6, 7, 8, 9]
Client 0's s_k are:[0 1 1 1 1 1 1 1 1 1]
Client 1's s_k are:[1 0 1 1 1 1 1 1 1 1]
Client 2's s_k are:[1 1 0 1 1 1 1 1 1 1]
Client 3's s_k are:[1 1 1 0 1 1 1 1 1 1]
Client 4's s_k are:[1 1 1 1 0 1 1 1 1 1]
Client 5's s_k are:[1 1 1 1 1 0 1 1 1 1]
Client 6's s_k are:[1 1 1 1 1 1 0 1 1 1]
Client 7's s_k are:[1 1 1 1 1 1 1 0 1 1]
Client 8's s_k are:[1 1 1 1 1 1 1 1 0 1]
Client 9's s_k are:[1 1 1 1 1 1 1 1 1 0]
| Global Round : 48 | Client :0 | Local Epoch : 0 | [64/573 (12%)]	Loss1: 5.839514 Loss2: 0.000019 
| Global Round : 48 | Client :0 | Local Epoch : 1 | [64/573 (12%)]	Loss1: 5.840412 Loss2: 0.000020 
| Global Round : 48 | Client :0 | Local Epoch : 2 | [64/573 (12%)]	Loss1: 5.839756 Loss2: 0.000020 
| Global Round : 48 | Client :0 | Local Epoch : 3 | [64/573 (12%)]	Loss1: 5.839143 Loss2: 0.000023 
| Global Round : 48 | Client :0 | Local Epoch : 4 | [64/573 (12%)]	Loss1: 5.838617 Loss2: 0.000021 
| Global Round : 48 | Client :1 | Local Epoch : 0 | [64/448 (14%)]	Loss1: 5.840936 Loss2: 0.000017 
| Global Round : 48 | Client :1 | Local Epoch : 1 | [64/448 (14%)]	Loss1: 5.840367 Loss2: 0.000010 
| Global Round : 48 | Client :1 | Local Epoch : 2 | [64/448 (14%)]	Loss1: 5.840158 Loss2: 0.000011 
| Global Round : 48 | Client :1 | Local Epoch : 3 | [64/448 (14%)]	Loss1: 5.839954 Loss2: 0.000012 
| Global Round : 48 | Client :1 | Local Epoch : 4 | [64/448 (14%)]	Loss1: 5.840825 Loss2: 0.000010 
| Global Round : 48 | Client :2 | Local Epoch : 0 | [64/448 (14%)]	Loss1: 5.839345 Loss2: 0.000011 
| Global Round : 48 | Client :2 | Local Epoch : 1 | [64/448 (14%)]	Loss1: 5.840623 Loss2: 0.000014 
| Global Round : 48 | Client :2 | Local Epoch : 2 | [64/448 (14%)]	Loss1: 5.840079 Loss2: 0.000017 
| Global Round : 48 | Client :2 | Local Epoch : 3 | [64/448 (14%)]	Loss1: 5.840827 Loss2: 0.000013 
| Global Round : 48 | Client :2 | Local Epoch : 4 | [64/448 (14%)]	Loss1: 5.841346 Loss2: 0.000012 
| Global Round : 48 | Client :3 | Local Epoch : 0 | [64/620 (11%)]	Loss1: 5.839899 Loss2: 0.000012 
| Global Round : 48 | Client :3 | Local Epoch : 1 | [64/620 (11%)]	Loss1: 5.839915 Loss2: 0.000013 
| Global Round : 48 | Client :3 | Local Epoch : 2 | [64/620 (11%)]	Loss1: 5.841429 Loss2: 0.000014 
| Global Round : 48 | Client :3 | Local Epoch : 3 | [64/620 (11%)]	Loss1: 5.840783 Loss2: 0.000015 
| Global Round : 48 | Client :3 | Local Epoch : 4 | [64/620 (11%)]	Loss1: 5.840349 Loss2: 0.000016 
| Global Round : 48 | Client :4 | Local Epoch : 0 | [64/625 (11%)]	Loss1: 5.840913 Loss2: 0.000016 
| Global Round : 48 | Client :4 | Local Epoch : 1 | [64/625 (11%)]	Loss1: 5.840780 Loss2: 0.000021 
| Global Round : 48 | Client :4 | Local Epoch : 2 | [64/625 (11%)]	Loss1: 5.840856 Loss2: 0.000019 
| Global Round : 48 | Client :4 | Local Epoch : 3 | [64/625 (11%)]	Loss1: 5.839686 Loss2: 0.000018 
| Global Round : 48 | Client :4 | Local Epoch : 4 | [64/625 (11%)]	Loss1: 5.840029 Loss2: 0.000017 
| Global Round : 48 | Client :5 | Local Epoch : 0 | [64/604 (11%)]	Loss1: 5.839571 Loss2: 0.000019 
| Global Round : 48 | Client :5 | Local Epoch : 1 | [64/604 (11%)]	Loss1: 5.840449 Loss2: 0.000018 
| Global Round : 48 | Client :5 | Local Epoch : 2 | [64/604 (11%)]	Loss1: 5.839750 Loss2: 0.000019 
| Global Round : 48 | Client :5 | Local Epoch : 3 | [64/604 (11%)]	Loss1: 5.839401 Loss2: 0.000017 
| Global Round : 48 | Client :5 | Local Epoch : 4 | [64/604 (11%)]	Loss1: 5.839945 Loss2: 0.000016 
| Global Round : 48 | Client :6 | Local Epoch : 0 | [64/534 (12%)]	Loss1: 5.841357 Loss2: 0.000013 
| Global Round : 48 | Client :6 | Local Epoch : 1 | [64/534 (12%)]	Loss1: 5.840497 Loss2: 0.000012 
| Global Round : 48 | Client :6 | Local Epoch : 2 | [64/534 (12%)]	Loss1: 5.840865 Loss2: 0.000013 
| Global Round : 48 | Client :6 | Local Epoch : 3 | [64/534 (12%)]	Loss1: 5.840014 Loss2: 0.000013 
| Global Round : 48 | Client :6 | Local Epoch : 4 | [64/534 (12%)]	Loss1: 5.840343 Loss2: 0.000010 
| Global Round : 48 | Client :7 | Local Epoch : 0 | [64/824 (8%)]	Loss1: 5.839476 Loss2: 0.000027 
| Global Round : 48 | Client :7 | Local Epoch : 0 | [704/824 (92%)]	Loss1: 5.839944 Loss2: 0.000027 
| Global Round : 48 | Client :7 | Local Epoch : 1 | [64/824 (8%)]	Loss1: 5.839678 Loss2: 0.000034 
| Global Round : 48 | Client :7 | Local Epoch : 1 | [704/824 (92%)]	Loss1: 5.839826 Loss2: 0.000024 
| Global Round : 48 | Client :7 | Local Epoch : 2 | [64/824 (8%)]	Loss1: 5.840270 Loss2: 0.000022 
| Global Round : 48 | Client :7 | Local Epoch : 2 | [704/824 (92%)]	Loss1: 5.839284 Loss2: 0.000028 
| Global Round : 48 | Client :7 | Local Epoch : 3 | [64/824 (8%)]	Loss1: 5.839544 Loss2: 0.000028 
| Global Round : 48 | Client :7 | Local Epoch : 3 | [704/824 (92%)]	Loss1: 5.839864 Loss2: 0.000029 
| Global Round : 48 | Client :7 | Local Epoch : 4 | [64/824 (8%)]	Loss1: 5.840053 Loss2: 0.000026 
| Global Round : 48 | Client :7 | Local Epoch : 4 | [704/824 (92%)]	Loss1: 5.838842 Loss2: 0.000028 
| Global Round : 48 | Client :8 | Local Epoch : 0 | [64/714 (9%)]	Loss1: 5.840651 Loss2: 0.000019 
| Global Round : 48 | Client :8 | Local Epoch : 0 | [704/714 (100%)]	Loss1: 5.840111 Loss2: 0.000018 
| Global Round : 48 | Client :8 | Local Epoch : 1 | [64/714 (9%)]	Loss1: 5.840148 Loss2: 0.000019 
| Global Round : 48 | Client :8 | Local Epoch : 1 | [704/714 (100%)]	Loss1: 5.841423 Loss2: 0.000019 
| Global Round : 48 | Client :8 | Local Epoch : 2 | [64/714 (9%)]	Loss1: 5.840173 Loss2: 0.000015 
| Global Round : 48 | Client :8 | Local Epoch : 2 | [704/714 (100%)]	Loss1: 5.839571 Loss2: 0.000020 
| Global Round : 48 | Client :8 | Local Epoch : 3 | [64/714 (9%)]	Loss1: 5.840596 Loss2: 0.000017 
| Global Round : 48 | Client :8 | Local Epoch : 3 | [704/714 (100%)]	Loss1: 5.840369 Loss2: 0.000020 
| Global Round : 48 | Client :8 | Local Epoch : 4 | [64/714 (9%)]	Loss1: 5.840776 Loss2: 0.000013 
| Global Round : 48 | Client :8 | Local Epoch : 4 | [704/714 (100%)]	Loss1: 5.840332 Loss2: 0.000022 
| Global Round : 48 | Client :9 | Local Epoch : 0 | [64/607 (11%)]	Loss1: 5.841836 Loss2: 0.000014 
| Global Round : 48 | Client :9 | Local Epoch : 1 | [64/607 (11%)]	Loss1: 5.839642 Loss2: 0.000017 
| Global Round : 48 | Client :9 | Local Epoch : 2 | [64/607 (11%)]	Loss1: 5.840789 Loss2: 0.000014 
| Global Round : 48 | Client :9 | Local Epoch : 3 | [64/607 (11%)]	Loss1: 5.839663 Loss2: 0.000015 
| Global Round : 48 | Client :9 | Local Epoch : 4 | [64/607 (11%)]	Loss1: 5.840422 Loss2: 0.000011 
average loss:   5.838279322834756
average local test accuracy: 0.8231770833333334
average global test accuracy:  0.58984375

 | Global Training Round : 49 |

xi_k [0.4758211  0.53252462 0.53253602 0.4947336  0.49078135 0.50780092
 0.51058721 0.49637067 0.52512407 0.50536767]
max_exp: -1.0
coe: 10
Regulation [0.8 0.8 0.8 0.8 0.8 0.8 0.8 0.8 0.8 0.8]
Solver status: optimal_inaccurate
b_new: [1. 1. 1. 1. 1. 1. 1. 1. 1. 1.]
Iter 0: obj=50.3165, best_obj=50.3165, ||b_new-b_prev||₂=2.846050
xi_k [0.4758211  0.53252462 0.53253602 0.4947336  0.49078135 0.50780092
 0.51058721 0.49637067 0.52512407 0.50536767]
max_exp: -1.0
coe: 10
Regulation [-1. -1. -1. -1. -1. -1. -1. -1. -1. -1.]
Solver status: optimal_inaccurate
b_new: [1. 1. 1. 1. 1. 1. 1. 1. 1. 1.]
Iter 1: obj=51.2165, best_obj=51.2165, ||b_new-b_prev||₂=0.000000
Converged.
Final b: [1. 1. 1. 1. 1. 1. 1. 1. 1. 1.]
<class 'numpy.ndarray'>
b_float: [1. 1. 1. 1. 1. 1. 1. 1. 1. 1.]
b: [1 1 1 1 1 1 1 1 1 1]
active_clients:  [0, 1, 2, 3, 4, 5, 6, 7, 8, 9]
Client 0's s_k are:[0 1 1 1 1 1 1 1 1 1]
Client 1's s_k are:[1 0 1 1 1 1 1 1 1 1]
Client 2's s_k are:[1 1 0 1 1 1 1 1 1 1]
Client 3's s_k are:[1 1 1 0 1 1 1 1 1 1]
Client 4's s_k are:[1 1 1 1 0 1 1 1 1 1]
Client 5's s_k are:[1 1 1 1 1 0 1 1 1 1]
Client 6's s_k are:[1 1 1 1 1 1 0 1 1 1]
Client 7's s_k are:[1 1 1 1 1 1 1 0 1 1]
Client 8's s_k are:[1 1 1 1 1 1 1 1 0 1]
Client 9's s_k are:[1 1 1 1 1 1 1 1 1 0]
| Global Round : 49 | Client :0 | Local Epoch : 0 | [64/573 (12%)]	Loss1: 5.840240 Loss2: 0.000020 
| Global Round : 49 | Client :0 | Local Epoch : 1 | [64/573 (12%)]	Loss1: 5.839443 Loss2: 0.000019 
| Global Round : 49 | Client :0 | Local Epoch : 2 | [64/573 (12%)]	Loss1: 5.839674 Loss2: 0.000022 
| Global Round : 49 | Client :0 | Local Epoch : 3 | [64/573 (12%)]	Loss1: 5.839574 Loss2: 0.000022 
| Global Round : 49 | Client :0 | Local Epoch : 4 | [64/573 (12%)]	Loss1: 5.838876 Loss2: 0.000021 
| Global Round : 49 | Client :1 | Local Epoch : 0 | [64/448 (14%)]	Loss1: 5.841333 Loss2: 0.000014 
| Global Round : 49 | Client :1 | Local Epoch : 1 | [64/448 (14%)]	Loss1: 5.841114 Loss2: 0.000013 
| Global Round : 49 | Client :1 | Local Epoch : 2 | [64/448 (14%)]	Loss1: 5.841289 Loss2: 0.000013 
| Global Round : 49 | Client :1 | Local Epoch : 3 | [64/448 (14%)]	Loss1: 5.840508 Loss2: 0.000011 
| Global Round : 49 | Client :1 | Local Epoch : 4 | [64/448 (14%)]	Loss1: 5.840779 Loss2: 0.000015 
| Global Round : 49 | Client :2 | Local Epoch : 0 | [64/448 (14%)]	Loss1: 5.841336 Loss2: 0.000012 
| Global Round : 49 | Client :2 | Local Epoch : 1 | [64/448 (14%)]	Loss1: 5.840538 Loss2: 0.000015 
| Global Round : 49 | Client :2 | Local Epoch : 2 | [64/448 (14%)]	Loss1: 5.840900 Loss2: 0.000011 
| Global Round : 49 | Client :2 | Local Epoch : 3 | [64/448 (14%)]	Loss1: 5.841302 Loss2: 0.000013 
| Global Round : 49 | Client :2 | Local Epoch : 4 | [64/448 (14%)]	Loss1: 5.840575 Loss2: 0.000015 
| Global Round : 49 | Client :3 | Local Epoch : 0 | [64/620 (11%)]	Loss1: 5.840279 Loss2: 0.000013 
| Global Round : 49 | Client :3 | Local Epoch : 1 | [64/620 (11%)]	Loss1: 5.840950 Loss2: 0.000010 
| Global Round : 49 | Client :3 | Local Epoch : 2 | [64/620 (11%)]	Loss1: 5.840346 Loss2: 0.000012 
| Global Round : 49 | Client :3 | Local Epoch : 3 | [64/620 (11%)]	Loss1: 5.841197 Loss2: 0.000014 
| Global Round : 49 | Client :3 | Local Epoch : 4 | [64/620 (11%)]	Loss1: 5.840582 Loss2: 0.000012 
| Global Round : 49 | Client :4 | Local Epoch : 0 | [64/625 (11%)]	Loss1: 5.840366 Loss2: 0.000016 
| Global Round : 49 | Client :4 | Local Epoch : 1 | [64/625 (11%)]	Loss1: 5.840748 Loss2: 0.000014 
| Global Round : 49 | Client :4 | Local Epoch : 2 | [64/625 (11%)]	Loss1: 5.840248 Loss2: 0.000017 
| Global Round : 49 | Client :4 | Local Epoch : 3 | [64/625 (11%)]	Loss1: 5.839481 Loss2: 0.000025 
| Global Round : 49 | Client :4 | Local Epoch : 4 | [64/625 (11%)]	Loss1: 5.840600 Loss2: 0.000018 
| Global Round : 49 | Client :5 | Local Epoch : 0 | [64/604 (11%)]	Loss1: 5.840180 Loss2: 0.000020 
| Global Round : 49 | Client :5 | Local Epoch : 1 | [64/604 (11%)]	Loss1: 5.840497 Loss2: 0.000017 
| Global Round : 49 | Client :5 | Local Epoch : 2 | [64/604 (11%)]	Loss1: 5.839980 Loss2: 0.000017 
| Global Round : 49 | Client :5 | Local Epoch : 3 | [64/604 (11%)]	Loss1: 5.839102 Loss2: 0.000019 
| Global Round : 49 | Client :5 | Local Epoch : 4 | [64/604 (11%)]	Loss1: 5.839064 Loss2: 0.000018 
| Global Round : 49 | Client :6 | Local Epoch : 0 | [64/534 (12%)]	Loss1: 5.840753 Loss2: 0.000012 
| Global Round : 49 | Client :6 | Local Epoch : 1 | [64/534 (12%)]	Loss1: 5.840572 Loss2: 0.000014 
| Global Round : 49 | Client :6 | Local Epoch : 2 | [64/534 (12%)]	Loss1: 5.841998 Loss2: 0.000012 
| Global Round : 49 | Client :6 | Local Epoch : 3 | [64/534 (12%)]	Loss1: 5.840742 Loss2: 0.000014 
| Global Round : 49 | Client :6 | Local Epoch : 4 | [64/534 (12%)]	Loss1: 5.840160 Loss2: 0.000011 
| Global Round : 49 | Client :7 | Local Epoch : 0 | [64/824 (8%)]	Loss1: 5.839972 Loss2: 0.000029 
| Global Round : 49 | Client :7 | Local Epoch : 0 | [704/824 (92%)]	Loss1: 5.840061 Loss2: 0.000026 
| Global Round : 49 | Client :7 | Local Epoch : 1 | [64/824 (8%)]	Loss1: 5.839517 Loss2: 0.000024 
| Global Round : 49 | Client :7 | Local Epoch : 1 | [704/824 (92%)]	Loss1: 5.839836 Loss2: 0.000030 
| Global Round : 49 | Client :7 | Local Epoch : 2 | [64/824 (8%)]	Loss1: 5.840215 Loss2: 0.000029 
| Global Round : 49 | Client :7 | Local Epoch : 2 | [704/824 (92%)]	Loss1: 5.840898 Loss2: 0.000024 
| Global Round : 49 | Client :7 | Local Epoch : 3 | [64/824 (8%)]	Loss1: 5.839815 Loss2: 0.000029 
| Global Round : 49 | Client :7 | Local Epoch : 3 | [704/824 (92%)]	Loss1: 5.839362 Loss2: 0.000027 
| Global Round : 49 | Client :7 | Local Epoch : 4 | [64/824 (8%)]	Loss1: 5.840993 Loss2: 0.000024 
| Global Round : 49 | Client :7 | Local Epoch : 4 | [704/824 (92%)]	Loss1: 5.839299 Loss2: 0.000024 
| Global Round : 49 | Client :8 | Local Epoch : 0 | [64/714 (9%)]	Loss1: 5.841043 Loss2: 0.000018 
| Global Round : 49 | Client :8 | Local Epoch : 0 | [704/714 (100%)]	Loss1: 5.841367 Loss2: 0.000021 
| Global Round : 49 | Client :8 | Local Epoch : 1 | [64/714 (9%)]	Loss1: 5.840709 Loss2: 0.000017 
| Global Round : 49 | Client :8 | Local Epoch : 1 | [704/714 (100%)]	Loss1: 5.842134 Loss2: 0.000019 
| Global Round : 49 | Client :8 | Local Epoch : 2 | [64/714 (9%)]	Loss1: 5.840408 Loss2: 0.000015 
| Global Round : 49 | Client :8 | Local Epoch : 2 | [704/714 (100%)]	Loss1: 5.840906 Loss2: 0.000018 
| Global Round : 49 | Client :8 | Local Epoch : 3 | [64/714 (9%)]	Loss1: 5.840791 Loss2: 0.000015 
| Global Round : 49 | Client :8 | Local Epoch : 3 | [704/714 (100%)]	Loss1: 5.839665 Loss2: 0.000024 
| Global Round : 49 | Client :8 | Local Epoch : 4 | [64/714 (9%)]	Loss1: 5.840144 Loss2: 0.000016 
| Global Round : 49 | Client :8 | Local Epoch : 4 | [704/714 (100%)]	Loss1: 5.840585 Loss2: 0.000017 
| Global Round : 49 | Client :9 | Local Epoch : 0 | [64/607 (11%)]	Loss1: 5.840684 Loss2: 0.000014 
| Global Round : 49 | Client :9 | Local Epoch : 1 | [64/607 (11%)]	Loss1: 5.840920 Loss2: 0.000018 
| Global Round : 49 | Client :9 | Local Epoch : 2 | [64/607 (11%)]	Loss1: 5.841246 Loss2: 0.000013 
| Global Round : 49 | Client :9 | Local Epoch : 3 | [64/607 (11%)]	Loss1: 5.841414 Loss2: 0.000013 
| Global Round : 49 | Client :9 | Local Epoch : 4 | [64/607 (11%)]	Loss1: 5.840679 Loss2: 0.000013 
average loss:   5.838234669271141
average local test accuracy: 0.8208333333333334
average global test accuracy:  0.603125

 | Global Training Round : 50 |

xi_k [0.4758045  0.53254511 0.53253304 0.49472013 0.49079285 0.50779267
 0.51057987 0.49638754 0.52511266 0.50538332]
max_exp: -1.0
coe: 10
Regulation [0.8 0.8 0.8 0.8 0.8 0.8 0.8 0.8 0.8 0.8]
Solver status: optimal_inaccurate
b_new: [1. 1. 1. 1. 1. 1. 1. 1. 1. 1.]
Iter 0: obj=50.3165, best_obj=50.3165, ||b_new-b_prev||₂=2.846050
xi_k [0.4758045  0.53254511 0.53253304 0.49472013 0.49079285 0.50779267
 0.51057987 0.49638754 0.52511266 0.50538332]
max_exp: -1.0
coe: 10
Regulation [-1. -1. -1. -1. -1. -1. -1. -1. -1. -1.]
Solver status: optimal_inaccurate
b_new: [1. 1. 1. 1. 1. 1. 1. 1. 1. 1.]
Iter 1: obj=51.2165, best_obj=51.2165, ||b_new-b_prev||₂=0.000000
Converged.
Final b: [1. 1. 1. 1. 1. 1. 1. 1. 1. 1.]
<class 'numpy.ndarray'>
b_float: [1. 1. 1. 1. 1. 1. 1. 1. 1. 1.]
b: [1 1 1 1 1 1 1 1 1 1]
active_clients:  [0, 1, 2, 3, 4, 5, 6, 7, 8, 9]
Client 0's s_k are:[0 1 1 1 1 1 1 1 1 1]
Client 1's s_k are:[1 0 1 1 1 1 1 1 1 1]
Client 2's s_k are:[1 1 0 1 1 1 1 1 1 1]
Client 3's s_k are:[1 1 1 0 1 1 1 1 1 1]
Client 4's s_k are:[1 1 1 1 0 1 1 1 1 1]
Client 5's s_k are:[1 1 1 1 1 0 1 1 1 1]
Client 6's s_k are:[1 1 1 1 1 1 0 1 1 1]
Client 7's s_k are:[1 1 1 1 1 1 1 0 1 1]
Client 8's s_k are:[1 1 1 1 1 1 1 1 0 1]
Client 9's s_k are:[1 1 1 1 1 1 1 1 1 0]
| Global Round : 50 | Client :0 | Local Epoch : 0 | [64/573 (12%)]	Loss1: 5.839554 Loss2: 0.000024 
| Global Round : 50 | Client :0 | Local Epoch : 1 | [64/573 (12%)]	Loss1: 5.839372 Loss2: 0.000021 
| Global Round : 50 | Client :0 | Local Epoch : 2 | [64/573 (12%)]	Loss1: 5.840049 Loss2: 0.000023 
| Global Round : 50 | Client :0 | Local Epoch : 3 | [64/573 (12%)]	Loss1: 5.839097 Loss2: 0.000022 
| Global Round : 50 | Client :0 | Local Epoch : 4 | [64/573 (12%)]	Loss1: 5.840540 Loss2: 0.000021 
| Global Round : 50 | Client :1 | Local Epoch : 0 | [64/448 (14%)]	Loss1: 5.841126 Loss2: 0.000015 
| Global Round : 50 | Client :1 | Local Epoch : 1 | [64/448 (14%)]	Loss1: 5.840987 Loss2: 0.000015 
| Global Round : 50 | Client :1 | Local Epoch : 2 | [64/448 (14%)]	Loss1: 5.840186 Loss2: 0.000010 
| Global Round : 50 | Client :1 | Local Epoch : 3 | [64/448 (14%)]	Loss1: 5.840412 Loss2: 0.000010 
| Global Round : 50 | Client :1 | Local Epoch : 4 | [64/448 (14%)]	Loss1: 5.840244 Loss2: 0.000013 
| Global Round : 50 | Client :2 | Local Epoch : 0 | [64/448 (14%)]	Loss1: 5.840377 Loss2: 0.000016 
| Global Round : 50 | Client :2 | Local Epoch : 1 | [64/448 (14%)]	Loss1: 5.839905 Loss2: 0.000010 
| Global Round : 50 | Client :2 | Local Epoch : 2 | [64/448 (14%)]	Loss1: 5.842378 Loss2: 0.000010 
| Global Round : 50 | Client :2 | Local Epoch : 3 | [64/448 (14%)]	Loss1: 5.839792 Loss2: 0.000014 
| Global Round : 50 | Client :2 | Local Epoch : 4 | [64/448 (14%)]	Loss1: 5.841329 Loss2: 0.000009 
| Global Round : 50 | Client :3 | Local Epoch : 0 | [64/620 (11%)]	Loss1: 5.839520 Loss2: 0.000014 
| Global Round : 50 | Client :3 | Local Epoch : 1 | [64/620 (11%)]	Loss1: 5.839014 Loss2: 0.000015 
| Global Round : 50 | Client :3 | Local Epoch : 2 | [64/620 (11%)]	Loss1: 5.839553 Loss2: 0.000014 
| Global Round : 50 | Client :3 | Local Epoch : 3 | [64/620 (11%)]	Loss1: 5.840683 Loss2: 0.000010 
| Global Round : 50 | Client :3 | Local Epoch : 4 | [64/620 (11%)]	Loss1: 5.839610 Loss2: 0.000014 
| Global Round : 50 | Client :4 | Local Epoch : 0 | [64/625 (11%)]	Loss1: 5.841457 Loss2: 0.000023 
| Global Round : 50 | Client :4 | Local Epoch : 1 | [64/625 (11%)]	Loss1: 5.841412 Loss2: 0.000017 
| Global Round : 50 | Client :4 | Local Epoch : 2 | [64/625 (11%)]	Loss1: 5.841351 Loss2: 0.000017 
| Global Round : 50 | Client :4 | Local Epoch : 3 | [64/625 (11%)]	Loss1: 5.840745 Loss2: 0.000016 
| Global Round : 50 | Client :4 | Local Epoch : 4 | [64/625 (11%)]	Loss1: 5.839665 Loss2: 0.000020 
| Global Round : 50 | Client :5 | Local Epoch : 0 | [64/604 (11%)]	Loss1: 5.838848 Loss2: 0.000019 
| Global Round : 50 | Client :5 | Local Epoch : 1 | [64/604 (11%)]	Loss1: 5.839533 Loss2: 0.000017 
| Global Round : 50 | Client :5 | Local Epoch : 2 | [64/604 (11%)]	Loss1: 5.840248 Loss2: 0.000018 
| Global Round : 50 | Client :5 | Local Epoch : 3 | [64/604 (11%)]	Loss1: 5.838881 Loss2: 0.000019 
| Global Round : 50 | Client :5 | Local Epoch : 4 | [64/604 (11%)]	Loss1: 5.839603 Loss2: 0.000019 
| Global Round : 50 | Client :6 | Local Epoch : 0 | [64/534 (12%)]	Loss1: 5.841449 Loss2: 0.000010 
| Global Round : 50 | Client :6 | Local Epoch : 1 | [64/534 (12%)]	Loss1: 5.840017 Loss2: 0.000013 
| Global Round : 50 | Client :6 | Local Epoch : 2 | [64/534 (12%)]	Loss1: 5.841228 Loss2: 0.000013 
| Global Round : 50 | Client :6 | Local Epoch : 3 | [64/534 (12%)]	Loss1: 5.840210 Loss2: 0.000013 
| Global Round : 50 | Client :6 | Local Epoch : 4 | [64/534 (12%)]	Loss1: 5.840572 Loss2: 0.000012 
| Global Round : 50 | Client :7 | Local Epoch : 0 | [64/824 (8%)]	Loss1: 5.839702 Loss2: 0.000021 
| Global Round : 50 | Client :7 | Local Epoch : 0 | [704/824 (92%)]	Loss1: 5.838724 Loss2: 0.000026 
| Global Round : 50 | Client :7 | Local Epoch : 1 | [64/824 (8%)]	Loss1: 5.840359 Loss2: 0.000026 
| Global Round : 50 | Client :7 | Local Epoch : 1 | [704/824 (92%)]	Loss1: 5.839273 Loss2: 0.000023 
| Global Round : 50 | Client :7 | Local Epoch : 2 | [64/824 (8%)]	Loss1: 5.839729 Loss2: 0.000024 
| Global Round : 50 | Client :7 | Local Epoch : 2 | [704/824 (92%)]	Loss1: 5.840108 Loss2: 0.000025 
| Global Round : 50 | Client :7 | Local Epoch : 3 | [64/824 (8%)]	Loss1: 5.841085 Loss2: 0.000027 
| Global Round : 50 | Client :7 | Local Epoch : 3 | [704/824 (92%)]	Loss1: 5.840408 Loss2: 0.000024 
| Global Round : 50 | Client :7 | Local Epoch : 4 | [64/824 (8%)]	Loss1: 5.840733 Loss2: 0.000023 
| Global Round : 50 | Client :7 | Local Epoch : 4 | [704/824 (92%)]	Loss1: 5.839512 Loss2: 0.000028 
| Global Round : 50 | Client :8 | Local Epoch : 0 | [64/714 (9%)]	Loss1: 5.840687 Loss2: 0.000015 
| Global Round : 50 | Client :8 | Local Epoch : 0 | [704/714 (100%)]	Loss1: 5.840016 Loss2: 0.000021 
| Global Round : 50 | Client :8 | Local Epoch : 1 | [64/714 (9%)]	Loss1: 5.839829 Loss2: 0.000016 
| Global Round : 50 | Client :8 | Local Epoch : 1 | [704/714 (100%)]	Loss1: 5.840261 Loss2: 0.000027 
| Global Round : 50 | Client :8 | Local Epoch : 2 | [64/714 (9%)]	Loss1: 5.840763 Loss2: 0.000013 
| Global Round : 50 | Client :8 | Local Epoch : 2 | [704/714 (100%)]	Loss1: 5.840846 Loss2: 0.000019 
| Global Round : 50 | Client :8 | Local Epoch : 3 | [64/714 (9%)]	Loss1: 5.840605 Loss2: 0.000015 
| Global Round : 50 | Client :8 | Local Epoch : 3 | [704/714 (100%)]	Loss1: 5.840739 Loss2: 0.000028 
| Global Round : 50 | Client :8 | Local Epoch : 4 | [64/714 (9%)]	Loss1: 5.839810 Loss2: 0.000016 
| Global Round : 50 | Client :8 | Local Epoch : 4 | [704/714 (100%)]	Loss1: 5.839903 Loss2: 0.000019 
| Global Round : 50 | Client :9 | Local Epoch : 0 | [64/607 (11%)]	Loss1: 5.839674 Loss2: 0.000015 
| Global Round : 50 | Client :9 | Local Epoch : 1 | [64/607 (11%)]	Loss1: 5.840736 Loss2: 0.000013 
| Global Round : 50 | Client :9 | Local Epoch : 2 | [64/607 (11%)]	Loss1: 5.840899 Loss2: 0.000012 
| Global Round : 50 | Client :9 | Local Epoch : 3 | [64/607 (11%)]	Loss1: 5.840484 Loss2: 0.000016 
| Global Round : 50 | Client :9 | Local Epoch : 4 | [64/607 (11%)]	Loss1: 5.840663 Loss2: 0.000014 
/home/gyh/anaconda3/envs/pt_38py_env/lib/python3.8/site-packages/torch/distributed/distributed_c10d.py:151: UserWarning: torch.distributed.reduce_op is deprecated, please use torch.distributed.ReduceOp instead
  warnings.warn("torch.distributed.reduce_op is deprecated, please use "
average loss:   5.838286414531746
average local test accuracy: 0.8225260416666667
average global test accuracy:  0.625390625
Figures plotted successfully.
Training is completed.
running time: 12416.90569806099 s 

Storage on cpu
-------------------------------------------------------------------------------
Total Tensors: 55285948 	Used Memory: 54.15M
-------------------------------------------------------------------------------

Storage on cuda:0
-------------------------------------------------------------------------------
Total Tensors: 345885 	Used Memory: 1.31M
The allocated memory on cuda:0: 5.54M
Memory differs due to the matrix alignment or invisible gradient buffer tensors
-------------------------------------------------------------------------------
Model is saved on: 
./checkpoint/FMNIST/1c48963e1a822db54cde91ee45a550057f48c2e0bd79a0fb3af19f5b0e0936e0.pth
