nohup: 忽略输入
1.9.0+cu111
cuda
Namespace(CVX_iterations=20, alg='FedKD', batch_size=64, beta=1.0, clip_grad=None, clock_frequency=array([7848581.87821086, 7875070.89756629, 8239950.51362926,
       5431942.7902551 , 5686004.23222287, 5860517.16675619,
       4874455.9851711 , 3646231.56531578, 8930639.7050665 ,
       5370640.66540566]), code_len=32, dataset='FMNIST', duration_round=1000000, energy_threshold=1000000.0, eval_only=False, gamma=0.05, is_allocation=True, lam=10, lambda2=0.05, local_ep=5, log_frq=5, loss_F='MSE', lr=0.001, lr_sh_rate=10, method_Bandwidth='CVX', method_Frequency='CVX', method_Teacher='Random', method_tier='Random', model='CNN', num_classes=10, num_clients=10, num_epochs=50, num_tiers=1, part=0.1, sample_method='Dirichlet', sampling_rate=1, save_model=True, seed=0, std=2, temp=1, tol=0.001, total_bandwidth=1e+30, transmit_power=0.5, upload_model=True, use_lrschd=False)
idx_batch [5732, 4481, 4482, 6200, 6252, 6048, 5342, 8244, 7149, 6070]
idx_batch_test [952, 746, 747, 1033, 1042, 1008, 891, 1373, 1192, 1016]
min_size 746
Loaders_test[0] is empty: False
Loaders_test[1] is empty: False
Loaders_test[2] is empty: False
Loaders_test[3] is empty: False
Loaders_test[4] is empty: False
Loaders_test[5] is empty: False
Loaders_test[6] is empty: False
Loaders_test[7] is empty: False
Loaders_test[8] is empty: False
Loaders_test[9] is empty: False
Length of Loaders_test[0]: 190
Length of Loaders_test[1]: 149
Length of Loaders_test[2]: 149
Length of Loaders_test[3]: 206
Length of Loaders_test[4]: 208
Length of Loaders_test[5]: 201
Length of Loaders_test[6]: 178
Length of Loaders_test[7]: 274
Length of Loaders_test[8]: 238
Length of Loaders_test[9]: 203
Length of global_loader_test: 194
len(Loaders_train) 8
Client 0 data distribution:
[112, 15, 15, 93, 200, 5, 0, 4, 13, 55]
Client 1 data distribution:
[51, 7, 8, 29, 8, 107, 57, 85, 38, 58]
Client 2 data distribution:
[17, 96, 60, 120, 22, 45, 61, 15, 1, 11]
Client 3 data distribution:
[20, 29, 123, 37, 30, 27, 23, 150, 7, 130]
Client 4 data distribution:
[10, 11, 147, 10, 17, 78, 24, 41, 210, 28]
Client 5 data distribution:
[76, 117, 25, 91, 29, 40, 0, 198, 0, 0]
Client 6 data distribution:
[29, 82, 42, 26, 17, 103, 42, 26, 85, 60]
Client 7 data distribution:
[16, 36, 5, 32, 22, 47, 152, 6, 234, 218]
Client 8 data distribution:
[150, 98, 58, 24, 114, 83, 177, 0, 0, 0]
Client 9 data distribution:
[88, 67, 43, 140, 96, 26, 71, 45, 0, 0]
Checkpoint dir: ./checkpoint/FMNIST/
CNN
# model parameters: 15722
variances:  [0.26453688725452096, 0.7113418833792982, 0.5252510531506868, 0.44938769592857386, 0.7197843741236869, 0.06392554544380658, 0.22013792966965628, 0.20582562740371924, 0.8791766065720436, 0.7516427436019142]
h:  [0.53644633 0.64254115 1.19308462 0.02725807 1.48386375 0.0605044
 0.27911137 0.59717542 2.26547395 1.75143193]
Random
tiered_clients:  {1: [5, 1, 6, 2, 9, 7, 0, 3, 4, 8]}

 | Global Training Round : 1 |

xi_k [0.48443598 0.54554955 0.54418044 0.50600113 0.50384585 0.51914858
 0.5232383  0.50730978 0.53728502 0.51578064]
max_exp: -1.0
coe: 10
Regulation [0.8 0.8 0.8 0.8 0.8 0.8 0.8 0.8 0.8 0.8]
Solver status: optimal_inaccurate
b_new: [1. 1. 1. 1. 1. 1. 1. 1. 1. 1.]
Iter 0: obj=51.4678, best_obj=51.4678, ||b_new-b_prev||₂=2.846050
xi_k [0.48443598 0.54554955 0.54418044 0.50600113 0.50384585 0.51914858
 0.5232383  0.50730978 0.53728502 0.51578064]
max_exp: -1.0
coe: 10
Regulation [-1. -1. -1. -1. -1. -1. -1. -1. -1. -1.]
Solver status: optimal_inaccurate
b_new: [1. 1. 1. 1. 1. 1. 1. 1. 1. 1.]
Iter 1: obj=52.3678, best_obj=52.3678, ||b_new-b_prev||₂=0.000000
Converged.
Final b: [1. 1. 1. 1. 1. 1. 1. 1. 1. 1.]
<class 'numpy.ndarray'>
b_float: [1. 1. 1. 1. 1. 1. 1. 1. 1. 1.]
b: [1 1 1 1 1 1 1 1 1 1]
active_clients:  [0, 1, 2, 3, 4, 5, 6, 7, 8, 9]
Client 0's s_k are:[0 0 0 1 1 0 1 1 1 1]
Client 1's s_k are:[0 0 1 0 1 0 0 0 0 1]
Client 2's s_k are:[1 0 0 1 0 1 1 1 1 1]
Client 3's s_k are:[0 0 0 0 0 0 1 0 0 0]
Client 4's s_k are:[0 0 1 0 0 1 0 0 1 1]
Client 5's s_k are:[1 1 0 1 0 0 0 1 1 1]
Client 6's s_k are:[0 1 0 0 0 0 0 0 1 0]
Client 7's s_k are:[0 1 1 0 0 1 0 0 1 1]
Client 8's s_k are:[0 0 0 1 0 0 0 0 0 0]
Client 9's s_k are:[0 1 0 0 0 1 0 1 1 0]
| Global Round : 1 | Client :0 | Local Epoch : 0 | [64/573 (12%)]	Loss1: 5.889387 Loss2: 0.000029 
| Global Round : 1 | Client :0 | Local Epoch : 1 | [64/573 (12%)]	Loss1: 5.862466 Loss2: 0.000067 
| Global Round : 1 | Client :0 | Local Epoch : 2 | [64/573 (12%)]	Loss1: 5.859744 Loss2: 0.000065 
| Global Round : 1 | Client :0 | Local Epoch : 3 | [64/573 (12%)]	Loss1: 5.856363 Loss2: 0.000071 
| Global Round : 1 | Client :0 | Local Epoch : 4 | [64/573 (12%)]	Loss1: 5.856386 Loss2: 0.000071 
| Global Round : 1 | Client :1 | Local Epoch : 0 | [64/448 (14%)]	Loss1: 5.905120 Loss2: 0.000035 
| Global Round : 1 | Client :1 | Local Epoch : 1 | [64/448 (14%)]	Loss1: 5.869231 Loss2: 0.000102 
| Global Round : 1 | Client :1 | Local Epoch : 2 | [64/448 (14%)]	Loss1: 5.865375 Loss2: 0.000079 
| Global Round : 1 | Client :1 | Local Epoch : 3 | [64/448 (14%)]	Loss1: 5.861691 Loss2: 0.000088 
| Global Round : 1 | Client :1 | Local Epoch : 4 | [64/448 (14%)]	Loss1: 5.862790 Loss2: 0.000102 
| Global Round : 1 | Client :2 | Local Epoch : 0 | [64/448 (14%)]	Loss1: 5.904591 Loss2: 0.000036 
| Global Round : 1 | Client :2 | Local Epoch : 1 | [64/448 (14%)]	Loss1: 5.869240 Loss2: 0.000062 
| Global Round : 1 | Client :2 | Local Epoch : 2 | [64/448 (14%)]	Loss1: 5.862786 Loss2: 0.000070 
| Global Round : 1 | Client :2 | Local Epoch : 3 | [64/448 (14%)]	Loss1: 5.861285 Loss2: 0.000070 
| Global Round : 1 | Client :2 | Local Epoch : 4 | [64/448 (14%)]	Loss1: 5.859293 Loss2: 0.000072 
| Global Round : 1 | Client :3 | Local Epoch : 0 | [64/620 (11%)]	Loss1: 5.900172 Loss2: 0.000034 
| Global Round : 1 | Client :3 | Local Epoch : 1 | [64/620 (11%)]	Loss1: 5.864772 Loss2: 0.000107 
| Global Round : 1 | Client :3 | Local Epoch : 2 | [64/620 (11%)]	Loss1: 5.858806 Loss2: 0.000082 
| Global Round : 1 | Client :3 | Local Epoch : 3 | [64/620 (11%)]	Loss1: 5.857488 Loss2: 0.000099 
| Global Round : 1 | Client :3 | Local Epoch : 4 | [64/620 (11%)]	Loss1: 5.855277 Loss2: 0.000100 
| Global Round : 1 | Client :4 | Local Epoch : 0 | [64/625 (11%)]	Loss1: 5.917541 Loss2: 0.000039 
| Global Round : 1 | Client :4 | Local Epoch : 1 | [64/625 (11%)]	Loss1: 5.865051 Loss2: 0.000095 
| Global Round : 1 | Client :4 | Local Epoch : 2 | [64/625 (11%)]	Loss1: 5.861628 Loss2: 0.000074 
| Global Round : 1 | Client :4 | Local Epoch : 3 | [64/625 (11%)]	Loss1: 5.860168 Loss2: 0.000078 
| Global Round : 1 | Client :4 | Local Epoch : 4 | [64/625 (11%)]	Loss1: 5.857829 Loss2: 0.000081 
| Global Round : 1 | Client :5 | Local Epoch : 0 | [64/604 (11%)]	Loss1: 5.899816 Loss2: 0.000050 
| Global Round : 1 | Client :5 | Local Epoch : 1 | [64/604 (11%)]	Loss1: 5.862842 Loss2: 0.000041 
| Global Round : 1 | Client :5 | Local Epoch : 2 | [64/604 (11%)]	Loss1: 5.859122 Loss2: 0.000032 
| Global Round : 1 | Client :5 | Local Epoch : 3 | [64/604 (11%)]	Loss1: 5.856806 Loss2: 0.000033 
| Global Round : 1 | Client :5 | Local Epoch : 4 | [64/604 (11%)]	Loss1: 5.850756 Loss2: 0.000037 
| Global Round : 1 | Client :6 | Local Epoch : 0 | [64/534 (12%)]	Loss1: 5.911252 Loss2: 0.000052 
| Global Round : 1 | Client :6 | Local Epoch : 1 | [64/534 (12%)]	Loss1: 5.870664 Loss2: 0.000048 
| Global Round : 1 | Client :6 | Local Epoch : 2 | [64/534 (12%)]	Loss1: 5.863544 Loss2: 0.000043 
| Global Round : 1 | Client :6 | Local Epoch : 3 | [64/534 (12%)]	Loss1: 5.862080 Loss2: 0.000039 
| Global Round : 1 | Client :6 | Local Epoch : 4 | [64/534 (12%)]	Loss1: 5.860340 Loss2: 0.000044 
| Global Round : 1 | Client :7 | Local Epoch : 0 | [64/824 (8%)]	Loss1: 5.899290 Loss2: 0.000067 
| Global Round : 1 | Client :7 | Local Epoch : 0 | [704/824 (92%)]	Loss1: 5.865525 Loss2: 0.000039 
| Global Round : 1 | Client :7 | Local Epoch : 1 | [64/824 (8%)]	Loss1: 5.865655 Loss2: 0.000047 
| Global Round : 1 | Client :7 | Local Epoch : 1 | [704/824 (92%)]	Loss1: 5.860795 Loss2: 0.000032 
| Global Round : 1 | Client :7 | Local Epoch : 2 | [64/824 (8%)]	Loss1: 5.860309 Loss2: 0.000037 
| Global Round : 1 | Client :7 | Local Epoch : 2 | [704/824 (92%)]	Loss1: 5.859328 Loss2: 0.000034 
| Global Round : 1 | Client :7 | Local Epoch : 3 | [64/824 (8%)]	Loss1: 5.858306 Loss2: 0.000035 
| Global Round : 1 | Client :7 | Local Epoch : 3 | [704/824 (92%)]	Loss1: 5.853992 Loss2: 0.000035 
| Global Round : 1 | Client :7 | Local Epoch : 4 | [64/824 (8%)]	Loss1: 5.854558 Loss2: 0.000034 
| Global Round : 1 | Client :7 | Local Epoch : 4 | [704/824 (92%)]	Loss1: 5.853842 Loss2: 0.000034 
| Global Round : 1 | Client :8 | Local Epoch : 0 | [64/714 (9%)]	Loss1: 5.912043 Loss2: 0.000156 
| Global Round : 1 | Client :8 | Local Epoch : 0 | [704/714 (100%)]	Loss1: 5.864138 Loss2: 0.000041 
| Global Round : 1 | Client :8 | Local Epoch : 1 | [64/714 (9%)]	Loss1: 5.869477 Loss2: 0.000044 
| Global Round : 1 | Client :8 | Local Epoch : 1 | [704/714 (100%)]	Loss1: 5.864824 Loss2: 0.000043 
| Global Round : 1 | Client :8 | Local Epoch : 2 | [64/714 (9%)]	Loss1: 5.863901 Loss2: 0.000033 
| Global Round : 1 | Client :8 | Local Epoch : 2 | [704/714 (100%)]	Loss1: 5.860387 Loss2: 0.000030 
| Global Round : 1 | Client :8 | Local Epoch : 3 | [64/714 (9%)]	Loss1: 5.860475 Loss2: 0.000041 
| Global Round : 1 | Client :8 | Local Epoch : 3 | [704/714 (100%)]	Loss1: 5.857850 Loss2: 0.000028 
| Global Round : 1 | Client :8 | Local Epoch : 4 | [64/714 (9%)]	Loss1: 5.857503 Loss2: 0.000035 
| Global Round : 1 | Client :8 | Local Epoch : 4 | [704/714 (100%)]	Loss1: 5.858234 Loss2: 0.000032 
| Global Round : 1 | Client :9 | Local Epoch : 0 | [64/607 (11%)]	Loss1: 5.892442 Loss2: 0.000122 
| Global Round : 1 | Client :9 | Local Epoch : 1 | [64/607 (11%)]	Loss1: 5.867635 Loss2: 0.000023 
| Global Round : 1 | Client :9 | Local Epoch : 2 | [64/607 (11%)]	Loss1: 5.860523 Loss2: 0.000019 
| Global Round : 1 | Client :9 | Local Epoch : 3 | [64/607 (11%)]	Loss1: 5.862741 Loss2: 0.000013 
| Global Round : 1 | Client :9 | Local Epoch : 4 | [64/607 (11%)]	Loss1: 5.858613 Loss2: 0.000012 
<frozen importlib._bootstrap>:219: RuntimeWarning: scipy._lib.messagestream.MessageStream size changed, may indicate binary incompatibility. Expected 56 from C header, got 64 from PyObject
/home/gyh/anaconda3/envs/pt_38py_env/lib/python3.8/site-packages/torchvision/datasets/mnist.py:498: UserWarning: The given NumPy array is not writeable, and PyTorch does not support non-writeable tensors. This means you can write to the underlying (supposedly non-writeable) NumPy array using the tensor. You may want to copy the array to protect its data or make it writeable before converting it to a tensor. This type of warning will be suppressed for the rest of this program. (Triggered internally at  /pytorch/torch/csrc/utils/tensor_numpy.cpp:180.)
  return torch.from_numpy(parsed.astype(m[2], copy=False)).view(*s)
/home/gyh/anaconda3/envs/pt_38py_env/lib/python3.8/site-packages/torch/nn/functional.py:718: UserWarning: Named tensors and all their associated APIs are an experimental feature and subject to change. Please do not use them for anything important until they are released as stable. (Triggered internally at  /pytorch/c10/core/TensorImpl.h:1156.)
  return torch.max_pool2d(input, kernel_size, stride, padding, dilation, ceil_mode)
/home/gyh/anaconda3/envs/pt_38py_env/lib/python3.8/site-packages/cvxpy/problems/problem.py:1407: UserWarning: Solution may be inaccurate. Try another solver, adjusting the solver settings, or solve with verbose=True for more information.
  warnings.warn(
average loss:   5.85319019928467
average local test accuracy: 0.6596354166666666
average global test accuracy:  0.38828125

 | Global Training Round : 2 |

xi_k [0.47796685 0.53587449 0.53558007 0.49717566 0.49322993 0.50965957
 0.5135092  0.49835931 0.52795913 0.5080399 ]
max_exp: -1.0
coe: 10
Regulation [0.8 0.8 0.8 0.8 0.8 0.8 0.8 0.8 0.8 0.8]
Solver status: optimal_inaccurate
b_new: [1. 1. 1. 1. 1. 1. 1. 1. 1. 1.]
Iter 0: obj=50.5735, best_obj=50.5735, ||b_new-b_prev||₂=2.846050
xi_k [0.47796685 0.53587449 0.53558007 0.49717566 0.49322993 0.50965957
 0.5135092  0.49835931 0.52795913 0.5080399 ]
max_exp: -1.0
coe: 10
Regulation [-1. -1. -1. -1. -1. -1. -1. -1. -1. -1.]
Solver status: optimal_inaccurate
b_new: [1. 1. 1. 1. 1. 1. 1. 1. 1. 1.]
Iter 1: obj=51.4735, best_obj=51.4735, ||b_new-b_prev||₂=0.000000
Converged.
Final b: [1. 1. 1. 1. 1. 1. 1. 1. 1. 1.]
<class 'numpy.ndarray'>
b_float: [1. 1. 1. 1. 1. 1. 1. 1. 1. 1.]
b: [1 1 1 1 1 1 1 1 1 1]
active_clients:  [0, 1, 2, 3, 4, 5, 6, 7, 8, 9]
Client 0's s_k are:[0 1 0 1 0 1 0 1 1 1]
Client 1's s_k are:[1 0 0 1 0 0 0 0 0 0]
Client 2's s_k are:[0 0 0 0 0 0 1 1 1 0]
Client 3's s_k are:[1 0 1 0 1 1 1 1 1 0]
Client 4's s_k are:[1 1 1 1 0 1 1 1 1 1]
Client 5's s_k are:[1 1 0 1 0 0 1 1 0 1]
Client 6's s_k are:[0 0 0 0 0 0 0 0 1 0]
Client 7's s_k are:[1 1 1 1 1 1 1 0 0 0]
Client 8's s_k are:[0 1 1 0 1 0 0 1 0 0]
Client 9's s_k are:[0 0 0 0 0 0 1 1 0 0]
| Global Round : 2 | Client :0 | Local Epoch : 0 | [64/573 (12%)]	Loss1: 5.853521 Loss2: 0.000028 
| Global Round : 2 | Client :0 | Local Epoch : 1 | [64/573 (12%)]	Loss1: 5.853832 Loss2: 0.000026 
| Global Round : 2 | Client :0 | Local Epoch : 2 | [64/573 (12%)]	Loss1: 5.851092 Loss2: 0.000031 
| Global Round : 2 | Client :0 | Local Epoch : 3 | [64/573 (12%)]	Loss1: 5.850627 Loss2: 0.000021 
| Global Round : 2 | Client :0 | Local Epoch : 4 | [64/573 (12%)]	Loss1: 5.849247 Loss2: 0.000031 
| Global Round : 2 | Client :1 | Local Epoch : 0 | [64/448 (14%)]	Loss1: 5.859875 Loss2: 0.000024 
| Global Round : 2 | Client :1 | Local Epoch : 1 | [64/448 (14%)]	Loss1: 5.856816 Loss2: 0.000024 
| Global Round : 2 | Client :1 | Local Epoch : 2 | [64/448 (14%)]	Loss1: 5.855266 Loss2: 0.000022 
| Global Round : 2 | Client :1 | Local Epoch : 3 | [64/448 (14%)]	Loss1: 5.855324 Loss2: 0.000027 
| Global Round : 2 | Client :1 | Local Epoch : 4 | [64/448 (14%)]	Loss1: 5.854361 Loss2: 0.000028 
| Global Round : 2 | Client :2 | Local Epoch : 0 | [64/448 (14%)]	Loss1: 5.860257 Loss2: 0.000017 
| Global Round : 2 | Client :2 | Local Epoch : 1 | [64/448 (14%)]	Loss1: 5.856939 Loss2: 0.000021 
| Global Round : 2 | Client :2 | Local Epoch : 2 | [64/448 (14%)]	Loss1: 5.856820 Loss2: 0.000023 
| Global Round : 2 | Client :2 | Local Epoch : 3 | [64/448 (14%)]	Loss1: 5.853169 Loss2: 0.000017 
| Global Round : 2 | Client :2 | Local Epoch : 4 | [64/448 (14%)]	Loss1: 5.855621 Loss2: 0.000020 
| Global Round : 2 | Client :3 | Local Epoch : 0 | [64/620 (11%)]	Loss1: 5.856928 Loss2: 0.000016 
| Global Round : 2 | Client :3 | Local Epoch : 1 | [64/620 (11%)]	Loss1: 5.852114 Loss2: 0.000016 
| Global Round : 2 | Client :3 | Local Epoch : 2 | [64/620 (11%)]	Loss1: 5.853204 Loss2: 0.000018 
| Global Round : 2 | Client :3 | Local Epoch : 3 | [64/620 (11%)]	Loss1: 5.851893 Loss2: 0.000018 
| Global Round : 2 | Client :3 | Local Epoch : 4 | [64/620 (11%)]	Loss1: 5.847907 Loss2: 0.000021 
| Global Round : 2 | Client :4 | Local Epoch : 0 | [64/625 (11%)]	Loss1: 5.855694 Loss2: 0.000019 
| Global Round : 2 | Client :4 | Local Epoch : 1 | [64/625 (11%)]	Loss1: 5.849955 Loss2: 0.000019 
| Global Round : 2 | Client :4 | Local Epoch : 2 | [64/625 (11%)]	Loss1: 5.851405 Loss2: 0.000027 
| Global Round : 2 | Client :4 | Local Epoch : 3 | [64/625 (11%)]	Loss1: 5.849914 Loss2: 0.000022 
| Global Round : 2 | Client :4 | Local Epoch : 4 | [64/625 (11%)]	Loss1: 5.850766 Loss2: 0.000023 
| Global Round : 2 | Client :5 | Local Epoch : 0 | [64/604 (11%)]	Loss1: 5.852799 Loss2: 0.000019 
| Global Round : 2 | Client :5 | Local Epoch : 1 | [64/604 (11%)]	Loss1: 5.849327 Loss2: 0.000023 
| Global Round : 2 | Client :5 | Local Epoch : 2 | [64/604 (11%)]	Loss1: 5.848907 Loss2: 0.000020 
| Global Round : 2 | Client :5 | Local Epoch : 3 | [64/604 (11%)]	Loss1: 5.849886 Loss2: 0.000018 
| Global Round : 2 | Client :5 | Local Epoch : 4 | [64/604 (11%)]	Loss1: 5.848197 Loss2: 0.000020 
| Global Round : 2 | Client :6 | Local Epoch : 0 | [64/534 (12%)]	Loss1: 5.858280 Loss2: 0.000018 
| Global Round : 2 | Client :6 | Local Epoch : 1 | [64/534 (12%)]	Loss1: 5.855513 Loss2: 0.000018 
| Global Round : 2 | Client :6 | Local Epoch : 2 | [64/534 (12%)]	Loss1: 5.855409 Loss2: 0.000017 
| Global Round : 2 | Client :6 | Local Epoch : 3 | [64/534 (12%)]	Loss1: 5.853963 Loss2: 0.000019 
| Global Round : 2 | Client :6 | Local Epoch : 4 | [64/534 (12%)]	Loss1: 5.852834 Loss2: 0.000022 
| Global Round : 2 | Client :7 | Local Epoch : 0 | [64/824 (8%)]	Loss1: 5.852456 Loss2: 0.000022 
| Global Round : 2 | Client :7 | Local Epoch : 0 | [704/824 (92%)]	Loss1: 5.850833 Loss2: 0.000032 
| Global Round : 2 | Client :7 | Local Epoch : 1 | [64/824 (8%)]	Loss1: 5.853903 Loss2: 0.000032 
| Global Round : 2 | Client :7 | Local Epoch : 1 | [704/824 (92%)]	Loss1: 5.851815 Loss2: 0.000032 
| Global Round : 2 | Client :7 | Local Epoch : 2 | [64/824 (8%)]	Loss1: 5.849401 Loss2: 0.000028 
| Global Round : 2 | Client :7 | Local Epoch : 2 | [704/824 (92%)]	Loss1: 5.850240 Loss2: 0.000025 
| Global Round : 2 | Client :7 | Local Epoch : 3 | [64/824 (8%)]	Loss1: 5.847052 Loss2: 0.000027 
| Global Round : 2 | Client :7 | Local Epoch : 3 | [704/824 (92%)]	Loss1: 5.847657 Loss2: 0.000031 
| Global Round : 2 | Client :7 | Local Epoch : 4 | [64/824 (8%)]	Loss1: 5.847780 Loss2: 0.000032 
| Global Round : 2 | Client :7 | Local Epoch : 4 | [704/824 (92%)]	Loss1: 5.847718 Loss2: 0.000026 
| Global Round : 2 | Client :8 | Local Epoch : 0 | [64/714 (9%)]	Loss1: 5.856960 Loss2: 0.000022 
| Global Round : 2 | Client :8 | Local Epoch : 0 | [704/714 (100%)]	Loss1: 5.856886 Loss2: 0.000020 
| Global Round : 2 | Client :8 | Local Epoch : 1 | [64/714 (9%)]	Loss1: 5.857147 Loss2: 0.000020 
| Global Round : 2 | Client :8 | Local Epoch : 1 | [704/714 (100%)]	Loss1: 5.853764 Loss2: 0.000021 
| Global Round : 2 | Client :8 | Local Epoch : 2 | [64/714 (9%)]	Loss1: 5.855032 Loss2: 0.000022 
| Global Round : 2 | Client :8 | Local Epoch : 2 | [704/714 (100%)]	Loss1: 5.855355 Loss2: 0.000027 
| Global Round : 2 | Client :8 | Local Epoch : 3 | [64/714 (9%)]	Loss1: 5.854376 Loss2: 0.000024 
| Global Round : 2 | Client :8 | Local Epoch : 3 | [704/714 (100%)]	Loss1: 5.853770 Loss2: 0.000022 
| Global Round : 2 | Client :8 | Local Epoch : 4 | [64/714 (9%)]	Loss1: 5.853494 Loss2: 0.000021 
| Global Round : 2 | Client :8 | Local Epoch : 4 | [704/714 (100%)]	Loss1: 5.851460 Loss2: 0.000028 
| Global Round : 2 | Client :9 | Local Epoch : 0 | [64/607 (11%)]	Loss1: 5.856575 Loss2: 0.000030 
| Global Round : 2 | Client :9 | Local Epoch : 1 | [64/607 (11%)]	Loss1: 5.857940 Loss2: 0.000023 
| Global Round : 2 | Client :9 | Local Epoch : 2 | [64/607 (11%)]	Loss1: 5.856353 Loss2: 0.000023 
| Global Round : 2 | Client :9 | Local Epoch : 3 | [64/607 (11%)]	Loss1: 5.853523 Loss2: 0.000025 
| Global Round : 2 | Client :9 | Local Epoch : 4 | [64/607 (11%)]	Loss1: 5.854619 Loss2: 0.000021 
average loss:   5.848185098730297
average local test accuracy: 0.746875
average global test accuracy:  0.49296875

 | Global Training Round : 3 |

xi_k [0.47713365 0.53488169 0.53459263 0.49644334 0.49235634 0.50892347
 0.51250391 0.49758581 0.52710349 0.50742243]
max_exp: -1.0
coe: 10
Regulation [0.8 0.8 0.8 0.8 0.8 0.8 0.8 0.8 0.8 0.8]
Solver status: optimal_inaccurate
b_new: [1. 1. 1. 1. 1. 1. 1. 1. 1. 1.]
Iter 0: obj=50.4895, best_obj=50.4895, ||b_new-b_prev||₂=2.846050
xi_k [0.47713365 0.53488169 0.53459263 0.49644334 0.49235634 0.50892347
 0.51250391 0.49758581 0.52710349 0.50742243]
max_exp: -1.0
coe: 10
Regulation [-1. -1. -1. -1. -1. -1. -1. -1. -1. -1.]
Solver status: optimal_inaccurate
b_new: [1. 1. 1. 1. 1. 1. 1. 1. 1. 1.]
Iter 1: obj=51.3895, best_obj=51.3895, ||b_new-b_prev||₂=0.000000
Converged.
Final b: [1. 1. 1. 1. 1. 1. 1. 1. 1. 1.]
<class 'numpy.ndarray'>
b_float: [1. 1. 1. 1. 1. 1. 1. 1. 1. 1.]
b: [1 1 1 1 1 1 1 1 1 1]
active_clients:  [0, 1, 2, 3, 4, 5, 6, 7, 8, 9]
Client 0's s_k are:[0 1 0 1 1 0 1 1 1 1]
Client 1's s_k are:[1 0 0 0 1 0 0 0 0 0]
Client 2's s_k are:[0 0 0 0 1 0 1 0 1 1]
Client 3's s_k are:[1 1 1 0 1 0 1 0 1 1]
Client 4's s_k are:[0 1 0 0 0 1 0 0 0 1]
Client 5's s_k are:[1 1 1 1 1 0 1 1 1 1]
Client 6's s_k are:[1 0 1 0 1 1 0 0 0 0]
Client 7's s_k are:[0 0 0 1 0 1 0 0 0 0]
Client 8's s_k are:[1 0 0 0 0 1 1 1 0 0]
Client 9's s_k are:[0 0 0 1 0 0 1 0 1 0]
| Global Round : 3 | Client :0 | Local Epoch : 0 | [64/573 (12%)]	Loss1: 5.846774 Loss2: 0.000026 
| Global Round : 3 | Client :0 | Local Epoch : 1 | [64/573 (12%)]	Loss1: 5.847383 Loss2: 0.000031 
| Global Round : 3 | Client :0 | Local Epoch : 2 | [64/573 (12%)]	Loss1: 5.847294 Loss2: 0.000031 
| Global Round : 3 | Client :0 | Local Epoch : 3 | [64/573 (12%)]	Loss1: 5.847589 Loss2: 0.000029 
| Global Round : 3 | Client :0 | Local Epoch : 4 | [64/573 (12%)]	Loss1: 5.846350 Loss2: 0.000031 
| Global Round : 3 | Client :1 | Local Epoch : 0 | [64/448 (14%)]	Loss1: 5.852195 Loss2: 0.000026 
| Global Round : 3 | Client :1 | Local Epoch : 1 | [64/448 (14%)]	Loss1: 5.853183 Loss2: 0.000025 
| Global Round : 3 | Client :1 | Local Epoch : 2 | [64/448 (14%)]	Loss1: 5.852864 Loss2: 0.000020 
| Global Round : 3 | Client :1 | Local Epoch : 3 | [64/448 (14%)]	Loss1: 5.852111 Loss2: 0.000027 
| Global Round : 3 | Client :1 | Local Epoch : 4 | [64/448 (14%)]	Loss1: 5.850636 Loss2: 0.000023 
| Global Round : 3 | Client :2 | Local Epoch : 0 | [64/448 (14%)]	Loss1: 5.852632 Loss2: 0.000015 
| Global Round : 3 | Client :2 | Local Epoch : 1 | [64/448 (14%)]	Loss1: 5.852009 Loss2: 0.000013 
| Global Round : 3 | Client :2 | Local Epoch : 2 | [64/448 (14%)]	Loss1: 5.851025 Loss2: 0.000016 
| Global Round : 3 | Client :2 | Local Epoch : 3 | [64/448 (14%)]	Loss1: 5.852009 Loss2: 0.000015 
| Global Round : 3 | Client :2 | Local Epoch : 4 | [64/448 (14%)]	Loss1: 5.849045 Loss2: 0.000014 
| Global Round : 3 | Client :3 | Local Epoch : 0 | [64/620 (11%)]	Loss1: 5.851321 Loss2: 0.000020 
| Global Round : 3 | Client :3 | Local Epoch : 1 | [64/620 (11%)]	Loss1: 5.849166 Loss2: 0.000019 
| Global Round : 3 | Client :3 | Local Epoch : 2 | [64/620 (11%)]	Loss1: 5.850388 Loss2: 0.000024 
| Global Round : 3 | Client :3 | Local Epoch : 3 | [64/620 (11%)]	Loss1: 5.848531 Loss2: 0.000017 
| Global Round : 3 | Client :3 | Local Epoch : 4 | [64/620 (11%)]	Loss1: 5.849358 Loss2: 0.000019 
| Global Round : 3 | Client :4 | Local Epoch : 0 | [64/625 (11%)]	Loss1: 5.851580 Loss2: 0.000030 
| Global Round : 3 | Client :4 | Local Epoch : 1 | [64/625 (11%)]	Loss1: 5.849888 Loss2: 0.000023 
| Global Round : 3 | Client :4 | Local Epoch : 2 | [64/625 (11%)]	Loss1: 5.848783 Loss2: 0.000025 
| Global Round : 3 | Client :4 | Local Epoch : 3 | [64/625 (11%)]	Loss1: 5.848675 Loss2: 0.000032 
| Global Round : 3 | Client :4 | Local Epoch : 4 | [64/625 (11%)]	Loss1: 5.848568 Loss2: 0.000031 
| Global Round : 3 | Client :5 | Local Epoch : 0 | [64/604 (11%)]	Loss1: 5.847434 Loss2: 0.000023 
| Global Round : 3 | Client :5 | Local Epoch : 1 | [64/604 (11%)]	Loss1: 5.846726 Loss2: 0.000020 
| Global Round : 3 | Client :5 | Local Epoch : 2 | [64/604 (11%)]	Loss1: 5.846060 Loss2: 0.000021 
| Global Round : 3 | Client :5 | Local Epoch : 3 | [64/604 (11%)]	Loss1: 5.845332 Loss2: 0.000019 
| Global Round : 3 | Client :5 | Local Epoch : 4 | [64/604 (11%)]	Loss1: 5.847919 Loss2: 0.000021 
| Global Round : 3 | Client :6 | Local Epoch : 0 | [64/534 (12%)]	Loss1: 5.853006 Loss2: 0.000018 
| Global Round : 3 | Client :6 | Local Epoch : 1 | [64/534 (12%)]	Loss1: 5.852784 Loss2: 0.000017 
| Global Round : 3 | Client :6 | Local Epoch : 2 | [64/534 (12%)]	Loss1: 5.851229 Loss2: 0.000018 
| Global Round : 3 | Client :6 | Local Epoch : 3 | [64/534 (12%)]	Loss1: 5.849525 Loss2: 0.000018 
| Global Round : 3 | Client :6 | Local Epoch : 4 | [64/534 (12%)]	Loss1: 5.849326 Loss2: 0.000022 
| Global Round : 3 | Client :7 | Local Epoch : 0 | [64/824 (8%)]	Loss1: 5.847850 Loss2: 0.000042 
| Global Round : 3 | Client :7 | Local Epoch : 0 | [704/824 (92%)]	Loss1: 5.847389 Loss2: 0.000045 
| Global Round : 3 | Client :7 | Local Epoch : 1 | [64/824 (8%)]	Loss1: 5.848893 Loss2: 0.000037 
| Global Round : 3 | Client :7 | Local Epoch : 1 | [704/824 (92%)]	Loss1: 5.845796 Loss2: 0.000040 
| Global Round : 3 | Client :7 | Local Epoch : 2 | [64/824 (8%)]	Loss1: 5.849016 Loss2: 0.000039 
| Global Round : 3 | Client :7 | Local Epoch : 2 | [704/824 (92%)]	Loss1: 5.846254 Loss2: 0.000040 
| Global Round : 3 | Client :7 | Local Epoch : 3 | [64/824 (8%)]	Loss1: 5.846839 Loss2: 0.000041 
| Global Round : 3 | Client :7 | Local Epoch : 3 | [704/824 (92%)]	Loss1: 5.845357 Loss2: 0.000041 
| Global Round : 3 | Client :7 | Local Epoch : 4 | [64/824 (8%)]	Loss1: 5.847116 Loss2: 0.000047 
| Global Round : 3 | Client :7 | Local Epoch : 4 | [704/824 (92%)]	Loss1: 5.846558 Loss2: 0.000041 
| Global Round : 3 | Client :8 | Local Epoch : 0 | [64/714 (9%)]	Loss1: 5.852422 Loss2: 0.000026 
| Global Round : 3 | Client :8 | Local Epoch : 0 | [704/714 (100%)]	Loss1: 5.853637 Loss2: 0.000019 
| Global Round : 3 | Client :8 | Local Epoch : 1 | [64/714 (9%)]	Loss1: 5.852319 Loss2: 0.000016 
| Global Round : 3 | Client :8 | Local Epoch : 1 | [704/714 (100%)]	Loss1: 5.852886 Loss2: 0.000021 
| Global Round : 3 | Client :8 | Local Epoch : 2 | [64/714 (9%)]	Loss1: 5.852594 Loss2: 0.000019 
| Global Round : 3 | Client :8 | Local Epoch : 2 | [704/714 (100%)]	Loss1: 5.849441 Loss2: 0.000023 
| Global Round : 3 | Client :8 | Local Epoch : 3 | [64/714 (9%)]	Loss1: 5.850211 Loss2: 0.000020 
| Global Round : 3 | Client :8 | Local Epoch : 3 | [704/714 (100%)]	Loss1: 5.852227 Loss2: 0.000023 
| Global Round : 3 | Client :8 | Local Epoch : 4 | [64/714 (9%)]	Loss1: 5.851196 Loss2: 0.000025 
| Global Round : 3 | Client :8 | Local Epoch : 4 | [704/714 (100%)]	Loss1: 5.849124 Loss2: 0.000023 
| Global Round : 3 | Client :9 | Local Epoch : 0 | [64/607 (11%)]	Loss1: 5.851433 Loss2: 0.000015 
| Global Round : 3 | Client :9 | Local Epoch : 1 | [64/607 (11%)]	Loss1: 5.852907 Loss2: 0.000016 
| Global Round : 3 | Client :9 | Local Epoch : 2 | [64/607 (11%)]	Loss1: 5.851280 Loss2: 0.000018 
| Global Round : 3 | Client :9 | Local Epoch : 3 | [64/607 (11%)]	Loss1: 5.850881 Loss2: 0.000016 
| Global Round : 3 | Client :9 | Local Epoch : 4 | [64/607 (11%)]	Loss1: 5.850429 Loss2: 0.000016 
average loss:   5.845961765379444
average local test accuracy: 0.7688802083333334
average global test accuracy:  0.5890625

 | Global Training Round : 4 |

xi_k [0.47671479 0.53433333 0.534216   0.49608844 0.49200286 0.50871334
 0.51211651 0.49714885 0.52679711 0.50703331]
max_exp: -1.0
coe: 10
Regulation [0.8 0.8 0.8 0.8 0.8 0.8 0.8 0.8 0.8 0.8]
Solver status: optimal_inaccurate
b_new: [1. 1. 1. 1. 1. 1. 1. 1. 1. 1.]
Iter 0: obj=50.4516, best_obj=50.4516, ||b_new-b_prev||₂=2.846050
xi_k [0.47671479 0.53433333 0.534216   0.49608844 0.49200286 0.50871334
 0.51211651 0.49714885 0.52679711 0.50703331]
max_exp: -1.0
coe: 10
Regulation [-1. -1. -1. -1. -1. -1. -1. -1. -1. -1.]
Solver status: optimal_inaccurate
b_new: [1. 1. 1. 1. 1. 1. 1. 1. 1. 1.]
Iter 1: obj=51.3516, best_obj=51.3516, ||b_new-b_prev||₂=0.000000
Converged.
Final b: [1. 1. 1. 1. 1. 1. 1. 1. 1. 1.]
<class 'numpy.ndarray'>
b_float: [1. 1. 1. 1. 1. 1. 1. 1. 1. 1.]
b: [1 1 1 1 1 1 1 1 1 1]
active_clients:  [0, 1, 2, 3, 4, 5, 6, 7, 8, 9]
Client 0's s_k are:[0 1 0 0 0 1 0 0 1 1]
Client 1's s_k are:[1 0 1 1 1 1 0 0 1 1]
Client 2's s_k are:[0 1 0 1 0 1 1 1 1 0]
Client 3's s_k are:[0 0 0 0 0 1 0 0 0 0]
Client 4's s_k are:[1 1 0 1 0 1 0 0 1 1]
Client 5's s_k are:[1 1 1 1 1 0 1 1 1 1]
Client 6's s_k are:[0 1 0 0 1 0 0 1 1 0]
Client 7's s_k are:[1 1 1 1 1 1 1 0 1 1]
Client 8's s_k are:[1 1 1 1 1 1 1 1 0 1]
Client 9's s_k are:[1 1 1 0 1 0 0 1 1 0]
| Global Round : 4 | Client :0 | Local Epoch : 0 | [64/573 (12%)]	Loss1: 5.844834 Loss2: 0.000025 
| Global Round : 4 | Client :0 | Local Epoch : 1 | [64/573 (12%)]	Loss1: 5.845716 Loss2: 0.000031 
| Global Round : 4 | Client :0 | Local Epoch : 2 | [64/573 (12%)]	Loss1: 5.843510 Loss2: 0.000028 
| Global Round : 4 | Client :0 | Local Epoch : 3 | [64/573 (12%)]	Loss1: 5.845530 Loss2: 0.000028 
| Global Round : 4 | Client :0 | Local Epoch : 4 | [64/573 (12%)]	Loss1: 5.844738 Loss2: 0.000024 
| Global Round : 4 | Client :1 | Local Epoch : 0 | [64/448 (14%)]	Loss1: 5.850875 Loss2: 0.000022 
| Global Round : 4 | Client :1 | Local Epoch : 1 | [64/448 (14%)]	Loss1: 5.850750 Loss2: 0.000022 
| Global Round : 4 | Client :1 | Local Epoch : 2 | [64/448 (14%)]	Loss1: 5.851182 Loss2: 0.000020 
| Global Round : 4 | Client :1 | Local Epoch : 3 | [64/448 (14%)]	Loss1: 5.848878 Loss2: 0.000026 
| Global Round : 4 | Client :1 | Local Epoch : 4 | [64/448 (14%)]	Loss1: 5.850249 Loss2: 0.000024 
| Global Round : 4 | Client :2 | Local Epoch : 0 | [64/448 (14%)]	Loss1: 5.849850 Loss2: 0.000014 
| Global Round : 4 | Client :2 | Local Epoch : 1 | [64/448 (14%)]	Loss1: 5.848763 Loss2: 0.000017 
| Global Round : 4 | Client :2 | Local Epoch : 2 | [64/448 (14%)]	Loss1: 5.849463 Loss2: 0.000015 
| Global Round : 4 | Client :2 | Local Epoch : 3 | [64/448 (14%)]	Loss1: 5.850543 Loss2: 0.000015 
| Global Round : 4 | Client :2 | Local Epoch : 4 | [64/448 (14%)]	Loss1: 5.848794 Loss2: 0.000016 
| Global Round : 4 | Client :3 | Local Epoch : 0 | [64/620 (11%)]	Loss1: 5.848173 Loss2: 0.000025 
| Global Round : 4 | Client :3 | Local Epoch : 1 | [64/620 (11%)]	Loss1: 5.848714 Loss2: 0.000022 
| Global Round : 4 | Client :3 | Local Epoch : 2 | [64/620 (11%)]	Loss1: 5.848861 Loss2: 0.000030 
| Global Round : 4 | Client :3 | Local Epoch : 3 | [64/620 (11%)]	Loss1: 5.849816 Loss2: 0.000017 
| Global Round : 4 | Client :3 | Local Epoch : 4 | [64/620 (11%)]	Loss1: 5.847584 Loss2: 0.000028 
| Global Round : 4 | Client :4 | Local Epoch : 0 | [64/625 (11%)]	Loss1: 5.847662 Loss2: 0.000025 
| Global Round : 4 | Client :4 | Local Epoch : 1 | [64/625 (11%)]	Loss1: 5.847801 Loss2: 0.000032 
| Global Round : 4 | Client :4 | Local Epoch : 2 | [64/625 (11%)]	Loss1: 5.847267 Loss2: 0.000030 
| Global Round : 4 | Client :4 | Local Epoch : 3 | [64/625 (11%)]	Loss1: 5.846179 Loss2: 0.000030 
| Global Round : 4 | Client :4 | Local Epoch : 4 | [64/625 (11%)]	Loss1: 5.846579 Loss2: 0.000035 
| Global Round : 4 | Client :5 | Local Epoch : 0 | [64/604 (11%)]	Loss1: 5.843900 Loss2: 0.000021 
| Global Round : 4 | Client :5 | Local Epoch : 1 | [64/604 (11%)]	Loss1: 5.845233 Loss2: 0.000022 
| Global Round : 4 | Client :5 | Local Epoch : 2 | [64/604 (11%)]	Loss1: 5.846903 Loss2: 0.000022 
| Global Round : 4 | Client :5 | Local Epoch : 3 | [64/604 (11%)]	Loss1: 5.843692 Loss2: 0.000020 
| Global Round : 4 | Client :5 | Local Epoch : 4 | [64/604 (11%)]	Loss1: 5.844213 Loss2: 0.000020 
| Global Round : 4 | Client :6 | Local Epoch : 0 | [64/534 (12%)]	Loss1: 5.849256 Loss2: 0.000014 
| Global Round : 4 | Client :6 | Local Epoch : 1 | [64/534 (12%)]	Loss1: 5.848652 Loss2: 0.000010 
| Global Round : 4 | Client :6 | Local Epoch : 2 | [64/534 (12%)]	Loss1: 5.848171 Loss2: 0.000012 
| Global Round : 4 | Client :6 | Local Epoch : 3 | [64/534 (12%)]	Loss1: 5.848981 Loss2: 0.000014 
| Global Round : 4 | Client :6 | Local Epoch : 4 | [64/534 (12%)]	Loss1: 5.847717 Loss2: 0.000011 
| Global Round : 4 | Client :7 | Local Epoch : 0 | [64/824 (8%)]	Loss1: 5.844320 Loss2: 0.000028 
| Global Round : 4 | Client :7 | Local Epoch : 0 | [704/824 (92%)]	Loss1: 5.845245 Loss2: 0.000027 
| Global Round : 4 | Client :7 | Local Epoch : 1 | [64/824 (8%)]	Loss1: 5.846369 Loss2: 0.000028 
| Global Round : 4 | Client :7 | Local Epoch : 1 | [704/824 (92%)]	Loss1: 5.844480 Loss2: 0.000032 
| Global Round : 4 | Client :7 | Local Epoch : 2 | [64/824 (8%)]	Loss1: 5.843865 Loss2: 0.000027 
| Global Round : 4 | Client :7 | Local Epoch : 2 | [704/824 (92%)]	Loss1: 5.846817 Loss2: 0.000027 
| Global Round : 4 | Client :7 | Local Epoch : 3 | [64/824 (8%)]	Loss1: 5.844588 Loss2: 0.000028 
| Global Round : 4 | Client :7 | Local Epoch : 3 | [704/824 (92%)]	Loss1: 5.843537 Loss2: 0.000027 
| Global Round : 4 | Client :7 | Local Epoch : 4 | [64/824 (8%)]	Loss1: 5.846001 Loss2: 0.000032 
| Global Round : 4 | Client :7 | Local Epoch : 4 | [704/824 (92%)]	Loss1: 5.845427 Loss2: 0.000027 
| Global Round : 4 | Client :8 | Local Epoch : 0 | [64/714 (9%)]	Loss1: 5.848856 Loss2: 0.000023 
| Global Round : 4 | Client :8 | Local Epoch : 0 | [704/714 (100%)]	Loss1: 5.849278 Loss2: 0.000024 
| Global Round : 4 | Client :8 | Local Epoch : 1 | [64/714 (9%)]	Loss1: 5.849404 Loss2: 0.000022 
| Global Round : 4 | Client :8 | Local Epoch : 1 | [704/714 (100%)]	Loss1: 5.849495 Loss2: 0.000023 
| Global Round : 4 | Client :8 | Local Epoch : 2 | [64/714 (9%)]	Loss1: 5.848002 Loss2: 0.000023 
| Global Round : 4 | Client :8 | Local Epoch : 2 | [704/714 (100%)]	Loss1: 5.849034 Loss2: 0.000022 
| Global Round : 4 | Client :8 | Local Epoch : 3 | [64/714 (9%)]	Loss1: 5.850237 Loss2: 0.000022 
| Global Round : 4 | Client :8 | Local Epoch : 3 | [704/714 (100%)]	Loss1: 5.850420 Loss2: 0.000022 
| Global Round : 4 | Client :8 | Local Epoch : 4 | [64/714 (9%)]	Loss1: 5.848700 Loss2: 0.000026 
| Global Round : 4 | Client :8 | Local Epoch : 4 | [704/714 (100%)]	Loss1: 5.848871 Loss2: 0.000020 
| Global Round : 4 | Client :9 | Local Epoch : 0 | [64/607 (11%)]	Loss1: 5.852224 Loss2: 0.000019 
| Global Round : 4 | Client :9 | Local Epoch : 1 | [64/607 (11%)]	Loss1: 5.850202 Loss2: 0.000018 
| Global Round : 4 | Client :9 | Local Epoch : 2 | [64/607 (11%)]	Loss1: 5.849041 Loss2: 0.000016 
| Global Round : 4 | Client :9 | Local Epoch : 3 | [64/607 (11%)]	Loss1: 5.849353 Loss2: 0.000018 
| Global Round : 4 | Client :9 | Local Epoch : 4 | [64/607 (11%)]	Loss1: 5.850868 Loss2: 0.000015 
average loss:   5.84502838112059
average local test accuracy: 0.782421875
average global test accuracy:  0.569921875

 | Global Training Round : 5 |

xi_k [0.47653937 0.53401437 0.53401344 0.49599211 0.4919502  0.50859088
 0.51186013 0.49704089 0.52661699 0.50684663]
max_exp: -1.0
coe: 10
Regulation [0.8 0.8 0.8 0.8 0.8 0.8 0.8 0.8 0.8 0.8]
Solver status: optimal_inaccurate
b_new: [1. 1. 1. 1. 1. 1. 1. 1. 1. 1.]
Iter 0: obj=50.4346, best_obj=50.4346, ||b_new-b_prev||₂=2.846050
xi_k [0.47653937 0.53401437 0.53401344 0.49599211 0.4919502  0.50859088
 0.51186013 0.49704089 0.52661699 0.50684663]
max_exp: -1.0
coe: 10
Regulation [-1. -1. -1. -1. -1. -1. -1. -1. -1. -1.]
Solver status: optimal_inaccurate
b_new: [1. 1. 1. 1. 1. 1. 1. 1. 1. 1.]
Iter 1: obj=51.3346, best_obj=51.3346, ||b_new-b_prev||₂=0.000000
Converged.
Final b: [1. 1. 1. 1. 1. 1. 1. 1. 1. 1.]
<class 'numpy.ndarray'>
b_float: [1. 1. 1. 1. 1. 1. 1. 1. 1. 1.]
b: [1 1 1 1 1 1 1 1 1 1]
active_clients:  [0, 1, 2, 3, 4, 5, 6, 7, 8, 9]
Client 0's s_k are:[0 1 1 1 1 1 1 1 1 1]
Client 1's s_k are:[0 0 0 0 0 1 0 0 0 1]
Client 2's s_k are:[1 0 0 0 0 1 0 1 1 1]
Client 3's s_k are:[0 0 0 0 0 1 0 0 0 0]
Client 4's s_k are:[0 1 0 1 0 0 0 0 1 1]
Client 5's s_k are:[1 1 1 1 1 0 1 1 1 0]
Client 6's s_k are:[1 1 0 1 1 0 0 0 0 1]
Client 7's s_k are:[1 1 0 1 1 0 1 0 0 1]
Client 8's s_k are:[1 1 1 1 0 1 1 1 0 1]
Client 9's s_k are:[1 1 1 1 0 1 0 0 1 0]
| Global Round : 5 | Client :0 | Local Epoch : 0 | [64/573 (12%)]	Loss1: 5.844547 Loss2: 0.000028 
| Global Round : 5 | Client :0 | Local Epoch : 1 | [64/573 (12%)]	Loss1: 5.845123 Loss2: 0.000032 
| Global Round : 5 | Client :0 | Local Epoch : 2 | [64/573 (12%)]	Loss1: 5.844150 Loss2: 0.000029 
| Global Round : 5 | Client :0 | Local Epoch : 3 | [64/573 (12%)]	Loss1: 5.844597 Loss2: 0.000031 
| Global Round : 5 | Client :0 | Local Epoch : 4 | [64/573 (12%)]	Loss1: 5.845449 Loss2: 0.000026 
| Global Round : 5 | Client :1 | Local Epoch : 0 | [64/448 (14%)]	Loss1: 5.847105 Loss2: 0.000033 
| Global Round : 5 | Client :1 | Local Epoch : 1 | [64/448 (14%)]	Loss1: 5.847189 Loss2: 0.000029 
| Global Round : 5 | Client :1 | Local Epoch : 2 | [64/448 (14%)]	Loss1: 5.848310 Loss2: 0.000035 
| Global Round : 5 | Client :1 | Local Epoch : 3 | [64/448 (14%)]	Loss1: 5.847731 Loss2: 0.000026 
| Global Round : 5 | Client :1 | Local Epoch : 4 | [64/448 (14%)]	Loss1: 5.847465 Loss2: 0.000027 
| Global Round : 5 | Client :2 | Local Epoch : 0 | [64/448 (14%)]	Loss1: 5.848199 Loss2: 0.000015 
| Global Round : 5 | Client :2 | Local Epoch : 1 | [64/448 (14%)]	Loss1: 5.849178 Loss2: 0.000012 
| Global Round : 5 | Client :2 | Local Epoch : 2 | [64/448 (14%)]	Loss1: 5.847457 Loss2: 0.000016 
| Global Round : 5 | Client :2 | Local Epoch : 3 | [64/448 (14%)]	Loss1: 5.847389 Loss2: 0.000017 
| Global Round : 5 | Client :2 | Local Epoch : 4 | [64/448 (14%)]	Loss1: 5.848893 Loss2: 0.000016 
| Global Round : 5 | Client :3 | Local Epoch : 0 | [64/620 (11%)]	Loss1: 5.845568 Loss2: 0.000019 
| Global Round : 5 | Client :3 | Local Epoch : 1 | [64/620 (11%)]	Loss1: 5.847178 Loss2: 0.000023 
| Global Round : 5 | Client :3 | Local Epoch : 2 | [64/620 (11%)]	Loss1: 5.846498 Loss2: 0.000020 
| Global Round : 5 | Client :3 | Local Epoch : 3 | [64/620 (11%)]	Loss1: 5.847476 Loss2: 0.000022 
| Global Round : 5 | Client :3 | Local Epoch : 4 | [64/620 (11%)]	Loss1: 5.846233 Loss2: 0.000021 
| Global Round : 5 | Client :4 | Local Epoch : 0 | [64/625 (11%)]	Loss1: 5.845550 Loss2: 0.000020 
| Global Round : 5 | Client :4 | Local Epoch : 1 | [64/625 (11%)]	Loss1: 5.845737 Loss2: 0.000021 
| Global Round : 5 | Client :4 | Local Epoch : 2 | [64/625 (11%)]	Loss1: 5.846660 Loss2: 0.000027 
| Global Round : 5 | Client :4 | Local Epoch : 3 | [64/625 (11%)]	Loss1: 5.844392 Loss2: 0.000026 
| Global Round : 5 | Client :4 | Local Epoch : 4 | [64/625 (11%)]	Loss1: 5.845608 Loss2: 0.000023 
| Global Round : 5 | Client :5 | Local Epoch : 0 | [64/604 (11%)]	Loss1: 5.844108 Loss2: 0.000021 
| Global Round : 5 | Client :5 | Local Epoch : 1 | [64/604 (11%)]	Loss1: 5.844908 Loss2: 0.000023 
| Global Round : 5 | Client :5 | Local Epoch : 2 | [64/604 (11%)]	Loss1: 5.844494 Loss2: 0.000027 
| Global Round : 5 | Client :5 | Local Epoch : 3 | [64/604 (11%)]	Loss1: 5.845461 Loss2: 0.000025 
| Global Round : 5 | Client :5 | Local Epoch : 4 | [64/604 (11%)]	Loss1: 5.843586 Loss2: 0.000022 
| Global Round : 5 | Client :6 | Local Epoch : 0 | [64/534 (12%)]	Loss1: 5.848201 Loss2: 0.000016 
| Global Round : 5 | Client :6 | Local Epoch : 1 | [64/534 (12%)]	Loss1: 5.848197 Loss2: 0.000019 
| Global Round : 5 | Client :6 | Local Epoch : 2 | [64/534 (12%)]	Loss1: 5.848877 Loss2: 0.000012 
| Global Round : 5 | Client :6 | Local Epoch : 3 | [64/534 (12%)]	Loss1: 5.847476 Loss2: 0.000021 
| Global Round : 5 | Client :6 | Local Epoch : 4 | [64/534 (12%)]	Loss1: 5.847428 Loss2: 0.000015 
| Global Round : 5 | Client :7 | Local Epoch : 0 | [64/824 (8%)]	Loss1: 5.844199 Loss2: 0.000029 
| Global Round : 5 | Client :7 | Local Epoch : 0 | [704/824 (92%)]	Loss1: 5.845986 Loss2: 0.000031 
| Global Round : 5 | Client :7 | Local Epoch : 1 | [64/824 (8%)]	Loss1: 5.844521 Loss2: 0.000032 
| Global Round : 5 | Client :7 | Local Epoch : 1 | [704/824 (92%)]	Loss1: 5.845282 Loss2: 0.000025 
| Global Round : 5 | Client :7 | Local Epoch : 2 | [64/824 (8%)]	Loss1: 5.845335 Loss2: 0.000027 
| Global Round : 5 | Client :7 | Local Epoch : 2 | [704/824 (92%)]	Loss1: 5.842957 Loss2: 0.000030 
| Global Round : 5 | Client :7 | Local Epoch : 3 | [64/824 (8%)]	Loss1: 5.845432 Loss2: 0.000033 
| Global Round : 5 | Client :7 | Local Epoch : 3 | [704/824 (92%)]	Loss1: 5.843946 Loss2: 0.000027 
| Global Round : 5 | Client :7 | Local Epoch : 4 | [64/824 (8%)]	Loss1: 5.846316 Loss2: 0.000026 
| Global Round : 5 | Client :7 | Local Epoch : 4 | [704/824 (92%)]	Loss1: 5.845853 Loss2: 0.000026 
| Global Round : 5 | Client :8 | Local Epoch : 0 | [64/714 (9%)]	Loss1: 5.849272 Loss2: 0.000021 
| Global Round : 5 | Client :8 | Local Epoch : 0 | [704/714 (100%)]	Loss1: 5.848884 Loss2: 0.000018 
| Global Round : 5 | Client :8 | Local Epoch : 1 | [64/714 (9%)]	Loss1: 5.848420 Loss2: 0.000019 
| Global Round : 5 | Client :8 | Local Epoch : 1 | [704/714 (100%)]	Loss1: 5.847625 Loss2: 0.000025 
| Global Round : 5 | Client :8 | Local Epoch : 2 | [64/714 (9%)]	Loss1: 5.846786 Loss2: 0.000024 
| Global Round : 5 | Client :8 | Local Epoch : 2 | [704/714 (100%)]	Loss1: 5.848761 Loss2: 0.000021 
| Global Round : 5 | Client :8 | Local Epoch : 3 | [64/714 (9%)]	Loss1: 5.847990 Loss2: 0.000020 
| Global Round : 5 | Client :8 | Local Epoch : 3 | [704/714 (100%)]	Loss1: 5.849794 Loss2: 0.000025 
| Global Round : 5 | Client :8 | Local Epoch : 4 | [64/714 (9%)]	Loss1: 5.847588 Loss2: 0.000020 
| Global Round : 5 | Client :8 | Local Epoch : 4 | [704/714 (100%)]	Loss1: 5.848704 Loss2: 0.000022 
| Global Round : 5 | Client :9 | Local Epoch : 0 | [64/607 (11%)]	Loss1: 5.849809 Loss2: 0.000013 
| Global Round : 5 | Client :9 | Local Epoch : 1 | [64/607 (11%)]	Loss1: 5.851208 Loss2: 0.000016 
| Global Round : 5 | Client :9 | Local Epoch : 2 | [64/607 (11%)]	Loss1: 5.849344 Loss2: 0.000013 
| Global Round : 5 | Client :9 | Local Epoch : 3 | [64/607 (11%)]	Loss1: 5.848841 Loss2: 0.000012 
| Global Round : 5 | Client :9 | Local Epoch : 4 | [64/607 (11%)]	Loss1: 5.849863 Loss2: 0.000012 
average loss:   5.843845756521818
average local test accuracy: 0.7906250000000001
average global test accuracy:  0.528125

 | Global Training Round : 6 |

xi_k [0.47634159 0.5336915  0.53380153 0.49575699 0.49172642 0.50832932
 0.51166354 0.49696463 0.52638614 0.50672872]
max_exp: -1.0
coe: 10
Regulation [0.8 0.8 0.8 0.8 0.8 0.8 0.8 0.8 0.8 0.8]
Solver status: optimal_inaccurate
b_new: [1. 1. 1. 1. 1. 1. 1. 1. 1. 1.]
Iter 0: obj=50.4139, best_obj=50.4139, ||b_new-b_prev||₂=2.846050
xi_k [0.47634159 0.5336915  0.53380153 0.49575699 0.49172642 0.50832932
 0.51166354 0.49696463 0.52638614 0.50672872]
max_exp: -1.0
coe: 10
Regulation [-1. -1. -1. -1. -1. -1. -1. -1. -1. -1.]
Solver status: optimal_inaccurate
b_new: [1. 1. 1. 1. 1. 1. 1. 1. 1. 1.]
Iter 1: obj=51.3139, best_obj=51.3139, ||b_new-b_prev||₂=0.000000
Converged.
Final b: [1. 1. 1. 1. 1. 1. 1. 1. 1. 1.]
<class 'numpy.ndarray'>
b_float: [1. 1. 1. 1. 1. 1. 1. 1. 1. 1.]
b: [1 1 1 1 1 1 1 1 1 1]
active_clients:  [0, 1, 2, 3, 4, 5, 6, 7, 8, 9]
Client 0's s_k are:[0 1 0 1 0 1 1 0 0 0]
Client 1's s_k are:[1 0 1 0 1 0 0 1 0 1]
Client 2's s_k are:[0 1 0 1 0 1 1 1 1 0]
Client 3's s_k are:[0 0 1 0 1 0 0 0 0 1]
Client 4's s_k are:[0 0 1 0 0 1 1 1 0 1]
Client 5's s_k are:[0 1 0 1 1 0 1 1 1 1]
Client 6's s_k are:[0 1 0 1 1 1 0 0 0 0]
Client 7's s_k are:[0 1 1 0 0 1 1 0 1 1]
Client 8's s_k are:[0 1 1 1 1 1 1 0 0 1]
Client 9's s_k are:[1 0 0 0 0 1 1 1 0 0]
| Global Round : 6 | Client :0 | Local Epoch : 0 | [64/573 (12%)]	Loss1: 5.845261 Loss2: 0.000032 
| Global Round : 6 | Client :0 | Local Epoch : 1 | [64/573 (12%)]	Loss1: 5.842664 Loss2: 0.000031 
| Global Round : 6 | Client :0 | Local Epoch : 2 | [64/573 (12%)]	Loss1: 5.842948 Loss2: 0.000034 
| Global Round : 6 | Client :0 | Local Epoch : 3 | [64/573 (12%)]	Loss1: 5.845149 Loss2: 0.000031 
| Global Round : 6 | Client :0 | Local Epoch : 4 | [64/573 (12%)]	Loss1: 5.843366 Loss2: 0.000031 
| Global Round : 6 | Client :1 | Local Epoch : 0 | [64/448 (14%)]	Loss1: 5.848385 Loss2: 0.000019 
| Global Round : 6 | Client :1 | Local Epoch : 1 | [64/448 (14%)]	Loss1: 5.848094 Loss2: 0.000019 
| Global Round : 6 | Client :1 | Local Epoch : 2 | [64/448 (14%)]	Loss1: 5.847877 Loss2: 0.000016 
| Global Round : 6 | Client :1 | Local Epoch : 3 | [64/448 (14%)]	Loss1: 5.847823 Loss2: 0.000019 
| Global Round : 6 | Client :1 | Local Epoch : 4 | [64/448 (14%)]	Loss1: 5.848078 Loss2: 0.000027 
| Global Round : 6 | Client :2 | Local Epoch : 0 | [64/448 (14%)]	Loss1: 5.847097 Loss2: 0.000013 
| Global Round : 6 | Client :2 | Local Epoch : 1 | [64/448 (14%)]	Loss1: 5.846432 Loss2: 0.000018 
| Global Round : 6 | Client :2 | Local Epoch : 2 | [64/448 (14%)]	Loss1: 5.846262 Loss2: 0.000016 
| Global Round : 6 | Client :2 | Local Epoch : 3 | [64/448 (14%)]	Loss1: 5.846465 Loss2: 0.000015 
| Global Round : 6 | Client :2 | Local Epoch : 4 | [64/448 (14%)]	Loss1: 5.846645 Loss2: 0.000015 
| Global Round : 6 | Client :3 | Local Epoch : 0 | [64/620 (11%)]	Loss1: 5.845394 Loss2: 0.000019 
| Global Round : 6 | Client :3 | Local Epoch : 1 | [64/620 (11%)]	Loss1: 5.847371 Loss2: 0.000018 
| Global Round : 6 | Client :3 | Local Epoch : 2 | [64/620 (11%)]	Loss1: 5.845070 Loss2: 0.000015 
| Global Round : 6 | Client :3 | Local Epoch : 3 | [64/620 (11%)]	Loss1: 5.844766 Loss2: 0.000017 
| Global Round : 6 | Client :3 | Local Epoch : 4 | [64/620 (11%)]	Loss1: 5.844368 Loss2: 0.000017 
| Global Round : 6 | Client :4 | Local Epoch : 0 | [64/625 (11%)]	Loss1: 5.846073 Loss2: 0.000018 
| Global Round : 6 | Client :4 | Local Epoch : 1 | [64/625 (11%)]	Loss1: 5.846772 Loss2: 0.000025 
| Global Round : 6 | Client :4 | Local Epoch : 2 | [64/625 (11%)]	Loss1: 5.846086 Loss2: 0.000022 
| Global Round : 6 | Client :4 | Local Epoch : 3 | [64/625 (11%)]	Loss1: 5.846469 Loss2: 0.000019 
| Global Round : 6 | Client :4 | Local Epoch : 4 | [64/625 (11%)]	Loss1: 5.846725 Loss2: 0.000024 
| Global Round : 6 | Client :5 | Local Epoch : 0 | [64/604 (11%)]	Loss1: 5.842925 Loss2: 0.000024 
| Global Round : 6 | Client :5 | Local Epoch : 1 | [64/604 (11%)]	Loss1: 5.844666 Loss2: 0.000022 
| Global Round : 6 | Client :5 | Local Epoch : 2 | [64/604 (11%)]	Loss1: 5.843309 Loss2: 0.000028 
| Global Round : 6 | Client :5 | Local Epoch : 3 | [64/604 (11%)]	Loss1: 5.842876 Loss2: 0.000027 
| Global Round : 6 | Client :5 | Local Epoch : 4 | [64/604 (11%)]	Loss1: 5.843526 Loss2: 0.000022 
| Global Round : 6 | Client :6 | Local Epoch : 0 | [64/534 (12%)]	Loss1: 5.849157 Loss2: 0.000020 
| Global Round : 6 | Client :6 | Local Epoch : 1 | [64/534 (12%)]	Loss1: 5.848023 Loss2: 0.000016 
| Global Round : 6 | Client :6 | Local Epoch : 2 | [64/534 (12%)]	Loss1: 5.845467 Loss2: 0.000018 
| Global Round : 6 | Client :6 | Local Epoch : 3 | [64/534 (12%)]	Loss1: 5.848259 Loss2: 0.000016 
| Global Round : 6 | Client :6 | Local Epoch : 4 | [64/534 (12%)]	Loss1: 5.846253 Loss2: 0.000016 
| Global Round : 6 | Client :7 | Local Epoch : 0 | [64/824 (8%)]	Loss1: 5.842275 Loss2: 0.000031 
| Global Round : 6 | Client :7 | Local Epoch : 0 | [704/824 (92%)]	Loss1: 5.843215 Loss2: 0.000031 
| Global Round : 6 | Client :7 | Local Epoch : 1 | [64/824 (8%)]	Loss1: 5.842978 Loss2: 0.000032 
| Global Round : 6 | Client :7 | Local Epoch : 1 | [704/824 (92%)]	Loss1: 5.842821 Loss2: 0.000033 
| Global Round : 6 | Client :7 | Local Epoch : 2 | [64/824 (8%)]	Loss1: 5.843818 Loss2: 0.000031 
| Global Round : 6 | Client :7 | Local Epoch : 2 | [704/824 (92%)]	Loss1: 5.843859 Loss2: 0.000027 
| Global Round : 6 | Client :7 | Local Epoch : 3 | [64/824 (8%)]	Loss1: 5.843527 Loss2: 0.000030 
| Global Round : 6 | Client :7 | Local Epoch : 3 | [704/824 (92%)]	Loss1: 5.843694 Loss2: 0.000030 
| Global Round : 6 | Client :7 | Local Epoch : 4 | [64/824 (8%)]	Loss1: 5.843610 Loss2: 0.000029 
| Global Round : 6 | Client :7 | Local Epoch : 4 | [704/824 (92%)]	Loss1: 5.843147 Loss2: 0.000025 
| Global Round : 6 | Client :8 | Local Epoch : 0 | [64/714 (9%)]	Loss1: 5.849505 Loss2: 0.000023 
| Global Round : 6 | Client :8 | Local Epoch : 0 | [704/714 (100%)]	Loss1: 5.849409 Loss2: 0.000024 
| Global Round : 6 | Client :8 | Local Epoch : 1 | [64/714 (9%)]	Loss1: 5.847936 Loss2: 0.000022 
| Global Round : 6 | Client :8 | Local Epoch : 1 | [704/714 (100%)]	Loss1: 5.846447 Loss2: 0.000024 
| Global Round : 6 | Client :8 | Local Epoch : 2 | [64/714 (9%)]	Loss1: 5.847308 Loss2: 0.000023 
| Global Round : 6 | Client :8 | Local Epoch : 2 | [704/714 (100%)]	Loss1: 5.847969 Loss2: 0.000024 
| Global Round : 6 | Client :8 | Local Epoch : 3 | [64/714 (9%)]	Loss1: 5.847929 Loss2: 0.000025 
| Global Round : 6 | Client :8 | Local Epoch : 3 | [704/714 (100%)]	Loss1: 5.846145 Loss2: 0.000025 
| Global Round : 6 | Client :8 | Local Epoch : 4 | [64/714 (9%)]	Loss1: 5.847492 Loss2: 0.000025 
| Global Round : 6 | Client :8 | Local Epoch : 4 | [704/714 (100%)]	Loss1: 5.847387 Loss2: 0.000024 
| Global Round : 6 | Client :9 | Local Epoch : 0 | [64/607 (11%)]	Loss1: 5.850533 Loss2: 0.000014 
| Global Round : 6 | Client :9 | Local Epoch : 1 | [64/607 (11%)]	Loss1: 5.846673 Loss2: 0.000015 
| Global Round : 6 | Client :9 | Local Epoch : 2 | [64/607 (11%)]	Loss1: 5.847250 Loss2: 0.000015 
| Global Round : 6 | Client :9 | Local Epoch : 3 | [64/607 (11%)]	Loss1: 5.848321 Loss2: 0.000017 
| Global Round : 6 | Client :9 | Local Epoch : 4 | [64/607 (11%)]	Loss1: 5.847723 Loss2: 0.000016 
average loss:   5.843163204021096
average local test accuracy: 0.809765625
average global test accuracy:  0.5234375

 | Global Training Round : 7 |

xi_k [0.47632988 0.53361656 0.53362626 0.49565952 0.49162342 0.50820699
 0.51160095 0.49685139 0.52619648 0.50655653]
max_exp: -1.0
coe: 10
Regulation [0.8 0.8 0.8 0.8 0.8 0.8 0.8 0.8 0.8 0.8]
Solver status: optimal_inaccurate
b_new: [1. 1. 1. 1. 1. 1. 1. 1. 1. 1.]
Iter 0: obj=50.4027, best_obj=50.4027, ||b_new-b_prev||₂=2.846050
xi_k [0.47632988 0.53361656 0.53362626 0.49565952 0.49162342 0.50820699
 0.51160095 0.49685139 0.52619648 0.50655653]
max_exp: -1.0
coe: 10
Regulation [-1. -1. -1. -1. -1. -1. -1. -1. -1. -1.]
Solver status: optimal_inaccurate
b_new: [1. 1. 1. 1. 1. 1. 1. 1. 1. 1.]
Iter 1: obj=51.3027, best_obj=51.3027, ||b_new-b_prev||₂=0.000000
Converged.
Final b: [1. 1. 1. 1. 1. 1. 1. 1. 1. 1.]
<class 'numpy.ndarray'>
b_float: [1. 1. 1. 1. 1. 1. 1. 1. 1. 1.]
b: [1 1 1 1 1 1 1 1 1 1]
active_clients:  [0, 1, 2, 3, 4, 5, 6, 7, 8, 9]
Client 0's s_k are:[0 1 0 0 1 1 1 1 0 1]
Client 1's s_k are:[0 0 0 1 0 0 0 0 1 0]
Client 2's s_k are:[0 0 0 1 0 1 1 0 0 0]
Client 3's s_k are:[0 0 0 0 0 0 0 1 1 0]
Client 4's s_k are:[0 1 1 1 0 1 1 1 1 0]
Client 5's s_k are:[1 0 0 0 0 0 0 1 0 0]
Client 6's s_k are:[1 1 1 1 1 1 0 1 1 1]
Client 7's s_k are:[0 0 0 1 0 0 0 0 0 0]
Client 8's s_k are:[0 1 1 1 1 0 0 1 0 1]
Client 9's s_k are:[1 0 1 0 0 1 1 1 0 0]
| Global Round : 7 | Client :0 | Local Epoch : 0 | [64/573 (12%)]	Loss1: 5.843517 Loss2: 0.000030 
| Global Round : 7 | Client :0 | Local Epoch : 1 | [64/573 (12%)]	Loss1: 5.843291 Loss2: 0.000030 
| Global Round : 7 | Client :0 | Local Epoch : 2 | [64/573 (12%)]	Loss1: 5.843626 Loss2: 0.000030 
| Global Round : 7 | Client :0 | Local Epoch : 3 | [64/573 (12%)]	Loss1: 5.841709 Loss2: 0.000033 
| Global Round : 7 | Client :0 | Local Epoch : 4 | [64/573 (12%)]	Loss1: 5.842893 Loss2: 0.000029 
| Global Round : 7 | Client :1 | Local Epoch : 0 | [64/448 (14%)]	Loss1: 5.846213 Loss2: 0.000023 
| Global Round : 7 | Client :1 | Local Epoch : 1 | [64/448 (14%)]	Loss1: 5.845984 Loss2: 0.000021 
| Global Round : 7 | Client :1 | Local Epoch : 2 | [64/448 (14%)]	Loss1: 5.847005 Loss2: 0.000025 
| Global Round : 7 | Client :1 | Local Epoch : 3 | [64/448 (14%)]	Loss1: 5.846584 Loss2: 0.000021 
| Global Round : 7 | Client :1 | Local Epoch : 4 | [64/448 (14%)]	Loss1: 5.844980 Loss2: 0.000023 
| Global Round : 7 | Client :2 | Local Epoch : 0 | [64/448 (14%)]	Loss1: 5.845542 Loss2: 0.000016 
| Global Round : 7 | Client :2 | Local Epoch : 1 | [64/448 (14%)]	Loss1: 5.846481 Loss2: 0.000016 
| Global Round : 7 | Client :2 | Local Epoch : 2 | [64/448 (14%)]	Loss1: 5.847321 Loss2: 0.000015 
| Global Round : 7 | Client :2 | Local Epoch : 3 | [64/448 (14%)]	Loss1: 5.846930 Loss2: 0.000018 
| Global Round : 7 | Client :2 | Local Epoch : 4 | [64/448 (14%)]	Loss1: 5.846526 Loss2: 0.000015 
| Global Round : 7 | Client :3 | Local Epoch : 0 | [64/620 (11%)]	Loss1: 5.844822 Loss2: 0.000036 
| Global Round : 7 | Client :3 | Local Epoch : 1 | [64/620 (11%)]	Loss1: 5.846019 Loss2: 0.000040 
| Global Round : 7 | Client :3 | Local Epoch : 2 | [64/620 (11%)]	Loss1: 5.846522 Loss2: 0.000033 
| Global Round : 7 | Client :3 | Local Epoch : 3 | [64/620 (11%)]	Loss1: 5.844148 Loss2: 0.000037 
| Global Round : 7 | Client :3 | Local Epoch : 4 | [64/620 (11%)]	Loss1: 5.847281 Loss2: 0.000035 
| Global Round : 7 | Client :4 | Local Epoch : 0 | [64/625 (11%)]	Loss1: 5.844648 Loss2: 0.000019 
| Global Round : 7 | Client :4 | Local Epoch : 1 | [64/625 (11%)]	Loss1: 5.845849 Loss2: 0.000021 
| Global Round : 7 | Client :4 | Local Epoch : 2 | [64/625 (11%)]	Loss1: 5.845417 Loss2: 0.000022 
| Global Round : 7 | Client :4 | Local Epoch : 3 | [64/625 (11%)]	Loss1: 5.846294 Loss2: 0.000018 
| Global Round : 7 | Client :4 | Local Epoch : 4 | [64/625 (11%)]	Loss1: 5.844805 Loss2: 0.000023 
| Global Round : 7 | Client :5 | Local Epoch : 0 | [64/604 (11%)]	Loss1: 5.842831 Loss2: 0.000040 
| Global Round : 7 | Client :5 | Local Epoch : 1 | [64/604 (11%)]	Loss1: 5.842363 Loss2: 0.000036 
| Global Round : 7 | Client :5 | Local Epoch : 2 | [64/604 (11%)]	Loss1: 5.843658 Loss2: 0.000034 
| Global Round : 7 | Client :5 | Local Epoch : 3 | [64/604 (11%)]	Loss1: 5.843013 Loss2: 0.000035 
| Global Round : 7 | Client :5 | Local Epoch : 4 | [64/604 (11%)]	Loss1: 5.842864 Loss2: 0.000036 
| Global Round : 7 | Client :6 | Local Epoch : 0 | [64/534 (12%)]	Loss1: 5.847244 Loss2: 0.000012 
| Global Round : 7 | Client :6 | Local Epoch : 1 | [64/534 (12%)]	Loss1: 5.846762 Loss2: 0.000019 
| Global Round : 7 | Client :6 | Local Epoch : 2 | [64/534 (12%)]	Loss1: 5.846832 Loss2: 0.000018 
| Global Round : 7 | Client :6 | Local Epoch : 3 | [64/534 (12%)]	Loss1: 5.846424 Loss2: 0.000017 
| Global Round : 7 | Client :6 | Local Epoch : 4 | [64/534 (12%)]	Loss1: 5.845160 Loss2: 0.000015 
| Global Round : 7 | Client :7 | Local Epoch : 0 | [64/824 (8%)]	Loss1: 5.844578 Loss2: 0.000047 
| Global Round : 7 | Client :7 | Local Epoch : 0 | [704/824 (92%)]	Loss1: 5.843662 Loss2: 0.000048 
| Global Round : 7 | Client :7 | Local Epoch : 1 | [64/824 (8%)]	Loss1: 5.843682 Loss2: 0.000050 
| Global Round : 7 | Client :7 | Local Epoch : 1 | [704/824 (92%)]	Loss1: 5.842947 Loss2: 0.000047 
| Global Round : 7 | Client :7 | Local Epoch : 2 | [64/824 (8%)]	Loss1: 5.843038 Loss2: 0.000050 
| Global Round : 7 | Client :7 | Local Epoch : 2 | [704/824 (92%)]	Loss1: 5.842829 Loss2: 0.000045 
| Global Round : 7 | Client :7 | Local Epoch : 3 | [64/824 (8%)]	Loss1: 5.842639 Loss2: 0.000053 
| Global Round : 7 | Client :7 | Local Epoch : 3 | [704/824 (92%)]	Loss1: 5.842665 Loss2: 0.000044 
| Global Round : 7 | Client :7 | Local Epoch : 4 | [64/824 (8%)]	Loss1: 5.843788 Loss2: 0.000047 
| Global Round : 7 | Client :7 | Local Epoch : 4 | [704/824 (92%)]	Loss1: 5.841118 Loss2: 0.000049 
| Global Round : 7 | Client :8 | Local Epoch : 0 | [64/714 (9%)]	Loss1: 5.845632 Loss2: 0.000029 
| Global Round : 7 | Client :8 | Local Epoch : 0 | [704/714 (100%)]	Loss1: 5.846918 Loss2: 0.000024 
| Global Round : 7 | Client :8 | Local Epoch : 1 | [64/714 (9%)]	Loss1: 5.846472 Loss2: 0.000024 
| Global Round : 7 | Client :8 | Local Epoch : 1 | [704/714 (100%)]	Loss1: 5.846809 Loss2: 0.000026 
| Global Round : 7 | Client :8 | Local Epoch : 2 | [64/714 (9%)]	Loss1: 5.846242 Loss2: 0.000022 
| Global Round : 7 | Client :8 | Local Epoch : 2 | [704/714 (100%)]	Loss1: 5.845400 Loss2: 0.000023 
| Global Round : 7 | Client :8 | Local Epoch : 3 | [64/714 (9%)]	Loss1: 5.845900 Loss2: 0.000025 
| Global Round : 7 | Client :8 | Local Epoch : 3 | [704/714 (100%)]	Loss1: 5.846329 Loss2: 0.000029 
| Global Round : 7 | Client :8 | Local Epoch : 4 | [64/714 (9%)]	Loss1: 5.846025 Loss2: 0.000024 
| Global Round : 7 | Client :8 | Local Epoch : 4 | [704/714 (100%)]	Loss1: 5.846630 Loss2: 0.000024 
| Global Round : 7 | Client :9 | Local Epoch : 0 | [64/607 (11%)]	Loss1: 5.849445 Loss2: 0.000017 
| Global Round : 7 | Client :9 | Local Epoch : 1 | [64/607 (11%)]	Loss1: 5.848526 Loss2: 0.000014 
| Global Round : 7 | Client :9 | Local Epoch : 2 | [64/607 (11%)]	Loss1: 5.846738 Loss2: 0.000018 
| Global Round : 7 | Client :9 | Local Epoch : 3 | [64/607 (11%)]	Loss1: 5.848344 Loss2: 0.000013 
| Global Round : 7 | Client :9 | Local Epoch : 4 | [64/607 (11%)]	Loss1: 5.846836 Loss2: 0.000016 
average loss:   5.842669836181239
average local test accuracy: 0.8166666666666667
average global test accuracy:  0.601171875

 | Global Training Round : 8 |

xi_k [0.47620425 0.5334136  0.53348491 0.49556217 0.49154169 0.50818468
 0.5114945  0.49680265 0.52604589 0.5064943 ]
max_exp: -1.0
coe: 10
Regulation [0.8 0.8 0.8 0.8 0.8 0.8 0.8 0.8 0.8 0.8]
Solver status: optimal_inaccurate
b_new: [1. 1. 1. 1. 1. 1. 1. 1. 1. 1.]
Iter 0: obj=50.3923, best_obj=50.3923, ||b_new-b_prev||₂=2.846050
xi_k [0.47620425 0.5334136  0.53348491 0.49556217 0.49154169 0.50818468
 0.5114945  0.49680265 0.52604589 0.5064943 ]
max_exp: -1.0
coe: 10
Regulation [-1. -1. -1. -1. -1. -1. -1. -1. -1. -1.]
Solver status: optimal_inaccurate
b_new: [1. 1. 1. 1. 1. 1. 1. 1. 1. 1.]
Iter 1: obj=51.2923, best_obj=51.2923, ||b_new-b_prev||₂=0.000000
Converged.
Final b: [1. 1. 1. 1. 1. 1. 1. 1. 1. 1.]
<class 'numpy.ndarray'>
b_float: [1. 1. 1. 1. 1. 1. 1. 1. 1. 1.]
b: [1 1 1 1 1 1 1 1 1 1]
active_clients:  [0, 1, 2, 3, 4, 5, 6, 7, 8, 9]
Client 0's s_k are:[0 1 0 0 1 0 0 0 1 0]
Client 1's s_k are:[0 0 1 0 0 0 1 1 1 0]
Client 2's s_k are:[0 1 0 1 0 0 0 0 0 0]
Client 3's s_k are:[0 1 1 0 1 1 0 1 1 1]
Client 4's s_k are:[1 0 1 1 0 0 0 0 0 1]
Client 5's s_k are:[1 1 0 0 0 0 1 0 0 1]
Client 6's s_k are:[0 0 0 1 0 1 0 0 0 0]
Client 7's s_k are:[0 0 0 0 1 1 1 0 1 0]
Client 8's s_k are:[0 0 0 0 0 1 1 1 0 1]
Client 9's s_k are:[1 1 1 1 1 1 1 1 1 0]
| Global Round : 8 | Client :0 | Local Epoch : 0 | [64/573 (12%)]	Loss1: 5.841402 Loss2: 0.000035 
| Global Round : 8 | Client :0 | Local Epoch : 1 | [64/573 (12%)]	Loss1: 5.843266 Loss2: 0.000031 
| Global Round : 8 | Client :0 | Local Epoch : 2 | [64/573 (12%)]	Loss1: 5.843257 Loss2: 0.000034 
| Global Round : 8 | Client :0 | Local Epoch : 3 | [64/573 (12%)]	Loss1: 5.843183 Loss2: 0.000032 
| Global Round : 8 | Client :0 | Local Epoch : 4 | [64/573 (12%)]	Loss1: 5.842098 Loss2: 0.000038 
| Global Round : 8 | Client :1 | Local Epoch : 0 | [64/448 (14%)]	Loss1: 5.845649 Loss2: 0.000024 
| Global Round : 8 | Client :1 | Local Epoch : 1 | [64/448 (14%)]	Loss1: 5.846755 Loss2: 0.000019 
| Global Round : 8 | Client :1 | Local Epoch : 2 | [64/448 (14%)]	Loss1: 5.847850 Loss2: 0.000020 
| Global Round : 8 | Client :1 | Local Epoch : 3 | [64/448 (14%)]	Loss1: 5.845767 Loss2: 0.000017 
| Global Round : 8 | Client :1 | Local Epoch : 4 | [64/448 (14%)]	Loss1: 5.845550 Loss2: 0.000018 
| Global Round : 8 | Client :2 | Local Epoch : 0 | [64/448 (14%)]	Loss1: 5.846030 Loss2: 0.000020 
| Global Round : 8 | Client :2 | Local Epoch : 1 | [64/448 (14%)]	Loss1: 5.845003 Loss2: 0.000019 
| Global Round : 8 | Client :2 | Local Epoch : 2 | [64/448 (14%)]	Loss1: 5.846540 Loss2: 0.000019 
| Global Round : 8 | Client :2 | Local Epoch : 3 | [64/448 (14%)]	Loss1: 5.845896 Loss2: 0.000018 
| Global Round : 8 | Client :2 | Local Epoch : 4 | [64/448 (14%)]	Loss1: 5.847565 Loss2: 0.000017 
| Global Round : 8 | Client :3 | Local Epoch : 0 | [64/620 (11%)]	Loss1: 5.843678 Loss2: 0.000020 
| Global Round : 8 | Client :3 | Local Epoch : 1 | [64/620 (11%)]	Loss1: 5.845494 Loss2: 0.000022 
| Global Round : 8 | Client :3 | Local Epoch : 2 | [64/620 (11%)]	Loss1: 5.845424 Loss2: 0.000021 
| Global Round : 8 | Client :3 | Local Epoch : 3 | [64/620 (11%)]	Loss1: 5.847240 Loss2: 0.000021 
| Global Round : 8 | Client :3 | Local Epoch : 4 | [64/620 (11%)]	Loss1: 5.845890 Loss2: 0.000021 
| Global Round : 8 | Client :4 | Local Epoch : 0 | [64/625 (11%)]	Loss1: 5.844444 Loss2: 0.000030 
| Global Round : 8 | Client :4 | Local Epoch : 1 | [64/625 (11%)]	Loss1: 5.847050 Loss2: 0.000021 
| Global Round : 8 | Client :4 | Local Epoch : 2 | [64/625 (11%)]	Loss1: 5.844974 Loss2: 0.000029 
| Global Round : 8 | Client :4 | Local Epoch : 3 | [64/625 (11%)]	Loss1: 5.846276 Loss2: 0.000031 
| Global Round : 8 | Client :4 | Local Epoch : 4 | [64/625 (11%)]	Loss1: 5.845972 Loss2: 0.000026 
| Global Round : 8 | Client :5 | Local Epoch : 0 | [64/604 (11%)]	Loss1: 5.842573 Loss2: 0.000018 
| Global Round : 8 | Client :5 | Local Epoch : 1 | [64/604 (11%)]	Loss1: 5.843423 Loss2: 0.000023 
| Global Round : 8 | Client :5 | Local Epoch : 2 | [64/604 (11%)]	Loss1: 5.841945 Loss2: 0.000023 
| Global Round : 8 | Client :5 | Local Epoch : 3 | [64/604 (11%)]	Loss1: 5.842543 Loss2: 0.000021 
| Global Round : 8 | Client :5 | Local Epoch : 4 | [64/604 (11%)]	Loss1: 5.843226 Loss2: 0.000023 
| Global Round : 8 | Client :6 | Local Epoch : 0 | [64/534 (12%)]	Loss1: 5.845946 Loss2: 0.000025 
| Global Round : 8 | Client :6 | Local Epoch : 1 | [64/534 (12%)]	Loss1: 5.845747 Loss2: 0.000027 
| Global Round : 8 | Client :6 | Local Epoch : 2 | [64/534 (12%)]	Loss1: 5.846756 Loss2: 0.000023 
| Global Round : 8 | Client :6 | Local Epoch : 3 | [64/534 (12%)]	Loss1: 5.846130 Loss2: 0.000025 
| Global Round : 8 | Client :6 | Local Epoch : 4 | [64/534 (12%)]	Loss1: 5.844068 Loss2: 0.000026 
| Global Round : 8 | Client :7 | Local Epoch : 0 | [64/824 (8%)]	Loss1: 5.843433 Loss2: 0.000033 
| Global Round : 8 | Client :7 | Local Epoch : 0 | [704/824 (92%)]	Loss1: 5.845006 Loss2: 0.000031 
| Global Round : 8 | Client :7 | Local Epoch : 1 | [64/824 (8%)]	Loss1: 5.843798 Loss2: 0.000029 
| Global Round : 8 | Client :7 | Local Epoch : 1 | [704/824 (92%)]	Loss1: 5.842255 Loss2: 0.000029 
| Global Round : 8 | Client :7 | Local Epoch : 2 | [64/824 (8%)]	Loss1: 5.841725 Loss2: 0.000035 
| Global Round : 8 | Client :7 | Local Epoch : 2 | [704/824 (92%)]	Loss1: 5.842621 Loss2: 0.000035 
| Global Round : 8 | Client :7 | Local Epoch : 3 | [64/824 (8%)]	Loss1: 5.842606 Loss2: 0.000029 
| Global Round : 8 | Client :7 | Local Epoch : 3 | [704/824 (92%)]	Loss1: 5.844105 Loss2: 0.000036 
| Global Round : 8 | Client :7 | Local Epoch : 4 | [64/824 (8%)]	Loss1: 5.843407 Loss2: 0.000033 
| Global Round : 8 | Client :7 | Local Epoch : 4 | [704/824 (92%)]	Loss1: 5.842151 Loss2: 0.000032 
| Global Round : 8 | Client :8 | Local Epoch : 0 | [64/714 (9%)]	Loss1: 5.845285 Loss2: 0.000020 
| Global Round : 8 | Client :8 | Local Epoch : 0 | [704/714 (100%)]	Loss1: 5.845764 Loss2: 0.000025 
| Global Round : 8 | Client :8 | Local Epoch : 1 | [64/714 (9%)]	Loss1: 5.847163 Loss2: 0.000024 
| Global Round : 8 | Client :8 | Local Epoch : 1 | [704/714 (100%)]	Loss1: 5.845982 Loss2: 0.000022 
| Global Round : 8 | Client :8 | Local Epoch : 2 | [64/714 (9%)]	Loss1: 5.846796 Loss2: 0.000021 
| Global Round : 8 | Client :8 | Local Epoch : 2 | [704/714 (100%)]	Loss1: 5.845765 Loss2: 0.000022 
| Global Round : 8 | Client :8 | Local Epoch : 3 | [64/714 (9%)]	Loss1: 5.846750 Loss2: 0.000023 
| Global Round : 8 | Client :8 | Local Epoch : 3 | [704/714 (100%)]	Loss1: 5.844172 Loss2: 0.000022 
| Global Round : 8 | Client :8 | Local Epoch : 4 | [64/714 (9%)]	Loss1: 5.845375 Loss2: 0.000022 
| Global Round : 8 | Client :8 | Local Epoch : 4 | [704/714 (100%)]	Loss1: 5.844726 Loss2: 0.000023 
| Global Round : 8 | Client :9 | Local Epoch : 0 | [64/607 (11%)]	Loss1: 5.849558 Loss2: 0.000014 
| Global Round : 8 | Client :9 | Local Epoch : 1 | [64/607 (11%)]	Loss1: 5.847245 Loss2: 0.000016 
| Global Round : 8 | Client :9 | Local Epoch : 2 | [64/607 (11%)]	Loss1: 5.846350 Loss2: 0.000015 
| Global Round : 8 | Client :9 | Local Epoch : 3 | [64/607 (11%)]	Loss1: 5.846246 Loss2: 0.000015 
| Global Round : 8 | Client :9 | Local Epoch : 4 | [64/607 (11%)]	Loss1: 5.846380 Loss2: 0.000015 
average loss:   5.842287123005455
average local test accuracy: 0.8213541666666666
average global test accuracy:  0.58046875

 | Global Training Round : 9 |

xi_k [0.47618803 0.53335628 0.53340278 0.49550474 0.49140785 0.50814978
 0.51143048 0.49679495 0.5259777  0.50635821]
max_exp: -1.0
coe: 10
Regulation [0.8 0.8 0.8 0.8 0.8 0.8 0.8 0.8 0.8 0.8]
Solver status: optimal_inaccurate
b_new: [1. 1. 1. 1. 1. 1. 1. 1. 1. 1.]
Iter 0: obj=50.3857, best_obj=50.3857, ||b_new-b_prev||₂=2.846050
xi_k [0.47618803 0.53335628 0.53340278 0.49550474 0.49140785 0.50814978
 0.51143048 0.49679495 0.5259777  0.50635821]
max_exp: -1.0
coe: 10
Regulation [-1. -1. -1. -1. -1. -1. -1. -1. -1. -1.]
Solver status: optimal_inaccurate
b_new: [1. 1. 1. 1. 1. 1. 1. 1. 1. 1.]
Iter 1: obj=51.2857, best_obj=51.2857, ||b_new-b_prev||₂=0.000000
Converged.
Final b: [1. 1. 1. 1. 1. 1. 1. 1. 1. 1.]
<class 'numpy.ndarray'>
b_float: [1. 1. 1. 1. 1. 1. 1. 1. 1. 1.]
b: [1 1 1 1 1 1 1 1 1 1]
active_clients:  [0, 1, 2, 3, 4, 5, 6, 7, 8, 9]
Client 0's s_k are:[0 0 1 0 1 1 1 1 1 1]
Client 1's s_k are:[1 0 1 0 1 1 1 0 1 1]
Client 2's s_k are:[1 1 0 1 1 0 0 0 1 0]
Client 3's s_k are:[1 1 0 0 0 1 0 0 0 1]
Client 4's s_k are:[0 1 1 0 0 0 0 0 0 1]
Client 5's s_k are:[1 1 0 0 1 0 1 0 1 1]
Client 6's s_k are:[1 0 1 1 0 1 0 1 0 1]
Client 7's s_k are:[0 1 0 1 1 0 1 0 0 1]
Client 8's s_k are:[0 0 1 0 1 0 1 1 0 1]
Client 9's s_k are:[0 1 1 0 1 0 1 0 1 0]
| Global Round : 9 | Client :0 | Local Epoch : 0 | [64/573 (12%)]	Loss1: 5.844158 Loss2: 0.000028 
| Global Round : 9 | Client :0 | Local Epoch : 1 | [64/573 (12%)]	Loss1: 5.842662 Loss2: 0.000028 
| Global Round : 9 | Client :0 | Local Epoch : 2 | [64/573 (12%)]	Loss1: 5.841153 Loss2: 0.000029 
| Global Round : 9 | Client :0 | Local Epoch : 3 | [64/573 (12%)]	Loss1: 5.841592 Loss2: 0.000033 
| Global Round : 9 | Client :0 | Local Epoch : 4 | [64/573 (12%)]	Loss1: 5.842306 Loss2: 0.000035 
| Global Round : 9 | Client :1 | Local Epoch : 0 | [64/448 (14%)]	Loss1: 5.845728 Loss2: 0.000021 
| Global Round : 9 | Client :1 | Local Epoch : 1 | [64/448 (14%)]	Loss1: 5.844965 Loss2: 0.000025 
| Global Round : 9 | Client :1 | Local Epoch : 2 | [64/448 (14%)]	Loss1: 5.845933 Loss2: 0.000027 
| Global Round : 9 | Client :1 | Local Epoch : 3 | [64/448 (14%)]	Loss1: 5.844803 Loss2: 0.000022 
| Global Round : 9 | Client :1 | Local Epoch : 4 | [64/448 (14%)]	Loss1: 5.845435 Loss2: 0.000019 
| Global Round : 9 | Client :2 | Local Epoch : 0 | [64/448 (14%)]	Loss1: 5.845092 Loss2: 0.000017 
| Global Round : 9 | Client :2 | Local Epoch : 1 | [64/448 (14%)]	Loss1: 5.844995 Loss2: 0.000017 
| Global Round : 9 | Client :2 | Local Epoch : 2 | [64/448 (14%)]	Loss1: 5.846485 Loss2: 0.000016 
| Global Round : 9 | Client :2 | Local Epoch : 3 | [64/448 (14%)]	Loss1: 5.847277 Loss2: 0.000017 
| Global Round : 9 | Client :2 | Local Epoch : 4 | [64/448 (14%)]	Loss1: 5.843767 Loss2: 0.000021 
| Global Round : 9 | Client :3 | Local Epoch : 0 | [64/620 (11%)]	Loss1: 5.843275 Loss2: 0.000016 
| Global Round : 9 | Client :3 | Local Epoch : 1 | [64/620 (11%)]	Loss1: 5.845559 Loss2: 0.000018 
| Global Round : 9 | Client :3 | Local Epoch : 2 | [64/620 (11%)]	Loss1: 5.843856 Loss2: 0.000018 
| Global Round : 9 | Client :3 | Local Epoch : 3 | [64/620 (11%)]	Loss1: 5.844862 Loss2: 0.000016 
| Global Round : 9 | Client :3 | Local Epoch : 4 | [64/620 (11%)]	Loss1: 5.844556 Loss2: 0.000021 
| Global Round : 9 | Client :4 | Local Epoch : 0 | [64/625 (11%)]	Loss1: 5.844889 Loss2: 0.000029 
| Global Round : 9 | Client :4 | Local Epoch : 1 | [64/625 (11%)]	Loss1: 5.843853 Loss2: 0.000024 
| Global Round : 9 | Client :4 | Local Epoch : 2 | [64/625 (11%)]	Loss1: 5.843685 Loss2: 0.000022 
| Global Round : 9 | Client :4 | Local Epoch : 3 | [64/625 (11%)]	Loss1: 5.843986 Loss2: 0.000022 
| Global Round : 9 | Client :4 | Local Epoch : 4 | [64/625 (11%)]	Loss1: 5.844277 Loss2: 0.000023 
| Global Round : 9 | Client :5 | Local Epoch : 0 | [64/604 (11%)]	Loss1: 5.841245 Loss2: 0.000021 
| Global Round : 9 | Client :5 | Local Epoch : 1 | [64/604 (11%)]	Loss1: 5.842357 Loss2: 0.000018 
| Global Round : 9 | Client :5 | Local Epoch : 2 | [64/604 (11%)]	Loss1: 5.841844 Loss2: 0.000022 
| Global Round : 9 | Client :5 | Local Epoch : 3 | [64/604 (11%)]	Loss1: 5.841546 Loss2: 0.000022 
| Global Round : 9 | Client :5 | Local Epoch : 4 | [64/604 (11%)]	Loss1: 5.841507 Loss2: 0.000019 
| Global Round : 9 | Client :6 | Local Epoch : 0 | [64/534 (12%)]	Loss1: 5.845934 Loss2: 0.000016 
| Global Round : 9 | Client :6 | Local Epoch : 1 | [64/534 (12%)]	Loss1: 5.845783 Loss2: 0.000016 
| Global Round : 9 | Client :6 | Local Epoch : 2 | [64/534 (12%)]	Loss1: 5.845934 Loss2: 0.000018 
| Global Round : 9 | Client :6 | Local Epoch : 3 | [64/534 (12%)]	Loss1: 5.845882 Loss2: 0.000019 
| Global Round : 9 | Client :6 | Local Epoch : 4 | [64/534 (12%)]	Loss1: 5.846340 Loss2: 0.000020 
| Global Round : 9 | Client :7 | Local Epoch : 0 | [64/824 (8%)]	Loss1: 5.842343 Loss2: 0.000029 
| Global Round : 9 | Client :7 | Local Epoch : 0 | [704/824 (92%)]	Loss1: 5.841417 Loss2: 0.000026 
| Global Round : 9 | Client :7 | Local Epoch : 1 | [64/824 (8%)]	Loss1: 5.841887 Loss2: 0.000028 
| Global Round : 9 | Client :7 | Local Epoch : 1 | [704/824 (92%)]	Loss1: 5.842121 Loss2: 0.000026 
| Global Round : 9 | Client :7 | Local Epoch : 2 | [64/824 (8%)]	Loss1: 5.841481 Loss2: 0.000027 
| Global Round : 9 | Client :7 | Local Epoch : 2 | [704/824 (92%)]	Loss1: 5.840690 Loss2: 0.000033 
| Global Round : 9 | Client :7 | Local Epoch : 3 | [64/824 (8%)]	Loss1: 5.842163 Loss2: 0.000032 
| Global Round : 9 | Client :7 | Local Epoch : 3 | [704/824 (92%)]	Loss1: 5.842102 Loss2: 0.000032 
| Global Round : 9 | Client :7 | Local Epoch : 4 | [64/824 (8%)]	Loss1: 5.842276 Loss2: 0.000031 
| Global Round : 9 | Client :7 | Local Epoch : 4 | [704/824 (92%)]	Loss1: 5.841571 Loss2: 0.000028 
| Global Round : 9 | Client :8 | Local Epoch : 0 | [64/714 (9%)]	Loss1: 5.845436 Loss2: 0.000024 
| Global Round : 9 | Client :8 | Local Epoch : 0 | [704/714 (100%)]	Loss1: 5.845434 Loss2: 0.000025 
| Global Round : 9 | Client :8 | Local Epoch : 1 | [64/714 (9%)]	Loss1: 5.845539 Loss2: 0.000023 
| Global Round : 9 | Client :8 | Local Epoch : 1 | [704/714 (100%)]	Loss1: 5.845387 Loss2: 0.000028 
| Global Round : 9 | Client :8 | Local Epoch : 2 | [64/714 (9%)]	Loss1: 5.843655 Loss2: 0.000023 
| Global Round : 9 | Client :8 | Local Epoch : 2 | [704/714 (100%)]	Loss1: 5.847552 Loss2: 0.000023 
| Global Round : 9 | Client :8 | Local Epoch : 3 | [64/714 (9%)]	Loss1: 5.844614 Loss2: 0.000024 
| Global Round : 9 | Client :8 | Local Epoch : 3 | [704/714 (100%)]	Loss1: 5.845197 Loss2: 0.000022 
| Global Round : 9 | Client :8 | Local Epoch : 4 | [64/714 (9%)]	Loss1: 5.845530 Loss2: 0.000022 
| Global Round : 9 | Client :8 | Local Epoch : 4 | [704/714 (100%)]	Loss1: 5.846282 Loss2: 0.000027 
| Global Round : 9 | Client :9 | Local Epoch : 0 | [64/607 (11%)]	Loss1: 5.845853 Loss2: 0.000019 
| Global Round : 9 | Client :9 | Local Epoch : 1 | [64/607 (11%)]	Loss1: 5.847198 Loss2: 0.000021 
| Global Round : 9 | Client :9 | Local Epoch : 2 | [64/607 (11%)]	Loss1: 5.846715 Loss2: 0.000018 
| Global Round : 9 | Client :9 | Local Epoch : 3 | [64/607 (11%)]	Loss1: 5.846069 Loss2: 0.000019 
| Global Round : 9 | Client :9 | Local Epoch : 4 | [64/607 (11%)]	Loss1: 5.846762 Loss2: 0.000022 
average loss:   5.841822062864964
average local test accuracy: 0.8196614583333334
average global test accuracy:  0.60703125

 | Global Training Round : 10 |

xi_k [0.47614123 0.53331994 0.53333711 0.4954238  0.49134457 0.50806561
 0.51127578 0.49673464 0.5258875  0.50628892]
max_exp: -1.0
coe: 10
Regulation [0.8 0.8 0.8 0.8 0.8 0.8 0.8 0.8 0.8 0.8]
Solver status: optimal_inaccurate
b_new: [1. 1. 1. 1. 1. 1. 1. 1. 1. 1.]
Iter 0: obj=50.3782, best_obj=50.3782, ||b_new-b_prev||₂=2.846050
xi_k [0.47614123 0.53331994 0.53333711 0.4954238  0.49134457 0.50806561
 0.51127578 0.49673464 0.5258875  0.50628892]
max_exp: -1.0
coe: 10
Regulation [-1. -1. -1. -1. -1. -1. -1. -1. -1. -1.]
Solver status: optimal_inaccurate
b_new: [1. 1. 1. 1. 1. 1. 1. 1. 1. 1.]
Iter 1: obj=51.2782, best_obj=51.2782, ||b_new-b_prev||₂=0.000000
Converged.
Final b: [1. 1. 1. 1. 1. 1. 1. 1. 1. 1.]
<class 'numpy.ndarray'>
b_float: [1. 1. 1. 1. 1. 1. 1. 1. 1. 1.]
b: [1 1 1 1 1 1 1 1 1 1]
active_clients:  [0, 1, 2, 3, 4, 5, 6, 7, 8, 9]
Client 0's s_k are:[0 0 1 0 1 0 1 0 1 0]
Client 1's s_k are:[1 0 1 1 1 1 1 1 1 1]
Client 2's s_k are:[0 0 0 0 0 0 0 0 0 1]
Client 3's s_k are:[1 1 0 0 1 0 1 0 0 0]
Client 4's s_k are:[0 0 0 1 0 1 0 1 0 0]
Client 5's s_k are:[0 0 1 0 0 0 0 1 0 0]
Client 6's s_k are:[1 0 0 0 0 1 0 0 1 0]
Client 7's s_k are:[1 1 0 1 1 0 1 0 1 0]
Client 8's s_k are:[0 0 0 1 0 0 0 0 0 0]
Client 9's s_k are:[0 0 0 0 0 1 0 0 0 0]
| Global Round : 10 | Client :0 | Local Epoch : 0 | [64/573 (12%)]	Loss1: 5.841255 Loss2: 0.000034 
| Global Round : 10 | Client :0 | Local Epoch : 1 | [64/573 (12%)]	Loss1: 5.841348 Loss2: 0.000034 
| Global Round : 10 | Client :0 | Local Epoch : 2 | [64/573 (12%)]	Loss1: 5.841732 Loss2: 0.000029 
| Global Round : 10 | Client :0 | Local Epoch : 3 | [64/573 (12%)]	Loss1: 5.842124 Loss2: 0.000036 
| Global Round : 10 | Client :0 | Local Epoch : 4 | [64/573 (12%)]	Loss1: 5.843204 Loss2: 0.000035 
| Global Round : 10 | Client :1 | Local Epoch : 0 | [64/448 (14%)]	Loss1: 5.844010 Loss2: 0.000020 
| Global Round : 10 | Client :1 | Local Epoch : 1 | [64/448 (14%)]	Loss1: 5.844500 Loss2: 0.000019 
| Global Round : 10 | Client :1 | Local Epoch : 2 | [64/448 (14%)]	Loss1: 5.844612 Loss2: 0.000019 
| Global Round : 10 | Client :1 | Local Epoch : 3 | [64/448 (14%)]	Loss1: 5.844337 Loss2: 0.000019 
| Global Round : 10 | Client :1 | Local Epoch : 4 | [64/448 (14%)]	Loss1: 5.844055 Loss2: 0.000023 
| Global Round : 10 | Client :2 | Local Epoch : 0 | [64/448 (14%)]	Loss1: 5.845281 Loss2: 0.000018 
| Global Round : 10 | Client :2 | Local Epoch : 1 | [64/448 (14%)]	Loss1: 5.845084 Loss2: 0.000017 
| Global Round : 10 | Client :2 | Local Epoch : 2 | [64/448 (14%)]	Loss1: 5.844389 Loss2: 0.000021 
| Global Round : 10 | Client :2 | Local Epoch : 3 | [64/448 (14%)]	Loss1: 5.843955 Loss2: 0.000020 
| Global Round : 10 | Client :2 | Local Epoch : 4 | [64/448 (14%)]	Loss1: 5.845245 Loss2: 0.000022 
| Global Round : 10 | Client :3 | Local Epoch : 0 | [64/620 (11%)]	Loss1: 5.843396 Loss2: 0.000019 
| Global Round : 10 | Client :3 | Local Epoch : 1 | [64/620 (11%)]	Loss1: 5.843188 Loss2: 0.000017 
| Global Round : 10 | Client :3 | Local Epoch : 2 | [64/620 (11%)]	Loss1: 5.844471 Loss2: 0.000016 
| Global Round : 10 | Client :3 | Local Epoch : 3 | [64/620 (11%)]	Loss1: 5.844794 Loss2: 0.000019 
| Global Round : 10 | Client :3 | Local Epoch : 4 | [64/620 (11%)]	Loss1: 5.845448 Loss2: 0.000019 
| Global Round : 10 | Client :4 | Local Epoch : 0 | [64/625 (11%)]	Loss1: 5.843144 Loss2: 0.000029 
| Global Round : 10 | Client :4 | Local Epoch : 1 | [64/625 (11%)]	Loss1: 5.843720 Loss2: 0.000023 
| Global Round : 10 | Client :4 | Local Epoch : 2 | [64/625 (11%)]	Loss1: 5.844276 Loss2: 0.000027 
| Global Round : 10 | Client :4 | Local Epoch : 3 | [64/625 (11%)]	Loss1: 5.842920 Loss2: 0.000023 
| Global Round : 10 | Client :4 | Local Epoch : 4 | [64/625 (11%)]	Loss1: 5.843552 Loss2: 0.000024 
| Global Round : 10 | Client :5 | Local Epoch : 0 | [64/604 (11%)]	Loss1: 5.841948 Loss2: 0.000035 
| Global Round : 10 | Client :5 | Local Epoch : 1 | [64/604 (11%)]	Loss1: 5.840578 Loss2: 0.000032 
| Global Round : 10 | Client :5 | Local Epoch : 2 | [64/604 (11%)]	Loss1: 5.841070 Loss2: 0.000036 
| Global Round : 10 | Client :5 | Local Epoch : 3 | [64/604 (11%)]	Loss1: 5.841344 Loss2: 0.000036 
| Global Round : 10 | Client :5 | Local Epoch : 4 | [64/604 (11%)]	Loss1: 5.840797 Loss2: 0.000033 
| Global Round : 10 | Client :6 | Local Epoch : 0 | [64/534 (12%)]	Loss1: 5.844869 Loss2: 0.000025 
| Global Round : 10 | Client :6 | Local Epoch : 1 | [64/534 (12%)]	Loss1: 5.845258 Loss2: 0.000021 
| Global Round : 10 | Client :6 | Local Epoch : 2 | [64/534 (12%)]	Loss1: 5.844702 Loss2: 0.000020 
| Global Round : 10 | Client :6 | Local Epoch : 3 | [64/534 (12%)]	Loss1: 5.845449 Loss2: 0.000022 
| Global Round : 10 | Client :6 | Local Epoch : 4 | [64/534 (12%)]	Loss1: 5.844770 Loss2: 0.000021 
| Global Round : 10 | Client :7 | Local Epoch : 0 | [64/824 (8%)]	Loss1: 5.841404 Loss2: 0.000023 
| Global Round : 10 | Client :7 | Local Epoch : 0 | [704/824 (92%)]	Loss1: 5.843072 Loss2: 0.000029 
| Global Round : 10 | Client :7 | Local Epoch : 1 | [64/824 (8%)]	Loss1: 5.842750 Loss2: 0.000031 
| Global Round : 10 | Client :7 | Local Epoch : 1 | [704/824 (92%)]	Loss1: 5.842303 Loss2: 0.000028 
| Global Round : 10 | Client :7 | Local Epoch : 2 | [64/824 (8%)]	Loss1: 5.843277 Loss2: 0.000024 
| Global Round : 10 | Client :7 | Local Epoch : 2 | [704/824 (92%)]	Loss1: 5.842103 Loss2: 0.000025 
| Global Round : 10 | Client :7 | Local Epoch : 3 | [64/824 (8%)]	Loss1: 5.841519 Loss2: 0.000029 
| Global Round : 10 | Client :7 | Local Epoch : 3 | [704/824 (92%)]	Loss1: 5.842865 Loss2: 0.000029 
| Global Round : 10 | Client :7 | Local Epoch : 4 | [64/824 (8%)]	Loss1: 5.841563 Loss2: 0.000022 
| Global Round : 10 | Client :7 | Local Epoch : 4 | [704/824 (92%)]	Loss1: 5.841892 Loss2: 0.000026 
| Global Round : 10 | Client :8 | Local Epoch : 0 | [64/714 (9%)]	Loss1: 5.845442 Loss2: 0.000037 
| Global Round : 10 | Client :8 | Local Epoch : 0 | [704/714 (100%)]	Loss1: 5.844705 Loss2: 0.000037 
| Global Round : 10 | Client :8 | Local Epoch : 1 | [64/714 (9%)]	Loss1: 5.845399 Loss2: 0.000041 
| Global Round : 10 | Client :8 | Local Epoch : 1 | [704/714 (100%)]	Loss1: 5.845160 Loss2: 0.000037 
| Global Round : 10 | Client :8 | Local Epoch : 2 | [64/714 (9%)]	Loss1: 5.846296 Loss2: 0.000038 
| Global Round : 10 | Client :8 | Local Epoch : 2 | [704/714 (100%)]	Loss1: 5.845052 Loss2: 0.000035 
| Global Round : 10 | Client :8 | Local Epoch : 3 | [64/714 (9%)]	Loss1: 5.846156 Loss2: 0.000040 
| Global Round : 10 | Client :8 | Local Epoch : 3 | [704/714 (100%)]	Loss1: 5.845790 Loss2: 0.000036 
| Global Round : 10 | Client :8 | Local Epoch : 4 | [64/714 (9%)]	Loss1: 5.845202 Loss2: 0.000037 
| Global Round : 10 | Client :8 | Local Epoch : 4 | [704/714 (100%)]	Loss1: 5.844888 Loss2: 0.000044 
| Global Round : 10 | Client :9 | Local Epoch : 0 | [64/607 (11%)]	Loss1: 5.845256 Loss2: 0.000017 
| Global Round : 10 | Client :9 | Local Epoch : 1 | [64/607 (11%)]	Loss1: 5.845630 Loss2: 0.000020 
| Global Round : 10 | Client :9 | Local Epoch : 2 | [64/607 (11%)]	Loss1: 5.845117 Loss2: 0.000016 
| Global Round : 10 | Client :9 | Local Epoch : 3 | [64/607 (11%)]	Loss1: 5.845949 Loss2: 0.000024 
| Global Round : 10 | Client :9 | Local Epoch : 4 | [64/607 (11%)]	Loss1: 5.844203 Loss2: 0.000020 
average loss:   5.841396295439457
average local test accuracy: 0.81640625
average global test accuracy:  0.596875

 | Global Training Round : 11 |

xi_k [0.4761117  0.53323196 0.53317356 0.49536172 0.49132666 0.50805207
 0.51126122 0.49666108 0.52577447 0.50611162]
max_exp: -1.0
coe: 10
Regulation [0.8 0.8 0.8 0.8 0.8 0.8 0.8 0.8 0.8 0.8]
Solver status: optimal_inaccurate
b_new: [1. 1. 1. 1. 1. 1. 1. 1. 1. 1.]
Iter 0: obj=50.3707, best_obj=50.3707, ||b_new-b_prev||₂=2.846050
xi_k [0.4761117  0.53323196 0.53317356 0.49536172 0.49132666 0.50805207
 0.51126122 0.49666108 0.52577447 0.50611162]
max_exp: -1.0
coe: 10
Regulation [-1. -1. -1. -1. -1. -1. -1. -1. -1. -1.]
Solver status: optimal_inaccurate
b_new: [1. 1. 1. 1. 1. 1. 1. 1. 1. 1.]
Iter 1: obj=51.2707, best_obj=51.2707, ||b_new-b_prev||₂=0.000000
Converged.
Final b: [1. 1. 1. 1. 1. 1. 1. 1. 1. 1.]
<class 'numpy.ndarray'>
b_float: [1. 1. 1. 1. 1. 1. 1. 1. 1. 1.]
b: [1 1 1 1 1 1 1 1 1 1]
active_clients:  [0, 1, 2, 3, 4, 5, 6, 7, 8, 9]
Client 0's s_k are:[0 0 1 0 1 1 0 0 1 0]
Client 1's s_k are:[1 0 1 1 1 1 1 1 1 1]
Client 2's s_k are:[0 1 0 0 0 1 1 0 0 1]
Client 3's s_k are:[1 0 1 0 0 1 1 1 0 1]
Client 4's s_k are:[0 0 1 0 0 0 0 0 0 0]
Client 5's s_k are:[0 0 0 0 1 0 1 0 1 1]
Client 6's s_k are:[1 0 0 0 0 0 0 0 0 0]
Client 7's s_k are:[1 1 1 0 0 0 0 0 0 1]
Client 8's s_k are:[1 1 1 1 0 1 0 0 0 0]
Client 9's s_k are:[1 0 0 0 1 1 1 1 0 0]
| Global Round : 11 | Client :0 | Local Epoch : 0 | [64/573 (12%)]	Loss1: 5.843094 Loss2: 0.000032 
| Global Round : 11 | Client :0 | Local Epoch : 1 | [64/573 (12%)]	Loss1: 5.841250 Loss2: 0.000029 
| Global Round : 11 | Client :0 | Local Epoch : 2 | [64/573 (12%)]	Loss1: 5.841727 Loss2: 0.000029 
| Global Round : 11 | Client :0 | Local Epoch : 3 | [64/573 (12%)]	Loss1: 5.842002 Loss2: 0.000027 
| Global Round : 11 | Client :0 | Local Epoch : 4 | [64/573 (12%)]	Loss1: 5.842745 Loss2: 0.000033 
| Global Round : 11 | Client :1 | Local Epoch : 0 | [64/448 (14%)]	Loss1: 5.844126 Loss2: 0.000020 
| Global Round : 11 | Client :1 | Local Epoch : 1 | [64/448 (14%)]	Loss1: 5.844839 Loss2: 0.000018 
| Global Round : 11 | Client :1 | Local Epoch : 2 | [64/448 (14%)]	Loss1: 5.843144 Loss2: 0.000018 
| Global Round : 11 | Client :1 | Local Epoch : 3 | [64/448 (14%)]	Loss1: 5.843232 Loss2: 0.000018 
| Global Round : 11 | Client :1 | Local Epoch : 4 | [64/448 (14%)]	Loss1: 5.842996 Loss2: 0.000018 
| Global Round : 11 | Client :2 | Local Epoch : 0 | [64/448 (14%)]	Loss1: 5.843799 Loss2: 0.000019 
| Global Round : 11 | Client :2 | Local Epoch : 1 | [64/448 (14%)]	Loss1: 5.844192 Loss2: 0.000019 
| Global Round : 11 | Client :2 | Local Epoch : 2 | [64/448 (14%)]	Loss1: 5.844775 Loss2: 0.000018 
| Global Round : 11 | Client :2 | Local Epoch : 3 | [64/448 (14%)]	Loss1: 5.843850 Loss2: 0.000016 
| Global Round : 11 | Client :2 | Local Epoch : 4 | [64/448 (14%)]	Loss1: 5.844591 Loss2: 0.000015 
| Global Round : 11 | Client :3 | Local Epoch : 0 | [64/620 (11%)]	Loss1: 5.844789 Loss2: 0.000019 
| Global Round : 11 | Client :3 | Local Epoch : 1 | [64/620 (11%)]	Loss1: 5.845890 Loss2: 0.000019 
| Global Round : 11 | Client :3 | Local Epoch : 2 | [64/620 (11%)]	Loss1: 5.845077 Loss2: 0.000016 
| Global Round : 11 | Client :3 | Local Epoch : 3 | [64/620 (11%)]	Loss1: 5.842783 Loss2: 0.000019 
| Global Round : 11 | Client :3 | Local Epoch : 4 | [64/620 (11%)]	Loss1: 5.842634 Loss2: 0.000016 
| Global Round : 11 | Client :4 | Local Epoch : 0 | [64/625 (11%)]	Loss1: 5.843061 Loss2: 0.000026 
| Global Round : 11 | Client :4 | Local Epoch : 1 | [64/625 (11%)]	Loss1: 5.845632 Loss2: 0.000027 
| Global Round : 11 | Client :4 | Local Epoch : 2 | [64/625 (11%)]	Loss1: 5.844551 Loss2: 0.000027 
| Global Round : 11 | Client :4 | Local Epoch : 3 | [64/625 (11%)]	Loss1: 5.843679 Loss2: 0.000023 
| Global Round : 11 | Client :4 | Local Epoch : 4 | [64/625 (11%)]	Loss1: 5.842774 Loss2: 0.000029 
| Global Round : 11 | Client :5 | Local Epoch : 0 | [64/604 (11%)]	Loss1: 5.840448 Loss2: 0.000023 
| Global Round : 11 | Client :5 | Local Epoch : 1 | [64/604 (11%)]	Loss1: 5.840787 Loss2: 0.000023 
| Global Round : 11 | Client :5 | Local Epoch : 2 | [64/604 (11%)]	Loss1: 5.840829 Loss2: 0.000025 
| Global Round : 11 | Client :5 | Local Epoch : 3 | [64/604 (11%)]	Loss1: 5.841049 Loss2: 0.000023 
| Global Round : 11 | Client :5 | Local Epoch : 4 | [64/604 (11%)]	Loss1: 5.841475 Loss2: 0.000021 
| Global Round : 11 | Client :6 | Local Epoch : 0 | [64/534 (12%)]	Loss1: 5.844293 Loss2: 0.000033 
| Global Round : 11 | Client :6 | Local Epoch : 1 | [64/534 (12%)]	Loss1: 5.845710 Loss2: 0.000037 
| Global Round : 11 | Client :6 | Local Epoch : 2 | [64/534 (12%)]	Loss1: 5.846299 Loss2: 0.000031 
| Global Round : 11 | Client :6 | Local Epoch : 3 | [64/534 (12%)]	Loss1: 5.844239 Loss2: 0.000033 
| Global Round : 11 | Client :6 | Local Epoch : 4 | [64/534 (12%)]	Loss1: 5.845697 Loss2: 0.000038 
| Global Round : 11 | Client :7 | Local Epoch : 0 | [64/824 (8%)]	Loss1: 5.842613 Loss2: 0.000034 
| Global Round : 11 | Client :7 | Local Epoch : 0 | [704/824 (92%)]	Loss1: 5.841894 Loss2: 0.000036 
| Global Round : 11 | Client :7 | Local Epoch : 1 | [64/824 (8%)]	Loss1: 5.840518 Loss2: 0.000032 
| Global Round : 11 | Client :7 | Local Epoch : 1 | [704/824 (92%)]	Loss1: 5.842254 Loss2: 0.000033 
| Global Round : 11 | Client :7 | Local Epoch : 2 | [64/824 (8%)]	Loss1: 5.840815 Loss2: 0.000029 
| Global Round : 11 | Client :7 | Local Epoch : 2 | [704/824 (92%)]	Loss1: 5.842278 Loss2: 0.000032 
| Global Round : 11 | Client :7 | Local Epoch : 3 | [64/824 (8%)]	Loss1: 5.843183 Loss2: 0.000035 
| Global Round : 11 | Client :7 | Local Epoch : 3 | [704/824 (92%)]	Loss1: 5.842155 Loss2: 0.000029 
| Global Round : 11 | Client :7 | Local Epoch : 4 | [64/824 (8%)]	Loss1: 5.841206 Loss2: 0.000031 
| Global Round : 11 | Client :7 | Local Epoch : 4 | [704/824 (92%)]	Loss1: 5.842496 Loss2: 0.000028 
| Global Round : 11 | Client :8 | Local Epoch : 0 | [64/714 (9%)]	Loss1: 5.844730 Loss2: 0.000028 
| Global Round : 11 | Client :8 | Local Epoch : 0 | [704/714 (100%)]	Loss1: 5.843667 Loss2: 0.000028 
| Global Round : 11 | Client :8 | Local Epoch : 1 | [64/714 (9%)]	Loss1: 5.845731 Loss2: 0.000025 
| Global Round : 11 | Client :8 | Local Epoch : 1 | [704/714 (100%)]	Loss1: 5.844233 Loss2: 0.000026 
| Global Round : 11 | Client :8 | Local Epoch : 2 | [64/714 (9%)]	Loss1: 5.844702 Loss2: 0.000027 
| Global Round : 11 | Client :8 | Local Epoch : 2 | [704/714 (100%)]	Loss1: 5.844335 Loss2: 0.000024 
| Global Round : 11 | Client :8 | Local Epoch : 3 | [64/714 (9%)]	Loss1: 5.843965 Loss2: 0.000025 
| Global Round : 11 | Client :8 | Local Epoch : 3 | [704/714 (100%)]	Loss1: 5.845374 Loss2: 0.000029 
| Global Round : 11 | Client :8 | Local Epoch : 4 | [64/714 (9%)]	Loss1: 5.845580 Loss2: 0.000029 
| Global Round : 11 | Client :8 | Local Epoch : 4 | [704/714 (100%)]	Loss1: 5.844287 Loss2: 0.000028 
| Global Round : 11 | Client :9 | Local Epoch : 0 | [64/607 (11%)]	Loss1: 5.845293 Loss2: 0.000018 
| Global Round : 11 | Client :9 | Local Epoch : 1 | [64/607 (11%)]	Loss1: 5.846589 Loss2: 0.000021 
| Global Round : 11 | Client :9 | Local Epoch : 2 | [64/607 (11%)]	Loss1: 5.845852 Loss2: 0.000026 
| Global Round : 11 | Client :9 | Local Epoch : 3 | [64/607 (11%)]	Loss1: 5.845597 Loss2: 0.000019 
| Global Round : 11 | Client :9 | Local Epoch : 4 | [64/607 (11%)]	Loss1: 5.845003 Loss2: 0.000018 
average loss:   5.841113059431272
average local test accuracy: 0.8188802083333334
average global test accuracy:  0.593359375

 | Global Training Round : 12 |

xi_k [0.47610289 0.53316753 0.5330845  0.49527294 0.49133289 0.50802327
 0.51115856 0.4966631  0.52575595 0.50604455]
max_exp: -1.0
coe: 10
Regulation [0.8 0.8 0.8 0.8 0.8 0.8 0.8 0.8 0.8 0.8]
Solver status: optimal_inaccurate
b_new: [1. 1. 1. 1. 1. 1. 1. 1. 1. 1.]
Iter 0: obj=50.3661, best_obj=50.3661, ||b_new-b_prev||₂=2.846050
xi_k [0.47610289 0.53316753 0.5330845  0.49527294 0.49133289 0.50802327
 0.51115856 0.4966631  0.52575595 0.50604455]
max_exp: -1.0
coe: 10
Regulation [-1. -1. -1. -1. -1. -1. -1. -1. -1. -1.]
Solver status: optimal_inaccurate
b_new: [1. 1. 1. 1. 1. 1. 1. 1. 1. 1.]
Iter 1: obj=51.2661, best_obj=51.2661, ||b_new-b_prev||₂=0.000000
Converged.
Final b: [1. 1. 1. 1. 1. 1. 1. 1. 1. 1.]
<class 'numpy.ndarray'>
b_float: [1. 1. 1. 1. 1. 1. 1. 1. 1. 1.]
b: [1 1 1 1 1 1 1 1 1 1]
active_clients:  [0, 1, 2, 3, 4, 5, 6, 7, 8, 9]
Client 0's s_k are:[0 0 0 0 0 0 0 1 1 0]
Client 1's s_k are:[0 0 0 0 1 0 1 1 0 0]
Client 2's s_k are:[0 0 0 0 0 0 1 0 1 0]
Client 3's s_k are:[0 0 0 0 1 0 1 1 1 1]
Client 4's s_k are:[0 0 1 0 0 0 1 0 0 1]
Client 5's s_k are:[0 1 1 1 1 0 1 1 1 1]
Client 6's s_k are:[1 0 1 0 1 1 0 1 1 1]
Client 7's s_k are:[1 0 0 0 1 0 0 0 0 0]
Client 8's s_k are:[1 1 1 1 1 1 1 1 0 1]
Client 9's s_k are:[0 0 0 1 0 0 0 1 0 0]
| Global Round : 12 | Client :0 | Local Epoch : 0 | [64/573 (12%)]	Loss1: 5.842760 Loss2: 0.000034 
| Global Round : 12 | Client :0 | Local Epoch : 1 | [64/573 (12%)]	Loss1: 5.840966 Loss2: 0.000032 
| Global Round : 12 | Client :0 | Local Epoch : 2 | [64/573 (12%)]	Loss1: 5.840512 Loss2: 0.000035 
| Global Round : 12 | Client :0 | Local Epoch : 3 | [64/573 (12%)]	Loss1: 5.841116 Loss2: 0.000033 
| Global Round : 12 | Client :0 | Local Epoch : 4 | [64/573 (12%)]	Loss1: 5.843013 Loss2: 0.000034 
| Global Round : 12 | Client :1 | Local Epoch : 0 | [64/448 (14%)]	Loss1: 5.843152 Loss2: 0.000016 
| Global Round : 12 | Client :1 | Local Epoch : 1 | [64/448 (14%)]	Loss1: 5.843696 Loss2: 0.000021 
| Global Round : 12 | Client :1 | Local Epoch : 2 | [64/448 (14%)]	Loss1: 5.844331 Loss2: 0.000018 
| Global Round : 12 | Client :1 | Local Epoch : 3 | [64/448 (14%)]	Loss1: 5.844313 Loss2: 0.000017 
| Global Round : 12 | Client :1 | Local Epoch : 4 | [64/448 (14%)]	Loss1: 5.844614 Loss2: 0.000018 
| Global Round : 12 | Client :2 | Local Epoch : 0 | [64/448 (14%)]	Loss1: 5.843417 Loss2: 0.000018 
| Global Round : 12 | Client :2 | Local Epoch : 1 | [64/448 (14%)]	Loss1: 5.845357 Loss2: 0.000015 
| Global Round : 12 | Client :2 | Local Epoch : 2 | [64/448 (14%)]	Loss1: 5.844470 Loss2: 0.000015 
| Global Round : 12 | Client :2 | Local Epoch : 3 | [64/448 (14%)]	Loss1: 5.844231 Loss2: 0.000020 
| Global Round : 12 | Client :2 | Local Epoch : 4 | [64/448 (14%)]	Loss1: 5.843703 Loss2: 0.000017 
| Global Round : 12 | Client :3 | Local Epoch : 0 | [64/620 (11%)]	Loss1: 5.844135 Loss2: 0.000025 
| Global Round : 12 | Client :3 | Local Epoch : 1 | [64/620 (11%)]	Loss1: 5.844520 Loss2: 0.000021 
| Global Round : 12 | Client :3 | Local Epoch : 2 | [64/620 (11%)]	Loss1: 5.844637 Loss2: 0.000020 
| Global Round : 12 | Client :3 | Local Epoch : 3 | [64/620 (11%)]	Loss1: 5.844509 Loss2: 0.000025 
| Global Round : 12 | Client :3 | Local Epoch : 4 | [64/620 (11%)]	Loss1: 5.843716 Loss2: 0.000021 
| Global Round : 12 | Client :4 | Local Epoch : 0 | [64/625 (11%)]	Loss1: 5.841838 Loss2: 0.000020 
| Global Round : 12 | Client :4 | Local Epoch : 1 | [64/625 (11%)]	Loss1: 5.843826 Loss2: 0.000024 
| Global Round : 12 | Client :4 | Local Epoch : 2 | [64/625 (11%)]	Loss1: 5.842486 Loss2: 0.000026 
| Global Round : 12 | Client :4 | Local Epoch : 3 | [64/625 (11%)]	Loss1: 5.843182 Loss2: 0.000025 
| Global Round : 12 | Client :4 | Local Epoch : 4 | [64/625 (11%)]	Loss1: 5.842083 Loss2: 0.000024 
| Global Round : 12 | Client :5 | Local Epoch : 0 | [64/604 (11%)]	Loss1: 5.841623 Loss2: 0.000023 
| Global Round : 12 | Client :5 | Local Epoch : 1 | [64/604 (11%)]	Loss1: 5.841276 Loss2: 0.000026 
| Global Round : 12 | Client :5 | Local Epoch : 2 | [64/604 (11%)]	Loss1: 5.840703 Loss2: 0.000022 
| Global Round : 12 | Client :5 | Local Epoch : 3 | [64/604 (11%)]	Loss1: 5.840232 Loss2: 0.000023 
| Global Round : 12 | Client :5 | Local Epoch : 4 | [64/604 (11%)]	Loss1: 5.841557 Loss2: 0.000024 
| Global Round : 12 | Client :6 | Local Epoch : 0 | [64/534 (12%)]	Loss1: 5.843632 Loss2: 0.000013 
| Global Round : 12 | Client :6 | Local Epoch : 1 | [64/534 (12%)]	Loss1: 5.844531 Loss2: 0.000016 
| Global Round : 12 | Client :6 | Local Epoch : 2 | [64/534 (12%)]	Loss1: 5.843886 Loss2: 0.000015 
| Global Round : 12 | Client :6 | Local Epoch : 3 | [64/534 (12%)]	Loss1: 5.842623 Loss2: 0.000016 
| Global Round : 12 | Client :6 | Local Epoch : 4 | [64/534 (12%)]	Loss1: 5.843849 Loss2: 0.000016 
| Global Round : 12 | Client :7 | Local Epoch : 0 | [64/824 (8%)]	Loss1: 5.841512 Loss2: 0.000028 
| Global Round : 12 | Client :7 | Local Epoch : 0 | [704/824 (92%)]	Loss1: 5.841845 Loss2: 0.000032 
| Global Round : 12 | Client :7 | Local Epoch : 1 | [64/824 (8%)]	Loss1: 5.841991 Loss2: 0.000032 
| Global Round : 12 | Client :7 | Local Epoch : 1 | [704/824 (92%)]	Loss1: 5.843305 Loss2: 0.000036 
| Global Round : 12 | Client :7 | Local Epoch : 2 | [64/824 (8%)]	Loss1: 5.841902 Loss2: 0.000030 
| Global Round : 12 | Client :7 | Local Epoch : 2 | [704/824 (92%)]	Loss1: 5.840775 Loss2: 0.000036 
| Global Round : 12 | Client :7 | Local Epoch : 3 | [64/824 (8%)]	Loss1: 5.841591 Loss2: 0.000031 
| Global Round : 12 | Client :7 | Local Epoch : 3 | [704/824 (92%)]	Loss1: 5.840433 Loss2: 0.000031 
| Global Round : 12 | Client :7 | Local Epoch : 4 | [64/824 (8%)]	Loss1: 5.840896 Loss2: 0.000030 
| Global Round : 12 | Client :7 | Local Epoch : 4 | [704/824 (92%)]	Loss1: 5.842569 Loss2: 0.000036 
| Global Round : 12 | Client :8 | Local Epoch : 0 | [64/714 (9%)]	Loss1: 5.844516 Loss2: 0.000023 
| Global Round : 12 | Client :8 | Local Epoch : 0 | [704/714 (100%)]	Loss1: 5.846039 Loss2: 0.000022 
| Global Round : 12 | Client :8 | Local Epoch : 1 | [64/714 (9%)]	Loss1: 5.845270 Loss2: 0.000025 
| Global Round : 12 | Client :8 | Local Epoch : 1 | [704/714 (100%)]	Loss1: 5.843985 Loss2: 0.000023 
| Global Round : 12 | Client :8 | Local Epoch : 2 | [64/714 (9%)]	Loss1: 5.843938 Loss2: 0.000022 
| Global Round : 12 | Client :8 | Local Epoch : 2 | [704/714 (100%)]	Loss1: 5.843791 Loss2: 0.000022 
| Global Round : 12 | Client :8 | Local Epoch : 3 | [64/714 (9%)]	Loss1: 5.844286 Loss2: 0.000021 
| Global Round : 12 | Client :8 | Local Epoch : 3 | [704/714 (100%)]	Loss1: 5.842651 Loss2: 0.000023 
| Global Round : 12 | Client :8 | Local Epoch : 4 | [64/714 (9%)]	Loss1: 5.845218 Loss2: 0.000023 
| Global Round : 12 | Client :8 | Local Epoch : 4 | [704/714 (100%)]	Loss1: 5.843259 Loss2: 0.000023 
| Global Round : 12 | Client :9 | Local Epoch : 0 | [64/607 (11%)]	Loss1: 5.844750 Loss2: 0.000025 
| Global Round : 12 | Client :9 | Local Epoch : 1 | [64/607 (11%)]	Loss1: 5.846027 Loss2: 0.000024 
| Global Round : 12 | Client :9 | Local Epoch : 2 | [64/607 (11%)]	Loss1: 5.845232 Loss2: 0.000025 
| Global Round : 12 | Client :9 | Local Epoch : 3 | [64/607 (11%)]	Loss1: 5.845647 Loss2: 0.000025 
| Global Round : 12 | Client :9 | Local Epoch : 4 | [64/607 (11%)]	Loss1: 5.845154 Loss2: 0.000023 
average loss:   5.84085312324857
average local test accuracy: 0.8141927083333333
average global test accuracy:  0.594921875

 | Global Training Round : 13 |

xi_k [0.4760625  0.53309745 0.53301481 0.49528228 0.49126095 0.50798139
 0.51110934 0.49661058 0.52565377 0.50599032]
max_exp: -1.0
coe: 10
Regulation [0.8 0.8 0.8 0.8 0.8 0.8 0.8 0.8 0.8 0.8]
Solver status: optimal_inaccurate
b_new: [1. 1. 1. 1. 1. 1. 1. 1. 1. 1.]
Iter 0: obj=50.3606, best_obj=50.3606, ||b_new-b_prev||₂=2.846050
xi_k [0.4760625  0.53309745 0.53301481 0.49528228 0.49126095 0.50798139
 0.51110934 0.49661058 0.52565377 0.50599032]
max_exp: -1.0
coe: 10
Regulation [-1. -1. -1. -1. -1. -1. -1. -1. -1. -1.]
Solver status: optimal_inaccurate
b_new: [1. 1. 1. 1. 1. 1. 1. 1. 1. 1.]
Iter 1: obj=51.2606, best_obj=51.2606, ||b_new-b_prev||₂=0.000000
Converged.
Final b: [1. 1. 1. 1. 1. 1. 1. 1. 1. 1.]
<class 'numpy.ndarray'>
b_float: [1. 1. 1. 1. 1. 1. 1. 1. 1. 1.]
b: [1 1 1 1 1 1 1 1 1 1]
active_clients:  [0, 1, 2, 3, 4, 5, 6, 7, 8, 9]
Client 0's s_k are:[0 0 0 0 1 0 1 0 0 0]
Client 1's s_k are:[1 0 0 0 1 1 1 1 1 1]
Client 2's s_k are:[1 1 0 1 1 1 1 0 1 0]
Client 3's s_k are:[1 1 1 0 1 1 0 1 1 1]
Client 4's s_k are:[1 0 1 1 0 1 1 1 1 1]
Client 5's s_k are:[1 1 1 1 1 0 1 1 1 1]
Client 6's s_k are:[1 1 1 1 0 0 0 0 0 0]
Client 7's s_k are:[1 1 0 1 0 1 1 0 0 0]
Client 8's s_k are:[1 0 1 0 0 0 1 0 0 0]
Client 9's s_k are:[0 1 0 0 1 1 0 0 0 0]
| Global Round : 13 | Client :0 | Local Epoch : 0 | [64/573 (12%)]	Loss1: 5.840543 Loss2: 0.000039 
| Global Round : 13 | Client :0 | Local Epoch : 1 | [64/573 (12%)]	Loss1: 5.840974 Loss2: 0.000035 
| Global Round : 13 | Client :0 | Local Epoch : 2 | [64/573 (12%)]	Loss1: 5.841334 Loss2: 0.000041 
| Global Round : 13 | Client :0 | Local Epoch : 3 | [64/573 (12%)]	Loss1: 5.842197 Loss2: 0.000038 
| Global Round : 13 | Client :0 | Local Epoch : 4 | [64/573 (12%)]	Loss1: 5.842241 Loss2: 0.000038 
| Global Round : 13 | Client :1 | Local Epoch : 0 | [64/448 (14%)]	Loss1: 5.844486 Loss2: 0.000015 
| Global Round : 13 | Client :1 | Local Epoch : 1 | [64/448 (14%)]	Loss1: 5.843481 Loss2: 0.000019 
| Global Round : 13 | Client :1 | Local Epoch : 2 | [64/448 (14%)]	Loss1: 5.844095 Loss2: 0.000018 
| Global Round : 13 | Client :1 | Local Epoch : 3 | [64/448 (14%)]	Loss1: 5.844923 Loss2: 0.000019 
| Global Round : 13 | Client :1 | Local Epoch : 4 | [64/448 (14%)]	Loss1: 5.843442 Loss2: 0.000018 
| Global Round : 13 | Client :2 | Local Epoch : 0 | [64/448 (14%)]	Loss1: 5.842934 Loss2: 0.000017 
| Global Round : 13 | Client :2 | Local Epoch : 1 | [64/448 (14%)]	Loss1: 5.844049 Loss2: 0.000015 
| Global Round : 13 | Client :2 | Local Epoch : 2 | [64/448 (14%)]	Loss1: 5.843967 Loss2: 0.000016 
| Global Round : 13 | Client :2 | Local Epoch : 3 | [64/448 (14%)]	Loss1: 5.842770 Loss2: 0.000019 
| Global Round : 13 | Client :2 | Local Epoch : 4 | [64/448 (14%)]	Loss1: 5.843812 Loss2: 0.000017 
| Global Round : 13 | Client :3 | Local Epoch : 0 | [64/620 (11%)]	Loss1: 5.844071 Loss2: 0.000022 
| Global Round : 13 | Client :3 | Local Epoch : 1 | [64/620 (11%)]	Loss1: 5.843519 Loss2: 0.000022 
| Global Round : 13 | Client :3 | Local Epoch : 2 | [64/620 (11%)]	Loss1: 5.844753 Loss2: 0.000015 
| Global Round : 13 | Client :3 | Local Epoch : 3 | [64/620 (11%)]	Loss1: 5.845069 Loss2: 0.000016 
| Global Round : 13 | Client :3 | Local Epoch : 4 | [64/620 (11%)]	Loss1: 5.843794 Loss2: 0.000022 
| Global Round : 13 | Client :4 | Local Epoch : 0 | [64/625 (11%)]	Loss1: 5.841379 Loss2: 0.000026 
| Global Round : 13 | Client :4 | Local Epoch : 1 | [64/625 (11%)]	Loss1: 5.844232 Loss2: 0.000025 
| Global Round : 13 | Client :4 | Local Epoch : 2 | [64/625 (11%)]	Loss1: 5.843130 Loss2: 0.000025 
| Global Round : 13 | Client :4 | Local Epoch : 3 | [64/625 (11%)]	Loss1: 5.842979 Loss2: 0.000024 
| Global Round : 13 | Client :4 | Local Epoch : 4 | [64/625 (11%)]	Loss1: 5.843141 Loss2: 0.000021 
| Global Round : 13 | Client :5 | Local Epoch : 0 | [64/604 (11%)]	Loss1: 5.840314 Loss2: 0.000022 
| Global Round : 13 | Client :5 | Local Epoch : 1 | [64/604 (11%)]	Loss1: 5.841365 Loss2: 0.000021 
| Global Round : 13 | Client :5 | Local Epoch : 2 | [64/604 (11%)]	Loss1: 5.840459 Loss2: 0.000021 
| Global Round : 13 | Client :5 | Local Epoch : 3 | [64/604 (11%)]	Loss1: 5.841267 Loss2: 0.000023 
| Global Round : 13 | Client :5 | Local Epoch : 4 | [64/604 (11%)]	Loss1: 5.841380 Loss2: 0.000023 
| Global Round : 13 | Client :6 | Local Epoch : 0 | [64/534 (12%)]	Loss1: 5.843798 Loss2: 0.000021 
| Global Round : 13 | Client :6 | Local Epoch : 1 | [64/534 (12%)]	Loss1: 5.844154 Loss2: 0.000016 
| Global Round : 13 | Client :6 | Local Epoch : 2 | [64/534 (12%)]	Loss1: 5.842617 Loss2: 0.000018 
| Global Round : 13 | Client :6 | Local Epoch : 3 | [64/534 (12%)]	Loss1: 5.843561 Loss2: 0.000017 
| Global Round : 13 | Client :6 | Local Epoch : 4 | [64/534 (12%)]	Loss1: 5.844342 Loss2: 0.000015 
| Global Round : 13 | Client :7 | Local Epoch : 0 | [64/824 (8%)]	Loss1: 5.842916 Loss2: 0.000032 
| Global Round : 13 | Client :7 | Local Epoch : 0 | [704/824 (92%)]	Loss1: 5.841322 Loss2: 0.000030 
| Global Round : 13 | Client :7 | Local Epoch : 1 | [64/824 (8%)]	Loss1: 5.841682 Loss2: 0.000032 
| Global Round : 13 | Client :7 | Local Epoch : 1 | [704/824 (92%)]	Loss1: 5.841315 Loss2: 0.000029 
| Global Round : 13 | Client :7 | Local Epoch : 2 | [64/824 (8%)]	Loss1: 5.840405 Loss2: 0.000034 
| Global Round : 13 | Client :7 | Local Epoch : 2 | [704/824 (92%)]	Loss1: 5.842599 Loss2: 0.000029 
| Global Round : 13 | Client :7 | Local Epoch : 3 | [64/824 (8%)]	Loss1: 5.843221 Loss2: 0.000031 
| Global Round : 13 | Client :7 | Local Epoch : 3 | [704/824 (92%)]	Loss1: 5.841052 Loss2: 0.000027 
| Global Round : 13 | Client :7 | Local Epoch : 4 | [64/824 (8%)]	Loss1: 5.840477 Loss2: 0.000031 
| Global Round : 13 | Client :7 | Local Epoch : 4 | [704/824 (92%)]	Loss1: 5.841928 Loss2: 0.000029 
| Global Round : 13 | Client :8 | Local Epoch : 0 | [64/714 (9%)]	Loss1: 5.843523 Loss2: 0.000021 
| Global Round : 13 | Client :8 | Local Epoch : 0 | [704/714 (100%)]	Loss1: 5.845232 Loss2: 0.000021 
| Global Round : 13 | Client :8 | Local Epoch : 1 | [64/714 (9%)]	Loss1: 5.843158 Loss2: 0.000024 
| Global Round : 13 | Client :8 | Local Epoch : 1 | [704/714 (100%)]	Loss1: 5.845542 Loss2: 0.000026 
| Global Round : 13 | Client :8 | Local Epoch : 2 | [64/714 (9%)]	Loss1: 5.843728 Loss2: 0.000024 
| Global Round : 13 | Client :8 | Local Epoch : 2 | [704/714 (100%)]	Loss1: 5.843891 Loss2: 0.000023 
| Global Round : 13 | Client :8 | Local Epoch : 3 | [64/714 (9%)]	Loss1: 5.844230 Loss2: 0.000023 
| Global Round : 13 | Client :8 | Local Epoch : 3 | [704/714 (100%)]	Loss1: 5.844254 Loss2: 0.000026 
| Global Round : 13 | Client :8 | Local Epoch : 4 | [64/714 (9%)]	Loss1: 5.843795 Loss2: 0.000023 
| Global Round : 13 | Client :8 | Local Epoch : 4 | [704/714 (100%)]	Loss1: 5.844117 Loss2: 0.000024 
| Global Round : 13 | Client :9 | Local Epoch : 0 | [64/607 (11%)]	Loss1: 5.844131 Loss2: 0.000021 
| Global Round : 13 | Client :9 | Local Epoch : 1 | [64/607 (11%)]	Loss1: 5.844627 Loss2: 0.000018 
| Global Round : 13 | Client :9 | Local Epoch : 2 | [64/607 (11%)]	Loss1: 5.844342 Loss2: 0.000022 
| Global Round : 13 | Client :9 | Local Epoch : 3 | [64/607 (11%)]	Loss1: 5.844675 Loss2: 0.000016 
| Global Round : 13 | Client :9 | Local Epoch : 4 | [64/607 (11%)]	Loss1: 5.845768 Loss2: 0.000017 
average loss:   5.840586904194448
average local test accuracy: 0.8186197916666667
average global test accuracy:  0.616796875

 | Global Training Round : 14 |

xi_k [0.47602226 0.5329854  0.5329895  0.49527983 0.49121334 0.50799543
 0.51102305 0.49658038 0.52558668 0.50590174]
max_exp: -1.0
coe: 10
Regulation [0.8 0.8 0.8 0.8 0.8 0.8 0.8 0.8 0.8 0.8]
Solver status: optimal_inaccurate
b_new: [1. 1. 1. 1. 1. 1. 1. 1. 1. 1.]
Iter 0: obj=50.3558, best_obj=50.3558, ||b_new-b_prev||₂=2.846050
xi_k [0.47602226 0.5329854  0.5329895  0.49527983 0.49121334 0.50799543
 0.51102305 0.49658038 0.52558668 0.50590174]
max_exp: -1.0
coe: 10
Regulation [-1. -1. -1. -1. -1. -1. -1. -1. -1. -1.]
Solver status: optimal_inaccurate
b_new: [1. 1. 1. 1. 1. 1. 1. 1. 1. 1.]
Iter 1: obj=51.2558, best_obj=51.2558, ||b_new-b_prev||₂=0.000000
Converged.
Final b: [1. 1. 1. 1. 1. 1. 1. 1. 1. 1.]
<class 'numpy.ndarray'>
b_float: [1. 1. 1. 1. 1. 1. 1. 1. 1. 1.]
b: [1 1 1 1 1 1 1 1 1 1]
active_clients:  [0, 1, 2, 3, 4, 5, 6, 7, 8, 9]
Client 0's s_k are:[0 0 1 1 0 0 0 0 0 0]
Client 1's s_k are:[1 0 1 1 1 1 1 1 1 1]
Client 2's s_k are:[0 1 0 1 1 1 1 1 1 1]
Client 3's s_k are:[0 0 1 0 1 0 0 0 0 0]
Client 4's s_k are:[0 1 0 1 0 0 1 1 0 1]
Client 5's s_k are:[0 1 0 0 0 0 0 1 1 1]
Client 6's s_k are:[1 1 0 0 1 1 0 1 0 0]
Client 7's s_k are:[1 1 1 1 1 1 1 0 1 1]
Client 8's s_k are:[0 0 0 0 1 0 1 1 0 0]
Client 9's s_k are:[0 0 1 1 1 0 0 1 0 0]
| Global Round : 14 | Client :0 | Local Epoch : 0 | [64/573 (12%)]	Loss1: 5.840837 Loss2: 0.000028 
| Global Round : 14 | Client :0 | Local Epoch : 1 | [64/573 (12%)]	Loss1: 5.841522 Loss2: 0.000030 
| Global Round : 14 | Client :0 | Local Epoch : 2 | [64/573 (12%)]	Loss1: 5.840468 Loss2: 0.000030 
| Global Round : 14 | Client :0 | Local Epoch : 3 | [64/573 (12%)]	Loss1: 5.843613 Loss2: 0.000033 
| Global Round : 14 | Client :0 | Local Epoch : 4 | [64/573 (12%)]	Loss1: 5.841207 Loss2: 0.000027 
| Global Round : 14 | Client :1 | Local Epoch : 0 | [64/448 (14%)]	Loss1: 5.843607 Loss2: 0.000019 
| Global Round : 14 | Client :1 | Local Epoch : 1 | [64/448 (14%)]	Loss1: 5.845058 Loss2: 0.000019 
| Global Round : 14 | Client :1 | Local Epoch : 2 | [64/448 (14%)]	Loss1: 5.844578 Loss2: 0.000017 
| Global Round : 14 | Client :1 | Local Epoch : 3 | [64/448 (14%)]	Loss1: 5.842769 Loss2: 0.000018 
| Global Round : 14 | Client :1 | Local Epoch : 4 | [64/448 (14%)]	Loss1: 5.843736 Loss2: 0.000020 
| Global Round : 14 | Client :2 | Local Epoch : 0 | [64/448 (14%)]	Loss1: 5.843552 Loss2: 0.000014 
| Global Round : 14 | Client :2 | Local Epoch : 1 | [64/448 (14%)]	Loss1: 5.842758 Loss2: 0.000016 
| Global Round : 14 | Client :2 | Local Epoch : 2 | [64/448 (14%)]	Loss1: 5.843477 Loss2: 0.000013 
| Global Round : 14 | Client :2 | Local Epoch : 3 | [64/448 (14%)]	Loss1: 5.844564 Loss2: 0.000012 
| Global Round : 14 | Client :2 | Local Epoch : 4 | [64/448 (14%)]	Loss1: 5.843816 Loss2: 0.000013 
| Global Round : 14 | Client :3 | Local Epoch : 0 | [64/620 (11%)]	Loss1: 5.843781 Loss2: 0.000016 
| Global Round : 14 | Client :3 | Local Epoch : 1 | [64/620 (11%)]	Loss1: 5.843081 Loss2: 0.000015 
| Global Round : 14 | Client :3 | Local Epoch : 2 | [64/620 (11%)]	Loss1: 5.843652 Loss2: 0.000017 
| Global Round : 14 | Client :3 | Local Epoch : 3 | [64/620 (11%)]	Loss1: 5.843362 Loss2: 0.000017 
| Global Round : 14 | Client :3 | Local Epoch : 4 | [64/620 (11%)]	Loss1: 5.842974 Loss2: 0.000016 
| Global Round : 14 | Client :4 | Local Epoch : 0 | [64/625 (11%)]	Loss1: 5.842596 Loss2: 0.000018 
| Global Round : 14 | Client :4 | Local Epoch : 1 | [64/625 (11%)]	Loss1: 5.844636 Loss2: 0.000019 
| Global Round : 14 | Client :4 | Local Epoch : 2 | [64/625 (11%)]	Loss1: 5.841829 Loss2: 0.000018 
| Global Round : 14 | Client :4 | Local Epoch : 3 | [64/625 (11%)]	Loss1: 5.842808 Loss2: 0.000017 
| Global Round : 14 | Client :4 | Local Epoch : 4 | [64/625 (11%)]	Loss1: 5.842172 Loss2: 0.000023 
| Global Round : 14 | Client :5 | Local Epoch : 0 | [64/604 (11%)]	Loss1: 5.842626 Loss2: 0.000026 
| Global Round : 14 | Client :5 | Local Epoch : 1 | [64/604 (11%)]	Loss1: 5.841770 Loss2: 0.000030 
| Global Round : 14 | Client :5 | Local Epoch : 2 | [64/604 (11%)]	Loss1: 5.842147 Loss2: 0.000027 
| Global Round : 14 | Client :5 | Local Epoch : 3 | [64/604 (11%)]	Loss1: 5.840796 Loss2: 0.000026 
| Global Round : 14 | Client :5 | Local Epoch : 4 | [64/604 (11%)]	Loss1: 5.840533 Loss2: 0.000031 
| Global Round : 14 | Client :6 | Local Epoch : 0 | [64/534 (12%)]	Loss1: 5.845010 Loss2: 0.000017 
| Global Round : 14 | Client :6 | Local Epoch : 1 | [64/534 (12%)]	Loss1: 5.844005 Loss2: 0.000015 
| Global Round : 14 | Client :6 | Local Epoch : 2 | [64/534 (12%)]	Loss1: 5.842956 Loss2: 0.000016 
| Global Round : 14 | Client :6 | Local Epoch : 3 | [64/534 (12%)]	Loss1: 5.842810 Loss2: 0.000014 
| Global Round : 14 | Client :6 | Local Epoch : 4 | [64/534 (12%)]	Loss1: 5.842961 Loss2: 0.000015 
| Global Round : 14 | Client :7 | Local Epoch : 0 | [64/824 (8%)]	Loss1: 5.840834 Loss2: 0.000034 
| Global Round : 14 | Client :7 | Local Epoch : 0 | [704/824 (92%)]	Loss1: 5.842523 Loss2: 0.000033 
| Global Round : 14 | Client :7 | Local Epoch : 1 | [64/824 (8%)]	Loss1: 5.840988 Loss2: 0.000032 
| Global Round : 14 | Client :7 | Local Epoch : 1 | [704/824 (92%)]	Loss1: 5.840513 Loss2: 0.000029 
| Global Round : 14 | Client :7 | Local Epoch : 2 | [64/824 (8%)]	Loss1: 5.842323 Loss2: 0.000028 
| Global Round : 14 | Client :7 | Local Epoch : 2 | [704/824 (92%)]	Loss1: 5.841623 Loss2: 0.000033 
| Global Round : 14 | Client :7 | Local Epoch : 3 | [64/824 (8%)]	Loss1: 5.841453 Loss2: 0.000032 
| Global Round : 14 | Client :7 | Local Epoch : 3 | [704/824 (92%)]	Loss1: 5.842597 Loss2: 0.000026 
| Global Round : 14 | Client :7 | Local Epoch : 4 | [64/824 (8%)]	Loss1: 5.841070 Loss2: 0.000031 
| Global Round : 14 | Client :7 | Local Epoch : 4 | [704/824 (92%)]	Loss1: 5.841218 Loss2: 0.000032 
| Global Round : 14 | Client :8 | Local Epoch : 0 | [64/714 (9%)]	Loss1: 5.844663 Loss2: 0.000028 
| Global Round : 14 | Client :8 | Local Epoch : 0 | [704/714 (100%)]	Loss1: 5.844576 Loss2: 0.000032 
| Global Round : 14 | Client :8 | Local Epoch : 1 | [64/714 (9%)]	Loss1: 5.842786 Loss2: 0.000031 
| Global Round : 14 | Client :8 | Local Epoch : 1 | [704/714 (100%)]	Loss1: 5.844114 Loss2: 0.000030 
| Global Round : 14 | Client :8 | Local Epoch : 2 | [64/714 (9%)]	Loss1: 5.845590 Loss2: 0.000026 
| Global Round : 14 | Client :8 | Local Epoch : 2 | [704/714 (100%)]	Loss1: 5.844187 Loss2: 0.000035 
| Global Round : 14 | Client :8 | Local Epoch : 3 | [64/714 (9%)]	Loss1: 5.844350 Loss2: 0.000028 
| Global Round : 14 | Client :8 | Local Epoch : 3 | [704/714 (100%)]	Loss1: 5.844968 Loss2: 0.000028 
| Global Round : 14 | Client :8 | Local Epoch : 4 | [64/714 (9%)]	Loss1: 5.844614 Loss2: 0.000030 
| Global Round : 14 | Client :8 | Local Epoch : 4 | [704/714 (100%)]	Loss1: 5.844497 Loss2: 0.000032 
| Global Round : 14 | Client :9 | Local Epoch : 0 | [64/607 (11%)]	Loss1: 5.843620 Loss2: 0.000025 
| Global Round : 14 | Client :9 | Local Epoch : 1 | [64/607 (11%)]	Loss1: 5.843954 Loss2: 0.000020 
| Global Round : 14 | Client :9 | Local Epoch : 2 | [64/607 (11%)]	Loss1: 5.845588 Loss2: 0.000020 
| Global Round : 14 | Client :9 | Local Epoch : 3 | [64/607 (11%)]	Loss1: 5.842266 Loss2: 0.000022 
| Global Round : 14 | Client :9 | Local Epoch : 4 | [64/607 (11%)]	Loss1: 5.844212 Loss2: 0.000023 
average loss:   5.840429327764896
average local test accuracy: 0.827734375
average global test accuracy:  0.636328125

 | Global Training Round : 15 |

xi_k [0.47602665 0.53300165 0.53291795 0.49519805 0.4911945  0.50794029
 0.51101211 0.49655726 0.52559968 0.50584215]
max_exp: -1.0
coe: 10
Regulation [0.8 0.8 0.8 0.8 0.8 0.8 0.8 0.8 0.8 0.8]
Solver status: optimal_inaccurate
b_new: [1. 1. 1. 1. 1. 1. 1. 1. 1. 1.]
Iter 0: obj=50.3529, best_obj=50.3529, ||b_new-b_prev||₂=2.846050
xi_k [0.47602665 0.53300165 0.53291795 0.49519805 0.4911945  0.50794029
 0.51101211 0.49655726 0.52559968 0.50584215]
max_exp: -1.0
coe: 10
Regulation [-1. -1. -1. -1. -1. -1. -1. -1. -1. -1.]
Solver status: optimal_inaccurate
b_new: [1. 1. 1. 1. 1. 1. 1. 1. 1. 1.]
Iter 1: obj=51.2529, best_obj=51.2529, ||b_new-b_prev||₂=0.000000
Converged.
Final b: [1. 1. 1. 1. 1. 1. 1. 1. 1. 1.]
<class 'numpy.ndarray'>
b_float: [1. 1. 1. 1. 1. 1. 1. 1. 1. 1.]
b: [1 1 1 1 1 1 1 1 1 1]
active_clients:  [0, 1, 2, 3, 4, 5, 6, 7, 8, 9]
Client 0's s_k are:[0 1 1 1 1 1 1 1 1 1]
Client 1's s_k are:[0 0 1 0 0 0 1 0 1 0]
Client 2's s_k are:[1 1 0 1 1 1 1 1 1 1]
Client 3's s_k are:[1 0 0 0 1 0 0 0 0 1]
Client 4's s_k are:[0 1 1 0 0 1 0 1 1 1]
Client 5's s_k are:[1 1 1 1 1 0 1 1 1 1]
Client 6's s_k are:[0 1 1 0 1 1 0 0 1 1]
Client 7's s_k are:[1 1 1 1 0 1 0 0 1 1]
Client 8's s_k are:[1 1 1 0 0 1 0 1 0 1]
Client 9's s_k are:[1 1 1 1 1 1 1 1 1 0]
| Global Round : 15 | Client :0 | Local Epoch : 0 | [64/573 (12%)]	Loss1: 5.840494 Loss2: 0.000030 
| Global Round : 15 | Client :0 | Local Epoch : 1 | [64/573 (12%)]	Loss1: 5.840161 Loss2: 0.000027 
| Global Round : 15 | Client :0 | Local Epoch : 2 | [64/573 (12%)]	Loss1: 5.840504 Loss2: 0.000027 
| Global Round : 15 | Client :0 | Local Epoch : 3 | [64/573 (12%)]	Loss1: 5.842260 Loss2: 0.000031 
| Global Round : 15 | Client :0 | Local Epoch : 4 | [64/573 (12%)]	Loss1: 5.840679 Loss2: 0.000029 
| Global Round : 15 | Client :1 | Local Epoch : 0 | [64/448 (14%)]	Loss1: 5.843089 Loss2: 0.000021 
| Global Round : 15 | Client :1 | Local Epoch : 1 | [64/448 (14%)]	Loss1: 5.842507 Loss2: 0.000021 
| Global Round : 15 | Client :1 | Local Epoch : 2 | [64/448 (14%)]	Loss1: 5.842664 Loss2: 0.000022 
| Global Round : 15 | Client :1 | Local Epoch : 3 | [64/448 (14%)]	Loss1: 5.844511 Loss2: 0.000025 
| Global Round : 15 | Client :1 | Local Epoch : 4 | [64/448 (14%)]	Loss1: 5.843853 Loss2: 0.000019 
| Global Round : 15 | Client :2 | Local Epoch : 0 | [64/448 (14%)]	Loss1: 5.842826 Loss2: 0.000017 
| Global Round : 15 | Client :2 | Local Epoch : 1 | [64/448 (14%)]	Loss1: 5.843713 Loss2: 0.000017 
| Global Round : 15 | Client :2 | Local Epoch : 2 | [64/448 (14%)]	Loss1: 5.842300 Loss2: 0.000016 
| Global Round : 15 | Client :2 | Local Epoch : 3 | [64/448 (14%)]	Loss1: 5.842329 Loss2: 0.000017 
| Global Round : 15 | Client :2 | Local Epoch : 4 | [64/448 (14%)]	Loss1: 5.845045 Loss2: 0.000016 
| Global Round : 15 | Client :3 | Local Epoch : 0 | [64/620 (11%)]	Loss1: 5.842031 Loss2: 0.000018 
| Global Round : 15 | Client :3 | Local Epoch : 1 | [64/620 (11%)]	Loss1: 5.843048 Loss2: 0.000018 
| Global Round : 15 | Client :3 | Local Epoch : 2 | [64/620 (11%)]	Loss1: 5.844226 Loss2: 0.000015 
| Global Round : 15 | Client :3 | Local Epoch : 3 | [64/620 (11%)]	Loss1: 5.842533 Loss2: 0.000019 
| Global Round : 15 | Client :3 | Local Epoch : 4 | [64/620 (11%)]	Loss1: 5.843893 Loss2: 0.000013 
| Global Round : 15 | Client :4 | Local Epoch : 0 | [64/625 (11%)]	Loss1: 5.841262 Loss2: 0.000023 
| Global Round : 15 | Client :4 | Local Epoch : 1 | [64/625 (11%)]	Loss1: 5.842087 Loss2: 0.000025 
| Global Round : 15 | Client :4 | Local Epoch : 2 | [64/625 (11%)]	Loss1: 5.842393 Loss2: 0.000024 
| Global Round : 15 | Client :4 | Local Epoch : 3 | [64/625 (11%)]	Loss1: 5.842515 Loss2: 0.000025 
| Global Round : 15 | Client :4 | Local Epoch : 4 | [64/625 (11%)]	Loss1: 5.841327 Loss2: 0.000022 
| Global Round : 15 | Client :5 | Local Epoch : 0 | [64/604 (11%)]	Loss1: 5.839887 Loss2: 0.000023 
| Global Round : 15 | Client :5 | Local Epoch : 1 | [64/604 (11%)]	Loss1: 5.841215 Loss2: 0.000022 
| Global Round : 15 | Client :5 | Local Epoch : 2 | [64/604 (11%)]	Loss1: 5.841093 Loss2: 0.000023 
| Global Round : 15 | Client :5 | Local Epoch : 3 | [64/604 (11%)]	Loss1: 5.841428 Loss2: 0.000021 
| Global Round : 15 | Client :5 | Local Epoch : 4 | [64/604 (11%)]	Loss1: 5.840741 Loss2: 0.000023 
| Global Round : 15 | Client :6 | Local Epoch : 0 | [64/534 (12%)]	Loss1: 5.843128 Loss2: 0.000016 
| Global Round : 15 | Client :6 | Local Epoch : 1 | [64/534 (12%)]	Loss1: 5.843083 Loss2: 0.000015 
| Global Round : 15 | Client :6 | Local Epoch : 2 | [64/534 (12%)]	Loss1: 5.842233 Loss2: 0.000014 
| Global Round : 15 | Client :6 | Local Epoch : 3 | [64/534 (12%)]	Loss1: 5.843052 Loss2: 0.000016 
| Global Round : 15 | Client :6 | Local Epoch : 4 | [64/534 (12%)]	Loss1: 5.843444 Loss2: 0.000019 
| Global Round : 15 | Client :7 | Local Epoch : 0 | [64/824 (8%)]	Loss1: 5.840599 Loss2: 0.000036 
| Global Round : 15 | Client :7 | Local Epoch : 0 | [704/824 (92%)]	Loss1: 5.841228 Loss2: 0.000032 
| Global Round : 15 | Client :7 | Local Epoch : 1 | [64/824 (8%)]	Loss1: 5.842304 Loss2: 0.000035 
| Global Round : 15 | Client :7 | Local Epoch : 1 | [704/824 (92%)]	Loss1: 5.840928 Loss2: 0.000030 
| Global Round : 15 | Client :7 | Local Epoch : 2 | [64/824 (8%)]	Loss1: 5.840381 Loss2: 0.000032 
| Global Round : 15 | Client :7 | Local Epoch : 2 | [704/824 (92%)]	Loss1: 5.842012 Loss2: 0.000032 
| Global Round : 15 | Client :7 | Local Epoch : 3 | [64/824 (8%)]	Loss1: 5.841184 Loss2: 0.000032 
| Global Round : 15 | Client :7 | Local Epoch : 3 | [704/824 (92%)]	Loss1: 5.840698 Loss2: 0.000026 
| Global Round : 15 | Client :7 | Local Epoch : 4 | [64/824 (8%)]	Loss1: 5.840736 Loss2: 0.000028 
| Global Round : 15 | Client :7 | Local Epoch : 4 | [704/824 (92%)]	Loss1: 5.841359 Loss2: 0.000034 
| Global Round : 15 | Client :8 | Local Epoch : 0 | [64/714 (9%)]	Loss1: 5.844047 Loss2: 0.000023 
| Global Round : 15 | Client :8 | Local Epoch : 0 | [704/714 (100%)]	Loss1: 5.844024 Loss2: 0.000026 
| Global Round : 15 | Client :8 | Local Epoch : 1 | [64/714 (9%)]	Loss1: 5.843545 Loss2: 0.000026 
| Global Round : 15 | Client :8 | Local Epoch : 1 | [704/714 (100%)]	Loss1: 5.842719 Loss2: 0.000020 
| Global Round : 15 | Client :8 | Local Epoch : 2 | [64/714 (9%)]	Loss1: 5.842982 Loss2: 0.000020 
| Global Round : 15 | Client :8 | Local Epoch : 2 | [704/714 (100%)]	Loss1: 5.843517 Loss2: 0.000023 
| Global Round : 15 | Client :8 | Local Epoch : 3 | [64/714 (9%)]	Loss1: 5.843682 Loss2: 0.000022 
| Global Round : 15 | Client :8 | Local Epoch : 3 | [704/714 (100%)]	Loss1: 5.843283 Loss2: 0.000025 
| Global Round : 15 | Client :8 | Local Epoch : 4 | [64/714 (9%)]	Loss1: 5.841597 Loss2: 0.000021 
| Global Round : 15 | Client :8 | Local Epoch : 4 | [704/714 (100%)]	Loss1: 5.842947 Loss2: 0.000025 
| Global Round : 15 | Client :9 | Local Epoch : 0 | [64/607 (11%)]	Loss1: 5.843919 Loss2: 0.000016 
| Global Round : 15 | Client :9 | Local Epoch : 1 | [64/607 (11%)]	Loss1: 5.843826 Loss2: 0.000017 
| Global Round : 15 | Client :9 | Local Epoch : 2 | [64/607 (11%)]	Loss1: 5.844424 Loss2: 0.000019 
| Global Round : 15 | Client :9 | Local Epoch : 3 | [64/607 (11%)]	Loss1: 5.843833 Loss2: 0.000017 
| Global Round : 15 | Client :9 | Local Epoch : 4 | [64/607 (11%)]	Loss1: 5.843977 Loss2: 0.000016 
average loss:   5.840193694167667
average local test accuracy: 0.8143229166666668
average global test accuracy:  0.599609375

 | Global Training Round : 16 |

xi_k [0.47601834 0.53292712 0.53287591 0.49515604 0.49118951 0.50792505
 0.51094657 0.49653521 0.52555835 0.5057914 ]
max_exp: -1.0
coe: 10
Regulation [0.8 0.8 0.8 0.8 0.8 0.8 0.8 0.8 0.8 0.8]
Solver status: optimal_inaccurate
b_new: [1. 1. 1. 1. 1. 1. 1. 1. 1. 1.]
Iter 0: obj=50.3492, best_obj=50.3492, ||b_new-b_prev||₂=2.846050
xi_k [0.47601834 0.53292712 0.53287591 0.49515604 0.49118951 0.50792505
 0.51094657 0.49653521 0.52555835 0.5057914 ]
max_exp: -1.0
coe: 10
Regulation [-1. -1. -1. -1. -1. -1. -1. -1. -1. -1.]
Solver status: optimal_inaccurate
b_new: [1. 1. 1. 1. 1. 1. 1. 1. 1. 1.]
Iter 1: obj=51.2492, best_obj=51.2492, ||b_new-b_prev||₂=0.000000
Converged.
Final b: [1. 1. 1. 1. 1. 1. 1. 1. 1. 1.]
<class 'numpy.ndarray'>
b_float: [1. 1. 1. 1. 1. 1. 1. 1. 1. 1.]
b: [1 1 1 1 1 1 1 1 1 1]
active_clients:  [0, 1, 2, 3, 4, 5, 6, 7, 8, 9]
Client 0's s_k are:[0 1 1 1 1 1 1 1 1 1]
Client 1's s_k are:[1 0 0 1 0 1 1 0 0 0]
Client 2's s_k are:[1 0 0 0 1 1 1 0 1 1]
Client 3's s_k are:[1 1 0 0 1 1 1 1 1 1]
Client 4's s_k are:[1 0 1 0 0 1 1 1 1 0]
Client 5's s_k are:[1 0 1 0 1 0 1 1 1 1]
Client 6's s_k are:[1 1 1 1 1 1 0 1 1 1]
Client 7's s_k are:[1 0 0 0 0 0 0 0 0 0]
Client 8's s_k are:[0 0 1 0 0 0 0 1 0 1]
Client 9's s_k are:[1 1 1 1 1 1 1 1 1 0]
| Global Round : 16 | Client :0 | Local Epoch : 0 | [64/573 (12%)]	Loss1: 5.840480 Loss2: 0.000029 
| Global Round : 16 | Client :0 | Local Epoch : 1 | [64/573 (12%)]	Loss1: 5.840987 Loss2: 0.000025 
| Global Round : 16 | Client :0 | Local Epoch : 2 | [64/573 (12%)]	Loss1: 5.840510 Loss2: 0.000029 
| Global Round : 16 | Client :0 | Local Epoch : 3 | [64/573 (12%)]	Loss1: 5.840937 Loss2: 0.000028 
| Global Round : 16 | Client :0 | Local Epoch : 4 | [64/573 (12%)]	Loss1: 5.841148 Loss2: 0.000029 
| Global Round : 16 | Client :1 | Local Epoch : 0 | [64/448 (14%)]	Loss1: 5.843874 Loss2: 0.000022 
| Global Round : 16 | Client :1 | Local Epoch : 1 | [64/448 (14%)]	Loss1: 5.841873 Loss2: 0.000023 
| Global Round : 16 | Client :1 | Local Epoch : 2 | [64/448 (14%)]	Loss1: 5.843252 Loss2: 0.000021 
| Global Round : 16 | Client :1 | Local Epoch : 3 | [64/448 (14%)]	Loss1: 5.842465 Loss2: 0.000021 
| Global Round : 16 | Client :1 | Local Epoch : 4 | [64/448 (14%)]	Loss1: 5.843759 Loss2: 0.000021 
| Global Round : 16 | Client :2 | Local Epoch : 0 | [64/448 (14%)]	Loss1: 5.842323 Loss2: 0.000015 
| Global Round : 16 | Client :2 | Local Epoch : 1 | [64/448 (14%)]	Loss1: 5.842761 Loss2: 0.000016 
| Global Round : 16 | Client :2 | Local Epoch : 2 | [64/448 (14%)]	Loss1: 5.841267 Loss2: 0.000015 
| Global Round : 16 | Client :2 | Local Epoch : 3 | [64/448 (14%)]	Loss1: 5.842396 Loss2: 0.000014 
| Global Round : 16 | Client :2 | Local Epoch : 4 | [64/448 (14%)]	Loss1: 5.843523 Loss2: 0.000013 
| Global Round : 16 | Client :3 | Local Epoch : 0 | [64/620 (11%)]	Loss1: 5.841438 Loss2: 0.000019 
| Global Round : 16 | Client :3 | Local Epoch : 1 | [64/620 (11%)]	Loss1: 5.842349 Loss2: 0.000020 
| Global Round : 16 | Client :3 | Local Epoch : 2 | [64/620 (11%)]	Loss1: 5.843305 Loss2: 0.000019 
| Global Round : 16 | Client :3 | Local Epoch : 3 | [64/620 (11%)]	Loss1: 5.843042 Loss2: 0.000020 
| Global Round : 16 | Client :3 | Local Epoch : 4 | [64/620 (11%)]	Loss1: 5.842803 Loss2: 0.000021 
| Global Round : 16 | Client :4 | Local Epoch : 0 | [64/625 (11%)]	Loss1: 5.842303 Loss2: 0.000026 
| Global Round : 16 | Client :4 | Local Epoch : 1 | [64/625 (11%)]	Loss1: 5.843060 Loss2: 0.000025 
| Global Round : 16 | Client :4 | Local Epoch : 2 | [64/625 (11%)]	Loss1: 5.841321 Loss2: 0.000020 
| Global Round : 16 | Client :4 | Local Epoch : 3 | [64/625 (11%)]	Loss1: 5.842935 Loss2: 0.000027 
| Global Round : 16 | Client :4 | Local Epoch : 4 | [64/625 (11%)]	Loss1: 5.843183 Loss2: 0.000023 
| Global Round : 16 | Client :5 | Local Epoch : 0 | [64/604 (11%)]	Loss1: 5.840885 Loss2: 0.000024 
| Global Round : 16 | Client :5 | Local Epoch : 1 | [64/604 (11%)]	Loss1: 5.840743 Loss2: 0.000023 
| Global Round : 16 | Client :5 | Local Epoch : 2 | [64/604 (11%)]	Loss1: 5.840849 Loss2: 0.000022 
| Global Round : 16 | Client :5 | Local Epoch : 3 | [64/604 (11%)]	Loss1: 5.839650 Loss2: 0.000024 
| Global Round : 16 | Client :5 | Local Epoch : 4 | [64/604 (11%)]	Loss1: 5.839932 Loss2: 0.000023 
| Global Round : 16 | Client :6 | Local Epoch : 0 | [64/534 (12%)]	Loss1: 5.843554 Loss2: 0.000013 
| Global Round : 16 | Client :6 | Local Epoch : 1 | [64/534 (12%)]	Loss1: 5.842535 Loss2: 0.000017 
| Global Round : 16 | Client :6 | Local Epoch : 2 | [64/534 (12%)]	Loss1: 5.843572 Loss2: 0.000014 
| Global Round : 16 | Client :6 | Local Epoch : 3 | [64/534 (12%)]	Loss1: 5.843646 Loss2: 0.000017 
| Global Round : 16 | Client :6 | Local Epoch : 4 | [64/534 (12%)]	Loss1: 5.843236 Loss2: 0.000013 
| Global Round : 16 | Client :7 | Local Epoch : 0 | [64/824 (8%)]	Loss1: 5.840311 Loss2: 0.000043 
| Global Round : 16 | Client :7 | Local Epoch : 0 | [704/824 (92%)]	Loss1: 5.841855 Loss2: 0.000041 
| Global Round : 16 | Client :7 | Local Epoch : 1 | [64/824 (8%)]	Loss1: 5.841540 Loss2: 0.000033 
| Global Round : 16 | Client :7 | Local Epoch : 1 | [704/824 (92%)]	Loss1: 5.839841 Loss2: 0.000044 
| Global Round : 16 | Client :7 | Local Epoch : 2 | [64/824 (8%)]	Loss1: 5.841478 Loss2: 0.000040 
| Global Round : 16 | Client :7 | Local Epoch : 2 | [704/824 (92%)]	Loss1: 5.842539 Loss2: 0.000038 
| Global Round : 16 | Client :7 | Local Epoch : 3 | [64/824 (8%)]	Loss1: 5.841186 Loss2: 0.000037 
| Global Round : 16 | Client :7 | Local Epoch : 3 | [704/824 (92%)]	Loss1: 5.840566 Loss2: 0.000041 
| Global Round : 16 | Client :7 | Local Epoch : 4 | [64/824 (8%)]	Loss1: 5.841618 Loss2: 0.000036 
| Global Round : 16 | Client :7 | Local Epoch : 4 | [704/824 (92%)]	Loss1: 5.840765 Loss2: 0.000042 
| Global Round : 16 | Client :8 | Local Epoch : 0 | [64/714 (9%)]	Loss1: 5.842761 Loss2: 0.000019 
| Global Round : 16 | Client :8 | Local Epoch : 0 | [704/714 (100%)]	Loss1: 5.844131 Loss2: 0.000020 
| Global Round : 16 | Client :8 | Local Epoch : 1 | [64/714 (9%)]	Loss1: 5.844386 Loss2: 0.000021 
| Global Round : 16 | Client :8 | Local Epoch : 1 | [704/714 (100%)]	Loss1: 5.844035 Loss2: 0.000024 
| Global Round : 16 | Client :8 | Local Epoch : 2 | [64/714 (9%)]	Loss1: 5.844266 Loss2: 0.000022 
| Global Round : 16 | Client :8 | Local Epoch : 2 | [704/714 (100%)]	Loss1: 5.844017 Loss2: 0.000021 
| Global Round : 16 | Client :8 | Local Epoch : 3 | [64/714 (9%)]	Loss1: 5.842609 Loss2: 0.000022 
| Global Round : 16 | Client :8 | Local Epoch : 3 | [704/714 (100%)]	Loss1: 5.843311 Loss2: 0.000025 
| Global Round : 16 | Client :8 | Local Epoch : 4 | [64/714 (9%)]	Loss1: 5.843855 Loss2: 0.000021 
| Global Round : 16 | Client :8 | Local Epoch : 4 | [704/714 (100%)]	Loss1: 5.844419 Loss2: 0.000024 
| Global Round : 16 | Client :9 | Local Epoch : 0 | [64/607 (11%)]	Loss1: 5.844537 Loss2: 0.000019 
| Global Round : 16 | Client :9 | Local Epoch : 1 | [64/607 (11%)]	Loss1: 5.844259 Loss2: 0.000018 
| Global Round : 16 | Client :9 | Local Epoch : 2 | [64/607 (11%)]	Loss1: 5.843466 Loss2: 0.000021 
| Global Round : 16 | Client :9 | Local Epoch : 3 | [64/607 (11%)]	Loss1: 5.842964 Loss2: 0.000016 
| Global Round : 16 | Client :9 | Local Epoch : 4 | [64/607 (11%)]	Loss1: 5.843981 Loss2: 0.000019 
average loss:   5.840023460524078
average local test accuracy: 0.83203125
average global test accuracy:  0.601953125

 | Global Training Round : 17 |

xi_k [0.47599788 0.53293519 0.5328436  0.49511214 0.49108697 0.50790658
 0.51092234 0.49651892 0.52549936 0.50576086]
max_exp: -1.0
coe: 10
Regulation [0.8 0.8 0.8 0.8 0.8 0.8 0.8 0.8 0.8 0.8]
Solver status: optimal_inaccurate
b_new: [1. 1. 1. 1. 1. 1. 1. 1. 1. 1.]
Iter 0: obj=50.3458, best_obj=50.3458, ||b_new-b_prev||₂=2.846050
xi_k [0.47599788 0.53293519 0.5328436  0.49511214 0.49108697 0.50790658
 0.51092234 0.49651892 0.52549936 0.50576086]
max_exp: -1.0
coe: 10
Regulation [-1. -1. -1. -1. -1. -1. -1. -1. -1. -1.]
Solver status: optimal_inaccurate
b_new: [1. 1. 1. 1. 1. 1. 1. 1. 1. 1.]
Iter 1: obj=51.2458, best_obj=51.2458, ||b_new-b_prev||₂=0.000000
Converged.
Final b: [1. 1. 1. 1. 1. 1. 1. 1. 1. 1.]
<class 'numpy.ndarray'>
b_float: [1. 1. 1. 1. 1. 1. 1. 1. 1. 1.]
b: [1 1 1 1 1 1 1 1 1 1]
active_clients:  [0, 1, 2, 3, 4, 5, 6, 7, 8, 9]
Client 0's s_k are:[0 1 1 1 1 1 1 1 0 1]
Client 1's s_k are:[0 0 1 0 1 1 0 1 1 1]
Client 2's s_k are:[1 0 0 0 0 0 0 0 0 0]
Client 3's s_k are:[1 0 0 0 0 0 0 0 0 0]
Client 4's s_k are:[0 1 0 1 0 0 0 0 1 0]
Client 5's s_k are:[0 0 1 0 0 0 0 1 1 0]
Client 6's s_k are:[1 0 1 0 0 0 0 1 1 1]
Client 7's s_k are:[0 0 0 1 0 1 0 0 0 1]
Client 8's s_k are:[1 0 1 0 1 1 0 0 0 0]
Client 9's s_k are:[1 1 1 1 1 1 1 1 0 0]
| Global Round : 17 | Client :0 | Local Epoch : 0 | [64/573 (12%)]	Loss1: 5.841700 Loss2: 0.000028 
| Global Round : 17 | Client :0 | Local Epoch : 1 | [64/573 (12%)]	Loss1: 5.841190 Loss2: 0.000026 
| Global Round : 17 | Client :0 | Local Epoch : 2 | [64/573 (12%)]	Loss1: 5.841430 Loss2: 0.000027 
| Global Round : 17 | Client :0 | Local Epoch : 3 | [64/573 (12%)]	Loss1: 5.841699 Loss2: 0.000032 
| Global Round : 17 | Client :0 | Local Epoch : 4 | [64/573 (12%)]	Loss1: 5.839500 Loss2: 0.000030 
| Global Round : 17 | Client :1 | Local Epoch : 0 | [64/448 (14%)]	Loss1: 5.841968 Loss2: 0.000015 
| Global Round : 17 | Client :1 | Local Epoch : 1 | [64/448 (14%)]	Loss1: 5.842841 Loss2: 0.000016 
| Global Round : 17 | Client :1 | Local Epoch : 2 | [64/448 (14%)]	Loss1: 5.844150 Loss2: 0.000020 
| Global Round : 17 | Client :1 | Local Epoch : 3 | [64/448 (14%)]	Loss1: 5.842099 Loss2: 0.000016 
| Global Round : 17 | Client :1 | Local Epoch : 4 | [64/448 (14%)]	Loss1: 5.843156 Loss2: 0.000017 
| Global Round : 17 | Client :2 | Local Epoch : 0 | [64/448 (14%)]	Loss1: 5.841628 Loss2: 0.000042 
| Global Round : 17 | Client :2 | Local Epoch : 1 | [64/448 (14%)]	Loss1: 5.842251 Loss2: 0.000037 
| Global Round : 17 | Client :2 | Local Epoch : 2 | [64/448 (14%)]	Loss1: 5.842140 Loss2: 0.000037 
| Global Round : 17 | Client :2 | Local Epoch : 3 | [64/448 (14%)]	Loss1: 5.843273 Loss2: 0.000044 
| Global Round : 17 | Client :2 | Local Epoch : 4 | [64/448 (14%)]	Loss1: 5.842707 Loss2: 0.000037 
| Global Round : 17 | Client :3 | Local Epoch : 0 | [64/620 (11%)]	Loss1: 5.843635 Loss2: 0.000034 
| Global Round : 17 | Client :3 | Local Epoch : 1 | [64/620 (11%)]	Loss1: 5.842998 Loss2: 0.000032 
| Global Round : 17 | Client :3 | Local Epoch : 2 | [64/620 (11%)]	Loss1: 5.842381 Loss2: 0.000028 
| Global Round : 17 | Client :3 | Local Epoch : 3 | [64/620 (11%)]	Loss1: 5.843310 Loss2: 0.000029 
| Global Round : 17 | Client :3 | Local Epoch : 4 | [64/620 (11%)]	Loss1: 5.842851 Loss2: 0.000031 
| Global Round : 17 | Client :4 | Local Epoch : 0 | [64/625 (11%)]	Loss1: 5.842901 Loss2: 0.000022 
| Global Round : 17 | Client :4 | Local Epoch : 1 | [64/625 (11%)]	Loss1: 5.844091 Loss2: 0.000023 
| Global Round : 17 | Client :4 | Local Epoch : 2 | [64/625 (11%)]	Loss1: 5.843391 Loss2: 0.000018 
| Global Round : 17 | Client :4 | Local Epoch : 3 | [64/625 (11%)]	Loss1: 5.842260 Loss2: 0.000022 
| Global Round : 17 | Client :4 | Local Epoch : 4 | [64/625 (11%)]	Loss1: 5.843352 Loss2: 0.000026 
| Global Round : 17 | Client :5 | Local Epoch : 0 | [64/604 (11%)]	Loss1: 5.840397 Loss2: 0.000033 
| Global Round : 17 | Client :5 | Local Epoch : 1 | [64/604 (11%)]	Loss1: 5.841179 Loss2: 0.000036 
| Global Round : 17 | Client :5 | Local Epoch : 2 | [64/604 (11%)]	Loss1: 5.840589 Loss2: 0.000036 
| Global Round : 17 | Client :5 | Local Epoch : 3 | [64/604 (11%)]	Loss1: 5.840961 Loss2: 0.000033 
| Global Round : 17 | Client :5 | Local Epoch : 4 | [64/604 (11%)]	Loss1: 5.840797 Loss2: 0.000035 
| Global Round : 17 | Client :6 | Local Epoch : 0 | [64/534 (12%)]	Loss1: 5.843628 Loss2: 0.000017 
| Global Round : 17 | Client :6 | Local Epoch : 1 | [64/534 (12%)]	Loss1: 5.842759 Loss2: 0.000017 
| Global Round : 17 | Client :6 | Local Epoch : 2 | [64/534 (12%)]	Loss1: 5.843058 Loss2: 0.000017 
| Global Round : 17 | Client :6 | Local Epoch : 3 | [64/534 (12%)]	Loss1: 5.842150 Loss2: 0.000020 
| Global Round : 17 | Client :6 | Local Epoch : 4 | [64/534 (12%)]	Loss1: 5.841947 Loss2: 0.000021 
| Global Round : 17 | Client :7 | Local Epoch : 0 | [64/824 (8%)]	Loss1: 5.840700 Loss2: 0.000046 
| Global Round : 17 | Client :7 | Local Epoch : 0 | [704/824 (92%)]	Loss1: 5.842316 Loss2: 0.000044 
| Global Round : 17 | Client :7 | Local Epoch : 1 | [64/824 (8%)]	Loss1: 5.841688 Loss2: 0.000039 
| Global Round : 17 | Client :7 | Local Epoch : 1 | [704/824 (92%)]	Loss1: 5.840883 Loss2: 0.000044 
| Global Round : 17 | Client :7 | Local Epoch : 2 | [64/824 (8%)]	Loss1: 5.840600 Loss2: 0.000042 
| Global Round : 17 | Client :7 | Local Epoch : 2 | [704/824 (92%)]	Loss1: 5.841678 Loss2: 0.000047 
| Global Round : 17 | Client :7 | Local Epoch : 3 | [64/824 (8%)]	Loss1: 5.841184 Loss2: 0.000043 
| Global Round : 17 | Client :7 | Local Epoch : 3 | [704/824 (92%)]	Loss1: 5.840856 Loss2: 0.000044 
| Global Round : 17 | Client :7 | Local Epoch : 4 | [64/824 (8%)]	Loss1: 5.842058 Loss2: 0.000041 
| Global Round : 17 | Client :7 | Local Epoch : 4 | [704/824 (92%)]	Loss1: 5.841194 Loss2: 0.000042 
| Global Round : 17 | Client :8 | Local Epoch : 0 | [64/714 (9%)]	Loss1: 5.843452 Loss2: 0.000027 
| Global Round : 17 | Client :8 | Local Epoch : 0 | [704/714 (100%)]	Loss1: 5.843393 Loss2: 0.000024 
| Global Round : 17 | Client :8 | Local Epoch : 1 | [64/714 (9%)]	Loss1: 5.843974 Loss2: 0.000023 
| Global Round : 17 | Client :8 | Local Epoch : 1 | [704/714 (100%)]	Loss1: 5.843076 Loss2: 0.000026 
| Global Round : 17 | Client :8 | Local Epoch : 2 | [64/714 (9%)]	Loss1: 5.842669 Loss2: 0.000022 
| Global Round : 17 | Client :8 | Local Epoch : 2 | [704/714 (100%)]	Loss1: 5.842940 Loss2: 0.000027 
| Global Round : 17 | Client :8 | Local Epoch : 3 | [64/714 (9%)]	Loss1: 5.844195 Loss2: 0.000025 
| Global Round : 17 | Client :8 | Local Epoch : 3 | [704/714 (100%)]	Loss1: 5.843659 Loss2: 0.000028 
| Global Round : 17 | Client :8 | Local Epoch : 4 | [64/714 (9%)]	Loss1: 5.842904 Loss2: 0.000025 
| Global Round : 17 | Client :8 | Local Epoch : 4 | [704/714 (100%)]	Loss1: 5.842576 Loss2: 0.000024 
| Global Round : 17 | Client :9 | Local Epoch : 0 | [64/607 (11%)]	Loss1: 5.843641 Loss2: 0.000017 
| Global Round : 17 | Client :9 | Local Epoch : 1 | [64/607 (11%)]	Loss1: 5.844198 Loss2: 0.000018 
| Global Round : 17 | Client :9 | Local Epoch : 2 | [64/607 (11%)]	Loss1: 5.844194 Loss2: 0.000015 
| Global Round : 17 | Client :9 | Local Epoch : 3 | [64/607 (11%)]	Loss1: 5.842659 Loss2: 0.000020 
| Global Round : 17 | Client :9 | Local Epoch : 4 | [64/607 (11%)]	Loss1: 5.842876 Loss2: 0.000022 
average loss:   5.839817426137595
average local test accuracy: 0.8369791666666666
average global test accuracy:  0.617578125

 | Global Training Round : 18 |

xi_k [0.47599603 0.53284562 0.53280471 0.49512486 0.49111945 0.50789954
 0.51087155 0.49650522 0.52542306 0.5057027 ]
max_exp: -1.0
coe: 10
Regulation [0.8 0.8 0.8 0.8 0.8 0.8 0.8 0.8 0.8 0.8]
Solver status: optimal_inaccurate
b_new: [1. 1. 1. 1. 1. 1. 1. 1. 1. 1.]
Iter 0: obj=50.3429, best_obj=50.3429, ||b_new-b_prev||₂=2.846050
xi_k [0.47599603 0.53284562 0.53280471 0.49512486 0.49111945 0.50789954
 0.51087155 0.49650522 0.52542306 0.5057027 ]
max_exp: -1.0
coe: 10
Regulation [-1. -1. -1. -1. -1. -1. -1. -1. -1. -1.]
Solver status: optimal_inaccurate
b_new: [1. 1. 1. 1. 1. 1. 1. 1. 1. 1.]
Iter 1: obj=51.2429, best_obj=51.2429, ||b_new-b_prev||₂=0.000000
Converged.
Final b: [1. 1. 1. 1. 1. 1. 1. 1. 1. 1.]
<class 'numpy.ndarray'>
b_float: [1. 1. 1. 1. 1. 1. 1. 1. 1. 1.]
b: [1 1 1 1 1 1 1 1 1 1]
active_clients:  [0, 1, 2, 3, 4, 5, 6, 7, 8, 9]
Client 0's s_k are:[0 0 1 1 1 0 1 0 1 1]
Client 1's s_k are:[0 0 0 1 0 1 0 0 0 1]
Client 2's s_k are:[1 1 0 1 1 1 1 0 1 1]
Client 3's s_k are:[0 1 0 0 0 0 0 0 1 1]
Client 4's s_k are:[0 0 1 0 0 0 1 1 0 0]
Client 5's s_k are:[1 1 1 1 1 0 1 1 1 1]
Client 6's s_k are:[0 1 1 0 1 1 0 0 1 1]
Client 7's s_k are:[1 1 0 1 1 0 1 0 1 1]
Client 8's s_k are:[1 1 1 1 1 1 1 1 0 1]
Client 9's s_k are:[0 0 0 0 0 0 1 1 0 0]
| Global Round : 18 | Client :0 | Local Epoch : 0 | [64/573 (12%)]	Loss1: 5.841377 Loss2: 0.000028 
| Global Round : 18 | Client :0 | Local Epoch : 1 | [64/573 (12%)]	Loss1: 5.840757 Loss2: 0.000027 
| Global Round : 18 | Client :0 | Local Epoch : 2 | [64/573 (12%)]	Loss1: 5.841808 Loss2: 0.000029 
| Global Round : 18 | Client :0 | Local Epoch : 3 | [64/573 (12%)]	Loss1: 5.840982 Loss2: 0.000030 
| Global Round : 18 | Client :0 | Local Epoch : 4 | [64/573 (12%)]	Loss1: 5.841224 Loss2: 0.000026 
| Global Round : 18 | Client :1 | Local Epoch : 0 | [64/448 (14%)]	Loss1: 5.840815 Loss2: 0.000027 
| Global Round : 18 | Client :1 | Local Epoch : 1 | [64/448 (14%)]	Loss1: 5.843211 Loss2: 0.000024 
| Global Round : 18 | Client :1 | Local Epoch : 2 | [64/448 (14%)]	Loss1: 5.841744 Loss2: 0.000023 
| Global Round : 18 | Client :1 | Local Epoch : 3 | [64/448 (14%)]	Loss1: 5.842712 Loss2: 0.000021 
| Global Round : 18 | Client :1 | Local Epoch : 4 | [64/448 (14%)]	Loss1: 5.842985 Loss2: 0.000024 
| Global Round : 18 | Client :2 | Local Epoch : 0 | [64/448 (14%)]	Loss1: 5.841032 Loss2: 0.000015 
| Global Round : 18 | Client :2 | Local Epoch : 1 | [64/448 (14%)]	Loss1: 5.841428 Loss2: 0.000016 
| Global Round : 18 | Client :2 | Local Epoch : 2 | [64/448 (14%)]	Loss1: 5.842969 Loss2: 0.000017 
| Global Round : 18 | Client :2 | Local Epoch : 3 | [64/448 (14%)]	Loss1: 5.841664 Loss2: 0.000015 
| Global Round : 18 | Client :2 | Local Epoch : 4 | [64/448 (14%)]	Loss1: 5.842168 Loss2: 0.000017 
| Global Round : 18 | Client :3 | Local Epoch : 0 | [64/620 (11%)]	Loss1: 5.843753 Loss2: 0.000024 
| Global Round : 18 | Client :3 | Local Epoch : 1 | [64/620 (11%)]	Loss1: 5.843306 Loss2: 0.000023 
| Global Round : 18 | Client :3 | Local Epoch : 2 | [64/620 (11%)]	Loss1: 5.841420 Loss2: 0.000022 
| Global Round : 18 | Client :3 | Local Epoch : 3 | [64/620 (11%)]	Loss1: 5.843140 Loss2: 0.000017 
| Global Round : 18 | Client :3 | Local Epoch : 4 | [64/620 (11%)]	Loss1: 5.843479 Loss2: 0.000021 
| Global Round : 18 | Client :4 | Local Epoch : 0 | [64/625 (11%)]	Loss1: 5.841914 Loss2: 0.000021 
| Global Round : 18 | Client :4 | Local Epoch : 1 | [64/625 (11%)]	Loss1: 5.842590 Loss2: 0.000021 
| Global Round : 18 | Client :4 | Local Epoch : 2 | [64/625 (11%)]	Loss1: 5.842611 Loss2: 0.000027 
| Global Round : 18 | Client :4 | Local Epoch : 3 | [64/625 (11%)]	Loss1: 5.843057 Loss2: 0.000024 
| Global Round : 18 | Client :4 | Local Epoch : 4 | [64/625 (11%)]	Loss1: 5.842406 Loss2: 0.000022 
| Global Round : 18 | Client :5 | Local Epoch : 0 | [64/604 (11%)]	Loss1: 5.841571 Loss2: 0.000021 
| Global Round : 18 | Client :5 | Local Epoch : 1 | [64/604 (11%)]	Loss1: 5.841629 Loss2: 0.000021 
| Global Round : 18 | Client :5 | Local Epoch : 2 | [64/604 (11%)]	Loss1: 5.840126 Loss2: 0.000023 
| Global Round : 18 | Client :5 | Local Epoch : 3 | [64/604 (11%)]	Loss1: 5.840710 Loss2: 0.000023 
| Global Round : 18 | Client :5 | Local Epoch : 4 | [64/604 (11%)]	Loss1: 5.840377 Loss2: 0.000023 
| Global Round : 18 | Client :6 | Local Epoch : 0 | [64/534 (12%)]	Loss1: 5.843837 Loss2: 0.000018 
| Global Round : 18 | Client :6 | Local Epoch : 1 | [64/534 (12%)]	Loss1: 5.843528 Loss2: 0.000015 
| Global Round : 18 | Client :6 | Local Epoch : 2 | [64/534 (12%)]	Loss1: 5.842957 Loss2: 0.000014 
| Global Round : 18 | Client :6 | Local Epoch : 3 | [64/534 (12%)]	Loss1: 5.841331 Loss2: 0.000014 
| Global Round : 18 | Client :6 | Local Epoch : 4 | [64/534 (12%)]	Loss1: 5.842744 Loss2: 0.000014 
| Global Round : 18 | Client :7 | Local Epoch : 0 | [64/824 (8%)]	Loss1: 5.840156 Loss2: 0.000023 
| Global Round : 18 | Client :7 | Local Epoch : 0 | [704/824 (92%)]	Loss1: 5.841429 Loss2: 0.000029 
| Global Round : 18 | Client :7 | Local Epoch : 1 | [64/824 (8%)]	Loss1: 5.841302 Loss2: 0.000031 
| Global Round : 18 | Client :7 | Local Epoch : 1 | [704/824 (92%)]	Loss1: 5.840765 Loss2: 0.000026 
| Global Round : 18 | Client :7 | Local Epoch : 2 | [64/824 (8%)]	Loss1: 5.841294 Loss2: 0.000026 
| Global Round : 18 | Client :7 | Local Epoch : 2 | [704/824 (92%)]	Loss1: 5.841418 Loss2: 0.000026 
| Global Round : 18 | Client :7 | Local Epoch : 3 | [64/824 (8%)]	Loss1: 5.841197 Loss2: 0.000027 
| Global Round : 18 | Client :7 | Local Epoch : 3 | [704/824 (92%)]	Loss1: 5.840100 Loss2: 0.000028 
| Global Round : 18 | Client :7 | Local Epoch : 4 | [64/824 (8%)]	Loss1: 5.842546 Loss2: 0.000028 
| Global Round : 18 | Client :7 | Local Epoch : 4 | [704/824 (92%)]	Loss1: 5.839976 Loss2: 0.000026 
| Global Round : 18 | Client :8 | Local Epoch : 0 | [64/714 (9%)]	Loss1: 5.842172 Loss2: 0.000021 
| Global Round : 18 | Client :8 | Local Epoch : 0 | [704/714 (100%)]	Loss1: 5.844016 Loss2: 0.000025 
| Global Round : 18 | Client :8 | Local Epoch : 1 | [64/714 (9%)]	Loss1: 5.843081 Loss2: 0.000022 
| Global Round : 18 | Client :8 | Local Epoch : 1 | [704/714 (100%)]	Loss1: 5.844862 Loss2: 0.000028 
| Global Round : 18 | Client :8 | Local Epoch : 2 | [64/714 (9%)]	Loss1: 5.844263 Loss2: 0.000023 
| Global Round : 18 | Client :8 | Local Epoch : 2 | [704/714 (100%)]	Loss1: 5.843546 Loss2: 0.000030 
| Global Round : 18 | Client :8 | Local Epoch : 3 | [64/714 (9%)]	Loss1: 5.844213 Loss2: 0.000023 
| Global Round : 18 | Client :8 | Local Epoch : 3 | [704/714 (100%)]	Loss1: 5.842336 Loss2: 0.000020 
| Global Round : 18 | Client :8 | Local Epoch : 4 | [64/714 (9%)]	Loss1: 5.843132 Loss2: 0.000022 
| Global Round : 18 | Client :8 | Local Epoch : 4 | [704/714 (100%)]	Loss1: 5.842029 Loss2: 0.000023 
| Global Round : 18 | Client :9 | Local Epoch : 0 | [64/607 (11%)]	Loss1: 5.844709 Loss2: 0.000028 
| Global Round : 18 | Client :9 | Local Epoch : 1 | [64/607 (11%)]	Loss1: 5.843371 Loss2: 0.000031 
| Global Round : 18 | Client :9 | Local Epoch : 2 | [64/607 (11%)]	Loss1: 5.843207 Loss2: 0.000028 
| Global Round : 18 | Client :9 | Local Epoch : 3 | [64/607 (11%)]	Loss1: 5.843052 Loss2: 0.000026 
| Global Round : 18 | Client :9 | Local Epoch : 4 | [64/607 (11%)]	Loss1: 5.843311 Loss2: 0.000030 
average loss:   5.839781407652824
average local test accuracy: 0.8291666666666668
average global test accuracy:  0.616796875

 | Global Training Round : 19 |

xi_k [0.47597506 0.53283244 0.53284011 0.49505274 0.49109284 0.50788072
 0.51085037 0.49648694 0.52545211 0.50568605]
max_exp: -1.0
coe: 10
Regulation [0.8 0.8 0.8 0.8 0.8 0.8 0.8 0.8 0.8 0.8]
Solver status: optimal_inaccurate
b_new: [1. 1. 1. 1. 1. 1. 1. 1. 1. 1.]
Iter 0: obj=50.3415, best_obj=50.3415, ||b_new-b_prev||₂=2.846050
xi_k [0.47597506 0.53283244 0.53284011 0.49505274 0.49109284 0.50788072
 0.51085037 0.49648694 0.52545211 0.50568605]
max_exp: -1.0
coe: 10
Regulation [-1. -1. -1. -1. -1. -1. -1. -1. -1. -1.]
Solver status: optimal_inaccurate
b_new: [1. 1. 1. 1. 1. 1. 1. 1. 1. 1.]
Iter 1: obj=51.2415, best_obj=51.2415, ||b_new-b_prev||₂=0.000000
Converged.
Final b: [1. 1. 1. 1. 1. 1. 1. 1. 1. 1.]
<class 'numpy.ndarray'>
b_float: [1. 1. 1. 1. 1. 1. 1. 1. 1. 1.]
b: [1 1 1 1 1 1 1 1 1 1]
active_clients:  [0, 1, 2, 3, 4, 5, 6, 7, 8, 9]
Client 0's s_k are:[0 1 1 1 1 1 1 1 1 1]
Client 1's s_k are:[1 0 0 0 1 0 1 0 1 0]
Client 2's s_k are:[1 0 0 1 1 1 1 0 1 1]
Client 3's s_k are:[1 1 1 0 0 1 1 1 1 1]
Client 4's s_k are:[0 1 1 1 0 0 1 1 1 0]
Client 5's s_k are:[1 0 0 0 1 0 0 1 0 0]
Client 6's s_k are:[0 0 1 0 1 1 0 1 1 1]
Client 7's s_k are:[0 0 1 0 0 1 0 0 0 1]
Client 8's s_k are:[0 1 0 0 0 0 0 0 0 0]
Client 9's s_k are:[0 1 0 0 0 1 1 0 0 0]
| Global Round : 19 | Client :0 | Local Epoch : 0 | [64/573 (12%)]	Loss1: 5.841410 Loss2: 0.000028 
| Global Round : 19 | Client :0 | Local Epoch : 1 | [64/573 (12%)]	Loss1: 5.842048 Loss2: 0.000026 
| Global Round : 19 | Client :0 | Local Epoch : 2 | [64/573 (12%)]	Loss1: 5.841988 Loss2: 0.000025 
| Global Round : 19 | Client :0 | Local Epoch : 3 | [64/573 (12%)]	Loss1: 5.840288 Loss2: 0.000023 
| Global Round : 19 | Client :0 | Local Epoch : 4 | [64/573 (12%)]	Loss1: 5.840502 Loss2: 0.000030 
| Global Round : 19 | Client :1 | Local Epoch : 0 | [64/448 (14%)]	Loss1: 5.843494 Loss2: 0.000019 
| Global Round : 19 | Client :1 | Local Epoch : 1 | [64/448 (14%)]	Loss1: 5.842145 Loss2: 0.000024 
| Global Round : 19 | Client :1 | Local Epoch : 2 | [64/448 (14%)]	Loss1: 5.842090 Loss2: 0.000019 
| Global Round : 19 | Client :1 | Local Epoch : 3 | [64/448 (14%)]	Loss1: 5.841827 Loss2: 0.000019 
| Global Round : 19 | Client :1 | Local Epoch : 4 | [64/448 (14%)]	Loss1: 5.843790 Loss2: 0.000023 
| Global Round : 19 | Client :2 | Local Epoch : 0 | [64/448 (14%)]	Loss1: 5.842038 Loss2: 0.000014 
| Global Round : 19 | Client :2 | Local Epoch : 1 | [64/448 (14%)]	Loss1: 5.841068 Loss2: 0.000015 
| Global Round : 19 | Client :2 | Local Epoch : 2 | [64/448 (14%)]	Loss1: 5.843026 Loss2: 0.000018 
| Global Round : 19 | Client :2 | Local Epoch : 3 | [64/448 (14%)]	Loss1: 5.840913 Loss2: 0.000014 
| Global Round : 19 | Client :2 | Local Epoch : 4 | [64/448 (14%)]	Loss1: 5.840507 Loss2: 0.000014 
| Global Round : 19 | Client :3 | Local Epoch : 0 | [64/620 (11%)]	Loss1: 5.842827 Loss2: 0.000021 
| Global Round : 19 | Client :3 | Local Epoch : 1 | [64/620 (11%)]	Loss1: 5.843243 Loss2: 0.000017 
| Global Round : 19 | Client :3 | Local Epoch : 2 | [64/620 (11%)]	Loss1: 5.842813 Loss2: 0.000016 
| Global Round : 19 | Client :3 | Local Epoch : 3 | [64/620 (11%)]	Loss1: 5.841912 Loss2: 0.000018 
| Global Round : 19 | Client :3 | Local Epoch : 4 | [64/620 (11%)]	Loss1: 5.842277 Loss2: 0.000018 
| Global Round : 19 | Client :4 | Local Epoch : 0 | [64/625 (11%)]	Loss1: 5.840580 Loss2: 0.000026 
| Global Round : 19 | Client :4 | Local Epoch : 1 | [64/625 (11%)]	Loss1: 5.841312 Loss2: 0.000019 
| Global Round : 19 | Client :4 | Local Epoch : 2 | [64/625 (11%)]	Loss1: 5.842044 Loss2: 0.000020 
| Global Round : 19 | Client :4 | Local Epoch : 3 | [64/625 (11%)]	Loss1: 5.841357 Loss2: 0.000019 
| Global Round : 19 | Client :4 | Local Epoch : 4 | [64/625 (11%)]	Loss1: 5.842338 Loss2: 0.000032 
| Global Round : 19 | Client :5 | Local Epoch : 0 | [64/604 (11%)]	Loss1: 5.840471 Loss2: 0.000032 
| Global Round : 19 | Client :5 | Local Epoch : 1 | [64/604 (11%)]	Loss1: 5.841049 Loss2: 0.000029 
| Global Round : 19 | Client :5 | Local Epoch : 2 | [64/604 (11%)]	Loss1: 5.839437 Loss2: 0.000033 
| Global Round : 19 | Client :5 | Local Epoch : 3 | [64/604 (11%)]	Loss1: 5.839897 Loss2: 0.000031 
| Global Round : 19 | Client :5 | Local Epoch : 4 | [64/604 (11%)]	Loss1: 5.840341 Loss2: 0.000029 
| Global Round : 19 | Client :6 | Local Epoch : 0 | [64/534 (12%)]	Loss1: 5.842195 Loss2: 0.000017 
| Global Round : 19 | Client :6 | Local Epoch : 1 | [64/534 (12%)]	Loss1: 5.842550 Loss2: 0.000017 
| Global Round : 19 | Client :6 | Local Epoch : 2 | [64/534 (12%)]	Loss1: 5.841725 Loss2: 0.000016 
| Global Round : 19 | Client :6 | Local Epoch : 3 | [64/534 (12%)]	Loss1: 5.843048 Loss2: 0.000017 
| Global Round : 19 | Client :6 | Local Epoch : 4 | [64/534 (12%)]	Loss1: 5.842933 Loss2: 0.000017 
| Global Round : 19 | Client :7 | Local Epoch : 0 | [64/824 (8%)]	Loss1: 5.841366 Loss2: 0.000040 
| Global Round : 19 | Client :7 | Local Epoch : 0 | [704/824 (92%)]	Loss1: 5.840635 Loss2: 0.000040 
| Global Round : 19 | Client :7 | Local Epoch : 1 | [64/824 (8%)]	Loss1: 5.841033 Loss2: 0.000037 
| Global Round : 19 | Client :7 | Local Epoch : 1 | [704/824 (92%)]	Loss1: 5.840502 Loss2: 0.000041 
| Global Round : 19 | Client :7 | Local Epoch : 2 | [64/824 (8%)]	Loss1: 5.839710 Loss2: 0.000039 
| Global Round : 19 | Client :7 | Local Epoch : 2 | [704/824 (92%)]	Loss1: 5.841056 Loss2: 0.000038 
| Global Round : 19 | Client :7 | Local Epoch : 3 | [64/824 (8%)]	Loss1: 5.840897 Loss2: 0.000039 
| Global Round : 19 | Client :7 | Local Epoch : 3 | [704/824 (92%)]	Loss1: 5.840112 Loss2: 0.000040 
| Global Round : 19 | Client :7 | Local Epoch : 4 | [64/824 (8%)]	Loss1: 5.840510 Loss2: 0.000041 
| Global Round : 19 | Client :7 | Local Epoch : 4 | [704/824 (92%)]	Loss1: 5.840724 Loss2: 0.000039 
| Global Round : 19 | Client :8 | Local Epoch : 0 | [64/714 (9%)]	Loss1: 5.841733 Loss2: 0.000032 
| Global Round : 19 | Client :8 | Local Epoch : 0 | [704/714 (100%)]	Loss1: 5.842847 Loss2: 0.000036 
| Global Round : 19 | Client :8 | Local Epoch : 1 | [64/714 (9%)]	Loss1: 5.842175 Loss2: 0.000034 
| Global Round : 19 | Client :8 | Local Epoch : 1 | [704/714 (100%)]	Loss1: 5.842063 Loss2: 0.000039 
| Global Round : 19 | Client :8 | Local Epoch : 2 | [64/714 (9%)]	Loss1: 5.843245 Loss2: 0.000030 
| Global Round : 19 | Client :8 | Local Epoch : 2 | [704/714 (100%)]	Loss1: 5.842723 Loss2: 0.000041 
| Global Round : 19 | Client :8 | Local Epoch : 3 | [64/714 (9%)]	Loss1: 5.842121 Loss2: 0.000035 
| Global Round : 19 | Client :8 | Local Epoch : 3 | [704/714 (100%)]	Loss1: 5.842871 Loss2: 0.000030 
| Global Round : 19 | Client :8 | Local Epoch : 4 | [64/714 (9%)]	Loss1: 5.840683 Loss2: 0.000033 
| Global Round : 19 | Client :8 | Local Epoch : 4 | [704/714 (100%)]	Loss1: 5.843357 Loss2: 0.000037 
| Global Round : 19 | Client :9 | Local Epoch : 0 | [64/607 (11%)]	Loss1: 5.844460 Loss2: 0.000016 
| Global Round : 19 | Client :9 | Local Epoch : 1 | [64/607 (11%)]	Loss1: 5.845663 Loss2: 0.000018 
| Global Round : 19 | Client :9 | Local Epoch : 2 | [64/607 (11%)]	Loss1: 5.843475 Loss2: 0.000017 
| Global Round : 19 | Client :9 | Local Epoch : 3 | [64/607 (11%)]	Loss1: 5.842414 Loss2: 0.000017 
| Global Round : 19 | Client :9 | Local Epoch : 4 | [64/607 (11%)]	Loss1: 5.843043 Loss2: 0.000022 
average loss:   5.839769057002763
average local test accuracy: 0.8317708333333333
average global test accuracy:  0.656640625

 | Global Training Round : 20 |

xi_k [0.47599143 0.53284074 0.53277594 0.49505133 0.49111274 0.50791439
 0.51082211 0.49650748 0.5254288  0.50563683]
max_exp: -1.0
coe: 10
Regulation [0.8 0.8 0.8 0.8 0.8 0.8 0.8 0.8 0.8 0.8]
Solver status: optimal_inaccurate
b_new: [1. 1. 1. 1. 1. 1. 1. 1. 1. 1.]
Iter 0: obj=50.3408, best_obj=50.3408, ||b_new-b_prev||₂=2.846050
xi_k [0.47599143 0.53284074 0.53277594 0.49505133 0.49111274 0.50791439
 0.51082211 0.49650748 0.5254288  0.50563683]
max_exp: -1.0
coe: 10
Regulation [-1. -1. -1. -1. -1. -1. -1. -1. -1. -1.]
Solver status: optimal_inaccurate
b_new: [1. 1. 1. 1. 1. 1. 1. 1. 1. 1.]
Iter 1: obj=51.2408, best_obj=51.2408, ||b_new-b_prev||₂=0.000000
Converged.
Final b: [1. 1. 1. 1. 1. 1. 1. 1. 1. 1.]
<class 'numpy.ndarray'>
b_float: [1. 1. 1. 1. 1. 1. 1. 1. 1. 1.]
b: [1 1 1 1 1 1 1 1 1 1]
active_clients:  [0, 1, 2, 3, 4, 5, 6, 7, 8, 9]
Client 0's s_k are:[0 0 0 1 1 1 1 1 0 1]
Client 1's s_k are:[1 0 1 1 1 1 1 0 1 1]
Client 2's s_k are:[0 1 0 1 1 0 1 0 0 1]
Client 3's s_k are:[0 1 0 0 0 0 1 0 0 0]
Client 4's s_k are:[0 1 1 1 0 1 1 1 1 1]
Client 5's s_k are:[0 0 1 1 1 0 0 1 0 1]
Client 6's s_k are:[0 0 0 1 1 1 0 1 1 1]
Client 7's s_k are:[0 0 0 0 0 0 0 0 1 0]
Client 8's s_k are:[0 1 1 1 1 1 1 1 0 1]
Client 9's s_k are:[1 1 1 0 0 1 1 1 1 0]
| Global Round : 20 | Client :0 | Local Epoch : 0 | [64/573 (12%)]	Loss1: 5.841249 Loss2: 0.000025 
| Global Round : 20 | Client :0 | Local Epoch : 1 | [64/573 (12%)]	Loss1: 5.841598 Loss2: 0.000022 
| Global Round : 20 | Client :0 | Local Epoch : 2 | [64/573 (12%)]	Loss1: 5.841647 Loss2: 0.000027 
| Global Round : 20 | Client :0 | Local Epoch : 3 | [64/573 (12%)]	Loss1: 5.839846 Loss2: 0.000026 
| Global Round : 20 | Client :0 | Local Epoch : 4 | [64/573 (12%)]	Loss1: 5.840521 Loss2: 0.000026 
| Global Round : 20 | Client :1 | Local Epoch : 0 | [64/448 (14%)]	Loss1: 5.842178 Loss2: 0.000018 
| Global Round : 20 | Client :1 | Local Epoch : 1 | [64/448 (14%)]	Loss1: 5.841480 Loss2: 0.000023 
| Global Round : 20 | Client :1 | Local Epoch : 2 | [64/448 (14%)]	Loss1: 5.843161 Loss2: 0.000018 
| Global Round : 20 | Client :1 | Local Epoch : 3 | [64/448 (14%)]	Loss1: 5.842624 Loss2: 0.000014 
| Global Round : 20 | Client :1 | Local Epoch : 4 | [64/448 (14%)]	Loss1: 5.841941 Loss2: 0.000015 
| Global Round : 20 | Client :2 | Local Epoch : 0 | [64/448 (14%)]	Loss1: 5.842513 Loss2: 0.000017 
| Global Round : 20 | Client :2 | Local Epoch : 1 | [64/448 (14%)]	Loss1: 5.842431 Loss2: 0.000016 
| Global Round : 20 | Client :2 | Local Epoch : 2 | [64/448 (14%)]	Loss1: 5.841959 Loss2: 0.000015 
| Global Round : 20 | Client :2 | Local Epoch : 3 | [64/448 (14%)]	Loss1: 5.842371 Loss2: 0.000017 
| Global Round : 20 | Client :2 | Local Epoch : 4 | [64/448 (14%)]	Loss1: 5.841923 Loss2: 0.000016 
| Global Round : 20 | Client :3 | Local Epoch : 0 | [64/620 (11%)]	Loss1: 5.842121 Loss2: 0.000020 
| Global Round : 20 | Client :3 | Local Epoch : 1 | [64/620 (11%)]	Loss1: 5.841959 Loss2: 0.000023 
| Global Round : 20 | Client :3 | Local Epoch : 2 | [64/620 (11%)]	Loss1: 5.842268 Loss2: 0.000024 
| Global Round : 20 | Client :3 | Local Epoch : 3 | [64/620 (11%)]	Loss1: 5.841979 Loss2: 0.000022 
| Global Round : 20 | Client :3 | Local Epoch : 4 | [64/620 (11%)]	Loss1: 5.841325 Loss2: 0.000019 
| Global Round : 20 | Client :4 | Local Epoch : 0 | [64/625 (11%)]	Loss1: 5.842400 Loss2: 0.000023 
| Global Round : 20 | Client :4 | Local Epoch : 1 | [64/625 (11%)]	Loss1: 5.842779 Loss2: 0.000019 
| Global Round : 20 | Client :4 | Local Epoch : 2 | [64/625 (11%)]	Loss1: 5.842745 Loss2: 0.000025 
| Global Round : 20 | Client :4 | Local Epoch : 3 | [64/625 (11%)]	Loss1: 5.841807 Loss2: 0.000024 
| Global Round : 20 | Client :4 | Local Epoch : 4 | [64/625 (11%)]	Loss1: 5.842716 Loss2: 0.000024 
| Global Round : 20 | Client :5 | Local Epoch : 0 | [64/604 (11%)]	Loss1: 5.840247 Loss2: 0.000021 
| Global Round : 20 | Client :5 | Local Epoch : 1 | [64/604 (11%)]	Loss1: 5.840792 Loss2: 0.000022 
| Global Round : 20 | Client :5 | Local Epoch : 2 | [64/604 (11%)]	Loss1: 5.839823 Loss2: 0.000020 
| Global Round : 20 | Client :5 | Local Epoch : 3 | [64/604 (11%)]	Loss1: 5.839613 Loss2: 0.000020 
| Global Round : 20 | Client :5 | Local Epoch : 4 | [64/604 (11%)]	Loss1: 5.839827 Loss2: 0.000020 
| Global Round : 20 | Client :6 | Local Epoch : 0 | [64/534 (12%)]	Loss1: 5.842230 Loss2: 0.000012 
| Global Round : 20 | Client :6 | Local Epoch : 1 | [64/534 (12%)]	Loss1: 5.842804 Loss2: 0.000013 
| Global Round : 20 | Client :6 | Local Epoch : 2 | [64/534 (12%)]	Loss1: 5.842713 Loss2: 0.000016 
| Global Round : 20 | Client :6 | Local Epoch : 3 | [64/534 (12%)]	Loss1: 5.841784 Loss2: 0.000015 
| Global Round : 20 | Client :6 | Local Epoch : 4 | [64/534 (12%)]	Loss1: 5.843185 Loss2: 0.000018 
| Global Round : 20 | Client :7 | Local Epoch : 0 | [64/824 (8%)]	Loss1: 5.840336 Loss2: 0.000033 
| Global Round : 20 | Client :7 | Local Epoch : 0 | [704/824 (92%)]	Loss1: 5.840181 Loss2: 0.000039 
| Global Round : 20 | Client :7 | Local Epoch : 1 | [64/824 (8%)]	Loss1: 5.840695 Loss2: 0.000029 
| Global Round : 20 | Client :7 | Local Epoch : 1 | [704/824 (92%)]	Loss1: 5.840267 Loss2: 0.000038 
| Global Round : 20 | Client :7 | Local Epoch : 2 | [64/824 (8%)]	Loss1: 5.841889 Loss2: 0.000027 
| Global Round : 20 | Client :7 | Local Epoch : 2 | [704/824 (92%)]	Loss1: 5.841175 Loss2: 0.000037 
| Global Round : 20 | Client :7 | Local Epoch : 3 | [64/824 (8%)]	Loss1: 5.840753 Loss2: 0.000030 
| Global Round : 20 | Client :7 | Local Epoch : 3 | [704/824 (92%)]	Loss1: 5.840336 Loss2: 0.000034 
| Global Round : 20 | Client :7 | Local Epoch : 4 | [64/824 (8%)]	Loss1: 5.840412 Loss2: 0.000028 
| Global Round : 20 | Client :7 | Local Epoch : 4 | [704/824 (92%)]	Loss1: 5.840513 Loss2: 0.000034 
| Global Round : 20 | Client :8 | Local Epoch : 0 | [64/714 (9%)]	Loss1: 5.843147 Loss2: 0.000028 
| Global Round : 20 | Client :8 | Local Epoch : 0 | [704/714 (100%)]	Loss1: 5.842912 Loss2: 0.000027 
| Global Round : 20 | Client :8 | Local Epoch : 1 | [64/714 (9%)]	Loss1: 5.842047 Loss2: 0.000026 
| Global Round : 20 | Client :8 | Local Epoch : 1 | [704/714 (100%)]	Loss1: 5.840675 Loss2: 0.000027 
| Global Round : 20 | Client :8 | Local Epoch : 2 | [64/714 (9%)]	Loss1: 5.843271 Loss2: 0.000023 
| Global Round : 20 | Client :8 | Local Epoch : 2 | [704/714 (100%)]	Loss1: 5.842385 Loss2: 0.000027 
| Global Round : 20 | Client :8 | Local Epoch : 3 | [64/714 (9%)]	Loss1: 5.841848 Loss2: 0.000024 
| Global Round : 20 | Client :8 | Local Epoch : 3 | [704/714 (100%)]	Loss1: 5.844837 Loss2: 0.000024 
| Global Round : 20 | Client :8 | Local Epoch : 4 | [64/714 (9%)]	Loss1: 5.843016 Loss2: 0.000024 
| Global Round : 20 | Client :8 | Local Epoch : 4 | [704/714 (100%)]	Loss1: 5.842050 Loss2: 0.000026 
| Global Round : 20 | Client :9 | Local Epoch : 0 | [64/607 (11%)]	Loss1: 5.842920 Loss2: 0.000020 
| Global Round : 20 | Client :9 | Local Epoch : 1 | [64/607 (11%)]	Loss1: 5.842584 Loss2: 0.000015 
| Global Round : 20 | Client :9 | Local Epoch : 2 | [64/607 (11%)]	Loss1: 5.843568 Loss2: 0.000021 
| Global Round : 20 | Client :9 | Local Epoch : 3 | [64/607 (11%)]	Loss1: 5.841558 Loss2: 0.000018 
| Global Round : 20 | Client :9 | Local Epoch : 4 | [64/607 (11%)]	Loss1: 5.843488 Loss2: 0.000017 
average loss:   5.839478819315223
average local test accuracy: 0.8268229166666667
average global test accuracy:  0.61015625

 | Global Training Round : 21 |

xi_k [0.47593732 0.53280914 0.53275109 0.49502807 0.49106692 0.50785967
 0.5107932  0.49649596 0.52534846 0.50561261]
max_exp: -1.0
coe: 10
Regulation [0.8 0.8 0.8 0.8 0.8 0.8 0.8 0.8 0.8 0.8]
Solver status: optimal_inaccurate
b_new: [1. 1. 1. 1. 1. 1. 1. 1. 1. 1.]
Iter 0: obj=50.3370, best_obj=50.3370, ||b_new-b_prev||₂=2.846050
xi_k [0.47593732 0.53280914 0.53275109 0.49502807 0.49106692 0.50785967
 0.5107932  0.49649596 0.52534846 0.50561261]
max_exp: -1.0
coe: 10
Regulation [-1. -1. -1. -1. -1. -1. -1. -1. -1. -1.]
Solver status: optimal_inaccurate
b_new: [1. 1. 1. 1. 1. 1. 1. 1. 1. 1.]
Iter 1: obj=51.2370, best_obj=51.2370, ||b_new-b_prev||₂=0.000000
Converged.
Final b: [1. 1. 1. 1. 1. 1. 1. 1. 1. 1.]
<class 'numpy.ndarray'>
b_float: [1. 1. 1. 1. 1. 1. 1. 1. 1. 1.]
b: [1 1 1 1 1 1 1 1 1 1]
active_clients:  [0, 1, 2, 3, 4, 5, 6, 7, 8, 9]
Client 0's s_k are:[0 1 1 1 0 1 0 1 1 1]
Client 1's s_k are:[0 0 0 1 0 0 0 0 1 0]
Client 2's s_k are:[1 0 0 1 1 1 1 1 1 0]
Client 3's s_k are:[1 1 1 0 1 0 0 1 0 0]
Client 4's s_k are:[0 0 1 0 0 0 0 0 0 0]
Client 5's s_k are:[1 0 0 1 1 0 1 1 1 1]
Client 6's s_k are:[1 1 0 0 1 0 0 1 1 0]
Client 7's s_k are:[0 0 0 0 0 1 0 0 0 0]
Client 8's s_k are:[1 1 0 1 1 0 0 1 0 1]
Client 9's s_k are:[0 0 0 0 0 0 0 1 0 0]
| Global Round : 21 | Client :0 | Local Epoch : 0 | [64/573 (12%)]	Loss1: 5.839868 Loss2: 0.000025 
| Global Round : 21 | Client :0 | Local Epoch : 1 | [64/573 (12%)]	Loss1: 5.841389 Loss2: 0.000025 
| Global Round : 21 | Client :0 | Local Epoch : 2 | [64/573 (12%)]	Loss1: 5.841051 Loss2: 0.000026 
| Global Round : 21 | Client :0 | Local Epoch : 3 | [64/573 (12%)]	Loss1: 5.841225 Loss2: 0.000024 
| Global Round : 21 | Client :0 | Local Epoch : 4 | [64/573 (12%)]	Loss1: 5.840962 Loss2: 0.000026 
| Global Round : 21 | Client :1 | Local Epoch : 0 | [64/448 (14%)]	Loss1: 5.842190 Loss2: 0.000022 
| Global Round : 21 | Client :1 | Local Epoch : 1 | [64/448 (14%)]	Loss1: 5.842807 Loss2: 0.000018 
| Global Round : 21 | Client :1 | Local Epoch : 2 | [64/448 (14%)]	Loss1: 5.841886 Loss2: 0.000023 
| Global Round : 21 | Client :1 | Local Epoch : 3 | [64/448 (14%)]	Loss1: 5.841743 Loss2: 0.000018 
| Global Round : 21 | Client :1 | Local Epoch : 4 | [64/448 (14%)]	Loss1: 5.842208 Loss2: 0.000018 
| Global Round : 21 | Client :2 | Local Epoch : 0 | [64/448 (14%)]	Loss1: 5.842713 Loss2: 0.000017 
| Global Round : 21 | Client :2 | Local Epoch : 1 | [64/448 (14%)]	Loss1: 5.840750 Loss2: 0.000017 
| Global Round : 21 | Client :2 | Local Epoch : 2 | [64/448 (14%)]	Loss1: 5.842401 Loss2: 0.000014 
| Global Round : 21 | Client :2 | Local Epoch : 3 | [64/448 (14%)]	Loss1: 5.842037 Loss2: 0.000016 
| Global Round : 21 | Client :2 | Local Epoch : 4 | [64/448 (14%)]	Loss1: 5.840776 Loss2: 0.000016 
| Global Round : 21 | Client :3 | Local Epoch : 0 | [64/620 (11%)]	Loss1: 5.842729 Loss2: 0.000017 
| Global Round : 21 | Client :3 | Local Epoch : 1 | [64/620 (11%)]	Loss1: 5.841854 Loss2: 0.000019 
| Global Round : 21 | Client :3 | Local Epoch : 2 | [64/620 (11%)]	Loss1: 5.842638 Loss2: 0.000016 
| Global Round : 21 | Client :3 | Local Epoch : 3 | [64/620 (11%)]	Loss1: 5.841725 Loss2: 0.000018 
| Global Round : 21 | Client :3 | Local Epoch : 4 | [64/620 (11%)]	Loss1: 5.842274 Loss2: 0.000016 
| Global Round : 21 | Client :4 | Local Epoch : 0 | [64/625 (11%)]	Loss1: 5.842700 Loss2: 0.000028 
| Global Round : 21 | Client :4 | Local Epoch : 1 | [64/625 (11%)]	Loss1: 5.841508 Loss2: 0.000025 
| Global Round : 21 | Client :4 | Local Epoch : 2 | [64/625 (11%)]	Loss1: 5.842078 Loss2: 0.000032 
| Global Round : 21 | Client :4 | Local Epoch : 3 | [64/625 (11%)]	Loss1: 5.841283 Loss2: 0.000026 
| Global Round : 21 | Client :4 | Local Epoch : 4 | [64/625 (11%)]	Loss1: 5.841633 Loss2: 0.000023 
| Global Round : 21 | Client :5 | Local Epoch : 0 | [64/604 (11%)]	Loss1: 5.841419 Loss2: 0.000025 
| Global Round : 21 | Client :5 | Local Epoch : 1 | [64/604 (11%)]	Loss1: 5.839040 Loss2: 0.000026 
| Global Round : 21 | Client :5 | Local Epoch : 2 | [64/604 (11%)]	Loss1: 5.841676 Loss2: 0.000021 
| Global Round : 21 | Client :5 | Local Epoch : 3 | [64/604 (11%)]	Loss1: 5.841095 Loss2: 0.000024 
| Global Round : 21 | Client :5 | Local Epoch : 4 | [64/604 (11%)]	Loss1: 5.840257 Loss2: 0.000023 
| Global Round : 21 | Client :6 | Local Epoch : 0 | [64/534 (12%)]	Loss1: 5.842546 Loss2: 0.000013 
| Global Round : 21 | Client :6 | Local Epoch : 1 | [64/534 (12%)]	Loss1: 5.841541 Loss2: 0.000011 
| Global Round : 21 | Client :6 | Local Epoch : 2 | [64/534 (12%)]	Loss1: 5.841751 Loss2: 0.000016 
| Global Round : 21 | Client :6 | Local Epoch : 3 | [64/534 (12%)]	Loss1: 5.842222 Loss2: 0.000014 
| Global Round : 21 | Client :6 | Local Epoch : 4 | [64/534 (12%)]	Loss1: 5.842183 Loss2: 0.000015 
| Global Round : 21 | Client :7 | Local Epoch : 0 | [64/824 (8%)]	Loss1: 5.840452 Loss2: 0.000061 
| Global Round : 21 | Client :7 | Local Epoch : 0 | [704/824 (92%)]	Loss1: 5.840361 Loss2: 0.000059 
| Global Round : 21 | Client :7 | Local Epoch : 1 | [64/824 (8%)]	Loss1: 5.840605 Loss2: 0.000060 
| Global Round : 21 | Client :7 | Local Epoch : 1 | [704/824 (92%)]	Loss1: 5.840972 Loss2: 0.000062 
| Global Round : 21 | Client :7 | Local Epoch : 2 | [64/824 (8%)]	Loss1: 5.840070 Loss2: 0.000059 
| Global Round : 21 | Client :7 | Local Epoch : 2 | [704/824 (92%)]	Loss1: 5.840919 Loss2: 0.000053 
| Global Round : 21 | Client :7 | Local Epoch : 3 | [64/824 (8%)]	Loss1: 5.840571 Loss2: 0.000053 
| Global Round : 21 | Client :7 | Local Epoch : 3 | [704/824 (92%)]	Loss1: 5.841411 Loss2: 0.000058 
| Global Round : 21 | Client :7 | Local Epoch : 4 | [64/824 (8%)]	Loss1: 5.839945 Loss2: 0.000049 
| Global Round : 21 | Client :7 | Local Epoch : 4 | [704/824 (92%)]	Loss1: 5.841615 Loss2: 0.000060 
| Global Round : 21 | Client :8 | Local Epoch : 0 | [64/714 (9%)]	Loss1: 5.842538 Loss2: 0.000026 
| Global Round : 21 | Client :8 | Local Epoch : 0 | [704/714 (100%)]	Loss1: 5.843517 Loss2: 0.000030 
| Global Round : 21 | Client :8 | Local Epoch : 1 | [64/714 (9%)]	Loss1: 5.843743 Loss2: 0.000025 
| Global Round : 21 | Client :8 | Local Epoch : 1 | [704/714 (100%)]	Loss1: 5.843651 Loss2: 0.000025 
| Global Round : 21 | Client :8 | Local Epoch : 2 | [64/714 (9%)]	Loss1: 5.842452 Loss2: 0.000024 
| Global Round : 21 | Client :8 | Local Epoch : 2 | [704/714 (100%)]	Loss1: 5.841712 Loss2: 0.000028 
| Global Round : 21 | Client :8 | Local Epoch : 3 | [64/714 (9%)]	Loss1: 5.842523 Loss2: 0.000026 
| Global Round : 21 | Client :8 | Local Epoch : 3 | [704/714 (100%)]	Loss1: 5.842163 Loss2: 0.000029 
| Global Round : 21 | Client :8 | Local Epoch : 4 | [64/714 (9%)]	Loss1: 5.842202 Loss2: 0.000022 
| Global Round : 21 | Client :8 | Local Epoch : 4 | [704/714 (100%)]	Loss1: 5.842085 Loss2: 0.000025 
| Global Round : 21 | Client :9 | Local Epoch : 0 | [64/607 (11%)]	Loss1: 5.842878 Loss2: 0.000040 
| Global Round : 21 | Client :9 | Local Epoch : 1 | [64/607 (11%)]	Loss1: 5.843456 Loss2: 0.000036 
| Global Round : 21 | Client :9 | Local Epoch : 2 | [64/607 (11%)]	Loss1: 5.843220 Loss2: 0.000042 
| Global Round : 21 | Client :9 | Local Epoch : 3 | [64/607 (11%)]	Loss1: 5.842017 Loss2: 0.000042 
| Global Round : 21 | Client :9 | Local Epoch : 4 | [64/607 (11%)]	Loss1: 5.841424 Loss2: 0.000035 
average loss:   5.839406355419888
average local test accuracy: 0.82890625
average global test accuracy:  0.608984375

 | Global Training Round : 22 |

xi_k [0.47594095 0.5327726  0.5327183  0.49497031 0.49101738 0.50786814
 0.51075939 0.49644605 0.52532924 0.50561276]
max_exp: -1.0
coe: 10
Regulation [0.8 0.8 0.8 0.8 0.8 0.8 0.8 0.8 0.8 0.8]
Solver status: optimal_inaccurate
b_new: [1. 1. 1. 1. 1. 1. 1. 1. 1. 1.]
Iter 0: obj=50.3344, best_obj=50.3344, ||b_new-b_prev||₂=2.846050
xi_k [0.47594095 0.5327726  0.5327183  0.49497031 0.49101738 0.50786814
 0.51075939 0.49644605 0.52532924 0.50561276]
max_exp: -1.0
coe: 10
Regulation [-1. -1. -1. -1. -1. -1. -1. -1. -1. -1.]
Solver status: optimal_inaccurate
b_new: [1. 1. 1. 1. 1. 1. 1. 1. 1. 1.]
Iter 1: obj=51.2344, best_obj=51.2344, ||b_new-b_prev||₂=0.000000
Converged.
Final b: [1. 1. 1. 1. 1. 1. 1. 1. 1. 1.]
<class 'numpy.ndarray'>
b_float: [1. 1. 1. 1. 1. 1. 1. 1. 1. 1.]
b: [1 1 1 1 1 1 1 1 1 1]
active_clients:  [0, 1, 2, 3, 4, 5, 6, 7, 8, 9]
Client 0's s_k are:[0 1 0 1 0 0 0 0 0 0]
Client 1's s_k are:[1 0 0 0 0 0 0 0 0 0]
Client 2's s_k are:[1 1 0 1 1 1 1 0 1 1]
Client 3's s_k are:[0 1 1 0 0 0 0 1 1 1]
Client 4's s_k are:[1 1 0 0 0 1 0 1 0 0]
Client 5's s_k are:[0 1 1 1 1 0 0 0 1 1]
Client 6's s_k are:[1 1 1 1 1 1 0 0 0 1]
Client 7's s_k are:[1 1 1 1 1 1 1 0 1 1]
Client 8's s_k are:[0 1 0 1 0 1 0 0 0 0]
Client 9's s_k are:[1 0 0 1 0 1 0 0 0 0]
| Global Round : 22 | Client :0 | Local Epoch : 0 | [64/573 (12%)]	Loss1: 5.839938 Loss2: 0.000029 
| Global Round : 22 | Client :0 | Local Epoch : 1 | [64/573 (12%)]	Loss1: 5.841140 Loss2: 0.000028 
| Global Round : 22 | Client :0 | Local Epoch : 2 | [64/573 (12%)]	Loss1: 5.839632 Loss2: 0.000027 
| Global Round : 22 | Client :0 | Local Epoch : 3 | [64/573 (12%)]	Loss1: 5.840670 Loss2: 0.000034 
| Global Round : 22 | Client :0 | Local Epoch : 4 | [64/573 (12%)]	Loss1: 5.840083 Loss2: 0.000028 
| Global Round : 22 | Client :1 | Local Epoch : 0 | [64/448 (14%)]	Loss1: 5.841660 Loss2: 0.000037 
| Global Round : 22 | Client :1 | Local Epoch : 1 | [64/448 (14%)]	Loss1: 5.843375 Loss2: 0.000036 
| Global Round : 22 | Client :1 | Local Epoch : 2 | [64/448 (14%)]	Loss1: 5.842788 Loss2: 0.000033 
| Global Round : 22 | Client :1 | Local Epoch : 3 | [64/448 (14%)]	Loss1: 5.844306 Loss2: 0.000036 
| Global Round : 22 | Client :1 | Local Epoch : 4 | [64/448 (14%)]	Loss1: 5.841832 Loss2: 0.000036 
| Global Round : 22 | Client :2 | Local Epoch : 0 | [64/448 (14%)]	Loss1: 5.840396 Loss2: 0.000013 
| Global Round : 22 | Client :2 | Local Epoch : 1 | [64/448 (14%)]	Loss1: 5.842529 Loss2: 0.000016 
| Global Round : 22 | Client :2 | Local Epoch : 2 | [64/448 (14%)]	Loss1: 5.841639 Loss2: 0.000012 
| Global Round : 22 | Client :2 | Local Epoch : 3 | [64/448 (14%)]	Loss1: 5.841461 Loss2: 0.000014 
| Global Round : 22 | Client :2 | Local Epoch : 4 | [64/448 (14%)]	Loss1: 5.842056 Loss2: 0.000014 
| Global Round : 22 | Client :3 | Local Epoch : 0 | [64/620 (11%)]	Loss1: 5.840072 Loss2: 0.000024 
| Global Round : 22 | Client :3 | Local Epoch : 1 | [64/620 (11%)]	Loss1: 5.840913 Loss2: 0.000020 
| Global Round : 22 | Client :3 | Local Epoch : 2 | [64/620 (11%)]	Loss1: 5.841531 Loss2: 0.000018 
| Global Round : 22 | Client :3 | Local Epoch : 3 | [64/620 (11%)]	Loss1: 5.842506 Loss2: 0.000021 
| Global Round : 22 | Client :3 | Local Epoch : 4 | [64/620 (11%)]	Loss1: 5.843332 Loss2: 0.000021 
| Global Round : 22 | Client :4 | Local Epoch : 0 | [64/625 (11%)]	Loss1: 5.839928 Loss2: 0.000028 
| Global Round : 22 | Client :4 | Local Epoch : 1 | [64/625 (11%)]	Loss1: 5.840706 Loss2: 0.000027 
| Global Round : 22 | Client :4 | Local Epoch : 2 | [64/625 (11%)]	Loss1: 5.842506 Loss2: 0.000027 
| Global Round : 22 | Client :4 | Local Epoch : 3 | [64/625 (11%)]	Loss1: 5.842278 Loss2: 0.000028 
| Global Round : 22 | Client :4 | Local Epoch : 4 | [64/625 (11%)]	Loss1: 5.841606 Loss2: 0.000023 
| Global Round : 22 | Client :5 | Local Epoch : 0 | [64/604 (11%)]	Loss1: 5.840009 Loss2: 0.000023 
| Global Round : 22 | Client :5 | Local Epoch : 1 | [64/604 (11%)]	Loss1: 5.841345 Loss2: 0.000020 
| Global Round : 22 | Client :5 | Local Epoch : 2 | [64/604 (11%)]	Loss1: 5.840513 Loss2: 0.000021 
| Global Round : 22 | Client :5 | Local Epoch : 3 | [64/604 (11%)]	Loss1: 5.840323 Loss2: 0.000020 
| Global Round : 22 | Client :5 | Local Epoch : 4 | [64/604 (11%)]	Loss1: 5.840361 Loss2: 0.000022 
| Global Round : 22 | Client :6 | Local Epoch : 0 | [64/534 (12%)]	Loss1: 5.842831 Loss2: 0.000017 
| Global Round : 22 | Client :6 | Local Epoch : 1 | [64/534 (12%)]	Loss1: 5.841950 Loss2: 0.000020 
| Global Round : 22 | Client :6 | Local Epoch : 2 | [64/534 (12%)]	Loss1: 5.842275 Loss2: 0.000017 
| Global Round : 22 | Client :6 | Local Epoch : 3 | [64/534 (12%)]	Loss1: 5.842284 Loss2: 0.000015 
| Global Round : 22 | Client :6 | Local Epoch : 4 | [64/534 (12%)]	Loss1: 5.841649 Loss2: 0.000017 
| Global Round : 22 | Client :7 | Local Epoch : 0 | [64/824 (8%)]	Loss1: 5.840798 Loss2: 0.000025 
| Global Round : 22 | Client :7 | Local Epoch : 0 | [704/824 (92%)]	Loss1: 5.840979 Loss2: 0.000026 
| Global Round : 22 | Client :7 | Local Epoch : 1 | [64/824 (8%)]	Loss1: 5.843629 Loss2: 0.000026 
| Global Round : 22 | Client :7 | Local Epoch : 1 | [704/824 (92%)]	Loss1: 5.841134 Loss2: 0.000027 
| Global Round : 22 | Client :7 | Local Epoch : 2 | [64/824 (8%)]	Loss1: 5.840740 Loss2: 0.000029 
| Global Round : 22 | Client :7 | Local Epoch : 2 | [704/824 (92%)]	Loss1: 5.841621 Loss2: 0.000031 
| Global Round : 22 | Client :7 | Local Epoch : 3 | [64/824 (8%)]	Loss1: 5.841368 Loss2: 0.000027 
| Global Round : 22 | Client :7 | Local Epoch : 3 | [704/824 (92%)]	Loss1: 5.841884 Loss2: 0.000028 
| Global Round : 22 | Client :7 | Local Epoch : 4 | [64/824 (8%)]	Loss1: 5.839870 Loss2: 0.000025 
| Global Round : 22 | Client :7 | Local Epoch : 4 | [704/824 (92%)]	Loss1: 5.839894 Loss2: 0.000025 
| Global Round : 22 | Client :8 | Local Epoch : 0 | [64/714 (9%)]	Loss1: 5.841163 Loss2: 0.000032 
| Global Round : 22 | Client :8 | Local Epoch : 0 | [704/714 (100%)]	Loss1: 5.842507 Loss2: 0.000030 
| Global Round : 22 | Client :8 | Local Epoch : 1 | [64/714 (9%)]	Loss1: 5.842940 Loss2: 0.000031 
| Global Round : 22 | Client :8 | Local Epoch : 1 | [704/714 (100%)]	Loss1: 5.841320 Loss2: 0.000031 
| Global Round : 22 | Client :8 | Local Epoch : 2 | [64/714 (9%)]	Loss1: 5.842197 Loss2: 0.000029 
| Global Round : 22 | Client :8 | Local Epoch : 2 | [704/714 (100%)]	Loss1: 5.841972 Loss2: 0.000028 
| Global Round : 22 | Client :8 | Local Epoch : 3 | [64/714 (9%)]	Loss1: 5.842037 Loss2: 0.000028 
| Global Round : 22 | Client :8 | Local Epoch : 3 | [704/714 (100%)]	Loss1: 5.843577 Loss2: 0.000031 
| Global Round : 22 | Client :8 | Local Epoch : 4 | [64/714 (9%)]	Loss1: 5.842877 Loss2: 0.000027 
| Global Round : 22 | Client :8 | Local Epoch : 4 | [704/714 (100%)]	Loss1: 5.842277 Loss2: 0.000025 
| Global Round : 22 | Client :9 | Local Epoch : 0 | [64/607 (11%)]	Loss1: 5.842206 Loss2: 0.000018 
| Global Round : 22 | Client :9 | Local Epoch : 1 | [64/607 (11%)]	Loss1: 5.843331 Loss2: 0.000019 
| Global Round : 22 | Client :9 | Local Epoch : 2 | [64/607 (11%)]	Loss1: 5.843222 Loss2: 0.000020 
| Global Round : 22 | Client :9 | Local Epoch : 3 | [64/607 (11%)]	Loss1: 5.842879 Loss2: 0.000018 
| Global Round : 22 | Client :9 | Local Epoch : 4 | [64/607 (11%)]	Loss1: 5.843544 Loss2: 0.000019 
average loss:   5.839372527358508
average local test accuracy: 0.8397135416666668
average global test accuracy:  0.621484375

 | Global Training Round : 23 |

xi_k [0.47592878 0.53276359 0.5326977  0.49496588 0.49099299 0.50787264
 0.51074228 0.49650227 0.52534454 0.50561868]
max_exp: -1.0
coe: 10
Regulation [0.8 0.8 0.8 0.8 0.8 0.8 0.8 0.8 0.8 0.8]
Solver status: optimal_inaccurate
b_new: [1. 1. 1. 1. 1. 1. 1. 1. 1. 1.]
Iter 0: obj=50.3343, best_obj=50.3343, ||b_new-b_prev||₂=2.846050
xi_k [0.47592878 0.53276359 0.5326977  0.49496588 0.49099299 0.50787264
 0.51074228 0.49650227 0.52534454 0.50561868]
max_exp: -1.0
coe: 10
Regulation [-1. -1. -1. -1. -1. -1. -1. -1. -1. -1.]
Solver status: optimal_inaccurate
b_new: [1. 1. 1. 1. 1. 1. 1. 1. 1. 1.]
Iter 1: obj=51.2343, best_obj=51.2343, ||b_new-b_prev||₂=0.000000
Converged.
Final b: [1. 1. 1. 1. 1. 1. 1. 1. 1. 1.]
<class 'numpy.ndarray'>
b_float: [1. 1. 1. 1. 1. 1. 1. 1. 1. 1.]
b: [1 1 1 1 1 1 1 1 1 1]
active_clients:  [0, 1, 2, 3, 4, 5, 6, 7, 8, 9]
Client 0's s_k are:[0 1 0 1 1 1 1 1 1 0]
Client 1's s_k are:[0 0 0 1 0 0 0 0 0 1]
Client 2's s_k are:[1 0 0 0 0 0 0 1 0 0]
Client 3's s_k are:[1 1 0 0 1 0 0 1 0 1]
Client 4's s_k are:[1 1 1 1 0 1 1 1 1 1]
Client 5's s_k are:[1 1 1 1 1 0 1 0 1 1]
Client 6's s_k are:[1 1 1 1 1 0 0 0 1 1]
Client 7's s_k are:[1 1 0 1 0 1 1 0 1 1]
Client 8's s_k are:[1 0 0 0 0 1 0 0 0 1]
Client 9's s_k are:[1 1 0 1 1 1 0 1 1 0]
| Global Round : 23 | Client :0 | Local Epoch : 0 | [64/573 (12%)]	Loss1: 5.840746 Loss2: 0.000026 
| Global Round : 23 | Client :0 | Local Epoch : 1 | [64/573 (12%)]	Loss1: 5.841340 Loss2: 0.000035 
| Global Round : 23 | Client :0 | Local Epoch : 2 | [64/573 (12%)]	Loss1: 5.840302 Loss2: 0.000024 
| Global Round : 23 | Client :0 | Local Epoch : 3 | [64/573 (12%)]	Loss1: 5.840739 Loss2: 0.000025 
| Global Round : 23 | Client :0 | Local Epoch : 4 | [64/573 (12%)]	Loss1: 5.840505 Loss2: 0.000028 
| Global Round : 23 | Client :1 | Local Epoch : 0 | [64/448 (14%)]	Loss1: 5.841908 Loss2: 0.000024 
| Global Round : 23 | Client :1 | Local Epoch : 1 | [64/448 (14%)]	Loss1: 5.842115 Loss2: 0.000025 
| Global Round : 23 | Client :1 | Local Epoch : 2 | [64/448 (14%)]	Loss1: 5.842216 Loss2: 0.000015 
| Global Round : 23 | Client :1 | Local Epoch : 3 | [64/448 (14%)]	Loss1: 5.840796 Loss2: 0.000025 
| Global Round : 23 | Client :1 | Local Epoch : 4 | [64/448 (14%)]	Loss1: 5.842320 Loss2: 0.000023 
| Global Round : 23 | Client :2 | Local Epoch : 0 | [64/448 (14%)]	Loss1: 5.841914 Loss2: 0.000029 
| Global Round : 23 | Client :2 | Local Epoch : 1 | [64/448 (14%)]	Loss1: 5.841447 Loss2: 0.000027 
| Global Round : 23 | Client :2 | Local Epoch : 2 | [64/448 (14%)]	Loss1: 5.841395 Loss2: 0.000026 
| Global Round : 23 | Client :2 | Local Epoch : 3 | [64/448 (14%)]	Loss1: 5.842732 Loss2: 0.000024 
| Global Round : 23 | Client :2 | Local Epoch : 4 | [64/448 (14%)]	Loss1: 5.840435 Loss2: 0.000026 
| Global Round : 23 | Client :3 | Local Epoch : 0 | [64/620 (11%)]	Loss1: 5.842188 Loss2: 0.000017 
| Global Round : 23 | Client :3 | Local Epoch : 1 | [64/620 (11%)]	Loss1: 5.843193 Loss2: 0.000018 
| Global Round : 23 | Client :3 | Local Epoch : 2 | [64/620 (11%)]	Loss1: 5.842403 Loss2: 0.000014 
| Global Round : 23 | Client :3 | Local Epoch : 3 | [64/620 (11%)]	Loss1: 5.841325 Loss2: 0.000015 
| Global Round : 23 | Client :3 | Local Epoch : 4 | [64/620 (11%)]	Loss1: 5.841787 Loss2: 0.000019 
| Global Round : 23 | Client :4 | Local Epoch : 0 | [64/625 (11%)]	Loss1: 5.842533 Loss2: 0.000025 
| Global Round : 23 | Client :4 | Local Epoch : 1 | [64/625 (11%)]	Loss1: 5.842185 Loss2: 0.000020 
| Global Round : 23 | Client :4 | Local Epoch : 2 | [64/625 (11%)]	Loss1: 5.841469 Loss2: 0.000018 
| Global Round : 23 | Client :4 | Local Epoch : 3 | [64/625 (11%)]	Loss1: 5.842592 Loss2: 0.000025 
| Global Round : 23 | Client :4 | Local Epoch : 4 | [64/625 (11%)]	Loss1: 5.841621 Loss2: 0.000021 
| Global Round : 23 | Client :5 | Local Epoch : 0 | [64/604 (11%)]	Loss1: 5.839565 Loss2: 0.000021 
| Global Round : 23 | Client :5 | Local Epoch : 1 | [64/604 (11%)]	Loss1: 5.840105 Loss2: 0.000021 
| Global Round : 23 | Client :5 | Local Epoch : 2 | [64/604 (11%)]	Loss1: 5.839658 Loss2: 0.000018 
| Global Round : 23 | Client :5 | Local Epoch : 3 | [64/604 (11%)]	Loss1: 5.840706 Loss2: 0.000023 
| Global Round : 23 | Client :5 | Local Epoch : 4 | [64/604 (11%)]	Loss1: 5.839627 Loss2: 0.000021 
| Global Round : 23 | Client :6 | Local Epoch : 0 | [64/534 (12%)]	Loss1: 5.841928 Loss2: 0.000019 
| Global Round : 23 | Client :6 | Local Epoch : 1 | [64/534 (12%)]	Loss1: 5.843160 Loss2: 0.000017 
| Global Round : 23 | Client :6 | Local Epoch : 2 | [64/534 (12%)]	Loss1: 5.841989 Loss2: 0.000014 
| Global Round : 23 | Client :6 | Local Epoch : 3 | [64/534 (12%)]	Loss1: 5.842151 Loss2: 0.000015 
| Global Round : 23 | Client :6 | Local Epoch : 4 | [64/534 (12%)]	Loss1: 5.840991 Loss2: 0.000013 
| Global Round : 23 | Client :7 | Local Epoch : 0 | [64/824 (8%)]	Loss1: 5.840376 Loss2: 0.000021 
| Global Round : 23 | Client :7 | Local Epoch : 0 | [704/824 (92%)]	Loss1: 5.840425 Loss2: 0.000029 
| Global Round : 23 | Client :7 | Local Epoch : 1 | [64/824 (8%)]	Loss1: 5.840279 Loss2: 0.000032 
| Global Round : 23 | Client :7 | Local Epoch : 1 | [704/824 (92%)]	Loss1: 5.841339 Loss2: 0.000027 
| Global Round : 23 | Client :7 | Local Epoch : 2 | [64/824 (8%)]	Loss1: 5.841732 Loss2: 0.000031 
| Global Round : 23 | Client :7 | Local Epoch : 2 | [704/824 (92%)]	Loss1: 5.841755 Loss2: 0.000030 
| Global Round : 23 | Client :7 | Local Epoch : 3 | [64/824 (8%)]	Loss1: 5.840186 Loss2: 0.000032 
| Global Round : 23 | Client :7 | Local Epoch : 3 | [704/824 (92%)]	Loss1: 5.839721 Loss2: 0.000025 
| Global Round : 23 | Client :7 | Local Epoch : 4 | [64/824 (8%)]	Loss1: 5.840286 Loss2: 0.000024 
| Global Round : 23 | Client :7 | Local Epoch : 4 | [704/824 (92%)]	Loss1: 5.841568 Loss2: 0.000029 
| Global Round : 23 | Client :8 | Local Epoch : 0 | [64/714 (9%)]	Loss1: 5.842587 Loss2: 0.000024 
| Global Round : 23 | Client :8 | Local Epoch : 0 | [704/714 (100%)]	Loss1: 5.842230 Loss2: 0.000025 
| Global Round : 23 | Client :8 | Local Epoch : 1 | [64/714 (9%)]	Loss1: 5.842956 Loss2: 0.000025 
| Global Round : 23 | Client :8 | Local Epoch : 1 | [704/714 (100%)]	Loss1: 5.846087 Loss2: 0.000028 
| Global Round : 23 | Client :8 | Local Epoch : 2 | [64/714 (9%)]	Loss1: 5.841644 Loss2: 0.000026 
| Global Round : 23 | Client :8 | Local Epoch : 2 | [704/714 (100%)]	Loss1: 5.842137 Loss2: 0.000024 
| Global Round : 23 | Client :8 | Local Epoch : 3 | [64/714 (9%)]	Loss1: 5.843851 Loss2: 0.000021 
| Global Round : 23 | Client :8 | Local Epoch : 3 | [704/714 (100%)]	Loss1: 5.842529 Loss2: 0.000022 
| Global Round : 23 | Client :8 | Local Epoch : 4 | [64/714 (9%)]	Loss1: 5.843282 Loss2: 0.000023 
| Global Round : 23 | Client :8 | Local Epoch : 4 | [704/714 (100%)]	Loss1: 5.842599 Loss2: 0.000027 
| Global Round : 23 | Client :9 | Local Epoch : 0 | [64/607 (11%)]	Loss1: 5.841949 Loss2: 0.000018 
| Global Round : 23 | Client :9 | Local Epoch : 1 | [64/607 (11%)]	Loss1: 5.843834 Loss2: 0.000019 
| Global Round : 23 | Client :9 | Local Epoch : 2 | [64/607 (11%)]	Loss1: 5.843456 Loss2: 0.000024 
| Global Round : 23 | Client :9 | Local Epoch : 3 | [64/607 (11%)]	Loss1: 5.842092 Loss2: 0.000016 
| Global Round : 23 | Client :9 | Local Epoch : 4 | [64/607 (11%)]	Loss1: 5.842285 Loss2: 0.000019 
average loss:   5.83933735425338
average local test accuracy: 0.8321614583333334
average global test accuracy:  0.660546875

 | Global Training Round : 24 |

xi_k [0.47591792 0.53279077 0.53272746 0.49497272 0.49099526 0.50785546
 0.51075094 0.49646965 0.5253201  0.50555894]
max_exp: -1.0
coe: 10
Regulation [0.8 0.8 0.8 0.8 0.8 0.8 0.8 0.8 0.8 0.8]
Solver status: optimal_inaccurate
b_new: [1. 1. 1. 1. 1. 1. 1. 1. 1. 1.]
Iter 0: obj=50.3336, best_obj=50.3336, ||b_new-b_prev||₂=2.846050
xi_k [0.47591792 0.53279077 0.53272746 0.49497272 0.49099526 0.50785546
 0.51075094 0.49646965 0.5253201  0.50555894]
max_exp: -1.0
coe: 10
Regulation [-1. -1. -1. -1. -1. -1. -1. -1. -1. -1.]
Solver status: optimal_inaccurate
b_new: [1. 1. 1. 1. 1. 1. 1. 1. 1. 1.]
Iter 1: obj=51.2336, best_obj=51.2336, ||b_new-b_prev||₂=0.000000
Converged.
Final b: [1. 1. 1. 1. 1. 1. 1. 1. 1. 1.]
<class 'numpy.ndarray'>
b_float: [1. 1. 1. 1. 1. 1. 1. 1. 1. 1.]
b: [1 1 1 1 1 1 1 1 1 1]
active_clients:  [0, 1, 2, 3, 4, 5, 6, 7, 8, 9]
Client 0's s_k are:[0 1 1 1 0 1 0 1 1 1]
Client 1's s_k are:[0 0 1 1 0 0 0 0 1 1]
Client 2's s_k are:[1 1 0 0 1 0 0 0 1 1]
Client 3's s_k are:[0 0 1 0 1 0 0 1 0 0]
Client 4's s_k are:[1 0 1 1 0 0 0 0 0 1]
Client 5's s_k are:[0 0 0 1 1 0 1 0 1 1]
Client 6's s_k are:[1 1 0 1 1 1 0 1 1 1]
Client 7's s_k are:[0 1 0 1 1 0 1 0 0 0]
Client 8's s_k are:[1 1 1 1 1 1 1 0 0 1]
Client 9's s_k are:[0 1 0 0 0 0 0 0 0 0]
| Global Round : 24 | Client :0 | Local Epoch : 0 | [64/573 (12%)]	Loss1: 5.840258 Loss2: 0.000027 
| Global Round : 24 | Client :0 | Local Epoch : 1 | [64/573 (12%)]	Loss1: 5.840880 Loss2: 0.000029 
| Global Round : 24 | Client :0 | Local Epoch : 2 | [64/573 (12%)]	Loss1: 5.840934 Loss2: 0.000025 
| Global Round : 24 | Client :0 | Local Epoch : 3 | [64/573 (12%)]	Loss1: 5.840962 Loss2: 0.000028 
| Global Round : 24 | Client :0 | Local Epoch : 4 | [64/573 (12%)]	Loss1: 5.840563 Loss2: 0.000026 
| Global Round : 24 | Client :1 | Local Epoch : 0 | [64/448 (14%)]	Loss1: 5.841852 Loss2: 0.000016 
| Global Round : 24 | Client :1 | Local Epoch : 1 | [64/448 (14%)]	Loss1: 5.842216 Loss2: 0.000023 
| Global Round : 24 | Client :1 | Local Epoch : 2 | [64/448 (14%)]	Loss1: 5.841611 Loss2: 0.000015 
| Global Round : 24 | Client :1 | Local Epoch : 3 | [64/448 (14%)]	Loss1: 5.841501 Loss2: 0.000018 
| Global Round : 24 | Client :1 | Local Epoch : 4 | [64/448 (14%)]	Loss1: 5.840703 Loss2: 0.000015 
| Global Round : 24 | Client :2 | Local Epoch : 0 | [64/448 (14%)]	Loss1: 5.842641 Loss2: 0.000017 
| Global Round : 24 | Client :2 | Local Epoch : 1 | [64/448 (14%)]	Loss1: 5.842131 Loss2: 0.000012 
| Global Round : 24 | Client :2 | Local Epoch : 2 | [64/448 (14%)]	Loss1: 5.841957 Loss2: 0.000013 
| Global Round : 24 | Client :2 | Local Epoch : 3 | [64/448 (14%)]	Loss1: 5.841616 Loss2: 0.000015 
| Global Round : 24 | Client :2 | Local Epoch : 4 | [64/448 (14%)]	Loss1: 5.841032 Loss2: 0.000015 
| Global Round : 24 | Client :3 | Local Epoch : 0 | [64/620 (11%)]	Loss1: 5.840815 Loss2: 0.000017 
| Global Round : 24 | Client :3 | Local Epoch : 1 | [64/620 (11%)]	Loss1: 5.841531 Loss2: 0.000017 
| Global Round : 24 | Client :3 | Local Epoch : 2 | [64/620 (11%)]	Loss1: 5.841070 Loss2: 0.000018 
| Global Round : 24 | Client :3 | Local Epoch : 3 | [64/620 (11%)]	Loss1: 5.842063 Loss2: 0.000017 
| Global Round : 24 | Client :3 | Local Epoch : 4 | [64/620 (11%)]	Loss1: 5.842277 Loss2: 0.000016 
| Global Round : 24 | Client :4 | Local Epoch : 0 | [64/625 (11%)]	Loss1: 5.841303 Loss2: 0.000025 
| Global Round : 24 | Client :4 | Local Epoch : 1 | [64/625 (11%)]	Loss1: 5.840446 Loss2: 0.000022 
| Global Round : 24 | Client :4 | Local Epoch : 2 | [64/625 (11%)]	Loss1: 5.841174 Loss2: 0.000025 
| Global Round : 24 | Client :4 | Local Epoch : 3 | [64/625 (11%)]	Loss1: 5.842557 Loss2: 0.000026 
| Global Round : 24 | Client :4 | Local Epoch : 4 | [64/625 (11%)]	Loss1: 5.840572 Loss2: 0.000022 
| Global Round : 24 | Client :5 | Local Epoch : 0 | [64/604 (11%)]	Loss1: 5.839788 Loss2: 0.000017 
| Global Round : 24 | Client :5 | Local Epoch : 1 | [64/604 (11%)]	Loss1: 5.840398 Loss2: 0.000023 
| Global Round : 24 | Client :5 | Local Epoch : 2 | [64/604 (11%)]	Loss1: 5.840707 Loss2: 0.000024 
| Global Round : 24 | Client :5 | Local Epoch : 3 | [64/604 (11%)]	Loss1: 5.840003 Loss2: 0.000022 
| Global Round : 24 | Client :5 | Local Epoch : 4 | [64/604 (11%)]	Loss1: 5.840115 Loss2: 0.000019 
| Global Round : 24 | Client :6 | Local Epoch : 0 | [64/534 (12%)]	Loss1: 5.841749 Loss2: 0.000018 
| Global Round : 24 | Client :6 | Local Epoch : 1 | [64/534 (12%)]	Loss1: 5.840978 Loss2: 0.000019 
| Global Round : 24 | Client :6 | Local Epoch : 2 | [64/534 (12%)]	Loss1: 5.841812 Loss2: 0.000018 
| Global Round : 24 | Client :6 | Local Epoch : 3 | [64/534 (12%)]	Loss1: 5.841982 Loss2: 0.000017 
| Global Round : 24 | Client :6 | Local Epoch : 4 | [64/534 (12%)]	Loss1: 5.842212 Loss2: 0.000014 
| Global Round : 24 | Client :7 | Local Epoch : 0 | [64/824 (8%)]	Loss1: 5.840117 Loss2: 0.000026 
| Global Round : 24 | Client :7 | Local Epoch : 0 | [704/824 (92%)]	Loss1: 5.841959 Loss2: 0.000033 
| Global Round : 24 | Client :7 | Local Epoch : 1 | [64/824 (8%)]	Loss1: 5.841459 Loss2: 0.000026 
| Global Round : 24 | Client :7 | Local Epoch : 1 | [704/824 (92%)]	Loss1: 5.841378 Loss2: 0.000025 
| Global Round : 24 | Client :7 | Local Epoch : 2 | [64/824 (8%)]	Loss1: 5.840720 Loss2: 0.000022 
| Global Round : 24 | Client :7 | Local Epoch : 2 | [704/824 (92%)]	Loss1: 5.840187 Loss2: 0.000025 
| Global Round : 24 | Client :7 | Local Epoch : 3 | [64/824 (8%)]	Loss1: 5.842639 Loss2: 0.000025 
| Global Round : 24 | Client :7 | Local Epoch : 3 | [704/824 (92%)]	Loss1: 5.841158 Loss2: 0.000026 
| Global Round : 24 | Client :7 | Local Epoch : 4 | [64/824 (8%)]	Loss1: 5.839272 Loss2: 0.000024 
| Global Round : 24 | Client :7 | Local Epoch : 4 | [704/824 (92%)]	Loss1: 5.839505 Loss2: 0.000026 
| Global Round : 24 | Client :8 | Local Epoch : 0 | [64/714 (9%)]	Loss1: 5.841904 Loss2: 0.000022 
| Global Round : 24 | Client :8 | Local Epoch : 0 | [704/714 (100%)]	Loss1: 5.843103 Loss2: 0.000024 
| Global Round : 24 | Client :8 | Local Epoch : 1 | [64/714 (9%)]	Loss1: 5.841340 Loss2: 0.000023 
| Global Round : 24 | Client :8 | Local Epoch : 1 | [704/714 (100%)]	Loss1: 5.842509 Loss2: 0.000023 
| Global Round : 24 | Client :8 | Local Epoch : 2 | [64/714 (9%)]	Loss1: 5.841478 Loss2: 0.000026 
| Global Round : 24 | Client :8 | Local Epoch : 2 | [704/714 (100%)]	Loss1: 5.842095 Loss2: 0.000023 
| Global Round : 24 | Client :8 | Local Epoch : 3 | [64/714 (9%)]	Loss1: 5.841576 Loss2: 0.000024 
| Global Round : 24 | Client :8 | Local Epoch : 3 | [704/714 (100%)]	Loss1: 5.842983 Loss2: 0.000022 
| Global Round : 24 | Client :8 | Local Epoch : 4 | [64/714 (9%)]	Loss1: 5.842004 Loss2: 0.000023 
| Global Round : 24 | Client :8 | Local Epoch : 4 | [704/714 (100%)]	Loss1: 5.844715 Loss2: 0.000024 
| Global Round : 24 | Client :9 | Local Epoch : 0 | [64/607 (11%)]	Loss1: 5.842060 Loss2: 0.000024 
| Global Round : 24 | Client :9 | Local Epoch : 1 | [64/607 (11%)]	Loss1: 5.844151 Loss2: 0.000025 
| Global Round : 24 | Client :9 | Local Epoch : 2 | [64/607 (11%)]	Loss1: 5.842644 Loss2: 0.000024 
| Global Round : 24 | Client :9 | Local Epoch : 3 | [64/607 (11%)]	Loss1: 5.844852 Loss2: 0.000027 
| Global Round : 24 | Client :9 | Local Epoch : 4 | [64/607 (11%)]	Loss1: 5.842577 Loss2: 0.000026 
average loss:   5.839171293726215
average local test accuracy: 0.8307291666666667
average global test accuracy:  0.63359375

 | Global Training Round : 25 |

xi_k [0.47592083 0.53272243 0.53266776 0.49495112 0.49101094 0.50787892
 0.51071375 0.49642397 0.52531822 0.50558575]
max_exp: -1.0
coe: 10
Regulation [0.8 0.8 0.8 0.8 0.8 0.8 0.8 0.8 0.8 0.8]
Solver status: optimal_inaccurate
b_new: [1. 1. 1. 1. 1. 1. 1. 1. 1. 1.]
Iter 0: obj=50.3319, best_obj=50.3319, ||b_new-b_prev||₂=2.846050
xi_k [0.47592083 0.53272243 0.53266776 0.49495112 0.49101094 0.50787892
 0.51071375 0.49642397 0.52531822 0.50558575]
max_exp: -1.0
coe: 10
Regulation [-1. -1. -1. -1. -1. -1. -1. -1. -1. -1.]
Solver status: optimal_inaccurate
b_new: [1. 1. 1. 1. 1. 1. 1. 1. 1. 1.]
Iter 1: obj=51.2319, best_obj=51.2319, ||b_new-b_prev||₂=0.000000
Converged.
Final b: [1. 1. 1. 1. 1. 1. 1. 1. 1. 1.]
<class 'numpy.ndarray'>
b_float: [1. 1. 1. 1. 1. 1. 1. 1. 1. 1.]
b: [1 1 1 1 1 1 1 1 1 1]
active_clients:  [0, 1, 2, 3, 4, 5, 6, 7, 8, 9]
Client 0's s_k are:[0 1 1 1 0 1 1 0 0 0]
Client 1's s_k are:[1 0 1 1 1 1 1 1 1 1]
Client 2's s_k are:[1 1 0 0 1 1 1 1 1 1]
Client 3's s_k are:[0 0 0 0 0 0 0 0 1 0]
Client 4's s_k are:[0 1 0 1 0 1 1 1 1 1]
Client 5's s_k are:[0 0 0 0 0 0 0 0 0 1]
Client 6's s_k are:[0 1 1 1 1 1 0 1 1 1]
Client 7's s_k are:[1 1 0 1 1 1 1 0 1 1]
Client 8's s_k are:[1 1 1 1 0 1 1 1 0 1]
Client 9's s_k are:[0 0 0 0 1 0 0 0 1 0]
| Global Round : 25 | Client :0 | Local Epoch : 0 | [64/573 (12%)]	Loss1: 5.840466 Loss2: 0.000031 
| Global Round : 25 | Client :0 | Local Epoch : 1 | [64/573 (12%)]	Loss1: 5.840961 Loss2: 0.000031 
| Global Round : 25 | Client :0 | Local Epoch : 2 | [64/573 (12%)]	Loss1: 5.839929 Loss2: 0.000028 
| Global Round : 25 | Client :0 | Local Epoch : 3 | [64/573 (12%)]	Loss1: 5.840416 Loss2: 0.000026 
| Global Round : 25 | Client :0 | Local Epoch : 4 | [64/573 (12%)]	Loss1: 5.839931 Loss2: 0.000025 
| Global Round : 25 | Client :1 | Local Epoch : 0 | [64/448 (14%)]	Loss1: 5.841577 Loss2: 0.000021 
| Global Round : 25 | Client :1 | Local Epoch : 1 | [64/448 (14%)]	Loss1: 5.842619 Loss2: 0.000014 
| Global Round : 25 | Client :1 | Local Epoch : 2 | [64/448 (14%)]	Loss1: 5.843610 Loss2: 0.000019 
| Global Round : 25 | Client :1 | Local Epoch : 3 | [64/448 (14%)]	Loss1: 5.841861 Loss2: 0.000020 
| Global Round : 25 | Client :1 | Local Epoch : 4 | [64/448 (14%)]	Loss1: 5.841854 Loss2: 0.000013 
| Global Round : 25 | Client :2 | Local Epoch : 0 | [64/448 (14%)]	Loss1: 5.841671 Loss2: 0.000018 
| Global Round : 25 | Client :2 | Local Epoch : 1 | [64/448 (14%)]	Loss1: 5.841393 Loss2: 0.000016 
| Global Round : 25 | Client :2 | Local Epoch : 2 | [64/448 (14%)]	Loss1: 5.840482 Loss2: 0.000014 
| Global Round : 25 | Client :2 | Local Epoch : 3 | [64/448 (14%)]	Loss1: 5.840471 Loss2: 0.000017 
| Global Round : 25 | Client :2 | Local Epoch : 4 | [64/448 (14%)]	Loss1: 5.841480 Loss2: 0.000018 
| Global Round : 25 | Client :3 | Local Epoch : 0 | [64/620 (11%)]	Loss1: 5.841591 Loss2: 0.000036 
| Global Round : 25 | Client :3 | Local Epoch : 1 | [64/620 (11%)]	Loss1: 5.841831 Loss2: 0.000034 
| Global Round : 25 | Client :3 | Local Epoch : 2 | [64/620 (11%)]	Loss1: 5.840331 Loss2: 0.000034 
| Global Round : 25 | Client :3 | Local Epoch : 3 | [64/620 (11%)]	Loss1: 5.841299 Loss2: 0.000038 
| Global Round : 25 | Client :3 | Local Epoch : 4 | [64/620 (11%)]	Loss1: 5.841848 Loss2: 0.000039 
| Global Round : 25 | Client :4 | Local Epoch : 0 | [64/625 (11%)]	Loss1: 5.841631 Loss2: 0.000021 
| Global Round : 25 | Client :4 | Local Epoch : 1 | [64/625 (11%)]	Loss1: 5.841137 Loss2: 0.000023 
| Global Round : 25 | Client :4 | Local Epoch : 2 | [64/625 (11%)]	Loss1: 5.841038 Loss2: 0.000018 
| Global Round : 25 | Client :4 | Local Epoch : 3 | [64/625 (11%)]	Loss1: 5.841446 Loss2: 0.000022 
| Global Round : 25 | Client :4 | Local Epoch : 4 | [64/625 (11%)]	Loss1: 5.840660 Loss2: 0.000024 
| Global Round : 25 | Client :5 | Local Epoch : 0 | [64/604 (11%)]	Loss1: 5.839223 Loss2: 0.000020 
| Global Round : 25 | Client :5 | Local Epoch : 1 | [64/604 (11%)]	Loss1: 5.840975 Loss2: 0.000021 
| Global Round : 25 | Client :5 | Local Epoch : 2 | [64/604 (11%)]	Loss1: 5.839991 Loss2: 0.000020 
| Global Round : 25 | Client :5 | Local Epoch : 3 | [64/604 (11%)]	Loss1: 5.840292 Loss2: 0.000022 
| Global Round : 25 | Client :5 | Local Epoch : 4 | [64/604 (11%)]	Loss1: 5.840512 Loss2: 0.000016 
| Global Round : 25 | Client :6 | Local Epoch : 0 | [64/534 (12%)]	Loss1: 5.842670 Loss2: 0.000016 
| Global Round : 25 | Client :6 | Local Epoch : 1 | [64/534 (12%)]	Loss1: 5.841453 Loss2: 0.000012 
| Global Round : 25 | Client :6 | Local Epoch : 2 | [64/534 (12%)]	Loss1: 5.841789 Loss2: 0.000012 
| Global Round : 25 | Client :6 | Local Epoch : 3 | [64/534 (12%)]	Loss1: 5.843204 Loss2: 0.000021 
| Global Round : 25 | Client :6 | Local Epoch : 4 | [64/534 (12%)]	Loss1: 5.841863 Loss2: 0.000014 
| Global Round : 25 | Client :7 | Local Epoch : 0 | [64/824 (8%)]	Loss1: 5.840037 Loss2: 0.000031 
| Global Round : 25 | Client :7 | Local Epoch : 0 | [704/824 (92%)]	Loss1: 5.840920 Loss2: 0.000025 
| Global Round : 25 | Client :7 | Local Epoch : 1 | [64/824 (8%)]	Loss1: 5.840829 Loss2: 0.000027 
| Global Round : 25 | Client :7 | Local Epoch : 1 | [704/824 (92%)]	Loss1: 5.839930 Loss2: 0.000027 
| Global Round : 25 | Client :7 | Local Epoch : 2 | [64/824 (8%)]	Loss1: 5.840888 Loss2: 0.000028 
| Global Round : 25 | Client :7 | Local Epoch : 2 | [704/824 (92%)]	Loss1: 5.840617 Loss2: 0.000029 
| Global Round : 25 | Client :7 | Local Epoch : 3 | [64/824 (8%)]	Loss1: 5.841096 Loss2: 0.000027 
| Global Round : 25 | Client :7 | Local Epoch : 3 | [704/824 (92%)]	Loss1: 5.840762 Loss2: 0.000031 
| Global Round : 25 | Client :7 | Local Epoch : 4 | [64/824 (8%)]	Loss1: 5.839816 Loss2: 0.000024 
| Global Round : 25 | Client :7 | Local Epoch : 4 | [704/824 (92%)]	Loss1: 5.840279 Loss2: 0.000026 
| Global Round : 25 | Client :8 | Local Epoch : 0 | [64/714 (9%)]	Loss1: 5.840931 Loss2: 0.000020 
| Global Round : 25 | Client :8 | Local Epoch : 0 | [704/714 (100%)]	Loss1: 5.843516 Loss2: 0.000027 
| Global Round : 25 | Client :8 | Local Epoch : 1 | [64/714 (9%)]	Loss1: 5.841429 Loss2: 0.000019 
| Global Round : 25 | Client :8 | Local Epoch : 1 | [704/714 (100%)]	Loss1: 5.843067 Loss2: 0.000023 
| Global Round : 25 | Client :8 | Local Epoch : 2 | [64/714 (9%)]	Loss1: 5.842366 Loss2: 0.000019 
| Global Round : 25 | Client :8 | Local Epoch : 2 | [704/714 (100%)]	Loss1: 5.841979 Loss2: 0.000025 
| Global Round : 25 | Client :8 | Local Epoch : 3 | [64/714 (9%)]	Loss1: 5.842993 Loss2: 0.000026 
| Global Round : 25 | Client :8 | Local Epoch : 3 | [704/714 (100%)]	Loss1: 5.841508 Loss2: 0.000026 
| Global Round : 25 | Client :8 | Local Epoch : 4 | [64/714 (9%)]	Loss1: 5.843099 Loss2: 0.000023 
| Global Round : 25 | Client :8 | Local Epoch : 4 | [704/714 (100%)]	Loss1: 5.841362 Loss2: 0.000022 
| Global Round : 25 | Client :9 | Local Epoch : 0 | [64/607 (11%)]	Loss1: 5.842524 Loss2: 0.000023 
| Global Round : 25 | Client :9 | Local Epoch : 1 | [64/607 (11%)]	Loss1: 5.843546 Loss2: 0.000020 
| Global Round : 25 | Client :9 | Local Epoch : 2 | [64/607 (11%)]	Loss1: 5.842522 Loss2: 0.000021 
| Global Round : 25 | Client :9 | Local Epoch : 3 | [64/607 (11%)]	Loss1: 5.841951 Loss2: 0.000018 
| Global Round : 25 | Client :9 | Local Epoch : 4 | [64/607 (11%)]	Loss1: 5.842559 Loss2: 0.000018 
average loss:   5.839090804362193
average local test accuracy: 0.8286458333333332
average global test accuracy:  0.66796875

 | Global Training Round : 26 |

xi_k [0.47590839 0.53273892 0.532674   0.49498033 0.49095682 0.50785757
 0.51069209 0.49641833 0.52527283 0.50554698]
max_exp: -1.0
coe: 10
Regulation [0.8 0.8 0.8 0.8 0.8 0.8 0.8 0.8 0.8 0.8]
Solver status: optimal_inaccurate
b_new: [1. 1. 1. 1. 1. 1. 1. 1. 1. 1.]
Iter 0: obj=50.3305, best_obj=50.3305, ||b_new-b_prev||₂=2.846050
xi_k [0.47590839 0.53273892 0.532674   0.49498033 0.49095682 0.50785757
 0.51069209 0.49641833 0.52527283 0.50554698]
max_exp: -1.0
coe: 10
Regulation [-1. -1. -1. -1. -1. -1. -1. -1. -1. -1.]
Solver status: optimal_inaccurate
b_new: [1. 1. 1. 1. 1. 1. 1. 1. 1. 1.]
Iter 1: obj=51.2305, best_obj=51.2305, ||b_new-b_prev||₂=0.000000
Converged.
Final b: [1. 1. 1. 1. 1. 1. 1. 1. 1. 1.]
<class 'numpy.ndarray'>
b_float: [1. 1. 1. 1. 1. 1. 1. 1. 1. 1.]
b: [1 1 1 1 1 1 1 1 1 1]
active_clients:  [0, 1, 2, 3, 4, 5, 6, 7, 8, 9]
Client 0's s_k are:[0 1 0 0 1 0 1 0 1 0]
Client 1's s_k are:[1 0 1 1 1 0 1 1 0 1]
Client 2's s_k are:[0 1 0 1 1 1 0 1 1 1]
Client 3's s_k are:[1 0 1 0 1 1 1 0 1 0]
Client 4's s_k are:[1 0 0 0 0 0 0 0 0 0]
Client 5's s_k are:[1 1 0 1 1 0 1 0 0 0]
Client 6's s_k are:[0 1 0 1 0 1 0 1 0 0]
Client 7's s_k are:[0 1 0 1 1 0 0 0 0 0]
Client 8's s_k are:[1 1 0 1 0 1 1 0 0 1]
Client 9's s_k are:[1 1 1 1 1 1 0 0 1 0]
| Global Round : 26 | Client :0 | Local Epoch : 0 | [64/573 (12%)]	Loss1: 5.839960 Loss2: 0.000024 
| Global Round : 26 | Client :0 | Local Epoch : 1 | [64/573 (12%)]	Loss1: 5.841455 Loss2: 0.000033 
| Global Round : 26 | Client :0 | Local Epoch : 2 | [64/573 (12%)]	Loss1: 5.839770 Loss2: 0.000031 
| Global Round : 26 | Client :0 | Local Epoch : 3 | [64/573 (12%)]	Loss1: 5.840744 Loss2: 0.000029 
| Global Round : 26 | Client :0 | Local Epoch : 4 | [64/573 (12%)]	Loss1: 5.839895 Loss2: 0.000031 
| Global Round : 26 | Client :1 | Local Epoch : 0 | [64/448 (14%)]	Loss1: 5.842111 Loss2: 0.000015 
| Global Round : 26 | Client :1 | Local Epoch : 1 | [64/448 (14%)]	Loss1: 5.841142 Loss2: 0.000017 
| Global Round : 26 | Client :1 | Local Epoch : 2 | [64/448 (14%)]	Loss1: 5.842662 Loss2: 0.000018 
| Global Round : 26 | Client :1 | Local Epoch : 3 | [64/448 (14%)]	Loss1: 5.841951 Loss2: 0.000019 
| Global Round : 26 | Client :1 | Local Epoch : 4 | [64/448 (14%)]	Loss1: 5.841022 Loss2: 0.000014 
| Global Round : 26 | Client :2 | Local Epoch : 0 | [64/448 (14%)]	Loss1: 5.841909 Loss2: 0.000013 
| Global Round : 26 | Client :2 | Local Epoch : 1 | [64/448 (14%)]	Loss1: 5.841837 Loss2: 0.000011 
| Global Round : 26 | Client :2 | Local Epoch : 2 | [64/448 (14%)]	Loss1: 5.841429 Loss2: 0.000014 
| Global Round : 26 | Client :2 | Local Epoch : 3 | [64/448 (14%)]	Loss1: 5.841504 Loss2: 0.000015 
| Global Round : 26 | Client :2 | Local Epoch : 4 | [64/448 (14%)]	Loss1: 5.842218 Loss2: 0.000014 
| Global Round : 26 | Client :3 | Local Epoch : 0 | [64/620 (11%)]	Loss1: 5.841674 Loss2: 0.000016 
| Global Round : 26 | Client :3 | Local Epoch : 1 | [64/620 (11%)]	Loss1: 5.842078 Loss2: 0.000016 
| Global Round : 26 | Client :3 | Local Epoch : 2 | [64/620 (11%)]	Loss1: 5.841895 Loss2: 0.000019 
| Global Round : 26 | Client :3 | Local Epoch : 3 | [64/620 (11%)]	Loss1: 5.842777 Loss2: 0.000014 
| Global Round : 26 | Client :3 | Local Epoch : 4 | [64/620 (11%)]	Loss1: 5.842296 Loss2: 0.000014 
| Global Round : 26 | Client :4 | Local Epoch : 0 | [64/625 (11%)]	Loss1: 5.840875 Loss2: 0.000041 
| Global Round : 26 | Client :4 | Local Epoch : 1 | [64/625 (11%)]	Loss1: 5.841440 Loss2: 0.000040 
| Global Round : 26 | Client :4 | Local Epoch : 2 | [64/625 (11%)]	Loss1: 5.840787 Loss2: 0.000037 
| Global Round : 26 | Client :4 | Local Epoch : 3 | [64/625 (11%)]	Loss1: 5.842123 Loss2: 0.000048 
| Global Round : 26 | Client :4 | Local Epoch : 4 | [64/625 (11%)]	Loss1: 5.841366 Loss2: 0.000039 
| Global Round : 26 | Client :5 | Local Epoch : 0 | [64/604 (11%)]	Loss1: 5.840726 Loss2: 0.000021 
| Global Round : 26 | Client :5 | Local Epoch : 1 | [64/604 (11%)]	Loss1: 5.839893 Loss2: 0.000027 
| Global Round : 26 | Client :5 | Local Epoch : 2 | [64/604 (11%)]	Loss1: 5.839961 Loss2: 0.000021 
| Global Round : 26 | Client :5 | Local Epoch : 3 | [64/604 (11%)]	Loss1: 5.840776 Loss2: 0.000023 
| Global Round : 26 | Client :5 | Local Epoch : 4 | [64/604 (11%)]	Loss1: 5.840202 Loss2: 0.000023 
| Global Round : 26 | Client :6 | Local Epoch : 0 | [64/534 (12%)]	Loss1: 5.840892 Loss2: 0.000018 
| Global Round : 26 | Client :6 | Local Epoch : 1 | [64/534 (12%)]	Loss1: 5.842649 Loss2: 0.000014 
| Global Round : 26 | Client :6 | Local Epoch : 2 | [64/534 (12%)]	Loss1: 5.842689 Loss2: 0.000015 
| Global Round : 26 | Client :6 | Local Epoch : 3 | [64/534 (12%)]	Loss1: 5.841939 Loss2: 0.000016 
| Global Round : 26 | Client :6 | Local Epoch : 4 | [64/534 (12%)]	Loss1: 5.841588 Loss2: 0.000016 
| Global Round : 26 | Client :7 | Local Epoch : 0 | [64/824 (8%)]	Loss1: 5.840328 Loss2: 0.000028 
| Global Round : 26 | Client :7 | Local Epoch : 0 | [704/824 (92%)]	Loss1: 5.840959 Loss2: 0.000030 
| Global Round : 26 | Client :7 | Local Epoch : 1 | [64/824 (8%)]	Loss1: 5.841620 Loss2: 0.000029 
| Global Round : 26 | Client :7 | Local Epoch : 1 | [704/824 (92%)]	Loss1: 5.840320 Loss2: 0.000027 
| Global Round : 26 | Client :7 | Local Epoch : 2 | [64/824 (8%)]	Loss1: 5.839870 Loss2: 0.000033 
| Global Round : 26 | Client :7 | Local Epoch : 2 | [704/824 (92%)]	Loss1: 5.841328 Loss2: 0.000025 
| Global Round : 26 | Client :7 | Local Epoch : 3 | [64/824 (8%)]	Loss1: 5.841015 Loss2: 0.000025 
| Global Round : 26 | Client :7 | Local Epoch : 3 | [704/824 (92%)]	Loss1: 5.841390 Loss2: 0.000031 
| Global Round : 26 | Client :7 | Local Epoch : 4 | [64/824 (8%)]	Loss1: 5.840352 Loss2: 0.000030 
| Global Round : 26 | Client :7 | Local Epoch : 4 | [704/824 (92%)]	Loss1: 5.840421 Loss2: 0.000026 
| Global Round : 26 | Client :8 | Local Epoch : 0 | [64/714 (9%)]	Loss1: 5.841908 Loss2: 0.000022 
| Global Round : 26 | Client :8 | Local Epoch : 0 | [704/714 (100%)]	Loss1: 5.841328 Loss2: 0.000024 
| Global Round : 26 | Client :8 | Local Epoch : 1 | [64/714 (9%)]	Loss1: 5.841576 Loss2: 0.000024 
| Global Round : 26 | Client :8 | Local Epoch : 1 | [704/714 (100%)]	Loss1: 5.844152 Loss2: 0.000026 
| Global Round : 26 | Client :8 | Local Epoch : 2 | [64/714 (9%)]	Loss1: 5.842729 Loss2: 0.000028 
| Global Round : 26 | Client :8 | Local Epoch : 2 | [704/714 (100%)]	Loss1: 5.841411 Loss2: 0.000022 
| Global Round : 26 | Client :8 | Local Epoch : 3 | [64/714 (9%)]	Loss1: 5.841415 Loss2: 0.000024 
| Global Round : 26 | Client :8 | Local Epoch : 3 | [704/714 (100%)]	Loss1: 5.843099 Loss2: 0.000028 
| Global Round : 26 | Client :8 | Local Epoch : 4 | [64/714 (9%)]	Loss1: 5.841943 Loss2: 0.000024 
| Global Round : 26 | Client :8 | Local Epoch : 4 | [704/714 (100%)]	Loss1: 5.841754 Loss2: 0.000023 
| Global Round : 26 | Client :9 | Local Epoch : 0 | [64/607 (11%)]	Loss1: 5.843143 Loss2: 0.000015 
| Global Round : 26 | Client :9 | Local Epoch : 1 | [64/607 (11%)]	Loss1: 5.841055 Loss2: 0.000017 
| Global Round : 26 | Client :9 | Local Epoch : 2 | [64/607 (11%)]	Loss1: 5.842401 Loss2: 0.000020 
| Global Round : 26 | Client :9 | Local Epoch : 3 | [64/607 (11%)]	Loss1: 5.840959 Loss2: 0.000018 
| Global Round : 26 | Client :9 | Local Epoch : 4 | [64/607 (11%)]	Loss1: 5.842980 Loss2: 0.000014 
average loss:   5.839026863165577
average local test accuracy: 0.8309895833333334
average global test accuracy:  0.6625

 | Global Training Round : 27 |

xi_k [0.47590468 0.53273849 0.53260397 0.4949383  0.49093591 0.50785532
 0.51071397 0.49644798 0.52527593 0.50549918]
max_exp: -1.0
coe: 10
Regulation [0.8 0.8 0.8 0.8 0.8 0.8 0.8 0.8 0.8 0.8]
Solver status: optimal_inaccurate
b_new: [1. 1. 1. 1. 1. 1. 1. 1. 1. 1.]
Iter 0: obj=50.3291, best_obj=50.3291, ||b_new-b_prev||₂=2.846050
xi_k [0.47590468 0.53273849 0.53260397 0.4949383  0.49093591 0.50785532
 0.51071397 0.49644798 0.52527593 0.50549918]
max_exp: -1.0
coe: 10
Regulation [-1. -1. -1. -1. -1. -1. -1. -1. -1. -1.]
Solver status: optimal_inaccurate
b_new: [1. 1. 1. 1. 1. 1. 1. 1. 1. 1.]
Iter 1: obj=51.2291, best_obj=51.2291, ||b_new-b_prev||₂=0.000000
Converged.
Final b: [1. 1. 1. 1. 1. 1. 1. 1. 1. 1.]
<class 'numpy.ndarray'>
b_float: [1. 1. 1. 1. 1. 1. 1. 1. 1. 1.]
b: [1 1 1 1 1 1 1 1 1 1]
active_clients:  [0, 1, 2, 3, 4, 5, 6, 7, 8, 9]
Client 0's s_k are:[0 1 1 1 0 0 1 0 0 0]
Client 1's s_k are:[1 0 1 1 1 1 1 1 1 1]
Client 2's s_k are:[1 1 0 0 1 0 0 0 1 1]
Client 3's s_k are:[1 1 0 0 1 0 0 1 0 1]
Client 4's s_k are:[0 0 0 0 0 1 0 1 1 0]
Client 5's s_k are:[1 1 1 1 1 0 1 1 0 1]
Client 6's s_k are:[0 1 1 1 1 1 0 1 0 1]
Client 7's s_k are:[0 0 0 0 0 1 0 0 1 0]
Client 8's s_k are:[0 0 1 1 1 1 1 1 0 0]
Client 9's s_k are:[0 0 0 0 0 1 0 0 1 0]
| Global Round : 27 | Client :0 | Local Epoch : 0 | [64/573 (12%)]	Loss1: 5.839704 Loss2: 0.000028 
| Global Round : 27 | Client :0 | Local Epoch : 1 | [64/573 (12%)]	Loss1: 5.839953 Loss2: 0.000028 
| Global Round : 27 | Client :0 | Local Epoch : 2 | [64/573 (12%)]	Loss1: 5.840425 Loss2: 0.000025 
| Global Round : 27 | Client :0 | Local Epoch : 3 | [64/573 (12%)]	Loss1: 5.840252 Loss2: 0.000022 
| Global Round : 27 | Client :0 | Local Epoch : 4 | [64/573 (12%)]	Loss1: 5.839838 Loss2: 0.000033 
| Global Round : 27 | Client :1 | Local Epoch : 0 | [64/448 (14%)]	Loss1: 5.842182 Loss2: 0.000017 
| Global Round : 27 | Client :1 | Local Epoch : 1 | [64/448 (14%)]	Loss1: 5.842279 Loss2: 0.000020 
| Global Round : 27 | Client :1 | Local Epoch : 2 | [64/448 (14%)]	Loss1: 5.841172 Loss2: 0.000014 
| Global Round : 27 | Client :1 | Local Epoch : 3 | [64/448 (14%)]	Loss1: 5.842033 Loss2: 0.000019 
| Global Round : 27 | Client :1 | Local Epoch : 4 | [64/448 (14%)]	Loss1: 5.841165 Loss2: 0.000016 
| Global Round : 27 | Client :2 | Local Epoch : 0 | [64/448 (14%)]	Loss1: 5.841644 Loss2: 0.000013 
| Global Round : 27 | Client :2 | Local Epoch : 1 | [64/448 (14%)]	Loss1: 5.841938 Loss2: 0.000015 
| Global Round : 27 | Client :2 | Local Epoch : 2 | [64/448 (14%)]	Loss1: 5.841388 Loss2: 0.000016 
| Global Round : 27 | Client :2 | Local Epoch : 3 | [64/448 (14%)]	Loss1: 5.840337 Loss2: 0.000015 
| Global Round : 27 | Client :2 | Local Epoch : 4 | [64/448 (14%)]	Loss1: 5.841082 Loss2: 0.000014 
| Global Round : 27 | Client :3 | Local Epoch : 0 | [64/620 (11%)]	Loss1: 5.841825 Loss2: 0.000016 
| Global Round : 27 | Client :3 | Local Epoch : 1 | [64/620 (11%)]	Loss1: 5.842090 Loss2: 0.000022 
| Global Round : 27 | Client :3 | Local Epoch : 2 | [64/620 (11%)]	Loss1: 5.840750 Loss2: 0.000017 
| Global Round : 27 | Client :3 | Local Epoch : 3 | [64/620 (11%)]	Loss1: 5.841779 Loss2: 0.000016 
| Global Round : 27 | Client :3 | Local Epoch : 4 | [64/620 (11%)]	Loss1: 5.841089 Loss2: 0.000018 
| Global Round : 27 | Client :4 | Local Epoch : 0 | [64/625 (11%)]	Loss1: 5.841534 Loss2: 0.000028 
| Global Round : 27 | Client :4 | Local Epoch : 1 | [64/625 (11%)]	Loss1: 5.841516 Loss2: 0.000030 
| Global Round : 27 | Client :4 | Local Epoch : 2 | [64/625 (11%)]	Loss1: 5.840810 Loss2: 0.000027 
| Global Round : 27 | Client :4 | Local Epoch : 3 | [64/625 (11%)]	Loss1: 5.840942 Loss2: 0.000033 
| Global Round : 27 | Client :4 | Local Epoch : 4 | [64/625 (11%)]	Loss1: 5.841423 Loss2: 0.000028 
| Global Round : 27 | Client :5 | Local Epoch : 0 | [64/604 (11%)]	Loss1: 5.840417 Loss2: 0.000020 
| Global Round : 27 | Client :5 | Local Epoch : 1 | [64/604 (11%)]	Loss1: 5.841064 Loss2: 0.000017 
| Global Round : 27 | Client :5 | Local Epoch : 2 | [64/604 (11%)]	Loss1: 5.839851 Loss2: 0.000020 
| Global Round : 27 | Client :5 | Local Epoch : 3 | [64/604 (11%)]	Loss1: 5.840448 Loss2: 0.000022 
| Global Round : 27 | Client :5 | Local Epoch : 4 | [64/604 (11%)]	Loss1: 5.840573 Loss2: 0.000019 
| Global Round : 27 | Client :6 | Local Epoch : 0 | [64/534 (12%)]	Loss1: 5.840864 Loss2: 0.000012 
| Global Round : 27 | Client :6 | Local Epoch : 1 | [64/534 (12%)]	Loss1: 5.841325 Loss2: 0.000017 
| Global Round : 27 | Client :6 | Local Epoch : 2 | [64/534 (12%)]	Loss1: 5.839760 Loss2: 0.000016 
| Global Round : 27 | Client :6 | Local Epoch : 3 | [64/534 (12%)]	Loss1: 5.841774 Loss2: 0.000014 
| Global Round : 27 | Client :6 | Local Epoch : 4 | [64/534 (12%)]	Loss1: 5.841035 Loss2: 0.000014 
| Global Round : 27 | Client :7 | Local Epoch : 0 | [64/824 (8%)]	Loss1: 5.840381 Loss2: 0.000037 
| Global Round : 27 | Client :7 | Local Epoch : 0 | [704/824 (92%)]	Loss1: 5.841094 Loss2: 0.000042 
| Global Round : 27 | Client :7 | Local Epoch : 1 | [64/824 (8%)]	Loss1: 5.840875 Loss2: 0.000038 
| Global Round : 27 | Client :7 | Local Epoch : 1 | [704/824 (92%)]	Loss1: 5.840232 Loss2: 0.000046 
| Global Round : 27 | Client :7 | Local Epoch : 2 | [64/824 (8%)]	Loss1: 5.841368 Loss2: 0.000041 
| Global Round : 27 | Client :7 | Local Epoch : 2 | [704/824 (92%)]	Loss1: 5.841162 Loss2: 0.000045 
| Global Round : 27 | Client :7 | Local Epoch : 3 | [64/824 (8%)]	Loss1: 5.842178 Loss2: 0.000039 
| Global Round : 27 | Client :7 | Local Epoch : 3 | [704/824 (92%)]	Loss1: 5.841173 Loss2: 0.000048 
| Global Round : 27 | Client :7 | Local Epoch : 4 | [64/824 (8%)]	Loss1: 5.840910 Loss2: 0.000034 
| Global Round : 27 | Client :7 | Local Epoch : 4 | [704/824 (92%)]	Loss1: 5.839280 Loss2: 0.000043 
| Global Round : 27 | Client :8 | Local Epoch : 0 | [64/714 (9%)]	Loss1: 5.842230 Loss2: 0.000023 
| Global Round : 27 | Client :8 | Local Epoch : 0 | [704/714 (100%)]	Loss1: 5.843537 Loss2: 0.000028 
| Global Round : 27 | Client :8 | Local Epoch : 1 | [64/714 (9%)]	Loss1: 5.841157 Loss2: 0.000021 
| Global Round : 27 | Client :8 | Local Epoch : 1 | [704/714 (100%)]	Loss1: 5.842436 Loss2: 0.000025 
| Global Round : 27 | Client :8 | Local Epoch : 2 | [64/714 (9%)]	Loss1: 5.841357 Loss2: 0.000021 
| Global Round : 27 | Client :8 | Local Epoch : 2 | [704/714 (100%)]	Loss1: 5.842763 Loss2: 0.000024 
| Global Round : 27 | Client :8 | Local Epoch : 3 | [64/714 (9%)]	Loss1: 5.842618 Loss2: 0.000025 
| Global Round : 27 | Client :8 | Local Epoch : 3 | [704/714 (100%)]	Loss1: 5.842499 Loss2: 0.000025 
| Global Round : 27 | Client :8 | Local Epoch : 4 | [64/714 (9%)]	Loss1: 5.842084 Loss2: 0.000023 
| Global Round : 27 | Client :8 | Local Epoch : 4 | [704/714 (100%)]	Loss1: 5.842086 Loss2: 0.000024 
| Global Round : 27 | Client :9 | Local Epoch : 0 | [64/607 (11%)]	Loss1: 5.841824 Loss2: 0.000018 
| Global Round : 27 | Client :9 | Local Epoch : 1 | [64/607 (11%)]	Loss1: 5.842133 Loss2: 0.000019 
| Global Round : 27 | Client :9 | Local Epoch : 2 | [64/607 (11%)]	Loss1: 5.841431 Loss2: 0.000016 
| Global Round : 27 | Client :9 | Local Epoch : 3 | [64/607 (11%)]	Loss1: 5.842010 Loss2: 0.000015 
| Global Round : 27 | Client :9 | Local Epoch : 4 | [64/607 (11%)]	Loss1: 5.842529 Loss2: 0.000012 
average loss:   5.839089496758421
average local test accuracy: 0.8359375
average global test accuracy:  0.586328125

 | Global Training Round : 28 |

xi_k [0.47594717 0.53271746 0.53261883 0.49491375 0.49097033 0.50783027
 0.51071427 0.49643602 0.52525024 0.50549991]
max_exp: -1.0
coe: 10
Regulation [0.8 0.8 0.8 0.8 0.8 0.8 0.8 0.8 0.8 0.8]
Solver status: optimal_inaccurate
b_new: [1. 1. 1. 1. 1. 1. 1. 1. 1. 1.]
Iter 0: obj=50.3290, best_obj=50.3290, ||b_new-b_prev||₂=2.846050
xi_k [0.47594717 0.53271746 0.53261883 0.49491375 0.49097033 0.50783027
 0.51071427 0.49643602 0.52525024 0.50549991]
max_exp: -1.0
coe: 10
Regulation [-1. -1. -1. -1. -1. -1. -1. -1. -1. -1.]
Solver status: optimal_inaccurate
b_new: [1. 1. 1. 1. 1. 1. 1. 1. 1. 1.]
Iter 1: obj=51.2290, best_obj=51.2290, ||b_new-b_prev||₂=0.000000
Converged.
Final b: [1. 1. 1. 1. 1. 1. 1. 1. 1. 1.]
<class 'numpy.ndarray'>
b_float: [1. 1. 1. 1. 1. 1. 1. 1. 1. 1.]
b: [1 1 1 1 1 1 1 1 1 1]
active_clients:  [0, 1, 2, 3, 4, 5, 6, 7, 8, 9]
Client 0's s_k are:[0 1 0 0 0 0 0 1 0 0]
Client 1's s_k are:[1 0 0 0 0 1 0 0 1 0]
Client 2's s_k are:[0 0 0 1 1 1 1 0 1 1]
Client 3's s_k are:[0 0 0 0 1 1 1 0 1 1]
Client 4's s_k are:[1 1 1 1 0 1 1 1 0 0]
Client 5's s_k are:[1 1 1 0 1 0 0 0 0 1]
Client 6's s_k are:[0 0 1 0 0 1 0 0 1 0]
Client 7's s_k are:[1 1 1 1 1 1 1 0 1 1]
Client 8's s_k are:[0 1 0 0 0 0 0 0 0 0]
Client 9's s_k are:[1 0 0 1 0 1 1 0 1 0]
| Global Round : 28 | Client :0 | Local Epoch : 0 | [64/573 (12%)]	Loss1: 5.841687 Loss2: 0.000030 
| Global Round : 28 | Client :0 | Local Epoch : 1 | [64/573 (12%)]	Loss1: 5.841554 Loss2: 0.000029 
| Global Round : 28 | Client :0 | Local Epoch : 2 | [64/573 (12%)]	Loss1: 5.839513 Loss2: 0.000033 
| Global Round : 28 | Client :0 | Local Epoch : 3 | [64/573 (12%)]	Loss1: 5.840394 Loss2: 0.000030 
| Global Round : 28 | Client :0 | Local Epoch : 4 | [64/573 (12%)]	Loss1: 5.839753 Loss2: 0.000029 
| Global Round : 28 | Client :1 | Local Epoch : 0 | [64/448 (14%)]	Loss1: 5.841133 Loss2: 0.000022 
| Global Round : 28 | Client :1 | Local Epoch : 1 | [64/448 (14%)]	Loss1: 5.841959 Loss2: 0.000020 
| Global Round : 28 | Client :1 | Local Epoch : 2 | [64/448 (14%)]	Loss1: 5.841550 Loss2: 0.000022 
| Global Round : 28 | Client :1 | Local Epoch : 3 | [64/448 (14%)]	Loss1: 5.841792 Loss2: 0.000019 
| Global Round : 28 | Client :1 | Local Epoch : 4 | [64/448 (14%)]	Loss1: 5.842142 Loss2: 0.000021 
| Global Round : 28 | Client :2 | Local Epoch : 0 | [64/448 (14%)]	Loss1: 5.840364 Loss2: 0.000012 
| Global Round : 28 | Client :2 | Local Epoch : 1 | [64/448 (14%)]	Loss1: 5.842472 Loss2: 0.000011 
| Global Round : 28 | Client :2 | Local Epoch : 2 | [64/448 (14%)]	Loss1: 5.841824 Loss2: 0.000013 
| Global Round : 28 | Client :2 | Local Epoch : 3 | [64/448 (14%)]	Loss1: 5.841600 Loss2: 0.000014 
| Global Round : 28 | Client :2 | Local Epoch : 4 | [64/448 (14%)]	Loss1: 5.841232 Loss2: 0.000013 
| Global Round : 28 | Client :3 | Local Epoch : 0 | [64/620 (11%)]	Loss1: 5.840132 Loss2: 0.000015 
| Global Round : 28 | Client :3 | Local Epoch : 1 | [64/620 (11%)]	Loss1: 5.841314 Loss2: 0.000014 
| Global Round : 28 | Client :3 | Local Epoch : 2 | [64/620 (11%)]	Loss1: 5.841856 Loss2: 0.000015 
| Global Round : 28 | Client :3 | Local Epoch : 3 | [64/620 (11%)]	Loss1: 5.841063 Loss2: 0.000019 
| Global Round : 28 | Client :3 | Local Epoch : 4 | [64/620 (11%)]	Loss1: 5.840998 Loss2: 0.000013 
| Global Round : 28 | Client :4 | Local Epoch : 0 | [64/625 (11%)]	Loss1: 5.840826 Loss2: 0.000015 
| Global Round : 28 | Client :4 | Local Epoch : 1 | [64/625 (11%)]	Loss1: 5.841570 Loss2: 0.000024 
| Global Round : 28 | Client :4 | Local Epoch : 2 | [64/625 (11%)]	Loss1: 5.841439 Loss2: 0.000017 
| Global Round : 28 | Client :4 | Local Epoch : 3 | [64/625 (11%)]	Loss1: 5.840793 Loss2: 0.000020 
| Global Round : 28 | Client :4 | Local Epoch : 4 | [64/625 (11%)]	Loss1: 5.840710 Loss2: 0.000022 
| Global Round : 28 | Client :5 | Local Epoch : 0 | [64/604 (11%)]	Loss1: 5.840151 Loss2: 0.000017 
| Global Round : 28 | Client :5 | Local Epoch : 1 | [64/604 (11%)]	Loss1: 5.840656 Loss2: 0.000020 
| Global Round : 28 | Client :5 | Local Epoch : 2 | [64/604 (11%)]	Loss1: 5.840457 Loss2: 0.000022 
| Global Round : 28 | Client :5 | Local Epoch : 3 | [64/604 (11%)]	Loss1: 5.839860 Loss2: 0.000022 
| Global Round : 28 | Client :5 | Local Epoch : 4 | [64/604 (11%)]	Loss1: 5.840658 Loss2: 0.000017 
| Global Round : 28 | Client :6 | Local Epoch : 0 | [64/534 (12%)]	Loss1: 5.841893 Loss2: 0.000025 
| Global Round : 28 | Client :6 | Local Epoch : 1 | [64/534 (12%)]	Loss1: 5.841902 Loss2: 0.000018 
| Global Round : 28 | Client :6 | Local Epoch : 2 | [64/534 (12%)]	Loss1: 5.840801 Loss2: 0.000018 
| Global Round : 28 | Client :6 | Local Epoch : 3 | [64/534 (12%)]	Loss1: 5.841681 Loss2: 0.000021 
| Global Round : 28 | Client :6 | Local Epoch : 4 | [64/534 (12%)]	Loss1: 5.841376 Loss2: 0.000024 
| Global Round : 28 | Client :7 | Local Epoch : 0 | [64/824 (8%)]	Loss1: 5.839839 Loss2: 0.000027 
| Global Round : 28 | Client :7 | Local Epoch : 0 | [704/824 (92%)]	Loss1: 5.839837 Loss2: 0.000030 
| Global Round : 28 | Client :7 | Local Epoch : 1 | [64/824 (8%)]	Loss1: 5.839766 Loss2: 0.000027 
| Global Round : 28 | Client :7 | Local Epoch : 1 | [704/824 (92%)]	Loss1: 5.839709 Loss2: 0.000027 
| Global Round : 28 | Client :7 | Local Epoch : 2 | [64/824 (8%)]	Loss1: 5.839848 Loss2: 0.000023 
| Global Round : 28 | Client :7 | Local Epoch : 2 | [704/824 (92%)]	Loss1: 5.840101 Loss2: 0.000029 
| Global Round : 28 | Client :7 | Local Epoch : 3 | [64/824 (8%)]	Loss1: 5.839610 Loss2: 0.000024 
| Global Round : 28 | Client :7 | Local Epoch : 3 | [704/824 (92%)]	Loss1: 5.840614 Loss2: 0.000026 
| Global Round : 28 | Client :7 | Local Epoch : 4 | [64/824 (8%)]	Loss1: 5.841744 Loss2: 0.000025 
| Global Round : 28 | Client :7 | Local Epoch : 4 | [704/824 (92%)]	Loss1: 5.839942 Loss2: 0.000025 
| Global Round : 28 | Client :8 | Local Epoch : 0 | [64/714 (9%)]	Loss1: 5.841473 Loss2: 0.000031 
| Global Round : 28 | Client :8 | Local Epoch : 0 | [704/714 (100%)]	Loss1: 5.841979 Loss2: 0.000029 
| Global Round : 28 | Client :8 | Local Epoch : 1 | [64/714 (9%)]	Loss1: 5.840945 Loss2: 0.000032 
| Global Round : 28 | Client :8 | Local Epoch : 1 | [704/714 (100%)]	Loss1: 5.840909 Loss2: 0.000034 
| Global Round : 28 | Client :8 | Local Epoch : 2 | [64/714 (9%)]	Loss1: 5.840572 Loss2: 0.000028 
| Global Round : 28 | Client :8 | Local Epoch : 2 | [704/714 (100%)]	Loss1: 5.841266 Loss2: 0.000036 
| Global Round : 28 | Client :8 | Local Epoch : 3 | [64/714 (9%)]	Loss1: 5.841423 Loss2: 0.000029 
| Global Round : 28 | Client :8 | Local Epoch : 3 | [704/714 (100%)]	Loss1: 5.841896 Loss2: 0.000030 
| Global Round : 28 | Client :8 | Local Epoch : 4 | [64/714 (9%)]	Loss1: 5.843017 Loss2: 0.000030 
| Global Round : 28 | Client :8 | Local Epoch : 4 | [704/714 (100%)]	Loss1: 5.841097 Loss2: 0.000032 
| Global Round : 28 | Client :9 | Local Epoch : 0 | [64/607 (11%)]	Loss1: 5.842928 Loss2: 0.000018 
| Global Round : 28 | Client :9 | Local Epoch : 1 | [64/607 (11%)]	Loss1: 5.841534 Loss2: 0.000022 
| Global Round : 28 | Client :9 | Local Epoch : 2 | [64/607 (11%)]	Loss1: 5.842408 Loss2: 0.000016 
| Global Round : 28 | Client :9 | Local Epoch : 3 | [64/607 (11%)]	Loss1: 5.842288 Loss2: 0.000017 
| Global Round : 28 | Client :9 | Local Epoch : 4 | [64/607 (11%)]	Loss1: 5.843528 Loss2: 0.000020 
average loss:   5.838854874238306
average local test accuracy: 0.8227864583333334
average global test accuracy:  0.66171875

 | Global Training Round : 29 |

xi_k [0.47588976 0.53270264 0.5326021  0.49488447 0.49092642 0.50783003
 0.51065111 0.49642923 0.52524301 0.50550791]
max_exp: -1.0
coe: 10
Regulation [0.8 0.8 0.8 0.8 0.8 0.8 0.8 0.8 0.8 0.8]
Solver status: optimal_inaccurate
b_new: [1. 1. 1. 1. 1. 1. 1. 1. 1. 1.]
Iter 0: obj=50.3267, best_obj=50.3267, ||b_new-b_prev||₂=2.846050
xi_k [0.47588976 0.53270264 0.5326021  0.49488447 0.49092642 0.50783003
 0.51065111 0.49642923 0.52524301 0.50550791]
max_exp: -1.0
coe: 10
Regulation [-1. -1. -1. -1. -1. -1. -1. -1. -1. -1.]
Solver status: optimal_inaccurate
b_new: [1. 1. 1. 1. 1. 1. 1. 1. 1. 1.]
Iter 1: obj=51.2267, best_obj=51.2267, ||b_new-b_prev||₂=0.000000
Converged.
Final b: [1. 1. 1. 1. 1. 1. 1. 1. 1. 1.]
<class 'numpy.ndarray'>
b_float: [1. 1. 1. 1. 1. 1. 1. 1. 1. 1.]
b: [1 1 1 1 1 1 1 1 1 1]
active_clients:  [0, 1, 2, 3, 4, 5, 6, 7, 8, 9]
Client 0's s_k are:[0 1 1 1 1 1 0 0 0 0]
Client 1's s_k are:[1 0 1 1 1 1 1 1 1 1]
Client 2's s_k are:[1 1 0 0 0 1 1 1 1 1]
Client 3's s_k are:[0 0 1 0 0 1 1 1 0 1]
Client 4's s_k are:[0 0 1 0 0 1 0 0 1 0]
Client 5's s_k are:[1 0 0 1 1 0 1 1 1 1]
Client 6's s_k are:[0 0 0 1 1 0 0 1 1 0]
Client 7's s_k are:[0 0 0 0 1 1 1 0 0 1]
Client 8's s_k are:[0 0 0 1 1 0 0 1 0 0]
Client 9's s_k are:[0 0 0 0 0 0 1 0 0 0]
| Global Round : 29 | Client :0 | Local Epoch : 0 | [64/573 (12%)]	Loss1: 5.839591 Loss2: 0.000028 
| Global Round : 29 | Client :0 | Local Epoch : 1 | [64/573 (12%)]	Loss1: 5.840062 Loss2: 0.000030 
| Global Round : 29 | Client :0 | Local Epoch : 2 | [64/573 (12%)]	Loss1: 5.840749 Loss2: 0.000026 
| Global Round : 29 | Client :0 | Local Epoch : 3 | [64/573 (12%)]	Loss1: 5.840160 Loss2: 0.000025 
| Global Round : 29 | Client :0 | Local Epoch : 4 | [64/573 (12%)]	Loss1: 5.839749 Loss2: 0.000027 
| Global Round : 29 | Client :1 | Local Epoch : 0 | [64/448 (14%)]	Loss1: 5.840782 Loss2: 0.000016 
| Global Round : 29 | Client :1 | Local Epoch : 1 | [64/448 (14%)]	Loss1: 5.842217 Loss2: 0.000015 
| Global Round : 29 | Client :1 | Local Epoch : 2 | [64/448 (14%)]	Loss1: 5.841692 Loss2: 0.000019 
| Global Round : 29 | Client :1 | Local Epoch : 3 | [64/448 (14%)]	Loss1: 5.843247 Loss2: 0.000018 
| Global Round : 29 | Client :1 | Local Epoch : 4 | [64/448 (14%)]	Loss1: 5.842643 Loss2: 0.000016 
| Global Round : 29 | Client :2 | Local Epoch : 0 | [64/448 (14%)]	Loss1: 5.840993 Loss2: 0.000016 
| Global Round : 29 | Client :2 | Local Epoch : 1 | [64/448 (14%)]	Loss1: 5.840557 Loss2: 0.000018 
| Global Round : 29 | Client :2 | Local Epoch : 2 | [64/448 (14%)]	Loss1: 5.841241 Loss2: 0.000021 
| Global Round : 29 | Client :2 | Local Epoch : 3 | [64/448 (14%)]	Loss1: 5.840742 Loss2: 0.000016 
| Global Round : 29 | Client :2 | Local Epoch : 4 | [64/448 (14%)]	Loss1: 5.841719 Loss2: 0.000014 
| Global Round : 29 | Client :3 | Local Epoch : 0 | [64/620 (11%)]	Loss1: 5.841021 Loss2: 0.000018 
| Global Round : 29 | Client :3 | Local Epoch : 1 | [64/620 (11%)]	Loss1: 5.840312 Loss2: 0.000018 
| Global Round : 29 | Client :3 | Local Epoch : 2 | [64/620 (11%)]	Loss1: 5.841264 Loss2: 0.000018 
| Global Round : 29 | Client :3 | Local Epoch : 3 | [64/620 (11%)]	Loss1: 5.841363 Loss2: 0.000015 
| Global Round : 29 | Client :3 | Local Epoch : 4 | [64/620 (11%)]	Loss1: 5.842013 Loss2: 0.000018 
| Global Round : 29 | Client :4 | Local Epoch : 0 | [64/625 (11%)]	Loss1: 5.840853 Loss2: 0.000029 
| Global Round : 29 | Client :4 | Local Epoch : 1 | [64/625 (11%)]	Loss1: 5.840745 Loss2: 0.000027 
| Global Round : 29 | Client :4 | Local Epoch : 2 | [64/625 (11%)]	Loss1: 5.841208 Loss2: 0.000025 
| Global Round : 29 | Client :4 | Local Epoch : 3 | [64/625 (11%)]	Loss1: 5.841465 Loss2: 0.000030 
| Global Round : 29 | Client :4 | Local Epoch : 4 | [64/625 (11%)]	Loss1: 5.840483 Loss2: 0.000027 
| Global Round : 29 | Client :5 | Local Epoch : 0 | [64/604 (11%)]	Loss1: 5.839233 Loss2: 0.000020 
| Global Round : 29 | Client :5 | Local Epoch : 1 | [64/604 (11%)]	Loss1: 5.839457 Loss2: 0.000026 
| Global Round : 29 | Client :5 | Local Epoch : 2 | [64/604 (11%)]	Loss1: 5.839817 Loss2: 0.000021 
| Global Round : 29 | Client :5 | Local Epoch : 3 | [64/604 (11%)]	Loss1: 5.839264 Loss2: 0.000021 
| Global Round : 29 | Client :5 | Local Epoch : 4 | [64/604 (11%)]	Loss1: 5.840222 Loss2: 0.000020 
| Global Round : 29 | Client :6 | Local Epoch : 0 | [64/534 (12%)]	Loss1: 5.841602 Loss2: 0.000016 
| Global Round : 29 | Client :6 | Local Epoch : 1 | [64/534 (12%)]	Loss1: 5.842616 Loss2: 0.000014 
| Global Round : 29 | Client :6 | Local Epoch : 2 | [64/534 (12%)]	Loss1: 5.842296 Loss2: 0.000014 
| Global Round : 29 | Client :6 | Local Epoch : 3 | [64/534 (12%)]	Loss1: 5.841512 Loss2: 0.000012 
| Global Round : 29 | Client :6 | Local Epoch : 4 | [64/534 (12%)]	Loss1: 5.840277 Loss2: 0.000013 
| Global Round : 29 | Client :7 | Local Epoch : 0 | [64/824 (8%)]	Loss1: 5.841785 Loss2: 0.000030 
| Global Round : 29 | Client :7 | Local Epoch : 0 | [704/824 (92%)]	Loss1: 5.839868 Loss2: 0.000030 
| Global Round : 29 | Client :7 | Local Epoch : 1 | [64/824 (8%)]	Loss1: 5.839916 Loss2: 0.000028 
| Global Round : 29 | Client :7 | Local Epoch : 1 | [704/824 (92%)]	Loss1: 5.839939 Loss2: 0.000034 
| Global Round : 29 | Client :7 | Local Epoch : 2 | [64/824 (8%)]	Loss1: 5.839929 Loss2: 0.000031 
| Global Round : 29 | Client :7 | Local Epoch : 2 | [704/824 (92%)]	Loss1: 5.841881 Loss2: 0.000031 
| Global Round : 29 | Client :7 | Local Epoch : 3 | [64/824 (8%)]	Loss1: 5.841042 Loss2: 0.000036 
| Global Round : 29 | Client :7 | Local Epoch : 3 | [704/824 (92%)]	Loss1: 5.840660 Loss2: 0.000028 
| Global Round : 29 | Client :7 | Local Epoch : 4 | [64/824 (8%)]	Loss1: 5.841028 Loss2: 0.000032 
| Global Round : 29 | Client :7 | Local Epoch : 4 | [704/824 (92%)]	Loss1: 5.839723 Loss2: 0.000033 
| Global Round : 29 | Client :8 | Local Epoch : 0 | [64/714 (9%)]	Loss1: 5.842624 Loss2: 0.000025 
| Global Round : 29 | Client :8 | Local Epoch : 0 | [704/714 (100%)]	Loss1: 5.841892 Loss2: 0.000032 
| Global Round : 29 | Client :8 | Local Epoch : 1 | [64/714 (9%)]	Loss1: 5.842119 Loss2: 0.000033 
| Global Round : 29 | Client :8 | Local Epoch : 1 | [704/714 (100%)]	Loss1: 5.844137 Loss2: 0.000033 
| Global Round : 29 | Client :8 | Local Epoch : 2 | [64/714 (9%)]	Loss1: 5.842080 Loss2: 0.000029 
| Global Round : 29 | Client :8 | Local Epoch : 2 | [704/714 (100%)]	Loss1: 5.841295 Loss2: 0.000032 
| Global Round : 29 | Client :8 | Local Epoch : 3 | [64/714 (9%)]	Loss1: 5.841052 Loss2: 0.000026 
| Global Round : 29 | Client :8 | Local Epoch : 3 | [704/714 (100%)]	Loss1: 5.842465 Loss2: 0.000033 
| Global Round : 29 | Client :8 | Local Epoch : 4 | [64/714 (9%)]	Loss1: 5.842458 Loss2: 0.000029 
| Global Round : 29 | Client :8 | Local Epoch : 4 | [704/714 (100%)]	Loss1: 5.841626 Loss2: 0.000033 
| Global Round : 29 | Client :9 | Local Epoch : 0 | [64/607 (11%)]	Loss1: 5.842522 Loss2: 0.000023 
| Global Round : 29 | Client :9 | Local Epoch : 1 | [64/607 (11%)]	Loss1: 5.842581 Loss2: 0.000023 
| Global Round : 29 | Client :9 | Local Epoch : 2 | [64/607 (11%)]	Loss1: 5.841503 Loss2: 0.000023 
| Global Round : 29 | Client :9 | Local Epoch : 3 | [64/607 (11%)]	Loss1: 5.842278 Loss2: 0.000026 
| Global Round : 29 | Client :9 | Local Epoch : 4 | [64/607 (11%)]	Loss1: 5.842224 Loss2: 0.000026 
average loss:   5.838926149283308
average local test accuracy: 0.8438802083333334
average global test accuracy:  0.675390625

 | Global Training Round : 30 |

xi_k [0.47589612 0.53270424 0.53260529 0.4948981  0.49090734 0.50787064
 0.51070674 0.49640911 0.52523297 0.50549859]
max_exp: -1.0
coe: 10
Regulation [0.8 0.8 0.8 0.8 0.8 0.8 0.8 0.8 0.8 0.8]
Solver status: optimal_inaccurate
b_new: [1. 1. 1. 1. 1. 1. 1. 1. 1. 1.]
Iter 0: obj=50.3273, best_obj=50.3273, ||b_new-b_prev||₂=2.846050
xi_k [0.47589612 0.53270424 0.53260529 0.4948981  0.49090734 0.50787064
 0.51070674 0.49640911 0.52523297 0.50549859]
max_exp: -1.0
coe: 10
Regulation [-1. -1. -1. -1. -1. -1. -1. -1. -1. -1.]
Solver status: optimal_inaccurate
b_new: [1. 1. 1. 1. 1. 1. 1. 1. 1. 1.]
Iter 1: obj=51.2273, best_obj=51.2273, ||b_new-b_prev||₂=0.000000
Converged.
Final b: [1. 1. 1. 1. 1. 1. 1. 1. 1. 1.]
<class 'numpy.ndarray'>
b_float: [1. 1. 1. 1. 1. 1. 1. 1. 1. 1.]
b: [1 1 1 1 1 1 1 1 1 1]
active_clients:  [0, 1, 2, 3, 4, 5, 6, 7, 8, 9]
Client 0's s_k are:[0 0 0 0 0 1 0 0 0 0]
Client 1's s_k are:[1 0 1 1 1 1 1 1 1 1]
Client 2's s_k are:[0 1 0 0 1 0 1 1 1 1]
Client 3's s_k are:[1 0 0 0 0 1 0 1 1 0]
Client 4's s_k are:[1 1 1 1 0 1 1 1 1 1]
Client 5's s_k are:[0 0 1 0 1 0 0 0 0 0]
Client 6's s_k are:[0 1 0 1 0 0 0 1 1 1]
Client 7's s_k are:[1 0 1 1 0 1 1 0 1 1]
Client 8's s_k are:[1 1 1 1 0 0 1 1 0 0]
Client 9's s_k are:[1 0 1 0 0 0 1 1 1 0]
| Global Round : 30 | Client :0 | Local Epoch : 0 | [64/573 (12%)]	Loss1: 5.840587 Loss2: 0.000029 
| Global Round : 30 | Client :0 | Local Epoch : 1 | [64/573 (12%)]	Loss1: 5.840298 Loss2: 0.000032 
| Global Round : 30 | Client :0 | Local Epoch : 2 | [64/573 (12%)]	Loss1: 5.840672 Loss2: 0.000034 
| Global Round : 30 | Client :0 | Local Epoch : 3 | [64/573 (12%)]	Loss1: 5.839897 Loss2: 0.000030 
| Global Round : 30 | Client :0 | Local Epoch : 4 | [64/573 (12%)]	Loss1: 5.840358 Loss2: 0.000039 
| Global Round : 30 | Client :1 | Local Epoch : 0 | [64/448 (14%)]	Loss1: 5.841764 Loss2: 0.000016 
| Global Round : 30 | Client :1 | Local Epoch : 1 | [64/448 (14%)]	Loss1: 5.841804 Loss2: 0.000017 
| Global Round : 30 | Client :1 | Local Epoch : 2 | [64/448 (14%)]	Loss1: 5.841166 Loss2: 0.000015 
| Global Round : 30 | Client :1 | Local Epoch : 3 | [64/448 (14%)]	Loss1: 5.841653 Loss2: 0.000014 
| Global Round : 30 | Client :1 | Local Epoch : 4 | [64/448 (14%)]	Loss1: 5.840991 Loss2: 0.000013 
| Global Round : 30 | Client :2 | Local Epoch : 0 | [64/448 (14%)]	Loss1: 5.840929 Loss2: 0.000015 
| Global Round : 30 | Client :2 | Local Epoch : 1 | [64/448 (14%)]	Loss1: 5.840836 Loss2: 0.000013 
| Global Round : 30 | Client :2 | Local Epoch : 2 | [64/448 (14%)]	Loss1: 5.841022 Loss2: 0.000016 
| Global Round : 30 | Client :2 | Local Epoch : 3 | [64/448 (14%)]	Loss1: 5.841470 Loss2: 0.000017 
| Global Round : 30 | Client :2 | Local Epoch : 4 | [64/448 (14%)]	Loss1: 5.841560 Loss2: 0.000018 
| Global Round : 30 | Client :3 | Local Epoch : 0 | [64/620 (11%)]	Loss1: 5.840685 Loss2: 0.000020 
| Global Round : 30 | Client :3 | Local Epoch : 1 | [64/620 (11%)]	Loss1: 5.841642 Loss2: 0.000019 
| Global Round : 30 | Client :3 | Local Epoch : 2 | [64/620 (11%)]	Loss1: 5.841679 Loss2: 0.000019 
| Global Round : 30 | Client :3 | Local Epoch : 3 | [64/620 (11%)]	Loss1: 5.841714 Loss2: 0.000022 
| Global Round : 30 | Client :3 | Local Epoch : 4 | [64/620 (11%)]	Loss1: 5.840907 Loss2: 0.000017 
| Global Round : 30 | Client :4 | Local Epoch : 0 | [64/625 (11%)]	Loss1: 5.840978 Loss2: 0.000020 
| Global Round : 30 | Client :4 | Local Epoch : 1 | [64/625 (11%)]	Loss1: 5.842583 Loss2: 0.000019 
| Global Round : 30 | Client :4 | Local Epoch : 2 | [64/625 (11%)]	Loss1: 5.840538 Loss2: 0.000021 
| Global Round : 30 | Client :4 | Local Epoch : 3 | [64/625 (11%)]	Loss1: 5.839996 Loss2: 0.000020 
| Global Round : 30 | Client :4 | Local Epoch : 4 | [64/625 (11%)]	Loss1: 5.839941 Loss2: 0.000028 
| Global Round : 30 | Client :5 | Local Epoch : 0 | [64/604 (11%)]	Loss1: 5.839909 Loss2: 0.000022 
| Global Round : 30 | Client :5 | Local Epoch : 1 | [64/604 (11%)]	Loss1: 5.839780 Loss2: 0.000024 
| Global Round : 30 | Client :5 | Local Epoch : 2 | [64/604 (11%)]	Loss1: 5.839698 Loss2: 0.000024 
| Global Round : 30 | Client :5 | Local Epoch : 3 | [64/604 (11%)]	Loss1: 5.839574 Loss2: 0.000028 
| Global Round : 30 | Client :5 | Local Epoch : 4 | [64/604 (11%)]	Loss1: 5.839027 Loss2: 0.000025 
| Global Round : 30 | Client :6 | Local Epoch : 0 | [64/534 (12%)]	Loss1: 5.841510 Loss2: 0.000015 
| Global Round : 30 | Client :6 | Local Epoch : 1 | [64/534 (12%)]	Loss1: 5.841700 Loss2: 0.000012 
| Global Round : 30 | Client :6 | Local Epoch : 2 | [64/534 (12%)]	Loss1: 5.840767 Loss2: 0.000015 
| Global Round : 30 | Client :6 | Local Epoch : 3 | [64/534 (12%)]	Loss1: 5.840024 Loss2: 0.000015 
| Global Round : 30 | Client :6 | Local Epoch : 4 | [64/534 (12%)]	Loss1: 5.840812 Loss2: 0.000016 
| Global Round : 30 | Client :7 | Local Epoch : 0 | [64/824 (8%)]	Loss1: 5.840647 Loss2: 0.000029 
| Global Round : 30 | Client :7 | Local Epoch : 0 | [704/824 (92%)]	Loss1: 5.839668 Loss2: 0.000036 
| Global Round : 30 | Client :7 | Local Epoch : 1 | [64/824 (8%)]	Loss1: 5.840417 Loss2: 0.000030 
| Global Round : 30 | Client :7 | Local Epoch : 1 | [704/824 (92%)]	Loss1: 5.841260 Loss2: 0.000028 
| Global Round : 30 | Client :7 | Local Epoch : 2 | [64/824 (8%)]	Loss1: 5.840672 Loss2: 0.000028 
| Global Round : 30 | Client :7 | Local Epoch : 2 | [704/824 (92%)]	Loss1: 5.841445 Loss2: 0.000029 
| Global Round : 30 | Client :7 | Local Epoch : 3 | [64/824 (8%)]	Loss1: 5.839765 Loss2: 0.000028 
| Global Round : 30 | Client :7 | Local Epoch : 3 | [704/824 (92%)]	Loss1: 5.839797 Loss2: 0.000029 
| Global Round : 30 | Client :7 | Local Epoch : 4 | [64/824 (8%)]	Loss1: 5.839706 Loss2: 0.000025 
| Global Round : 30 | Client :7 | Local Epoch : 4 | [704/824 (92%)]	Loss1: 5.840778 Loss2: 0.000027 
| Global Round : 30 | Client :8 | Local Epoch : 0 | [64/714 (9%)]	Loss1: 5.841178 Loss2: 0.000022 
| Global Round : 30 | Client :8 | Local Epoch : 0 | [704/714 (100%)]	Loss1: 5.841325 Loss2: 0.000028 
| Global Round : 30 | Client :8 | Local Epoch : 1 | [64/714 (9%)]	Loss1: 5.842973 Loss2: 0.000026 
| Global Round : 30 | Client :8 | Local Epoch : 1 | [704/714 (100%)]	Loss1: 5.841571 Loss2: 0.000028 
| Global Round : 30 | Client :8 | Local Epoch : 2 | [64/714 (9%)]	Loss1: 5.841979 Loss2: 0.000023 
| Global Round : 30 | Client :8 | Local Epoch : 2 | [704/714 (100%)]	Loss1: 5.841947 Loss2: 0.000023 
| Global Round : 30 | Client :8 | Local Epoch : 3 | [64/714 (9%)]	Loss1: 5.842763 Loss2: 0.000026 
| Global Round : 30 | Client :8 | Local Epoch : 3 | [704/714 (100%)]	Loss1: 5.840810 Loss2: 0.000028 
| Global Round : 30 | Client :8 | Local Epoch : 4 | [64/714 (9%)]	Loss1: 5.842744 Loss2: 0.000021 
| Global Round : 30 | Client :8 | Local Epoch : 4 | [704/714 (100%)]	Loss1: 5.842706 Loss2: 0.000031 
| Global Round : 30 | Client :9 | Local Epoch : 0 | [64/607 (11%)]	Loss1: 5.841532 Loss2: 0.000018 
| Global Round : 30 | Client :9 | Local Epoch : 1 | [64/607 (11%)]	Loss1: 5.842902 Loss2: 0.000017 
| Global Round : 30 | Client :9 | Local Epoch : 2 | [64/607 (11%)]	Loss1: 5.841349 Loss2: 0.000020 
| Global Round : 30 | Client :9 | Local Epoch : 3 | [64/607 (11%)]	Loss1: 5.842317 Loss2: 0.000017 
| Global Round : 30 | Client :9 | Local Epoch : 4 | [64/607 (11%)]	Loss1: 5.841606 Loss2: 0.000018 
average loss:   5.838779981148364
average local test accuracy: 0.8364583333333334
average global test accuracy:  0.65546875

 | Global Training Round : 31 |

xi_k [0.47591043 0.53265921 0.53259423 0.49491132 0.4908834  0.50783909
 0.51064565 0.49638269 0.52519589 0.50548229]
max_exp: -1.0
coe: 10
Regulation [0.8 0.8 0.8 0.8 0.8 0.8 0.8 0.8 0.8 0.8]
Solver status: optimal_inaccurate
b_new: [1. 1. 1. 1. 1. 1. 1. 1. 1. 1.]
Iter 0: obj=50.3250, best_obj=50.3250, ||b_new-b_prev||₂=2.846050
xi_k [0.47591043 0.53265921 0.53259423 0.49491132 0.4908834  0.50783909
 0.51064565 0.49638269 0.52519589 0.50548229]
max_exp: -1.0
coe: 10
Regulation [-1. -1. -1. -1. -1. -1. -1. -1. -1. -1.]
Solver status: optimal_inaccurate
b_new: [1. 1. 1. 1. 1. 1. 1. 1. 1. 1.]
Iter 1: obj=51.2250, best_obj=51.2250, ||b_new-b_prev||₂=0.000000
Converged.
Final b: [1. 1. 1. 1. 1. 1. 1. 1. 1. 1.]
<class 'numpy.ndarray'>
b_float: [1. 1. 1. 1. 1. 1. 1. 1. 1. 1.]
b: [1 1 1 1 1 1 1 1 1 1]
active_clients:  [0, 1, 2, 3, 4, 5, 6, 7, 8, 9]
Client 0's s_k are:[0 0 0 0 0 1 0 0 0 0]
Client 1's s_k are:[0 0 0 1 0 0 1 0 0 0]
Client 2's s_k are:[1 0 0 1 1 1 1 1 1 1]
Client 3's s_k are:[1 0 1 0 1 1 0 1 0 0]
Client 4's s_k are:[0 0 0 0 0 0 0 0 0 1]
Client 5's s_k are:[0 1 0 0 0 0 0 0 1 0]
Client 6's s_k are:[1 1 1 1 1 1 0 1 1 1]
Client 7's s_k are:[1 0 1 0 1 0 0 0 0 0]
Client 8's s_k are:[0 1 1 1 1 1 1 1 0 1]
Client 9's s_k are:[1 0 0 0 0 1 1 1 0 0]
| Global Round : 31 | Client :0 | Local Epoch : 0 | [64/573 (12%)]	Loss1: 5.840238 Loss2: 0.000031 
| Global Round : 31 | Client :0 | Local Epoch : 1 | [64/573 (12%)]	Loss1: 5.841135 Loss2: 0.000032 
| Global Round : 31 | Client :0 | Local Epoch : 2 | [64/573 (12%)]	Loss1: 5.840492 Loss2: 0.000032 
| Global Round : 31 | Client :0 | Local Epoch : 3 | [64/573 (12%)]	Loss1: 5.839572 Loss2: 0.000037 
| Global Round : 31 | Client :0 | Local Epoch : 4 | [64/573 (12%)]	Loss1: 5.839573 Loss2: 0.000025 
| Global Round : 31 | Client :1 | Local Epoch : 0 | [64/448 (14%)]	Loss1: 5.841888 Loss2: 0.000017 
| Global Round : 31 | Client :1 | Local Epoch : 1 | [64/448 (14%)]	Loss1: 5.840597 Loss2: 0.000015 
| Global Round : 31 | Client :1 | Local Epoch : 2 | [64/448 (14%)]	Loss1: 5.841822 Loss2: 0.000014 
| Global Round : 31 | Client :1 | Local Epoch : 3 | [64/448 (14%)]	Loss1: 5.841348 Loss2: 0.000017 
| Global Round : 31 | Client :1 | Local Epoch : 4 | [64/448 (14%)]	Loss1: 5.841724 Loss2: 0.000017 
| Global Round : 31 | Client :2 | Local Epoch : 0 | [64/448 (14%)]	Loss1: 5.840937 Loss2: 0.000013 
| Global Round : 31 | Client :2 | Local Epoch : 1 | [64/448 (14%)]	Loss1: 5.840641 Loss2: 0.000013 
| Global Round : 31 | Client :2 | Local Epoch : 2 | [64/448 (14%)]	Loss1: 5.841002 Loss2: 0.000014 
| Global Round : 31 | Client :2 | Local Epoch : 3 | [64/448 (14%)]	Loss1: 5.841939 Loss2: 0.000017 
| Global Round : 31 | Client :2 | Local Epoch : 4 | [64/448 (14%)]	Loss1: 5.840979 Loss2: 0.000016 
| Global Round : 31 | Client :3 | Local Epoch : 0 | [64/620 (11%)]	Loss1: 5.840876 Loss2: 0.000012 
| Global Round : 31 | Client :3 | Local Epoch : 1 | [64/620 (11%)]	Loss1: 5.842770 Loss2: 0.000015 
| Global Round : 31 | Client :3 | Local Epoch : 2 | [64/620 (11%)]	Loss1: 5.841891 Loss2: 0.000012 
| Global Round : 31 | Client :3 | Local Epoch : 3 | [64/620 (11%)]	Loss1: 5.840629 Loss2: 0.000015 
| Global Round : 31 | Client :3 | Local Epoch : 4 | [64/620 (11%)]	Loss1: 5.840730 Loss2: 0.000013 
| Global Round : 31 | Client :4 | Local Epoch : 0 | [64/625 (11%)]	Loss1: 5.841067 Loss2: 0.000033 
| Global Round : 31 | Client :4 | Local Epoch : 1 | [64/625 (11%)]	Loss1: 5.839981 Loss2: 0.000031 
| Global Round : 31 | Client :4 | Local Epoch : 2 | [64/625 (11%)]	Loss1: 5.841480 Loss2: 0.000038 
| Global Round : 31 | Client :4 | Local Epoch : 3 | [64/625 (11%)]	Loss1: 5.840591 Loss2: 0.000031 
| Global Round : 31 | Client :4 | Local Epoch : 4 | [64/625 (11%)]	Loss1: 5.840707 Loss2: 0.000032 
| Global Round : 31 | Client :5 | Local Epoch : 0 | [64/604 (11%)]	Loss1: 5.840975 Loss2: 0.000026 
| Global Round : 31 | Client :5 | Local Epoch : 1 | [64/604 (11%)]	Loss1: 5.840316 Loss2: 0.000030 
| Global Round : 31 | Client :5 | Local Epoch : 2 | [64/604 (11%)]	Loss1: 5.840694 Loss2: 0.000028 
| Global Round : 31 | Client :5 | Local Epoch : 3 | [64/604 (11%)]	Loss1: 5.839678 Loss2: 0.000026 
| Global Round : 31 | Client :5 | Local Epoch : 4 | [64/604 (11%)]	Loss1: 5.839569 Loss2: 0.000027 
| Global Round : 31 | Client :6 | Local Epoch : 0 | [64/534 (12%)]	Loss1: 5.841681 Loss2: 0.000016 
| Global Round : 31 | Client :6 | Local Epoch : 1 | [64/534 (12%)]	Loss1: 5.842144 Loss2: 0.000014 
| Global Round : 31 | Client :6 | Local Epoch : 2 | [64/534 (12%)]	Loss1: 5.841284 Loss2: 0.000013 
| Global Round : 31 | Client :6 | Local Epoch : 3 | [64/534 (12%)]	Loss1: 5.841219 Loss2: 0.000015 
| Global Round : 31 | Client :6 | Local Epoch : 4 | [64/534 (12%)]	Loss1: 5.841457 Loss2: 0.000015 
| Global Round : 31 | Client :7 | Local Epoch : 0 | [64/824 (8%)]	Loss1: 5.840324 Loss2: 0.000029 
| Global Round : 31 | Client :7 | Local Epoch : 0 | [704/824 (92%)]	Loss1: 5.839772 Loss2: 0.000032 
| Global Round : 31 | Client :7 | Local Epoch : 1 | [64/824 (8%)]	Loss1: 5.841385 Loss2: 0.000031 
| Global Round : 31 | Client :7 | Local Epoch : 1 | [704/824 (92%)]	Loss1: 5.841321 Loss2: 0.000026 
| Global Round : 31 | Client :7 | Local Epoch : 2 | [64/824 (8%)]	Loss1: 5.840393 Loss2: 0.000032 
| Global Round : 31 | Client :7 | Local Epoch : 2 | [704/824 (92%)]	Loss1: 5.839107 Loss2: 0.000029 
| Global Round : 31 | Client :7 | Local Epoch : 3 | [64/824 (8%)]	Loss1: 5.840277 Loss2: 0.000025 
| Global Round : 31 | Client :7 | Local Epoch : 3 | [704/824 (92%)]	Loss1: 5.840999 Loss2: 0.000029 
| Global Round : 31 | Client :7 | Local Epoch : 4 | [64/824 (8%)]	Loss1: 5.840225 Loss2: 0.000026 
| Global Round : 31 | Client :7 | Local Epoch : 4 | [704/824 (92%)]	Loss1: 5.841087 Loss2: 0.000029 
| Global Round : 31 | Client :8 | Local Epoch : 0 | [64/714 (9%)]	Loss1: 5.840510 Loss2: 0.000022 
| Global Round : 31 | Client :8 | Local Epoch : 0 | [704/714 (100%)]	Loss1: 5.841538 Loss2: 0.000022 
| Global Round : 31 | Client :8 | Local Epoch : 1 | [64/714 (9%)]	Loss1: 5.843216 Loss2: 0.000022 
| Global Round : 31 | Client :8 | Local Epoch : 1 | [704/714 (100%)]	Loss1: 5.841378 Loss2: 0.000019 
| Global Round : 31 | Client :8 | Local Epoch : 2 | [64/714 (9%)]	Loss1: 5.841115 Loss2: 0.000022 
| Global Round : 31 | Client :8 | Local Epoch : 2 | [704/714 (100%)]	Loss1: 5.841586 Loss2: 0.000027 
| Global Round : 31 | Client :8 | Local Epoch : 3 | [64/714 (9%)]	Loss1: 5.841935 Loss2: 0.000021 
| Global Round : 31 | Client :8 | Local Epoch : 3 | [704/714 (100%)]	Loss1: 5.842257 Loss2: 0.000023 
| Global Round : 31 | Client :8 | Local Epoch : 4 | [64/714 (9%)]	Loss1: 5.841828 Loss2: 0.000020 
| Global Round : 31 | Client :8 | Local Epoch : 4 | [704/714 (100%)]	Loss1: 5.841803 Loss2: 0.000025 
| Global Round : 31 | Client :9 | Local Epoch : 0 | [64/607 (11%)]	Loss1: 5.842022 Loss2: 0.000019 
| Global Round : 31 | Client :9 | Local Epoch : 1 | [64/607 (11%)]	Loss1: 5.842273 Loss2: 0.000017 
| Global Round : 31 | Client :9 | Local Epoch : 2 | [64/607 (11%)]	Loss1: 5.841197 Loss2: 0.000016 
| Global Round : 31 | Client :9 | Local Epoch : 3 | [64/607 (11%)]	Loss1: 5.842264 Loss2: 0.000019 
| Global Round : 31 | Client :9 | Local Epoch : 4 | [64/607 (11%)]	Loss1: 5.841834 Loss2: 0.000019 
average loss:   5.838785694705116
average local test accuracy: 0.839453125
average global test accuracy:  0.640234375

 | Global Training Round : 32 |

xi_k [0.47590291 0.53266977 0.53259512 0.49487105 0.49087656 0.50781918
 0.51063122 0.49639581 0.52524555 0.50546654]
max_exp: -1.0
coe: 10
Regulation [0.8 0.8 0.8 0.8 0.8 0.8 0.8 0.8 0.8 0.8]
Solver status: optimal_inaccurate
b_new: [1. 1. 1. 1. 1. 1. 1. 1. 1. 1.]
Iter 0: obj=50.3247, best_obj=50.3247, ||b_new-b_prev||₂=2.846050
xi_k [0.47590291 0.53266977 0.53259512 0.49487105 0.49087656 0.50781918
 0.51063122 0.49639581 0.52524555 0.50546654]
max_exp: -1.0
coe: 10
Regulation [-1. -1. -1. -1. -1. -1. -1. -1. -1. -1.]
Solver status: optimal_inaccurate
b_new: [1. 1. 1. 1. 1. 1. 1. 1. 1. 1.]
Iter 1: obj=51.2247, best_obj=51.2247, ||b_new-b_prev||₂=0.000000
Converged.
Final b: [1. 1. 1. 1. 1. 1. 1. 1. 1. 1.]
<class 'numpy.ndarray'>
b_float: [1. 1. 1. 1. 1. 1. 1. 1. 1. 1.]
b: [1 1 1 1 1 1 1 1 1 1]
active_clients:  [0, 1, 2, 3, 4, 5, 6, 7, 8, 9]
Client 0's s_k are:[0 0 0 1 1 1 0 0 1 0]
Client 1's s_k are:[0 0 0 1 1 0 0 1 1 0]
Client 2's s_k are:[1 0 0 1 0 1 1 1 0 0]
Client 3's s_k are:[0 0 0 0 1 0 0 0 0 0]
Client 4's s_k are:[0 1 0 1 0 1 0 1 1 0]
Client 5's s_k are:[0 1 0 0 0 0 1 1 0 1]
Client 6's s_k are:[1 0 1 1 1 0 0 0 0 0]
Client 7's s_k are:[0 0 0 0 0 1 0 0 0 0]
Client 8's s_k are:[0 1 0 0 0 1 1 1 0 0]
Client 9's s_k are:[1 0 0 0 0 1 1 0 0 0]
| Global Round : 32 | Client :0 | Local Epoch : 0 | [64/573 (12%)]	Loss1: 5.840368 Loss2: 0.000025 
| Global Round : 32 | Client :0 | Local Epoch : 1 | [64/573 (12%)]	Loss1: 5.840248 Loss2: 0.000028 
| Global Round : 32 | Client :0 | Local Epoch : 2 | [64/573 (12%)]	Loss1: 5.840572 Loss2: 0.000024 
| Global Round : 32 | Client :0 | Local Epoch : 3 | [64/573 (12%)]	Loss1: 5.839973 Loss2: 0.000024 
| Global Round : 32 | Client :0 | Local Epoch : 4 | [64/573 (12%)]	Loss1: 5.840683 Loss2: 0.000027 
| Global Round : 32 | Client :1 | Local Epoch : 0 | [64/448 (14%)]	Loss1: 5.840647 Loss2: 0.000017 
| Global Round : 32 | Client :1 | Local Epoch : 1 | [64/448 (14%)]	Loss1: 5.841699 Loss2: 0.000019 
| Global Round : 32 | Client :1 | Local Epoch : 2 | [64/448 (14%)]	Loss1: 5.842239 Loss2: 0.000014 
| Global Round : 32 | Client :1 | Local Epoch : 3 | [64/448 (14%)]	Loss1: 5.842026 Loss2: 0.000017 
| Global Round : 32 | Client :1 | Local Epoch : 4 | [64/448 (14%)]	Loss1: 5.840463 Loss2: 0.000013 
| Global Round : 32 | Client :2 | Local Epoch : 0 | [64/448 (14%)]	Loss1: 5.840957 Loss2: 0.000016 
| Global Round : 32 | Client :2 | Local Epoch : 1 | [64/448 (14%)]	Loss1: 5.841095 Loss2: 0.000016 
| Global Round : 32 | Client :2 | Local Epoch : 2 | [64/448 (14%)]	Loss1: 5.840811 Loss2: 0.000013 
| Global Round : 32 | Client :2 | Local Epoch : 3 | [64/448 (14%)]	Loss1: 5.840349 Loss2: 0.000017 
| Global Round : 32 | Client :2 | Local Epoch : 4 | [64/448 (14%)]	Loss1: 5.840398 Loss2: 0.000019 
| Global Round : 32 | Client :3 | Local Epoch : 0 | [64/620 (11%)]	Loss1: 5.841203 Loss2: 0.000023 
| Global Round : 32 | Client :3 | Local Epoch : 1 | [64/620 (11%)]	Loss1: 5.843419 Loss2: 0.000023 
| Global Round : 32 | Client :3 | Local Epoch : 2 | [64/620 (11%)]	Loss1: 5.840335 Loss2: 0.000020 
| Global Round : 32 | Client :3 | Local Epoch : 3 | [64/620 (11%)]	Loss1: 5.841444 Loss2: 0.000021 
| Global Round : 32 | Client :3 | Local Epoch : 4 | [64/620 (11%)]	Loss1: 5.842017 Loss2: 0.000018 
| Global Round : 32 | Client :4 | Local Epoch : 0 | [64/625 (11%)]	Loss1: 5.840336 Loss2: 0.000024 
| Global Round : 32 | Client :4 | Local Epoch : 1 | [64/625 (11%)]	Loss1: 5.841011 Loss2: 0.000027 
| Global Round : 32 | Client :4 | Local Epoch : 2 | [64/625 (11%)]	Loss1: 5.841654 Loss2: 0.000023 
| Global Round : 32 | Client :4 | Local Epoch : 3 | [64/625 (11%)]	Loss1: 5.840712 Loss2: 0.000020 
| Global Round : 32 | Client :4 | Local Epoch : 4 | [64/625 (11%)]	Loss1: 5.839937 Loss2: 0.000020 
| Global Round : 32 | Client :5 | Local Epoch : 0 | [64/604 (11%)]	Loss1: 5.840733 Loss2: 0.000027 
| Global Round : 32 | Client :5 | Local Epoch : 1 | [64/604 (11%)]	Loss1: 5.839700 Loss2: 0.000025 
| Global Round : 32 | Client :5 | Local Epoch : 2 | [64/604 (11%)]	Loss1: 5.840397 Loss2: 0.000024 
| Global Round : 32 | Client :5 | Local Epoch : 3 | [64/604 (11%)]	Loss1: 5.839628 Loss2: 0.000027 
| Global Round : 32 | Client :5 | Local Epoch : 4 | [64/604 (11%)]	Loss1: 5.839856 Loss2: 0.000022 
| Global Round : 32 | Client :6 | Local Epoch : 0 | [64/534 (12%)]	Loss1: 5.842147 Loss2: 0.000016 
| Global Round : 32 | Client :6 | Local Epoch : 1 | [64/534 (12%)]	Loss1: 5.841032 Loss2: 0.000021 
| Global Round : 32 | Client :6 | Local Epoch : 2 | [64/534 (12%)]	Loss1: 5.841020 Loss2: 0.000014 
| Global Round : 32 | Client :6 | Local Epoch : 3 | [64/534 (12%)]	Loss1: 5.841568 Loss2: 0.000014 
| Global Round : 32 | Client :6 | Local Epoch : 4 | [64/534 (12%)]	Loss1: 5.840711 Loss2: 0.000014 
| Global Round : 32 | Client :7 | Local Epoch : 0 | [64/824 (8%)]	Loss1: 5.839765 Loss2: 0.000052 
| Global Round : 32 | Client :7 | Local Epoch : 0 | [704/824 (92%)]	Loss1: 5.840096 Loss2: 0.000060 
| Global Round : 32 | Client :7 | Local Epoch : 1 | [64/824 (8%)]	Loss1: 5.840137 Loss2: 0.000060 
| Global Round : 32 | Client :7 | Local Epoch : 1 | [704/824 (92%)]	Loss1: 5.840493 Loss2: 0.000054 
| Global Round : 32 | Client :7 | Local Epoch : 2 | [64/824 (8%)]	Loss1: 5.841184 Loss2: 0.000046 
| Global Round : 32 | Client :7 | Local Epoch : 2 | [704/824 (92%)]	Loss1: 5.840742 Loss2: 0.000055 
| Global Round : 32 | Client :7 | Local Epoch : 3 | [64/824 (8%)]	Loss1: 5.840202 Loss2: 0.000048 
| Global Round : 32 | Client :7 | Local Epoch : 3 | [704/824 (92%)]	Loss1: 5.840605 Loss2: 0.000050 
| Global Round : 32 | Client :7 | Local Epoch : 4 | [64/824 (8%)]	Loss1: 5.840420 Loss2: 0.000049 
| Global Round : 32 | Client :7 | Local Epoch : 4 | [704/824 (92%)]	Loss1: 5.840642 Loss2: 0.000051 
| Global Round : 32 | Client :8 | Local Epoch : 0 | [64/714 (9%)]	Loss1: 5.842382 Loss2: 0.000023 
| Global Round : 32 | Client :8 | Local Epoch : 0 | [704/714 (100%)]	Loss1: 5.841611 Loss2: 0.000028 
| Global Round : 32 | Client :8 | Local Epoch : 1 | [64/714 (9%)]	Loss1: 5.842649 Loss2: 0.000021 
| Global Round : 32 | Client :8 | Local Epoch : 1 | [704/714 (100%)]	Loss1: 5.842010 Loss2: 0.000029 
| Global Round : 32 | Client :8 | Local Epoch : 2 | [64/714 (9%)]	Loss1: 5.842142 Loss2: 0.000025 
| Global Round : 32 | Client :8 | Local Epoch : 2 | [704/714 (100%)]	Loss1: 5.841457 Loss2: 0.000030 
| Global Round : 32 | Client :8 | Local Epoch : 3 | [64/714 (9%)]	Loss1: 5.841484 Loss2: 0.000023 
| Global Round : 32 | Client :8 | Local Epoch : 3 | [704/714 (100%)]	Loss1: 5.841661 Loss2: 0.000028 
| Global Round : 32 | Client :8 | Local Epoch : 4 | [64/714 (9%)]	Loss1: 5.841321 Loss2: 0.000030 
| Global Round : 32 | Client :8 | Local Epoch : 4 | [704/714 (100%)]	Loss1: 5.840741 Loss2: 0.000028 
| Global Round : 32 | Client :9 | Local Epoch : 0 | [64/607 (11%)]	Loss1: 5.842823 Loss2: 0.000019 
| Global Round : 32 | Client :9 | Local Epoch : 1 | [64/607 (11%)]	Loss1: 5.841877 Loss2: 0.000019 
| Global Round : 32 | Client :9 | Local Epoch : 2 | [64/607 (11%)]	Loss1: 5.841250 Loss2: 0.000016 
| Global Round : 32 | Client :9 | Local Epoch : 3 | [64/607 (11%)]	Loss1: 5.842085 Loss2: 0.000017 
| Global Round : 32 | Client :9 | Local Epoch : 4 | [64/607 (11%)]	Loss1: 5.841512 Loss2: 0.000017 
average loss:   5.838784988618
average local test accuracy: 0.8328125
average global test accuracy:  0.57109375

 | Global Training Round : 33 |

xi_k [0.47589775 0.53265275 0.53262726 0.49487051 0.49088207 0.50782788
 0.51068185 0.49640999 0.525203   0.50547141]
max_exp: -1.0
coe: 10
Regulation [0.8 0.8 0.8 0.8 0.8 0.8 0.8 0.8 0.8 0.8]
Solver status: optimal_inaccurate
b_new: [1. 1. 1. 1. 1. 1. 1. 1. 1. 1.]
Iter 0: obj=50.3252, best_obj=50.3252, ||b_new-b_prev||₂=2.846050
xi_k [0.47589775 0.53265275 0.53262726 0.49487051 0.49088207 0.50782788
 0.51068185 0.49640999 0.525203   0.50547141]
max_exp: -1.0
coe: 10
Regulation [-1. -1. -1. -1. -1. -1. -1. -1. -1. -1.]
Solver status: optimal_inaccurate
b_new: [1. 1. 1. 1. 1. 1. 1. 1. 1. 1.]
Iter 1: obj=51.2252, best_obj=51.2252, ||b_new-b_prev||₂=0.000000
Converged.
Final b: [1. 1. 1. 1. 1. 1. 1. 1. 1. 1.]
<class 'numpy.ndarray'>
b_float: [1. 1. 1. 1. 1. 1. 1. 1. 1. 1.]
b: [1 1 1 1 1 1 1 1 1 1]
active_clients:  [0, 1, 2, 3, 4, 5, 6, 7, 8, 9]
Client 0's s_k are:[0 1 1 1 1 1 1 1 1 1]
Client 1's s_k are:[1 0 1 1 0 1 1 0 0 1]
Client 2's s_k are:[1 1 0 1 1 1 1 1 1 1]
Client 3's s_k are:[1 1 1 0 1 1 1 1 1 1]
Client 4's s_k are:[0 1 0 1 0 1 1 1 1 0]
Client 5's s_k are:[1 0 1 1 1 0 1 1 1 1]
Client 6's s_k are:[1 1 1 1 1 0 0 1 1 1]
Client 7's s_k are:[1 0 0 0 0 0 1 0 1 1]
Client 8's s_k are:[1 0 0 1 0 1 0 1 0 0]
Client 9's s_k are:[1 1 1 1 1 1 1 1 0 0]
| Global Round : 33 | Client :0 | Local Epoch : 0 | [64/573 (12%)]	Loss1: 5.840012 Loss2: 0.000023 
| Global Round : 33 | Client :0 | Local Epoch : 1 | [64/573 (12%)]	Loss1: 5.840691 Loss2: 0.000025 
| Global Round : 33 | Client :0 | Local Epoch : 2 | [64/573 (12%)]	Loss1: 5.840488 Loss2: 0.000021 
| Global Round : 33 | Client :0 | Local Epoch : 3 | [64/573 (12%)]	Loss1: 5.840483 Loss2: 0.000025 
| Global Round : 33 | Client :0 | Local Epoch : 4 | [64/573 (12%)]	Loss1: 5.839795 Loss2: 0.000026 
| Global Round : 33 | Client :1 | Local Epoch : 0 | [64/448 (14%)]	Loss1: 5.841097 Loss2: 0.000018 
| Global Round : 33 | Client :1 | Local Epoch : 1 | [64/448 (14%)]	Loss1: 5.840775 Loss2: 0.000016 
| Global Round : 33 | Client :1 | Local Epoch : 2 | [64/448 (14%)]	Loss1: 5.841303 Loss2: 0.000017 
| Global Round : 33 | Client :1 | Local Epoch : 3 | [64/448 (14%)]	Loss1: 5.841577 Loss2: 0.000017 
| Global Round : 33 | Client :1 | Local Epoch : 4 | [64/448 (14%)]	Loss1: 5.840849 Loss2: 0.000016 
| Global Round : 33 | Client :2 | Local Epoch : 0 | [64/448 (14%)]	Loss1: 5.840364 Loss2: 0.000011 
| Global Round : 33 | Client :2 | Local Epoch : 1 | [64/448 (14%)]	Loss1: 5.840711 Loss2: 0.000012 
| Global Round : 33 | Client :2 | Local Epoch : 2 | [64/448 (14%)]	Loss1: 5.840506 Loss2: 0.000017 
| Global Round : 33 | Client :2 | Local Epoch : 3 | [64/448 (14%)]	Loss1: 5.842567 Loss2: 0.000012 
| Global Round : 33 | Client :2 | Local Epoch : 4 | [64/448 (14%)]	Loss1: 5.841959 Loss2: 0.000013 
| Global Round : 33 | Client :3 | Local Epoch : 0 | [64/620 (11%)]	Loss1: 5.840996 Loss2: 0.000017 
| Global Round : 33 | Client :3 | Local Epoch : 1 | [64/620 (11%)]	Loss1: 5.841389 Loss2: 0.000017 
| Global Round : 33 | Client :3 | Local Epoch : 2 | [64/620 (11%)]	Loss1: 5.841092 Loss2: 0.000020 
| Global Round : 33 | Client :3 | Local Epoch : 3 | [64/620 (11%)]	Loss1: 5.840535 Loss2: 0.000017 
| Global Round : 33 | Client :3 | Local Epoch : 4 | [64/620 (11%)]	Loss1: 5.841267 Loss2: 0.000015 
| Global Round : 33 | Client :4 | Local Epoch : 0 | [64/625 (11%)]	Loss1: 5.842163 Loss2: 0.000021 
| Global Round : 33 | Client :4 | Local Epoch : 1 | [64/625 (11%)]	Loss1: 5.840646 Loss2: 0.000020 
| Global Round : 33 | Client :4 | Local Epoch : 2 | [64/625 (11%)]	Loss1: 5.839245 Loss2: 0.000020 
| Global Round : 33 | Client :4 | Local Epoch : 3 | [64/625 (11%)]	Loss1: 5.840950 Loss2: 0.000019 
| Global Round : 33 | Client :4 | Local Epoch : 4 | [64/625 (11%)]	Loss1: 5.839562 Loss2: 0.000019 
| Global Round : 33 | Client :5 | Local Epoch : 0 | [64/604 (11%)]	Loss1: 5.839906 Loss2: 0.000020 
| Global Round : 33 | Client :5 | Local Epoch : 1 | [64/604 (11%)]	Loss1: 5.839679 Loss2: 0.000020 
| Global Round : 33 | Client :5 | Local Epoch : 2 | [64/604 (11%)]	Loss1: 5.839627 Loss2: 0.000022 
| Global Round : 33 | Client :5 | Local Epoch : 3 | [64/604 (11%)]	Loss1: 5.839740 Loss2: 0.000022 
| Global Round : 33 | Client :5 | Local Epoch : 4 | [64/604 (11%)]	Loss1: 5.839146 Loss2: 0.000021 
| Global Round : 33 | Client :6 | Local Epoch : 0 | [64/534 (12%)]	Loss1: 5.839850 Loss2: 0.000012 
| Global Round : 33 | Client :6 | Local Epoch : 1 | [64/534 (12%)]	Loss1: 5.841070 Loss2: 0.000015 
| Global Round : 33 | Client :6 | Local Epoch : 2 | [64/534 (12%)]	Loss1: 5.841806 Loss2: 0.000015 
| Global Round : 33 | Client :6 | Local Epoch : 3 | [64/534 (12%)]	Loss1: 5.841231 Loss2: 0.000015 
| Global Round : 33 | Client :6 | Local Epoch : 4 | [64/534 (12%)]	Loss1: 5.840140 Loss2: 0.000012 
| Global Round : 33 | Client :7 | Local Epoch : 0 | [64/824 (8%)]	Loss1: 5.840474 Loss2: 0.000025 
| Global Round : 33 | Client :7 | Local Epoch : 0 | [704/824 (92%)]	Loss1: 5.841012 Loss2: 0.000028 
| Global Round : 33 | Client :7 | Local Epoch : 1 | [64/824 (8%)]	Loss1: 5.840384 Loss2: 0.000026 
| Global Round : 33 | Client :7 | Local Epoch : 1 | [704/824 (92%)]	Loss1: 5.840168 Loss2: 0.000025 
| Global Round : 33 | Client :7 | Local Epoch : 2 | [64/824 (8%)]	Loss1: 5.841182 Loss2: 0.000023 
| Global Round : 33 | Client :7 | Local Epoch : 2 | [704/824 (92%)]	Loss1: 5.841246 Loss2: 0.000029 
| Global Round : 33 | Client :7 | Local Epoch : 3 | [64/824 (8%)]	Loss1: 5.840652 Loss2: 0.000026 
| Global Round : 33 | Client :7 | Local Epoch : 3 | [704/824 (92%)]	Loss1: 5.839503 Loss2: 0.000023 
| Global Round : 33 | Client :7 | Local Epoch : 4 | [64/824 (8%)]	Loss1: 5.840304 Loss2: 0.000023 
| Global Round : 33 | Client :7 | Local Epoch : 4 | [704/824 (92%)]	Loss1: 5.841105 Loss2: 0.000024 
| Global Round : 33 | Client :8 | Local Epoch : 0 | [64/714 (9%)]	Loss1: 5.840969 Loss2: 0.000026 
| Global Round : 33 | Client :8 | Local Epoch : 0 | [704/714 (100%)]	Loss1: 5.843628 Loss2: 0.000033 
| Global Round : 33 | Client :8 | Local Epoch : 1 | [64/714 (9%)]	Loss1: 5.842353 Loss2: 0.000029 
| Global Round : 33 | Client :8 | Local Epoch : 1 | [704/714 (100%)]	Loss1: 5.842323 Loss2: 0.000026 
| Global Round : 33 | Client :8 | Local Epoch : 2 | [64/714 (9%)]	Loss1: 5.841696 Loss2: 0.000030 
| Global Round : 33 | Client :8 | Local Epoch : 2 | [704/714 (100%)]	Loss1: 5.840967 Loss2: 0.000023 
| Global Round : 33 | Client :8 | Local Epoch : 3 | [64/714 (9%)]	Loss1: 5.841592 Loss2: 0.000023 
| Global Round : 33 | Client :8 | Local Epoch : 3 | [704/714 (100%)]	Loss1: 5.841312 Loss2: 0.000023 
| Global Round : 33 | Client :8 | Local Epoch : 4 | [64/714 (9%)]	Loss1: 5.841945 Loss2: 0.000024 
| Global Round : 33 | Client :8 | Local Epoch : 4 | [704/714 (100%)]	Loss1: 5.842150 Loss2: 0.000026 
| Global Round : 33 | Client :9 | Local Epoch : 0 | [64/607 (11%)]	Loss1: 5.841789 Loss2: 0.000017 
| Global Round : 33 | Client :9 | Local Epoch : 1 | [64/607 (11%)]	Loss1: 5.843133 Loss2: 0.000020 
| Global Round : 33 | Client :9 | Local Epoch : 2 | [64/607 (11%)]	Loss1: 5.841119 Loss2: 0.000023 
| Global Round : 33 | Client :9 | Local Epoch : 3 | [64/607 (11%)]	Loss1: 5.841060 Loss2: 0.000016 
| Global Round : 33 | Client :9 | Local Epoch : 4 | [64/607 (11%)]	Loss1: 5.843036 Loss2: 0.000022 
average loss:   5.838722278416415
average local test accuracy: 0.83203125
average global test accuracy:  0.67109375

 | Global Training Round : 34 |

xi_k [0.47587709 0.53263444 0.5325666  0.49485971 0.49087721 0.50783738
 0.51065574 0.49640819 0.52518873 0.50546709]
max_exp: -1.0
coe: 10
Regulation [0.8 0.8 0.8 0.8 0.8 0.8 0.8 0.8 0.8 0.8]
Solver status: optimal_inaccurate
b_new: [1. 1. 1. 1. 1. 1. 1. 1. 1. 1.]
Iter 0: obj=50.3237, best_obj=50.3237, ||b_new-b_prev||₂=2.846050
xi_k [0.47587709 0.53263444 0.5325666  0.49485971 0.49087721 0.50783738
 0.51065574 0.49640819 0.52518873 0.50546709]
max_exp: -1.0
coe: 10
Regulation [-1. -1. -1. -1. -1. -1. -1. -1. -1. -1.]
Solver status: optimal_inaccurate
b_new: [1. 1. 1. 1. 1. 1. 1. 1. 1. 1.]
Iter 1: obj=51.2237, best_obj=51.2237, ||b_new-b_prev||₂=0.000000
Converged.
Final b: [1. 1. 1. 1. 1. 1. 1. 1. 1. 1.]
<class 'numpy.ndarray'>
b_float: [1. 1. 1. 1. 1. 1. 1. 1. 1. 1.]
b: [1 1 1 1 1 1 1 1 1 1]
active_clients:  [0, 1, 2, 3, 4, 5, 6, 7, 8, 9]
Client 0's s_k are:[0 1 1 1 1 1 1 1 1 1]
Client 1's s_k are:[0 0 0 0 1 0 1 1 1 0]
Client 2's s_k are:[1 0 0 1 1 1 1 1 0 1]
Client 3's s_k are:[0 0 1 0 1 0 1 0 0 0]
Client 4's s_k are:[0 0 0 0 0 0 1 0 0 0]
Client 5's s_k are:[1 1 1 1 0 0 1 0 0 1]
Client 6's s_k are:[0 0 0 0 0 0 0 1 0 0]
Client 7's s_k are:[1 0 1 0 1 1 0 0 0 1]
Client 8's s_k are:[0 0 0 0 1 0 0 0 0 0]
Client 9's s_k are:[0 0 1 1 0 1 0 0 0 0]
| Global Round : 34 | Client :0 | Local Epoch : 0 | [64/573 (12%)]	Loss1: 5.840058 Loss2: 0.000028 
| Global Round : 34 | Client :0 | Local Epoch : 1 | [64/573 (12%)]	Loss1: 5.840601 Loss2: 0.000024 
| Global Round : 34 | Client :0 | Local Epoch : 2 | [64/573 (12%)]	Loss1: 5.840839 Loss2: 0.000025 
| Global Round : 34 | Client :0 | Local Epoch : 3 | [64/573 (12%)]	Loss1: 5.842129 Loss2: 0.000024 
| Global Round : 34 | Client :0 | Local Epoch : 4 | [64/573 (12%)]	Loss1: 5.840426 Loss2: 0.000026 
| Global Round : 34 | Client :1 | Local Epoch : 0 | [64/448 (14%)]	Loss1: 5.840648 Loss2: 0.000015 
| Global Round : 34 | Client :1 | Local Epoch : 1 | [64/448 (14%)]	Loss1: 5.841456 Loss2: 0.000015 
| Global Round : 34 | Client :1 | Local Epoch : 2 | [64/448 (14%)]	Loss1: 5.840587 Loss2: 0.000016 
| Global Round : 34 | Client :1 | Local Epoch : 3 | [64/448 (14%)]	Loss1: 5.840362 Loss2: 0.000016 
| Global Round : 34 | Client :1 | Local Epoch : 4 | [64/448 (14%)]	Loss1: 5.841535 Loss2: 0.000013 
| Global Round : 34 | Client :2 | Local Epoch : 0 | [64/448 (14%)]	Loss1: 5.840489 Loss2: 0.000017 
| Global Round : 34 | Client :2 | Local Epoch : 1 | [64/448 (14%)]	Loss1: 5.840847 Loss2: 0.000016 
| Global Round : 34 | Client :2 | Local Epoch : 2 | [64/448 (14%)]	Loss1: 5.841180 Loss2: 0.000011 
| Global Round : 34 | Client :2 | Local Epoch : 3 | [64/448 (14%)]	Loss1: 5.840096 Loss2: 0.000012 
| Global Round : 34 | Client :2 | Local Epoch : 4 | [64/448 (14%)]	Loss1: 5.840159 Loss2: 0.000014 
| Global Round : 34 | Client :3 | Local Epoch : 0 | [64/620 (11%)]	Loss1: 5.841924 Loss2: 0.000014 
| Global Round : 34 | Client :3 | Local Epoch : 1 | [64/620 (11%)]	Loss1: 5.841694 Loss2: 0.000016 
| Global Round : 34 | Client :3 | Local Epoch : 2 | [64/620 (11%)]	Loss1: 5.840578 Loss2: 0.000014 
| Global Round : 34 | Client :3 | Local Epoch : 3 | [64/620 (11%)]	Loss1: 5.842004 Loss2: 0.000018 
| Global Round : 34 | Client :3 | Local Epoch : 4 | [64/620 (11%)]	Loss1: 5.840188 Loss2: 0.000017 
| Global Round : 34 | Client :4 | Local Epoch : 0 | [64/625 (11%)]	Loss1: 5.840092 Loss2: 0.000016 
| Global Round : 34 | Client :4 | Local Epoch : 1 | [64/625 (11%)]	Loss1: 5.840528 Loss2: 0.000018 
| Global Round : 34 | Client :4 | Local Epoch : 2 | [64/625 (11%)]	Loss1: 5.840882 Loss2: 0.000019 
| Global Round : 34 | Client :4 | Local Epoch : 3 | [64/625 (11%)]	Loss1: 5.840614 Loss2: 0.000017 
| Global Round : 34 | Client :4 | Local Epoch : 4 | [64/625 (11%)]	Loss1: 5.840276 Loss2: 0.000018 
| Global Round : 34 | Client :5 | Local Epoch : 0 | [64/604 (11%)]	Loss1: 5.840190 Loss2: 0.000018 
| Global Round : 34 | Client :5 | Local Epoch : 1 | [64/604 (11%)]	Loss1: 5.840830 Loss2: 0.000018 
| Global Round : 34 | Client :5 | Local Epoch : 2 | [64/604 (11%)]	Loss1: 5.840875 Loss2: 0.000017 
| Global Round : 34 | Client :5 | Local Epoch : 3 | [64/604 (11%)]	Loss1: 5.839661 Loss2: 0.000020 
| Global Round : 34 | Client :5 | Local Epoch : 4 | [64/604 (11%)]	Loss1: 5.840356 Loss2: 0.000017 
| Global Round : 34 | Client :6 | Local Epoch : 0 | [64/534 (12%)]	Loss1: 5.840845 Loss2: 0.000026 
| Global Round : 34 | Client :6 | Local Epoch : 1 | [64/534 (12%)]	Loss1: 5.840991 Loss2: 0.000026 
| Global Round : 34 | Client :6 | Local Epoch : 2 | [64/534 (12%)]	Loss1: 5.841980 Loss2: 0.000019 
| Global Round : 34 | Client :6 | Local Epoch : 3 | [64/534 (12%)]	Loss1: 5.840433 Loss2: 0.000021 
| Global Round : 34 | Client :6 | Local Epoch : 4 | [64/534 (12%)]	Loss1: 5.840843 Loss2: 0.000026 
| Global Round : 34 | Client :7 | Local Epoch : 0 | [64/824 (8%)]	Loss1: 5.840157 Loss2: 0.000029 
| Global Round : 34 | Client :7 | Local Epoch : 0 | [704/824 (92%)]	Loss1: 5.839574 Loss2: 0.000031 
| Global Round : 34 | Client :7 | Local Epoch : 1 | [64/824 (8%)]	Loss1: 5.841260 Loss2: 0.000028 
| Global Round : 34 | Client :7 | Local Epoch : 1 | [704/824 (92%)]	Loss1: 5.841280 Loss2: 0.000036 
| Global Round : 34 | Client :7 | Local Epoch : 2 | [64/824 (8%)]	Loss1: 5.840297 Loss2: 0.000030 
| Global Round : 34 | Client :7 | Local Epoch : 2 | [704/824 (92%)]	Loss1: 5.840488 Loss2: 0.000033 
| Global Round : 34 | Client :7 | Local Epoch : 3 | [64/824 (8%)]	Loss1: 5.841323 Loss2: 0.000031 
| Global Round : 34 | Client :7 | Local Epoch : 3 | [704/824 (92%)]	Loss1: 5.841662 Loss2: 0.000034 
| Global Round : 34 | Client :7 | Local Epoch : 4 | [64/824 (8%)]	Loss1: 5.840447 Loss2: 0.000032 
| Global Round : 34 | Client :7 | Local Epoch : 4 | [704/824 (92%)]	Loss1: 5.840385 Loss2: 0.000029 
| Global Round : 34 | Client :8 | Local Epoch : 0 | [64/714 (9%)]	Loss1: 5.841123 Loss2: 0.000039 
| Global Round : 34 | Client :8 | Local Epoch : 0 | [704/714 (100%)]	Loss1: 5.842045 Loss2: 0.000046 
| Global Round : 34 | Client :8 | Local Epoch : 1 | [64/714 (9%)]	Loss1: 5.841812 Loss2: 0.000041 
| Global Round : 34 | Client :8 | Local Epoch : 1 | [704/714 (100%)]	Loss1: 5.841615 Loss2: 0.000054 
| Global Round : 34 | Client :8 | Local Epoch : 2 | [64/714 (9%)]	Loss1: 5.841550 Loss2: 0.000041 
| Global Round : 34 | Client :8 | Local Epoch : 2 | [704/714 (100%)]	Loss1: 5.840679 Loss2: 0.000050 
| Global Round : 34 | Client :8 | Local Epoch : 3 | [64/714 (9%)]	Loss1: 5.841929 Loss2: 0.000037 
| Global Round : 34 | Client :8 | Local Epoch : 3 | [704/714 (100%)]	Loss1: 5.841949 Loss2: 0.000049 
| Global Round : 34 | Client :8 | Local Epoch : 4 | [64/714 (9%)]	Loss1: 5.841938 Loss2: 0.000038 
| Global Round : 34 | Client :8 | Local Epoch : 4 | [704/714 (100%)]	Loss1: 5.841140 Loss2: 0.000052 
| Global Round : 34 | Client :9 | Local Epoch : 0 | [64/607 (11%)]	Loss1: 5.841638 Loss2: 0.000017 
| Global Round : 34 | Client :9 | Local Epoch : 1 | [64/607 (11%)]	Loss1: 5.841096 Loss2: 0.000016 
| Global Round : 34 | Client :9 | Local Epoch : 2 | [64/607 (11%)]	Loss1: 5.841115 Loss2: 0.000017 
| Global Round : 34 | Client :9 | Local Epoch : 3 | [64/607 (11%)]	Loss1: 5.841753 Loss2: 0.000016 
| Global Round : 34 | Client :9 | Local Epoch : 4 | [64/607 (11%)]	Loss1: 5.840965 Loss2: 0.000017 
average loss:   5.838778564991889
average local test accuracy: 0.8326822916666667
average global test accuracy:  0.630078125

 | Global Training Round : 35 |

xi_k [0.47589705 0.53267569 0.53259454 0.49487556 0.49083305 0.50781637
 0.51067085 0.49639897 0.52520286 0.5054617 ]
max_exp: -1.0
coe: 10
Regulation [0.8 0.8 0.8 0.8 0.8 0.8 0.8 0.8 0.8 0.8]
Solver status: optimal_inaccurate
b_new: [1. 1. 1. 1. 1. 1. 1. 1. 1. 1.]
Iter 0: obj=50.3243, best_obj=50.3243, ||b_new-b_prev||₂=2.846050
xi_k [0.47589705 0.53267569 0.53259454 0.49487556 0.49083305 0.50781637
 0.51067085 0.49639897 0.52520286 0.5054617 ]
max_exp: -1.0
coe: 10
Regulation [-1. -1. -1. -1. -1. -1. -1. -1. -1. -1.]
Solver status: optimal_inaccurate
b_new: [1. 1. 1. 1. 1. 1. 1. 1. 1. 1.]
Iter 1: obj=51.2243, best_obj=51.2243, ||b_new-b_prev||₂=0.000000
Converged.
Final b: [1. 1. 1. 1. 1. 1. 1. 1. 1. 1.]
<class 'numpy.ndarray'>
b_float: [1. 1. 1. 1. 1. 1. 1. 1. 1. 1.]
b: [1 1 1 1 1 1 1 1 1 1]
active_clients:  [0, 1, 2, 3, 4, 5, 6, 7, 8, 9]
Client 0's s_k are:[0 1 1 1 0 1 1 0 0 0]
Client 1's s_k are:[1 0 0 1 0 0 0 0 0 0]
Client 2's s_k are:[1 0 0 0 1 1 0 0 0 0]
Client 3's s_k are:[1 1 1 0 1 1 1 1 1 0]
Client 4's s_k are:[0 0 0 0 0 1 1 1 0 0]
Client 5's s_k are:[0 1 0 1 0 0 0 0 1 1]
Client 6's s_k are:[0 1 0 1 0 0 0 1 1 1]
Client 7's s_k are:[1 1 1 1 1 1 1 0 1 1]
Client 8's s_k are:[1 1 0 1 1 0 0 1 0 0]
Client 9's s_k are:[1 0 0 0 0 0 1 0 0 0]
| Global Round : 35 | Client :0 | Local Epoch : 0 | [64/573 (12%)]	Loss1: 5.839763 Loss2: 0.000025 
| Global Round : 35 | Client :0 | Local Epoch : 1 | [64/573 (12%)]	Loss1: 5.840218 Loss2: 0.000022 
| Global Round : 35 | Client :0 | Local Epoch : 2 | [64/573 (12%)]	Loss1: 5.840331 Loss2: 0.000025 
| Global Round : 35 | Client :0 | Local Epoch : 3 | [64/573 (12%)]	Loss1: 5.840247 Loss2: 0.000026 
| Global Round : 35 | Client :0 | Local Epoch : 4 | [64/573 (12%)]	Loss1: 5.840203 Loss2: 0.000021 
| Global Round : 35 | Client :1 | Local Epoch : 0 | [64/448 (14%)]	Loss1: 5.840755 Loss2: 0.000017 
| Global Round : 35 | Client :1 | Local Epoch : 1 | [64/448 (14%)]	Loss1: 5.841472 Loss2: 0.000017 
| Global Round : 35 | Client :1 | Local Epoch : 2 | [64/448 (14%)]	Loss1: 5.842122 Loss2: 0.000018 
| Global Round : 35 | Client :1 | Local Epoch : 3 | [64/448 (14%)]	Loss1: 5.841062 Loss2: 0.000023 
| Global Round : 35 | Client :1 | Local Epoch : 4 | [64/448 (14%)]	Loss1: 5.840636 Loss2: 0.000022 
| Global Round : 35 | Client :2 | Local Epoch : 0 | [64/448 (14%)]	Loss1: 5.840666 Loss2: 0.000016 
| Global Round : 35 | Client :2 | Local Epoch : 1 | [64/448 (14%)]	Loss1: 5.840747 Loss2: 0.000018 
| Global Round : 35 | Client :2 | Local Epoch : 2 | [64/448 (14%)]	Loss1: 5.841522 Loss2: 0.000019 
| Global Round : 35 | Client :2 | Local Epoch : 3 | [64/448 (14%)]	Loss1: 5.841112 Loss2: 0.000017 
| Global Round : 35 | Client :2 | Local Epoch : 4 | [64/448 (14%)]	Loss1: 5.840353 Loss2: 0.000016 
| Global Round : 35 | Client :3 | Local Epoch : 0 | [64/620 (11%)]	Loss1: 5.842201 Loss2: 0.000012 
| Global Round : 35 | Client :3 | Local Epoch : 1 | [64/620 (11%)]	Loss1: 5.842620 Loss2: 0.000017 
| Global Round : 35 | Client :3 | Local Epoch : 2 | [64/620 (11%)]	Loss1: 5.840700 Loss2: 0.000015 
| Global Round : 35 | Client :3 | Local Epoch : 3 | [64/620 (11%)]	Loss1: 5.840680 Loss2: 0.000016 
| Global Round : 35 | Client :3 | Local Epoch : 4 | [64/620 (11%)]	Loss1: 5.841288 Loss2: 0.000016 
| Global Round : 35 | Client :4 | Local Epoch : 0 | [64/625 (11%)]	Loss1: 5.840810 Loss2: 0.000020 
| Global Round : 35 | Client :4 | Local Epoch : 1 | [64/625 (11%)]	Loss1: 5.840278 Loss2: 0.000019 
| Global Round : 35 | Client :4 | Local Epoch : 2 | [64/625 (11%)]	Loss1: 5.840843 Loss2: 0.000023 
| Global Round : 35 | Client :4 | Local Epoch : 3 | [64/625 (11%)]	Loss1: 5.840614 Loss2: 0.000019 
| Global Round : 35 | Client :4 | Local Epoch : 4 | [64/625 (11%)]	Loss1: 5.841262 Loss2: 0.000019 
| Global Round : 35 | Client :5 | Local Epoch : 0 | [64/604 (11%)]	Loss1: 5.840153 Loss2: 0.000022 
| Global Round : 35 | Client :5 | Local Epoch : 1 | [64/604 (11%)]	Loss1: 5.840039 Loss2: 0.000020 
| Global Round : 35 | Client :5 | Local Epoch : 2 | [64/604 (11%)]	Loss1: 5.840246 Loss2: 0.000016 
| Global Round : 35 | Client :5 | Local Epoch : 3 | [64/604 (11%)]	Loss1: 5.839039 Loss2: 0.000016 
| Global Round : 35 | Client :5 | Local Epoch : 4 | [64/604 (11%)]	Loss1: 5.839751 Loss2: 0.000018 
| Global Round : 35 | Client :6 | Local Epoch : 0 | [64/534 (12%)]	Loss1: 5.839986 Loss2: 0.000015 
| Global Round : 35 | Client :6 | Local Epoch : 1 | [64/534 (12%)]	Loss1: 5.840661 Loss2: 0.000015 
| Global Round : 35 | Client :6 | Local Epoch : 2 | [64/534 (12%)]	Loss1: 5.840711 Loss2: 0.000014 
| Global Round : 35 | Client :6 | Local Epoch : 3 | [64/534 (12%)]	Loss1: 5.840509 Loss2: 0.000016 
| Global Round : 35 | Client :6 | Local Epoch : 4 | [64/534 (12%)]	Loss1: 5.841379 Loss2: 0.000016 
| Global Round : 35 | Client :7 | Local Epoch : 0 | [64/824 (8%)]	Loss1: 5.840302 Loss2: 0.000025 
| Global Round : 35 | Client :7 | Local Epoch : 0 | [704/824 (92%)]	Loss1: 5.839961 Loss2: 0.000028 
| Global Round : 35 | Client :7 | Local Epoch : 1 | [64/824 (8%)]	Loss1: 5.840175 Loss2: 0.000026 
| Global Round : 35 | Client :7 | Local Epoch : 1 | [704/824 (92%)]	Loss1: 5.840821 Loss2: 0.000035 
| Global Round : 35 | Client :7 | Local Epoch : 2 | [64/824 (8%)]	Loss1: 5.840137 Loss2: 0.000029 
| Global Round : 35 | Client :7 | Local Epoch : 2 | [704/824 (92%)]	Loss1: 5.840288 Loss2: 0.000028 
| Global Round : 35 | Client :7 | Local Epoch : 3 | [64/824 (8%)]	Loss1: 5.840537 Loss2: 0.000030 
| Global Round : 35 | Client :7 | Local Epoch : 3 | [704/824 (92%)]	Loss1: 5.840112 Loss2: 0.000028 
| Global Round : 35 | Client :7 | Local Epoch : 4 | [64/824 (8%)]	Loss1: 5.839166 Loss2: 0.000028 
| Global Round : 35 | Client :7 | Local Epoch : 4 | [704/824 (92%)]	Loss1: 5.840257 Loss2: 0.000029 
| Global Round : 35 | Client :8 | Local Epoch : 0 | [64/714 (9%)]	Loss1: 5.841191 Loss2: 0.000028 
| Global Round : 35 | Client :8 | Local Epoch : 0 | [704/714 (100%)]	Loss1: 5.841934 Loss2: 0.000031 
| Global Round : 35 | Client :8 | Local Epoch : 1 | [64/714 (9%)]	Loss1: 5.842031 Loss2: 0.000025 
| Global Round : 35 | Client :8 | Local Epoch : 1 | [704/714 (100%)]	Loss1: 5.840988 Loss2: 0.000029 
| Global Round : 35 | Client :8 | Local Epoch : 2 | [64/714 (9%)]	Loss1: 5.841294 Loss2: 0.000028 
| Global Round : 35 | Client :8 | Local Epoch : 2 | [704/714 (100%)]	Loss1: 5.842443 Loss2: 0.000026 
| Global Round : 35 | Client :8 | Local Epoch : 3 | [64/714 (9%)]	Loss1: 5.842402 Loss2: 0.000025 
| Global Round : 35 | Client :8 | Local Epoch : 3 | [704/714 (100%)]	Loss1: 5.843000 Loss2: 0.000029 
| Global Round : 35 | Client :8 | Local Epoch : 4 | [64/714 (9%)]	Loss1: 5.842291 Loss2: 0.000027 
| Global Round : 35 | Client :8 | Local Epoch : 4 | [704/714 (100%)]	Loss1: 5.842621 Loss2: 0.000025 
| Global Round : 35 | Client :9 | Local Epoch : 0 | [64/607 (11%)]	Loss1: 5.842337 Loss2: 0.000019 
| Global Round : 35 | Client :9 | Local Epoch : 1 | [64/607 (11%)]	Loss1: 5.842127 Loss2: 0.000022 
| Global Round : 35 | Client :9 | Local Epoch : 2 | [64/607 (11%)]	Loss1: 5.841617 Loss2: 0.000022 
| Global Round : 35 | Client :9 | Local Epoch : 3 | [64/607 (11%)]	Loss1: 5.842174 Loss2: 0.000022 
| Global Round : 35 | Client :9 | Local Epoch : 4 | [64/607 (11%)]	Loss1: 5.840801 Loss2: 0.000023 
average loss:   5.838642805866348
average local test accuracy: 0.8390625
average global test accuracy:  0.666796875

 | Global Training Round : 36 |

xi_k [0.47588689 0.53265177 0.53257075 0.49483411 0.49084612 0.50781527
 0.51063068 0.49639045 0.52520175 0.50547662]
max_exp: -1.0
coe: 10
Regulation [0.8 0.8 0.8 0.8 0.8 0.8 0.8 0.8 0.8 0.8]
Solver status: optimal_inaccurate
b_new: [1. 1. 1. 1. 1. 1. 1. 1. 1. 1.]
Iter 0: obj=50.3230, best_obj=50.3230, ||b_new-b_prev||₂=2.846050
xi_k [0.47588689 0.53265177 0.53257075 0.49483411 0.49084612 0.50781527
 0.51063068 0.49639045 0.52520175 0.50547662]
max_exp: -1.0
coe: 10
Regulation [-1. -1. -1. -1. -1. -1. -1. -1. -1. -1.]
Solver status: optimal_inaccurate
b_new: [1. 1. 1. 1. 1. 1. 1. 1. 1. 1.]
Iter 1: obj=51.2230, best_obj=51.2230, ||b_new-b_prev||₂=0.000000
Converged.
Final b: [1. 1. 1. 1. 1. 1. 1. 1. 1. 1.]
<class 'numpy.ndarray'>
b_float: [1. 1. 1. 1. 1. 1. 1. 1. 1. 1.]
b: [1 1 1 1 1 1 1 1 1 1]
active_clients:  [0, 1, 2, 3, 4, 5, 6, 7, 8, 9]
Client 0's s_k are:[0 1 1 0 0 1 1 0 1 1]
Client 1's s_k are:[1 0 1 1 1 1 1 0 1 1]
Client 2's s_k are:[0 0 0 0 0 1 0 0 0 0]
Client 3's s_k are:[1 0 1 0 1 1 1 0 1 1]
Client 4's s_k are:[0 0 0 1 0 0 0 0 0 0]
Client 5's s_k are:[1 1 1 1 0 0 1 1 0 1]
Client 6's s_k are:[1 1 1 1 1 1 0 1 1 1]
Client 7's s_k are:[1 1 0 1 1 0 1 0 1 1]
Client 8's s_k are:[1 1 1 1 1 1 1 1 0 0]
Client 9's s_k are:[0 1 1 1 0 0 0 1 1 0]
| Global Round : 36 | Client :0 | Local Epoch : 0 | [64/573 (12%)]	Loss1: 5.840048 Loss2: 0.000026 
| Global Round : 36 | Client :0 | Local Epoch : 1 | [64/573 (12%)]	Loss1: 5.839373 Loss2: 0.000024 
| Global Round : 36 | Client :0 | Local Epoch : 2 | [64/573 (12%)]	Loss1: 5.839817 Loss2: 0.000023 
| Global Round : 36 | Client :0 | Local Epoch : 3 | [64/573 (12%)]	Loss1: 5.840833 Loss2: 0.000023 
| Global Round : 36 | Client :0 | Local Epoch : 4 | [64/573 (12%)]	Loss1: 5.839769 Loss2: 0.000023 
| Global Round : 36 | Client :1 | Local Epoch : 0 | [64/448 (14%)]	Loss1: 5.840511 Loss2: 0.000019 
| Global Round : 36 | Client :1 | Local Epoch : 1 | [64/448 (14%)]	Loss1: 5.841378 Loss2: 0.000015 
| Global Round : 36 | Client :1 | Local Epoch : 2 | [64/448 (14%)]	Loss1: 5.841607 Loss2: 0.000017 
| Global Round : 36 | Client :1 | Local Epoch : 3 | [64/448 (14%)]	Loss1: 5.841620 Loss2: 0.000015 
| Global Round : 36 | Client :1 | Local Epoch : 4 | [64/448 (14%)]	Loss1: 5.841136 Loss2: 0.000016 
| Global Round : 36 | Client :2 | Local Epoch : 0 | [64/448 (14%)]	Loss1: 5.841239 Loss2: 0.000024 
| Global Round : 36 | Client :2 | Local Epoch : 1 | [64/448 (14%)]	Loss1: 5.841016 Loss2: 0.000021 
| Global Round : 36 | Client :2 | Local Epoch : 2 | [64/448 (14%)]	Loss1: 5.840997 Loss2: 0.000023 
| Global Round : 36 | Client :2 | Local Epoch : 3 | [64/448 (14%)]	Loss1: 5.841245 Loss2: 0.000021 
| Global Round : 36 | Client :2 | Local Epoch : 4 | [64/448 (14%)]	Loss1: 5.840919 Loss2: 0.000023 
| Global Round : 36 | Client :3 | Local Epoch : 0 | [64/620 (11%)]	Loss1: 5.840252 Loss2: 0.000021 
| Global Round : 36 | Client :3 | Local Epoch : 1 | [64/620 (11%)]	Loss1: 5.839902 Loss2: 0.000015 
| Global Round : 36 | Client :3 | Local Epoch : 2 | [64/620 (11%)]	Loss1: 5.840969 Loss2: 0.000014 
| Global Round : 36 | Client :3 | Local Epoch : 3 | [64/620 (11%)]	Loss1: 5.840268 Loss2: 0.000018 
| Global Round : 36 | Client :3 | Local Epoch : 4 | [64/620 (11%)]	Loss1: 5.841241 Loss2: 0.000015 
| Global Round : 36 | Client :4 | Local Epoch : 0 | [64/625 (11%)]	Loss1: 5.840206 Loss2: 0.000021 
| Global Round : 36 | Client :4 | Local Epoch : 1 | [64/625 (11%)]	Loss1: 5.839916 Loss2: 0.000022 
| Global Round : 36 | Client :4 | Local Epoch : 2 | [64/625 (11%)]	Loss1: 5.841514 Loss2: 0.000024 
| Global Round : 36 | Client :4 | Local Epoch : 3 | [64/625 (11%)]	Loss1: 5.840730 Loss2: 0.000026 
| Global Round : 36 | Client :4 | Local Epoch : 4 | [64/625 (11%)]	Loss1: 5.840777 Loss2: 0.000021 
| Global Round : 36 | Client :5 | Local Epoch : 0 | [64/604 (11%)]	Loss1: 5.839355 Loss2: 0.000020 
| Global Round : 36 | Client :5 | Local Epoch : 1 | [64/604 (11%)]	Loss1: 5.839845 Loss2: 0.000021 
| Global Round : 36 | Client :5 | Local Epoch : 2 | [64/604 (11%)]	Loss1: 5.840156 Loss2: 0.000022 
| Global Round : 36 | Client :5 | Local Epoch : 3 | [64/604 (11%)]	Loss1: 5.839850 Loss2: 0.000021 
| Global Round : 36 | Client :5 | Local Epoch : 4 | [64/604 (11%)]	Loss1: 5.840008 Loss2: 0.000017 
| Global Round : 36 | Client :6 | Local Epoch : 0 | [64/534 (12%)]	Loss1: 5.840047 Loss2: 0.000014 
| Global Round : 36 | Client :6 | Local Epoch : 1 | [64/534 (12%)]	Loss1: 5.841259 Loss2: 0.000016 
| Global Round : 36 | Client :6 | Local Epoch : 2 | [64/534 (12%)]	Loss1: 5.841279 Loss2: 0.000013 
| Global Round : 36 | Client :6 | Local Epoch : 3 | [64/534 (12%)]	Loss1: 5.840357 Loss2: 0.000020 
| Global Round : 36 | Client :6 | Local Epoch : 4 | [64/534 (12%)]	Loss1: 5.840583 Loss2: 0.000015 
| Global Round : 36 | Client :7 | Local Epoch : 0 | [64/824 (8%)]	Loss1: 5.839607 Loss2: 0.000019 
| Global Round : 36 | Client :7 | Local Epoch : 0 | [704/824 (92%)]	Loss1: 5.840448 Loss2: 0.000021 
| Global Round : 36 | Client :7 | Local Epoch : 1 | [64/824 (8%)]	Loss1: 5.841197 Loss2: 0.000027 
| Global Round : 36 | Client :7 | Local Epoch : 1 | [704/824 (92%)]	Loss1: 5.839696 Loss2: 0.000025 
| Global Round : 36 | Client :7 | Local Epoch : 2 | [64/824 (8%)]	Loss1: 5.840359 Loss2: 0.000022 
| Global Round : 36 | Client :7 | Local Epoch : 2 | [704/824 (92%)]	Loss1: 5.839187 Loss2: 0.000022 
| Global Round : 36 | Client :7 | Local Epoch : 3 | [64/824 (8%)]	Loss1: 5.839452 Loss2: 0.000022 
| Global Round : 36 | Client :7 | Local Epoch : 3 | [704/824 (92%)]	Loss1: 5.839800 Loss2: 0.000022 
| Global Round : 36 | Client :7 | Local Epoch : 4 | [64/824 (8%)]	Loss1: 5.840480 Loss2: 0.000022 
| Global Round : 36 | Client :7 | Local Epoch : 4 | [704/824 (92%)]	Loss1: 5.840527 Loss2: 0.000025 
| Global Round : 36 | Client :8 | Local Epoch : 0 | [64/714 (9%)]	Loss1: 5.841388 Loss2: 0.000022 
| Global Round : 36 | Client :8 | Local Epoch : 0 | [704/714 (100%)]	Loss1: 5.841172 Loss2: 0.000025 
| Global Round : 36 | Client :8 | Local Epoch : 1 | [64/714 (9%)]	Loss1: 5.840725 Loss2: 0.000021 
| Global Round : 36 | Client :8 | Local Epoch : 1 | [704/714 (100%)]	Loss1: 5.841226 Loss2: 0.000025 
| Global Round : 36 | Client :8 | Local Epoch : 2 | [64/714 (9%)]	Loss1: 5.841643 Loss2: 0.000022 
| Global Round : 36 | Client :8 | Local Epoch : 2 | [704/714 (100%)]	Loss1: 5.841287 Loss2: 0.000025 
| Global Round : 36 | Client :8 | Local Epoch : 3 | [64/714 (9%)]	Loss1: 5.841774 Loss2: 0.000028 
| Global Round : 36 | Client :8 | Local Epoch : 3 | [704/714 (100%)]	Loss1: 5.841097 Loss2: 0.000021 
| Global Round : 36 | Client :8 | Local Epoch : 4 | [64/714 (9%)]	Loss1: 5.841115 Loss2: 0.000025 
| Global Round : 36 | Client :8 | Local Epoch : 4 | [704/714 (100%)]	Loss1: 5.841233 Loss2: 0.000029 
| Global Round : 36 | Client :9 | Local Epoch : 0 | [64/607 (11%)]	Loss1: 5.842136 Loss2: 0.000021 
| Global Round : 36 | Client :9 | Local Epoch : 1 | [64/607 (11%)]	Loss1: 5.841991 Loss2: 0.000020 
| Global Round : 36 | Client :9 | Local Epoch : 2 | [64/607 (11%)]	Loss1: 5.841970 Loss2: 0.000021 
| Global Round : 36 | Client :9 | Local Epoch : 3 | [64/607 (11%)]	Loss1: 5.841417 Loss2: 0.000016 
| Global Round : 36 | Client :9 | Local Epoch : 4 | [64/607 (11%)]	Loss1: 5.840927 Loss2: 0.000018 
average loss:   5.838689907718702
average local test accuracy: 0.8361979166666668
average global test accuracy:  0.60859375

 | Global Training Round : 37 |

xi_k [0.47588579 0.53268231 0.53257189 0.49484387 0.49083369 0.50783076
 0.51066137 0.49639095 0.52518691 0.50542138]
max_exp: -1.0
coe: 10
Regulation [0.8 0.8 0.8 0.8 0.8 0.8 0.8 0.8 0.8 0.8]
Solver status: optimal_inaccurate
b_new: [1. 1. 1. 1. 1. 1. 1. 1. 1. 1.]
Iter 0: obj=50.3231, best_obj=50.3231, ||b_new-b_prev||₂=2.846050
xi_k [0.47588579 0.53268231 0.53257189 0.49484387 0.49083369 0.50783076
 0.51066137 0.49639095 0.52518691 0.50542138]
max_exp: -1.0
coe: 10
Regulation [-1. -1. -1. -1. -1. -1. -1. -1. -1. -1.]
Solver status: optimal_inaccurate
b_new: [1. 1. 1. 1. 1. 1. 1. 1. 1. 1.]
Iter 1: obj=51.2231, best_obj=51.2231, ||b_new-b_prev||₂=0.000000
Converged.
Final b: [1. 1. 1. 1. 1. 1. 1. 1. 1. 1.]
<class 'numpy.ndarray'>
b_float: [1. 1. 1. 1. 1. 1. 1. 1. 1. 1.]
b: [1 1 1 1 1 1 1 1 1 1]
active_clients:  [0, 1, 2, 3, 4, 5, 6, 7, 8, 9]
Client 0's s_k are:[0 1 1 0 1 1 1 1 0 1]
Client 1's s_k are:[0 0 0 1 0 0 0 0 0 0]
Client 2's s_k are:[0 0 0 0 0 0 0 0 0 1]
Client 3's s_k are:[0 1 0 0 0 0 0 0 0 0]
Client 4's s_k are:[1 1 1 0 0 0 0 1 1 1]
Client 5's s_k are:[1 1 1 1 0 0 0 1 1 1]
Client 6's s_k are:[1 0 0 0 1 0 0 0 0 0]
Client 7's s_k are:[1 1 1 1 1 1 1 0 1 0]
Client 8's s_k are:[1 0 0 1 0 0 0 0 0 0]
Client 9's s_k are:[0 1 0 0 0 0 1 0 1 0]
| Global Round : 37 | Client :0 | Local Epoch : 0 | [64/573 (12%)]	Loss1: 5.840797 Loss2: 0.000024 
| Global Round : 37 | Client :0 | Local Epoch : 1 | [64/573 (12%)]	Loss1: 5.841285 Loss2: 0.000026 
| Global Round : 37 | Client :0 | Local Epoch : 2 | [64/573 (12%)]	Loss1: 5.840606 Loss2: 0.000027 
| Global Round : 37 | Client :0 | Local Epoch : 3 | [64/573 (12%)]	Loss1: 5.840528 Loss2: 0.000028 
| Global Round : 37 | Client :0 | Local Epoch : 4 | [64/573 (12%)]	Loss1: 5.840201 Loss2: 0.000023 
| Global Round : 37 | Client :1 | Local Epoch : 0 | [64/448 (14%)]	Loss1: 5.841168 Loss2: 0.000022 
| Global Round : 37 | Client :1 | Local Epoch : 1 | [64/448 (14%)]	Loss1: 5.840582 Loss2: 0.000019 
| Global Round : 37 | Client :1 | Local Epoch : 2 | [64/448 (14%)]	Loss1: 5.840379 Loss2: 0.000022 
| Global Round : 37 | Client :1 | Local Epoch : 3 | [64/448 (14%)]	Loss1: 5.842048 Loss2: 0.000025 
| Global Round : 37 | Client :1 | Local Epoch : 4 | [64/448 (14%)]	Loss1: 5.841495 Loss2: 0.000017 
| Global Round : 37 | Client :2 | Local Epoch : 0 | [64/448 (14%)]	Loss1: 5.840336 Loss2: 0.000018 
| Global Round : 37 | Client :2 | Local Epoch : 1 | [64/448 (14%)]	Loss1: 5.840382 Loss2: 0.000019 
| Global Round : 37 | Client :2 | Local Epoch : 2 | [64/448 (14%)]	Loss1: 5.840408 Loss2: 0.000015 
| Global Round : 37 | Client :2 | Local Epoch : 3 | [64/448 (14%)]	Loss1: 5.841809 Loss2: 0.000016 
| Global Round : 37 | Client :2 | Local Epoch : 4 | [64/448 (14%)]	Loss1: 5.840732 Loss2: 0.000018 
| Global Round : 37 | Client :3 | Local Epoch : 0 | [64/620 (11%)]	Loss1: 5.841321 Loss2: 0.000019 
| Global Round : 37 | Client :3 | Local Epoch : 1 | [64/620 (11%)]	Loss1: 5.841342 Loss2: 0.000020 
| Global Round : 37 | Client :3 | Local Epoch : 2 | [64/620 (11%)]	Loss1: 5.840069 Loss2: 0.000025 
| Global Round : 37 | Client :3 | Local Epoch : 3 | [64/620 (11%)]	Loss1: 5.841187 Loss2: 0.000021 
| Global Round : 37 | Client :3 | Local Epoch : 4 | [64/620 (11%)]	Loss1: 5.840642 Loss2: 0.000017 
| Global Round : 37 | Client :4 | Local Epoch : 0 | [64/625 (11%)]	Loss1: 5.841322 Loss2: 0.000026 
| Global Round : 37 | Client :4 | Local Epoch : 1 | [64/625 (11%)]	Loss1: 5.839828 Loss2: 0.000022 
| Global Round : 37 | Client :4 | Local Epoch : 2 | [64/625 (11%)]	Loss1: 5.840006 Loss2: 0.000027 
| Global Round : 37 | Client :4 | Local Epoch : 3 | [64/625 (11%)]	Loss1: 5.841184 Loss2: 0.000023 
| Global Round : 37 | Client :4 | Local Epoch : 4 | [64/625 (11%)]	Loss1: 5.839857 Loss2: 0.000026 
| Global Round : 37 | Client :5 | Local Epoch : 0 | [64/604 (11%)]	Loss1: 5.840519 Loss2: 0.000021 
| Global Round : 37 | Client :5 | Local Epoch : 1 | [64/604 (11%)]	Loss1: 5.839400 Loss2: 0.000017 
| Global Round : 37 | Client :5 | Local Epoch : 2 | [64/604 (11%)]	Loss1: 5.839564 Loss2: 0.000018 
| Global Round : 37 | Client :5 | Local Epoch : 3 | [64/604 (11%)]	Loss1: 5.840451 Loss2: 0.000020 
| Global Round : 37 | Client :5 | Local Epoch : 4 | [64/604 (11%)]	Loss1: 5.839944 Loss2: 0.000021 
| Global Round : 37 | Client :6 | Local Epoch : 0 | [64/534 (12%)]	Loss1: 5.841630 Loss2: 0.000015 
| Global Round : 37 | Client :6 | Local Epoch : 1 | [64/534 (12%)]	Loss1: 5.841506 Loss2: 0.000016 
| Global Round : 37 | Client :6 | Local Epoch : 2 | [64/534 (12%)]	Loss1: 5.841627 Loss2: 0.000017 
| Global Round : 37 | Client :6 | Local Epoch : 3 | [64/534 (12%)]	Loss1: 5.840719 Loss2: 0.000016 
| Global Round : 37 | Client :6 | Local Epoch : 4 | [64/534 (12%)]	Loss1: 5.840698 Loss2: 0.000018 
| Global Round : 37 | Client :7 | Local Epoch : 0 | [64/824 (8%)]	Loss1: 5.839568 Loss2: 0.000025 
| Global Round : 37 | Client :7 | Local Epoch : 0 | [704/824 (92%)]	Loss1: 5.840466 Loss2: 0.000032 
| Global Round : 37 | Client :7 | Local Epoch : 1 | [64/824 (8%)]	Loss1: 5.840720 Loss2: 0.000028 
| Global Round : 37 | Client :7 | Local Epoch : 1 | [704/824 (92%)]	Loss1: 5.840118 Loss2: 0.000028 
| Global Round : 37 | Client :7 | Local Epoch : 2 | [64/824 (8%)]	Loss1: 5.840901 Loss2: 0.000025 
| Global Round : 37 | Client :7 | Local Epoch : 2 | [704/824 (92%)]	Loss1: 5.840436 Loss2: 0.000021 
| Global Round : 37 | Client :7 | Local Epoch : 3 | [64/824 (8%)]	Loss1: 5.839433 Loss2: 0.000027 
| Global Round : 37 | Client :7 | Local Epoch : 3 | [704/824 (92%)]	Loss1: 5.840013 Loss2: 0.000030 
| Global Round : 37 | Client :7 | Local Epoch : 4 | [64/824 (8%)]	Loss1: 5.839271 Loss2: 0.000028 
| Global Round : 37 | Client :7 | Local Epoch : 4 | [704/824 (92%)]	Loss1: 5.839245 Loss2: 0.000024 
| Global Round : 37 | Client :8 | Local Epoch : 0 | [64/714 (9%)]	Loss1: 5.841900 Loss2: 0.000029 
| Global Round : 37 | Client :8 | Local Epoch : 0 | [704/714 (100%)]	Loss1: 5.840881 Loss2: 0.000035 
| Global Round : 37 | Client :8 | Local Epoch : 1 | [64/714 (9%)]	Loss1: 5.841266 Loss2: 0.000034 
| Global Round : 37 | Client :8 | Local Epoch : 1 | [704/714 (100%)]	Loss1: 5.841203 Loss2: 0.000038 
| Global Round : 37 | Client :8 | Local Epoch : 2 | [64/714 (9%)]	Loss1: 5.841384 Loss2: 0.000030 
| Global Round : 37 | Client :8 | Local Epoch : 2 | [704/714 (100%)]	Loss1: 5.842758 Loss2: 0.000036 
| Global Round : 37 | Client :8 | Local Epoch : 3 | [64/714 (9%)]	Loss1: 5.841640 Loss2: 0.000029 
| Global Round : 37 | Client :8 | Local Epoch : 3 | [704/714 (100%)]	Loss1: 5.841996 Loss2: 0.000032 
| Global Round : 37 | Client :8 | Local Epoch : 4 | [64/714 (9%)]	Loss1: 5.842151 Loss2: 0.000024 
| Global Round : 37 | Client :8 | Local Epoch : 4 | [704/714 (100%)]	Loss1: 5.842073 Loss2: 0.000033 
| Global Round : 37 | Client :9 | Local Epoch : 0 | [64/607 (11%)]	Loss1: 5.841260 Loss2: 0.000020 
| Global Round : 37 | Client :9 | Local Epoch : 1 | [64/607 (11%)]	Loss1: 5.841324 Loss2: 0.000023 
| Global Round : 37 | Client :9 | Local Epoch : 2 | [64/607 (11%)]	Loss1: 5.842824 Loss2: 0.000017 
| Global Round : 37 | Client :9 | Local Epoch : 3 | [64/607 (11%)]	Loss1: 5.841839 Loss2: 0.000021 
| Global Round : 37 | Client :9 | Local Epoch : 4 | [64/607 (11%)]	Loss1: 5.841809 Loss2: 0.000015 
average loss:   5.83859752014946
average local test accuracy: 0.8376302083333333
average global test accuracy:  0.65703125

 | Global Training Round : 38 |

xi_k [0.47587379 0.53259386 0.53258309 0.49482359 0.49083032 0.50782282
 0.51062436 0.49641512 0.52516793 0.50542315]
max_exp: -1.0
coe: 10
Regulation [0.8 0.8 0.8 0.8 0.8 0.8 0.8 0.8 0.8 0.8]
Solver status: optimal_inaccurate
b_new: [1. 1. 1. 1. 1. 1. 1. 1. 1. 1.]
Iter 0: obj=50.3216, best_obj=50.3216, ||b_new-b_prev||₂=2.846050
xi_k [0.47587379 0.53259386 0.53258309 0.49482359 0.49083032 0.50782282
 0.51062436 0.49641512 0.52516793 0.50542315]
max_exp: -1.0
coe: 10
Regulation [-1. -1. -1. -1. -1. -1. -1. -1. -1. -1.]
Solver status: optimal_inaccurate
b_new: [1. 1. 1. 1. 1. 1. 1. 1. 1. 1.]
Iter 1: obj=51.2216, best_obj=51.2216, ||b_new-b_prev||₂=0.000000
Converged.
Final b: [1. 1. 1. 1. 1. 1. 1. 1. 1. 1.]
<class 'numpy.ndarray'>
b_float: [1. 1. 1. 1. 1. 1. 1. 1. 1. 1.]
b: [1 1 1 1 1 1 1 1 1 1]
active_clients:  [0, 1, 2, 3, 4, 5, 6, 7, 8, 9]
Client 0's s_k are:[0 1 1 1 0 0 1 1 1 1]
Client 1's s_k are:[1 0 1 0 0 1 1 0 1 1]
Client 2's s_k are:[0 1 0 1 0 0 0 0 0 0]
Client 3's s_k are:[0 1 1 0 1 1 1 0 1 1]
Client 4's s_k are:[0 1 0 0 0 0 0 0 0 0]
Client 5's s_k are:[1 1 1 0 0 0 0 0 1 0]
Client 6's s_k are:[0 1 1 0 1 1 0 0 1 0]
Client 7's s_k are:[1 1 1 0 1 1 0 0 0 1]
Client 8's s_k are:[0 0 0 0 0 0 0 0 0 1]
Client 9's s_k are:[1 1 1 1 1 1 1 1 1 0]
| Global Round : 38 | Client :0 | Local Epoch : 0 | [64/573 (12%)]	Loss1: 5.840204 Loss2: 0.000026 
| Global Round : 38 | Client :0 | Local Epoch : 1 | [64/573 (12%)]	Loss1: 5.840435 Loss2: 0.000024 
| Global Round : 38 | Client :0 | Local Epoch : 2 | [64/573 (12%)]	Loss1: 5.841342 Loss2: 0.000024 
| Global Round : 38 | Client :0 | Local Epoch : 3 | [64/573 (12%)]	Loss1: 5.840317 Loss2: 0.000021 
| Global Round : 38 | Client :0 | Local Epoch : 4 | [64/573 (12%)]	Loss1: 5.839237 Loss2: 0.000025 
| Global Round : 38 | Client :1 | Local Epoch : 0 | [64/448 (14%)]	Loss1: 5.840757 Loss2: 0.000024 
| Global Round : 38 | Client :1 | Local Epoch : 1 | [64/448 (14%)]	Loss1: 5.841077 Loss2: 0.000016 
| Global Round : 38 | Client :1 | Local Epoch : 2 | [64/448 (14%)]	Loss1: 5.840587 Loss2: 0.000017 
| Global Round : 38 | Client :1 | Local Epoch : 3 | [64/448 (14%)]	Loss1: 5.840595 Loss2: 0.000021 
| Global Round : 38 | Client :1 | Local Epoch : 4 | [64/448 (14%)]	Loss1: 5.840737 Loss2: 0.000018 
| Global Round : 38 | Client :2 | Local Epoch : 0 | [64/448 (14%)]	Loss1: 5.840662 Loss2: 0.000013 
| Global Round : 38 | Client :2 | Local Epoch : 1 | [64/448 (14%)]	Loss1: 5.842398 Loss2: 0.000013 
| Global Round : 38 | Client :2 | Local Epoch : 2 | [64/448 (14%)]	Loss1: 5.840915 Loss2: 0.000016 
| Global Round : 38 | Client :2 | Local Epoch : 3 | [64/448 (14%)]	Loss1: 5.840268 Loss2: 0.000014 
| Global Round : 38 | Client :2 | Local Epoch : 4 | [64/448 (14%)]	Loss1: 5.840311 Loss2: 0.000016 
| Global Round : 38 | Client :3 | Local Epoch : 0 | [64/620 (11%)]	Loss1: 5.841640 Loss2: 0.000016 
| Global Round : 38 | Client :3 | Local Epoch : 1 | [64/620 (11%)]	Loss1: 5.841926 Loss2: 0.000016 
| Global Round : 38 | Client :3 | Local Epoch : 2 | [64/620 (11%)]	Loss1: 5.840838 Loss2: 0.000014 
| Global Round : 38 | Client :3 | Local Epoch : 3 | [64/620 (11%)]	Loss1: 5.841244 Loss2: 0.000017 
| Global Round : 38 | Client :3 | Local Epoch : 4 | [64/620 (11%)]	Loss1: 5.840339 Loss2: 0.000016 
| Global Round : 38 | Client :4 | Local Epoch : 0 | [64/625 (11%)]	Loss1: 5.840864 Loss2: 0.000025 
| Global Round : 38 | Client :4 | Local Epoch : 1 | [64/625 (11%)]	Loss1: 5.842350 Loss2: 0.000023 
| Global Round : 38 | Client :4 | Local Epoch : 2 | [64/625 (11%)]	Loss1: 5.840480 Loss2: 0.000028 
| Global Round : 38 | Client :4 | Local Epoch : 3 | [64/625 (11%)]	Loss1: 5.839386 Loss2: 0.000025 
| Global Round : 38 | Client :4 | Local Epoch : 4 | [64/625 (11%)]	Loss1: 5.841058 Loss2: 0.000022 
| Global Round : 38 | Client :5 | Local Epoch : 0 | [64/604 (11%)]	Loss1: 5.839876 Loss2: 0.000018 
| Global Round : 38 | Client :5 | Local Epoch : 1 | [64/604 (11%)]	Loss1: 5.839290 Loss2: 0.000021 
| Global Round : 38 | Client :5 | Local Epoch : 2 | [64/604 (11%)]	Loss1: 5.839768 Loss2: 0.000021 
| Global Round : 38 | Client :5 | Local Epoch : 3 | [64/604 (11%)]	Loss1: 5.839697 Loss2: 0.000020 
| Global Round : 38 | Client :5 | Local Epoch : 4 | [64/604 (11%)]	Loss1: 5.839250 Loss2: 0.000017 
| Global Round : 38 | Client :6 | Local Epoch : 0 | [64/534 (12%)]	Loss1: 5.840850 Loss2: 0.000018 
| Global Round : 38 | Client :6 | Local Epoch : 1 | [64/534 (12%)]	Loss1: 5.841170 Loss2: 0.000015 
| Global Round : 38 | Client :6 | Local Epoch : 2 | [64/534 (12%)]	Loss1: 5.841737 Loss2: 0.000015 
| Global Round : 38 | Client :6 | Local Epoch : 3 | [64/534 (12%)]	Loss1: 5.840567 Loss2: 0.000015 
| Global Round : 38 | Client :6 | Local Epoch : 4 | [64/534 (12%)]	Loss1: 5.840585 Loss2: 0.000018 
| Global Round : 38 | Client :7 | Local Epoch : 0 | [64/824 (8%)]	Loss1: 5.839996 Loss2: 0.000029 
| Global Round : 38 | Client :7 | Local Epoch : 0 | [704/824 (92%)]	Loss1: 5.839746 Loss2: 0.000035 
| Global Round : 38 | Client :7 | Local Epoch : 1 | [64/824 (8%)]	Loss1: 5.840376 Loss2: 0.000028 
| Global Round : 38 | Client :7 | Local Epoch : 1 | [704/824 (92%)]	Loss1: 5.841222 Loss2: 0.000029 
| Global Round : 38 | Client :7 | Local Epoch : 2 | [64/824 (8%)]	Loss1: 5.840150 Loss2: 0.000032 
| Global Round : 38 | Client :7 | Local Epoch : 2 | [704/824 (92%)]	Loss1: 5.840024 Loss2: 0.000028 
| Global Round : 38 | Client :7 | Local Epoch : 3 | [64/824 (8%)]	Loss1: 5.839770 Loss2: 0.000028 
| Global Round : 38 | Client :7 | Local Epoch : 3 | [704/824 (92%)]	Loss1: 5.840312 Loss2: 0.000036 
| Global Round : 38 | Client :7 | Local Epoch : 4 | [64/824 (8%)]	Loss1: 5.839822 Loss2: 0.000033 
| Global Round : 38 | Client :7 | Local Epoch : 4 | [704/824 (92%)]	Loss1: 5.840482 Loss2: 0.000025 
| Global Round : 38 | Client :8 | Local Epoch : 0 | [64/714 (9%)]	Loss1: 5.841244 Loss2: 0.000026 
| Global Round : 38 | Client :8 | Local Epoch : 0 | [704/714 (100%)]	Loss1: 5.841067 Loss2: 0.000028 
| Global Round : 38 | Client :8 | Local Epoch : 1 | [64/714 (9%)]	Loss1: 5.841156 Loss2: 0.000026 
| Global Round : 38 | Client :8 | Local Epoch : 1 | [704/714 (100%)]	Loss1: 5.841223 Loss2: 0.000025 
| Global Round : 38 | Client :8 | Local Epoch : 2 | [64/714 (9%)]	Loss1: 5.842499 Loss2: 0.000024 
| Global Round : 38 | Client :8 | Local Epoch : 2 | [704/714 (100%)]	Loss1: 5.841486 Loss2: 0.000030 
| Global Round : 38 | Client :8 | Local Epoch : 3 | [64/714 (9%)]	Loss1: 5.840911 Loss2: 0.000024 
| Global Round : 38 | Client :8 | Local Epoch : 3 | [704/714 (100%)]	Loss1: 5.842077 Loss2: 0.000026 
| Global Round : 38 | Client :8 | Local Epoch : 4 | [64/714 (9%)]	Loss1: 5.840342 Loss2: 0.000029 
| Global Round : 38 | Client :8 | Local Epoch : 4 | [704/714 (100%)]	Loss1: 5.841788 Loss2: 0.000024 
| Global Round : 38 | Client :9 | Local Epoch : 0 | [64/607 (11%)]	Loss1: 5.841287 Loss2: 0.000015 
| Global Round : 38 | Client :9 | Local Epoch : 1 | [64/607 (11%)]	Loss1: 5.840820 Loss2: 0.000020 
| Global Round : 38 | Client :9 | Local Epoch : 2 | [64/607 (11%)]	Loss1: 5.841186 Loss2: 0.000021 
| Global Round : 38 | Client :9 | Local Epoch : 3 | [64/607 (11%)]	Loss1: 5.841726 Loss2: 0.000017 
| Global Round : 38 | Client :9 | Local Epoch : 4 | [64/607 (11%)]	Loss1: 5.840675 Loss2: 0.000014 
average loss:   5.838659708298645
average local test accuracy: 0.8348958333333334
average global test accuracy:  0.634375

 | Global Training Round : 39 |

xi_k [0.47587008 0.53263513 0.53260376 0.49483984 0.49083955 0.50782454
 0.51063983 0.49637978 0.52519295 0.50543334]
max_exp: -1.0
coe: 10
Regulation [0.8 0.8 0.8 0.8 0.8 0.8 0.8 0.8 0.8 0.8]
Solver status: optimal_inaccurate
b_new: [1. 1. 1. 1. 1. 1. 1. 1. 1. 1.]
Iter 0: obj=50.3226, best_obj=50.3226, ||b_new-b_prev||₂=2.846050
xi_k [0.47587008 0.53263513 0.53260376 0.49483984 0.49083955 0.50782454
 0.51063983 0.49637978 0.52519295 0.50543334]
max_exp: -1.0
coe: 10
Regulation [-1. -1. -1. -1. -1. -1. -1. -1. -1. -1.]
Solver status: optimal_inaccurate
b_new: [1. 1. 1. 1. 1. 1. 1. 1. 1. 1.]
Iter 1: obj=51.2226, best_obj=51.2226, ||b_new-b_prev||₂=0.000000
Converged.
Final b: [1. 1. 1. 1. 1. 1. 1. 1. 1. 1.]
<class 'numpy.ndarray'>
b_float: [1. 1. 1. 1. 1. 1. 1. 1. 1. 1.]
b: [1 1 1 1 1 1 1 1 1 1]
active_clients:  [0, 1, 2, 3, 4, 5, 6, 7, 8, 9]
Client 0's s_k are:[0 1 1 1 1 1 1 1 1 1]
Client 1's s_k are:[1 0 1 0 0 1 1 0 0 0]
Client 2's s_k are:[1 1 0 1 1 1 1 1 1 1]
Client 3's s_k are:[1 1 1 0 0 0 1 0 1 1]
Client 4's s_k are:[1 0 1 0 0 1 1 1 1 1]
Client 5's s_k are:[1 1 0 1 0 0 1 1 1 1]
Client 6's s_k are:[1 0 0 0 1 0 0 0 0 0]
Client 7's s_k are:[0 1 1 1 1 1 1 0 1 1]
Client 8's s_k are:[1 0 1 0 1 0 0 0 0 1]
Client 9's s_k are:[1 1 1 1 0 1 0 0 0 0]
| Global Round : 39 | Client :0 | Local Epoch : 0 | [64/573 (12%)]	Loss1: 5.839936 Loss2: 0.000023 
| Global Round : 39 | Client :0 | Local Epoch : 1 | [64/573 (12%)]	Loss1: 5.840615 Loss2: 0.000022 
| Global Round : 39 | Client :0 | Local Epoch : 2 | [64/573 (12%)]	Loss1: 5.840745 Loss2: 0.000025 
| Global Round : 39 | Client :0 | Local Epoch : 3 | [64/573 (12%)]	Loss1: 5.839666 Loss2: 0.000020 
| Global Round : 39 | Client :0 | Local Epoch : 4 | [64/573 (12%)]	Loss1: 5.839788 Loss2: 0.000022 
| Global Round : 39 | Client :1 | Local Epoch : 0 | [64/448 (14%)]	Loss1: 5.841738 Loss2: 0.000018 
| Global Round : 39 | Client :1 | Local Epoch : 1 | [64/448 (14%)]	Loss1: 5.840594 Loss2: 0.000018 
| Global Round : 39 | Client :1 | Local Epoch : 2 | [64/448 (14%)]	Loss1: 5.840543 Loss2: 0.000019 
| Global Round : 39 | Client :1 | Local Epoch : 3 | [64/448 (14%)]	Loss1: 5.841291 Loss2: 0.000014 
| Global Round : 39 | Client :1 | Local Epoch : 4 | [64/448 (14%)]	Loss1: 5.840339 Loss2: 0.000019 
| Global Round : 39 | Client :2 | Local Epoch : 0 | [64/448 (14%)]	Loss1: 5.840873 Loss2: 0.000014 
| Global Round : 39 | Client :2 | Local Epoch : 1 | [64/448 (14%)]	Loss1: 5.840324 Loss2: 0.000016 
| Global Round : 39 | Client :2 | Local Epoch : 2 | [64/448 (14%)]	Loss1: 5.840178 Loss2: 0.000016 
| Global Round : 39 | Client :2 | Local Epoch : 3 | [64/448 (14%)]	Loss1: 5.840394 Loss2: 0.000012 
| Global Round : 39 | Client :2 | Local Epoch : 4 | [64/448 (14%)]	Loss1: 5.840603 Loss2: 0.000014 
| Global Round : 39 | Client :3 | Local Epoch : 0 | [64/620 (11%)]	Loss1: 5.841264 Loss2: 0.000023 
| Global Round : 39 | Client :3 | Local Epoch : 1 | [64/620 (11%)]	Loss1: 5.840881 Loss2: 0.000019 
| Global Round : 39 | Client :3 | Local Epoch : 2 | [64/620 (11%)]	Loss1: 5.840709 Loss2: 0.000018 
| Global Round : 39 | Client :3 | Local Epoch : 3 | [64/620 (11%)]	Loss1: 5.842723 Loss2: 0.000019 
| Global Round : 39 | Client :3 | Local Epoch : 4 | [64/620 (11%)]	Loss1: 5.841496 Loss2: 0.000015 
| Global Round : 39 | Client :4 | Local Epoch : 0 | [64/625 (11%)]	Loss1: 5.840007 Loss2: 0.000023 
| Global Round : 39 | Client :4 | Local Epoch : 1 | [64/625 (11%)]	Loss1: 5.840084 Loss2: 0.000024 
| Global Round : 39 | Client :4 | Local Epoch : 2 | [64/625 (11%)]	Loss1: 5.840949 Loss2: 0.000023 
| Global Round : 39 | Client :4 | Local Epoch : 3 | [64/625 (11%)]	Loss1: 5.840417 Loss2: 0.000026 
| Global Round : 39 | Client :4 | Local Epoch : 4 | [64/625 (11%)]	Loss1: 5.842633 Loss2: 0.000025 
| Global Round : 39 | Client :5 | Local Epoch : 0 | [64/604 (11%)]	Loss1: 5.838861 Loss2: 0.000024 
| Global Round : 39 | Client :5 | Local Epoch : 1 | [64/604 (11%)]	Loss1: 5.839324 Loss2: 0.000019 
| Global Round : 39 | Client :5 | Local Epoch : 2 | [64/604 (11%)]	Loss1: 5.840408 Loss2: 0.000018 
| Global Round : 39 | Client :5 | Local Epoch : 3 | [64/604 (11%)]	Loss1: 5.839281 Loss2: 0.000019 
| Global Round : 39 | Client :5 | Local Epoch : 4 | [64/604 (11%)]	Loss1: 5.839835 Loss2: 0.000021 
| Global Round : 39 | Client :6 | Local Epoch : 0 | [64/534 (12%)]	Loss1: 5.840793 Loss2: 0.000018 
| Global Round : 39 | Client :6 | Local Epoch : 1 | [64/534 (12%)]	Loss1: 5.840909 Loss2: 0.000014 
| Global Round : 39 | Client :6 | Local Epoch : 2 | [64/534 (12%)]	Loss1: 5.841087 Loss2: 0.000017 
| Global Round : 39 | Client :6 | Local Epoch : 3 | [64/534 (12%)]	Loss1: 5.840809 Loss2: 0.000017 
| Global Round : 39 | Client :6 | Local Epoch : 4 | [64/534 (12%)]	Loss1: 5.840800 Loss2: 0.000018 
| Global Round : 39 | Client :7 | Local Epoch : 0 | [64/824 (8%)]	Loss1: 5.839945 Loss2: 0.000026 
| Global Round : 39 | Client :7 | Local Epoch : 0 | [704/824 (92%)]	Loss1: 5.840312 Loss2: 0.000024 
| Global Round : 39 | Client :7 | Local Epoch : 1 | [64/824 (8%)]	Loss1: 5.839963 Loss2: 0.000019 
| Global Round : 39 | Client :7 | Local Epoch : 1 | [704/824 (92%)]	Loss1: 5.840472 Loss2: 0.000031 
| Global Round : 39 | Client :7 | Local Epoch : 2 | [64/824 (8%)]	Loss1: 5.840342 Loss2: 0.000026 
| Global Round : 39 | Client :7 | Local Epoch : 2 | [704/824 (92%)]	Loss1: 5.840303 Loss2: 0.000026 
| Global Round : 39 | Client :7 | Local Epoch : 3 | [64/824 (8%)]	Loss1: 5.840073 Loss2: 0.000025 
| Global Round : 39 | Client :7 | Local Epoch : 3 | [704/824 (92%)]	Loss1: 5.840074 Loss2: 0.000027 
| Global Round : 39 | Client :7 | Local Epoch : 4 | [64/824 (8%)]	Loss1: 5.840382 Loss2: 0.000029 
| Global Round : 39 | Client :7 | Local Epoch : 4 | [704/824 (92%)]	Loss1: 5.840051 Loss2: 0.000025 
| Global Round : 39 | Client :8 | Local Epoch : 0 | [64/714 (9%)]	Loss1: 5.842070 Loss2: 0.000020 
| Global Round : 39 | Client :8 | Local Epoch : 0 | [704/714 (100%)]	Loss1: 5.842038 Loss2: 0.000023 
| Global Round : 39 | Client :8 | Local Epoch : 1 | [64/714 (9%)]	Loss1: 5.842741 Loss2: 0.000022 
| Global Round : 39 | Client :8 | Local Epoch : 1 | [704/714 (100%)]	Loss1: 5.842538 Loss2: 0.000027 
| Global Round : 39 | Client :8 | Local Epoch : 2 | [64/714 (9%)]	Loss1: 5.840690 Loss2: 0.000024 
| Global Round : 39 | Client :8 | Local Epoch : 2 | [704/714 (100%)]	Loss1: 5.841498 Loss2: 0.000022 
| Global Round : 39 | Client :8 | Local Epoch : 3 | [64/714 (9%)]	Loss1: 5.840912 Loss2: 0.000019 
| Global Round : 39 | Client :8 | Local Epoch : 3 | [704/714 (100%)]	Loss1: 5.840498 Loss2: 0.000027 
| Global Round : 39 | Client :8 | Local Epoch : 4 | [64/714 (9%)]	Loss1: 5.841063 Loss2: 0.000022 
| Global Round : 39 | Client :8 | Local Epoch : 4 | [704/714 (100%)]	Loss1: 5.840926 Loss2: 0.000026 
| Global Round : 39 | Client :9 | Local Epoch : 0 | [64/607 (11%)]	Loss1: 5.840899 Loss2: 0.000014 
| Global Round : 39 | Client :9 | Local Epoch : 1 | [64/607 (11%)]	Loss1: 5.840459 Loss2: 0.000016 
| Global Round : 39 | Client :9 | Local Epoch : 2 | [64/607 (11%)]	Loss1: 5.842130 Loss2: 0.000017 
| Global Round : 39 | Client :9 | Local Epoch : 3 | [64/607 (11%)]	Loss1: 5.841226 Loss2: 0.000016 
| Global Round : 39 | Client :9 | Local Epoch : 4 | [64/607 (11%)]	Loss1: 5.840971 Loss2: 0.000016 
average loss:   5.838585949554759
average local test accuracy: 0.8252604166666666
average global test accuracy:  0.655078125

 | Global Training Round : 40 |

xi_k [0.47585302 0.53259516 0.5325634  0.4948362  0.49087114 0.50781709
 0.51061706 0.49639267 0.52517137 0.50540912]
max_exp: -1.0
coe: 10
Regulation [0.8 0.8 0.8 0.8 0.8 0.8 0.8 0.8 0.8 0.8]
Solver status: optimal_inaccurate
b_new: [1. 1. 1. 1. 1. 1. 1. 1. 1. 1.]
Iter 0: obj=50.3213, best_obj=50.3213, ||b_new-b_prev||₂=2.846050
xi_k [0.47585302 0.53259516 0.5325634  0.4948362  0.49087114 0.50781709
 0.51061706 0.49639267 0.52517137 0.50540912]
max_exp: -1.0
coe: 10
Regulation [-1. -1. -1. -1. -1. -1. -1. -1. -1. -1.]
Solver status: optimal_inaccurate
b_new: [1. 1. 1. 1. 1. 1. 1. 1. 1. 1.]
Iter 1: obj=51.2213, best_obj=51.2213, ||b_new-b_prev||₂=0.000000
Converged.
Final b: [1. 1. 1. 1. 1. 1. 1. 1. 1. 1.]
<class 'numpy.ndarray'>
b_float: [1. 1. 1. 1. 1. 1. 1. 1. 1. 1.]
b: [1 1 1 1 1 1 1 1 1 1]
active_clients:  [0, 1, 2, 3, 4, 5, 6, 7, 8, 9]
Client 0's s_k are:[0 0 1 1 1 0 0 0 0 0]
Client 1's s_k are:[1 0 1 1 0 1 1 1 1 1]
Client 2's s_k are:[1 0 0 1 1 0 1 1 0 1]
Client 3's s_k are:[1 1 0 0 1 0 0 0 1 1]
Client 4's s_k are:[1 1 1 1 0 1 0 0 1 1]
Client 5's s_k are:[0 0 0 1 0 0 1 0 0 0]
Client 6's s_k are:[0 0 0 0 0 0 0 0 0 1]
Client 7's s_k are:[1 1 0 1 1 1 1 0 1 0]
Client 8's s_k are:[1 1 1 1 1 1 1 1 0 1]
Client 9's s_k are:[0 1 0 1 0 0 0 0 1 0]
| Global Round : 40 | Client :0 | Local Epoch : 0 | [64/573 (12%)]	Loss1: 5.840021 Loss2: 0.000028 
| Global Round : 40 | Client :0 | Local Epoch : 1 | [64/573 (12%)]	Loss1: 5.840198 Loss2: 0.000030 
| Global Round : 40 | Client :0 | Local Epoch : 2 | [64/573 (12%)]	Loss1: 5.840482 Loss2: 0.000025 
| Global Round : 40 | Client :0 | Local Epoch : 3 | [64/573 (12%)]	Loss1: 5.839421 Loss2: 0.000028 
| Global Round : 40 | Client :0 | Local Epoch : 4 | [64/573 (12%)]	Loss1: 5.839115 Loss2: 0.000027 
| Global Round : 40 | Client :1 | Local Epoch : 0 | [64/448 (14%)]	Loss1: 5.840810 Loss2: 0.000015 
| Global Round : 40 | Client :1 | Local Epoch : 1 | [64/448 (14%)]	Loss1: 5.841085 Loss2: 0.000016 
| Global Round : 40 | Client :1 | Local Epoch : 2 | [64/448 (14%)]	Loss1: 5.841363 Loss2: 0.000014 
| Global Round : 40 | Client :1 | Local Epoch : 3 | [64/448 (14%)]	Loss1: 5.840898 Loss2: 0.000014 
| Global Round : 40 | Client :1 | Local Epoch : 4 | [64/448 (14%)]	Loss1: 5.839894 Loss2: 0.000015 
| Global Round : 40 | Client :2 | Local Epoch : 0 | [64/448 (14%)]	Loss1: 5.840790 Loss2: 0.000014 
| Global Round : 40 | Client :2 | Local Epoch : 1 | [64/448 (14%)]	Loss1: 5.840550 Loss2: 0.000015 
| Global Round : 40 | Client :2 | Local Epoch : 2 | [64/448 (14%)]	Loss1: 5.840716 Loss2: 0.000016 
| Global Round : 40 | Client :2 | Local Epoch : 3 | [64/448 (14%)]	Loss1: 5.840847 Loss2: 0.000016 
| Global Round : 40 | Client :2 | Local Epoch : 4 | [64/448 (14%)]	Loss1: 5.840497 Loss2: 0.000014 
| Global Round : 40 | Client :3 | Local Epoch : 0 | [64/620 (11%)]	Loss1: 5.840160 Loss2: 0.000018 
| Global Round : 40 | Client :3 | Local Epoch : 1 | [64/620 (11%)]	Loss1: 5.842070 Loss2: 0.000016 
| Global Round : 40 | Client :3 | Local Epoch : 2 | [64/620 (11%)]	Loss1: 5.842431 Loss2: 0.000016 
| Global Round : 40 | Client :3 | Local Epoch : 3 | [64/620 (11%)]	Loss1: 5.841650 Loss2: 0.000021 
| Global Round : 40 | Client :3 | Local Epoch : 4 | [64/620 (11%)]	Loss1: 5.841498 Loss2: 0.000014 
| Global Round : 40 | Client :4 | Local Epoch : 0 | [64/625 (11%)]	Loss1: 5.841005 Loss2: 0.000021 
| Global Round : 40 | Client :4 | Local Epoch : 1 | [64/625 (11%)]	Loss1: 5.840555 Loss2: 0.000022 
| Global Round : 40 | Client :4 | Local Epoch : 2 | [64/625 (11%)]	Loss1: 5.839763 Loss2: 0.000019 
| Global Round : 40 | Client :4 | Local Epoch : 3 | [64/625 (11%)]	Loss1: 5.840697 Loss2: 0.000024 
| Global Round : 40 | Client :4 | Local Epoch : 4 | [64/625 (11%)]	Loss1: 5.840587 Loss2: 0.000024 
| Global Round : 40 | Client :5 | Local Epoch : 0 | [64/604 (11%)]	Loss1: 5.838797 Loss2: 0.000024 
| Global Round : 40 | Client :5 | Local Epoch : 1 | [64/604 (11%)]	Loss1: 5.839445 Loss2: 0.000025 
| Global Round : 40 | Client :5 | Local Epoch : 2 | [64/604 (11%)]	Loss1: 5.839932 Loss2: 0.000026 
| Global Round : 40 | Client :5 | Local Epoch : 3 | [64/604 (11%)]	Loss1: 5.839660 Loss2: 0.000028 
| Global Round : 40 | Client :5 | Local Epoch : 4 | [64/604 (11%)]	Loss1: 5.840023 Loss2: 0.000024 
| Global Round : 40 | Client :6 | Local Epoch : 0 | [64/534 (12%)]	Loss1: 5.841069 Loss2: 0.000030 
| Global Round : 40 | Client :6 | Local Epoch : 1 | [64/534 (12%)]	Loss1: 5.840589 Loss2: 0.000030 
| Global Round : 40 | Client :6 | Local Epoch : 2 | [64/534 (12%)]	Loss1: 5.842881 Loss2: 0.000027 
| Global Round : 40 | Client :6 | Local Epoch : 3 | [64/534 (12%)]	Loss1: 5.842029 Loss2: 0.000026 
| Global Round : 40 | Client :6 | Local Epoch : 4 | [64/534 (12%)]	Loss1: 5.841199 Loss2: 0.000028 
| Global Round : 40 | Client :7 | Local Epoch : 0 | [64/824 (8%)]	Loss1: 5.840594 Loss2: 0.000025 
| Global Round : 40 | Client :7 | Local Epoch : 0 | [704/824 (92%)]	Loss1: 5.840295 Loss2: 0.000023 
| Global Round : 40 | Client :7 | Local Epoch : 1 | [64/824 (8%)]	Loss1: 5.840392 Loss2: 0.000025 
| Global Round : 40 | Client :7 | Local Epoch : 1 | [704/824 (92%)]	Loss1: 5.840701 Loss2: 0.000026 
| Global Round : 40 | Client :7 | Local Epoch : 2 | [64/824 (8%)]	Loss1: 5.840126 Loss2: 0.000030 
| Global Round : 40 | Client :7 | Local Epoch : 2 | [704/824 (92%)]	Loss1: 5.841325 Loss2: 0.000024 
| Global Round : 40 | Client :7 | Local Epoch : 3 | [64/824 (8%)]	Loss1: 5.841239 Loss2: 0.000026 
| Global Round : 40 | Client :7 | Local Epoch : 3 | [704/824 (92%)]	Loss1: 5.839784 Loss2: 0.000027 
| Global Round : 40 | Client :7 | Local Epoch : 4 | [64/824 (8%)]	Loss1: 5.839508 Loss2: 0.000026 
| Global Round : 40 | Client :7 | Local Epoch : 4 | [704/824 (92%)]	Loss1: 5.839620 Loss2: 0.000023 
| Global Round : 40 | Client :8 | Local Epoch : 0 | [64/714 (9%)]	Loss1: 5.840889 Loss2: 0.000022 
| Global Round : 40 | Client :8 | Local Epoch : 0 | [704/714 (100%)]	Loss1: 5.842893 Loss2: 0.000026 
| Global Round : 40 | Client :8 | Local Epoch : 1 | [64/714 (9%)]	Loss1: 5.841211 Loss2: 0.000024 
| Global Round : 40 | Client :8 | Local Epoch : 1 | [704/714 (100%)]	Loss1: 5.841821 Loss2: 0.000026 
| Global Round : 40 | Client :8 | Local Epoch : 2 | [64/714 (9%)]	Loss1: 5.842048 Loss2: 0.000021 
| Global Round : 40 | Client :8 | Local Epoch : 2 | [704/714 (100%)]	Loss1: 5.841032 Loss2: 0.000024 
| Global Round : 40 | Client :8 | Local Epoch : 3 | [64/714 (9%)]	Loss1: 5.841123 Loss2: 0.000024 
| Global Round : 40 | Client :8 | Local Epoch : 3 | [704/714 (100%)]	Loss1: 5.841206 Loss2: 0.000022 
| Global Round : 40 | Client :8 | Local Epoch : 4 | [64/714 (9%)]	Loss1: 5.840354 Loss2: 0.000019 
| Global Round : 40 | Client :8 | Local Epoch : 4 | [704/714 (100%)]	Loss1: 5.841806 Loss2: 0.000026 
| Global Round : 40 | Client :9 | Local Epoch : 0 | [64/607 (11%)]	Loss1: 5.841518 Loss2: 0.000018 
| Global Round : 40 | Client :9 | Local Epoch : 1 | [64/607 (11%)]	Loss1: 5.842934 Loss2: 0.000018 
| Global Round : 40 | Client :9 | Local Epoch : 2 | [64/607 (11%)]	Loss1: 5.841927 Loss2: 0.000016 
| Global Round : 40 | Client :9 | Local Epoch : 3 | [64/607 (11%)]	Loss1: 5.841127 Loss2: 0.000017 
| Global Round : 40 | Client :9 | Local Epoch : 4 | [64/607 (11%)]	Loss1: 5.840960 Loss2: 0.000019 
average loss:   5.838533796066846
average local test accuracy: 0.8184895833333332
average global test accuracy:  0.607421875

 | Global Training Round : 41 |

xi_k [0.47591012 0.53261509 0.53254864 0.49482743 0.49082748 0.50780104
 0.51060539 0.49638798 0.52518105 0.50541484]
max_exp: -1.0
coe: 10
Regulation [0.8 0.8 0.8 0.8 0.8 0.8 0.8 0.8 0.8 0.8]
Solver status: optimal_inaccurate
b_new: [1. 1. 1. 1. 1. 1. 1. 1. 1. 1.]
Iter 0: obj=50.3212, best_obj=50.3212, ||b_new-b_prev||₂=2.846050
xi_k [0.47591012 0.53261509 0.53254864 0.49482743 0.49082748 0.50780104
 0.51060539 0.49638798 0.52518105 0.50541484]
max_exp: -1.0
coe: 10
Regulation [-1. -1. -1. -1. -1. -1. -1. -1. -1. -1.]
Solver status: optimal_inaccurate
b_new: [1. 1. 1. 1. 1. 1. 1. 1. 1. 1.]
Iter 1: obj=51.2212, best_obj=51.2212, ||b_new-b_prev||₂=0.000000
Converged.
Final b: [1. 1. 1. 1. 1. 1. 1. 1. 1. 1.]
<class 'numpy.ndarray'>
b_float: [1. 1. 1. 1. 1. 1. 1. 1. 1. 1.]
b: [1 1 1 1 1 1 1 1 1 1]
active_clients:  [0, 1, 2, 3, 4, 5, 6, 7, 8, 9]
Client 0's s_k are:[0 1 1 0 0 1 0 0 0 0]
Client 1's s_k are:[0 0 0 0 1 0 0 0 1 0]
Client 2's s_k are:[0 1 0 0 1 1 1 1 1 1]
Client 3's s_k are:[0 0 1 0 0 1 0 1 0 1]
Client 4's s_k are:[1 1 1 0 0 1 1 1 1 1]
Client 5's s_k are:[0 0 0 1 0 0 0 0 0 0]
Client 6's s_k are:[1 0 0 0 1 0 0 1 1 1]
Client 7's s_k are:[1 0 0 1 1 1 1 0 1 0]
Client 8's s_k are:[1 1 1 1 1 1 1 0 0 1]
Client 9's s_k are:[1 1 0 1 1 0 1 1 0 0]
| Global Round : 41 | Client :0 | Local Epoch : 0 | [64/573 (12%)]	Loss1: 5.840833 Loss2: 0.000023 
| Global Round : 41 | Client :0 | Local Epoch : 1 | [64/573 (12%)]	Loss1: 5.839704 Loss2: 0.000027 
| Global Round : 41 | Client :0 | Local Epoch : 2 | [64/573 (12%)]	Loss1: 5.840121 Loss2: 0.000022 
| Global Round : 41 | Client :0 | Local Epoch : 3 | [64/573 (12%)]	Loss1: 5.840393 Loss2: 0.000027 
| Global Round : 41 | Client :0 | Local Epoch : 4 | [64/573 (12%)]	Loss1: 5.841280 Loss2: 0.000023 
| Global Round : 41 | Client :1 | Local Epoch : 0 | [64/448 (14%)]	Loss1: 5.840240 Loss2: 0.000022 
| Global Round : 41 | Client :1 | Local Epoch : 1 | [64/448 (14%)]	Loss1: 5.841211 Loss2: 0.000018 
| Global Round : 41 | Client :1 | Local Epoch : 2 | [64/448 (14%)]	Loss1: 5.840714 Loss2: 0.000020 
| Global Round : 41 | Client :1 | Local Epoch : 3 | [64/448 (14%)]	Loss1: 5.840740 Loss2: 0.000015 
| Global Round : 41 | Client :1 | Local Epoch : 4 | [64/448 (14%)]	Loss1: 5.840881 Loss2: 0.000021 
| Global Round : 41 | Client :2 | Local Epoch : 0 | [64/448 (14%)]	Loss1: 5.840559 Loss2: 0.000012 
| Global Round : 41 | Client :2 | Local Epoch : 1 | [64/448 (14%)]	Loss1: 5.840110 Loss2: 0.000015 
| Global Round : 41 | Client :2 | Local Epoch : 2 | [64/448 (14%)]	Loss1: 5.840932 Loss2: 0.000010 
| Global Round : 41 | Client :2 | Local Epoch : 3 | [64/448 (14%)]	Loss1: 5.840059 Loss2: 0.000011 
| Global Round : 41 | Client :2 | Local Epoch : 4 | [64/448 (14%)]	Loss1: 5.840927 Loss2: 0.000013 
| Global Round : 41 | Client :3 | Local Epoch : 0 | [64/620 (11%)]	Loss1: 5.842227 Loss2: 0.000014 
| Global Round : 41 | Client :3 | Local Epoch : 1 | [64/620 (11%)]	Loss1: 5.840525 Loss2: 0.000018 
| Global Round : 41 | Client :3 | Local Epoch : 2 | [64/620 (11%)]	Loss1: 5.841789 Loss2: 0.000018 
| Global Round : 41 | Client :3 | Local Epoch : 3 | [64/620 (11%)]	Loss1: 5.842301 Loss2: 0.000015 
| Global Round : 41 | Client :3 | Local Epoch : 4 | [64/620 (11%)]	Loss1: 5.840582 Loss2: 0.000020 
| Global Round : 41 | Client :4 | Local Epoch : 0 | [64/625 (11%)]	Loss1: 5.841644 Loss2: 0.000029 
| Global Round : 41 | Client :4 | Local Epoch : 1 | [64/625 (11%)]	Loss1: 5.839855 Loss2: 0.000025 
| Global Round : 41 | Client :4 | Local Epoch : 2 | [64/625 (11%)]	Loss1: 5.840816 Loss2: 0.000021 
| Global Round : 41 | Client :4 | Local Epoch : 3 | [64/625 (11%)]	Loss1: 5.840683 Loss2: 0.000017 
| Global Round : 41 | Client :4 | Local Epoch : 4 | [64/625 (11%)]	Loss1: 5.839695 Loss2: 0.000021 
| Global Round : 41 | Client :5 | Local Epoch : 0 | [64/604 (11%)]	Loss1: 5.839596 Loss2: 0.000022 
| Global Round : 41 | Client :5 | Local Epoch : 1 | [64/604 (11%)]	Loss1: 5.839670 Loss2: 0.000025 
| Global Round : 41 | Client :5 | Local Epoch : 2 | [64/604 (11%)]	Loss1: 5.839773 Loss2: 0.000022 
| Global Round : 41 | Client :5 | Local Epoch : 3 | [64/604 (11%)]	Loss1: 5.839339 Loss2: 0.000026 
| Global Round : 41 | Client :5 | Local Epoch : 4 | [64/604 (11%)]	Loss1: 5.840230 Loss2: 0.000029 
| Global Round : 41 | Client :6 | Local Epoch : 0 | [64/534 (12%)]	Loss1: 5.840375 Loss2: 0.000016 
| Global Round : 41 | Client :6 | Local Epoch : 1 | [64/534 (12%)]	Loss1: 5.841896 Loss2: 0.000015 
| Global Round : 41 | Client :6 | Local Epoch : 2 | [64/534 (12%)]	Loss1: 5.839644 Loss2: 0.000015 
| Global Round : 41 | Client :6 | Local Epoch : 3 | [64/534 (12%)]	Loss1: 5.840763 Loss2: 0.000014 
| Global Round : 41 | Client :6 | Local Epoch : 4 | [64/534 (12%)]	Loss1: 5.841137 Loss2: 0.000016 
| Global Round : 41 | Client :7 | Local Epoch : 0 | [64/824 (8%)]	Loss1: 5.839891 Loss2: 0.000025 
| Global Round : 41 | Client :7 | Local Epoch : 0 | [704/824 (92%)]	Loss1: 5.840868 Loss2: 0.000027 
| Global Round : 41 | Client :7 | Local Epoch : 1 | [64/824 (8%)]	Loss1: 5.838916 Loss2: 0.000024 
| Global Round : 41 | Client :7 | Local Epoch : 1 | [704/824 (92%)]	Loss1: 5.839853 Loss2: 0.000023 
| Global Round : 41 | Client :7 | Local Epoch : 2 | [64/824 (8%)]	Loss1: 5.840435 Loss2: 0.000027 
| Global Round : 41 | Client :7 | Local Epoch : 2 | [704/824 (92%)]	Loss1: 5.840013 Loss2: 0.000028 
| Global Round : 41 | Client :7 | Local Epoch : 3 | [64/824 (8%)]	Loss1: 5.840288 Loss2: 0.000029 
| Global Round : 41 | Client :7 | Local Epoch : 3 | [704/824 (92%)]	Loss1: 5.840486 Loss2: 0.000027 
| Global Round : 41 | Client :7 | Local Epoch : 4 | [64/824 (8%)]	Loss1: 5.841224 Loss2: 0.000025 
| Global Round : 41 | Client :7 | Local Epoch : 4 | [704/824 (92%)]	Loss1: 5.840611 Loss2: 0.000033 
| Global Round : 41 | Client :8 | Local Epoch : 0 | [64/714 (9%)]	Loss1: 5.841198 Loss2: 0.000023 
| Global Round : 41 | Client :8 | Local Epoch : 0 | [704/714 (100%)]	Loss1: 5.842314 Loss2: 0.000026 
| Global Round : 41 | Client :8 | Local Epoch : 1 | [64/714 (9%)]	Loss1: 5.842367 Loss2: 0.000024 
| Global Round : 41 | Client :8 | Local Epoch : 1 | [704/714 (100%)]	Loss1: 5.841377 Loss2: 0.000022 
| Global Round : 41 | Client :8 | Local Epoch : 2 | [64/714 (9%)]	Loss1: 5.842323 Loss2: 0.000023 
| Global Round : 41 | Client :8 | Local Epoch : 2 | [704/714 (100%)]	Loss1: 5.841790 Loss2: 0.000023 
| Global Round : 41 | Client :8 | Local Epoch : 3 | [64/714 (9%)]	Loss1: 5.842322 Loss2: 0.000028 
| Global Round : 41 | Client :8 | Local Epoch : 3 | [704/714 (100%)]	Loss1: 5.840753 Loss2: 0.000027 
| Global Round : 41 | Client :8 | Local Epoch : 4 | [64/714 (9%)]	Loss1: 5.841964 Loss2: 0.000021 
| Global Round : 41 | Client :8 | Local Epoch : 4 | [704/714 (100%)]	Loss1: 5.842290 Loss2: 0.000025 
| Global Round : 41 | Client :9 | Local Epoch : 0 | [64/607 (11%)]	Loss1: 5.840656 Loss2: 0.000021 
| Global Round : 41 | Client :9 | Local Epoch : 1 | [64/607 (11%)]	Loss1: 5.840957 Loss2: 0.000022 
| Global Round : 41 | Client :9 | Local Epoch : 2 | [64/607 (11%)]	Loss1: 5.840362 Loss2: 0.000020 
| Global Round : 41 | Client :9 | Local Epoch : 3 | [64/607 (11%)]	Loss1: 5.842580 Loss2: 0.000019 
| Global Round : 41 | Client :9 | Local Epoch : 4 | [64/607 (11%)]	Loss1: 5.840555 Loss2: 0.000019 
average loss:   5.838587882327827
average local test accuracy: 0.8303385416666668
average global test accuracy:  0.65546875

 | Global Training Round : 42 |

xi_k [0.47584876 0.53261633 0.5325566  0.49480812 0.49079511 0.50780355
 0.51064141 0.49641454 0.52518323 0.50540049]
max_exp: -1.0
coe: 10
Regulation [0.8 0.8 0.8 0.8 0.8 0.8 0.8 0.8 0.8 0.8]
Solver status: optimal_inaccurate
b_new: [1. 1. 1. 1. 1. 1. 1. 1. 1. 1.]
Iter 0: obj=50.3207, best_obj=50.3207, ||b_new-b_prev||₂=2.846050
xi_k [0.47584876 0.53261633 0.5325566  0.49480812 0.49079511 0.50780355
 0.51064141 0.49641454 0.52518323 0.50540049]
max_exp: -1.0
coe: 10
Regulation [-1. -1. -1. -1. -1. -1. -1. -1. -1. -1.]
Solver status: optimal_inaccurate
b_new: [1. 1. 1. 1. 1. 1. 1. 1. 1. 1.]
Iter 1: obj=51.2207, best_obj=51.2207, ||b_new-b_prev||₂=0.000000
Converged.
Final b: [1. 1. 1. 1. 1. 1. 1. 1. 1. 1.]
<class 'numpy.ndarray'>
b_float: [1. 1. 1. 1. 1. 1. 1. 1. 1. 1.]
b: [1 1 1 1 1 1 1 1 1 1]
active_clients:  [0, 1, 2, 3, 4, 5, 6, 7, 8, 9]
Client 0's s_k are:[0 0 0 0 1 0 0 0 0 0]
Client 1's s_k are:[0 0 0 0 0 0 1 0 0 1]
Client 2's s_k are:[1 0 0 0 0 0 0 0 0 0]
Client 3's s_k are:[1 1 1 0 0 0 0 0 0 1]
Client 4's s_k are:[0 1 0 0 0 1 1 1 1 0]
Client 5's s_k are:[1 0 0 0 0 0 1 0 0 0]
Client 6's s_k are:[0 1 1 1 0 0 0 1 0 1]
Client 7's s_k are:[1 0 0 0 0 1 1 0 0 0]
Client 8's s_k are:[1 0 1 0 0 0 0 1 0 0]
Client 9's s_k are:[0 0 0 0 0 0 1 0 1 0]
| Global Round : 42 | Client :0 | Local Epoch : 0 | [64/573 (12%)]	Loss1: 5.840058 Loss2: 0.000040 
| Global Round : 42 | Client :0 | Local Epoch : 1 | [64/573 (12%)]	Loss1: 5.840913 Loss2: 0.000041 
| Global Round : 42 | Client :0 | Local Epoch : 2 | [64/573 (12%)]	Loss1: 5.840110 Loss2: 0.000040 
| Global Round : 42 | Client :0 | Local Epoch : 3 | [64/573 (12%)]	Loss1: 5.841097 Loss2: 0.000041 
| Global Round : 42 | Client :0 | Local Epoch : 4 | [64/573 (12%)]	Loss1: 5.840402 Loss2: 0.000031 
| Global Round : 42 | Client :1 | Local Epoch : 0 | [64/448 (14%)]	Loss1: 5.840835 Loss2: 0.000013 
| Global Round : 42 | Client :1 | Local Epoch : 1 | [64/448 (14%)]	Loss1: 5.840458 Loss2: 0.000016 
| Global Round : 42 | Client :1 | Local Epoch : 2 | [64/448 (14%)]	Loss1: 5.840312 Loss2: 0.000015 
| Global Round : 42 | Client :1 | Local Epoch : 3 | [64/448 (14%)]	Loss1: 5.841531 Loss2: 0.000015 
| Global Round : 42 | Client :1 | Local Epoch : 4 | [64/448 (14%)]	Loss1: 5.841278 Loss2: 0.000017 
| Global Round : 42 | Client :2 | Local Epoch : 0 | [64/448 (14%)]	Loss1: 5.841330 Loss2: 0.000029 
| Global Round : 42 | Client :2 | Local Epoch : 1 | [64/448 (14%)]	Loss1: 5.841138 Loss2: 0.000035 
| Global Round : 42 | Client :2 | Local Epoch : 2 | [64/448 (14%)]	Loss1: 5.839818 Loss2: 0.000031 
| Global Round : 42 | Client :2 | Local Epoch : 3 | [64/448 (14%)]	Loss1: 5.841285 Loss2: 0.000033 
| Global Round : 42 | Client :2 | Local Epoch : 4 | [64/448 (14%)]	Loss1: 5.842008 Loss2: 0.000030 
| Global Round : 42 | Client :3 | Local Epoch : 0 | [64/620 (11%)]	Loss1: 5.840951 Loss2: 0.000015 
| Global Round : 42 | Client :3 | Local Epoch : 1 | [64/620 (11%)]	Loss1: 5.840942 Loss2: 0.000014 
| Global Round : 42 | Client :3 | Local Epoch : 2 | [64/620 (11%)]	Loss1: 5.839977 Loss2: 0.000018 
| Global Round : 42 | Client :3 | Local Epoch : 3 | [64/620 (11%)]	Loss1: 5.841389 Loss2: 0.000019 
| Global Round : 42 | Client :3 | Local Epoch : 4 | [64/620 (11%)]	Loss1: 5.840535 Loss2: 0.000012 
| Global Round : 42 | Client :4 | Local Epoch : 0 | [64/625 (11%)]	Loss1: 5.839850 Loss2: 0.000022 
| Global Round : 42 | Client :4 | Local Epoch : 1 | [64/625 (11%)]	Loss1: 5.840977 Loss2: 0.000018 
| Global Round : 42 | Client :4 | Local Epoch : 2 | [64/625 (11%)]	Loss1: 5.839580 Loss2: 0.000020 
| Global Round : 42 | Client :4 | Local Epoch : 3 | [64/625 (11%)]	Loss1: 5.840526 Loss2: 0.000019 
| Global Round : 42 | Client :4 | Local Epoch : 4 | [64/625 (11%)]	Loss1: 5.840374 Loss2: 0.000022 
| Global Round : 42 | Client :5 | Local Epoch : 0 | [64/604 (11%)]	Loss1: 5.839880 Loss2: 0.000025 
| Global Round : 42 | Client :5 | Local Epoch : 1 | [64/604 (11%)]	Loss1: 5.841203 Loss2: 0.000021 
| Global Round : 42 | Client :5 | Local Epoch : 2 | [64/604 (11%)]	Loss1: 5.839096 Loss2: 0.000019 
| Global Round : 42 | Client :5 | Local Epoch : 3 | [64/604 (11%)]	Loss1: 5.840245 Loss2: 0.000022 
| Global Round : 42 | Client :5 | Local Epoch : 4 | [64/604 (11%)]	Loss1: 5.838794 Loss2: 0.000019 
| Global Round : 42 | Client :6 | Local Epoch : 0 | [64/534 (12%)]	Loss1: 5.841232 Loss2: 0.000016 
| Global Round : 42 | Client :6 | Local Epoch : 1 | [64/534 (12%)]	Loss1: 5.841000 Loss2: 0.000015 
| Global Round : 42 | Client :6 | Local Epoch : 2 | [64/534 (12%)]	Loss1: 5.840385 Loss2: 0.000014 
| Global Round : 42 | Client :6 | Local Epoch : 3 | [64/534 (12%)]	Loss1: 5.840959 Loss2: 0.000012 
| Global Round : 42 | Client :6 | Local Epoch : 4 | [64/534 (12%)]	Loss1: 5.840809 Loss2: 0.000017 
| Global Round : 42 | Client :7 | Local Epoch : 0 | [64/824 (8%)]	Loss1: 5.840248 Loss2: 0.000026 
| Global Round : 42 | Client :7 | Local Epoch : 0 | [704/824 (92%)]	Loss1: 5.841099 Loss2: 0.000031 
| Global Round : 42 | Client :7 | Local Epoch : 1 | [64/824 (8%)]	Loss1: 5.840792 Loss2: 0.000028 
| Global Round : 42 | Client :7 | Local Epoch : 1 | [704/824 (92%)]	Loss1: 5.840403 Loss2: 0.000032 
| Global Round : 42 | Client :7 | Local Epoch : 2 | [64/824 (8%)]	Loss1: 5.840913 Loss2: 0.000030 
| Global Round : 42 | Client :7 | Local Epoch : 2 | [704/824 (92%)]	Loss1: 5.840922 Loss2: 0.000026 
| Global Round : 42 | Client :7 | Local Epoch : 3 | [64/824 (8%)]	Loss1: 5.841057 Loss2: 0.000030 
| Global Round : 42 | Client :7 | Local Epoch : 3 | [704/824 (92%)]	Loss1: 5.839546 Loss2: 0.000026 
| Global Round : 42 | Client :7 | Local Epoch : 4 | [64/824 (8%)]	Loss1: 5.839485 Loss2: 0.000030 
| Global Round : 42 | Client :7 | Local Epoch : 4 | [704/824 (92%)]	Loss1: 5.839526 Loss2: 0.000030 
| Global Round : 42 | Client :8 | Local Epoch : 0 | [64/714 (9%)]	Loss1: 5.842135 Loss2: 0.000021 
| Global Round : 42 | Client :8 | Local Epoch : 0 | [704/714 (100%)]	Loss1: 5.841843 Loss2: 0.000026 
| Global Round : 42 | Client :8 | Local Epoch : 1 | [64/714 (9%)]	Loss1: 5.842377 Loss2: 0.000019 
| Global Round : 42 | Client :8 | Local Epoch : 1 | [704/714 (100%)]	Loss1: 5.841618 Loss2: 0.000030 
| Global Round : 42 | Client :8 | Local Epoch : 2 | [64/714 (9%)]	Loss1: 5.841020 Loss2: 0.000022 
| Global Round : 42 | Client :8 | Local Epoch : 2 | [704/714 (100%)]	Loss1: 5.840025 Loss2: 0.000022 
| Global Round : 42 | Client :8 | Local Epoch : 3 | [64/714 (9%)]	Loss1: 5.842072 Loss2: 0.000023 
| Global Round : 42 | Client :8 | Local Epoch : 3 | [704/714 (100%)]	Loss1: 5.841603 Loss2: 0.000022 
| Global Round : 42 | Client :8 | Local Epoch : 4 | [64/714 (9%)]	Loss1: 5.840759 Loss2: 0.000019 
| Global Round : 42 | Client :8 | Local Epoch : 4 | [704/714 (100%)]	Loss1: 5.840763 Loss2: 0.000025 
| Global Round : 42 | Client :9 | Local Epoch : 0 | [64/607 (11%)]	Loss1: 5.841286 Loss2: 0.000022 
| Global Round : 42 | Client :9 | Local Epoch : 1 | [64/607 (11%)]	Loss1: 5.842470 Loss2: 0.000020 
| Global Round : 42 | Client :9 | Local Epoch : 2 | [64/607 (11%)]	Loss1: 5.841719 Loss2: 0.000015 
| Global Round : 42 | Client :9 | Local Epoch : 3 | [64/607 (11%)]	Loss1: 5.841875 Loss2: 0.000022 
| Global Round : 42 | Client :9 | Local Epoch : 4 | [64/607 (11%)]	Loss1: 5.841024 Loss2: 0.000018 
average loss:   5.838487487928176
average local test accuracy: 0.829296875
average global test accuracy:  0.632421875

 | Global Training Round : 43 |

xi_k [0.47584614 0.532606   0.53257823 0.49480198 0.49078997 0.50781243
 0.51061206 0.4963511  0.52515622 0.50543626]
max_exp: -1.0
coe: 10
Regulation [0.8 0.8 0.8 0.8 0.8 0.8 0.8 0.8 0.8 0.8]
Solver status: optimal_inaccurate
b_new: [1. 1. 1. 1. 1. 1. 1. 1. 1. 1.]
Iter 0: obj=50.3199, best_obj=50.3199, ||b_new-b_prev||₂=2.846050
xi_k [0.47584614 0.532606   0.53257823 0.49480198 0.49078997 0.50781243
 0.51061206 0.4963511  0.52515622 0.50543626]
max_exp: -1.0
coe: 10
Regulation [-1. -1. -1. -1. -1. -1. -1. -1. -1. -1.]
Solver status: optimal_inaccurate
b_new: [1. 1. 1. 1. 1. 1. 1. 1. 1. 1.]
Iter 1: obj=51.2199, best_obj=51.2199, ||b_new-b_prev||₂=0.000000
Converged.
Final b: [1. 1. 1. 1. 1. 1. 1. 1. 1. 1.]
<class 'numpy.ndarray'>
b_float: [1. 1. 1. 1. 1. 1. 1. 1. 1. 1.]
b: [1 1 1 1 1 1 1 1 1 1]
active_clients:  [0, 1, 2, 3, 4, 5, 6, 7, 8, 9]
Client 0's s_k are:[0 0 1 1 1 1 1 1 1 1]
Client 1's s_k are:[0 0 1 1 0 0 0 0 0 1]
Client 2's s_k are:[1 1 0 1 1 1 1 0 1 1]
Client 3's s_k are:[0 0 1 0 1 1 1 1 1 0]
Client 4's s_k are:[0 1 1 0 0 1 0 0 0 0]
Client 5's s_k are:[1 1 0 0 0 0 0 1 0 1]
Client 6's s_k are:[1 1 1 1 1 0 0 1 1 1]
Client 7's s_k are:[1 0 0 1 0 0 0 0 1 0]
Client 8's s_k are:[1 0 1 0 1 1 0 1 0 0]
Client 9's s_k are:[0 0 0 1 0 0 0 0 1 0]
| Global Round : 43 | Client :0 | Local Epoch : 0 | [64/573 (12%)]	Loss1: 5.840058 Loss2: 0.000024 
| Global Round : 43 | Client :0 | Local Epoch : 1 | [64/573 (12%)]	Loss1: 5.840595 Loss2: 0.000024 
| Global Round : 43 | Client :0 | Local Epoch : 2 | [64/573 (12%)]	Loss1: 5.839860 Loss2: 0.000023 
| Global Round : 43 | Client :0 | Local Epoch : 3 | [64/573 (12%)]	Loss1: 5.839443 Loss2: 0.000022 
| Global Round : 43 | Client :0 | Local Epoch : 4 | [64/573 (12%)]	Loss1: 5.840018 Loss2: 0.000025 
| Global Round : 43 | Client :1 | Local Epoch : 0 | [64/448 (14%)]	Loss1: 5.840660 Loss2: 0.000019 
| Global Round : 43 | Client :1 | Local Epoch : 1 | [64/448 (14%)]	Loss1: 5.841403 Loss2: 0.000018 
| Global Round : 43 | Client :1 | Local Epoch : 2 | [64/448 (14%)]	Loss1: 5.841023 Loss2: 0.000017 
| Global Round : 43 | Client :1 | Local Epoch : 3 | [64/448 (14%)]	Loss1: 5.840056 Loss2: 0.000015 
| Global Round : 43 | Client :1 | Local Epoch : 4 | [64/448 (14%)]	Loss1: 5.842028 Loss2: 0.000016 
| Global Round : 43 | Client :2 | Local Epoch : 0 | [64/448 (14%)]	Loss1: 5.841478 Loss2: 0.000013 
| Global Round : 43 | Client :2 | Local Epoch : 1 | [64/448 (14%)]	Loss1: 5.840701 Loss2: 0.000014 
| Global Round : 43 | Client :2 | Local Epoch : 2 | [64/448 (14%)]	Loss1: 5.840353 Loss2: 0.000011 
| Global Round : 43 | Client :2 | Local Epoch : 3 | [64/448 (14%)]	Loss1: 5.841741 Loss2: 0.000013 
| Global Round : 43 | Client :2 | Local Epoch : 4 | [64/448 (14%)]	Loss1: 5.841290 Loss2: 0.000014 
| Global Round : 43 | Client :3 | Local Epoch : 0 | [64/620 (11%)]	Loss1: 5.840698 Loss2: 0.000017 
| Global Round : 43 | Client :3 | Local Epoch : 1 | [64/620 (11%)]	Loss1: 5.840312 Loss2: 0.000017 
| Global Round : 43 | Client :3 | Local Epoch : 2 | [64/620 (11%)]	Loss1: 5.841114 Loss2: 0.000017 
| Global Round : 43 | Client :3 | Local Epoch : 3 | [64/620 (11%)]	Loss1: 5.841096 Loss2: 0.000017 
| Global Round : 43 | Client :3 | Local Epoch : 4 | [64/620 (11%)]	Loss1: 5.840568 Loss2: 0.000016 
| Global Round : 43 | Client :4 | Local Epoch : 0 | [64/625 (11%)]	Loss1: 5.840775 Loss2: 0.000021 
| Global Round : 43 | Client :4 | Local Epoch : 1 | [64/625 (11%)]	Loss1: 5.840152 Loss2: 0.000020 
| Global Round : 43 | Client :4 | Local Epoch : 2 | [64/625 (11%)]	Loss1: 5.840737 Loss2: 0.000024 
| Global Round : 43 | Client :4 | Local Epoch : 3 | [64/625 (11%)]	Loss1: 5.840021 Loss2: 0.000025 
| Global Round : 43 | Client :4 | Local Epoch : 4 | [64/625 (11%)]	Loss1: 5.839907 Loss2: 0.000022 
| Global Round : 43 | Client :5 | Local Epoch : 0 | [64/604 (11%)]	Loss1: 5.839612 Loss2: 0.000021 
| Global Round : 43 | Client :5 | Local Epoch : 1 | [64/604 (11%)]	Loss1: 5.839176 Loss2: 0.000022 
| Global Round : 43 | Client :5 | Local Epoch : 2 | [64/604 (11%)]	Loss1: 5.840835 Loss2: 0.000019 
| Global Round : 43 | Client :5 | Local Epoch : 3 | [64/604 (11%)]	Loss1: 5.839470 Loss2: 0.000018 
| Global Round : 43 | Client :5 | Local Epoch : 4 | [64/604 (11%)]	Loss1: 5.839317 Loss2: 0.000023 
| Global Round : 43 | Client :6 | Local Epoch : 0 | [64/534 (12%)]	Loss1: 5.841363 Loss2: 0.000016 
| Global Round : 43 | Client :6 | Local Epoch : 1 | [64/534 (12%)]	Loss1: 5.840367 Loss2: 0.000015 
| Global Round : 43 | Client :6 | Local Epoch : 2 | [64/534 (12%)]	Loss1: 5.841150 Loss2: 0.000016 
| Global Round : 43 | Client :6 | Local Epoch : 3 | [64/534 (12%)]	Loss1: 5.841257 Loss2: 0.000019 
| Global Round : 43 | Client :6 | Local Epoch : 4 | [64/534 (12%)]	Loss1: 5.840933 Loss2: 0.000015 
| Global Round : 43 | Client :7 | Local Epoch : 0 | [64/824 (8%)]	Loss1: 5.840290 Loss2: 0.000027 
| Global Round : 43 | Client :7 | Local Epoch : 0 | [704/824 (92%)]	Loss1: 5.839386 Loss2: 0.000033 
| Global Round : 43 | Client :7 | Local Epoch : 1 | [64/824 (8%)]	Loss1: 5.839894 Loss2: 0.000023 
| Global Round : 43 | Client :7 | Local Epoch : 1 | [704/824 (92%)]	Loss1: 5.840238 Loss2: 0.000029 
| Global Round : 43 | Client :7 | Local Epoch : 2 | [64/824 (8%)]	Loss1: 5.839443 Loss2: 0.000029 
| Global Round : 43 | Client :7 | Local Epoch : 2 | [704/824 (92%)]	Loss1: 5.840411 Loss2: 0.000025 
| Global Round : 43 | Client :7 | Local Epoch : 3 | [64/824 (8%)]	Loss1: 5.840041 Loss2: 0.000023 
| Global Round : 43 | Client :7 | Local Epoch : 3 | [704/824 (92%)]	Loss1: 5.840175 Loss2: 0.000031 
| Global Round : 43 | Client :7 | Local Epoch : 4 | [64/824 (8%)]	Loss1: 5.840154 Loss2: 0.000028 
| Global Round : 43 | Client :7 | Local Epoch : 4 | [704/824 (92%)]	Loss1: 5.839526 Loss2: 0.000030 
| Global Round : 43 | Client :8 | Local Epoch : 0 | [64/714 (9%)]	Loss1: 5.841879 Loss2: 0.000021 
| Global Round : 43 | Client :8 | Local Epoch : 0 | [704/714 (100%)]	Loss1: 5.842531 Loss2: 0.000029 
| Global Round : 43 | Client :8 | Local Epoch : 1 | [64/714 (9%)]	Loss1: 5.841355 Loss2: 0.000022 
| Global Round : 43 | Client :8 | Local Epoch : 1 | [704/714 (100%)]	Loss1: 5.841859 Loss2: 0.000025 
| Global Round : 43 | Client :8 | Local Epoch : 2 | [64/714 (9%)]	Loss1: 5.841255 Loss2: 0.000027 
| Global Round : 43 | Client :8 | Local Epoch : 2 | [704/714 (100%)]	Loss1: 5.843517 Loss2: 0.000025 
| Global Round : 43 | Client :8 | Local Epoch : 3 | [64/714 (9%)]	Loss1: 5.842786 Loss2: 0.000024 
| Global Round : 43 | Client :8 | Local Epoch : 3 | [704/714 (100%)]	Loss1: 5.840961 Loss2: 0.000024 
| Global Round : 43 | Client :8 | Local Epoch : 4 | [64/714 (9%)]	Loss1: 5.842061 Loss2: 0.000020 
| Global Round : 43 | Client :8 | Local Epoch : 4 | [704/714 (100%)]	Loss1: 5.840937 Loss2: 0.000029 
| Global Round : 43 | Client :9 | Local Epoch : 0 | [64/607 (11%)]	Loss1: 5.841312 Loss2: 0.000019 
| Global Round : 43 | Client :9 | Local Epoch : 1 | [64/607 (11%)]	Loss1: 5.841054 Loss2: 0.000017 
| Global Round : 43 | Client :9 | Local Epoch : 2 | [64/607 (11%)]	Loss1: 5.840623 Loss2: 0.000020 
| Global Round : 43 | Client :9 | Local Epoch : 3 | [64/607 (11%)]	Loss1: 5.841871 Loss2: 0.000016 
| Global Round : 43 | Client :9 | Local Epoch : 4 | [64/607 (11%)]	Loss1: 5.841776 Loss2: 0.000019 
average loss:   5.8385349019351285
average local test accuracy: 0.8404947916666666
average global test accuracy:  0.657421875

 | Global Training Round : 44 |

xi_k [0.4758704  0.53258416 0.53257873 0.49481006 0.49079474 0.50781427
 0.51062793 0.4963894  0.52514447 0.5054268 ]
max_exp: -1.0
coe: 10
Regulation [0.8 0.8 0.8 0.8 0.8 0.8 0.8 0.8 0.8 0.8]
Solver status: optimal_inaccurate
b_new: [1. 1. 1. 1. 1. 1. 1. 1. 1. 1.]
Iter 0: obj=50.3204, best_obj=50.3204, ||b_new-b_prev||₂=2.846050
xi_k [0.4758704  0.53258416 0.53257873 0.49481006 0.49079474 0.50781427
 0.51062793 0.4963894  0.52514447 0.5054268 ]
max_exp: -1.0
coe: 10
Regulation [-1. -1. -1. -1. -1. -1. -1. -1. -1. -1.]
Solver status: optimal_inaccurate
b_new: [1. 1. 1. 1. 1. 1. 1. 1. 1. 1.]
Iter 1: obj=51.2204, best_obj=51.2204, ||b_new-b_prev||₂=0.000000
Converged.
Final b: [1. 1. 1. 1. 1. 1. 1. 1. 1. 1.]
<class 'numpy.ndarray'>
b_float: [1. 1. 1. 1. 1. 1. 1. 1. 1. 1.]
b: [1 1 1 1 1 1 1 1 1 1]
active_clients:  [0, 1, 2, 3, 4, 5, 6, 7, 8, 9]
Client 0's s_k are:[0 1 1 1 1 1 1 1 1 1]
Client 1's s_k are:[0 0 1 1 1 1 1 1 1 0]
Client 2's s_k are:[0 0 0 0 0 0 0 0 0 1]
Client 3's s_k are:[0 0 0 0 1 1 1 0 1 0]
Client 4's s_k are:[0 0 1 0 0 0 1 0 0 0]
Client 5's s_k are:[1 1 0 0 0 0 1 0 1 1]
Client 6's s_k are:[1 1 1 1 1 1 0 1 1 1]
Client 7's s_k are:[1 0 0 0 0 0 0 0 0 0]
Client 8's s_k are:[0 0 1 1 1 1 1 0 0 0]
Client 9's s_k are:[0 1 1 1 1 1 1 1 0 0]
| Global Round : 44 | Client :0 | Local Epoch : 0 | [64/573 (12%)]	Loss1: 5.839644 Loss2: 0.000021 
| Global Round : 44 | Client :0 | Local Epoch : 1 | [64/573 (12%)]	Loss1: 5.839362 Loss2: 0.000020 
| Global Round : 44 | Client :0 | Local Epoch : 2 | [64/573 (12%)]	Loss1: 5.840187 Loss2: 0.000023 
| Global Round : 44 | Client :0 | Local Epoch : 3 | [64/573 (12%)]	Loss1: 5.839937 Loss2: 0.000022 
| Global Round : 44 | Client :0 | Local Epoch : 4 | [64/573 (12%)]	Loss1: 5.840932 Loss2: 0.000022 
| Global Round : 44 | Client :1 | Local Epoch : 0 | [64/448 (14%)]	Loss1: 5.841092 Loss2: 0.000013 
| Global Round : 44 | Client :1 | Local Epoch : 1 | [64/448 (14%)]	Loss1: 5.840847 Loss2: 0.000015 
| Global Round : 44 | Client :1 | Local Epoch : 2 | [64/448 (14%)]	Loss1: 5.840771 Loss2: 0.000012 
| Global Round : 44 | Client :1 | Local Epoch : 3 | [64/448 (14%)]	Loss1: 5.840591 Loss2: 0.000012 
| Global Round : 44 | Client :1 | Local Epoch : 4 | [64/448 (14%)]	Loss1: 5.841673 Loss2: 0.000013 
| Global Round : 44 | Client :2 | Local Epoch : 0 | [64/448 (14%)]	Loss1: 5.841026 Loss2: 0.000021 
| Global Round : 44 | Client :2 | Local Epoch : 1 | [64/448 (14%)]	Loss1: 5.840471 Loss2: 0.000016 
| Global Round : 44 | Client :2 | Local Epoch : 2 | [64/448 (14%)]	Loss1: 5.841764 Loss2: 0.000017 
| Global Round : 44 | Client :2 | Local Epoch : 3 | [64/448 (14%)]	Loss1: 5.840414 Loss2: 0.000017 
| Global Round : 44 | Client :2 | Local Epoch : 4 | [64/448 (14%)]	Loss1: 5.841167 Loss2: 0.000021 
| Global Round : 44 | Client :3 | Local Epoch : 0 | [64/620 (11%)]	Loss1: 5.841344 Loss2: 0.000017 
| Global Round : 44 | Client :3 | Local Epoch : 1 | [64/620 (11%)]	Loss1: 5.841821 Loss2: 0.000017 
| Global Round : 44 | Client :3 | Local Epoch : 2 | [64/620 (11%)]	Loss1: 5.840524 Loss2: 0.000015 
| Global Round : 44 | Client :3 | Local Epoch : 3 | [64/620 (11%)]	Loss1: 5.839917 Loss2: 0.000017 
| Global Round : 44 | Client :3 | Local Epoch : 4 | [64/620 (11%)]	Loss1: 5.840652 Loss2: 0.000016 
| Global Round : 44 | Client :4 | Local Epoch : 0 | [64/625 (11%)]	Loss1: 5.839792 Loss2: 0.000018 
| Global Round : 44 | Client :4 | Local Epoch : 1 | [64/625 (11%)]	Loss1: 5.840047 Loss2: 0.000016 
| Global Round : 44 | Client :4 | Local Epoch : 2 | [64/625 (11%)]	Loss1: 5.839429 Loss2: 0.000018 
| Global Round : 44 | Client :4 | Local Epoch : 3 | [64/625 (11%)]	Loss1: 5.840711 Loss2: 0.000015 
| Global Round : 44 | Client :4 | Local Epoch : 4 | [64/625 (11%)]	Loss1: 5.839397 Loss2: 0.000018 
| Global Round : 44 | Client :5 | Local Epoch : 0 | [64/604 (11%)]	Loss1: 5.839166 Loss2: 0.000018 
| Global Round : 44 | Client :5 | Local Epoch : 1 | [64/604 (11%)]	Loss1: 5.839498 Loss2: 0.000018 
| Global Round : 44 | Client :5 | Local Epoch : 2 | [64/604 (11%)]	Loss1: 5.839532 Loss2: 0.000016 
| Global Round : 44 | Client :5 | Local Epoch : 3 | [64/604 (11%)]	Loss1: 5.839914 Loss2: 0.000019 
| Global Round : 44 | Client :5 | Local Epoch : 4 | [64/604 (11%)]	Loss1: 5.839555 Loss2: 0.000016 
| Global Round : 44 | Client :6 | Local Epoch : 0 | [64/534 (12%)]	Loss1: 5.839938 Loss2: 0.000010 
| Global Round : 44 | Client :6 | Local Epoch : 1 | [64/534 (12%)]	Loss1: 5.840799 Loss2: 0.000013 
| Global Round : 44 | Client :6 | Local Epoch : 2 | [64/534 (12%)]	Loss1: 5.840766 Loss2: 0.000013 
| Global Round : 44 | Client :6 | Local Epoch : 3 | [64/534 (12%)]	Loss1: 5.841403 Loss2: 0.000015 
| Global Round : 44 | Client :6 | Local Epoch : 4 | [64/534 (12%)]	Loss1: 5.840402 Loss2: 0.000013 
| Global Round : 44 | Client :7 | Local Epoch : 0 | [64/824 (8%)]	Loss1: 5.839597 Loss2: 0.000032 
| Global Round : 44 | Client :7 | Local Epoch : 0 | [704/824 (92%)]	Loss1: 5.839286 Loss2: 0.000050 
| Global Round : 44 | Client :7 | Local Epoch : 1 | [64/824 (8%)]	Loss1: 5.840259 Loss2: 0.000039 
| Global Round : 44 | Client :7 | Local Epoch : 1 | [704/824 (92%)]	Loss1: 5.839682 Loss2: 0.000040 
| Global Round : 44 | Client :7 | Local Epoch : 2 | [64/824 (8%)]	Loss1: 5.840048 Loss2: 0.000043 
| Global Round : 44 | Client :7 | Local Epoch : 2 | [704/824 (92%)]	Loss1: 5.840592 Loss2: 0.000041 
| Global Round : 44 | Client :7 | Local Epoch : 3 | [64/824 (8%)]	Loss1: 5.840233 Loss2: 0.000039 
| Global Round : 44 | Client :7 | Local Epoch : 3 | [704/824 (92%)]	Loss1: 5.839719 Loss2: 0.000043 
| Global Round : 44 | Client :7 | Local Epoch : 4 | [64/824 (8%)]	Loss1: 5.840736 Loss2: 0.000036 
| Global Round : 44 | Client :7 | Local Epoch : 4 | [704/824 (92%)]	Loss1: 5.840327 Loss2: 0.000038 
| Global Round : 44 | Client :8 | Local Epoch : 0 | [64/714 (9%)]	Loss1: 5.841499 Loss2: 0.000023 
| Global Round : 44 | Client :8 | Local Epoch : 0 | [704/714 (100%)]	Loss1: 5.842401 Loss2: 0.000035 
| Global Round : 44 | Client :8 | Local Epoch : 1 | [64/714 (9%)]	Loss1: 5.841878 Loss2: 0.000024 
| Global Round : 44 | Client :8 | Local Epoch : 1 | [704/714 (100%)]	Loss1: 5.841880 Loss2: 0.000027 
| Global Round : 44 | Client :8 | Local Epoch : 2 | [64/714 (9%)]	Loss1: 5.841410 Loss2: 0.000024 
| Global Round : 44 | Client :8 | Local Epoch : 2 | [704/714 (100%)]	Loss1: 5.841834 Loss2: 0.000027 
| Global Round : 44 | Client :8 | Local Epoch : 3 | [64/714 (9%)]	Loss1: 5.842266 Loss2: 0.000029 
| Global Round : 44 | Client :8 | Local Epoch : 3 | [704/714 (100%)]	Loss1: 5.841807 Loss2: 0.000027 
| Global Round : 44 | Client :8 | Local Epoch : 4 | [64/714 (9%)]	Loss1: 5.842300 Loss2: 0.000026 
| Global Round : 44 | Client :8 | Local Epoch : 4 | [704/714 (100%)]	Loss1: 5.841041 Loss2: 0.000024 
| Global Round : 44 | Client :9 | Local Epoch : 0 | [64/607 (11%)]	Loss1: 5.841178 Loss2: 0.000014 
| Global Round : 44 | Client :9 | Local Epoch : 1 | [64/607 (11%)]	Loss1: 5.840755 Loss2: 0.000018 
| Global Round : 44 | Client :9 | Local Epoch : 2 | [64/607 (11%)]	Loss1: 5.841081 Loss2: 0.000020 
| Global Round : 44 | Client :9 | Local Epoch : 3 | [64/607 (11%)]	Loss1: 5.840898 Loss2: 0.000016 
| Global Round : 44 | Client :9 | Local Epoch : 4 | [64/607 (11%)]	Loss1: 5.841728 Loss2: 0.000019 
average loss:   5.838422592274554
average local test accuracy: 0.8256510416666668
average global test accuracy:  0.63046875

 | Global Training Round : 45 |

xi_k [0.47584838 0.53256908 0.53253384 0.49478646 0.49079547 0.50780062
 0.5106452  0.4963937  0.52515211 0.50544262]
max_exp: -1.0
coe: 10
Regulation [0.8 0.8 0.8 0.8 0.8 0.8 0.8 0.8 0.8 0.8]
Solver status: optimal_inaccurate
b_new: [1. 1. 1. 1. 1. 1. 1. 1. 1. 1.]
Iter 0: obj=50.3197, best_obj=50.3197, ||b_new-b_prev||₂=2.846050
xi_k [0.47584838 0.53256908 0.53253384 0.49478646 0.49079547 0.50780062
 0.5106452  0.4963937  0.52515211 0.50544262]
max_exp: -1.0
coe: 10
Regulation [-1. -1. -1. -1. -1. -1. -1. -1. -1. -1.]
Solver status: optimal_inaccurate
b_new: [1. 1. 1. 1. 1. 1. 1. 1. 1. 1.]
Iter 1: obj=51.2197, best_obj=51.2197, ||b_new-b_prev||₂=0.000000
Converged.
Final b: [1. 1. 1. 1. 1. 1. 1. 1. 1. 1.]
<class 'numpy.ndarray'>
b_float: [1. 1. 1. 1. 1. 1. 1. 1. 1. 1.]
b: [1 1 1 1 1 1 1 1 1 1]
active_clients:  [0, 1, 2, 3, 4, 5, 6, 7, 8, 9]
Client 0's s_k are:[0 0 0 1 0 0 0 0 0 0]
Client 1's s_k are:[1 0 1 1 1 0 1 0 1 1]
Client 2's s_k are:[0 0 0 1 0 0 0 0 0 1]
Client 3's s_k are:[1 1 1 0 1 1 1 1 1 1]
Client 4's s_k are:[1 1 0 1 0 1 0 1 1 1]
Client 5's s_k are:[0 0 1 0 0 0 0 0 0 1]
Client 6's s_k are:[0 1 1 0 1 1 0 1 0 1]
Client 7's s_k are:[1 1 1 0 1 0 1 0 0 0]
Client 8's s_k are:[0 1 0 1 0 1 1 1 0 1]
Client 9's s_k are:[0 1 1 1 1 1 1 0 0 0]
| Global Round : 45 | Client :0 | Local Epoch : 0 | [64/573 (12%)]	Loss1: 5.840088 Loss2: 0.000034 
| Global Round : 45 | Client :0 | Local Epoch : 1 | [64/573 (12%)]	Loss1: 5.840041 Loss2: 0.000028 
| Global Round : 45 | Client :0 | Local Epoch : 2 | [64/573 (12%)]	Loss1: 5.840165 Loss2: 0.000028 
| Global Round : 45 | Client :0 | Local Epoch : 3 | [64/573 (12%)]	Loss1: 5.839770 Loss2: 0.000031 
| Global Round : 45 | Client :0 | Local Epoch : 4 | [64/573 (12%)]	Loss1: 5.840181 Loss2: 0.000032 
| Global Round : 45 | Client :1 | Local Epoch : 0 | [64/448 (14%)]	Loss1: 5.841336 Loss2: 0.000017 
| Global Round : 45 | Client :1 | Local Epoch : 1 | [64/448 (14%)]	Loss1: 5.841431 Loss2: 0.000014 
| Global Round : 45 | Client :1 | Local Epoch : 2 | [64/448 (14%)]	Loss1: 5.841053 Loss2: 0.000016 
| Global Round : 45 | Client :1 | Local Epoch : 3 | [64/448 (14%)]	Loss1: 5.841660 Loss2: 0.000015 
| Global Round : 45 | Client :1 | Local Epoch : 4 | [64/448 (14%)]	Loss1: 5.841680 Loss2: 0.000014 
| Global Round : 45 | Client :2 | Local Epoch : 0 | [64/448 (14%)]	Loss1: 5.840183 Loss2: 0.000010 
| Global Round : 45 | Client :2 | Local Epoch : 1 | [64/448 (14%)]	Loss1: 5.840994 Loss2: 0.000012 
| Global Round : 45 | Client :2 | Local Epoch : 2 | [64/448 (14%)]	Loss1: 5.840866 Loss2: 0.000014 
| Global Round : 45 | Client :2 | Local Epoch : 3 | [64/448 (14%)]	Loss1: 5.840858 Loss2: 0.000013 
| Global Round : 45 | Client :2 | Local Epoch : 4 | [64/448 (14%)]	Loss1: 5.840339 Loss2: 0.000013 
| Global Round : 45 | Client :3 | Local Epoch : 0 | [64/620 (11%)]	Loss1: 5.840559 Loss2: 0.000016 
| Global Round : 45 | Client :3 | Local Epoch : 1 | [64/620 (11%)]	Loss1: 5.841084 Loss2: 0.000015 
| Global Round : 45 | Client :3 | Local Epoch : 2 | [64/620 (11%)]	Loss1: 5.840997 Loss2: 0.000012 
| Global Round : 45 | Client :3 | Local Epoch : 3 | [64/620 (11%)]	Loss1: 5.840904 Loss2: 0.000017 
| Global Round : 45 | Client :3 | Local Epoch : 4 | [64/620 (11%)]	Loss1: 5.841321 Loss2: 0.000016 
| Global Round : 45 | Client :4 | Local Epoch : 0 | [64/625 (11%)]	Loss1: 5.840444 Loss2: 0.000024 
| Global Round : 45 | Client :4 | Local Epoch : 1 | [64/625 (11%)]	Loss1: 5.840908 Loss2: 0.000024 
| Global Round : 45 | Client :4 | Local Epoch : 2 | [64/625 (11%)]	Loss1: 5.840855 Loss2: 0.000022 
| Global Round : 45 | Client :4 | Local Epoch : 3 | [64/625 (11%)]	Loss1: 5.842095 Loss2: 0.000020 
| Global Round : 45 | Client :4 | Local Epoch : 4 | [64/625 (11%)]	Loss1: 5.840909 Loss2: 0.000022 
| Global Round : 45 | Client :5 | Local Epoch : 0 | [64/604 (11%)]	Loss1: 5.840118 Loss2: 0.000015 
| Global Round : 45 | Client :5 | Local Epoch : 1 | [64/604 (11%)]	Loss1: 5.839745 Loss2: 0.000018 
| Global Round : 45 | Client :5 | Local Epoch : 2 | [64/604 (11%)]	Loss1: 5.839727 Loss2: 0.000016 
| Global Round : 45 | Client :5 | Local Epoch : 3 | [64/604 (11%)]	Loss1: 5.839536 Loss2: 0.000015 
| Global Round : 45 | Client :5 | Local Epoch : 4 | [64/604 (11%)]	Loss1: 5.839296 Loss2: 0.000014 
| Global Round : 45 | Client :6 | Local Epoch : 0 | [64/534 (12%)]	Loss1: 5.840440 Loss2: 0.000015 
| Global Round : 45 | Client :6 | Local Epoch : 1 | [64/534 (12%)]	Loss1: 5.842127 Loss2: 0.000018 
| Global Round : 45 | Client :6 | Local Epoch : 2 | [64/534 (12%)]	Loss1: 5.840011 Loss2: 0.000012 
| Global Round : 45 | Client :6 | Local Epoch : 3 | [64/534 (12%)]	Loss1: 5.841341 Loss2: 0.000012 
| Global Round : 45 | Client :6 | Local Epoch : 4 | [64/534 (12%)]	Loss1: 5.840051 Loss2: 0.000014 
| Global Round : 45 | Client :7 | Local Epoch : 0 | [64/824 (8%)]	Loss1: 5.840291 Loss2: 0.000021 
| Global Round : 45 | Client :7 | Local Epoch : 0 | [704/824 (92%)]	Loss1: 5.839838 Loss2: 0.000025 
| Global Round : 45 | Client :7 | Local Epoch : 1 | [64/824 (8%)]	Loss1: 5.840350 Loss2: 0.000021 
| Global Round : 45 | Client :7 | Local Epoch : 1 | [704/824 (92%)]	Loss1: 5.839981 Loss2: 0.000023 
| Global Round : 45 | Client :7 | Local Epoch : 2 | [64/824 (8%)]	Loss1: 5.841520 Loss2: 0.000021 
| Global Round : 45 | Client :7 | Local Epoch : 2 | [704/824 (92%)]	Loss1: 5.839542 Loss2: 0.000023 
| Global Round : 45 | Client :7 | Local Epoch : 3 | [64/824 (8%)]	Loss1: 5.839749 Loss2: 0.000022 
| Global Round : 45 | Client :7 | Local Epoch : 3 | [704/824 (92%)]	Loss1: 5.841098 Loss2: 0.000027 
| Global Round : 45 | Client :7 | Local Epoch : 4 | [64/824 (8%)]	Loss1: 5.839015 Loss2: 0.000026 
| Global Round : 45 | Client :7 | Local Epoch : 4 | [704/824 (92%)]	Loss1: 5.839410 Loss2: 0.000024 
| Global Round : 45 | Client :8 | Local Epoch : 0 | [64/714 (9%)]	Loss1: 5.841551 Loss2: 0.000021 
| Global Round : 45 | Client :8 | Local Epoch : 0 | [704/714 (100%)]	Loss1: 5.841939 Loss2: 0.000027 
| Global Round : 45 | Client :8 | Local Epoch : 1 | [64/714 (9%)]	Loss1: 5.842952 Loss2: 0.000022 
| Global Round : 45 | Client :8 | Local Epoch : 1 | [704/714 (100%)]	Loss1: 5.842204 Loss2: 0.000023 
| Global Round : 45 | Client :8 | Local Epoch : 2 | [64/714 (9%)]	Loss1: 5.840056 Loss2: 0.000023 
| Global Round : 45 | Client :8 | Local Epoch : 2 | [704/714 (100%)]	Loss1: 5.841262 Loss2: 0.000018 
| Global Round : 45 | Client :8 | Local Epoch : 3 | [64/714 (9%)]	Loss1: 5.841560 Loss2: 0.000020 
| Global Round : 45 | Client :8 | Local Epoch : 3 | [704/714 (100%)]	Loss1: 5.840461 Loss2: 0.000023 
| Global Round : 45 | Client :8 | Local Epoch : 4 | [64/714 (9%)]	Loss1: 5.840780 Loss2: 0.000023 
| Global Round : 45 | Client :8 | Local Epoch : 4 | [704/714 (100%)]	Loss1: 5.841287 Loss2: 0.000023 
| Global Round : 45 | Client :9 | Local Epoch : 0 | [64/607 (11%)]	Loss1: 5.840512 Loss2: 0.000016 
| Global Round : 45 | Client :9 | Local Epoch : 1 | [64/607 (11%)]	Loss1: 5.841033 Loss2: 0.000016 
| Global Round : 45 | Client :9 | Local Epoch : 2 | [64/607 (11%)]	Loss1: 5.841537 Loss2: 0.000013 
| Global Round : 45 | Client :9 | Local Epoch : 3 | [64/607 (11%)]	Loss1: 5.840677 Loss2: 0.000018 
| Global Round : 45 | Client :9 | Local Epoch : 4 | [64/607 (11%)]	Loss1: 5.841484 Loss2: 0.000019 
average loss:   5.838438122157238
average local test accuracy: 0.8272135416666666
average global test accuracy:  0.669921875

 | Global Training Round : 46 |

xi_k [0.47585193 0.53258923 0.53253805 0.49480165 0.49079153 0.50779783
 0.5106147  0.4963741  0.52513012 0.50542442]
max_exp: -1.0
coe: 10
Regulation [0.8 0.8 0.8 0.8 0.8 0.8 0.8 0.8 0.8 0.8]
Solver status: optimal_inaccurate
b_new: [1. 1. 1. 1. 1. 1. 1. 1. 1. 1.]
Iter 0: obj=50.3191, best_obj=50.3191, ||b_new-b_prev||₂=2.846050
xi_k [0.47585193 0.53258923 0.53253805 0.49480165 0.49079153 0.50779783
 0.5106147  0.4963741  0.52513012 0.50542442]
max_exp: -1.0
coe: 10
Regulation [-1. -1. -1. -1. -1. -1. -1. -1. -1. -1.]
Solver status: optimal_inaccurate
b_new: [1. 1. 1. 1. 1. 1. 1. 1. 1. 1.]
Iter 1: obj=51.2191, best_obj=51.2191, ||b_new-b_prev||₂=0.000000
Converged.
Final b: [1. 1. 1. 1. 1. 1. 1. 1. 1. 1.]
<class 'numpy.ndarray'>
b_float: [1. 1. 1. 1. 1. 1. 1. 1. 1. 1.]
b: [1 1 1 1 1 1 1 1 1 1]
active_clients:  [0, 1, 2, 3, 4, 5, 6, 7, 8, 9]
Client 0's s_k are:[0 1 1 1 1 1 1 1 1 1]
Client 1's s_k are:[1 0 1 1 1 1 1 0 1 1]
Client 2's s_k are:[0 0 0 0 0 0 0 0 0 1]
Client 3's s_k are:[0 0 0 0 1 0 1 1 1 1]
Client 4's s_k are:[1 1 1 1 0 1 1 1 1 1]
Client 5's s_k are:[0 0 0 0 0 0 0 0 0 1]
Client 6's s_k are:[0 0 1 0 0 0 0 0 0 0]
Client 7's s_k are:[1 1 1 0 1 1 1 0 1 0]
Client 8's s_k are:[1 1 1 1 1 1 1 1 0 1]
Client 9's s_k are:[0 0 0 1 1 0 1 1 1 0]
| Global Round : 46 | Client :0 | Local Epoch : 0 | [64/573 (12%)]	Loss1: 5.839867 Loss2: 0.000026 
| Global Round : 46 | Client :0 | Local Epoch : 1 | [64/573 (12%)]	Loss1: 5.840698 Loss2: 0.000024 
| Global Round : 46 | Client :0 | Local Epoch : 2 | [64/573 (12%)]	Loss1: 5.839548 Loss2: 0.000020 
| Global Round : 46 | Client :0 | Local Epoch : 3 | [64/573 (12%)]	Loss1: 5.839550 Loss2: 0.000022 
| Global Round : 46 | Client :0 | Local Epoch : 4 | [64/573 (12%)]	Loss1: 5.840107 Loss2: 0.000022 
| Global Round : 46 | Client :1 | Local Epoch : 0 | [64/448 (14%)]	Loss1: 5.840507 Loss2: 0.000015 
| Global Round : 46 | Client :1 | Local Epoch : 1 | [64/448 (14%)]	Loss1: 5.841384 Loss2: 0.000017 
| Global Round : 46 | Client :1 | Local Epoch : 2 | [64/448 (14%)]	Loss1: 5.841043 Loss2: 0.000016 
| Global Round : 46 | Client :1 | Local Epoch : 3 | [64/448 (14%)]	Loss1: 5.839967 Loss2: 0.000013 
| Global Round : 46 | Client :1 | Local Epoch : 4 | [64/448 (14%)]	Loss1: 5.840837 Loss2: 0.000014 
| Global Round : 46 | Client :2 | Local Epoch : 0 | [64/448 (14%)]	Loss1: 5.840365 Loss2: 0.000016 
| Global Round : 46 | Client :2 | Local Epoch : 1 | [64/448 (14%)]	Loss1: 5.840056 Loss2: 0.000016 
| Global Round : 46 | Client :2 | Local Epoch : 2 | [64/448 (14%)]	Loss1: 5.839511 Loss2: 0.000014 
| Global Round : 46 | Client :2 | Local Epoch : 3 | [64/448 (14%)]	Loss1: 5.839957 Loss2: 0.000015 
| Global Round : 46 | Client :2 | Local Epoch : 4 | [64/448 (14%)]	Loss1: 5.839965 Loss2: 0.000017 
| Global Round : 46 | Client :3 | Local Epoch : 0 | [64/620 (11%)]	Loss1: 5.840636 Loss2: 0.000015 
| Global Round : 46 | Client :3 | Local Epoch : 1 | [64/620 (11%)]	Loss1: 5.840427 Loss2: 0.000020 
| Global Round : 46 | Client :3 | Local Epoch : 2 | [64/620 (11%)]	Loss1: 5.839880 Loss2: 0.000017 
| Global Round : 46 | Client :3 | Local Epoch : 3 | [64/620 (11%)]	Loss1: 5.841274 Loss2: 0.000018 
| Global Round : 46 | Client :3 | Local Epoch : 4 | [64/620 (11%)]	Loss1: 5.840781 Loss2: 0.000019 
| Global Round : 46 | Client :4 | Local Epoch : 0 | [64/625 (11%)]	Loss1: 5.839923 Loss2: 0.000020 
| Global Round : 46 | Client :4 | Local Epoch : 1 | [64/625 (11%)]	Loss1: 5.840522 Loss2: 0.000016 
| Global Round : 46 | Client :4 | Local Epoch : 2 | [64/625 (11%)]	Loss1: 5.840778 Loss2: 0.000027 
| Global Round : 46 | Client :4 | Local Epoch : 3 | [64/625 (11%)]	Loss1: 5.841300 Loss2: 0.000020 
| Global Round : 46 | Client :4 | Local Epoch : 4 | [64/625 (11%)]	Loss1: 5.839751 Loss2: 0.000017 
| Global Round : 46 | Client :5 | Local Epoch : 0 | [64/604 (11%)]	Loss1: 5.839488 Loss2: 0.000019 
| Global Round : 46 | Client :5 | Local Epoch : 1 | [64/604 (11%)]	Loss1: 5.840371 Loss2: 0.000019 
| Global Round : 46 | Client :5 | Local Epoch : 2 | [64/604 (11%)]	Loss1: 5.839857 Loss2: 0.000015 
| Global Round : 46 | Client :5 | Local Epoch : 3 | [64/604 (11%)]	Loss1: 5.839482 Loss2: 0.000017 
| Global Round : 46 | Client :5 | Local Epoch : 4 | [64/604 (11%)]	Loss1: 5.839447 Loss2: 0.000016 
| Global Round : 46 | Client :6 | Local Epoch : 0 | [64/534 (12%)]	Loss1: 5.841221 Loss2: 0.000017 
| Global Round : 46 | Client :6 | Local Epoch : 1 | [64/534 (12%)]	Loss1: 5.841608 Loss2: 0.000017 
| Global Round : 46 | Client :6 | Local Epoch : 2 | [64/534 (12%)]	Loss1: 5.840347 Loss2: 0.000018 
| Global Round : 46 | Client :6 | Local Epoch : 3 | [64/534 (12%)]	Loss1: 5.840868 Loss2: 0.000021 
| Global Round : 46 | Client :6 | Local Epoch : 4 | [64/534 (12%)]	Loss1: 5.840885 Loss2: 0.000018 
| Global Round : 46 | Client :7 | Local Epoch : 0 | [64/824 (8%)]	Loss1: 5.840199 Loss2: 0.000022 
| Global Round : 46 | Client :7 | Local Epoch : 0 | [704/824 (92%)]	Loss1: 5.840335 Loss2: 0.000023 
| Global Round : 46 | Client :7 | Local Epoch : 1 | [64/824 (8%)]	Loss1: 5.839360 Loss2: 0.000025 
| Global Round : 46 | Client :7 | Local Epoch : 1 | [704/824 (92%)]	Loss1: 5.839592 Loss2: 0.000030 
| Global Round : 46 | Client :7 | Local Epoch : 2 | [64/824 (8%)]	Loss1: 5.839716 Loss2: 0.000024 
| Global Round : 46 | Client :7 | Local Epoch : 2 | [704/824 (92%)]	Loss1: 5.839616 Loss2: 0.000026 
| Global Round : 46 | Client :7 | Local Epoch : 3 | [64/824 (8%)]	Loss1: 5.839725 Loss2: 0.000020 
| Global Round : 46 | Client :7 | Local Epoch : 3 | [704/824 (92%)]	Loss1: 5.839669 Loss2: 0.000023 
| Global Round : 46 | Client :7 | Local Epoch : 4 | [64/824 (8%)]	Loss1: 5.839762 Loss2: 0.000027 
| Global Round : 46 | Client :7 | Local Epoch : 4 | [704/824 (92%)]	Loss1: 5.840599 Loss2: 0.000034 
| Global Round : 46 | Client :8 | Local Epoch : 0 | [64/714 (9%)]	Loss1: 5.841564 Loss2: 0.000022 
| Global Round : 46 | Client :8 | Local Epoch : 0 | [704/714 (100%)]	Loss1: 5.841943 Loss2: 0.000028 
| Global Round : 46 | Client :8 | Local Epoch : 1 | [64/714 (9%)]	Loss1: 5.840740 Loss2: 0.000022 
| Global Round : 46 | Client :8 | Local Epoch : 1 | [704/714 (100%)]	Loss1: 5.841321 Loss2: 0.000023 
| Global Round : 46 | Client :8 | Local Epoch : 2 | [64/714 (9%)]	Loss1: 5.840202 Loss2: 0.000023 
| Global Round : 46 | Client :8 | Local Epoch : 2 | [704/714 (100%)]	Loss1: 5.840906 Loss2: 0.000022 
| Global Round : 46 | Client :8 | Local Epoch : 3 | [64/714 (9%)]	Loss1: 5.840990 Loss2: 0.000023 
| Global Round : 46 | Client :8 | Local Epoch : 3 | [704/714 (100%)]	Loss1: 5.841018 Loss2: 0.000021 
| Global Round : 46 | Client :8 | Local Epoch : 4 | [64/714 (9%)]	Loss1: 5.841640 Loss2: 0.000021 
| Global Round : 46 | Client :8 | Local Epoch : 4 | [704/714 (100%)]	Loss1: 5.840571 Loss2: 0.000023 
| Global Round : 46 | Client :9 | Local Epoch : 0 | [64/607 (11%)]	Loss1: 5.841537 Loss2: 0.000016 
| Global Round : 46 | Client :9 | Local Epoch : 1 | [64/607 (11%)]	Loss1: 5.841419 Loss2: 0.000019 
| Global Round : 46 | Client :9 | Local Epoch : 2 | [64/607 (11%)]	Loss1: 5.841138 Loss2: 0.000018 
| Global Round : 46 | Client :9 | Local Epoch : 3 | [64/607 (11%)]	Loss1: 5.840946 Loss2: 0.000019 
| Global Round : 46 | Client :9 | Local Epoch : 4 | [64/607 (11%)]	Loss1: 5.841011 Loss2: 0.000018 
average loss:   5.838419210411942
average local test accuracy: 0.8296875
average global test accuracy:  0.66484375

 | Global Training Round : 47 |

xi_k [0.47584521 0.5325908  0.53254644 0.49479651 0.49080956 0.50781349
 0.51061722 0.49636345 0.52514969 0.50536646]
max_exp: -1.0
coe: 10
Regulation [0.8 0.8 0.8 0.8 0.8 0.8 0.8 0.8 0.8 0.8]
Solver status: optimal_inaccurate
b_new: [1. 1. 1. 1. 1. 1. 1. 1. 1. 1.]
Iter 0: obj=50.3190, best_obj=50.3190, ||b_new-b_prev||₂=2.846050
xi_k [0.47584521 0.5325908  0.53254644 0.49479651 0.49080956 0.50781349
 0.51061722 0.49636345 0.52514969 0.50536646]
max_exp: -1.0
coe: 10
Regulation [-1. -1. -1. -1. -1. -1. -1. -1. -1. -1.]
Solver status: optimal_inaccurate
b_new: [1. 1. 1. 1. 1. 1. 1. 1. 1. 1.]
Iter 1: obj=51.2190, best_obj=51.2190, ||b_new-b_prev||₂=0.000000
Converged.
Final b: [1. 1. 1. 1. 1. 1. 1. 1. 1. 1.]
<class 'numpy.ndarray'>
b_float: [1. 1. 1. 1. 1. 1. 1. 1. 1. 1.]
b: [1 1 1 1 1 1 1 1 1 1]
active_clients:  [0, 1, 2, 3, 4, 5, 6, 7, 8, 9]
Client 0's s_k are:[0 1 1 1 1 1 1 1 1 1]
Client 1's s_k are:[0 0 1 0 0 0 0 0 0 0]
Client 2's s_k are:[1 1 0 1 1 1 1 1 0 1]
Client 3's s_k are:[1 1 0 0 0 0 1 0 1 1]
Client 4's s_k are:[1 1 1 1 0 1 1 0 1 1]
Client 5's s_k are:[1 1 0 1 0 0 1 0 0 0]
Client 6's s_k are:[0 0 0 0 0 0 0 0 1 1]
Client 7's s_k are:[1 0 0 0 1 0 1 0 1 0]
Client 8's s_k are:[0 0 0 0 1 1 0 0 0 0]
Client 9's s_k are:[0 1 0 0 0 0 0 1 0 0]
| Global Round : 47 | Client :0 | Local Epoch : 0 | [64/573 (12%)]	Loss1: 5.840094 Loss2: 0.000023 
| Global Round : 47 | Client :0 | Local Epoch : 1 | [64/573 (12%)]	Loss1: 5.840075 Loss2: 0.000025 
| Global Round : 47 | Client :0 | Local Epoch : 2 | [64/573 (12%)]	Loss1: 5.839465 Loss2: 0.000025 
| Global Round : 47 | Client :0 | Local Epoch : 3 | [64/573 (12%)]	Loss1: 5.839880 Loss2: 0.000024 
| Global Round : 47 | Client :0 | Local Epoch : 4 | [64/573 (12%)]	Loss1: 5.839502 Loss2: 0.000024 
| Global Round : 47 | Client :1 | Local Epoch : 0 | [64/448 (14%)]	Loss1: 5.841428 Loss2: 0.000019 
| Global Round : 47 | Client :1 | Local Epoch : 1 | [64/448 (14%)]	Loss1: 5.840887 Loss2: 0.000021 
| Global Round : 47 | Client :1 | Local Epoch : 2 | [64/448 (14%)]	Loss1: 5.840587 Loss2: 0.000023 
| Global Round : 47 | Client :1 | Local Epoch : 3 | [64/448 (14%)]	Loss1: 5.840679 Loss2: 0.000019 
| Global Round : 47 | Client :1 | Local Epoch : 4 | [64/448 (14%)]	Loss1: 5.841303 Loss2: 0.000018 
| Global Round : 47 | Client :2 | Local Epoch : 0 | [64/448 (14%)]	Loss1: 5.840555 Loss2: 0.000013 
| Global Round : 47 | Client :2 | Local Epoch : 1 | [64/448 (14%)]	Loss1: 5.842003 Loss2: 0.000013 
| Global Round : 47 | Client :2 | Local Epoch : 2 | [64/448 (14%)]	Loss1: 5.840927 Loss2: 0.000013 
| Global Round : 47 | Client :2 | Local Epoch : 3 | [64/448 (14%)]	Loss1: 5.840034 Loss2: 0.000010 
| Global Round : 47 | Client :2 | Local Epoch : 4 | [64/448 (14%)]	Loss1: 5.840473 Loss2: 0.000012 
| Global Round : 47 | Client :3 | Local Epoch : 0 | [64/620 (11%)]	Loss1: 5.840773 Loss2: 0.000019 
| Global Round : 47 | Client :3 | Local Epoch : 1 | [64/620 (11%)]	Loss1: 5.841709 Loss2: 0.000016 
| Global Round : 47 | Client :3 | Local Epoch : 2 | [64/620 (11%)]	Loss1: 5.840412 Loss2: 0.000021 
| Global Round : 47 | Client :3 | Local Epoch : 3 | [64/620 (11%)]	Loss1: 5.840702 Loss2: 0.000015 
| Global Round : 47 | Client :3 | Local Epoch : 4 | [64/620 (11%)]	Loss1: 5.840418 Loss2: 0.000018 
| Global Round : 47 | Client :4 | Local Epoch : 0 | [64/625 (11%)]	Loss1: 5.840140 Loss2: 0.000018 
| Global Round : 47 | Client :4 | Local Epoch : 1 | [64/625 (11%)]	Loss1: 5.839756 Loss2: 0.000020 
| Global Round : 47 | Client :4 | Local Epoch : 2 | [64/625 (11%)]	Loss1: 5.841184 Loss2: 0.000020 
| Global Round : 47 | Client :4 | Local Epoch : 3 | [64/625 (11%)]	Loss1: 5.840169 Loss2: 0.000021 
| Global Round : 47 | Client :4 | Local Epoch : 4 | [64/625 (11%)]	Loss1: 5.840160 Loss2: 0.000020 
| Global Round : 47 | Client :5 | Local Epoch : 0 | [64/604 (11%)]	Loss1: 5.839209 Loss2: 0.000021 
| Global Round : 47 | Client :5 | Local Epoch : 1 | [64/604 (11%)]	Loss1: 5.840514 Loss2: 0.000018 
| Global Round : 47 | Client :5 | Local Epoch : 2 | [64/604 (11%)]	Loss1: 5.839111 Loss2: 0.000021 
| Global Round : 47 | Client :5 | Local Epoch : 3 | [64/604 (11%)]	Loss1: 5.840204 Loss2: 0.000020 
| Global Round : 47 | Client :5 | Local Epoch : 4 | [64/604 (11%)]	Loss1: 5.840512 Loss2: 0.000020 
| Global Round : 47 | Client :6 | Local Epoch : 0 | [64/534 (12%)]	Loss1: 5.841458 Loss2: 0.000026 
| Global Round : 47 | Client :6 | Local Epoch : 1 | [64/534 (12%)]	Loss1: 5.841738 Loss2: 0.000021 
| Global Round : 47 | Client :6 | Local Epoch : 2 | [64/534 (12%)]	Loss1: 5.841390 Loss2: 0.000020 
| Global Round : 47 | Client :6 | Local Epoch : 3 | [64/534 (12%)]	Loss1: 5.841171 Loss2: 0.000021 
| Global Round : 47 | Client :6 | Local Epoch : 4 | [64/534 (12%)]	Loss1: 5.841058 Loss2: 0.000014 
| Global Round : 47 | Client :7 | Local Epoch : 0 | [64/824 (8%)]	Loss1: 5.839333 Loss2: 0.000028 
| Global Round : 47 | Client :7 | Local Epoch : 0 | [704/824 (92%)]	Loss1: 5.840390 Loss2: 0.000020 
| Global Round : 47 | Client :7 | Local Epoch : 1 | [64/824 (8%)]	Loss1: 5.841690 Loss2: 0.000022 
| Global Round : 47 | Client :7 | Local Epoch : 1 | [704/824 (92%)]	Loss1: 5.839784 Loss2: 0.000025 
| Global Round : 47 | Client :7 | Local Epoch : 2 | [64/824 (8%)]	Loss1: 5.839647 Loss2: 0.000023 
| Global Round : 47 | Client :7 | Local Epoch : 2 | [704/824 (92%)]	Loss1: 5.840354 Loss2: 0.000023 
| Global Round : 47 | Client :7 | Local Epoch : 3 | [64/824 (8%)]	Loss1: 5.839779 Loss2: 0.000023 
| Global Round : 47 | Client :7 | Local Epoch : 3 | [704/824 (92%)]	Loss1: 5.840331 Loss2: 0.000020 
| Global Round : 47 | Client :7 | Local Epoch : 4 | [64/824 (8%)]	Loss1: 5.839816 Loss2: 0.000024 
| Global Round : 47 | Client :7 | Local Epoch : 4 | [704/824 (92%)]	Loss1: 5.839814 Loss2: 0.000026 
| Global Round : 47 | Client :8 | Local Epoch : 0 | [64/714 (9%)]	Loss1: 5.842018 Loss2: 0.000027 
| Global Round : 47 | Client :8 | Local Epoch : 0 | [704/714 (100%)]	Loss1: 5.841136 Loss2: 0.000035 
| Global Round : 47 | Client :8 | Local Epoch : 1 | [64/714 (9%)]	Loss1: 5.840579 Loss2: 0.000034 
| Global Round : 47 | Client :8 | Local Epoch : 1 | [704/714 (100%)]	Loss1: 5.841561 Loss2: 0.000031 
| Global Round : 47 | Client :8 | Local Epoch : 2 | [64/714 (9%)]	Loss1: 5.841067 Loss2: 0.000038 
| Global Round : 47 | Client :8 | Local Epoch : 2 | [704/714 (100%)]	Loss1: 5.841413 Loss2: 0.000027 
| Global Round : 47 | Client :8 | Local Epoch : 3 | [64/714 (9%)]	Loss1: 5.840520 Loss2: 0.000029 
| Global Round : 47 | Client :8 | Local Epoch : 3 | [704/714 (100%)]	Loss1: 5.841213 Loss2: 0.000028 
| Global Round : 47 | Client :8 | Local Epoch : 4 | [64/714 (9%)]	Loss1: 5.841317 Loss2: 0.000023 
| Global Round : 47 | Client :8 | Local Epoch : 4 | [704/714 (100%)]	Loss1: 5.841420 Loss2: 0.000025 
| Global Round : 47 | Client :9 | Local Epoch : 0 | [64/607 (11%)]	Loss1: 5.840869 Loss2: 0.000026 
| Global Round : 47 | Client :9 | Local Epoch : 1 | [64/607 (11%)]	Loss1: 5.842842 Loss2: 0.000024 
| Global Round : 47 | Client :9 | Local Epoch : 2 | [64/607 (11%)]	Loss1: 5.840942 Loss2: 0.000025 
| Global Round : 47 | Client :9 | Local Epoch : 3 | [64/607 (11%)]	Loss1: 5.841710 Loss2: 0.000022 
| Global Round : 47 | Client :9 | Local Epoch : 4 | [64/607 (11%)]	Loss1: 5.840772 Loss2: 0.000021 
average loss:   5.838457768501828
average local test accuracy: 0.8307291666666666
average global test accuracy:  0.680078125

 | Global Training Round : 48 |

xi_k [0.47586185 0.5325933  0.53256128 0.49481103 0.49078853 0.50783995
 0.51058874 0.49638695 0.52517007 0.50539785]
max_exp: -1.0
coe: 10
Regulation [0.8 0.8 0.8 0.8 0.8 0.8 0.8 0.8 0.8 0.8]
Solver status: optimal_inaccurate
b_new: [1. 1. 1. 1. 1. 1. 1. 1. 1. 1.]
Iter 0: obj=50.3200, best_obj=50.3200, ||b_new-b_prev||₂=2.846050
xi_k [0.47586185 0.5325933  0.53256128 0.49481103 0.49078853 0.50783995
 0.51058874 0.49638695 0.52517007 0.50539785]
max_exp: -1.0
coe: 10
Regulation [-1. -1. -1. -1. -1. -1. -1. -1. -1. -1.]
Solver status: optimal_inaccurate
b_new: [1. 1. 1. 1. 1. 1. 1. 1. 1. 1.]
Iter 1: obj=51.2200, best_obj=51.2200, ||b_new-b_prev||₂=0.000000
Converged.
Final b: [1. 1. 1. 1. 1. 1. 1. 1. 1. 1.]
<class 'numpy.ndarray'>
b_float: [1. 1. 1. 1. 1. 1. 1. 1. 1. 1.]
b: [1 1 1 1 1 1 1 1 1 1]
active_clients:  [0, 1, 2, 3, 4, 5, 6, 7, 8, 9]
Client 0's s_k are:[0 0 1 0 0 0 1 1 0 0]
Client 1's s_k are:[1 0 1 0 1 0 0 0 0 1]
Client 2's s_k are:[1 1 0 1 1 1 1 1 1 1]
Client 3's s_k are:[0 1 1 0 1 1 1 1 1 1]
Client 4's s_k are:[0 1 0 0 0 0 0 0 0 0]
Client 5's s_k are:[1 1 1 0 1 0 1 1 1 1]
Client 6's s_k are:[1 1 1 1 1 1 0 1 0 1]
Client 7's s_k are:[0 0 0 0 1 0 0 0 0 0]
Client 8's s_k are:[0 0 1 0 1 0 0 0 0 0]
Client 9's s_k are:[0 0 1 0 1 0 0 1 0 0]
| Global Round : 48 | Client :0 | Local Epoch : 0 | [64/573 (12%)]	Loss1: 5.840038 Loss2: 0.000028 
| Global Round : 48 | Client :0 | Local Epoch : 1 | [64/573 (12%)]	Loss1: 5.839632 Loss2: 0.000028 
| Global Round : 48 | Client :0 | Local Epoch : 2 | [64/573 (12%)]	Loss1: 5.840169 Loss2: 0.000030 
| Global Round : 48 | Client :0 | Local Epoch : 3 | [64/573 (12%)]	Loss1: 5.839504 Loss2: 0.000025 
| Global Round : 48 | Client :0 | Local Epoch : 4 | [64/573 (12%)]	Loss1: 5.839301 Loss2: 0.000023 
| Global Round : 48 | Client :1 | Local Epoch : 0 | [64/448 (14%)]	Loss1: 5.840566 Loss2: 0.000014 
| Global Round : 48 | Client :1 | Local Epoch : 1 | [64/448 (14%)]	Loss1: 5.841634 Loss2: 0.000016 
| Global Round : 48 | Client :1 | Local Epoch : 2 | [64/448 (14%)]	Loss1: 5.840625 Loss2: 0.000016 
| Global Round : 48 | Client :1 | Local Epoch : 3 | [64/448 (14%)]	Loss1: 5.841522 Loss2: 0.000013 
| Global Round : 48 | Client :1 | Local Epoch : 4 | [64/448 (14%)]	Loss1: 5.840671 Loss2: 0.000016 
| Global Round : 48 | Client :2 | Local Epoch : 0 | [64/448 (14%)]	Loss1: 5.839588 Loss2: 0.000013 
| Global Round : 48 | Client :2 | Local Epoch : 1 | [64/448 (14%)]	Loss1: 5.841111 Loss2: 0.000014 
| Global Round : 48 | Client :2 | Local Epoch : 2 | [64/448 (14%)]	Loss1: 5.840245 Loss2: 0.000015 
| Global Round : 48 | Client :2 | Local Epoch : 3 | [64/448 (14%)]	Loss1: 5.841305 Loss2: 0.000012 
| Global Round : 48 | Client :2 | Local Epoch : 4 | [64/448 (14%)]	Loss1: 5.840920 Loss2: 0.000013 
| Global Round : 48 | Client :3 | Local Epoch : 0 | [64/620 (11%)]	Loss1: 5.840775 Loss2: 0.000015 
| Global Round : 48 | Client :3 | Local Epoch : 1 | [64/620 (11%)]	Loss1: 5.840976 Loss2: 0.000015 
| Global Round : 48 | Client :3 | Local Epoch : 2 | [64/620 (11%)]	Loss1: 5.841890 Loss2: 0.000016 
| Global Round : 48 | Client :3 | Local Epoch : 3 | [64/620 (11%)]	Loss1: 5.839979 Loss2: 0.000018 
| Global Round : 48 | Client :3 | Local Epoch : 4 | [64/620 (11%)]	Loss1: 5.841239 Loss2: 0.000013 
| Global Round : 48 | Client :4 | Local Epoch : 0 | [64/625 (11%)]	Loss1: 5.840415 Loss2: 0.000025 
| Global Round : 48 | Client :4 | Local Epoch : 1 | [64/625 (11%)]	Loss1: 5.839970 Loss2: 0.000026 
| Global Round : 48 | Client :4 | Local Epoch : 2 | [64/625 (11%)]	Loss1: 5.839263 Loss2: 0.000021 
| Global Round : 48 | Client :4 | Local Epoch : 3 | [64/625 (11%)]	Loss1: 5.838982 Loss2: 0.000020 
| Global Round : 48 | Client :4 | Local Epoch : 4 | [64/625 (11%)]	Loss1: 5.840102 Loss2: 0.000024 
| Global Round : 48 | Client :5 | Local Epoch : 0 | [64/604 (11%)]	Loss1: 5.839286 Loss2: 0.000017 
| Global Round : 48 | Client :5 | Local Epoch : 1 | [64/604 (11%)]	Loss1: 5.839601 Loss2: 0.000016 
| Global Round : 48 | Client :5 | Local Epoch : 2 | [64/604 (11%)]	Loss1: 5.841028 Loss2: 0.000023 
| Global Round : 48 | Client :5 | Local Epoch : 3 | [64/604 (11%)]	Loss1: 5.839557 Loss2: 0.000019 
| Global Round : 48 | Client :5 | Local Epoch : 4 | [64/604 (11%)]	Loss1: 5.839378 Loss2: 0.000022 
| Global Round : 48 | Client :6 | Local Epoch : 0 | [64/534 (12%)]	Loss1: 5.840649 Loss2: 0.000016 
| Global Round : 48 | Client :6 | Local Epoch : 1 | [64/534 (12%)]	Loss1: 5.841347 Loss2: 0.000011 
| Global Round : 48 | Client :6 | Local Epoch : 2 | [64/534 (12%)]	Loss1: 5.841558 Loss2: 0.000013 
| Global Round : 48 | Client :6 | Local Epoch : 3 | [64/534 (12%)]	Loss1: 5.839822 Loss2: 0.000017 
| Global Round : 48 | Client :6 | Local Epoch : 4 | [64/534 (12%)]	Loss1: 5.841021 Loss2: 0.000016 
| Global Round : 48 | Client :7 | Local Epoch : 0 | [64/824 (8%)]	Loss1: 5.840353 Loss2: 0.000033 
| Global Round : 48 | Client :7 | Local Epoch : 0 | [704/824 (92%)]	Loss1: 5.840516 Loss2: 0.000041 
| Global Round : 48 | Client :7 | Local Epoch : 1 | [64/824 (8%)]	Loss1: 5.839773 Loss2: 0.000034 
| Global Round : 48 | Client :7 | Local Epoch : 1 | [704/824 (92%)]	Loss1: 5.839899 Loss2: 0.000042 
| Global Round : 48 | Client :7 | Local Epoch : 2 | [64/824 (8%)]	Loss1: 5.840767 Loss2: 0.000029 
| Global Round : 48 | Client :7 | Local Epoch : 2 | [704/824 (92%)]	Loss1: 5.840287 Loss2: 0.000042 
| Global Round : 48 | Client :7 | Local Epoch : 3 | [64/824 (8%)]	Loss1: 5.839838 Loss2: 0.000028 
| Global Round : 48 | Client :7 | Local Epoch : 3 | [704/824 (92%)]	Loss1: 5.840181 Loss2: 0.000039 
| Global Round : 48 | Client :7 | Local Epoch : 4 | [64/824 (8%)]	Loss1: 5.839318 Loss2: 0.000032 
| Global Round : 48 | Client :7 | Local Epoch : 4 | [704/824 (92%)]	Loss1: 5.841247 Loss2: 0.000047 
| Global Round : 48 | Client :8 | Local Epoch : 0 | [64/714 (9%)]	Loss1: 5.842485 Loss2: 0.000024 
| Global Round : 48 | Client :8 | Local Epoch : 0 | [704/714 (100%)]	Loss1: 5.841979 Loss2: 0.000034 
| Global Round : 48 | Client :8 | Local Epoch : 1 | [64/714 (9%)]	Loss1: 5.841104 Loss2: 0.000026 
| Global Round : 48 | Client :8 | Local Epoch : 1 | [704/714 (100%)]	Loss1: 5.841401 Loss2: 0.000028 
| Global Round : 48 | Client :8 | Local Epoch : 2 | [64/714 (9%)]	Loss1: 5.840706 Loss2: 0.000025 
| Global Round : 48 | Client :8 | Local Epoch : 2 | [704/714 (100%)]	Loss1: 5.842365 Loss2: 0.000028 
| Global Round : 48 | Client :8 | Local Epoch : 3 | [64/714 (9%)]	Loss1: 5.841624 Loss2: 0.000025 
| Global Round : 48 | Client :8 | Local Epoch : 3 | [704/714 (100%)]	Loss1: 5.840510 Loss2: 0.000031 
| Global Round : 48 | Client :8 | Local Epoch : 4 | [64/714 (9%)]	Loss1: 5.842070 Loss2: 0.000027 
| Global Round : 48 | Client :8 | Local Epoch : 4 | [704/714 (100%)]	Loss1: 5.840051 Loss2: 0.000028 
| Global Round : 48 | Client :9 | Local Epoch : 0 | [64/607 (11%)]	Loss1: 5.841797 Loss2: 0.000024 
| Global Round : 48 | Client :9 | Local Epoch : 1 | [64/607 (11%)]	Loss1: 5.840591 Loss2: 0.000021 
| Global Round : 48 | Client :9 | Local Epoch : 2 | [64/607 (11%)]	Loss1: 5.841606 Loss2: 0.000019 
| Global Round : 48 | Client :9 | Local Epoch : 3 | [64/607 (11%)]	Loss1: 5.840600 Loss2: 0.000019 
| Global Round : 48 | Client :9 | Local Epoch : 4 | [64/607 (11%)]	Loss1: 5.841425 Loss2: 0.000018 
average loss:   5.838416680740932
average local test accuracy: 0.83515625
average global test accuracy:  0.59453125

 | Global Training Round : 49 |

xi_k [0.47587049 0.53255908 0.53256863 0.49479912 0.49079442 0.50781388
 0.51059307 0.49637765 0.52513414 0.50539761]
max_exp: -1.0
coe: 10
Regulation [0.8 0.8 0.8 0.8 0.8 0.8 0.8 0.8 0.8 0.8]
Solver status: optimal_inaccurate
b_new: [1. 1. 1. 1. 1. 1. 1. 1. 1. 1.]
Iter 0: obj=50.3191, best_obj=50.3191, ||b_new-b_prev||₂=2.846050
xi_k [0.47587049 0.53255908 0.53256863 0.49479912 0.49079442 0.50781388
 0.51059307 0.49637765 0.52513414 0.50539761]
max_exp: -1.0
coe: 10
Regulation [-1. -1. -1. -1. -1. -1. -1. -1. -1. -1.]
Solver status: optimal_inaccurate
b_new: [1. 1. 1. 1. 1. 1. 1. 1. 1. 1.]
Iter 1: obj=51.2191, best_obj=51.2191, ||b_new-b_prev||₂=0.000000
Converged.
Final b: [1. 1. 1. 1. 1. 1. 1. 1. 1. 1.]
<class 'numpy.ndarray'>
b_float: [1. 1. 1. 1. 1. 1. 1. 1. 1. 1.]
b: [1 1 1 1 1 1 1 1 1 1]
active_clients:  [0, 1, 2, 3, 4, 5, 6, 7, 8, 9]
Client 0's s_k are:[0 1 1 1 0 1 1 1 0 1]
Client 1's s_k are:[1 0 1 1 1 1 1 1 1 1]
Client 2's s_k are:[0 1 0 0 0 1 1 1 1 1]
Client 3's s_k are:[1 1 0 0 1 1 1 1 1 1]
Client 4's s_k are:[0 1 0 0 0 0 0 0 0 0]
Client 5's s_k are:[1 0 0 0 0 0 1 1 0 1]
Client 6's s_k are:[0 1 0 1 0 0 0 0 0 0]
Client 7's s_k are:[0 0 0 0 0 0 0 0 0 1]
Client 8's s_k are:[0 0 1 1 1 1 1 0 0 1]
Client 9's s_k are:[0 0 1 1 1 0 0 1 0 0]
| Global Round : 49 | Client :0 | Local Epoch : 0 | [64/573 (12%)]	Loss1: 5.839478 Loss2: 0.000022 
| Global Round : 49 | Client :0 | Local Epoch : 1 | [64/573 (12%)]	Loss1: 5.839890 Loss2: 0.000022 
| Global Round : 49 | Client :0 | Local Epoch : 2 | [64/573 (12%)]	Loss1: 5.841051 Loss2: 0.000021 
| Global Round : 49 | Client :0 | Local Epoch : 3 | [64/573 (12%)]	Loss1: 5.840679 Loss2: 0.000018 
| Global Round : 49 | Client :0 | Local Epoch : 4 | [64/573 (12%)]	Loss1: 5.841278 Loss2: 0.000022 
| Global Round : 49 | Client :1 | Local Epoch : 0 | [64/448 (14%)]	Loss1: 5.839775 Loss2: 0.000013 
| Global Round : 49 | Client :1 | Local Epoch : 1 | [64/448 (14%)]	Loss1: 5.842097 Loss2: 0.000014 
| Global Round : 49 | Client :1 | Local Epoch : 2 | [64/448 (14%)]	Loss1: 5.841150 Loss2: 0.000022 
| Global Round : 49 | Client :1 | Local Epoch : 3 | [64/448 (14%)]	Loss1: 5.840186 Loss2: 0.000012 
| Global Round : 49 | Client :1 | Local Epoch : 4 | [64/448 (14%)]	Loss1: 5.840955 Loss2: 0.000015 
| Global Round : 49 | Client :2 | Local Epoch : 0 | [64/448 (14%)]	Loss1: 5.839532 Loss2: 0.000010 
| Global Round : 49 | Client :2 | Local Epoch : 1 | [64/448 (14%)]	Loss1: 5.840630 Loss2: 0.000016 
| Global Round : 49 | Client :2 | Local Epoch : 2 | [64/448 (14%)]	Loss1: 5.840188 Loss2: 0.000012 
| Global Round : 49 | Client :2 | Local Epoch : 3 | [64/448 (14%)]	Loss1: 5.839789 Loss2: 0.000015 
| Global Round : 49 | Client :2 | Local Epoch : 4 | [64/448 (14%)]	Loss1: 5.841138 Loss2: 0.000013 
| Global Round : 49 | Client :3 | Local Epoch : 0 | [64/620 (11%)]	Loss1: 5.840101 Loss2: 0.000017 
| Global Round : 49 | Client :3 | Local Epoch : 1 | [64/620 (11%)]	Loss1: 5.840140 Loss2: 0.000015 
| Global Round : 49 | Client :3 | Local Epoch : 2 | [64/620 (11%)]	Loss1: 5.840597 Loss2: 0.000014 
| Global Round : 49 | Client :3 | Local Epoch : 3 | [64/620 (11%)]	Loss1: 5.839942 Loss2: 0.000017 
| Global Round : 49 | Client :3 | Local Epoch : 4 | [64/620 (11%)]	Loss1: 5.840703 Loss2: 0.000017 
| Global Round : 49 | Client :4 | Local Epoch : 0 | [64/625 (11%)]	Loss1: 5.840642 Loss2: 0.000024 
| Global Round : 49 | Client :4 | Local Epoch : 1 | [64/625 (11%)]	Loss1: 5.839556 Loss2: 0.000025 
| Global Round : 49 | Client :4 | Local Epoch : 2 | [64/625 (11%)]	Loss1: 5.841623 Loss2: 0.000022 
| Global Round : 49 | Client :4 | Local Epoch : 3 | [64/625 (11%)]	Loss1: 5.840772 Loss2: 0.000026 
| Global Round : 49 | Client :4 | Local Epoch : 4 | [64/625 (11%)]	Loss1: 5.839766 Loss2: 0.000023 
| Global Round : 49 | Client :5 | Local Epoch : 0 | [64/604 (11%)]	Loss1: 5.839313 Loss2: 0.000020 
| Global Round : 49 | Client :5 | Local Epoch : 1 | [64/604 (11%)]	Loss1: 5.839723 Loss2: 0.000023 
| Global Round : 49 | Client :5 | Local Epoch : 2 | [64/604 (11%)]	Loss1: 5.840065 Loss2: 0.000018 
| Global Round : 49 | Client :5 | Local Epoch : 3 | [64/604 (11%)]	Loss1: 5.839811 Loss2: 0.000021 
| Global Round : 49 | Client :5 | Local Epoch : 4 | [64/604 (11%)]	Loss1: 5.840084 Loss2: 0.000021 
| Global Round : 49 | Client :6 | Local Epoch : 0 | [64/534 (12%)]	Loss1: 5.841220 Loss2: 0.000015 
| Global Round : 49 | Client :6 | Local Epoch : 1 | [64/534 (12%)]	Loss1: 5.840576 Loss2: 0.000014 
| Global Round : 49 | Client :6 | Local Epoch : 2 | [64/534 (12%)]	Loss1: 5.839640 Loss2: 0.000014 
| Global Round : 49 | Client :6 | Local Epoch : 3 | [64/534 (12%)]	Loss1: 5.840211 Loss2: 0.000018 
| Global Round : 49 | Client :6 | Local Epoch : 4 | [64/534 (12%)]	Loss1: 5.840660 Loss2: 0.000015 
| Global Round : 49 | Client :7 | Local Epoch : 0 | [64/824 (8%)]	Loss1: 5.839414 Loss2: 0.000039 
| Global Round : 49 | Client :7 | Local Epoch : 0 | [704/824 (92%)]	Loss1: 5.839919 Loss2: 0.000047 
| Global Round : 49 | Client :7 | Local Epoch : 1 | [64/824 (8%)]	Loss1: 5.840155 Loss2: 0.000040 
| Global Round : 49 | Client :7 | Local Epoch : 1 | [704/824 (92%)]	Loss1: 5.839908 Loss2: 0.000039 
| Global Round : 49 | Client :7 | Local Epoch : 2 | [64/824 (8%)]	Loss1: 5.841522 Loss2: 0.000032 
| Global Round : 49 | Client :7 | Local Epoch : 2 | [704/824 (92%)]	Loss1: 5.839821 Loss2: 0.000038 
| Global Round : 49 | Client :7 | Local Epoch : 3 | [64/824 (8%)]	Loss1: 5.839883 Loss2: 0.000041 
| Global Round : 49 | Client :7 | Local Epoch : 3 | [704/824 (92%)]	Loss1: 5.839739 Loss2: 0.000040 
| Global Round : 49 | Client :7 | Local Epoch : 4 | [64/824 (8%)]	Loss1: 5.840486 Loss2: 0.000031 
| Global Round : 49 | Client :7 | Local Epoch : 4 | [704/824 (92%)]	Loss1: 5.840495 Loss2: 0.000037 
| Global Round : 49 | Client :8 | Local Epoch : 0 | [64/714 (9%)]	Loss1: 5.841263 Loss2: 0.000027 
| Global Round : 49 | Client :8 | Local Epoch : 0 | [704/714 (100%)]	Loss1: 5.840774 Loss2: 0.000025 
| Global Round : 49 | Client :8 | Local Epoch : 1 | [64/714 (9%)]	Loss1: 5.840648 Loss2: 0.000024 
| Global Round : 49 | Client :8 | Local Epoch : 1 | [704/714 (100%)]	Loss1: 5.840590 Loss2: 0.000028 
| Global Round : 49 | Client :8 | Local Epoch : 2 | [64/714 (9%)]	Loss1: 5.841641 Loss2: 0.000021 
| Global Round : 49 | Client :8 | Local Epoch : 2 | [704/714 (100%)]	Loss1: 5.840961 Loss2: 0.000027 
| Global Round : 49 | Client :8 | Local Epoch : 3 | [64/714 (9%)]	Loss1: 5.841113 Loss2: 0.000027 
| Global Round : 49 | Client :8 | Local Epoch : 3 | [704/714 (100%)]	Loss1: 5.840171 Loss2: 0.000023 
| Global Round : 49 | Client :8 | Local Epoch : 4 | [64/714 (9%)]	Loss1: 5.840678 Loss2: 0.000021 
| Global Round : 49 | Client :8 | Local Epoch : 4 | [704/714 (100%)]	Loss1: 5.840431 Loss2: 0.000025 
| Global Round : 49 | Client :9 | Local Epoch : 0 | [64/607 (11%)]	Loss1: 5.840767 Loss2: 0.000019 
| Global Round : 49 | Client :9 | Local Epoch : 1 | [64/607 (11%)]	Loss1: 5.841187 Loss2: 0.000019 
| Global Round : 49 | Client :9 | Local Epoch : 2 | [64/607 (11%)]	Loss1: 5.841011 Loss2: 0.000018 
| Global Round : 49 | Client :9 | Local Epoch : 3 | [64/607 (11%)]	Loss1: 5.841046 Loss2: 0.000016 
| Global Round : 49 | Client :9 | Local Epoch : 4 | [64/607 (11%)]	Loss1: 5.841363 Loss2: 0.000020 
average loss:   5.838443544992981
average local test accuracy: 0.8407552083333332
average global test accuracy:  0.608203125

 | Global Training Round : 50 |

xi_k [0.4758663  0.53257293 0.53256217 0.49479944 0.4907944  0.50779717
 0.5105946  0.4963737  0.52515059 0.50537718]
max_exp: -1.0
coe: 10
Regulation [0.8 0.8 0.8 0.8 0.8 0.8 0.8 0.8 0.8 0.8]
Solver status: optimal_inaccurate
b_new: [1. 1. 1. 1. 1. 1. 1. 1. 1. 1.]
Iter 0: obj=50.3189, best_obj=50.3189, ||b_new-b_prev||₂=2.846050
xi_k [0.4758663  0.53257293 0.53256217 0.49479944 0.4907944  0.50779717
 0.5105946  0.4963737  0.52515059 0.50537718]
max_exp: -1.0
coe: 10
Regulation [-1. -1. -1. -1. -1. -1. -1. -1. -1. -1.]
Solver status: optimal_inaccurate
b_new: [1. 1. 1. 1. 1. 1. 1. 1. 1. 1.]
Iter 1: obj=51.2189, best_obj=51.2189, ||b_new-b_prev||₂=0.000000
Converged.
Final b: [1. 1. 1. 1. 1. 1. 1. 1. 1. 1.]
<class 'numpy.ndarray'>
b_float: [1. 1. 1. 1. 1. 1. 1. 1. 1. 1.]
b: [1 1 1 1 1 1 1 1 1 1]
active_clients:  [0, 1, 2, 3, 4, 5, 6, 7, 8, 9]
Client 0's s_k are:[0 0 0 1 0 0 1 0 0 0]
Client 1's s_k are:[0 0 0 0 0 0 0 0 0 1]
Client 2's s_k are:[1 1 0 1 1 1 1 1 1 1]
Client 3's s_k are:[1 0 0 0 1 0 0 1 1 1]
Client 4's s_k are:[1 1 1 1 0 1 1 0 0 0]
Client 5's s_k are:[0 0 0 0 1 0 0 0 1 0]
Client 6's s_k are:[1 1 1 1 1 1 0 1 1 1]
Client 7's s_k are:[1 1 0 0 1 1 1 0 1 1]
Client 8's s_k are:[0 0 1 0 1 1 1 0 0 1]
Client 9's s_k are:[1 1 1 1 1 1 0 1 1 0]
| Global Round : 50 | Client :0 | Local Epoch : 0 | [64/573 (12%)]	Loss1: 5.840425 Loss2: 0.000031 
| Global Round : 50 | Client :0 | Local Epoch : 1 | [64/573 (12%)]	Loss1: 5.840516 Loss2: 0.000028 
| Global Round : 50 | Client :0 | Local Epoch : 2 | [64/573 (12%)]	Loss1: 5.840075 Loss2: 0.000027 
| Global Round : 50 | Client :0 | Local Epoch : 3 | [64/573 (12%)]	Loss1: 5.839992 Loss2: 0.000023 
| Global Round : 50 | Client :0 | Local Epoch : 4 | [64/573 (12%)]	Loss1: 5.839755 Loss2: 0.000027 
| Global Round : 50 | Client :1 | Local Epoch : 0 | [64/448 (14%)]	Loss1: 5.839666 Loss2: 0.000023 
| Global Round : 50 | Client :1 | Local Epoch : 1 | [64/448 (14%)]	Loss1: 5.841193 Loss2: 0.000026 
| Global Round : 50 | Client :1 | Local Epoch : 2 | [64/448 (14%)]	Loss1: 5.841231 Loss2: 0.000023 
| Global Round : 50 | Client :1 | Local Epoch : 3 | [64/448 (14%)]	Loss1: 5.840651 Loss2: 0.000025 
| Global Round : 50 | Client :1 | Local Epoch : 4 | [64/448 (14%)]	Loss1: 5.841076 Loss2: 0.000020 
| Global Round : 50 | Client :2 | Local Epoch : 0 | [64/448 (14%)]	Loss1: 5.839943 Loss2: 0.000011 
| Global Round : 50 | Client :2 | Local Epoch : 1 | [64/448 (14%)]	Loss1: 5.840878 Loss2: 0.000014 
| Global Round : 50 | Client :2 | Local Epoch : 2 | [64/448 (14%)]	Loss1: 5.840321 Loss2: 0.000014 
| Global Round : 50 | Client :2 | Local Epoch : 3 | [64/448 (14%)]	Loss1: 5.841530 Loss2: 0.000015 
| Global Round : 50 | Client :2 | Local Epoch : 4 | [64/448 (14%)]	Loss1: 5.840078 Loss2: 0.000010 
| Global Round : 50 | Client :3 | Local Epoch : 0 | [64/620 (11%)]	Loss1: 5.840468 Loss2: 0.000020 
| Global Round : 50 | Client :3 | Local Epoch : 1 | [64/620 (11%)]	Loss1: 5.840864 Loss2: 0.000019 
| Global Round : 50 | Client :3 | Local Epoch : 2 | [64/620 (11%)]	Loss1: 5.840414 Loss2: 0.000018 
| Global Round : 50 | Client :3 | Local Epoch : 3 | [64/620 (11%)]	Loss1: 5.840036 Loss2: 0.000018 
| Global Round : 50 | Client :3 | Local Epoch : 4 | [64/620 (11%)]	Loss1: 5.840930 Loss2: 0.000018 
| Global Round : 50 | Client :4 | Local Epoch : 0 | [64/625 (11%)]	Loss1: 5.840969 Loss2: 0.000018 
| Global Round : 50 | Client :4 | Local Epoch : 1 | [64/625 (11%)]	Loss1: 5.841198 Loss2: 0.000020 
| Global Round : 50 | Client :4 | Local Epoch : 2 | [64/625 (11%)]	Loss1: 5.839605 Loss2: 0.000020 
| Global Round : 50 | Client :4 | Local Epoch : 3 | [64/625 (11%)]	Loss1: 5.840825 Loss2: 0.000021 
| Global Round : 50 | Client :4 | Local Epoch : 4 | [64/625 (11%)]	Loss1: 5.840191 Loss2: 0.000015 
| Global Round : 50 | Client :5 | Local Epoch : 0 | [64/604 (11%)]	Loss1: 5.839428 Loss2: 0.000021 
| Global Round : 50 | Client :5 | Local Epoch : 1 | [64/604 (11%)]	Loss1: 5.839073 Loss2: 0.000024 
| Global Round : 50 | Client :5 | Local Epoch : 2 | [64/604 (11%)]	Loss1: 5.839380 Loss2: 0.000023 
| Global Round : 50 | Client :5 | Local Epoch : 3 | [64/604 (11%)]	Loss1: 5.839363 Loss2: 0.000025 
| Global Round : 50 | Client :5 | Local Epoch : 4 | [64/604 (11%)]	Loss1: 5.839366 Loss2: 0.000020 
| Global Round : 50 | Client :6 | Local Epoch : 0 | [64/534 (12%)]	Loss1: 5.840926 Loss2: 0.000011 
| Global Round : 50 | Client :6 | Local Epoch : 1 | [64/534 (12%)]	Loss1: 5.841381 Loss2: 0.000014 
| Global Round : 50 | Client :6 | Local Epoch : 2 | [64/534 (12%)]	Loss1: 5.840740 Loss2: 0.000018 
| Global Round : 50 | Client :6 | Local Epoch : 3 | [64/534 (12%)]	Loss1: 5.841334 Loss2: 0.000014 
| Global Round : 50 | Client :6 | Local Epoch : 4 | [64/534 (12%)]	Loss1: 5.841038 Loss2: 0.000015 
| Global Round : 50 | Client :7 | Local Epoch : 0 | [64/824 (8%)]	Loss1: 5.840065 Loss2: 0.000029 
| Global Round : 50 | Client :7 | Local Epoch : 0 | [704/824 (92%)]	Loss1: 5.840064 Loss2: 0.000027 
| Global Round : 50 | Client :7 | Local Epoch : 1 | [64/824 (8%)]	Loss1: 5.841053 Loss2: 0.000025 
| Global Round : 50 | Client :7 | Local Epoch : 1 | [704/824 (92%)]	Loss1: 5.840692 Loss2: 0.000022 
| Global Round : 50 | Client :7 | Local Epoch : 2 | [64/824 (8%)]	Loss1: 5.839691 Loss2: 0.000027 
| Global Round : 50 | Client :7 | Local Epoch : 2 | [704/824 (92%)]	Loss1: 5.839754 Loss2: 0.000024 
| Global Round : 50 | Client :7 | Local Epoch : 3 | [64/824 (8%)]	Loss1: 5.840141 Loss2: 0.000022 
| Global Round : 50 | Client :7 | Local Epoch : 3 | [704/824 (92%)]	Loss1: 5.839841 Loss2: 0.000027 
| Global Round : 50 | Client :7 | Local Epoch : 4 | [64/824 (8%)]	Loss1: 5.839143 Loss2: 0.000024 
| Global Round : 50 | Client :7 | Local Epoch : 4 | [704/824 (92%)]	Loss1: 5.839633 Loss2: 0.000025 
| Global Round : 50 | Client :8 | Local Epoch : 0 | [64/714 (9%)]	Loss1: 5.840953 Loss2: 0.000024 
| Global Round : 50 | Client :8 | Local Epoch : 0 | [704/714 (100%)]	Loss1: 5.841238 Loss2: 0.000023 
| Global Round : 50 | Client :8 | Local Epoch : 1 | [64/714 (9%)]	Loss1: 5.842466 Loss2: 0.000022 
| Global Round : 50 | Client :8 | Local Epoch : 1 | [704/714 (100%)]	Loss1: 5.840947 Loss2: 0.000027 
| Global Round : 50 | Client :8 | Local Epoch : 2 | [64/714 (9%)]	Loss1: 5.841860 Loss2: 0.000024 
| Global Round : 50 | Client :8 | Local Epoch : 2 | [704/714 (100%)]	Loss1: 5.840558 Loss2: 0.000023 
| Global Round : 50 | Client :8 | Local Epoch : 3 | [64/714 (9%)]	Loss1: 5.839827 Loss2: 0.000027 
| Global Round : 50 | Client :8 | Local Epoch : 3 | [704/714 (100%)]	Loss1: 5.840668 Loss2: 0.000026 
| Global Round : 50 | Client :8 | Local Epoch : 4 | [64/714 (9%)]	Loss1: 5.841556 Loss2: 0.000021 
| Global Round : 50 | Client :8 | Local Epoch : 4 | [704/714 (100%)]	Loss1: 5.840765 Loss2: 0.000026 
| Global Round : 50 | Client :9 | Local Epoch : 0 | [64/607 (11%)]	Loss1: 5.841881 Loss2: 0.000017 
| Global Round : 50 | Client :9 | Local Epoch : 1 | [64/607 (11%)]	Loss1: 5.840650 Loss2: 0.000012 
| Global Round : 50 | Client :9 | Local Epoch : 2 | [64/607 (11%)]	Loss1: 5.840917 Loss2: 0.000015 
| Global Round : 50 | Client :9 | Local Epoch : 3 | [64/607 (11%)]	Loss1: 5.841664 Loss2: 0.000014 
| Global Round : 50 | Client :9 | Local Epoch : 4 | [64/607 (11%)]	Loss1: 5.840914 Loss2: 0.000018 
/home/gyh/anaconda3/envs/pt_38py_env/lib/python3.8/site-packages/torch/distributed/distributed_c10d.py:151: UserWarning: torch.distributed.reduce_op is deprecated, please use torch.distributed.ReduceOp instead
  warnings.warn("torch.distributed.reduce_op is deprecated, please use "
average loss:   5.83842622657531
average local test accuracy: 0.82890625
average global test accuracy:  0.680859375
Figures plotted successfully.
Training is completed.
running time: 9079.850598812103 s 

Storage on cpu
-------------------------------------------------------------------------------
Total Tensors: 55285948 	Used Memory: 54.15M
-------------------------------------------------------------------------------

Storage on cuda:0
-------------------------------------------------------------------------------
Total Tensors: 345885 	Used Memory: 1.31M
The allocated memory on cuda:0: 5.54M
Memory differs due to the matrix alignment or invisible gradient buffer tensors
-------------------------------------------------------------------------------
Model is saved on: 
./checkpoint/FMNIST/4d974817d7fab1e8eae57b75be55c381cd6978f64a85a2da4a28a72d37dc394a.pth
